usemtl material_0
v -0.024301 0.038304 -0.069403
v -0.024549 0.038489 -0.069048
v -0.023143 0.040748 -0.069156
v -0.022233 0.041728 -0.069365
v -0.022185 0.040079 -0.069317
v -0.023886 0.036958 -0.069324
v -0.023363 0.037183 -0.069424
v -0.022081 0.039452 -0.069441
v -0.022163 0.037842 -0.07068
v -0.021252 0.037718 -0.071214
v -0.019281 0.040842 -0.071024
v -0.018782 0.039225 -0.071492
v -0.020934 0.03999 -0.070514
v -0.016482 0.031177 -0.071423
v -0.014393 0.035597 -0.071391
v -0.018238 0.045785 -0.068976
v -0.018866 0.044917 -0.069337
v -0.020269 0.044122 -0.068923
v -0.017865 0.0462 -0.06815
v -0.019944 0.044605 -0.067796
v -0.016804 0.046292 -0.069331
v -0.016284 0.046998 -0.069003
v -0.013735 0.048028 -0.06931
v -0.015633 0.047505 -0.06805
v -0.013138 0.048566 -0.068704
v -0.022739 0.041568 -0.068351
v -0.021271 0.043197 -0.068574
v -0.021108 0.042684 -0.069251
v -0.02082 0.041239 -0.069333
v -0.020434 0.043017 -0.069277
v -0.02257 0.041854 -0.063709
v -0.023323 0.040823 -0.068152
v -0.024989 0.037852 -0.06821
v -0.019797 0.041636 -0.070206
v -0.020016 0.042077 -0.069565
v -0.018567 0.042788 -0.070507
v -0.017085 0.042204 -0.071256
v -0.017591 0.043195 -0.070574
v -0.018099 0.044265 -0.069485
v -0.019918 0.043956 -0.069298
v -0.019544 0.043029 -0.069387
v -0.019123 0.043028 -0.069559
v -0.017678 0.044065 -0.069695
v -0.018799 0.045423 -0.04946
v -0.013418 0.048386 -0.050126
v -0.015864 0.047281 -0.048438
v -0.021115 0.043353 -0.049709
v -0.007889 0.049669 -0.061939
v -0.007679 0.049739 -0.068459
v -0.01133 0.049117 -0.068671
v -0.01133 0.049117 -0.068671
v -0.003353 0.049762 -0.067914
v -0.003182 0.049703 -0.068821
v -0.001822 0.049675 -0.063523
v 0.001067 0.049659 -0.064166
v -0.01412 0.044299 -0.071256
v -0.015126 0.045856 -0.069411
v -0.015351 0.044599 -0.070771
v -0.016521 0.045071 -0.069413
v -0.01369 0.045834 -0.070461
v -0.010729 0.044056 -0.071454
v -0.010153 0.045394 -0.071335
v -0.012002 0.040049 -0.071404
v -0.012845 0.046762 -0.069602
v -0.014119 0.046555 -0.069403
v -0.011013 0.046525 -0.070708
v -0.010751 0.037252 -0.071296
v -0.012765 0.035457 -0.07119
v -0.007697 0.043571 -0.071444
v -0.00442 0.045445 -0.071442
v -0.005928 0.038947 -0.071386
v 0.002063 0.044481 -0.071462
v -0.007777 0.037636 -0.071183
v -0.012064 0.032794 -0.070428
v -0.009727 0.034632 -0.070318
v -0.007167 0.035709 -0.070442
v -0.002256 0.037814 -0.071244
v -0.027843 -0.007677 -0.069261
v -0.027483 -0.012671 -0.069601
v -0.027605 -0.016423 -0.069397
v -0.026444 -0.011676 -0.069573
v -0.027183 -0.018855 -0.069635
v -0.023234 0.036217 -0.070361
v -0.024318 0.034686 -0.069424
v -0.025472 0.036313 -0.069208
v -0.025459 0.034823 -0.069385
v -0.025845 0.035732 -0.068114
v -0.026 0.034116 -0.069308
v -0.02623 0.031825 -0.069443
v -0.026598 0.031458 -0.069231
v -0.026014 0.034723 -0.06899
v -0.026437 0.033588 -0.068335
v -0.025393 0.029951 -0.069381
v -0.024076 0.033708 -0.070299
v -0.024866 0.032108 -0.0695
v -0.024478 0.030052 -0.070486
v -0.023129 0.035218 -0.070813
v -0.022682 0.032459 -0.071368
v -0.023625 0.032681 -0.070944
v -0.022598 0.023831 -0.071475
v -0.026844 0.024077 -0.069399
v -0.027023 0.026291 -0.069187
v -0.024096 0.021141 -0.071105
v -0.025851 0.022717 -0.069392
v -0.025392 0.025794 -0.069526
v -0.024845 0.021587 -0.070588
v -0.026895 0.030821 -0.067556
v -0.027483 0.022268 -0.067514
v -0.027304 0.021798 -0.069128
v -0.02568 0.019949 -0.069612
v -0.026152 0.01898 -0.069468
v -0.027462 0.017832 -0.069254
v -0.027644 0.017477 -0.068368
v -0.027965 0.012094 -0.062843
v -0.027963 0.015007 -0.06035
v -0.014691 0.032407 -0.071232
v -0.015641 0.028053 -0.071382
v -0.016121 0.0166 -0.071372
v -0.015744 0.024142 -0.071343
v -0.012202 0.025674 -0.070465
v -0.012742 0.029806 -0.07044
v -0.011703 0.027459 -0.070327
v -0.013069 0.023911 -0.070616
v -0.011006 0.025802 -0.071083
v -0.011901 0.024775 -0.071056
v -0.012146 0.023201 -0.070904
v -0.009852 0.027076 -0.070538
v -0.009121 0.026191 -0.071118
v -0.007659 0.025469 -0.071203
v -0.013158 0.022882 -0.070601
v -0.013175 0.020971 -0.070481
v -0.011198 0.019419 -0.070453
v -0.027302 0.014101 -0.069455
v -0.027761 0.013431 -0.069006
v -0.026345 0.013789 -0.069426
v -0.02606 0.017099 -0.069434
v -0.025935 0.014432 -0.069561
v -0.02777 0.00825 -0.0693
v -0.02794 0.008312 -0.068541
v -0.026234 0.009409 -0.069469
v -0.025374 0.014974 -0.070449
v -0.027288 0.008267 -0.069503
v -0.024593 0.011499 -0.07109
v -0.023208 0.003234 -0.07147
v -0.025505 0.004791 -0.070632
v -0.02465 -0.004808 -0.071167
v -0.016926 0.006053 -0.071357
v -0.013569 0.009753 -0.070385
v -0.015633 0.006804 -0.071145
v -0.025441 0.036816 -0.059918
v -0.026385 0.033854 -0.063605
v -0.024385 0.039069 -0.061333
v -0.026054 0.035029 -0.053184
v -0.026769 0.031516 -0.057637
v -0.023165 0.040932 -0.045535
v -0.0247 0.038378 -0.048991
v -0.027376 0.024207 -0.054048
v -0.027946 0.015002 -0.045492
v -0.01107 0.031498 -0.07026
v -0.006875 0.02794 -0.070298
v -0.026176 0.001607 -0.069638
v -0.02767 0.002949 -0.069528
v -0.028036 0.000983 -0.068643
v -0.026537 -0.000221 -0.069491
v -0.027532 -0.004828 -0.069572
v -0.027861 -0.000738 -0.069346
v -0.028384 0.001479 -0.061193
v -0.028162 -0.005613 -0.066512
v -0.025505 -0.004055 -0.070634
v -0.028143 0.009784 -0.056411
v -0.025986 -0.012144 -0.069751
v -0.027855 -0.014362 -0.068206
v -0.022966 -0.014428 -0.071551
v -0.025188 -0.017803 -0.070708
v -0.028388 -0.006277 -0.05716
v -0.027951 -0.018375 -0.060358
v -0.028332 0.004579 -0.041634
v -0.028472 -0.001565 -0.05356
v -0.028408 -0.002168 -0.042169
v -0.028153 -0.015261 -0.036193
v -0.0024 0.049555 -0.056101
v 0.000983 0.049597 -0.05575
v 0.003819 0.04949 -0.059654
v 0.004558 0.049542 -0.051119
v -0.010545 0.049182 -0.048032
v -0.010545 0.049182 -0.048032
v -0.007817 0.049599 -0.053692
v -0.002409 0.049597 -0.043331
v -0.006607 0.049633 -0.041303
v -0.014327 0.047982 -0.033513
v -0.011537 0.048923 -0.032927
v -0.009044 0.049432 -0.032972
v -0.009044 0.049432 -0.032972
v -0.003988 0.0496 -0.031876
v -0.000577 0.049572 -0.031194
v -0.012665 0.048657 -0.029681
v -0.009405 0.04939 -0.028079
v -0.009405 0.04939 -0.028079
v -0.011769 0.048851 -0.020838
v -0.005415 0.049445 -0.029773
v -0.005596 0.049376 -0.02426
v -0.005048 0.049409 -0.01754
v -0.00086 0.049541 -0.03716
v 0.001982 0.049606 -0.035558
v 0.007621 0.049483 -0.04476
v -0.000721 0.0494 -0.019596
v 0.005568 0.049564 -0.028359
v 0.006431 0.049367 -0.013838
v 0.003822 0.049397 -0.001225
v 0.013269 0.048204 -0.01629
v 0.009693 0.049182 -0.024929
v 0.009353 0.049261 -0.017565
v -0.023048 0.041071 -0.033502
v -0.024844 0.03799 -0.035706
v -0.024465 0.038887 -0.033401
v -0.025474 0.036679 -0.033434
v -0.025283 0.036899 -0.032709
v -0.021789 0.042655 -0.033188
v -0.021202 0.043157 -0.034857
v -0.020576 0.043851 -0.031454
v -0.022553 0.041506 -0.032486
v -0.023914 0.039544 -0.032254
v -0.02395 0.039757 -0.027075
v -0.022042 0.042255 -0.028435
v -0.025922 0.035274 -0.037886
v -0.026167 0.034468 -0.033665
v -0.026493 0.032948 -0.033799
v -0.026179 0.034114 -0.031641
v -0.026902 0.029842 -0.034293
v -0.026685 0.031679 -0.03148
v -0.025052 0.037753 -0.023929
v -0.026045 0.034997 -0.026352
v -0.026784 0.031283 -0.02672
v -0.02671 0.031909 -0.04461
v -0.027311 0.024277 -0.035425
v -0.01917 0.045108 -0.034343
v -0.016507 0.046928 -0.033471
v -0.019219 0.0452 -0.033365
v -0.015493 0.04737 -0.03242
v -0.02725 0.025914 -0.033358
v -0.028039 0.013281 -0.04044
v -0.027877 0.014395 -0.035738
v -0.028145 0.010465 -0.036701
v -0.028126 0.011738 -0.033683
v -0.027782 0.017797 -0.033627
v -0.028145 0.007819 -0.032535
v -0.028265 0.00788 -0.033559
v -0.027914 0.013195 -0.032536
v -0.028379 -0.007495 -0.02946
v -0.028312 0.00416 -0.033881
v -0.028387 0.000757 -0.033102
v -0.027659 0.016666 -0.027276
v -0.028035 0.010561 -0.028378
v -0.027976 0.012724 -0.024354
v -0.027748 0.016237 -0.024404
v -0.027953 0.013419 -0.020327
v -0.027913 0.01308 -0.015811
v -0.027744 0.015022 -0.020941
v -0.027902 0.011077 -0.018173
v -0.027865 0.012493 -0.020843
v -0.02812 0.00899 -0.020556
v -0.028065 0.007229 -0.022019
v -0.027731 0.01206 -0.021942
v -0.028226 0.005798 -0.020754
v -0.028213 0.004969 -0.017502
v -0.028327 0.001209 -0.022034
v -0.028327 0.001234 -0.017529
v -0.022368 0.04171 -0.024622
v -0.020018 0.044353 -0.020175
v -0.019627 0.044767 -0.027922
v -0.021231 0.043144 -0.023575
v -0.02268 0.041379 -0.021828
v -0.021461 0.042886 -0.016602
v -0.02368 0.040158 -0.0198
v -0.023004 0.04104 -0.013707
v -0.025408 0.036977 -0.021598
v -0.025726 0.036104 -0.020101
v -0.025144 0.037418 -0.019408
v -0.026076 0.034539 -0.019145
v -0.026518 0.033112 -0.021014
v -0.026881 0.028818 -0.021678
v -0.026886 0.030127 -0.020329
v -0.026609 0.03225 -0.017476
v -0.026929 0.030181 -0.01753
v -0.024177 0.039245 -0.014574
v -0.024655 0.0382 -0.016613
v -0.025237 0.037346 -0.017405
v -0.025709 0.036055 -0.015033
v -0.02559 0.035845 -0.017358
v -0.025816 0.035459 -0.013977
v -0.025577 0.036352 -0.011291
v -0.026207 0.034263 -0.016364
v -0.026706 0.031908 -0.014726
v -0.026443 0.033536 -0.01153
v -0.026814 0.03021 -0.009994
v -0.026531 0.032929 -0.009727
v -0.01564 0.047442 -0.015894
v -0.015618 0.047473 -0.019651
v -0.017567 0.046205 -0.020285
v -0.013953 0.0481 -0.01692
v -0.015142 0.04766 -0.012373
v -0.017946 0.046012 -0.010135
v -0.016699 0.046979 -0.009685
v -0.020069 0.044277 -0.007348
v -0.017349 0.046322 -0.007807
v -0.018547 0.045578 -0.00562
v -0.013609 0.048289 -0.008647
v -0.014808 0.047685 -0.007584
v -0.018747 0.04531 0.005353
v -0.016333 0.046857 0.004207
v -0.011071 0.048916 -0.007598
v -0.012888 0.048389 -0.001957
v -0.024594 0.038572 -0.011184
v -0.023252 0.040816 -0.008981
v -0.023998 0.039556 -0.008312
v -0.025305 0.037126 -0.009
v -0.022309 0.041841 -0.007449
v -0.02294 0.04114 -0.002674
v -0.024739 0.038179 -0.005895
v -0.02655 0.033382 -0.008908
v -0.025511 0.036421 -0.00778
v -0.026205 0.034221 -0.007888
v -0.026766 0.031107 -0.008214
v -0.020567 0.043864 -0.013703
v -0.02106 0.043242 -0.009111
v -0.025654 0.035908 0.000739
v -0.024591 0.038311 0.01411
v -0.026462 0.032872 0.002855
v -0.026945 0.028038 -0.017179
v -0.027235 0.025639 -0.019511
v -0.027154 0.025645 -0.012677
v -0.027101 0.026231 -0.008436
v -0.027228 0.021942 -0.009882
v -0.027605 0.018606 -0.008351
v -0.027247 0.023603 -0.007526
v -0.027697 0.017613 0.001316
v -0.028104 0.007442 -0.00919
v -0.027232 0.025793 -0.005054
v -0.026815 0.029576 0.000571
v -0.027505 0.02036 -0.003851
v -0.026775 0.030627 0.005856
v -0.027007 0.026137 0.004275
v -0.02729 0.023112 0.003167
v -0.027755 0.015545 0.00726
v -0.027322 0.02114 0.013403
v -0.028136 0.006419 0.009877
v -0.028034 0.011069 0.009358
v -0.014169 0.048128 -0.022731
v -0.008314 0.0495 -0.016694
v -0.008314 0.0495 -0.016694
v -0.008246 0.049537 -0.021641
v -0.008246 0.049537 -0.021641
v -0.012605 0.048608 -0.012401
v -0.010561 0.049127 -0.01455
v -0.009531 0.049268 -0.012039
v -0.009531 0.049268 -0.012039
v -0.009975 0.049286 -0.009029
v -0.009975 0.049286 -0.009029
v -0.009712 0.049203 -0.007627
v -0.009712 0.049203 -0.007627
v -0.007231 0.049448 -0.007794
v -0.006746 0.049611 -0.009299
v -0.005238 0.049422 -0.010321
v -0.005542 0.049373 -0.013249
v -0.027406 0.020101 -0.019068
v -0.027502 0.01962 -0.021308
v -0.027584 0.018524 -0.016659
v -0.027616 0.017478 -0.020785
v -0.027797 0.016307 -0.018049
v -0.027615 0.014783 -0.017153
v -0.028206 0.00852 -0.017708
v -0.027964 0.010764 -0.016885
v -0.028129 0.007061 -0.015327
v -0.028285 0.001203 -0.011551
v -0.028319 0.001282 -0.008919
v -0.028314 0.000915 0.001717
v -0.009462 0.047894 -0.06947
v -0.011429 0.047666 -0.069351
v -0.01131 0.048665 -0.069287
v -0.005233 0.047023 -0.07078
v -0.001478 0.046052 -0.071261
v -0.008539 0.049439 -0.069077
v -0.008539 0.049439 -0.069077
v -0.007106 0.049329 -0.06923
v -0.007106 0.049329 -0.06923
v -0.00525 0.048248 -0.069558
v -0.004684 0.049396 -0.069263
v -0.004684 0.049396 -0.069263
v -0.007503 0.047323 -0.070375
v -0.00236 0.048194 -0.069454
v -0.00252 0.049309 -0.069233
v -0.00252 0.049309 -0.069233
v -0.000315 0.04931 -0.069226
v -0.000315 0.04931 -0.069226
v 0.000167 0.047044 -0.070733
v -0.00013 0.048121 -0.06947
v 0.000475 0.049734 -0.068717
v 0.002231 0.049394 -0.069234
v -0.008477 0.046371 -0.071098
v -0.007626 0.049577 -0.02564
v 0.010774 0.04902 -0.042239
v -0.027007 0.027342 -0.023378
v -0.027434 0.021763 -0.027217
v -0.027299 0.023847 -0.023497
v -0.027214 0.024274 -0.020958
v -0.027288 0.02247 -0.022068
v -0.02752 0.021554 -0.020662
v -0.017455 0.046342 -0.03038
v -0.027422 0.022202 -0.031576
v -0.028311 0.003597 -0.029648
v -0.027509 0.019105 -0.031982
v -0.027672 0.017207 -0.031145
v -0.027705 0.017601 -0.029826
v -0.027563 0.019782 -0.023569
v -0.027487 0.017701 -0.022005
v -0.028234 0.004917 -0.024115
v -0.028249 0.004025 -0.026486
v -0.028397 -0.004994 -0.022474
v -0.027988 0.005525 -0.022149
v -0.028171 0.004177 -0.021369
v -0.026913 0.026741 -0.021907
v -0.027251 0.023123 -0.015716
v -0.027395 0.022019 -0.018367
v -0.027651 0.01592 -0.015011
v -0.02776 0.014373 -0.01146
v -0.027579 0.015467 -0.009853
v -0.01575 0.047402 -0.029259
v -0.013519 0.048282 -0.025392
v -0.015654 0.047473 -0.02471
v -0.007121 0.049516 -0.012173
v -0.027363 -0.021736 -0.06942
v -0.027479 -0.023915 -0.067877
v -0.027286 -0.028424 -0.05768
v -0.027959 -0.018811 -0.048681
v -0.027289 -0.029071 -0.044659
v -0.027597 -0.024378 -0.045863
v -0.027506 -0.02742 -0.032951
v -0.026881 -0.031872 -0.05549
v -0.027012 -0.031707 -0.028723
v -0.027899 -0.021776 -0.023432
v -0.028254 -0.013492 -0.014853
v -0.028292 -0.001122 -0.02001
v -0.028369 -0.006614 -0.013018
v -0.0284 -0.00364 -0.016177
v -0.027932 -0.020174 -0.017212
v -0.027974 -0.019198 -0.009799
v -0.027695 -0.025662 -0.020016
v -0.027802 -0.024481 -0.017648
v -0.027582 -0.0272 -0.015664
v -0.027799 -0.02403 -0.012527
v -0.027509 -0.027127 -0.01051
v -0.02595 -0.035368 -0.024909
v -0.02629 -0.034351 -0.043491
v -0.025236 -0.036993 -0.035688
v -0.024416 -0.038623 -0.020656
v -0.026744 -0.032885 -0.020255
v -0.027075 -0.031439 -0.013576
v -0.025659 -0.036183 -0.012268
v -0.02611 -0.035035 -0.003201
v -0.024148 -0.039031 -0.009957
v -0.022596 -0.041121 -0.018005
v -0.027095 -0.031222 -0.007298
v -0.025147 -0.037296 -0.005635
v -0.022279 -0.041547 -0.004546
v -0.028241 0.000476 0.007328
v -0.028288 -0.001729 0.016337
v -0.028377 -0.002937 -0.009323
v -0.028347 -0.00849 -0.009012
v -0.028294 -0.006899 -0.007648
v -0.028261 -0.008399 -0.010272
v -0.028131 -0.011131 -0.008143
v -0.028301 -0.008544 -0.002683
v -0.02821 -0.013991 -0.00939
v -0.028058 -0.017134 -0.005
v -0.027731 -0.025209 -0.009383
v -0.027738 -0.022836 -0.007972
v -0.027679 -0.025643 -0.006563
v -0.028037 -0.015913 0.005522
v -0.027662 -0.023838 0.00287
v -0.028302 -0.005988 0.010947
v -0.028185 -0.001503 0.006395
v -0.028056 -0.014315 0.015388
v -0.027888 -0.018361 0.015147
v -0.028261 -0.009001 0.017748
v -0.027228 -0.029714 0.001591
v -0.027436 -0.027101 0.005123
v -0.027467 -0.027104 -0.008457
v -0.02745 -0.02739 -0.005447
v -0.026825 -0.032376 0.001479
v -0.024312 -0.038838 -0.000613
v -0.02504 -0.037464 0.003722
v -0.025177 -0.03711 0.008195
v -0.022721 -0.041141 0.004884
v -0.021124 -0.042843 0.002961
v -0.020538 -0.043346 -0.001398
v -0.018366 -0.04505 0.000682
v -0.023848 -0.039531 0.008501
v -0.020622 -0.043341 0.008571
v -0.027575 -0.024675 0.007212
v -0.027632 -0.025454 0.005243
v -0.027617 -0.026464 0.00744
v -0.027463 -0.027249 0.008398
v -0.02693 -0.031693 0.012847
v -0.027434 -0.026048 0.011629
v -0.02747 -0.024706 0.020866
v -0.027158 -0.02915 0.024692
v -0.026264 -0.034425 0.009698
v -0.025975 -0.035211 0.015364
v -0.025612 -0.035903 0.012229
v -0.025209 -0.037242 0.01179
v -0.022263 -0.041548 0.008078
v -0.018154 -0.045224 0.007261
v -0.01699 -0.045985 0.009857
v -0.022104 -0.041759 0.014211
v -0.024595 -0.038238 0.015542
v -0.023397 -0.040178 0.020572
v -0.024882 -0.037762 0.019417
v -0.020844 -0.043243 0.019979
v -0.019778 -0.044164 0.014668
v -0.020766 -0.043224 0.01771
v -0.01852 -0.045056 0.01794
v -0.015668 -0.046789 0.019103
v -0.020801 -0.043019 -0.005668
v 0.004967 0.04972 -0.068518
v 0.00742 0.045969 -0.071247
v 0.010774 0.04407 -0.071452
v 0.003052 0.039002 -0.071399
v 0.004136 0.037781 -0.071255
v -0.003234 0.032833 -0.070266
v 0.005149 0.035919 -0.070565
v 0.003391 0.034599 -0.070327
v 0.001592 0.028953 -0.070233
v 0.006627 0.030896 -0.070361
v 0.005828 0.028435 -0.070319
v 0.009259 0.037944 -0.071364
v 0.012977 0.037464 -0.071409
v 0.009308 0.035135 -0.070451
v 0.008021 0.030325 -0.070476
v 0.017194 0.040266 -0.071473
v 0.012215 0.035858 -0.07125
v 0.011196 0.033047 -0.070362
v 0.01418 0.032507 -0.071195
v 0.016032 0.030513 -0.071432
v 0.011108 0.02815 -0.070285
v 0.012669 0.029856 -0.070457
v 0.02082 0.035343 -0.071461
v 0.015341 0.017623 -0.071294
v 0.016715 0.00932 -0.071465
v 0.023029 0.032214 -0.071169
v 0.023029 0.032214 -0.071169
v 0.022686 0.020618 -0.071449
v 0.022686 0.020618 -0.071449
v -0.023775 -0.024578 -0.071411
v -0.025626 -0.022261 -0.069806
v -0.006696 0.019252 -0.070368
v -0.006182 0.011903 -0.070104
v -0.003049 -0.00149 -0.06993
v 0.000649 0.006355 -0.06997
v 0.007344 0.001653 -0.069924
v -0.003796 0.028318 -0.070309
v -0.007873 0.027103 -0.070568
v -0.004679 0.026357 -0.071076
v -0.004394 0.027301 -0.070567
v -0.00254 0.026919 -0.07058
v -0.000253 0.026407 -0.071031
v -0.000514 0.02561 -0.071091
v -0.001373 0.027917 -0.070329
v 0.002196 0.027049 -0.070479
v 0.003707 0.026324 -0.070925
v 0.004506 0.027177 -0.070507
v 0.005615 0.026175 -0.070497
v 0.005294 0.024674 -0.070812
v 0.004207 0.018306 -0.070225
v -0.001487 0.011958 -0.070009
v 0.006536 0.023854 -0.070365
v 0.007901 0.024687 -0.070217
v 0.005927 0.018688 -0.070205
v 0.007098 0.01682 -0.070057
v 0.011976 0.015731 -0.070314
v 0.013002 0.022163 -0.070479
v 0.013241 0.006717 -0.070401
v -0.016277 -0.00774 -0.071356
v -0.013497 -0.004211 -0.070336
v -0.011442 -0.008139 -0.070355
v -0.006112 -0.004983 -0.070051
v -0.005793 -0.013365 -0.070156
v -0.01539 -0.019102 -0.07128
v -0.013092 -0.019218 -0.070427
v -0.016293 -0.021548 -0.071491
v 0.004941 -0.010246 -0.070172
v -0.008347 -0.021049 -0.070381
v -0.011415 -0.021635 -0.070472
v -0.012429 -0.02291 -0.070442
v 0.000831 -0.019897 -0.070337
v 0.027624 0.015163 -0.067187
v 0.027565 0.012484 -0.069026
v 0.02738 0.01875 -0.068636
v 0.024256 0.019685 -0.071007
v 0.022976 0.006169 -0.071499
v 0.022976 0.006169 -0.071499
v 0.025867 0.015461 -0.069754
v 0.025109 0.007405 -0.070747
v 0.024273 0.001398 -0.071281
v 0.025995 0.008343 -0.069801
v 0.027848 0.004567 -0.066927
v 0.0155 -0.010206 -0.071274
v 0.013366 -0.004566 -0.07043
v 0.016836 -0.012708 -0.071483
v 0.022831 -0.009147 -0.071499
v 0.022831 -0.009147 -0.071499
v 0.027496 0.008866 -0.069294
v 0.027062 0.012602 -0.069498
v 0.025204 -0.002556 -0.070723
v 0.024954 -0.009013 -0.070799
v 0.02618 0.002422 -0.069695
v 0.026124 -0.006374 -0.06975
v 0.027373 0.006363 -0.069514
v 0.027676 0.000964 -0.069249
v 0.027291 -0.008611 -0.069638
v 0.027635 -0.008246 -0.069219
v 0.028024 -0.002494 -0.062881
v 0.006265 -0.019011 -0.070304
v 0.008755 -0.014583 -0.070114
v 0.011731 -0.01274 -0.070266
v 0.013574 -0.01107 -0.070536
v 0.012928 -0.019593 -0.07051
v 0.006056 -0.028121 -0.070838
v -0.000298 -0.028966 -0.070972
v 0.008044 -0.023152 -0.07033
v 0.008169 -0.027506 -0.070391
v 0.011774 -0.02797 -0.0705
v 0.022796 -0.019324 -0.071606
v 0.022796 -0.019324 -0.071606
v 0.021804 -0.025335 -0.071734
v 0.015091 -0.026244 -0.071577
v 0.012635 -0.029178 -0.070692
v 0.013961 -0.031808 -0.071493
v 0.015497 -0.033048 -0.071754
v 0.022776 -0.031342 -0.071604
v 0.022776 -0.031342 -0.071604
v 0.023544 -0.024848 -0.07139
v 0.023544 -0.024848 -0.07139
v 0.021022 -0.033784 -0.071841
v 0.023975 -0.030068 -0.071016
v 0.011785 -0.002429 -0.070276
v 0.023876 -0.012466 -0.07133
v 0.024564 -0.017562 -0.070982
v 0.025981 -0.011947 -0.069774
v 0.025897 -0.014573 -0.069811
v 0.027566 -0.016048 -0.065146
v 0.027278 -0.017424 -0.069217
v 0.026869 -0.023571 -0.069528
v 0.026544 -0.023236 -0.069751
v 0.027016 -0.024431 -0.067916
v 0.027974 -0.007288 -0.062287
v 0.027797 -0.011866 -0.06127
v 0.027789 -0.014822 -0.059088
v 0.025654 -0.018601 -0.069833
v 0.0253 -0.022776 -0.069969
v 0.025281 -0.025647 -0.06983
v 0.024903 -0.028165 -0.070064
v 0.026803 -0.029334 -0.059975
v 0.027503 -0.020918 -0.056043
v 0.025214 -0.028878 -0.069834
v 0.024789 -0.031005 -0.069875
v 0.026514 -0.032669 -0.050012
v 0.026523 -0.031406 -0.06029
v 0.023361 -0.03378 -0.070917
v 0.024264 -0.033144 -0.070033
v 0.024521 -0.033489 -0.069863
v 0.026371 -0.02896 -0.069692
v 0.026279 -0.031034 -0.069541
v 0.025764 -0.033008 -0.069777
v 0.02643 -0.030939 -0.069017
v 0.025713 -0.03416 -0.069503
v 0.026111 -0.033242 -0.064763
v 0.004922 0.049602 -0.063196
v 0.007393 0.049604 -0.058697
v 0.012812 0.048587 -0.063024
v 0.014368 0.048007 -0.068213
v 0.012259 0.048786 -0.068293
v 0.015481 0.047493 -0.063365
v 0.015456 0.047477 -0.057687
v 0.016444 0.047224 -0.061804
v 0.01293 0.04841 -0.040491
v 0.016372 0.04722 -0.059379
v 0.016489 0.047104 -0.04928
v 0.019098 0.045174 -0.066514
v 0.017182 0.046501 -0.068512
v 0.017597 0.046376 -0.064559
v 0.024883 0.03792 -0.067656
v 0.023787 0.040126 -0.06402
v 0.025174 0.037599 -0.064322
v 0.017356 0.04645 -0.063127
v 0.019616 0.044896 -0.063035
v 0.017285 0.046416 -0.058489
v 0.019563 0.04482 -0.058364
v 0.018481 0.04565 -0.052479
v 0.021743 0.042749 -0.059883
v 0.02129 0.043339 -0.062938
v 0.022976 0.041309 -0.062204
v 0.022053 0.04244 -0.065375
v 0.023528 0.040426 -0.057546
v 0.021931 0.042524 -0.056838
v 0.024879 0.03819 -0.059284
v 0.02582 0.035969 -0.058934
v 0.017373 0.04636 -0.046851
v 0.017262 0.046365 -0.05311
v 0.019575 0.044806 -0.046558
v 0.015438 0.047406 -0.040914
v 0.017349 0.046322 -0.041486
v 0.019898 0.044584 -0.054016
v 0.022649 0.041686 -0.048397
v 0.025565 0.036756 -0.055401
v 0.026687 0.032833 -0.058246
v 0.026268 0.034731 -0.053973
v 0.026805 0.032077 -0.053678
v 0.02557 0.036629 -0.050947
v 0.024435 0.038952 -0.051596
v 0.026571 0.03342 -0.046883
v 0.021843 0.042565 -0.045515
v 0.023005 0.041091 -0.044999
v 0.024442 0.038987 -0.046848
v 0.025847 0.035916 -0.046115
v 0.024975 0.037936 -0.043561
v 0.026791 0.032294 -0.043794
v 0.027241 0.028049 -0.052228
v 0.026272 0.034479 -0.04315
v 0.02701 0.0285 -0.065951
v 0.026937 0.02833 -0.068357
v 0.02668 0.031252 -0.068799
v 0.026249 0.034806 -0.063986
v 0.025553 0.036292 -0.068636
v 0.026653 0.032126 -0.066429
v 0.026363 0.033466 -0.068473
v 0.026836 0.032318 -0.06446
v 0.027339 0.024619 -0.063014
v 0.027093 0.025192 -0.068617
v 0.027111 0.028901 -0.064358
v 0.027187 0.028621 -0.058709
v 0.027064 0.028038 -0.061448
v 0.027015 0.030617 -0.055953
v 0.027085 0.029082 -0.056114
v 0.017902 0.04597 -0.037496
v 0.016635 0.047028 -0.03637
v 0.01985 0.044523 -0.037156
v 0.015985 0.047097 -0.033314
v 0.015436 0.047349 -0.02563
v 0.017959 0.045874 -0.02605
v 0.017612 0.046119 -0.033135
v 0.019503 0.044913 -0.034875
v 0.022162 0.042255 -0.036077
v 0.019913 0.044327 -0.033173
v 0.02209 0.042094 -0.032932
v 0.019697 0.044548 -0.027365
v 0.025951 0.03567 -0.040706
v 0.024248 0.039313 -0.041449
v 0.024911 0.038057 -0.038856
v 0.026274 0.034661 -0.035985
v 0.026958 0.031132 -0.040356
v 0.025051 0.037705 -0.033708
v 0.023421 0.04061 -0.037833
v 0.023709 0.040272 -0.035391
v 0.023667 0.039913 -0.03316
v 0.024896 0.037818 -0.027883
v 0.025327 0.036852 -0.032922
v 0.015401 0.047337 -0.00954
v 0.018139 0.045743 -0.014382
v 0.02101 0.043386 -0.019733
v 0.020598 0.043689 -0.014827
v 0.021984 0.042241 -0.014509
v 0.022417 0.041795 -0.025668
v 0.024902 0.037776 -0.023395
v 0.027017 0.022844 -0.069078
v 0.027667 0.019492 -0.052524
v 0.027469 0.022292 -0.060547
v 0.028038 0.010951 -0.052664
v 0.027238 0.025665 -0.055745
v 0.027539 0.022655 -0.056593
v 0.027569 0.021995 -0.0543
v 0.028189 0.003156 -0.049301
v 0.027446 0.023305 -0.051963
v 0.027496 0.023256 -0.045815
v 0.027233 0.025924 -0.045066
v 0.027669 0.021664 -0.047411
v 0.027194 0.028161 -0.044156
v 0.027236 0.027032 -0.040332
v 0.027765 0.0195 -0.041993
v 0.027882 0.014799 -0.038446
v 0.028051 -0.007427 -0.058242
v 0.028106 -0.005747 -0.057428
v 0.027982 -0.008837 -0.056616
v 0.028194 -0.006667 -0.057078
v 0.028142 -0.006793 -0.053102
v 0.027987 -0.011815 -0.050843
v 0.028224 -0.006444 -0.048493
v 0.028043 -0.009257 -0.047778
v 0.026864 -0.030402 -0.043534
v 0.027738 -0.019284 -0.037887
v 0.028316 -0.001535 -0.03833
v 0.028278 -0.002848 -0.04289
v 0.028193 -0.001322 -0.028989
v 0.028122 -0.010418 -0.041588
v 0.028214 -0.005291 -0.031656
v 0.028216 -0.010851 -0.035182
v 0.028209 -0.006565 -0.045401
v 0.027881 -0.014968 -0.046104
v 0.027064 0.028776 -0.037784
v 0.026908 0.031405 -0.035782
v 0.027052 0.029689 -0.037205
v 0.02729 0.02768 -0.036514
v 0.026171 0.034437 -0.026459
v 0.02634 0.0337 -0.03273
v 0.026738 0.031493 -0.031518
v 0.027286 0.025571 -0.031539
v 0.027333 0.025164 -0.03626
v 0.02754 0.023935 -0.034154
v 0.027491 0.022353 -0.035399
v 0.027262 0.025829 -0.026011
v 0.027708 0.019849 -0.028862
v 0.027648 0.019704 -0.026006
v 0.025825 0.035668 -0.022073
v 0.026518 0.03275 -0.022466
v 0.02696 0.029884 -0.021531
v 0.027427 0.022083 -0.024259
v 0.027149 0.026934 -0.021101
v 0.027349 0.024231 -0.020554
v 0.025041 0.037864 -0.020244
v 0.024854 0.038027 -0.017223
v 0.023243 0.040756 -0.018538
v 0.026045 0.035471 -0.018311
v 0.02717 0.030428 -0.019933
v 0.026447 0.03345 -0.014696
v 0.027045 0.030448 -0.017311
v 0.027261 0.02777 -0.015167
v 0.027598 0.027559 -0.01852
v 0.027061 0.030304 -0.014733
v 0.027482 0.026294 -0.018261
v 0.027887 0.018109 -0.024002
v 0.027665 0.019642 -0.020896
v 0.027951 0.016073 -0.022975
v 0.027848 0.015779 -0.018521
v 0.027963 0.016059 -0.020666
v 0.027863 0.020111 -0.019153
v 0.027757 0.017062 -0.016412
v 0.027762 0.024737 -0.017101
v 0.027494 0.022222 -0.016661
v 0.027805 0.023848 -0.018127
v 0.02774 0.021628 -0.018465
v 0.027549 0.023911 -0.01645
v 0.027458 0.025774 -0.015464
v 0.027589 0.026797 -0.012259
v 0.027514 0.023285 -0.014506
v 0.027571 0.020356 -0.014919
v 0.027812 0.020212 -0.012881
v 0.027892 0.011832 -0.015915
v 0.027677 0.018078 -0.012673
v 0.02777 0.015054 -0.008638
v 0.027887 0.011575 -0.010659
v 0.027263 0.025336 -0.039484
v 0.027642 0.020438 -0.038836
v 0.02756 0.023999 -0.037505
v 0.027715 0.019562 -0.036671
v 0.027792 0.021449 -0.037102
v 0.027756 0.019175 -0.035255
v 0.027617 0.021225 -0.033841
v 0.028 0.01871 -0.033885
v 0.027744 0.0175 -0.031625
v 0.027851 0.017063 -0.03475
v 0.028212 0.005625 -0.029699
v 0.027601 0.01995 -0.032084
v 0.028152 0.01135 -0.022179
v 0.028141 0.00916 -0.023667
v 0.028063 0.013001 -0.024636
v 0.027963 0.014287 -0.021935
v 0.028024 0.014306 -0.019262
v 0.028033 0.010965 -0.020747
v 0.027928 0.0122 -0.018378
v 0.028241 -0.010573 -0.029832
v 0.028188 -0.004256 -0.028663
v 0.02805 -0.005112 -0.029866
v 0.028205 0.004206 -0.021343
v 0.028172 0.000767 -0.022848
v 0.02823 -0.005881 -0.025409
v 0.028238 -0.002729 -0.022294
v 0.028056 -0.014852 -0.02512
v 0.028252 -0.012164 -0.024296
v 0.028256 -0.011676 -0.019921
v 0.028117 -0.015789 -0.022674
v 0.027874 -0.019092 -0.022294
v 0.028133 -0.01699 -0.017943
v 0.027507 -0.024701 -0.025241
v 0.028101 0.010417 -0.01754
v 0.028298 0.00802 -0.017463
v 0.028352 0.002365 -0.018671
v 0.028228 0.006553 -0.015465
v 0.02837 0.002281 -0.013396
v 0.028184 -0.002832 -0.019673
v 0.028454 -0.000983 -0.014542
v 0.028416 -6.9e-05 -0.018142
v 0.028478 -0.005499 -0.017989
v 0.028278 0.008442 -0.010717
v 0.028277 0.004927 -0.009576
v 0.028453 -0.009743 -0.017142
v 0.028326 -0.01306 -0.011227
v 0.028545 -0.006177 -0.006239
v 0.002561 0.047816 -0.069867
v 0.006588 0.046929 -0.070777
v 0.002501 0.048391 -0.069465
v 0.002501 0.048391 -0.069465
v 0.003875 0.049569 -0.069039
v 0.005275 0.049292 -0.069228
v 0.005241 0.048146 -0.069455
v 0.005241 0.048146 -0.069455
v 0.006865 0.048067 -0.069545
v 0.006865 0.048067 -0.069545
v 0.005773 0.049525 -0.069024
v 0.008897 0.049563 -0.068333
v 0.006761 0.04959 -0.068908
v 0.006618 0.049257 -0.06924
v 0.008504 0.049147 -0.069196
v 0.009952 0.046575 -0.070757
v 0.010135 0.04771 -0.069663
v 0.010135 0.04771 -0.069663
v 0.010876 0.048709 -0.069221
v 0.013007 0.04468 -0.071236
v 0.013443 0.046642 -0.069787
v 0.013443 0.046642 -0.069787
v 0.013756 0.045329 -0.070787
v 0.016826 0.042985 -0.071053
v 0.019557 0.03952 -0.071276
v 0.018851 0.041769 -0.070757
v 0.022186 0.036984 -0.0709
v 0.022186 0.036984 -0.0709
v 0.023623 0.033791 -0.070699
v 0.024143 0.028147 -0.070763
v 0.025459 0.0248 -0.069699
v 0.026877 0.019457 -0.069316
v 0.026593 0.025374 -0.069329
v 0.027068 0.016284 -0.069412
v 0.026141 0.011093 -0.069675
v 0.02705 0.010237 -0.069578
v 0.025736 -0.021671 -0.069791
v 0.010555 0.049183 -0.057421
v 0.009418 0.049317 -0.068808
v 0.01283 0.04822 -0.069138
v 0.015342 0.04737 -0.068686
v 0.01647 0.046441 -0.069089
v 0.016603 0.044918 -0.069819
v 0.016603 0.044918 -0.069819
v 0.018654 0.043479 -0.069629
v 0.019538 0.044475 -0.069046
v 0.019538 0.044475 -0.069046
v 0.0197 0.04473 -0.068514
v 0.021118 0.043345 -0.068333
v 0.020828 0.041312 -0.069643
v 0.020828 0.041312 -0.069643
v 0.021666 0.042163 -0.069076
v 0.020891 0.039655 -0.070622
v 0.020891 0.039655 -0.070622
v 0.022811 0.038236 -0.069697
v 0.024322 0.038088 -0.069181
v 0.023292 0.040726 -0.068373
v 0.02438 0.038673 -0.068755
v 0.02371 0.03643 -0.069718
v 0.024 0.039823 -0.05533
v 0.02453 0.034168 -0.069608
v 0.026221 0.032641 -0.069253
v 0.025087 0.031334 -0.069642
v 0.025209 0.029173 -0.069708
v 0.026482 0.029257 -0.06926
v 0.027261 0.025807 -0.034105
v 0.027836 0.010879 -0.013251
v -0.025866 -0.024149 -0.069644
v -0.02695 -0.025223 -0.069648
v -0.027087 -0.027036 -0.069291
v -0.026778 -0.028992 -0.069689
v -0.027006 -0.029944 -0.068849
v -0.026224 -0.03142 -0.069742
v -0.026608 -0.031672 -0.0696
v -0.026942 -0.031075 -0.065366
v -0.026653 -0.032351 -0.068726
v -0.022066 -0.031653 -0.071745
v -0.015469 -0.027945 -0.071539
v -0.022958 -0.031365 -0.071595
v -0.02435 -0.030589 -0.070948
v -0.024611 -0.02812 -0.070757
v -0.024938 -0.031459 -0.069769
v -0.025398 -0.029669 -0.069669
v -0.024012 -0.032697 -0.070885
v -0.024657 -0.034062 -0.069656
v -0.022316 -0.034809 -0.07148
v -0.026263 -0.033322 -0.069567
v -0.026088 -0.034515 -0.068513
v -0.025628 -0.034726 -0.069754
v -0.025576 -0.03556 -0.069548
v -0.023991 -0.035117 -0.069766
v -0.023168 -0.035398 -0.070818
v -0.023399 -0.037053 -0.069663
v -0.023946 -0.038848 -0.069551
v -0.025005 -0.037179 -0.068412
v -0.020099 -0.037759 -0.07166
v -0.021082 -0.038197 -0.071221
v -0.021588 -0.038359 -0.070706
v -0.02305 -0.039678 -0.06977
v -0.024002 -0.038976 -0.068631
v -0.022718 -0.037546 -0.069809
v -0.021754 -0.039166 -0.069709
v -0.022435 -0.041115 -0.068638
v -0.025275 -0.036738 -0.055159
v -0.021571 -0.04189 -0.069508
v -0.024046 -0.03892 -0.058669
v -0.02213 -0.041482 -0.056886
v -0.017198 -0.033389 -0.071694
v -0.014658 -0.031662 -0.071475
v -0.012945 -0.036165 -0.071636
v -0.012298 -0.03047 -0.07056
v -0.013293 -0.026679 -0.070728
v -0.01213 -0.032486 -0.070807
v -0.012449 -0.034727 -0.071404
v -0.010472 -0.033265 -0.070618
v -0.009376 -0.03676 -0.071528
v -0.007661 -0.034145 -0.070604
v -0.007088 -0.039334 -0.071735
v -0.019995 -0.040476 -0.07067
v -0.018175 -0.040472 -0.071565
v -0.018864 -0.041 -0.07114
v -0.019488 -0.041719 -0.069859
v -0.019314 -0.042367 -0.069705
v -0.018497 -0.041757 -0.070864
v -0.015812 -0.040761 -0.071827
v -0.017036 -0.042445 -0.071148
v -0.01572 -0.042421 -0.071553
v -0.02062 -0.043073 -0.068239
v -0.018871 -0.043961 -0.069747
v -0.018794 -0.044427 -0.069562
v -0.017083 -0.043113 -0.070551
v -0.018139 -0.045058 -0.067095
v -0.01716 -0.043519 -0.069833
v -0.016657 -0.04427 -0.069674
v -0.020227 -0.043407 -0.061708
v -0.010529 -0.044213 -0.071721
v -0.013288 -0.044428 -0.071237
v -0.001571 -0.043734 -0.071815
v -0.014181 -0.044438 -0.070966
v -0.015468 -0.044579 -0.069818
v -0.014585 -0.046526 -0.069774
v -0.014585 -0.046526 -0.069774
v -0.014015 -0.045371 -0.069722
v -0.017003 -0.045805 -0.068657
v -0.015028 -0.046622 -0.069582
v -0.009923 -0.045349 -0.071316
v -0.011196 -0.045636 -0.070833
v -0.011953 -0.046159 -0.069744
v -0.013163 -0.047586 -0.068801
v -0.015378 -0.046651 -0.061558
v -0.012897 -0.047362 -0.069752
v -0.012897 -0.047362 -0.069752
v -0.00831 -0.048098 -0.069752
v -0.00831 -0.048098 -0.069752
v -0.010832 -0.048045 -0.06949
v -0.012317 -0.047836 -0.061253
v 0.00055 -0.03638 -0.071368
v -0.002039 -0.037822 -0.071666
v -0.00337 -0.045465 -0.071435
v -0.002383 -0.04641 -0.070713
v -0.007376 -0.046317 -0.070747
v -0.009289 -0.046688 -0.069853
v -0.006086 -0.046961 -0.06981
v -0.0083 -0.048458 -0.069512
v -0.009824 -0.048409 -0.068726
v -0.006596 -0.048704 -0.068492
v -0.00869 -0.048578 -0.059451
v -0.005817 -0.048575 -0.069485
v -0.002679 -0.048312 -0.069751
v -0.002679 -0.048312 -0.069751
v -0.002252 -0.048687 -0.069107
v 0.001317 -0.046951 -0.06985
v -0.012304 -0.025434 -0.070554
v -0.011285 -0.025869 -0.070914
v -0.012136 -0.027327 -0.070551
v -0.011448 -0.027702 -0.071036
v -0.011394 -0.02921 -0.070564
v -0.011138 -0.028663 -0.071064
v -0.009567 -0.028994 -0.071212
v -0.009827 -0.029853 -0.071146
v -0.009929 -0.030176 -0.070679
v -0.006757 -0.029998 -0.071057
v -0.007041 -0.030689 -0.070505
v -0.003771 -0.029511 -0.071088
v -0.009314 -0.031941 -0.070463
v -0.003008 -0.032711 -0.070475
v -0.02429 -0.038622 -0.041421
v -0.01952 -0.044002 -0.051278
v -0.016241 -0.046162 -0.05295
v -0.013131 -0.047566 -0.053744
v -0.010638 -0.048242 -0.052155
v -0.02263 -0.040929 -0.041394
v -0.020986 -0.042781 -0.036347
v -0.018223 -0.044981 -0.032715
v -0.0235 -0.039897 -0.033192
v -0.015711 -0.046432 -0.045087
v -0.013538 -0.047366 -0.044543
v -0.008293 -0.048545 -0.033329
v -0.004042 -0.048736 -0.048009
v -0.010559 -0.048232 -0.038941
v -0.00223 -0.030693 -0.070548
v 0.004245 -0.02988 -0.070819
v 0.002435 -0.03097 -0.070534
v 0.006417 -0.03318 -0.07052
v 0.006143 -0.030214 -0.070517
v 0.007249 -0.034301 -0.070648
v 0.005314 -0.037883 -0.071701
v 0.013956 -0.041467 -0.071869
v 0.008895 -0.036314 -0.071438
v 0.011299 -0.032166 -0.070616
v 0.006798 -0.046107 -0.071091
v 0.006948 -0.044718 -0.071737
v 0.001987 -0.048218 -0.069726
v 0.001796 -0.048591 -0.069516
v 0.001796 -0.048591 -0.069516
v 0.006276 -0.048767 -0.06794
v 0.006479 -0.048724 -0.052323
v 0.010148 -0.034012 -0.070846
v 0.011944 -0.035286 -0.071599
v 0.012805 -0.034196 -0.071571
v 0.012251 -0.036943 -0.071713
v 0.01293 -0.043229 -0.071783
v 0.018674 -0.039229 -0.07175
v 0.015245 -0.042908 -0.071517
v 0.011308 -0.044896 -0.071378
v 0.014079 -0.044503 -0.070879
v 0.011011 -0.045622 -0.070904
v 0.01597 -0.043236 -0.071053
v 0.02194 -0.035334 -0.071472
v 0.02194 -0.035334 -0.071472
v 0.020418 -0.038697 -0.071315
v 0.020418 -0.038697 -0.071315
v 0.017807 -0.041703 -0.071197
v 0.019662 -0.041432 -0.069873
v 0.019662 -0.041432 -0.069873
v 0.016894 -0.043493 -0.070013
v 0.020607 -0.039522 -0.070798
v 0.020607 -0.039522 -0.070798
v 0.015114 -0.044705 -0.069832
v 0.017195 -0.043589 -0.069825
v 0.018289 -0.044402 -0.069717
v 0.018289 -0.044402 -0.069717
v 0.015185 -0.04621 -0.069771
v 0.016624 -0.045765 -0.069187
v 0.016624 -0.045765 -0.069187
v 0.018963 -0.044108 -0.069158
v 0.017082 -0.045517 -0.063308
v 0.01987 -0.043452 -0.062296
v 0.007308 -0.04829 -0.069767
v 0.007949 -0.046371 -0.070764
v 0.007331 -0.047217 -0.069801
v 0.006443 -0.048549 -0.069592
v 0.006443 -0.048549 -0.069592
v 0.007533 -0.046869 -0.069937
v 0.009284 -0.046724 -0.069833
v 0.012182 -0.045928 -0.069951
v 0.012463 -0.046263 -0.069788
v 0.008147 -0.048453 -0.069546
v 0.008147 -0.048453 -0.069546
v 0.011233 -0.047844 -0.069608
v 0.009498 -0.048413 -0.068744
v 0.009498 -0.048413 -0.068744
v 0.014456 -0.046769 -0.06956
v 0.012291 -0.047742 -0.068606
v 0.012291 -0.047742 -0.068606
v 0.007734 -0.048655 -0.059024
v 0.011187 -0.048023 -0.061882
v 0.010924 -0.048126 -0.058777
v 0.014895 -0.046692 -0.068684
v 0.014895 -0.046692 -0.068684
v 0.013853 -0.047181 -0.060573
v 0.021983 -0.041284 -0.062773
v 0.021518 -0.042009 -0.053767
v 0.026449 -0.032672 -0.058631
v 0.025679 -0.035275 -0.058718
v 0.023195 -0.039882 -0.059589
v 0.023865 -0.038962 -0.056355
v 0.024701 -0.037578 -0.047434
v 0.02315 -0.040097 -0.047231
v 0.012812 -0.047576 -0.051953
v 0.009545 -0.048401 -0.049838
v 0.01615 -0.046112 -0.058949
v 0.018347 -0.044745 -0.058216
v 0.015301 -0.046553 -0.049363
v 0.018639 -0.044536 -0.050377
v 0.022432 -0.036096 -0.070927
v 0.021591 -0.038951 -0.069985
v 0.023234 -0.036249 -0.069926
v 0.024975 -0.035671 -0.069746
v 0.023432 -0.038342 -0.069743
v 0.024491 -0.037102 -0.069538
v 0.024987 -0.036279 -0.06869
v 0.024046 -0.03819 -0.068419
v 0.021618 -0.040862 -0.069774
v 0.023138 -0.039503 -0.069416
v 0.021653 -0.041292 -0.069572
v 0.02259 -0.040469 -0.068749
v 0.019978 -0.04293 -0.069657
v 0.020578 -0.042706 -0.069052
v 0.024981 -0.036438 -0.063366
v 0.023816 -0.038731 -0.062296
v 0.025933 -0.033966 -0.061739
v 0.024519 -0.037708 -0.060257
v -0.020271 -0.043444 -0.028536
v -0.015057 -0.046773 -0.030363
v -0.020672 -0.043147 -0.019476
v -0.016536 -0.046107 -0.010434
v -0.014004 -0.04727 -0.01515
v -0.011542 -0.048018 -0.031999
v -0.010742 -0.048274 -0.016687
v -0.018889 -0.044619 -0.0149
v -0.020777 -0.043093 -0.015526
v -0.02107 -0.042787 -0.012633
v -0.020009 -0.043883 -0.009187
v -0.010573 -0.04835 -0.001839
v -0.002301 -0.048763 -0.020172
v -0.006618 -0.048757 -0.019191
v 0.003158 -0.048829 -0.016561
v -0.003556 -0.048757 -0.013772
v -0.008219 -0.048625 -0.010983
v 0.025781 -0.035262 -0.042353
v 0.009166 -0.048447 -0.039701
v 0.01137 -0.047987 -0.038302
v 0.014279 -0.047 -0.040761
v 0.017432 -0.045384 -0.043436
v 0.020825 -0.042715 -0.04075
v 0.018464 -0.044674 -0.038735
v 0.017177 -0.045579 -0.025948
v 0.022824 -0.040561 -0.040103
v 0.026945 -0.030495 -0.032548
v 0.024378 -0.038294 -0.03396
v 0.026675 -0.032516 -0.032154
v 0.026957 -0.029862 -0.022009
v 0.026681 -0.032862 -0.024715
v 0.019587 -0.043893 -0.031298
v 0.022074 -0.041577 -0.029084
v 0.025585 -0.036071 -0.025039
v 0.024208 -0.03864 -0.025573
v 0.019007 -0.044352 -0.020486
v 0.02206 -0.041678 -0.022394
v 0.005266 -0.048732 -0.032029
v 0.009367 -0.048487 -0.025632
v 0.013506 -0.047387 -0.027973
v 0.00822 -0.048659 -0.021096
v 0.007751 -0.048672 -0.018228
v 0.011484 -0.048065 -0.015042
v 0.01146 -0.048013 -0.019446
v 0.01439 -0.047046 -0.019144
v -0.018461 -0.044949 -0.00509
v -0.013715 -0.047511 0.004736
v -0.015872 -0.046566 0.007355
v -0.006677 -0.048809 -0.001965
v -0.008139 -0.048741 0.005073
v -0.011101 -0.048303 0.007846
v 0.005834 -0.048816 -0.011591
v 0.001877 -0.048741 -0.008628
v -0.003229 -0.048742 -0.007555
v -0.00392 -0.048869 -0.002398
v 0.001208 -0.048865 -0.001726
v -0.003692 -0.048906 0.001225
v 0.004473 -0.048719 -0.005954
v 0.004978 -0.048889 0.001422
v -0.013903 -0.047508 0.017101
v -0.007828 -0.048881 0.015857
v -0.004144 -0.048796 0.007647
v -0.003541 -0.049028 0.017793
v 0.000266 -0.048918 0.003228
v 0.003882 -0.048942 0.005316
v 0.001721 -0.048857 0.012411
v 0.007367 -0.048849 0.004439
v 0.008076 -0.048888 0.017635
v 0.011094 -0.048289 0.01091
v 0.027824 -0.020155 -0.016849
v 0.026857 -0.031376 -0.018243
v 0.027431 -0.024222 -0.015723
v 0.026986 -0.029984 -0.013634
v 0.025183 -0.036964 -0.02099
v 0.021975 -0.041739 -0.016803
v 0.0235 -0.039845 -0.018632
v 0.02591 -0.035369 -0.015314
v 0.024926 -0.03753 -0.015089
v 0.02669 -0.03277 -0.01425
v 0.02588 -0.035148 -0.01396
v 0.023664 -0.039655 -0.015204
v 0.023277 -0.039963 -0.014258
v 0.022255 -0.041588 -0.01508
v 0.022089 -0.041455 -0.014165
v 0.024704 -0.0378 -0.014035
v 0.024409 -0.038553 -0.012631
v 0.025791 -0.035936 -0.012877
v 0.028016 -0.018328 -0.013504
v 0.027601 -0.021233 -0.013361
v 0.028093 -0.017017 -0.009609
v 0.027925 -0.019691 -0.011577
v 0.027883 -0.019302 -0.008687
v 0.027652 -0.021189 -0.01035
v 0.027335 -0.025841 -0.009421
v 0.028258 -0.013578 -0.004592
v 0.027945 -0.019119 -0.004659
v 0.027626 -0.021294 -0.006747
v 0.027818 -0.019022 -0.003121
v 0.027786 -0.020737 -0.000932
v 0.027005 -0.030895 -0.00418
v 0.027221 -0.029091 -0.000918
v 0.026879 -0.031524 0.002427
v 0.026119 -0.034797 -0.00372
v 0.02669 -0.03285 0.003779
v 0.026068 -0.034874 0.006017
v 0.024967 -0.037578 0.00264
v 0.026789 -0.032863 -0.012819
v 0.026645 -0.032989 -0.008915
v 0.025887 -0.035332 -0.011429
v 0.025307 -0.036795 -0.006036
v 0.023062 -0.040496 -0.012121
v 0.024149 -0.038853 -0.008098
v 0.0218 -0.042037 -0.007948
v 0.023395 -0.040022 -0.003552
v 0.006886 -0.048684 -0.013806
v 0.008324 -0.048669 -0.01508
v 0.009139 -0.04853 -0.012647
v 0.01121 -0.048002 -0.013798
v 0.01466 -0.046978 -0.015051
v 0.01757 -0.045419 -0.015268
v 0.0169 -0.045703 -0.013697
v 0.019283 -0.044225 -0.015098
v 0.01252 -0.047763 -0.012916
v 0.014125 -0.04701 -0.013761
v 0.015034 -0.046816 -0.013011
v 0.007965 -0.048725 -0.006395
v 0.010592 -0.048314 -0.003084
v 0.018993 -0.044242 -0.013943
v 0.017399 -0.045553 -0.012861
v 0.019246 -0.044302 -0.012899
v 0.021128 -0.042539 -0.012965
v 0.020141 -0.043561 -0.006244
v 0.017901 -0.045251 -0.004164
v 0.013733 -0.047392 -0.000524
v 0.016598 -0.046122 0.003225
v 0.008813 -0.048694 -0.001885
v 0.020568 -0.04306 -0.014981
v 0.01928 -0.04431 0.004626
v 0.02212 -0.041714 0.002354
v 0.023705 -0.039735 0.009365
v -0.025367 -0.027624 -0.069938
v -0.02578 -0.027282 -0.069716
v -0.026774 -0.026783 -0.069583
v -0.027474 0.040851 0.057725
v -0.027776 0.040249 0.053731
v -0.027776 0.040249 0.053731
v -0.028628 0.038386 0.056553
v -0.028628 0.038386 0.056553
v -0.028196 0.039266 0.058706
v -0.029323 0.036367 0.054129
v -0.02942 0.036131 0.057756
v -0.02942 0.036131 0.057756
v -0.030018 0.033724 0.053602
v -0.029518 0.035057 0.058719
v -0.029518 0.035057 0.058719
v -0.028621 0.037284 0.05903
v -0.029206 0.034785 0.059075
v -0.029206 0.034785 0.059075
v -0.029971 0.033299 0.058525
v 0.010151 0.049177 -0.00527
v -0.014259 0.047836 0.011258
v -0.010646 0.048975 0.010881
v -0.010646 0.048975 0.010881
v -0.021141 0.043201 0.004423
v -0.022809 0.041152 0.020446
v -0.020176 0.044031 0.022723
v -0.007263 0.049403 0.023294
v -0.006761 0.049471 0.001735
v -0.015243 0.04734 0.029823
v -0.01197 0.048626 0.033078
v -0.01197 0.048626 0.033078
v -0.017555 0.046043 0.030156
v -0.0087 0.04929 0.032367
v -0.026239 0.033856 0.009308
v -0.026674 0.031137 0.012062
v -0.025752 0.035597 0.012674
v -0.027052 0.025656 0.013365
v -0.02721 0.024617 0.008597
v -0.026933 0.027648 0.016998
v -0.026687 0.03155 0.017398
v -0.027795 0.014684 0.012891
v -0.027378 0.01882 0.014424
v -0.02705 0.026029 0.020201
v -0.026998 0.028847 0.019889
v -0.02736 0.021088 0.019869
v -0.027446 0.018198 0.016857
v -0.027687 0.015227 0.019887
v -0.02745 0.017824 0.019862
v -0.027507 0.01892 0.026943
v -0.025758 0.035437 0.022296
v -0.026264 0.033619 0.025316
v -0.02676 0.030212 0.025208
v -0.025545 0.036085 0.034349
v -0.026329 0.033396 0.03306
v -0.027167 0.025684 0.029969
v -0.027279 0.023248 0.032393
v -0.027471 0.019289 0.035394
v 0.01049 0.049056 -0.000473
v 0.009272 0.049218 0.00601
v 0.014456 0.047758 0.00109
v 0.018044 0.045911 -0.002602
v 0.001606 0.049331 0.024573
v 0.007374 0.049395 0.019228
v 0.007141 0.049237 0.0002
v 0.013157 0.048213 0.011919
v 0.015795 0.047101 0.016344
v 0.01768 0.046133 0.008471
v -0.005864 0.049479 0.039514
v -0.016951 0.046445 0.047056
v -0.014443 0.047742 0.04837
v -0.012681 0.048414 0.045307
v -0.010967 0.048919 0.048181
v -0.010967 0.048919 0.048181
v -0.008489 0.049356 0.04862
v -0.005874 0.049525 0.049446
v 0.001403 0.049436 0.049049
v 0.005858 0.049365 0.038748
v -0.019555 0.04455 0.045674
v -0.021343 0.042832 0.047579
v -0.023137 0.040536 0.052533
v -0.026654 0.031027 0.034109
v -0.026465 0.032316 0.044468
v -0.026564 0.030825 0.048472
v -0.027088 0.019338 0.048865
v -0.024543 0.038159 0.053349
v -0.025063 0.036933 0.051564
v -0.02303 0.04656 0.053218
v -0.021863 0.047282 0.05268
v -0.024008 0.0454 0.052736
v -0.022244 0.046307 0.052438
v -0.021245 0.048093 0.053303
v -0.019579 0.049092 0.052887
v -0.020236 0.048139 0.052646
v -0.025264 0.044251 0.053548
v -0.025815 0.043124 0.052714
v -0.026701 0.042199 0.053191
v -0.027084 0.041186 0.052818
v -0.026552 0.041825 0.052635
v -0.027589 0.040057 0.052958
v -0.027589 0.040057 0.052958
v -0.025092 0.044034 0.05281
v -0.023624 0.046094 0.05747
v -0.025677 0.043677 0.057082
v -0.014469 0.047786 0.052272
v -0.025956 0.03431 0.052967
v -0.029825 0.033434 0.052891
v -0.029807 0.032252 0.052627
v -0.030297 0.031346 0.053213
v -0.030181 0.030094 0.052664
v -0.030214 0.029001 0.052812
v -0.030504 0.028224 0.05351
v -0.030359 0.027057 0.052796
v -0.029893 0.028942 0.052659
v -0.030546 0.025705 0.053316
v -0.029569 0.028634 0.052694
v -0.0299 0.026368 0.052656
v -0.028558 0.038418 0.053358
v -0.028567 0.037671 0.05275
v -0.02927 0.035953 0.052986
v -0.029265 0.035179 0.052715
v -0.030355 0.030906 0.057588
v -0.030644 0.021546 0.057688
v -0.029025 0.032652 0.059308
v -0.029702 0.031717 0.059098
v -0.028484 0.034419 0.059216
v -0.028484 0.034419 0.059216
v -0.028871 0.032649 0.059615
v -0.030158 0.030888 0.058662
v -0.030414 0.023396 0.058643
v -0.03 0.026987 0.058902
v -0.029106 0.030181 0.059103
v -0.029298 0.027497 0.059108
v -0.029103 0.028263 0.059434
v -0.029031 0.031595 0.059426
v -0.029444 0.029642 0.060577
v -0.029238 0.032121 0.060876
v -0.029238 0.032121 0.060876
v -0.029482 0.028468 0.060221
v 0.008991 0.049192 0.026774
v 0.012639 0.04835 0.026465
v 0.018445 0.045562 0.016022
v 0.021317 0.043108 0.015353
v 0.019721 0.044534 0.012341
v 0.019462 0.044752 0.019595
v 0.021144 0.043037 0.017965
v 0.02007 0.044236 0.02092
v 0.015565 0.047184 0.028876
v 0.01762 0.045956 0.027115
v 0.021132 0.042752 0.020265
v 0.021351 0.042711 0.021639
v 0.0194 0.04468 0.028581
v 0.021758 0.042469 0.024451
v 0.009913 0.049069 0.041849
v 0.012782 0.048324 0.040332
v 0.014525 0.047749 0.033317
v 0.016964 0.046535 0.032863
v 0.018462 0.045539 0.031719
v 0.021997 0.042152 0.028724
v 0.023745 0.039958 0.026981
v 0.022589 0.041683 0.031341
v 0.020496 0.043856 0.031425
v 0.020131 0.044211 0.035615
v 0.015838 0.047045 0.040881
v 0.018166 0.045658 0.038042
v 0.022549 0.041694 0.036793
v 0.023253 0.040738 0.03318
v 0.023934 0.0397 0.037481
v 0.019695 0.044497 0.038689
v 0.02136 0.043077 0.042403
v -0.026281 0.042652 0.058479
v -0.02558 0.043256 0.058842
v -0.027516 0.039528 0.059144
v -0.026969 0.038556 0.059221
v -0.025969 0.040837 0.059166
v -0.025857 0.041803 0.060606
v -0.027268 0.039183 0.060677
v -0.026861 0.04001 0.061605
v -0.025899 0.040494 0.059518
v -0.027585 0.037261 0.059195
v -0.028152 0.036544 0.059148
v -0.027948 0.037464 0.061668
v -0.028001 0.037001 0.0603
v -0.028724 0.034868 0.060706
v -0.025461 0.0423 0.062166
v -0.02495 0.042233 0.063636
v -0.026191 0.040205 0.063717
v -0.027339 0.037774 0.063466
v -0.028215 0.03482 0.063439
v -0.02773 0.036825 0.066725
v -0.028568 0.035191 0.062112
v -0.028986 0.033248 0.061861
v -0.024724 0.042706 0.067851
v -0.024224 0.04321 0.066777
v -0.025195 0.041908 0.066691
v -0.025696 0.041071 0.068848
v -0.02355 0.044103 0.068899
v -0.027304 0.038046 0.068694
v -0.026422 0.039844 0.070524
v -0.024967 0.042316 0.070315
v -0.025985 0.040347 0.071379
v -0.024759 0.038163 0.069838
v -0.024753 0.039233 0.070009
v -0.025751 0.036883 0.070022
v -0.028323 0.03447 0.068421
v -0.027927 0.036051 0.065994
v -0.028641 0.032687 0.067207
v -0.028892 0.031878 0.068155
v -0.028654 0.03082 0.066652
v -0.028805 0.032487 0.070361
v -0.026044 0.035294 0.069649
v -0.025221 0.036703 0.069866
v -0.027705 0.036913 0.071617
v -0.026984 0.038258 0.07159
v -0.027412 0.037153 0.071869
v -0.026647 0.038125 0.071737
v -0.026687 0.037096 0.0716
v -0.025571 0.039286 0.071163
v -0.028207 0.035539 0.071305
v -0.027932 0.035818 0.071647
v -0.027674 0.035341 0.07162
v -0.025002 0.037343 0.069711
v -0.027272 0.034845 0.071249
v -0.028966 0.032627 0.071425
v -0.027352 0.031823 0.0705
v -0.027205 0.031075 0.069927
v -0.026896 0.032794 0.069731
v -0.0274 0.032889 0.070723
v -0.021023 0.046638 0.071036
v -0.023408 0.044163 0.071505
v -0.023087 0.04425 0.071808
v -0.024983 0.041952 0.071395
v -0.025342 0.040994 0.071543
v -0.025881 0.039771 0.071496
v -0.013792 0.052096 0.053163
v -0.015785 0.051126 0.052855
v -0.015242 0.051642 0.053697
v -0.013521 0.052275 0.053607
v -0.015837 0.051436 0.057887
v -0.012571 0.052253 0.052791
v -0.010844 0.052984 0.053848
v -0.012612 0.052496 0.058171
v -0.009811 0.052881 0.052924
v -0.009059 0.052628 0.052604
v -0.007561 0.05329 0.053415
v -0.015239 0.05152 0.058668
v -0.012778 0.052328 0.058638
v -0.010293 0.053012 0.05846
v -0.01426 0.051499 0.059046
v -0.01057 0.052544 0.05899
v -0.012557 0.051053 0.059247
v -0.012557 0.051053 0.059247
v -0.011587 0.051407 0.059283
v -0.011587 0.051407 0.059283
v -0.008827 0.053237 0.057006
v -0.010247 0.051765 0.059214
v -0.010247 0.051765 0.059214
v -0.009503 0.051915 0.059263
v -0.00675 0.053376 0.058203
v -0.009932 0.052502 0.062156
v -0.009966 0.052588 0.060839
v -0.012149 0.052085 0.061821
v -0.009742 0.051917 0.059685
v -0.006683 0.053159 0.058725
v -0.007918 0.052077 0.059187
v -0.008574 0.051968 0.059564
v -0.007121 0.052956 0.061685
v -0.002108 0.053373 0.053772
v -0.004715 0.053056 0.052944
v -0.001381 0.053354 0.05833
v -0.002404 0.053007 0.052892
v -0.000583 0.053122 0.052856
v -0.001989 0.053011 0.058821
v -0.004176 0.052409 0.059264
v -0.006104 0.05254 0.059121
v -0.001602 0.052364 0.05915
v 0.000528 0.053256 0.053074
v 0.001321 0.052928 0.052757
v 0.002882 0.053274 0.05353
v 0.00687 0.053193 0.053338
v 0.005251 0.052983 0.052885
v 0.006758 0.053357 0.05671
v -0.010951 0.051768 0.063772
v -0.007013 0.0525 0.063274
v 0.000626 0.052248 0.05914
v -0.003316 0.052943 0.06159
v 0.000704 0.052968 0.061184
v -0.00201 0.052845 0.060555
v 0.001547 0.052531 0.06328
v -5e-05 0.052488 0.065597
v -0.003912 0.052429 0.065767
v -0.002609 0.052097 0.068757
v 0.005906 0.053283 0.058367
v 0.00507 0.053079 0.058758
v 0.00169 0.052448 0.059129
v 0.00195 0.052239 0.059445
v 0.003419 0.052275 0.059156
v 0.005405 0.052354 0.059113
v 0.004888 0.052312 0.059535
v 0.003665 0.051559 0.071547
v 0.002253 0.050889 0.070458
v 0.004172 0.050936 0.070733
v 0.007544 0.049936 0.069885
v 0.006769 0.05048 0.070131
v 0.006213 0.04904 0.069358
v 0.00771 0.048607 0.069771
v 0.00866 0.048806 0.069625
v 0.008784 0.050146 0.070039
v 0.007666 0.05167 0.071648
v -0.020922 0.048406 0.057962
v -0.019555 0.04942 0.057662
v -0.019107 0.049605 0.053337
v -0.018111 0.049724 0.052554
v -0.017433 0.050413 0.052997
v -0.017071 0.049931 0.052568
v -0.017725 0.050491 0.054017
v -0.019891 0.048956 0.058615
v -0.023077 0.046424 0.05867
v -0.02114 0.047925 0.05884
v -0.02261 0.046511 0.058926
v -0.019196 0.049109 0.058928
v -0.019531 0.047927 0.059181
v -0.020317 0.04724 0.059115
v -0.020317 0.04724 0.059115
v -0.021493 0.046405 0.059317
v -0.017652 0.050268 0.058796
v -0.017746 0.048902 0.059182
v -0.018863 0.048109 0.059194
v -0.016485 0.049578 0.059521
v -0.020285 0.047126 0.059492
v -0.019561 0.047766 0.059573
v -0.024537 0.044854 0.05857
v -0.024618 0.042614 0.059221
v -0.023462 0.044337 0.059181
v -0.024424 0.042717 0.059548
v -0.022157 0.045579 0.0596
v -0.022157 0.045579 0.0596
v -0.023146 0.044415 0.059516
v -0.023146 0.044415 0.059516
v -0.021016 0.046668 0.05953
v -0.024598 0.043594 0.06052
v -0.02264 0.045936 0.061425
v -0.015791 0.049933 0.059262
v -0.015791 0.049933 0.059262
v -0.015088 0.051018 0.061681
v -0.016812 0.050195 0.060744
v -0.017648 0.049656 0.062152
v -0.0146 0.051184 0.060634
v -0.01876 0.049014 0.060969
v -0.016251 0.050044 0.063414
v -0.013611 0.051028 0.063753
v -0.013461 0.050897 0.059242
v -0.013461 0.050897 0.059242
v -0.014509 0.050458 0.059234
v -0.014509 0.050458 0.059234
v -0.012956 0.051037 0.059556
v -0.012504 0.051862 0.060622
v -0.027 0.038495 0.059692
v -0.027235 0.037624 0.059394
v -0.027706 0.036603 0.059489
v -0.02831 0.03457 0.059427
v -0.028825 0.033354 0.059851
v -0.028825 0.033354 0.059851
v -0.028739 0.031956 0.0628
v -0.029083 0.029602 0.062485
v -0.029083 0.029602 0.062485
v -0.023202 0.039771 0.069916
v -0.024133 0.039385 0.06986
v -0.023353 0.038946 0.070168
v -0.023558 0.040472 0.070017
v -0.022188 0.039496 0.069859
v -0.022863 0.039014 0.069824
v -0.023608 0.038268 0.069698
v -0.023889 0.038426 0.070079
v -0.024226 0.037369 0.069777
v -0.022645 0.037942 0.069839
v -0.021651 0.037971 0.069866
v -0.022645 0.036722 0.070025
v -0.02174 0.036934 0.070395
v -0.021215 0.037239 0.070308
v -0.026504 0.032776 0.069555
v -0.026403 0.031402 0.069565
v -0.024964 0.035929 0.069848
v -0.025093 0.034979 0.070063
v -0.023793 0.036164 0.069891
v -0.02493 0.034472 0.070115
v -0.024383 0.034559 0.069925
v -0.023648 0.035498 0.070022
v -0.023571 0.03442 0.070021
v -0.023603 0.036759 0.069807
v -0.022868 0.035718 0.069691
v -0.022444 0.036122 0.070213
v -0.022426 0.035437 0.070397
v -0.020958 0.036303 0.070327
v -0.022403 0.034799 0.069556
v -0.02296 0.033937 0.069911
v -0.021944 0.034924 0.070204
v -0.026523 0.033997 0.06988
v -0.025743 0.03395 0.069823
v -0.025184 0.03329 0.069885
v -0.02458 0.033947 0.069764
v -0.025441 0.031183 0.0701
v -0.023926 0.033983 0.069906
v -0.024767 0.032074 0.069843
v -0.023648 0.032269 0.069794
v -0.023213 0.033416 0.069674
v -0.024484 0.031014 0.06993
v -0.023731 0.031355 0.069746
v -0.021831 0.034501 0.070099
v -0.02254 0.033917 0.069937
v -0.021776 0.033484 0.070616
v -0.021776 0.033484 0.070616
v -0.022209 0.033555 0.070293
v -0.021187 0.034259 0.07034
v -0.021187 0.034259 0.07034
v -0.020557 0.035024 0.070175
v -0.020557 0.035024 0.070175
v -0.022793 0.033685 0.070199
v -0.022793 0.033685 0.070199
v -0.022178 0.032913 0.069999
v -0.022178 0.032913 0.069999
v -0.022122 0.032174 0.069451
v -0.022122 0.032174 0.069451
v -0.022002 0.032443 0.069625
v -0.022641 0.031781 0.069667
v -0.022641 0.031781 0.069667
v -0.021923 0.032213 0.070051
v -0.021923 0.032213 0.070051
v -0.021923 0.032213 0.070051
v -0.023029 0.031248 0.069595
v -0.023029 0.031248 0.069595
v -0.023489 0.031784 0.069837
v -0.023489 0.031784 0.069837
v -0.023489 0.031784 0.069837
v -0.023273 0.030712 0.069516
v -0.023273 0.030712 0.069516
v -0.023551 0.030066 0.069814
v -0.023551 0.030066 0.069814
v -0.022643 0.030753 0.069586
v -0.022643 0.030753 0.069586
v -0.022643 0.030753 0.069586
v -0.022643 0.030753 0.069586
v -0.022758 0.030231 0.069465
v -0.023263 0.029862 0.069529
v -0.022726 0.03167 0.070078
v -0.022726 0.03167 0.070078
v -0.022726 0.03167 0.070078
v -0.023129 0.031285 0.070095
v -0.023129 0.031285 0.070095
v -0.022955 0.030948 0.069841
v -0.022961 0.030317 0.070084
v -0.022961 0.030317 0.070084
v -0.022591 0.029788 0.069897
v -0.022591 0.029788 0.069897
v -0.021793 0.031333 0.070202
v -0.022145 0.029913 0.070421
v -0.021394 0.032273 0.070207
v -0.020618 0.032259 0.070186
v -0.020474 0.031576 0.070186
v -0.019785 0.032883 0.070352
v -0.021082 0.030113 0.0704
v -0.019763 0.030878 0.069933
v -0.020294 0.030207 0.070142
v -0.018938 0.031586 0.070036
v -0.018784 0.030154 0.069966
v -0.014891 0.050468 0.068914
v -0.016021 0.050025 0.070651
v -0.012893 0.051318 0.070268
v -0.013394 0.050983 0.066827
v -0.010713 0.051889 0.069733
v -0.012712 0.051221 0.071284
v -0.016924 0.045733 0.0699
v -0.017936 0.045252 0.070228
v -0.017387 0.044328 0.070378
v -0.015714 0.044377 0.069474
v -0.015714 0.044377 0.069474
v -0.016738 0.043947 0.070013
v -0.018851 0.044407 0.06986
v -0.018099 0.043215 0.069666
v -0.01866 0.043296 0.069735
v -0.018418 0.042558 0.0694
v -0.017078 0.042718 0.070073
v -0.017078 0.042718 0.070073
v -0.018127 0.042466 0.069936
v -0.016044 0.04341 0.070099
v -0.016044 0.04341 0.070099
v -0.014626 0.042324 0.070267
v -0.014819 0.043658 0.070341
v -0.015868 0.041694 0.07016
v -0.008519 0.052103 0.064832
v -0.011362 0.048362 0.069582
v -0.009536 0.047908 0.069505
v -0.010015 0.049944 0.070239
v -0.007865 0.049011 0.069475
v -0.008928 0.048869 0.069961
v -0.008593 0.048407 0.069663
v -0.00935 0.047245 0.069211
v -0.010077 0.04699 0.069471
v -0.008637 0.047068 0.069368
v -0.007051 0.048218 0.069341
v -0.008242 0.047515 0.069732
v -0.008273 0.046576 0.069631
v -0.007878 0.047142 0.069929
v -0.007329 0.046205 0.06977
v -0.00671 0.046785 0.069677
v -0.013846 0.045039 0.069389
v -0.014256 0.045197 0.069241
v -0.014256 0.045197 0.069241
v -0.014132 0.044674 0.069222
v -0.01433 0.0442 0.069503
v -0.012279 0.047652 0.069366
v -0.01295 0.048442 0.069748
v -0.013782 0.045341 0.069846
v -0.013782 0.045341 0.069846
v -0.013782 0.045341 0.069846
v -0.014733 0.045542 0.069783
v -0.014366 0.046231 0.07004
v -0.013101 0.046427 0.070004
v -0.013238 0.045361 0.070006
v -0.013238 0.045361 0.070006
v -0.011246 0.047383 0.069517
v -0.01139 0.046399 0.069802
v -0.010269 0.046363 0.069706
v -0.010698 0.04559 0.069596
v -0.011423 0.045472 0.070288
v -0.011309 0.04405 0.069904
v -0.011309 0.04405 0.069904
v -0.010652 0.04485 0.069922
v -0.015235 0.045196 0.06966
v -0.014066 0.043882 0.07003
v -0.013921 0.04432 0.069779
v -0.013346 0.043047 0.070082
v -0.013604 0.041987 0.070192
v -0.014737 0.041148 0.069907
v -0.009383 0.046173 0.069642
v -0.009992 0.045057 0.070045
v -0.008456 0.045239 0.069719
v -0.010207 0.044735 0.069978
v -0.009619 0.043848 0.069899
v -0.00911 0.044534 0.069678
v -0.007521 0.045213 0.070034
v -0.00741 0.043883 0.069956
v -0.009871 0.042727 0.070194
v -0.009871 0.042727 0.070194
v -0.008837 0.042645 0.070423
v -0.008837 0.042645 0.070423
v -0.008083 0.043013 0.070178
v -0.008196 0.042859 0.070834
v -0.008196 0.042859 0.070834
v -0.008569 0.042496 0.070737
v -0.010387 0.051874 0.071254
v -0.010387 0.051874 0.071254
v -0.010387 0.051874 0.071254
v -0.007692 0.052366 0.06983
v -0.007303 0.052218 0.071332
v -0.009434 0.051621 0.071476
v -0.008456 0.051975 0.07134
v -0.006541 0.052302 0.068661
v -0.005494 0.052417 0.0709
v -0.006361 0.05031 0.069921
v -0.006361 0.05031 0.069921
v -0.00661 0.049498 0.069931
v -0.005607 0.049262 0.069749
v -0.005607 0.049262 0.069749
v -0.006546 0.050583 0.07011
v -0.006546 0.050583 0.07011
v -0.006039 0.051994 0.07175
v -0.006594 0.051324 0.071341
v -0.005336 0.050965 0.070567
v -0.008006 0.049558 0.069887
v -0.008546 0.050262 0.070286
v -0.004545 0.052158 0.071664
v -0.004545 0.052158 0.071664
v -0.003605 0.052274 0.071561
v -0.004818 0.051803 0.07165
v -0.022519 0.041805 0.069885
v -0.020978 0.041376 0.069782
v -0.019959 0.04279 0.069658
v -0.019319 0.042215 0.069631
v -0.020246 0.042071 0.06952
v -0.019821 0.041414 0.06975
v -0.02026 0.04065 0.069981
v -0.020172 0.039873 0.069917
v -0.020431 0.039079 0.069766
v -0.019246 0.04168 0.069604
v -0.018581 0.042061 0.069693
v -0.018157 0.041611 0.06995
v -0.018157 0.041611 0.06995
v -0.018529 0.040706 0.070092
v -0.018529 0.040706 0.070092
v -0.019167 0.040271 0.069942
v -0.018103 0.039727 0.070139
v -0.018103 0.039727 0.070139
v -0.018103 0.039727 0.070139
v -0.017447 0.039177 0.06955
v -0.017447 0.039177 0.06955
v -0.017072 0.039168 0.069933
v -0.017554 0.039368 0.069591
v -0.017554 0.039368 0.069591
v -0.017554 0.039368 0.069591
v -0.017551 0.041491 0.070153
v -0.016426 0.041246 0.070095
v -0.016813 0.040956 0.070052
v -0.017414 0.039908 0.070103
v -0.016525 0.040214 0.070271
v -0.020662 0.037757 0.069965
v -0.01975 0.039171 0.070012
v -0.019486 0.038446 0.070132
v -0.020127 0.037644 0.069955
v -0.019564 0.037439 0.070453
v -0.020373 0.037028 0.070366
v -0.019056 0.037889 0.070601
v -0.019056 0.037889 0.070601
v -0.017921 0.039098 0.069837
v -0.017921 0.039098 0.069837
v -0.018455 0.03857 0.06987
v -0.018416 0.037799 0.070349
v -0.017626 0.038167 0.070347
v -0.017626 0.038167 0.070347
v -0.017238 0.038772 0.069815
v -0.018953 0.036179 0.070193
v -0.018953 0.036179 0.070193
v -0.018346 0.036795 0.070101
v -0.018346 0.036795 0.070101
v -0.019465 0.035565 0.070265
v -0.019465 0.035565 0.070265
v -0.019536 0.03463 0.069823
v -0.018468 0.035208 0.070324
v -0.018504 0.033862 0.069931
v -0.015679 0.040463 0.069918
v -0.015401 0.04175 0.070294
v -0.015773 0.039028 0.070158
v -0.016202 0.038652 0.069916
v -0.013926 0.03917 0.070478
v -0.014288 0.040042 0.070366
v -0.013726 0.040738 0.070205
v -0.014677 0.038495 0.070593
v -0.017013 0.037645 0.070248
v -0.017262 0.036664 0.070166
v -0.016461 0.035019 0.070197
v -0.01605 0.037705 0.070444
v -0.016466 0.036113 0.070049
v -0.015567 0.035956 0.07017
v -0.012796 0.038628 0.07005
v -0.011622 0.041996 0.070081
v -0.017508 0.034772 0.070043
v -0.016308 0.033061 0.06988
v -0.013141 0.030991 0.069489
v -0.013726 0.031677 0.069349
v -0.014702 0.031307 0.069649
v -0.015233 0.028618 0.069679
v -0.013801 0.029589 0.069792
v -0.00621 0.044263 0.06989
v -0.005755 0.043439 0.069799
v -0.005755 0.043439 0.069799
v -0.006775 0.042812 0.070316
v -0.006775 0.042812 0.070316
v -0.006069 0.042224 0.070278
v -0.004983 0.041907 0.070094
v -0.007514 0.042834 0.070422
v -0.007514 0.042834 0.070422
v -0.008022 0.042456 0.070866
v -0.007577 0.041983 0.07019
v -0.004697 0.049728 0.069868
v -0.004624 0.050946 0.070343
v -0.003562 0.050251 0.070146
v -0.003548 0.048542 0.069685
v -0.002439 0.049579 0.069822
v -0.002572 0.049005 0.069813
v -0.00205 0.048387 0.069534
v -0.00586 0.047918 0.069416
v -0.004691 0.0481 0.069648
v -0.005431 0.047154 0.069844
v -0.004062 0.045347 0.069905
v -0.003665 0.047366 0.069509
v -0.00336 0.046223 0.06958
v -0.001169 0.049255 0.069545
v -0.001958 0.050097 0.070072
v -0.000839 0.047809 0.069616
v -0.000474 0.050241 0.069976
v 0.0007 0.049757 0.070012
v 0.000582 0.047353 0.069579
v 0.00118 0.048043 0.069601
v 0.000244 0.049158 0.069919
v 0.001481 0.048956 0.069849
v -0.002485 0.047043 0.069527
v -0.00257 0.045973 0.069388
v -0.001408 0.046362 0.069434
v -0.001182 0.047017 0.069697
v -0.002807 0.045154 0.069993
v -0.001266 0.045271 0.070028
v -0.0017 0.047813 0.069724
v -0.000722 0.046363 0.069542
v -0.000413 0.045414 0.069683
v -0.001041 0.044117 0.069871
v 0.001155 0.050433 0.07037
v -0.003285 0.043477 0.069923
v -0.003285 0.043477 0.069923
v 0.000921 0.046312 0.06942
v 0.005624 0.046825 0.069581
v 0.004101 0.046979 0.069398
v 0.00352 0.046135 0.069389
v 0.005982 0.045997 0.069532
v 0.005235 0.048896 0.069401
v 0.007057 0.048346 0.069707
v 0.006991 0.047555 0.069566
v 0.005936 0.047443 0.069544
v 0.008344 0.048065 0.069196
v 0.007838 0.047053 0.069263
v 0.007051 0.046518 0.06953
v 0.007112 0.045658 0.06983
v 0.003936 0.045256 0.069957
v 0.005684 0.045494 0.069906
v 0.003661 0.043742 0.070159
v 0.005828 0.044418 0.06992
v -0.008871 0.034409 0.069033
v -0.009572 0.034873 0.068971
v -0.009434 0.033407 0.06919
v -0.008063 0.035303 0.069344
v -0.008024 0.03411 0.068974
v -0.00701 0.034196 0.069278
v -0.00799 0.03321 0.069071
v -0.009808 0.032476 0.069137
v -0.007858 0.031895 0.068819
v -0.009406 0.031147 0.069246
v -0.01103 0.031627 0.069203
v -0.012911 0.030434 0.069328
v -0.008284 0.02934 0.069246
v -0.008365 0.029777 0.068956
v -0.009057 0.029626 0.069251
v -0.008811 0.028727 0.069416
v -0.008099 0.030441 0.06891
v -0.007803 0.031226 0.068702
v -0.007219 0.030146 0.06917
v -0.006683 0.031053 0.069107
v -0.006481 0.029754 0.069212
v -0.008853 0.030299 0.069256
v -0.007955 0.029705 0.068977
v -0.00747 0.029396 0.068935
v -0.010465 0.027508 0.069212
v -0.009546 0.027766 0.069186
v -0.010341 0.028513 0.069577
v -0.011274 0.027786 0.069148
v -0.00773 0.027439 0.069308
v -0.000242 0.03573 0.069509
v -0.001724 0.036697 0.069504
v -0.001687 0.035747 0.069217
v -5.5e-05 0.037324 0.069573
v -0.001953 0.034534 0.06902
v 0.000323 0.034746 0.069456
v 0.001139 0.035072 0.069087
v -0.000762 0.034118 0.069535
v -0.002078 0.033448 0.069051
v -0.00023 0.03373 0.069373
v -0.001073 0.032846 0.069214
v -0.000402 0.032732 0.068648
v -0.000691 0.031518 0.068792
v -0.003056 0.03121 0.069202
v -0.002338 0.030956 0.068959
v -0.001694 0.031268 0.068959
v -0.002912 0.030583 0.069196
v -0.001239 0.030489 0.069129
v -0.002204 0.030024 0.069267
v 0.000859 0.033059 0.068634
v 0.000526 0.031728 0.068935
v -0.000125 0.030689 0.069065
v -0.00093 0.029807 0.06909
v 0.00042 0.031035 0.069086
v 0.001406 0.030543 0.068771
v -0.000393 0.028784 0.069022
v -0.005843 0.03139 0.069071
v -0.005318 0.029689 0.069395
v -0.004786 0.0301 0.069566
v -0.006532 0.0281 0.069471
v -0.005581 0.028807 0.069598
v -0.004461 0.028939 0.069375
v -0.005059 0.027666 0.069307
v -0.004098 0.028491 0.069377
v -0.003898 0.029701 0.069439
v -0.003594 0.028911 0.069508
v -0.008347 0.025858 0.069188
v -0.007302 0.024904 0.069055
v -0.007483 0.02645 0.069579
v -0.006728 0.02637 0.06936
v -0.00699 0.02713 0.069307
v -0.006421 0.026717 0.06959
v -0.00537 0.027045 0.069602
v -0.004988 0.025406 0.06933
v -0.004282 0.026539 0.069334
v -0.003148 0.02781 0.069183
v -0.002471 0.026661 0.068966
v -0.002534 0.028256 0.06915
v -0.001096 0.027423 0.068818
v -0.003198 0.026494 0.069315
v -0.001895 0.02514 0.068919
v -0.00329 0.0252 0.068908
v -0.003112 0.023914 0.068852
v -0.003769 0.023545 0.068989
v -0.001849 0.02415 0.069276
v -0.002539 0.023123 0.069448
v -0.004513 0.031991 0.069351
v -0.003564 0.030358 0.069568
v -0.003161 0.029397 0.069336
v -0.001949 0.028863 0.069183
v -0.001672 0.029629 0.069035
v 0.007229 0.049376 0.0492
v 0.009859 0.049111 0.049868
v 0.012368 0.048494 0.049373
v 0.008585 0.053173 0.053528
v 0.008346 0.05263 0.052657
v 0.012907 0.052427 0.053584
v 0.011436 0.052426 0.052822
v 0.010955 0.05285 0.053415
v 0.009959 0.052819 0.053101
v 0.010203 0.053089 0.057665
v 0.013325 0.052366 0.055507
v 0.018968 0.045155 0.044696
v 0.020103 0.044112 0.04628
v 0.02277 0.041407 0.042934
v 0.022031 0.042176 0.045108
v 0.024628 0.03833 0.042425
v 0.025283 0.03721 0.03272
v 0.021307 0.042948 0.049584
v 0.023887 0.039529 0.045609
v 0.022616 0.041442 0.048964
v 0.025258 0.036847 0.049193
v 0.025453 0.036344 0.043606
v 0.017114 0.046366 0.049769
v 0.019456 0.044772 0.04973
v 0.024174 0.039041 0.049819
v 0.00968 0.053105 0.058482
v 0.009183 0.052145 0.059162
v 0.010215 0.052754 0.058781
v 0.013572 0.052227 0.057645
v 0.012221 0.052406 0.058296
v 0.011635 0.051791 0.059157
v 0.010763 0.05186 0.059516
v 0.013184 0.051747 0.059031
v 0.006748 0.052171 0.059364
v 0.015416 0.051555 0.053554
v 0.01594 0.051409 0.057236
v 0.018011 0.050365 0.05447
v 0.018147 0.049999 0.053105
v 0.01997 0.049084 0.053619
v 0.014784 0.051569 0.058987
v 0.016341 0.051113 0.05854
v 0.018792 0.049956 0.058153
v 0.010269 0.049287 0.06965
v 0.009784 0.04799 0.069197
v 0.011232 0.048158 0.069498
v 0.016707 0.05254 0.060933
v 0.014817 0.05231 0.06105
v 0.016717 0.052332 0.061354
v 0.014604 0.051878 0.061352
v 0.016002 0.051289 0.061511
v 0.017825 0.05183 0.061481
v 0.016859 0.050672 0.061534
v 0.017495 0.050652 0.061383
v 0.014346 0.051473 0.061784
v 0.017389 0.04973 0.063058
v 0.01788 0.049527 0.062046
v 0.016634 0.050242 0.062449
v 0.019266 0.048742 0.062865
v 0.016735 0.050027 0.065567
v 0.014239 0.051068 0.066417
v 0.015085 0.050607 0.063815
v 0.015013 0.050677 0.068412
v 0.018742 0.048838 0.065365
v 0.02032 0.048956 0.057893
v 0.022285 0.047374 0.053714
v 0.021492 0.048099 0.058299
v 0.023349 0.046506 0.057826
v 0.024394 0.045502 0.053857
v 0.025 0.044837 0.057715
v 0.027873 0.040602 0.055021
v 0.027137 0.04185 0.053298
v 0.02643 0.043053 0.053727
v 0.026545 0.042731 0.058091
v 0.028628 0.038967 0.057216
v 0.028619 0.038928 0.053516
v 0.027634 0.040764 0.058522
v 0.029318 0.03729 0.05715
v 0.008183 0.046315 0.069615
v 0.008781 0.04698 0.069412
v 0.007593 0.045814 0.069597
v 0.008926 0.045484 0.069603
v 0.008799 0.046378 0.069823
v 0.00994 0.046459 0.069787
v 0.010587 0.046928 0.069883
v 0.01067 0.04589 0.069567
v 0.007566 0.044651 0.069979
v 0.014882 0.043548 0.069751
v 0.014882 0.043548 0.069751
v 0.014843 0.043992 0.069808
v 0.014843 0.043992 0.069808
v 0.013653 0.044121 0.069558
v 0.017633 0.039126 0.06973
v 0.017633 0.039126 0.06973
v 0.017367 0.038871 0.069327
v 0.018418 0.038651 0.069341
v 0.018418 0.038651 0.069341
v 0.018418 0.038651 0.069341
v 0.017209 0.037444 0.069349
v 0.018556 0.03741 0.069308
v 0.001808 0.032501 0.068979
v -0.000633 0.026503 0.06897
v -0.000957 0.025299 0.06931
v 0.000524 0.028131 0.069089
v -0.000269 0.027377 0.068991
v 0.001463 0.028546 0.068977
v 0.000117 0.026276 0.069191
v 0.003928 0.023664 0.06945
v 0.003551 0.025252 0.069233
v 0.002863 0.023492 0.069524
v 0.003255 0.02207 0.069297
v 0.004557 0.022603 0.069515
v 0.003895 0.021084 0.069595
v 0.006 0.023243 0.069457
v 0.004915 0.025003 0.069543
v 0.006022 0.021861 0.069555
v 0.018728 0.038719 0.069347
v 0.018728 0.038719 0.069347
v 0.018903 0.037985 0.069323
v 0.019446 0.037499 0.068976
v 0.01941 0.038208 0.069149
v 0.019997 0.038417 0.069141
v 0.019997 0.038417 0.069141
v 0.019997 0.038417 0.069141
v 0.019997 0.038417 0.069141
v 0.019817 0.037756 0.068975
v 0.019338 0.036028 0.068984
v 0.01776 0.036002 0.069354
v 0.020309 0.036345 0.06914
v 0.020632 0.036738 0.069323
v 0.020632 0.036738 0.069323
v 0.020529 0.035474 0.069515
v 0.020529 0.035474 0.069515
v 0.019674 0.035008 0.069267
v 0.020263 0.032454 0.069516
v 0.020195 0.033687 0.069475
v 0.020702 0.034358 0.069523
v 0.020657 0.03267 0.069654
v 0.020801 0.033099 0.069958
v 0.021554 0.03238 0.070227
v 0.022413 0.031652 0.069543
v 0.023299 0.031163 0.069427
v 0.023299 0.031163 0.069427
v 0.022742 0.031477 0.069693
v 0.022974 0.030315 0.069496
v 0.021131 0.03061 0.06926
v 0.021876 0.029836 0.069429
v 0.023307 0.02931 0.069359
v 0.023307 0.02931 0.069359
v 0.024091 0.030525 0.069562
v 0.025054 0.029171 0.069423
v 0.019933 0.0291 0.069345
v 0.018815 0.028407 0.069301
v 0.020514 0.028105 0.06957
v 0.021236 0.026907 0.069004
v 0.019922 0.027344 0.069351
v 0.020249 0.02672 0.069255
v 0.021343 0.027563 0.069335
v 0.022294 0.026694 0.06922
v 0.022294 0.026694 0.06922
v 0.021757 0.028101 0.069165
v 0.021073 0.028856 0.069237
v 0.022892 0.028265 0.069443
v 0.022892 0.028265 0.069443
v 0.022575 0.02715 0.069366
v 0.022575 0.02715 0.069366
v 0.021829 0.025893 0.069613
v 0.021829 0.025893 0.069613
v 0.024392 0.028164 0.069587
v 0.02362 0.027618 0.069369
v 0.023351 0.02643 0.069475
v 0.024052 0.026867 0.06958
v 0.024767 0.027233 0.069503
v 0.020187 0.025703 0.068808
v 0.020733 0.025677 0.069231
v 0.020496 0.024549 0.069219
v 0.021239 0.024441 0.069358
v 0.019099 0.023662 0.068646
v 0.020968 0.023304 0.069529
v 0.021757 0.024377 0.069619
v 0.02252 0.024215 0.069671
v 0.02252 0.024215 0.069671
v 0.022007 0.02364 0.069898
v 0.02222 0.022804 0.069938
v 0.02222 0.022804 0.069938
v 0.022966 0.023815 0.069348
v 0.022826 0.024576 0.06949
v 0.022909 0.023752 0.069677
v 0.022909 0.023752 0.069677
v 0.023376 0.024874 0.069532
v 0.022927 0.023822 0.070094
v 0.022927 0.023822 0.070094
v 0.022927 0.023822 0.070094
v 0.022454 0.023432 0.070163
v 0.022454 0.023432 0.070163
v 0.022704 0.023111 0.070001
v 0.022704 0.023111 0.070001
v 0.027612 0.027726 0.069629
v 0.02583 0.025798 0.069346
v 0.024129 0.02442 0.069631
v 0.026192 0.024191 0.069391
v 0.027738 0.025946 0.069442
v 0.022901 0.022907 0.069619
v 0.022901 0.022907 0.069619
v 0.023643 0.022444 0.069455
v 0.023043 0.023604 0.069903
v 0.023043 0.023604 0.069903
v 0.023043 0.023604 0.069903
v 0.02491 0.02245 0.069497
v 0.021329 0.018986 0.069982
v 0.021329 0.018986 0.069982
v 0.020702 0.017075 0.069412
v 0.021646 0.016929 0.069676
v 0.021646 0.016929 0.069676
v 0.019676 0.017881 0.068638
v 0.021321 0.015727 0.069974
v 0.021321 0.015727 0.069974
v 0.023012 0.017341 0.069609
v 0.022398 0.01639 0.069753
v 0.021636 0.015495 0.06998
v 0.022926 0.015203 0.069518
v 0.023484 0.016161 0.069624
v 0.020748 0.022141 0.069456
v 0.02153 0.021535 0.069763
v 0.02153 0.021535 0.069763
v 0.022481 0.021254 0.069665
v 0.021686 0.020383 0.069863
v 0.021686 0.020383 0.069863
v 0.023231 0.020977 0.069477
v 0.022997 0.019668 0.069529
v 0.023757 0.020488 0.069573
v 0.025236 0.019405 0.069446
v 0.023288 0.01845 0.069606
v 0.022258 0.018637 0.070089
v 0.024052 0.015939 0.069611
v 0.022863 0.016667 0.069784
v 0.008185 0.05233 0.071253
v 0.008181 0.05219 0.068761
v 0.006276 0.052397 0.070041
v 0.010871 0.051985 0.069928
v 0.006952 0.052132 0.071593
v 0.00626 0.051792 0.071574
v 0.009012 0.051916 0.071742
v 0.006339 0.051105 0.070646
v 0.009754 0.051311 0.071605
v 0.012064 0.05151 0.068454
v 0.010153 0.051786 0.068584
v 0.010381 0.050185 0.07006
v 0.012754 0.049224 0.069747
v 0.01082 0.051624 0.071725
v 0.012319 0.051617 0.071183
v 0.011988 0.050687 0.071358
v 0.01368 0.051117 0.071396
v 0.012659 0.051049 0.071612
v 0.01522 0.050635 0.069928
v 0.013346 0.051382 0.070623
v 0.012565 0.048416 0.069538
v 0.013833 0.04858 0.069665
v 0.013903 0.047503 0.069572
v 0.01194 0.046785 0.069839
v 0.014376 0.046766 0.069692
v 0.013665 0.045777 0.07015
v 0.015292 0.04719 0.069488
v 0.014716 0.050381 0.071552
v 0.01567 0.046597 0.069233
v 0.015495 0.046131 0.069377
v 0.01552 0.048106 0.069568
v 0.01691 0.047442 0.069623
v 0.01678 0.046156 0.06936
v 0.017918 0.046958 0.069585
v 0.017781 0.045582 0.069384
v 0.017809 0.048074 0.070847
v 0.019252 0.046809 0.070349
v 0.019417 0.045798 0.069573
v 0.019329 0.045278 0.069378
v 0.020218 0.045379 0.069619
v 0.020715 0.044381 0.069496
v 0.021176 0.044782 0.069971
v 0.019904 0.045956 0.070322
v 0.020781 0.045337 0.070329
v 0.021815 0.045212 0.071081
v 0.019079 0.048402 0.071395
v 0.021806 0.046562 0.070405
v 0.018675 0.048857 0.070939
v 0.021819 0.046564 0.071192
v 0.01964 0.047527 0.071542
v 0.020509 0.047262 0.071515
v 0.016408 0.045248 0.069293
v 0.014768 0.044735 0.069656
v 0.014768 0.044735 0.069656
v 0.016056 0.044501 0.069481
v 0.017127 0.044503 0.069452
v 0.016544 0.043739 0.069226
v 0.016415 0.043048 0.069255
v 0.0157 0.042557 0.069825
v 0.017693 0.043996 0.069541
v 0.018974 0.044155 0.069486
v 0.017074 0.042877 0.069588
v 0.017265 0.043385 0.069821
v 0.016548 0.042525 0.069435
v 0.017913 0.042597 0.069599
v 0.018531 0.042999 0.069665
v 0.019625 0.042742 0.069535
v 0.021802 0.04316 0.069463
v 0.018842 0.042247 0.06959
v 0.018238 0.04135 0.070204
v 0.019177 0.041766 0.069581
v 0.01944 0.040136 0.070102
v 0.017771 0.040442 0.070351
v 0.0193 0.041284 0.069672
v 0.016714 0.04033 0.069995
v 0.017082 0.039677 0.06991
v 0.017082 0.039677 0.06991
v 0.017082 0.039677 0.06991
v 0.018343 0.039593 0.069928
v 0.016879 0.039332 0.06989
v 0.016879 0.039332 0.06989
v 0.016879 0.039332 0.06989
v 0.016879 0.039332 0.06989
v 0.016834 0.039407 0.069888
v 0.016834 0.039407 0.069888
v 0.016834 0.039407 0.069888
v 0.016834 0.039407 0.069888
v 0.017139 0.039202 0.069754
v 0.017139 0.039202 0.069754
v 0.017139 0.039202 0.069754
v 0.017139 0.039202 0.069754
v 0.017052 0.039259 0.069844
v 0.017052 0.039259 0.069844
v 0.017052 0.039259 0.069844
v 0.01682 0.039151 0.069953
v 0.01682 0.039151 0.069953
v 0.016951 0.039102 0.069922
v 0.016951 0.039102 0.069922
v 0.016951 0.039102 0.069922
v 0.016951 0.039102 0.069922
v 0.016951 0.039102 0.069922
v 0.016704 0.038994 0.070032
v 0.016704 0.038994 0.070032
v 0.016704 0.038994 0.070032
v 0.016918 0.038946 0.070091
v 0.016918 0.038946 0.070091
v 0.016918 0.038946 0.070091
v 0.01702 0.038863 0.06995
v 0.01702 0.038863 0.06995
v 0.01702 0.038863 0.06995
v 0.020562 0.042139 0.069571
v 0.021401 0.040426 0.069523
v 0.02195 0.043869 0.069636
v 0.022009 0.042009 0.069624
v 0.023075 0.042628 0.069861
v 0.02405 0.041011 0.069831
v 0.02405 0.041011 0.069831
v 0.022869 0.040528 0.069573
v 0.022869 0.040528 0.069573
v 0.020611 0.039681 0.069565
v 0.019288 0.038753 0.069881
v 0.019288 0.038753 0.069881
v 0.019288 0.038753 0.069881
v 0.019115 0.038151 0.069583
v 0.019115 0.038151 0.069583
v 0.019545 0.038308 0.069632
v 0.019545 0.038308 0.069632
v 0.019588 0.038232 0.069769
v 0.019588 0.038232 0.069769
v 0.019588 0.038232 0.069769
v 0.019588 0.038232 0.069769
v 0.019588 0.038232 0.069769
v 0.0196 0.038556 0.069319
v 0.0196 0.038556 0.069319
v 0.019756 0.038491 0.069457
v 0.019756 0.038491 0.069457
v 0.020017 0.038107 0.069994
v 0.020017 0.038107 0.069994
v 0.020097 0.037469 0.069838
v 0.020097 0.037469 0.069838
v 0.019785 0.038944 0.070152
v 0.021132 0.038332 0.069607
v 0.021132 0.038332 0.069607
v 0.020311 0.038107 0.069401
v 0.020311 0.038107 0.069401
v 0.020101 0.037672 0.069669
v 0.020646 0.038101 0.069888
v 0.020646 0.038101 0.069888
v 0.023908 0.039873 0.069718
v 0.024881 0.042006 0.071095
v 0.024881 0.042006 0.071095
v 0.024596 0.039724 0.069827
v 0.023315 0.0381 0.069456
v 0.022873 0.037407 0.069519
v 0.021796 0.037281 0.069579
v 0.022425 0.036127 0.069475
v 0.024993 0.036854 0.069487
v 0.024674 0.036218 0.069475
v 0.02361 0.035919 0.069615
v 0.024535 0.038355 0.069465
v 0.02419 0.038255 0.069509
v 0.024871 0.040132 0.070349
v 0.02571 0.038455 0.069831
v 0.024916 0.037432 0.069353
v 0.020488 0.037004 0.069512
v 0.020488 0.037004 0.069512
v 0.020184 0.037051 0.069674
v 0.020184 0.037051 0.069674
v 0.020206 0.036407 0.069664
v 0.020413 0.037018 0.069945
v 0.019959 0.036513 0.069883
v 0.019959 0.036513 0.069883
v 0.020127 0.036174 0.070051
v 0.020085 0.03604 0.069944
v 0.020085 0.03604 0.069944
v 0.020858 0.036287 0.06983
v 0.021602 0.036575 0.069889
v 0.021363 0.035827 0.069942
v 0.020945 0.037204 0.069881
v 0.020515 0.03523 0.070029
v 0.020515 0.03523 0.070029
v 0.021071 0.03544 0.070264
v 0.023245 0.034269 0.069559
v 0.021306 0.034672 0.070087
v 0.021376 0.034026 0.069908
v 0.021376 0.034026 0.069908
v 0.022518 0.033743 0.069801
v 0.025168 0.033685 0.069354
v 0.02154 0.033067 0.070033
v 0.02154 0.033067 0.070033
v 0.022122 0.032777 0.070177
v 0.022122 0.032777 0.070177
v 0.022502 0.03218 0.070091
v 0.022502 0.03218 0.070091
v 0.023356 0.033382 0.069865
v 0.022457 0.031701 0.069982
v 0.022457 0.031701 0.069982
v 0.025786 0.037319 0.069636
v 0.026766 0.036355 0.069966
v 0.026479 0.037183 0.070104
v 0.026835 0.035226 0.069712
v 0.0263 0.038808 0.070763
v 0.0274 0.038192 0.071415
v 0.02687 0.039422 0.071243
v 0.02779 0.038168 0.07107
v 0.028246 0.037464 0.070537
v 0.02724 0.039426 0.070958
v 0.027986 0.037235 0.071193
v 0.027774 0.036339 0.071104
v 0.028659 0.035799 0.070976
v 0.028574 0.035179 0.071293
v 0.025539 0.035438 0.069395
v 0.02551 0.031873 0.069523
v 0.026107 0.034117 0.069552
v 0.024506 0.03227 0.069616
v 0.02653 0.033083 0.06966
v 0.027528 0.031461 0.069637
v 0.02714 0.033138 0.069573
v 0.027569 0.034314 0.069991
v 0.023009 0.031634 0.070183
v 0.023009 0.031634 0.070183
v 0.023149 0.032265 0.070024
v 0.023547 0.031816 0.069819
v 0.023534 0.031414 0.069807
v 0.023534 0.031414 0.069807
v 0.023774 0.032484 0.070011
v 0.023952 0.031279 0.06994
v 0.024547 0.030963 0.069623
v 0.023065 0.031197 0.07002
v 0.023065 0.031197 0.07002
v 0.023065 0.031197 0.07002
v 0.023482 0.031427 0.069615
v 0.023482 0.031427 0.069615
v 0.023482 0.031427 0.069615
v 0.025841 0.030129 0.069428
v 0.028327 0.034561 0.071179
v 0.027739 0.032645 0.070128
v 0.028169 0.031295 0.07031
v 0.028627 0.032169 0.070867
v 0.026893 0.031027 0.069706
v 0.02698 0.030501 0.06957
v 0.026652 0.029486 0.06953
v 0.02736 0.030508 0.069511
v 0.027945 0.030714 0.069812
v 0.027782 0.029049 0.06971
v 0.028581 0.028808 0.07056
v 0.029208 0.030867 0.071205
v 0.029207 0.029352 0.07126
v 0.029733 0.030876 0.071092
v 0.019186 0.045132 0.008274
v -0.010416 0.049153 0.051879
v -0.010416 0.049153 0.051879
v -0.018767 0.049049 0.052566
v -0.019349 0.047812 0.052759
v -0.020295 0.047004 0.052845
v -0.022592 0.045288 0.052643
v -0.020305 0.045887 0.053708
v -0.019738 0.044654 0.053641
v -0.019738 0.044654 0.053641
v -0.018679 0.045507 0.053738
v -0.018679 0.045507 0.053738
v -0.019612 0.0445 0.052537
v -0.025533 0.042933 0.052607
v -0.024828 0.043551 0.052625
v -0.025561 0.042329 0.052752
v -0.026022 0.041511 0.052876
v -0.027171 0.039903 0.052785
v -0.027171 0.039903 0.052785
v -0.026811 0.039438 0.052994
v -0.026811 0.039438 0.052994
v -0.025396 0.041705 0.05329
v -0.025029 0.040619 0.05447
v -0.025234 0.039845 0.054374
v -0.025234 0.039845 0.054374
v -0.021566 0.042569 0.05271
v -0.024032 0.044719 0.052504
v -0.024653 0.042731 0.052869
v -0.02334 0.042288 0.05372
v -0.024265 0.04196 0.053769
v -0.023711 0.04172 0.053948
v -0.024501 0.041193 0.054769
v -0.024548 0.040723 0.054868
v -0.02404 0.040832 0.054762
v -0.02404 0.040832 0.054762
v -0.020779 0.043622 0.053878
v -0.020779 0.043622 0.053878
v -0.022681 0.043858 0.053391
v -0.021702 0.043726 0.05422
v -0.021055 0.043815 0.054305
v -0.022637 0.042608 0.053934
v -0.022439 0.041862 0.053591
v -0.022439 0.041862 0.053591
v -0.023052 0.04173 0.053812
v -0.02339 0.041069 0.053849
v -0.02339 0.041069 0.053849
v -0.023136 0.040678 0.053274
v -0.023922 0.039894 0.054468
v -0.02425 0.040277 0.054764
v -0.02425 0.040277 0.054764
v -0.017839 0.045908 0.052695
v -0.016734 0.046622 0.052308
v -0.028681 0.035928 0.052626
v -0.028999 0.032862 0.052754
v -0.026428 0.03184 0.052564
v -0.029517 0.031216 0.052523
v -0.028884 0.0312 0.052864
v -0.026647 0.027666 0.05272
v -0.029023 0.027385 0.053091
v -0.027972 0.02791 0.0538
v -0.027947 0.02548 0.054389
v -0.026913 0.028011 0.053502
v -0.026953 0.02639 0.054094
v -0.02814 0.037718 0.052627
v -0.027916 0.036852 0.052778
v -0.028337 0.034112 0.052998
v -0.026694 0.034975 0.054159
v -0.025778 0.035287 0.053608
v -0.025397 0.036988 0.054037
v -0.025616 0.037379 0.054182
v -0.026327 0.034642 0.054121
v -0.026412 0.033047 0.054095
v -0.027052 0.032131 0.054481
v -0.027487 0.032735 0.054201
v -0.024953 0.038734 0.054463
v -0.027337 0.03014 0.054119
v -0.027429 0.03086 0.054161
v -0.026778 0.031337 0.054153
v -0.026732 0.030419 0.053844
v -0.027146 0.029435 0.054138
v -0.026903 0.029072 0.053931
v -0.027265 0.027795 0.053815
v -0.027445 0.026419 0.054443
v -0.022468 0.045181 0.067032
v -0.02859 0.032703 0.064539
v -0.028806 0.032277 0.065692
v -0.028865 0.029172 0.064433
v -0.028865 0.029172 0.064433
v -0.023822 0.041194 0.070508
v -0.028517 0.033271 0.071817
v -0.028135 0.032602 0.071563
v -0.021147 0.045214 0.071454
v -0.021403 0.045822 0.071568
v -0.021837 0.044726 0.071622
v -0.024386 0.042893 0.071338
v -0.024328 0.042418 0.071692
v -0.024828 0.041063 0.071463
v -0.023772 0.042646 0.071585
v -0.023777 0.043566 0.071706
v -0.023319 0.043564 0.07183
v -0.022671 0.043928 0.071792
v -0.021822 0.043964 0.07081
v -0.015658 0.050513 0.052617
v -0.014725 0.051171 0.05267
v -0.013716 0.051667 0.052606
v -0.01146 0.051585 0.05253
v -0.014363 0.050551 0.052951
v -0.013325 0.051125 0.052765
v -0.013102 0.050446 0.053364
v -0.013314 0.050004 0.053994
v -0.011636 0.052196 0.052576
v -0.01213 0.05031 0.053227
v -0.010927 0.050178 0.053151
v -0.013036 0.049496 0.054852
v -0.012043 0.049902 0.053542
v -0.012043 0.049902 0.053542
v -0.011374 0.049378 0.053201
v -0.011374 0.049378 0.053201
v -0.010261 0.049779 0.053213
v -0.010668 0.049203 0.052696
v -0.010668 0.049203 0.052696
v -0.011037 0.051629 0.059196
v -0.011037 0.051629 0.059196
v -0.011059 0.051532 0.059546
v -0.007009 0.052177 0.059553
v -0.006239 0.052916 0.060503
v -0.007703 0.049635 0.052406
v -0.005155 0.049755 0.052692
v -0.006411 0.052673 0.052722
v -0.006251 0.05186 0.052792
v -0.006686 0.050523 0.053343
v -0.006804 0.053054 0.052936
v -0.002911 0.05259 0.052702
v -0.005663 0.050585 0.053451
v -0.00956 0.050095 0.053269
v -0.008684 0.049753 0.053025
v -0.008123 0.05014 0.053265
v -0.008369 0.050839 0.053109
v -0.006151 0.050091 0.05326
v -0.002575 0.05193 0.052811
v -0.003166 0.051052 0.053365
v 0.000863 0.049646 0.05278
v -0.004648 0.050164 0.053393
v -0.004814 0.050704 0.053404
v -0.002799 0.049904 0.053253
v -0.003079 0.050283 0.053578
v -0.001573 0.050617 0.053653
v -0.005805 0.052338 0.059526
v -0.002889 0.052344 0.059556
v -0.000262 0.05257 0.052788
v 0.00241 0.052178 0.052745
v 0.003148 0.052843 0.052783
v 0.005483 0.052499 0.052677
v 0.00631 0.051759 0.052783
v -0.000594 0.051093 0.05344
v -0.002266 0.050293 0.053699
v -0.001116 0.049996 0.053353
v 0.000835 0.049794 0.053071
v -5.7e-05 0.050235 0.053432
v 0.001042 0.050704 0.05348
v 0.001639 0.049993 0.053435
v 0.003056 0.050589 0.053591
v 0.001972 0.050335 0.053632
v 0.002959 0.050073 0.053536
v 0.004557 0.050414 0.053544
v -0.006145 0.052504 0.064966
v -0.00643 0.052582 0.066395
v -0.005604 0.052452 0.067418
v -0.004033 0.052433 0.064156
v -0.000169 0.052204 0.059505
v 0.001402 0.052853 0.060498
v 0.006875 0.052744 0.060569
v 0.005383 0.05284 0.061521
v 0.006574 0.05248 0.063183
v 0.005232 0.052413 0.065981
v -0.00103 0.052229 0.069544
v -0.002409 0.052364 0.071194
v 0.000214 0.052207 0.067156
v 0.002389 0.052507 0.06633
v 0.001173 0.05223 0.068869
v 5.9e-05 0.052137 0.071123
v -0.000519 0.052111 0.071403
v 0.001782 0.052193 0.071185
v 0.000385 0.051854 0.071463
v 0.001238 0.051983 0.071376
v 0.001368 0.051395 0.071284
v 0.002125 0.051676 0.071538
v 0.003856 0.052438 0.071369
v 0.002592 0.052066 0.071768
v 0.003245 0.052188 0.06876
v 0.005311 0.052154 0.068637
v 0.008174 0.052421 0.06529
v 0.008444 0.052185 0.066792
v 0.003995 0.050097 0.069955
v 0.004393 0.052168 0.071704
v 0.004393 0.052168 0.071704
v 0.005834 0.052338 0.071249
v 0.006132 0.05155 0.071362
v -0.017957 0.048915 0.052604
v -0.017896 0.047729 0.053248
v -0.018784 0.045879 0.05405
v -0.019456 0.045764 0.054239
v -0.018612 0.046405 0.053893
v -0.019871 0.045123 0.054248
v -0.02019 0.047907 0.060297
v -0.020669 0.044976 0.05419
v -0.022868 0.04574 0.060673
v -0.021151 0.04733 0.06097
v -0.022911 0.044802 0.063455
v -0.016275 0.049557 0.05281
v -0.017074 0.046632 0.053
v -0.016239 0.047452 0.053527
v -0.016239 0.047452 0.053527
v -0.014455 0.047982 0.053145
v -0.015169 0.049007 0.053641
v -0.016704 0.04818 0.053474
v -0.014439 0.049547 0.053771
v -0.015184 0.048263 0.05372
v -0.015184 0.048263 0.05372
v -0.015949 0.048232 0.053664
v -0.014767 0.048754 0.053882
v -0.014094 0.048426 0.053721
v -0.014094 0.048426 0.053721
v -0.018033 0.046336 0.053524
v -0.018033 0.046336 0.053524
v -0.018214 0.047068 0.053501
v -0.017464 0.046864 0.053425
v -0.017464 0.046864 0.053425
v -0.017103 0.047493 0.053612
v -0.012456 0.048705 0.053248
v -0.013059 0.04881 0.054353
v -0.013059 0.04881 0.054353
v -0.013514 0.048992 0.054582
v -0.012169 0.049262 0.053742
v -0.01252 0.049234 0.054663
v -0.01252 0.049234 0.054663
v -0.013053 0.049057 0.054805
v -0.02078 0.046929 0.063665
v -0.01825 0.0488 0.063579
v -0.016591 0.049696 0.066614
v -0.019496 0.047769 0.066673
v -0.019903 0.02931 0.069909
v -0.019762 0.028201 0.069961
v -0.012408 0.028272 0.069397
v -0.013398 0.025238 0.069502
v -0.01824 0.048668 0.069352
v -0.014761 0.050158 0.071581
v -0.016584 0.049554 0.071361
v -0.012527 0.050298 0.071379
v -0.015115 0.049386 0.071534
v -0.019588 0.047798 0.070687
v -0.020772 0.044429 0.07056
v -0.019626 0.044714 0.070088
v -0.019241 0.047331 0.071658
v -0.01819 0.046099 0.070442
v -0.01542 0.04644 0.069905
v -0.019547 0.047654 0.071575
v -0.019155 0.047989 0.071298
v -0.01878 0.048043 0.071513
v -0.017703 0.048535 0.071613
v -0.017686 0.048967 0.071176
v -0.017423 0.048053 0.071568
v -0.018186 0.047529 0.071423
v -0.015391 0.047275 0.070133
v -0.015977 0.04943 0.071625
v -0.020137 0.04699 0.071707
v -0.013706 0.047664 0.069818
v -0.011532 0.051477 0.065659
v -0.00817 0.052075 0.066441
v -0.007293 0.052203 0.067938
v -0.012466 0.042668 0.070175
v -0.008671 0.040348 0.069913
v -0.008621 0.041783 0.070252
v -0.012849 0.05082 0.071608
v -0.011591 0.051187 0.071835
v -0.010502 0.051598 0.071584
v -0.010502 0.051598 0.071584
v -0.010502 0.051598 0.071584
v -0.007793 0.051844 0.071544
v -0.009631 0.051313 0.071429
v -0.008025 0.051436 0.071452
v -0.010888 0.051018 0.071648
v -0.010888 0.051018 0.071648
v -0.004936 0.052122 0.068445
v -0.006958 0.051593 0.071561
v -0.004639 0.051468 0.071369
v -0.021211 0.042639 0.06997
v -0.013576 0.035776 0.069837
v -0.014809 0.037348 0.070307
v -0.011017 0.039069 0.069816
v -0.0115 0.037198 0.06984
v -0.012372 0.033374 0.069718
v -0.01018 0.035914 0.069586
v -0.013817 0.032645 0.069613
v -0.005813 0.040674 0.069898
v -0.006643 0.038668 0.069716
v -0.004155 0.040988 0.070136
v -0.003611 0.039527 0.069872
v -0.002622 0.03797 0.069557
v -0.001136 0.038237 0.069283
v -0.003439 0.050994 0.070762
v -0.003582 0.051874 0.07173
v -0.003582 0.051874 0.07173
v -0.003213 0.051608 0.071507
v -0.002594 0.051999 0.071667
v -0.001581 0.051583 0.071527
v -0.002048 0.052214 0.071538
v -0.001213 0.051987 0.071676
v 8e-06 0.05141 0.071289
v -0.004141 0.042489 0.07018
v -0.002973 0.043032 0.070096
v -0.003088 0.042565 0.070879
v -0.003594 0.042256 0.070871
v -0.003005 0.042144 0.071066
v -0.001039 0.042767 0.070059
v -0.001039 0.042767 0.070059
v -0.001936 0.042567 0.070263
v -0.002557 0.042391 0.0709
v -0.001649 0.040931 0.070131
v -0.001148 0.041573 0.070124
v -0.004125 0.041667 0.070371
v 0.003117 0.047779 0.069686
v 0.002491 0.046566 0.069205
v 0.001724 0.04558 0.069569
v 0.000922 0.044865 0.069571
v 0.000212 0.043402 0.070211
v 0.001584 0.043806 0.070009
v 0.002518 0.045173 0.069963
v 0.002587 0.042609 0.070014
v 0.002587 0.042609 0.070014
v 0.003671 0.049403 0.06972
v 0.004191 0.048408 0.069473
v 0.004992 0.042998 0.070215
v 0.005799 0.04342 0.070207
v 0.000162 0.042227 0.07025
v 0.000162 0.042227 0.07025
v -0.000151 0.040164 0.069856
v -6.4e-05 0.038819 0.069595
v 0.001174 0.039163 0.069334
v 0.002231 0.040868 0.069916
v 0.0019 0.037547 0.069418
v -0.009476 0.036674 0.069704
v -0.011051 0.034226 0.069554
v -0.006445 0.033371 0.069328
v -0.008301 0.036586 0.069741
v -0.006537 0.036714 0.069338
v -0.007259 0.035643 0.069166
v -0.006077 0.035775 0.069418
v -0.004623 0.03643 0.069607
v -0.00569 0.034498 0.069056
v -0.004035 0.035475 0.069427
v -0.004668 0.033724 0.069333
v -0.011586 0.032409 0.069607
v -0.012105 0.031699 0.069463
v -0.011917 0.029911 0.069149
v -0.011609 0.03091 0.069258
v -0.010652 0.02962 0.069191
v -0.010117 0.03018 0.069072
v -0.011637 0.028737 0.069028
v -0.010452 0.02622 0.069337
v -0.008791 0.026903 0.06896
v -0.009426 0.02574 0.069031
v -0.003253 0.03449 0.069456
v -0.002867 0.035581 0.069367
v -0.002858 0.033003 0.069238
v 0.001861 0.034486 0.068952
v -0.001723 0.032179 0.069073
v -0.006131 0.024795 0.068938
v -0.00522 0.023875 0.069046
v 0.002719 0.035551 0.069018
v 0.006768 0.049594 0.051592
v 0.014944 0.047512 0.04952
v 0.010444 0.052083 0.052676
v 0.008948 0.049507 0.052146
v 0.009455 0.049625 0.053214
v 0.011094 0.049194 0.052967
v 0.013449 0.051984 0.052892
v 0.010504 0.05122 0.052911
v 0.008458 0.050012 0.053137
v 0.008577 0.049813 0.052975
v 0.009092 0.050267 0.053496
v 0.009642 0.049957 0.053521
v 0.011378 0.049585 0.053698
v 0.011238 0.050066 0.053552
v 0.005866 0.049791 0.052963
v 0.005551 0.05004 0.053319
v 0.007245 0.049914 0.05264
v 0.012771 0.048807 0.051579
v 0.013405 0.048519 0.050587
v 0.015051 0.047941 0.050621
v 0.016746 0.047003 0.050533
v 0.016961 0.05026 0.052651
v 0.013417 0.051282 0.052606
v 0.012967 0.050737 0.052667
v 0.012748 0.049055 0.05249
v 0.012671 0.049365 0.052864
v 0.013888 0.050473 0.052453
v 0.015029 0.050233 0.052331
v 0.019566 0.045017 0.050497
v 0.016449 0.048346 0.051377
v 0.020684 0.045107 0.05122
v 0.021756 0.04298 0.050586
v 0.023242 0.040868 0.050372
v 0.025487 0.036587 0.050242
v 0.02474 0.038806 0.050621
v 0.025997 0.036096 0.050708
v 0.010178 0.052449 0.060579
v 0.008806 0.052125 0.059508
v 0.010819 0.052431 0.061641
v 0.012254 0.051737 0.059446
v 0.014473 0.0517 0.059466
v 0.013993 0.052275 0.060543
v 0.013658 0.052245 0.061086
v 0.009639 0.052079 0.063577
v 0.016022 0.052259 0.06011
v 0.016651 0.051175 0.059142
v 0.019348 0.051914 0.060053
v 0.018874 0.050349 0.05889
v 0.019876 0.049714 0.058762
v 0.012214 0.051771 0.06232
v 0.013835 0.051138 0.063088
v 0.011362 0.05183 0.066852
v 0.012232 0.051609 0.06316
v 0.017778 0.052451 0.060555
v 0.019143 0.052209 0.061398
v 0.017731 0.049868 0.061721
v 0.019118 0.052404 0.060881
v 0.019846 0.04968 0.061319
v 0.019329 0.049309 0.06137
v 0.020428 0.051707 0.060302
v 0.020449 0.051258 0.059853
v 0.019926 0.051242 0.061646
v 0.01967 0.052226 0.061031
v 0.021132 0.051314 0.060791
v 0.02135 0.050946 0.061315
v 0.021805 0.049926 0.061364
v 0.020305 0.048857 0.06151
v 0.019406 0.048786 0.061984
v 0.02004 0.047927 0.063224
v 0.019877 0.047994 0.064844
v 0.020977 0.047459 0.063676
v 0.020128 0.047665 0.068109
v 0.021238 0.047096 0.065686
v 0.020017 0.04877 0.052933
v 0.023065 0.046411 0.053
v 0.02198 0.046637 0.052427
v 0.021868 0.048337 0.058968
v 0.023685 0.046574 0.058564
v 0.025 0.044979 0.058417
v 0.025435 0.043901 0.052931
v 0.024189 0.044875 0.052751
v 0.026871 0.041882 0.052782
v 0.028357 0.038931 0.052824
v 0.028296 0.037615 0.052327
v 0.026158 0.041252 0.052076
v 0.026189 0.043584 0.058607
v 0.028612 0.038405 0.058736
v 0.028595 0.038413 0.059418
v 0.02239 0.050154 0.060384
v 0.022417 0.050125 0.060986
v 0.022377 0.047678 0.061353
v 0.024837 0.048701 0.06071
v 0.024098 0.048901 0.06007
v 0.023409 0.049418 0.06129
v 0.023282 0.048871 0.061609
v 0.024499 0.048499 0.061347
v 0.023093 0.047593 0.061446
v 0.024767 0.047528 0.061499
v 0.025965 0.047004 0.061082
v 0.025119 0.048376 0.060446
v 0.026347 0.04633 0.060426
v 0.021721 0.047481 0.061909
v 0.022699 0.046818 0.061531
v 0.022699 0.046362 0.062121
v 0.023753 0.045303 0.061577
v 0.023922 0.046549 0.061193
v 0.023874 0.04581 0.061276
v 0.024994 0.046235 0.061318
v 0.023869 0.04477 0.062304
v 0.023869 0.04477 0.062304
v 0.025798 0.046066 0.061271
v 0.02503 0.044756 0.061364
v 0.026446 0.046235 0.060933
v 0.025349 0.0437 0.061528
v 0.025349 0.0437 0.061528
v 0.02249 0.046325 0.063993
v 0.022798 0.045587 0.066004
v 0.024728 0.043457 0.065729
v 0.024728 0.043457 0.065729
v 0.024728 0.043457 0.065729
v 0.02534 0.042878 0.063428
v 0.02534 0.042878 0.063428
v 0.025924 0.042623 0.061873
v 0.025924 0.042623 0.061873
v 0.027417 0.041829 0.059233
v 0.02654 0.043906 0.0593
v 0.02714 0.045159 0.061332
v 0.02714 0.045159 0.061332
v 0.027063 0.045513 0.060368
v 0.027404 0.045289 0.060798
v 0.027459 0.044602 0.060359
v 0.027459 0.044602 0.060359
v 0.0277 0.044467 0.060865
v 0.0277 0.044467 0.060865
v 0.026134 0.044153 0.061187
v 0.026134 0.044153 0.061187
v 0.026977 0.043732 0.060862
v 0.027339 0.043813 0.060687
v 0.027339 0.043813 0.060687
v 0.027339 0.043813 0.060687
v 0.026515 0.042089 0.061351
v 0.026515 0.042089 0.061351
v 0.026806 0.040823 0.062374
v 0.027837 0.039783 0.061745
v 0.027661 0.040987 0.061127
v 0.027389 0.039744 0.062706
v 0.028746 0.039357 0.060975
v 0.028972 0.038794 0.060441
v 0.028515 0.04009 0.060808
v 0.028538 0.038345 0.061571
v 0.026616 0.04092 0.065809
v 0.026128 0.034281 0.049994
v 0.010344 0.044862 0.069774
v 0.008057 0.043747 0.070307
v 0.007295 0.042849 0.070357
v 0.010103 0.042779 0.070055
v 0.011383 0.045739 0.069697
v 0.012653 0.045982 0.06996
v 0.011271 0.044513 0.069767
v 0.012305 0.042799 0.069751
v 0.005598 0.038431 0.069786
v 0.004436 0.034772 0.069554
v 0.007554 0.0379 0.069877
v 0.010338 0.036329 0.069769
v 0.008239 0.035219 0.069897
v 0.010773 0.035011 0.069857
v 0.010165 0.033107 0.069771
v 0.01083 0.0393 0.069835
v 0.01083 0.0393 0.069835
v 0.014717 0.041411 0.069793
v 0.012707 0.041892 0.069792
v 0.013034 0.039891 0.069562
v 0.013034 0.039891 0.069562
v 0.015449 0.041732 0.069795
v 0.014718 0.039102 0.069558
v 0.014718 0.039102 0.069558
v 0.016777 0.039361 0.069805
v 0.016777 0.039361 0.069805
v 0.016777 0.039361 0.069805
v 0.016777 0.039361 0.069805
v 0.016777 0.039361 0.069805
v 0.016777 0.039361 0.069805
v 0.0165 0.038866 0.06968
v 0.0165 0.038866 0.06968
v 0.0165 0.038866 0.06968
v 0.016679 0.038981 0.069973
v 0.016679 0.038981 0.069973
v 0.016679 0.038981 0.069973
v 0.016987 0.039301 0.069838
v 0.016848 0.038796 0.069526
v 0.016904 0.039116 0.069931
v 0.016904 0.039116 0.069931
v 0.011829 0.037261 0.069676
v 0.014248 0.037185 0.069749
v 0.01329 0.034358 0.069589
v 0.016471 0.03666 0.069655
v 0.014853 0.03258 0.069635
v 0.012755 0.031758 0.06968
v 0.017117 0.034483 0.069471
v 0.002469 0.030554 0.069163
v 0.002662 0.026889 0.069408
v 0.003643 0.027266 0.069546
v 0.006323 0.029932 0.069634
v 0.00057 0.023101 0.069265
v -0.001008 0.023068 0.069335
v -4.8e-05 0.022191 0.069006
v 0.001912 0.025491 0.069466
v 0.00146 0.022339 0.069413
v 0.006595 0.026111 0.069608
v 0.004613 0.025848 0.069467
v 0.006659 0.024544 0.069696
v 0.008306 0.024884 0.069757
v 0.007734 0.021282 0.069708
v 0.00707 0.019761 0.069674
v 0.00962 0.023003 0.069791
v 0.009989 0.021149 0.069641
v 0.00362 0.036634 0.069388
v 0.008522 0.030934 0.069662
v 0.011301 0.030093 0.06985
v 0.009744 0.029554 0.069819
v 0.009786 0.026338 0.06999
v 0.011515 0.027935 0.069636
v 0.012235 0.028921 0.069713
v 0.014353 0.030896 0.069726
v 0.014448 0.028471 0.069543
v 0.013308 0.027186 0.069899
v 0.011984 0.026684 0.069771
v 0.011293 0.025028 0.069818
v 0.010639 0.024014 0.069685
v 0.010937 0.022916 0.069551
v 0.012187 0.024329 0.069864
v 0.012033 0.022507 0.06956
v 0.013389 0.025281 0.069646
v 0.017235 0.031568 0.069479
v 0.019605 0.030235 0.069582
v 0.021229 0.03151 0.069242
v 0.028867 0.035756 0.059422
v 0.029094 0.036811 0.060736
v 0.027686 0.038461 0.063051
v 0.028469 0.037527 0.062127
v 0.028486 0.035494 0.063957
v 0.028904 0.034536 0.063239
v 0.027178 0.039831 0.065885
v 0.027565 0.038712 0.064672
v 0.028419 0.037196 0.065658
v 0.027883 0.038653 0.066984
v 0.028279 0.037358 0.063271
v 0.029102 0.034682 0.065871
v 0.029543 0.032319 0.067008
v 0.028623 0.035824 0.067145
v 0.015476 0.025771 0.069354
v 0.014717 0.02459 0.06931
v 0.017273 0.027438 0.069233
v 0.016036 0.024883 0.069018
v 0.017084 0.025345 0.068943
v 0.01708 0.024068 0.068901
v 0.018085 0.026405 0.06871
v 0.018444 0.025128 0.068569
v 0.018491 0.027348 0.069074
v 0.019041 0.026201 0.068648
v 0.01976 0.025256 0.068629
v 0.020589 0.029646 0.069079
v 0.013159 0.022789 0.069592
v 0.015983 0.023228 0.069264
v 0.016333 0.021333 0.069172
v 0.013502 0.020618 0.069392
v 0.012171 0.018146 0.069515
v 0.016386 0.018298 0.069255
v 0.017707 0.020541 0.068634
v 0.017407 0.022013 0.068647
v 0.018453 0.021649 0.068491
v 0.01727 0.019589 0.068774
v 0.019688 0.021697 0.068676
v 0.019492 0.020066 0.068661
v 0.020354 0.019971 0.069026
v 0.020988 0.020958 0.069557
v 0.018486 0.018587 0.068399
v 0.018438 0.017459 0.068471
v 0.020004 0.015759 0.06908
v 0.014044 0.050121 0.071368
v 0.0164 0.049944 0.071055
v 0.014937 0.049252 0.070205
v 0.015777 0.049489 0.071355
v 0.016274 0.049788 0.071313
v 0.017719 0.049294 0.068679
v 0.017917 0.0494 0.070405
v 0.019973 0.046831 0.071266
v 0.022782 0.045457 0.068516
v 0.017672 0.048961 0.07149
v 0.017594 0.049352 0.071275
v 0.018205 0.048467 0.071432
v 0.021057 0.046477 0.071523
v 0.021755 0.046313 0.071472
v 0.024441 0.043923 0.070308
v 0.024665 0.043358 0.068454
v 0.024665 0.043358 0.068454
v 0.022249 0.045453 0.071446
v 0.02329 0.044667 0.071404
v 0.023824 0.044426 0.071043
v 0.024705 0.04351 0.070996
v 0.025602 0.042407 0.070632
v 0.025602 0.042407 0.070632
v 0.016522 0.041434 0.069795
v 0.02661 0.040492 0.067351
v 0.025903 0.041613 0.069006
v 0.026669 0.040551 0.070326
v 0.023414 0.043944 0.071292
v 0.02428 0.043565 0.071417
v 0.025313 0.042278 0.071222
v 0.025313 0.042278 0.071222
v 0.025858 0.041634 0.071268
v 0.02585 0.041101 0.071385
v 0.025977 0.040406 0.071234
v 0.026553 0.040673 0.070962
v 0.02626 0.040802 0.07129
v 0.026481 0.040277 0.071262
v 0.027289 0.039019 0.068552
v 0.028065 0.037297 0.068537
v 0.028254 0.037677 0.066991
v 0.02887 0.035187 0.068528
v 0.029083 0.035049 0.070116
v 0.029406 0.032954 0.068543
v 0.029484 0.030255 0.068501
v 0.02958 0.032766 0.069595
v 0.02972 0.031811 0.070487
v 0.029516 0.032707 0.070857
v 0.029038 0.034645 0.071106
v 0.028918 0.033811 0.07139
v 0.029422 0.033661 0.071147
v 0.029193 0.032187 0.071069
v 0.029886 0.030988 0.070679
v -0.021865 0.044099 0.05393
v -0.026565 0.037682 0.053634
v -0.025824 0.039177 0.053924
v -0.025839 0.038208 0.054147
v -0.027878 0.03152 0.053832
v 0.005477 0.050905 0.053371
v -0.014136 0.048936 0.053966
v -0.00285 0.041064 0.070368
v 0.003565 0.039515 0.069793
v 0.006435 0.050641 0.053378
v 0.006829 0.050425 0.053243
v 0.00729 0.051077 0.053043
v 0.00912 0.050648 0.053327
v 0.014011 0.04873 0.051254
v 0.013149 0.050027 0.052722
v 0.013568 0.049317 0.052258
v 0.014573 0.049252 0.051806
v 0.019568 0.047792 0.052079
v 0.023732 0.042129 0.051535
v 0.024798 0.040403 0.051317
v 0.026583 0.036593 0.051262
v 0.021726 0.049745 0.0596
v 0.023571 0.047924 0.059325
v 0.025055 0.046003 0.059183
v 0.024834 0.047882 0.059765
v 0.026175 0.045713 0.05974
v 0.027241 0.043371 0.059984
v 0.027706 0.042339 0.059979
v 0.027394 0.042867 0.060521
v 0.027394 0.042867 0.060521
v 0.027201 0.042155 0.060856
v 0.027906 0.041848 0.060626
v 0.028065 0.041606 0.060085
v 0.028349 0.040798 0.06057
v 0.008684 0.040997 0.069858
v 0.008684 0.040997 0.069858
v 0.006681 0.040781 0.069995
v 0.006681 0.040781 0.069995
v -0.02809 0.007618 0.019022
v -0.02812 0.005645 0.026528
v -0.028205 -0.003536 0.028054
v -0.028333 -0.00689 0.020459
v -0.028086 -0.009099 0.034007
v -0.027698 0.009618 0.041765
v -0.028138 -0.011119 0.029146
v -0.028042 -0.002695 0.037403
v -0.027942 -0.014732 0.029958
v -0.027593 -0.008157 0.046849
v -0.027669 -0.019984 0.033223
v -0.027586 -0.017055 0.04394
v -0.028195 -0.01114 0.02158
v -0.02781 -0.016522 0.017765
v -0.027791 -0.019796 0.018478
v -0.028055 -0.014774 0.022489
v -0.027753 -0.018323 0.023154
v -0.027783 -0.019852 0.022962
v -0.025829 -0.035549 0.028038
v -0.026667 -0.032518 0.031249
v -0.024391 -0.038688 0.027159
v -0.025104 -0.037207 0.033356
v -0.026191 -0.03429 0.035079
v -0.022348 -0.041715 0.026051
v -0.020622 -0.043435 0.025201
v -0.018094 -0.045451 0.021483
v -0.023924 -0.039437 0.033691
v -0.027233 -0.025554 0.042152
v -0.0269 -0.03079 0.037024
v -0.026655 -0.032363 0.043589
v -0.025478 -0.036372 0.04566
v -0.027587 0.004422 0.046562
v -0.027087 0.00943 0.053035
v -0.030743 0.007352 0.052757
v -0.030453 0.005581 0.052526
v -0.030857 0.003509 0.052822
v -0.030918 0.007771 0.053828
v -0.031104 0.000704 0.053693
v -0.030477 0.002926 0.052619
v -0.030951 0.000198 0.052756
v -0.027252 0.004441 0.052058
v -0.031033 -0.00278 0.053213
v -0.030732 -0.000508 0.052586
v -0.030418 0.021188 0.05276
v -0.030398 0.020275 0.052612
v -0.030599 0.021563 0.053181
v -0.03069 0.018741 0.053405
v -0.030215 0.025608 0.052656
v -0.030352 0.024775 0.052795
v -0.030217 0.02241 0.052682
v -0.0305 0.023021 0.052874
v -0.030111 0.023754 0.052656
v -0.030548 0.023976 0.053271
v -0.030399 0.019297 0.052692
v -0.030654 0.016557 0.052779
v -0.029955 0.018653 0.052584
v -0.030943 0.013591 0.053634
v -0.03085 0.013431 0.052986
v -0.03048 0.014001 0.052563
v -0.029908 0.01659 0.052647
v -0.029544 0.022127 0.059101
v -0.029333 0.024475 0.059455
v -0.029726 0.024366 0.060334
v -0.029401 0.026847 0.062237
v -0.029729 0.022202 0.061544
v -0.029439 0.020888 0.05943
v -0.030539 0.017074 0.058668
v -0.029687 0.017486 0.059084
v -0.029524 0.017928 0.059399
v -0.029915 0.020019 0.060533
v -0.030603 0.013833 0.058653
v -0.030008 0.015664 0.059244
v -0.029879 0.016344 0.059441
v -0.029618 0.014144 0.059253
v -0.029746 0.014885 0.059718
v -0.03008 0.013981 0.060546
v -0.029838 0.016131 0.059899
v -0.029947 0.016997 0.0606
v -0.029918 0.017419 0.06142
v -0.029961 0.018718 0.060385
v -0.029247 0.022659 0.06352
v -0.029482 0.019671 0.062796
v -0.029728 0.018507 0.062445
v -0.029976 0.013272 0.061941
v -0.029524 0.017842 0.062996
v -0.029345 0.019583 0.064257
v -0.030833 0.011257 0.05281
v -0.030446 0.00999 0.05256
v -0.030889 0.009277 0.057686
v -0.030251 0.0073 0.052538
v -0.030689 0.009734 0.058625
v -0.030763 0.005397 0.058611
v -0.029907 0.009717 0.059041
v -0.030023 0.007205 0.059075
v -0.029896 0.008322 0.059415
v -0.030968 -0.005306 0.05792
v -0.029931 0.004244 0.059108
v -0.029868 0.00484 0.059471
v -0.030786 -0.000356 0.05859
v -0.029997 0.001025 0.059037
v -0.029875 0.001517 0.059345
v -0.030235 -0.00025 0.060266
v -0.030223 0.004474 0.060443
v -0.029567 0.014441 0.063733
v -0.029669 0.012316 0.063029
v -0.02986 0.012583 0.059035
v -0.029765 0.011459 0.059418
v -0.030164 0.011152 0.060671
v -0.030167 0.007935 0.060294
v -0.030119 0.008644 0.061458
v -0.029678 0.010899 0.06344
v -0.029876 0.008922 0.062685
v -0.030026 -0.001154 0.062286
v -0.029646 0.008559 0.064565
v -0.029695 0.007186 0.063429
v -0.027087 -0.02268 0.05028
v -0.030786 -0.003264 0.052676
v -0.0303 -0.006121 0.052561
v -0.030772 -0.008013 0.052788
v -0.030975 -0.007049 0.053775
v -0.031059 -0.013123 0.05333
v -0.030933 -0.012487 0.0527
v -0.030302 -0.014136 0.052377
v -0.030768 -0.015044 0.052529
v -0.030615 -0.013076 0.052398
v -0.030797 -0.019528 0.058073
v -0.030354 -0.02333 0.052446
v -0.030651 -0.022575 0.052636
v -0.030006 -0.022736 0.05241
v -0.03053 -0.025151 0.052571
v -0.030811 -0.023157 0.053496
v -0.030614 -0.026664 0.052463
v -0.030713 -0.028187 0.052726
v -0.029943 -0.029571 0.052427
v -0.030347 -0.02996 0.052382
v -0.030315 -0.028051 0.052316
v -0.030752 -0.017091 0.052636
v -0.030842 -0.018406 0.053484
v -0.030712 -0.016218 0.058523
v -0.030682 -0.021866 0.058427
v -0.029862 -0.018683 0.059087
v -0.029821 -0.022052 0.059107
v -0.029821 -0.022052 0.059107
v -0.030739 -0.019281 0.052765
v -0.030634 -0.018138 0.052507
v -0.030257 -0.019076 0.052403
v -0.03054 -0.021138 0.05254
v -0.03057 -0.029833 0.057973
v -0.030369 -0.026768 0.058524
v -0.029619 -0.024661 0.059045
v -0.029619 -0.024661 0.059045
v -0.029825 -0.025883 0.06018
v -0.029477 -0.026873 0.058967
v -0.029477 -0.026873 0.058967
v -0.029641 -0.029463 0.059965
v -0.030771 -0.00758 0.058569
v -0.0301 -0.001025 0.059182
v -0.030072 -0.003126 0.059171
v -0.030258 -0.003263 0.06048
v -0.030037 -0.007042 0.059092
v -0.030037 -0.007042 0.059092
v -0.029829 -0.004086 0.062853
v -0.030182 -0.005511 0.061633
v -0.029969 -0.01077 0.059121
v -0.030252 -0.007591 0.059951
v -0.030295 -0.009406 0.060383
v -0.030777 -0.013218 0.058421
v -0.03013 -0.012484 0.058992
v -0.029988 -0.01466 0.059127
v -0.030067 -0.012872 0.059272
v -0.030199 -0.014421 0.060137
v -0.030179 -0.013745 0.061514
v -0.029939 -0.007079 0.062483
v -0.029961 -0.008813 0.062605
v -0.029649 -0.012263 0.063255
v -0.029626 -0.009573 0.063677
v -0.029758 -0.007965 0.064412
v -0.027823 -0.009808 0.069662
v -0.026762 -0.010636 0.069152
v -0.026486 -0.010085 0.06923
v -0.028017 -0.011849 0.069657
v -0.025779 -0.009927 0.069463
v -0.029846 -0.016518 0.059075
v -0.030121 -0.019364 0.060048
v -0.029829 -0.017477 0.059295
v -0.030021 -0.017906 0.061726
v -0.030097 -0.019603 0.061151
v -0.029561 -0.019843 0.063766
v -0.02972 -0.020305 0.062261
v -0.02969 -0.01406 0.063506
v -0.02962 -0.015838 0.063227
v -0.029925 -0.022699 0.061344
v -0.029734 -0.025206 0.06146
v -0.029381 -0.024534 0.062599
v -0.029428 -0.022363 0.062552
v -0.029361 -0.026406 0.063538
v -0.029363 -0.026197 0.066063
v -0.029708 -0.012698 0.066133
v -0.029747 -0.012765 0.066916
v -0.029615 -0.009707 0.066436
v -0.029489 -0.018926 0.06637
v -0.029627 -0.016143 0.067053
v -0.029649 -0.016491 0.065477
v -0.029229 -0.012082 0.071149
v -0.027927 -0.01364 0.06964
v -0.029223 -0.014413 0.071001
v -0.029947 -0.012753 0.070707
v -0.02975 -0.011965 0.069684
v -0.029827 -0.014302 0.069284
v -0.029809 -0.015226 0.07074
v -0.029683 -0.016106 0.069448
v -0.02968 -0.016396 0.070515
v -0.028208 -0.016119 0.069815
v -0.029632 -0.015049 0.071112
v -0.029381 -0.015696 0.07104
v -0.029381 -0.015696 0.07104
v -0.029011 -0.01661 0.070775
v -0.026564 -0.012053 0.069264
v -0.026156 -0.012735 0.069475
v -0.027241 -0.012953 0.069428
v -0.027778 -0.014707 0.069502
v -0.02654 -0.014124 0.0694
v -0.02546 -0.01234 0.069399
v -0.025681 -0.013345 0.069657
v -0.025061 -0.013243 0.069438
v -0.026739 -0.015163 0.069253
v -0.026068 -0.015476 0.069382
v -0.025179 -0.014864 0.069431
v -0.027019 -0.016492 0.069285
v -0.029211 -0.017695 0.071071
v -0.028288 -0.017855 0.070031
v -0.027501 -0.017333 0.069439
v -0.025369 -0.016307 0.069461
v -0.026638 -0.017643 0.0694
v -0.029484 -0.020826 0.068465
v -0.029255 -0.02331 0.0684
v -0.029521 -0.025325 0.070061
v -0.027672 -0.018352 0.069507
v -0.027543 -0.019738 0.069458
v -0.028544 -0.019125 0.07029
v -0.027052 -0.018654 0.069288
v -0.029042 -0.020398 0.071098
v -0.028566 -0.021089 0.070443
v -0.027776 -0.021318 0.069848
v -0.029391 -0.016681 0.070934
v -0.029676 -0.017679 0.070957
v -0.029248 -0.019396 0.07111
v -0.029733 -0.018944 0.070232
v -0.029662 -0.01941 0.070822
v -0.029641 -0.020714 0.071036
v -0.029732 -0.021869 0.07046
v -0.029134 -0.021714 0.071068
v -0.02747 -0.022396 0.069402
v -0.028156 -0.024569 0.070174
v -0.02955 -0.022181 0.071013
v -0.029258 -0.02429 0.071197
v -0.02883 -0.025441 0.071044
v -0.023982 -0.012484 0.069568
v -0.023982 -0.012484 0.069568
v -0.025729 -0.018083 0.069449
v -0.023631 -0.017451 0.069444
v -0.023631 -0.017451 0.069444
v -0.023453 -0.015429 0.069429
v -0.023453 -0.015429 0.069429
v -0.024171 -0.01941 0.069376
v -0.024171 -0.01941 0.069376
v -0.023352 -0.018649 0.069398
v -0.023559 -0.019427 0.069166
v -0.023057 -0.017936 0.069332
v -0.023158 -0.017428 0.069683
v -0.022725 -0.019699 0.069505
v -0.022139 -0.018458 0.069784
v -0.027458 -0.025179 0.06925
v -0.027458 -0.025179 0.06925
v -0.026774 -0.025002 0.069433
v -0.027565 -0.02419 0.069393
v -0.026425 -0.019553 0.06932
v -0.026599 -0.020409 0.06939
v -0.026034 -0.020887 0.069547
v -0.025367 -0.01952 0.069353
v -0.02631 -0.021921 0.069369
v -0.025313 -0.020949 0.069379
v -0.024674 -0.02265 0.069373
v -0.023688 -0.020065 0.069258
v -0.023917 -0.020791 0.069444
v -0.023917 -0.020791 0.069444
v -0.026677 -0.022438 0.069307
v -0.027033 -0.023308 0.069442
v -0.026543 -0.023823 0.069329
v -0.026332 -0.025538 0.06929
v -0.024834 -0.024579 0.069335
v -0.024834 -0.024579 0.069335
v -0.024125 -0.022524 0.069575
v -0.024125 -0.022524 0.069575
v -0.023231 -0.021235 0.069389
v -0.022301 -0.020571 0.06955
v -0.021661 -0.019693 0.069843
v -0.023562 -0.021966 0.069536
v -0.02171 -0.021348 0.070406
v -0.021127 -0.020182 0.070198
v -0.021045 -0.020664 0.070126
v -0.022431 -0.022384 0.070063
v -0.024394 -0.023833 0.069508
v -0.024394 -0.023833 0.069508
v -0.024105 -0.023296 0.069404
v -0.024105 -0.023296 0.069404
v -0.023885 -0.023599 0.069581
v -0.023655 -0.024372 0.069352
v -0.025141 -0.025664 0.069266
v -0.025141 -0.025664 0.069266
v -0.025625 -0.026511 0.069438
v -0.024432 -0.02604 0.069213
v -0.024432 -0.02604 0.069213
v -0.024432 -0.02604 0.069213
v -0.024432 -0.02604 0.069213
v -0.024995 -0.026625 0.069368
v -0.024519 -0.025631 0.069372
v -0.024519 -0.025631 0.069372
v -0.024519 -0.025631 0.069372
v -0.024519 -0.025631 0.069372
v -0.024519 -0.025631 0.069372
v -0.024577 -0.025833 0.069442
v -0.024577 -0.025833 0.069442
v -0.024577 -0.025833 0.069442
v -0.023781 -0.024884 0.068992
v -0.023781 -0.024884 0.068992
v -0.023781 -0.024884 0.068992
v -0.023595 -0.024872 0.06913
v -0.023471 -0.024544 0.069423
v -0.022885 -0.024714 0.069428
v -0.021962 -0.024195 0.069513
v -0.024019 -0.025325 0.069482
v -0.024019 -0.025325 0.069482
v -0.023736 -0.025364 0.06896
v -0.024051 -0.02543 0.069201
v -0.024051 -0.02543 0.069201
v -0.024051 -0.02543 0.069201
v -0.023599 -0.025631 0.069062
v -0.023656 -0.025237 0.069415
v -0.024168 -0.025788 0.069195
v -0.024279 -0.025694 0.069534
v -0.024279 -0.025694 0.069534
v -0.024072 -0.025619 0.069436
v -0.024072 -0.025619 0.069436
v -0.024072 -0.025619 0.069436
v -0.023785 -0.026365 0.069093
v -0.023785 -0.026365 0.069093
v -0.023785 -0.026365 0.069093
v -0.023507 -0.026303 0.069163
v -0.023507 -0.026303 0.069163
v -0.023507 -0.026303 0.069163
v -0.023713 -0.025798 0.069591
v -0.02363 -0.026437 0.069482
v -0.02363 -0.026437 0.069482
v -0.02363 -0.026437 0.069482
v -0.023456 -0.026091 0.069803
v -0.022755 -0.025513 0.069655
v -0.022158 -0.025067 0.069799
v -0.022691 -0.023668 0.069933
v -0.021679 -0.022907 0.069913
v -0.026571 -0.031812 0.052688
v -0.026657 -0.030318 0.052349
v -0.022211 -0.026595 0.069622
v -0.023145 -0.026763 0.069818
v -0.021531 -0.025669 0.069775
v -0.019111 -0.044668 0.028624
v -0.016033 -0.04668 0.027378
v -0.02166 -0.042564 0.028734
v -0.020608 -0.043487 0.035347
v -0.021625 -0.042496 0.033146
v -0.018208 -0.045438 0.036916
v -0.024466 -0.038524 0.041162
v -0.022814 -0.041065 0.042798
v -0.023743 -0.039761 0.048631
v -0.021309 -0.042868 0.048486
v -0.015337 -0.047079 0.038616
v -0.012773 -0.048045 0.032146
v -0.018478 -0.045317 0.047538
v -0.015989 -0.046881 0.051276
v -0.013471 -0.047916 0.044319
v -0.010298 -0.048804 0.043081
v -0.030208 -0.032039 0.052431
v -0.030388 -0.032529 0.053272
v -0.030454 -0.031661 0.05753
v -0.030117 -0.03411 0.056681
v -0.030042 -0.033676 0.058348
v -0.029808 -0.035185 0.058208
v -0.030207 -0.031628 0.058476
v -0.029708 -0.026937 0.060932
v -0.029434 -0.029862 0.058989
v -0.029434 -0.029862 0.058989
v -0.029221 -0.031287 0.058932
v -0.029221 -0.031287 0.058932
v -0.029418 -0.031676 0.05984
v -0.029432 -0.031664 0.060945
v -0.029694 -0.028382 0.061119
v -0.029234 -0.03263 0.059006
v -0.02903 -0.033655 0.059199
v -0.029241 -0.035217 0.058987
v -0.029185 -0.027041 0.062182
v -0.029223 -0.028386 0.062633
v -0.029211 -0.028783 0.064789
v -0.028962 -0.031743 0.062814
v -0.029075 -0.028563 0.066249
v -0.029215 -0.030359 0.067675
v -0.029317 -0.026349 0.067552
v -0.028941 -0.031187 0.066055
v -0.028952 -0.033341 0.067531
v -0.028808 -0.033572 0.069047
v -0.028363 -0.03505 0.06609
v -0.028091 -0.036468 0.068078
v -0.029488 -0.024511 0.071066
v -0.029347 -0.025735 0.071038
v -0.029491 -0.027287 0.070729
v -0.0292 -0.029834 0.068463
v -0.027414 -0.025963 0.069326
v -0.027869 -0.026636 0.06971
v -0.02672 -0.026757 0.069359
v -0.027295 -0.027318 0.069403
v -0.028067 -0.027455 0.070083
v -0.029382 -0.029837 0.070763
v -0.028829 -0.02853 0.070958
v -0.029094 -0.029251 0.07111
v -0.029052 -0.030434 0.071083
v -0.029052 -0.030434 0.071083
v -0.02856 -0.031406 0.071024
v -0.027133 -0.029096 0.069475
v -0.028017 -0.030789 0.070318
v -0.029052 -0.032871 0.070568
v -0.026333 -0.026773 0.069215
v -0.026082 -0.027539 0.069319
v -0.024946 -0.028142 0.069319
v -0.025338 -0.02906 0.069299
v -0.025627 -0.030137 0.069343
v -0.024588 -0.029124 0.069091
v -0.024086 -0.029626 0.068996
v -0.024445 -0.028646 0.069408
v -0.02695 -0.032809 0.069242
v -0.026423 -0.032324 0.069146
v -0.027276 -0.031001 0.069621
v -0.025764 -0.031366 0.069343
v -0.025054 -0.030986 0.06943
v -0.02446 -0.030769 0.069301
v -0.026132 -0.031767 0.069328
v -0.025385 -0.032605 0.069351
v -0.029182 -0.027719 0.071137
v -0.024528 -0.026594 0.069584
v -0.024366 -0.027427 0.069507
v -0.024366 -0.027427 0.069507
v -0.024366 -0.027427 0.069507
v -0.024366 -0.027427 0.069507
v -0.024151 -0.026928 0.069389
v -0.024151 -0.026928 0.069389
v -0.024151 -0.026928 0.069389
v -0.024453 -0.027796 0.069473
v -0.023828 -0.027713 0.069469
v -0.023828 -0.027713 0.069469
v -0.023828 -0.027713 0.069469
v -0.023908 -0.026756 0.069209
v -0.023908 -0.026756 0.069209
v -0.023455 -0.027478 0.069855
v -0.024141 -0.027803 0.069142
v -0.023905 -0.027618 0.069143
v -0.023905 -0.027618 0.069143
v -0.02422 -0.027481 0.069242
v -0.02422 -0.027481 0.069242
v -0.024048 -0.028118 0.069373
v -0.024048 -0.028118 0.069373
v -0.023047 -0.02896 0.069801
v -0.0239 -0.029089 0.069592
v -0.0239 -0.029089 0.069592
v -0.028899 -0.032408 0.071002
v -0.0285 -0.035106 0.071058
v -0.025744 -0.033381 0.069191
v -0.026802 -0.033729 0.069371
v -0.026564 -0.035208 0.069396
v -0.027083 -0.035305 0.070186
v -0.028136 -0.03316 0.07075
v -0.028501 -0.033482 0.070955
v -0.028237 -0.035087 0.071354
v -0.027761 -0.034215 0.070802
v -0.027758 -0.037126 0.070873
v -0.027845 -0.036297 0.071288
v -0.027845 -0.036297 0.071288
v -0.027127 -0.036909 0.070976
v -0.025988 -0.034709 0.052533
v -0.029882 -0.033902 0.052365
v -0.029882 -0.033902 0.052365
v -0.029668 -0.03511 0.052367
v -0.029579 -0.036102 0.053634
v -0.029047 -0.037255 0.052598
v -0.028882 -0.036949 0.052244
v -0.02932 -0.036919 0.05788
v -0.02724 -0.041513 0.052512
v -0.02751 -0.039729 0.052125
v -0.02751 -0.039729 0.052125
v -0.027341 -0.04097 0.052227
v -0.026595 -0.041753 0.052128
v -0.02864 -0.038551 0.052727
v -0.028767 -0.038421 0.056375
v -0.027735 -0.040693 0.054091
v -0.028359 -0.038556 0.052265
v -0.026468 -0.042697 0.057812
v -0.025624 -0.043436 0.052116
v -0.025964 -0.043497 0.052857
v -0.024462 -0.044118 0.05208
v -0.024687 -0.044825 0.052241
v -0.024775 -0.04495 0.057588
v -0.024457 -0.045264 0.052681
v -0.02335 -0.046415 0.05758
v -0.023392 -0.04566 0.052172
v -0.021877 -0.04731 0.052219
v -0.022707 -0.046866 0.052783
v -0.021655 -0.046771 0.052056
v -0.028482 -0.038771 0.058814
v -0.027867 -0.040321 0.058211
v -0.028908 -0.036504 0.058902
v -0.026344 -0.042778 0.058451
v -0.020859 -0.048492 0.057058
v -0.020476 -0.048654 0.052885
v -0.022956 -0.04914 0.061154
v -0.021351 -0.050222 0.061334
v -0.021351 -0.050222 0.061334
v -0.021258 -0.047913 0.061274
v -0.021258 -0.047913 0.061274
v -0.016158 -0.051462 0.061207
v -0.012545 -0.048333 0.051344
v -0.009684 -0.049068 0.052668
v -0.007852 -0.049193 0.046481
v -0.02067 -0.047756 0.052063
v -0.018928 -0.048915 0.051998
v -0.018473 -0.049701 0.0522
v -0.018656 -0.049914 0.055247
v -0.017609 -0.050377 0.052694
v -0.016088 -0.050895 0.052219
v -0.014858 -0.051628 0.052532
v -0.015987 -0.051289 0.055972
v -0.012907 -0.052374 0.053434
v -0.014002 -0.051698 0.052073
v -0.012562 -0.052317 0.052211
v -0.011055 -0.052081 0.052037
v -0.009382 -0.052771 0.052141
v -0.010544 -0.052883 0.052875
v -0.019161 -0.0496 0.058209
v -0.017941 -0.050284 0.058002
v -0.016284 -0.050994 0.05829
v -0.014544 -0.051748 0.05783
v -0.014213 -0.051509 0.058676
v -0.012665 -0.052474 0.056491
v -0.01041 -0.052958 0.056553
v -0.006737 -0.053341 0.056331
v -0.012291 -0.051664 0.058649
v -0.013434 -0.051996 0.058103
v -0.01146 -0.052613 0.058075
v -0.009266 -0.051782 0.058979
v -0.010213 -0.051845 0.058735
v -0.006867 -0.052155 0.058779
v -0.008846 -0.052697 0.058394
v -0.008037 -0.053173 0.05798
v -0.025294 -0.041557 0.062945
v -0.026754 -0.039008 0.06297
v -0.027002 -0.0397 0.061663
v -0.025718 -0.040845 0.063378
v -0.027368 -0.038254 0.069855
v -0.026812 -0.039408 0.067018
v -0.026871 -0.03891 0.065229
v -0.025768 -0.041012 0.065838
v -0.026191 -0.040419 0.068307
v -0.023596 -0.030165 0.069695
v -0.023596 -0.030165 0.069695
v -0.024508 -0.031571 0.069159
v -0.023922 -0.03116 0.069558
v -0.023922 -0.03116 0.069558
v -0.024765 -0.032816 0.069203
v -0.023625 -0.032442 0.06939
v -0.023625 -0.032442 0.06939
v -0.023879 -0.033145 0.069291
v -0.022 -0.028079 0.069963
v -0.022952 -0.028057 0.06984
v -0.022374 -0.02943 0.069825
v -0.020756 -0.03438 0.069545
v -0.021639 -0.0327 0.06976
v -0.023354 -0.034018 0.069762
v -0.023354 -0.034018 0.069762
v -0.02021 -0.032939 0.069463
v -0.024968 -0.03384 0.069315
v -0.025676 -0.035331 0.069188
v -0.024821 -0.035147 0.069436
v -0.026011 -0.036466 0.069254
v -0.024196 -0.037398 0.069262
v -0.023763 -0.033927 0.069107
v -0.024037 -0.034904 0.069376
v -0.023746 -0.034689 0.069796
v -0.02302 -0.036338 0.069409
v -0.022912 -0.035303 0.069968
v -0.022912 -0.035303 0.069968
v -0.023685 -0.035906 0.069325
v -0.025378 -0.03807 0.069342
v -0.024655 -0.039045 0.069062
v -0.021476 -0.035195 0.069656
v -0.022056 -0.036307 0.069653
v -0.022056 -0.036307 0.069653
v -0.022063 -0.038188 0.069389
v -0.020284 -0.036258 0.069551
v -0.021233 -0.037728 0.069755
v -0.021233 -0.037728 0.069755
v -0.021233 -0.037728 0.069755
v -0.020777 -0.037039 0.069562
v -0.019904 -0.037978 0.069418
v -0.020726 -0.037767 0.069772
v -0.020726 -0.037767 0.069772
v -0.021091 -0.037706 0.070319
v -0.021091 -0.037706 0.070319
v -0.020786 -0.037672 0.070228
v -0.020786 -0.037672 0.070228
v -0.023647 -0.039338 0.069008
v -0.022922 -0.039158 0.069352
v -0.023605 -0.040872 0.06898
v -0.024939 -0.039451 0.069242
v -0.022037 -0.039925 0.069388
v -0.022518 -0.040952 0.068984
v -0.021898 -0.04109 0.069397
v -0.021285 -0.03819 0.069802
v -0.020926 -0.038631 0.069707
v -0.021065 -0.039337 0.069452
v -0.021217 -0.038043 0.070158
v -0.019801 -0.038266 0.070187
v -0.020653 -0.038586 0.070353
v -0.018224 -0.036991 0.069557
v -0.017079 -0.030324 0.069364
v -0.015635 -0.031453 0.069405
v -0.016352 -0.029063 0.069284
v -0.015435 -0.02908 0.069123
v -0.017899 -0.031191 0.069478
v -0.014408 -0.029975 0.069289
v -0.012882 -0.031368 0.069138
v -0.014147 -0.032538 0.069461
v -0.014925 -0.033391 0.069383
v -0.012742 -0.033079 0.069173
v -0.012416 -0.03596 0.069277
v -0.01142 -0.032817 0.069235
v -0.019407 -0.037659 0.069546
v -0.019233 -0.03892 0.068897
v -0.017717 -0.038623 0.069495
v -0.020265 -0.038978 0.06944
v -0.020265 -0.038978 0.06944
v -0.01997 -0.04085 0.069426
v -0.01997 -0.04085 0.069426
v -0.019192 -0.04006 0.069242
v -0.020302 -0.038252 0.069741
v -0.020302 -0.038252 0.069741
v -0.020302 -0.038252 0.069741
v -0.02054 -0.038693 0.069702
v -0.02054 -0.038693 0.069702
v -0.02054 -0.038693 0.069702
v -0.02054 -0.038693 0.069702
v -0.020336 -0.038964 0.070092
v -0.020336 -0.038964 0.070092
v -0.020243 -0.038524 0.069789
v -0.020243 -0.038524 0.069789
v -0.020297 -0.038417 0.069783
v -0.020297 -0.038417 0.069783
v -0.020297 -0.038417 0.069783
v -0.019605 -0.038975 0.069988
v -0.019605 -0.038975 0.069988
v -0.020028 -0.039147 0.070364
v -0.020028 -0.039147 0.070364
v -0.020028 -0.039147 0.070364
v -0.021017 -0.042161 0.069395
v -0.0184 -0.040057 0.06915
v -0.017262 -0.040038 0.069326
v -0.018608 -0.041203 0.069448
v -0.018452 -0.041993 0.069383
v -0.019025 -0.042704 0.069377
v -0.017059 -0.042903 0.069145
v -0.017972 -0.041235 0.069381
v -0.019845 -0.038821 0.070519
v -0.025301 -0.041988 0.067197
v -0.025854 -0.041039 0.069426
v -0.024213 -0.043406 0.066759
v -0.023906 -0.043615 0.068833
v -0.021473 -0.046326 0.066691
v -0.021473 -0.046326 0.066691
v -0.022168 -0.045739 0.067385
v -0.026519 -0.039699 0.070813
v -0.026519 -0.039699 0.070813
v -0.022848 -0.042332 0.069129
v -0.024093 -0.04118 0.069517
v -0.022463 -0.041922 0.068903
v -0.021935 -0.041769 0.069006
v -0.023947 -0.043597 0.070451
v -0.023344 -0.044439 0.07095
v -0.021858 -0.04323 0.069014
v -0.020867 -0.043889 0.068814
v -0.022109 -0.043646 0.069549
v -0.020187 -0.043154 0.069258
v -0.020187 -0.043154 0.069258
v -0.020181 -0.045122 0.069137
v -0.020181 -0.045122 0.069137
v -0.019794 -0.044618 0.068917
v -0.019794 -0.044618 0.068917
v -0.018599 -0.044866 0.069551
v -0.021194 -0.046362 0.068802
v -0.021194 -0.046362 0.068802
v -0.018953 -0.045542 0.069219
v -0.017461 -0.04649 0.068952
v -0.016724 -0.045693 0.069355
v -0.017791 -0.043328 0.069358
v -0.016564 -0.044364 0.069699
v -0.014922 -0.04421 0.06939
v -0.015993 -0.043112 0.069236
v -0.018833 -0.045976 0.069372
v -0.017801 -0.046893 0.069355
v -0.016691 -0.046863 0.069052
v -0.017606 -0.04894 0.070732
v -0.01912 -0.048029 0.068507
v -0.016793 -0.049479 0.069808
v -0.014796 -0.042867 0.068939
v -0.01382 -0.043261 0.069166
v -0.013606 -0.040091 0.069336
v -0.011806 -0.041662 0.069202
v -0.011318 -0.040851 0.069184
v -0.012925 -0.041553 0.069125
v -0.013887 -0.040652 0.069333
v -0.013656 -0.041743 0.069394
v -0.005769 -0.043905 0.069401
v -0.005929 -0.043011 0.069444
v -0.006749 -0.044537 0.069645
v -0.003597 -0.042972 0.0694
v -0.005718 -0.045028 0.069766
v -0.004379 -0.045495 0.069636
v -0.005388 -0.045792 0.069792
v -0.004682 -0.046204 0.069996
v -0.008502 -0.052306 0.059979
v -0.010136 -0.052255 0.060324
v -0.007096 -0.05246 0.060111
v -0.006789 -0.052356 0.061437
v -0.008363 -0.052261 0.061092
v -0.009939 -0.052103 0.06143
v -0.015154 -0.04474 0.069523
v -0.014335 -0.045455 0.069508
v -0.015997 -0.046317 0.069485
v -0.013991 -0.044574 0.069341
v -0.014812 -0.047174 0.069351
v -0.013615 -0.047468 0.069631
v -0.012981 -0.04647 0.069635
v -0.015745 -0.047751 0.069022
v -0.016994 -0.049283 0.068528
v -0.01462 -0.050411 0.068243
v -0.014664 -0.050405 0.070394
v -0.016552 -0.047793 0.069584
v -0.015456 -0.047353 0.069098
v -0.013957 -0.048378 0.069299
v -0.015 -0.048321 0.069487
v -0.013867 -0.048987 0.069569
v -0.011964 -0.051367 0.069752
v -0.012022 -0.051306 0.068227
v -0.012901 -0.048759 0.069146
v -0.011635 -0.04852 0.069379
v -0.012546 -0.049217 0.069329
v -0.010816 -0.049631 0.069058
v -0.010288 -0.050454 0.069721
v -0.012441 -0.043988 0.068968
v -0.01308 -0.045688 0.069674
v -0.011676 -0.045022 0.069442
v -0.012161 -0.046158 0.069491
v -0.011664 -0.046893 0.069671
v -0.00953 -0.046733 0.069754
v -0.008465 -0.04601 0.06961
v -0.010474 -0.047867 0.069394
v -0.013997 -0.050512 0.070919
v -0.01195 -0.051184 0.070853
v -0.010318 -0.049322 0.069003
v -0.009833 -0.04849 0.069378
v -0.008032 -0.047189 0.069818
v -0.008905 -0.048437 0.069409
v -0.008309 -0.049038 0.069372
v -0.007208 -0.048201 0.069433
v -0.006988 -0.048672 0.069439
v -0.006431 -0.046281 0.069808
v -0.006251 -0.047581 0.069791
v -0.008849 -0.049732 0.06908
v -0.008852 -0.050398 0.069462
v -0.011161 -0.050651 0.07087
v -0.010766 -0.051135 0.071189
v -0.008857 -0.051058 0.070699
v -0.00955 -0.051246 0.071075
v -0.009822 -0.051525 0.071111
v -0.007297 -0.049861 0.069137
v -0.006097 -0.049037 0.069237
v -0.005021 -0.049936 0.069132
v -0.003491 -0.0478 0.069701
v -0.005095 -0.048469 0.069544
v -0.003302 -0.046219 0.06983
v -0.003768 -0.049374 0.069236
v -0.006449 -0.050542 0.069542
v -0.003772 -0.050692 0.069563
v -0.029018 0.028828 0.068045
v -0.029018 0.028828 0.068045
v -0.028823 0.029976 0.068969
v -0.029108 0.029909 0.071344
v -0.02865 0.030874 0.071564
v -0.028087 0.030154 0.071135
v -0.029138 0.026727 0.06338
v -0.028939 0.028659 0.065732
v -0.028939 0.028659 0.065732
v -0.029136 0.024868 0.065367
v -0.029334 0.022879 0.065164
v -0.029121 0.023015 0.066591
v -0.028822 0.027371 0.066527
v -0.028967 0.024756 0.06638
v -0.029171 0.02473 0.067967
v -0.029281 0.021383 0.065769
v -0.0292 0.0208 0.066481
v -0.029355 0.017035 0.064065
v -0.029281 0.021566 0.06787
v -0.027734 0.019402 0.069816
v -0.027776 0.017685 0.069779
v -0.026535 0.020064 0.069394
v -0.026612 0.018182 0.069521
v -0.025686 0.017048 0.069708
v -0.026747 0.015348 0.069551
v -0.026781 0.030357 0.069668
v -0.027729 0.028985 0.070326
v -0.027319 0.028252 0.069802
v -0.027319 0.028252 0.069802
v -0.026606 0.02948 0.069686
v -0.025689 0.029803 0.070069
v -0.025228 0.028923 0.06951
v -0.025228 0.028923 0.06951
v -0.024859 0.029616 0.069683
v -0.024859 0.029616 0.069683
v -0.025684 0.029055 0.069846
v -0.025684 0.029055 0.069846
v -0.026098 0.028211 0.069729
v -0.026098 0.028211 0.069729
v -0.025761 0.027383 0.069736
v -0.027259 0.022709 0.069741
v -0.027259 0.022709 0.069741
v -0.027047 0.02584 0.069566
v -0.027661 0.026277 0.069848
v -0.026269 0.025508 0.069517
v -0.028196 0.027836 0.07095
v -0.028196 0.027836 0.07095
v -0.028422 0.026154 0.071142
v -0.026215 0.026632 0.069437
v -0.028579 0.024422 0.071285
v -0.028579 0.024422 0.071285
v -0.024586 0.027945 0.069739
v -0.023688 0.028115 0.069747
v -0.023341 0.027309 0.069673
v -0.023082 0.027947 0.070016
v -0.026474 0.023863 0.069523
v -0.02569 0.026248 0.069739
v -0.024887 0.026887 0.069919
v -0.024475 0.026438 0.069804
v -0.025662 0.025119 0.06974
v -0.025007 0.025038 0.069677
v -0.024101 0.022803 0.069855
v -0.025695 0.023755 0.06986
v -0.024701 0.023807 0.069722
v -0.022375 0.02603 0.069771
v -0.023286 0.025636 0.069607
v -0.022513 0.023983 0.069596
v -0.021257 0.024709 0.069809
v -0.023512 0.029129 0.069798
v -0.023089 0.028687 0.069631
v -0.022793 0.029342 0.069775
v -0.022412 0.028646 0.070075
v -0.022174 0.029435 0.070105
v -0.020563 0.029375 0.070054
v -0.021402 0.028469 0.070326
v -0.021892 0.027673 0.070413
v -0.022103 0.026847 0.069769
v -0.028111 0.022787 0.070533
v -0.028111 0.022787 0.070533
v -0.028758 0.02138 0.071333
v -0.028477 0.018871 0.07066
v -0.026093 0.022259 0.069559
v -0.026093 0.022259 0.069559
v -0.02585 0.02285 0.069686
v -0.024889 0.022815 0.069555
v -0.024809 0.021666 0.069607
v -0.025678 0.021079 0.069782
v -0.025678 0.021079 0.069782
v -0.025836 0.019338 0.06974
v -0.024798 0.020185 0.069518
v -0.024798 0.020185 0.069518
v -0.025772 0.018356 0.06991
v -0.022347 0.02272 0.069558
v -0.021679 0.022811 0.069792
v -0.02112 0.023427 0.070054
v -0.019135 0.023077 0.069851
v -0.01987 0.022119 0.070076
v -0.017524 0.020571 0.069736
v -0.016897 0.021182 0.069566
v -0.023804 0.019727 0.069856
v -0.023804 0.019727 0.069856
v -0.023183 0.022192 0.069676
v -0.022578 0.020177 0.069926
v -0.021925 0.021865 0.070061
v -0.020561 0.021967 0.069954
v -0.022655 0.018812 0.069675
v -0.022655 0.018812 0.069675
v -0.020816 0.020729 0.069856
v -0.021498 0.019434 0.069273
v -0.024815 0.01842 0.069639
v -0.023216 0.01696 0.069915
v -0.025081 0.01762 0.069685
v -0.024499 0.016391 0.069593
v -0.022173 0.018016 0.069673
v -0.022173 0.018016 0.069673
v -0.019942 0.020731 0.070087
v -0.020494 0.019827 0.06998
v -0.021128 0.018735 0.069385
v -0.020511 0.018656 0.070158
v -0.021089 0.017574 0.069231
v -0.021089 0.017574 0.069231
v -0.021807 0.016694 0.069223
v -0.022381 0.015979 0.069472
v -0.020802 0.016665 0.06874
v -0.021106 0.015132 0.069188
v -0.029518 0.013895 0.066166
v -0.029392 0.011596 0.066511
v -0.029512 0.012528 0.0676
v -0.029661 0.017963 0.071061
v -0.029316 0.017139 0.068643
v -0.029629 0.016058 0.071152
v -0.029586 0.014483 0.069881
v -0.027569 0.016328 0.069681
v -0.028267 0.01468 0.070342
v -0.027916 0.013065 0.07007
v -0.029851 0.009076 0.070219
v -0.029421 0.01366 0.068936
v -0.029433 0.010332 0.068703
v -0.028683 0.012356 0.070665
v -0.028871 0.013958 0.071291
v -0.029232 0.012854 0.071272
v -0.029064 0.011626 0.071193
v -0.028601 0.010142 0.070573
v -0.028944 0.012279 0.070971
v -0.028944 0.012279 0.070971
v -0.028987 0.012093 0.071035
v -0.028987 0.012093 0.071035
v -0.028987 0.012093 0.071035
v -0.028988 0.012085 0.071038
v -0.028988 0.012085 0.071038
v -0.029619 0.010394 0.071301
v -0.029099 0.009731 0.071223
v -0.02599 0.014435 0.069903
v -0.025062 0.013808 0.069618
v -0.026126 0.012936 0.069665
v -0.02678 0.013319 0.069636
v -0.023318 0.014633 0.069749
v -0.027541 0.011404 0.069763
v -0.025963 0.011557 0.069539
v -0.025084 0.011133 0.069715
v -0.026733 0.010298 0.069523
v -0.026094 0.010349 0.069685
v -0.025537 0.010703 0.069962
v -0.023985 0.011483 0.06986
v -0.023816 0.01334 0.069876
v -0.024557 0.010217 0.069813
v -0.025351 0.009663 0.069898
v -0.023941 0.007644 0.069828
v -0.024921 0.009189 0.069655
v -0.022029 0.010432 0.069398
v -0.022302 0.012894 0.069627
v -0.022996 0.011653 0.069659
v -0.023093 0.009258 0.06986
v -0.021651 0.009317 0.069473
v -0.029553 0.008755 0.067121
v -0.029782 0.007263 0.066341
v -0.029525 0.007131 0.068696
v -0.029702 0.00543 0.065894
v -0.028294 0.003086 0.070048
v -0.026849 0.003442 0.069543
v -0.027101 0.004423 0.069601
v -0.02797 0.008127 0.069804
v -0.028476 0.007118 0.070287
v -0.026592 0.008412 0.069424
v -0.025635 0.008721 0.070002
v -0.027979 0.005755 0.06986
v -0.026512 0.007067 0.069589
v -0.029183 0.007193 0.07116
v -0.029765 0.004674 0.071308
v -0.029514 0.003904 0.071229
v -0.029254 0.005561 0.071274
v -0.02874 0.003946 0.070607
v -0.026456 0.00593 0.06961
v -0.025794 0.007561 0.069829
v -0.025691 0.00662 0.069596
v -0.024942 0.006442 0.069831
v -0.02337 0.005938 0.069877
v -0.024063 0.004692 0.069852
v -0.024906 0.008163 0.069774
v -0.022968 0.007688 0.069673
v -0.022389 0.008367 0.069644
v -0.026517 0.005386 0.069531
v -0.02594 0.005819 0.069785
v -0.025545 0.004813 0.069656
v -0.025476 0.005505 0.06974
v -0.0237 0.003428 0.069873
v -0.0288 0.0175 0.071246
v -0.029019 0.015859 0.071255
v -0.022119 0.014251 0.069605
v -0.021474 0.013605 0.069078
v -0.008598 0.021869 0.069297
v -0.009984 0.02076 0.069433
v -0.008662 0.020785 0.069227
v -0.008755 0.020115 0.069429
v -0.01005 0.018681 0.06928
v -0.008055 0.019706 0.069413
v -0.007412 0.020897 0.069472
v -0.022417 0.007066 0.069487
v -0.021845 0.007725 0.069787
v -0.02185 0.006632 0.069662
v -0.021264 0.008327 0.069354
v -0.022403 0.006434 0.069618
v -0.02203 0.005759 0.069493
v -0.022446 0.005014 0.069677
v -0.020978 0.007195 0.069717
v -0.020978 0.007195 0.069717
v -0.021017 0.005508 0.069272
v -0.021017 0.005508 0.069272
v -0.021775 0.004363 0.069845
v -0.020199 0.005943 0.07003
v -0.02081 0.00487 0.069685
v -0.02081 0.00487 0.069685
v -0.024374 0.002004 0.069856
v -0.022319 0.003509 0.069574
v -0.022325 0.002055 0.069645
v -0.021631 0.002579 0.069621
v -0.021132 0.003178 0.069854
v -0.021132 0.003178 0.069854
v -0.02139 0.001877 0.069868
v -0.020756 0.002257 0.069817
v -0.020756 0.002257 0.069817
v -0.021373 0.000677 0.069676
v -0.019481 0.002448 0.06983
v -0.019421 0.004407 0.070319
v -0.020257 0.000576 0.070004
v -0.020257 0.000576 0.070004
v -0.019354 0.000699 0.069962
v -0.01899 0.001649 0.070005
v -0.018598 0.002307 0.070487
v -0.018925 0.000646 0.070269
v -0.01875 0.001196 0.070771
v -0.01875 0.001196 0.070771
v -0.017817 0.000136 0.071042
v -0.018148 -8.4e-05 0.071102
v -0.01815 0.002369 0.070403
v -0.006251 0.021438 0.069577
v -0.007489 0.022197 0.069212
v -0.004891 0.022839 0.068984
v -0.005505 0.022971 0.068939
v -0.004949 0.021598 0.069471
v -0.004165 0.022755 0.069271
v -0.003157 0.022477 0.069358
v -0.002591 0.021128 0.069339
v -0.003841 0.019368 0.069326
v -0.006503 0.019459 0.069403
v -0.029867 0.00409 0.070871
v -0.029874 0.00359 0.069881
v -0.030012 0.001233 0.070762
v -0.02747 0.002522 0.069632
v -0.028401 0.000763 0.070031
v -0.027123 0.000944 0.069543
v -0.029115 0.002398 0.071123
v -0.029151 0.000692 0.071157
v -0.026233 0.00222 0.069533
v -0.025367 0.001201 0.069676
v -0.028006 -0.001604 0.069845
v -0.02638 -0.000402 0.0695
v -0.028785 -0.00235 0.070622
v -0.029317 -0.000513 0.071184
v -0.029808 -0.001278 0.071306
v -0.029262 -0.001529 0.071282
v -0.029595 -0.003095 0.071258
v -0.026669 -0.001788 0.069553
v -0.028187 -0.003111 0.069779
v -0.026816 -0.002823 0.069386
v -0.02951 0.002233 0.071262
v -0.029855 0.002291 0.071081
v -0.029841 -0.005538 0.069199
v -0.029934 -0.005058 0.071056
v -0.030071 -0.002579 0.070851
v -0.028563 -0.004907 0.070228
v -0.030003 -0.007741 0.070169
v -0.029198 -0.004487 0.071141
v -0.029076 -0.006333 0.070972
v -0.029876 -0.003765 0.071172
v -0.029483 -0.005089 0.071355
v -0.029557 -0.006687 0.071218
v -0.029956 -0.007818 0.071031
v -0.02974 -0.009076 0.071262
v -0.029203 -0.008189 0.071143
v -0.025879 -0.000256 0.069692
v -0.024928 -0.002257 0.069746
v -0.027832 -0.004552 0.069651
v -0.026016 -0.00245 0.069674
v -0.025922 -0.004177 0.069662
v -0.023895 -0.00037 0.069842
v -0.023311 -0.001793 0.069774
v -0.023838 -0.003464 0.069807
v -0.026381 -0.00453 0.069368
v -0.025202 -0.004973 0.069632
v -0.02278 -0.003275 0.069779
v -0.023778 -0.005951 0.06972
v -0.022971 -0.004578 0.069595
v -0.021724 -0.003414 0.069636
v -0.022383 -0.005423 0.069677
v -0.022816 -9.5e-05 0.069696
v -0.022639 0.000834 0.069752
v -0.02044 -8.1e-05 0.069986
v -0.02044 -8.1e-05 0.069986
v -0.020758 -0.001262 0.069801
v -0.020758 -0.001262 0.069801
v -0.021733 -0.002397 0.069922
v -0.019614 -0.001603 0.06999
v -0.019928 -0.002392 0.070146
v -0.020886 -0.002721 0.069971
v -0.020886 -0.002721 0.069971
v -0.018183 -0.001341 0.070604
v -0.01934 -0.001119 0.070452
v -0.021407 -0.004472 0.069834
v -0.021407 -0.004472 0.069834
v -0.020438 -0.004332 0.070386
v -0.021188 -0.006023 0.070283
v -0.026635 -0.005991 0.069483
v -0.028083 -0.006064 0.069773
v -0.027962 -0.006905 0.069672
v -0.028554 -0.007932 0.07019
v -0.02561 -0.005359 0.069758
v -0.02561 -0.006635 0.069543
v -0.026597 -0.007672 0.069511
v -0.025308 -0.007326 0.069651
v -0.028097 -0.008407 0.0698
v -0.029134 -0.010169 0.070928
v -0.027489 -0.008727 0.069537
v -0.026355 -0.008452 0.069491
v -0.026602 -0.009487 0.069236
v -0.02502 -0.008545 0.06942
v -0.023866 -0.008576 0.06968
v -0.021994 -0.006645 0.069767
v -0.021994 -0.006645 0.069767
v -0.022647 -0.008585 0.069559
v -0.022647 -0.008585 0.069559
v -0.025006 -0.010689 0.069497
v -0.02347 -0.010741 0.069669
v -0.02347 -0.010741 0.069669
v -0.018117 -0.001746 0.070637
v -0.01877 -0.002178 0.070717
v -0.019243 -0.002181 0.070485
v -0.019072 -0.003266 0.070313
v -0.019915 -0.003483 0.070465
v -0.019073 -0.004796 0.070796
v -0.022436 -0.010779 0.069691
v -0.022013 -0.011992 0.069697
v -0.0235 -0.013814 0.069535
v -0.0235 -0.013814 0.069535
v -0.021267 -0.010509 0.069946
v -0.021507 -0.007432 0.069895
v -0.020606 -0.011583 0.069876
v -0.029363 -0.013588 0.071092
v -0.021564 -0.013505 0.070059
v -0.022271 -0.014643 0.069875
v -0.022673 -0.015692 0.069883
v -0.021272 -0.015635 0.07
v -0.021144 -0.012295 0.069916
v -0.020906 -0.013055 0.070384
v -0.020617 -0.013532 0.070262
v -0.020726 -0.014362 0.069991
v -0.020517 -0.014863 0.069802
v -0.021482 -0.016777 0.069983
v -0.021506 -0.017477 0.069976
v -0.020574 -0.017797 0.069456
v -0.020806 -0.01682 0.069219
v -0.021126 -0.018334 0.069788
v -0.021128 -0.018751 0.069925
v -0.020742 -0.01944 0.070314
v -0.021372 -0.021824 0.070696
v 0.00035 0.006989 0.069287
v -0.000722 0.006711 0.06915
v -0.00166 0.005013 0.069184
v 0.000261 0.005312 0.06911
v -0.000642 0.005001 0.069097
v 0.001038 0.00708 0.069158
v 0.001485 0.006483 0.069232
v -0.000562 0.004364 0.069274
v -0.001126 0.003318 0.069237
v 0.000792 0.004527 0.069065
v 0.000387 0.003048 0.069169
v -0.001165 0.002009 0.069449
v 0.00141 0.005472 0.069145
v 0.002551 0.006194 0.06904
v 0.001581 0.004339 0.069122
v 0.002911 0.004585 0.068969
v 0.003175 0.003596 0.068944
v 0.001591 0.002236 0.069145
v -0.000694 0.019367 0.069554
v -0.001884 0.01806 0.069325
v -0.000522 0.01713 0.069405
v 0.000278 0.02036 0.069506
v 0.002261 0.01845 0.069442
v -0.001237 0.016535 0.069338
v -0.000984 0.015347 0.06894
v 0.000707 0.015175 0.069473
v 0.001877 0.017415 0.069186
v 0.002556 0.021107 0.069407
v -0.00052 0.013995 0.069324
v 0.000239 0.012731 0.069481
v -0.00156 0.012753 0.068811
v 0.000137 0.011787 0.069334
v 0.002592 0.016498 0.069281
v 0.0025 0.014555 0.069199
v 0.001125 0.01166 0.06925
v 0.002001 0.01338 0.06939
v 0.003457 0.013514 0.069576
v 0.001985 0.008776 0.069292
v 0.000911 0.00903 0.06932
v 0.001459 0.007983 0.069439
v 0.002371 0.00822 0.069222
v 0.002667 0.009331 0.0694
v 0.002682 0.010303 0.06914
v 0.00609 0.012494 0.068979
v 0.006106 0.01338 0.069271
v 0.005065 0.011888 0.069058
v 0.003159 0.011393 0.06916
v 0.004699 0.010799 0.069184
v 0.007271 0.013285 0.069159
v 0.003301 0.009034 0.069325
v 0.002985 0.007455 0.069309
v 1e-05 0.00824 0.069437
v 0.00197 0.007157 0.069427
v 0.003619 0.006382 0.069066
v 0.003421 0.005289 0.069206
v 0.004122 0.005868 0.068942
v 0.0041 0.005154 0.069324
v 0.004836 0.005637 0.069314
v 0.004837 0.006442 0.069178
v 0.018603 0.005144 0.069085
v 0.01932 0.006237 0.069143
v 0.018022 0.007038 0.06919
v 0.019383 0.007711 0.069545
v 0.016739 0.004766 0.069393
v 0.017422 0.004452 0.069279
v 0.021529 0.014596 0.069849
v 0.021529 0.014596 0.069849
v 0.02094 0.013327 0.069669
v 0.020628 0.01419 0.069469
v 0.019995 0.013034 0.069559
v 0.021181 0.012316 0.069474
v 0.021911 0.013458 0.069868
v 0.021911 0.013458 0.069868
v 0.02169 0.012607 0.069841
v 0.018393 0.012647 0.069176
v 0.018868 0.010973 0.06944
v 0.019625 0.011137 0.069377
v 0.019241 0.013721 0.069178
v 0.020939 0.010238 0.069436
v 0.02212 0.011468 0.069741
v 0.02212 0.011468 0.069741
v 0.0194 0.009683 0.069343
v 0.020148 0.009138 0.069313
v 0.020311 0.00849 0.069452
v 0.018752 0.008647 0.069517
v 0.005124 0.004747 0.069245
v 0.004247 0.002437 0.069244
v -0.010278 -0.030182 0.068897
v -0.012799 -0.029845 0.069262
v 0.003697 -0.012531 0.069097
v 0.001979 -0.013961 0.068891
v 0.003226 -0.014528 0.069182
v 0.003948 -0.015705 0.06917
v 0.008738 -0.009934 0.069366
v 0.006846 -0.009796 0.069398
v 0.007641 -0.012126 0.069484
v 0.004809 -0.011962 0.069155
v 0.005564 -0.012269 0.069125
v 0.006406 -0.011446 0.069542
v 0.00522 -0.014204 0.069377
v 0.00754 -0.013081 0.069514
v 0.009226 -0.011141 0.069734
v 0.00835 -0.012603 0.069739
v 0.009921 -0.014882 0.069656
v 0.007482 -0.013997 0.06939
v 0.008231 -0.015204 0.069601
v 0.009714 -0.011787 0.069858
v 0.002897 -0.017556 0.068832
v 0.001852 -0.016567 0.068905
v 0.001969 -0.01882 0.069137
v 0.004043 -0.018432 0.068936
v 0.002651 -0.020914 0.069039
v 0.007588 -0.017767 0.069426
v 0.007005 -0.015815 0.069453
v 0.006026 -0.017724 0.068936
v 0.009105 -0.018698 0.069482
v 0.009209 -0.016501 0.069723
v -0.010254 -0.032613 0.069158
v -0.008939 -0.030126 0.069093
v -0.006736 -0.031779 0.068876
v -0.007945 -0.03107 0.069124
v -0.008378 -0.032507 0.069259
v -0.007274 -0.029116 0.068866
v -0.00649 -0.029697 0.069071
v -0.004541 -0.029485 0.06926
v -0.003384 -0.028893 0.068981
v -0.004944 -0.028101 0.068859
v -0.004518 -0.030105 0.069134
v -0.005269 -0.029738 0.069106
v -0.005515 -0.030727 0.069274
v -0.003862 -0.029795 0.069176
v -0.003145 -0.029902 0.068943
v -0.004367 -0.031258 0.069196
v -0.003729 -0.030464 0.068896
v -0.005386 -0.032511 0.068985
v -0.00353 -0.031137 0.069095
v -0.003709 -0.031897 0.069215
v -0.003586 -0.027675 0.068925
v -0.002244 -0.028893 0.068728
v -0.002242 -0.027883 0.068872
v -0.000164 -0.026602 0.069002
v 0.000418 -0.027462 0.068576
v 0.000739 -0.026674 0.068722
v 0.001802 -0.028549 0.068911
v 0.000801 -0.025513 0.06903
v 0.002305 -0.026875 0.06896
v -0.00303 -0.030324 0.06908
v -0.002493 -0.030921 0.068964
v -0.001785 -0.031486 0.069092
v -0.004724 -0.03461 0.069082
v -0.00284 -0.032899 0.069142
v -0.001747 -0.03241 0.068908
v -0.001053 -0.032312 0.06885
v -0.001603 -0.033129 0.069002
v -0.000596 -0.033036 0.069162
v -0.000958 -0.033894 0.069132
v -0.001478 -0.033884 0.068966
v -0.000737 -0.027732 0.068808
v -0.001383 -0.028401 0.068622
v -0.000413 -0.028937 0.068918
v -0.002098 -0.030315 0.068724
v -0.001435 -0.029452 0.068838
v -0.000249 -0.030038 0.068954
v 0.00016 -0.030717 0.06888
v 0.001049 -0.030032 0.068788
v -0.000204 -0.03204 0.068996
v 0.00098 -0.030906 0.069036
v 0.002709 -0.030571 0.069036
v 0.0005 -0.031892 0.068895
v 0.002544 -0.032321 0.069116
v 0.000735 -0.033345 0.069155
v -0.000798 -0.034441 0.069235
v 0.003778 -0.023444 0.069127
v 0.00198 -0.024159 0.069147
v 0.004002 -0.024717 0.068874
v 0.004916 -0.023717 0.069082
v 0.00544 -0.024338 0.069202
v 0.003794 -0.026749 0.069085
v -0.002172 -0.034834 0.069185
v -0.001763 -0.038645 0.069216
v -0.002833 -0.035637 0.069329
v -0.004853 -0.037402 0.069339
v -0.001392 -0.035923 0.069085
v -0.030016 0.004441 0.052663
v -0.029018 0.003623 0.053504
v -0.029455 0.005813 0.052989
v -0.028808 0.00113 0.053477
v -0.030001 -0.000315 0.052693
v -0.030263 -0.002843 0.05254
v -0.028363 0.00042 0.053682
v -0.02864 -0.000677 0.053854
v -0.029604 -0.004129 0.052893
v -0.027189 -0.000691 0.05291
v -0.027285 0.000398 0.053141
v -0.027266 -0.003915 0.053502
v -0.029785 0.021005 0.052623
v -0.029649 0.023773 0.052709
v -0.029089 0.021525 0.053114
v -0.02693 0.020886 0.052677
v -0.026869 0.024019 0.054041
v -0.027477 0.022583 0.054678
v -0.027956 0.022683 0.0545
v -0.02758 0.02404 0.054631
v -0.027173 0.02433 0.054528
v -0.027165 0.021846 0.054524
v -0.027107 0.019956 0.054055
v -0.027036 0.016752 0.053469
v -0.02756 0.019966 0.054613
v -0.027228 0.018753 0.054391
v -0.028934 0.01747 0.053413
v -0.029721 0.012479 0.052783
v -0.028356 0.015246 0.053719
v -0.028356 0.015246 0.053719
v -0.028421 0.013958 0.053747
v -0.02708 0.013281 0.052228
v -0.027163 0.014271 0.053288
v -0.02733 0.012145 0.053998
v -0.027138 0.010714 0.053609
v -0.027398 0.016417 0.054146
v -0.027398 0.016417 0.054146
v -0.027939 0.01669 0.054261
v -0.027823 0.015855 0.05408
v -0.027823 0.015855 0.05408
v -0.028037 0.018023 0.054495
v -0.027554 0.018032 0.054594
v -0.027267 0.015292 0.053757
v -0.027659 0.013964 0.053814
v -0.02764 0.01257 0.054224
v -0.028309 0.01123 0.054155
v -0.027314 0.025456 0.054494
v -0.02957 0.01594 0.062756
v -0.029691 0.00923 0.052761
v -0.028088 0.008026 0.054584
v -0.027871 0.010856 0.054327
v -0.027595 0.009684 0.054467
v -0.027301 0.009304 0.05425
v -0.02761 0.00855 0.054639
v -0.027286 0.006574 0.053617
v -0.028398 0.005804 0.054192
v -0.027547 0.007741 0.054544
v -0.027953 0.006162 0.054376
v -0.027552 0.006251 0.054117
v -0.028167 0.004517 0.054539
v -0.029728 0.009308 0.065667
v -0.029752 0.002082 0.063171
v -0.029745 0.003863 0.06613
v -0.029617 0.002047 0.065755
v -0.029664 0.004785 0.067462
v -0.029522 0.003329 0.068346
v -0.027253 0.003076 0.053279
v -0.027623 0.004225 0.054512
v -0.027423 0.003857 0.054165
v -0.027416 0.002911 0.05401
v -0.027749 0.003055 0.054337
v -0.028094 0.003365 0.05441
v -0.028067 0.001939 0.05406
v -0.02775 0.002114 0.054113
v -0.027454 0.001879 0.053856
v -0.027564 0.000911 0.053718
v -0.027716 0.000272 0.053662
v -0.028063 -0.000721 0.054168
v -0.027546 -0.001145 0.054109
v -0.027825 -0.002238 0.054284
v -0.02841 -0.002034 0.05409
v -0.027401 -0.002343 0.053899
v -0.030383 -0.00977 0.052454
v -0.029814 -0.010005 0.052643
v -0.027228 -0.010526 0.052491
v -0.027315 -0.006993 0.053544
v -0.02755 -0.004355 0.054265
v -0.028563 -0.004081 0.054017
v -0.028057 -0.003576 0.054352
v -0.028009 -0.00502 0.054355
v -0.028564 -0.007088 0.053852
v -0.028322 -0.009951 0.054189
v -0.02794 -0.007289 0.054174
v -0.027623 -0.006885 0.054061
v -0.027505 -0.008487 0.054138
v -0.028035 -0.009493 0.05441
v -0.027517 -0.010423 0.054081
v -0.028451 -0.012316 0.053607
v -0.028772 -0.011129 0.053507
v -0.030396 -0.01564 0.052382
v -0.029618 -0.017261 0.052689
v -0.028796 -0.013589 0.053407
v -0.027997 -0.010907 0.05412
v -0.028152 -0.015411 0.054083
v -0.027171 -0.014137 0.05271
v -0.027391 -0.011392 0.053765
v -0.027757 -0.012194 0.053865
v -0.02813 -0.013344 0.053623
v -0.027524 -0.01337 0.05344
v -0.027845 -0.014649 0.054029
v -0.027383 -0.015294 0.053879
v -0.027633 -0.016882 0.054181
v -0.028228 -0.016964 0.054036
v -0.027184 -0.016948 0.053384
v -0.029935 -0.025614 0.052456
v -0.029272 -0.023972 0.052853
v -0.029359 -0.026984 0.052661
v -0.029269 -0.030826 0.052533
v -0.029792 -0.0287 0.052568
v -0.028149 -0.026313 0.053579
v -0.028298 -0.027357 0.053586
v -0.028643 -0.028436 0.053656
v -0.030097 -0.017032 0.052437
v -0.029809 -0.020656 0.052487
v -0.028092 -0.018161 0.054163
v -0.027715 -0.01833 0.054171
v -0.027908 -0.019271 0.0541
v -0.027395 -0.01754 0.054001
v -0.027459 -0.019172 0.053928
v -0.028259 -0.020848 0.053841
v -0.027087 -0.021477 0.053223
v -0.027235 -0.019517 0.053532
v -0.027044 -0.023918 0.053495
v -0.027335 -0.020641 0.053926
v -0.027461 -0.021987 0.054072
v -0.027881 -0.02101 0.05408
v -0.028048 -0.022718 0.054029
v -0.027172 -0.022367 0.05376
v -0.027449 -0.023663 0.054097
v -0.026923 -0.026264 0.053263
v -0.027165 -0.024536 0.053837
v -0.027275 -0.025365 0.053966
v -0.027899 -0.024641 0.054018
v -0.027578 -0.026107 0.053862
v -0.027096 -0.026161 0.053655
v -0.027598 -0.027311 0.053717
v -0.02768 -0.028517 0.053993
v -0.029759 -0.001749 0.064324
v -0.029761 -0.00427 0.064315
v -0.029914 -0.001448 0.065778
v -0.029605 0.001288 0.068207
v -0.029632 -0.002123 0.066768
v -0.029527 -0.00062 0.068602
v -0.029648 -0.003542 0.066313
v -0.029815 -0.007955 0.065873
v -0.029459 -0.00584 0.068165
v -0.029644 -0.00273 0.068498
v -0.029533 -0.007435 0.068289
v -0.029811 -0.006214 0.064299
v -0.029639 -0.008724 0.067911
v -0.029653 -0.010563 0.067591
v -0.029659 -0.009971 0.068499
v -0.029424 -0.011487 0.068559
v -0.029642 -0.019289 0.06546
v -0.029439 -0.021791 0.065667
v -0.029482 -0.023285 0.065499
v -0.02933 -0.022881 0.067105
v -0.029303 -0.024478 0.065988
v -0.029508 -0.014067 0.068184
v -0.029281 -0.016632 0.068438
v -0.029606 -0.017944 0.067693
v -0.029731 -0.012836 0.071101
v -0.029547 -0.020547 0.067635
v -0.029297 -0.018888 0.068599
v -0.020942 -0.022083 0.070483
v -0.026831 -0.029886 0.053518
v -0.026735 -0.031499 0.053466
v -0.027016 -0.027545 0.053411
v -0.02712 -0.028453 0.053745
v -0.027325 -0.030098 0.053938
v -0.027669 -0.02981 0.053957
v -0.027648 -0.031459 0.053813
v -0.020904 -0.023351 0.069517
v -0.020332 -0.022576 0.069833
v -0.019113 -0.022882 0.069538
v -0.020335 -0.024184 0.06941
v -0.018627 -0.024894 0.06951
v -0.017389 -0.023024 0.069598
v -0.020587 -0.025504 0.069683
v -0.021061 -0.026583 0.070047
v -0.021417 -0.027542 0.069793
v -0.020019 -0.027134 0.069694
v -0.016336 -0.026155 0.069424
v -0.016451 -0.027092 0.069299
v -0.01638 -0.028128 0.069429
v -0.018223 -0.027353 0.069437
v -0.015151 -0.02819 0.069131
v -0.01755 -0.028501 0.069458
v -0.015779 -0.02458 0.069184
v -0.015298 -0.026889 0.068925
v -0.014031 -0.027298 0.068981
v -0.029839 -0.031286 0.052253
v -0.029081 -0.035555 0.05936
v -0.029081 -0.033607 0.061175
v -0.02901 -0.035481 0.060473
v -0.028295 -0.034965 0.06309
v -0.028779 -0.032121 0.063364
v -0.028899 -0.032509 0.065063
v -0.028794 -0.032857 0.065497
v -0.029383 -0.028655 0.070779
v -0.027315 -0.037093 0.071124
v -0.027315 -0.037093 0.071124
v -0.029445 -0.032949 0.052307
v -0.028238 -0.035333 0.05259
v -0.028646 -0.036142 0.052193
v -0.027615 -0.033207 0.053734
v -0.027152 -0.033111 0.054007
v -0.026681 -0.032896 0.053821
v -0.026589 -0.033696 0.053905
v -0.026919 -0.034472 0.053921
v -0.026736 -0.036628 0.053624
v -0.026311 -0.034199 0.053616
v -0.026468 -0.034578 0.053912
v -0.026623 -0.039712 0.052388
v -0.02483 -0.037757 0.052556
v -0.026024 -0.036922 0.053948
v -0.02587 -0.035818 0.053757
v -0.025052 -0.037836 0.053696
v -0.024575 -0.038546 0.053459
v -0.025193 -0.038664 0.053782
v -0.026658 -0.040809 0.052097
v -0.022925 -0.040997 0.051941
v -0.025412 -0.042096 0.052217
v -0.024566 -0.039712 0.05382
v -0.024998 -0.040027 0.053564
v -0.024154 -0.039539 0.053654
v -0.023689 -0.040687 0.053396
v -0.024018 -0.041127 0.053435
v -0.024417 -0.041589 0.05316
v -0.023295 -0.04065 0.052893
v -0.022862 -0.041276 0.053038
v -0.023539 -0.041861 0.053499
v -0.022842 -0.041743 0.053544
v -0.023159 -0.044045 0.052667
v -0.020496 -0.043717 0.052503
v -0.021955 -0.042345 0.053498
v -0.022145 -0.043498 0.053783
v -0.022687 -0.042424 0.053754
v -0.022023 -0.042695 0.05387
v -0.020833 -0.044079 0.053791
v -0.020479 -0.04389 0.053238
v -0.023174 -0.044889 0.052296
v -0.021374 -0.045942 0.052551
v -0.02106 -0.044694 0.053683
v -0.020429 -0.044844 0.053887
v -0.019719 -0.045928 0.053804
v -0.027029 -0.031881 0.053902
v -0.029019 -0.039257 0.06006
v -0.028826 -0.041745 0.060031
v -0.028189 -0.040344 0.058926
v -0.028393 -0.042838 0.059849
v -0.027093 -0.042012 0.058751
v -0.027389 -0.042188 0.059169
v -0.026785 -0.043137 0.059406
v -0.025552 -0.043488 0.059106
v -0.025111 -0.043838 0.058727
v -0.029081 -0.037422 0.060176
v -0.028414 -0.036529 0.061119
v -0.028935 -0.03858 0.060398
v -0.02799 -0.038021 0.061153
v -0.028586 -0.039044 0.060743
v -0.027861 -0.036339 0.063234
v -0.028925 -0.040143 0.060463
v -0.028257 -0.040882 0.061074
v -0.027408 -0.039752 0.061181
v -0.028681 -0.042456 0.060653
v -0.028329 -0.042639 0.061151
v -0.026899 -0.041363 0.061061
v -0.027772 -0.042601 0.061344
v -0.025487 -0.042905 0.061374
v -0.025848 -0.041758 0.061699
v -0.026314 -0.042826 0.06118
v -0.024509 -0.043316 0.061803
v -0.028328 -0.043431 0.060301
v -0.027135 -0.045321 0.060305
v -0.026969 -0.044847 0.059874
v -0.025461 -0.044218 0.059588
v -0.0276 -0.04454 0.060753
v -0.026923 -0.044959 0.061082
v -0.027001 -0.044119 0.061233
v -0.024742 -0.044482 0.061164
v -0.026102 -0.046591 0.060982
v -0.025651 -0.046248 0.06133
v -0.024227 -0.045279 0.058799
v -0.02508 -0.04409 0.059376
v -0.024282 -0.045615 0.059211
v -0.024512 -0.046154 0.059513
v -0.025585 -0.046726 0.059839
v -0.023921 -0.04837 0.059624
v -0.022115 -0.047268 0.059148
v -0.022491 -0.047462 0.059352
v -0.024785 -0.048293 0.060212
v -0.021529 -0.04757 0.058649
v -0.023701 -0.049129 0.060045
v -0.022401 -0.049525 0.059831
v -0.023996 -0.046575 0.061218
v -0.023221 -0.045529 0.061101
v -0.023228 -0.044408 0.062417
v -0.022835 -0.046574 0.061182
v -0.021666 -0.046583 0.061663
v -0.021666 -0.046583 0.061663
v -0.023883 -0.048945 0.060853
v -0.024035 -0.048955 0.06058
v -0.024103 -0.04786 0.061168
v -0.020687 -0.048964 0.059615
v -0.0201 -0.048833 0.059184
v -0.019383 -0.048544 0.061506
v -0.022291 -0.050262 0.060812
v -0.020126 -0.05115 0.059933
v -0.022421 -0.049998 0.060148
v -0.0208 -0.051276 0.060363
v -0.020752 -0.051182 0.060955
v -0.018106 -0.045614 0.052298
v -0.02011 -0.047481 0.052199
v -0.018004 -0.048505 0.052471
v -0.01978 -0.044884 0.053879
v -0.018734 -0.045464 0.053593
v -0.019316 -0.045624 0.053943
v -0.017483 -0.046146 0.053035
v -0.017993 -0.046236 0.053753
v -0.017974 -0.046873 0.053863
v -0.015215 -0.047443 0.053151
v -0.011995 -0.048649 0.052781
v -0.008117 -0.049268 0.052392
v -0.016119 -0.047638 0.05376
v -0.015839 -0.047346 0.053553
v -0.014628 -0.048118 0.053693
v -0.015908 -0.048212 0.053684
v -0.013054 -0.048612 0.053683
v -0.013082 -0.049063 0.053861
v -0.014498 -0.049069 0.053506
v -0.013102 -0.049448 0.053723
v -0.012177 -0.04949 0.053323
v -0.011999 -0.050173 0.052866
v -0.011624 -0.049761 0.053189
v -0.011914 -0.049146 0.053216
v -0.010274 -0.049575 0.053604
v -0.008309 -0.049663 0.053656
v -0.009956 -0.050066 0.053499
v -0.008038 -0.049489 0.053378
v -0.005898 -0.049417 0.053022
v -0.006729 -0.050405 0.053652
v -0.015744 -0.050533 0.052065
v -0.015245 -0.050194 0.052277
v -0.013066 -0.051454 0.051985
v -0.013017 -0.051033 0.052172
v -0.009233 -0.05213 0.052038
v -0.018899 -0.049871 0.058554
v -0.019654 -0.04969 0.05943
v -0.019143 -0.050914 0.059624
v -0.018941 -0.051936 0.06072
v -0.01845 -0.050434 0.058882
v -0.017931 -0.051975 0.059779
v -0.018181 -0.052208 0.060279
v -0.018265 -0.051984 0.061022
v -0.016413 -0.050219 0.061577
v -0.017799 -0.051748 0.061198
v -0.017226 -0.050916 0.058877
v -0.01561 -0.051309 0.058885
v -0.016629 -0.052211 0.059907
v -0.017039 -0.052329 0.060552
v -0.016054 -0.052146 0.060836
v -0.015845 -0.052309 0.060266
v -0.014397 -0.052175 0.059838
v -0.013347 -0.052244 0.060579
v -0.008582 -0.051656 0.052363
v -0.013452 -0.05157 0.059008
v -0.011559 -0.052155 0.059868
v -0.011713 -0.051575 0.058894
v -0.011021 -0.051738 0.059149
v -0.022948 -0.044436 0.063803
v -0.0225 -0.031449 0.069615
v -0.019857 -0.028578 0.069445
v -0.020767 -0.030564 0.069529
v -0.02593 -0.038437 0.070434
v -0.026938 -0.038936 0.070931
v -0.026938 -0.038936 0.070931
v -0.025526 -0.039929 0.070458
v -0.026484 -0.038858 0.071063
v -0.016415 -0.04188 0.069452
v -0.019536 -0.038945 0.070236
v -0.014825 -0.040424 0.069209
v -0.012614 -0.039132 0.069117
v -0.014936 -0.041417 0.069413
v -0.021189 -0.046048 0.064337
v -0.021189 -0.046048 0.064337
v -0.021152 -0.046272 0.06316
v -0.021152 -0.046272 0.06316
v -0.019267 -0.047819 0.062583
v -0.019907 -0.04722 0.063998
v -0.019074 -0.048201 0.066957
v -0.016853 -0.049181 0.064008
v -0.025977 -0.039898 0.070787
v -0.025877 -0.040917 0.070621
v -0.024689 -0.041478 0.070763
v -0.025441 -0.041183 0.071025
v -0.025441 -0.041183 0.071025
v -0.023082 -0.043039 0.070444
v -0.024693 -0.042498 0.070551
v -0.024082 -0.042756 0.070846
v -0.023432 -0.043025 0.070729
v -0.023169 -0.043949 0.071089
v -0.022605 -0.044138 0.070947
v -0.020965 -0.045376 0.070505
v -0.020965 -0.045376 0.070505
v -0.021814 -0.04584 0.070676
v -0.021814 -0.04584 0.070676
v -0.021814 -0.04584 0.070676
v -0.019831 -0.047534 0.070769
v -0.02253 -0.044759 0.071084
v -0.021883 -0.04505 0.070925
v -0.021883 -0.04505 0.070925
v -0.021836 -0.045465 0.070986
v -0.021836 -0.045465 0.070986
v -0.021836 -0.045465 0.070986
v -0.021245 -0.0457 0.070918
v -0.021245 -0.0457 0.070918
v -0.020822 -0.046486 0.070999
v -0.019985 -0.046493 0.070881
v -0.018433 -0.046922 0.070249
v -0.019586 -0.047072 0.071063
v -0.019243 -0.04759 0.071145
v -0.017873 -0.047894 0.070998
v -0.018177 -0.048486 0.07096
v -0.017323 -0.048652 0.071126
v -0.01115 -0.034333 0.069143
v -0.010265 -0.034748 0.069235
v -0.008499 -0.037187 0.069228
v -0.008829 -0.041128 0.069378
v -0.013093 -0.042914 0.069106
v -0.011934 -0.04307 0.069323
v -0.005737 -0.039942 0.069341
v -0.009563 -0.043745 0.069565
v -0.011349 -0.0442 0.06938
v -0.008053 -0.043716 0.069497
v -0.006526 -0.041624 0.069504
v -0.017635 -0.04927 0.061984
v -0.01679 -0.049427 0.062636
v -0.015712 -0.050332 0.06182
v -0.015368 -0.049927 0.063058
v -0.013969 -0.050565 0.062608
v -0.014804 -0.051478 0.06127
v -0.013979 -0.051353 0.06148
v -0.015202 -0.050032 0.064496
v -0.012953 -0.050691 0.063347
v -0.014949 -0.050417 0.066085
v -0.013014 -0.050683 0.064384
v -0.011562 -0.051462 0.066408
v -0.011901 -0.051958 0.061193
v -0.011659 -0.051214 0.062522
v -0.011218 -0.052192 0.060778
v -0.009936 -0.051485 0.062742
v -0.011004 -0.051197 0.06423
v -0.009818 -0.051649 0.064189
v -0.009142 -0.051991 0.065353
v -0.010176 -0.051817 0.066972
v -0.008651 -0.051511 0.063342
v -0.006375 -0.051846 0.063092
v -0.007625 -0.05173 0.063444
v -0.007858 -0.051849 0.064731
v -0.007902 -0.051951 0.066731
v -0.006087 -0.05188 0.066025
v -0.01619 -0.048672 0.070679
v -0.016405 -0.049431 0.071027
v -0.01452 -0.049603 0.070836
v -0.013164 -0.050499 0.071055
v -0.00835 -0.051896 0.068682
v -0.010153 -0.051738 0.069807
v -0.007599 -0.051799 0.066055
v -0.0038 -0.051947 0.067979
v -0.010737 -0.051528 0.070746
v -0.009538 -0.051771 0.070806
v -0.00725 -0.052127 0.069964
v -0.009294 -0.051649 0.071112
v -0.00823 -0.051898 0.070804
v -0.008278 -0.051624 0.071044
v -0.006596 -0.051463 0.070956
v -0.006596 -0.051463 0.070956
v -0.006647 -0.052063 0.07074
v -0.005584 -0.05208 0.069929
v -0.006415 -0.051774 0.071044
v -0.006415 -0.051774 0.071044
v -0.004641 -0.051241 0.070602
v -0.005725 -0.051925 0.070767
v -0.005725 -0.051925 0.070767
v -0.004315 -0.052053 0.070649
v -0.005109 -0.051798 0.070916
v -0.004515 -0.05153 0.070894
v -0.004515 -0.05153 0.070894
v -0.010542 -0.051485 0.071066
v -0.029191 0.027492 0.070945
v -0.029191 0.027492 0.070945
v -0.029191 0.027492 0.070945
v -0.028801 0.028433 0.071473
v -0.029058 0.02785 0.071274
v -0.028525 0.028012 0.071371
v -0.029022 0.026825 0.071593
v -0.029022 0.026825 0.071593
v -0.029022 0.026825 0.071593
v -0.029022 0.026825 0.071593
v -0.029284 0.026544 0.071203
v -0.029284 0.026544 0.071203
v -0.029284 0.026544 0.071203
v -0.028573 0.029466 0.071482
v -0.028871 0.027021 0.068885
v -0.028871 0.027021 0.068885
v -0.02905 0.024524 0.068822
v -0.029366 0.017758 0.065965
v -0.029394 0.01885 0.067241
v -0.029101 0.021486 0.068753
v -0.029005 0.018874 0.06875
v -0.029555 0.01924 0.070606
v -0.029332 0.023606 0.071082
v -0.028683 0.026573 0.07143
v -0.029072 0.025722 0.071358
v -0.029072 0.025722 0.071358
v -0.029072 0.025722 0.071358
v -0.028926 0.02515 0.071393
v -0.028926 0.02515 0.071393
v -0.029153 0.023899 0.071395
v -0.029303 0.022315 0.071419
v -0.028829 0.023021 0.071458
v -0.029519 0.019974 0.071089
v -0.029339 0.020969 0.071367
v -0.029059 0.019871 0.071326
v -0.029209 0.018989 0.071184
v -0.028868 0.018866 0.071142
v -0.020774 0.027645 0.07041
v -0.020559 0.02668 0.069992
v -0.02015 0.026916 0.070016
v -0.018727 0.02704 0.069683
v -0.019533 0.025648 0.070204
v -0.018182 0.025207 0.069756
v -0.016356 0.024491 0.069748
v -0.018937 0.024475 0.069862
v -0.014551 0.021635 0.069615
v -0.020181 0.018884 0.070307
v -0.020341 0.016882 0.068906
v -0.020341 0.016882 0.068906
v -0.020135 0.016947 0.069604
v -0.020108 0.01558 0.069187
v -0.020108 0.01558 0.069187
v -0.020496 0.015527 0.068981
v -0.020128 0.014858 0.068886
v -0.020128 0.014858 0.068886
v -0.019694 0.01762 0.069802
v -0.018646 0.019705 0.070131
v -0.029312 0.015803 0.066945
v -0.029594 0.010425 0.067555
v -0.029256 0.015912 0.068751
v -0.029688 0.01483 0.070965
v -0.029287 0.014911 0.071375
v -0.029553 0.013741 0.071341
v -0.029654 0.012785 0.071095
v -0.029711 0.012236 0.070776
v -0.029702 0.011333 0.07106
v -0.029442 0.011965 0.071213
v -0.028965 0.012184 0.071003
v -0.028965 0.012184 0.071003
v -0.028965 0.012184 0.071003
v -0.029882 0.009783 0.070842
v -0.029877 0.007852 0.071029
v -0.029787 0.009145 0.071173
v -0.029582 0.008229 0.071393
v -0.029489 0.009742 0.071327
v -0.029489 0.009742 0.071327
v -0.029451 0.00593 0.068484
v -0.0296 0.004476 0.068716
v -0.029945 0.005875 0.071044
v -0.029325 0.007902 0.071289
v -0.029734 0.006978 0.071236
v -0.029591 0.006207 0.071341
v -0.029121 0.018009 0.071341
v -0.029452 0.017248 0.071341
v -0.029297 0.016502 0.071421
v -0.020167 0.012036 0.06858
v -0.020167 0.012036 0.06858
v -0.01231 0.024378 0.068959
v -0.011538 0.025483 0.06906
v -0.010593 0.024931 0.069226
v -0.010786 0.023863 0.069356
v -0.012251 0.023388 0.068765
v -0.009704 0.02416 0.069167
v -0.011659 0.022313 0.068695
v -0.009546 0.022738 0.069181
v -0.009033 0.023297 0.069015
v -0.010282 0.022277 0.069155
v -0.013761 0.019932 0.069536
v -0.011216 0.020681 0.069252
v -0.011804 0.019167 0.069619
v -0.019264 0.014529 0.069499
v -0.018123 0.015992 0.069858
v -0.017673 0.018206 0.069917
v -0.018765 0.015509 0.06979
v -0.018416 0.014233 0.070073
v -0.016484 0.013754 0.06988
v -0.015895 0.017288 0.069702
v -0.015837 0.018891 0.069747
v -0.015731 0.019904 0.069733
v -0.014069 0.018497 0.069719
v -0.010985 0.017466 0.069535
v -0.013751 0.013972 0.069665
v -0.009055 0.017107 0.069632
v -0.007659 0.016402 0.069563
v -0.005429 0.018902 0.06918
v -0.010106 0.013323 0.069611
v -0.007409 0.014974 0.069697
v -0.005758 0.015736 0.069379
v -0.004659 0.016619 0.069355
v -0.005683 0.014018 0.069201
v -0.008027 0.013044 0.069564
v -0.006179 0.011935 0.069447
v -0.005803 0.010449 0.069376
v -0.019568 0.011182 0.068674
v -0.019806 0.012082 0.068539
v -0.021238 0.010208 0.068899
v -0.020217 0.009928 0.068666
v -0.020217 0.009928 0.068666
v -0.020563 0.009004 0.069035
v -0.019969 0.009378 0.068865
v -0.019969 0.009378 0.068865
v -0.020305 0.008023 0.069309
v -0.020305 0.008023 0.069309
v -0.020027 0.008659 0.069459
v -0.019829 0.007954 0.069506
v -0.019569 0.00715 0.069789
v -0.019224 0.005528 0.069695
v -0.018137 0.004653 0.069736
v -0.018526 0.004388 0.069879
v -0.018705 0.003719 0.070307
v -0.017861 0.002758 0.069975
v -0.01739 0.00291 0.069795
v -0.016788 0.001417 0.069747
v -0.016832 0.000343 0.069977
v -0.015193 -0.001032 0.069688
v -0.019493 0.01381 0.068873
v -0.019894 0.013704 0.068654
v -0.019894 0.013704 0.068654
v -0.019051 0.012951 0.06956
v -0.019328 0.011605 0.069404
v -0.018863 0.01208 0.06956
v -0.017925 0.012623 0.069772
v -0.019079 0.010657 0.070018
v -0.017651 0.011159 0.06982
v -0.019576 0.010396 0.069706
v -0.019934 0.008947 0.06982
v -0.01936 0.009912 0.069962
v -0.018987 0.008139 0.070066
v -0.017587 0.00797 0.06983
v -0.018268 0.006431 0.070171
v -0.016145 0.004819 0.069651
v -0.017027 0.004115 0.06974
v -0.015035 0.008296 0.069673
v -0.013595 0.003214 0.069603
v -0.008865 0.007424 0.069496
v -0.011916 0.00611 0.069673
v -0.009313 0.003477 0.069558
v -0.012641 0.000706 0.069613
v -0.009941 0.001653 0.069729
v -0.007835 0.023935 0.069074
v -0.007991 0.023016 0.069052
v -0.006739 0.023628 0.068519
v -0.006133 0.023738 0.068543
v -0.006403 0.023146 0.068591
v -0.003889 0.018171 0.069336
v -0.029965 -0.000328 0.070065
v -0.029632 0.00097 0.071259
v -0.029848 0.00027 0.071111
v -0.029872 -0.009798 0.070887
v -0.017484 -0.00097 0.070815
v -0.016717 -0.00083 0.070185
v -0.017074 -0.001602 0.070364
v -0.017126 -0.003337 0.070031
v -0.01929 -0.006421 0.070707
v -0.018081 -0.003692 0.069959
v -0.017854 -0.004922 0.070023
v -0.020487 -0.007093 0.070039
v -0.020408 -0.009084 0.070534
v -0.019891 -0.009689 0.070376
v -0.019262 -0.009586 0.069789
v -0.019483 -0.008516 0.069937
v -0.020196 -0.010367 0.070295
v -0.019767 -0.010856 0.070006
v -0.019362 -0.011779 0.069891
v -0.020368 -0.012038 0.069848
v -0.020136 -0.012954 0.069573
v -0.018835 -0.013338 0.069637
v -0.019833 -0.007778 0.070269
v -0.018043 -0.007702 0.069875
v -0.017997 -0.005952 0.070168
v -0.02009 -0.009136 0.070551
v -0.017732 -0.00062 0.071053
v -0.029391 -0.010523 0.07112
v -0.029577 -0.01138 0.071155
v -0.020015 -0.01444 0.069731
v -0.020079 -0.015442 0.069573
v -0.021 -0.016044 0.069337
v -0.020658 -0.016369 0.069184
v -0.018569 -0.016094 0.069803
v -0.019416 -0.017186 0.069541
v -0.017127 -0.015355 0.069501
v -0.019901 -0.019064 0.069779
v -0.020259 -0.020024 0.069674
v -0.02099 -0.021396 0.070704
v -0.00492 0.014523 0.068989
v -0.003646 0.015106 0.06888
v -0.004312 0.01458 0.069022
v -0.004695 0.013154 0.069339
v -0.002944 0.013601 0.068786
v -0.004685 0.010783 0.069023
v -0.004019 0.012271 0.06864
v -0.003909 0.009958 0.068721
v -0.004686 0.008749 0.06928
v -0.002033 0.014422 0.068775
v -0.003272 0.011686 0.068532
v -0.001505 0.011417 0.068654
v -0.002747 0.010432 0.068941
v -0.000799 0.011628 0.068847
v -0.000591 0.010777 0.069213
v -0.001779 0.010152 0.06901
v -0.002413 0.008885 0.068662
v -0.001365 0.00823 0.069118
v -0.000267 0.009607 0.069371
v -0.005276 0.005125 0.069365
v -0.006678 0.006521 0.069565
v -0.003344 0.00705 0.068528
v -0.003851 0.008455 0.068694
v -0.004639 0.007105 0.069119
v -0.002918 0.005553 0.068668
v -0.001844 0.006924 0.068615
v -0.003567 0.0042 0.068691
v -0.002673 0.004182 0.068569
v -0.004405 0.003493 0.068779
v -0.006026 0.002611 0.069408
v -0.007412 0.000849 0.069725
v -0.002641 0.003264 0.068749
v -0.003358 0.001773 0.068677
v -0.002783 0.00187 0.06868
v 0.002615 3e-05 0.06914
v -0.003445 0.000327 0.06911
v -0.004857 -0.001377 0.069168
v -0.003286 -0.001327 0.069159
v -0.005007 -0.002359 0.069007
v -0.00635 -0.00317 0.068971
v -0.003471 -0.003775 0.068457
v -0.004326 -0.004933 0.068876
v -0.002259 -0.002987 0.06905
v -0.002965 -0.005145 0.068394
v -0.001715 -0.005865 0.068403
v -0.001881 -0.00425 0.068562
v -0.000791 -0.003943 0.069058
v -0.0003 -0.004292 0.069148
v -0.004006 0.00099 0.069086
v -0.002281 0.000704 0.069145
v -0.000917 0.000571 0.069422
v -0.00026 -0.002118 0.069423
v -0.000162 -0.001026 0.069435
v 0.001759 -0.001766 0.069036
v 0.001786 -0.004705 0.06909
v 0.005964 0.002325 0.069219
v 0.00446 7e-06 0.069245
v 0.005517 0.000303 0.069417
v 0.002404 -0.002971 0.069232
v 0.004093 -0.002281 0.069276
v 0.005989 -0.001508 0.069237
v 0.004689 -0.005125 0.069251
v 0.005369 -0.004094 0.06907
v 0.005659 -0.002902 0.06931
v -0.00023 -0.005972 0.069223
v 0.001526 -0.007458 0.069171
v 0.005071 -0.007268 0.069254
v 0.00641 -0.004186 0.069228
v 0.007405 -0.00315 0.069299
v 0.007487 -0.000674 0.069257
v 0.008491 -0.004736 0.069398
v 0.006514 -0.005716 0.069544
v 0.008638 -0.007283 0.069261
v 0.00855 -0.008282 0.069238
v 0.011456 -0.007724 0.069309
v -0.000926 0.021659 0.068889
v -0.002184 0.020615 0.069374
v -0.003057 0.017132 0.068968
v -0.00271 0.016468 0.068971
v 0.003603 0.016979 0.06956
v 0.00295 0.015328 0.069243
v 0.004484 0.015788 0.069397
v 0.004944 0.014457 0.069513
v 0.003656 0.019167 0.069518
v 0.005816 0.019142 0.06949
v 0.004568 0.018107 0.069282
v 0.007314 0.017754 0.069375
v 0.009681 0.018556 0.069748
v 0.00937 0.016145 0.069476
v 0.007094 0.015803 0.069454
v 0.008932 0.013723 0.069103
v 0.001862 0.011198 0.069346
v 0.000514 0.010499 0.069606
v 0.006911 0.011349 0.069251
v 0.006425 0.008799 0.069108
v 0.004931 0.008315 0.069388
v 0.01 0.012577 0.069264
v 0.010267 0.013715 0.069263
v 0.013106 0.014819 0.069364
v 0.011901 0.013652 0.069143
v 0.015662 0.013861 0.069313
v 0.012769 0.012583 0.069288
v 0.008899 0.008505 0.069266
v 0.015898 0.011875 0.069354
v 0.006013 0.006162 0.069192
v 0.012431 0.007866 0.069268
v 0.010332 0.005685 0.069179
v 0.01775 0.011696 0.069149
v 0.017371 0.010937 0.068884
v 0.016349 0.010077 0.069268
v 0.018015 0.010253 0.068838
v 0.011291 0.005057 0.069294
v 0.013587 0.004977 0.069204
v 0.010542 0.003215 0.069296
v 0.015629 0.007086 0.069312
v 0.017465 0.008876 0.069237
v 0.015151 0.003029 0.069325
v 0.017663 0.003187 0.069076
v 0.017267 0.016344 0.069174
v 0.018366 0.015634 0.068976
v 0.016907 0.014641 0.069092
v 0.019691 0.01464 0.069073
v 0.008424 0.004313 0.06911
v 0.012263 0.001902 0.06925
v 0.014232 -0.001067 0.069282
v 0.012333 -0.003114 0.06923
v 0.015537 0.001927 0.069257
v 0.014092 -0.004118 0.069298
v 0.016758 -0.00414 0.069115
v 0.017361 0.00218 0.069148
v 0.017608 -0.000341 0.069137
v 0.009719 -0.00319 0.069438
v 0.01192 -0.005183 0.069318
v 0.013026 -0.006087 0.069437
v 0.014142 -0.008063 0.069219
v 0.013233 -0.008829 0.069026
v 0.012183 -0.00986 0.069174
v -0.014486 -0.007527 0.069595
v -0.012038 -0.00881 0.069366
v -0.010811 -0.005924 0.069348
v -0.008025 -0.003708 0.069375
v -0.007693 -0.008721 0.069109
v -0.010651 -0.01009 0.069414
v -0.012067 -0.014556 0.069102
v -0.014814 -0.016126 0.06939
v -0.011802 -0.01804 0.068987
v -0.011355 -0.012454 0.069289
v -0.017125 -0.010566 0.069565
v -0.013767 -0.013096 0.069437
v -0.011887 -0.015547 0.069161
v -0.009955 -0.015761 0.069008
v -0.007288 -0.010328 0.069097
v -0.006237 -0.009226 0.068458
v -0.005827 -0.008895 0.068386
v -0.005235 -0.009233 0.068398
v -0.006434 -0.010001 0.068834
v -0.005281 -0.010629 0.068787
v -0.010243 -0.014162 0.0688
v -0.008777 -0.015405 0.068763
v -0.006348 -0.011259 0.06896
v -0.00508 -0.011859 0.068357
v -0.005778 -0.012839 0.06874
v -0.006219 -0.013765 0.068819
v -0.004235 -0.013576 0.068794
v -0.00384 -0.01223 0.068464
v -0.00705 -0.01633 0.069007
v -0.008001 -0.016639 0.069013
v -0.006531 -0.017075 0.068969
v -0.008023 -0.018185 0.068756
v -0.006184 -0.018182 0.069065
v -0.006828 -0.015189 0.06878
v -0.00426 -0.015347 0.068541
v -0.004496 -0.01736 0.068953
v -0.010527 -0.002086 0.06982
v -0.006054 -0.005269 0.069123
v -0.006277 -0.006803 0.069133
v -0.00427 -0.006501 0.068444
v -0.004682 -0.007615 0.068714
v -0.005912 -0.008057 0.068837
v -0.004934 -0.008317 0.0687
v -0.003688 -0.006534 0.068358
v -0.002033 -0.007104 0.068395
v -0.002914 -0.008208 0.068925
v -0.000389 -0.007587 0.068792
v -0.001595 -0.008177 0.06879
v -0.00429 -0.008479 0.068766
v -0.004354 -0.01026 0.068885
v -0.003053 -0.009382 0.069087
v -0.002253 -0.011537 0.069
v -0.018726 -0.018123 0.069512
v -0.017027 -0.017791 0.069001
v -0.016418 -0.017282 0.068962
v -0.015342 -0.017723 0.069083
v -0.019126 -0.019228 0.069731
v -0.018013 -0.019531 0.069532
v -0.019904 -0.021379 0.069716
v -0.014335 -0.019315 0.069195
v -0.013234 -0.017809 0.069213
v -0.014635 -0.021646 0.069244
v -0.020374 -0.021677 0.069998
v -0.014232 -0.023355 0.069346
v -0.013038 -0.01969 0.06884
v -0.011438 -0.020859 0.06866
v -0.013232 -0.022152 0.068791
v -0.012878 -0.021104 0.068922
v -0.010843 -0.022324 0.068832
v -0.012981 -0.023205 0.069025
v -0.012287 -0.021826 0.068807
v -0.010109 -0.020256 0.068988
v -0.008764 -0.019414 0.069
v -0.009073 -0.021454 0.069119
v -0.009952 -0.022991 0.068692
v -0.008422 -0.022512 0.068698
v -0.011293 -0.023482 0.068848
v -0.007312 -0.020432 0.06866
v -0.008266 -0.023177 0.068703
v -0.007035 -0.021931 0.068899
v -0.006779 -0.023098 0.069203
v -0.009685 -0.024714 0.068657
v -0.007479 -0.024036 0.068826
v -0.009421 -0.01841 0.069274
v -0.007402 -0.019397 0.068777
v -0.00544 -0.019438 0.068789
v -0.005608 -0.021538 0.068806
v -0.014182 -0.024667 0.069005
v -0.014395 -0.026007 0.069119
v -0.012442 -0.024503 0.068962
v -0.012402 -0.02589 0.068699
v -0.012164 -0.026458 0.068711
v -0.011269 -0.02486 0.068561
v -0.010709 -0.025917 0.06863
v -0.00986 -0.026182 0.068835
v -0.010129 -0.02737 0.069026
v -0.008819 -0.026953 0.068695
v -0.007703 -0.025124 0.068797
v -0.010658 -0.028792 0.068922
v -0.009302 -0.029117 0.068614
v -0.003884 -0.018644 0.068637
v -0.002977 -0.017847 0.068999
v -0.002903 -0.016377 0.068886
v -0.000722 -0.01704 0.069131
v -0.002758 -0.020163 0.069046
v 0.000346 -0.008886 0.06899
v 0.002857 -0.00968 0.06906
v -0.000911 -0.010531 0.069179
v 0.001534 -0.012517 0.069078
v -0.00074 -0.012089 0.06923
v 0.003473 -0.01094 0.069235
v 0.004141 -0.008614 0.069053
v 0.004848 -0.010526 0.069251
v -0.00243 -0.013587 0.069103
v 0.000221 -0.01652 0.069081
v 0.001335 -0.015896 0.068776
v 0.001525 -0.021469 0.069137
v 0.010856 -0.011393 0.069994
v 0.010926 -0.013001 0.069539
v 0.01164 -0.011895 0.069998
v 0.008828 -0.013784 0.069393
v 0.009733 -0.013392 0.069553
v 0.011428 -0.014504 0.069646
v 0.004913 -0.01719 0.068995
v 0.005498 -0.016283 0.069003
v 0.004967 -0.018632 0.069055
v 0.00561 -0.019708 0.06933
v 0.005356 -0.022459 0.069029
v 0.006654 -0.018921 0.06912
v 0.006441 -0.020362 0.069208
v 0.007746 -0.019591 0.069136
v 0.007242 -0.022098 0.069335
v 0.010796 -0.016413 0.069676
v -0.006115 -0.024411 0.068743
v -0.006207 -0.02571 0.068639
v -0.004932 -0.024166 0.068873
v -0.004544 -0.020749 0.068899
v -0.003672 -0.022417 0.068991
v -0.003431 -0.024733 0.06909
v -0.00263 -0.022922 0.068904
v -0.000741 -0.02233 0.069147
v -0.001694 -0.026096 0.068933
v -0.000791 -0.024417 0.069009
v -0.008022 -0.027867 0.068351
v -0.007867 -0.02626 0.068783
v -0.006761 -0.026449 0.068425
v -0.00717 -0.027546 0.06858
v -0.005871 -0.02734 0.068742
v -0.008893 -0.029066 0.068561
v -0.001455 -0.02707 0.068734
v 0.003892 -0.029118 0.068924
v 0.004095 -0.030729 0.068989
v 0.001463 -0.033382 0.069038
v 0.002946 -0.02284 0.069241
v 0.006315 -0.023787 0.069128
v 0.005712 -0.025529 0.069072
v 0.006743 -0.025264 0.069056
v 0.004961 -0.026065 0.068925
v 0.007183 -0.02662 0.069245
v -0.006358 -0.033904 0.069191
v -0.007054 -0.035501 0.069285
v 0.000292 -0.035108 0.068997
v 0.000736 -0.037005 0.069026
v 0.002004 -0.038177 0.069209
v -0.001394 -0.04157 0.069529
v 0.001523 -0.040636 0.069332
v 0.001829 -0.036051 0.068839
v 0.002532 -0.033963 0.068758
v -0.001793 -0.043502 0.069196
v -0.002924 -0.044359 0.069365
v -0.002263 -0.04637 0.069872
v -0.001144 -0.045562 0.069441
v -0.02827 0.023861 0.05404
v -0.028068 0.019825 0.054446
v -0.022914 -0.04964 0.06039
v -0.01359 -0.049964 0.053006
v -0.015112 -0.002275 0.06978
v -0.015296 -0.003323 0.069755
v -0.015525 -0.004945 0.069592
v -0.012187 -0.002954 0.069782
v -0.017007 -0.006389 0.069865
v -0.008696 -0.000538 0.07014
v -0.006652 -0.001207 0.069529
v -0.009288 -0.01278 0.069043
v -0.008103 -0.014638 0.06867
v 0.019132 0.045367 -0.011963
v 0.025665 0.036557 -0.003893
v 0.025582 0.036793 -0.010009
v 0.024578 0.038785 -0.003985
v 0.023971 0.039401 -0.01503
v 0.025586 0.036358 -0.014735
v 0.025775 0.036418 -0.012743
v 0.026824 0.033134 -0.012761
v 0.026493 0.033992 -0.010591
v 0.027408 0.029796 -0.013447
v 0.027538 0.028629 -0.012482
v 0.027214 0.030214 -0.011782
v 0.027313 0.027939 -0.010979
v 0.026374 0.034503 -0.004946
v 0.027065 0.030846 -0.009986
v 0.026941 0.032014 -0.007553
v 0.027305 0.029303 -0.0088
v 0.027209 0.02919 -0.007518
v 0.026794 0.032628 -0.003159
v 0.027282 0.029263 -0.005685
v 0.027372 0.02912 -0.003746
v 0.027141 0.029873 -0.002398
v 0.027423 0.025675 -0.007741
v 0.0275 0.026929 -0.009212
v 0.02769 0.024413 -0.008973
v 0.027514 0.02496 -0.01047
v 0.027814 0.02013 -0.008974
v 0.027641 0.016213 -0.006621
v 0.027748 0.017031 -0.005514
v 0.027565 0.026213 -0.006321
v 0.027205 0.030535 -0.00052
v 0.027426 0.026265 -0.002691
v 0.02728 0.027891 -0.004929
v 0.027663 0.021974 -0.000834
v 0.027669 0.022458 -0.005686
v 0.027289 0.028273 0.000659
v 0.027468 0.025001 0.000339
v 0.027643 0.016857 -0.002497
v 0.027736 0.018543 -0.004255
v 0.02762 0.018479 -0.003438
v 0.027708 0.017875 -0.000224
v 0.019028 0.045251 0.00116
v 0.021382 0.043094 0.00188
v 0.019823 0.044602 -0.001916
v 0.02496 0.038044 0.000668
v 0.025949 0.035768 0.000823
v 0.024828 0.038547 0.00285
v 0.026317 0.034916 0.002396
v 0.026857 0.032277 0.000789
v 0.024243 0.039429 0.008056
v 0.025819 0.036206 0.004773
v 0.024011 0.039746 0.004969
v 0.025689 0.036483 0.0085
v 0.026584 0.033704 0.006437
v 0.026758 0.032816 0.004522
v 0.024743 0.038594 0.010388
v 0.025796 0.036026 0.011886
v 0.026341 0.034675 0.009736
v 0.027205 0.030742 0.002666
v 0.027207 0.030028 0.006378
v 0.02682 0.032317 0.008499
v 0.027183 0.028862 0.008548
v 0.026738 0.03322 0.010346
v 0.027214 0.030363 0.010305
v 0.027466 0.026935 0.010045
v 0.027076 0.030436 0.011665
v 0.026646 0.033092 0.014022
v 0.0273 0.028249 0.012487
v 0.02731 0.026893 0.011566
v 0.027499 0.027392 0.002658
v 0.027562 0.02565 0.00251
v 0.027144 0.029733 0.004299
v 0.027325 0.02771 0.004752
v 0.027257 0.026725 0.004723
v 0.027584 0.023558 0.00386
v 0.027571 0.024876 0.005342
v 0.027592 0.025705 0.007331
v 0.027747 0.019762 0.006203
v 0.027651 0.021248 0.011094
v 0.02725 0.024476 0.013688
v 0.026909 0.030337 0.016894
v 0.027825 0.012458 -0.005949
v 0.027853 0.010831 -0.006467
v 0.027854 0.01344 -0.004153
v 0.028061 0.009895 -0.004835
v 0.028201 0.008718 -0.006307
v 0.027941 0.011214 -0.002492
v 0.028067 0.008439 -0.004437
v 0.028099 0.009483 -0.003239
v 0.028187 0.006709 -0.003869
v 0.027731 0.015132 -0.002277
v 0.02752 0.015796 -0.001098
v 0.027863 0.012514 0.000324
v 0.028019 0.008225 -0.001435
v 0.027688 0.015122 0.000352
v 0.027759 0.01442 0.003023
v 0.027942 0.011171 0.005489
v 0.027989 0.009157 -0.000318
v 0.028183 0.007667 -0.002289
v 0.028035 0.005737 -0.002201
v 0.028054 0.005706 -0.000619
v 0.02822 0.0035 -0.003004
v 0.028045 0.01039 0.001027
v 0.028266 0.00809 0.001316
v 0.028531 0.000794 0.000567
v 0.028424 0.001878 0.007293
v 0.027705 0.016843 0.003594
v 0.027641 0.018456 0.001937
v 0.027728 0.015068 0.00668
v 0.027617 0.015291 0.004371
v 0.027637 0.017424 0.008238
v 0.027922 0.009932 0.007182
v 0.028088 0.009154 0.004793
v 0.028236 0.008326 0.009018
v 0.02773 0.014395 0.017204
v 0.02803 0.009828 0.014212
v 0.027446 0.020193 0.014348
v 0.028263 0.007741 0.014734
v 0.028293 0.003321 0.019095
v 0.028428 0.002413 0.0153
v 0.028447 -0.003089 0.014405
v 0.028206 0.007782 0.019935
v 0.028386 -0.003364 0.019195
v 0.028492 -2.9e-05 -0.00489
v 0.028317 0.000933 -0.00089
v 0.028326 -0.00347 -0.001486
v 0.028219 -0.009524 -0.001345
v 0.02858 -0.004029 0.000543
v 0.028439 -0.003063 0.003363
v 0.028504 -0.0038 0.006806
v 0.028256 -0.014481 0.000969
v 0.028333 -0.011767 0.00709
v 0.020757 0.043455 0.012317
v 0.023539 0.040175 0.014767
v 0.024896 0.037746 0.014801
v 0.0224 0.041803 0.015915
v 0.022703 0.041483 0.018674
v 0.023548 0.040506 0.016886
v 0.02416 0.039316 0.018873
v 0.023345 0.04075 0.020529
v 0.02565 0.036373 0.017676
v 0.026062 0.034994 0.015593
v 0.026768 0.032211 0.017646
v 0.026067 0.035173 0.022746
v 0.027164 0.029137 0.019684
v 0.027105 0.026997 0.020888
v 0.025066 0.037562 0.024437
v 0.023588 0.040113 0.023002
v 0.026404 0.033777 0.02527
v 0.027117 0.029394 0.022011
v 0.027207 0.026086 0.023977
v 0.026839 0.030625 0.027052
v 0.027071 0.028029 0.030353
v 0.024611 0.038624 0.029682
v 0.026215 0.034596 0.032468
v 0.026697 0.031241 0.039579
v 0.026289 0.034208 0.037878
v 0.027473 0.022431 0.024019
v 0.027404 0.025754 0.026394
v 0.027259 0.024934 0.026576
v 0.027395 0.024203 0.02785
v 0.02778 0.01672 0.026449
v 0.027951 0.011363 0.020998
v 0.028033 0.009857 0.021512
v 0.027976 0.011809 0.024461
v 0.027865 0.01095 0.023369
v 0.028015 0.008359 0.021684
v 0.028043 0.00921 0.026325
v 0.028204 0.002862 0.021694
v 0.028167 0.007946 0.028599
v 0.028375 0.001241 0.020676
v 0.028124 -0.005258 0.022776
v 0.028281 0.000388 0.026387
v 0.027942 0.011417 0.028769
v 0.028065 0.010298 0.030976
v 0.027948 0.009385 0.032225
v 0.028198 0.00279 0.032485
v 0.028054 0.006127 0.035063
v 0.027281 0.026748 0.029488
v 0.027228 0.025726 0.029329
v 0.027263 0.025464 0.032598
v 0.027208 0.022571 0.040562
v 0.027644 0.018776 0.033943
v 0.027677 0.011231 0.039895
v 0.027733 0.013829 0.035081
v 0.027047 0.021593 0.048481
v 0.027579 0.009764 0.044563
v 0.027735 0.006688 0.041602
v 0.027952 0.010476 0.034548
v 0.027964 0.00906 0.036896
v 0.027943 0.01029 0.036863
v 0.027973 0.004034 0.036152
v 0.028133 0.002656 0.036387
v 0.028007 0.005801 0.037957
v 0.028119 0.005462 0.036433
v 0.027348 0.006265 0.048872
v 0.026134 0.034113 0.044034
v 0.029614 0.036137 0.053533
v 0.02657 0.032318 0.044892
v 0.026825 0.030053 0.044489
v 0.026781 0.028591 0.049768
v 0.026568 0.031862 0.049652
v 0.030869 0.019742 0.054434
v 0.030619 0.020239 0.053106
v 0.030725 0.024409 0.053689
v 0.030856 0.02202 0.057216
v 0.031024 0.014132 0.053842
v 0.030981 0.017009 0.056787
v 0.031079 0.00756 0.057164
v 0.030938 0.007409 0.05369
v 0.030873 0.011381 0.058417
v 0.030949 0.008054 0.058369
v 0.030141 0.03444 0.05637
v 0.030139 0.034018 0.053607
v 0.030729 0.027541 0.053997
v 0.030512 0.030306 0.053329
v 0.030664 0.03071 0.056977
v 0.030513 0.031654 0.054038
v 0.029626 0.035802 0.058411
v 0.029146 0.035482 0.059049
v 0.02993 0.033865 0.058774
v 0.02932 0.033684 0.059284
v 0.030191 0.033578 0.058131
v 0.030524 0.030872 0.05839
v 0.030187 0.030808 0.058964
v 0.029416 0.031831 0.059221
v 0.029736 0.030275 0.059279
v 0.030774 0.025921 0.05774
v 0.030374 0.027994 0.058748
v 0.0297 0.02816 0.059247
v 0.029802 0.026136 0.059326
v 0.029899 0.025582 0.059206
v 0.030687 0.024127 0.058494
v 0.029891 0.02404 0.059089
v 0.03049 0.024132 0.058726
v 0.029739 0.023907 0.059352
v 0.029934 0.022649 0.059202
v 0.030656 0.021986 0.058613
v 0.030108 0.020155 0.059456
v 0.030826 0.018815 0.058468
v 0.030101 0.018869 0.059196
v 0.030913 0.017009 0.057802
v 0.030594 0.017251 0.058755
v 0.030019 0.018026 0.059227
v 0.030864 0.014468 0.058423
v 0.030221 0.01678 0.059274
v 0.030296 0.01557 0.059255
v 0.030115 0.014151 0.059159
v 0.030211 0.012437 0.059147
v 0.030378 0.010668 0.059366
v 0.030454 0.010298 0.060419
v 0.030382 0.008129 0.059333
v 0.027206 0.023796 0.069508
v 0.027822 0.023613 0.069501
v 0.027433 0.022423 0.069597
v 0.026876 0.021537 0.069487
v 0.028223 0.021186 0.069945
v 0.02695 0.018086 0.069404
v 0.025826 0.013647 0.069402
v 0.028041 0.017523 0.069621
v 0.028002 0.013228 0.069548
v 0.029051 0.01351 0.070417
v 0.029177 0.015943 0.070595
v 0.029726 0.015465 0.07126
v 0.029877 0.014239 0.071119
v 0.029825 0.012175 0.071258
v 0.029214 0.02818 0.071171
v 0.029519 0.028373 0.071282
v 0.029762 0.029328 0.071055
v 0.028494 0.026434 0.0702
v 0.028397 0.023747 0.069927
v 0.029238 0.024772 0.071026
v 0.029436 0.026152 0.071091
v 0.029451 0.027705 0.071178
v 0.029678 0.024942 0.071196
v 0.029459 0.023277 0.071144
v 0.029366 0.021549 0.071
v 0.02952 0.019447 0.070993
v 0.029845 0.020911 0.07126
v 0.022137 0.042386 -0.012648
v 0.017576 0.046193 -0.008545
v 0.021344 0.043202 -0.007593
v 0.019454 0.044974 -0.005835
v 0.024494 0.03909 -0.012787
v 0.022866 0.041353 -0.00647
v 0.023672 0.040276 -0.009857
v 0.02298 0.041221 -0.000442
v 0.022774 0.041584 0.005349
v 0.022064 0.042374 0.008589
v 0.020366 0.043822 0.009945
v 0.022852 0.041361 0.012523
v 0.023251 0.041017 0.010292
v 0.030028 0.033533 0.052882
v 0.026804 0.032126 0.050477
v 0.027056 0.028229 0.050604
v 0.027545 0.032063 0.051185
v 0.030166 0.029655 0.052736
v 0.029114 0.032607 0.052068
v 0.030453 0.025948 0.053076
v 0.027049 0.024375 0.050132
v 0.027713 0.023992 0.050965
v 0.027114 0.019715 0.050082
v 0.027505 0.018338 0.0508
v 0.030205 0.022836 0.052606
v 0.027243 0.016401 0.049996
v 0.027742 0.015269 0.050732
v 0.027392 0.013046 0.050312
v 0.027447 0.010466 0.050286
v 0.02804 0.011874 0.050953
v 0.027448 0.006381 0.050387
v 0.027789 0.005641 0.050894
v 0.030665 0.013912 0.052842
v 0.029679 0.022282 0.052209
v 0.03071 0.004981 0.053002
v 0.029225 0.033873 0.059619
v 0.02925 0.032427 0.0597
v 0.029626 0.030381 0.059549
v 0.029393 0.032494 0.06068
v 0.029731 0.030808 0.060492
v 0.029626 0.028121 0.059572
v 0.029736 0.027994 0.060953
v 0.029873 0.02715 0.06053
v 0.029994 0.024753 0.060697
v 0.029752 0.026054 0.062131
v 0.029277 0.035144 0.060655
v 0.029463 0.033475 0.060914
v 0.029357 0.033583 0.061804
v 0.029214 0.032263 0.062644
v 0.029029 0.032978 0.063281
v 0.029348 0.02931 0.064219
v 0.029529 0.027598 0.062303
v 0.029538 0.026824 0.064063
v 0.029883 0.027 0.066619
v 0.029484 0.025225 0.063285
v 0.029307 0.030997 0.064879
v 0.030095 0.022547 0.06021
v 0.029793 0.020593 0.063297
v 0.029755 0.023237 0.062982
v 0.030371 0.017029 0.060387
v 0.030393 0.018631 0.060691
v 0.029936 0.018101 0.063404
v 0.030475 0.014852 0.060317
v 0.030409 0.012929 0.061363
v 0.029846 0.015628 0.064331
v 0.030037 0.014241 0.062857
v 0.029856 0.011758 0.06404
v 0.029942 0.01445 0.064745
v 0.030153 0.009262 0.06285
v 0.029393 0.024375 0.064533
v 0.02977 0.021842 0.064673
v 0.029986 0.01974 0.066333
v 0.02973 0.0252 0.068826
v 0.029883 0.023906 0.06672
v 0.029672 0.023534 0.068614
v 0.029806 0.021704 0.068368
v 0.029747 0.023275 0.069104
v 0.030372 0.020014 0.070051
v 0.029796 0.020116 0.068558
v 0.030067 0.016759 0.066147
v 0.030009 0.015647 0.06844
v 0.029718 0.018374 0.06787
v 0.029988 0.01613 0.068809
v 0.030523 0.018538 0.0703
v 0.030403 0.014486 0.068586
v 0.030774 0.015006 0.070347
v 0.030935 0.013916 0.070151
v 0.030703 0.014221 0.070819
v 0.030729 0.01291 0.070888
v 0.029745 0.029979 0.066737
v 0.029652 0.028337 0.068791
v 0.029884 0.02877 0.070643
v 0.029628 0.026638 0.069116
v 0.030129 0.02693 0.070566
v 0.029929 0.027774 0.07102
v 0.030259 0.025124 0.070475
v 0.029774 0.026749 0.071147
v 0.030067 0.026317 0.070932
v 0.030115 0.024763 0.070984
v 0.029687 0.022143 0.071142
v 0.030295 0.023145 0.070483
v 0.029975 0.023184 0.071153
v 0.030511 0.020654 0.070643
v 0.030251 0.022402 0.070979
v 0.030298 0.020905 0.071084
v 0.030206 0.019655 0.071105
v 0.030173 0.018681 0.071079
v 0.02967 0.017895 0.071144
v 0.030528 0.017841 0.070944
v 0.030664 0.015842 0.071001
v 0.03036 0.016702 0.071191
v 0.03002 0.017649 0.071294
v 0.029913 0.016562 0.071264
v 0.030279 0.015499 0.071323
v 0.030536 0.014603 0.071104
v 0.030054 0.012868 0.071245
v 0.029861 0.006654 0.052246
v 0.029946 0.014252 0.052174
v 0.030006 0.021555 0.066733
v 0.029993 0.017793 0.066689
v 0.030213 0.015429 0.067199
v 0.030331 0.012491 0.066364
v 0.030406 0.014175 0.066896
v 0.030538 0.013643 0.068523
v 0.030242 0.012303 0.068488
v 0.03036 0.01064 0.066517
v 0.028317 -0.011441 0.017039
v -0.009926 -0.048679 0.025297
v 0.002737 -0.049003 0.018406
v 0.010452 -0.048528 0.018651
v 0.000745 -0.049076 0.02389
v -0.003701 -0.049008 0.025213
v 0.005579 -0.049075 0.022944
v 0.000418 -0.049059 0.030767
v 0.00933 -0.048846 0.030804
v 0.012935 -0.047833 0.018773
v 0.005701 -0.04912 0.031625
v 0.011113 -0.048453 0.026819
v 0.014512 -0.047401 0.03092
v 0.007559 -0.048962 0.03301
v 0.006705 -0.049144 0.033731
v 0.009136 -0.048931 0.034042
v 0.009967 -0.048641 0.032838
v 0.012372 -0.048152 0.033013
v 0.012213 -0.04825 0.033833
v 0.015316 -0.046962 0.032994
v 0.014877 -0.04725 0.033551
v 0.01674 -0.046309 0.033682
v 0.014149 -0.047656 0.0405
v 0.02792 -0.0216 0.000619
v 0.027704 -0.026285 0.000295
v 0.027587 -0.025293 0.002261
v 0.027928 -0.02228 0.004625
v 0.027884 -0.021423 0.008821
v 0.027869 -0.023246 0.007337
v 0.027371 -0.028988 0.001777
v 0.027516 -0.025929 0.005549
v 0.027373 -0.028532 0.004718
v 0.027235 -0.029376 0.008297
v 0.027566 -0.025078 0.010899
v 0.027781 -0.022345 0.012234
v 0.027333 -0.028117 0.011681
v 0.027197 -0.029369 0.018307
v 0.026547 -0.033312 0.013917
v 0.027975 -0.015495 0.021816
v 0.027848 -0.020867 0.018675
v 0.028105 -0.012698 0.020893
v 0.027836 -0.022699 0.013907
v 0.027883 -0.022665 0.018107
v 0.027466 -0.024683 0.012682
v 0.027253 -0.026602 0.012444
v 0.027336 -0.026331 0.014583
v 0.026887 -0.030751 0.016556
v 0.02741 -0.026807 0.017417
v 0.027339 -0.025202 0.016541
v 0.026851 -0.030377 0.019975
v 0.026572 -0.032991 0.025205
v 0.027606 -0.023438 0.019846
v 0.027134 -0.027806 0.020266
v 0.027689 -0.019766 0.024326
v 0.027779 -0.022016 0.02407
v 0.027534 -0.024155 0.021489
v 0.027201 -0.025487 0.024351
v 0.027475 -0.024093 0.026098
v 0.027292 -0.027675 0.0233
v 0.026842 -0.030577 0.02383
v 0.027276 -0.027491 0.027518
v 0.027049 -0.029749 0.027845
v 0.025281 -0.03688 0.011805
v 0.021531 -0.042456 0.012681
v 0.01958 -0.044217 0.018657
v 0.021939 -0.042031 0.01836
v 0.021096 -0.042919 0.019416
v 0.018147 -0.045244 0.016446
v 0.023392 -0.040179 0.01796
v 0.01412 -0.047399 0.014991
v 0.016529 -0.046237 0.017567
v 0.014873 -0.047111 0.019341
v 0.017067 -0.045966 0.018985
v 0.025931 -0.035328 0.017413
v 0.02655 -0.033324 0.01868
v 0.025048 -0.037321 0.018327
v 0.025636 -0.036125 0.019259
v 0.024618 -0.038223 0.019268
v 0.025763 -0.035641 0.026826
v 0.025763 -0.035641 0.026826
v 0.023391 -0.040183 0.025539
v 0.021463 -0.042551 0.028146
v 0.022873 -0.040927 0.031229
v 0.024414 -0.038549 0.031166
v 0.024815 -0.037779 0.026642
v 0.016056 -0.046594 0.024264
v 0.019209 -0.044581 0.025433
v 0.017321 -0.045919 0.030691
v 0.019093 -0.044685 0.032019
v 0.021411 -0.042656 0.031321
v 0.018461 -0.045139 0.032746
v 0.01881 -0.04505 0.033569
v 0.028276 -0.007944 0.028211
v 0.028033 -0.015917 0.028848
v 0.028028 -0.012866 0.032884
v 0.028107 -0.003634 0.037636
v 0.028046 -0.009207 0.036211
v 0.027913 -0.010524 0.03679
v 0.028029 -0.011038 0.035021
v 0.027977 -0.011848 0.038439
v 0.027879 -0.01637 0.036617
v 0.027517 -0.022756 0.036498
v 0.027791 -0.015077 0.036872
v 0.027866 -0.014975 0.038915
v 0.02741 -0.023605 0.039636
v 0.027926 -0.010213 0.039207
v 0.027748 -0.003885 0.042207
v 0.027542 -0.016567 0.0422
v 0.027213 -0.012202 0.05027
v 0.027335 -0.008761 0.049804
v 0.027169 -0.018022 0.049039
v 0.027 -0.023211 0.049005
v 0.017166 -0.046083 0.03877
v 0.015307 -0.047187 0.044137
v 0.019439 -0.044531 0.040741
v 0.018731 -0.045088 0.044373
v 0.020849 -0.043286 0.04377
v 0.016592 -0.046449 0.043944
v 0.017551 -0.045975 0.045253
v 0.019331 -0.044562 0.048062
v 0.014981 -0.047302 0.048214
v 0.016939 -0.046231 0.04835
v 0.02694 -0.027677 0.042232
v 0.026699 -0.03093 0.045096
v 0.026698 -0.029767 0.049205
v 0.026447 -0.032086 0.049204
v 0.026864 -0.027124 0.049931
v 0.027647 -0.022342 0.027311
v 0.02728 -0.02646 0.034042
v 0.025976 -0.034904 0.032547
v 0.027054 -0.029618 0.034741
v 0.026739 -0.03106 0.034862
v 0.026501 -0.033127 0.033892
v 0.025374 -0.036544 0.03106
v 0.025374 -0.036544 0.03106
v 0.025374 -0.036544 0.03106
v 0.025442 -0.036367 0.030994
v 0.025442 -0.036367 0.030994
v 0.025442 -0.036367 0.030994
v 0.025407 -0.036458 0.031016
v 0.025407 -0.036458 0.031016
v 0.025443 -0.036366 0.030994
v 0.025443 -0.036366 0.030994
v 0.025443 -0.036366 0.030994
v 0.024965 -0.037386 0.032646
v 0.02333 -0.040142 0.032536
v 0.023965 -0.039465 0.033641
v 0.025691 -0.035954 0.033685
v 0.024957 -0.037508 0.036623
v 0.02347 -0.040062 0.035046
v 0.022258 -0.041718 0.034145
v 0.027034 -0.029126 0.039494
v 0.026671 -0.03131 0.040096
v 0.026488 -0.032928 0.038743
v 0.025818 -0.035286 0.042478
v 0.026439 -0.033108 0.043986
v 0.024715 -0.037998 0.044406
v 0.02025 -0.043786 0.033739
v 0.021581 -0.042366 0.03299
v 0.02167 -0.042478 0.040844
v 0.019067 -0.044748 0.034456
v 0.023709 -0.039724 0.040772
v 0.023171 -0.040422 0.043361
v 0.025552 -0.036138 0.045323
v 0.025685 -0.03541 0.049279
v 0.030677 -0.028361 0.053726
v 0.030415 -0.031622 0.053576
v 0.030297 -0.02965 0.052632
v 0.030004 -0.034148 0.053425
v 0.030199 -0.032196 0.05304
v 0.02313 -0.040632 0.045545
v 0.024193 -0.038825 0.04857
v 0.021961 -0.042018 0.047976
v 0.023295 -0.046333 0.053463
v 0.022271 -0.046893 0.052399
v 0.023789 -0.045657 0.052489
v 0.027861 -0.04023 0.052719
v 0.027446 -0.040287 0.052314
v 0.029217 -0.036351 0.052614
v 0.029086 -0.03749 0.053415
v 0.029699 -0.035517 0.057237
v 0.028925 -0.037845 0.05674
v 0.027807 -0.040467 0.056741
v 0.025146 -0.044445 0.052984
v 0.025597 -0.043518 0.052352
v 0.02638 -0.042916 0.052863
v 0.024599 -0.044447 0.052248
v 0.024286 -0.045508 0.056561
v 0.025826 -0.043524 0.057351
v 0.02676 -0.041867 0.058238
v 0.024516 -0.044999 0.058099
v 0.024384 -0.044878 0.058491
v 0.025611 -0.043383 0.058456
v 0.022966 -0.046585 0.058093
v 0.024191 -0.043393 0.058819
v 0.023024 -0.044898 0.058812
v -0.007973 -0.048986 0.030518
v -0.003844 -0.049171 0.034206
v 0.003604 -0.049043 0.032461
v -0.002554 -0.049288 0.043969
v 0.003266 -0.049119 0.034155
v 0.007078 -0.049186 0.038577
v 0.004327 -0.049287 0.04179
v 0.009537 -0.048998 0.043606
v -0.0039 -0.049346 0.051301
v 0.004291 -0.049339 0.047029
v 0.00266 -0.049363 0.043787
v -0.002268 -0.052516 0.052075
v 0.000848 -0.052726 0.052101
v -0.001545 -0.053152 0.052176
v -0.002523 -0.0533 0.052584
v 0.007076 -0.053376 0.056558
v 0.001578 -0.053238 0.052475
v 0.003488 -0.052734 0.052076
v 0.003391 -0.053192 0.052375
v -0.007425 -0.053233 0.053202
v -0.00706 -0.05303 0.052285
v -0.00519 -0.052998 0.052302
v -0.006905 -0.052456 0.052111
v -0.004734 -0.052589 0.0521
v -0.004191 -0.053227 0.058058
v 0.006859 -0.049276 0.044123
v 0.004999 -0.049381 0.045075
v 0.011371 -0.048569 0.041656
v 0.008112 -0.049199 0.046701
v 0.008686 -0.049229 0.051791
v 0.011731 -0.048528 0.047426
v 0.01318 -0.048124 0.045128
v 0.005671 -0.053008 0.052204
v 0.00668 -0.053224 0.052747
v 0.006412 -0.052545 0.052072
v 0.008325 -0.052932 0.052229
v 0.008716 -0.052313 0.052101
v 0.010332 -0.052938 0.052591
v 0.010289 -0.052505 0.051993
v 0.013587 -0.048034 0.052234
v 0.00366 -0.052355 0.058663
v 0.001596 -0.052255 0.058713
v 0.001219 -0.053014 0.058362
v 0.002308 -0.052244 0.058965
v 0.007231 -0.05298 0.058429
v 0.001399 -0.053292 0.057984
v 0.004421 -0.052102 0.058902
v 0.005271 -0.053332 0.058044
v 0.006115 -0.052082 0.058848
v 0.006584 -0.052547 0.060064
v 0.004052 -0.052643 0.060674
v 0.003813 -0.052577 0.060001
v 0.005815 -0.052643 0.061103
v -0.004905 -0.05271 0.058666
v -0.005207 -0.052347 0.058863
v -0.003562 -0.052544 0.060739
v -0.00392 -0.052496 0.059227
v -0.002775 -0.052562 0.058865
v -0.001826 -0.053189 0.058216
v -0.001611 -0.052255 0.05877
v -0.002832 -0.05257 0.059896
v -0.000242 -0.052123 0.058831
v -0.002736 -0.05185 0.066562
v -0.001974 -0.051928 0.065557
v -0.001456 -0.052109 0.06644
v -0.000811 -0.052065 0.067051
v -0.000922 -0.051972 0.065961
v 0.000544 -0.052229 0.066293
v -0.003628 -0.050192 0.069243
v -0.002655 -0.049829 0.069082
v -0.00081 -0.050511 0.069441
v -0.001838 -0.049871 0.06917
v -0.001703 -0.048775 0.069561
v -0.000506 -0.049666 0.069104
v -0.00024 -0.050076 0.069145
v -0.003392 -0.052076 0.069251
v -0.00106 -0.051928 0.068534
v 0.004129 -0.052088 0.06741
v 0.002198 -0.051979 0.065165
v 0.004636 -0.052227 0.065637
v 0.011671 -0.052438 0.052194
v 0.01004 -0.053066 0.057047
v 0.012269 -0.052598 0.056955
v 0.008039 -0.053153 0.058165
v 0.009276 -0.05192 0.058758
v 0.00866 -0.051917 0.059012
v 0.011374 -0.052555 0.058265
v 0.013902 -0.051906 0.058242
v 0.011763 -0.052238 0.058498
v 0.016253 -0.046757 0.051678
v 0.016288 -0.051075 0.052979
v 0.013939 -0.052004 0.052633
v 0.015215 -0.051211 0.052257
v 0.016771 -0.050433 0.052231
v 0.018309 -0.049843 0.052381
v 0.014601 -0.05187 0.055264
v 0.017588 -0.049635 0.052121
v 0.019057 -0.048823 0.052099
v 0.019532 -0.049271 0.05318
v 0.019843 -0.048785 0.052398
v 0.020876 -0.048283 0.052883
v 0.020539 -0.048222 0.052207
v 0.018314 -0.050148 0.056971
v 0.015694 -0.051421 0.057167
v 0.01991 -0.049128 0.055589
v 0.013405 -0.051718 0.052032
v 0.011957 -0.0517 0.052083
v 0.011872 -0.051112 0.058982
v 0.012231 -0.051137 0.058731
v 0.009199 -0.052296 0.05987
v 0.013078 -0.051389 0.060117
v 0.014115 -0.050527 0.058864
v 0.014447 -0.05129 0.058599
v 0.014218 -0.050971 0.061735
v 0.011462 -0.051922 0.061121
v 0.010068 -0.052123 0.061314
v 0.012372 -0.051407 0.065845
v 0.01035 -0.051664 0.065189
v 0.01051 -0.051548 0.064002
v 0.016925 -0.049859 0.060276
v 0.01586 -0.049723 0.059221
v 0.01748 -0.048788 0.059199
v 0.01609 -0.049648 0.05881
v 0.016184 -0.050428 0.058619
v 0.016688 -0.049577 0.058734
v 0.017268 -0.049073 0.05877
v 0.018284 -0.048416 0.058805
v 0.019108 -0.049082 0.058575
v 0.017003 -0.050604 0.058268
v 0.021967 -0.047654 0.056917
v 0.020043 -0.049004 0.05806
v 0.016251 -0.05011 0.061604
v 0.018108 -0.049125 0.061509
v 0.019649 -0.047514 0.059138
v 0.01868 -0.048901 0.060593
v 0.019578 -0.04771 0.058828
v 0.022063 -0.046928 0.058554
v 0.021565 -0.04619 0.058797
v 0.014326 -0.050404 0.059074
v 0.015053 -0.050101 0.058882
v 0.015053 -0.050101 0.058882
v 0.015304 -0.050626 0.06024
v 0.021478 -0.047736 0.0526
v 0.030919 -0.008764 0.053609
v 0.030733 -0.005459 0.053001
v 0.031039 -0.003155 0.053918
v 0.031104 -0.00027 0.053721
v 0.03102 -0.012532 0.056737
v 0.03102 -0.012532 0.056737
v 0.030877 0.004966 0.058497
v 0.030917 0.000821 0.058508
v 0.030278 0.005289 0.059168
v 0.030186 0.003758 0.05911
v 0.030417 0.000663 0.059216
v 0.030266 -0.000754 0.05921
v 0.030428 -0.002229 0.05904
v 0.030966 -0.003301 0.058299
v 0.030229 -0.003467 0.05913
v 0.030229 -0.003467 0.05913
v 0.030307 -0.005624 0.059067
v 0.030307 -0.005624 0.059067
v 0.031001 -0.012452 0.05377
v 0.030879 -0.014436 0.053209
v 0.030599 -0.012722 0.053013
v 0.030766 -0.020971 0.053777
v 0.030766 -0.020971 0.053777
v 0.030693 -0.019044 0.053221
v 0.030776 -0.017147 0.058342
v 0.030733 -0.02112 0.058275
v 0.03093 -0.007114 0.058344
v 0.03093 -0.007114 0.058344
v 0.030346 -0.008192 0.058916
v 0.030037 -0.010173 0.059072
v 0.030878 -0.01127 0.058353
v 0.030179 -0.007038 0.059135
v 0.030137 -0.012744 0.059004
v 0.030169 -0.015975 0.059004
v 0.030148 -0.017175 0.059322
v 0.030162 -0.019281 0.059248
v 0.019926 0.007069 0.069424
v 0.020139 0.005918 0.069412
v 0.019401 0.005444 0.069478
v 0.020744 0.006168 0.069539
v 0.020856 0.005239 0.069368
v 0.018989 0.002931 0.069226
v 0.018885 0.004004 0.069312
v 0.019711 0.004555 0.069406
v 0.020067 0.005017 0.069709
v 0.01959 0.00312 0.069164
v 0.020146 0.003533 0.069441
v 0.01966 0.002128 0.069444
v 0.021555 0.00477 0.069475
v 0.021555 0.00477 0.069475
v 0.021125 0.002986 0.069411
v 0.021125 0.002986 0.069411
v 0.021798 0.003968 0.069336
v 0.021798 0.003968 0.069336
v 0.020437 0.002671 0.069344
v 0.021425 0.002558 0.069361
v 0.021425 0.002558 0.069361
v 0.021425 0.002558 0.069361
v 0.020781 0.001922 0.069458
v 0.020781 0.001922 0.069458
v 0.020781 0.001922 0.069458
v 0.020781 0.001922 0.069458
v 0.020781 0.001922 0.069458
v 0.020781 0.001922 0.069458
v 0.022212 0.003407 0.069485
v 0.022007 0.00277 0.069673
v 0.021907 0.002107 0.069563
v 0.021236 0.002204 0.069737
v 0.021291 0.000932 0.069518
v 0.021291 0.000932 0.069518
v 0.021291 0.000932 0.069518
v 0.023004 0.001735 0.069756
v 0.022613 0.001219 0.069584
v 0.030553 0.008915 0.060598
v 0.030579 0.004357 0.060493
v 0.024196 0.01266 0.069702
v 0.022929 0.013242 0.069572
v 0.022924 0.011931 0.069807
v 0.021246 0.008514 0.069617
v 0.022269 0.010403 0.069498
v 0.022269 0.010403 0.069498
v 0.022162 0.008446 0.069504
v 0.022162 0.008446 0.069504
v 0.022891 0.009341 0.069712
v 0.023904 0.008478 0.069794
v 0.023723 0.010718 0.069708
v 0.027275 0.012384 0.069414
v 0.026948 0.008771 0.069479
v 0.025892 0.007096 0.069422
v 0.02449 0.006376 0.06979
v 0.02449 0.006376 0.06979
v 0.028077 0.010699 0.069571
v 0.028123 0.009294 0.069693
v 0.021095 0.007415 0.069297
v 0.021331 0.007658 0.069624
v 0.021331 0.007658 0.069624
v 0.021331 0.007658 0.069624
v 0.021667 0.007956 0.069675
v 0.021499 0.00809 0.069918
v 0.021215 0.007939 0.070059
v 0.021215 0.007939 0.070059
v 0.021215 0.007939 0.070059
v 0.021591 0.007256 0.070038
v 0.021591 0.007256 0.070038
v 0.021475 0.006869 0.069777
v 0.021475 0.006869 0.069777
v 0.021673 0.007779 0.070352
v 0.021673 0.007779 0.070352
v 0.021673 0.007779 0.070352
v 0.021442 0.007123 0.069512
v 0.021442 0.007123 0.069512
v 0.021905 0.007938 0.069807
v 0.022461 0.007812 0.069665
v 0.022461 0.007812 0.069665
v 0.022461 0.007812 0.069665
v 0.021802 0.006895 0.069489
v 0.021802 0.006895 0.069489
v 0.021802 0.006895 0.069489
v 0.022186 0.006977 0.069678
v 0.022188 0.00643 0.069727
v 0.021468 0.006216 0.069413
v 0.021468 0.006216 0.069413
v 0.021585 0.006931 0.06951
v 0.021585 0.006931 0.06951
v 0.021585 0.006931 0.06951
v 0.022629 0.005643 0.069409
v 0.023515 0.006376 0.06976
v 0.023515 0.006376 0.06976
v 0.022853 0.004543 0.069602
v 0.024296 0.003683 0.069803
v 0.025452 0.004486 0.069424
v 0.025452 0.004486 0.069424
v 0.022779 0.003103 0.069528
v 0.023821 0.002567 0.069802
v 0.024485 0.001499 0.069725
v 0.023622 0.000459 0.069771
v 0.028193 0.007436 0.069638
v 0.029007 0.011154 0.070167
v 0.02956 0.010572 0.070799
v 0.029383 0.008956 0.070587
v 0.029786 0.006855 0.071062
v 0.029056 0.004752 0.070276
v 0.029056 0.004752 0.070276
v 0.027661 0.005923 0.069462
v 0.027411 0.004359 0.06938
v 0.027411 0.004359 0.06938
v 0.026451 0.003259 0.069487
v 0.028245 0.004302 0.069792
v 0.028245 0.004302 0.069792
v 0.027802 0.003233 0.069611
v 0.025841 0.002142 0.069469
v 0.025377 0.000642 0.069477
v 0.026898 0.001978 0.069459
v 0.027989 0.000342 0.069577
v 0.028199 0.001873 0.069649
v 0.02672 -0.000136 0.069358
v 0.028188 -0.000654 0.069752
v 0.029311 0.00236 0.070743
v 0.029573 0.004334 0.070938
v 0.029573 0.004334 0.070938
v 0.02874 0.001288 0.070017
v 0.028946 -0.00099 0.070442
v 0.02991 0.001406 0.071359
v 0.029786 -0.000283 0.07124
v 0.030802 0.004371 0.07111
v 0.030024 0.003955 0.071222
v 0.030024 0.003955 0.071222
v 0.030411 0.002638 0.071263
v 0.030411 0.002638 0.071263
v 0.030508 0.001047 0.071236
v 0.018433 0.001437 0.069228
v 0.019845 0.000815 0.069314
v 0.019121 3.9e-05 0.068989
v 0.020079 -0.000499 0.069307
v 0.018143 -0.001675 0.069039
v 0.019436 -0.001306 0.069352
v 0.020281 0.001566 0.069302
v 0.020453 0.001637 0.069706
v 0.020453 0.001637 0.069706
v 0.020517 0.000933 0.069984
v 0.020517 0.000933 0.069984
v 0.020517 0.000933 0.069984
v 0.020517 0.000933 0.069984
v 0.02037 0.000694 0.069575
v 0.02037 0.000694 0.069575
v 0.01899 -0.002812 0.068951
v 0.01769 -0.0025 0.069139
v 0.018407 -0.0038 0.069255
v 0.020387 -0.001532 0.069436
v 0.021157 -0.001182 0.069489
v 0.021157 -0.001182 0.069489
v 0.020919 0.00065 0.069781
v 0.020919 0.00065 0.069781
v 0.020965 0.000519 0.069369
v 0.020965 0.000519 0.069369
v 0.020965 0.000519 0.069369
v 0.021238 0.000197 0.069362
v 0.021238 0.000197 0.069362
v 0.021238 0.000197 0.069362
v 0.021411 0.000339 0.069685
v 0.021783 -0.00046 0.069595
v 0.022053 0.000827 0.069494
v 0.022167 0.000171 0.069634
v 0.02139 -0.001878 0.069747
v 0.02139 -0.001878 0.069747
v 0.022736 -0.000924 0.069544
v 0.024104 -0.000637 0.069813
v 0.021732 -0.001784 0.069602
v 0.02221 -0.0022 0.069831
v 0.023077 -0.002235 0.069695
v 0.019496 -0.003301 0.069003
v 0.020974 -0.002597 0.069561
v 0.020328 -0.003707 0.069272
v 0.018839 -0.004597 0.069107
v 0.019735 -0.00363 0.068909
v 0.020902 -0.004426 0.069199
v 0.020028 -0.004735 0.069124
v 0.02147 -0.005118 0.069356
v 0.02147 -0.005118 0.069356
v 0.021586 -0.004773 0.06949
v 0.021586 -0.004773 0.06949
v 0.021586 -0.004773 0.06949
v 0.021736 -0.004003 0.069658
v 0.021736 -0.004003 0.069658
v 0.021736 -0.004003 0.069658
v 0.021347 -0.004739 0.0699
v 0.021347 -0.004739 0.0699
v 0.021347 -0.004739 0.0699
v 0.021347 -0.004739 0.0699
v 0.021835 -0.004871 0.069899
v 0.021835 -0.004871 0.069899
v 0.021835 -0.004871 0.069899
v 0.021835 -0.004871 0.069899
v 0.021614 -0.002475 0.070041
v 0.021614 -0.002475 0.070041
v 0.021917 -0.002943 0.069691
v 0.021917 -0.002943 0.069691
v 0.022538 -0.003109 0.069742
v 0.022305 -0.003937 0.069809
v 0.021596 -0.004261 0.070062
v 0.021596 -0.004261 0.070062
v 0.021596 -0.004261 0.070062
v 0.018073 -0.007088 0.069326
v 0.018998 -0.006314 0.069129
v 0.017822 -0.005611 0.068699
v 0.019303 -0.005231 0.06914
v 0.019656 -0.005861 0.06936
v 0.017137 -0.006284 0.069029
v 0.016513 -0.007175 0.069175
v 0.017753 -0.006311 0.068998
v 0.018875 -0.008389 0.069142
v 0.019173 -0.007753 0.069144
v 0.020487 -0.006585 0.069405
v 0.020071 -0.00716 0.069349
v 0.019864 -0.008182 0.068979
v 0.020452 -0.008341 0.069373
v 0.015996 -0.008531 0.068943
v 0.017272 -0.008815 0.069115
v 0.017414 -0.00969 0.069156
v 0.01825 -0.008976 0.068978
v 0.018934 -0.009021 0.068656
v 0.018272 -0.010187 0.068611
v 0.019108 -0.010316 0.06856
v 0.019638 -0.009167 0.068759
v 0.022581 -0.005993 0.06961
v 0.021386 -0.008194 0.069833
v 0.024384 -0.001941 0.069817
v 0.02514 -0.003081 0.069517
v 0.025892 -0.001521 0.069372
v 0.026707 -0.003503 0.069471
v 0.02239 -0.004816 0.069607
v 0.02239 -0.004816 0.069607
v 0.023138 -0.003087 0.069592
v 0.023448 -0.003651 0.069783
v 0.024159 -0.00616 0.069683
v 0.024376 -0.004538 0.069641
v 0.025855 -0.004427 0.069254
v 0.025804 -0.006203 0.069328
v 0.027687 -0.005211 0.069404
v 0.025471 -0.00665 0.06925
v 0.027335 -0.006846 0.069345
v 0.021769 -0.012794 0.069653
v 0.021872 -0.010535 0.069412
v 0.021023 -0.012335 0.068927
v 0.022306 -0.00731 0.069645
v 0.022003 -0.008744 0.069607
v 0.023284 -0.007183 0.069532
v 0.023854 -0.008863 0.069769
v 0.024256 -0.008145 0.069637
v 0.023017 -0.009854 0.069713
v 0.020561 -0.009052 0.069198
v 0.022572 -0.011847 0.069807
v 0.02424 -0.010169 0.069611
v 0.025273 -0.009456 0.069332
v 0.026799 -0.009283 0.069292
v 0.026321 -0.010103 0.069385
v 0.02555 -0.007807 0.069375
v 0.027924 -0.008484 0.069458
v 0.023528 -0.012846 0.069749
v 0.025396 -0.011418 0.069241
v 0.024691 -0.012711 0.069498
v 0.026612 -0.011373 0.069352
v 0.024 -0.01342 0.069575
v 0.025322 -0.013116 0.069178
v 0.02493 -0.014086 0.069516
v 0.026602 -0.001024 0.069541
v 0.027423 -0.001528 0.06949
v 0.027965 -0.002592 0.069553
v 0.02834 -0.003891 0.069707
v 0.028891 -0.004115 0.070194
v 0.02976 -0.00217 0.07134
v 0.030132 -0.002405 0.071393
v 0.029425 -0.003548 0.070953
v 0.029632 -0.004671 0.071221
v 0.028322 -0.006553 0.069764
v 0.030211 -0.000679 0.071282
v 0.027908 -0.009735 0.069514
v 0.027356 -0.01058 0.069141
v 0.028029 -0.011961 0.069692
v 0.029037 -0.009233 0.070482
v 0.02895 -0.011168 0.070323
v 0.025863 -0.012491 0.069178
v 0.02718 -0.012155 0.069392
v 0.025474 -0.013923 0.069335
v 0.026573 -0.014011 0.069307
v 0.026047 -0.014175 0.069405
v 0.027496 -0.013728 0.069406
v 0.028288 -0.013464 0.069887
v 0.027836 -0.014701 0.069633
v 0.028026 -0.015817 0.069691
v 0.029431 -0.013464 0.071112
v 0.029424 -0.015012 0.070899
v 0.030226 -0.003557 0.071247
v 0.029397 -0.006287 0.070812
v 0.028928 -0.007509 0.070303
v 0.029591 -0.007262 0.071086
v 0.030007 -0.00598 0.071132
v 0.030253 -0.004353 0.071295
v 0.029815 -0.009274 0.071198
v 0.029505 -0.011349 0.071021
v 0.010277 -0.019468 0.069637
v 0.009842 -0.018536 0.06944
v 0.011068 -0.020562 0.069685
v 0.00942 -0.021829 0.069561
v 0.009999 -0.024098 0.069666
v 0.01135 -0.02291 0.069888
v 0.010737 -0.021613 0.069827
v 0.012958 -0.020351 0.069683
v 0.011975 -0.023068 0.069792
v 0.020469 -0.021553 0.068683
v 0.020749 -0.020436 0.068893
v 0.019727 -0.021294 0.068974
v 0.021056 -0.021682 0.068872
v 0.019606 -0.022191 0.069166
v 0.020377 -0.022459 0.068937
v 0.021202 -0.023181 0.069102
v 0.020107 -0.02344 0.068937
v 0.021125 -0.024298 0.069112
v 0.01898 -0.023396 0.069011
v 0.02029 -0.025013 0.069093
v 0.008928 -0.034558 0.068981
v 0.008237 -0.035706 0.069021
v 0.009066 -0.036469 0.069166
v 0.010337 -0.035135 0.069101
v 0.007926 -0.027912 0.069172
v 0.00638 -0.028175 0.069106
v 0.007763 -0.029471 0.069214
v 0.006641 -0.029928 0.068941
v 0.008713 -0.028895 0.069472
v 0.009334 -0.028478 0.069387
v 0.008969 -0.029891 0.06924
v 0.009709 -0.029088 0.069508
v 0.010186 -0.030103 0.069504
v 0.009614 -0.026839 0.06963
v 0.008935 -0.025741 0.069294
v 0.011195 -0.027234 0.069792
v 0.01083 -0.028306 0.069448
v 0.011467 -0.029029 0.069504
v 0.012914 -0.022706 0.069787
v 0.012161 -0.024552 0.069957
v 0.007912 -0.030536 0.068997
v 0.007116 -0.031441 0.069261
v 0.009101 -0.030644 0.069357
v 0.008519 -0.031739 0.069693
v 0.009043 -0.031602 0.069551
v 0.008313 -0.033134 0.069098
v 0.009485 -0.032278 0.069105
v 0.009511 -0.034202 0.069171
v 0.010438 -0.032726 0.069309
v 0.010242 -0.031748 0.0697
v 0.016209 -0.032899 0.069091
v 0.018033 -0.031122 0.0691
v 0.016221 -0.031213 0.069309
v 0.01203 -0.033692 0.069438
v 0.011076 -0.035039 0.069098
v 0.012617 -0.035334 0.069195
v 0.009972 -0.038057 0.068994
v 0.014878 -0.031149 0.069476
v 0.014364 -0.032804 0.069281
v 0.016312 -0.033638 0.069144
v 0.014278 -0.034636 0.069256
v 0.013678 -0.036669 0.069158
v 0.030581 -0.025959 0.053063
v 0.030293 -0.02404 0.052696
v 0.030293 -0.02404 0.052696
v 0.030435 -0.021226 0.05289
v 0.030127 -0.022812 0.059121
v 0.030442 -0.024223 0.0586
v 0.02991 -0.024591 0.059279
v 0.029937 -0.025034 0.059041
v 0.030699 -0.025346 0.057497
v 0.030498 -0.027217 0.058334
v 0.0299 -0.025861 0.05925
v 0.03052 -0.030644 0.056987
v 0.029819 -0.027309 0.059172
v 0.029785 -0.02981 0.059351
v 0.021906 -0.024117 0.069717
v 0.021429 -0.025045 0.069034
v 0.02226 -0.025037 0.069658
v 0.02226 -0.025037 0.069658
v 0.020708 -0.025989 0.069024
v 0.019597 -0.026122 0.069287
v 0.020688 -0.027415 0.069061
v 0.021716 -0.026436 0.069184
v 0.022109 -0.025749 0.069232
v 0.022548 -0.026586 0.069532
v 0.029979 -0.020955 0.059121
v 0.03009 -0.02307 0.060248
v 0.020558 -0.02836 0.069053
v 0.021779 -0.028058 0.069228
v 0.021494 -0.02903 0.069416
v 0.022919 -0.027929 0.069718
v 0.020388 -0.029158 0.068983
v 0.020923 -0.029843 0.069208
v 0.021893 -0.029792 0.069239
v 0.022979 -0.030165 0.069555
v 0.021498 -0.030239 0.069295
v 0.023173 -0.028672 0.069632
v 0.020389 -0.032296 0.068838
v 0.020475 -0.03323 0.068908
v 0.021211 -0.033267 0.069235
v 0.021098 -0.031576 0.069077
v 0.024424 -0.028709 0.069414
v 0.024457 -0.030073 0.069511
v 0.023395 -0.031267 0.069579
v 0.02507 -0.029775 0.06937
v 0.024955 -0.030688 0.069284
v 0.025572 -0.030497 0.069388
v 0.025402 -0.030982 0.069595
v 0.024887 -0.031259 0.069447
v 0.021261 -0.032679 0.069158
v 0.022337 -0.032433 0.069442
v 0.02319 -0.033259 0.06958
v 0.022473 -0.033882 0.069514
v 0.021972 -0.030968 0.069543
v 0.021779 -0.032098 0.069558
v 0.024459 -0.03183 0.069359
v 0.025052 -0.032723 0.069305
v 0.024124 -0.033972 0.06945
v 0.017733 -0.034611 0.068718
v 0.02033 -0.035586 0.068576
v 0.021541 -0.034705 0.068624
v 0.020905 -0.034495 0.068516
v 0.019527 -0.033986 0.068762
v 0.018404 -0.037081 0.068761
v 0.019859 -0.036569 0.068801
v 0.021313 -0.036102 0.069162
v 0.020142 -0.03775 0.06892
v 0.019149 -0.03757 0.068566
v 0.01886 -0.03895 0.068768
v 0.020465 -0.039049 0.069502
v 0.017814 -0.039741 0.068555
v 0.018718 -0.040209 0.068922
v 0.021169 -0.037559 0.069542
v 0.019884 -0.040267 0.069692
v 0.021466 -0.038433 0.069613
v 0.021196 -0.040214 0.069518
v 0.021965 -0.03466 0.068996
v 0.022162 -0.035185 0.069531
v 0.023083 -0.035011 0.069665
v 0.022361 -0.036565 0.069569
v 0.023627 -0.036095 0.069389
v 0.023232 -0.037921 0.069458
v 0.026274 -0.031525 0.069253
v 0.026315 -0.032387 0.069198
v 0.026158 -0.033144 0.069295
v 0.025041 -0.033385 0.069467
v 0.024947 -0.033926 0.069337
v 0.025456 -0.03439 0.069444
v 0.024568 -0.034741 0.06953
v 0.025416 -0.035289 0.069364
v 0.027322 -0.032583 0.069598
v 0.026573 -0.034 0.069187
v 0.026222 -0.035499 0.06938
v 0.026435 -0.036014 0.069705
v 0.027518 -0.033983 0.069775
v 0.024419 -0.037608 0.069369
v 0.024381 -0.035981 0.069454
v 0.025622 -0.037039 0.069486
v 0.025598 -0.035987 0.069411
v 0.025217 -0.038152 0.069586
v 0.025398 -0.03885 0.06998
v 0.022571 -0.03911 0.069414
v 0.024019 -0.039621 0.069476
v 0.022294 -0.041436 0.069411
v 0.021771 -0.041856 0.069426
v 0.02353 -0.040479 0.069609
v 0.024198 -0.038709 0.069462
v 0.024413 -0.041103 0.070403
v 0.022337 -0.042908 0.069915
v 0.025501 -0.04053 0.071174
v 0.02651 -0.037707 0.070792
v 0.026065 -0.039319 0.071234
v 0.024355 -0.042035 0.071235
v 0.026204 -0.040131 0.071263
v 0.021556 -0.014456 0.069194
v 0.022511 -0.013997 0.069639
v 0.023185 -0.014663 0.069799
v 0.022323 -0.015706 0.069744
v 0.021688 -0.017009 0.069587
v 0.023916 -0.016209 0.06966
v 0.02404 -0.01524 0.069667
v 0.023022 -0.01718 0.069699
v 0.020955 -0.017981 0.069018
v 0.020083 -0.019688 0.06887
v 0.021 -0.019298 0.068686
v 0.021572 -0.019351 0.068847
v 0.022379 -0.019076 0.069572
v 0.021819 -0.020156 0.06937
v 0.023458 -0.018203 0.069791
v 0.025003 -0.015018 0.069293
v 0.022324 -0.021328 0.0695
v 0.023249 -0.020172 0.069544
v 0.022116 -0.022851 0.069544
v 0.024632 -0.01674 0.069593
v 0.025785 -0.015531 0.069421
v 0.025168 -0.01651 0.069288
v 0.026343 -0.016297 0.069339
v 0.02531 -0.017498 0.069442
v 0.024751 -0.017899 0.069413
v 0.024646 -0.018625 0.069501
v 0.023925 -0.019657 0.069518
v 0.026517 -0.017351 0.06932
v 0.025872 -0.01889 0.069455
v 0.025281 -0.019502 0.06918
v 0.027655 -0.01754 0.069493
v 0.026184 -0.019322 0.0693
v 0.025663 -0.020055 0.069486
v 0.024813 -0.021336 0.069387
v 0.025917 -0.021386 0.06931
v 0.027382 -0.018924 0.069448
v 0.026771 -0.020087 0.069118
v 0.026787 -0.021856 0.069124
v 0.027768 -0.021227 0.069455
v 0.02624 -0.015225 0.069215
v 0.02712 -0.015235 0.069347
v 0.028312 -0.017692 0.069948
v 0.028857 -0.016307 0.070518
v 0.029359 -0.019294 0.071018
v 0.02929 -0.016263 0.07107
v 0.029374 -0.017822 0.071093
v 0.023308 -0.022101 0.069665
v 0.022943 -0.023426 0.069475
v 0.022072 -0.023326 0.069691
v 0.0234 -0.024311 0.069565
v 0.024982 -0.022758 0.069417
v 0.024376 -0.023932 0.069458
v 0.022793 -0.025063 0.069536
v 0.022793 -0.025063 0.069536
v 0.02252 -0.025163 0.06928
v 0.02252 -0.025163 0.06928
v 0.02252 -0.025163 0.06928
v 0.022498 -0.025636 0.069243
v 0.024015 -0.025032 0.069396
v 0.023529 -0.026804 0.069641
v 0.02535 -0.024452 0.069224
v 0.02582 -0.023936 0.06946
v 0.025788 -0.024531 0.069346
v 0.026552 -0.023898 0.069247
v 0.025944 -0.022645 0.069405
v 0.026807 -0.022558 0.069087
v 0.027693 -0.023515 0.069499
v 0.027772 -0.024298 0.069661
v 0.027602 -0.025744 0.069406
v 0.024718 -0.025224 0.069462
v 0.02523 -0.026012 0.069325
v 0.025769 -0.025327 0.069465
v 0.024956 -0.026727 0.069327
v 0.024842 -0.028275 0.069499
v 0.026464 -0.026094 0.069244
v 0.025637 -0.027426 0.069482
v 0.02552 -0.028133 0.069358
v 0.026444 -0.027235 0.069333
v 0.026627 -0.027922 0.069246
v 0.028472 -0.025021 0.07023
v 0.027425 -0.027482 0.069573
v 0.026656 -0.028504 0.069441
v 0.027538 -0.028645 0.069565
v 0.028024 -0.02799 0.070089
v 0.028763 -0.026685 0.070919
v 0.028901 -0.02489 0.070949
v 0.028784 -0.028247 0.07096
v 0.029128 -0.022568 0.071068
v 0.029467 -0.024051 0.071253
v 0.025619 -0.029116 0.069375
v 0.025612 -0.030032 0.069518
v 0.026634 -0.029457 0.069094
v 0.026191 -0.030137 0.069347
v 0.027546 -0.029577 0.069276
v 0.027308 -0.030242 0.069377
v 0.028582 -0.029859 0.070831
v 0.027894 -0.030819 0.069816
v 0.027314 -0.031574 0.069479
v 0.027682 -0.031852 0.069763
v 0.028641 -0.031264 0.071186
v 0.029203 -0.030862 0.071307
v 0.029083 -0.03002 0.071151
v 0.028235 -0.033658 0.071152
v 0.027646 -0.03546 0.070853
v 0.027226 -0.037618 0.071265
v 0.026648 -0.039773 0.070958
v 0.027713 -0.037811 0.071118
v 0.030432 -0.027982 0.052696
v 0.030251 -0.032659 0.057982
v 0.030286 -0.030563 0.058534
v 0.02941 -0.031473 0.059165
v 0.029845 -0.033284 0.058571
v 0.029135 -0.032761 0.059024
v 0.029176 -0.032221 0.059299
v 0.029577 -0.035031 0.058496
v 0.028827 -0.037709 0.058153
v 0.028713 -0.037048 0.058686
v 0.029018 -0.035884 0.058774
v 0.027616 -0.040319 0.058288
v 0.028321 -0.03587 0.059154
v 0.028216 -0.036656 0.058946
v 0.027751 -0.037456 0.059203
v 0.026989 -0.038918 0.059115
v 0.026989 -0.038918 0.059115
v 0.02736 -0.040035 0.058754
v 0.026674 -0.039724 0.059051
v 0.029032 -0.034089 0.059347
v 0.028334 -0.036506 0.060271
v 0.028796 -0.034946 0.059298
v 0.025926 -0.040715 0.059203
v 0.025913 -0.041245 0.058892
v 0.025092 -0.042575 0.058834
v 0.025118 -0.04216 0.059221
v 0.026157 -0.042069 0.058724
v 0.003478 -0.037436 0.06892
v 0.004658 -0.040097 0.069317
v 0.002541 -0.039652 0.069162
v 0.005591 -0.037472 0.069055
v -0.001163 -0.047048 0.069925
v 0.000105 -0.04651 0.069903
v 0.000617 -0.045224 0.069433
v -0.000872 -0.04755 0.06973
v 0.002112 -0.047556 0.069732
v 0.001092 -0.04625 0.070003
v -3.5e-05 -0.048049 0.069506
v 0.000784 -0.048417 0.069529
v 0.002391 -0.049619 0.069437
v 0.003807 -0.048957 0.069488
v 0.002172 -0.04628 0.0698
v 0.004421 -0.047496 0.069799
v 0.004007 -0.046349 0.069496
v 0.012108 -0.043634 0.069237
v 0.010159 -0.044074 0.069044
v 0.011324 -0.044651 0.069065
v 0.012941 -0.044421 0.069355
v 0.006209 -0.045983 0.068955
v 0.004992 -0.04566 0.068945
v 0.006746 -0.046644 0.069603
v 0.00694 -0.047264 0.069705
v 0.004038 -0.049756 0.068981
v 0.005277 -0.049359 0.069558
v 0.006065 -0.048561 0.069655
v 0.007248 -0.048374 0.069598
v 0.006998 -0.04958 0.069032
v 0.005308 -0.050031 0.069414
v 0.006059 -0.04996 0.069421
v 0.006214 -0.050523 0.069596
v 0.007123 -0.05029 0.069293
v 0.007869 -0.049504 0.069253
v 0.008391 -0.048937 0.069413
v 0.008175 -0.050422 0.069464
v 0.008964 -0.049979 0.069212
v 0.009403 -0.049538 0.069127
v 0.007345 -0.046455 0.069706
v 0.00937 -0.04631 0.069754
v 0.008817 -0.045499 0.068955
v 0.00885 -0.044377 0.069054
v 0.011979 -0.045087 0.069285
v 0.012093 -0.046059 0.069779
v 0.011067 -0.047314 0.069718
v 0.009835 -0.048791 0.069538
v 0.01005 -0.049202 0.0693
v 0.011075 -0.048715 0.069268
v 0.009158 -0.050989 0.070674
v 0.010369 -0.050238 0.069672
v 0.00097 -0.050158 0.069277
v 0.00218 -0.050374 0.069646
v 0.003532 -0.050286 0.069161
v 0.001451 -0.051496 0.071131
v 0.00349 -0.050774 0.069634
v 0.004269 -0.050197 0.069113
v 0.004827 -0.050925 0.069957
v 0.006862 -0.050945 0.069968
v 0.005707 -0.051454 0.070979
v 0.004245 -0.052087 0.07088
v 0.006656 -0.052172 0.068565
v 0.005541 -0.052039 0.070915
v 0.005373 -0.051731 0.071142
v 0.008174 -0.05157 0.071278
v 0.007116 -0.05195 0.071155
v 0.013983 -0.043984 0.069303
v 0.013188 -0.045399 0.069539
v 0.014019 -0.045208 0.069665
v 0.015093 -0.043947 0.069511
v 0.014767 -0.043151 0.069003
v 0.015968 -0.044633 0.069738
v 0.015542 -0.045259 0.069577
v 0.014608 -0.046536 0.069568
v 0.009947 -0.0517 0.066672
v 0.011546 -0.051518 0.068246
v 0.013854 -0.050901 0.066611
v 0.014938 -0.050398 0.06825
v 0.012403 -0.048321 0.069417
v 0.011584 -0.048357 0.069606
v 0.012012 -0.048936 0.069095
v 0.013373 -0.048508 0.069395
v 0.012675 -0.046605 0.06964
v 0.01365 -0.047108 0.069701
v 0.015859 -0.046636 0.06973
v 0.014705 -0.047356 0.069415
v 0.014991 -0.047907 0.06904
v 0.011316 -0.049848 0.069717
v 0.012779 -0.049382 0.069421
v 0.014041 -0.048939 0.069487
v 0.015653 -0.047463 0.069132
v 0.017052 -0.046992 0.069427
v 0.016197 -0.047671 0.069183
v 0.014701 -0.048445 0.069142
v 0.01423 -0.050708 0.070844
v 0.01423 -0.050708 0.070844
v 0.01423 -0.050708 0.070844
v 0.019248 -0.048255 0.065172
v 0.017963 -0.048816 0.062933
v 0.019639 -0.047678 0.062889
v 0.019973 -0.047518 0.068106
v 0.020533 -0.047354 0.064844
v 0.021827 -0.046203 0.066533
v 0.018034 -0.04883 0.068184
v 0.019931 -0.047586 0.07052
v 0.016571 -0.042168 0.068981
v 0.015718 -0.041663 0.068808
v 0.016737 -0.043601 0.069411
v 0.016688 -0.041048 0.068371
v 0.017257 -0.042049 0.0692
v 0.018975 -0.040685 0.069261
v 0.017669 -0.043027 0.069513
v 0.019252 -0.041691 0.069467
v 0.018463 -0.04257 0.069283
v 0.018509 -0.043308 0.069449
v 0.020234 -0.041555 0.069416
v 0.019203 -0.04299 0.069466
v 0.020344 -0.043939 0.069463
v 0.019386 -0.044025 0.069582
v 0.017293 -0.04433 0.069562
v 0.016537 -0.04592 0.069643
v 0.019017 -0.045256 0.06935
v 0.01771 -0.046501 0.06953
v 0.01909 -0.046114 0.069717
v 0.017774 -0.047327 0.069942
v 0.018986 -0.04718 0.070674
v 0.015863 -0.048509 0.06967
v 0.017341 -0.04836 0.070873
v 0.020523 -0.045036 0.069816
v 0.021841 -0.045894 0.068757
v 0.021855 -0.044573 0.07065
v 0.021489 -0.045467 0.07095
v 0.019901 -0.046819 0.071037
v 0.019952 -0.047124 0.071107
v 0.021143 -0.046303 0.07092
v 0.022725 -0.044116 0.071043
v 0.027581 -0.024134 0.014154
v 0.027443 -0.014707 0.051729
v 0.027213 -0.017404 0.052528
v 0.027185 -0.020322 0.051956
v 0.026991 -0.025239 0.05057
v 0.027165 -0.023645 0.052411
v 0.027326 -0.021285 0.052863
v 0.027343 -0.022503 0.05287
v 0.027787 -0.02401 0.053077
v 0.027424 -0.026687 0.051083
v 0.027324 -0.025148 0.051708
v 0.027738 -0.025737 0.051857
v 0.027576 -0.024763 0.05256
v 0.030184 -0.026489 0.052459
v 0.029719 -0.027412 0.052253
v 0.028798 -0.026163 0.052164
v 0.028798 -0.026163 0.052164
v 0.029697 -0.024634 0.052443
v 0.029697 -0.024634 0.052443
v 0.026962 -0.029558 0.050815
v 0.027365 -0.027915 0.051223
v 0.026929 -0.029681 0.052797
v 0.026545 -0.032589 0.052024
v 0.026863 -0.032126 0.052931
v 0.027345 -0.032509 0.053371
v 0.027119 -0.030937 0.053213
v 0.026266 -0.034665 0.052932
v 0.026694 -0.034207 0.053234
v 0.022762 -0.041162 0.052266
v 0.018757 -0.045184 0.052453
v 0.020419 -0.043773 0.052423
v 0.021149 -0.043241 0.053125
v 0.019607 -0.044774 0.053259
v 0.02042 -0.044673 0.053521
v 0.018772 -0.045613 0.053203
v 0.017202 -0.046383 0.052887
v 0.019142 -0.045997 0.053329
v 0.020549 -0.045241 0.053335
v 0.019126 -0.047898 0.052343
v 0.023851 -0.04423 0.052449
v 0.025983 -0.034931 0.052168
v 0.025536 -0.036424 0.052821
v 0.024099 -0.039137 0.052167
v 0.024 -0.039679 0.052831
v 0.023144 -0.041203 0.053133
v 0.024767 -0.038355 0.053207
v 0.024384 -0.03947 0.053174
v 0.023681 -0.041104 0.053278
v 0.022266 -0.042194 0.053527
v 0.022933 -0.042328 0.053715
v 0.021378 -0.043546 0.053494
v 0.022179 -0.043143 0.053688
v 0.02295 -0.04332 0.053496
v 0.023473 -0.042731 0.05351
v 0.021995 -0.044044 0.053409
v 0.022583 -0.045094 0.059197
v 0.028617 -0.028521 0.052833
v 0.029093 -0.02814 0.052383
v 0.029073 -0.029732 0.052748
v 0.029709 -0.030172 0.052477
v 0.028016 -0.028963 0.053701
v 0.028515 -0.031024 0.053056
v 0.028208 -0.03035 0.053462
v 0.029285 -0.031179 0.052591
v 0.02975 -0.031581 0.052543
v 0.029925 -0.032242 0.052585
v 0.029022 -0.032715 0.052573
v 0.029108 -0.034866 0.052463
v 0.027682 -0.036649 0.052671
v 0.022812 -0.04587 0.052262
v 0.021887 -0.046322 0.052241
v 0.025469 -0.038056 0.053651
v 0.025932 -0.038118 0.053552
v 0.026038 -0.039386 0.053209
v 0.024432 -0.04068 0.053232
v 0.027197 -0.040117 0.052346
v 0.025339 -0.041422 0.052691
v 0.027063 -0.041357 0.052495
v 0.026236 -0.03609 0.053302
v 0.026703 -0.036221 0.053263
v 0.024313 -0.041645 0.053164
v 0.024942 -0.043286 0.052251
v 0.026339 -0.042342 0.052334
v -0.006052 -0.049834 0.053687
v -0.00286 -0.04952 0.053348
v -0.001252 -0.051975 0.052306
v -0.005642 -0.05176 0.052469
v -0.004379 -0.049849 0.053707
v 0.000176 -0.04937 0.052281
v -0.001364 -0.049764 0.053495
v -0.002645 -0.050496 0.05371
v -0.001914 -0.05007 0.053789
v -0.000262 -0.049539 0.052826
v -0.000467 -0.050062 0.053304
v 0.000191 -0.049997 0.053171
v 0.000951 -0.049754 0.053278
v 0.000553 -0.050511 0.053219
v 0.005318 -0.049456 0.05297
v 0.002272 -0.049536 0.053314
v 0.001982 -0.050452 0.053583
v 0.002067 -0.050009 0.053674
v 0.003968 -0.049879 0.053679
v 4.5e-05 -0.050916 0.053036
v 0.005064 -0.052056 0.052273
v 0.004769 -0.050486 0.053648
v 0.008017 -0.049472 0.053164
v 0.008676 -0.051641 0.052429
v 0.010058 -0.051552 0.052286
v 0.006362 -0.049977 0.053657
v 0.000568 -0.052685 0.060118
v 0.007837 -0.052125 0.062626
v 0.004697 -0.052191 0.062821
v 0.006994 -0.052069 0.064513
v -0.001274 -0.052617 0.060196
v -0.005667 -0.051848 0.062708
v -0.003388 -0.052091 0.061972
v -0.004031 -0.051761 0.064016
v -0.000997 -0.052276 0.06209
v 0.001219 -0.052662 0.061036
v -0.001395 -0.05196 0.063775
v 0.002241 -0.052088 0.062645
v -0.005007 -0.051977 0.065593
v 0.000326 -0.052001 0.064641
v -0.001583 -0.051202 0.070401
v -0.003765 -0.051787 0.070958
v -0.003765 -0.051787 0.070958
v -0.002941 -0.051313 0.070533
v -0.002682 -0.051859 0.070539
v -0.001921 -0.051795 0.07044
v 0.001542 -0.052051 0.068459
v -0.000326 -0.05203 0.069589
v 0.002891 -0.051899 0.06384
v 0.004329 -0.052049 0.064152
v 0.007025 -0.05218 0.066878
v 0.011293 -0.048769 0.052278
v 0.008852 -0.049707 0.05367
v 0.01018 -0.049229 0.053432
v 0.01153 -0.048854 0.052847
v 0.010794 -0.049552 0.053762
v 0.010207 -0.050094 0.053745
v 0.012725 -0.048551 0.052855
v 0.01275 -0.048983 0.05308
v 0.013622 -0.048302 0.053051
v 0.011793 -0.049426 0.053285
v 0.012555 -0.049749 0.053
v 0.011624 -0.050941 0.052499
v 0.008025 -0.050549 0.053563
v 0.008343 -0.050187 0.053733
v 0.014399 -0.04783 0.05292
v 0.015082 -0.050385 0.052138
v 0.01462 -0.048839 0.053207
v 0.014426 -0.048448 0.053319
v 0.016286 -0.049272 0.05251
v 0.015926 -0.050686 0.052208
v 0.015869 -0.047265 0.053204
v 0.015648 -0.047991 0.053456
v 0.01481 -0.047838 0.053247
v 0.017106 -0.047506 0.053422
v 0.016513 -0.047211 0.05345
v 0.017945 -0.046365 0.053326
v 0.018154 -0.047039 0.053258
v 0.021039 -0.04743 0.052134
v 0.019726 -0.047947 0.052168
v 0.009285 -0.052157 0.062236
v 0.011759 -0.051423 0.062727
v 0.013365 -0.050921 0.06298
v 0.015109 -0.050236 0.062871
v 0.016566 -0.049284 0.059057
v 0.020658 -0.047374 0.060339
v 0.02112 -0.046319 0.059148
v 0.023337 -0.04492 0.06008
v 0.027426 0.001259 0.049984
v 0.027703 0.001082 0.050548
v 0.030772 -0.001911 0.052907
v 0.030136 -0.000224 0.052268
v 0.027458 -0.002771 0.050299
v 0.027922 -0.001117 0.050825
v 0.027575 -0.006708 0.050536
v 0.028188 -0.005259 0.051146
v 0.030011 -0.006559 0.052376
v 0.030493 -0.007961 0.052765
v 0.030294 0.001544 0.059564
v 0.030522 0.001034 0.060728
v 0.030632 -3.4e-05 0.060573
v 0.030574 -0.00263 0.060456
v 0.030574 -0.00263 0.060456
v 0.030402 -0.001986 0.05941
v 0.027734 -0.008743 0.051102
v 0.027529 -0.010082 0.051745
v 0.027629 -0.011801 0.051984
v 0.029836 -0.014999 0.052564
v 0.028828 -0.013538 0.052757
v 0.030083 -0.011709 0.052801
v 0.030446 -0.01538 0.052625
v 0.030282 -0.009015 0.052848
v 0.03063 -0.010668 0.053042
v 0.028323 -0.010575 0.052984
v 0.029428 -0.009665 0.05274
v 0.027467 -0.015046 0.052681
v 0.028797 -0.015566 0.053207
v 0.028175 -0.014949 0.053366
v 0.028175 -0.014949 0.053366
v 0.028543 -0.014319 0.053031
v 0.029758 -0.018306 0.052655
v 0.029758 -0.018306 0.052655
v 0.02758 -0.016666 0.053337
v 0.027317 -0.018585 0.052999
v 0.027439 -0.020149 0.052889
v 0.027749 -0.018971 0.053431
v 0.028022 -0.020059 0.053298
v 0.028376 -0.019084 0.053334
v 0.027971 -0.016912 0.053493
v 0.030256 -0.019193 0.052715
v 0.029919 -0.02116 0.052642
v 0.029992 -0.011376 0.05932
v 0.030259 -0.005425 0.059358
v 0.030464 -0.006277 0.060366
v 0.030351 -0.00975 0.060454
v 0.030134 -0.008672 0.059405
v 0.030244 -0.008928 0.06192
v 0.030397 -0.012291 0.060425
v 0.029962 -0.008431 0.063277
v 0.029806 -0.011975 0.063782
v 0.030133 -0.015226 0.06228
v 0.029712 -0.015645 0.064271
v 0.030098 -0.013888 0.059316
v 0.030307 -0.016285 0.060453
v 0.030151 -0.019891 0.060175
v 0.030077 -0.017779 0.062261
v 0.029692 -0.017886 0.064322
v 0.030411 0.007278 0.061575
v 0.030039 0.008941 0.064152
v 0.029945 0.0071 0.064462
v 0.0303 0.007284 0.066527
v 0.029976 0.003542 0.063942
v 0.030081 -0.000651 0.065046
v 0.030081 -0.000651 0.065046
v 0.030175 -0.000886 0.063076
v 0.030175 -0.000886 0.063076
v 0.03038 0.004869 0.066509
v 0.030034 0.008987 0.068891
v 0.029937 0.007488 0.068258
v 0.030037 0.010048 0.068182
v 0.030216 0.006014 0.069044
v 0.03015 0.005509 0.068171
v 0.030925 0.011689 0.06975
v 0.030736 0.009194 0.070099
v 0.030596 0.011883 0.071202
v 0.030132 0.009966 0.071113
v 0.030548 0.011284 0.071189
v 0.031039 0.011548 0.070363
v 0.030804 0.010823 0.070869
v 0.030655 0.009549 0.070719
v 0.03072 0.007835 0.069988
v 0.030101 0.008947 0.070942
v 0.030553 0.008369 0.070895
v 0.030464 0.007328 0.071142
v 0.030815 0.00766 0.07076
v 0.030231 0.00567 0.07115
v 0.030799 0.005291 0.070268
v 0.030754 0.005773 0.070659
v 0.030631 0.006362 0.070925
v 0.030023 0.003641 0.068419
v 0.030315 0.003619 0.069283
v 0.030993 0.003297 0.070411
v 0.030159 0.002094 0.068621
v 0.030923 0.001354 0.070103
v 0.030923 0.001354 0.070103
v 0.030108 0.001552 0.067966
v 0.030108 0.001552 0.067966
v 0.030114 0.0016 0.067911
v 0.030114 0.0016 0.067911
v 0.030114 0.0016 0.067911
v 0.030174 0.003071 0.067574
v 0.030133 0.001335 0.068402
v 0.030133 0.001335 0.068402
v 0.030133 0.001335 0.068402
v 0.030251 0.001366 0.068792
v 0.030251 0.001366 0.068792
v 0.030251 0.001366 0.068792
v 0.029929 -0.000676 0.068556
v 0.030836 0.002031 0.07096
v 0.030836 0.002031 0.07096
v 0.030918 -0.000536 0.070593
v 0.030581 -0.000391 0.071104
v 0.030714 -0.00188 0.071165
v 0.015811 -0.005747 0.069361
v 0.01599 -0.00451 0.069184
v 0.015025 -0.009065 0.069043
v 0.013881 -0.010394 0.069352
v 0.01604 -0.010524 0.069101
v 0.016855 -0.01107 0.068803
v 0.017797 -0.012386 0.068446
v 0.017918 -0.010963 0.068406
v 0.018449 -0.012613 0.068388
v 0.019763 -0.012572 0.06868
v 0.020979 -0.010804 0.069019
v 0.020346 -0.011609 0.068985
v 0.029982 -0.005218 0.064254
v 0.03082 -0.00177 0.070155
v 0.029894 -0.008874 0.064282
v 0.029948 -0.008207 0.068392
v 0.030163 -0.005715 0.066479
v 0.029862 -0.004152 0.068012
v 0.030027 -0.006118 0.068883
v 0.029792 -0.011695 0.064706
v 0.02996 -0.015357 0.066201
v 0.03021 -0.009943 0.066428
v 0.030085 -0.01288 0.066583
v 0.029915 -0.009781 0.068071
v 0.029915 -0.009781 0.068071
v 0.02992 -0.010048 0.068547
v 0.02997 -0.011092 0.068803
v 0.030117 -0.00941 0.069283
v 0.030653 -0.010883 0.0701
v 0.029875 -0.013596 0.067902
v 0.029853 -0.011834 0.068123
v 0.029973 -0.01373 0.068803
v 0.029563 -0.015127 0.068245
v 0.030687 -0.01312 0.070359
v 0.030315 -0.015605 0.070148
v 0.030339 -0.014958 0.070493
v 0.0298 -0.001135 0.06801
v 0.030663 -0.003066 0.070042
v 0.030768 -0.006365 0.070364
v 0.030755 -0.003113 0.070721
v 0.030686 -0.004752 0.07052
v 0.030522 -0.004933 0.070995
v 0.030756 -0.007562 0.070235
v 0.030688 -0.008413 0.071059
v 0.030577 -0.006223 0.070979
v 0.030701 -0.009777 0.070454
v 0.030668 -0.009488 0.070791
v 0.030098 -0.010252 0.071276
v 0.030507 -0.010382 0.071111
v 0.030123 -0.011259 0.071139
v 0.030285 -0.008197 0.071296
v 0.030051 -0.012299 0.071364
v 0.030614 -0.011046 0.070826
v 0.030658 -0.012676 0.071051
v 0.030051 -0.013565 0.071241
v 0.030118 -0.014392 0.070965
v 0.012812 -0.013235 0.070109
v 0.012683 -0.014455 0.070231
v 0.012497 -0.01597 0.069803
v 0.013374 -0.0149 0.070216
v 0.013425 -0.016751 0.069674
v 0.014536 -0.015967 0.069654
v 0.015882 -0.016375 0.069288
v 0.007588 -0.02323 0.069468
v 0.009847 -0.017164 0.0695
v 0.010811 -0.017814 0.069682
v 0.01318 -0.018518 0.069789
v 0.014263 -0.022713 0.069344
v 0.013782 -0.023937 0.069737
v 0.018595 -0.017756 0.068454
v 0.017406 -0.014913 0.068466
v 0.017971 -0.018275 0.068574
v 0.016444 -0.01762 0.069075
v 0.017411 -0.019143 0.069048
v 0.014675 -0.020449 0.069294
v 0.014741 -0.02278 0.069259
v 0.018449 -0.019749 0.069068
v 0.014252 -0.02504 0.069939
v 0.017932 -0.0234 0.069005
v 0.015881 -0.026145 0.069274
v 0.018054 -0.025813 0.069175
v 0.018544 -0.022329 0.069085
v 0.005352 -0.02933 0.069146
v 0.005635 -0.03081 0.069107
v 0.004395 -0.031803 0.068836
v 0.005511 -0.033053 0.068929
v 0.006162 -0.03201 0.069233
v 0.00354 -0.033335 0.068933
v 0.00517 -0.035515 0.068965
v 0.005825 -0.034511 0.068852
v 0.0067 -0.033038 0.069009
v 0.006943 -0.035121 0.069069
v 0.006791 -0.036691 0.069192
v 0.008609 -0.03732 0.069132
v 0.007732 -0.024841 0.06936
v 0.01178 -0.025414 0.069825
v 0.012329 -0.027538 0.069797
v 0.013347 -0.025389 0.069865
v 0.014788 -0.027022 0.069452
v 0.01136 -0.031144 0.069354
v 0.01283 -0.030336 0.069538
v 0.013314 -0.028322 0.069819
v 0.014347 -0.028475 0.069553
v 0.01483 -0.029608 0.069326
v 0.01654 -0.027253 0.069202
v 0.01579 -0.028362 0.06955
v 0.016764 -0.029483 0.069261
v 0.018083 -0.028572 0.068962
v 0.011155 -0.032647 0.069387
v 0.012039 -0.037641 0.068975
v 0.011958 -0.038811 0.069023
v 0.016002 -0.037149 0.068774
v 0.013124 -0.040027 0.068859
v 0.027658 -0.020829 0.053145
v 0.027972 -0.02188 0.053287
v 0.027972 -0.02188 0.053287
v 0.027945 -0.022948 0.053214
v 0.029565 -0.022573 0.052655
v 0.028394 -0.024404 0.052778
v 0.029714 -0.027576 0.060571
v 0.02962 -0.03056 0.060005
v 0.029424 -0.029542 0.061163
v 0.029283 -0.032411 0.060158
v 0.029161 -0.032988 0.061773
v 0.029888 -0.020351 0.061867
v 0.029556 -0.022964 0.063038
v 0.029763 -0.024488 0.061761
v 0.02954 -0.021867 0.064644
v 0.029381 -0.025812 0.064554
v 0.029795 -0.019194 0.066161
v 0.02911 -0.027934 0.064327
v 0.029184 -0.030393 0.063758
v 0.029316 -0.03148 0.062451
v 0.029641 -0.025521 0.066434
v 0.029544 -0.028733 0.065577
v 0.029465 -0.029675 0.067
v 0.029663 -0.027468 0.067137
v 0.027867 -0.037445 0.061794
v 0.028351 -0.035307 0.063078
v 0.0268 -0.039135 0.063337
v 0.028209 -0.035722 0.063936
v 0.024522 -0.042797 0.059054
v 0.024016 -0.04355 0.059341
v 0.024594 -0.042738 0.063488
v 0.025497 -0.042119 0.060068
v 0.025516 -0.041906 0.06185
v 0.023915 -0.04403 0.061974
v 0.025839 -0.040959 0.063399
v 0.026717 -0.039823 0.062391
v 0.023276 -0.044484 0.062967
v 0.026604 -0.039422 0.064799
v 0.026422 -0.040353 0.066378
v 0.024902 -0.042844 0.065938
v 0.019303 -0.030008 0.069314
v 0.020121 -0.031143 0.0693
v 0.019319 -0.031811 0.069079
v 0.015799 -0.039888 0.068708
v 0.0289 -0.033104 0.063471
v 0.028519 -0.034439 0.062963
v 0.029084 -0.032127 0.064397
v 0.029209 -0.032608 0.066492
v 0.028561 -0.035687 0.062038
v 0.028585 -0.035506 0.066576
v 0.02817 -0.036597 0.064966
v 0.027589 -0.038228 0.066025
v 0.029192 -0.032631 0.068402
v 0.029191 -0.030364 0.068189
v 0.029069 -0.033193 0.069616
v 0.028692 -0.034278 0.068435
v 0.02828 -0.036373 0.070632
v 0.02802 -0.036802 0.067995
v 0.027239 -0.038223 0.064169
v 0.024014 -0.043686 0.068861
v 0.027014 -0.039111 0.068496
v 0.027736 -0.037919 0.070697
v 0.026908 -0.039518 0.069662
v 0.025864 -0.041261 0.070629
v 0.025022 -0.042217 0.071078
v 0.012487 -0.012301 0.070055
v 0.015043 -0.0131 0.069491
v 0.013735 -0.012915 0.069676
v 0.014315 -0.014165 0.069694
v 0.016532 -0.013033 0.069009
v 0.019349 -0.014446 0.068511
v 0.020726 -0.013355 0.068647
v 0.020268 -0.014953 0.068333
v 0.019743 -0.016454 0.068574
v 0.020878 -0.014989 0.068625
v 0.020479 -0.017045 0.068726
v 0.029772 -0.016864 0.067883
v 0.029878 -0.017017 0.068631
v 0.029649 -0.018295 0.068043
v 0.030418 -0.01723 0.070232
v 0.029708 -0.018776 0.068669
v 0.029973 -0.01519 0.071065
v 0.029977 -0.01636 0.071204
v 0.030388 -0.016595 0.070875
v 0.029845 -0.018177 0.071165
v 0.030255 -0.018797 0.070875
v 0.029846 -0.0202 0.071231
v 0.029597 -0.020984 0.06842
v 0.030242 -0.020416 0.07044
v 0.030032 -0.021353 0.070155
v 0.029642 -0.022858 0.068354
v 0.029996 -0.021566 0.070804
v 0.03015 -0.022605 0.070465
v 0.030127 -0.020752 0.071009
v 0.029571 -0.022208 0.071204
v 0.029414 -0.025768 0.068399
v 0.029665 -0.024352 0.06942
v 0.029957 -0.024941 0.07079
v 0.029873 -0.025959 0.070422
v 0.029478 -0.027537 0.068651
v 0.0299 -0.027033 0.070329
v 0.029459 -0.02834 0.069432
v 0.029703 -0.028173 0.070619
v 0.02969 -0.029529 0.070622
v 0.029894 -0.022502 0.071086
v 0.029974 -0.023537 0.071024
v 0.029739 -0.025145 0.071206
v 0.02918 -0.026121 0.071271
v 0.029572 -0.026627 0.071205
v 0.029778 -0.027095 0.070935
v 0.029198 -0.027419 0.071157
v 0.029356 -0.028064 0.071017
v 0.029231 -0.028884 0.071216
v 0.029638 -0.029449 0.070947
v 0.028957 -0.032365 0.071368
v 0.029393 -0.031619 0.069426
v 0.029529 -0.031491 0.070804
v 0.02944 -0.031434 0.071196
v 0.029122 -0.034089 0.070684
v 0.028008 -0.035593 0.071152
v 0.028871 -0.034712 0.071048
v 0.02907 -0.033187 0.071213
v 0.028558 -0.034489 0.071288
v 0.027826 -0.037853 0.060078
v 0.029033 -0.034646 0.06053
v 0.026514 -0.040534 0.06026
v 0.001552 -0.042551 0.069333
v 0.00334 -0.042198 0.069504
v 0.00743 -0.039332 0.069216
v 0.007444 -0.037984 0.069032
v 0.005533 -0.041376 0.069359
v 0.005221 -0.04241 0.069312
v 0.007264 -0.041728 0.06938
v 9.6e-05 -0.042824 0.069414
v 0.000126 -0.043892 0.069212
v 0.001654 -0.044124 0.068839
v 0.003539 -0.043564 0.069081
v 0.003513 -0.044736 0.069093
v 0.005973 -0.044006 0.068618
v 0.005239 -0.044642 0.068611
v 0.009478 -0.040066 0.069377
v 0.00796 -0.043343 0.068956
v 0.010594 -0.042686 0.068809
v 0.010672 -0.041125 0.069276
v 0.012078 -0.04194 0.068788
v 0.015031 -0.041124 0.068882
v -0.000704 -0.051373 0.070717
v -0.002064 -0.051547 0.070628
v -0.00107 -0.051804 0.070754
v 0.000853 -0.051916 0.070162
v 0.002557 -0.052058 0.070639
v 0.003182 -0.051374 0.070988
v 0.002143 -0.05195 0.071191
v 0.002143 -0.05195 0.071191
v -0.000309 -0.051913 0.070673
v -7.9e-05 -0.051719 0.070932
v 0.000887 -0.052036 0.070763
v 0.000837 -0.051921 0.071127
v 0.000837 -0.051921 0.071127
v 0.003941 -0.051972 0.068548
v 0.003204 -0.052115 0.071084
v 0.003204 -0.052115 0.071084
v 0.003306 -0.051714 0.07122
v 0.00404 -0.051954 0.071126
v 0.00404 -0.051954 0.071126
v 0.006824 -0.052188 0.070524
v 0.00834 -0.052011 0.070894
v 0.010467 -0.051758 0.069621
v 0.009263 -0.051749 0.07102
v 0.008887 -0.051317 0.071092
v 0.009589 -0.051532 0.071188
v 0.009589 -0.051532 0.071188
v 0.010417 -0.051274 0.071205
v 0.011262 -0.050798 0.070998
v 0.016312 -0.049859 0.067438
v 0.011743 -0.051309 0.070853
v 0.011743 -0.051309 0.070853
v 0.010403 -0.05159 0.071014
v 0.011324 -0.051313 0.07114
v 0.012299 -0.050636 0.071057
v 0.012047 -0.051049 0.071118
v 0.013617 -0.050089 0.070972
v 0.015123 -0.049275 0.070693
v 0.012752 -0.051024 0.07087
v 0.013126 -0.050716 0.071214
v 0.013126 -0.050716 0.071214
v 0.013975 -0.050336 0.07118
v 0.013975 -0.050336 0.07118
v 0.016212 -0.049882 0.070489
v 0.014345 -0.050484 0.071166
v 0.014345 -0.050484 0.071166
v 0.014345 -0.050484 0.071166
v 0.014345 -0.050484 0.071166
v 0.021887 -0.045985 0.062442
v 0.022055 -0.045838 0.064105
v 0.022703 -0.045523 0.065936
v 0.022727 -0.045454 0.066416
v 0.023031 -0.045019 0.067142
v 0.016093 -0.049151 0.071118
v 0.017926 -0.048798 0.070586
v 0.01647 -0.049697 0.070951
v 0.016773 -0.049267 0.071159
v 0.017796 -0.048472 0.071088
v 0.017796 -0.048472 0.071088
v 0.017582 -0.0489 0.070919
v 0.018355 -0.048389 0.071145
v 0.018967 -0.047574 0.070987
v 0.014499 -0.050016 0.07114
v 0.014499 -0.050016 0.07114
v 0.015166 -0.049581 0.071021
v 0.01512 -0.050214 0.07114
v 0.01512 -0.050214 0.07114
v 0.015767 -0.049754 0.071198
v 0.015767 -0.049754 0.071198
v 0.023754 -0.044189 0.070471
v 0.021886 -0.045812 0.070646
v 0.023167 -0.044117 0.071204
v 0.024196 -0.042844 0.071336
v 0.023761 -0.044061 0.070921
v 0.022413 -0.0448 0.070976
v 0.022732 -0.044936 0.070869
v 0.019012 -0.048132 0.070839
v 0.02785 -0.027723 0.052084
v 0.02785 -0.027723 0.052084
v 0.02814 -0.026959 0.051935
v 0.02814 -0.026959 0.051935
v 0.028139 -0.027744 0.052289
v 0.028139 -0.027744 0.052289
v 0.027284 -0.028592 0.05162
v 0.027371 -0.028345 0.052403
v 0.028022 -0.028239 0.05313
v 0.028022 -0.028239 0.05313
v 0.027343 -0.028869 0.053409
v 0.02753 -0.029893 0.053685
v 0.027823 -0.03339 0.053217
v 0.028544 0.001678 0.051311
v 0.02826 -0.00753 0.051434
v 0.028108 -0.008583 0.051747
v 0.029132 -0.008215 0.052233
v 0.027694 -0.009847 0.052286
v 0.028391 -0.009847 0.0529
v 0.027709 -0.013704 0.052313
v 0.027775 -0.010905 0.052554
v 0.028661 -0.011739 0.052836
v 0.028311 -0.012483 0.052689
v 0.027876 -0.013396 0.052457
v 0.028149 -0.015544 0.053454
v 0.028366 -0.017027 0.053406
v 0.028516 -0.020798 0.05314
v 0.028516 -0.020798 0.05314
v 0.030288 0.001584 0.066589
v 0.030288 0.001584 0.066589
v 0.030153 0.001373 0.06833
v 0.030153 0.001373 0.06833
v 0.030153 0.001373 0.06833
v 0.030153 -0.001238 0.066375
v 0.029947 -0.010026 0.068484
vt 0.92639600 0.57171200
vt 0.92649200 0.57047200
vt 0.93342500 0.57124300
vt 0.93682700 0.57241600
vt 0.93324400 0.57464300
vt 0.92373700 0.57415300
vt 0.92492600 0.57520100
vt 0.93193500 0.57570300
vt 0.92802200 0.57926100
vt 0.92888400 0.58202100
vt 0.93884900 0.58281100
vt 0.93562400 0.58664800
vt 0.93467100 0.57946100
vt 0.91716400 0.60050600
vt 0.93145300 0.60128100
vt 0.95221800 0.57459500
vt 0.94916700 0.57524100
vt 0.94516000 0.57291400
vt 0.95420900 0.57264900
vt 0.94715700 0.57008800
vt 0.95582600 0.57707400
vt 0.95842000 0.57635300
vt 0.96577800 0.58002200
vt 0.96135400 0.57412400
vt 0.96865500 0.57865200
vt 0.93588700 0.56939300
vt 0.94170300 0.57118000
vt 0.94066500 0.57338100
vt 0.93789000 0.57628100
vt 0.94243300 0.57452200
vt 0.93651200 0.55653900
vt 0.93342400 0.56847400
vt 0.92441500 0.56815600
vt 0.94013800 0.57942900
vt 0.94093500 0.57720400
vt 0.94456100 0.58094300
vt 0.94539800 0.58574700
vt 0.94709800 0.58240000
vt 0.94908500 0.57814400
vt 0.94534300 0.57440900
vt 0.94385800 0.57669700
vt 0.94453100 0.57780000
vt 0.94931700 0.57958900
vt 0.94919000 0.51383600
vt 0.96744600 0.51523300
vt 0.95910200 0.51023700
vt 0.94006600 0.51496400
vt 0.23198100 0.73486500
vt 0.23798800 0.75313700
vt 0.97403800 0.58026000
vt 0.22768600 0.75680800
vt 0.24979300 0.74802700
vt 0.25102800 0.75045900
vt 0.25046900 0.73432600
vt 0.25917800 0.73375700
vt 0.95495400 0.58924300
vt 0.95814300 0.58156500
vt 0.95395000 0.58545600
vt 0.95374600 0.58005400
vt 0.95992900 0.58653200
vt 0.95904400 0.59798000
vt 0.96346500 0.59694000
vt 0.94668000 0.60123300
vt 0.96451200 0.58501500
vt 0.96168900 0.58233800
vt 0.96563000 0.59207000
vt 0.94039400 0.60817900
vt 0.93300400 0.60550200
vt 0.96126700 0.60713600
vt 0.96988300 0.61415600
vt 0.95029200 0.61866800
vt 0.97316400 0.63484600
vt 0.94467300 0.61551500
vt 0.92633400 0.61057800
vt 0.93395300 0.61448400
vt 0.93958500 0.61975200
vt 0.95046000 0.63051200
vt 0.80206500 0.59559600
vt 0.78869700 0.60008900
vt 0.77826600 0.60175300
vt 0.79206000 0.60242600
vt 0.77187200 0.60455400
vt 0.92279100 0.57794100
vt 0.91768600 0.57532800
vt 0.92038200 0.57082000
vt 0.91689300 0.57241500
vt 0.91834100 0.56805300
vt 0.91460600 0.57168000
vt 0.90870300 0.57304700
vt 0.90745100 0.57221900
vt 0.91601600 0.57064100
vt 0.91263500 0.56915800
vt 0.90460100 0.57668100
vt 0.91566200 0.57809100
vt 0.91062400 0.57634000
vt 0.90598200 0.58039800
vt 0.92047500 0.57962500
vt 0.91401000 0.58353200
vt 0.91363800 0.58075200
vt 0.89176200 0.59149900
vt 0.88826200 0.57737700
vt 0.89380800 0.57503100
vt 0.88333300 0.58930200
vt 0.88546800 0.58111500
vt 0.89384900 0.58005600
vt 0.88374800 0.58641600
vt 0.90499400 0.56806900
vt 0.88212100 0.57260300
vt 0.88186500 0.57747200
vt 0.87840100 0.58385900
vt 0.87540800 0.58310100
vt 0.87132300 0.58008100
vt 0.86981200 0.57776100
vt 0.85216300 0.56523700
vt 0.85878000 0.55649500
vt 0.92244300 0.60389900
vt 0.90956300 0.60574400
vt 0.87752700 0.61438600
vt 0.89876100 0.60925900
vt 0.90653500 0.61730400
vt 0.91742300 0.61194700
vt 0.91198400 0.61696900
vt 0.90069000 0.61675900
vt 0.90764400 0.62087700
vt 0.90406600 0.61939800
vt 0.89947800 0.62004300
vt 0.91261100 0.62231000
vt 0.91046600 0.62535800
vt 0.90979600 0.62991100
vt 0.89767600 0.61750600
vt 0.89230900 0.61919800
vt 0.88964900 0.62582000
vt 0.86162900 0.58336500
vt 0.85938000 0.58198500
vt 0.86146100 0.58621500
vt 0.87051700 0.58470600
vt 0.86349300 0.58697600
vt 0.84549700 0.58580300
vt 0.84518600 0.58357200
vt 0.84969900 0.58946100
vt 0.86566600 0.58953800
vt 0.84588800 0.58726100
vt 0.85696100 0.59465200
vt 0.83557800 0.60428700
vt 0.83803400 0.59621300
vt 0.81254400 0.60526500
vt 0.84791900 0.61977400
vt 0.86079200 0.62702100
vt 0.85096600 0.62290400
vt 0.91952400 0.54563400
vt 0.91192700 0.55630700
vt 0.92677500 0.54949600
vt 0.91233900 0.52697000
vt 0.90349700 0.54059000
vt 0.92926500 0.50323400
vt 0.92148300 0.51389200
vt 0.88138800 0.53378600
vt 0.85096000 0.51467100
vt 0.92379900 0.61455000
vt 0.91797400 0.62933900
vt 0.82860600 0.59490700
vt 0.83122300 0.58973200
vt 0.82525900 0.58823500
vt 0.82336200 0.59496600
vt 0.81013000 0.59506200
vt 0.82102200 0.59135400
vt 0.82201000 0.56693500
vt 0.80592400 0.58644900
vt 0.81393900 0.60192400
vt 0.84218300 0.54842600
vt 0.79107000 0.60409200
vt 0.78309700 0.59699600
vt 0.78698400 0.61590800
vt 0.77621900 0.61102200
vt 0.79811200 0.56058300
vt 0.76682800 0.57775800
vt 0.81918500 0.50996700
vt 0.80895000 0.54735100
vt 0.80028700 0.51577600
vt 0.75942600 0.50764100
vt 0.24264700 0.71378900
vt 0.25191700 0.70999000
vt 0.26318100 0.71868600
vt 0.25818200 0.69390900
vt 0.21284100 0.69769700
vt 0.97573700 0.50765500
vt 0.22533200 0.71145200
vt 0.23206600 0.67764600
vt 0.21852100 0.67537800
vt 0.95716400 0.46322900
vt 0.96536600 0.46001600
vt 0.97276100 0.45887800
vt 0.20475900 0.65381200
vt 0.21819200 0.64654900
vt 0.22728000 0.64179600
vt 0.95996700 0.45060700
vt 0.96859800 0.44377800
vt 0.19971500 0.64030300
vt 0.95676700 0.42344200
vt 0.21242400 0.64179200
vt 0.20743000 0.62639800
vt 0.20354300 0.60700500
vt 0.23138300 0.65890300
vt 0.23809700 0.65200800
vt 0.26158600 0.67336400
vt 0.21742200 0.60916700
vt 0.24232800 0.62865500
vt 0.23284000 0.58688300
vt 0.21508800 0.55348800
vt 0.25454800 0.58790700
vt 0.25119500 0.61548100
vt 0.24416200 0.59494200
vt 0.92399300 0.46796200
vt 0.91462500 0.47594400
vt 0.91620600 0.46882000
vt 0.90906500 0.46997200
vt 0.90945700 0.46773700
vt 0.92972000 0.46615800
vt 0.93293100 0.47072300
vt 0.93371100 0.46034000
vt 0.92524400 0.46468600
vt 0.91802200 0.46508700
vt 0.91540600 0.44998500
vt 0.92549000 0.45247200
vt 0.90686000 0.48327700
vt 0.90228200 0.47161600
vt 0.89775900 0.47270600
vt 0.90011400 0.46597400
vt 0.88870800 0.47554900
vt 0.89264600 0.46666100
vt 0.90676000 0.44198500
vt 0.89961100 0.45039200
vt 0.88867600 0.45330100
vt 0.89958900 0.50378700
vt 0.87287000 0.48144500
vt 0.94098100 0.46812000
vt 0.95005000 0.46417600
vt 0.94048500 0.46518800
vt 0.95263500 0.46049600
vt 0.87658600 0.47483800
vt 0.84337200 0.50147400
vt 0.84415400 0.48764200
vt 0.83324300 0.49259300
vt 0.83524500 0.48339300
vt 0.85290000 0.47984500
vt 0.82322000 0.48244000
vt 0.82398400 0.48531000
vt 0.83885600 0.47931500
vt 0.77730400 0.48339100
vt 0.81344600 0.48848100
vt 0.80317500 0.48839500
vt 0.84596300 0.46253800
vt 0.82877200 0.46913500
vt 0.83269500 0.45655000
vt 0.84300700 0.45466900
vt 0.83229800 0.44471900
vt 0.82856200 0.43214600
vt 0.83739200 0.44556000
vt 0.82416600 0.44000400
vt 0.82991200 0.44672100
vt 0.81949700 0.44797800
vt 0.81529100 0.45318200
vt 0.82934200 0.45009300
vt 0.81033000 0.45043400
vt 0.80591900 0.44174600
vt 0.79777900 0.45688100
vt 0.79507400 0.44412100
vt 0.92126200 0.44162600
vt 0.92880100 0.42679300
vt 0.93541600 0.44934100
vt 0.92597800 0.43765700
vt 0.91818500 0.43371800
vt 0.92048400 0.41744900
vt 0.91228900 0.42861800
vt 0.91159300 0.41032300
vt 0.90280900 0.43568500
vt 0.89916400 0.43184800
vt 0.90293300 0.42908300
vt 0.89386900 0.42989800
vt 0.89065000 0.43603800
vt 0.87839500 0.44015600
vt 0.88140100 0.43561000
vt 0.88593400 0.42632300
vt 0.87983300 0.42757800
vt 0.90589400 0.41399500
vt 0.90385600 0.42051300
vt 0.90135000 0.42335300
vt 0.89585300 0.41724400
vt 0.89682500 0.42404100
vt 0.89343500 0.41450100
vt 0.89439100 0.40625200
vt 0.89124200 0.42204900
vt 0.88317100 0.41860900
vt 0.88596200 0.40855600
vt 0.87520400 0.40594900
vt 0.88303300 0.40371400
vt 0.94157800 0.41125100
vt 0.94415700 0.42231600
vt 0.93782800 0.42545700
vt 0.94750100 0.41320300
vt 0.94080800 0.40059400
vt 0.92990900 0.39592800
vt 0.93415300 0.39370700
vt 0.92013500 0.38937200
vt 0.93032400 0.38872100
vt 0.92482100 0.38318900
vt 0.94309400 0.38865500
vt 0.93851900 0.38633900
vt 0.91681600 0.35158000
vt 0.92583200 0.35314400
vt 0.94986900 0.38391700
vt 0.94072700 0.36871200
vt 0.90140100 0.40461600
vt 0.90756500 0.39679500
vt 0.90287500 0.39566400
vt 0.89529700 0.39919800
vt 0.91058900 0.39156500
vt 0.90474400 0.37827000
vt 0.89674900 0.38955800
vt 0.88377200 0.40109400
vt 0.89237700 0.39607200
vt 0.88572500 0.39765100
vt 0.87669900 0.40034600
vt 0.92244400 0.40826800
vt 0.91714300 0.39532800
vt 0.88542200 0.37184100
vt 0.88458700 0.33179600
vt 0.87493000 0.36755300
vt 0.87333800 0.42770800
vt 0.86769600 0.43564600
vt 0.86350000 0.41614100
vt 0.86255700 0.40370500
vt 0.85091400 0.41025000
vt 0.84014100 0.40773800
vt 0.85428800 0.40257300
vt 0.83118500 0.38075500
vt 0.80799600 0.41669300
vt 0.85913500 0.39427100
vt 0.86669800 0.37598500
vt 0.84247000 0.39391900
vt 0.86644300 0.36022700
vt 0.85431600 0.36735300
vt 0.84613900 0.37227800
vt 0.82142300 0.36501400
vt 0.83400000 0.34413300
vt 0.79306900 0.36300400
vt 0.80699700 0.36169000
vt 0.95078200 0.43058000
vt 0.96414800 0.40898200
vt 0.19360900 0.60733600
vt 0.96762900 0.42358600
vt 0.19778700 0.62117800
vt 0.94864900 0.39901800
vt 0.95615800 0.40405800
vt 0.95747000 0.39599600
vt 0.18630800 0.59533300
vt 0.18262800 0.58725100
vt 0.95418700 0.38737600
vt 0.18225500 0.58311500
vt 0.95385600 0.38308300
vt 0.18941000 0.58148700
vt 0.19197400 0.58532500
vt 0.19708500 0.58685900
vt 0.19862200 0.59535400
vt 0.85117400 0.43740800
vt 0.85110600 0.44403100
vt 0.84507400 0.43146200
vt 0.84450600 0.44373100
vt 0.83942300 0.43664700
vt 0.83442300 0.43495800
vt 0.81639500 0.44019700
vt 0.82246000 0.43654300
vt 0.81067500 0.43432400
vt 0.79125400 0.42719100
vt 0.78984000 0.41967300
vt 0.78206400 0.38961700
vt 0.97287100 0.59213000
vt 0.96938900 0.58642500
vt 0.97230700 0.58328300
vt 0.97380800 0.60920400
vt 0.97438000 0.62237000
vt 0.23599300 0.75568700
vt 0.97826800 0.59323500
vt 0.24030200 0.75516100
vt 0.97972000 0.59910100
vt 0.97850500 0.60692300
vt 0.24719000 0.75319400
vt 0.98241700 0.60767100
vt 0.97243600 0.60071700
vt 0.98142900 0.61644600
vt 0.98443800 0.61486000
vt 0.25338100 0.75152300
vt 0.98656400 0.62186200
vt 0.25963200 0.74966700
vt 0.97900600 0.62624300
vt 0.98332700 0.62358800
vt 0.26132100 0.74713000
vt 0.26682900 0.74739000
vt 0.96808100 0.60015900
vt 0.20278700 0.63195700
vt 0.26849900 0.66356900
vt 0.87507100 0.44580100
vt 0.86088000 0.45957400
vt 0.86483700 0.44795000
vt 0.86458200 0.44050700
vt 0.85995200 0.44463600
vt 0.85638100 0.44113200
vt 0.94484500 0.45536600
vt 0.86466500 0.47166800
vt 0.80930100 0.47687100
vt 0.85581900 0.47446800
vt 0.84978600 0.47315400
vt 0.85016800 0.46920700
vt 0.85291100 0.45035200
vt 0.84590600 0.44706200
vt 0.80980700 0.46048300
vt 0.80864300 0.46770300
vt 0.78011500 0.46203900
vt 0.81041100 0.45455500
vt 0.80599600 0.45317300
vt 0.87244900 0.44190100
vt 0.85799500 0.42620100
vt 0.85636700 0.43435700
vt 0.83642500 0.42825400
vt 0.82969700 0.41906200
vt 0.83192600 0.41385700
vt 0.94998500 0.45102400
vt 0.95445100 0.43819100
vt 0.94737200 0.43739300
vt 0.19326400 0.59367500
vt 0.76381300 0.60552100
vt 0.75686800 0.60273500
vt 0.73728000 0.57774300
vt 0.75767200 0.54530400
vt 0.72625700 0.54161800
vt 0.74018100 0.54150600
vt 0.72267100 0.50726900
vt 0.72615700 0.57440800
vt 0.70744300 0.49859900
vt 0.73243000 0.47613200
vt 0.75071900 0.44606500
vt 0.78977600 0.45261800
vt 0.76945800 0.43631700
vt 0.78007600 0.44336400
vt 0.73298500 0.45735300
vt 0.73097000 0.43551700
vt 0.71901900 0.46922200
vt 0.72088100 0.46162400
vt 0.71174000 0.45786300
vt 0.71882700 0.44667800
vt 0.70855200 0.44305900
vt 0.69404100 0.49050900
vt 0.71027500 0.54271900
vt 0.69663400 0.52271300
vt 0.68095100 0.48091100
vt 0.69835600 0.47519900
vt 0.69814500 0.45493500
vt 0.68308600 0.45472400
vt 0.68055300 0.42772800
vt 0.67231400 0.45041600
vt 0.67035900 0.47555200
vt 0.69459300 0.43671800
vt 0.67513600 0.43649800
vt 0.65966900 0.43708100
vt 0.77726400 0.37387800
vt 0.76516300 0.34948900
vt 0.77780900 0.42348800
vt 0.76147500 0.42614200
vt 0.76522100 0.42122500
vt 0.76253600 0.42967500
vt 0.75324700 0.42538200
vt 0.75728000 0.40812800
vt 0.74577100 0.43083900
vt 0.73382100 0.42038000
vt 0.71336200 0.43848700
vt 0.71926500 0.43279400
vt 0.71024500 0.43068600
vt 0.73056600 0.38943500
vt 0.70924600 0.40233500
vt 0.75606500 0.36755800
vt 0.77206300 0.37775400
vt 0.72889600 0.36007600
vt 0.71721300 0.36335700
vt 0.74297300 0.34994500
vt 0.69305000 0.41007000
vt 0.69828600 0.39808600
vt 0.70725300 0.43714900
vt 0.70443800 0.42868100
vt 0.68535600 0.41226900
vt 0.66672300 0.42325200
vt 0.66827100 0.40959000
vt 0.66636800 0.39637700
vt 0.65496200 0.40935700
vt 0.64956700 0.41662400
vt 0.65033900 0.42980900
vt 0.64099200 0.42583400
vt 0.65816700 0.39746500
vt 0.64369900 0.40088000
vt 0.70397100 0.39039400
vt 0.70301100 0.39659800
vt 0.69864700 0.39097100
vt 0.69570700 0.38872800
vt 0.67977900 0.37892300
vt 0.69705900 0.37859000
vt 0.69494100 0.35093800
vt 0.67943400 0.34272300
vt 0.67373700 0.38998900
vt 0.66754100 0.37409700
vt 0.66739700 0.38375500
vt 0.66365700 0.38600600
vt 0.65104500 0.40053900
vt 0.63565100 0.40699500
vt 0.62986500 0.40048800
vt 0.64616200 0.38288100
vt 0.65776800 0.37590600
vt 0.64781100 0.36286700
vt 0.65681100 0.36421600
vt 0.63664700 0.36749100
vt 0.63618700 0.38400700
vt 0.63805800 0.37413800
vt 0.62950300 0.37563300
vt 0.61906200 0.37476900
vt 0.65446700 0.44185900
vt 0.27388600 0.74282100
vt 0.98204400 0.64946500
vt 0.97953600 0.66123700
vt 0.95868300 0.64408400
vt 0.95616600 0.64854600
vt 0.93513600 0.63378700
vt 0.95145300 0.65357400
vt 0.94609100 0.65016400
vt 0.92846900 0.65112000
vt 0.93826100 0.66314400
vt 0.93048100 0.66340500
vt 0.96099900 0.66326300
vt 0.96282800 0.67458000
vt 0.95266200 0.66632900
vt 0.93779600 0.66765000
vt 0.97451500 0.68362800
vt 0.95757200 0.67407700
vt 0.94831400 0.67387300
vt 0.94967000 0.68334200
vt 0.94555400 0.69059200
vt 0.93414800 0.67851100
vt 0.94046200 0.68120500
vt 0.96386300 0.69911800
vt 0.90693000 0.70030000
vt 0.88344800 0.71132600
vt 0.95662100 0.70835200
vt 0.36135800 0.73030300
vt 0.39615100 0.72456600
vt 0.92199200 0.71827600
vt 0.75833700 0.61940400
vt 0.76338500 0.61102000
vt 0.89297700 0.63812200
vt 0.87259400 0.64561900
vt 0.83675000 0.66426600
vt 0.86201400 0.66874800
vt 0.85343800 0.69109800
vt 0.92186400 0.63713500
vt 0.91458700 0.62757300
vt 0.91499100 0.63697600
vt 0.91831400 0.63664500
vt 0.91897600 0.64197200
vt 0.91902100 0.64880000
vt 0.91653100 0.64887200
vt 0.92289700 0.64411300
vt 0.92349600 0.65463900
vt 0.92231800 0.65955400
vt 0.92570000 0.66094300
vt 0.92371000 0.66499400
vt 0.91898800 0.66543800
vt 0.89959900 0.66850800
vt 0.87651200 0.65835600
vt 0.91773500 0.66978500
vt 0.92133100 0.67279800
vt 0.90213900 0.67281400
vt 0.89761700 0.67768700
vt 0.89839700 0.69202800
vt 0.91817200 0.68929800
vt 0.87285600 0.70317200
vt 0.80974800 0.63074900
vt 0.82165800 0.63672700
vt 0.81196700 0.64507000
vt 0.82463900 0.65796000
vt 0.80073900 0.66429000
vt 0.77821800 0.64008400
vt 0.77938800 0.64711400
vt 0.77072100 0.63887300
vt 0.81692100 0.69280500
vt 0.77705500 0.66157700
vt 0.77343600 0.65315600
vt 0.76911900 0.65091900
vt 0.78604200 0.68700800
vt 0.40650200 0.69953600
vt 0.41554400 0.70249700
vt 0.39756700 0.70669800
vt 0.39781400 0.71925800
vt 0.43759900 0.71305700
vt 0.87898100 0.73171200
vt 0.40842200 0.71021400
vt 0.43233200 0.70743600
vt 0.45023800 0.70562300
vt 0.42867700 0.70451400
vt 0.43613400 0.68993200
vt 0.82444300 0.72392800
vt 0.83946900 0.71284600
vt 0.81789500 0.72953400
vt 0.48145500 0.70104700
vt 0.83290300 0.74387500
vt 0.42597300 0.70032100
vt 0.41571500 0.70455500
vt 0.46060500 0.69935900
vt 0.47916500 0.69471700
vt 0.44535500 0.69929900
vt 0.47034100 0.69251300
vt 0.43324200 0.69901900
vt 0.44818500 0.69356100
vt 0.47570700 0.68740900
vt 0.47422000 0.68617700
vt 0.45280000 0.67280200
vt 0.79213400 0.70201200
vt 0.80685800 0.70663600
vt 0.81433600 0.71399600
vt 0.82053400 0.71835800
vt 0.79464800 0.72135500
vt 0.76497600 0.70618200
vt 0.75866600 0.68837300
vt 0.78094700 0.70932500
vt 0.76809100 0.71208900
vt 0.76890300 0.72273500
vt 0.80131400 0.75054900
vt 0.51046100 0.69207800
vt 0.78252800 0.75095000
vt 0.77610000 0.73195500
vt 0.76579400 0.72594000
vt 0.75866300 0.73141900
vt 0.75582000 0.73648000
vt 0.76488400 0.75681400
vt 0.54484700 0.67973000
vt 0.78490600 0.75584200
vt 0.52537800 0.68436000
vt 0.75659900 0.75289000
vt 0.53962800 0.67761400
vt 0.84463100 0.70669400
vt 0.48998000 0.69519200
vt 0.50369400 0.68849200
vt 0.48623300 0.68809400
vt 0.49368100 0.68598400
vt 0.49290700 0.66831900
vt 0.50016200 0.67875200
vt 0.51785500 0.67474600
vt 0.51729600 0.67616000
vt 0.51883900 0.66944000
vt 0.46584600 0.66727000
vt 0.47793900 0.66069800
vt 0.48448400 0.65212600
vt 0.50517800 0.68298600
vt 0.51727800 0.68008900
vt 0.52532600 0.67710900
vt 0.53283400 0.67581000
vt 0.52605200 0.64294000
vt 0.49917500 0.63857000
vt 0.53435000 0.67400700
vt 0.54061000 0.67272300
vt 0.52764900 0.61204700
vt 0.53217500 0.64215700
vt 0.55062100 0.67386300
vt 0.54723800 0.67132900
vt 0.54772000 0.67003400
vt 0.53317700 0.67075100
vt 0.53872700 0.66846300
vt 0.54460800 0.66775500
vt 0.53799700 0.66710200
vt 0.54741200 0.66584400
vt 0.54099700 0.65324800
vt 0.26927100 0.72779400
vt 0.27246500 0.71300000
vt 0.29165500 0.72063500
vt 0.30070300 0.73385000
vt 0.29444900 0.73597500
vt 0.30010100 0.71920900
vt 0.29527300 0.70315400
vt 0.30159000 0.71397200
vt 0.27337500 0.65674600
vt 0.29936200 0.70715700
vt 0.29134100 0.67843900
vt 0.31507300 0.72469900
vt 0.31001200 0.73218800
vt 0.30793400 0.72064900
vt 0.34226400 0.71955200
vt 0.33221500 0.71152400
vt 0.34048000 0.70983400
vt 0.30606700 0.71675700
vt 0.31367000 0.71424400
vt 0.30202500 0.70362000
vt 0.30972500 0.70095200
vt 0.30098200 0.68541100
vt 0.31942800 0.70271300
vt 0.31997900 0.71203400
vt 0.32668100 0.70765500
vt 0.32538300 0.71796100
vt 0.32565700 0.69358600
vt 0.31768500 0.69383300
vt 0.33441200 0.69624000
vt 0.34086900 0.69318300
vt 0.29258600 0.67059800
vt 0.29755200 0.68838000
vt 0.29993100 0.66750100
vt 0.28134100 0.65568500
vt 0.28817500 0.65541300
vt 0.30723300 0.68827700
vt 0.31375300 0.66901300
vt 0.33564500 0.68394600
vt 0.34943800 0.68851800
vt 0.34047700 0.67811900
vt 0.34784300 0.67503600
vt 0.33230000 0.67128700
vt 0.32557400 0.67530000
vt 0.33840000 0.65699900
vt 0.30802200 0.66186500
vt 0.31287900 0.65882800
vt 0.32156900 0.66191100
vt 0.33045700 0.65700600
vt 0.32215700 0.65163600
vt 0.33907700 0.64732500
vt 0.35805300 0.66760200
vt 0.33221600 0.64738000
vt 0.36788100 0.70671300
vt 0.37017600 0.71343500
vt 0.36226200 0.71681400
vt 0.34848400 0.70627800
vt 0.34790000 0.72058600
vt 0.35801400 0.71087400
vt 0.35586600 0.71769700
vt 0.35599100 0.70548400
vt 0.37653200 0.69537200
vt 0.37926800 0.71178300
vt 0.36549100 0.70251300
vt 0.36175500 0.68635400
vt 0.36561500 0.69362900
vt 0.35385700 0.68022600
vt 0.35830400 0.67941900
vt 0.28670500 0.64357400
vt 0.28113900 0.64178100
vt 0.29323700 0.64056900
vt 0.27686100 0.63363700
vt 0.26884300 0.61238500
vt 0.27744500 0.61110000
vt 0.28209700 0.63151400
vt 0.28987000 0.63454900
vt 0.30143800 0.63479900
vt 0.29040800 0.62913800
vt 0.29903200 0.62581600
vt 0.28471700 0.61296800
vt 0.32672900 0.64150200
vt 0.31603000 0.64696800
vt 0.31787600 0.63845000
vt 0.32578300 0.62727500
vt 0.33953200 0.63663200
vt 0.31467200 0.62358200
vt 0.30871600 0.63802900
vt 0.30792500 0.63075500
vt 0.30684400 0.62418600
vt 0.30934500 0.60720700
vt 0.31651600 0.62058200
vt 0.25536700 0.56683800
vt 0.26834300 0.57786100
vt 0.28329500 0.58987300
vt 0.27778800 0.57640100
vt 0.28320100 0.57379000
vt 0.29424700 0.60488500
vt 0.30572400 0.59446200
vt 0.38628300 0.71130900
vt 0.38242500 0.66142300
vt 0.38106900 0.68647500
vt 0.40659700 0.65482400
vt 0.36765700 0.67558800
vt 0.37684500 0.67554200
vt 0.37683100 0.66850300
vt 0.42585100 0.63892000
vt 0.37121100 0.66295800
vt 0.36629900 0.64553000
vt 0.35813100 0.64561800
vt 0.37212000 0.64872800
vt 0.35107400 0.64489700
vt 0.35109400 0.63315300
vt 0.37377800 0.63161500
vt 0.38412300 0.61769300
vt 0.46295700 0.65568200
vt 0.45754900 0.65472700
vt 0.46561800 0.64993100
vt 0.45985900 0.65298400
vt 0.45699000 0.64161900
vt 0.46933300 0.63115100
vt 0.45227300 0.62883100
vt 0.45964400 0.62452400
vt 0.51608100 0.59547600
vt 0.48006800 0.58836800
vt 0.43017500 0.60400900
vt 0.43758500 0.61586700
vt 0.42201100 0.57770600
vt 0.45793400 0.60602600
vt 0.43540700 0.58204600
vt 0.45399200 0.58751800
vt 0.45011800 0.61996300
vt 0.47442500 0.61515900
vt 0.34403800 0.62740800
vt 0.33494700 0.62392700
vt 0.34098500 0.62652100
vt 0.34611400 0.62288200
vt 0.31839400 0.60014200
vt 0.32573100 0.61726600
vt 0.33107100 0.61196000
vt 0.34791800 0.60705500
vt 0.35300100 0.62007800
vt 0.35475400 0.61308000
vt 0.36023900 0.61528700
vt 0.34262900 0.59163600
vt 0.36195100 0.59471400
vt 0.36000300 0.58651400
vt 0.31115500 0.58878100
vt 0.31997200 0.58739400
vt 0.32742300 0.58233600
vt 0.35180200 0.58355800
vt 0.33545400 0.57867900
vt 0.34267400 0.57487100
vt 0.30306100 0.58554800
vt 0.29988000 0.57718300
vt 0.29203700 0.58357800
vt 0.30873300 0.57790500
vt 0.32463000 0.57818600
vt 0.31152700 0.56593400
vt 0.32233500 0.57078500
vt 0.32819800 0.56248200
vt 0.33160000 0.57178600
vt 0.32062800 0.56336700
vt 0.33496900 0.57002200
vt 0.36290100 0.57950200
vt 0.35596900 0.57199200
vt 0.36781800 0.57491800
vt 0.36496200 0.56204300
vt 0.36596000 0.56836500
vt 0.35322900 0.56739900
vt 0.35958600 0.55711300
vt 0.33845900 0.56543200
vt 0.34517300 0.56204700
vt 0.34180600 0.56758200
vt 0.34835500 0.56672000
vt 0.34023400 0.56284400
vt 0.33411600 0.56163800
vt 0.32859900 0.55339200
vt 0.34037800 0.55683700
vt 0.34902100 0.55558400
vt 0.34773400 0.54966300
vt 0.37399400 0.55141600
vt 0.35361500 0.54733900
vt 0.35885500 0.53342600
vt 0.37038700 0.53630800
vt 0.35518000 0.62935400
vt 0.36851600 0.62347100
vt 0.35737500 0.62262100
vt 0.36920800 0.61660800
vt 0.36424600 0.61938600
vt 0.36912700 0.61229200
vt 0.36215200 0.60994800
vt 0.36934100 0.60800400
vt 0.37087700 0.60060200
vt 0.37469100 0.60910000
vt 0.40291000 0.58538100
vt 0.36429000 0.60391200
vt 0.38054700 0.56877700
vt 0.38797100 0.57118900
vt 0.37788400 0.57709600
vt 0.37201600 0.57050700
vt 0.36977100 0.56295200
vt 0.38045600 0.56439000
vt 0.37499400 0.55869100
vt 0.44891500 0.57256600
vt 0.43006000 0.57438900
vt 0.43349300 0.57709700
vt 0.40012200 0.56055200
vt 0.41110200 0.56201400
vt 0.43204100 0.56385100
vt 0.42057800 0.55760600
vt 0.45729200 0.55574400
vt 0.44897600 0.55558900
vt 0.44406400 0.54358300
vt 0.45797300 0.54805700
vt 0.46707900 0.54430100
vt 0.45759000 0.53366700
vt 0.48539600 0.54813200
vt 0.37939300 0.55485000
vt 0.38614400 0.55265200
vt 0.40317300 0.55146300
vt 0.38867100 0.54579600
vt 0.39910300 0.53644700
vt 0.41874700 0.55010600
vt 0.40931400 0.53703300
vt 0.40964900 0.54797000
vt 0.42494400 0.54310700
vt 0.37941700 0.53389600
vt 0.38845700 0.52779800
vt 0.43632000 0.53726700
vt 0.44098500 0.51783400
vt 0.41732900 0.50930800
vt 0.98440300 0.63246500
vt 0.98433100 0.64595500
vt 0.98632300 0.63161300
vt 0.26848600 0.75006700
vt 0.27126000 0.74525500
vt 0.27552800 0.74496200
vt 0.98824300 0.64030200
vt 0.27653000 0.74825900
vt 0.98929100 0.64544600
vt 0.28138900 0.74701200
vt 0.27665700 0.74364700
vt 0.28478400 0.73896700
vt 0.27930000 0.74240400
vt 0.27938200 0.74383900
vt 0.28469800 0.74201000
vt 0.98622800 0.65635800
vt 0.99085900 0.65573200
vt 0.29123200 0.74390000
vt 0.29156400 0.74000700
vt 0.98323700 0.66714500
vt 0.30176100 0.74088500
vt 0.99058200 0.66663100
vt 0.98602200 0.66872500
vt 0.98194200 0.67982600
vt 0.97463600 0.69110600
vt 0.98061000 0.68688100
vt 0.97005500 0.70142100
vt 0.34575800 0.73296600
vt 0.35616800 0.72866300
vt 0.37280600 0.72448300
vt 0.38170800 0.71753500
vt 0.39617000 0.70969900
vt 0.37932900 0.71443800
vt 0.40520600 0.70715100
vt 0.42068600 0.70608600
vt 0.42248300 0.70287400
vt 0.51370800 0.67986600
vt 0.28040400 0.70673000
vt 0.28676000 0.73987200
vt 0.29726600 0.73790800
vt 0.30438300 0.73431200
vt 0.30887300 0.73468600
vt 0.31255300 0.73805800
vt 0.98844200 0.67768700
vt 0.98651000 0.68510800
vt 0.99046700 0.68676000
vt 0.31955400 0.73160400
vt 0.31893500 0.72984200
vt 0.32447400 0.72756600
vt 0.98246100 0.69346100
vt 0.33078600 0.73226500
vt 0.32892000 0.72873200
vt 0.97675900 0.69495700
vt 0.33631400 0.73463800
vt 0.34156700 0.72905700
vt 0.34280000 0.72465600
vt 0.33403100 0.72442300
vt 0.34090400 0.72352600
vt 0.34759800 0.72707500
vt 0.32595100 0.68667300
vt 0.35434300 0.72460100
vt 0.35867500 0.71943900
vt 0.36276700 0.72221100
vt 0.36903800 0.72080800
vt 0.36816700 0.71696500
vt 0.34939000 0.61451300
vt 0.37448300 0.54308700
vt 0.75803500 0.61132400
vt 0.75451900 0.60893200
vt 0.74937200 0.60907100
vt 0.74433700 0.61165200
vt 0.74124900 0.60989500
vt 0.73795300 0.61424800
vt 0.73711700 0.61324500
vt 0.73565900 0.60123600
vt 0.73468800 0.61146900
vt 0.73936900 0.62813900
vt 0.75271100 0.64456800
vt 0.73981500 0.62548400
vt 0.74131700 0.62081300
vt 0.74801100 0.61848400
vt 0.73821100 0.61779900
vt 0.74308000 0.61582200
vt 0.73554800 0.62241100
vt 0.73093300 0.61934200
vt 0.72998400 0.62781900
vt 0.73268600 0.61466100
vt 0.72854600 0.61319500
vt 0.72897700 0.61688600
vt 0.72656400 0.61686600
vt 0.72798900 0.62134800
vt 0.72792500 0.62506900
vt 0.72235900 0.62294000
vt 0.71734000 0.62103300
vt 0.72081700 0.61578200
vt 0.72157100 0.63424000
vt 0.71999200 0.63123500
vt 0.71921600 0.62928300
vt 0.71489800 0.62351800
vt 0.71593000 0.61884600
vt 0.72090200 0.62490500
vt 0.71598000 0.62737500
vt 0.70922900 0.62245800
vt 0.71200900 0.57805900
vt 0.70759300 0.62641000
vt 0.70775900 0.59047000
vt 0.69757000 0.58845700
vt 0.73570800 0.64183900
vt 0.74199700 0.64833200
vt 0.72898500 0.65435600
vt 0.74685900 0.65483900
vt 0.75767300 0.65037400
vt 0.74086000 0.65596800
vt 0.73365400 0.65548400
vt 0.73948000 0.66097200
vt 0.72938700 0.66530000
vt 0.73853800 0.66940700
vt 0.72322300 0.67308700
vt 0.71257000 0.63338400
vt 0.71366100 0.63950900
vt 0.71159700 0.63706700
vt 0.70743000 0.63307300
vt 0.70523700 0.63319800
vt 0.70907200 0.63774400
vt 0.71367200 0.64669800
vt 0.70767000 0.64256500
vt 0.70867100 0.64708400
vt 0.70196200 0.62505900
vt 0.69998900 0.63349000
vt 0.69832200 0.63335200
vt 0.70489200 0.64189100
vt 0.69214800 0.62480800
vt 0.70241800 0.64067200
vt 0.70020000 0.64232400
vt 0.69463800 0.60582200
vt 0.70671000 0.66406800
vt 0.70401300 0.65527500
vt 0.71366000 0.69130500
vt 0.70311200 0.65226100
vt 0.70009300 0.64695700
vt 0.69470000 0.65177600
vt 0.68208700 0.63509600
vt 0.69850600 0.65275300
vt 0.68959200 0.63054300
vt 0.68316000 0.63398700
vt 0.70358900 0.66647700
vt 0.70141700 0.66255800
vt 0.69773900 0.66019300
vt 0.67654600 0.63254100
vt 0.67821800 0.60996400
vt 0.67647000 0.63555400
vt 0.69362300 0.65805800
vt 0.69463800 0.67322600
vt 0.66291200 0.63869800
vt 0.66992300 0.63578800
vt 0.66839400 0.61098800
vt 0.73670500 0.69427400
vt 0.73076900 0.68731000
vt 0.70738300 0.68675000
vt 0.70456100 0.69035700
vt 0.70180700 0.67492100
vt 0.69807600 0.66917500
vt 0.69926100 0.67952100
vt 0.66250600 0.63746400
vt 0.66638800 0.63418400
vt 0.65689500 0.63553600
vt 0.65624800 0.60806900
vt 0.65536500 0.63889900
vt 0.69747400 0.69076300
vt 0.64662600 0.64211700
vt 0.64488600 0.64026800
vt 0.70392600 0.70212500
vt 0.76187300 0.65255000
vt 0.76122000 0.65577800
vt 0.75634100 0.65388400
vt 0.75579600 0.65635700
vt 0.75104500 0.65680800
vt 0.75321900 0.65770700
vt 0.75321200 0.66214400
vt 0.75061200 0.66175100
vt 0.74894900 0.66145500
vt 0.75184100 0.67042600
vt 0.74907800 0.66992900
vt 0.75498600 0.67870600
vt 0.74403500 0.66385800
vt 0.74567300 0.68228200
vt 0.69567100 0.54061400
vt 0.68309300 0.57511200
vt 0.67358300 0.58322700
vt 0.66473400 0.58820700
vt 0.65619100 0.58541400
vt 0.68771000 0.54287900
vt 0.67694200 0.53023100
vt 0.66436400 0.52245500
vt 0.68538800 0.51817700
vt 0.66582300 0.56074500
vt 0.65877400 0.56096000
vt 0.63496900 0.53240600
vt 0.63426900 0.57816700
vt 0.64573900 0.54700600
vt 0.75210200 0.68366700
vt 0.75869300 0.70182400
vt 0.75422400 0.69719600
vt 0.75020600 0.70978500
vt 0.75878900 0.70755000
vt 0.74740500 0.71272700
vt 0.73519100 0.70890600
vt 0.73011800 0.73597600
vt 0.74215800 0.71862200
vt 0.75620600 0.72340600
vt 0.71178700 0.71758800
vt 0.71627600 0.71709800
vt 0.70069600 0.70493700
vt 0.63362000 0.64429900
vt 0.69934000 0.70462900
vt 0.61971500 0.64289800
vt 0.60757900 0.59816600
vt 0.75000300 0.72101700
vt 0.74708100 0.72712100
vt 0.75084200 0.72913500
vt 0.74236000 0.72880500
vt 0.72435600 0.73382400
vt 0.73917700 0.74862000
vt 0.72647700 0.74044500
vt 0.71834100 0.73004800
vt 0.72071200 0.73814300
vt 0.71562900 0.72977500
vt 0.72558900 0.74297600
vt 0.75238800 0.75644700
vt 0.55739400 0.67507800
vt 0.56839100 0.67088700
vt 0.74147900 0.75367300
vt 0.73117200 0.74745800
vt 0.73167200 0.75417500
vt 0.57544600 0.66384500
vt 0.72410800 0.74687000
vt 0.56969700 0.66811500
vt 0.73875400 0.75499100
vt 0.71939700 0.74227900
vt 0.72384900 0.74792500
vt 0.72197100 0.75151000
vt 0.58387800 0.65768800
vt 0.71507800 0.74317400
vt 0.58961700 0.65443400
vt 0.71635100 0.74781800
vt 0.58138100 0.65652800
vt 0.58390800 0.63789100
vt 0.57336500 0.63745600
vt 0.70406400 0.72097300
vt 0.71140500 0.72126900
vt 0.70716100 0.72034500
vt 0.62039800 0.64778500
vt 0.70259300 0.71856500
vt 0.70836800 0.72070100
vt 0.70984300 0.72594000
vt 0.71411400 0.73409100
vt 0.71321800 0.73513900
vt 0.61548800 0.64886200
vt 0.70393500 0.72366800
vt 0.70779600 0.73241100
vt 0.61106700 0.64751900
vt 0.70321500 0.72842100
vt 0.71282200 0.74141600
vt 0.70663800 0.73664400
vt 0.60278500 0.64920600
vt 0.60897300 0.61833400
vt 0.60110700 0.62909100
vt 0.59961500 0.61997100
vt 0.59485400 0.65151000
vt 0.71142800 0.74394600
vt 0.59221700 0.62737200
vt 0.56514400 0.64096200
vt 0.56083300 0.61460200
vt 0.53443000 0.63646100
vt 0.54212900 0.63461700
vt 0.55754800 0.63319100
vt 0.55191200 0.62481100
vt 0.54049500 0.60067900
vt 0.54871600 0.59786000
vt 0.58898400 0.60179800
vt 0.59696000 0.59326100
vt 0.58384700 0.62453900
vt 0.57597900 0.62430600
vt 0.57941200 0.59633800
vt 0.56912600 0.60209400
vt 0.55816400 0.67194100
vt 0.56611100 0.66605000
vt 0.55663400 0.66851900
vt 0.55226600 0.66542700
vt 0.56083600 0.66376700
vt 0.55618700 0.66365200
vt 0.55296000 0.66193000
vt 0.55866600 0.65966400
vt 0.56986200 0.66155500
vt 0.56375000 0.66148300
vt 0.57049200 0.66032000
vt 0.56645500 0.65875600
vt 0.57721100 0.65927600
vt 0.57518900 0.65767700
vt 0.54943300 0.64674500
vt 0.55590400 0.64183200
vt 0.54072100 0.64416800
vt 0.55088300 0.63695100
vt 0.66860200 0.50843300
vt 0.65243000 0.51844000
vt 0.66352600 0.48188300
vt 0.64265800 0.45957800
vt 0.63810300 0.47532200
vt 0.64320600 0.52604600
vt 0.62953100 0.48236500
vt 0.65373000 0.47038700
vt 0.66105300 0.47038400
vt 0.66026100 0.46171200
vt 0.65354400 0.45288700
vt 0.61838500 0.43958000
vt 0.60808400 0.49888100
vt 0.61961400 0.49277400
vt 0.58990100 0.49266000
vt 0.60694600 0.47945100
vt 0.61818100 0.46781800
vt 0.52932500 0.58820800
vt 0.59038300 0.56383000
vt 0.58292500 0.56148800
vt 0.57606300 0.57083300
vt 0.56803000 0.58115400
vt 0.55371100 0.57672700
vt 0.56088000 0.56864800
vt 0.55557600 0.53085600
vt 0.54486500 0.57711300
vt 0.50769900 0.56422600
vt 0.53231300 0.56173200
vt 0.51317200 0.56149200
vt 0.49760000 0.53479500
vt 0.50830100 0.54008200
vt 0.55130900 0.54842000
vt 0.53994200 0.54472400
vt 0.51819800 0.53832500
vt 0.52690000 0.53755000
vt 0.54510400 0.51695500
vt 0.53502400 0.52556700
vt 0.59568800 0.53885000
vt 0.57915000 0.52354600
vt 0.56875700 0.53352900
vt 0.57898100 0.50961400
vt 0.57812600 0.50100900
vt 0.56496000 0.49477500
vt 0.56833300 0.50741700
vt 0.55932700 0.50893400
vt 0.64537600 0.44243700
vt 0.62303300 0.41809200
vt 0.62798500 0.40871600
vt 0.60725300 0.44297300
vt 0.60637900 0.42153200
vt 0.61301000 0.41120900
vt 0.57860000 0.48039800
vt 0.58768200 0.46881200
vt 0.60146100 0.46176400
vt 0.59967700 0.44636500
vt 0.58451300 0.44842100
vt 0.59639500 0.43609900
vt 0.57828900 0.46313600
vt 0.57138300 0.44234100
vt 0.61493900 0.38206200
vt 0.59777800 0.39062800
vt 0.59304700 0.41723900
vt 0.58398900 0.38853300
vt 0.58358400 0.43343800
vt 0.57165700 0.43030700
vt 0.57267200 0.40824800
vt 0.56225900 0.43560500
vt 0.55044200 0.39846400
vt 0.54654800 0.42014600
vt 0.46576900 0.52799700
vt 0.49894400 0.52288500
vt 0.47650500 0.52150400
vt 0.49131500 0.51091300
vt 0.51781400 0.52602900
vt 0.53099000 0.50954800
vt 0.52547500 0.51667400
vt 0.50837900 0.51128300
vt 0.51496900 0.50873900
vt 0.49980500 0.51041600
vt 0.50676200 0.50758900
vt 0.52209900 0.50710500
vt 0.52270900 0.50399800
vt 0.52878700 0.50487200
vt 0.52809800 0.50219700
vt 0.51512000 0.50545400
vt 0.51629400 0.50078600
vt 0.50807600 0.50385500
vt 0.45784600 0.52000700
vt 0.46609200 0.51722900
vt 0.45097800 0.51004200
vt 0.46019100 0.51344200
vt 0.45678100 0.50557100
vt 0.46354500 0.50873400
vt 0.47610200 0.50232000
vt 0.43710900 0.49864200
vt 0.45299300 0.49433700
vt 0.46094600 0.49844800
vt 0.45152100 0.49002800
vt 0.45465600 0.48244400
vt 0.48637600 0.48336000
vt 0.47858800 0.47559700
vt 0.48296300 0.46409500
vt 0.49747000 0.47880000
vt 0.48571900 0.45917300
vt 0.48999600 0.45111100
vt 0.50104700 0.45830700
vt 0.49888000 0.50628400
vt 0.49620600 0.49507100
vt 0.50523600 0.50020300
vt 0.50547100 0.48362800
vt 0.52262600 0.49745100
vt 0.51384800 0.48757900
vt 0.52503400 0.48397800
vt 0.51425000 0.47353500
vt 0.57724100 0.48759900
vt 0.57413200 0.49239600
vt 0.56994200 0.48598500
vt 0.56472000 0.49098900
vt 0.55541700 0.49742000
vt 0.54618100 0.50062700
vt 0.54702500 0.49554800
vt 0.54010700 0.50178400
vt 0.56027300 0.48943500
vt 0.55588100 0.49329100
vt 0.55268600 0.49181700
vt 0.56862800 0.46712600
vt 0.55853400 0.45971900
vt 0.53989500 0.49827500
vt 0.54493500 0.49351600
vt 0.53860500 0.49538000
vt 0.53131200 0.49763400
vt 0.53014400 0.47732300
vt 0.53655600 0.46915400
vt 0.54721000 0.45500500
vt 0.53535100 0.44682000
vt 0.56284900 0.45485200
vt 0.53506900 0.50280500
vt 0.52495900 0.44545700
vt 0.51568400 0.45503500
vt 0.50288000 0.43720100
vt 0.74877700 0.61500400
vt 0.74947100 0.61345900
vt 0.75030700 0.61019600
vt 0.05608500 0.40966700
vt 0.05717600 0.42181400
vt 0.86105200 0.20294000
vt 0.04885400 0.41456500
vt 0.85429400 0.19509800
vt 0.05052200 0.40777000
vt 0.84903600 0.20301600
vt 0.84677800 0.19257700
vt 0.04105400 0.41166500
vt 0.84165100 0.20582300
vt 0.84315800 0.19033200
vt 0.03757200 0.40898500
vt 0.04446800 0.40720600
vt 0.84225100 0.18893800
vt 0.03687400 0.40748600
vt 0.83810100 0.19198200
vt 0.23619800 0.55950400
vt 0.92800800 0.33139300
vt 0.93916000 0.33010000
vt 0.16388000 0.53262700
vt 0.90818000 0.35617700
vt 0.89045200 0.31157100
vt 0.90037300 0.30267800
vt 0.16244800 0.49524100
vt 0.18273400 0.55457700
vt 0.91320900 0.27860500
vt 0.92134700 0.26707700
vt 0.14017600 0.47299800
vt 0.90535100 0.27926700
vt 0.15014600 0.47172600
vt 0.87379100 0.34841000
vt 0.86406200 0.34209700
vt 0.87692100 0.33766700
vt 0.84723500 0.34157100
vt 0.84715000 0.35585500
vt 0.85081500 0.32997100
vt 0.86195300 0.32651500
vt 0.81539900 0.34942500
vt 0.82659200 0.34257000
vt 0.84411200 0.32173500
vt 0.85251700 0.32096200
vt 0.82986400 0.32563200
vt 0.82326900 0.33597400
vt 0.81268200 0.32907900
vt 0.82032500 0.32759700
vt 0.81920900 0.30665000
vt 0.87060900 0.31006700
vt 0.86328100 0.30249400
vt 0.85331300 0.30485700
vt 0.86531900 0.27497400
vt 0.85792800 0.28034600
vt 0.83717700 0.29391200
vt 0.82860700 0.28841400
vt 0.81523900 0.28220800
vt 0.23313400 0.54565000
vt 0.22416200 0.52839300
vt 0.24352400 0.53762400
vt 0.25797600 0.54462600
vt 0.18619000 0.48340300
vt 0.20718100 0.49298800
vt 0.22315100 0.54662500
vt 0.23027100 0.50818000
vt 0.23447200 0.49315400
vt 0.24727900 0.51360100
vt 0.15117000 0.44949700
vt 0.89723800 0.23018600
vt 0.90458700 0.22468000
vt 0.91187100 0.23236600
vt 0.12799400 0.43129200
vt 0.91530800 0.22304000
vt 0.13451000 0.42749100
vt 0.14088900 0.42265200
vt 0.16179500 0.41660100
vt 0.18509500 0.43986100
vt 0.88878400 0.23614800
vt 0.88048500 0.23219500
vt 0.86909100 0.21973100
vt 0.85033000 0.27875000
vt 0.84791500 0.24809000
vt 0.84114700 0.23742900
vt 0.80738500 0.24357500
vt 0.86058800 0.21895100
vt 0.85777000 0.22483600
vt 0.08004800 0.41730900
vt 0.08428600 0.41807600
vt 0.07617200 0.41974800
vt 0.08200400 0.42017000
vt 0.08666000 0.41559900
vt 0.09251900 0.41576100
vt 0.08972700 0.41780400
vt 0.07080300 0.41881100
vt 0.06803700 0.42216800
vt 0.06401200 0.42163900
vt 0.06140100 0.42357600
vt 0.06396100 0.42360300
vt 0.05790100 0.42443700
vt 0.86079100 0.20540100
vt 0.07129400 0.42114000
vt 0.07479100 0.40591000
vt 0.06612900 0.40928700
vt 0.90225700 0.21340800
vt 0.84883900 0.22233000
vt 0.84131400 0.20810300
vt 0.83828200 0.20978100
vt 0.83526000 0.20832300
vt 0.83216200 0.21069800
vt 0.82911500 0.21114500
vt 0.82642300 0.20941900
vt 0.82363300 0.21222600
vt 0.82923400 0.21228000
vt 0.81942900 0.21138500
vt 0.82863400 0.21348400
vt 0.82206100 0.21405900
vt 0.85538800 0.20442700
vt 0.85353800 0.20654500
vt 0.84838700 0.20656400
vt 0.84645800 0.20783700
vt 0.83171900 0.19608000
vt 0.80501300 0.20109300
vt 0.83587900 0.18845700
vt 0.83327700 0.19074000
vt 0.03605500 0.40516300
vt 0.84114100 0.18683800
vt 0.83569600 0.18743100
vt 0.83114400 0.19295000
vt 0.80978700 0.19725300
vt 0.81985200 0.19408500
vt 0.82863700 0.18999400
vt 0.82099700 0.19170500
vt 0.82299000 0.19017700
vt 0.83261200 0.18844400
vt 0.82628700 0.18599500
vt 0.02805600 0.40067400
vt 0.83333400 0.18394300
vt 0.82305300 0.18760200
vt 0.20501300 0.47030100
vt 0.21589100 0.46765000
vt 0.24341200 0.49137100
vt 0.25466700 0.48998300
vt 0.25123900 0.50038700
vt 0.24392000 0.48008400
vt 0.25216900 0.48261800
vt 0.24500000 0.47561500
vt 0.22263700 0.45787200
vt 0.23101700 0.46067400
vt 0.25071400 0.47589700
vt 0.25002500 0.47182000
vt 0.23595300 0.45451200
vt 0.24883700 0.46341000
vt 0.19356800 0.42707000
vt 0.20348100 0.42827400
vt 0.21519600 0.44636400
vt 0.22337200 0.44507700
vt 0.22952200 0.44669400
vt 0.24617700 0.45087300
vt 0.25573500 0.45341600
vt 0.24598200 0.44272100
vt 0.23730000 0.44515000
vt 0.23206800 0.43358700
vt 0.21240700 0.42333500
vt 0.22284400 0.42888000
vt 0.24105700 0.42710500
vt 0.24766900 0.43644700
vt 0.24749400 0.42303000
vt 0.22778200 0.42522600
vt 0.23075200 0.41254900
vt 0.06177600 0.40609600
vt 0.06402500 0.40425200
vt 0.05173100 0.40560200
vt 0.04933900 0.40329700
vt 0.05689600 0.40260000
vt 0.05853500 0.39714200
vt 0.04989200 0.39848400
vt 0.05206600 0.39531700
vt 0.05588700 0.40147700
vt 0.04509400 0.40419200
vt 0.04256500 0.40527700
vt 0.04400900 0.39644900
vt 0.04333300 0.40070300
vt 0.03648000 0.40032000
vt 0.05949200 0.39227800
vt 0.05933300 0.38771000
vt 0.05235500 0.38876300
vt 0.04461900 0.39076800
vt 0.03549200 0.39201500
vt 0.04027000 0.38170700
vt 0.03688800 0.39604300
vt 0.03113100 0.39742200
vt 0.05855800 0.37528000
vt 0.06112300 0.37799200
vt 0.05655100 0.37913300
vt 0.05275100 0.37330500
vt 0.06308100 0.37130600
vt 0.04319400 0.37544700
vt 0.04804100 0.36905700
vt 0.05599900 0.36830200
vt 0.04941200 0.36609600
vt 0.04446000 0.35799900
vt 0.04736900 0.35921700
vt 0.04003200 0.35950700
vt 0.03270400 0.37750300
vt 0.03822400 0.38411900
vt 0.02773100 0.38147700
vt 0.02503200 0.37880800
vt 0.02234200 0.38344200
vt 0.02641300 0.37236700
vt 0.03529900 0.35894200
vt 0.03995700 0.35778900
vt 0.03891300 0.36767900
vt 0.04299500 0.36688200
vt 0.03972900 0.36677200
vt 0.04288300 0.36573400
vt 0.04008400 0.36475700
vt 0.04696500 0.36339500
vt 0.03490100 0.36873300
vt 0.03583800 0.36758300
vt 0.03464000 0.36662800
vt 0.04198700 0.35769700
vt 0.03347900 0.36479900
vt 0.02660900 0.36926700
vt 0.02474900 0.36266700
vt 0.02262700 0.36095200
vt 0.02771000 0.36030400
vt 0.02787100 0.36330300
vt 0.07150300 0.36261300
vt 0.06200900 0.36392000
vt 0.06257900 0.36278000
vt 0.05463600 0.36515400
vt 0.05176900 0.36489000
vt 0.04796200 0.36515400
vt 0.11105600 0.41009200
vt 0.10500900 0.41286600
vt 0.10626600 0.40978600
vt 0.11149500 0.40853800
vt 0.10093500 0.39839800
vt 0.11487600 0.41014300
vt 0.11880100 0.40509400
vt 0.10987800 0.39479600
vt 0.12245300 0.40665700
vt 0.12485200 0.40722100
vt 0.12828100 0.40314500
vt 0.10186400 0.39570700
vt 0.10889000 0.39362700
vt 0.11602400 0.39183400
vt 0.10386600 0.39347600
vt 0.11443700 0.39030600
vt 0.10724600 0.38971900
vt 0.10724600 0.38971900
vt 0.11015500 0.38892700
vt 0.11015500 0.38892700
vt 0.12140200 0.39441100
vt 0.11418600 0.38787000
vt 0.11418600 0.38787000
vt 0.11637100 0.38718200
vt 0.12585800 0.38903300
vt 0.11277000 0.37874800
vt 0.11384000 0.38244300
vt 0.10690600 0.38148400
vt 0.11529100 0.38612600
vt 0.12546100 0.38739800
vt 0.12081400 0.38583300
vt 0.11866200 0.38545500
vt 0.12099300 0.37769200
vt 0.14282100 0.39683200
vt 0.13654900 0.40186800
vt 0.14037700 0.38358700
vt 0.14296600 0.39973500
vt 0.14795300 0.39797200
vt 0.13814400 0.38249400
vt 0.13139800 0.38236700
vt 0.12625300 0.38474500
vt 0.13854700 0.38013100
vt 0.15071200 0.39624900
vt 0.15332100 0.39662700
vt 0.15671000 0.39285800
vt 0.16765100 0.38971300
vt 0.16390300 0.39261900
vt 0.16407200 0.38062800
vt 0.10820600 0.37488900
vt 0.11971600 0.37299900
vt 0.14454500 0.37792600
vt 0.13139700 0.37451800
vt 0.14273700 0.37189200
vt 0.13591800 0.37621900
vt 0.14306000 0.36522300
vt 0.13653400 0.36017100
vt 0.12592500 0.36320100
vt 0.12669400 0.35356400
vt 0.16020800 0.37684000
vt 0.15752700 0.37633700
vt 0.14761700 0.37740000
vt 0.14794300 0.37604000
vt 0.15222800 0.37541000
vt 0.15777600 0.37380900
vt 0.15593700 0.37304800
vt 0.14046500 0.33818500
vt 0.13554200 0.33624700
vt 0.14098000 0.33503000
vt 0.14920500 0.32889200
vt 0.14750900 0.33115300
vt 0.14483000 0.32706800
vt 0.14879100 0.32496100
vt 0.15162500 0.32493100
vt 0.15279600 0.32880200
vt 0.15140500 0.33575400
vt 0.08439300 0.40213200
vt 0.08940900 0.40193000
vt 0.09407700 0.41392000
vt 0.09732700 0.41572000
vt 0.09966900 0.41368800
vt 0.10051000 0.41573900
vt 0.09823300 0.41088800
vt 0.08716000 0.39953400
vt 0.07568500 0.40203200
vt 0.08238100 0.39982600
vt 0.07653800 0.40069400
vt 0.08872600 0.39796100
vt 0.08541700 0.39607300
vt 0.08234400 0.39672500
vt 0.08234400 0.39672500
vt 0.07800500 0.39746300
vt 0.09425600 0.39722800
vt 0.09122000 0.39444600
vt 0.08727100 0.39531400
vt 0.09506000 0.39244000
vt 0.08196800 0.39573000
vt 0.08475600 0.39484600
vt 0.06968000 0.40392000
vt 0.06341800 0.40084700
vt 0.06961800 0.39989300
vt 0.06380900 0.39976900
vt 0.07467400 0.39735600
vt 0.07467400 0.39735600
vt 0.07015000 0.39860900
vt 0.07015000 0.39860900
vt 0.07936500 0.39630700
vt 0.06491500 0.39610100
vt 0.07311800 0.39171200
vt 0.09751200 0.39259500
vt 0.09751200 0.39259500
vt 0.09842500 0.38425600
vt 0.09394400 0.38841300
vt 0.09007600 0.38514900
vt 0.10068600 0.38679100
vt 0.08736900 0.38944200
vt 0.09297400 0.38035000
vt 0.10054400 0.37717800
vt 0.10474200 0.39061000
vt 0.10474200 0.39061000
vt 0.10146400 0.39151300
vt 0.10146400 0.39151300
vt 0.10591700 0.38922700
vt 0.10677900 0.38517900
vt 0.04891800 0.40194800
vt 0.04636500 0.40321600
vt 0.04292000 0.40355800
vt 0.03656100 0.40439600
vt 0.03237300 0.40339900
vt 0.83746800 0.18612100
vt 0.02704300 0.39474900
vt 0.82521700 0.18042500
vt 0.02007600 0.39630200
vt 0.05055700 0.35547300
vt 0.04847400 0.35765300
vt 0.04814800 0.35507900
vt 0.05199800 0.35733300
vt 0.05107100 0.35230500
vt 0.04887000 0.35352300
vt 0.04585200 0.35455300
vt 0.04617000 0.35591600
vt 0.04279800 0.35555200
vt 0.04612600 0.35166900
vt 0.04748100 0.34904900
vt 0.04262400 0.35038500
vt 0.04424900 0.34782000
vt 0.04571600 0.34678000
vt 0.02783200 0.35914400
vt 0.02391800 0.35841800
vt 0.03798800 0.35642100
vt 0.03509200 0.35596700
vt 0.03967900 0.35329800
vt 0.03375500 0.35527600
vt 0.03437400 0.35365600
vt 0.03775900 0.35239400
vt 0.03462300 0.35123900
vt 0.04163000 0.35320600
vt 0.03920900 0.35032000
vt 0.04129600 0.34897500
vt 0.03965400 0.34798700
vt 0.04335900 0.34499700
vt 0.03700500 0.34831300
vt 0.03378000 0.34901300
vt 0.03824200 0.34642400
vt 0.03141300 0.35994200
vt 0.03165600 0.35741500
vt 0.03005000 0.35537400
vt 0.03242000 0.35385800
vt 0.02364200 0.35519000
vt 0.03296600 0.35192100
vt 0.02668500 0.35351300
vt 0.02790800 0.35022200
vt 0.03170300 0.34940700
vt 0.02355300 0.35233200
vt 0.02495600 0.35016000
vt 0.03688700 0.34596800
vt 0.03436600 0.34770700
vt 0.36416000 0.01704100
vt 0.03385700 0.34447600
vt 0.03358100 0.34609700
vt 0.03695300 0.34379100
vt 0.36128200 0.01718400
vt 0.04007700 0.34259900
vt 0.35837000 0.01741400
vt 0.03330500 0.34790200
vt 0.03330500 0.34790200
vt 0.03141100 0.34581900
vt 0.36673100 0.01705200
vt 0.02864200 0.34552700
vt 0.02864200 0.34552700
vt 0.02964800 0.34535100
vt 0.02722500 0.34694800
vt 0.02722500 0.34694800
vt 0.36761300 0.01892700
vt 0.02997100 0.34394800
vt 0.02707400 0.34431400
vt 0.02490300 0.34796700
vt 0.37287500 0.01673500
vt 0.37087500 0.01588200
vt 0.02640000 0.34961500
vt 0.37087500 0.01588200
vt 0.37554000 0.01706900
vt 0.02320400 0.34843300
vt 0.02108100 0.34931000
vt 0.37727200 0.01796600
vt 0.37415400 0.01797700
vt 0.37415400 0.01797700
vt 0.37415400 0.01797700
vt 0.02363900 0.34660900
vt 0.37521900 0.01909200
vt 0.37680500 0.01914500
vt 0.02600500 0.34718000
vt 0.37012500 0.01806200
vt 0.02600500 0.34718000
vt 0.37165600 0.01769300
vt 0.37165600 0.01769300
vt 0.37299500 0.01786700
vt 0.37365400 0.01972500
vt 0.37365400 0.01972500
vt 0.37512800 0.02103900
vt 0.37512800 0.02103900
vt 0.36944000 0.02086400
vt 0.37347500 0.02236400
vt 0.36655300 0.02017000
vt 0.36528400 0.02206900
vt 0.36668900 0.02356700
vt 0.36236800 0.02292500
vt 0.37132800 0.02457900
vt 0.36716300 0.02657900
vt 0.36975600 0.02640700
vt 0.36402200 0.02731400
vt 0.36728700 0.03017400
vt 0.09259500 0.36362200
vt 0.08799800 0.35946100
vt 0.09739600 0.35823800
vt 0.09860400 0.36835300
vt 0.10390300 0.35797600
vt 0.09696300 0.35525500
vt 0.07660200 0.34847900
vt 0.07326000 0.35019400
vt 0.07203200 0.34718900
vt 0.32666400 0.01199800
vt 0.07594400 0.34293100
vt 0.07237900 0.34478100
vt 0.06927600 0.35072900
vt 0.06746900 0.34674900
vt 0.06678900 0.34839200
vt 0.06513900 0.34667700
vt 0.06844100 0.34321700
vt 0.33330200 0.01211100
vt 0.06550300 0.34518600
vt 0.07226300 0.34214500
vt 0.32993100 0.01347700
vt 0.33024400 0.01877400
vt 0.32737300 0.01616400
vt 0.33384000 0.01674300
vt 0.11406800 0.36989700
vt 0.09524400 0.34365600
vt 0.09947200 0.33990900
vt 0.10121400 0.34610700
vt 0.10550800 0.34034200
vt 0.10253500 0.34179600
vt 0.10274200 0.33988600
vt 0.09899500 0.33784000
vt 0.09669700 0.33827700
vt 0.10065000 0.33642000
vt 0.10680500 0.33728600
vt 0.10255700 0.33705000
vt 0.10111900 0.33451200
vt 0.10301300 0.33546900
vt 0.10349500 0.33224600
vt 0.10596400 0.33298400
vt 0.32191800 0.01517400
vt 0.32191300 0.01372500
vt 0.08088900 0.34061200
vt 0.32302300 0.01485800
vt 0.32448100 0.01551900
vt 0.09178000 0.34327600
vt 0.09127100 0.34628500
vt 0.32062700 0.01602500
vt 0.08340600 0.34043300
vt 0.32062700 0.01602500
vt 0.08115200 0.34299400
vt 0.08364200 0.34380000
vt 0.08726200 0.34160200
vt 0.08509900 0.33915700
vt 0.32006400 0.01750300
vt 0.09407900 0.34094500
vt 0.09212900 0.33867300
vt 0.09525700 0.33686600
vt 0.09315300 0.33547900
vt 0.09038700 0.33622700
vt 0.32055300 0.02412500
vt 0.08919500 0.33194500
vt 0.09206900 0.33329300
vt 0.07906500 0.34341500
vt 0.32524400 0.01746100
vt 0.32374400 0.01674500
vt 0.32624700 0.02065700
vt 0.32937200 0.02187100
vt 0.33339600 0.02052700
vt 0.09747200 0.33500200
vt 0.09430000 0.33281000
vt 0.09896700 0.33122900
vt 0.09323100 0.33231300
vt 0.09389500 0.32904400
vt 0.09626200 0.33019500
vt 0.10170400 0.32976300
vt 0.10037200 0.32609000
vt 0.32136100 0.02961600
vt 0.09185000 0.32619800
vt 0.09460600 0.32448000
vt 0.31963600 0.03189600
vt 0.09726500 0.32463800
vt 0.09627900 0.32285500
vt 0.31736400 0.03285800
vt 0.31905800 0.03291700
vt 0.10342800 0.35347500
vt 0.10342800 0.35347500
vt 0.10342800 0.35347500
vt 0.11203100 0.35513300
vt 0.11166500 0.35055900
vt 0.10542500 0.35137000
vt 0.10842400 0.35130400
vt 0.11617700 0.35749000
vt 0.11694000 0.35037900
vt 0.11097900 0.34212500
vt 0.11097900 0.34212500
vt 0.10952000 0.34049300
vt 0.11202700 0.33850200
vt 0.11202700 0.33850200
vt 0.11099000 0.34323700
vt 0.11099000 0.34323700
vt 0.11467900 0.34835700
vt 0.11238500 0.34701700
vt 0.11480700 0.34336000
vt 0.10589100 0.34235000
vt 0.10548400 0.34519100
vt 0.11867400 0.34725000
vt 0.11867400 0.34725000
vt 0.12135800 0.34676100
vt 0.11761100 0.34655600
vt 0.05678000 0.35593700
vt 0.05788600 0.35136800
vt 0.06323700 0.35079200
vt 0.06278300 0.34830000
vt 0.06090200 0.35040100
vt 0.05970800 0.34831300
vt 0.05685300 0.34845600
vt 0.05477600 0.34727300
vt 0.05217200 0.34708200
vt 0.06150900 0.34730700
vt 0.06352500 0.34602700
vt 0.33769000 0.01112000
vt 0.06283900 0.34402700
vt 0.05943000 0.34382600
vt 0.34049300 0.01169900
vt 0.05724900 0.34502500
vt 0.34225500 0.01423400
vt 0.05700200 0.34145400
vt 0.34225500 0.01423400
vt 0.34345400 0.01686500
vt 0.34345400 0.01686500
vt 0.34226700 0.01783400
vt 0.34339800 0.01627200
vt 0.05633600 0.33898000
vt 0.34339800 0.01627200
vt 0.33705600 0.01292200
vt 0.33588100 0.01612900
vt 0.33723000 0.01560700
vt 0.34083200 0.01576900
vt 0.33865900 0.01755300
vt 0.04813300 0.34612900
vt 0.05332200 0.34521700
vt 0.05151400 0.34363800
vt 0.04845300 0.34461300
vt 0.04824400 0.34246400
vt 0.04611900 0.34423100
vt 0.05005400 0.34167200
vt 0.05005400 0.34167200
vt 0.34483300 0.01630200
vt 0.05529500 0.34009500
vt 0.05320800 0.34095900
vt 0.05072200 0.33974800
vt 0.34616600 0.01884900
vt 0.05265500 0.33798100
vt 0.34367600 0.01826100
vt 0.04539300 0.33934400
vt 0.35279900 0.01928100
vt 0.04790000 0.33833100
vt 0.35035400 0.01973700
vt 0.04301800 0.34010400
vt 0.35510000 0.01908500
vt 0.35765400 0.02063500
vt 0.35433600 0.02207800
vt 0.35770600 0.02443000
vt 0.33658500 0.01931800
vt 0.33287200 0.01783500
vt 0.34036900 0.02142000
vt 0.34212100 0.02083800
vt 0.33695700 0.02587500
vt 0.33537300 0.02359300
vt 0.33267600 0.02376300
vt 0.33985300 0.02520700
vt 0.34601700 0.02123400
vt 0.34878200 0.02245900
vt 0.35131300 0.02723500
vt 0.34407300 0.02340700
vt 0.34868400 0.02531000
vt 0.34748500 0.02772100
vt 0.33621300 0.02970200
vt 0.32608800 0.02668500
vt 0.35375200 0.02521000
vt 0.35586400 0.03106400
vt 0.35538800 0.04231800
vt 0.35469200 0.03974900
vt 0.35735800 0.03797600
vt 0.36486800 0.04138600
vt 0.36001700 0.04308900
vt 0.10439800 0.32554000
vt 0.10475200 0.32273200
vt 0.31203000 0.03805300
vt 0.10067000 0.32222700
vt 0.31551800 0.03689700
vt 0.31566100 0.03954000
vt 0.31437600 0.04264400
vt 0.31645400 0.03514900
vt 0.09858500 0.32318800
vt 0.31801600 0.03389300
vt 0.31892200 0.03639900
vt 0.11502700 0.33876200
vt 0.11656000 0.34217300
vt 0.11881100 0.33933900
vt 0.11699200 0.33432200
vt 0.12121000 0.33624400
vt 0.12024600 0.33477100
vt 0.12113900 0.33243600
vt 0.10971200 0.33514100
vt 0.11325200 0.33425000
vt 0.11008500 0.33237200
vt 0.11198100 0.32581700
vt 0.11542800 0.33112300
vt 0.11508300 0.32760200
vt 0.12441200 0.33400700
vt 0.12313400 0.33745700
vt 0.12398400 0.32961600
vt 0.12736000 0.33645100
vt 0.13023600 0.33418500
vt 0.12760500 0.32699400
vt 0.12991300 0.32850700
vt 0.12846600 0.33274800
vt 0.13163300 0.33102800
vt 0.11847100 0.32905100
vt 0.11723000 0.32622900
vt 0.12091800 0.32601200
vt 0.12225400 0.32768800
vt 0.11546300 0.32377000
vt 0.12010100 0.32247500
vt 0.12150200 0.33041200
vt 0.12293900 0.32530800
vt 0.12293400 0.32221200
vt 0.11984000 0.31899400
vt 0.13218500 0.33609100
vt 0.30710900 0.04356400
vt 0.11233500 0.31965800
vt 0.12769100 0.32361000
vt 0.14176100 0.32109600
vt 0.13740700 0.32278300
vt 0.13512600 0.32080500
vt 0.14226700 0.31843800
vt 0.14200700 0.32733100
vt 0.14681200 0.32448200
vt 0.14615700 0.32220100
vt 0.14304700 0.32264200
vt 0.15040800 0.32265800
vt 0.14840800 0.32018500
vt 0.14575000 0.31910000
vt 0.14538400 0.31639200
vt 0.13569600 0.31745600
vt 0.14103000 0.31683300
vt 0.13385900 0.31325100
vt 0.14087800 0.31361500
vt 0.33960500 0.04670400
vt 0.33971200 0.04432200
vt 0.34303700 0.04702800
vt 0.33589700 0.04699100
vt 0.33885800 0.04918000
vt 0.33678600 0.05147400
vt 0.34093300 0.05083300
vt 0.34591700 0.04776100
vt 0.34385200 0.05343600
vt 0.34844000 0.05098600
vt 0.35011200 0.04632100
vt 0.35626800 0.04393800
vt 0.35083300 0.05688200
vt 0.34968000 0.05595200
vt 0.35145000 0.05452600
vt 0.35323700 0.05672600
vt 0.34769000 0.05541900
vt 0.34532300 0.05472900
vt 0.34680600 0.05812700
vt 0.34369400 0.05778100
vt 0.34646700 0.06056000
vt 0.34951600 0.05375600
vt 0.34918200 0.05706700
vt 0.34910300 0.05874800
vt 0.35911900 0.05496300
vt 0.35687300 0.05676100
vt 0.35637000 0.05353100
vt 0.35988100 0.05247800
vt 0.35427000 0.06159700
vt 0.32116700 0.06500700
vt 0.32146800 0.05976800
vt 0.32377200 0.06151500
vt 0.31704200 0.06279100
vt 0.32711800 0.06292300
vt 0.32257300 0.06799000
vt 0.32039300 0.06971500
vt 0.32585800 0.06654400
vt 0.32989700 0.06456400
vt 0.32587100 0.06842200
vt 0.32951400 0.06798300
vt 0.32867300 0.07033200
vt 0.33204700 0.07151700
vt 0.33689900 0.06622900
vt 0.33620100 0.06850900
vt 0.33435700 0.06947700
vt 0.33817400 0.06782400
vt 0.33554800 0.07200100
vt 0.33832700 0.07049000
vt 0.32574300 0.07265500
vt 0.32949700 0.07417500
vt 0.33316600 0.07434400
vt 0.33663000 0.07396100
vt 0.33139200 0.07505200
vt 0.33079400 0.07829400
vt 0.33815300 0.07707100
vt 0.34144300 0.05917400
vt 0.34456100 0.06348900
vt 0.34260900 0.06408100
vt 0.35052300 0.06343600
vt 0.34714300 0.06444900
vt 0.34484500 0.06689900
vt 0.34890200 0.06773600
vt 0.34529200 0.06855900
vt 0.34206200 0.06698900
vt 0.34340700 0.06901700
vt 0.35920700 0.06299300
vt 0.35966600 0.06716300
vt 0.35614500 0.06403700
vt 0.35507000 0.06600700
vt 0.35368600 0.06394300
vt 0.35358000 0.06613000
vt 0.35105100 0.06802500
vt 0.35425000 0.07183800
vt 0.35031000 0.07149100
vt 0.34527900 0.07207700
vt 0.34684500 0.07577900
vt 0.34315100 0.07279600
vt 0.34265100 0.07776900
vt 0.34855200 0.07409400
vt 0.34948500 0.07976800
vt 0.35178200 0.07637100
vt 0.35450600 0.07896400
vt 0.35662200 0.07811000
vt 0.35180700 0.08184800
vt 0.35555700 0.08204000
vt 0.33765000 0.06135700
vt 0.33996600 0.06649600
vt 0.34146600 0.06928600
vt 0.34069000 0.07314500
vt 0.33835800 0.07256100
vt 0.17804200 0.41000600
vt 0.18486000 0.40530600
vt 0.19279500 0.40332600
vt 0.17200100 0.38762200
vt 0.17244500 0.39053900
vt 0.18382600 0.38434100
vt 0.18061100 0.38741900
vt 0.17853500 0.38602300
vt 0.17621000 0.38774700
vt 0.17256700 0.37507400
vt 0.18323000 0.37860200
vt 0.21931300 0.40882300
vt 0.22238200 0.40282900
vt 0.23670000 0.40910600
vt 0.23164000 0.40376300
vt 0.24773900 0.40752200
vt 0.25978200 0.43432500
vt 0.22448200 0.39181900
vt 0.24093100 0.39950100
vt 0.23114200 0.39185200
vt 0.24714000 0.38659200
vt 0.25310700 0.40234100
vt 0.20767200 0.39633700
vt 0.21635300 0.39377000
vt 0.23921600 0.38688600
vt 0.17041000 0.37335200
vt 0.16820400 0.37038700
vt 0.17158200 0.37174400
vt 0.18191200 0.37226900
vt 0.17756500 0.37138700
vt 0.17524700 0.36850800
vt 0.17245300 0.36815500
vt 0.17972200 0.36806000
vt 0.16127200 0.37188200
vt 0.19108700 0.38299800
vt 0.18917400 0.37201800
vt 0.19801300 0.37866300
vt 0.20001000 0.38252400
vt 0.20511400 0.37941900
vt 0.18430500 0.36733500
vt 0.18938600 0.36808900
vt 0.19742600 0.36778800
vt 0.15640900 0.32525100
vt 0.15435600 0.32178800
vt 0.15865300 0.32162400
vt 0.18738700 0.35979300
vt 0.18232500 0.36033100
vt 0.18715600 0.35847900
vt 0.18136500 0.35881500
vt 0.18482500 0.35591800
vt 0.18968300 0.35658900
vt 0.18710000 0.35368500
vt 0.18890000 0.35345900
vt 0.18019500 0.35715000
vt 0.18733800 0.34810800
vt 0.18988700 0.34974000
vt 0.18576200 0.35111500
vt 0.19316600 0.34561200
vt 0.18261500 0.34275200
vt 0.17464600 0.34418900
vt 0.18013400 0.34986600
vt 0.17450700 0.33784500
vt 0.18896400 0.34002900
vt 0.20270600 0.36711600
vt 0.21278600 0.37679600
vt 0.20634500 0.36484500
vt 0.21319600 0.36386100
vt 0.22009600 0.37398900
vt 0.21945900 0.36203300
vt 0.23501400 0.36603100
vt 0.23244900 0.37203900
vt 0.22849800 0.37180700
vt 0.22609100 0.35895200
vt 0.23825100 0.35841800
vt 0.24088900 0.36912200
vt 0.23186200 0.35615400
vt 0.24311700 0.35740500
vt 0.14900500 0.31767100
vt 0.15108000 0.31938800
vt 0.14700800 0.31664500
vt 0.15081000 0.31479900
vt 0.15091800 0.31740400
vt 0.15426200 0.31712600
vt 0.15638200 0.31813200
vt 0.15614900 0.31507000
vt 0.14626400 0.31312200
vt 0.16847400 0.30733900
vt 0.16847400 0.30733900
vt 0.16818200 0.30863500
vt 0.16818200 0.30863500
vt 0.16469400 0.30915500
vt 0.28102500 0.10110700
vt 0.17764200 0.29411800
vt 0.28258100 0.10132800
vt 0.18020100 0.29239800
vt 0.28111700 0.10396800
vt 0.28111700 0.10396800
vt 0.28608800 0.10356700
vt 0.28358200 0.10674100
vt 0.32538700 0.07593700
vt 0.34402800 0.08048100
vt 0.34748800 0.08203700
vt 0.33810000 0.08044000
vt 0.34129200 0.07984800
vt 0.33542200 0.08191800
vt 0.34323800 0.08277000
vt 0.34269200 0.09648900
vt 0.33957300 0.09277600
vt 0.34500400 0.09424300
vt 0.34770200 0.09767800
vt 0.34409800 0.09986800
vt 0.34889000 0.10100700
vt 0.34000500 0.10214200
vt 0.33772000 0.09649500
vt 0.34323800 0.10465400
vt 0.28051300 0.10458900
vt 0.28051300 0.10458900
vt 0.28149600 0.10643500
vt 0.28173100 0.10882800
vt 0.28009100 0.10771900
vt 0.27858800 0.10900900
vt 0.27858800 0.10900900
vt 0.27858800 0.10900900
vt 0.27858800 0.10900900
vt 0.28056200 0.10939300
vt 0.28556600 0.11104700
vt 0.28851700 0.10743000
vt 0.28318600 0.11270700
vt 0.28167500 0.11297500
vt 0.28167500 0.11297500
vt 0.28463300 0.11507500
vt 0.28463300 0.11507500
vt 0.28739800 0.11374900
vt 0.29242500 0.11981900
vt 0.28957800 0.11742200
vt 0.28704700 0.11736000
vt 0.29113500 0.12043900
vt 0.28950800 0.12016300
vt 0.28913600 0.12307400
vt 0.29050200 0.12658500
vt 0.24145100 0.29289100
vt 0.29023400 0.12960800
vt 0.28979200 0.12760600
vt 0.29274800 0.13018900
vt 0.29531500 0.12522000
vt 0.29576600 0.12841600
vt 0.24680100 0.29131000
vt 0.29448400 0.13273300
vt 0.24397600 0.29472900
vt 0.24898200 0.29598300
vt 0.30104500 0.12497300
vt 0.30472900 0.12355900
vt 0.30235100 0.12813200
vt 0.30381800 0.13209200
vt 0.30522400 0.12818900
vt 0.30611900 0.13014900
vt 0.30201600 0.13107700
vt 0.25317300 0.28574100
vt 0.30238400 0.13492400
vt 0.30002300 0.13111500
vt 0.29949500 0.12818700
vt 0.29761600 0.13358200
vt 0.24938900 0.28906600
vt 0.25223700 0.28705200
vt 0.30078900 0.13475500
vt 0.25525200 0.28367700
vt 0.30527700 0.13557400
vt 0.25118000 0.29310700
vt 0.25197900 0.29038400
vt 0.25510600 0.28844800
vt 0.25457700 0.29085500
vt 0.25420800 0.29321900
vt 0.30897700 0.13165700
vt 0.30778700 0.13324500
vt 0.31081500 0.13481300
vt 0.30967300 0.13675700
vt 0.31558100 0.13276900
vt 0.31271400 0.13832800
vt 0.30878000 0.13822600
vt 0.30762500 0.14021100
vt 0.26050000 0.28390000
vt 0.30996500 0.14037200
vt 0.31156900 0.14232500
vt 0.26475800 0.28134900
vt 0.26221400 0.28482400
vt 0.25987200 0.28521700
vt 0.26221200 0.28385100
vt 0.26221200 0.28385100
vt 0.25956500 0.28703300
vt 0.26172900 0.28253800
vt 0.30782800 0.14225200
vt 0.26172900 0.28253800
vt 0.30959900 0.14200000
vt 0.26303500 0.28150500
vt 0.26386300 0.28251000
vt 0.26386300 0.28251000
vt 0.25580200 0.30167800
vt 0.25933200 0.29477100
vt 0.26160200 0.28869400
vt 0.26422100 0.29423900
vt 0.26084200 0.30016100
vt 0.26486700 0.28359000
vt 0.26486700 0.28359000
vt 0.26681800 0.28542800
vt 0.26234500 0.28307200
vt 0.26234500 0.28307200
vt 0.26234500 0.28307200
vt 0.26797600 0.28906500
vt 0.27471000 0.27562100
vt 0.32181500 0.14729000
vt 0.32785600 0.14850600
vt 0.28096200 0.27495900
vt 0.32657000 0.15113700
vt 0.32801200 0.14412200
vt 0.28410500 0.27290100
vt 0.32988800 0.15260000
vt 0.28091700 0.27922100
vt 0.28313600 0.27660200
vt 0.28501900 0.27360500
vt 0.28697700 0.27719400
vt 0.28469100 0.27956300
vt 0.31580500 0.13986800
vt 0.31573400 0.14291200
vt 0.26780800 0.27851100
vt 0.26934300 0.28102700
vt 0.27113000 0.27798800
vt 0.31803300 0.14539100
vt 0.27070700 0.28302300
vt 0.27424000 0.28127400
vt 0.27254700 0.28410400
vt 0.27691900 0.28731100
vt 0.27799100 0.28096000
vt 0.27644300 0.27796000
vt 0.28578900 0.28098700
vt 0.28275200 0.27817100
vt 0.15345700 0.33783200
vt 0.15588400 0.34451300
vt 0.14949900 0.34248200
vt 0.16171100 0.33884000
vt 0.14986200 0.33753300
vt 0.14771600 0.33714200
vt 0.15515500 0.33555700
vt 0.14696300 0.33375100
vt 0.15675500 0.33345300
vt 0.16658400 0.34145100
vt 0.16140000 0.34313400
vt 0.15721600 0.32792400
vt 0.16339900 0.32423200
vt 0.15979500 0.33388700
vt 0.16412800 0.33405600
vt 0.16254100 0.33071500
vt 0.16739900 0.33186600
vt 0.16454400 0.33180000
vt 0.17317800 0.33358500
vt 0.16737300 0.33434500
vt 0.16256400 0.32192900
vt 0.16628800 0.32222200
vt 0.16621000 0.31911000
vt 0.16023100 0.31729500
vt 0.16742300 0.31688600
vt 0.16501600 0.31403000
vt 0.17019100 0.31803700
vt 0.17005900 0.32956900
vt 0.17134400 0.31627800
vt 0.17072900 0.31496800
vt 0.17096300 0.32061700
vt 0.17491500 0.31882900
vt 0.17444300 0.31498600
vt 0.17770400 0.31740400
vt 0.17736900 0.31341500
vt 0.17829500 0.32223200
vt 0.18203600 0.31806900
vt 0.18216900 0.31441800
vt 0.18193100 0.31282300
vt 0.18456100 0.31345600
vt 0.18629000 0.31086500
vt 0.18787800 0.31266900
vt 0.18429700 0.31607700
vt 0.18696700 0.31462900
vt 0.19069500 0.31568500
vt 0.18229400 0.32404700
vt 0.19185600 0.32195500
vt 0.18149300 0.32600600
vt 0.19058700 0.32005000
vt 0.18402800 0.32171700
vt 0.18647800 0.32116100
vt 0.17328100 0.31233200
vt 0.16827500 0.31085800
vt 0.16827500 0.31085800
vt 0.17216100 0.31016900
vt 0.17549400 0.31023700
vt 0.17368800 0.30799500
vt 0.17334700 0.30601200
vt 0.17087400 0.30433500
vt 0.17730000 0.30884400
vt 0.18111700 0.30952000
vt 0.17545900 0.30544000
vt 0.17616600 0.30687100
vt 0.17374400 0.30441100
vt 0.17812800 0.30473300
vt 0.17997800 0.30606100
vt 0.18343600 0.30570800
vt 0.18988400 0.30784100
vt 0.18111800 0.30399500
vt 0.17919400 0.30087800
vt 0.18231300 0.30273300
vt 0.18315700 0.29775800
vt 0.17785300 0.29820500
vt 0.18282800 0.30134700
vt 0.17438500 0.29777800
vt 0.17561100 0.29574000
vt 0.17561100 0.29574000
vt 0.17561100 0.29574000
vt 0.17984600 0.29566600
vt 0.28154900 0.09910100
vt 0.00969900 0.86801700
vt 0.17501400 0.29467000
vt 0.17501400 0.29467000
vt 0.28162700 0.09885800
vt 0.17485700 0.29488600
vt 0.17485700 0.29488600
vt 0.28162700 0.09885800
vt 0.28192700 0.09993900
vt 0.17603600 0.29425300
vt 0.28192700 0.09993900
vt 0.28192700 0.09993900
vt 0.00918100 0.86820800
vt 0.28169900 0.09963000
vt 0.17565600 0.29445800
vt 0.17482800 0.29406700
vt 0.17482800 0.29406700
vt 0.17445600 0.29428400
vt 0.00914100 0.86763000
vt 0.17445600 0.29428400
vt 0.17525800 0.29400500
vt 0.17525800 0.29400500
vt 0.17460800 0.29346700
vt 0.17460800 0.29346700
vt 0.17460800 0.29346700
vt 0.17523000 0.29336200
vt 0.17384800 0.29459900
vt 0.17394600 0.29350900
vt 0.17376400 0.29404000
vt 0.17376400 0.29404000
vt 0.17376400 0.29404000
vt 0.18649400 0.30435400
vt 0.18964000 0.29977100
vt 0.19006300 0.30995900
vt 0.19102800 0.30467300
vt 0.19422100 0.30737800
vt 0.19780700 0.30326600
vt 0.21609800 0.31090100
vt 0.21551100 0.30692300
vt 0.19418900 0.30084100
vt 0.18739900 0.29723600
vt 0.27846400 0.10497300
vt 0.18313900 0.29359900
vt 0.27846400 0.10497300
vt 0.28024200 0.10625800
vt 0.28024200 0.10625800
vt 0.27895900 0.10684800
vt 0.27657400 0.11026600
vt 0.27652100 0.11075800
vt 0.21620700 0.29442100
vt 0.27867100 0.10656300
vt 0.18434900 0.29214000
vt 0.27867100 0.10656300
vt 0.27885900 0.10780200
vt 0.27885900 0.10780200
vt 0.27718200 0.10946100
vt 0.27832700 0.10770800
vt 0.21722000 0.29549500
vt 0.18588700 0.29223700
vt 0.27854400 0.11279100
vt 0.21891600 0.29452800
vt 0.18471100 0.29452300
vt 0.18935500 0.29341200
vt 0.21841000 0.29884600
vt 0.27869300 0.11044500
vt 0.27869300 0.11044500
vt 0.27853200 0.11199600
vt 0.18780000 0.29245000
vt 0.21823100 0.29705500
vt 0.21876100 0.30858700
vt 0.21522600 0.31659400
vt 0.20116600 0.30830800
vt 0.22020900 0.31016500
vt 0.22232000 0.30400900
vt 0.22343000 0.30178300
vt 0.22211000 0.29885000
vt 0.22605900 0.29863900
vt 0.22801800 0.30617000
vt 0.22918800 0.30440600
vt 0.22838500 0.30124400
vt 0.22354700 0.30746500
vt 0.22325600 0.30643600
vt 0.21967200 0.31231100
vt 0.22509900 0.31066100
vt 0.22642500 0.30696500
vt 0.28071200 0.11281400
vt 0.28071200 0.11281400
vt 0.21993200 0.29385800
vt 0.27990700 0.11342100
vt 0.28159000 0.11464200
vt 0.22060200 0.29469400
vt 0.22121400 0.29258200
vt 0.28078400 0.11525000
vt 0.22242200 0.29261800
vt 0.22263500 0.29213600
vt 0.28216700 0.11584000
vt 0.22319500 0.29472500
vt 0.22358800 0.29698900
vt 0.22520200 0.29525100
vt 0.22097000 0.29636700
vt 0.28435600 0.11666300
vt 0.22545500 0.29184100
vt 0.22575400 0.29364100
vt 0.23218200 0.29779000
vt 0.22812700 0.29326600
vt 0.23001800 0.29251100
vt 0.28636900 0.11964700
vt 0.23247600 0.29505800
vt 0.23650600 0.30190100
vt 0.23273500 0.29145700
vt 0.28795400 0.12167000
vt 0.23447500 0.29237600
vt 0.28724300 0.12353600
vt 0.23664600 0.29255600
vt 0.28798200 0.12550500
vt 0.23478900 0.29657800
vt 0.28918300 0.12635700
vt 0.28918300 0.12635700
vt 0.22802400 0.30893800
vt 0.23190100 0.31010200
vt 0.22945500 0.31088100
vt 0.23479500 0.30839500
vt 0.22524700 0.31404900
vt 0.22857300 0.31615100
vt 0.22482500 0.31695600
vt 0.22931500 0.31733000
vt 0.23189300 0.31840700
vt 0.22545500 0.31823000
vt 0.23181100 0.31616800
vt 0.23365500 0.31422500
vt 0.23635100 0.31613400
vt 0.23766400 0.31461900
vt 0.23246000 0.30532700
vt 0.24188800 0.30028000
vt 0.23669200 0.30495200
vt 0.23942100 0.29821100
vt 0.23999700 0.30461000
vt 0.24549800 0.30530900
vt 0.24062300 0.30628700
vt 0.23816400 0.30915300
vt 0.23890500 0.29296000
vt 0.28778000 0.12738300
vt 0.23744400 0.29434400
vt 0.23943200 0.29487700
vt 0.24055800 0.29425900
vt 0.28870700 0.12990500
vt 0.23779500 0.29625400
vt 0.24140700 0.29529600
vt 0.24320900 0.29653800
vt 0.24026400 0.29259800
vt 0.28840600 0.12843900
vt 0.28840600 0.12843900
vt 0.28927900 0.12983900
vt 0.24070800 0.29370200
vt 0.28927900 0.12983900
vt 0.24713000 0.29914300
vt 0.23885500 0.31307100
vt 0.24286400 0.30799300
vt 0.24694400 0.30772900
vt 0.24540300 0.31070700
vt 0.24587100 0.30305800
vt 0.24742300 0.30266500
vt 0.24984600 0.30072500
vt 0.24784000 0.30369000
vt 0.24799100 0.30566600
vt 0.25230100 0.30344600
vt 0.25415200 0.30641500
vt 0.24956200 0.31091400
vt 0.25364800 0.30954400
vt 0.25009800 0.31231300
vt 0.25253200 0.51261200
vt 0.91488700 0.21205400
vt 0.12521600 0.42091900
vt 0.09485100 0.41692400
vt 0.09193500 0.41979800
vt 0.08824200 0.42092600
vt 0.07965400 0.42234300
vt 0.08691600 0.42491900
vt 0.08727100 0.43039200
vt 0.88372100 0.21321600
vt 0.09147800 0.42847700
vt 0.88751300 0.21211800
vt 0.88440800 0.21645800
vt 0.06841700 0.42312800
vt 0.07119800 0.42292900
vt 0.06722900 0.42451500
vt 0.06451100 0.42545900
vt 0.05851400 0.42587200
vt 0.86086900 0.20680200
vt 0.86007100 0.20851400
vt 0.05828100 0.42771100
vt 0.06646300 0.42686000
vt 0.06520100 0.43149300
vt 0.86336500 0.21221700
vt 0.06291600 0.43226300
vt 0.87642300 0.21769600
vt 0.07510400 0.42147700
vt 0.07022300 0.42537100
vt 0.07301500 0.42952700
vt 0.06984000 0.42900300
vt 0.07098100 0.43062900
vt 0.06756100 0.43182800
vt 0.06666100 0.43268100
vt 0.06812700 0.43334900
vt 0.86762500 0.21293900
vt 0.87940300 0.21348700
vt 0.08235900 0.43134300
vt 0.07731700 0.42645300
vt 0.08008600 0.42904300
vt 0.08193200 0.42984700
vt 0.07556100 0.43005200
vt 0.87279200 0.21579100
vt 0.07467100 0.43232600
vt 0.07294700 0.43149600
vt 0.07136800 0.43274000
vt 0.86940700 0.21546500
vt 0.86910900 0.21761600
vt 0.86561700 0.21498400
vt 0.86599800 0.21338100
vt 0.06608400 0.43411800
vt 0.89082700 0.21457700
vt 0.89487200 0.21486100
vt 0.84903200 0.20855800
vt 0.84072000 0.21133800
vt 0.84164800 0.22500200
vt 0.83577100 0.21156800
vt 0.83631600 0.21355200
vt 0.82925200 0.22709500
vt 0.82568500 0.21636300
vt 0.82813600 0.22006600
vt 0.82105700 0.22180200
vt 0.82955700 0.22411800
vt 0.82447200 0.22426800
vt 0.85415300 0.20762000
vt 0.85227300 0.20950700
vt 0.84478800 0.21190300
vt 0.84918000 0.21682800
vt 0.85136600 0.21969800
vt 0.85627300 0.21730200
vt 0.85691700 0.21600300
vt 0.84875300 0.21828100
vt 0.84433600 0.21999800
vt 0.84108600 0.21901900
vt 0.84226200 0.21711700
vt 0.86127600 0.21482700
vt 0.83518200 0.22018700
vt 0.83716700 0.21930100
vt 0.83909800 0.22063000
vt 0.83658000 0.22202800
vt 0.83333900 0.22131300
vt 0.83247000 0.22245100
vt 0.82849400 0.22261900
vt 0.82402600 0.22270500
vt 0.06842300 0.37562000
vt 0.02869400 0.38938600
vt 0.02695000 0.38605800
vt 0.82291200 0.17505100
vt 0.01820600 0.39052700
vt 0.05367500 0.35939800
vt 0.02853600 0.36780300
vt 0.02680800 0.36639200
vt 0.06773700 0.35952900
vt 0.06880400 0.36135000
vt 0.06557100 0.36058700
vt 0.05774700 0.36502300
vt 0.05661700 0.36374500
vt 0.05252500 0.36350600
vt 0.05778800 0.36241700
vt 0.06003800 0.36363200
vt 0.06069800 0.36253600
vt 0.06247300 0.36139600
vt 0.06349700 0.35800000
vt 0.10510400 0.41481900
vt 0.10828600 0.41325800
vt 0.11152000 0.41216000
vt 0.11850800 0.41191100
vt 0.10929500 0.41543800
vt 0.11277100 0.41380400
vt 0.11356100 0.41641900
vt 0.11279900 0.41861300
vt 0.11769600 0.41006800
vt 0.11692000 0.41635800
vt 0.12111100 0.41594500
vt 0.11364200 0.42129900
vt 0.91090400 0.20601400
vt 0.11735300 0.41786500
vt 0.91172300 0.20825500
vt 0.12047800 0.41860800
vt 0.12361700 0.41653500
vt 0.12333800 0.41904000
vt 0.91378200 0.20981900
vt 0.11191500 0.38868400
vt 0.11191500 0.38868400
vt 0.11149300 0.38773400
vt 0.12312000 0.38411800
vt 0.12445400 0.38026600
vt 0.13224700 0.41635300
vt 0.13930100 0.41317300
vt 0.13236600 0.40486900
vt 0.13360300 0.40705600
vt 0.13373400 0.41151600
vt 0.13087300 0.40395200
vt 0.14199400 0.40145500
vt 0.13664400 0.41033100
vt 0.12548900 0.41507800
vt 0.12860700 0.41556000
vt 0.12983800 0.41378100
vt 0.12844200 0.41188700
vt 0.13574900 0.41226200
vt 0.14358100 0.40292100
vt 0.14304700 0.40631300
vt 0.15615200 0.40732400
vt 0.13993200 0.41041900
vt 0.13890000 0.40907700
vt 0.14535700 0.40942400
vt 0.14410600 0.40837200
vt 0.14793100 0.40605700
vt 0.12663500 0.38315000
vt 0.13463600 0.38025600
vt 0.14939700 0.39918200
vt 0.15705200 0.39744300
vt 0.15835200 0.39496100
vt 0.16515200 0.39383500
vt 0.16826600 0.39512500
vt 0.15018100 0.40385100
vt 0.14629500 0.40748100
vt 0.14992500 0.40744200
vt 0.15570600 0.40645100
vt 0.15259900 0.40571200
vt 0.15505900 0.40325400
vt 0.15748300 0.40460900
vt 0.16067400 0.40153700
vt 0.15800700 0.40328800
vt 0.16094600 0.40295700
vt 0.16500400 0.40063100
vt 0.12056500 0.36748500
vt 0.11855200 0.36374800
vt 0.11985800 0.36016600
vt 0.12704700 0.36782400
vt 0.14206700 0.37771600
vt 0.14530500 0.37315300
vt 0.16035100 0.36815400
vt 0.15531800 0.36684000
vt 0.15707400 0.36114900
vt 0.15062300 0.35462700
vt 0.13016200 0.34975800
vt 0.12486600 0.34663900
vt 0.13575100 0.35544700
vt 0.14247400 0.35603900
vt 0.13667700 0.34970100
vt 0.13146300 0.34401500
vt 0.12960100 0.34385100
vt 0.13626200 0.34248700
vt 0.13190700 0.34237100
vt 0.13444100 0.34203900
vt 0.13411000 0.33998000
vt 0.13649600 0.34011800
vt 0.14189200 0.34092400
vt 0.13817200 0.34050700
vt 0.14251100 0.34856100
vt 0.14824300 0.34721200
vt 0.15939500 0.35399300
vt 0.15859500 0.34961400
vt 0.13955900 0.33197600
vt 0.14292400 0.33935200
vt 0.14292400 0.33935200
vt 0.14717800 0.33939400
vt 0.14707000 0.33629600
vt 0.09705600 0.41805500
vt 0.09620900 0.42199300
vt 0.09126000 0.42702300
vt 0.08917200 0.42676500
vt 0.09238500 0.42557500
vt 0.08717900 0.42808000
vt 0.08282300 0.39273200
vt 0.08475800 0.42739400
vt 0.07274100 0.39408500
vt 0.07918300 0.39156200
vt 0.06889600 0.38629200
vt 0.10268900 0.41742200
vt 0.89361800 0.21297200
vt 0.10118900 0.42420900
vt 0.89642900 0.21048100
vt 0.90199200 0.21078200
vt 0.10604700 0.42036400
vt 0.10042200 0.42170000
vt 0.10888600 0.41937600
vt 0.10532600 0.42252900
vt 0.89990800 0.20879200
vt 0.10289500 0.42212100
vt 0.10716000 0.42150100
vt 0.10862100 0.42318800
vt 0.90292900 0.20859500
vt 0.89055600 0.21178400
vt 0.09440100 0.42615800
vt 0.09445200 0.42377600
vt 0.89270200 0.21137200
vt 0.09666500 0.42491900
vt 0.09854800 0.42340700
vt 0.90809500 0.20922000
vt 0.90578900 0.20629700
vt 0.11266700 0.42363000
vt 0.11181700 0.42214000
vt 0.90917500 0.20700600
vt 0.90734600 0.20484700
vt 0.11518900 0.42185700
vt 0.11328300 0.42226500
vt 0.07734200 0.38367800
vt 0.08625700 0.38165100
vt 0.08925000 0.37157400
vt 0.07957100 0.37391100
vt 0.37132000 0.02895000
vt 0.37376400 0.03123500
vt 0.36076300 0.04881100
vt 0.36980700 0.05174500
vt 0.08194200 0.36503700
vt 0.09047100 0.35571500
vt 0.08556100 0.35790100
vt 0.09573900 0.35205600
vt 0.08827600 0.35444800
vt 0.07671100 0.36229100
vt 0.06622600 0.35594500
vt 0.06872700 0.35318900
vt 0.07583100 0.35843600
vt 0.07476200 0.35248700
vt 0.08150400 0.34654800
vt 0.07593600 0.35982600
vt 0.07748200 0.36008700
vt 0.07821300 0.35905800
vt 0.08124700 0.35770100
vt 0.08230800 0.35923700
vt 0.08089600 0.35607000
vt 0.07819800 0.35640200
vt 0.08332100 0.34847300
vt 0.08655800 0.35624600
vt 0.07350700 0.36000700
vt 0.08803400 0.34589800
vt 0.10487600 0.37010000
vt 0.11358600 0.36510400
vt 0.11473300 0.36015500
vt 0.32583400 0.02348500
vt 0.32483700 0.03664800
vt 0.32122400 0.03417600
vt 0.09592400 0.35404900
vt 0.09936200 0.35292900
vt 0.10276300 0.35242100
vt 0.10276300 0.35242100
vt 0.10276300 0.35242100
vt 0.10992700 0.34995600
vt 0.10451400 0.35067100
vt 0.10880200 0.34918000
vt 0.10092900 0.35165000
vt 0.10092900 0.35165000
vt 0.12071200 0.35658800
vt 0.11188700 0.34840200
vt 0.11764200 0.34520600
vt 0.06089100 0.35394300
vt 0.34447900 0.03286600
vt 0.34282100 0.02704700
vt 0.33204200 0.03325100
vt 0.33739900 0.03532300
vt 0.34821200 0.03988600
vt 0.33820000 0.04073000
vt 0.35252200 0.03774500
vt 0.31897700 0.04294900
vt 0.32528400 0.04445100
vt 0.31529100 0.04635500
vt 0.31791900 0.05029800
vt 0.31996900 0.05541400
vt 0.31678000 0.05860100
vt 0.12009700 0.34193300
vt 0.12096400 0.34571100
vt 0.12096400 0.34571100
vt 0.12163300 0.34442100
vt 0.12372700 0.34510400
vt 0.12606400 0.34303600
vt 0.12542800 0.34524300
vt 0.12744600 0.34388900
vt 0.13037600 0.34123500
vt 0.31133100 0.04361700
vt 0.30765500 0.04521400
vt 0.30965700 0.04649600
vt 0.31109900 0.04588000
vt 0.31045200 0.04728800
vt 0.30513200 0.05098000
vt 0.11866400 0.31512900
vt 0.30716000 0.04900300
vt 0.30918100 0.04788100
vt 0.31097300 0.05265500
vt 0.30844700 0.05269000
vt 0.31348900 0.04527400
vt 0.13520000 0.32608900
vt 0.13242800 0.32294900
vt 0.12939200 0.32064500
vt 0.12644000 0.31939600
vt 0.12300500 0.31555700
vt 0.12753900 0.31541200
vt 0.13141400 0.31841300
vt 0.29967600 0.06007000
vt 0.12968800 0.31093800
vt 0.13807000 0.33017400
vt 0.13875200 0.32680200
vt 0.13753500 0.31003200
vt 0.14026400 0.31064700
vt 0.30464600 0.05482100
vt 0.12180900 0.31231000
vt 0.31026700 0.05759300
vt 0.31345800 0.06017600
vt 0.31054400 0.06267400
vt 0.30446900 0.06218100
vt 0.31314600 0.06717400
vt 0.33509600 0.04107700
vt 0.34384900 0.04159900
vt 0.33775500 0.05426900
vt 0.33318900 0.04400600
vt 0.32986800 0.04816500
vt 0.33370500 0.04840600
vt 0.33120900 0.05091900
vt 0.32710100 0.05321900
vt 0.33373200 0.05406600
vt 0.32844500 0.05628900
vt 0.33380900 0.05790200
vt 0.34916500 0.04343000
vt 0.35182500 0.04352100
vt 0.35582700 0.04722400
vt 0.35286000 0.04616600
vt 0.35428000 0.05071000
vt 0.35200000 0.05098300
vt 0.35815300 0.04995000
vt 0.36216300 0.05726100
vt 0.35761200 0.06004700
vt 0.36144000 0.06065100
vt 0.32950400 0.05983200
vt 0.32618100 0.05891800
vt 0.33234000 0.06348100
vt 0.32059100 0.07249600
vt 0.33226400 0.06771800
vt 0.35786300 0.07020300
vt 0.35833600 0.07408500
vt 0.31657500 0.07264500
vt 0.17382200 0.40410400
vt 0.20062000 0.39961800
vt 0.17848200 0.38940800
vt 0.17923200 0.40047900
vt 0.17948400 0.39735700
vt 0.18433900 0.39659100
vt 0.18625800 0.38614900
vt 0.17972200 0.39155600
vt 0.17635600 0.39775700
vt 0.17706200 0.39834600
vt 0.17771500 0.39609200
vt 0.17940600 0.39605100
vt 0.18389900 0.39463300
vt 0.18302100 0.39373100
vt 0.16963600 0.40150600
vt 0.16822300 0.40074900
vt 0.17366300 0.40045100
vt 0.19076200 0.39704700
vt 0.19400000 0.39853500
vt 0.19894200 0.39623300
vt 0.20489700 0.39448300
vt 0.19733400 0.38505400
vt 0.18736200 0.38811100
vt 0.18700400 0.38996900
vt 0.18899000 0.39488300
vt 0.18790800 0.39393800
vt 0.18991400 0.38963200
vt 0.19316500 0.38866400
vt 0.21537400 0.39151100
vt 0.20076400 0.39159300
vt 0.21689500 0.38779100
vt 0.22442400 0.38851400
vt 0.23251200 0.38707500
vt 0.24735700 0.38326600
vt 0.23999300 0.38388800
vt 0.24890800 0.38115000
vt 0.16964000 0.36527200
vt 0.16687200 0.36970300
vt 0.17048500 0.36172600
vt 0.17678300 0.36730700
vt 0.18294000 0.36600200
vt 0.18052100 0.36237500
vt 0.17906500 0.36096900
vt 0.16532800 0.35725200
vt 0.18633700 0.36272000
vt 0.18964400 0.36621900
vt 0.19475700 0.36073900
vt 0.19655600 0.36562400
vt 0.19993300 0.36509700
vt 0.17385300 0.35810000
vt 0.17749500 0.35374900
vt 0.16644800 0.34659300
vt 0.17301100 0.35566200
vt 0.19022600 0.36019200
vt 0.19301800 0.35731200
vt 0.18956800 0.35108900
vt 0.19324400 0.35872300
vt 0.19553100 0.35089800
vt 0.19427200 0.34986500
vt 0.19699300 0.35901800
vt 0.19799900 0.36024300
vt 0.19520000 0.35503000
vt 0.19443200 0.35796500
vt 0.19843000 0.35700400
vt 0.19887400 0.35523800
vt 0.20061500 0.35294500
vt 0.19713800 0.34879300
vt 0.19442700 0.34765400
vt 0.19572500 0.34325600
vt 0.19338200 0.33937700
vt 0.19807700 0.34090500
vt 0.19021200 0.33054300
vt 0.19673400 0.33504300
vt 0.20634000 0.38130100
vt 0.21665100 0.37795500
vt 0.21468200 0.38099700
vt 0.20614300 0.36255500
vt 0.21310700 0.36142600
vt 0.21865300 0.36003500
vt 0.22583600 0.37519500
vt 0.22197500 0.37742900
vt 0.23243000 0.37376900
vt 0.24111100 0.37132600
vt 0.24486200 0.37252600
vt 0.23371600 0.37707700
vt 0.22326500 0.35793300
vt 0.23850200 0.35355100
vt 0.23789400 0.35159200
vt 0.20267700 0.35649000
vt 0.20217800 0.35465700
vt 0.20358500 0.34684600
vt 0.20898100 0.35325600
vt 0.20795400 0.35566700
vt 0.20482200 0.35286300
vt 0.20490200 0.35098100
vt 0.20813200 0.35146800
vt 0.20559400 0.34739700
vt 0.20983100 0.34944700
vt 0.21339500 0.35044500
vt 0.21018500 0.35352300
vt 0.21586000 0.35174400
vt 0.20172400 0.34518000
vt 0.20541300 0.34482400
vt 0.20548700 0.34264400
vt 0.21022500 0.34235100
vt 0.20905400 0.34587900
vt 0.20994800 0.34403300
vt 0.21216900 0.34682600
vt 0.21069700 0.33973200
vt 0.00968400 0.78686400
vt 0.21429700 0.34788000
vt 0.21437500 0.34314000
vt 0.21564300 0.34996800
vt 0.21668900 0.34081700
vt 0.01567600 0.78794800
vt 0.20280900 0.33772000
vt 0.20203100 0.33118000
vt 0.00914100 0.77509500
vt 0.21015400 0.32796400
vt 0.21484900 0.33621900
vt 0.21878700 0.34241300
vt 0.01481300 0.78116700
vt 0.22139600 0.34667600
vt 0.01850400 0.78552300
vt 0.22851100 0.35485400
vt 0.22245300 0.35542800
vt 0.21847100 0.34793800
vt 0.01745800 0.79506900
vt 0.21866900 0.35092300
vt 0.21920100 0.34947200
vt 0.02034700 0.79733100
vt 0.22136000 0.35019900
vt 0.22085500 0.34815800
vt 0.01984200 0.79528900
vt 0.01705100 0.79083200
vt 0.21806500 0.34370000
vt 0.02002400 0.79183700
vt 0.02084900 0.79302800
vt 0.22356900 0.35043500
vt 0.02084900 0.79302800
vt 0.22402900 0.34777100
vt 0.02137800 0.78632700
vt 0.22678300 0.34390900
vt 0.23133100 0.34510700
vt 0.22876500 0.34793900
vt 0.23011500 0.34225000
vt 0.23416800 0.34757100
vt 0.23619800 0.34864200
vt 0.23231700 0.34854500
vt 0.23604600 0.34485900
vt 0.22393200 0.33413300
vt 0.25478900 0.38207100
vt 0.15482500 0.31219600
vt 0.14731500 0.31002800
vt 0.14459100 0.30787600
vt 0.15336300 0.30619800
vt 0.15820900 0.31440400
vt 0.16207400 0.31480500
vt 0.15755400 0.31084800
vt 0.16036300 0.30554200
vt 0.30453800 0.07447600
vt 0.31526600 0.07821300
vt 0.30235900 0.08004700
vt 0.30115800 0.08939500
vt 0.30747900 0.08641100
vt 0.30351400 0.09274900
vt 0.30908600 0.09468800
vt 0.29331500 0.08529400
vt 0.15502000 0.29572500
vt 0.16784500 0.30105800
vt 0.16150300 0.30279800
vt 0.16228700 0.29680700
vt 0.28802900 0.08936200
vt 0.17019100 0.30196800
vt 0.16775700 0.29424200
vt 0.28687700 0.09462800
vt 0.17449900 0.29484900
vt 0.28254000 0.09847700
vt 0.28194000 0.09881500
vt 0.17449900 0.29484900
vt 0.28194000 0.09881500
vt 0.28254000 0.09847700
vt 0.28412300 0.09903500
vt 0.28412300 0.09903500
vt 0.28412300 0.09903500
vt 0.28308500 0.09911100
vt 0.28308500 0.09911100
vt 0.28308500 0.09911100
vt 0.28172900 0.09940800
vt 0.28365200 0.10013800
vt 0.17458000 0.29420200
vt 0.00926500 0.86754800
vt 0.29632800 0.09126600
vt 0.29218500 0.09705200
vt 0.30053700 0.09986700
vt 0.28935600 0.10312900
vt 0.30188800 0.10672000
vt 0.30762200 0.10320200
vt 0.29329100 0.10865600
vt 0.32880900 0.08095900
vt 0.33723900 0.08779300
vt 0.33457600 0.08949800
vt 0.32344600 0.09118600
vt 0.35004300 0.08946700
vt 0.35289100 0.08567800
vt 0.35333900 0.08957300
vt 0.34193400 0.08845900
vt 0.35027400 0.09297800
vt 0.33208100 0.09850100
vt 0.33624600 0.09427800
vt 0.33568100 0.10141500
vt 0.33195200 0.10472100
vt 0.34153000 0.10973800
vt 0.34630300 0.11086500
vt 0.33409200 0.11112200
vt 0.33782200 0.11529600
vt 0.31233000 0.07291100
vt 0.31716500 0.09461300
vt 0.31418600 0.10266800
vt 0.31825600 0.09993600
vt 0.32583300 0.10566600
vt 0.31891500 0.10696900
vt 0.31528100 0.10695200
vt 0.30678200 0.10850800
vt 0.31239500 0.11300700
vt 0.31755900 0.11249000
vt 0.32110200 0.11026100
vt 0.32627300 0.11152000
vt 0.32987000 0.11176800
vt 0.33195500 0.11443100
vt 0.32635200 0.11484400
vt 0.33097800 0.11772800
vt 0.32192700 0.11606200
vt 0.30000200 0.11416600
vt 0.29890800 0.12211500
vt 0.29304000 0.12391200
vt 0.24510600 0.34932800
vt 0.24119300 0.34628500
vt 0.23363200 0.34042300
vt 0.23767700 0.34257300
vt 0.24186200 0.33595300
vt 0.24533700 0.33727500
vt 0.22738900 0.33321000
vt 0.23165100 0.33599500
vt 0.23591600 0.33217000
vt 0.23060800 0.32930300
vt 0.23708500 0.33913300
vt 0.24313900 0.32983900
vt 0.24907900 0.32496000
vt 0.23875100 0.32704600
vt 0.31700200 0.12019300
vt 0.32118700 0.12050000
vt 0.30982500 0.12159700
vt 0.31814300 0.12320200
vt 0.31522000 0.12487800
vt 0.31826900 0.12710200
vt 0.31095300 0.12557200
vt 0.31337000 0.12861700
vt 0.30786400 0.12473300
vt 0.30983900 0.12813900
vt 0.31078700 0.13141200
vt 0.29852800 0.12568200
vt 0.32829000 0.11987200
vt 0.32227600 0.12583600
vt 0.32614100 0.12997000
vt 0.33283800 0.12453200
vt 0.34106600 0.12575900
vt 0.33321300 0.13538300
vt 0.32534800 0.13485100
vt 0.32243700 0.13158600
vt 0.32142700 0.13471200
vt 0.32839400 0.13540900
vt 0.31914400 0.13757000
vt 0.32325800 0.13993000
vt 0.32184200 0.14232500
vt 0.31809600 0.14257800
vt 0.32845600 0.14008300
vt 0.33112900 0.14188500
vt 0.33238900 0.14865900
vt 0.16809400 0.32880800
vt 0.17502900 0.32881100
vt 0.16973600 0.32444200
vt 0.17301300 0.32705800
vt 0.17446400 0.32798800
vt 0.18195000 0.33310300
vt 0.17994200 0.32859100
vt 0.18494900 0.31962900
vt 0.19850500 0.32431400
vt 0.17828900 0.32539200
vt 0.17813900 0.32666700
vt 0.17980100 0.32404000
vt 0.18828100 0.31925700
vt 0.19027800 0.31905200
vt 0.20066700 0.31587700
vt 0.21329600 0.32814600
vt 0.20552700 0.31990300
vt 0.19208000 0.31693000
vt 0.19540300 0.31525700
vt 0.19741900 0.31531800
vt 0.20043000 0.31325200
vt 0.21576300 0.32074500
vt 0.20417200 0.31119200
vt 0.17366600 0.30109600
vt 0.22395800 0.32938400
vt 0.21912500 0.32523100
vt 0.22214400 0.32065400
vt 0.19610300 0.31322300
vt 0.19878600 0.31266700
vt 0.21541300 0.31836700
vt 0.20244500 0.30963600
vt 0.21782600 0.31848500
vt 0.21904500 0.31749700
vt 0.22094900 0.31650200
vt 0.22139000 0.31882500
vt 0.22040400 0.31790300
vt 0.22216000 0.31750400
vt 0.22787300 0.32503700
vt 0.23333100 0.32404800
vt 0.23355400 0.32868700
vt 0.23974200 0.32274200
vt 0.23921400 0.31817000
vt 0.24620300 0.32108400
vt 0.25369700 0.31923300
vt 0.24599700 0.31793100
vt 0.24792000 0.31457300
vt 0.24515000 0.31426100
vt 0.23964200 0.31514500
vt 0.24150500 0.31362700
vt 0.24250900 0.31465900
vt 0.24605600 0.31250300
vt 0.25011600 0.31357900
vt 0.08013000 0.42764400
vt 0.85620700 0.21260000
vt 0.86090200 0.21188600
vt 0.85861800 0.21386300
vt 0.83845000 0.21699400
vt 0.16704100 0.39852200
vt 0.10926400 0.42157800
vt 0.31285700 0.04949600
vt 0.30544500 0.06774300
vt 0.17004500 0.39838300
vt 0.17145800 0.39856500
vt 0.17177600 0.39600400
vt 0.17710700 0.39509500
vt 0.19436900 0.39555700
vt 0.18845400 0.39172900
vt 0.19105700 0.39337400
vt 0.19423700 0.39245500
vt 0.20799800 0.38500600
vt 0.22900400 0.38304600
vt 0.23514800 0.38199800
vt 0.24744000 0.37877200
vt 0.20284000 0.35986300
vt 0.20958300 0.35904700
vt 0.21596200 0.35761100
vt 0.21123300 0.35568100
vt 0.21753300 0.35403400
vt 0.22407800 0.35292100
vt 0.22698800 0.35252800
vt 0.02275500 0.79072900
vt 0.22510000 0.35154000
vt 0.22570300 0.34962400
vt 0.22768600 0.35048300
vt 0.22888100 0.35167200
vt 0.23067100 0.34973300
vt 0.29302500 0.07731500
vt 0.14839400 0.30151600
vt 0.29702500 0.07296800
vt 0.14168100 0.30215400
vt 0.79090300 0.33613000
vt 0.78052100 0.31582800
vt 0.75265700 0.31698200
vt 0.74749000 0.34085000
vt 0.73267000 0.30322900
vt 0.78312700 0.26977200
vt 0.72971800 0.31845400
vt 0.74953200 0.28963100
vt 0.71855300 0.31832800
vt 0.72804400 0.26554100
vt 0.70104900 0.31208200
vt 0.70337800 0.27924200
vt 0.73433500 0.34024300
vt 0.72090100 0.35463100
vt 0.71087200 0.35466800
vt 0.72308900 0.33989700
vt 0.71223300 0.34022700
vt 0.70787400 0.34175300
vt 0.65813900 0.33735600
vt 0.66523900 0.32584300
vt 0.64864300 0.34231900
vt 0.64931900 0.32297100
vt 0.65737600 0.31580700
vt 0.63875700 0.34817100
vt 0.63224900 0.35244700
vt 0.62542700 0.36573000
vt 0.64170300 0.32372300
vt 0.67905500 0.28952100
vt 0.66671700 0.30779200
vt 0.65784300 0.28938600
vt 0.64406000 0.28587000
vt 0.76514900 0.25907900
vt 0.77611900 0.23757300
vt 0.76701400 0.22363400
vt 0.76208800 0.22587200
vt 0.75582200 0.22596200
vt 0.76759700 0.22030400
vt 0.74724700 0.22513000
vt 0.75442000 0.22767100
vt 0.74632500 0.22820900
vt 0.76214600 0.24318100
vt 0.73746300 0.22857400
vt 0.74446100 0.22945300
vt 0.80671500 0.21538500
vt 0.80415100 0.21631500
vt 0.80756100 0.21389000
vt 0.79931000 0.21513500
vt 0.81966700 0.21355100
vt 0.81714500 0.21350300
vt 0.81039600 0.21527600
vt 0.81196200 0.21402000
vt 0.81435900 0.21477200
vt 0.81450400 0.21243800
vt 0.80136400 0.21692700
vt 0.79343300 0.21839400
vt 0.79983800 0.21873400
vt 0.78447000 0.21756800
vt 0.78439600 0.21958500
vt 0.78637300 0.22090000
vt 0.79405600 0.22064300
vt 0.80568200 0.19506400
vt 0.81218400 0.19253600
vt 0.81127100 0.18984500
vt 0.81734600 0.18281000
vt 0.80440200 0.18767400
vt 0.80194800 0.19479500
vt 0.79162500 0.20081200
vt 0.79243500 0.19792600
vt 0.79351500 0.19668100
vt 0.79873500 0.19192900
vt 0.78232900 0.20278500
vt 0.78711800 0.19912700
vt 0.78892600 0.19792900
vt 0.78255900 0.19940800
vt 0.78454300 0.19786100
vt 0.78140600 0.19569800
vt 0.78801900 0.19660400
vt 0.79002800 0.19385100
vt 0.79076400 0.19114300
vt 0.79507900 0.19316800
vt 0.80460800 0.18156400
vt 0.79642800 0.18552200
vt 0.79329200 0.18740800
vt 0.77857600 0.19206300
vt 0.79107100 0.18611500
vt 0.79534800 0.18134500
vt 0.77826300 0.22121900
vt 0.77489600 0.22321600
vt 0.76978700 0.20834100
vt 0.76717200 0.22520500
vt 0.77056300 0.20530200
vt 0.75810400 0.20797900
vt 0.77006500 0.20276300
vt 0.76283500 0.20434000
vt 0.76584000 0.20257400
vt 0.72763400 0.21646700
vt 0.75427200 0.20592800
vt 0.75578500 0.20451500
vt 0.74153400 0.21148900
vt 0.74507000 0.20813000
vt 0.74631500 0.20690300
vt 0.74069500 0.20534400
vt 0.75414700 0.20176000
vt 0.78089600 0.18602500
vt 0.77520000 0.18935900
vt 0.77827000 0.20108900
vt 0.77484600 0.20058500
vt 0.77319400 0.19700800
vt 0.76418400 0.20013900
vt 0.76556000 0.19631800
vt 0.77088900 0.18905400
vt 0.76564900 0.19252600
vt 0.73697600 0.20002100
vt 0.76352400 0.18727000
vt 0.76023000 0.19138400
vt 0.68329500 0.26405500
vt 0.73636000 0.23053100
vt 0.72821200 0.23359300
vt 0.72240800 0.23313200
vt 0.72470000 0.22960000
vt 0.70727400 0.23404500
vt 0.70940400 0.23552700
vt 0.70495500 0.23845800
vt 0.70212200 0.23756400
vt 0.70790000 0.23704900
vt 0.68640700 0.22388900
vt 0.67807600 0.24291400
vt 0.68013000 0.24152400
vt 0.67993700 0.24362400
vt 0.67268700 0.24325500
vt 0.67805000 0.23929200
vt 0.66837800 0.24413100
vt 0.66393400 0.24405000
vt 0.66014200 0.24718500
vt 0.65895600 0.24599100
vt 0.66447300 0.24570400
vt 0.69615300 0.23848900
vt 0.69191500 0.23673000
vt 0.69574400 0.22074700
vt 0.67952600 0.22396000
vt 0.68813500 0.21919500
vt 0.67839800 0.22077600
vt 0.67839800 0.22077600
vt 0.68972100 0.23936200
vt 0.69318700 0.23949200
vt 0.69059700 0.24106300
vt 0.68440500 0.24116400
vt 0.65695200 0.22931000
vt 0.66540400 0.22600800
vt 0.67086000 0.22206400
vt 0.67086000 0.22206400
vt 0.66690100 0.21921400
vt 0.66454600 0.22323800
vt 0.66454600 0.22323800
vt 0.65666600 0.22150700
vt 0.72071200 0.21579600
vt 0.73910900 0.20912800
vt 0.73305400 0.21043400
vt 0.73193400 0.20664000
vt 0.72176500 0.21286100
vt 0.72176500 0.21286100
vt 0.72826000 0.20006300
vt 0.72483500 0.20454900
vt 0.71100500 0.21484600
vt 0.71972100 0.21059400
vt 0.71426500 0.21034700
vt 0.70447900 0.21935800
vt 0.70613900 0.21636700
vt 0.69972300 0.21705400
vt 0.70485800 0.21569200
vt 0.69995000 0.21389100
vt 0.70122100 0.20949800
vt 0.71986400 0.20286200
vt 0.71481200 0.20350900
vt 0.70454100 0.20338000
vt 0.71203000 0.20070600
vt 0.71629000 0.19773500
vt 0.70595200 0.17151000
vt 0.70287400 0.16871800
vt 0.70421500 0.16760100
vt 0.70032100 0.17322300
vt 0.70419900 0.16533600
vt 0.69437100 0.21806000
vt 0.68573100 0.21661600
vt 0.69150300 0.21799500
vt 0.68914000 0.21094700
vt 0.68454100 0.21349300
vt 0.68259400 0.20578800
vt 0.68193900 0.21043800
vt 0.69927700 0.20363100
vt 0.69431300 0.20533700
vt 0.67555000 0.21437800
vt 0.66827000 0.21515900
vt 0.66961000 0.21134100
vt 0.67586100 0.21043500
vt 0.66382400 0.20941500
vt 0.66336200 0.20196200
vt 0.70185400 0.19522500
vt 0.70126700 0.19296900
vt 0.71024900 0.19270800
vt 0.68397500 0.19768700
vt 0.69157100 0.19427500
vt 0.69136000 0.19907700
vt 0.70085600 0.17877800
vt 0.69522600 0.17412900
vt 0.69427000 0.18005600
vt 0.69943100 0.18173900
vt 0.70217500 0.18436400
vt 0.69570400 0.18661100
vt 0.69241000 0.18281700
vt 0.69043300 0.18685200
vt 0.68905700 0.18375300
vt 0.68851500 0.17677900
vt 0.69274400 0.18158800
vt 0.69076000 0.18146900
vt 0.69076000 0.18146900
vt 0.68788400 0.18084500
vt 0.69882700 0.16908100
vt 0.69662400 0.16828000
vt 0.69670900 0.17159900
vt 0.69211800 0.17429500
vt 0.69299000 0.17033700
vt 0.69727500 0.16599100
vt 0.69460100 0.16731100
vt 0.69449900 0.16538300
vt 0.69019300 0.17152700
vt 0.68892600 0.16973800
vt 0.69007400 0.16677600
vt 0.68669700 0.17316800
vt 0.68485800 0.18208800
vt 0.68373400 0.17820800
vt 0.68464600 0.17508100
vt 0.68618700 0.16822000
vt 0.68325600 0.17270500
vt 0.67757800 0.19244200
vt 0.67055400 0.19387800
vt 0.66412700 0.18984700
vt 0.68188900 0.17611800
vt 0.67791100 0.17642400
vt 0.68032000 0.17988200
vt 0.68064500 0.17440300
vt 0.67717300 0.18304800
vt 0.67478800 0.18110000
vt 0.67359600 0.17831100
vt 0.68793500 0.18222900
vt 0.68514900 0.18338000
vt 0.68009600 0.18318700
vt 0.68198500 0.18618800
vt 0.68035400 0.18469400
vt 0.67658500 0.18483500
vt 0.67368100 0.18706800
vt 0.67352400 0.18394200
vt 0.67022500 0.17753000
vt 0.66481600 0.18169300
vt 0.67249100 0.18549900
vt 0.66644800 0.18584600
vt 0.66299500 0.18527600
vt 0.48152200 0.09387000
vt 0.69591000 0.16179300
vt 0.68148500 0.17029500
vt 0.68193100 0.16387900
vt 0.49368800 0.10394200
vt 0.68739900 0.16214100
vt 0.48815000 0.10038000
vt 0.67688600 0.16650400
vt 0.49985200 0.10629300
vt 0.49638900 0.10683700
vt 0.49877900 0.10784900
vt 0.49411100 0.10619900
vt 0.49257100 0.10510800
vt 0.49771300 0.11035500
vt 0.49332500 0.10952700
vt 0.66249600 0.17878400
vt 0.66249600 0.17878400
vt 0.66259100 0.17675200
vt 0.66529100 0.17865100
vt 0.67776300 0.17310500
vt 0.67545400 0.17410100
vt 0.67379800 0.17265000
vt 0.67725600 0.17002000
vt 0.67104100 0.17398300
vt 0.67323700 0.17054300
vt 0.66812500 0.16954600
vt 0.50056600 0.10881600
vt 0.67294000 0.16642700
vt 0.50291000 0.10977100
vt 0.66975800 0.17525500
vt 0.66747100 0.17670100
vt 0.66577300 0.17548500
vt 0.66081200 0.17574500
vt 0.66273900 0.17096200
vt 0.51349400 0.11506000
vt 0.50753500 0.11325200
vt 0.66817300 0.16777800
vt 0.50260900 0.11219200
vt 0.49911700 0.11293700
vt 0.49565100 0.11295100
vt 0.50506600 0.11323200
vt 0.49995100 0.11645900
vt 0.49575400 0.11543600
vt 0.49682200 0.11655500
vt 0.50385900 0.11692900
vt 0.51100800 0.11514400
vt 0.66462000 0.16928400
vt 0.66599600 0.16819600
vt 0.50950200 0.11482300
vt 0.50968100 0.11610900
vt 0.51150300 0.11811100
vt 0.65982400 0.17234600
vt 0.65982400 0.17234600
vt 0.65765900 0.17428900
vt 0.51779600 0.11864400
vt 0.65835000 0.17046600
vt 0.65835000 0.17046600
vt 0.65835000 0.17046600
vt 0.65696300 0.17256100
vt 0.51709300 0.11759800
vt 0.65978800 0.17039500
vt 0.51709300 0.11759800
vt 0.51643300 0.11619400
vt 0.65978800 0.17039500
vt 0.65928400 0.17071400
vt 0.65928400 0.17071400
vt 0.65928400 0.17071400
vt 0.51349600 0.11837600
vt 0.51349600 0.11837600
vt 0.51349600 0.11837600
vt 0.51305000 0.11890700
vt 0.51154300 0.11902200
vt 0.51075700 0.12079000
vt 0.50763100 0.12200900
vt 0.51531200 0.11756300
vt 0.51531200 0.11756300
vt 0.51475300 0.11920900
vt 0.51559300 0.11838700
vt 0.51559300 0.11838700
vt 0.51559300 0.11838700
vt 0.51529900 0.11997200
vt 0.51364400 0.12015300
vt 0.51669900 0.11879000
vt 0.51650700 0.11705400
vt 0.51650700 0.11705400
vt 0.51595100 0.11756200
vt 0.51595100 0.11756200
vt 0.51595100 0.11756200
vt 0.51753900 0.12077000
vt 0.65712700 0.16857200
vt 0.65712700 0.16857200
vt 0.51692000 0.12139000
vt 0.65706000 0.16768200
vt 0.51692000 0.12139000
vt 0.51497000 0.12149100
vt 0.51667900 0.12260300
vt 0.65592700 0.16786600
vt 0.51667900 0.12260300
vt 0.51515600 0.12277000
vt 0.51242700 0.12295100
vt 0.51022300 0.12342100
vt 0.50748700 0.11897200
vt 0.50384400 0.11987400
vt 0.65447900 0.26205000
vt 0.65917000 0.26221500
vt 0.51405800 0.12643400
vt 0.51632900 0.12471100
vt 0.51044000 0.12607300
vt 0.62422300 0.34389100
vt 0.61440500 0.35039000
vt 0.63373900 0.34109900
vt 0.62523400 0.32264400
vt 0.63087200 0.32809000
vt 0.61508200 0.32039900
vt 0.63989500 0.30082800
vt 0.62979200 0.29807600
vt 0.63069500 0.27948900
vt 0.61886700 0.28286800
vt 0.60418500 0.31805300
vt 0.60082000 0.33931600
vt 0.60831200 0.28861500
vt 0.59680900 0.27984500
vt 0.59404800 0.30292000
vt 0.58546800 0.30959600
vt 0.65300400 0.24660100
vt 0.65135100 0.24418300
vt 0.65194400 0.23128800
vt 0.64531000 0.23462300
vt 0.64573000 0.22949100
vt 0.64143900 0.23040500
vt 0.65152100 0.22842200
vt 0.66351900 0.21751000
vt 0.65595500 0.22465600
vt 0.65595500 0.22465600
vt 0.65180400 0.22521700
vt 0.65180400 0.22521700
vt 0.65026600 0.22274000
vt 0.64979500 0.21952200
vt 0.65926100 0.21763900
vt 0.64793300 0.22573700
vt 0.64480700 0.22565000
vt 0.64050000 0.22747900
vt 0.66255900 0.21364400
vt 0.65848400 0.21299800
vt 0.65646900 0.20686100
vt 0.64860600 0.21392400
vt 0.65650800 0.20245200
vt 0.65091200 0.19894600
vt 0.66231400 0.19766700
vt 0.64908100 0.20405900
vt 0.64256200 0.20035700
vt 0.64139300 0.19590800
vt 0.63788800 0.20517800
vt 0.63337600 0.19955100
vt 0.66597200 0.18668200
vt 0.66250100 0.18698500
vt 0.65834300 0.18870200
vt 0.65210100 0.19644000
vt 0.66030000 0.17917600
vt 0.65874800 0.18122000
vt 0.65765500 0.17772300
vt 0.65647100 0.17974000
vt 0.65668600 0.18285300
vt 0.65125200 0.18962700
vt 0.65441100 0.18685600
vt 0.65261700 0.18811200
vt 0.64936600 0.18866500
vt 0.64936600 0.18866500
vt 0.64640100 0.18790400
vt 0.65142300 0.18046100
vt 0.64750600 0.18497200
vt 0.64296300 0.19118600
vt 0.65737400 0.17655300
vt 0.65505000 0.17631500
vt 0.65260400 0.17338800
vt 0.65027800 0.17516800
vt 0.64741200 0.17673500
vt 0.64947400 0.17308900
vt 0.64777400 0.17215300
vt 0.65085600 0.17211600
vt 0.64091300 0.18217300
vt 0.64179900 0.18036800
vt 0.64619300 0.18217500
vt 0.64404200 0.17789000
vt 0.64459500 0.17559200
vt 0.64471900 0.17366600
vt 0.64318900 0.17919700
vt 0.64021300 0.17762600
vt 0.65689500 0.18749400
vt 0.65660900 0.17114000
vt 0.65432700 0.17119900
vt 0.65432700 0.17119900
vt 0.65432700 0.17119900
vt 0.52059200 0.12320400
vt 0.65552500 0.17005200
vt 0.51898500 0.12266800
vt 0.65552500 0.17005200
vt 0.65329500 0.17168800
vt 0.65455600 0.16929100
vt 0.65243900 0.16929700
vt 0.52023600 0.12504500
vt 0.65618200 0.16925800
vt 0.65618200 0.16925800
vt 0.51860800 0.12558600
vt 0.65309100 0.17041900
vt 0.65344100 0.16958500
vt 0.65344100 0.16958500
vt 0.65383100 0.17053000
vt 0.65383100 0.17053000
vt 0.52166300 0.12541100
vt 0.65207100 0.17067400
vt 0.52151200 0.12965500
vt 0.64927500 0.17049900
vt 0.52354400 0.12799100
vt 0.64400000 0.18966800
vt 0.63653500 0.19085900
vt 0.63833300 0.17923400
vt 0.63832300 0.18252800
vt 0.63410000 0.18312600
vt 0.63452200 0.18582100
vt 0.64127400 0.18798900
vt 0.64076100 0.18957400
vt 0.63632300 0.18983400
vt 0.63817100 0.18755600
vt 0.63081000 0.19130800
vt 0.63291200 0.19010500
vt 0.63291200 0.19010500
vt 0.63056700 0.18885100
vt 0.64551000 0.26429100
vt 0.64775800 0.24752400
vt 0.64775800 0.24752400
vt 0.64434900 0.24798000
vt 0.64106000 0.24467000
vt 0.63820300 0.24854900
vt 0.63909200 0.24974200
vt 0.63653100 0.23222700
vt 0.62582900 0.25162500
vt 0.63073900 0.25247300
vt 0.63073900 0.25247300
vt 0.62732900 0.25233500
vt 0.62464900 0.25370000
vt 0.63444500 0.24887800
vt 0.63289400 0.23775000
vt 0.62743900 0.24632200
vt 0.63440900 0.25052100
vt 0.61861700 0.23747400
vt 0.61938100 0.25458000
vt 0.61925000 0.25215600
vt 0.61615100 0.25653600
vt 0.61470600 0.25498600
vt 0.61090700 0.24007200
vt 0.61305600 0.25411100
vt 0.60521700 0.24102400
vt 0.61074500 0.25674500
vt 0.60448800 0.25744400
vt 0.60651300 0.25518100
vt 0.60541700 0.25900000
vt 0.63021200 0.23056100
vt 0.62597500 0.23386300
vt 0.63675200 0.22853600
vt 0.61774500 0.23587300
vt 0.59652900 0.24390700
vt 0.59870100 0.25639600
vt 0.59653800 0.22571200
vt 0.59107600 0.22564400
vt 0.58962300 0.22372100
vt 0.59484000 0.21975700
vt 0.58797000 0.21611100
vt 0.57559200 0.23020200
vt 0.58556400 0.28271700
vt 0.57591000 0.28181500
vt 0.57576300 0.30204600
vt 0.60145600 0.25926500
vt 0.59588200 0.26075400
vt 0.59333400 0.25988600
vt 0.59073100 0.25049900
vt 0.59002800 0.25907800
vt 0.58644400 0.26194100
vt 0.58247200 0.26195900
vt 0.58206400 0.25018400
vt 0.57636200 0.26110200
vt 0.58084700 0.26425300
vt 0.57684500 0.26513600
vt 0.57381900 0.26819000
vt 0.56896300 0.26883600
vt 0.57095900 0.26529200
vt 0.59002700 0.24106000
vt 0.58618100 0.24224300
vt 0.58080200 0.24250700
vt 0.57612500 0.24569400
vt 0.57441800 0.24295000
vt 0.57253100 0.25204600
vt 0.56672700 0.25468200
vt 0.55776500 0.25982600
vt 0.56920300 0.24476500
vt 0.57285800 0.24600400
vt 0.56773300 0.24880600
vt 0.56098200 0.24712800
vt 0.56365800 0.24673700
vt 0.55515300 0.25099100
vt 0.56084700 0.25081600
vt 0.55931700 0.25351600
vt 0.61703600 0.21381500
vt 0.62592500 0.21445000
vt 0.62456400 0.21846600
vt 0.61950300 0.21274500
vt 0.62768000 0.19425900
vt 0.62439200 0.20243300
vt 0.62603600 0.20780300
vt 0.61898400 0.20559400
vt 0.62087500 0.19846000
vt 0.64568100 0.17030500
vt 0.52549900 0.13107400
vt 0.64241700 0.17440800
vt 0.52853000 0.13247400
vt 0.64317900 0.17216400
vt 0.63905100 0.17596800
vt 0.63922000 0.17240700
vt 0.53107700 0.13576200
vt 0.63734400 0.17369200
vt 0.51735300 0.13008700
vt 0.51914100 0.12791100
vt 0.52134900 0.13217900
vt 0.53047900 0.14680600
vt 0.52796500 0.14099700
vt 0.53429200 0.13990800
vt 0.63404000 0.17233500
vt 0.52582200 0.14474400
vt 0.63628700 0.17749800
vt 0.63285300 0.18072400
vt 0.63242900 0.17811800
vt 0.63018400 0.18286000
vt 0.62554900 0.17918000
vt 0.63508000 0.17429000
vt 0.63228000 0.17568700
vt 0.63237800 0.17403900
vt 0.62694200 0.17469700
vt 0.53670400 0.14353200
vt 0.62970800 0.17247000
vt 0.62899900 0.17596900
vt 0.62528200 0.18331200
vt 0.62179700 0.18258900
vt 0.53378300 0.14683800
vt 0.53751500 0.14776700
vt 0.62574000 0.17201800
vt 0.62060300 0.17446800
vt 0.53435800 0.15205700
vt 0.62246000 0.16932100
vt 0.62090100 0.17157200
vt 0.53976000 0.15262800
vt 0.53720400 0.15254400
vt 0.53830500 0.15704800
vt 0.62154300 0.16807000
vt 0.53919400 0.15409600
vt 0.62084000 0.17012000
vt 0.62084000 0.17012000
vt 0.62071400 0.16918800
vt 0.62071400 0.16918800
vt 0.61969200 0.18039000
vt 0.61919300 0.17803100
vt 0.61580700 0.18251900
vt 0.62118400 0.18400600
vt 0.61592000 0.17682600
vt 0.61400800 0.17991300
vt 0.61270000 0.17822700
vt 0.61955200 0.17198100
vt 0.61773200 0.17180100
vt 0.61600900 0.17346300
vt 0.61991700 0.17087300
vt 0.61853400 0.16692700
vt 0.61806900 0.16960500
vt 0.53232000 0.15838800
vt 0.51320900 0.14573000
vt 0.51315000 0.15120800
vt 0.50867200 0.14459600
vt 0.50685100 0.14657800
vt 0.51697800 0.14582800
vt 0.50701600 0.15061400
vt 0.50729100 0.15670900
vt 0.51282500 0.15660000
vt 0.51654200 0.15693400
vt 0.51114200 0.16064600
vt 0.51731500 0.16764900
vt 0.50773200 0.16269300
vt 0.53639100 0.15739000
vt 0.53951400 0.16130300
vt 0.53521100 0.16350800
vt 0.61549700 0.17098400
vt 0.54184700 0.15892600
vt 0.54624100 0.16538200
vt 0.61036700 0.17305000
vt 0.54241400 0.16450300
vt 0.62028800 0.16646100
vt 0.62028800 0.16646100
vt 0.53996300 0.15630400
vt 0.62040900 0.16489000
vt 0.54167500 0.15730700
vt 0.61675200 0.17104000
vt 0.61675200 0.17104000
vt 0.61905100 0.16419600
vt 0.61653300 0.16959600
vt 0.61971900 0.16567100
vt 0.61971900 0.16567100
vt 0.62001400 0.16592600
vt 0.54050200 0.15662200
vt 0.54050200 0.15662200
vt 0.61716500 0.16541400
vt 0.61716500 0.16541400
vt 0.61597600 0.16835400
vt 0.61558200 0.16666700
vt 0.61778400 0.16374600
vt 0.60863100 0.17771600
vt 0.54049500 0.16600100
vt 0.53775300 0.16811800
vt 0.54391400 0.16900500
vt 0.54549400 0.17168700
vt 0.54864600 0.17294500
vt 0.54408500 0.17660200
vt 0.54244300 0.17021800
vt 0.61674300 0.16744300
vt 0.61574300 0.20145700
vt 0.61882200 0.19505600
vt 0.61052300 0.20242900
vt 0.60950900 0.19637200
vt 0.59867500 0.20218500
vt 0.57770100 0.19838000
vt 0.60137000 0.20024300
vt 0.62299600 0.19107100
vt 0.62299600 0.19107100
vt 0.61108600 0.18302200
vt 0.61577600 0.18483100
vt 0.61150200 0.18131100
vt 0.61101700 0.17977200
vt 0.60967100 0.19157400
vt 0.60671400 0.19042800
vt 0.60730600 0.18200300
vt 0.60405400 0.18061300
vt 0.60663200 0.18402900
vt 0.55266900 0.17250600
vt 0.60473300 0.17741000
vt 0.55844600 0.18034900
vt 0.59986000 0.18151400
vt 0.60039700 0.17952500
vt 0.55590100 0.17831000
vt 0.55262700 0.18066600
vt 0.59809300 0.19586200
vt 0.57203100 0.19292100
vt 0.55526100 0.18267000
vt 0.55237900 0.18733400
vt 0.54890200 0.18556900
vt 0.54698900 0.17682500
vt 0.54602800 0.18177100
vt 0.54140000 0.18372100
vt 0.54182500 0.17888400
vt 0.55581900 0.18439600
vt 0.55420700 0.18846500
vt 0.55095400 0.18933200
vt 0.55906900 0.19772200
vt 0.56755100 0.19950800
vt 0.55944600 0.20208900
vt 0.53833300 0.18018800
vt 0.53667100 0.18279800
vt 0.52947600 0.17503300
vt 0.52850300 0.18207700
vt 0.52568600 0.18096400
vt 0.53095700 0.17990100
vt 0.53135300 0.17591100
vt 0.53317400 0.17903600
vt 0.51892400 0.19771900
vt 0.51762800 0.19534700
vt 0.52239100 0.19761600
vt 0.51241000 0.19915000
vt 0.52102600 0.20053300
vt 0.51886100 0.20377600
vt 0.52167800 0.20290100
vt 0.52094300 0.20511200
vt 0.55769400 0.24512800
vt 0.56145200 0.24180200
vt 0.55401600 0.24686100
vt 0.55162200 0.24357800
vt 0.55597400 0.24215700
vt 0.55952200 0.23884200
vt 0.54304100 0.18490400
vt 0.54219600 0.18808100
vt 0.54795300 0.18834300
vt 0.53969500 0.18610800
vt 0.54635400 0.19240300
vt 0.54381300 0.19479500
vt 0.54056300 0.19286400
vt 0.54968600 0.19293500
vt 0.56277700 0.20476200
vt 0.55832600 0.21097200
vt 0.55396100 0.20548800
vt 0.55249500 0.19281400
vt 0.54837100 0.19215500
vt 0.54635400 0.19713700
vt 0.54914100 0.19602900
vt 0.54726700 0.19924200
vt 0.54988300 0.21263800
vt 0.55289000 0.21634300
vt 0.54426400 0.19947700
vt 0.54065700 0.20021700
vt 0.54423700 0.20126800
vt 0.54043500 0.20429700
vt 0.54094400 0.20771100
vt 0.53466900 0.18678300
vt 0.53947300 0.19057500
vt 0.53474600 0.19083700
vt 0.53794300 0.19311800
vt 0.53801200 0.19578600
vt 0.53266400 0.19859500
vt 0.52890400 0.19840200
vt 0.53684100 0.20015800
vt 0.55160300 0.20548700
vt 0.54776200 0.20982500
vt 0.53884600 0.20425000
vt 0.53633100 0.20267500
vt 0.52997900 0.20206100
vt 0.53414400 0.20395000
vt 0.53382600 0.20640200
vt 0.53004200 0.20607400
vt 0.53036100 0.20759600
vt 0.52486000 0.20242100
vt 0.52675600 0.20590900
vt 0.53624300 0.20742500
vt 0.53748700 0.20934900
vt 0.54480300 0.20884500
vt 0.54474900 0.21088400
vt 0.53991500 0.21279700
vt 0.54208400 0.21271200
vt 0.54312100 0.21304300
vt 0.53311200 0.21016800
vt 0.52915000 0.21004800
vt 0.52839400 0.21401600
vt 0.52129500 0.21094100
vt 0.52590600 0.21006500
vt 0.51798800 0.20734200
vt 0.52479900 0.21459100
vt 0.53265200 0.21349000
vt 0.52727200 0.21826100
vt 0.01600700 0.37935800
vt 0.81985700 0.16481900
vt 0.01929300 0.37645600
vt 0.01904400 0.36911600
vt 0.02185300 0.36774700
vt 0.01983500 0.36557400
vt 0.81639600 0.17951700
vt 0.82069000 0.17163500
vt 0.01623900 0.38669900
vt 0.80993900 0.17493300
vt 0.80430600 0.17671200
vt 0.80390900 0.17248600
vt 0.81652900 0.17007500
vt 0.80906500 0.17204800
vt 0.80805500 0.16747600
vt 0.79966700 0.17588200
vt 0.79759400 0.17417200
vt 0.78815700 0.18346600
vt 0.79898200 0.16968600
vt 0.78943600 0.15416600
vt 0.78451900 0.15506600
vt 0.79066700 0.15011900
vt 0.78530700 0.15134600
vt 0.78148800 0.14923300
vt 0.77719400 0.15340900
vt 0.02070400 0.35934100
vt 0.01643000 0.36296300
vt 0.38777300 0.01293300
vt 0.01435400 0.36088700
vt 0.01816200 0.35878800
vt 0.01947600 0.35579800
vt 0.38255000 0.01671800
vt 0.01667400 0.35412500
vt 0.38041300 0.01632800
vt 0.01904300 0.35306900
vt 0.38320400 0.01518500
vt 0.01716100 0.35584300
vt 0.38576800 0.01592900
vt 0.01452300 0.35708900
vt 0.38694100 0.01829500
vt 0.79870400 0.15076600
vt 0.40071700 0.02265800
vt 0.39286700 0.01790800
vt 0.39299600 0.01554700
vt 0.39228700 0.02033100
vt 0.39117900 0.01006800
vt 0.01304300 0.36554500
vt 0.39581400 0.01215300
vt 0.38960200 0.01848800
vt 0.40030100 0.01474400
vt 0.80494000 0.15600300
vt 0.38348900 0.02008600
vt 0.38139000 0.02183900
vt 0.38268000 0.02418300
vt 0.38046200 0.02369000
vt 0.39654800 0.02264800
vt 0.38943900 0.02055400
vt 0.38650100 0.02129500
vt 0.38680600 0.02309600
vt 0.39207400 0.02254100
vt 0.39110000 0.02425100
vt 0.39476800 0.03034200
vt 0.39533300 0.02482400
vt 0.39347500 0.02712700
vt 0.38397600 0.02881800
vt 0.38658600 0.02737800
vt 0.38910800 0.03210100
vt 0.38507600 0.03385900
vt 0.37882800 0.02016000
vt 0.37886500 0.02192300
vt 0.37669500 0.02137100
vt 0.37748100 0.02382100
vt 0.37511300 0.02292200
vt 0.37235200 0.02718400
vt 0.37603400 0.02663600
vt 0.37871400 0.02693400
vt 0.38160000 0.02798500
vt 0.40258900 0.01974700
vt 0.79965900 0.15401600
vt 0.79622900 0.15790700
vt 0.78859700 0.15779100
vt 0.79675900 0.14762800
vt 0.39970800 0.02627800
vt 0.39782000 0.02594200
vt 0.39622900 0.02834200
vt 0.39880200 0.03049700
vt 0.79312100 0.14687800
vt 0.40173300 0.02936000
vt 0.78817300 0.14829800
vt 0.40236200 0.03300000
vt 0.79006800 0.14477200
vt 0.78529200 0.14863700
vt 0.39182500 0.03465200
vt 0.39044600 0.03623400
vt 0.38790300 0.03656200
vt 0.38513000 0.04191300
vt 0.38881900 0.04185900
vt 0.38824000 0.05032100
vt 0.38567100 0.05071600
vt 0.40162600 0.03626200
vt 0.78815100 0.14206300
vt 0.39458600 0.03361100
vt 0.39846200 0.03843700
vt 0.39319500 0.03741500
vt 0.39045800 0.04045500
vt 0.78489900 0.13924800
vt 0.40199100 0.04061900
vt 0.39393000 0.04203300
vt 0.39855500 0.04259600
vt 0.78497200 0.14581600
vt 0.77988000 0.14202700
vt 0.78278400 0.14707600
vt 0.77890900 0.14615200
vt 0.40321800 0.04316400
vt 0.78235100 0.13834500
vt 0.39223300 0.04421800
vt 0.39533900 0.04450000
vt 0.39948000 0.04469200
vt 0.39789000 0.04683100
vt 0.40221600 0.04681200
vt 0.78049900 0.13519900
vt 0.77818900 0.13769600
vt 0.77649200 0.13993800
vt 0.77749600 0.13456300
vt 0.77328300 0.13662300
vt 0.77791600 0.17930500
vt 0.77112900 0.17971700
vt 0.77316300 0.17596600
vt 0.78669100 0.16259700
vt 0.78581800 0.17011100
vt 0.78120900 0.16349900
vt 0.77740000 0.16805800
vt 0.78049100 0.15517700
vt 0.77622800 0.15883400
vt 0.77130800 0.15850800
vt 0.76167800 0.17043500
vt 0.77562500 0.17137000
vt 0.76622000 0.17414500
vt 0.76981800 0.16186000
vt 0.77478900 0.16241000
vt 0.77176400 0.16399400
vt 0.76811600 0.16427300
vt 0.76340900 0.16269200
vt 0.76985100 0.16315100
vt 0.76985100 0.16315100
vt 0.76935900 0.16352400
vt 0.76935900 0.16352400
vt 0.76935900 0.16352400
vt 0.76933900 0.16354100
vt 0.76933900 0.16354100
vt 0.76481400 0.16639000
vt 0.76264200 0.16522400
vt 0.77411800 0.15159400
vt 0.77176500 0.14923200
vt 0.76988100 0.15299000
vt 0.77136800 0.15472200
vt 0.77319600 0.14363500
vt 0.76624900 0.15806000
vt 0.76579400 0.15328000
vt 0.76410000 0.15081200
vt 0.76258100 0.15624300
vt 0.76234400 0.15432100
vt 0.76294600 0.15234500
vt 0.76444400 0.14736000
vt 0.76970400 0.14582500
vt 0.76110100 0.14971300
vt 0.75994500 0.15241700
vt 0.75327900 0.14939300
vt 0.75830200 0.15132500
vt 0.76030000 0.14205100
vt 0.76756900 0.14165000
vt 0.76436500 0.14432500
vt 0.75749200 0.14603400
vt 0.75682200 0.14170700
vt 0.76262100 0.17969900
vt 0.75879100 0.18291700
vt 0.75704100 0.17613500
vt 0.75379600 0.18532600
vt 0.74278400 0.16524200
vt 0.74289700 0.16053800
vt 0.74585500 0.16068700
vt 0.75703100 0.16108300
vt 0.75450400 0.16362200
vt 0.75706500 0.15689100
vt 0.75736200 0.15365400
vt 0.75020900 0.16254500
vt 0.75315700 0.15742300
vt 0.75537100 0.16681300
vt 0.74850700 0.16998900
vt 0.74617800 0.16989700
vt 0.75077400 0.16810300
vt 0.74565900 0.16683000
vt 0.74984000 0.15793800
vt 0.75413900 0.15486300
vt 0.75136900 0.15529700
vt 0.75042600 0.15309600
vt 0.74800400 0.14886200
vt 0.74484600 0.15162100
vt 0.75532700 0.15187700
vt 0.75284100 0.14652700
vt 0.75448700 0.14442900
vt 0.74828500 0.15843200
vt 0.74918900 0.15642600
vt 0.74609200 0.15590600
vt 0.74803900 0.15524500
vt 0.74100500 0.15134200
vt 0.78492600 0.16018000
vt 0.78025600 0.16165500
vt 0.77138900 0.14034900
vt 0.76903700 0.13837800
vt 0.36933100 0.06957500
vt 0.37445500 0.06821200
vt 0.37203600 0.07131700
vt 0.37385900 0.07231700
vt 0.37957300 0.07163900
vt 0.37362000 0.07472500
vt 0.36962200 0.07421400
vt 0.75068500 0.14533300
vt 0.75227900 0.14326200
vt 0.74913800 0.14392500
vt 0.75380000 0.14101800
vt 0.74886100 0.14567300
vt 0.74669600 0.14491400
vt 0.74478600 0.14664800
vt 0.75026000 0.14110100
vt 0.42697000 0.06573400
vt 0.74545800 0.14202300
vt 0.43156200 0.06775200
vt 0.74248100 0.14504900
vt 0.42866300 0.06981200
vt 0.43248700 0.06982800
vt 0.74322800 0.14192500
vt 0.73731700 0.15410700
vt 0.74041100 0.14723400
vt 0.73623200 0.14812200
vt 0.73734200 0.14583400
vt 0.43736900 0.07151200
vt 0.73873800 0.14392900
vt 0.73513800 0.14544500
vt 0.43921600 0.07387700
vt 0.73591300 0.14341400
vt 0.73170600 0.14619400
vt 0.43669400 0.07673700
vt 0.43122400 0.07436000
vt 0.73077600 0.14287900
vt 0.44288700 0.07808400
vt 0.44093800 0.07989700
vt 0.43784200 0.07924100
vt 0.43508200 0.07979300
vt 0.44020600 0.08121900
vt 0.43801900 0.08156800
vt 0.43801900 0.08156800
vt 0.43901100 0.08543300
vt 0.43998800 0.08503300
vt 0.43405700 0.08079400
vt 0.36630700 0.07610100
vt 0.36660900 0.07167800
vt 0.36030100 0.07669400
vt 0.36109600 0.07502700
vt 0.36355700 0.07892400
vt 0.35932400 0.07876700
vt 0.35820300 0.08166300
vt 0.36044100 0.08539700
vt 0.36690700 0.08550000
vt 0.37147100 0.07890200
vt 0.74702000 0.17146600
vt 0.74617100 0.17471500
vt 0.73894100 0.17365400
vt 0.74062100 0.16288000
vt 0.73619500 0.16678800
vt 0.73590200 0.16273900
vt 0.74160800 0.16958300
vt 0.73678500 0.17077300
vt 0.73903400 0.15945800
vt 0.73560100 0.15748900
vt 0.72918500 0.16693200
vt 0.73161800 0.16140400
vt 0.72772300 0.17058800
vt 0.73342000 0.17174000
vt 0.73151300 0.17356600
vt 0.73053200 0.17230300
vt 0.72629000 0.17416500
vt 0.72783100 0.16301600
vt 0.72495900 0.16818700
vt 0.72493800 0.16399500
vt 0.74137900 0.17089300
vt 0.74176800 0.17198100
vt 0.72068500 0.18231800
vt 0.72102600 0.17668900
vt 0.72812300 0.17576300
vt 0.72026100 0.17096700
vt 0.71392100 0.18071800
vt 0.72213600 0.17383800
vt 0.71683600 0.17449600
vt 0.72458600 0.17546800
vt 0.72064700 0.17519500
vt 0.71620400 0.17633400
vt 0.71328500 0.17827800
vt 0.70959600 0.17819700
vt 0.71178400 0.17615000
vt 0.73171900 0.15976900
vt 0.72545000 0.15814100
vt 0.72069200 0.16807600
vt 0.72553800 0.16139600
vt 0.72055700 0.16210000
vt 0.73023300 0.15408900
vt 0.72580100 0.15320100
vt 0.72133500 0.15569900
vt 0.71991300 0.16387500
vt 0.71784300 0.16051400
vt 0.72123500 0.15254700
vt 0.71417700 0.15704000
vt 0.71757000 0.15385700
vt 0.72011600 0.14962200
vt 0.71477400 0.15267500
vt 0.73036600 0.15079400
vt 0.73292800 0.14975800
vt 0.72897800 0.14377800
vt 0.44482400 0.07901600
vt 0.72579900 0.14550500
vt 0.44842600 0.08044100
vt 0.72310200 0.14896500
vt 0.44712300 0.08367200
vt 0.44941000 0.08478700
vt 0.72165000 0.14667300
vt 0.45199200 0.08314300
vt 0.44339000 0.08692500
vt 0.44504400 0.08380100
vt 0.45732500 0.08486000
vt 0.71685600 0.14922600
vt 0.45501300 0.08727200
vt 0.46044600 0.08870900
vt 0.71588900 0.16540500
vt 0.71661400 0.16976400
vt 0.71417100 0.16985200
vt 0.71177200 0.17272300
vt 0.71705100 0.16199300
vt 0.71342200 0.16281800
vt 0.71112700 0.16638700
vt 0.71127000 0.16236100
vt 0.71005700 0.17132000
vt 0.70612200 0.17708800
vt 0.70872400 0.16967100
vt 0.70875500 0.16618300
vt 0.70590700 0.16753900
vt 0.70761000 0.16237000
vt 0.70679600 0.15897800
vt 0.46373600 0.08770000
vt 0.71103200 0.15229100
vt 0.70594900 0.15546500
vt 0.46970300 0.08982100
vt 0.70157500 0.16359800
vt 0.70041600 0.15919900
vt 0.47637000 0.09195600
vt 0.44410400 0.08794200
vt 0.44634900 0.08722500
vt 0.44738600 0.08610100
vt 0.44966000 0.08866000
vt 0.45193500 0.08708600
vt 0.45364000 0.09136900
vt 0.47458000 0.09444200
vt 0.47676800 0.09762900
vt 0.48402000 0.09737600
vt 0.69192100 0.16125200
vt 0.47173300 0.09672600
vt 0.46470400 0.09036600
vt 0.47312300 0.10040100
vt 0.69668600 0.18004900
vt 0.47981900 0.10146900
vt 0.48388200 0.10197800
vt 0.48725900 0.10299500
vt 0.48456800 0.10611900
vt 0.47592500 0.10028700
vt 0.47754900 0.10228200
vt 0.47819800 0.10369400
vt 0.48027500 0.10527000
vt 0.48110700 0.10679900
vt 0.48794400 0.10777500
vt 0.48968900 0.10911200
vt 0.48849900 0.11223600
vt 0.48628100 0.11012800
vt 0.49105800 0.11178000
vt 0.49219600 0.11252600
vt 0.49335700 0.11482000
vt 0.50038400 0.11814700
vt 0.38865500 0.11765200
vt 0.39126500 0.11556800
vt 0.39693800 0.11639700
vt 0.39278000 0.12044300
vt 0.39514700 0.11884300
vt 0.38724700 0.11920800
vt 0.38779500 0.12133000
vt 0.39657400 0.12014800
vt 0.40009300 0.12054900
vt 0.39367600 0.12309000
vt 0.39792400 0.12471200
vt 0.40325500 0.12275900
vt 0.39032400 0.12292200
vt 0.38656000 0.12442800
vt 0.39269700 0.12530600
vt 0.38970000 0.12808400
vt 0.39151300 0.13045000
vt 0.39761600 0.12902400
vt 0.36124700 0.09310800
vt 0.36651500 0.09251300
vt 0.36622900 0.09743800
vt 0.35715500 0.09373100
vt 0.35807100 0.10175800
vt 0.36890700 0.09677200
vt 0.37154800 0.09939900
vt 0.36866700 0.10385700
vt 0.36128200 0.10270000
vt 0.35124500 0.09775500
vt 0.37368200 0.10311100
vt 0.37523000 0.10717200
vt 0.37862100 0.10265800
vt 0.37766100 0.10861700
vt 0.36216400 0.10601600
vt 0.36685200 0.10923100
vt 0.37612500 0.11121700
vt 0.37052500 0.11018800
vt 0.36758200 0.11343000
vt 0.38141600 0.11842900
vt 0.38275100 0.11543400
vt 0.38427000 0.11856700
vt 0.38200700 0.12034200
vt 0.37888700 0.11914600
vt 0.37652500 0.11740500
vt 0.36530800 0.12162500
vt 0.36314700 0.11997100
vt 0.36855000 0.12027000
vt 0.37312700 0.11663100
vt 0.37176900 0.12136300
vt 0.36133000 0.12296300
vt 0.37842700 0.12117100
vt 0.38272400 0.12315600
vt 0.38624500 0.11468500
vt 0.38525900 0.12123500
vt 0.38413900 0.12657400
vt 0.38704900 0.12812700
vt 0.38437900 0.12864600
vt 0.38612700 0.13002200
vt 0.38366300 0.13092700
vt 0.38175600 0.12942600
vt 0.35959900 0.16447000
vt 0.35578900 0.16406700
vt 0.35635800 0.15960700
vt 0.35218200 0.16158800
vt 0.36393700 0.16083800
vt 0.36337800 0.16304700
vt 0.33236000 0.15469100
vt 0.28754600 0.27262600
vt 0.33636000 0.15528100
vt 0.33496500 0.15294900
vt 0.33875600 0.15352700
vt 0.33834800 0.15756100
vt 0.29111500 0.27273200
vt 0.33427000 0.15744000
vt 0.33658200 0.15843300
vt 0.34259200 0.15030300
vt 0.34549100 0.15453600
vt 0.34378700 0.15600500
vt 0.33855700 0.15034800
vt 0.34351500 0.16069400
vt 0.33846500 0.16136500
vt 0.29699500 0.27179600
vt 0.34762500 0.15805000
vt 0.34747500 0.16078300
vt 0.34868500 0.16235800
vt 0.35123400 0.15847200
vt 0.38523900 0.13319200
vt 0.39224900 0.13513500
vt 0.49896200 0.15950800
vt 0.50344300 0.15365200
vt 0.42855400 0.15898100
vt 0.43531400 0.15726500
vt 0.43415400 0.16116900
vt 0.43559900 0.16472200
vt 0.41260900 0.16712300
vt 0.41592400 0.16222600
vt 0.41995900 0.16785800
vt 0.42505200 0.16071500
vt 0.42436900 0.16302300
vt 0.42064600 0.16377700
vt 0.42956100 0.16538800
vt 0.42242900 0.16915600
vt 0.41460000 0.17033900
vt 0.41970400 0.17042100
vt 0.42233100 0.17780900
vt 0.42475400 0.17046900
vt 0.42620700 0.17420600
vt 0.41528000 0.17257300
vt 0.44207500 0.16525000
vt 0.44176300 0.16125800
vt 0.44694000 0.16514400
vt 0.44195500 0.16928200
vt 0.45050000 0.17013400
vt 0.43343500 0.17663400
vt 0.42994200 0.17220200
vt 0.43646900 0.17276800
vt 0.43277500 0.18168600
vt 0.42739700 0.17858000
vt 0.50479300 0.16458200
vt 0.49612500 0.16222800
vt 0.49528200 0.16986100
vt 0.49623000 0.16605600
vt 0.50053700 0.16806500
vt 0.49017400 0.16355200
vt 0.48992300 0.16627800
vt 0.48531800 0.16977600
vt 0.48147000 0.17095100
vt 0.48286000 0.16628200
vt 0.48671000 0.17099400
vt 0.48741800 0.16877100
vt 0.49020100 0.17023800
vt 0.48458500 0.17165000
vt 0.48328700 0.17334500
vt 0.48905100 0.17352400
vt 0.48581800 0.17326200
vt 0.49410100 0.17395200
vt 0.48699000 0.17495800
vt 0.48912600 0.17604300
vt 0.47903100 0.16829700
vt 0.47906100 0.17332200
vt 0.47673600 0.17145600
vt 0.46945500 0.17345700
vt 0.47032900 0.17629900
vt 0.46786600 0.17564300
vt 0.46999000 0.18109700
vt 0.46498100 0.17372400
vt 0.46512800 0.17929200
vt 0.48410200 0.17440300
vt 0.48427300 0.17657900
vt 0.48408900 0.17904200
vt 0.49738400 0.17937600
vt 0.48951000 0.17965600
vt 0.48608500 0.18090700
vt 0.48445200 0.18205100
vt 0.48742100 0.18251000
vt 0.48510200 0.18436200
vt 0.48773500 0.18524600
vt 0.48881500 0.18418200
vt 0.47328100 0.17433200
vt 0.47618800 0.17420300
vt 0.47541200 0.17721000
vt 0.48198700 0.17620400
vt 0.47867200 0.17601800
vt 0.47759300 0.17948800
vt 0.47827600 0.18155700
vt 0.47489700 0.18214000
vt 0.48204600 0.18321800
vt 0.47702800 0.18360200
vt 0.47273800 0.18649200
vt 0.48024000 0.18434800
vt 0.47700500 0.18920200
vt 0.48301200 0.18748600
vt 0.48863200 0.18658400
vt 0.45419700 0.17676500
vt 0.45947100 0.17400400
vt 0.45672800 0.17936800
vt 0.45258600 0.17975100
vt 0.45297200 0.18193300
vt 0.46185800 0.18224400
vt 0.49243100 0.18468700
vt 0.49970400 0.19303000
vt 0.49562200 0.18503000
vt 0.50378600 0.18488900
vt 0.49310900 0.18831000
vt 0.75904000 0.22791600
vt 0.75755900 0.23219300
vt 0.76341100 0.22874700
vt 0.75049800 0.23497600
vt 0.74546800 0.23154400
vt 0.73787200 0.23182700
vt 0.74881100 0.23722300
vt 0.74535900 0.23694800
vt 0.73445200 0.23454700
vt 0.74667000 0.24351600
vt 0.74969800 0.24204600
vt 0.73689500 0.24407000
vt 0.80661000 0.21728700
vt 0.81473100 0.21607800
vt 0.80864800 0.21918500
vt 0.80961700 0.23203200
vt 0.81775600 0.22625400
vt 0.81312100 0.22482300
vt 0.81304300 0.22339300
vt 0.81712900 0.22363000
vt 0.81822200 0.22454100
vt 0.81128600 0.22623400
vt 0.80622400 0.22868100
vt 0.79710800 0.23180500
vt 0.80580700 0.22654700
vt 0.80259900 0.22835600
vt 0.79744400 0.22331900
vt 0.78259300 0.22421600
vt 0.79165800 0.22753000
vt 0.79165800 0.22753000
vt 0.78796100 0.22846100
vt 0.78773000 0.23742300
vt 0.78991900 0.23340500
vt 0.78324300 0.23289300
vt 0.77947100 0.23516400
vt 0.79582400 0.22978100
vt 0.79582400 0.22978100
vt 0.79634900 0.22782200
vt 0.79413100 0.22853500
vt 0.79413100 0.22853500
vt 0.80003200 0.22653900
vt 0.80036500 0.22778900
vt 0.79263700 0.23133800
vt 0.78847900 0.23112300
vt 0.78419600 0.23155800
vt 0.77993200 0.23033300
vt 0.82136300 0.22354400
vt 0.78576300 0.18795300
vt 0.77310900 0.22572400
vt 0.77088800 0.23288200
vt 0.77911500 0.23184700
vt 0.77588700 0.23323000
vt 0.77506300 0.23447700
vt 0.77262600 0.23377300
vt 0.76752600 0.23758000
vt 0.76443300 0.23335600
vt 0.77041700 0.23449200
vt 0.76573900 0.23460200
vt 0.76628100 0.23605100
vt 0.76101300 0.23492700
vt 0.76502600 0.18361600
vt 0.74573600 0.19527200
vt 0.74918100 0.18560300
vt 0.74419100 0.18778800
vt 0.75105100 0.18117600
vt 0.74637600 0.17946600
vt 0.75756400 0.24043400
vt 0.76040000 0.23642700
vt 0.75947000 0.23763200
vt 0.75680600 0.23837300
vt 0.75709600 0.23704100
vt 0.75780400 0.23591700
vt 0.75360100 0.23695100
vt 0.75431600 0.23780100
vt 0.75377600 0.23901500
vt 0.75087500 0.23966000
vt 0.74884400 0.23974800
vt 0.74545300 0.23880900
vt 0.74447800 0.24040200
vt 0.74113400 0.24020700
vt 0.74145500 0.23839500
vt 0.74118400 0.24186400
vt 0.71756900 0.23570300
vt 0.71722700 0.23764400
vt 0.71808100 0.25050400
vt 0.72789400 0.24559100
vt 0.73520600 0.24210300
vt 0.73540300 0.23883600
vt 0.73716300 0.24026400
vt 0.73306200 0.24125100
vt 0.72672800 0.24060700
vt 0.71859800 0.24329500
vt 0.72654200 0.24282800
vt 0.72788900 0.24368600
vt 0.72329800 0.24473000
vt 0.72011900 0.24388300
vt 0.71765500 0.24584300
vt 0.71143800 0.24423000
vt 0.71473600 0.24233300
vt 0.70056000 0.23902300
vt 0.69623500 0.24232600
vt 0.70754400 0.24372300
vt 0.71604100 0.24485500
vt 0.70248500 0.24712700
vt 0.70725000 0.25179900
vt 0.71493300 0.24720200
vt 0.71237300 0.24647600
vt 0.70867700 0.24618700
vt 0.70906900 0.24859500
vt 0.70485900 0.24754600
vt 0.70317000 0.24923700
vt 0.69836400 0.24914800
vt 0.69787700 0.24754000
vt 0.69862100 0.25163500
vt 0.67162700 0.24544700
vt 0.67668800 0.24680500
vt 0.66792000 0.24813900
vt 0.65657000 0.24956100
vt 0.66272400 0.24758300
vt 0.67040100 0.25236600
vt 0.66726500 0.25267100
vt 0.66394400 0.25218700
vt 0.69665200 0.24057100
vt 0.68612500 0.24310200
vt 0.69447100 0.24873200
vt 0.69410100 0.24980200
vt 0.69127300 0.24975400
vt 0.69656500 0.25026300
vt 0.69177500 0.25119800
vt 0.68645100 0.24925300
vt 0.68537500 0.25486800
vt 0.69097600 0.25274200
vt 0.67809000 0.25543100
vt 0.68747700 0.25218700
vt 0.68348000 0.25238000
vt 0.68617400 0.25066300
vt 0.68110700 0.25104000
vt 0.68252900 0.25379400
vt 0.67859100 0.25323900
vt 0.67108600 0.25717900
vt 0.67613100 0.25465000
vt 0.67363300 0.25456000
vt 0.67557500 0.25246000
vt 0.67131700 0.25413900
vt 0.67135500 0.25580600
vt 0.66763700 0.25498900
vt 0.66391300 0.25512800
vt 0.73415600 0.19441800
vt 0.72694300 0.19590600
vt 0.73420900 0.19001300
vt 0.74063800 0.18113800
vt 0.73172800 0.18744200
vt 0.73499100 0.18123200
vt 0.72794600 0.18965200
vt 0.71556800 0.19349300
vt 0.72041000 0.18564200
vt 0.72903700 0.18276900
vt 0.71581100 0.18614700
vt 0.72138300 0.19707300
vt 0.71230700 0.18789600
vt 0.70721700 0.18983600
vt 0.70844200 0.18683300
vt 0.70407000 0.18749100
vt 0.68339300 0.20056000
vt 0.67614700 0.20112000
vt 0.67194800 0.20230500
vt 0.67236900 0.19744200
vt 0.66829900 0.20141000
vt 0.69688800 0.18987600
vt 0.68945600 0.19031200
vt 0.68614600 0.19334700
vt 0.69904600 0.18053400
vt 0.67877900 0.19474100
vt 0.68302200 0.19105100
vt 0.50021500 0.11956200
vt 0.65998900 0.25852100
vt 0.65511400 0.25945200
vt 0.66715200 0.25730800
vt 0.66423000 0.25683900
vt 0.65919100 0.25667900
vt 0.66001300 0.25558200
vt 0.65506600 0.25594800
vt 0.50347400 0.12277700
vt 0.50026200 0.12234200
vt 0.49870100 0.12577000
vt 0.50438300 0.12570300
vt 0.50281900 0.13092800
vt 0.49572100 0.12985400
vt 0.50816600 0.12787400
vt 0.51181300 0.12902700
vt 0.51487300 0.13026900
vt 0.51110600 0.13252900
vt 0.50150200 0.13846800
vt 0.50402600 0.14021600
vt 0.50646400 0.14251800
vt 0.50814200 0.13693100
vt 0.50409800 0.14533000
vt 0.50966100 0.14081900
vt 0.49644000 0.13659100
vt 0.50112600 0.14237400
vt 0.49961800 0.14586200
vt 0.65518900 0.24772200
vt 0.63921900 0.22641400
vt 0.64388700 0.21972000
vt 0.63871300 0.22285200
vt 0.63880500 0.21421300
vt 0.64722500 0.21240900
vt 0.64564600 0.20746600
vt 0.64444500 0.20631200
vt 0.65450400 0.18900600
vt 0.63037900 0.18976900
vt 0.63037900 0.18976900
vt 0.65040700 0.24893700
vt 0.64348800 0.25266100
vt 0.64124500 0.25085200
vt 0.64987300 0.25617300
vt 0.65013700 0.25774800
vt 0.65075600 0.25919800
vt 0.64826500 0.25935900
vt 0.64598000 0.25826800
vt 0.63947100 0.25808700
vt 0.64669400 0.26060600
vt 0.64547200 0.25964000
vt 0.63025900 0.25535600
vt 0.63544200 0.26627800
vt 0.63829500 0.26032300
vt 0.64154000 0.26126900
vt 0.63491600 0.26278000
vt 0.63243300 0.26402100
vt 0.63256400 0.26172400
vt 0.62723600 0.25432400
vt 0.62402700 0.27045000
vt 0.62267900 0.25695800
vt 0.62895200 0.26283100
vt 0.62838600 0.26132500
vt 0.62904500 0.26411900
vt 0.62518100 0.26496700
vt 0.62415000 0.26342700
vt 0.62322800 0.26146000
vt 0.62499000 0.26715200
vt 0.62242200 0.26730700
vt 0.62128700 0.26366900
vt 0.62066000 0.26587200
vt 0.61465500 0.26035500
vt 0.61244200 0.27191200
vt 0.61771200 0.26739800
vt 0.61478900 0.26506800
vt 0.61849400 0.26520300
vt 0.61670900 0.26636000
vt 0.61127000 0.26765800
vt 0.61147400 0.26979800
vt 0.61240400 0.25869900
vt 0.60707300 0.26157600
vt 0.61005100 0.26587200
vt 0.60861800 0.26727100
vt 0.60470900 0.26709700
vt 0.65383300 0.25796000
vt 0.62830800 0.22647300
vt 0.62186300 0.22796200
vt 0.62575500 0.23145300
vt 0.61892700 0.22898300
vt 0.62041500 0.23402600
vt 0.62000100 0.23257000
vt 0.61670300 0.23257200
vt 0.61429400 0.23512200
vt 0.61301900 0.23640600
vt 0.63332600 0.22504400
vt 0.63501200 0.22082900
vt 0.62989500 0.22492400
vt 0.63042200 0.22073700
vt 0.62823100 0.22364600
vt 0.63449800 0.21396200
vt 0.62572600 0.22576600
vt 0.62302900 0.22377500
vt 0.62502700 0.22029900
vt 0.61974100 0.22662100
vt 0.61876200 0.22521100
vt 0.62011800 0.22072500
vt 0.61811000 0.22384600
vt 0.61400400 0.21869100
vt 0.61748600 0.21778400
vt 0.61550400 0.22067900
vt 0.61131200 0.21675200
vt 0.61731900 0.22779100
vt 0.61167400 0.22816600
vt 0.61265100 0.22965500
vt 0.61226400 0.23387100
vt 0.61383300 0.22678700
vt 0.61189800 0.22556000
vt 0.61374600 0.22432200
vt 0.60913500 0.21990300
vt 0.60732500 0.22650800
vt 0.60710500 0.22473900
vt 0.60830600 0.23680600
vt 0.61207700 0.23498700
vt 0.60744300 0.23541500
vt 0.60642200 0.23374600
vt 0.60658400 0.23013000
vt 0.60059800 0.23110100
vt 0.59995900 0.23707400
vt 0.60012000 0.23576200
vt 0.60202300 0.22885600
vt 0.59853700 0.23881600
vt 0.59862600 0.22946800
vt 0.59553000 0.23114600
vt 0.60328400 0.22212400
vt 0.60392900 0.21866500
vt 0.60637800 0.21457000
vt 0.60089400 0.21980900
vt 0.59840600 0.21709500
vt 0.58839900 0.21159100
vt 0.59896800 0.22709700
vt 0.59937100 0.22792000
vt 0.60122600 0.22506000
vt 0.59361000 0.23589500
vt 0.59294200 0.23785100
vt 0.58282500 0.21887700
vt 0.59346900 0.22778300
vt 0.58811800 0.23206700
vt 0.59451300 0.22972300
vt 0.58896900 0.22968800
vt 0.58845000 0.22764900
vt 0.60337500 0.27488500
vt 0.60116500 0.26110100
vt 0.59515500 0.26405300
vt 0.60736900 0.26872100
vt 0.60412200 0.27060900
vt 0.60472300 0.26863600
vt 0.60033300 0.27325700
vt 0.60082400 0.27057100
vt 0.59932700 0.26921900
vt 0.59249900 0.27492100
vt 0.58244000 0.27877600
vt 0.57161700 0.28448900
vt 0.59382800 0.27161900
vt 0.59388300 0.27306100
vt 0.58956100 0.27354400
vt 0.59215900 0.27074700
vt 0.58490900 0.27530200
vt 0.58433800 0.27418100
vt 0.58735700 0.27119400
vt 0.58366400 0.27335500
vt 0.58116400 0.27500100
vt 0.57937200 0.27291800
vt 0.57926300 0.27508400
vt 0.58114100 0.27670100
vt 0.57605600 0.27788100
vt 0.57070100 0.28041200
vt 0.57455600 0.27696300
vt 0.57034100 0.28168700
vt 0.56483900 0.28531100
vt 0.56558800 0.28051100
vt 0.58649600 0.26362400
vt 0.58621600 0.26560000
vt 0.57939100 0.26674200
vt 0.58002600 0.26806800
vt 0.56947000 0.27083400
vt 0.58876600 0.23999000
vt 0.59028600 0.23680200
vt 0.58681300 0.23508700
vt 0.58383000 0.23093100
vt 0.58656300 0.23888400
vt 0.58243900 0.23497900
vt 0.58230500 0.23312800
vt 0.58181800 0.23082100
vt 0.57528800 0.22583000
vt 0.58036900 0.23021000
vt 0.58280900 0.23987200
vt 0.57809000 0.24105100
vt 0.57882400 0.23565600
vt 0.57909300 0.23331700
vt 0.57616400 0.23294100
vt 0.57634900 0.23515800
vt 0.57318200 0.23813900
vt 0.56951600 0.23685800
vt 0.56852200 0.27325700
vt 0.57197000 0.24250300
vt 0.56569900 0.24126200
vt 0.56740500 0.24451800
vt 0.56530100 0.24449400
vt 0.60580600 0.21065200
vt 0.52651600 0.13632000
vt 0.51435500 0.13600400
vt 0.52102500 0.13826900
vt 0.62524300 0.18708100
vt 0.62544500 0.19106700
vt 0.62544500 0.19106700
vt 0.62095000 0.18831700
vt 0.62508600 0.18977100
vt 0.54013200 0.17467800
vt 0.61698400 0.16618200
vt 0.53304600 0.17359500
vt 0.52496900 0.17461600
vt 0.53552700 0.17600900
vt 0.59869100 0.20907200
vt 0.58270600 0.20495300
vt 0.58468300 0.20832700
vt 0.59811600 0.21245600
vt 0.58079100 0.21495800
vt 0.57962900 0.20937800
vt 0.57076200 0.20395500
vt 0.57202800 0.21703900
vt 0.62172800 0.18985100
vt 0.61914700 0.19156600
vt 0.61583700 0.18894300
vt 0.61775800 0.19041100
vt 0.61775800 0.19041100
vt 0.60958700 0.18711700
vt 0.61345800 0.19139500
vt 0.61185900 0.18980200
vt 0.61017800 0.18840700
vt 0.60751600 0.18930600
vt 0.60604200 0.18845900
vt 0.56418900 0.18364500
vt 0.60025100 0.18635000
vt 0.60080800 0.19039900
vt 0.56820100 0.18604400
vt 0.60080800 0.19039900
vt 0.56362400 0.19188800
vt 0.60451600 0.18932600
vt 0.60264500 0.18848800
vt 0.60264500 0.18848800
vt 0.60150600 0.18904000
vt 0.60150600 0.18904000
vt 0.60150600 0.18904000
vt 0.59988500 0.18826900
vt 0.56598900 0.18532100
vt 0.56521500 0.18790500
vt 0.56247300 0.18794100
vt 0.55754200 0.18924400
vt 0.56210000 0.19016300
vt 0.56163200 0.19198800
vt 0.55814200 0.19372500
vt 0.55972900 0.19553200
vt 0.55755800 0.19658300
vt 0.51069100 0.16651800
vt 0.50970700 0.16911400
vt 0.51134000 0.17768900
vt 0.52056600 0.18597500
vt 0.53415300 0.18307600
vt 0.53157200 0.18540200
vt 0.51107300 0.18875400
vt 0.52737900 0.19104400
vt 0.53241300 0.18924500
vt 0.52379700 0.19343400
vt 0.51626000 0.19114200
vt 0.57765400 0.22136300
vt 0.57445100 0.22119800
vt 0.57317000 0.22648200
vt 0.57026700 0.22313700
vt 0.56770300 0.22758700
vt 0.57201000 0.23170300
vt 0.56957000 0.23193600
vt 0.56711700 0.21957500
vt 0.56405000 0.22739600
vt 0.56322700 0.21603900
vt 0.56233300 0.22441500
vt 0.55517300 0.22193700
vt 0.56485800 0.23660600
vt 0.56222200 0.23230200
vt 0.56367600 0.23895300
vt 0.55760900 0.23463500
vt 0.55790100 0.22864500
vt 0.55497900 0.23085100
vt 0.55139200 0.22888800
vt 0.55104400 0.22293000
vt 0.55357800 0.23507100
vt 0.54834500 0.23933600
vt 0.55088000 0.23647300
vt 0.54944000 0.23266000
vt 0.54633100 0.22733300
vt 0.54326800 0.23190700
vt 0.55424200 0.19732100
vt 0.55607400 0.19974900
vt 0.55143500 0.20200700
vt 0.54947700 0.20625100
vt 0.54420000 0.22166300
vt 0.54607400 0.21580600
vt 0.54670000 0.22960800
vt 0.53493600 0.23009400
vt 0.54563500 0.21246800
vt 0.54307500 0.21442800
vt 0.53961000 0.22003600
vt 0.54202800 0.21404600
vt 0.54026800 0.21639500
vt 0.53978600 0.21535900
vt 0.53586700 0.21742600
vt 0.53586700 0.21742600
vt 0.53706700 0.21898500
vt 0.53591200 0.22251600
vt 0.53600200 0.21845700
vt 0.53600200 0.21845700
vt 0.53108300 0.21955600
vt 0.53482000 0.22006700
vt 0.53482000 0.22006700
vt 0.53202800 0.22255000
vt 0.53317400 0.22046000
vt 0.53150100 0.22077700
vt 0.53150100 0.22077700
vt 0.54470600 0.21209700
vt 0.81423300 0.15712000
vt 0.01201200 0.37012400
vt 0.81423300 0.15712000
vt 0.01476000 0.36810500
vt 0.01298100 0.36893000
vt 0.01352300 0.36720700
vt 0.00983700 0.36844800
vt 0.00983700 0.36844800
vt 0.39529900 0.00914100
vt 0.39529900 0.00914100
vt 0.39681700 0.00917500
vt 0.81140200 0.15653300
vt 0.00914100 0.36990200
vt 0.01780400 0.36742400
vt 0.01062000 0.37654300
vt 0.81416300 0.16340000
vt 0.80698100 0.16511900
vt 0.78913200 0.17752300
vt 0.79154100 0.17316900
vt 0.79824500 0.16713600
vt 0.79078500 0.16867000
vt 0.79062400 0.16281000
vt 0.80301000 0.15917400
vt 0.39540800 0.01048400
vt 0.39805400 0.01131000
vt 0.80890000 0.15690900
vt 0.80890000 0.15690900
vt 0.80717600 0.15681800
vt 0.39919800 0.01260800
vt 0.80362400 0.15793600
vt 0.79914700 0.15891800
vt 0.80095900 0.15728900
vt 0.79259200 0.16114300
vt 0.79531900 0.15975700
vt 0.79201700 0.15966000
vt 0.78951400 0.16075300
vt 0.78894600 0.15969100
vt 0.37695200 0.02956800
vt 0.37904600 0.03196100
vt 0.37770000 0.03251300
vt 0.37478100 0.03582800
vt 0.37968100 0.03624800
vt 0.37829400 0.04037900
vt 0.37682200 0.04600500
vt 0.38144300 0.03986300
vt 0.38048600 0.05543500
vt 0.39677900 0.04712700
vt 0.40361600 0.04942900
vt 0.77795100 0.13308500
vt 0.40167300 0.05050100
vt 0.77393100 0.13314900
vt 0.40521000 0.05274400
vt 0.77404900 0.13447100
vt 0.77190700 0.13382400
vt 0.40719300 0.05364800
vt 0.39921400 0.05053400
vt 0.39235100 0.04923800
vt 0.78295300 0.17586500
vt 0.76715800 0.17741100
vt 0.78221600 0.17058800
vt 0.77780000 0.16477000
vt 0.77771700 0.16306100
vt 0.77447900 0.16430000
vt 0.77183400 0.16547800
vt 0.77041000 0.16672100
vt 0.76764300 0.16647800
vt 0.76934100 0.16520700
vt 0.76959900 0.16334200
vt 0.76959900 0.16334200
vt 0.76959900 0.16334200
vt 0.76333500 0.16817600
vt 0.75774700 0.16876300
vt 0.76134500 0.16756900
vt 0.75861800 0.16739800
vt 0.76292500 0.16639100
vt 0.76292500 0.16639100
vt 0.75371000 0.17747700
vt 0.74942100 0.17766400
vt 0.75204500 0.17003500
vt 0.75751000 0.16691200
vt 0.75508400 0.16868000
vt 0.75281300 0.16862600
vt 0.78654300 0.16089100
vt 0.78447700 0.16210300
vt 0.78228200 0.16211800
vt 0.76377100 0.13523500
vt 0.41436600 0.05727100
vt 0.36985500 0.05613600
vt 0.36587800 0.05594000
vt 0.36542600 0.05925000
vt 0.36823000 0.06079000
vt 0.37208500 0.05811700
vt 0.36568600 0.06280300
vt 0.37360700 0.06133300
vt 0.36886400 0.06574900
vt 0.36657800 0.06597300
vt 0.37126000 0.06478900
vt 0.38314900 0.06045500
vt 0.37684600 0.06535300
vt 0.38160200 0.06655900
vt 0.40601200 0.05672900
vt 0.40034400 0.05709600
vt 0.39422900 0.05423600
vt 0.40265800 0.05636900
vt 0.40503700 0.05958200
vt 0.40286600 0.06497900
vt 0.39329700 0.06011400
vt 0.38933900 0.05737300
vt 0.38672000 0.05580700
vt 0.38717600 0.06230400
vt 0.38420700 0.07154500
vt 0.39750300 0.07111500
vt 0.38166600 0.07682200
vt 0.38087800 0.08139200
vt 0.37086900 0.08249900
vt 0.39263300 0.08095200
vt 0.38389200 0.08447500
vt 0.37909000 0.08714400
vt 0.37501000 0.08826800
vt 0.38308600 0.09036300
vt 0.38962300 0.08640700
vt 0.38903700 0.09276500
vt 0.39193800 0.09628000
vt 0.41546500 0.06016600
vt 0.41372000 0.05815100
vt 0.75918400 0.13945600
vt 0.75778600 0.13660000
vt 0.41959500 0.06071200
vt 0.75530600 0.13842700
vt 0.42048800 0.06236700
vt 0.75595100 0.13640600
vt 0.42374600 0.06547600
vt 0.75224900 0.13848600
vt 0.42170400 0.06502500
vt 0.42306100 0.06683500
vt 0.42449700 0.06913700
vt 0.42772000 0.07293900
vt 0.42790600 0.07710900
vt 0.42931100 0.07662900
vt 0.43170300 0.07721000
vt 0.43211100 0.08106900
vt 0.43078200 0.08197200
vt 0.43322200 0.08613300
vt 0.43599000 0.08791200
vt 0.43657000 0.09422700
vt 0.40884800 0.05667800
vt 0.76841800 0.13359900
vt 0.40979900 0.05566700
vt 0.40949000 0.06011700
vt 0.41329700 0.06159200
vt 0.41127700 0.06207400
vt 0.40820500 0.06350100
vt 0.41498200 0.06451100
vt 0.41118700 0.06681000
vt 0.41656500 0.06360400
vt 0.42046400 0.06537400
vt 0.41722600 0.06516700
vt 0.42088700 0.06901900
vt 0.41873900 0.07267000
vt 0.42371800 0.07362200
vt 0.42388100 0.08161300
vt 0.42718500 0.08071800
vt 0.41345800 0.07812200
vt 0.42327200 0.09050000
vt 0.40466300 0.09431100
vt 0.41325700 0.08936600
vt 0.41497300 0.10020100
vt 0.42771400 0.09716900
vt 0.42052700 0.10189800
vt 0.36296400 0.06757700
vt 0.36545500 0.06895600
vt 0.36167500 0.07082000
vt 0.36041100 0.07201000
vt 0.36212700 0.07236100
vt 0.36986900 0.08747200
vt 0.73494400 0.17666900
vt 0.73786700 0.17200200
vt 0.73598200 0.17310100
vt 0.70770700 0.17963100
vt 0.44101300 0.08800200
vt 0.43895400 0.09008900
vt 0.44167600 0.09040700
vt 0.44602500 0.09352800
vt 0.45782100 0.09377500
vt 0.44873900 0.09202600
vt 0.45129300 0.09482400
vt 0.46197800 0.09227500
vt 0.46645400 0.09622700
vt 0.46702300 0.09842800
vt 0.46540400 0.10021900
vt 0.46318800 0.09770400
vt 0.46922000 0.09903700
vt 0.46964200 0.10111000
vt 0.47116000 0.10377900
vt 0.47379700 0.10188500
vt 0.47542800 0.10445500
vt 0.47401500 0.10802800
vt 0.46218800 0.09522900
vt 0.45851500 0.09952000
vt 0.45417100 0.09628600
vt 0.46605400 0.09697200
vt 0.44065900 0.08674100
vt 0.70534500 0.17831000
vt 0.70302600 0.17933200
vt 0.47903500 0.10726900
vt 0.48164800 0.10903500
vt 0.48485300 0.10834900
vt 0.48498200 0.10968900
vt 0.48040800 0.11371300
vt 0.48478700 0.11393300
vt 0.47581800 0.11569900
vt 0.49057500 0.11629900
vt 0.49360800 0.11755100
vt 0.49900700 0.11810200
vt 0.38048400 0.09137900
vt 0.37683900 0.09351200
vt 0.37928600 0.09274800
vt 0.38351300 0.09417500
vt 0.37916800 0.09783900
vt 0.38907000 0.09855900
vt 0.38420700 0.09787500
vt 0.38951400 0.10204400
vt 0.39405900 0.10190200
vt 0.37561400 0.09854100
vt 0.38423300 0.10058600
vt 0.38169100 0.10510500
vt 0.38627100 0.10411900
vt 0.37993500 0.10641700
vt 0.38146500 0.10869100
vt 0.38516200 0.10693100
vt 0.38940800 0.10751800
vt 0.38878500 0.11137300
vt 0.38355300 0.11159900
vt 0.40372700 0.10686500
vt 0.40293700 0.10107000
vt 0.39540000 0.10849300
vt 0.39298900 0.10480500
vt 0.39781100 0.10500800
vt 0.39804200 0.11220400
vt 0.39296900 0.11223100
vt 0.40258600 0.11283800
vt 0.40098900 0.11499900
vt 0.40577300 0.11212300
vt 0.41106600 0.10957100
vt 0.41786900 0.10934600
vt 0.40307900 0.11672100
vt 0.40790500 0.11754700
vt 0.40665200 0.11871800
vt 0.40090700 0.13530300
vt 0.41163600 0.11992100
vt 0.41834800 0.11952100
vt 0.41521400 0.12321000
vt 0.42098900 0.12091300
vt 0.42549700 0.11915300
vt 0.42168200 0.12713300
vt 0.42614900 0.12685300
vt 0.41717300 0.12857300
vt 0.42398200 0.13061200
vt 0.42330000 0.13473800
vt 0.41981100 0.13165000
vt 0.41671900 0.13382700
vt 0.41656600 0.13564200
vt 0.41110700 0.11736200
vt 0.40852000 0.12213600
vt 0.40621700 0.12577000
vt 0.41133100 0.13196800
vt 0.40858000 0.13032200
vt 0.40668100 0.13633200
vt 0.41360500 0.14142400
vt 0.38932800 0.13949200
vt 0.39753300 0.13985800
vt 0.39486100 0.14195800
vt 0.40836400 0.13996100
vt 0.40356100 0.14291100
vt 0.39819300 0.14622900
vt 0.40910400 0.14920300
vt 0.40537600 0.14911400
vt 0.40202500 0.14780900
vt 0.42031500 0.13877800
vt 0.42064400 0.14542200
vt 0.41342700 0.15372300
vt 0.40361300 0.15184600
vt 0.39934000 0.15255700
vt 0.39345700 0.14849200
vt 0.40096900 0.15798200
vt 0.40700000 0.15472000
vt 0.40659900 0.16260200
vt 0.40909600 0.16400400
vt 0.40220400 0.17042400
vt 0.35609400 0.08846600
vt 0.36096700 0.08730200
vt 0.37094400 0.09138400
vt 0.37191600 0.09336100
vt 0.35913100 0.10755300
vt 0.36423600 0.10894100
vt 0.36037800 0.11178500
vt 0.36269300 0.11525800
vt 0.35386500 0.10381800
vt 0.35003300 0.10898500
vt 0.35471900 0.10791900
vt 0.35069500 0.11500800
vt 0.34450900 0.11914300
vt 0.35077900 0.12273900
vt 0.35567500 0.11797000
vt 0.35732700 0.12609000
vt 0.37589900 0.11381200
vt 0.38001100 0.11186300
vt 0.36650600 0.12565300
vt 0.37334400 0.12905300
vt 0.37721100 0.12631500
vt 0.35805400 0.13069000
vt 0.35488400 0.12923500
vt 0.34718000 0.13393700
vt 0.35212000 0.13321800
vt 0.34481900 0.14168100
vt 0.35303400 0.13719300
vt 0.36955900 0.13548700
vt 0.34902400 0.14581300
vt 0.38028100 0.13276700
vt 0.36464400 0.14497500
vt 0.37353000 0.14397900
vt 0.34595900 0.15052300
vt 0.34849300 0.15104700
vt 0.35240900 0.15015100
vt 0.34893600 0.15367000
vt 0.37326200 0.14742800
vt 0.36923800 0.15303100
vt 0.37886700 0.14901000
vt 0.36064500 0.15392400
vt 0.35314400 0.15497200
vt 0.37082000 0.16040500
vt 0.36582900 0.16604800
vt 0.33612300 0.14096900
vt 0.33572800 0.14486300
vt 0.34069700 0.14323900
vt 0.33561100 0.14973200
vt 0.38019800 0.14187300
vt 0.37871300 0.15558400
vt 0.38178500 0.16591300
vt 0.38997500 0.16486800
vt 0.37260700 0.16342800
vt 0.38889400 0.17116800
vt 0.38384500 0.17813300
vt 0.36866100 0.16727600
vt 0.37383700 0.17283600
vt 0.39509900 0.15842300
vt 0.39547200 0.16737700
vt 0.39545700 0.17173300
vt 0.39786600 0.17795300
vt 0.40140300 0.17684000
vt 0.40576900 0.17568900
vt 0.45144300 0.10745500
vt 0.45001700 0.11547100
vt 0.44065300 0.11327500
vt 0.43002100 0.11592700
vt 0.44160000 0.12548700
vt 0.45056100 0.12097700
vt 0.46424800 0.12582900
vt 0.47337400 0.12240700
vt 0.47236800 0.13276100
vt 0.45770900 0.12360100
vt 0.46393300 0.10690100
vt 0.46386600 0.11922600
vt 0.46628700 0.12810000
vt 0.46315800 0.13284300
vt 0.44479500 0.12924000
vt 0.43989400 0.13001700
vt 0.43837700 0.13041300
vt 0.43811200 0.13226300
vt 0.44236800 0.13078100
vt 0.44156300 0.13458700
vt 0.45975100 0.12934500
vt 0.45992600 0.13486800
vt 0.44523400 0.13307500
vt 0.44414000 0.13723300
vt 0.44793400 0.13723800
vt 0.45101800 0.13780300
vt 0.44669300 0.14212800
vt 0.44270000 0.14068100
vt 0.45889900 0.14043500
vt 0.46151100 0.13882800
vt 0.45963400 0.14292500
vt 0.46525500 0.14165800
vt 0.46158500 0.14567700
vt 0.45564300 0.13892100
vt 0.45099200 0.14503100
vt 0.45629000 0.14803800
vt 0.43075400 0.10707700
vt 0.43013900 0.12331400
vt 0.43424700 0.12542400
vt 0.42962200 0.12995300
vt 0.43312200 0.13081100
vt 0.43649200 0.12854100
vt 0.43525300 0.13140300
vt 0.42857800 0.13134900
vt 0.42674400 0.13613500
vt 0.43123900 0.13611400
vt 0.42472300 0.14096300
vt 0.42848100 0.13912500
vt 0.43444500 0.13325600
vt 0.43883000 0.13620200
vt 0.43423700 0.13781700
vt 0.43781200 0.14329600
vt 0.48589500 0.11725300
vt 0.48177600 0.12061900
vt 0.47941500 0.12103600
vt 0.47839200 0.12425600
vt 0.48950500 0.11844200
vt 0.48815700 0.12162300
vt 0.49630500 0.12099500
vt 0.48047300 0.12946100
vt 0.47456000 0.12909100
vt 0.48687400 0.13321500
vt 0.49796500 0.12038000
vt 0.49035900 0.13738800
vt 0.47883600 0.13314900
vt 0.47860500 0.13880700
vt 0.48525400 0.13738700
vt 0.48205100 0.13609500
vt 0.48100500 0.14287400
vt 0.48746100 0.13992200
vt 0.48262100 0.13879500
vt 0.47444800 0.14062800
vt 0.46974500 0.14210000
vt 0.47530700 0.14503700
vt 0.48086100 0.14610800
vt 0.47660500 0.14854700
vt 0.48473900 0.14410600
vt 0.46930100 0.14723900
vt 0.47792900 0.15008300
vt 0.47238000 0.15054700
vt 0.47466100 0.15323800
vt 0.48450300 0.14993500
vt 0.47842400 0.15340700
vt 0.46860200 0.13874500
vt 0.46699100 0.14515400
vt 0.46318400 0.14957900
vt 0.46853500 0.15295400
vt 0.49345900 0.14023700
vt 0.49717700 0.14244400
vt 0.48954800 0.14357800
vt 0.49285800 0.14645400
vt 0.49377400 0.14807500
vt 0.48805100 0.14689600
vt 0.48948000 0.15003500
vt 0.48845400 0.15239200
vt 0.49191500 0.15411500
vt 0.48818300 0.15603500
vt 0.48149400 0.15492500
vt 0.49642700 0.15587300
vt 0.49430500 0.15928800
vt 0.45823300 0.15162700
vt 0.45440100 0.15234600
vt 0.45075500 0.14996000
vt 0.44800500 0.15605200
vt 0.45950700 0.15682000
vt 0.42637600 0.14495700
vt 0.42340900 0.15228200
vt 0.43278400 0.14476900
vt 0.43273500 0.15380300
vt 0.43616600 0.14779000
vt 0.42519400 0.15586000
vt 0.41842200 0.15365400
vt 0.42154400 0.15850000
vt 0.44307500 0.14638800
vt 0.44490500 0.15735700
vt 0.44116600 0.15897500
vt 0.45405900 0.16852000
vt 0.41229300 0.17491000
vt 0.41611300 0.17739700
vt 0.41200000 0.17760200
vt 0.42176900 0.17340300
vt 0.41916900 0.17504200
vt 0.41869400 0.18087600
vt 0.43733700 0.16933400
vt 0.43408600 0.16930500
vt 0.44061700 0.17175000
vt 0.44189500 0.17499200
vt 0.44881600 0.17874300
vt 0.43801200 0.17616600
vt 0.44180700 0.17794000
vt 0.43750400 0.17976900
vt 0.44425200 0.18250400
vt 0.42426300 0.18233000
vt 0.47658500 0.15706900
vt 0.47983300 0.15924000
vt 0.47350800 0.15910100
vt 0.46451500 0.15389500
vt 0.46674700 0.15871600
vt 0.47175700 0.16331600
vt 0.46583500 0.16186100
vt 0.46060000 0.16497600
vt 0.47141300 0.16938500
vt 0.46562700 0.16840300
vt 0.48871100 0.15949100
vt 0.48457600 0.15668200
vt 0.48275600 0.15943700
vt 0.48618400 0.16066200
vt 0.48297900 0.16297300
vt 0.49331800 0.16000000
vt 0.47322800 0.17165100
vt 0.46707800 0.18641900
vt 0.47027400 0.18959500
vt 0.48159100 0.18900200
vt 0.45447100 0.17392500
vt 0.44999900 0.18300600
vt 0.45521900 0.18442800
vt 0.45259800 0.18625100
vt 0.45794600 0.18363400
vt 0.45480500 0.18940200
vt 0.49935500 0.17485900
vt 0.50443100 0.17684500
vt 0.48777900 0.18995000
vt 0.49091000 0.19436100
vt 0.49073500 0.19896700
vt 0.50481300 0.19990400
vt 0.49673100 0.20297700
vt 0.48657200 0.19461600
vt 0.48063100 0.19219800
vt 0.50949200 0.20344800
vt 0.51355800 0.20350000
vt 0.51607800 0.20939300
vt 0.51200800 0.20913500
vt 0.81610600 0.22132700
vt 0.80504800 0.22514000
vt 0.59601800 0.22887200
vt 0.58347700 0.27036600
vt 0.43960700 0.09653400
vt 0.44257400 0.09790300
vt 0.44697000 0.10037600
vt 0.43592100 0.10467800
vt 0.45334600 0.09949800
vt 0.42361900 0.10866300
vt 0.42134800 0.11482000
vt 0.45452800 0.12896400
vt 0.45677400 0.13504100
vt 0.26920400 0.57010700
vt 0.29346400 0.53792100
vt 0.29789400 0.55547200
vt 0.28656100 0.54026400
vt 0.29344700 0.57233800
vt 0.30297100 0.56858900
vt 0.30135000 0.56287800
vt 0.31103400 0.56005600
vt 0.30667400 0.55465300
vt 0.32111100 0.55920100
vt 0.32362400 0.55552700
vt 0.31849800 0.55482900
vt 0.32425900 0.55066600
vt 0.30047300 0.53908600
vt 0.31518800 0.55027100
vt 0.30985500 0.54434700
vt 0.31862000 0.54561700
vt 0.31783700 0.54189000
vt 0.30438700 0.53241200
vt 0.31611600 0.53674500
vt 0.31491000 0.53112500
vt 0.31159600 0.52793400
vt 0.32798500 0.53961000
vt 0.32569300 0.54482400
vt 0.33261900 0.54208900
vt 0.33229700 0.54680400
vt 0.34472800 0.53852800
vt 0.35388600 0.52865600
vt 0.35064000 0.52617600
vt 0.32529900 0.53601500
vt 0.30816800 0.52316400
vt 0.32209000 0.52575900
vt 0.31935600 0.53344800
vt 0.33271200 0.51695900
vt 0.33539500 0.53111200
vt 0.31357500 0.51793700
vt 0.32313000 0.51613000
vt 0.34862400 0.51748000
vt 0.34530400 0.52385200
vt 0.34480100 0.52145900
vt 0.34382600 0.51185800
vt 0.25807800 0.53294700
vt 0.26644900 0.52818500
vt 0.26358300 0.54079300
vt 0.28496700 0.52636400
vt 0.29184000 0.52383900
vt 0.28168500 0.52059800
vt 0.29310200 0.51859500
vt 0.30205300 0.52091600
vt 0.27426100 0.50670700
vt 0.28718900 0.51300200
vt 0.27580600 0.51580000
vt 0.28313800 0.50268000
vt 0.29315500 0.50608900
vt 0.29734200 0.51077200
vt 0.27500000 0.49926100
vt 0.28153400 0.49266100
vt 0.28749900 0.49756200
vt 0.30489900 0.51428200
vt 0.30374300 0.50315700
vt 0.29537000 0.49906400
vt 0.30517600 0.49604200
vt 0.29122800 0.49456400
vt 0.29944700 0.49228200
vt 0.30942100 0.49018100
vt 0.29802400 0.48848600
vt 0.28835500 0.48403100
vt 0.30355800 0.48434600
vt 0.30821500 0.48582100
vt 0.31440500 0.51152700
vt 0.31947400 0.51050000
vt 0.30632300 0.50881100
vt 0.31168400 0.50584800
vt 0.31450800 0.50512600
vt 0.32426900 0.50495000
vt 0.31927600 0.50182700
vt 0.31523300 0.49686400
vt 0.33307600 0.49519000
vt 0.32469800 0.48254800
vt 0.31326100 0.47780900
vt 0.29376700 0.47355700
vt 0.36399100 0.52368100
vt 0.36903900 0.52382900
vt 0.35972700 0.51938400
vt 0.37040300 0.51842800
vt 0.37498800 0.52164300
vt 0.36469000 0.51286000
vt 0.37421300 0.51612000
vt 0.37025500 0.51357100
vt 0.37868600 0.51310700
vt 0.35336300 0.51544700
vt 0.35044800 0.51265400
vt 0.35865200 0.50593000
vt 0.37232700 0.50742800
vt 0.35118900 0.50798100
vt 0.35095700 0.49984000
vt 0.35815000 0.49020900
vt 0.36875100 0.50502000
vt 0.37464100 0.50943400
vt 0.38005200 0.50757900
vt 0.37883700 0.50308900
vt 0.38710300 0.50803000
vt 0.36413000 0.50219300
vt 0.37045800 0.49947800
vt 0.39188500 0.49567700
vt 0.38323900 0.47754800
vt 0.34356200 0.50020500
vt 0.34036900 0.50621300
vt 0.34603300 0.49000700
vt 0.34732100 0.49674200
vt 0.33800300 0.48750700
vt 0.36027100 0.48441600
vt 0.36450400 0.49052600
vt 0.36340000 0.47789900
vt 0.33914500 0.45966700
vt 0.35472700 0.46444200
vt 0.32494900 0.47244600
vt 0.36030700 0.46127700
vt 0.36935800 0.44541400
vt 0.37512000 0.45537800
vt 0.39160000 0.45346800
vt 0.35587800 0.44661200
vt 0.38844100 0.43975200
vt 0.39872500 0.51050200
vt 0.39268500 0.49995600
vt 0.40573300 0.49805900
vt 0.42291400 0.49272800
vt 0.40565300 0.49182700
vt 0.40057400 0.48464600
vt 0.39987800 0.47432800
vt 0.43518000 0.48213700
vt 0.42243700 0.46705900
vt 0.25549100 0.49916200
vt 0.26562600 0.48847800
vt 0.27351000 0.48601100
vt 0.25897300 0.48692300
vt 0.25780000 0.47868700
vt 0.26300300 0.48267000
vt 0.26504700 0.47588400
vt 0.25891900 0.47257000
vt 0.27545100 0.47650100
vt 0.28134100 0.48123100
vt 0.28774600 0.47299300
vt 0.27465800 0.46100300
vt 0.29480600 0.46461900
vt 0.29990800 0.45946700
vt 0.26578400 0.45834800
vt 0.25863400 0.46495600
vt 0.27658000 0.45261000
vt 0.29207900 0.45822900
vt 0.29988900 0.44995100
vt 0.28417800 0.44491700
vt 0.28892300 0.43339300
vt 0.25793100 0.44433400
vt 0.26801500 0.43273700
vt 0.27189800 0.40964100
vt 0.26461000 0.41692900
vt 0.31037500 0.44684200
vt 0.29886100 0.44278800
vt 0.30106300 0.44156700
vt 0.30211300 0.43736500
vt 0.32478900 0.43536000
vt 0.34469800 0.44648300
vt 0.34860900 0.44381600
vt 0.34053200 0.43705400
vt 0.34390800 0.43945100
vt 0.35275900 0.44211700
vt 0.34650100 0.42968500
vt 0.36852400 0.43768100
vt 0.34828500 0.42224300
vt 0.37402400 0.43928200
vt 0.39092400 0.42811700
vt 0.37176900 0.42245200
vt 0.33814400 0.42454600
vt 0.33958200 0.41740600
vt 0.34118900 0.41313200
vt 0.35990800 0.40715100
vt 0.34824900 0.40250800
vt 0.29338500 0.43480400
vt 0.29646400 0.43441800
vt 0.29448900 0.42492400
vt 0.29643400 0.39998800
vt 0.31273300 0.41575400
vt 0.32971900 0.39286300
vt 0.32607400 0.40858600
vt 0.29334600 0.37671000
vt 0.33031100 0.37840400
vt 0.34142300 0.38437400
vt 0.33616400 0.40743200
vt 0.33836100 0.39964600
vt 0.33487500 0.40071600
vt 0.35336500 0.39776400
vt 0.35713000 0.39599900
vt 0.34686700 0.39403500
vt 0.34905900 0.39810100
vt 0.33699200 0.36331500
vt 0.25966700 0.39919700
vt 0.24873100 0.36699400
vt 0.26451400 0.39527700
vt 0.27154900 0.39465300
vt 0.27207800 0.37834500
vt 0.26244900 0.38117400
vt 0.29358800 0.35322800
vt 0.29311700 0.35752900
vt 0.28102200 0.35875400
vt 0.28527100 0.34681900
vt 0.30978400 0.35060200
vt 0.29954700 0.34432300
vt 0.32593600 0.33626300
vt 0.32892300 0.34596000
vt 0.31420700 0.33543500
vt 0.32358100 0.33307400
vt 0.25162000 0.35776500
vt 0.25453800 0.36545200
vt 0.27207800 0.35997200
vt 0.26476300 0.36373800
vt 0.26142500 0.35357500
vt 0.26068100 0.36261500
vt 0.24637300 0.35281500
vt 0.24632700 0.35029600
vt 0.25140000 0.35047400
vt 0.25101200 0.34808900
vt 0.25275600 0.35218700
vt 0.25996600 0.34965800
vt 0.25959000 0.34775200
vt 0.25606500 0.34669600
vt 0.26053400 0.34573900
vt 0.27405800 0.34808800
vt 0.26753600 0.34645800
vt 0.26641100 0.34421300
vt 0.27199300 0.34268000
vt 0.27364200 0.34268100
vt 0.27849500 0.34466500
vt 0.27798300 0.34184000
vt 0.27825700 0.34382700
vt 0.27813100 0.34091800
vt 0.28174900 0.34057800
vt 0.28433800 0.34267700
vt 0.28860000 0.33823800
vt 0.29327400 0.34081500
vt 0.29241100 0.33795900
vt 0.29881400 0.34137100
vt 0.29740900 0.33862500
vt 0.29472100 0.33718600
vt 0.30551100 0.33773800
vt 0.29820800 0.33634900
vt 0.30164900 0.33556100
vt 0.30568200 0.33464000
vt 0.31049200 0.33347600
vt 0.31533300 0.33169400
vt 0.31558100 0.32829700
vt 0.32249200 0.32983600
vt 0.26628800 0.29673300
vt 0.26734800 0.29828300
vt 0.27038900 0.29625000
vt 0.27237000 0.29386900
vt 0.27465800 0.29765000
vt 0.28213100 0.29100100
vt 0.29377000 0.28411100
vt 0.28465900 0.29365200
vt 0.29670300 0.28992300
vt 0.29697000 0.29396400
vt 0.29030500 0.29649200
vt 0.29234600 0.29842700
vt 0.29583500 0.29770000
vt 0.30152100 0.29600400
vt 0.25671300 0.30832700
vt 0.25651300 0.30936900
vt 0.25429500 0.31118500
vt 0.26045700 0.30355800
vt 0.26766000 0.30039400
vt 0.26608900 0.30514500
vt 0.26248200 0.30701300
vt 0.25824900 0.30854900
vt 0.26606900 0.30658800
vt 0.27045400 0.30450600
vt 0.27503800 0.30239300
vt 0.28105800 0.30107300
vt 0.27728000 0.30332100
vt 0.28161500 0.56850000
vt 0.26142600 0.56192400
vt 0.27420100 0.55512100
vt 0.26544200 0.55234900
vt 0.29308300 0.56547800
vt 0.27997700 0.54991100
vt 0.28659800 0.55838200
vt 0.27535200 0.53267800
vt 0.26924500 0.51659700
vt 0.26347300 0.50831200
vt 0.25602900 0.50635200
vt 0.26368600 0.49602900
vt 0.26707100 0.50194200
vt 0.25622700 0.36736100
vt 0.26123600 0.37883700
vt 0.27264200 0.37553600
vt 0.26117600 0.37578400
vt 0.26687500 0.36533600
vt 0.25907000 0.37073500
vt 0.27710900 0.36171900
vt 0.28411200 0.37404200
vt 0.28454600 0.37067400
vt 0.29758400 0.37070300
vt 0.30101800 0.36738200
vt 0.28620800 0.36119000
vt 0.30712900 0.36823800
vt 0.30973300 0.36479800
vt 0.31650300 0.36462400
vt 0.32390300 0.36261400
vt 0.31924300 0.36114800
vt 0.33549300 0.35914500
vt 0.33713800 0.35684600
vt 0.31116400 0.35347100
vt 0.28815900 0.36277400
vt 0.33629200 0.34609500
vt 0.25017600 0.34726300
vt 0.25403100 0.34580600
vt 0.26000300 0.34496600
vt 0.25316800 0.34309700
vt 0.25812400 0.34252600
vt 0.26622200 0.34324900
vt 0.26560100 0.33921000
vt 0.26830800 0.33986600
vt 0.27484600 0.33769200
vt 0.27014100 0.33448400
vt 0.24584000 0.34516300
vt 0.25026400 0.34319700
vt 0.24926800 0.34074900
vt 0.25229900 0.33736000
vt 0.24974400 0.33606100
vt 0.25945800 0.33082900
vt 0.26567200 0.33504300
vt 0.26653300 0.32945600
vt 0.26418000 0.32219800
vt 0.27157700 0.33053000
vt 0.25424500 0.33014500
vt 0.28138900 0.33755500
vt 0.28453700 0.32722100
vt 0.27740500 0.33003200
vt 0.29672600 0.33318800
vt 0.29199600 0.33346700
vt 0.29145300 0.32515800
vt 0.30284300 0.33178300
vt 0.30750100 0.32742800
vt 0.29769000 0.32070300
vt 0.30267800 0.32394500
vt 0.30875600 0.31871000
vt 0.30070000 0.31864900
vt 0.31662100 0.32035100
vt 0.27302000 0.32638800
vt 0.28002100 0.32414400
vt 0.28466600 0.31785000
vt 0.26752100 0.31454800
vt 0.27273100 0.31965800
vt 0.27232300 0.31394300
vt 0.27762600 0.31330000
vt 0.27267100 0.31234100
vt 0.28104600 0.30700400
vt 0.28193300 0.31164800
vt 0.29318200 0.31625000
vt 0.29445600 0.30888400
vt 0.28728900 0.31245600
vt 0.29283000 0.30818700
vt 0.28496200 0.30508100
vt 0.29773800 0.30749700
vt 0.29499400 0.30269600
vt 0.29816900 0.30235700
vt 0.29673900 0.30055400
vt 0.30030400 0.29940200
vt 0.25581300 0.32403500
vt 0.25881300 0.31695000
vt 0.25618800 0.31194700
vt 0.26329100 0.31480100
vt 0.26133900 0.31061900
vt 0.25858700 0.31004700
vt 0.26643300 0.30953500
vt 0.26116500 0.30853600
vt 0.26270500 0.30905100
vt 0.26700500 0.30777700
vt 0.27377100 0.30400700
vt 0.27194800 0.30797300
vt 0.27119500 0.30587300
vt 0.27881700 0.30571900
vt 0.27362600 0.30596100
vt 0.27772400 0.30460800
vt 0.28110600 0.30330500
vt 0.28382900 0.30250800
vt 0.28554400 0.30028300
vt 0.28653800 0.30285200
vt 0.29216200 0.30146900
vt 0.28948500 0.30115900
vt 0.28658400 0.30104400
vt 0.28946800 0.29978400
vt 0.29269500 0.29989700
vt 0.29539900 0.29995100
vt 0.29977600 0.29719100
vt 0.33242400 0.35064800
vt 0.31087500 0.35652800
vt 0.27929200 0.31795500
vt 0.28987200 0.31544100
vt 0.29611900 0.31223900
vt 0.30501900 0.31244400
vt 0.29990400 0.31211500
vt 0.30018900 0.30699600
vt 0.30413000 0.30627700
vt 0.31012800 0.31063300
vt 0.41336700 0.43927700
vt 0.59720300 0.36160400
vt 0.56535600 0.39191900
vt 0.54268500 0.39756800
vt 0.56716200 0.37459700
vt 0.57913900 0.36704800
vt 0.55375800 0.38135300
vt 0.56311100 0.35476200
vt 0.53687200 0.36233800
vt 0.53509400 0.39932400
vt 0.54698400 0.35696800
vt 0.53454300 0.37507300
vt 0.52092400 0.36650600
vt 0.54047300 0.35467200
vt 0.54248500 0.35188400
vt 0.53507000 0.35308900
vt 0.53339600 0.35720700
vt 0.52598600 0.35878300
vt 0.52587500 0.35635400
vt 0.51656900 0.36150300
vt 0.51766300 0.35951000
vt 0.51136900 0.36084700
vt 0.51475100 0.33971000
vt 0.45583800 0.47732700
vt 0.46948800 0.47439200
vt 0.46510500 0.46963200
vt 0.45453500 0.46544900
vt 0.44870200 0.45428700
vt 0.45511400 0.45700600
vt 0.47608700 0.46802700
vt 0.46430600 0.45984100
vt 0.47243800 0.46007600
vt 0.47200900 0.44925500
vt 0.45753800 0.44543400
vt 0.44858100 0.44390500
vt 0.46566300 0.44072500
vt 0.46393600 0.42098100
vt 0.47896700 0.43010300
vt 0.42109600 0.42251600
vt 0.43908600 0.42696100
vt 0.41382200 0.42739300
vt 0.44822700 0.43889600
vt 0.44468700 0.42710700
vt 0.45498600 0.44070200
vt 0.46069700 0.43979100
vt 0.45819800 0.43397800
vt 0.46942700 0.42475100
vt 0.45727200 0.42558500
vt 0.45338500 0.42938100
vt 0.46555600 0.41539300
vt 0.46882200 0.39847300
vt 0.44557600 0.42152200
vt 0.45787300 0.41670200
vt 0.43132300 0.41194700
vt 0.43799400 0.41080500
vt 0.44630100 0.41630000
vt 0.44781400 0.40710400
vt 0.44230700 0.40335800
vt 0.45495600 0.40826700
vt 0.46296000 0.40435200
vt 0.45089900 0.39653300
vt 0.45714800 0.39373000
vt 0.49155200 0.43296700
vt 0.51026200 0.42496500
vt 0.51315300 0.40588400
vt 0.50406800 0.40937400
vt 0.50675300 0.40538500
vt 0.51998000 0.41070900
vt 0.49758200 0.41243500
vt 0.53432900 0.41109300
vt 0.52460500 0.40597500
vt 0.52864200 0.39942000
vt 0.52175500 0.40245700
vt 0.48221300 0.41849400
vt 0.47514700 0.41662400
vt 0.48775000 0.41411200
vt 0.48315200 0.41255700
vt 0.48985600 0.41063000
vt 0.47545100 0.39162600
vt 0.01039800 0.82833500
vt 0.49138700 0.39106400
vt 0.49811500 0.38124500
vt 0.48926000 0.37435300
vt 0.48105600 0.37680700
vt 0.48237400 0.39024000
vt 0.52102100 0.38661900
vt 0.50917300 0.38639100
vt 0.51173900 0.36976900
vt 0.50430300 0.36782400
vt 0.49581500 0.37226200
vt 0.50600400 0.36517700
vt 0.50433500 0.36313200
vt 0.39413900 0.41066900
vt 0.41652000 0.40243100
vt 0.40440700 0.39360100
vt 0.37408100 0.38748500
vt 0.39118200 0.38716100
vt 0.39446800 0.38449500
vt 0.39741100 0.38905500
vt 0.39689600 0.37885500
vt 0.41136300 0.38032100
vt 0.42970900 0.37526300
vt 0.40745200 0.38067800
vt 0.40544000 0.37509300
vt 0.42941000 0.36573600
vt 0.39158700 0.37794900
vt 0.37110100 0.37426800
vt 0.40725000 0.36466200
vt 0.38832000 0.34521400
vt 0.37891900 0.34878400
vt 0.40565000 0.34455500
vt 0.41989600 0.34001000
vt 0.50587300 0.34723500
vt 0.50816200 0.33091200
vt 0.49595500 0.34404600
vt 0.49575000 0.33352100
vt 0.48769600 0.33724600
vt 0.50381700 0.33265600
vt 0.49955300 0.32999000
vt 0.49032700 0.32433100
vt 0.50622000 0.31970500
vt 0.49920900 0.32125000
vt 0.43863200 0.35483200
vt 0.44489700 0.34358800
vt 0.43710400 0.33273400
vt 0.44361100 0.33057400
vt 0.42924400 0.33339100
vt 0.43624900 0.40141200
vt 0.44242300 0.37902800
vt 0.46835100 0.37612600
vt 0.45086900 0.37438100
vt 0.45499900 0.37280600
vt 0.46184000 0.37383600
vt 0.00963500 0.81561200
vt 0.47468800 0.37890300
vt 0.00963500 0.81561200
vt 0.00914300 0.81595100
vt 0.00914300 0.81595100
vt 0.47419700 0.37924200
vt 0.00938700 0.81578300
vt 0.00938700 0.81578300
vt 0.47419400 0.37924400
vt 0.00914100 0.81595300
vt 0.00914100 0.81595300
vt 0.47605100 0.37367500
vt 0.48550100 0.37140400
vt 0.48186300 0.36901000
vt 0.47050300 0.37203200
vt 0.47279300 0.36238300
vt 0.48286700 0.36447700
vt 0.48969400 0.36537400
vt 0.44521200 0.36135300
vt 0.45091100 0.35771100
vt 0.45681700 0.36023400
vt 0.46038100 0.34768200
vt 0.45231300 0.34506600
vt 0.46719100 0.34013000
vt 0.49855500 0.36419800
vt 0.49343900 0.36785900
vt 0.48672600 0.34608600
vt 0.50245600 0.36097800
vt 0.47652000 0.34884500
vt 0.47681900 0.34103600
vt 0.46013700 0.33893200
vt 0.45366400 0.32811600
vt 0.41901200 0.30440600
vt 0.42996600 0.30570800
vt 0.42406000 0.30850100
vt 0.43783700 0.30550700
vt 0.43227000 0.30748200
vt 0.47540400 0.33491400
vt 0.46601900 0.32798800
vt 0.47889900 0.32718500
vt 0.47794600 0.29945300
vt 0.48176200 0.30152900
vt 0.47627900 0.30239200
vt 0.45737100 0.30528200
vt 0.45845300 0.30664300
vt 0.44544500 0.30703200
vt 0.44815500 0.30439800
vt 0.44023000 0.29419500
vt 0.44753900 0.29518800
vt 0.45556600 0.29453600
vt 0.47100200 0.30216500
vt 0.46868800 0.30439300
vt 0.46569300 0.30338500
vt 0.47253600 0.30416600
vt 0.47258700 0.29234600
vt 0.46531500 0.29149600
vt 0.45968800 0.28995000
vt 0.47030400 0.28869500
vt 0.47007600 0.28760900
vt 0.46479100 0.28858200
vt 0.47625600 0.28753500
vt 0.46673400 0.28530400
vt 0.47215600 0.28453400
vt 0.58774900 0.34813800
vt 0.57309000 0.34117700
vt 0.55254000 0.35279400
vt 0.56227000 0.31456400
vt 0.55229600 0.34772600
vt 0.53788200 0.33872800
vt 0.54373800 0.32731500
vt 0.52685900 0.32710000
vt 0.56069700 0.29249500
vt 0.54020200 0.31286000
vt 0.54720500 0.32018100
vt 0.55118500 0.27877200
vt 0.54288400 0.28178400
vt 0.54872300 0.27787500
vt 0.55083900 0.27550000
vt 0.52290500 0.27624700
vt 0.54044800 0.28077500
vt 0.53584400 0.28465800
vt 0.53573500 0.28308200
vt 0.56275700 0.26801700
vt 0.56286000 0.27112600
vt 0.55809700 0.27344600
vt 0.56318600 0.27298100
vt 0.55742900 0.27532900
vt 0.54952900 0.25799200
vt 0.53456000 0.32327000
vt 0.53944900 0.31890500
vt 0.52267200 0.33408100
vt 0.52903500 0.31746500
vt 0.52412000 0.30443400
vt 0.51739900 0.31880200
vt 0.51448500 0.32627500
vt 0.52985500 0.28612600
vt 0.52679000 0.28565000
vt 0.52817800 0.28813200
vt 0.52282500 0.28879600
vt 0.52203700 0.29084100
vt 0.51739500 0.28975500
vt 0.51778700 0.29156200
vt 0.50833700 0.30761500
vt 0.52890700 0.26514900
vt 0.53393400 0.26225600
vt 0.53572000 0.26397200
vt 0.53191400 0.26252000
vt 0.52065400 0.27132800
vt 0.53573900 0.26540900
vt 0.52666000 0.26526200
vt 0.52603100 0.27019800
vt 0.52243300 0.26745500
vt 0.52011700 0.26472800
vt 0.52585500 0.26003000
vt 0.52710600 0.26147600
vt 0.52110800 0.26118500
vt 0.55053000 0.25476100
vt 0.55096300 0.25322300
vt 0.54463500 0.25026100
vt 0.54732500 0.25406000
vt 0.54481600 0.25670700
vt 0.54354100 0.26064700
vt 0.54181500 0.25815500
vt 0.54380600 0.25363400
vt 0.53832400 0.25956000
vt 0.53472900 0.23531900
vt 0.53445400 0.23907100
vt 0.53197700 0.23747900
vt 0.52964600 0.23674800
vt 0.53146500 0.23949400
vt 0.52768300 0.24075100
vt 0.52594500 0.21694000
vt 0.52326900 0.21747500
vt 0.52071700 0.22217700
vt 0.52166200 0.21886300
vt 0.51931500 0.21612800
vt 0.51845200 0.22024100
vt 0.51856900 0.22161000
vt 0.53193600 0.22729500
vt 0.52795400 0.23248500
vt 0.51817100 0.24317900
vt 0.52534400 0.24597200
vt 0.51911100 0.24820600
vt 0.51405700 0.29229500
vt 0.51491700 0.27817600
vt 0.50919800 0.28076600
vt 0.51902400 0.27317000
vt 0.51440600 0.27163100
vt 0.51574600 0.27023500
vt 0.51035600 0.27660100
vt 0.50372900 0.27925200
vt 0.50896400 0.27625300
vt 0.49951000 0.31187200
vt 0.50105100 0.29491000
vt 0.50779500 0.29335200
vt 0.50434500 0.29601800
vt 0.49974000 0.29758600
vt 0.49519900 0.29827700
vt 0.50418500 0.28736100
vt 0.49701900 0.29935500
vt 0.49235900 0.30055700
vt 0.49107600 0.29726100
vt 0.49020600 0.29974500
vt 0.48678500 0.29902500
vt 0.48790300 0.30065700
vt 0.49246200 0.28656100
vt 0.49981600 0.28367000
vt 0.48842600 0.29141900
vt 0.50940100 0.29472100
vt 0.51335300 0.29453500
vt 0.50704100 0.27367000
vt 0.50633900 0.27467600
vt 0.51374300 0.26825800
vt 0.50325800 0.27169900
vt 0.50102400 0.27638600
vt 0.50148400 0.27860400
vt 0.49896400 0.26894700
vt 0.50684300 0.26753900
vt 0.51026800 0.26561900
vt 0.50046200 0.25708700
vt 0.50595100 0.25643900
vt 0.50658800 0.25953200
vt 0.49244200 0.27502600
vt 0.49556900 0.27727700
vt 0.49052800 0.27883100
vt 0.49520500 0.27847500
vt 0.49640100 0.28009400
vt 0.49381100 0.27948000
vt 0.49170400 0.27966900
vt 0.48841100 0.28047500
vt 0.48808900 0.28314200
vt 0.49511200 0.28219200
vt 0.48083600 0.28968100
vt 0.48634900 0.28540100
vt 0.49338900 0.27123500
vt 0.48797000 0.27312900
vt 0.48375700 0.28095900
vt 0.48695200 0.27583500
vt 0.48442100 0.28168200
vt 0.47833800 0.28557100
vt 0.47755100 0.28337300
vt 0.50023100 0.27608500
vt 0.49821400 0.27726500
vt 0.49821400 0.27726500
vt 0.49713100 0.27366100
vt 0.48476400 0.30022900
vt 0.37370700 0.33239500
vt 0.36525600 0.33722400
vt 0.35801800 0.33638900
vt 0.35027900 0.33942500
vt 0.38118200 0.32012300
vt 0.36903600 0.27834500
vt 0.33198100 0.33024200
vt 0.34332300 0.32666800
vt 0.33043900 0.32788300
vt 0.33459500 0.32666200
vt 0.34309600 0.32403900
vt 0.34696300 0.32272700
vt 0.35115700 0.32205300
vt 0.35475100 0.32370300
vt 0.35438500 0.32050400
vt 0.34625700 0.25851000
vt 0.36026900 0.31887100
vt 0.35216400 0.26131200
vt 0.38367000 0.32802700
vt 0.38952800 0.32730100
vt 0.38526600 0.33007600
vt 0.40668300 0.31873500
vt 0.39500200 0.29641400
vt 0.40200400 0.32230800
vt 0.38464300 0.27849400
vt 0.39707800 0.28292400
vt 0.36510200 0.32027600
vt 0.35506000 0.26607100
vt 0.35917000 0.26534800
vt 0.36506200 0.26725700
vt 0.36699100 0.27193200
vt 0.35619100 0.26297400
vt 0.37228500 0.27072400
vt 0.38184800 0.27450800
vt 0.38564800 0.27497800
vt 0.39197700 0.27752100
vt 0.35268300 0.16400500
vt 0.35485200 0.16662800
vt 0.35734900 0.16597100
vt 0.35314100 0.16756200
vt 0.35493300 0.16955300
vt 0.36393200 0.16960100
vt 0.36167100 0.16732700
vt 0.35889600 0.16827100
vt 0.35701600 0.16818100
vt 0.36238600 0.17060800
vt 0.36031000 0.17113900
vt 0.36442300 0.17273800
vt 0.34601300 0.18715300
vt 0.35487700 0.17205300
vt 0.35966100 0.17436500
vt 0.35132800 0.18744000
vt 0.35622400 0.17410400
vt 0.34810900 0.18850600
vt 0.36168300 0.17340700
vt 0.35240800 0.18849300
vt 0.35240800 0.18849300
vt 0.35999800 0.17583900
vt 0.36257300 0.17566900
vt 0.35484300 0.18731500
vt 0.36257300 0.17566900
vt 0.35484300 0.18731500
vt 0.35484300 0.18731500
vt 0.36257300 0.17566900
vt 0.34934700 0.19020400
vt 0.35138300 0.19022300
vt 0.35339400 0.19049500
vt 0.35385600 0.18864100
vt 0.35731500 0.18962100
vt 0.35731500 0.18962100
vt 0.35731500 0.18962100
vt 0.35347200 0.19396600
vt 0.35532400 0.19323200
vt 0.31931100 0.32672200
vt 0.33191900 0.32318900
vt 0.29526300 0.27865300
vt 0.29254000 0.27557600
vt 0.29630800 0.27445000
vt 0.34687100 0.16455100
vt 0.34073000 0.16354100
vt 0.30020000 0.27135400
vt 0.30566800 0.26953100
vt 0.34528100 0.16678000
vt 0.30371800 0.27237900
vt 0.30695800 0.27458600
vt 0.30042200 0.27579600
vt 0.29852100 0.28722500
vt 0.30855100 0.28361800
vt 0.31246700 0.27930200
vt 0.31337600 0.27461000
vt 0.33901700 0.19419200
vt 0.30396800 0.28825100
vt 0.30804600 0.28752600
vt 0.34976800 0.16608400
vt 0.33809700 0.18303000
vt 0.34849200 0.16642000
vt 0.34849200 0.16642000
vt 0.34729200 0.16690300
vt 0.34797500 0.16749500
vt 0.34897900 0.16764000
vt 0.33660200 0.18309200
vt 0.34897900 0.16764000
vt 0.33807500 0.18494100
vt 0.33807500 0.18494100
vt 0.33944200 0.18486400
vt 0.33944200 0.18486400
vt 0.33625300 0.18465000
vt 0.33625300 0.18465000
vt 0.34815900 0.16894000
vt 0.34956600 0.16753500
vt 0.33944900 0.18380600
vt 0.34681000 0.16773500
vt 0.34531700 0.16854000
vt 0.30774300 0.26994300
vt 0.33636000 0.18752300
vt 0.33970400 0.18606100
vt 0.33970400 0.18606100
vt 0.33970400 0.18606100
vt 0.33892700 0.18718100
vt 0.34051500 0.18758300
vt 0.35165200 0.16917200
vt 0.34196200 0.18568700
vt 0.34001100 0.18422200
vt 0.34981200 0.16818200
vt 0.33990700 0.18542700
vt 0.34266100 0.18939700
vt 0.33982300 0.19145700
vt 0.31263000 0.27184100
vt 0.34557900 0.19107000
vt 0.34681700 0.19589600
vt 0.34350300 0.19859800
vt 0.31951700 0.27598100
vt 0.34973800 0.19206800
vt 0.35038800 0.19555200
vt 0.35284300 0.19838700
vt 0.35659700 0.19684600
vt 0.31329800 0.28617900
vt 0.30353500 0.29165100
vt 0.30578900 0.29370000
vt 0.31023900 0.29190700
vt 0.31669100 0.29174400
vt 0.33908500 0.20868400
vt 0.32171700 0.28695700
vt 0.31715800 0.28338600
vt 0.32140200 0.28140100
vt 0.34203000 0.20399600
vt 0.34604000 0.20244300
vt 0.32226600 0.28395700
vt 0.34133200 0.20657200
vt 0.34478000 0.20624800
vt 0.34976400 0.20171300
vt 0.35445500 0.20178300
vt 0.34920900 0.20484700
vt 0.35265300 0.20951500
vt 0.34817800 0.20862700
vt 0.35529200 0.20635500
vt 0.35515000 0.21121500
vt 0.34520000 0.21247700
vt 0.33941100 0.21142300
vt 0.32355000 0.28890900
vt 0.34913700 0.21101700
vt 0.35495600 0.21449600
vt 0.34693400 0.21581700
vt 0.35172500 0.21717300
vt 0.32454000 0.29231800
vt 0.32509400 0.28984400
vt 0.33989400 0.21328700
vt 0.34302100 0.21582900
vt 0.32915700 0.28990400
vt 0.34726200 0.21787100
vt 0.36830400 0.17124200
vt 0.36696200 0.17572800
vt 0.37014000 0.17563200
vt 0.36931300 0.17901900
vt 0.37572400 0.17687400
vt 0.37233100 0.17930800
vt 0.36449800 0.17519300
vt 0.36383600 0.17616300
vt 0.36383600 0.17616300
vt 0.35794300 0.18695300
vt 0.35794300 0.18695300
vt 0.36484300 0.17807000
vt 0.36484300 0.17807000
vt 0.35933700 0.18697700
vt 0.36608400 0.17727100
vt 0.37656100 0.18135900
vt 0.37841900 0.17738400
vt 0.37989600 0.18183000
vt 0.37088700 0.18196200
vt 0.36334500 0.19121800
vt 0.36856400 0.18281300
vt 0.35836100 0.18842600
vt 0.35836100 0.18842600
vt 0.35948400 0.18876600
vt 0.36533300 0.17901300
vt 0.35948400 0.18876600
vt 0.35978400 0.18987600
vt 0.35978400 0.18987600
vt 0.35978400 0.18987600
vt 0.35891600 0.19064400
vt 0.36081100 0.19230400
vt 0.35693400 0.19193800
vt 0.35869100 0.19290900
vt 0.36517500 0.19233700
vt 0.36946000 0.18494800
vt 0.36137100 0.19543600
vt 0.35933600 0.19916200
vt 0.36453400 0.19325600
vt 0.36555900 0.19493800
vt 0.36489000 0.19749400
vt 0.37663100 0.18368700
vt 0.37191300 0.18573800
vt 0.37565800 0.18680500
vt 0.38076500 0.18462100
vt 0.37694700 0.18499400
vt 0.37610300 0.18998700
vt 0.37860800 0.18821800
vt 0.37626600 0.19347000
vt 0.37626600 0.19347000
vt 0.37505300 0.19284100
vt 0.37505300 0.19284100
vt 0.37505300 0.19284100
vt 0.37075900 0.19426800
vt 0.37318500 0.19093100
vt 0.00970300 0.84661600
vt 0.37386500 0.19358200
vt 0.01038300 0.84926700
vt 0.37350700 0.19292800
vt 0.37350700 0.19292800
vt 0.37394100 0.19440900
vt 0.37394100 0.19440900
vt 0.37394100 0.19440900
vt 0.37394100 0.19440900
vt 0.36682700 0.19326600
vt 0.36976400 0.18694100
vt 0.37068200 0.18864400
vt 0.36796900 0.19461100
vt 0.36798000 0.19650200
vt 0.37075500 0.19611200
vt 0.00914100 0.84805100
vt 0.37206000 0.19377600
vt 0.37206000 0.19377600
vt 0.38815400 0.18699000
vt 0.38443900 0.18828900
vt 0.38507200 0.18371900
vt 0.38124400 0.18715900
vt 0.38196300 0.18945300
vt 0.38802700 0.18301200
vt 0.39132200 0.18281200
vt 0.38689000 0.18474600
vt 0.38980500 0.19120000
vt 0.38766400 0.19113900
vt 0.38208900 0.19311700
vt 0.38438300 0.19284900
vt 0.38768900 0.19377800
vt 0.38674700 0.19593400
vt 0.39554100 0.18361400
vt 0.39385100 0.18750200
vt 0.39572400 0.18916100
vt 0.39248200 0.19046600
vt 0.39150800 0.19268000
vt 0.39547000 0.19259800
vt 0.39435300 0.19507200
vt 0.39057600 0.19477700
vt 0.37680600 0.19863800
vt 0.38460100 0.19848200
vt 0.36287200 0.20104800
vt 0.36537300 0.20435200
vt 0.36012600 0.20522500
vt 0.36477300 0.20946400
vt 0.37369300 0.19665300
vt 0.37369300 0.19665300
vt 0.36742800 0.19814500
vt 0.36888500 0.19953900
vt 0.37518300 0.20402600
vt 0.37044500 0.20309300
vt 0.36834100 0.20776500
vt 0.37319700 0.20944400
vt 0.36828100 0.21416600
vt 0.37480400 0.20893900
vt 0.37299500 0.21492900
vt 0.39573000 0.20674000
vt 0.39009000 0.20335200
vt 0.39617200 0.20329700
vt 0.38084900 0.19981500
vt 0.38519900 0.20111200
vt 0.37908500 0.20261000
vt 0.38279600 0.20672300
vt 0.38034300 0.20695600
vt 0.38657500 0.20574900
vt 0.38848200 0.19733700
vt 0.39220200 0.20752700
vt 0.38562200 0.20978600
vt 0.38237700 0.21195000
vt 0.37998100 0.21631300
vt 0.38270200 0.21592600
vt 0.37774600 0.21061200
vt 0.37652200 0.21871400
vt 0.39340100 0.21162600
vt 0.38721300 0.21508700
vt 0.39146300 0.21479500
vt 0.38554400 0.21860100
vt 0.39414500 0.21384600
vt 0.39153000 0.21735300
vt 0.39456800 0.21739300
vt 0.35794700 0.20683300
vt 0.35846700 0.20970900
vt 0.36082600 0.21232300
vt 0.36391000 0.21483400
vt 0.36367300 0.21725400
vt 0.35683200 0.21917500
vt 0.35708000 0.22046600
vt 0.36105700 0.21933600
vt 0.36358500 0.22166300
vt 0.37091000 0.21790300
vt 0.35231000 0.21882600
vt 0.37970200 0.22035500
vt 0.38262600 0.21958900
vt 0.38519600 0.22383000
vt 0.37669700 0.22412700
vt 0.38186300 0.22608000
vt 0.38929600 0.21797900
vt 0.38677200 0.22139300
vt 0.39341100 0.21884200
vt 0.39219900 0.22218700
vt 0.39330800 0.22085300
vt 0.39035500 0.22446900
vt 0.38863800 0.22683200
vt 0.39231200 0.22695800
vt 0.39485900 0.22902300
vt 0.38671900 0.23161600
vt 0.39063000 0.23373500
vt 0.35996300 0.22219500
vt 0.36836500 0.22224600
vt 0.37243700 0.22144500
vt 0.37063300 0.22419300
vt 0.36673400 0.22414100
vt 0.36205600 0.22313000
vt 0.37561700 0.22732000
vt 0.38130900 0.22893000
vt 0.43233400 0.18568500
vt 0.43100300 0.18319100
vt 0.43339200 0.18921700
vt 0.43947000 0.18722200
vt 0.44360500 0.19198700
vt 0.43831600 0.19338000
vt 0.43645100 0.19004400
vt 0.42941100 0.19350900
vt 0.43754600 0.19510700
vt 0.41941100 0.21436100
vt 0.41631800 0.21366100
vt 0.41997800 0.21198400
vt 0.41885300 0.21609900
vt 0.42236000 0.21289700
vt 0.42174400 0.21531800
vt 0.42217200 0.21844400
vt 0.42447300 0.21588900
vt 0.42496200 0.21961600
vt 0.42616300 0.21295800
vt 0.42790900 0.21839100
vt 0.46919600 0.20602800
vt 0.47293600 0.20650900
vt 0.47293700 0.20946700
vt 0.46773000 0.20986900
vt 0.45630100 0.19305600
vt 0.45993200 0.19012800
vt 0.46009600 0.19519500
vt 0.46336500 0.19351600
vt 0.45694900 0.19638200
vt 0.45483800 0.19712300
vt 0.45873300 0.19846300
vt 0.45549700 0.19893700
vt 0.45688000 0.20154800
vt 0.45055800 0.19528700
vt 0.44947500 0.19194100
vt 0.44850500 0.19945000
vt 0.45171100 0.20024800
vt 0.45213800 0.20276600
vt 0.43499200 0.19681900
vt 0.44063200 0.19770500
vt 0.46222500 0.19713400
vt 0.46584400 0.19710400
vt 0.46013500 0.19997400
vt 0.46363100 0.20055500
vt 0.46235800 0.20147100
vt 0.46734000 0.20241600
vt 0.46334100 0.20360700
vt 0.46726700 0.20666500
vt 0.46230800 0.20626500
vt 0.46038900 0.20420300
vt 0.45238500 0.21909600
vt 0.44546400 0.22080800
vt 0.44862700 0.21671600
vt 0.46139800 0.21109000
vt 0.46614600 0.21123400
vt 0.46392800 0.21488000
vt 0.47445200 0.21390600
vt 0.45078500 0.21356600
vt 0.45532700 0.21483500
vt 0.45389400 0.22034400
vt 0.45946300 0.21735000
vt 0.46482700 0.21918400
vt 0.41118800 0.30411300
vt 0.40470700 0.30353600
vt 0.41688200 0.32003000
vt 0.40837800 0.32135800
vt 0.40271500 0.28161500
vt 0.40685000 0.28505500
vt 0.40811400 0.28265100
vt 0.40935500 0.28367500
vt 0.41013500 0.28970900
vt 0.41571300 0.28834900
vt 0.41184800 0.28380000
vt 0.42579000 0.29481900
vt 0.41610700 0.28511200
vt 0.42346300 0.28620400
vt 0.42309600 0.22187700
vt 0.42635300 0.22130600
vt 0.42471000 0.22382200
vt 0.42471000 0.22382200
vt 0.42953600 0.22075200
vt 0.43156600 0.21807300
vt 0.43282600 0.22250200
vt 0.42904500 0.22394300
vt 0.42691600 0.22405800
vt 0.42812000 0.22650700
vt 0.39711000 0.27950100
vt 0.40386600 0.27837800
vt 0.43517100 0.22336600
vt 0.43268000 0.22608400
vt 0.43527400 0.22669400
vt 0.43065800 0.22908400
vt 0.43726300 0.22392400
vt 0.43804400 0.22618700
vt 0.43657500 0.22853300
vt 0.43575000 0.23180800
vt 0.43813300 0.22813800
vt 0.43206200 0.23056600
vt 0.44445800 0.22797500
vt 0.44636800 0.22936100
vt 0.44521800 0.23131800
vt 0.44176900 0.22870400
vt 0.43046100 0.23391000
vt 0.43358300 0.23543800
vt 0.43770100 0.23419300
vt 0.43210600 0.23674400
vt 0.43433000 0.23743700
vt 0.43316300 0.23887300
vt 0.43454700 0.23893800
vt 0.43577600 0.23792500
vt 0.44390400 0.23064300
vt 0.44178400 0.23307000
vt 0.44245600 0.23616300
vt 0.44479300 0.23526200
vt 0.43898600 0.23035900
vt 0.44172100 0.23130100
vt 0.43760300 0.23754200
vt 0.43880800 0.24005300
vt 0.44278300 0.23932100
vt 0.45366300 0.22495900
vt 0.45179700 0.23218500
vt 0.44834200 0.23349900
vt 0.44875800 0.23184800
vt 0.44953100 0.22810800
vt 0.45786900 0.22995900
vt 0.45459900 0.23252100
vt 0.45142400 0.23547300
vt 0.45660400 0.23487700
vt 0.45778000 0.23234500
vt 0.46100000 0.23388500
vt 0.45872200 0.23794800
vt 0.46421900 0.23270200
vt 0.46375500 0.23549800
vt 0.45462900 0.23741700
vt 0.46205500 0.23862400
vt 0.45601200 0.23927600
vt 0.46003300 0.24134800
vt 0.44741500 0.23462900
vt 0.44809600 0.23644300
vt 0.44642600 0.23825300
vt 0.45081400 0.23867000
vt 0.44805600 0.24097900
vt 0.45242500 0.24249000
vt 0.43466900 0.24183700
vt 0.43656600 0.24283800
vt 0.43841300 0.24328800
vt 0.44031200 0.24083800
vt 0.44164200 0.24123400
vt 0.44204000 0.24300900
vt 0.44388600 0.24138900
vt 0.44399400 0.24412400
vt 0.43582300 0.24578400
vt 0.43987200 0.24518200
vt 0.44344300 0.24629700
vt 0.44425000 0.24774600
vt 0.43876000 0.24783300
vt 0.45015000 0.24475900
vt 0.44678500 0.24256600
vt 0.44740400 0.24682600
vt 0.44522900 0.24548300
vt 0.45024300 0.24734000
vt 0.45146100 0.24899500
vt 0.45581200 0.24269500
vt 0.45482100 0.24654300
vt 0.46092600 0.24546700
vt 0.46252000 0.24499800
vt 0.45724000 0.24678300
vt 0.45272300 0.24573300
vt 0.45725800 0.25023100
vt 0.46382100 0.24806300
vt 0.45475500 0.25302400
vt 0.44765600 0.25136000
vt 0.45152900 0.25284200
vt 0.45925100 0.25250000
vt 0.45305200 0.25414800
vt 0.40038900 0.20815800
vt 0.39772000 0.21041200
vt 0.39840500 0.21324100
vt 0.40218000 0.21232800
vt 0.40630200 0.21228600
vt 0.40121500 0.21738400
vt 0.39865200 0.21643200
vt 0.40482700 0.21614700
vt 0.41002100 0.21105500
vt 0.41561100 0.21081000
vt 0.41332400 0.21276100
vt 0.41261200 0.21432500
vt 0.41038100 0.21676200
vt 0.41392600 0.21660400
vt 0.40671100 0.21864700
vt 0.39674400 0.21903300
vt 0.41597500 0.21945700
vt 0.41186600 0.22054300
vt 0.41989900 0.22080500
vt 0.40157300 0.22009400
vt 0.39698800 0.22194100
vt 0.40017400 0.22147300
vt 0.39816600 0.22457200
vt 0.40250600 0.22306200
vt 0.40425800 0.22207700
vt 0.40618500 0.22259100
vt 0.40969800 0.22178900
vt 0.40058700 0.22634300
vt 0.40520600 0.22642000
vt 0.40753900 0.22546800
vt 0.39970600 0.22992400
vt 0.40594000 0.22788500
vt 0.40843400 0.22730300
vt 0.41258200 0.22634700
vt 0.41133700 0.22952500
vt 0.40344600 0.23089100
vt 0.40713200 0.23047100
vt 0.41137000 0.23256200
vt 0.40866200 0.23474500
vt 0.39561100 0.22292700
vt 0.39456000 0.22546000
vt 0.39918100 0.23243200
vt 0.39481400 0.23302800
vt 0.40150000 0.23876500
vt 0.39397100 0.23500500
vt 0.39777400 0.23715300
vt 0.41643500 0.22312300
vt 0.42008400 0.22377700
vt 0.42109400 0.22131900
vt 0.42153200 0.22610200
vt 0.41578200 0.22852600
vt 0.41936000 0.22828800
vt 0.42413400 0.22540700
vt 0.42413400 0.22540700
vt 0.42496700 0.22480700
vt 0.42496700 0.22480700
vt 0.42496700 0.22480700
vt 0.42614400 0.22495800
vt 0.42244300 0.22862000
vt 0.42726500 0.22935400
vt 0.41933400 0.23159500
vt 0.41750300 0.23229500
vt 0.41893700 0.23294500
vt 0.41647900 0.23434900
vt 0.41432500 0.23103900
vt 0.41301100 0.23342600
vt 0.41422700 0.23719600
vt 0.41597900 0.23843800
vt 0.41972200 0.23928100
vt 0.42197500 0.23071900
vt 0.42315500 0.23305600
vt 0.42088100 0.23376300
vt 0.42515600 0.23313000
vt 0.42889600 0.23449900
vt 0.42183100 0.23656300
vt 0.42590300 0.23579600
vt 0.42771600 0.23622300
vt 0.42446100 0.23783400
vt 0.42584100 0.23903100
vt 0.41679400 0.24175800
vt 0.42389100 0.24099700
vt 0.42716600 0.23974700
vt 0.42652700 0.24243100
vt 0.42428000 0.24380500
vt 0.42012700 0.24558100
vt 0.41568900 0.24397700
vt 0.42374100 0.24743500
vt 0.40972400 0.24229900
vt 0.41304400 0.24491300
vt 0.42987000 0.23749100
vt 0.43203500 0.23845500
vt 0.42953500 0.24051200
vt 0.43163800 0.24011000
vt 0.42886400 0.24296600
vt 0.43059200 0.24312200
vt 0.42777800 0.24822400
vt 0.43115300 0.24560000
vt 0.43352800 0.24457000
vt 0.43377200 0.24600800
vt 0.43098800 0.25000000
vt 0.42957100 0.25112100
vt 0.42767600 0.25003700
vt 0.43677900 0.25138500
vt 0.44151700 0.25162300
vt 0.44663200 0.25338500
vt 0.45178000 0.25515900
vt 0.44648000 0.25480300
vt 0.41810800 0.30738000
vt 0.43151200 0.29212200
vt 0.42550500 0.28976400
vt 0.42841100 0.28714000
vt 0.43344500 0.29024700
vt 0.43218700 0.28761400
vt 0.43061300 0.28679600
vt 0.43860600 0.29053300
vt 0.44671100 0.29134000
vt 0.44487400 0.28967500
vt 0.44134300 0.28941800
vt 0.45479200 0.29039900
vt 0.44185400 0.28736400
vt 0.44415300 0.28796800
vt 0.44674200 0.28705400
vt 0.45148700 0.28670500
vt 0.45148700 0.28670500
vt 0.45418300 0.28888400
vt 0.45401300 0.28678200
vt 0.43606500 0.28713900
vt 0.44319200 0.28419500
vt 0.43875300 0.28724300
vt 0.45744700 0.28580300
vt 0.45894100 0.28663100
vt 0.46340300 0.28617900
vt 0.46219300 0.28510200
vt 0.46079300 0.28814000
vt 0.48607800 0.20027500
vt 0.48911600 0.20741800
vt 0.49259200 0.20280100
vt 0.48185800 0.20435100
vt 0.51498000 0.21271600
vt 0.51137000 0.21352100
vt 0.50768800 0.21125500
vt 0.51531600 0.21443400
vt 0.50902400 0.21902900
vt 0.50886200 0.21454100
vt 0.51460400 0.21699800
vt 0.51339300 0.21904500
vt 0.51198500 0.22420100
vt 0.50771700 0.22460600
vt 0.50661000 0.21629000
vt 0.50394700 0.22238100
vt 0.50268300 0.21922200
vt 0.48161300 0.22785000
vt 0.48600600 0.22493100
vt 0.48498000 0.22809200
vt 0.48163500 0.23081800
vt 0.49718600 0.22173800
vt 0.49910900 0.21916000
vt 0.49771300 0.22446900
vt 0.49843600 0.22606100
vt 0.50861800 0.22689100
vt 0.50533500 0.22785600
vt 0.50243100 0.22729400
vt 0.49968000 0.22877000
vt 0.50223700 0.23105400
vt 0.50645000 0.22948000
vt 0.50482100 0.23044900
vt 0.50546900 0.23201700
vt 0.50309200 0.23274100
vt 0.50035100 0.23221300
vt 0.49837800 0.23178300
vt 0.50128700 0.23466500
vt 0.49897900 0.23483300
vt 0.49744600 0.23470800
vt 0.49623700 0.22519400
vt 0.49197200 0.22818700
vt 0.49115800 0.22506800
vt 0.48900900 0.22307100
vt 0.48461700 0.23013500
vt 0.48632000 0.23233400
vt 0.49043800 0.23293300
vt 0.49530700 0.23381500
vt 0.49567900 0.23515900
vt 0.49296400 0.23582200
vt 0.50112300 0.23890400
vt 0.49689400 0.23794800
vt 0.51600600 0.22344400
vt 0.51375700 0.22587900
vt 0.51042500 0.22727500
vt 0.51804900 0.22945300
vt 0.51145300 0.22864000
vt 0.50879700 0.22815100
vt 0.50910300 0.23131800
vt 0.50503700 0.23426600
vt 0.50905800 0.23521000
vt 0.51328500 0.23501600
vt 0.51115400 0.24389400
vt 0.51046400 0.23665400
vt 0.51022100 0.23548900
vt 0.50430700 0.23926000
vt 0.50698200 0.23851400
vt 0.47894600 0.23206000
vt 0.48305200 0.23304500
vt 0.48121900 0.23430200
vt 0.47702100 0.23429600
vt 0.47589000 0.23205600
vt 0.47684300 0.23721600
vt 0.47871400 0.23741600
vt 0.48258300 0.23768700
vt 0.50550100 0.25238900
vt 0.50020500 0.25052400
vt 0.49601100 0.25683000
vt 0.49182700 0.25408900
vt 0.48967200 0.23717600
vt 0.49119800 0.23575800
vt 0.49158500 0.23778200
vt 0.48831000 0.23922300
vt 0.48619800 0.23435500
vt 0.48531900 0.23694000
vt 0.48057000 0.24024300
vt 0.48389000 0.23925400
vt 0.48440300 0.24093300
vt 0.49461900 0.23897200
vt 0.49087700 0.23993700
vt 0.48794400 0.24129000
vt 0.48260800 0.24141200
vt 0.47950500 0.24343300
vt 0.48208600 0.24275200
vt 0.48581000 0.24134500
vt 0.49144900 0.24727500
vt 0.49144900 0.24727500
vt 0.49144900 0.24727500
vt 0.48194000 0.26526200
vt 0.48696100 0.26958900
vt 0.48163600 0.27128200
vt 0.47770600 0.25860900
vt 0.47812500 0.26704800
vt 0.47288100 0.26382000
vt 0.48339100 0.25693500
vt 0.47656400 0.25259000
vt 0.47103400 0.23420500
vt 0.47144300 0.23151100
vt 0.47357500 0.23700100
vt 0.46854000 0.23235900
vt 0.46973100 0.23566600
vt 0.46431500 0.23705900
vt 0.47104000 0.23812600
vt 0.46585900 0.23932500
vt 0.46883800 0.23900900
vt 0.47022900 0.24029800
vt 0.46416700 0.24127600
vt 0.46850500 0.24125900
vt 0.46867900 0.24518900
vt 0.47022700 0.24326400
vt 0.47411200 0.23938800
vt 0.47824800 0.24053600
vt 0.47315800 0.24442400
vt 0.47755300 0.24396100
vt 0.47469000 0.24615400
vt 0.47903300 0.24586900
vt 0.47707200 0.24889700
vt 0.48415800 0.24399200
vt 0.48193900 0.24817000
vt 0.47052700 0.24750700
vt 0.47129500 0.25825500
vt 0.46778300 0.25058000
vt 0.47006700 0.25162400
vt 0.47504300 0.25046600
vt 0.47555100 0.25104400
vt 0.47218600 0.25223100
vt 0.46565300 0.25203000
vt 0.45220500 0.43700700
vt 0.39433500 0.33948600
vt 0.40136900 0.33571200
vt 0.40953300 0.33456500
vt 0.42357300 0.33357700
vt 0.41760800 0.33035300
vt 0.41118000 0.33112500
vt 0.41426700 0.33003900
vt 0.41773200 0.32767900
vt 0.42653000 0.33030000
vt 0.42201000 0.33032400
vt 0.42322300 0.32864300
vt 0.42004000 0.32832500
vt 0.41312700 0.30708400
vt 0.41651300 0.30974900
vt 0.41199300 0.31131800
vt 0.42402300 0.32504800
vt 0.40667600 0.30643300
vt 0.41919500 0.32176200
vt 0.43422700 0.32806800
vt 0.42936900 0.32854900
vt 0.43140800 0.32186900
vt 0.44114300 0.32173500
vt 0.43810300 0.31920100
vt 0.43801100 0.31689100
vt 0.43389300 0.31920300
vt 0.44658100 0.31780700
vt 0.44427600 0.31680200
vt 0.47161700 0.31667800
vt 0.48961200 0.31221600
vt 0.48278500 0.31405700
vt 0.47948600 0.31286300
vt 0.48609000 0.31086400
vt 0.48361600 0.31003900
vt 0.48970600 0.30979900
vt 0.49551800 0.30959500
vt 0.48910000 0.30836400
vt 0.48413700 0.30846500
vt 0.49131900 0.30308200
vt 0.47401600 0.30579700
vt 0.44856500 0.32001100
vt 0.45299700 0.31768100
vt 0.46377000 0.31814500
vt 0.46481900 0.31591900
vt 0.47030300 0.31424500
vt 0.45957800 0.31594700
vt 0.46319000 0.31495900
vt 0.46870800 0.31333000
vt 0.47443100 0.31298500
vt 0.47305200 0.31184400
vt 0.47926200 0.31146600
vt 0.47641600 0.31115900
vt 0.47481600 0.30974600
vt 0.47248300 0.31025800
vt 0.47851100 0.30942700
vt 0.47318800 0.28320700
vt 0.42190300 0.31462200
vt 0.41959600 0.31222800
vt 0.42570600 0.31296600
vt 0.42640900 0.31054500
vt 0.42566400 0.31863700
vt 0.43118300 0.31439900
vt 0.42971700 0.31630400
vt 0.43035300 0.31149200
vt 0.43098600 0.30981000
vt 0.43302000 0.30905600
vt 0.43565400 0.31136100
vt 0.44162400 0.30896800
vt 0.44887100 0.31071600
vt 0.47900900 0.30327000
vt 0.48199100 0.30333000
vt 0.45714300 0.31471200
vt 0.45632300 0.31360700
vt 0.45923400 0.31145300
vt 0.46585400 0.31267800
vt 0.45854400 0.30746400
vt 0.46526800 0.30906000
vt 0.46132900 0.30533400
vt 0.45049000 0.31569500
vt 0.44984600 0.31429600
vt 0.46818400 0.31100600
vt 0.46970400 0.30604400
vt 0.46485300 0.30512800
vt 0.56441800 0.28293200
vt 0.55621400 0.28795900
vt 0.54908600 0.28168800
vt 0.56079800 0.27669800
vt 0.55993000 0.28488000
vt 0.54829600 0.29386100
vt 0.55178700 0.28875000
vt 0.55470000 0.28520200
vt 0.55310200 0.28719300
vt 0.54911600 0.29166800
vt 0.54905400 0.28904500
vt 0.54725200 0.29016000
vt 0.54524900 0.29169300
vt 0.54574000 0.28887200
vt 0.53330100 0.29798300
vt 0.54165400 0.29361100
vt 0.54179900 0.29072600
vt 0.54177900 0.29195700
vt 0.53660000 0.29433400
vt 0.54675000 0.28691500
vt 0.53211700 0.28826500
vt 0.53404000 0.29359100
vt 0.52548000 0.30014300
vt 0.52245500 0.29280800
vt 0.51860800 0.29395100
vt 0.52988800 0.29656800
vt 0.53495900 0.25705300
vt 0.51457000 0.25971800
vt 0.52203400 0.25529100
vt 0.51475600 0.25406200
vt 0.53951300 0.25454200
vt 0.54712800 0.24142900
vt 0.54258700 0.24679700
vt 0.54144000 0.24029000
vt 0.53666500 0.24969000
vt 0.53244700 0.25549600
vt 0.53549200 0.24460100
vt 0.52817300 0.25245900
vt 0.54141400 0.23464400
vt 0.53034900 0.24469800
vt 0.52436400 0.22427000
vt 0.53026200 0.22237900
vt 0.53026200 0.22237900
vt 0.52756400 0.22264100
vt 0.52815200 0.22462200
vt 0.52652200 0.22594800
vt 0.52257200 0.23686500
vt 0.52475700 0.23102800
vt 0.52525900 0.25027400
vt 0.52149700 0.25146800
vt 0.51225300 0.24837600
vt 0.51577100 0.30544000
vt 0.52282200 0.29939500
vt 0.51892600 0.30155500
vt 0.51481100 0.30391400
vt 0.51719200 0.30084000
vt 0.51888900 0.29918300
vt 0.51093200 0.30481300
vt 0.51095000 0.30328600
vt 0.50792000 0.30522800
vt 0.51408400 0.30169100
vt 0.51171600 0.30094000
vt 0.51429200 0.29682000
vt 0.52496900 0.29642500
vt 0.52414900 0.29771400
vt 0.50527700 0.30672500
vt 0.50443900 0.29842200
vt 0.50515900 0.30354000
vt 0.50540200 0.30469700
vt 0.50042800 0.30113400
vt 0.50218800 0.29722400
vt 0.50022100 0.30733200
vt 0.50140800 0.30540800
vt 0.50384600 0.30615100
vt 0.49675600 0.30606900
vt 0.49820100 0.30706500
vt 0.49313500 0.30852700
vt 0.49327600 0.30660700
vt 0.48566200 0.30184100
vt 0.48976600 0.30214900
vt 0.51139800 0.26244600
vt 0.50447400 0.26393800
vt 0.49998000 0.26504700
vt 0.49527800 0.26713100
vt 0.49343600 0.27835500
vt 0.48054300 0.27832700
vt 0.47849100 0.28213900
vt 0.47085300 0.28113900
vt 0.35032400 0.35613200
vt 0.35031600 0.35417800
vt 0.35552500 0.34051500
vt 0.35160600 0.34453800
vt 0.36151500 0.35202400
vt 0.35627600 0.35138000
vt 0.37244900 0.34809700
vt 0.36760600 0.34668400
vt 0.36917500 0.33905000
vt 0.37237600 0.33587200
vt 0.34039900 0.32370200
vt 0.34096400 0.31993800
vt 0.34402300 0.31951400
vt 0.35125700 0.31770300
vt 0.34549900 0.25372700
vt 0.35021900 0.32120500
vt 0.37780000 0.34485100
vt 0.38142400 0.34257800
vt 0.38600400 0.34043400
vt 0.39222800 0.33003300
vt 0.38934900 0.33447900
vt 0.38311800 0.33267500
vt 0.39269900 0.32804100
vt 0.37535900 0.33496100
vt 0.37959800 0.33214500
vt 0.38168800 0.33827600
vt 0.37801900 0.33652800
vt 0.39481400 0.33682000
vt 0.39488700 0.33219800
vt 0.39407200 0.33437600
vt 0.39407200 0.33437600
vt 0.39183600 0.33443900
vt 0.40109500 0.32615800
vt 0.40109500 0.32615800
vt 0.39887600 0.33402300
vt 0.40409600 0.33339600
vt 0.40817800 0.33195700
vt 0.40458700 0.33147300
vt 0.40727400 0.32993500
vt 0.40436400 0.32973900
vt 0.39918800 0.33272500
vt 0.40301700 0.32391700
vt 0.40870800 0.32312300
vt 0.36872100 0.26805300
vt 0.35192300 0.26025600
vt 0.35542300 0.25844700
vt 0.36526100 0.26260900
vt 0.36110200 0.26439600
vt 0.36439300 0.25728200
vt 0.37247400 0.26579100
vt 0.36446600 0.25261600
vt 0.37471500 0.25534300
vt 0.38238900 0.26378200
vt 0.38522800 0.25813700
vt 0.37592800 0.27113500
vt 0.38384000 0.27054100
vt 0.39434800 0.27531100
vt 0.38955000 0.26673700
vt 0.39139300 0.26051000
vt 0.32307300 0.32256500
vt 0.31656200 0.31629500
vt 0.32146800 0.31399100
vt 0.31947100 0.30807800
vt 0.33171400 0.31267000
vt 0.34274500 0.30638000
vt 0.34501100 0.23840600
vt 0.34354600 0.24427900
vt 0.34469900 0.31174500
vt 0.32622000 0.30628100
vt 0.31301100 0.30236600
vt 0.31764200 0.30311700
vt 0.31060600 0.30528100
vt 0.32122600 0.29969500
vt 0.32325900 0.30191300
vt 0.30462300 0.30177300
vt 0.31126100 0.29843900
vt 0.30289900 0.29778200
vt 0.30797700 0.29520600
vt 0.30450800 0.29721600
vt 0.30452500 0.29996800
vt 0.30609300 0.29783300
vt 0.30974200 0.29685700
vt 0.31529800 0.29787200
vt 0.31091300 0.29437300
vt 0.31297600 0.29529800
vt 0.31587500 0.29399200
vt 0.31524400 0.29556700
vt 0.32041500 0.29210700
vt 0.32238900 0.29525000
vt 0.32073400 0.29439500
vt 0.31882200 0.29398300
vt 0.32841600 0.29993800
vt 0.32789100 0.29736300
vt 0.32807400 0.29349200
vt 0.33271800 0.29827800
vt 0.34502400 0.22111900
vt 0.33379100 0.29299300
vt 0.33462900 0.29975500
vt 0.33462900 0.29975500
vt 0.33459100 0.29996900
vt 0.34193600 0.22768700
vt 0.33459100 0.29996900
vt 0.33059400 0.30195000
vt 0.34294100 0.22648000
vt 0.33504900 0.29840200
vt 0.33504900 0.29840200
vt 0.34352200 0.22537200
vt 0.33469000 0.29725200
vt 0.34352200 0.22537200
vt 0.34887000 0.22833600
vt 0.34409000 0.21796800
vt 0.33125700 0.29095800
vt 0.35074700 0.22167800
vt 0.35105500 0.21973700
vt 0.35500000 0.22152100
vt 0.38939100 0.17846600
vt 0.38616400 0.17680000
vt 0.39864300 0.18190100
vt 0.40399800 0.18098100
vt 0.40029300 0.18685600
vt 0.40010500 0.18997700
vt 0.40164300 0.19459800
vt 0.39798600 0.19288800
vt 0.40110900 0.19665100
vt 0.39879000 0.20015300
vt 0.39233400 0.20104300
vt 0.39536300 0.20047400
vt 0.35670900 0.24592000
vt 0.35368000 0.22420500
vt 0.36668100 0.25018100
vt 0.36899700 0.23703500
vt 0.36035700 0.23997800
vt 0.35772900 0.23364900
vt 0.36395000 0.23316400
vt 0.37478400 0.25225600
vt 0.38604000 0.25193100
vt 0.37167100 0.24496600
vt 0.37972300 0.24790700
vt 0.37287300 0.23982300
vt 0.37287300 0.23982300
vt 0.37403500 0.23870400
vt 0.37706000 0.23911500
vt 0.37310000 0.23570800
vt 0.37792600 0.23445600
vt 0.38286900 0.24472200
vt 0.37839100 0.24203300
vt 0.38407000 0.24211300
vt 0.38727500 0.24540800
vt 0.38394400 0.23638900
vt 0.39034700 0.23957100
vt 0.38903100 0.23768600
vt 0.34954200 0.23042000
vt 0.35709900 0.22598400
vt 0.36638700 0.22839100
vt 0.35792100 0.22399300
vt 0.36219500 0.22624300
vt 0.36325300 0.22488400
vt 0.36933600 0.23025200
vt 0.37242300 0.22889300
vt 0.36672800 0.22625500
vt 0.37537700 0.23217200
vt 0.37498400 0.23081000
vt 0.37777300 0.22942800
vt 0.37767000 0.23086300
vt 0.38034300 0.23084100
vt 0.37232100 0.22732400
vt 0.38307900 0.23177100
vt 0.37912400 0.23244200
vt 0.38338100 0.23398200
vt 0.38624100 0.23356700
vt 0.38816900 0.23525500
vt 0.41298300 0.18251100
vt 0.41604100 0.18406300
vt 0.42007000 0.18582400
vt 0.41586400 0.18633500
vt 0.42015500 0.18934700
vt 0.41625900 0.19096900
vt 0.41482700 0.19505900
vt 0.44617100 0.18509700
vt 0.42780200 0.18117700
vt 0.42747500 0.18451100
vt 0.42475300 0.19132700
vt 0.43241800 0.20022500
vt 0.43627800 0.20064600
vt 0.41321900 0.20431700
vt 0.40836200 0.19725800
vt 0.41547400 0.20340000
vt 0.41673700 0.19839900
vt 0.41872400 0.20308200
vt 0.42647700 0.19802200
vt 0.43172200 0.20150200
vt 0.41845800 0.20659600
vt 0.43811500 0.20323800
vt 0.42786500 0.21033100
vt 0.43762100 0.20895800
vt 0.43328800 0.21383900
vt 0.42436500 0.21040900
vt 0.46459300 0.18983700
vt 0.46734800 0.19291400
vt 0.47208200 0.19206200
vt 0.47260100 0.19646200
vt 0.46892000 0.19607100
vt 0.47718000 0.19301900
vt 0.47858700 0.20004800
vt 0.47511900 0.19960900
vt 0.47022100 0.19890400
vt 0.47422100 0.20291300
vt 0.47782400 0.20530500
vt 0.47559300 0.20996900
vt 0.44963900 0.18788100
vt 0.44332700 0.19807800
vt 0.44715300 0.20247200
vt 0.44044800 0.20164600
vt 0.44156700 0.20751300
vt 0.45700500 0.20577200
vt 0.45255600 0.20777100
vt 0.44716800 0.20587000
vt 0.44567600 0.20853100
vt 0.44739900 0.21129800
vt 0.43906000 0.21206100
vt 0.44295800 0.21169800
vt 0.44382900 0.21559900
vt 0.43955700 0.21757100
vt 0.46074200 0.20762700
vt 0.46983900 0.21744900
vt 0.47235300 0.21917500
vt 0.46186400 0.22487400
vt 0.47271700 0.22351500
vt 0.40962400 0.33031400
vt 0.41214400 0.32843900
vt 0.41214400 0.32843900
vt 0.41489000 0.32777700
vt 0.41295400 0.32298200
vt 0.41876700 0.32576500
vt 0.41706500 0.28106900
vt 0.42564400 0.28440900
vt 0.42281800 0.28034700
vt 0.43102900 0.28431700
vt 0.43267400 0.27974600
vt 0.39668100 0.27062300
vt 0.40474800 0.26956300
vt 0.40853400 0.27490400
vt 0.40254300 0.26361400
vt 0.41321700 0.26753700
vt 0.39630100 0.25630700
vt 0.41896300 0.26982400
vt 0.42558500 0.27288900
vt 0.42842300 0.27724100
vt 0.41328500 0.26160700
vt 0.42150500 0.26646700
vt 0.42438700 0.26295100
vt 0.41876100 0.26093600
vt 0.44575300 0.27987400
vt 0.43944300 0.27639800
vt 0.45091900 0.27538500
vt 0.44055200 0.27406000
vt 0.46473400 0.28506800
vt 0.46711700 0.28389600
vt 0.46250500 0.27370000
vt 0.46106500 0.28292300
vt 0.45982300 0.27841400
vt 0.46704500 0.27692300
vt 0.45659900 0.27470700
vt 0.45297400 0.27777100
vt 0.46861300 0.27399400
vt 0.45159600 0.27147900
vt 0.45371000 0.26713300
vt 0.46138500 0.26751500
vt 0.44093800 0.22243200
vt 0.44219600 0.22577800
vt 0.44499400 0.22475600
vt 0.46778000 0.22870100
vt 0.43313400 0.27478900
vt 0.43697100 0.27654200
vt 0.43045400 0.27181600
vt 0.43196100 0.26604700
vt 0.44041900 0.27939900
vt 0.43979200 0.26664500
vt 0.44283400 0.27113900
vt 0.44738700 0.26832500
vt 0.43250600 0.26072100
vt 0.42663300 0.25994400
vt 0.43435400 0.25760600
vt 0.43696800 0.26120900
vt 0.44267800 0.25577500
vt 0.44352900 0.26298000
vt 0.44798800 0.27326200
vt 0.46363000 0.25970900
vt 0.44997600 0.26179900
vt 0.44663100 0.25593900
vt 0.45094600 0.25866400
vt 0.45581600 0.25581000
vt 0.45876000 0.25434800
vt 0.41139100 0.18031600
vt 0.40839000 0.18807600
vt 0.41032700 0.18447300
vt 0.41225200 0.18778500
vt 0.40552900 0.19194200
vt 0.40407400 0.20159700
vt 0.39928100 0.20381000
vt 0.40389100 0.20469800
vt 0.40829900 0.20550800
vt 0.40297200 0.20647800
vt 0.40853300 0.20834400
vt 0.39148300 0.24844900
vt 0.39252600 0.24626600
vt 0.39538500 0.24958000
vt 0.39458200 0.24144000
vt 0.39713500 0.24819900
vt 0.39042200 0.23581500
vt 0.39352300 0.23708300
vt 0.39359400 0.23883600
vt 0.39817700 0.23898800
vt 0.39916900 0.24124400
vt 0.40317700 0.24139700
vt 0.40265400 0.25125700
vt 0.40285600 0.24435700
vt 0.40504600 0.24619100
vt 0.40750600 0.25328300
vt 0.40619000 0.24437100
vt 0.40846500 0.24661600
vt 0.40421900 0.24305100
vt 0.40839400 0.24330900
vt 0.41505400 0.25588700
vt 0.41208300 0.25158300
vt 0.41452700 0.24802400
vt 0.41683200 0.24992000
vt 0.41973100 0.25647400
vt 0.41947400 0.25101500
vt 0.42220500 0.25474300
vt 0.42254500 0.25090600
vt 0.42580600 0.25221900
vt 0.40881700 0.24458500
vt 0.41127600 0.24593300
vt 0.41540300 0.24689500
vt 0.41825800 0.24642700
vt 0.41909200 0.24804600
vt 0.42005200 0.24930000
vt 0.42136100 0.24784300
vt 0.42276200 0.24911200
vt 0.42485100 0.24940700
vt 0.42586200 0.25121400
vt 0.43318600 0.25197800
vt 0.43032300 0.25727800
vt 0.43059700 0.25342700
vt 0.43068600 0.25231600
vt 0.43681300 0.25500000
vt 0.44138600 0.25297000
vt 0.43854700 0.25421300
vt 0.43496200 0.25307300
vt 0.43832700 0.25307000
vt 0.44734100 0.28446800
vt 0.43744700 0.28370700
vt 0.45571100 0.28307400
vt 0.50041100 0.20690100
vt 0.49597800 0.20928100
vt 0.48200300 0.21116000
vt 0.47922400 0.20881500
vt 0.48984200 0.21141700
vt 0.49247800 0.21286500
vt 0.48705100 0.21519200
vt 0.50408000 0.20507200
vt 0.50610700 0.20747000
vt 0.50323500 0.21050300
vt 0.49827000 0.21249500
vt 0.50058500 0.21488600
vt 0.49405600 0.21746200
vt 0.49667700 0.21749000
vt 0.47953000 0.21634400
vt 0.48881900 0.21957700
vt 0.48253300 0.22322400
vt 0.47934600 0.22044400
vt 0.47834900 0.22473200
vt 0.47156900 0.22917400
vt 0.52267800 0.22626000
vt 0.52619000 0.22479300
vt 0.52421500 0.22683600
vt 0.52150600 0.23175200
vt 0.51729400 0.23334300
vt 0.51421100 0.23139900
vt 0.51725700 0.23144200
vt 0.51725700 0.23144200
vt 0.52279600 0.22834700
vt 0.52174600 0.22800700
vt 0.52046200 0.23050700
vt 0.51994100 0.22965600
vt 0.51994100 0.22965600
vt 0.51711400 0.24017300
vt 0.51532900 0.23327200
vt 0.51532900 0.23327200
vt 0.51454100 0.23249600
vt 0.51329300 0.23405800
vt 0.51329300 0.23405800
vt 0.50840800 0.23956400
vt 0.50472200 0.24065200
vt 0.50132100 0.24603100
vt 0.50241100 0.24127200
vt 0.50243200 0.23966400
vt 0.50136000 0.24117500
vt 0.50136000 0.24117500
vt 0.49941300 0.24199100
vt 0.49696000 0.24233900
vt 0.48882300 0.25722100
vt 0.49705700 0.24448300
vt 0.49705700 0.24448300
vt 0.49996500 0.24273100
vt 0.49774600 0.24339500
vt 0.49477300 0.24373700
vt 0.49591700 0.24414800
vt 0.49142000 0.24462200
vt 0.48730300 0.24542800
vt 0.49471400 0.24552000
vt 0.49335900 0.24517100
vt 0.49335900 0.24517100
vt 0.49136600 0.24577700
vt 0.49136600 0.24577700
vt 0.48687800 0.24997400
vt 0.49087900 0.24645500
vt 0.49087900 0.24645500
vt 0.49087900 0.24645500
vt 0.49087900 0.24645500
vt 0.47440900 0.27421100
vt 0.47294500 0.27024800
vt 0.47037000 0.26594400
vt 0.47001300 0.26476600
vt 0.46841400 0.26319900
vt 0.48556800 0.24744200
vt 0.48203200 0.25091300
vt 0.48583300 0.24909300
vt 0.48453700 0.24874600
vt 0.48142600 0.24935700
vt 0.48142600 0.24935700
vt 0.48262000 0.24979400
vt 0.48035500 0.25008800
vt 0.47788300 0.24990200
vt 0.48975700 0.24613600
vt 0.48975700 0.24613600
vt 0.48782900 0.24638500
vt 0.48892400 0.24745900
vt 0.48892400 0.24745900
vt 0.48712300 0.24785200
vt 0.48712300 0.24785200
vt 0.46449500 0.25540800
vt 0.47019600 0.25334400
vt 0.46498200 0.25295900
vt 0.46106000 0.25329200
vt 0.46411800 0.25434400
vt 0.46742200 0.25246400
vt 0.46724000 0.25347400
vt 0.47885100 0.25111000
vt 0.42735700 0.32621600
vt 0.41738300 0.31577800
vt 0.42601100 0.32709300
vt 0.41490200 0.31422100
vt 0.41795400 0.31487800
vt 0.42624100 0.32582900
vt 0.43042400 0.32660700
vt 0.42850600 0.32446200
vt 0.42154500 0.31686000
vt 0.42573600 0.32265100
vt 0.42777700 0.32087600
vt 0.42958900 0.31874400
vt 0.43982100 0.31463600
vt 0.34772800 0.35137300
vt 0.37380300 0.34401200
vt 0.37676500 0.34274400
vt 0.37460700 0.33978300
vt 0.38052700 0.34120400
vt 0.37977700 0.33885800
vt 0.39104100 0.33815000
vt 0.38313700 0.33972400
vt 0.38457100 0.33654900
vt 0.38700500 0.33699400
vt 0.38998700 0.33768900
vt 0.39556100 0.33382700
vt 0.39908600 0.33158300
vt 0.40879200 0.32787900
vt 0.40879200 0.32787900
vt 0.33542800 0.30369500
vt 0.34051300 0.23145700
vt 0.34300600 0.22672400
vt 0.34300600 0.22672400
vt 0.33505000 0.29864600
vt 0.34802600 0.23526500
vt 0.37393900 0.23889600
f 1/1 2/2 3/3
f 3/3 4/4 1/1
f 4/4 5/5 1/1
f 6/6 1/1 5/5
f 6/6 5/5 7/7
f 8/8 9/9 7/7
f 10/10 11/11 12/12
f 8/8 13/13 9/9
f 11/11 10/10 13/13
f 9/9 13/13 10/10
f 14/14 12/12 15/15
f 16/16 17/17 18/18
f 19/19 16/16 20/20
f 21/21 22/22 23/23
f 24/24 22/22 19/19
f 25/25 22/22 24/24
f 25/25 23/23 22/22
f 16/16 22/22 21/21
f 19/19 22/22 16/16
f 26/26 27/27 4/4
f 4/4 28/28 29/29
f 30/30 29/29 28/28
f 4/4 29/29 5/5
f 31/31 27/27 26/26
f 20/20 18/18 27/27
f 27/27 31/31 20/20
f 20/20 16/16 18/18
f 26/26 4/4 3/3
f 26/26 3/3 32/32
f 2/2 33/33 32/32
f 3/3 2/2 32/32
f 29/29 8/8 5/5
f 8/8 7/7 5/5
f 31/31 26/26 32/32
f 13/13 34/34 11/11
f 29/29 30/30 35/35
f 29/29 35/35 34/34
f 36/36 37/37 11/11
f 38/38 37/37 36/36
f 11/11 34/34 36/36
f 37/37 12/12 11/11
f 39/39 40/40 17/17
f 40/40 39/39 41/41
f 42/42 41/41 39/39
f 36/36 42/42 43/43
f 42/42 39/39 43/43
f 34/34 13/13 29/29
f 13/13 8/8 29/29
f 24/24 19/19 44/44
f 25/25 24/24 45/45
f 24/24 44/44 46/46
f 45/45 24/24 46/46
f 44/44 19/19 20/20
f 47/47 44/44 20/20
f 47/47 20/20 31/31
f 48/48 49/49 51/51
f 52/52 53/53 49/49
f 48/48 52/52 49/49
f 54/54 52/52 48/48
f 55/55 52/52 54/54
f 56/56 12/12 37/37
f 57/57 58/58 59/59
f 60/60 56/56 58/58
f 12/12 56/56 61/61
f 62/62 61/61 56/56
f 61/61 63/63 12/12
f 64/64 60/60 57/57
f 57/57 65/65 64/64
f 66/66 60/60 64/64
f 60/60 58/58 57/57
f 12/12 63/63 15/15
f 67/67 15/15 63/63
f 15/15 67/67 68/68
f 62/62 69/69 61/61
f 62/62 70/70 69/69
f 63/63 61/61 69/69
f 63/63 69/69 71/71
f 71/71 69/69 70/70
f 71/71 70/70 72/72
f 71/71 67/67 63/63
f 67/67 71/71 73/73
f 74/74 68/68 75/75
f 68/68 67/67 75/75
f 67/67 76/76 75/75
f 73/73 76/76 67/67
f 71/71 77/77 73/73
f 76/76 73/73 77/77
f 50/50 25/25 45/45
f 78/78 79/79 80/80
f 79/79 81/81 82/82
f 80/80 79/79 82/82
f 83/83 84/84 7/7
f 85/85 2/2 1/1
f 86/86 85/85 1/1
f 6/6 86/86 1/1
f 33/33 2/2 85/85
f 85/85 87/87 33/33
f 9/9 83/83 7/7
f 7/7 84/84 6/6
f 88/88 89/89 90/90
f 91/91 88/88 90/90
f 90/90 92/92 91/91
f 86/86 89/89 88/88
f 87/87 91/91 92/92
f 86/86 6/6 84/84
f 86/86 84/84 93/93
f 84/84 83/83 94/94
f 84/84 94/94 95/95
f 94/94 96/96 95/95
f 93/93 89/89 86/86
f 95/95 93/93 84/84
f 87/87 85/85 91/91
f 83/83 9/9 97/97
f 10/10 97/97 9/9
f 98/98 97/97 10/10
f 99/99 97/97 98/98
f 94/94 83/83 97/97
f 12/12 98/98 10/10
f 100/100 98/98 12/12
f 94/94 97/97 99/99
f 94/94 99/99 96/96
f 90/90 101/101 102/102
f 99/99 103/103 96/96
f 98/98 103/103 99/99
f 104/104 101/101 93/93
f 105/105 104/104 93/93
f 105/105 96/96 106/106
f 96/96 103/103 106/106
f 92/92 90/90 107/107
f 101/101 90/90 89/89
f 101/101 89/89 93/93
f 107/107 90/90 102/102
f 108/108 107/107 102/102
f 95/95 96/96 105/105
f 105/105 93/93 95/95
f 108/108 102/102 109/109
f 101/101 109/109 102/102
f 104/104 110/110 111/111
f 109/109 101/101 112/112
f 109/109 112/112 113/113
f 108/108 109/109 113/113
f 114/114 108/108 113/113
f 115/115 108/108 114/114
f 12/12 14/14 100/100
f 116/116 14/14 15/15
f 117/117 14/14 116/116
f 100/100 103/103 98/98
f 100/100 14/14 117/117
f 118/118 100/100 119/119
f 119/119 100/100 117/117
f 120/120 121/121 122/122
f 119/119 121/121 120/120
f 119/119 120/120 123/123
f 120/120 124/124 125/125
f 126/126 123/123 125/125
f 125/125 123/123 120/120
f 127/127 124/124 120/120
f 124/124 128/128 129/129
f 129/129 125/125 124/124
f 129/129 126/126 125/125
f 119/119 123/123 130/130
f 131/131 119/119 130/130
f 119/119 131/131 118/118
f 126/126 130/130 123/123
f 131/131 130/130 126/126
f 131/131 126/126 132/132
f 112/112 133/133 134/134
f 135/135 133/133 136/136
f 137/137 135/135 136/136
f 134/134 133/133 138/138
f 134/134 138/138 139/139
f 140/140 137/137 141/141
f 137/137 140/140 135/135
f 133/133 142/142 138/138
f 140/140 142/142 133/133
f 133/133 135/135 140/140
f 143/143 141/141 103/103
f 100/100 143/143 103/103
f 100/100 118/118 144/144
f 145/145 141/141 143/143
f 143/143 144/144 146/146
f 100/100 144/144 143/143
f 118/118 147/147 144/144
f 105/105 106/106 110/110
f 110/110 104/104 105/105
f 101/101 111/111 136/136
f 133/133 112/112 101/101
f 136/136 133/133 101/101
f 137/137 136/136 141/141
f 112/112 134/134 113/113
f 114/114 113/113 134/134
f 131/131 148/148 118/118
f 132/132 148/148 131/131
f 118/118 149/149 147/147
f 150/150 33/33 87/87
f 151/151 150/150 87/87
f 32/32 152/152 31/31
f 152/152 33/33 150/150
f 150/150 151/151 153/153
f 154/154 151/151 107/107
f 153/153 151/151 154/154
f 152/152 32/32 33/33
f 151/151 87/87 92/92
f 92/92 107/107 151/151
f 155/155 31/31 152/152
f 47/47 31/31 155/155
f 150/150 156/156 152/152
f 150/150 153/153 156/156
f 107/107 108/108 157/157
f 157/157 108/108 115/115
f 107/107 157/157 154/154
f 157/157 115/115 158/158
f 68/68 116/116 15/15
f 74/74 116/116 68/68
f 159/159 74/74 75/75
f 74/74 159/159 121/121
f 122/122 121/121 159/159
f 160/160 159/159 75/75
f 160/160 122/122 159/159
f 128/128 124/124 127/127
f 120/120 122/122 127/127
f 161/161 141/141 145/145
f 146/146 145/145 143/143
f 161/161 140/140 141/141
f 138/138 142/142 162/162
f 140/140 162/162 142/142
f 138/138 163/163 139/139
f 162/162 140/140 164/164
f 161/161 164/164 140/140
f 162/162 165/165 166/166
f 162/162 164/164 165/165
f 163/163 138/138 162/162
f 163/163 162/162 166/166
f 167/167 163/163 168/168
f 145/145 146/146 169/169
f 161/161 145/145 169/169
f 114/114 134/134 139/139
f 114/114 139/139 167/167
f 170/170 114/114 167/167
f 163/163 167/167 139/139
f 166/166 165/165 78/78
f 163/163 166/166 78/78
f 163/163 78/78 168/168
f 161/161 81/81 164/164
f 164/164 81/81 165/165
f 171/171 81/81 161/161
f 172/172 168/168 78/78
f 169/169 171/171 161/161
f 173/173 146/146 144/144
f 171/171 169/169 174/174
f 79/79 78/78 165/165
f 146/146 174/174 169/169
f 172/172 78/78 80/80
f 175/175 168/168 176/176
f 172/172 176/176 168/168
f 167/167 168/168 175/175
f 114/114 170/170 115/115
f 158/158 115/115 170/170
f 158/158 170/170 177/177
f 178/178 170/170 167/167
f 178/178 177/177 170/170
f 167/167 175/175 178/178
f 179/179 177/177 178/178
f 178/178 175/175 180/180
f 179/179 178/178 180/180
f 181/181 54/54 48/48
f 55/55 54/54 182/182
f 183/183 55/55 182/182
f 183/183 182/182 184/184
f 186/186 50/50 45/45
f 185/185 48/48 51/51
f 185/185 187/187 48/48
f 181/181 48/48 187/187
f 181/181 187/187 188/188
f 189/189 187/187 185/185
f 45/45 46/46 190/190
f 190/190 186/186 45/45
f 191/191 186/186 190/190
f 186/186 191/191 192/192
f 189/189 185/185 193/193
f 189/189 188/188 187/187
f 182/182 181/181 188/188
f 184/184 182/182 188/188
f 188/188 189/189 194/194
f 195/195 188/188 194/194
f 191/191 190/190 196/196
f 197/197 192/192 191/191
f 193/193 194/194 189/189
f 197/197 196/196 199/199
f 194/194 200/200 201/201
f 202/202 194/194 201/201
f 195/195 203/203 188/188
f 204/204 205/205 184/184
f 206/206 195/195 194/194
f 195/195 207/207 204/204
f 202/202 206/206 194/194
f 195/195 206/206 207/207
f 207/207 206/206 208/208
f 208/208 206/206 209/209
f 210/210 211/211 212/212
f 213/213 155/155 214/214
f 215/215 214/214 216/216
f 216/216 217/217 215/215
f 218/218 219/219 213/213
f 220/220 218/218 221/221
f 221/221 218/218 213/213
f 214/214 215/215 213/213
f 221/221 213/213 222/222
f 222/222 213/213 215/215
f 222/222 215/215 217/217
f 221/221 222/222 223/223
f 223/223 224/224 221/221
f 214/214 225/225 216/216
f 216/216 225/225 226/226
f 226/226 225/225 227/227
f 216/216 226/226 217/217
f 228/228 217/217 226/226
f 228/228 226/226 227/227
f 227/227 229/229 230/230
f 231/231 217/217 232/232
f 233/233 232/232 230/230
f 152/152 156/156 155/155
f 234/234 153/153 154/154
f 214/214 156/156 153/153
f 155/155 156/156 214/214
f 153/153 225/225 214/214
f 154/154 157/157 234/234
f 234/234 157/157 235/235
f 235/235 157/157 158/158
f 225/225 153/153 234/234
f 227/227 225/225 234/234
f 229/229 234/234 235/235
f 219/219 47/47 155/155
f 236/236 44/44 47/47
f 219/219 155/155 213/213
f 237/237 44/44 236/236
f 236/236 47/47 219/219
f 219/219 218/218 238/238
f 236/236 219/219 238/238
f 218/218 220/220 238/238
f 190/190 46/46 237/237
f 237/237 46/46 44/44
f 238/238 237/237 236/236
f 237/237 239/239 190/190
f 229/229 227/227 234/234
f 240/240 229/229 235/235
f 240/240 230/230 229/229
f 177/177 241/241 158/158
f 158/158 241/241 242/242
f 235/235 158/158 242/242
f 242/242 241/241 243/243
f 242/242 244/244 245/245
f 244/244 242/242 243/243
f 246/246 244/244 247/247
f 248/248 244/244 246/246
f 243/243 241/241 177/177
f 249/249 177/177 179/179
f 250/250 247/247 243/243
f 243/243 177/177 250/250
f 244/244 243/243 247/247
f 246/246 247/247 250/250
f 246/246 250/250 251/251
f 250/250 177/177 251/251
f 249/249 251/251 177/177
f 235/235 242/242 245/245
f 244/244 248/248 245/245
f 252/252 253/253 254/254
f 255/255 252/252 254/254
f 256/256 257/257 258/258
f 259/259 260/260 261/261
f 256/256 260/260 259/259
f 262/262 261/261 263/263
f 261/261 264/264 265/265
f 265/265 266/266 267/267
f 268/268 224/224 223/223
f 269/269 270/270 271/271
f 268/268 223/223 272/272
f 271/271 268/268 272/272
f 272/272 273/273 271/271
f 274/274 275/275 273/273
f 269/269 271/271 273/273
f 223/223 231/231 274/274
f 272/272 223/223 274/274
f 276/276 277/277 278/278
f 278/278 277/277 279/279
f 280/280 232/232 233/233
f 280/280 281/281 282/282
f 277/277 280/280 279/279
f 279/279 280/280 283/283
f 280/280 282/282 283/283
f 284/284 282/282 281/281
f 283/283 282/282 284/284
f 285/285 274/274 286/286
f 274/274 273/273 272/272
f 286/286 278/278 287/287
f 286/286 274/274 278/278
f 287/287 288/288 286/286
f 288/288 287/287 289/289
f 285/285 275/275 274/274
f 285/285 286/286 288/288
f 288/288 290/290 285/285
f 285/285 290/290 291/291
f 292/292 279/279 283/283
f 288/288 292/292 290/290
f 290/290 292/292 293/293
f 293/293 292/292 283/283
f 294/294 293/293 295/295
f 295/295 296/296 294/294
f 297/297 298/298 299/299
f 300/300 298/298 297/297
f 300/300 297/297 301/301
f 301/301 297/297 299/299
f 302/302 303/303 301/301
f 304/304 305/305 302/302
f 304/304 306/306 305/305
f 305/305 307/307 303/303
f 308/308 305/305 306/306
f 306/306 309/309 310/310
f 306/306 310/310 308/308
f 308/308 307/307 305/305
f 307/307 308/308 311/311
f 312/312 311/311 308/308
f 313/313 314/314 275/275
f 313/313 315/315 314/314
f 315/315 313/313 316/316
f 317/317 314/314 315/315
f 318/318 317/317 315/315
f 318/318 315/315 319/319
f 316/316 313/313 291/291
f 320/320 316/316 296/296
f 321/321 320/320 322/322
f 322/322 320/320 323/323
f 316/316 321/321 315/315
f 319/319 315/315 321/321
f 321/321 316/316 320/320
f 273/273 275/275 324/324
f 285/285 313/313 275/275
f 313/313 285/285 291/291
f 325/325 314/314 317/317
f 321/321 326/326 319/319
f 318/318 319/319 327/327
f 327/327 319/319 326/326
f 326/326 321/321 322/322
f 326/326 322/322 328/328
f 304/304 325/325 317/317
f 304/304 317/317 318/318
f 309/309 306/306 304/304
f 284/284 281/281 329/329
f 329/329 281/281 330/330
f 331/331 329/329 330/330
f 332/332 295/295 333/333
f 334/334 332/332 333/333
f 334/334 335/335 332/332
f 336/336 334/334 337/337
f 328/328 323/323 338/338
f 323/323 332/332 338/338
f 328/328 322/322 323/323
f 339/339 328/328 338/338
f 320/320 296/296 323/323
f 332/332 323/323 295/295
f 338/338 335/335 334/334
f 332/332 335/335 338/338
f 340/340 338/338 334/334
f 336/336 338/338 340/340
f 328/328 339/339 341/341
f 339/339 338/338 342/342
f 342/342 338/338 343/343
f 343/343 338/338 336/336
f 340/340 334/334 336/336
f 344/344 345/345 343/343
f 344/344 343/343 336/336
f 344/344 336/336 346/346
f 346/346 347/347 344/344
f 196/196 190/190 239/239
f 199/199 348/348 298/298
f 300/300 199/199 298/298
f 349/349 351/351 199/199
f 353/353 300/300 301/301
f 354/354 300/300 353/353
f 209/209 206/206 202/202
f 353/353 355/355 354/354
f 307/307 353/353 301/301
f 358/358 355/355 353/353
f 311/311 360/360 358/358
f 361/361 357/357 359/359
f 357/357 361/361 362/362
f 361/361 363/363 362/362
f 361/361 209/209 363/363
f 363/363 202/202 364/364
f 363/363 209/209 202/202
f 365/365 366/366 367/367
f 366/366 368/368 367/367
f 367/367 368/368 369/369
f 370/370 369/369 258/258
f 370/370 258/258 257/257
f 257/257 256/256 259/259
f 259/259 371/371 372/372
f 371/371 259/259 261/261
f 372/372 371/371 373/373
f 257/257 372/372 373/373
f 371/371 261/261 373/373
f 373/373 261/261 265/265
f 374/374 373/373 265/265
f 374/374 265/265 267/267
f 375/375 337/337 374/374
f 336/336 337/337 376/376
f 17/17 40/40 18/18
f 16/16 21/21 17/17
f 21/21 39/39 17/17
f 21/21 59/59 39/39
f 58/58 37/37 38/38
f 38/38 43/43 58/58
f 43/43 39/39 59/59
f 43/43 59/59 58/58
f 23/23 65/65 21/21
f 21/21 65/65 57/57
f 59/59 21/21 57/57
f 28/28 4/4 27/27
f 18/18 28/28 27/27
f 40/40 30/30 18/18
f 28/28 18/18 30/30
f 42/42 35/35 41/41
f 34/34 35/35 36/36
f 35/35 42/42 36/36
f 30/30 41/41 35/35
f 30/30 40/40 41/41
f 38/38 36/36 43/43
f 377/377 378/378 379/379
f 70/70 380/380 381/381
f 51/51 49/49 382/382
f 50/50 383/383 379/379
f 383/383 385/385 379/379
f 379/379 385/385 377/377
f 49/49 384/384 382/382
f 377/377 385/385 386/386
f 386/386 385/385 388/388
f 386/386 380/380 377/377
f 377/377 380/380 389/389
f 386/386 388/388 390/390
f 53/53 387/387 49/49
f 49/49 387/387 384/384
f 53/53 392/392 387/387
f 388/388 391/391 390/390
f 394/394 392/392 53/53
f 395/395 381/381 380/380
f 390/390 380/380 386/386
f 390/390 395/395 380/380
f 393/393 390/390 391/391
f 396/396 395/395 390/390
f 396/396 390/390 393/393
f 397/397 394/394 53/53
f 52/52 397/397 53/53
f 398/398 394/394 397/397
f 55/55 397/397 52/52
f 56/56 37/37 58/58
f 378/378 64/64 65/65
f 60/60 66/66 56/56
f 378/378 23/23 379/379
f 25/25 50/50 23/23
f 23/23 50/50 379/379
f 378/378 65/65 23/23
f 377/377 66/66 64/64
f 64/64 378/378 377/377
f 66/66 62/62 56/56
f 399/399 62/62 66/66
f 389/389 399/399 66/66
f 377/377 389/389 66/66
f 399/399 70/70 62/62
f 399/399 389/389 380/380
f 380/380 70/70 399/399
f 85/85 86/86 91/91
f 86/86 88/88 91/91
f 101/101 104/104 111/111
f 121/121 117/117 116/116
f 119/119 117/117 121/121
f 106/106 136/136 110/110
f 110/110 136/136 111/111
f 136/136 106/106 141/141
f 103/103 141/141 106/106
f 121/121 116/116 74/74
f 79/79 165/165 81/81
f 181/181 182/182 54/54
f 188/188 204/204 184/184
f 196/196 197/197 191/191
f 400/400 193/193 198/198
f 200/200 193/193 400/400
f 193/193 200/200 194/194
f 198/198 352/352 400/400
f 201/201 200/200 400/400
f 201/201 400/400 352/352
f 188/188 203/203 204/204
f 195/195 204/204 203/203
f 205/205 204/204 207/207
f 205/205 211/211 401/401
f 207/207 211/211 205/205
f 212/212 211/211 207/207
f 208/208 212/212 207/207
f 220/220 224/224 270/270
f 224/224 220/220 221/221
f 228/228 227/227 230/230
f 228/228 232/232 217/217
f 232/232 228/228 230/230
f 222/222 217/217 223/223
f 223/223 217/217 231/231
f 402/402 281/281 233/233
f 233/233 403/403 404/404
f 402/402 233/233 404/404
f 405/405 402/402 404/404
f 406/406 366/366 407/407
f 237/237 238/238 408/408
f 237/237 408/408 239/239
f 408/408 238/238 220/220
f 220/220 270/270 408/408
f 235/235 409/409 240/240
f 409/409 230/230 240/240
f 230/230 409/409 233/233
f 410/410 246/246 251/251
f 410/410 251/251 249/249
f 235/235 245/245 409/409
f 411/411 409/409 245/245
f 411/411 245/245 412/412
f 409/409 403/403 233/233
f 411/411 413/413 409/409
f 413/413 411/411 412/412
f 403/403 409/409 413/413
f 403/403 413/413 252/252
f 412/412 245/245 248/248
f 412/412 248/248 413/413
f 413/413 248/248 253/253
f 252/252 413/413 253/253
f 404/404 403/403 406/406
f 406/406 403/403 414/414
f 406/406 414/414 366/366
f 403/403 252/252 255/255
f 414/414 403/403 255/255
f 415/415 414/414 255/255
f 366/366 414/414 415/415
f 366/366 415/415 368/368
f 415/415 255/255 258/258
f 263/263 255/255 254/254
f 263/263 258/258 255/255
f 368/368 415/415 258/258
f 369/369 368/368 258/258
f 253/253 248/248 246/246
f 416/416 253/253 410/410
f 417/417 416/416 410/410
f 254/254 253/253 416/416
f 410/410 253/253 246/246
f 418/418 410/410 249/249
f 266/266 417/417 410/410
f 266/266 410/410 418/418
f 416/416 417/417 266/266
f 262/262 254/254 416/416
f 258/258 263/263 256/256
f 256/256 263/263 260/260
f 263/263 261/261 260/260
f 261/261 262/262 264/264
f 262/262 416/416 419/419
f 419/419 264/264 262/262
f 420/420 419/419 416/416
f 264/264 419/419 420/420
f 265/265 420/420 266/266
f 416/416 266/266 420/420
f 265/265 264/264 420/420
f 268/268 271/271 224/224
f 224/224 271/271 270/270
f 270/270 269/269 299/299
f 269/269 273/273 324/324
f 299/299 269/269 324/324
f 232/232 276/276 231/231
f 280/280 276/276 232/232
f 231/231 278/278 274/274
f 278/278 231/231 276/276
f 276/276 280/280 277/277
f 289/289 278/278 279/279
f 281/281 280/280 233/233
f 281/281 402/402 421/421
f 330/330 281/281 421/421
f 287/287 278/278 289/289
f 292/292 289/289 279/279
f 289/289 292/292 288/288
f 293/293 283/283 284/284
f 293/293 294/294 290/290
f 302/302 299/299 324/324
f 302/302 324/324 325/325
f 301/301 299/299 302/302
f 302/302 305/305 303/303
f 304/304 302/302 325/325
f 307/307 301/301 303/303
f 294/294 291/291 290/290
f 316/316 291/291 294/294
f 296/296 316/316 294/294
f 325/325 324/324 275/275
f 325/325 275/275 314/314
f 421/421 402/402 405/405
f 405/405 330/330 421/421
f 405/405 404/404 406/406
f 405/405 406/406 407/407
f 330/330 405/405 422/422
f 405/405 407/407 423/423
f 422/422 405/405 423/423
f 331/331 330/330 422/422
f 407/407 366/366 365/365
f 423/423 407/407 365/365
f 367/367 423/423 365/365
f 422/422 423/423 367/367
f 367/367 369/369 424/424
f 293/293 284/284 329/329
f 293/293 329/329 331/331
f 293/293 331/331 295/295
f 295/295 331/331 333/333
f 425/425 331/331 422/422
f 425/425 367/367 424/424
f 425/425 422/422 367/367
f 333/333 331/331 425/425
f 333/333 425/425 426/426
f 334/334 333/333 426/426
f 296/296 295/295 323/323
f 427/427 239/239 408/408
f 408/408 270/270 299/299
f 427/427 408/408 299/299
f 239/239 427/427 196/196
f 428/428 427/427 429/429
f 429/429 427/427 299/299
f 428/428 196/196 427/427
f 428/428 429/429 348/348
f 298/298 348/348 429/429
f 298/298 429/429 299/299
f 199/199 196/196 428/428
f 348/348 199/199 428/428
f 351/351 197/197 199/199
f 354/354 199/199 300/300
f 354/354 349/349 199/199
f 352/352 202/202 201/201
f 350/350 202/202 352/352
f 364/364 202/202 350/350
f 350/350 430/430 364/364
f 358/358 353/353 307/307
f 356/356 430/430 350/350
f 349/349 354/354 355/355
f 358/358 307/307 311/311
f 356/356 362/362 430/430
f 357/357 362/362 356/356
f 362/362 364/364 430/430
f 364/364 362/362 363/363
f 424/424 369/369 370/370
f 257/257 259/259 372/372
f 370/370 257/257 424/424
f 425/425 424/424 257/257
f 257/257 337/337 425/425
f 373/373 374/374 337/337
f 257/257 373/373 337/337
f 426/426 425/425 337/337
f 337/337 334/334 426/426
f 263/263 254/254 262/262
f 80/80 82/82 431/431
f 172/172 80/80 431/431
f 432/432 176/176 172/172
f 433/433 176/176 432/432
f 175/175 176/176 434/434
f 180/180 175/175 434/434
f 434/434 176/176 433/433
f 435/435 434/434 433/433
f 434/434 436/436 437/437
f 436/436 434/434 435/435
f 437/437 436/436 435/435
f 438/438 439/439 435/435
f 180/180 434/434 437/437
f 437/437 435/435 439/439
f 249/249 179/179 180/180
f 437/437 440/440 180/180
f 249/249 440/440 441/441
f 267/267 266/266 442/442
f 441/441 418/418 249/249
f 418/418 441/441 443/443
f 444/444 418/418 443/443
f 440/440 445/445 441/441
f 441/441 445/445 446/446
f 440/440 249/249 180/180
f 440/440 437/437 447/447
f 439/439 447/447 437/437
f 445/445 440/440 447/447
f 448/448 445/445 447/447
f 447/447 439/439 449/449
f 447/447 449/449 448/448
f 445/445 448/448 449/449
f 445/445 449/449 446/446
f 446/446 449/449 450/450
f 446/446 450/450 451/451
f 452/452 453/453 454/454
f 453/453 452/452 439/439
f 455/455 452/452 454/454
f 452/452 456/456 439/439
f 449/449 439/439 457/457
f 439/439 456/456 457/457
f 456/456 452/452 458/458
f 459/459 456/456 458/458
f 455/455 458/458 452/452
f 457/457 456/456 459/459
f 460/460 455/455 461/461
f 451/451 450/450 449/449
f 451/451 449/449 457/457
f 462/462 451/451 457/457
f 462/462 457/457 459/459
f 460/460 458/458 455/455
f 463/463 458/458 460/460
f 461/461 464/464 460/460
f 346/346 336/336 376/376
f 346/346 376/376 465/465
f 466/466 346/346 465/465
f 374/374 267/267 444/444
f 443/443 374/374 444/444
f 375/375 374/374 467/467
f 468/468 469/469 467/467
f 470/470 443/443 441/441
f 469/469 468/468 471/471
f 472/472 469/469 471/471
f 337/337 375/375 376/376
f 467/467 469/469 375/375
f 376/376 375/375 469/469
f 472/472 376/376 469/469
f 473/473 441/441 446/446
f 471/471 468/468 473/473
f 472/472 471/471 474/474
f 474/474 471/471 473/473
f 474/474 473/473 446/446
f 475/475 446/446 451/451
f 476/476 446/446 475/475
f 446/446 476/476 474/474
f 474/474 476/476 477/477
f 478/478 474/474 479/479
f 472/472 474/474 478/478
f 480/480 376/376 472/472
f 465/465 376/376 481/481
f 481/481 376/376 480/480
f 465/465 481/481 480/480
f 466/466 465/465 480/480
f 480/480 472/472 478/478
f 482/482 478/478 483/483
f 482/482 484/484 480/480
f 480/480 478/478 482/482
f 485/485 486/486 479/479
f 487/487 475/475 451/451
f 476/476 475/475 487/487
f 477/477 476/476 487/487
f 487/487 451/451 462/462
f 487/487 462/462 477/477
f 474/474 477/477 488/488
f 479/479 474/474 488/488
f 462/462 488/488 477/477
f 463/463 459/459 458/458
f 462/462 485/485 488/488
f 485/485 462/462 489/489
f 489/489 462/462 459/459
f 485/485 479/479 488/488
f 490/490 459/459 463/463
f 463/463 460/460 490/490
f 490/490 460/460 464/464
f 491/491 459/459 490/490
f 459/459 491/491 492/492
f 490/490 464/464 493/493
f 494/494 464/464 495/495
f 493/493 464/464 494/494
f 494/494 495/495 496/496
f 493/493 491/491 490/490
f 497/497 491/491 493/493
f 493/493 494/494 498/498
f 478/478 479/479 499/499
f 479/479 486/486 500/500
f 500/500 499/499 479/479
f 499/499 500/500 501/501
f 500/500 486/486 501/501
f 501/501 486/486 502/502
f 486/486 485/485 503/503
f 499/499 501/501 502/502
f 504/504 499/499 502/502
f 503/503 504/504 502/502
f 502/502 486/486 503/503
f 483/483 478/478 499/499
f 483/483 499/499 504/504
f 483/483 504/504 505/505
f 506/506 504/504 503/503
f 505/505 504/504 506/506
f 503/503 507/507 508/508
f 503/503 485/485 489/489
f 459/459 507/507 489/489
f 503/503 489/489 507/507
f 507/507 459/459 492/492
f 492/492 491/491 497/497
f 509/509 507/507 510/510
f 507/507 492/492 510/510
f 510/510 492/492 497/497
f 511/511 497/497 493/493
f 498/498 511/511 493/493
f 494/494 512/512 498/498
f 498/498 512/512 513/513
f 514/514 497/497 511/511
f 514/514 511/511 498/498
f 509/509 508/508 507/507
f 508/508 509/509 510/510
f 515/515 508/508 510/510
f 515/515 510/510 516/516
f 517/517 508/508 515/515
f 516/516 510/510 497/497
f 516/516 497/497 514/514
f 516/516 517/517 515/515
f 514/514 518/518 516/516
f 519/519 514/514 498/498
f 520/520 514/514 519/519
f 519/519 498/498 513/513
f 518/518 514/514 520/520
f 521/521 520/520 519/519
f 518/518 520/520 521/521
f 521/521 519/519 513/513
f 522/522 521/521 513/513
f 442/442 266/266 418/418
f 442/442 418/418 444/444
f 267/267 442/442 444/444
f 467/467 374/374 443/443
f 467/467 443/443 470/470
f 470/470 468/468 467/467
f 470/470 441/441 473/473
f 468/468 470/470 473/473
f 495/495 464/464 523/523
f 524/524 397/397 55/55
f 72/72 525/525 526/526
f 527/527 77/77 71/71
f 72/72 527/527 71/71
f 528/528 77/77 527/527
f 529/529 75/75 76/76
f 76/76 77/77 530/530
f 531/531 76/76 530/530
f 532/532 529/529 531/531
f 529/529 76/76 531/531
f 533/533 532/532 531/531
f 532/532 533/533 534/534
f 72/72 70/70 381/381
f 526/526 527/527 72/72
f 77/77 528/528 530/530
f 527/527 526/526 535/535
f 536/536 535/535 526/526
f 535/535 528/528 527/527
f 528/528 535/535 530/530
f 537/537 530/530 535/535
f 530/530 537/537 531/531
f 538/538 534/534 533/533
f 536/536 526/526 539/539
f 536/536 540/540 535/535
f 537/537 535/535 540/540
f 540/540 541/541 537/537
f 542/542 540/540 536/536
f 542/542 541/541 540/540
f 542/542 536/536 543/543
f 531/531 541/541 533/533
f 531/531 537/537 541/541
f 538/538 533/533 541/541
f 534/534 538/538 544/544
f 544/544 538/538 541/541
f 541/541 542/542 545/545
f 545/545 544/544 541/541
f 546/546 536/536 539/539
f 536/536 546/546 543/543
f 547/547 545/545 542/542
f 542/542 543/543 547/547
f 547/547 543/543 548/548
f 549/549 552/552 546/546
f 552/552 548/548 543/543
f 546/546 552/552 543/543
f 173/173 553/553 146/146
f 174/174 146/146 553/553
f 554/554 81/81 171/171
f 171/171 174/174 554/554
f 555/555 126/126 129/129
f 132/132 126/126 555/555
f 556/556 132/132 555/555
f 148/148 132/132 556/556
f 118/118 148/148 149/149
f 148/148 556/556 557/557
f 558/558 557/557 556/556
f 559/559 557/557 558/558
f 160/160 75/75 529/529
f 529/529 560/560 160/160
f 561/561 562/562 128/128
f 562/562 129/129 128/128
f 562/562 160/160 563/563
f 562/562 563/563 564/564
f 565/565 562/562 564/564
f 562/562 565/565 566/566
f 566/566 129/129 562/562
f 529/529 532/532 560/560
f 567/567 560/560 532/532
f 568/568 565/565 564/564
f 564/564 567/567 568/568
f 568/568 567/567 532/532
f 568/568 569/569 565/565
f 565/565 569/569 566/566
f 568/568 532/532 570/570
f 532/532 534/534 570/570
f 569/569 568/568 570/570
f 570/570 571/571 569/569
f 566/566 572/572 573/573
f 566/566 569/569 572/572
f 129/129 566/566 555/555
f 555/555 566/566 573/573
f 555/555 574/574 556/556
f 571/571 572/572 569/569
f 572/572 571/571 575/575
f 571/571 570/570 534/534
f 534/534 576/576 571/571
f 576/576 575/575 571/571
f 577/577 572/572 575/575
f 578/578 575/575 576/576
f 578/578 577/577 575/575
f 576/576 544/544 578/578
f 577/577 573/573 572/572
f 577/577 578/578 573/573
f 544/544 579/579 578/578
f 580/580 581/581 579/579
f 580/580 547/547 581/581
f 534/534 544/544 576/576
f 545/545 580/580 544/544
f 547/547 580/580 545/545
f 580/580 579/579 544/544
f 573/573 558/558 574/574
f 558/558 573/573 559/559
f 559/559 573/573 578/578
f 578/578 579/579 559/559
f 559/559 579/579 581/581
f 149/149 582/582 147/147
f 148/148 582/582 149/149
f 148/148 583/583 582/582
f 144/144 147/147 582/582
f 584/584 585/585 586/586
f 583/583 148/148 584/584
f 584/584 148/148 557/557
f 584/584 557/557 585/585
f 173/173 144/144 582/582
f 587/587 582/582 588/588
f 588/588 582/582 583/583
f 583/583 584/584 588/588
f 589/589 173/173 582/582
f 587/587 589/589 582/582
f 585/585 557/557 586/586
f 590/590 586/586 557/557
f 559/559 590/590 557/557
f 584/584 586/586 591/591
f 592/592 593/593 588/588
f 584/584 591/591 588/588
f 592/592 588/588 591/591
f 591/591 586/586 594/594
f 594/594 586/586 590/590
f 595/595 596/596 597/597
f 551/551 598/598 599/599
f 601/601 602/602 598/598
f 600/600 548/548 552/552
f 599/599 598/598 603/603
f 598/598 602/602 603/603
f 601/601 604/604 602/602
f 596/596 595/595 605/605
f 606/606 581/581 547/547
f 547/547 548/548 606/606
f 606/606 607/607 581/581
f 608/608 548/548 610/610
f 610/610 548/548 600/600
f 611/611 612/612 596/596
f 613/613 603/603 602/602
f 599/599 603/603 609/609
f 613/613 614/614 603/603
f 615/615 616/616 613/613
f 602/602 604/604 615/615
f 615/615 613/613 602/602
f 617/617 618/618 619/619
f 618/618 617/617 611/611
f 611/611 596/596 618/618
f 605/605 618/618 596/596
f 605/605 620/620 618/618
f 620/620 619/619 618/618
f 621/621 620/620 605/605
f 622/622 590/590 623/623
f 624/624 625/625 626/626
f 624/624 626/626 623/623
f 606/606 626/626 625/625
f 594/594 627/627 628/628
f 590/590 622/622 594/594
f 623/623 629/629 622/622
f 627/627 594/594 622/622
f 622/622 629/629 627/627
f 627/627 629/629 630/630
f 629/629 623/623 630/630
f 631/631 630/630 623/623
f 623/623 626/626 631/631
f 632/632 634/634 608/608
f 608/608 635/635 606/606
f 608/608 634/634 635/635
f 626/626 636/636 631/631
f 635/635 636/636 606/606
f 637/637 636/636 635/635
f 638/638 635/635 634/634
f 638/638 637/637 635/635
f 606/606 636/636 626/626
f 639/639 634/634 641/641
f 638/638 634/634 643/643
f 644/644 640/640 642/642
f 634/634 639/639 643/643
f 623/623 590/590 559/559
f 559/559 581/581 645/645
f 645/645 623/623 559/559
f 607/607 623/623 645/645
f 645/645 581/581 607/607
f 606/606 625/625 607/607
f 606/606 548/548 608/608
f 623/623 607/607 624/624
f 607/607 625/625 624/624
f 609/609 603/603 646/646
f 614/614 646/646 603/603
f 613/613 616/616 614/614
f 614/614 647/647 646/646
f 632/632 608/608 610/610
f 648/648 647/647 614/614
f 648/648 614/614 616/616
f 646/646 633/633 609/609
f 633/633 647/647 642/642
f 647/647 633/633 646/646
f 648/648 649/649 647/647
f 650/650 651/651 620/620
f 620/620 651/651 619/619
f 652/652 653/653 619/619
f 651/651 652/652 619/619
f 651/651 654/654 652/652
f 654/654 651/651 650/650
f 655/655 620/620 621/621
f 620/620 655/655 650/650
f 656/656 650/650 655/655
f 656/656 657/657 650/650
f 632/632 641/641 634/634
f 658/658 659/659 647/647
f 642/642 647/647 644/644
f 660/660 647/647 659/659
f 644/644 647/647 660/660
f 644/644 660/660 661/661
f 662/662 654/654 663/663
f 660/660 664/664 661/661
f 661/661 665/665 644/644
f 663/663 654/654 650/650
f 663/663 650/650 657/657
f 666/666 667/667 662/662
f 644/644 668/668 640/640
f 669/669 668/668 644/644
f 665/665 669/669 644/644
f 665/665 670/670 669/669
f 671/671 653/653 652/652
f 664/664 665/665 661/661
f 671/671 672/672 673/673
f 674/674 672/672 671/671
f 674/674 671/671 652/652
f 652/652 654/654 674/674
f 674/674 673/673 672/672
f 674/674 675/675 673/673
f 674/674 676/676 675/675
f 662/662 674/674 654/654
f 674/674 662/662 676/676
f 677/677 524/524 55/55
f 678/678 524/524 677/677
f 677/677 55/55 183/183
f 679/679 680/680 681/681
f 682/682 680/680 679/679
f 678/678 677/677 183/183
f 678/678 183/183 184/184
f 682/682 683/683 684/684
f 683/683 682/682 679/679
f 685/685 683/683 679/679
f 684/684 683/683 686/686
f 683/683 687/687 686/686
f 688/688 689/689 690/690
f 691/691 692/692 693/693
f 684/684 690/690 689/689
f 694/694 690/690 684/684
f 695/695 690/690 694/694
f 695/695 694/694 684/684
f 688/688 690/690 695/695
f 696/696 684/684 686/686
f 695/695 684/684 696/696
f 697/697 696/696 698/698
f 695/695 696/696 697/697
f 699/699 700/700 695/695
f 701/701 702/702 700/700
f 701/701 692/692 702/702
f 701/701 700/700 699/699
f 703/703 701/701 699/699
f 704/704 703/703 699/699
f 705/705 693/693 692/692
f 706/706 693/693 705/705
f 705/705 701/701 703/703
f 705/705 692/692 701/701
f 685/685 687/687 683/683
f 707/707 698/698 708/708
f 707/707 708/708 687/687
f 709/709 698/698 707/707
f 685/685 710/710 687/687
f 707/707 687/687 711/711
f 709/709 707/707 711/711
f 687/687 696/696 686/686
f 698/698 696/696 708/708
f 687/687 708/708 696/696
f 712/712 697/697 698/698
f 709/709 712/712 698/698
f 709/709 713/713 712/712
f 714/714 706/706 705/705
f 714/714 715/715 706/706
f 714/714 716/716 715/715
f 717/717 715/715 716/716
f 718/718 714/714 719/719
f 718/718 716/716 714/714
f 720/720 716/716 718/718
f 720/720 717/717 716/716
f 713/713 721/721 722/722
f 713/713 722/722 723/723
f 719/719 723/723 718/718
f 718/718 723/723 724/724
f 722/722 725/725 723/723
f 720/720 718/718 724/724
f 720/720 726/726 717/717
f 726/726 727/727 717/717
f 724/724 723/723 725/725
f 725/725 728/728 724/724
f 728/728 720/720 724/724
f 726/726 720/720 728/728
f 729/729 730/730 731/731
f 732/732 733/733 691/691
f 734/734 735/735 732/732
f 736/736 734/734 732/732
f 734/734 731/731 735/735
f 734/734 729/729 731/731
f 729/729 734/734 736/736
f 729/729 737/737 730/730
f 737/737 738/738 730/730
f 736/736 739/739 729/729
f 706/706 732/732 693/693
f 732/732 715/715 736/736
f 706/706 715/715 732/732
f 740/740 736/736 715/715
f 740/740 739/739 736/736
f 741/741 729/729 739/739
f 740/740 741/741 739/739
f 715/715 717/717 742/742
f 742/742 740/740 715/715
f 742/742 743/743 740/740
f 743/743 742/742 727/727
f 717/717 727/727 742/742
f 743/743 727/727 740/740
f 744/744 711/711 745/745
f 744/744 709/709 711/711
f 746/746 709/709 744/744
f 747/747 710/710 685/685
f 748/748 747/747 685/685
f 747/747 748/748 749/749
f 710/710 747/747 745/745
f 744/744 745/745 750/750
f 744/744 750/750 751/751
f 750/750 745/745 747/747
f 751/751 746/746 744/744
f 751/751 752/752 746/746
f 753/753 751/751 750/750
f 751/751 753/753 754/754
f 750/750 747/747 749/749
f 755/755 753/753 750/750
f 755/755 754/754 753/753
f 756/756 728/728 725/725
f 757/757 756/756 725/725
f 756/756 726/726 728/728
f 757/757 758/758 756/756
f 759/759 726/726 756/756
f 759/759 760/760 726/726
f 759/759 756/756 758/758
f 761/761 759/759 758/758
f 762/762 752/752 763/763
f 751/751 754/754 752/752
f 754/754 763/763 752/752
f 763/763 758/758 762/762
f 761/761 758/758 763/763
f 764/764 761/761 763/763
f 765/765 766/766 764/764
f 764/764 766/766 761/761
f 766/766 759/759 761/761
f 748/748 685/685 210/210
f 767/767 748/748 210/210
f 768/768 748/748 767/767
f 769/769 749/749 768/768
f 768/768 749/749 748/748
f 769/769 755/755 749/749
f 770/770 771/771 769/769
f 770/770 769/769 768/768
f 772/772 773/773 765/765
f 738/738 597/597 774/774
f 737/737 597/597 738/738
f 595/595 597/597 737/737
f 775/775 595/595 776/776
f 777/777 605/605 595/595
f 778/778 776/776 737/737
f 778/778 779/779 776/776
f 776/776 779/779 775/775
f 779/779 778/778 780/780
f 779/779 780/780 775/775
f 775/775 777/777 595/595
f 621/621 605/605 781/781
f 780/780 778/778 782/782
f 782/782 775/775 780/780
f 782/782 778/778 783/783
f 783/783 778/778 784/784
f 783/783 785/785 782/782
f 784/784 778/778 727/727
f 786/786 784/784 727/727
f 726/726 786/786 727/727
f 784/784 786/786 787/787
f 788/788 775/775 785/785
f 788/788 785/785 783/783
f 783/783 784/784 788/788
f 788/788 789/789 775/775
f 790/790 656/656 655/655
f 791/791 790/790 655/655
f 621/621 791/791 655/655
f 790/790 792/792 656/656
f 793/793 790/790 791/791
f 790/790 793/793 792/792
f 794/794 793/793 791/791
f 792/792 657/657 656/656
f 792/792 795/795 657/657
f 795/795 663/663 657/657
f 621/621 794/794 791/791
f 781/781 794/794 621/621
f 794/794 792/792 793/793
f 781/781 796/796 794/794
f 794/794 795/795 792/792
f 796/796 797/797 794/794
f 798/798 662/662 663/663
f 663/663 799/799 798/798
f 800/800 801/801 781/781
f 802/802 803/803 800/800
f 804/804 803/803 802/802
f 804/804 805/805 803/803
f 806/806 796/796 781/781
f 801/801 806/806 781/781
f 806/806 797/797 796/796
f 803/803 797/797 806/806
f 795/795 797/797 803/803
f 806/806 801/801 800/800
f 806/806 800/800 803/803
f 799/799 807/807 803/803
f 726/726 760/760 786/786
f 760/760 787/787 786/786
f 787/787 760/760 808/808
f 809/809 760/760 759/759
f 810/810 808/808 760/760
f 810/810 760/760 809/809
f 811/811 808/808 810/810
f 812/812 813/813 766/766
f 813/813 809/809 759/759
f 766/766 813/813 759/759
f 814/814 809/809 813/813
f 810/810 809/809 811/811
f 815/815 811/811 809/809
f 814/814 815/815 809/809
f 816/816 817/817 818/818
f 815/815 819/819 820/820
f 821/821 820/820 819/819
f 765/765 812/812 766/766
f 812/812 814/814 813/813
f 773/773 812/812 765/765
f 822/822 812/812 773/773
f 814/814 812/812 823/823
f 822/822 823/823 812/812
f 823/823 824/824 814/814
f 814/814 819/819 815/815
f 825/825 821/821 819/819
f 824/824 819/819 814/814
f 824/824 826/826 819/819
f 827/827 819/819 826/826
f 828/828 822/822 773/773
f 829/829 828/828 830/830
f 831/831 822/822 828/828
f 828/828 829/829 831/831
f 832/832 831/831 833/833
f 834/834 832/832 833/833
f 834/834 835/835 836/836
f 835/835 834/834 837/837
f 832/832 826/826 824/824
f 838/838 827/827 826/826
f 825/825 839/839 821/821
f 840/840 841/841 839/839
f 842/842 843/843 840/840
f 841/841 840/840 843/843
f 842/842 844/844 845/845
f 846/846 847/847 848/848
f 849/849 848/848 847/847
f 846/846 850/850 847/847
f 851/851 850/850 846/846
f 852/852 851/851 835/835
f 853/853 847/847 850/850
f 845/845 847/847 854/854
f 854/854 847/847 853/853
f 855/855 854/854 853/853
f 845/845 849/849 847/847
f 856/856 842/842 845/845
f 857/857 845/845 854/854
f 857/857 858/858 845/845
f 858/858 859/859 845/845
f 845/845 859/859 856/856
f 860/860 788/788 784/784
f 861/861 860/860 862/862
f 861/861 788/788 860/860
f 816/816 818/818 862/862
f 818/818 863/863 864/864
f 865/865 863/863 818/818
f 866/866 865/865 818/818
f 817/817 866/866 818/818
f 815/815 866/866 817/817
f 789/789 788/788 861/861
f 863/863 789/789 861/861
f 867/867 865/865 866/866
f 868/868 789/789 869/869
f 870/870 789/789 868/868
f 870/870 777/777 789/789
f 871/871 867/867 866/866
f 868/868 867/867 871/871
f 871/871 866/866 815/815
f 820/820 871/871 815/815
f 871/871 820/820 868/868
f 868/868 820/820 870/870
f 821/821 870/870 820/820
f 872/872 873/873 874/874
f 870/870 821/821 839/839
f 841/841 874/874 839/839
f 875/875 874/874 841/841
f 872/872 874/874 875/875
f 843/843 875/875 841/841
f 875/875 843/843 876/876
f 843/843 842/842 876/876
f 876/876 872/872 875/875
f 877/877 873/873 872/872
f 876/876 877/877 872/872
f 878/878 877/877 876/876
f 876/876 842/842 878/878
f 856/856 878/878 842/842
f 800/800 781/781 870/870
f 879/879 805/805 804/804
f 802/802 800/800 870/870
f 880/880 804/804 802/802
f 804/804 881/881 879/879
f 881/881 804/804 880/880
f 880/880 879/879 881/881
f 873/873 882/882 870/870
f 882/882 802/802 870/870
f 802/802 882/882 883/883
f 884/884 880/880 802/802
f 885/885 884/884 802/802
f 884/884 879/879 880/880
f 883/883 885/885 802/802
f 879/879 886/886 799/799
f 887/887 886/886 879/879
f 884/884 887/887 879/879
f 884/884 885/885 888/888
f 887/887 884/884 888/888
f 887/887 889/889 886/886
f 887/887 888/888 889/889
f 890/890 889/889 888/888
f 888/888 891/891 890/890
f 805/805 879/879 799/799
f 886/886 892/892 799/799
f 890/890 892/892 886/886
f 889/889 890/890 886/886
f 893/893 877/877 878/878
f 882/882 894/894 895/895
f 896/896 895/895 894/894
f 897/897 895/895 896/896
f 882/882 895/895 883/883
f 883/883 895/895 898/898
f 899/899 900/900 897/897
f 897/897 900/900 895/895
f 900/900 898/898 895/895
f 885/885 883/883 898/898
f 901/901 898/898 900/900
f 902/902 894/894 893/893
f 894/894 902/902 896/896
f 903/903 896/896 902/902
f 903/903 897/897 896/896
f 885/885 898/898 888/888
f 888/888 898/898 901/901
f 901/901 904/904 888/888
f 899/899 901/901 900/900
f 899/899 904/904 901/901
f 888/888 904/904 891/891
f 905/905 891/891 904/904
f 906/906 899/899 897/897
f 906/906 904/904 899/899
f 906/906 905/905 904/904
f 381/381 395/395 525/525
f 396/396 907/907 395/395
f 72/72 381/381 525/525
f 908/908 525/525 395/395
f 395/395 907/907 908/908
f 394/394 398/398 910/910
f 909/909 907/907 396/396
f 393/393 909/909 396/396
f 398/398 397/397 911/911
f 912/912 398/398 911/911
f 911/911 397/397 524/524
f 912/912 910/910 398/398
f 907/907 909/909 913/913
f 913/913 908/908 907/907
f 915/915 908/908 913/913
f 524/524 912/912 911/911
f 914/914 910/910 912/912
f 917/917 912/912 524/524
f 918/918 919/919 524/524
f 917/917 524/524 919/919
f 912/912 917/917 920/920
f 912/912 920/920 916/916
f 912/912 916/916 914/914
f 919/919 920/920 917/917
f 921/921 920/920 919/919
f 525/525 908/908 922/922
f 923/923 908/908 915/915
f 916/916 920/920 921/921
f 924/924 916/916 921/921
f 923/923 922/922 908/908
f 924/924 921/921 925/925
f 926/926 526/526 525/525
f 525/525 922/922 926/926
f 922/922 923/923 928/928
f 928/928 929/929 922/922
f 929/929 926/926 922/922
f 926/926 929/929 930/930
f 526/526 926/926 539/539
f 539/539 926/926 930/930
f 931/931 539/539 930/930
f 930/930 932/932 931/931
f 546/546 539/539 931/931
f 931/931 933/933 546/546
f 549/549 546/546 933/933
f 935/935 936/936 550/550
f 598/598 550/550 936/936
f 551/551 550/550 598/598
f 936/936 937/937 598/598
f 558/558 556/556 574/574
f 128/128 127/127 561/561
f 561/561 127/127 122/122
f 561/561 122/122 160/160
f 562/562 561/561 160/160
f 563/563 160/160 560/560
f 563/563 560/560 564/564
f 560/560 567/567 564/564
f 573/573 574/574 555/555
f 601/601 598/598 937/937
f 938/938 601/601 937/937
f 938/938 937/937 939/939
f 774/774 938/938 939/939
f 597/597 938/938 774/774
f 940/940 601/601 938/938
f 597/597 940/940 938/938
f 940/940 597/597 596/596
f 941/941 604/604 601/601
f 601/601 940/940 612/612
f 596/596 612/612 940/940
f 601/601 612/612 941/941
f 612/612 942/942 941/941
f 942/942 604/604 941/941
f 612/612 611/611 942/942
f 604/604 942/942 617/617
f 942/942 611/611 617/617
f 617/617 615/615 604/604
f 615/615 617/617 619/619
f 615/615 619/619 616/616
f 619/619 649/649 648/648
f 648/648 616/616 619/619
f 658/658 653/653 943/943
f 647/647 649/649 658/658
f 658/658 649/649 619/619
f 653/653 658/658 619/619
f 659/659 658/658 943/943
f 660/660 659/659 943/943
f 943/943 653/653 660/660
f 670/670 665/665 673/673
f 660/660 653/653 664/664
f 671/671 664/664 653/653
f 673/673 665/665 664/664
f 671/671 673/673 664/664
f 678/678 918/918 524/524
f 944/944 918/918 678/678
f 945/945 918/918 681/681
f 681/681 925/925 945/945
f 925/925 681/681 946/946
f 680/680 946/946 681/681
f 947/947 946/946 680/680
f 918/918 921/921 919/919
f 945/945 921/921 918/918
f 921/921 945/945 925/925
f 918/918 679/679 681/681
f 924/924 925/925 927/927
f 946/946 927/927 925/925
f 944/944 679/679 918/918
f 679/679 944/944 685/685
f 948/948 927/927 946/946
f 929/929 928/928 950/950
f 948/948 949/949 927/927
f 950/950 930/930 929/929
f 947/947 948/948 946/946
f 689/689 948/948 947/947
f 689/689 947/947 680/680
f 951/951 950/950 952/952
f 951/951 932/932 930/930
f 951/951 930/930 950/950
f 689/689 953/953 948/948
f 949/949 948/948 953/953
f 954/954 953/953 689/689
f 680/680 682/682 689/689
f 684/684 689/689 682/682
f 688/688 954/954 689/689
f 955/955 954/954 688/688
f 700/700 688/688 695/695
f 952/952 956/956 951/951
f 957/957 953/953 958/958
f 953/953 954/954 955/955
f 955/955 958/958 953/953
f 956/956 932/932 951/951
f 959/959 932/932 956/956
f 959/959 931/931 932/932
f 961/961 960/960 957/957
f 933/933 931/931 959/959
f 960/960 961/961 934/934
f 962/962 957/957 958/958
f 962/962 961/961 957/957
f 963/963 962/962 958/958
f 964/964 962/962 963/963
f 955/955 963/963 958/958
f 688/688 702/702 955/955
f 702/702 688/688 700/700
f 963/963 955/955 702/702
f 691/691 964/964 963/963
f 692/692 963/963 702/702
f 691/691 963/963 692/692
f 695/695 697/697 699/699
f 965/965 934/934 961/961
f 934/934 965/965 935/935
f 961/961 962/962 965/965
f 205/205 678/678 184/184
f 944/944 678/678 205/205
f 685/685 944/944 401/401
f 401/401 944/944 205/205
f 697/697 704/704 699/699
f 704/704 697/697 712/712
f 704/704 712/712 713/713
f 703/703 704/704 966/966
f 966/966 705/705 703/703
f 966/966 714/714 705/705
f 704/704 713/713 966/966
f 719/719 966/966 713/713
f 719/719 714/714 966/966
f 721/721 713/713 709/709
f 719/719 713/713 723/723
f 733/733 962/962 964/964
f 691/691 733/733 964/964
f 935/935 550/550 934/934
f 935/935 965/965 967/967
f 967/967 965/965 968/968
f 968/968 965/965 962/962
f 733/733 968/968 962/962
f 735/735 968/968 733/733
f 969/969 935/935 967/967
f 969/969 936/936 935/935
f 967/967 968/968 969/969
f 970/970 936/936 969/969
f 969/969 968/968 970/970
f 970/970 968/968 971/971
f 968/968 735/735 731/731
f 731/731 971/971 968/968
f 731/731 730/730 971/971
f 732/732 735/735 733/733
f 691/691 693/693 732/732
f 970/970 971/971 937/937
f 970/970 937/937 936/936
f 937/937 971/971 939/939
f 939/939 971/971 738/738
f 738/738 971/971 730/730
f 741/741 737/737 729/729
f 939/939 738/738 774/774
f 778/778 737/737 741/741
f 740/740 778/778 741/741
f 745/745 687/687 710/710
f 687/687 745/745 711/711
f 401/401 211/211 685/685
f 755/755 750/750 749/749
f 721/721 757/757 722/722
f 757/757 725/725 722/722
f 752/752 721/721 709/709
f 762/762 721/721 752/752
f 709/709 746/746 752/752
f 762/762 757/757 721/721
f 757/757 762/762 758/758
f 754/754 764/764 763/763
f 772/772 764/764 754/754
f 772/772 765/765 764/764
f 685/685 211/211 210/210
f 755/755 772/772 754/754
f 769/769 772/772 755/755
f 830/830 772/772 769/769
f 830/830 769/769 771/771
f 776/776 595/595 737/737
f 605/605 777/777 781/781
f 740/740 727/727 778/778
f 775/775 782/782 785/785
f 775/775 789/789 777/777
f 870/870 781/781 777/777
f 795/795 794/794 797/797
f 799/799 663/663 807/807
f 663/663 795/795 807/807
f 795/795 803/803 807/807
f 805/805 799/799 803/803
f 808/808 811/811 787/787
f 811/811 816/816 787/787
f 860/860 787/787 816/816
f 972/972 816/816 811/811
f 815/815 972/972 811/811
f 816/816 972/972 817/817
f 972/972 815/815 817/817
f 827/827 825/825 819/819
f 772/772 828/828 773/773
f 830/830 828/828 772/772
f 822/822 831/831 823/823
f 831/831 832/832 823/823
f 823/823 832/832 824/824
f 836/836 826/826 832/832
f 836/836 838/838 826/826
f 836/836 832/832 834/834
f 835/835 838/838 836/836
f 840/840 825/825 827/827
f 825/825 840/840 839/839
f 838/838 848/848 827/827
f 848/848 849/849 827/827
f 840/840 827/827 849/849
f 844/844 840/840 849/849
f 845/845 844/844 849/849
f 840/840 844/844 842/842
f 851/851 846/846 838/838
f 846/846 848/848 838/838
f 835/835 851/851 838/838
f 853/853 850/850 851/851
f 857/857 854/854 855/855
f 859/859 973/973 856/856
f 787/787 860/860 784/784
f 862/862 860/860 816/816
f 862/862 864/864 861/861
f 818/818 864/864 862/862
f 863/863 861/861 864/864
f 869/869 863/863 865/865
f 869/869 789/789 863/863
f 867/867 869/869 865/865
f 868/868 869/869 867/867
f 874/874 873/873 870/870
f 839/839 874/874 870/870
f 893/893 882/882 873/873
f 877/877 893/893 873/873
f 894/894 882/882 893/893
f 893/893 878/878 856/856
f 893/893 856/856 973/973
f 902/902 893/893 973/973
f 973/973 859/859 902/902
f 432/432 172/172 431/431
f 82/82 81/81 974/974
f 554/554 974/974 81/81
f 975/975 431/431 82/82
f 975/975 82/82 974/974
f 976/976 977/977 978/978
f 977/977 979/979 980/980
f 978/978 977/977 980/980
f 976/976 431/431 975/975
f 976/976 432/432 431/431
f 432/432 976/976 978/978
f 981/981 432/432 978/978
f 978/978 980/980 982/982
f 981/981 978/978 982/982
f 433/433 432/432 981/981
f 553/553 173/173 983/983
f 983/983 173/173 589/589
f 984/984 983/983 589/589
f 983/983 985/985 553/553
f 986/986 987/987 553/553
f 985/985 986/986 553/553
f 986/986 988/988 987/987
f 988/988 989/989 987/987
f 990/990 988/988 986/986
f 988/988 991/991 989/989
f 985/985 990/990 986/986
f 992/992 990/990 985/985
f 983/983 992/992 985/985
f 982/982 980/980 993/993
f 981/981 982/982 994/994
f 994/994 438/438 981/981
f 994/994 453/453 438/438
f 979/979 993/993 980/980
f 995/995 993/993 979/979
f 995/995 979/979 991/991
f 989/989 991/991 979/979
f 993/993 995/995 996/996
f 996/996 994/994 993/993
f 994/994 982/982 993/993
f 990/990 997/997 988/988
f 998/998 997/997 990/990
f 988/988 997/997 991/991
f 991/991 999/999 995/995
f 1000/1000 996/996 995/995
f 996/996 1001/1001 994/994
f 1001/1001 996/996 1000/1000
f 998/998 990/990 992/992
f 1002/1002 992/992 983/983
f 998/998 992/992 1003/1003
f 999/999 991/991 997/997
f 1004/1004 998/998 1003/1003
f 999/999 1005/1005 995/995
f 1000/1000 995/995 1005/1005
f 1006/1006 1001/1001 1000/1000
f 997/997 998/998 1007/1007
f 1007/1007 999/999 997/997
f 1007/1007 1008/1008 999/999
f 1004/1004 1007/1007 998/998
f 1008/1008 1007/1007 1004/1004
f 1008/1008 1005/1005 999/999
f 1006/1006 1000/1000 1009/1009
f 994/994 1001/1001 453/453
f 453/453 1001/1001 1010/1010
f 1005/1005 1011/1011 1000/1000
f 1000/1000 1011/1011 1009/1009
f 1010/1010 1001/1001 1012/1012
f 1001/1001 1006/1006 1012/1012
f 1012/1012 1006/1006 1009/1009
f 1012/1012 1009/1009 1013/1013
f 589/589 587/587 984/984
f 983/983 984/984 1014/1014
f 1015/1015 1014/1014 984/984
f 1014/1014 1015/1015 1016/1016
f 984/984 1017/1017 1015/1015
f 1018/1018 1017/1017 984/984
f 1019/1019 1015/1015 1017/1017
f 1015/1015 1020/1020 1016/1016
f 1017/1017 1021/1021 1019/1019
f 1021/1021 1020/1020 1019/1019
f 1021/1021 1022/1022 1020/1020
f 1023/1023 1022/1022 1021/1021
f 1016/1016 1020/1020 1022/1022
f 1016/1016 1022/1022 1024/1024
f 1002/1002 1003/1003 992/992
f 1004/1004 1003/1003 1025/1025
f 1026/1026 1003/1003 1002/1002
f 1025/1025 1003/1003 1027/1027
f 1025/1025 1008/1008 1004/1004
f 1025/1025 1028/1028 1008/1008
f 1008/1008 1028/1028 1029/1029
f 1025/1025 1027/1027 1030/1030
f 1025/1025 1030/1030 1028/1028
f 983/983 1031/1031 1002/1002
f 1014/1014 1031/1031 983/983
f 1016/1016 1031/1031 1014/1014
f 1002/1002 1031/1031 1026/1026
f 1027/1027 1003/1003 1026/1026
f 1032/1032 1027/1027 1026/1026
f 1032/1032 1030/1030 1027/1027
f 1026/1026 1033/1033 1032/1032
f 1026/1026 1031/1031 1033/1033
f 1029/1029 1005/1005 1008/1008
f 1011/1011 1034/1034 1009/1009
f 1005/1005 1035/1035 1011/1011
f 1036/1036 1011/1011 1035/1035
f 1035/1035 1005/1005 1029/1029
f 1034/1034 1011/1011 1036/1036
f 1037/1037 1028/1028 1030/1030
f 1034/1034 1036/1036 1038/1038
f 1037/1037 1030/1030 1032/1032
f 1039/1039 1028/1028 1037/1037
f 1039/1039 1029/1029 1028/1028
f 1035/1035 1029/1029 1040/1040
f 1040/1040 1029/1029 1039/1039
f 1013/1013 1009/1009 1034/1034
f 1041/1041 1034/1034 1038/1038
f 1041/1041 1013/1013 1034/1034
f 1042/1042 1033/1033 1031/1031
f 1042/1042 1043/1043 1033/1033
f 1031/1031 1044/1044 1042/1042
f 1031/1031 1016/1016 1044/1044
f 1016/1016 1024/1024 1044/1044
f 1037/1037 1032/1032 1045/1045
f 1033/1033 1045/1045 1032/1032
f 1046/1046 1039/1039 1037/1037
f 1046/1046 1037/1037 1045/1045
f 1046/1046 1040/1040 1039/1039
f 1047/1047 1036/1036 1035/1035
f 1035/1035 1040/1040 1047/1047
f 1033/1033 1043/1043 1045/1045
f 1045/1045 1049/1049 1046/1046
f 1049/1049 1040/1040 1046/1046
f 1047/1047 1040/1040 1049/1049
f 1038/1038 1036/1036 1050/1050
f 1036/1036 1051/1051 1050/1050
f 1048/1048 1051/1051 1036/1036
f 1052/1052 1043/1043 1042/1042
f 1053/1053 1045/1045 1043/1043
f 1043/1043 1052/1052 1053/1053
f 1049/1049 1054/1054 1047/1047
f 1055/1055 1050/1050 1051/1051
f 1050/1050 1055/1055 1056/1056
f 1049/1049 1045/1045 1053/1053
f 1053/1053 1054/1054 1049/1049
f 1058/1058 1047/1047 1054/1054
f 1058/1058 1054/1054 1059/1059
f 1048/1048 1057/1057 1051/1051
f 1055/1055 1051/1051 1057/1057
f 1055/1055 1057/1057 1061/1061
f 1062/1062 1056/1056 1055/1055
f 1022/1022 1063/1063 1064/1064
f 1024/1024 1022/1022 1064/1064
f 1065/1065 1052/1052 1042/1042
f 1064/1064 1044/1044 1024/1024
f 1065/1065 1042/1042 1044/1044
f 1065/1065 1066/1066 1067/1067
f 1067/1067 1053/1053 1052/1052
f 1053/1053 1068/1068 1054/1054
f 1054/1054 1068/1068 1059/1059
f 1068/1068 1053/1053 1067/1067
f 1067/1067 1052/1052 1065/1065
f 1068/1068 1067/1067 1069/1069
f 1069/1069 1059/1059 1068/1068
f 1061/1061 1057/1057 1060/1060
f 1060/1060 1070/1070 1061/1061
f 1071/1071 1061/1061 1070/1070
f 1071/1071 1055/1055 1061/1061
f 1062/1062 1055/1055 1071/1071
f 1072/1072 1071/1071 1070/1070
f 1073/1073 1071/1071 1072/1072
f 1070/1070 1060/1060 1074/1074
f 1059/1059 1069/1069 1075/1075
f 1067/1067 1066/1066 1069/1069
f 1076/1076 1074/1074 1060/1060
f 1077/1077 1074/1074 1076/1076
f 1072/1072 1070/1070 1074/1074
f 1069/1069 1066/1066 1078/1078
f 1075/1075 1069/1069 1078/1078
f 433/433 981/981 438/438
f 593/593 1079/1079 588/588
f 984/984 587/587 588/588
f 984/984 588/588 1018/1018
f 1080/1080 1079/1079 593/593
f 588/588 1079/1079 1018/1018
f 1081/1081 1079/1079 1080/1080
f 1080/1080 593/593 592/592
f 591/591 1080/1080 592/592
f 1018/1018 1079/1079 1081/1081
f 1081/1081 1017/1017 1018/1018
f 1081/1081 1082/1082 1083/1083
f 1084/1084 1083/1083 1082/1082
f 1082/1082 1080/1080 1085/1085
f 1082/1082 1081/1081 1080/1080
f 1017/1017 1081/1081 1083/1083
f 1085/1085 1080/1080 591/591
f 1082/1082 1085/1085 1084/1084
f 1084/1084 1085/1085 1086/1086
f 1083/1083 1084/1084 1086/1086
f 1086/1086 1087/1087 1083/1083
f 1086/1086 1085/1085 1088/1088
f 1086/1086 1089/1089 1087/1087
f 1086/1086 1088/1088 1089/1089
f 591/591 1090/1090 1085/1085
f 1090/1090 1088/1088 1085/1085
f 1090/1090 591/591 594/594
f 594/594 628/628 1090/1090
f 1083/1083 1087/1087 1091/1091
f 1017/1017 1091/1091 1021/1021
f 1017/1017 1083/1083 1091/1091
f 1089/1089 1091/1091 1087/1087
f 1021/1021 1091/1091 1023/1023
f 1092/1092 1091/1091 1089/1089
f 1023/1023 1091/1091 1092/1092
f 1038/1038 1050/1050 1056/1056
f 435/435 433/433 438/438
f 1010/1010 1012/1012 1093/1093
f 439/439 438/438 453/453
f 453/453 1010/1010 454/454
f 454/454 1010/1010 1093/1093
f 1041/1041 1094/1094 1013/1013
f 1094/1094 1041/1041 1038/1038
f 1038/1038 1056/1056 1095/1095
f 1095/1095 1094/1094 1038/1038
f 1095/1095 1056/1056 1096/1096
f 1056/1056 1062/1062 1096/1096
f 1097/1097 1062/1062 1073/1073
f 1096/1096 1062/1062 1097/1097
f 1012/1012 1013/1013 1098/1098
f 1093/1093 1012/1012 1098/1098
f 1013/1013 1094/1094 1099/1099
f 1099/1099 1094/1094 1100/1100
f 1098/1098 1013/1013 1099/1099
f 1101/1101 454/454 1093/1093
f 1093/1093 1098/1098 1101/1101
f 1095/1095 1100/1100 1094/1094
f 1095/1095 1102/1102 1100/1100
f 1102/1102 1095/1095 1096/1096
f 1102/1102 1096/1096 1103/1103
f 1103/1103 1096/1096 1097/1097
f 1104/1104 1097/1097 1073/1073
f 1104/1104 1073/1073 1105/1105
f 1106/1106 1103/1103 1097/1097
f 1106/1106 1097/1097 1104/1104
f 1107/1107 1089/1089 1088/1088
f 1088/1088 1090/1090 1107/1107
f 1107/1107 1092/1092 1089/1089
f 1090/1090 1108/1108 1109/1109
f 1108/1108 1090/1090 628/628
f 628/628 627/627 1108/1108
f 1107/1107 1090/1090 1109/1109
f 1109/1109 1092/1092 1107/1107
f 1110/1110 1023/1023 1092/1092
f 1109/1109 1110/1110 1092/1092
f 1022/1022 1023/1023 1063/1063
f 1109/1109 1108/1108 1111/1111
f 627/627 1111/1111 1108/1108
f 1111/1111 1110/1110 1109/1109
f 1112/1112 1023/1023 1110/1110
f 1063/1063 1113/1113 1064/1064
f 1044/1044 1064/1064 1113/1113
f 1114/1114 1044/1044 1113/1113
f 1112/1112 1063/1063 1023/1023
f 1063/1063 1112/1112 1115/1115
f 630/630 1111/1111 627/627
f 630/630 1110/1110 1111/1111
f 1110/1110 630/630 631/631
f 1112/1112 1110/1110 1116/1116
f 1062/1062 1071/1071 1073/1073
f 1073/1073 1072/1072 1105/1105
f 1072/1072 1074/1074 1077/1077
f 1077/1077 1105/1105 1072/1072
f 1065/1065 1117/1117 1066/1066
f 1078/1078 1066/1066 1117/1117
f 1065/1065 1044/1044 1118/1118
f 1117/1117 1065/1065 1118/1118
f 1078/1078 1119/1119 1075/1075
f 1077/1077 1076/1076 1120/1120
f 1077/1077 1122/1122 1105/1105
f 1121/1121 1075/1075 1119/1119
f 1122/1122 1077/1077 1120/1120
f 1105/1105 1122/1122 1123/1123
f 1124/1124 1115/1115 1112/1112
f 1124/1124 1125/1125 1115/1115
f 1126/1126 1125/1125 1124/1124
f 1127/1127 1115/1115 1125/1125
f 1127/1127 1125/1125 1126/1126
f 1118/1118 1044/1044 1114/1114
f 1063/1063 1115/1115 1113/1113
f 1115/1115 1127/1127 1113/1113
f 1113/1113 1127/1127 1114/1114
f 1128/1128 1118/1118 1114/1114
f 1114/1114 1129/1129 1128/1128
f 1128/1128 1130/1130 1131/1131
f 1132/1132 1131/1131 1130/1130
f 1132/1132 1133/1133 1131/1131
f 1130/1130 1134/1134 1132/1132
f 1129/1129 1130/1130 1128/1128
f 1110/1110 631/631 1116/1116
f 1116/1116 631/631 636/636
f 636/636 637/637 1116/1116
f 1116/1116 1126/1126 1124/1124
f 1124/1124 1112/1112 1116/1116
f 1126/1126 637/637 638/638
f 1126/1126 638/638 1127/1127
f 1127/1127 638/638 1114/1114
f 1114/1114 638/638 643/643
f 1114/1114 643/643 1129/1129
f 1129/1129 643/643 1135/1135
f 1129/1129 1135/1135 1138/1138
f 1135/1135 643/643 639/639
f 1130/1130 1129/1129 1139/1139
f 1139/1139 1134/1134 1130/1130
f 1139/1139 1129/1129 1138/1138
f 1140/1140 1142/1142 1139/1139
f 1144/1144 1139/1139 1138/1138
f 1140/1140 1139/1139 1144/1144
f 1142/1142 1132/1132 1134/1134
f 1142/1142 1134/1134 1139/1139
f 1142/1142 1145/1145 1132/1132
f 1142/1142 1146/1146 1145/1145
f 1142/1142 1140/1140 1146/1146
f 1147/1147 1149/1149 1146/1146
f 1149/1149 1145/1145 1146/1146
f 1147/1147 1151/1151 1149/1149
f 1146/1146 1140/1140 1147/1147
f 1150/1150 1148/1148 1152/1152
f 1153/1153 1150/1150 1152/1152
f 1154/1154 1153/1153 1152/1152
f 1121/1121 1119/1119 1155/1155
f 1156/1156 1078/1078 1117/1117
f 1155/1155 1119/1119 1078/1078
f 1157/1157 1155/1155 1078/1078
f 1121/1121 1155/1155 1159/1159
f 1157/1157 1078/1078 1160/1160
f 1122/1122 1120/1120 1158/1158
f 1160/1160 1156/1156 1161/1161
f 1128/1128 1131/1131 1118/1118
f 1131/1131 1117/1117 1118/1118
f 1117/1117 1131/1131 1133/1133
f 1117/1117 1133/1133 1156/1156
f 1161/1161 1156/1156 1133/1133
f 1161/1161 1133/1133 1162/1162
f 1163/1163 1161/1161 1162/1162
f 1156/1156 1160/1160 1078/1078
f 1161/1161 1157/1157 1160/1160
f 1164/1164 1122/1122 1158/1158
f 1159/1159 1155/1155 1165/1165
f 1157/1157 1161/1161 1155/1155
f 1166/1166 1165/1165 1155/1155
f 1161/1161 1163/1163 1155/1155
f 1168/1168 1165/1165 1166/1166
f 1167/1167 1122/1122 1164/1164
f 1162/1162 1133/1133 1132/1132
f 1155/1155 1163/1163 1149/1149
f 1162/1162 1132/1132 1145/1145
f 1163/1163 1162/1162 1145/1145
f 1169/1169 1170/1170 1166/1166
f 1169/1169 1166/1166 1149/1149
f 1155/1155 1149/1149 1166/1166
f 1170/1170 1168/1168 1166/1166
f 1122/1122 1167/1167 1172/1172
f 1172/1172 1167/1167 1173/1173
f 1172/1172 1123/1123 1122/1122
f 1173/1173 1174/1174 1172/1172
f 1176/1176 1170/1170 1169/1169
f 1175/1175 1177/1177 1171/1171
f 1173/1173 1167/1167 1171/1171
f 1177/1177 1173/1173 1171/1171
f 1163/1163 1145/1145 1149/1149
f 1149/1149 1151/1151 1169/1169
f 1176/1176 1169/1169 1151/1151
f 1153/1153 1175/1175 1150/1150
f 1175/1175 1153/1153 1177/1177
f 1154/1154 1178/1178 1179/1179
f 666/666 1180/1180 667/667
f 1180/1180 666/666 1181/1181
f 1182/1182 1179/1179 1178/1178
f 1183/1183 1179/1179 1182/1182
f 1181/1181 1184/1184 1183/1183
f 1183/1183 1185/1185 1179/1179
f 1177/1177 1174/1174 1173/1173
f 1177/1177 1186/1186 1174/1174
f 1172/1172 1174/1174 1187/1187
f 1172/1172 1187/1187 1123/1123
f 1188/1188 1153/1153 1189/1189
f 1177/1177 1153/1153 1188/1188
f 1189/1189 1153/1153 1154/1154
f 1188/1188 1186/1186 1177/1177
f 1186/1186 1187/1187 1174/1174
f 1188/1188 1190/1190 1186/1186
f 1188/1188 1189/1189 1190/1190
f 1191/1191 1189/1189 1154/1154
f 1191/1191 1190/1190 1189/1189
f 1191/1191 1154/1154 1179/1179
f 1137/1137 1192/1192 1143/1143
f 1143/1143 1193/1193 1141/1141
f 640/640 668/668 1136/1136
f 1192/1192 1136/1136 668/668
f 1194/1194 1192/1192 668/668
f 1192/1192 1137/1137 1136/1136
f 1194/1194 668/668 669/669
f 670/670 1194/1194 669/669
f 673/673 1194/1194 670/670
f 673/673 1195/1195 1194/1194
f 675/675 1195/1195 673/673
f 1194/1194 1195/1195 1196/1196
f 1197/1197 1196/1196 1195/1195
f 1198/1198 1197/1197 1195/1195
f 1198/1198 1195/1195 675/675
f 1198/1198 1199/1199 1197/1197
f 1192/1192 1194/1194 1143/1143
f 1143/1143 1194/1194 1193/1193
f 1196/1196 1193/1193 1194/1194
f 1193/1193 1196/1196 1141/1141
f 1200/1200 1196/1196 1201/1201
f 1201/1201 1202/1202 1200/1200
f 1201/1201 1196/1196 1197/1197
f 1199/1199 1201/1201 1197/1197
f 1199/1199 1203/1203 1201/1201
f 1148/1148 1141/1141 1204/1204
f 1141/1141 1200/1200 1204/1204
f 1200/1200 1202/1202 1204/1204
f 1205/1205 1204/1204 1202/1202
f 1152/1152 1148/1148 1204/1204
f 1205/1205 1152/1152 1204/1204
f 1200/1200 1141/1141 1196/1196
f 1203/1203 1205/1205 1202/1202
f 1178/1178 1205/1205 1203/1203
f 1203/1203 1202/1202 1201/1201
f 1154/1154 1152/1152 1205/1205
f 1178/1178 1154/1154 1205/1205
f 676/676 1198/1198 675/675
f 1206/1206 1199/1199 1198/1198
f 1206/1206 1198/1198 676/676
f 1178/1178 1203/1203 1207/1207
f 1207/1207 1203/1203 1199/1199
f 1207/1207 1199/1199 1206/1206
f 1208/1208 1206/1206 676/676
f 1209/1209 1207/1207 1206/1206
f 1182/1182 1207/1207 1209/1209
f 1182/1182 1178/1178 1207/1207
f 667/667 676/676 662/662
f 676/676 667/667 1208/1208
f 1180/1180 1208/1208 667/667
f 1180/1180 1181/1181 1208/1208
f 1209/1209 1206/1206 1181/1181
f 1206/1206 1208/1208 1181/1181
f 1181/1181 1183/1183 1209/1209
f 1209/1209 1183/1183 1182/1182
f 1101/1101 1098/1098 1099/1099
f 461/461 1101/1101 1099/1099
f 1099/1099 1100/1100 1210/1210
f 1211/1211 1102/1102 1103/1103
f 1102/1102 1211/1211 1100/1100
f 1101/1101 455/455 454/454
f 461/461 455/455 1101/1101
f 1210/1210 461/461 1099/1099
f 1210/1210 1212/1212 461/461
f 1213/1213 1100/1100 1211/1211
f 1214/1214 1213/1213 1211/1211
f 1103/1103 1106/1106 1215/1215
f 1211/1211 1103/1103 1215/1215
f 1215/1215 1106/1106 1104/1104
f 1215/1215 1214/1214 1211/1211
f 1216/1216 1214/1214 1215/1215
f 1212/1212 1210/1210 1100/1100
f 1217/1217 1212/1212 1100/1100
f 1218/1218 461/461 1212/1212
f 1218/1218 1212/1212 1217/1217
f 1217/1217 1100/1100 1213/1213
f 1218/1218 1219/1219 461/461
f 1217/1217 1219/1219 1218/1218
f 464/464 461/461 1219/1219
f 1219/1219 1217/1217 1220/1220
f 464/464 1219/1219 1220/1220
f 1220/1220 1217/1217 1213/1213
f 1221/1221 1214/1214 1216/1216
f 1216/1216 1215/1215 1104/1104
f 1104/1104 1105/1105 1222/1222
f 1223/1223 1104/1104 1222/1222
f 1222/1222 1224/1224 1225/1225
f 1223/1223 1216/1216 1104/1104
f 1226/1226 1223/1223 1225/1225
f 1222/1222 1225/1225 1223/1223
f 1216/1216 1223/1223 1226/1226
f 1227/1227 1181/1181 666/666
f 1227/1227 1184/1184 1181/1181
f 1185/1185 1183/1183 1184/1184
f 666/666 662/662 798/798
f 1228/1228 1123/1123 1187/1187
f 1186/1186 1229/1229 1187/1187
f 1229/1229 1228/1228 1187/1187
f 1186/1186 1230/1230 1229/1229
f 1230/1230 1186/1186 1190/1190
f 1230/1230 1190/1190 1231/1231
f 1191/1191 1179/1179 1232/1232
f 1232/1232 1231/1231 1191/1191
f 1231/1231 1190/1190 1191/1191
f 1231/1231 1233/1233 1234/1234
f 1234/1234 1230/1230 1231/1231
f 1235/1235 1232/1232 1179/1179
f 1235/1235 1179/1179 1185/1185
f 1235/1235 1185/1185 1184/1184
f 1232/1232 1233/1233 1231/1231
f 1236/1236 798/798 799/799
f 1237/1237 1184/1184 1227/1227
f 1236/1236 666/666 798/798
f 1238/1238 666/666 1236/1236
f 666/666 1238/1238 1227/1227
f 892/892 1236/1236 799/799
f 1239/1239 1238/1238 1236/1236
f 1238/1238 1239/1239 1240/1240
f 1227/1227 1238/1238 1240/1240
f 1241/1241 1233/1233 1232/1232
f 1242/1242 1241/1241 1232/1232
f 1233/1233 1241/1241 1234/1234
f 1237/1237 1235/1235 1184/1184
f 1232/1232 1235/1235 1242/1242
f 1243/1243 1237/1237 1227/1227
f 1235/1235 1237/1237 1242/1242
f 1244/1244 1242/1242 1237/1237
f 1237/1237 1243/1243 1244/1244
f 1234/1234 1241/1241 1245/1245
f 1246/1246 1241/1241 1242/1242
f 1246/1246 1245/1245 1241/1241
f 1243/1243 1227/1227 1240/1240
f 1123/1123 1247/1247 1105/1105
f 1248/1248 1247/1247 1228/1228
f 1228/1228 1247/1247 1123/1123
f 1248/1248 1228/1228 1229/1229
f 1249/1249 1229/1229 1230/1230
f 1249/1249 1230/1230 1234/1234
f 1247/1247 1222/1222 1105/1105
f 1248/1248 1229/1229 1249/1249
f 1250/1250 1247/1247 1248/1248
f 1247/1247 1224/1224 1222/1222
f 1224/1224 1247/1247 1250/1250
f 1250/1250 1251/1251 1224/1224
f 1252/1252 1251/1251 1250/1250
f 1253/1253 1248/1248 1249/1249
f 1249/1249 1254/1254 1253/1253
f 1253/1253 1250/1250 1248/1248
f 1250/1250 1253/1253 1252/1252
f 1254/1254 1249/1249 1234/1234
f 464/464 1220/1220 523/523
f 1255/1255 523/523 1220/1220
f 1255/1255 1220/1220 1213/1213
f 495/495 523/523 1255/1255
f 495/495 1255/1255 496/496
f 496/496 1255/1255 1213/1213
f 1256/1256 1257/1257 1213/1213
f 1256/1256 1214/1214 1221/1221
f 1258/1258 1259/1259 1221/1221
f 1214/1214 1256/1256 1213/1213
f 1260/1260 1256/1256 1221/1221
f 1225/1225 1261/1261 1262/1262
f 1226/1226 1221/1221 1216/1216
f 1263/1263 1226/1226 1225/1225
f 1262/1262 1263/1263 1225/1225
f 1221/1221 1226/1226 1258/1258
f 1263/1263 1258/1258 1226/1226
f 1264/1264 1258/1258 1263/1263
f 1264/1264 1263/1263 1265/1265
f 1264/1264 1266/1266 1258/1258
f 1266/1266 1259/1259 1258/1258
f 1264/1264 1265/1265 1266/1266
f 1265/1265 1263/1263 1267/1267
f 1267/1267 1262/1262 1261/1261
f 1263/1263 1262/1262 1267/1267
f 1265/1265 1267/1267 1268/1268
f 512/512 494/494 496/496
f 1213/1213 512/512 496/496
f 512/512 1257/1257 513/513
f 1213/1213 1257/1257 512/512
f 513/513 1257/1257 1256/1256
f 1260/1260 1221/1221 1259/1259
f 1269/1269 1256/1256 1260/1260
f 1256/1256 1269/1269 513/513
f 513/513 1269/1269 522/522
f 1259/1259 1270/1270 1260/1260
f 1271/1271 1270/1270 1259/1259
f 1272/1272 1270/1270 1271/1271
f 1266/1266 1273/1273 1271/1271
f 1271/1271 1259/1259 1266/1266
f 1273/1273 1266/1266 1265/1265
f 1273/1273 1265/1265 1268/1268
f 1274/1274 1273/1273 1268/1268
f 1275/1275 1273/1273 1274/1274
f 1271/1271 1275/1275 1272/1272
f 1271/1271 1273/1273 1275/1275
f 1276/1276 1274/1274 1268/1268
f 1277/1277 1274/1274 1276/1276
f 1275/1275 1274/1274 1277/1277
f 1278/1278 1277/1277 1276/1276
f 891/891 1279/1279 890/890
f 1239/1239 1236/1236 892/892
f 1280/1280 1240/1240 1239/1239
f 1279/1279 892/892 890/890
f 1281/1281 892/892 1279/1279
f 892/892 1281/1281 1239/1239
f 1282/1282 1280/1280 1239/1239
f 1282/1282 1239/1239 1281/1281
f 1283/1283 1244/1244 1243/1243
f 1246/1246 1242/1242 1244/1244
f 1284/1284 1246/1246 1285/1285
f 1284/1284 1245/1245 1246/1246
f 1246/1246 1244/1244 1285/1285
f 1244/1244 1283/1283 1285/1285
f 1243/1243 1240/1240 1286/1286
f 1287/1287 1283/1283 1286/1286
f 1286/1286 1283/1283 1243/1243
f 1282/1282 1288/1288 1280/1280
f 1288/1288 1289/1289 1286/1286
f 1287/1287 1286/1286 1289/1289
f 1288/1288 1240/1240 1280/1280
f 1240/1240 1288/1288 1286/1286
f 1287/1287 1290/1290 1285/1285
f 1290/1290 1284/1284 1285/1285
f 1290/1290 1291/1291 1292/1292
f 1284/1284 1290/1290 1292/1292
f 1293/1293 1292/1292 1291/1291
f 1283/1283 1287/1287 1285/1285
f 1294/1294 1290/1290 1287/1287
f 1289/1289 1294/1294 1287/1287
f 1295/1295 1294/1294 1296/1296
f 1291/1291 1290/1290 1294/1294
f 905/905 1297/1297 891/891
f 1297/1297 1279/1279 891/891
f 1279/1279 1297/1297 1298/1298
f 1298/1298 1281/1281 1279/1279
f 905/905 1299/1299 1297/1297
f 1300/1300 1298/1298 1297/1297
f 1301/1301 1300/1300 1297/1297
f 1298/1298 1300/1300 1302/1302
f 1302/1302 1281/1281 1298/1298
f 1302/1302 1303/1303 1281/1281
f 1301/1301 1297/1297 1299/1299
f 1302/1302 1300/1300 1301/1301
f 905/905 1304/1304 1299/1299
f 1304/1304 1305/1305 1299/1299
f 1305/1305 1301/1301 1299/1299
f 1305/1305 1306/1306 1301/1301
f 1306/1306 1302/1302 1301/1301
f 1303/1303 1302/1302 1306/1306
f 1307/1307 1306/1306 1305/1305
f 1307/1307 1303/1303 1306/1306
f 1308/1308 1303/1303 1307/1307
f 1309/1309 1303/1303 1308/1308
f 1308/1308 1310/1310 1309/1309
f 1309/1309 1310/1310 1311/1311
f 1312/1312 1313/1313 1314/1314
f 1314/1314 1315/1315 1312/1312
f 1303/1303 1282/1282 1281/1281
f 1316/1316 1288/1288 1282/1282
f 1282/1282 1317/1317 1316/1316
f 1316/1316 1317/1317 1318/1318
f 1295/1295 1296/1296 1318/1318
f 1319/1319 1295/1295 1318/1318
f 1320/1320 1321/1321 1322/1322
f 1321/1321 1320/1320 1295/1295
f 1319/1319 1321/1321 1295/1295
f 1312/1312 1318/1318 1317/1317
f 1319/1319 1318/1318 1312/1312
f 1323/1323 1322/1322 1321/1321
f 1309/1309 1282/1282 1303/1303
f 1282/1282 1309/1309 1317/1317
f 1311/1311 1317/1317 1309/1309
f 1311/1311 1313/1313 1317/1317
f 1313/1313 1312/1312 1317/1317
f 1315/1315 1321/1321 1319/1319
f 1315/1315 1323/1323 1321/1321
f 1315/1315 1319/1319 1312/1312
f 1261/1261 1225/1225 1324/1324
f 1325/1325 1251/1251 1252/1252
f 1325/1325 1224/1224 1251/1251
f 1325/1325 1324/1324 1224/1224
f 1261/1261 1324/1324 1326/1326
f 1327/1327 1324/1324 1325/1325
f 1254/1254 1328/1328 1252/1252
f 1329/1329 1254/1254 1234/1234
f 1254/1254 1329/1329 1328/1328
f 1330/1330 1328/1328 1329/1329
f 1329/1329 1234/1234 1331/1331
f 1254/1254 1252/1252 1253/1253
f 1327/1327 1325/1325 1252/1252
f 1327/1327 1332/1332 1326/1326
f 1327/1327 1252/1252 1333/1333
f 1252/1252 1328/1328 1333/1333
f 1327/1327 1334/1334 1332/1332
f 1334/1334 1327/1327 1333/1333
f 1333/1333 1328/1328 1330/1330
f 1261/1261 1326/1326 1335/1335
f 1335/1335 1267/1267 1261/1261
f 1336/1336 1335/1335 1326/1326
f 1337/1337 1329/1329 1331/1331
f 1334/1334 1333/1333 1330/1330
f 1338/1338 1334/1334 1330/1330
f 1329/1329 1337/1337 1330/1330
f 1339/1339 1338/1338 1330/1330
f 1330/1330 1337/1337 1339/1339
f 1340/1340 1322/1322 1341/1341
f 1338/1338 1339/1339 1341/1341
f 1342/1342 1338/1338 1341/1341
f 1336/1336 1326/1326 1332/1332
f 1332/1332 1343/1343 1336/1336
f 1332/1332 1334/1334 1343/1343
f 1334/1334 1344/1344 1343/1343
f 1342/1342 1334/1334 1338/1338
f 1344/1344 1334/1334 1342/1342
f 1335/1335 1268/1268 1267/1267
f 1345/1345 1335/1335 1336/1336
f 1331/1331 1234/1234 1245/1245
f 1346/1346 1331/1331 1245/1245
f 1346/1346 1245/1245 1292/1292
f 1346/1346 1337/1337 1331/1331
f 1292/1292 1245/1245 1284/1284
f 1292/1292 1293/1293 1346/1346
f 1340/1340 1337/1337 1346/1346
f 1339/1339 1337/1337 1340/1340
f 1340/1340 1320/1320 1322/1322
f 1341/1341 1339/1339 1340/1340
f 1341/1341 1347/1347 1342/1342
f 1341/1341 1322/1322 1348/1348
f 1348/1348 1347/1347 1341/1341
f 1323/1323 1348/1348 1322/1322
f 1349/1349 1348/1348 1323/1323
f 1349/1349 1323/1323 1315/1315
f 1344/1344 1342/1342 1347/1347
f 1345/1345 1268/1268 1335/1335
f 1268/1268 1345/1345 1276/1276
f 1276/1276 1345/1345 1336/1336
f 1336/1336 1278/1278 1276/1276
f 1278/1278 1336/1336 1343/1343
f 987/987 174/174 553/553
f 554/554 174/174 987/987
f 1350/1350 987/987 989/989
f 989/989 977/977 1351/1351
f 989/989 979/979 977/977
f 1352/1352 975/975 1351/1351
f 974/974 1351/1351 975/975
f 1351/1351 974/974 554/554
f 976/976 975/975 1352/1352
f 1351/1351 977/977 1352/1352
f 1352/1352 977/977 976/976
f 554/554 987/987 1350/1350
f 1350/1350 1351/1351 554/554
f 989/989 1351/1351 1350/1350
f 1020/1020 1015/1015 1019/1019
f 1126/1126 1116/1116 637/637
f 1324/1324 1225/1225 1224/1224
f 1289/1289 1296/1296 1294/1294
f 1320/1320 1293/1293 1291/1291
f 1320/1320 1291/1291 1295/1295
f 1320/1320 1340/1340 1293/1293
f 1291/1291 1294/1294 1295/1295
f 1316/1316 1289/1289 1288/1288
f 1289/1289 1316/1316 1296/1296
f 1296/1296 1316/1316 1318/1318
f 1326/1326 1324/1324 1327/1327
f 1293/1293 1340/1340 1346/1346
f 1353/1353 1354/1354 1356/1356
f 1353/1353 1356/1356 1358/1358
f 1359/1359 1360/1360 1357/1357
f 1362/1362 1360/1360 1359/1359
f 1356/1356 1361/1361 1358/1358
f 1358/1358 1361/1361 1364/1364
f 1358/1358 1364/1364 1365/1365
f 1364/1364 1367/1367 1365/1365
f 1360/1360 1362/1362 1368/1368
f 1363/1363 1360/1360 1368/1368
f 1368/1368 1366/1366 1363/1363
f 209/209 1369/1369 208/208
f 1369/1369 212/212 208/208
f 212/212 1369/1369 210/210
f 310/310 312/312 308/308
f 1370/1370 312/312 310/310
f 1371/1371 360/360 312/312
f 1371/1371 312/312 1370/1370
f 304/304 318/318 1373/1373
f 304/304 1373/1373 309/309
f 318/318 1374/1374 1373/1373
f 318/318 327/327 1374/1374
f 1373/1373 1375/1375 309/309
f 1374/1374 1375/1375 1373/1373
f 1376/1376 1377/1377 1372/1372
f 1376/1376 209/209 1377/1377
f 1378/1378 310/310 309/309
f 1378/1378 1370/1370 310/310
f 1379/1379 1371/1371 1370/1370
f 1378/1378 1379/1379 1370/1370
f 1381/1381 309/309 1375/1375
f 1381/1381 1378/1378 309/309
f 1382/1382 1376/1376 1372/1372
f 1380/1380 1382/1382 1372/1372
f 1383/1383 326/326 328/328
f 1384/1384 328/328 341/341
f 326/326 1385/1385 327/327
f 1385/1385 326/326 1383/1383
f 1386/1386 342/342 1387/1387
f 1387/1387 342/342 343/343
f 1386/1386 341/341 342/342
f 1384/1384 341/341 1386/1386
f 1384/1384 1383/1383 328/328
f 1388/1388 1384/1384 1386/1386
f 1383/1383 1384/1384 1389/1389
f 1385/1385 1383/1383 1389/1389
f 1389/1389 1384/1384 1388/1388
f 1387/1387 343/343 345/345
f 1386/1386 1387/1387 345/345
f 1390/1390 345/345 344/344
f 1390/1390 344/344 347/347
f 345/345 1390/1390 1391/1391
f 1388/1388 1386/1386 1392/1392
f 1393/1393 1388/1388 1392/1392
f 1386/1386 345/345 1394/1394
f 1392/1392 1386/1386 1394/1394
f 1391/1391 1390/1390 1395/1395
f 1395/1395 345/345 1391/1391
f 1394/1394 345/345 1395/1395
f 1395/1395 1390/1390 1396/1396
f 1397/1397 1394/1394 1395/1395
f 1396/1396 1397/1397 1395/1395
f 1397/1397 1396/1396 1398/1398
f 1385/1385 1399/1399 327/327
f 1400/1400 1385/1385 1389/1389
f 1385/1385 1400/1400 1399/1399
f 1400/1400 1389/1389 1401/1401
f 1399/1399 1402/1402 327/327
f 1402/1402 1399/1399 1400/1400
f 1403/1403 1400/1400 1401/1401
f 1398/1398 1404/1404 1401/1401
f 1401/1401 1404/1404 1403/1403
f 1403/1403 1404/1404 1405/1405
f 1405/1405 1404/1404 1398/1398
f 1389/1389 1388/1388 1393/1393
f 1401/1401 1389/1389 1393/1393
f 1401/1401 1393/1393 1392/1392
f 1401/1401 1392/1392 1394/1394
f 1401/1401 1394/1394 1398/1398
f 1398/1398 1394/1394 1397/1397
f 1405/1405 1398/1398 1406/1406
f 1377/1377 209/209 361/361
f 312/312 360/360 311/311
f 1377/1377 359/359 1372/1372
f 1377/1377 361/361 359/359
f 1407/1407 1369/1369 1408/1408
f 1369/1369 1409/1409 210/210
f 1369/1369 1407/1407 1409/1409
f 210/210 1409/1409 767/767
f 1409/1409 1410/1410 767/767
f 1376/1376 1411/1411 209/209
f 1412/1412 209/209 1411/1411
f 209/209 1412/1412 1408/1408
f 1413/1413 209/209 1408/1408
f 1407/1407 1408/1408 1414/1414
f 1414/1414 1409/1409 1407/1407
f 1409/1409 1414/1414 1415/1415
f 1415/1415 1416/1416 1409/1409
f 1382/1382 1417/1417 1376/1376
f 1411/1411 1376/1376 1417/1417
f 1418/1418 1378/1378 1381/1381
f 1378/1378 1418/1418 1419/1419
f 1420/1420 1378/1378 1419/1419
f 1419/1419 1422/1422 1420/1420
f 1420/1420 1379/1379 1378/1378
f 1423/1423 1382/1382 1380/1380
f 1417/1417 1382/1382 1423/1423
f 1422/1422 1379/1379 1420/1420
f 1421/1421 1423/1423 1380/1380
f 1424/1424 1417/1417 1423/1423
f 1425/1425 1426/1426 1417/1417
f 1403/1403 1402/1402 1400/1400
f 1427/1427 1381/1381 1375/1375
f 1427/1427 1375/1375 1428/1428
f 1428/1428 1375/1375 1374/1374
f 1429/1429 1428/1428 1374/1374
f 1429/1429 1374/1374 327/327
f 1430/1430 1403/1403 1405/1405
f 1405/1405 1406/1406 1430/1430
f 1406/1406 1431/1431 1430/1430
f 1431/1431 1403/1403 1430/1430
f 1431/1431 1406/1406 1432/1432
f 1402/1402 1403/1403 1431/1431
f 1406/1406 1433/1433 1432/1432
f 1434/1434 1429/1429 327/327
f 1434/1434 327/327 1435/1435
f 1427/1427 1418/1418 1381/1381
f 1436/1436 1437/1437 1438/1438
f 1438/1438 1437/1437 1439/1439
f 1437/1437 1436/1436 1440/1440
f 1441/1441 1442/1442 1437/1437
f 1440/1440 1441/1441 1437/1437
f 1443/1443 1444/1444 1445/1445
f 1354/1354 1445/1445 1446/1446
f 1445/1445 1444/1444 1447/1447
f 1447/1447 1446/1446 1445/1445
f 1446/1446 1448/1448 1354/1354
f 1443/1443 1438/1438 1450/1450
f 1450/1450 1444/1444 1443/1443
f 1443/1443 1436/1436 1438/1438
f 1451/1451 1436/1436 1443/1443
f 1443/1443 1445/1445 1452/1452
f 1354/1354 1353/1353 1445/1445
f 1452/1452 1445/1445 1353/1353
f 1453/1453 1419/1419 1418/1418
f 1435/1435 327/327 1402/1402
f 1431/1431 1454/1454 1402/1402
f 1432/1432 1454/1454 1431/1431
f 1402/1402 1454/1454 1435/1435
f 1455/1455 1456/1456 1362/1362
f 1362/1362 1456/1456 1457/1457
f 1457/1457 1456/1456 1458/1458
f 1459/1459 1460/1460 1458/1458
f 1457/1457 1458/1458 1460/1460
f 1461/1461 1459/1459 1462/1462
f 1461/1461 1460/1460 1459/1459
f 1460/1460 1461/1461 1463/1463
f 1461/1461 1464/1464 1465/1465
f 1466/1466 1449/1449 1467/1467
f 1466/1466 1467/1467 1468/1468
f 1449/1449 1466/1466 1355/1355
f 1357/1357 1466/1466 1359/1359
f 1355/1355 1466/1466 1357/1357
f 1468/1468 1359/1359 1466/1466
f 1359/1359 1468/1468 1362/1362
f 1362/1362 1468/1468 1469/1469
f 1362/1362 1469/1469 1455/1455
f 1470/1470 1362/1362 1457/1457
f 1470/1470 1457/1457 1460/1460
f 1471/1471 1470/1470 1460/1460
f 1470/1470 1368/1368 1362/1362
f 1472/1472 1366/1366 1473/1473
f 1473/1473 1366/1366 1368/1368
f 1475/1475 1366/1366 1472/1472
f 1476/1476 1475/1475 1472/1472
f 1368/1368 1470/1470 1477/1477
f 1473/1473 1368/1368 1477/1477
f 1477/1477 1470/1470 1478/1478
f 1479/1479 1473/1473 1477/1477
f 1479/1479 1480/1480 1473/1473
f 1479/1479 1481/1481 1480/1480
f 1478/1478 1479/1479 1477/1477
f 1480/1480 1481/1481 1482/1482
f 1473/1473 1483/1483 1472/1472
f 1483/1483 1473/1473 1480/1480
f 1482/1482 1483/1483 1480/1480
f 1484/1484 1483/1483 1482/1482
f 1483/1483 1486/1486 1476/1476
f 1483/1483 1484/1484 1486/1486
f 1484/1484 1482/1482 1487/1487
f 1488/1488 1408/1408 1412/1412
f 1426/1426 1411/1411 1417/1417
f 1488/1488 1489/1489 1408/1408
f 1408/1408 1489/1489 1414/1414
f 1414/1414 1489/1489 1415/1415
f 1490/1490 1416/1416 1415/1415
f 1490/1490 1491/1491 1492/1492
f 1493/1493 1491/1491 1490/1490
f 1494/1494 1491/1491 1493/1493
f 1495/1495 1494/1494 1493/1493
f 1415/1415 1489/1489 1496/1496
f 1497/1497 1415/1415 1496/1496
f 1497/1497 1490/1490 1415/1415
f 1497/1497 1493/1493 1490/1490
f 1497/1497 1495/1495 1493/1493
f 1498/1498 1495/1495 1499/1499
f 1495/1495 1497/1497 1500/1500
f 1495/1495 1500/1500 1501/1501
f 1501/1501 1499/1499 1495/1495
f 1412/1412 1411/1411 1426/1426
f 1488/1488 1412/1412 1426/1426
f 1426/1426 1502/1502 1488/1488
f 1503/1503 1488/1488 1502/1502
f 1489/1489 1488/1488 1503/1503
f 1504/1504 1489/1489 1503/1503
f 1504/1504 1496/1496 1489/1489
f 1496/1496 1504/1504 1505/1505
f 1497/1497 1496/1496 1505/1505
f 1506/1506 1497/1497 1505/1505
f 1507/1507 1508/1508 1501/1501
f 1500/1500 1507/1507 1501/1501
f 1509/1509 1508/1508 1507/1507
f 1506/1506 1500/1500 1497/1497
f 1506/1506 1510/1510 1500/1500
f 1511/1511 1510/1510 1506/1506
f 1500/1500 1510/1510 1507/1507
f 1509/1509 1507/1507 1510/1510
f 1503/1503 1512/1512 1504/1504
f 1512/1512 1513/1513 1505/1505
f 1511/1511 1506/1506 1505/1505
f 1505/1505 1504/1504 1512/1512
f 1511/1511 1505/1505 1513/1513
f 1510/1510 1511/1511 1509/1509
f 1509/1509 1511/1511 1514/1514
f 1515/1515 1509/1509 1514/1514
f 1515/1515 1514/1514 1516/1516
f 1513/1513 1517/1517 1511/1511
f 1517/1517 1514/1514 1511/1511
f 1517/1517 1518/1518 1514/1514
f 1519/1519 1452/1452 1353/1353
f 1358/1358 1519/1519 1353/1353
f 1519/1519 1358/1358 1520/1520
f 1358/1358 1521/1521 1520/1520
f 1522/1522 1523/1523 1521/1521
f 1521/1521 1523/1523 1520/1520
f 1524/1524 1525/1525 1526/1526
f 1524/1524 1527/1527 1525/1525
f 1521/1521 1358/1358 1365/1365
f 1521/1521 1365/1365 1528/1528
f 1529/1529 1528/1528 1365/1365
f 1365/1365 1367/1367 1529/1529
f 1530/1530 1525/1525 1531/1531
f 1531/1531 1532/1532 1530/1530
f 1533/1533 1524/1524 1526/1526
f 1534/1534 1533/1533 1535/1535
f 1533/1533 1526/1526 1535/1535
f 1526/1526 1525/1525 1530/1530
f 1536/1536 1526/1526 1530/1530
f 1536/1536 1530/1530 1537/1537
f 1535/1535 1526/1526 1536/1536
f 1536/1536 1538/1538 1535/1535
f 1530/1530 1532/1532 1539/1539
f 1537/1537 1530/1530 1539/1539
f 1537/1537 1539/1539 1540/1540
f 1539/1539 1532/1532 1540/1540
f 1540/1540 1532/1532 1485/1485
f 1541/1541 1542/1542 1543/1543
f 1543/1543 1544/1544 1541/1541
f 1545/1545 1541/1541 1544/1544
f 1546/1546 1547/1547 1544/1544
f 1548/1548 1544/1544 1547/1547
f 1548/1548 1547/1547 1549/1549
f 1550/1550 1551/1551 1552/1552
f 1553/1553 1554/1554 1555/1555
f 1553/1553 1538/1538 1554/1554
f 1556/1556 1555/1555 1557/1557
f 1553/1553 1555/1555 1556/1556
f 1553/1553 1556/1556 1558/1558
f 1552/1552 1559/1559 1560/1560
f 1546/1546 1561/1561 1547/1547
f 1547/1547 1561/1561 1562/1562
f 1562/1562 1561/1561 1563/1563
f 1549/1549 1547/1547 1562/1562
f 1562/1562 1564/1564 1549/1549
f 1564/1564 1565/1565 1566/1566
f 1561/1561 1546/1546 1567/1567
f 1563/1563 1561/1561 1568/1568
f 1563/1563 1568/1568 1569/1569
f 1564/1564 1563/1563 1565/1565
f 1564/1564 1562/1562 1563/1563
f 1563/1563 1569/1569 1565/1565
f 1550/1550 1552/1552 1570/1570
f 1552/1552 1565/1565 1571/1571
f 1553/1553 1558/1558 1567/1567
f 1558/1558 1572/1572 1567/1567
f 1552/1552 1571/1571 1559/1559
f 1573/1573 1574/1574 1575/1575
f 1576/1576 1573/1573 1575/1575
f 1577/1577 1545/1545 1578/1578
f 1579/1579 1577/1577 1578/1578
f 1580/1580 1548/1548 1549/1549
f 1580/1580 1549/1549 1581/1581
f 1581/1581 1549/1549 1582/1582
f 1582/1582 1549/1549 1564/1564
f 1566/1566 1582/1582 1564/1564
f 1583/1583 1584/1584 1585/1585
f 1586/1586 1585/1585 1587/1587
f 1588/1588 1583/1583 1586/1586
f 1583/1583 1585/1585 1586/1586
f 1589/1589 1586/1586 1590/1590
f 1591/1591 1588/1588 1589/1589
f 1591/1591 1592/1592 1588/1588
f 1589/1589 1593/1593 1591/1591
f 1589/1589 1588/1588 1586/1586
f 1590/1590 1587/1587 1594/1594
f 1590/1590 1586/1586 1587/1587
f 1595/1595 1590/1590 1594/1594
f 1596/1596 1589/1589 1590/1590
f 1597/1597 1598/1598 1595/1595
f 1598/1598 1597/1597 1600/1600
f 1602/1602 1598/1598 1600/1600
f 1595/1595 1596/1596 1590/1590
f 1596/1596 1603/1603 1589/1589
f 1598/1598 1596/1596 1595/1595
f 1604/1604 1606/1606 1598/1598
f 1596/1596 1607/1607 1603/1603
f 1608/1608 1609/1609 1610/1610
f 1611/1611 1606/1606 1605/1605
f 1598/1598 1612/1612 1596/1596
f 1612/1612 1598/1598 1613/1613
f 1607/1607 1596/1596 1612/1612
f 1613/1613 1598/1598 1606/1606
f 1614/1614 1613/1613 1606/1606
f 1615/1615 1609/1609 1608/1608
f 1425/1425 1417/1417 1424/1424
f 1603/1603 1593/1593 1589/1589
f 1616/1616 1593/1593 1607/1607
f 1616/1616 1617/1617 1593/1593
f 1607/1607 1593/1593 1603/1603
f 1618/1618 1616/1616 1607/1607
f 1617/1617 1616/1616 1619/1619
f 1616/1616 1620/1620 1619/1619
f 1612/1612 1618/1618 1607/1607
f 1618/1618 1612/1612 1621/1621
f 1621/1621 1612/1612 1622/1622
f 1623/1623 1612/1612 1613/1613
f 1612/1612 1623/1623 1622/1622
f 1622/1622 1624/1624 1621/1621
f 1620/1620 1616/1616 1625/1625
f 1625/1625 1626/1626 1620/1620
f 1616/1616 1627/1627 1625/1625
f 1628/1628 1629/1629 1627/1627
f 1616/1616 1618/1618 1630/1630
f 1630/1630 1627/1627 1616/1616
f 1630/1630 1628/1628 1627/1627
f 1615/1615 1608/1608 1631/1631
f 1632/1632 1615/1615 1631/1631
f 1621/1621 1624/1624 1633/1633
f 1634/1634 1635/1635 1636/1636
f 1637/1637 1635/1635 1634/1634
f 1638/1638 1639/1639 1640/1640
f 1641/1641 1630/1630 1618/1618
f 1641/1641 1618/1618 1642/1642
f 1642/1642 1618/1618 1621/1621
f 1643/1643 1642/1642 1621/1621
f 1643/1643 1621/1621 1633/1633
f 1644/1644 1643/1643 1633/1633
f 1644/1644 1645/1645 1643/1643
f 1643/1643 1645/1645 1642/1642
f 1645/1645 1646/1646 1642/1642
f 1647/1647 1646/1646 1645/1645
f 1648/1648 1649/1649 1650/1650
f 1651/1651 1652/1652 1653/1653
f 1651/1651 1654/1654 1655/1655
f 1653/1653 1654/1654 1651/1651
f 1652/1652 1651/1651 1656/1656
f 1657/1657 1652/1652 1656/1656
f 1658/1658 1440/1440 1451/1451
f 1659/1659 1440/1440 1658/1658
f 1660/1660 1441/1441 1440/1440
f 1660/1660 1661/1661 1441/1441
f 1662/1662 1661/1661 1660/1660
f 1661/1661 1662/1662 1663/1663
f 1662/1662 1660/1660 1664/1664
f 1659/1659 1660/1660 1440/1440
f 1664/1664 1660/1660 1659/1659
f 1662/1662 1664/1664 1584/1584
f 1585/1585 1584/1584 1664/1664
f 1587/1587 1585/1585 1664/1664
f 1665/1665 1659/1659 1658/1658
f 1451/1451 1666/1666 1658/1658
f 1667/1667 1658/1658 1666/1666
f 1668/1668 1667/1667 1666/1666
f 1665/1665 1658/1658 1667/1667
f 1667/1667 1669/1669 1665/1665
f 1667/1667 1670/1670 1669/1669
f 1672/1672 1667/1667 1673/1673
f 1667/1667 1672/1672 1670/1670
f 1587/1587 1664/1664 1659/1659
f 1674/1674 1587/1587 1659/1659
f 1674/1674 1659/1659 1665/1665
f 1669/1669 1674/1674 1665/1665
f 1669/1669 1675/1675 1674/1674
f 1675/1675 1669/1669 1676/1676
f 1677/1677 1675/1675 1676/1676
f 1670/1670 1671/1671 1678/1678
f 1679/1679 1670/1670 1678/1678
f 1676/1676 1669/1669 1670/1670
f 1451/1451 1443/1443 1452/1452
f 1680/1680 1451/1451 1452/1452
f 1666/1666 1451/1451 1680/1680
f 1680/1680 1668/1668 1666/1666
f 1680/1680 1520/1520 1668/1668
f 1436/1436 1451/1451 1440/1440
f 1680/1680 1452/1452 1519/1519
f 1520/1520 1680/1680 1519/1519
f 1520/1520 1681/1681 1682/1682
f 1682/1682 1681/1681 1683/1683
f 1681/1681 1520/1520 1523/1523
f 1668/1668 1673/1673 1667/1667
f 1682/1682 1673/1673 1668/1668
f 1682/1682 1684/1684 1673/1673
f 1684/1684 1682/1682 1687/1687
f 1673/1673 1688/1688 1671/1671
f 1682/1682 1668/1668 1520/1520
f 1524/1524 1533/1533 1689/1689
f 1690/1690 1689/1689 1533/1533
f 1587/1587 1674/1674 1594/1594
f 1594/1594 1674/1674 1597/1597
f 1597/1597 1674/1674 1692/1692
f 1693/1693 1694/1694 1695/1695
f 1696/1696 1694/1694 1693/1693
f 1692/1692 1674/1674 1675/1675
f 1675/1675 1677/1677 1691/1691
f 1697/1697 1695/1695 1694/1694
f 1698/1698 1693/1693 1695/1695
f 1699/1699 1693/1693 1698/1698
f 1594/1594 1597/1597 1595/1595
f 1701/1701 1597/1597 1703/1703
f 1692/1692 1703/1703 1597/1597
f 1600/1600 1597/1597 1701/1701
f 1704/1704 1700/1700 1702/1702
f 1696/1696 1610/1610 1705/1705
f 1610/1610 1696/1696 1693/1693
f 1631/1631 1610/1610 1699/1699
f 1610/1610 1693/1693 1699/1699
f 1608/1608 1610/1610 1631/1631
f 1706/1706 1527/1527 1522/1522
f 1527/1527 1706/1706 1525/1525
f 1522/1522 1521/1521 1528/1528
f 1707/1707 1528/1528 1708/1708
f 1707/1707 1522/1522 1528/1528
f 1708/1708 1529/1529 1474/1474
f 1528/1528 1529/1529 1708/1708
f 1529/1529 1367/1367 1474/1474
f 1709/1709 1708/1708 1474/1474
f 1709/1709 1531/1531 1708/1708
f 1706/1706 1531/1531 1525/1525
f 1531/1531 1709/1709 1532/1532
f 1532/1532 1710/1710 1485/1485
f 1476/1476 1486/1486 1711/1711
f 1540/1540 1485/1485 1712/1712
f 1486/1486 1484/1484 1713/1713
f 1715/1715 1716/1716 1717/1717
f 1715/1715 1718/1718 1716/1716
f 1719/1719 1718/1718 1715/1715
f 1719/1719 1715/1715 1720/1720
f 1720/1720 1715/1715 1717/1717
f 1721/1721 1722/1722 1723/1723
f 1717/1717 1716/1716 1550/1550
f 1717/1717 1550/1550 1722/1722
f 1717/1717 1722/1722 1721/1721
f 1720/1720 1717/1717 1721/1721
f 1720/1720 1721/1721 1724/1724
f 1719/1719 1720/1720 1724/1724
f 1719/1719 1724/1724 1725/1725
f 1725/1725 1724/1724 1726/1726
f 1725/1725 1727/1727 1728/1728
f 1729/1729 1575/1575 1574/1574
f 1730/1730 1729/1729 1574/1574
f 1559/1559 1731/1731 1560/1560
f 1731/1731 1559/1559 1732/1732
f 1560/1560 1731/1731 1733/1733
f 1731/1731 1732/1732 1733/1733
f 1732/1732 1734/1734 1735/1735
f 1736/1736 1732/1732 1735/1735
f 1736/1736 1735/1735 1737/1737
f 1722/1722 1550/1550 1723/1723
f 1570/1570 1723/1723 1550/1550
f 1560/1560 1723/1723 1570/1570
f 1721/1721 1723/1723 1738/1738
f 1724/1724 1721/1721 1738/1738
f 1738/1738 1723/1723 1560/1560
f 1733/1733 1738/1738 1560/1560
f 1736/1736 1733/1733 1732/1732
f 1726/1726 1724/1724 1738/1738
f 1733/1733 1739/1739 1738/1738
f 1726/1726 1738/1738 1739/1739
f 1726/1726 1739/1739 1740/1740
f 1727/1727 1725/1725 1726/1726
f 1726/1726 1740/1740 1727/1727
f 1741/1741 1742/1742 1740/1740
f 1739/1739 1733/1733 1736/1736
f 1739/1739 1736/1736 1737/1737
f 1737/1737 1743/1743 1739/1739
f 1737/1737 1744/1744 1743/1743
f 1741/1741 1740/1740 1739/1739
f 1741/1741 1739/1739 1745/1745
f 1559/1559 1746/1746 1747/1747
f 1746/1746 1575/1575 1729/1729
f 1746/1746 1729/1729 1747/1747
f 1730/1730 1748/1748 1747/1747
f 1747/1747 1732/1732 1559/1559
f 1732/1732 1747/1747 1734/1734
f 1734/1734 1749/1749 1735/1735
f 1734/1734 1747/1747 1748/1748
f 1749/1749 1734/1734 1748/1748
f 1730/1730 1747/1747 1729/1729
f 1748/1748 1730/1730 1750/1750
f 1751/1751 1749/1749 1748/1748
f 1737/1737 1735/1735 1751/1751
f 1751/1751 1735/1735 1749/1749
f 1752/1752 1753/1753 1748/1748
f 1751/1751 1748/1748 1754/1754
f 1737/1737 1751/1751 1754/1754
f 1754/1754 1744/1744 1737/1737
f 1754/1754 1748/1748 1753/1753
f 1752/1752 1748/1748 1750/1750
f 1755/1755 1753/1753 1752/1752
f 1753/1753 1755/1755 1756/1756
f 1752/1752 1750/1750 1755/1755
f 1727/1727 1740/1740 1742/1742
f 1741/1741 1745/1745 1742/1742
f 1743/1743 1745/1745 1739/1739
f 1743/1743 1757/1757 1745/1745
f 1758/1758 1743/1743 1744/1744
f 1760/1760 1743/1743 1758/1758
f 1743/1743 1760/1760 1757/1757
f 1758/1758 1761/1761 1760/1760
f 1745/1745 1757/1757 1762/1762
f 1764/1764 1745/1745 1762/1762
f 1745/1745 1764/1764 1742/1742
f 1757/1757 1760/1760 1762/1762
f 1766/1766 1744/1744 1754/1754
f 1766/1766 1754/1754 1768/1768
f 1754/1754 1770/1770 1772/1772
f 1768/1768 1754/1754 1772/1772
f 1770/1770 1754/1754 1753/1753
f 1753/1753 1774/1774 1770/1770
f 1777/1777 1771/1771 1773/1773
f 1772/1772 1771/1771 1776/1776
f 1778/1778 1781/1781 1784/1784
f 1755/1755 1785/1785 1756/1756
f 1756/1756 1784/1784 1781/1781
f 1784/1784 1756/1756 1785/1785
f 1790/1790 1778/1778 1784/1784
f 1788/1788 1783/1783 1791/1791
f 1783/1783 1792/1792 1791/1791
f 1753/1753 1756/1756 1781/1781
f 1793/1793 1774/1774 1753/1753
f 1795/1795 1753/1753 1781/1781
f 1779/1779 1796/1796 1780/1780
f 1797/1797 1794/1794 1782/1782
f 1777/1777 1773/1773 1795/1795
f 1796/1796 1779/1779 1798/1798
f 1789/1789 1798/1798 1779/1779
f 1796/1796 1798/1798 1799/1799
f 1789/1789 1802/1802 1798/1798
f 1802/1802 1799/1799 1798/1798
f 1803/1803 1794/1794 1797/1797
f 1797/1797 1804/1804 1803/1803
f 1744/1744 1767/1767 1758/1758
f 1768/1768 1761/1761 1766/1766
f 1758/1758 1767/1767 1761/1761
f 1768/1768 1760/1760 1761/1761
f 1805/1805 1759/1759 1769/1769
f 1768/1768 1772/1772 1776/1776
f 1805/1805 1769/1769 1775/1775
f 1794/1794 1805/1805 1775/1775
f 1803/1803 1805/1805 1794/1794
f 1759/1759 1805/1805 1806/1806
f 1806/1806 1805/1805 1803/1803
f 1806/1806 1803/1803 1807/1807
f 1763/1763 1759/1759 1808/1808
f 1806/1806 1808/1808 1759/1759
f 1809/1809 1803/1803 1804/1804
f 1810/1810 1803/1803 1811/1811
f 1810/1810 1807/1807 1803/1803
f 1809/1809 1811/1811 1803/1803
f 1812/1812 1806/1806 1810/1810
f 1810/1810 1806/1806 1807/1807
f 1812/1812 1808/1808 1806/1806
f 1813/1813 1810/1810 1811/1811
f 1814/1814 1815/1815 1816/1816
f 1816/1816 1817/1817 1814/1814
f 1817/1817 1816/1816 1818/1818
f 1815/1815 1819/1819 1816/1816
f 1818/1818 1816/1816 1819/1819
f 1820/1820 1821/1821 1822/1822
f 1822/1822 1824/1824 1820/1820
f 1824/1824 1822/1822 1825/1825
f 1821/1821 1826/1826 1822/1822
f 1827/1827 1828/1828 1829/1829
f 1826/1826 1828/1828 1822/1822
f 1827/1827 1822/1822 1828/1828
f 1827/1827 1825/1825 1822/1822
f 1827/1827 1830/1830 1825/1825
f 1830/1830 1827/1827 1832/1832
f 1830/1830 1833/1833 1825/1825
f 1824/1824 1825/1825 1833/1833
f 1834/1834 1831/1831 1835/1835
f 1836/1836 1834/1834 1835/1835
f 1837/1837 1835/1835 1831/1831
f 1836/1836 1823/1823 1834/1834
f 1632/1632 1631/1631 1838/1838
f 1839/1839 1840/1840 1841/1841
f 1842/1842 1843/1843 1844/1844
f 1845/1845 1840/1840 1846/1846
f 1840/1840 1845/1845 1847/1847
f 1840/1840 1843/1843 1841/1841
f 1840/1840 1844/1844 1843/1843
f 1844/1844 1848/1848 1842/1842
f 1844/1844 1840/1840 1849/1849
f 1849/1849 1840/1840 1847/1847
f 1848/1848 1844/1844 1849/1849
f 1849/1849 1847/1847 1850/1850
f 1851/1851 1849/1849 1850/1850
f 1849/1849 1851/1851 1848/1848
f 1852/1852 1848/1848 1851/1851
f 1853/1853 1848/1848 1852/1852
f 1854/1854 1855/1855 1857/1857
f 1857/1857 1855/1855 1823/1823
f 1823/1823 1858/1858 1857/1857
f 1859/1859 1839/1839 1860/1860
f 1863/1863 1855/1855 1854/1854
f 1856/1856 1862/1862 1864/1864
f 1862/1862 1865/1865 1864/1864
f 1866/1866 1865/1865 1862/1862
f 1867/1867 1866/1866 1862/1862
f 1869/1869 1859/1859 1866/1866
f 1870/1870 1869/1869 1866/1866
f 1859/1859 1869/1869 1839/1839
f 1869/1869 1840/1840 1839/1839
f 1846/1846 1840/1840 1869/1869
f 1846/1846 1869/1869 1871/1871
f 1871/1871 1869/1869 1870/1870
f 1871/1871 1870/1870 1872/1872
f 1873/1873 1866/1866 1867/1867
f 1866/1866 1873/1873 1870/1870
f 1875/1875 1873/1873 1867/1867
f 1873/1873 1872/1872 1870/1870
f 1876/1876 1873/1873 1875/1875
f 1864/1864 1877/1877 1856/1856
f 1823/1823 1878/1878 1858/1858
f 1836/1836 1878/1878 1823/1823
f 1854/1854 1857/1857 1879/1879
f 1854/1854 1879/1879 1861/1861
f 1858/1858 1879/1879 1857/1857
f 1868/1868 1863/1863 1879/1879
f 1879/1879 1858/1858 1878/1878
f 1868/1868 1879/1879 1878/1878
f 1836/1836 1880/1880 1878/1878
f 1835/1835 1881/1881 1836/1836
f 1874/1874 1868/1868 1878/1878
f 1874/1874 1878/1878 1880/1880
f 1881/1881 1880/1880 1836/1836
f 1881/1881 1835/1835 1882/1882
f 1883/1883 1845/1845 1846/1846
f 1847/1847 1845/1845 1883/1883
f 1883/1883 1846/1846 1871/1871
f 1847/1847 1883/1883 1850/1850
f 1872/1872 1883/1883 1871/1871
f 1872/1872 1884/1884 1883/1883
f 1884/1884 1885/1885 1883/1883
f 1872/1872 1873/1873 1876/1876
f 1886/1886 1872/1872 1876/1876
f 1887/1887 1876/1876 1875/1875
f 1884/1884 1872/1872 1886/1886
f 1886/1886 1876/1876 1887/1887
f 1884/1884 1886/1886 1888/1888
f 1887/1887 1888/1888 1886/1886
f 1850/1850 1883/1883 1885/1885
f 1885/1885 1852/1852 1850/1850
f 1851/1851 1850/1850 1852/1852
f 1889/1889 1852/1852 1885/1885
f 1888/1888 1885/1885 1884/1884
f 1887/1887 1890/1890 1888/1888
f 1885/1885 1890/1890 1889/1889
f 1888/1888 1890/1890 1885/1885
f 1892/1892 1887/1887 1875/1875
f 1892/1892 1893/1893 1887/1887
f 1890/1890 1887/1887 1895/1895
f 1893/1893 1895/1895 1887/1887
f 1897/1897 1894/1894 1898/1898
f 1900/1900 1902/1902 1818/1818
f 1900/1900 1903/1903 1902/1902
f 1901/1901 1904/1904 1905/1905
f 1903/1903 1901/1901 1905/1905
f 1906/1906 1902/1902 1907/1907
f 1909/1909 1910/1910 1912/1912
f 1914/1914 1908/1908 1911/1911
f 1907/1907 1902/1902 1903/1903
f 1907/1907 1903/1903 1915/1915
f 1916/1916 1913/1913 1917/1917
f 1912/1912 1917/1917 1913/1913
f 1918/1918 1913/1913 1919/1919
f 1842/1842 1918/1918 1843/1843
f 1918/1918 1842/1842 1910/1910
f 1848/1848 1912/1912 1842/1842
f 1910/1910 1842/1842 1912/1912
f 1910/1910 1913/1913 1918/1918
f 1909/1909 1913/1913 1910/1910
f 1921/1921 1907/1907 1915/1915
f 1922/1922 1907/1907 1921/1921
f 1920/1920 1915/1915 1923/1923
f 1924/1924 1719/1719 1925/1925
f 1826/1826 1926/1926 1828/1828
f 1828/1828 1926/1926 1927/1927
f 1928/1928 1927/1927 1926/1926
f 1927/1927 1928/1928 1929/1929
f 1929/1929 1928/1928 1925/1925
f 1925/1925 1930/1930 1929/1929
f 1719/1719 1930/1930 1925/1925
f 1931/1931 1930/1930 1719/1719
f 1932/1932 1931/1931 1719/1719
f 1932/1932 1719/1719 1725/1725
f 1828/1828 1927/1927 1829/1829
f 1933/1933 1927/1927 1929/1929
f 1927/1927 1934/1934 1829/1829
f 1934/1934 1927/1927 1933/1933
f 1933/1933 1936/1936 1934/1934
f 1937/1937 1929/1929 1930/1930
f 1930/1930 1931/1931 1939/1939
f 1929/1929 1936/1936 1933/1933
f 1929/1929 1937/1937 1936/1936
f 1937/1937 1930/1930 1939/1939
f 1937/1937 1939/1939 1941/1941
f 1944/1944 1945/1945 1948/1948
f 1942/1942 1948/1948 1945/1945
f 1827/1827 1829/1829 1832/1832
f 1832/1832 1829/1829 1934/1934
f 1832/1832 1934/1934 1936/1936
f 1949/1949 1935/1935 1938/1938
f 1830/1830 1832/1832 1936/1936
f 1831/1831 1935/1935 1949/1949
f 1949/1949 1950/1950 1831/1831
f 1950/1950 1949/1949 1951/1951
f 1831/1831 1950/1950 1837/1837
f 1949/1949 1952/1952 1951/1951
f 1949/1949 1938/1938 1952/1952
f 1952/1952 1938/1938 1940/1940
f 1953/1953 1951/1951 1952/1952
f 1945/1945 1952/1952 1940/1940
f 1725/1725 1954/1954 1932/1932
f 1932/1932 1955/1955 1931/1931
f 1955/1955 1932/1932 1954/1954
f 1955/1955 1954/1954 1956/1956
f 1955/1955 1939/1939 1931/1931
f 1941/1941 1939/1939 1955/1955
f 1954/1954 1725/1725 1728/1728
f 1956/1956 1954/1954 1957/1957
f 1957/1957 1958/1958 1956/1956
f 1957/1957 1954/1954 1728/1728
f 1728/1728 1959/1959 1957/1957
f 1958/1958 1957/1957 1959/1959
f 1958/1958 1959/1959 1742/1742
f 1960/1960 1956/1956 1958/1958
f 1941/1941 1955/1955 1963/1963
f 1963/1963 1955/1955 1964/1964
f 1960/1960 1965/1965 1956/1956
f 1964/1964 1955/1955 1956/1956
f 1965/1965 1964/1964 1956/1956
f 1963/1963 1964/1964 1967/1967
f 1943/1943 1946/1946 1962/1962
f 1947/1947 1941/1941 1963/1963
f 1945/1945 1944/1944 1968/1968
f 1943/1943 1962/1962 1968/1968
f 1968/1968 1962/1962 1966/1966
f 1964/1964 1965/1965 1967/1967
f 1969/1969 1958/1958 1742/1742
f 1971/1971 1958/1958 1969/1969
f 1961/1961 1958/1958 1965/1965
f 1965/1965 1958/1958 1971/1971
f 1971/1971 1967/1967 1965/1965
f 1742/1742 1959/1959 1728/1728
f 1728/1728 1727/1727 1742/1742
f 1973/1973 1969/1969 1742/1742
f 1973/1973 1742/1742 1764/1764
f 1974/1974 1765/1765 1975/1975
f 1970/1970 1974/1974 1976/1976
f 1974/1974 1975/1975 1977/1977
f 1977/1977 1976/1976 1974/1974
f 1950/1950 1953/1953 1978/1978
f 1835/1835 1837/1837 1979/1979
f 1979/1979 1837/1837 1882/1882
f 1882/1882 1835/1835 1979/1979
f 1837/1837 1950/1950 1978/1978
f 1978/1978 1882/1882 1837/1837
f 1950/1950 1951/1951 1953/1953
f 1978/1978 1953/1953 1980/1980
f 1952/1952 1945/1945 1981/1981
f 1952/1952 1981/1981 1980/1980
f 1952/1952 1980/1980 1953/1953
f 1982/1982 1978/1978 1980/1980
f 1978/1978 1982/1982 1983/1983
f 1984/1984 1882/1882 1978/1978
f 1978/1978 1983/1983 1984/1984
f 1985/1985 1982/1982 1980/1980
f 1945/1945 1968/1968 1981/1981
f 1968/1968 1986/1986 1981/1981
f 1986/1986 1968/1968 1966/1966
f 1966/1966 1972/1972 1986/1986
f 1987/1987 1986/1986 1972/1972
f 1987/1987 1972/1972 1988/1988
f 1989/1989 1986/1986 1990/1990
f 1990/1990 1986/1986 1987/1987
f 1990/1990 1987/1987 1988/1988
f 1988/1988 1991/1991 1990/1990
f 1981/1981 1989/1989 1980/1980
f 1989/1989 1981/1981 1986/1986
f 1985/1985 1980/1980 1989/1989
f 1991/1991 1989/1989 1990/1990
f 1882/1882 1984/1984 1881/1881
f 1992/1992 1984/1984 1982/1982
f 1984/1984 1983/1983 1982/1982
f 1992/1992 1993/1993 1984/1984
f 1976/1976 1972/1972 1970/1970
f 1988/1988 1972/1972 1994/1994
f 1994/1994 1972/1972 1976/1976
f 1994/1994 1995/1995 1988/1988
f 1996/1996 1997/1997 1998/1998
f 1999/1999 2000/2000 1998/1998
f 1996/1996 1998/1998 2000/2000
f 2001/2001 1852/1852 1889/1889
f 1852/1852 2001/2001 1853/1853
f 2001/2001 1889/1889 1890/1890
f 2001/2001 1890/1890 2002/2002
f 1890/1890 2004/2004 2002/2002
f 2006/2006 2007/2007 2003/2003
f 1896/1896 1895/1895 1893/1893
f 1895/1895 2009/2009 1890/1890
f 2009/2009 1895/1895 1896/1896
f 2008/2008 1897/1897 2010/2010
f 2011/2011 2008/2008 2010/2010
f 1898/1898 2010/2010 1897/1897
f 2004/2004 1890/1890 2009/2009
f 2005/2005 2008/2008 2011/2011
f 2006/2006 2003/2003 2005/2005
f 2012/2012 2013/2013 1912/1912
f 1912/1912 2013/2013 1917/1917
f 2012/2012 2014/2014 2013/2013
f 2012/2012 2015/2015 2016/2016
f 2014/2014 2012/2012 2016/2016
f 2015/2015 2017/2017 2016/2016
f 2017/2017 2015/2015 2018/2018
f 1848/1848 2019/2019 1912/1912
f 1912/1912 2019/2019 2020/2020
f 2020/2020 2012/2012 1912/1912
f 2020/2020 2015/2015 2012/2012
f 1848/1848 1853/1853 2019/2019
f 2019/2019 2021/2021 2020/2020
f 1853/1853 2021/2021 2019/2019
f 2020/2020 2021/2021 2022/2022
f 1853/1853 2022/2022 2021/2021
f 2020/2020 2023/2023 2015/2015
f 2022/2022 2023/2023 2020/2020
f 2024/2024 2023/2023 2022/2022
f 2016/2016 2025/2025 2026/2026
f 2017/2017 2018/2018 2016/2016
f 2025/2025 2016/2016 2018/2018
f 2025/2025 2018/2018 2027/2027
f 2028/2028 2025/2025 2029/2029
f 2025/2025 2027/2027 2030/2030
f 2031/2031 2032/2032 2025/2025
f 2025/2025 2032/2032 2029/2029
f 2025/2025 2030/2030 2031/2031
f 2031/2031 2033/2033 2032/2032
f 2015/2015 2023/2023 2034/2034
f 2034/2034 2035/2035 2036/2036
f 2036/2036 2037/2037 2034/2034
f 2024/2024 2034/2034 2023/2023
f 2035/2035 2034/2034 2024/2024
f 2022/2022 2038/2038 2024/2024
f 2035/2035 2024/2024 2038/2038
f 2039/2039 2035/2035 2038/2038
f 2036/2036 2035/2035 2039/2039
f 2040/2040 2018/2018 2015/2015
f 2034/2034 2040/2040 2015/2015
f 2027/2027 2018/2018 2040/2040
f 2037/2037 2040/2040 2034/2034
f 2037/2037 2027/2027 2040/2040
f 2030/2030 2027/2027 2037/2037
f 2041/2041 2037/2037 2036/2036
f 2030/2030 2037/2037 2041/2041
f 2041/2041 2036/2036 2042/2042
f 2042/2042 2036/2036 2039/2039
f 2039/2039 2043/2043 2042/2042
f 2029/2029 2044/2044 2028/2028
f 2033/2033 2029/2029 2032/2032
f 1853/1853 2001/2001 2022/2022
f 2022/2022 2001/2001 2046/2046
f 2038/2038 2022/2022 2046/2046
f 2002/2002 2046/2046 2001/2001
f 2039/2039 2038/2038 2043/2043
f 2043/2043 2038/2038 2046/2046
f 2047/2047 2041/2041 2042/2042
f 2048/2048 2049/2049 2050/2050
f 2048/2048 2050/2050 2051/2051
f 2052/2052 2053/2053 1653/1653
f 2054/2054 2053/2053 2055/2055
f 2056/2056 2054/2054 2057/2057
f 2057/2057 2054/2054 2058/2058
f 2048/2048 2051/2051 2058/2058
f 2054/2054 2055/2055 2048/2048
f 2054/2054 2048/2048 2058/2058
f 2051/2051 2059/2059 2058/2058
f 1654/1654 1653/1653 2053/2053
f 2060/2060 2061/2061 2050/2050
f 2062/2062 2063/2063 2060/2060
f 2051/2051 2050/2050 2061/2061
f 2061/2061 2060/2060 2063/2063
f 2051/2051 2061/2061 2059/2059
f 2064/2064 2065/2065 2066/2066
f 2067/2067 2068/2068 2069/2069
f 2069/2069 2068/2068 2070/2070
f 2064/2064 2066/2066 2070/2070
f 2066/2066 2071/2071 2070/2070
f 2072/2072 2070/2070 2071/2071
f 2068/2068 2064/2064 2070/2070
f 2073/2073 2071/2071 2074/2074
f 2075/2075 1996/1996 2000/2000
f 2076/2076 2077/2077 2078/2078
f 2076/2076 2078/2078 2079/2079
f 2073/2073 2072/2072 2071/2071
f 2073/2073 2080/2080 2081/2081
f 2082/2082 2081/2081 2080/2080
f 2083/2083 2082/2082 2084/2084
f 2077/2077 2080/2080 2085/2085
f 2077/2077 2085/2085 2078/2078
f 2082/2082 2080/2080 2086/2086
f 2086/2086 2080/2080 2077/2077
f 2086/2086 2077/2077 2076/2076
f 2086/2086 2087/2087 2082/2082
f 2087/2087 2084/2084 2082/2082
f 2086/2086 2076/2076 2087/2087
f 2088/2088 2089/2089 2090/2090
f 2088/2088 2090/2090 2091/2091
f 2087/2087 2076/2076 2079/2079
f 2087/2087 2079/2079 2092/2092
f 2093/2093 2094/2094 2095/2095
f 2096/2096 2094/2094 2093/2093
f 2095/2095 2097/2097 2093/2093
f 2098/2098 2099/2099 2093/2093
f 2093/2093 2097/2097 2100/2100
f 2100/2100 2097/2097 2101/2101
f 2100/2100 2102/2102 2098/2098
f 2100/2100 2098/2098 2093/2093
f 2103/2103 2104/2104 2102/2102
f 2103/2103 2105/2105 2104/2104
f 2106/2106 2107/2107 2108/2108
f 2107/2107 2106/2106 2109/2109
f 2108/2108 2107/2107 2110/2110
f 2110/2110 2107/2107 2109/2109
f 2109/2109 2111/2111 2110/2110
f 2105/2105 2108/2108 2110/2110
f 2112/2112 2104/2104 2105/2105
f 2105/2105 2113/2113 2112/2112
f 2114/2114 2105/2105 2110/2110
f 2114/2114 2110/2110 2115/2115
f 2113/2113 2105/2105 2114/2114
f 2116/2116 2113/2113 2114/2114
f 2114/2114 2117/2117 2116/2116
f 2114/2114 2115/2115 2118/2118
f 2118/2118 2117/2117 2114/2114
f 2103/2103 2100/2100 2101/2101
f 2102/2102 2100/2100 2103/2103
f 2112/2112 2102/2102 2104/2104
f 2119/2119 2120/2120 2121/2121
f 2084/2084 2087/2087 2122/2122
f 2122/2122 2123/2123 2084/2084
f 2084/2084 2119/2119 2083/2083
f 2120/2120 2119/2119 2084/2084
f 2084/2084 2123/2123 2120/2120
f 2120/2120 2124/2124 2121/2121
f 2124/2124 2120/2120 2123/2123
f 2123/2123 2122/2122 2125/2125
f 2126/2126 2124/2124 2123/2123
f 2127/2127 2124/2124 2128/2128
f 2128/2128 2124/2124 2126/2126
f 2125/2125 2126/2126 2123/2123
f 2129/2129 2130/2130 2131/2131
f 2130/2130 2132/2132 2131/2131
f 2122/2122 2087/2087 2092/2092
f 2092/2092 2131/2131 2133/2133
f 2122/2122 2133/2133 2134/2134
f 2134/2134 2133/2133 2132/2132
f 2132/2132 2133/2133 2131/2131
f 2122/2122 2134/2134 2135/2135
f 2136/2136 2135/2135 2134/2134
f 2135/2135 2125/2125 2122/2122
f 2135/2135 2137/2137 2125/2125
f 2136/2136 2137/2137 2135/2135
f 2132/2132 2136/2136 2134/2134
f 2128/2128 2126/2126 2138/2138
f 2138/2138 2126/2126 2125/2125
f 2138/2138 2139/2139 2140/2140
f 2139/2139 2141/2141 2140/2140
f 2137/2137 2138/2138 2125/2125
f 2142/2142 2138/2138 2137/2137
f 2139/2139 2138/2138 2142/2142
f 2142/2142 2137/2137 2136/2136
f 2143/2143 2141/2141 2139/2139
f 2139/2139 2144/2144 2143/2143
f 2145/2145 2144/2144 2146/2146
f 2145/2145 2143/2143 2144/2144
f 2145/2145 2147/2147 2143/2143
f 2145/2145 2148/2148 2147/2147
f 2149/2149 2121/2121 2106/2106
f 2150/2150 2106/2106 2121/2121
f 2109/2109 2106/2106 2150/2150
f 2127/2127 2150/2150 2121/2121
f 2151/2151 2127/2127 2128/2128
f 2150/2150 2127/2127 2109/2109
f 2124/2124 2127/2127 2121/2121
f 2111/2111 2109/2109 2151/2151
f 2151/2151 2109/2109 2127/2127
f 2111/2111 2151/2151 2152/2152
f 2115/2115 2111/2111 2153/2153
f 2153/2153 2111/2111 2152/2152
f 2115/2115 2110/2110 2111/2111
f 2140/2140 2151/2151 2128/2128
f 2140/2140 2152/2152 2151/2151
f 2138/2138 2140/2140 2128/2128
f 2118/2118 2153/2153 2152/2152
f 2118/2118 2115/2115 2153/2153
f 2140/2140 2118/2118 2152/2152
f 2140/2140 2141/2141 2118/2118
f 1425/1425 2154/2154 1426/1426
f 1426/1426 2154/2154 1502/1502
f 2155/2155 1502/1502 2154/2154
f 1502/1502 2155/2155 2156/2156
f 1502/1502 2156/2156 1503/1503
f 1628/1628 1630/1630 2157/2157
f 2157/2157 2158/2158 1628/1628
f 2159/2159 2160/2160 2161/2161
f 2162/2162 2157/2157 2161/2161
f 2163/2163 2161/2161 2157/2157
f 2159/2159 2161/2161 2164/2164
f 1517/1517 1513/1513 2165/2165
f 2165/2165 1513/1513 1512/1512
f 1518/1518 1517/1517 2165/2165
f 1518/1518 2165/2165 2166/2166
f 2167/2167 1514/1514 1518/1518
f 2168/2168 2167/2167 1518/1518
f 2166/2166 2168/2168 1518/1518
f 1514/1514 2167/2167 1516/1516
f 2169/2169 2170/2170 1516/1516
f 2167/2167 2169/2169 1516/1516
f 2166/2166 2171/2171 2168/2168
f 2172/2172 2167/2167 2168/2168
f 2173/2173 2172/2172 2168/2168
f 2167/2167 2172/2172 2169/2169
f 2169/2169 2172/2172 2174/2174
f 2169/2169 2174/2174 2175/2175
f 2166/2166 2165/2165 2176/2176
f 2177/2177 2166/2166 2176/2176
f 2171/2171 2166/2166 2177/2177
f 2173/2173 2168/2168 2171/2171
f 2173/2173 2178/2178 2172/2172
f 2178/2178 2174/2174 2172/2172
f 2157/2157 1630/1630 2163/2163
f 2179/2179 2163/2163 1630/1630
f 2179/2179 1630/1630 1641/1641
f 2179/2179 1641/1641 1642/1642
f 1646/1646 2180/2180 1642/1642
f 1642/1642 2181/2181 2179/2179
f 1642/1642 2180/2180 2181/2181
f 2164/2164 2161/2161 2163/2163
f 2164/2164 2163/2163 2182/2182
f 2163/2163 2179/2179 2183/2183
f 2182/2182 2163/2163 2183/2183
f 2179/2179 2181/2181 2183/2183
f 2180/2180 2184/2184 2181/2181
f 2184/2184 2180/2180 2185/2185
f 2183/2183 2181/2181 2184/2184
f 2186/2186 2183/2183 2184/2184
f 2187/2187 2180/2180 1646/1646
f 2164/2164 2188/2188 2159/2159
f 2164/2164 2182/2182 2189/2189
f 2188/2188 2164/2164 2189/2189
f 2190/2190 2191/2191 2188/2188
f 2192/2192 2191/2191 2190/2190
f 2188/2188 2189/2189 2190/2190
f 2193/2193 2182/2182 2183/2183
f 2193/2193 2189/2189 2182/2182
f 2186/2186 2193/2193 2183/2183
f 2194/2194 2189/2189 2193/2193
f 2195/2195 2190/2190 2189/2189
f 2196/2196 1655/1655 2197/2197
f 2197/2197 1655/1655 2056/2056
f 1651/1651 2196/2196 1656/1656
f 2196/2196 1651/1651 1655/1655
f 2197/2197 2198/2198 2196/2196
f 2199/2199 2200/2200 2201/2201
f 2201/2201 2200/2200 2202/2202
f 2201/2201 2202/2202 2203/2203
f 2204/2204 2201/2201 2203/2203
f 2203/2203 2205/2205 2206/2206
f 2205/2205 2203/2203 2207/2207
f 2204/2204 2203/2203 2206/2206
f 2208/2208 2209/2209 2210/2210
f 2211/2211 2208/2208 2212/2212
f 2213/2213 2212/2212 2214/2214
f 2213/2213 2215/2215 2212/2212
f 2216/2216 2211/2211 2212/2212
f 2217/2217 2192/2192 2190/2190
f 2217/2217 2218/2218 2192/2192
f 2195/2195 2217/2217 2190/2190
f 2219/2219 2218/2218 2217/2217
f 2220/2220 2221/2221 2218/2218
f 2221/2221 2220/2220 2222/2222
f 2223/2223 2224/2224 2225/2225
f 2222/2222 2225/2225 2221/2221
f 2226/2226 2225/2225 2222/2222
f 2225/2225 2226/2226 2223/2223
f 2223/2223 2227/2227 2228/2228
f 2229/2229 2227/2227 2223/2223
f 2227/2227 2230/2230 2228/2228
f 2057/2057 2231/2231 2232/2232
f 2058/2058 2231/2231 2057/2057
f 2058/2058 2233/2233 2231/2231
f 2058/2058 2059/2059 2233/2233
f 2233/2233 2234/2234 2231/2231
f 1654/1654 2056/2056 1655/1655
f 2197/2197 2056/2056 2232/2232
f 2235/2235 2232/2232 2231/2231
f 2235/2235 2231/2231 2234/2234
f 2232/2232 2236/2236 2197/2197
f 2235/2235 2236/2236 2232/2232
f 2237/2237 2197/2197 2236/2236
f 2198/2198 2197/2197 2237/2237
f 2238/2238 2236/2236 2235/2235
f 2059/2059 2061/2061 2239/2239
f 2239/2239 2061/2061 2063/2063
f 2233/2233 2059/2059 2239/2239
f 2234/2234 2233/2233 2239/2239
f 2240/2240 2243/2243 2244/2244
f 2245/2245 2247/2247 2249/2249
f 2249/2249 2251/2251 2252/2252
f 2253/2253 2113/2113 2117/2117
f 2117/2117 2113/2113 2116/2116
f 2254/2254 2141/2141 2143/2143
f 2254/2254 2143/2143 2255/2255
f 2143/2143 2147/2147 2255/2255
f 2256/2256 2118/2118 2257/2257
f 2258/2258 2117/2117 2118/2118
f 2118/2118 2256/2256 2258/2258
f 2141/2141 2257/2257 2118/2118
f 2257/2257 2141/2141 2254/2254
f 2259/2259 2257/2257 2254/2254
f 2257/2257 2259/2259 2256/2256
f 2259/2259 2254/2254 2255/2255
f 2260/2260 2261/2261 2262/2262
f 2263/2263 2260/2260 2262/2262
f 2264/2264 2260/2260 2263/2263
f 2263/2263 2265/2265 2264/2264
f 2266/2266 2267/2267 2260/2260
f 2264/2264 2266/2266 2260/2260
f 2268/2268 2266/2266 2264/2264
f 2269/2269 2249/2249 2252/2252
f 2271/2271 2269/2269 2252/2252
f 2271/2271 2272/2272 2273/2273
f 2275/2275 2273/2273 2278/2278
f 2278/2278 2273/2273 2272/2272
f 2272/2272 2271/2271 2252/2252
f 2279/2279 2252/2252 2280/2280
f 2281/2281 2272/2272 2252/2252
f 2278/2278 2272/2272 2281/2281
f 2275/2275 2278/2278 2281/2281
f 2281/2281 2252/2252 2279/2279
f 2283/2283 2281/2281 2285/2285
f 2279/2279 2286/2286 2281/2281
f 2285/2285 2281/2281 2286/2286
f 2280/2280 2287/2287 2286/2286
f 2288/2288 2286/2286 2287/2287
f 2285/2285 2286/2286 2289/2289
f 2289/2289 2286/2286 2288/2288
f 2290/2290 2291/2291 2288/2288
f 2287/2287 2290/2290 2288/2288
f 2288/2288 2291/2291 2289/2289
f 2291/2291 2290/2290 2292/2292
f 2293/2293 2295/2295 2296/2296
f 2297/2297 2293/2293 2298/2298
f 2297/2297 2298/2298 2299/2299
f 2301/2301 2295/2295 2297/2297
f 2293/2293 2297/2297 2295/2295
f 2300/2300 2302/2302 2294/2294
f 2297/2297 2299/2299 2301/2301
f 2300/2300 2303/2303 2302/2302
f 2304/2304 2305/2305 2306/2306
f 2307/2307 2308/2308 2309/2309
f 2308/2308 2306/2306 2305/2305
f 2308/2308 2310/2310 2306/2306
f 2310/2310 2308/2308 2307/2307
f 2310/2310 2307/2307 2312/2312
f 2313/2313 2299/2299 2314/2314
f 2313/2313 2315/2315 2299/2299
f 2315/2315 2301/2301 2299/2299
f 2313/2313 2310/2310 2318/2318
f 2312/2312 2318/2318 2310/2310
f 2307/2307 2320/2320 2312/2312
f 2316/2316 2321/2321 2300/2300
f 2322/2322 2321/2321 2316/2316
f 2303/2303 2300/2300 2321/2321
f 2313/2313 2318/2318 2315/2315
f 2322/2322 2316/2316 2317/2317
f 2317/2317 2323/2323 2322/2322
f 2311/2311 2323/2323 2317/2317
f 2324/2324 2322/2322 2323/2323
f 2319/2319 2323/2323 2311/2311
f 2325/2325 2322/2322 2324/2324
f 2325/2325 2321/2321 2322/2322
f 2309/2309 2326/2326 2327/2327
f 2327/2327 2320/2320 2309/2309
f 2307/2307 2309/2309 2320/2320
f 2328/2328 2320/2320 2327/2327
f 2328/2328 2329/2329 2320/2320
f 2328/2328 2330/2330 2331/2331
f 2329/2329 2328/2328 2331/2331
f 2320/2320 2329/2329 2332/2332
f 2332/2332 2333/2333 2320/2320
f 2329/2329 2335/2335 2332/2332
f 2332/2332 2335/2335 2333/2333
f 2335/2335 2329/2329 2331/2331
f 2336/2336 2335/2335 2331/2331
f 2334/2334 2338/2338 2339/2339
f 2340/2340 2338/2338 2334/2334
f 2342/2342 2319/2319 2339/2339
f 2342/2342 2323/2323 2319/2319
f 2339/2339 2319/2319 2334/2334
f 2344/2344 2333/2333 2335/2335
f 2345/2345 2340/2340 2334/2334
f 2336/2336 2346/2346 2335/2335
f 2344/2344 2335/2335 2346/2346
f 2343/2343 2347/2347 2349/2349
f 2349/2349 2347/2347 2337/2337
f 2303/2303 2321/2321 2325/2325
f 2350/2350 2303/2303 2351/2351
f 2351/2351 2303/2303 2325/2325
f 2351/2351 2325/2325 2324/2324
f 2352/2352 2324/2324 2323/2323
f 2352/2352 2351/2351 2324/2324
f 2351/2351 2353/2353 2354/2354
f 2356/2356 2338/2338 2340/2340
f 2356/2356 2340/2340 2349/2349
f 2356/2356 2349/2349 2337/2337
f 2355/2355 2357/2357 2338/2338
f 2352/2352 2338/2338 2357/2357
f 2323/2323 2342/2342 2352/2352
f 2338/2338 2342/2342 2339/2339
f 2352/2352 2342/2342 2338/2338
f 2360/2360 2340/2340 2345/2345
f 2358/2358 2348/2348 2341/2341
f 2359/2359 2343/2343 2349/2349
f 2357/2357 2361/2361 2352/2352
f 2361/2361 2353/2353 2352/2352
f 2353/2353 2351/2351 2352/2352
f 2363/2363 2364/2364 2366/2366
f 2363/2363 2367/2367 2364/2364
f 2364/2364 2369/2369 2366/2366
f 2370/2370 2365/2365 2371/2371
f 2365/2365 2368/2368 2371/2371
f 2371/2371 2368/2368 2372/2372
f 2373/2373 2374/2374 2371/2371
f 2336/2336 2331/2331 2375/2375
f 2336/2336 2375/2375 2376/2376
f 2357/2357 2355/2355 2337/2337
f 2377/2377 2378/2378 2337/2337
f 2379/2379 2378/2378 2377/2377
f 2337/2337 2378/2378 2381/2381
f 2357/2357 2337/2337 2381/2381
f 2381/2381 2378/2378 2382/2382
f 2357/2357 2383/2383 2361/2361
f 2383/2383 2357/2357 2381/2381
f 2384/2384 2361/2361 2383/2383
f 2381/2381 2382/2382 2383/2383
f 2384/2384 2382/2382 2385/2385
f 2382/2382 2384/2384 2383/2383
f 2362/2362 2365/2365 2386/2386
f 2382/2382 2386/2386 2385/2385
f 2386/2386 2365/2365 2385/2385
f 2385/2385 2365/2365 2370/2370
f 2387/2387 2385/2385 2370/2370
f 2388/2388 2370/2370 2371/2371
f 2370/2370 2388/2388 2374/2374
f 2374/2374 2387/2387 2370/2370
f 2374/2374 2388/2388 2371/2371
f 2389/2389 2390/2390 2391/2391
f 2392/2392 2390/2390 2389/2389
f 2393/2393 2394/2394 1657/1657
f 2395/2395 2389/2389 2393/2393
f 2395/2395 2393/2393 1657/1657
f 2394/2394 2396/2396 1657/1657
f 1656/1656 2397/2397 1657/1657
f 2395/2395 1657/1657 2397/2397
f 2398/2398 2399/2399 2392/2392
f 2397/2397 1656/1656 2400/2400
f 1656/1656 2196/2196 2400/2400
f 2196/2196 2401/2401 2400/2400
f 2401/2401 2196/2196 2198/2198
f 2402/2402 2389/2389 2395/2395
f 2389/2389 2403/2403 2392/2392
f 2397/2397 2402/2402 2395/2395
f 2402/2402 2403/2403 2389/2389
f 2402/2402 2397/2397 2404/2404
f 2403/2403 2402/2402 2405/2405
f 2402/2402 2406/2406 2405/2405
f 2404/2404 2406/2406 2402/2402
f 2405/2405 2407/2407 2408/2408
f 2405/2405 2408/2408 2403/2403
f 2409/2409 2401/2401 2198/2198
f 2401/2401 2409/2409 2410/2410
f 2411/2411 2410/2410 2409/2409
f 2411/2411 2409/2409 2412/2412
f 2413/2413 2411/2411 2414/2414
f 2411/2411 2413/2413 2415/2415
f 2406/2406 2416/2416 2405/2405
f 2417/2417 2415/2415 2418/2418
f 2415/2415 2419/2419 2411/2411
f 2415/2415 2420/2420 2419/2419
f 2417/2417 2420/2420 2415/2415
f 2417/2417 2418/2418 2421/2421
f 2421/2421 2420/2420 2417/2417
f 2422/2422 2420/2420 2421/2421
f 2422/2422 2421/2421 2423/2423
f 2424/2424 2420/2420 2422/2422
f 2425/2425 2422/2422 2426/2426
f 2423/2423 2426/2426 2422/2422
f 2426/2426 2423/2423 2427/2427
f 2428/2428 2426/2426 2427/2427
f 2427/2427 2429/2429 2428/2428
f 2430/2430 2428/2428 2429/2429
f 2431/2431 2428/2428 2430/2430
f 2432/2432 2431/2431 2430/2430
f 2433/2433 2432/2432 2430/2430
f 2434/2434 2435/2435 2436/2436
f 2437/2437 2435/2435 2434/2434
f 2438/2438 2439/2439 2434/2434
f 2437/2437 2434/2434 2439/2439
f 2415/2415 2413/2413 2418/2418
f 2418/2418 2413/2413 2414/2414
f 2414/2414 2440/2440 2418/2418
f 2414/2414 2441/2441 2440/2440
f 2421/2421 2418/2418 2440/2440
f 2443/2443 2440/2440 2441/2441
f 2421/2421 2440/2440 2423/2423
f 2444/2444 2440/2440 2443/2443
f 2443/2443 2445/2445 2444/2444
f 2443/2443 2441/2441 2240/2240
f 2241/2241 2442/2442 2242/2242
f 2443/2443 2240/2240 2445/2445
f 2240/2240 2446/2446 2445/2445
f 2446/2446 2240/2240 2447/2447
f 2445/2445 2448/2448 2444/2444
f 2423/2423 2440/2440 2444/2444
f 2423/2423 2444/2444 2448/2448
f 2448/2448 2449/2449 2423/2423
f 2423/2423 2449/2449 2427/2427
f 2450/2450 2445/2445 2446/2446
f 2445/2445 2451/2451 2448/2448
f 2451/2451 2445/2445 2450/2450
f 2450/2450 2446/2446 2452/2452
f 2450/2450 2453/2453 2451/2451
f 2453/2453 2448/2448 2451/2451
f 2453/2453 2454/2454 2448/2448
f 2449/2449 2448/2448 2454/2454
f 2449/2449 2454/2454 2455/2455
f 2449/2449 2455/2455 2456/2456
f 2454/2454 2453/2453 2457/2457
f 2454/2454 2457/2457 2455/2455
f 2458/2458 2457/2457 2453/2453
f 2455/2455 2457/2457 2459/2459
f 2459/2459 2457/2457 2458/2458
f 2429/2429 2427/2427 2449/2449
f 2449/2449 2456/2456 2429/2429
f 2460/2460 2458/2458 2461/2461
f 2462/2462 2459/2459 2458/2458
f 2462/2462 2458/2458 2460/2460
f 2461/2461 2463/2463 2465/2465
f 2467/2467 2461/2461 2465/2465
f 2471/2471 2464/2464 2473/2473
f 2477/2477 2465/2465 2482/2482
f 2484/2484 2488/2488 2471/2471
f 2471/2471 2488/2488 2464/2464
f 2491/2491 2493/2493 2484/2484
f 2484/2484 2493/2493 2488/2488
f 2482/2482 2465/2465 2489/2489
f 2494/2494 2497/2497 2487/2487
f 2467/2467 2465/2465 2246/2246
f 2465/2465 2477/2477 2246/2246
f 2248/2248 2467/2467 2246/2246
f 2467/2467 2460/2460 2461/2461
f 2499/2499 2455/2455 2462/2462
f 2459/2459 2462/2462 2455/2455
f 2499/2499 2462/2462 2500/2500
f 2455/2455 2499/2499 2456/2456
f 2456/2456 2501/2501 2429/2429
f 2501/2501 2430/2430 2429/2429
f 2456/2456 2499/2499 2502/2502
f 2500/2500 2502/2502 2499/2499
f 2503/2503 2501/2501 2456/2456
f 2503/2503 2456/2456 2504/2504
f 2507/2507 2502/2502 2500/2500
f 2504/2504 2456/2456 2502/2502
f 2508/2508 2462/2462 2460/2460
f 2462/2462 2508/2508 2500/2500
f 2248/2248 2510/2510 2467/2467
f 2250/2250 2270/2270 2511/2511
f 2509/2509 2269/2269 2271/2271
f 2509/2509 2271/2271 2512/2512
f 2513/2513 2271/2271 2273/2273
f 2273/2273 2514/2514 2513/2513
f 2520/2520 2513/2513 2514/2514
f 2514/2514 2273/2273 2522/2522
f 2521/2521 2273/2273 2275/2275
f 2522/2522 2524/2524 2514/2514
f 2274/2274 2524/2524 2522/2522
f 2510/2510 2519/2519 2526/2526
f 2518/2518 2509/2509 2512/2512
f 2515/2515 2527/2527 2516/2516
f 2525/2525 2517/2517 2528/2528
f 2460/2460 2467/2467 2510/2510
f 2460/2460 2510/2510 2529/2529
f 2508/2508 2460/2460 2529/2529
f 2526/2526 2529/2529 2510/2510
f 2508/2508 2529/2529 2526/2526
f 2507/2507 2500/2500 2530/2530
f 2530/2530 2500/2500 2508/2508
f 2274/2274 2532/2532 2523/2523
f 2532/2532 2534/2534 2523/2523
f 2534/2534 2515/2515 2523/2523
f 2527/2527 2515/2515 2534/2534
f 2535/2535 2508/2508 2526/2526
f 2530/2530 2508/2508 2535/2535
f 2507/2507 2504/2504 2502/2502
f 2506/2506 2537/2537 2505/2505
f 2504/2504 2539/2539 2503/2503
f 2505/2505 2537/2537 2540/2540
f 2506/2506 2531/2531 2541/2541
f 2531/2531 2542/2542 2541/2541
f 2531/2531 2543/2543 2542/2542
f 2542/2542 2543/2543 2544/2544
f 2545/2545 2541/2541 2546/2546
f 2547/2547 2546/2546 2541/2541
f 2541/2541 2537/2537 2506/2506
f 2540/2540 2537/2537 2548/2548
f 2549/2549 2537/2537 2541/2541
f 2549/2549 2548/2548 2537/2537
f 2550/2550 2505/2505 2540/2540
f 2551/2551 2540/2540 2548/2548
f 2550/2550 2540/2540 2551/2551
f 2548/2548 2549/2549 2552/2552
f 2552/2552 2549/2549 2545/2545
f 2545/2545 2549/2549 2541/2541
f 2533/2533 2277/2277 2553/2553
f 2556/2556 2554/2554 2557/2557
f 2554/2554 2534/2534 2532/2532
f 2525/2525 2528/2528 2558/2558
f 2527/2527 2534/2534 2556/2556
f 2556/2556 2534/2534 2554/2554
f 2528/2528 2555/2555 2558/2558
f 2557/2557 2560/2560 2556/2556
f 2555/2555 2561/2561 2558/2558
f 2559/2559 2561/2561 2555/2555
f 2275/2275 2281/2281 2283/2283
f 2282/2282 2554/2554 2276/2276
f 2282/2282 2557/2557 2554/2554
f 2560/2560 2557/2557 2563/2563
f 2563/2563 2557/2557 2284/2284
f 2557/2557 2282/2282 2284/2284
f 2564/2564 2558/2558 2561/2561
f 2562/2562 2561/2561 2559/2559
f 2565/2565 2558/2558 2564/2564
f 2566/2566 2564/2564 2561/2561
f 2525/2525 2567/2567 2536/2536
f 2558/2558 2567/2567 2525/2525
f 2531/2531 2536/2536 2567/2567
f 2543/2543 2531/2531 2567/2567
f 2558/2558 2565/2565 2567/2567
f 2563/2563 2284/2284 2568/2568
f 2569/2569 2561/2561 2562/2562
f 2569/2569 2570/2570 2561/2561
f 2565/2565 2564/2564 2566/2566
f 2565/2565 2566/2566 2544/2544
f 2566/2566 2571/2571 2544/2544
f 2543/2543 2567/2567 2565/2565
f 2544/2544 2543/2543 2565/2565
f 2289/2289 2568/2568 2284/2284
f 2570/2570 2566/2566 2561/2561
f 2572/2572 2570/2570 2569/2569
f 2570/2570 2572/2572 2566/2566
f 2289/2289 2574/2574 2568/2568
f 2572/2572 2569/2569 2573/2573
f 2571/2571 2566/2566 2572/2572
f 2547/2547 2542/2542 2544/2544
f 2542/2542 2547/2547 2541/2541
f 2547/2547 2544/2544 2571/2571
f 2575/2575 2571/2571 2572/2572
f 2575/2575 2572/2572 2573/2573
f 2576/2576 2547/2547 2571/2571
f 2291/2291 2578/2578 2289/2289
f 2289/2289 2578/2578 2574/2574
f 2575/2575 2573/2573 2577/2577
f 2575/2575 2577/2577 2579/2579
f 2291/2291 2292/2292 2578/2578
f 2580/2580 2578/2578 2292/2292
f 2579/2579 2581/2581 2575/2575
f 2571/2571 2575/2575 2581/2581
f 2583/2583 2571/2571 2581/2581
f 2293/2293 2584/2584 2292/2292
f 2584/2584 2293/2293 2296/2296
f 2582/2582 2292/2292 2585/2585
f 2582/2582 2580/2580 2292/2292
f 2552/2552 2551/2551 2548/2548
f 2551/2551 2552/2552 2586/2586
f 2552/2552 2545/2545 2586/2586
f 2587/2587 2586/2586 2545/2545
f 2546/2546 2587/2587 2545/2545
f 2586/2586 2588/2588 2551/2551
f 2588/2588 2586/2586 2587/2587
f 2587/2587 2546/2546 2589/2589
f 2551/2551 2588/2588 2590/2590
f 2591/2591 2590/2590 2588/2588
f 2592/2592 2590/2590 2591/2591
f 2593/2593 2594/2594 2595/2595
f 2596/2596 2594/2594 2593/2593
f 2591/2591 2596/2596 2593/2593
f 2597/2597 2588/2588 2587/2587
f 2588/2588 2597/2597 2591/2591
f 2597/2597 2596/2596 2591/2591
f 2596/2596 2598/2598 2594/2594
f 2599/2599 2596/2596 2597/2597
f 2598/2598 2596/2596 2599/2599
f 2600/2600 2546/2546 2547/2547
f 2600/2600 2547/2547 2576/2576
f 2576/2576 2571/2571 2601/2601
f 2602/2602 2600/2600 2576/2576
f 2576/2576 2601/2601 2602/2602
f 2601/2601 2571/2571 2603/2603
f 2601/2601 2604/2604 2602/2602
f 2604/2604 2601/2601 2605/2605
f 2606/2606 2604/2604 2605/2605
f 2546/2546 2600/2600 2589/2589
f 2602/2602 2589/2589 2600/2600
f 2602/2602 2606/2606 2589/2589
f 2607/2607 2589/2589 2606/2606
f 2606/2606 2602/2602 2604/2604
f 2581/2581 2608/2608 2610/2610
f 2611/2611 2610/2610 2608/2608
f 2612/2612 2611/2611 2608/2608
f 2603/2603 2571/2571 2614/2614
f 2611/2611 2614/2614 2610/2610
f 2611/2611 2612/2612 2615/2615
f 2603/2603 2614/2614 2611/2611
f 2611/2611 2615/2615 2603/2603
f 2616/2616 2603/2603 2615/2615
f 2581/2581 2614/2614 2583/2583
f 2610/2610 2614/2614 2581/2581
f 2583/2583 2614/2614 2571/2571
f 2619/2619 2584/2584 2296/2296
f 2295/2295 2622/2622 2296/2296
f 2619/2619 2296/2296 2620/2620
f 2582/2582 2585/2585 2609/2609
f 2618/2618 2609/2609 2585/2585
f 2617/2617 2612/2612 2608/2608
f 2621/2621 2294/2294 2302/2302
f 2619/2619 2620/2620 2613/2613
f 2612/2612 2621/2621 2302/2302
f 2302/2302 2615/2615 2612/2612
f 2601/2601 2603/2603 2616/2616
f 2302/2302 2616/2616 2615/2615
f 2303/2303 2616/2616 2302/2302
f 2623/2623 2601/2601 2616/2616
f 2616/2616 2303/2303 2623/2623
f 2624/2624 2607/2607 2625/2625
f 2625/2625 2606/2606 2605/2605
f 2607/2607 2606/2606 2625/2625
f 2626/2626 2627/2627 2625/2625
f 2628/2628 2605/2605 2601/2601
f 2623/2623 2628/2628 2601/2601
f 2628/2628 2623/2623 2629/2629
f 2629/2629 2630/2630 2631/2631
f 2605/2605 2628/2628 2631/2631
f 2631/2631 2628/2628 2629/2629
f 2630/2630 2623/2623 2303/2303
f 2623/2623 2630/2630 2629/2629
f 2605/2605 2631/2631 2632/2632
f 2633/2633 2630/2630 2350/2350
f 2633/2633 2631/2631 2630/2630
f 2631/2631 2633/2633 2632/2632
f 2633/2633 2350/2350 2634/2634
f 2632/2632 2625/2625 2605/2605
f 2625/2625 2632/2632 2626/2626
f 2635/2635 2627/2627 2626/2626
f 2626/2626 2634/2634 2635/2635
f 2632/2632 2633/2633 2634/2634
f 2632/2632 2634/2634 2626/2626
f 2635/2635 2634/2634 2636/2636
f 2597/2597 2587/2587 2589/2589
f 2597/2597 2589/2589 2624/2624
f 2636/2636 2637/2637 2635/2635
f 2303/2303 2350/2350 2630/2630
f 2351/2351 2354/2354 2350/2350
f 339/339 342/342 341/341
f 1413/1413 1369/1369 209/209
f 1369/1369 1413/1413 1408/1408
f 1416/1416 1410/1410 1409/1409
f 1492/1492 2638/2638 1416/1416
f 1422/1422 1419/1419 2639/2639
f 1441/1441 2641/2641 1442/1442
f 2641/2641 2642/2642 1442/1442
f 1442/1442 1439/1439 1437/1437
f 1442/1442 2643/2643 1439/1439
f 1442/1442 2642/2642 2643/2643
f 2643/2643 2644/2644 1439/1439
f 2644/2644 2643/2643 2645/2645
f 2647/2647 2649/2649 2650/2650
f 2651/2651 1444/1444 2652/2652
f 2652/2652 2653/2653 2651/2651
f 2653/2653 1447/1447 1444/1444
f 1444/1444 2651/2651 2653/2653
f 2653/2653 2654/2654 1447/1447
f 1447/1447 2655/2655 1446/1446
f 2658/2658 2655/2655 1447/1447
f 1446/1446 2655/2655 1448/1448
f 1447/1447 2654/2654 2658/2658
f 2659/2659 2654/2654 2653/2653
f 2660/2660 2654/2654 2659/2659
f 2662/2662 2658/2658 2654/2654
f 2663/2663 1428/1428 1429/1429
f 1439/1439 2664/2664 1438/1438
f 2644/2644 2664/2664 1439/1439
f 2664/2664 2652/2652 1450/1450
f 2652/2652 1444/1444 1450/1450
f 2664/2664 2665/2665 2652/2652
f 1450/1450 1438/1438 2664/2664
f 2652/2652 2665/2665 2653/2653
f 2664/2664 2644/2644 2665/2665
f 2666/2666 2665/2665 2644/2644
f 2665/2665 2659/2659 2653/2653
f 2667/2667 2666/2666 2668/2668
f 2669/2669 2659/2659 2667/2667
f 2668/2668 2669/2669 2667/2667
f 2669/2669 2660/2660 2659/2659
f 2662/2662 2654/2654 2660/2660
f 2670/2670 2660/2660 2669/2669
f 2668/2668 2671/2671 2669/2669
f 2671/2671 2670/2670 2669/2669
f 2650/2650 1428/1428 2663/2663
f 2673/2673 2650/2650 2663/2663
f 2675/2675 2644/2644 2645/2645
f 2676/2676 2677/2677 2678/2678
f 2677/2677 2646/2646 2674/2674
f 2647/2647 2650/2650 2673/2673
f 2673/2673 2663/2663 2679/2679
f 2674/2674 2680/2680 2677/2677
f 2681/2681 2666/2666 2678/2678
f 2681/2681 2668/2668 2666/2666
f 2682/2682 2668/2668 2681/2681
f 2679/2679 1429/1429 2684/2684
f 2679/2679 2684/2684 2683/2683
f 2682/2682 2681/2681 2680/2680
f 1429/1429 1434/1434 2684/2684
f 2685/2685 2684/2684 1434/1434
f 2684/2684 2685/2685 2683/2683
f 2663/2663 1429/1429 2679/2679
f 2681/2681 2678/2678 2680/2680
f 2680/2680 2678/2678 2677/2677
f 2682/2682 2671/2671 2668/2668
f 2672/2672 2683/2683 2685/2685
f 2686/2686 2672/2672 2685/2685
f 2650/2650 1427/1427 1428/1428
f 2688/2688 1427/1427 2650/2650
f 1427/1427 2689/2689 1418/1418
f 2689/2689 1427/1427 2688/2688
f 2688/2688 2650/2650 2649/2649
f 2690/2690 1456/1456 1469/1469
f 1456/1456 1455/1455 1469/1469
f 2691/2691 1456/1456 2690/2690
f 2692/2692 1454/1454 1432/1432
f 1456/1456 2691/2691 2693/2693
f 1456/1456 2693/2693 1458/1458
f 2693/2693 1464/1464 1458/1458
f 1464/1464 2693/2693 2694/2694
f 2694/2694 2693/2693 2691/2691
f 1462/1462 1464/1464 1461/1461
f 1464/1464 1462/1462 1458/1458
f 1458/1458 1462/1462 1459/1459
f 2692/2692 1432/1432 2695/2695
f 1464/1464 2696/2696 1465/1465
f 2696/2696 1464/1464 2694/2694
f 2697/2697 2696/2696 2694/2694
f 2696/2696 2697/2697 2698/2698
f 2699/2699 2695/2695 2700/2700
f 2695/2695 1432/1432 1433/1433
f 2656/2656 2701/2701 1449/1449
f 2657/2657 2701/2701 2656/2656
f 1467/1467 2701/2701 2690/2690
f 1467/1467 2690/2690 1468/1468
f 2702/2702 2690/2690 2701/2701
f 1467/1467 1449/1449 2701/2701
f 2701/2701 2657/2657 2702/2702
f 2690/2690 1469/1469 1468/1468
f 2703/2703 2690/2690 2702/2702
f 2704/2704 2703/2703 2702/2702
f 2690/2690 2703/2703 2691/2691
f 1435/1435 2705/2705 1434/1434
f 1434/1434 2705/2705 2706/2706
f 1454/1454 2705/2705 1435/1435
f 2704/2704 2707/2707 2706/2706
f 2704/2704 2706/2706 2708/2708
f 2706/2706 2705/2705 2708/2708
f 2708/2708 2705/2705 2709/2709
f 2710/2710 2711/2711 2704/2704
f 2704/2704 2708/2708 2710/2710
f 2709/2709 2710/2710 2708/2708
f 1454/1454 2709/2709 2705/2705
f 2712/2712 2686/2686 2685/2685
f 2706/2706 2707/2707 2685/2685
f 2685/2685 2707/2707 2712/2712
f 2706/2706 2685/2685 1434/1434
f 2694/2694 2691/2691 2703/2703
f 2692/2692 2709/2709 1454/1454
f 2713/2713 2697/2697 2714/2714
f 2715/2715 2709/2709 2716/2716
f 2715/2715 2714/2714 2710/2710
f 2713/2713 2714/2714 2715/2715
f 2716/2716 2713/2713 2715/2715
f 2717/2717 2713/2713 2716/2716
f 2709/2709 2692/2692 2716/2716
f 2695/2695 2716/2716 2692/2692
f 2695/2695 2718/2718 2716/2716
f 2718/2718 2717/2717 2716/2716
f 2715/2715 2710/2710 2709/2709
f 2697/2697 2694/2694 2714/2714
f 2717/2717 2697/2697 2713/2713
f 2697/2697 2718/2718 2719/2719
f 2718/2718 2695/2695 2699/2699
f 2699/2699 2719/2719 2718/2718
f 2697/2697 2717/2717 2718/2718
f 2720/2720 2697/2697 2719/2719
f 2720/2720 2698/2698 2697/2697
f 2700/2700 2719/2719 2699/2699
f 2700/2700 2720/2720 2719/2719
f 1476/1476 1711/1711 1475/1475
f 1710/1710 1709/1709 1474/1474
f 1476/1476 1472/1472 1483/1483
f 1490/1490 1492/1492 1416/1416
f 1494/1494 1495/1495 1498/1498
f 1534/1534 1690/1690 1533/1533
f 2721/2721 1542/1542 1545/1545
f 1536/1536 1554/1554 1538/1538
f 1712/1712 1537/1537 1540/1540
f 1554/1554 1537/1537 2722/2722
f 1536/1536 1537/1537 1554/1554
f 1554/1554 2722/2722 2723/2723
f 2722/2722 1537/1537 1712/1712
f 2723/2723 2722/2722 2725/2725
f 2723/2723 1555/1555 1554/1554
f 1555/1555 2723/2723 1557/1557
f 1543/1543 1534/1534 1535/1535
f 1543/1543 1542/1542 1534/1534
f 1543/1543 1535/1535 1538/1538
f 1546/1546 1543/1543 1538/1538
f 1545/1545 1542/1542 1541/1541
f 1544/1544 1548/1548 1545/1545
f 1543/1543 1546/1546 1544/1544
f 1716/1716 1718/1718 2726/2726
f 1551/1551 1550/1550 1716/1716
f 1552/1552 1551/1551 1566/1566
f 2726/2726 1566/1566 1551/1551
f 1716/1716 2726/2726 1551/1551
f 1546/1546 1538/1538 1553/1553
f 1567/1567 1546/1546 1553/1553
f 1552/1552 1560/1560 1570/1570
f 1565/1565 1552/1552 1566/1566
f 2727/2727 1567/1567 1572/1572
f 1571/1571 1576/1576 1559/1559
f 1576/1576 1571/1571 2728/2728
f 1576/1576 1746/1746 1559/1559
f 1576/1576 1575/1575 1746/1746
f 1568/1568 1561/1561 1567/1567
f 1569/1569 1568/1568 1567/1567
f 1571/1571 1565/1565 1569/1569
f 1569/1569 1567/1567 2727/2727
f 2728/2728 1571/1571 1569/1569
f 2728/2728 1569/1569 2727/2727
f 2729/2729 2730/2730 2731/2731
f 2732/2732 1548/1548 1580/1580
f 1580/1580 2733/2733 2732/2732
f 1548/1548 1578/1578 1545/1545
f 1548/1548 2732/2732 1578/1578
f 2733/2733 2734/2734 2735/2735
f 2726/2726 2735/2735 2734/2734
f 2732/2732 2733/2733 2736/2736
f 2736/2736 1578/1578 2732/2732
f 1579/1579 1578/1578 2737/2737
f 2737/2737 1578/1578 2736/2736
f 1579/1579 2737/2737 2738/2738
f 2738/2738 2737/2737 2726/2726
f 2738/2738 2739/2739 2731/2731
f 2738/2738 2726/2726 2739/2739
f 1579/1579 2730/2730 1577/1577
f 2738/2738 2730/2730 1579/1579
f 2738/2738 2731/2731 2730/2730
f 2737/2737 2736/2736 2735/2735
f 2735/2735 2736/2736 2733/2733
f 2735/2735 2726/2726 2737/2737
f 1581/1581 2734/2734 1580/1580
f 1580/1580 2734/2734 2733/2733
f 1566/1566 2734/2734 1582/1582
f 2734/2734 1581/1581 1582/1582
f 2726/2726 2734/2734 1566/1566
f 2740/2740 1584/1584 2741/2741
f 2742/2742 1584/1584 1583/1583
f 1583/1583 1588/1588 2742/2742
f 1588/1588 2743/2743 2742/2742
f 1584/1584 2742/2742 2741/2741
f 2744/2744 2740/2740 2741/2741
f 2745/2745 2741/2741 2742/2742
f 2745/2745 2744/2744 2741/2741
f 2746/2746 2744/2744 2745/2745
f 2747/2747 2744/2744 2746/2746
f 2748/2748 2743/2743 1588/1588
f 2745/2745 2742/2742 2743/2743
f 2745/2745 2749/2749 2746/2746
f 2750/2750 2749/2749 2743/2743
f 2743/2743 2749/2749 2745/2745
f 2748/2748 1588/1588 1592/1592
f 2748/2748 1592/1592 2743/2743
f 2751/2751 2746/2746 2749/2749
f 2751/2751 2749/2749 2753/2753
f 2749/2749 2750/2750 2753/2753
f 2755/2755 2753/2753 2750/2750
f 2755/2755 2750/2750 2756/2756
f 2755/2755 2756/2756 2757/2757
f 1598/1598 1602/1602 2759/2759
f 2759/2759 1604/1604 1598/1598
f 2761/2761 2760/2760 1601/1601
f 2760/2760 2761/2761 1605/1605
f 1609/1609 2761/2761 1705/1705
f 1609/1609 1705/1705 1610/1610
f 1611/1611 2761/2761 1609/1609
f 1611/1611 1605/1605 2761/2761
f 2762/2762 1613/1613 1614/1614
f 2762/2762 1614/1614 2763/2763
f 1611/1611 1614/1614 1606/1606
f 1614/1614 1611/1611 1609/1609
f 2763/2763 1614/1614 1609/1609
f 2763/2763 1609/1609 1615/1615
f 1423/1423 1421/1421 2640/2640
f 2764/2764 2640/2640 2757/2757
f 2764/2764 1423/1423 2640/2640
f 1423/1423 2765/2765 1424/1424
f 1592/1592 1591/1591 1593/1593
f 1592/1592 2766/2766 2767/2767
f 2767/2767 2743/2743 1592/1592
f 2768/2768 2743/2743 2767/2767
f 1593/1593 2769/2769 1592/1592
f 1592/1592 2769/2769 2766/2766
f 1617/1617 2766/2766 2769/2769
f 1593/1593 1617/1617 2769/2769
f 2766/2766 1617/1617 2770/2770
f 2771/2771 2768/2768 2767/2767
f 2756/2756 2772/2772 2773/2773
f 2757/2757 2756/2756 2773/2773
f 2773/2773 2764/2764 2757/2757
f 2773/2773 2772/2772 2774/2774
f 2765/2765 1423/1423 2764/2764
f 2775/2775 2768/2768 2774/2774
f 2773/2773 2774/2774 2776/2776
f 2773/2773 2776/2776 2764/2764
f 2774/2774 2768/2768 2776/2776
f 2767/2767 2766/2766 2770/2770
f 2777/2777 2767/2767 2770/2770
f 1619/1619 2770/2770 1617/1617
f 2778/2778 2767/2767 2777/2777
f 2776/2776 2765/2765 2764/2764
f 2779/2779 1424/1424 2765/2765
f 2780/2780 2765/2765 2776/2776
f 2776/2776 2771/2771 2780/2780
f 2780/2780 2771/2771 2781/2781
f 2782/2782 2765/2765 2780/2780
f 2782/2782 2779/2779 2765/2765
f 2783/2783 2782/2782 2780/2780
f 2783/2783 2780/2780 2781/2781
f 2779/2779 1425/1425 1424/1424
f 2784/2784 2778/2778 2777/2777
f 2762/2762 2785/2785 1623/1623
f 2762/2762 1623/1623 1613/1613
f 2785/2785 2762/2762 2763/2763
f 2785/2785 1622/1622 1623/1623
f 2786/2786 1622/1622 2785/2785
f 2785/2785 2763/2763 2786/2786
f 1636/1636 2786/2786 2763/2763
f 2786/2786 1624/1624 1622/1622
f 2770/2770 1619/1619 1620/1620
f 2787/2787 2770/2770 1620/1620
f 1620/1620 1626/1626 2787/2787
f 2788/2788 2787/2787 1626/1626
f 1627/1627 1626/1626 1625/1625
f 2789/2789 1626/1626 1627/1627
f 2789/2789 2788/2788 1626/1626
f 2789/2789 1627/1627 1629/1629
f 1629/1629 2790/2790 2789/2789
f 2789/2789 2790/2790 2788/2788
f 2791/2791 2788/2788 2790/2790
f 2792/2792 2784/2784 2777/2777
f 2787/2787 2777/2777 2770/2770
f 2787/2787 2792/2792 2777/2777
f 2793/2793 2782/2782 2783/2783
f 2794/2794 2782/2782 2793/2793
f 2794/2794 2793/2793 2784/2784
f 2788/2788 2792/2792 2787/2787
f 2795/2795 2779/2779 2794/2794
f 2794/2794 2779/2779 2782/2782
f 2794/2794 2784/2784 2796/2796
f 2794/2794 2796/2796 2795/2795
f 2797/2797 2796/2796 2792/2792
f 2798/2798 2796/2796 2797/2797
f 2798/2798 2795/2795 2796/2796
f 2799/2799 2797/2797 2788/2788
f 2797/2797 2800/2800 2798/2798
f 2795/2795 2798/2798 2779/2779
f 2798/2798 2800/2800 2801/2801
f 2801/2801 2779/2779 2798/2798
f 2802/2802 2801/2801 2799/2799
f 2803/2803 1632/1632 1838/1838
f 2803/2803 1838/1838 2804/2804
f 2803/2803 2804/2804 1639/1639
f 2805/2805 1639/1639 2804/2804
f 1634/1634 2763/2763 1615/1615
f 1637/1637 1634/1634 1632/1632
f 1632/1632 1634/1634 1615/1615
f 1636/1636 2763/2763 1634/1634
f 2806/2806 1637/1637 1632/1632
f 1632/1632 2803/2803 2806/2806
f 2807/2807 2786/2786 1636/1636
f 2807/2807 1624/1624 2786/2786
f 2808/2808 2807/2807 1636/1636
f 1635/1635 2808/2808 1636/1636
f 2806/2806 2803/2803 1639/1639
f 1640/1640 1639/1639 2805/2805
f 2806/2806 1639/1639 1638/1638
f 1638/1638 1637/1637 2806/2806
f 1624/1624 2807/2807 1633/1633
f 1644/1644 1633/1633 2807/2807
f 2808/2808 1644/1644 2807/2807
f 1647/1647 1644/1644 2808/2808
f 2809/2809 2808/2808 2810/2810
f 2810/2810 2808/2808 1635/1635
f 1644/1644 1647/1647 1645/1645
f 2809/2809 1647/1647 2808/2808
f 1647/1647 2187/2187 1646/1646
f 2809/2809 2187/2187 1647/1647
f 1637/1637 2810/2810 1635/1635
f 1637/1637 2811/2811 2810/2810
f 2812/2812 2811/2811 1637/1637
f 2813/2813 1640/1640 2814/2814
f 2815/2815 1638/1638 1640/1640
f 2816/2816 2815/2815 2817/2817
f 2816/2816 1638/1638 2815/2815
f 2813/2813 2817/2817 2815/2815
f 1640/1640 2813/2813 2815/2815
f 2818/2818 2813/2813 2814/2814
f 2818/2818 2814/2814 2819/2819
f 2818/2818 2817/2817 2813/2813
f 2820/2820 2817/2817 2818/2818
f 2818/2818 2819/2819 2821/2821
f 2822/2822 2820/2820 2818/2818
f 2822/2822 2818/2818 2821/2821
f 2823/2823 2822/2822 2821/2821
f 2824/2824 2820/2820 2822/2822
f 2824/2824 2822/2822 2823/2823
f 2825/2825 2817/2817 2820/2820
f 2824/2824 2823/2823 1649/1649
f 2826/2826 2825/2825 2820/2820
f 2826/2826 2820/2820 2824/2824
f 2826/2826 2824/2824 1648/1648
f 1637/1637 2816/2816 2812/2812
f 2816/2816 1637/1637 1638/1638
f 2827/2827 2816/2816 2817/2817
f 2828/2828 2816/2816 2827/2827
f 2828/2828 2812/2812 2816/2816
f 2829/2829 2811/2811 2812/2812
f 2830/2830 2829/2829 2812/2812
f 2825/2825 2827/2827 2817/2817
f 2828/2828 2827/2827 2391/2391
f 2391/2391 2827/2827 2825/2825
f 1649/1649 1648/1648 2824/2824
f 2831/2831 1650/1650 1649/1649
f 2825/2825 2826/2826 2832/2832
f 2834/2834 2391/2391 2825/2825
f 2396/2396 1650/1650 2831/2831
f 1648/1648 2396/2396 2835/2835
f 1648/1648 1650/1650 2396/2396
f 2828/2828 2390/2390 2812/2812
f 2830/2830 2812/2812 2390/2390
f 2390/2390 2399/2399 2830/2830
f 2391/2391 2390/2390 2828/2828
f 2052/2052 1652/1652 2831/2831
f 1652/1652 2052/2052 1653/1653
f 2831/2831 1652/1652 2396/2396
f 2396/2396 1652/1652 1657/1657
f 1661/1661 1663/1663 2836/2836
f 1584/1584 1663/1663 1662/1662
f 1661/1661 2641/2641 1441/1441
f 2836/2836 2641/2641 1661/1661
f 2836/2836 2642/2642 2641/2641
f 2837/2837 2642/2642 2836/2836
f 2838/2838 2839/2839 2840/2840
f 2840/2840 2839/2839 2642/2642
f 2841/2841 2648/2648 2646/2646
f 2841/2841 2839/2839 2838/2838
f 2841/2841 2838/2838 2648/2648
f 1670/1670 1679/1679 1676/1676
f 1679/1679 2842/2842 1677/1677
f 1677/1677 1676/1676 1679/1679
f 1527/1527 1681/1681 1523/1523
f 1683/1683 1681/1681 1527/1527
f 2843/2843 2841/2841 2677/2677
f 2677/2677 2841/2841 2646/2646
f 2844/2844 1686/1686 1689/1689
f 1685/1685 1686/1686 2844/2844
f 1684/1684 1688/1688 1673/1673
f 1688/1688 1685/1685 2844/2844
f 1671/1671 1688/1688 1678/1678
f 2845/2845 2842/2842 2844/2844
f 2844/2844 2842/2842 1688/1688
f 2842/2842 1679/1679 1678/1678
f 2842/2842 1678/1678 1688/1688
f 1682/1682 1683/1683 1687/1687
f 1689/1689 1686/1686 1683/1683
f 1689/1689 1683/1683 1524/1524
f 2846/2846 1690/1690 1534/1534
f 1689/1689 1690/1690 2844/2844
f 1663/1663 2847/2847 2836/2836
f 1663/1663 1584/1584 2740/2740
f 1663/1663 2740/2740 2847/2847
f 1418/1418 2689/2689 1453/1453
f 2848/2848 2850/2850 2851/2851
f 2851/2851 1453/1453 2848/2848
f 2689/2689 2848/2848 1453/1453
f 2852/2852 2853/2853 2847/2847
f 2744/2744 2847/2847 2740/2740
f 2744/2744 2852/2852 2847/2847
f 2854/2854 2852/2852 2744/2744
f 2855/2855 2857/2857 2852/2852
f 2858/2858 2855/2855 2852/2852
f 2849/2849 2857/2857 2855/2855
f 2856/2856 2851/2851 2850/2850
f 2855/2855 2858/2858 2859/2859
f 2860/2860 2851/2851 2856/2856
f 2848/2848 2688/2688 2861/2861
f 2863/2863 2865/2865 2862/2862
f 2862/2862 2840/2840 2863/2863
f 2848/2848 2861/2861 2864/2864
f 2848/2848 2689/2689 2688/2688
f 2865/2865 2866/2866 2849/2849
f 2864/2864 2850/2850 2848/2848
f 2861/2861 2688/2688 2649/2649
f 2648/2648 2838/2838 2862/2862
f 2862/2862 2838/2838 2840/2840
f 2867/2867 1419/1419 1453/1453
f 2867/2867 1453/1453 2851/2851
f 1419/1419 2867/2867 2639/2639
f 2868/2868 2851/2851 2860/2860
f 2868/2868 2867/2867 2851/2851
f 2870/2870 2869/2869 2859/2859
f 2867/2867 2758/2758 2639/2639
f 2754/2754 2867/2867 2871/2871
f 2867/2867 2754/2754 2758/2758
f 2751/2751 2747/2747 2746/2746
f 2751/2751 2753/2753 2873/2873
f 2874/2874 2870/2870 2751/2751
f 2869/2869 2870/2870 2874/2874
f 2873/2873 2869/2869 2874/2874
f 2872/2872 2871/2871 2867/2867
f 2871/2871 2752/2752 2754/2754
f 2871/2871 2872/2872 2752/2752
f 2872/2872 2867/2867 2868/2868
f 2874/2874 2751/2751 2873/2873
f 1697/1697 2842/2842 2845/2845
f 2875/2875 1697/1697 2845/2845
f 2876/2876 1697/1697 2875/2875
f 1677/1677 1694/1694 1696/1696
f 1694/1694 2842/2842 1697/1697
f 2842/2842 1694/1694 1677/1677
f 1695/1695 1697/1697 2876/2876
f 2876/2876 1698/1698 1695/1695
f 2877/2877 1698/1698 2876/2876
f 1699/1699 1698/1698 2877/2877
f 1690/1690 2845/2845 2844/2844
f 2875/2875 1690/1690 2846/2846
f 2875/2875 2845/2845 1690/1690
f 1542/1542 2846/2846 1534/1534
f 2721/2721 2878/2878 2875/2875
f 2876/2876 2875/2875 2878/2878
f 1577/1577 2878/2878 2721/2721
f 2877/2877 2876/2876 2878/2878
f 2846/2846 2721/2721 2875/2875
f 2721/2721 2846/2846 1542/1542
f 2721/2721 1545/1545 1577/1577
f 1691/1691 1677/1677 1702/1702
f 1696/1696 1705/1705 1704/1704
f 1704/1704 1677/1677 1696/1696
f 1704/1704 1702/1702 1677/1677
f 1704/1704 1599/1599 1700/1700
f 2761/2761 1704/1704 1705/1705
f 1601/1601 1599/1599 1704/1704
f 2761/2761 1601/1601 1704/1704
f 1522/1522 1527/1527 1523/1523
f 1683/1683 1527/1527 1524/1524
f 1522/1522 1707/1707 1706/1706
f 1531/1531 1706/1706 1707/1707
f 1707/1707 1708/1708 1531/1531
f 1709/1709 1710/1710 1532/1532
f 1485/1485 1714/1714 1712/1712
f 2725/2725 2722/2722 1712/1712
f 1718/1718 1924/1924 2726/2726
f 1765/1765 1763/1763 1975/1975
f 1808/1808 1975/1975 1763/1763
f 1977/1977 1975/1975 1808/1808
f 1977/1977 1808/1808 1812/1812
f 2879/2879 1813/1813 1811/1811
f 1812/1812 1995/1995 1977/1977
f 1995/1995 1812/1812 1813/1813
f 1999/1999 1995/1995 1813/1813
f 2880/2880 1813/1813 2879/2879
f 1999/1999 1813/1813 2880/2880
f 1810/1810 1813/1813 1812/1812
f 2881/2881 1999/1999 2882/2882
f 2882/2882 2091/2091 2881/2881
f 2877/2877 2883/2883 1814/1814
f 1817/1817 1699/1699 2877/2877
f 1814/1814 1817/1817 2877/2877
f 2884/2884 1815/1815 2885/2885
f 2884/2884 1819/1819 1815/1815
f 2886/2886 2887/2887 1860/1860
f 2888/2888 2883/2883 1577/1577
f 2883/2883 2877/2877 2878/2878
f 2883/2883 2878/2878 1577/1577
f 2729/2729 2731/2731 2889/2889
f 2890/2890 2891/2891 2729/2729
f 2729/2729 2889/2889 2890/2890
f 1926/1926 2890/2890 2889/2889
f 1826/1826 2892/2892 2890/2890
f 2892/2892 1826/1826 1821/1821
f 2890/2890 1926/1926 1826/1826
f 2892/2892 1821/1821 1820/1820
f 1877/1877 2893/2893 1820/1820
f 1824/1824 1877/1877 1820/1820
f 2894/2894 2888/2888 1577/1577
f 2895/2895 2883/2883 2888/2888
f 2888/2888 2894/2894 2895/2895
f 2894/2894 2891/2891 2895/2895
f 2895/2895 2891/2891 2896/2896
f 2896/2896 2891/2891 2897/2897
f 2883/2883 1815/1815 1814/1814
f 1815/1815 2883/2883 2898/2898
f 2885/2885 1815/1815 2898/2898
f 2883/2883 2895/2895 2898/2898
f 2895/2895 2896/2896 2898/2898
f 2897/2897 2898/2898 2896/2896
f 2899/2899 2897/2897 2900/2900
f 2900/2900 2897/2897 2891/2891
f 2899/2899 2900/2900 2901/2901
f 2898/2898 2897/2897 2885/2885
f 2902/2902 2885/2885 2897/2897
f 2887/2887 2902/2902 2897/2897
f 2897/2897 2899/2899 2887/2887
f 2894/2894 1577/1577 2903/2903
f 2903/2903 2730/2730 2729/2729
f 2903/2903 2729/2729 2891/2891
f 2730/2730 2903/2903 1577/1577
f 2891/2891 2890/2890 2892/2892
f 2903/2903 2891/2891 2894/2894
f 2892/2892 2900/2900 2891/2891
f 1820/1820 2901/2901 2892/2892
f 2893/2893 2901/2901 1820/1820
f 2887/2887 2901/2901 1860/1860
f 2904/2904 2901/2901 2893/2893
f 2893/2893 1865/1865 2904/2904
f 1865/1865 2893/2893 1864/1864
f 2885/2885 2902/2902 2884/2884
f 2884/2884 2902/2902 2887/2887
f 1877/1877 1864/1864 2893/2893
f 2905/2905 1699/1699 1817/1817
f 2905/2905 1631/1631 1699/1699
f 1818/1818 2905/2905 1817/1817
f 1838/1838 1631/1631 2905/2905
f 2906/2906 1838/1838 2905/2905
f 2907/2907 2906/2906 1818/1818
f 2906/2906 2905/2905 1818/1818
f 2886/2886 1860/1860 1839/1839
f 1841/1841 2886/2886 1839/1839
f 2906/2906 2804/2804 1838/1838
f 2906/2906 2907/2907 2804/2804
f 2805/2805 2804/2804 2907/2907
f 1906/1906 2805/2805 2907/2907
f 1856/1856 1877/1877 1824/1824
f 2904/2904 1860/1860 2901/2901
f 1860/1860 2904/2904 1859/1859
f 2904/2904 1866/1866 1859/1859
f 1866/1866 2904/2904 1865/1865
f 2908/2908 1880/1880 1881/1881
f 2908/2908 1881/1881 1993/1993
f 1874/1874 1880/1880 2908/2908
f 1993/1993 1874/1874 2908/2908
f 1993/1993 1891/1891 1874/1874
f 1891/1891 1993/1993 2909/2909
f 1894/1894 1891/1891 2910/2910
f 2910/2910 1898/1898 1894/1894
f 2909/2909 2910/2910 1891/1891
f 2884/2884 2911/2911 1819/1819
f 2887/2887 2911/2911 2884/2884
f 1900/1900 1818/1818 1819/1819
f 1819/1819 2912/2912 1900/1900
f 1819/1819 2911/2911 2912/2912
f 2886/2886 2912/2912 2911/2911
f 2911/2911 2887/2887 2886/2886
f 1818/1818 1902/1902 2907/2907
f 2913/2913 1904/1904 1901/1901
f 1905/1905 2916/2916 1903/1903
f 2917/2917 1919/1919 2918/2918
f 1904/1904 2918/2918 1905/1905
f 2917/2917 2918/2918 1904/1904
f 2916/2916 1905/1905 2918/2918
f 1900/1900 2912/2912 2919/2919
f 1899/1899 2920/2920 2914/2914
f 1841/1841 2919/2919 2886/2886
f 2886/2886 2919/2919 2912/2912
f 2919/2919 1841/1841 2917/2917
f 2917/2917 2915/2915 2919/2919
f 2917/2917 1841/1841 1919/1919
f 2917/2917 1904/1904 2915/2915
f 1902/1902 1906/1906 2907/2907
f 2805/2805 1906/1906 2921/2921
f 1907/1907 2814/2814 1906/1906
f 2814/2814 2921/2921 1906/1906
f 2918/2918 1919/1919 1913/1913
f 1916/1916 2918/2918 1913/1913
f 2922/2922 1903/1903 2916/2916
f 1916/1916 2922/2922 2916/2916
f 2916/2916 2918/2918 1916/1916
f 1915/1915 1903/1903 2922/2922
f 2922/2922 1916/1916 1915/1915
f 2814/2814 1907/1907 1922/1922
f 1923/1923 1915/1915 1916/1916
f 2923/2923 1923/1923 1916/1916
f 2923/2923 1916/1916 1917/1917
f 2013/2013 2923/2923 1917/1917
f 1841/1841 1918/1918 1919/1919
f 1918/1918 1841/1841 1843/1843
f 2889/2889 2739/2739 1924/1924
f 2889/2889 1924/1924 2924/2924
f 2739/2739 2726/2726 1924/1924
f 2924/2924 1924/1924 1925/1925
f 1928/1928 1926/1926 2924/2924
f 2889/2889 2924/2924 1926/1926
f 1928/1928 2924/2924 1925/1925
f 2889/2889 2731/2731 2739/2739
f 1718/1718 1719/1719 1924/1924
f 1991/1991 1988/1988 2925/2925
f 1985/1985 1989/1989 2926/2926
f 1982/1982 1985/1985 2926/2926
f 1991/1991 2926/2926 1989/1989
f 2926/2926 1991/1991 2925/2925
f 2927/2927 1992/1992 2928/2928
f 1982/1982 2926/2926 1992/1992
f 2925/2925 2928/2928 1992/1992
f 2925/2925 1992/1992 2926/2926
f 2929/2929 2928/2928 2925/2925
f 2929/2929 2930/2930 2928/2928
f 1881/1881 1984/1984 1993/1993
f 1993/1993 1992/1992 2927/2927
f 2909/2909 1993/1993 2927/2927
f 2909/2909 2927/2927 2928/2928
f 1977/1977 1994/1994 1976/1976
f 1994/1994 1977/1977 1995/1995
f 2925/2925 1988/1988 1995/1995
f 2931/2931 2925/2925 1995/1995
f 1998/1998 2931/2931 1995/1995
f 1997/1997 2931/2931 1998/1998
f 1997/1997 2929/2929 2931/2931
f 2931/2931 2929/2929 2925/2925
f 1998/1998 1995/1995 1999/1999
f 2910/2910 2011/2011 1898/1898
f 1898/1898 2011/2011 2010/2010
f 2910/2910 2909/2909 2011/2011
f 2006/2006 2011/2011 2932/2932
f 2006/2006 2005/2005 2011/2011
f 2932/2932 2007/2007 2006/2006
f 2909/2909 2932/2932 2011/2011
f 2932/2932 2909/2909 2933/2933
f 2934/2934 2007/2007 2932/2932
f 2935/2935 2932/2932 2933/2933
f 2932/2932 2935/2935 2934/2934
f 2935/2935 2936/2936 2937/2937
f 2937/2937 2936/2936 2094/2094
f 2096/2096 2937/2937 2094/2094
f 2921/2921 1640/1640 2805/2805
f 2921/2921 2814/2814 1640/1640
f 2014/2014 2938/2938 2013/2013
f 2923/2923 2013/2013 2938/2938
f 2014/2014 2016/2016 2026/2026
f 2938/2938 2014/2014 2026/2026
f 2028/2028 2026/2026 2025/2025
f 1922/1922 1921/1921 2939/2939
f 2941/2941 2940/2940 1920/1920
f 1920/1920 1923/1923 2941/2941
f 1922/1922 2942/2942 2814/2814
f 2942/2942 1922/1922 2941/2941
f 2941/2941 1922/1922 2939/2939
f 2923/2923 2941/2941 1923/1923
f 2923/2923 2938/2938 2941/2941
f 2026/2026 2941/2941 2938/2938
f 2026/2026 2943/2943 2941/2941
f 2944/2944 2814/2814 2942/2942
f 2814/2814 2944/2944 2945/2945
f 2945/2945 2944/2944 2943/2943
f 2943/2943 2944/2944 2942/2942
f 2942/2942 2941/2941 2943/2943
f 2819/2819 2814/2814 2945/2945
f 2945/2945 2943/2943 2946/2946
f 2026/2026 2946/2946 2943/2943
f 2028/2028 2946/2946 2026/2026
f 2028/2028 2823/2823 2946/2946
f 2029/2029 1649/1649 2044/2044
f 2044/2044 2823/2823 2028/2028
f 2946/2946 2821/2821 2819/2819
f 2819/2819 2945/2945 2946/2946
f 2821/2821 2946/2946 2823/2823
f 2044/2044 1649/1649 2823/2823
f 2045/2045 2003/2003 2007/2007
f 2947/2947 2045/2045 2007/2007
f 2948/2948 2045/2045 2947/2947
f 2949/2949 2948/2948 2947/2947
f 2949/2949 2947/2947 2950/2950
f 2950/2950 2951/2951 2949/2949
f 2043/2043 2046/2046 2953/2953
f 2948/2948 2954/2954 2045/2045
f 2955/2955 2954/2954 2948/2948
f 2948/2948 2949/2949 2955/2955
f 2955/2955 2949/2949 2951/2951
f 2952/2952 2045/2045 2954/2954
f 2951/2951 2956/2956 2955/2955
f 2957/2957 2954/2954 2955/2955
f 2957/2957 2955/2955 2956/2956
f 2007/2007 2958/2958 2947/2947
f 2934/2934 2958/2958 2007/2007
f 2950/2950 2947/2947 2958/2958
f 2951/2951 2958/2958 2934/2934
f 2951/2951 2950/2950 2958/2958
f 2033/2033 2031/2031 2959/2959
f 2960/2960 2959/2959 2031/2031
f 2959/2959 2960/2960 2049/2049
f 2030/2030 2041/2041 2047/2047
f 2030/2030 2047/2047 2960/2960
f 2960/2960 2047/2047 2961/2961
f 2960/2960 2031/2031 2030/2030
f 2043/2043 2962/2962 2042/2042
f 2962/2962 2047/2047 2042/2042
f 2961/2961 2047/2047 2962/2962
f 2962/2962 2963/2963 2964/2964
f 2960/2960 2961/2961 2050/2050
f 2961/2961 2965/2965 2050/2050
f 2050/2050 2049/2049 2960/2960
f 2965/2965 2060/2060 2050/2050
f 2965/2965 2961/2961 2962/2962
f 2965/2965 2962/2962 2964/2964
f 2060/2060 2965/2965 2967/2967
f 2967/2967 2965/2965 2964/2964
f 2968/2968 2029/2029 2033/2033
f 2959/2959 2968/2968 2033/2033
f 1649/1649 2029/2029 2831/2831
f 2968/2968 2831/2831 2029/2029
f 2969/2969 2968/2968 2959/2959
f 2052/2052 2968/2968 2969/2969
f 2831/2831 2968/2968 2052/2052
f 2969/2969 2959/2959 2049/2049
f 2969/2969 2055/2055 2052/2052
f 2969/2969 2049/2049 2055/2055
f 2049/2049 2048/2048 2055/2055
f 2053/2053 2052/2052 2055/2055
f 2054/2054 1654/1654 2053/2053
f 1654/1654 2054/2054 2056/2056
f 2060/2060 2967/2967 2062/2062
f 2062/2062 2970/2970 2063/2063
f 2970/2970 2971/2971 2063/2063
f 2972/2972 2952/2952 2957/2957
f 2043/2043 2963/2963 2962/2962
f 2953/2953 2963/2963 2043/2043
f 2953/2953 2973/2973 2963/2963
f 2967/2967 2964/2964 2963/2963
f 2963/2963 2973/2973 2967/2967
f 2937/2937 2974/2974 2956/2956
f 2975/2975 2974/2974 2937/2937
f 2976/2976 2974/2974 2975/2975
f 2977/2977 2974/2974 2976/2976
f 2096/2096 2975/2975 2937/2937
f 2062/2062 2967/2967 2970/2970
f 2978/2978 2976/2976 2975/2975
f 2978/2978 2975/2975 2096/2096
f 2978/2978 2096/2096 2099/2099
f 2930/2930 2979/2979 2928/2928
f 2930/2930 2929/2929 2980/2980
f 2979/2979 2930/2930 2065/2065
f 2067/2067 2979/2979 2065/2065
f 2067/2067 2065/2065 2064/2064
f 2065/2065 2930/2930 2980/2980
f 2980/2980 2066/2066 2065/2065
f 2064/2064 2068/2068 2067/2067
f 2070/2070 2981/2981 2069/2069
f 2072/2072 2981/2981 2070/2070
f 2981/2981 2072/2072 2083/2083
f 2909/2909 2928/2928 2979/2979
f 2933/2933 2909/2909 2982/2982
f 2982/2982 2909/2909 2979/2979
f 2067/2067 2982/2982 2979/2979
f 2983/2983 2982/2982 2984/2984
f 2985/2985 2983/2983 2984/2984
f 2933/2933 2982/2982 2983/2983
f 2986/2986 2983/2983 2985/2985
f 2983/2983 2986/2986 2933/2933
f 2986/2986 2985/2985 2987/2987
f 2986/2986 2987/2987 2988/2988
f 2986/2986 2935/2935 2933/2933
f 2936/2936 2935/2935 2986/2986
f 2984/2984 2982/2982 2067/2067
f 2984/2984 2067/2067 2069/2069
f 2987/2987 2984/2984 2069/2069
f 2987/2987 2985/2985 2984/2984
f 2069/2069 2981/2981 2987/2987
f 2989/2989 2987/2987 2981/2981
f 2990/2990 2991/2991 2074/2074
f 2992/2992 2993/2993 2075/2075
f 2991/2991 2929/2929 1997/1997
f 1997/1997 1996/1996 2991/2991
f 2991/2991 2990/2990 2929/2929
f 2993/2993 2991/2991 1996/1996
f 2074/2074 2991/2991 2993/2993
f 2075/2075 2993/2993 1996/1996
f 2071/2071 2990/2990 2074/2074
f 2993/2993 2992/2992 2994/2994
f 2074/2074 2993/2993 2995/2995
f 2995/2995 2993/2993 2994/2994
f 2074/2074 2995/2995 2073/2073
f 2990/2990 2980/2980 2929/2929
f 2980/2980 2990/2990 2066/2066
f 2071/2071 2066/2066 2990/2990
f 2992/2992 2075/2075 2000/2000
f 2000/2000 2881/2881 2992/2992
f 2881/2881 2000/2000 1999/1999
f 2994/2994 2992/2992 2996/2996
f 2996/2996 2992/2992 2881/2881
f 2996/2996 2090/2090 2994/2994
f 2091/2091 2090/2090 2996/2996
f 2881/2881 2091/2091 2996/2996
f 2073/2073 2995/2995 2085/2085
f 2995/2995 2078/2078 2085/2085
f 2078/2078 2995/2995 2090/2090
f 2073/2073 2081/2081 2072/2072
f 2085/2085 2080/2080 2073/2073
f 2072/2072 2081/2081 2083/2083
f 2081/2081 2082/2082 2083/2083
f 2995/2995 2994/2994 2090/2090
f 2078/2078 2090/2090 2079/2079
f 2079/2079 2090/2090 2089/2089
f 2091/2091 2997/2997 2088/2088
f 2089/2089 2998/2998 2092/2092
f 2089/2089 2092/2092 2079/2079
f 2998/2998 2089/2089 2088/2088
f 2998/2998 2088/2088 2997/2997
f 2997/2997 2999/2999 2998/2998
f 2129/2129 2998/2998 2999/2999
f 2092/2092 2998/2998 2129/2129
f 2119/2119 2981/2981 2083/2083
f 3000/3000 2101/2101 2097/2097
f 2936/2936 2986/2986 2094/2094
f 2988/2988 2094/2094 2986/2986
f 2094/2094 2988/2988 3001/3001
f 3000/3000 3001/3001 2988/2988
f 2094/2094 3001/3001 2095/2095
f 3001/3001 2097/2097 2095/2095
f 3001/3001 3000/3000 2097/2097
f 2989/2989 2988/2988 2987/2987
f 3000/3000 2988/2988 2989/2989
f 3000/3000 2989/2989 3002/3002
f 2149/2149 3002/3002 2989/2989
f 2989/2989 2981/2981 2119/2119
f 2119/2119 2149/2149 2989/2989
f 2101/2101 3000/3000 3002/3002
f 2106/2106 3002/3002 2149/2149
f 2093/2093 2099/2099 2096/2096
f 2112/2112 3003/3003 2099/2099
f 2098/2098 2102/2102 2099/2099
f 2112/2112 2099/2099 2102/2102
f 3004/3004 2101/2101 3002/3002
f 3004/3004 2103/2103 2101/2101
f 3004/3004 2105/2105 2103/2103
f 3004/3004 3002/3002 2108/2108
f 3002/3002 2106/2106 2108/2108
f 3004/3004 2108/2108 2105/2105
f 2113/2113 2253/2253 2112/2112
f 2119/2119 2121/2121 2149/2149
f 2131/2131 2092/2092 2129/2129
f 2132/2132 3005/3005 2136/2136
f 2133/2133 2122/2122 2092/2092
f 2136/2136 3005/3005 3006/3006
f 2146/2146 2136/2136 3006/3006
f 2136/2136 2146/2146 2144/2144
f 2144/2144 2139/2139 2142/2142
f 2142/2142 2136/2136 2144/2144
f 3003/3003 2978/2978 2099/2099
f 3003/3003 3007/3007 2978/2978
f 3008/3008 1425/1425 2779/2779
f 3008/3008 2154/2154 1425/1425
f 3009/3009 1503/1503 2156/2156
f 1629/1629 2158/2158 2790/2790
f 2790/2790 2158/2158 2791/2791
f 3010/3010 2791/2791 2158/2158
f 3011/3011 2155/2155 2154/2154
f 2154/2154 3008/3008 3011/3011
f 3012/3012 3013/3013 3011/3011
f 3013/3013 2155/2155 3011/3011
f 2158/2158 1629/1629 1628/1628
f 3014/3014 2160/2160 2159/2159
f 3010/3010 3015/3015 2791/2791
f 2162/2162 2158/2158 2157/2157
f 3010/3010 2158/2158 2162/2162
f 2160/2160 3010/3010 2162/2162
f 2162/2162 2161/2161 2160/2160
f 3016/3016 3012/3012 3017/3017
f 3018/3018 3012/3012 3016/3016
f 3012/3012 3018/3018 3019/3019
f 3020/3020 3019/3019 3021/3021
f 3012/3012 3019/3019 3020/3020
f 3020/3020 3013/3013 3012/3012
f 3022/3022 3008/3008 2779/2779
f 2779/2779 2801/2801 3022/3022
f 3023/3023 3022/3022 2801/2801
f 3008/3008 3022/3022 3024/3024
f 3024/3024 3011/3011 3008/3008
f 3025/3025 2156/2156 2155/2155
f 2156/2156 3025/3025 3026/3026
f 3009/3009 1512/1512 1503/1503
f 3026/3026 3009/3009 2156/2156
f 3009/3009 3026/3026 3027/3027
f 2176/2176 3009/3009 3027/3027
f 2176/2176 3027/3027 3028/3028
f 2188/2188 3014/3014 2159/2159
f 2188/2188 3029/3029 3014/3014
f 3030/3030 3010/3010 2160/2160
f 3010/3010 3030/3030 3031/3031
f 3031/3031 3015/3015 3010/3010
f 3015/3015 3031/3031 3021/3021
f 3013/3013 3025/3025 2155/2155
f 3025/3025 3013/3013 3032/3032
f 3033/3033 3032/3032 3020/3020
f 3020/3020 3032/3032 3013/3013
f 3030/3030 2160/2160 3014/3014
f 3034/3034 3030/3030 3014/3014
f 3034/3034 3014/3014 3035/3035
f 3029/3029 3035/3035 3014/3014
f 3029/3029 2188/2188 2191/2191
f 1512/1512 2176/2176 2165/2165
f 1512/1512 3009/3009 2176/2176
f 3036/3036 2177/2177 2176/2176
f 2176/2176 3028/3028 3036/3036
f 3037/3037 3038/3038 3028/3028
f 3038/3038 3036/3036 3028/3028
f 3039/3039 2177/2177 3036/3036
f 3039/3039 2171/2171 2177/2177
f 2171/2171 3039/3039 3040/3040
f 3040/3040 2173/2173 2171/2171
f 3040/3040 2178/2178 2173/2173
f 2174/2174 2178/2178 3041/3041
f 3042/3042 2178/2178 3040/3040
f 3042/3042 3041/3041 2178/2178
f 3041/3041 3042/3042 3043/3043
f 3044/3044 3045/3045 2809/2809
f 2185/2185 2180/2180 3045/3045
f 3044/3044 2185/2185 3045/3045
f 3046/3046 3044/3044 2809/2809
f 3044/3044 3047/3047 2185/2185
f 3047/3047 2184/2184 2185/2185
f 2186/2186 2184/2184 3047/3047
f 3048/3048 2186/2186 3047/3047
f 3049/3049 3047/3047 3044/3044
f 3046/3046 3049/3049 3044/3044
f 3049/3049 3046/3046 3050/3050
f 3049/3049 3048/3048 3047/3047
f 2187/2187 3045/3045 2180/2180
f 3045/3045 2187/2187 2809/2809
f 3046/3046 2809/2809 2810/2810
f 2810/2810 2811/2811 3051/3051
f 3051/3051 3046/3046 2810/2810
f 3048/3048 2193/2193 2186/2186
f 3048/3048 2194/2194 2193/2193
f 3049/3049 3052/3052 3048/3048
f 3052/3052 3053/3053 3048/3048
f 3053/3053 2194/2194 3048/3048
f 2195/2195 2189/2189 2194/2194
f 3054/3054 3053/3053 3052/3052
f 3054/3054 3055/3055 3053/3053
f 3053/3053 2195/2195 2194/2194
f 3055/3055 2195/2195 3053/3053
f 2195/2195 3055/3055 3056/3056
f 3056/3056 2217/2217 2195/2195
f 3057/3057 3050/3050 3046/3046
f 2207/2207 3050/3050 3057/3057
f 2200/2200 3049/3049 3050/3050
f 2200/2200 3050/3050 2202/2202
f 3050/3050 2207/2207 2202/2202
f 2207/2207 3057/3057 3058/3058
f 2811/2811 2829/2829 3051/3051
f 3051/3051 2829/2829 3059/3059
f 3051/3051 3059/3059 3060/3060
f 3051/3051 3057/3057 3046/3046
f 3051/3051 3060/3060 3057/3057
f 3060/3060 3058/3058 3057/3057
f 2213/2213 3060/3060 3059/3059
f 3060/3060 2213/2213 2214/2214
f 3058/3058 3060/3060 2214/2214
f 2830/2830 3059/3059 2829/2829
f 2830/2830 2399/2399 3059/3059
f 2399/2399 2390/2390 2392/2392
f 2398/2398 3059/3059 2399/2399
f 2215/2215 2213/2213 3059/3059
f 2398/2398 2215/2215 3059/3059
f 2409/2409 2198/2198 2412/2412
f 2237/2237 2412/2412 2198/2198
f 2199/2199 3052/3052 3049/3049
f 3049/3049 2200/2200 2199/2199
f 3061/3061 3052/3052 2199/2199
f 2202/2202 2207/2207 2203/2203
f 3062/3062 3061/3061 2199/2199
f 3062/3062 2199/2199 2201/2201
f 2207/2207 2210/2210 2205/2205
f 2210/2210 3063/3063 2205/2205
f 2201/2201 2204/2204 3062/3062
f 3061/3061 3054/3054 3052/3052
f 3061/3061 3062/3062 3064/3064
f 3064/3064 3054/3054 3061/3061
f 3065/3065 2204/2204 2206/2206
f 2206/2206 2205/2205 3063/3063
f 3065/3065 2206/2206 3066/3066
f 3066/3066 2206/2206 3063/3063
f 3067/3067 3068/3068 3054/3054
f 3054/3054 3064/3064 3067/3067
f 2204/2204 3069/3069 3062/3062
f 3062/3062 3070/3070 3064/3064
f 3069/3069 2204/2204 3065/3065
f 3070/3070 3067/3067 3064/3064
f 3071/3071 3067/3067 3070/3070
f 3070/3070 3062/3062 3072/3072
f 3070/3070 3072/3072 3071/3071
f 3069/3069 3072/3072 3062/3062
f 3073/3073 3072/3072 3069/3069
f 3065/3065 3073/3073 3069/3069
f 3074/3074 3065/3065 3066/3066
f 3058/3058 2210/2210 2207/2207
f 2210/2210 3058/3058 2214/2214
f 2210/2210 2214/2214 2208/2208
f 2214/2214 2212/2212 2208/2208
f 3063/3063 2210/2210 2209/2209
f 3075/3075 3063/3063 2209/2209
f 3075/3075 2209/2209 2211/2211
f 2209/2209 2208/2208 2211/2211
f 3075/3075 3066/3066 3063/3063
f 3075/3075 3074/3074 3066/3066
f 3076/3076 3075/3075 2211/2211
f 2215/2215 2216/2216 2212/2212
f 3077/3077 3076/3076 2211/2211
f 3077/3077 2211/2211 2216/2216
f 3076/3076 3077/3077 3078/3078
f 3079/3079 3077/3077 2216/2216
f 3079/3079 3080/3080 3077/3077
f 2191/2191 2192/2192 3081/3081
f 3082/3082 3081/3081 2218/2218
f 3081/3081 2192/2192 2218/2218
f 3081/3081 3082/3082 3083/3083
f 2218/2218 2221/2221 3082/3082
f 2219/2219 2217/2217 3056/3056
f 3084/3084 2219/2219 3056/3056
f 3084/3084 3085/3085 2219/2219
f 2218/2218 2219/2219 2220/2220
f 3085/3085 2220/2220 2219/2219
f 2220/2220 3086/3086 2222/2222
f 3085/3085 3086/3086 2220/2220
f 2221/2221 3087/3087 3082/3082
f 3087/3087 3088/3088 3082/3082
f 2225/2225 3089/3089 3087/3087
f 2225/2225 2224/2224 3089/3089
f 2221/2221 2225/2225 3087/3087
f 2224/2224 3090/3090 3089/3089
f 2228/2228 3090/3090 2224/2224
f 3090/3090 3091/3091 3092/3092
f 2228/2228 2224/2224 2223/2223
f 3093/3093 2222/2222 3086/3086
f 3093/3093 2226/2226 2222/2222
f 2229/2229 2223/2223 2226/2226
f 3094/3094 2229/2229 3095/3095
f 3094/3094 2227/2227 2229/2229
f 3071/3071 3096/3096 3067/3067
f 3072/3072 3096/3096 3071/3071
f 3097/3097 3096/3096 3072/3072
f 3072/3072 3073/3073 3097/3097
f 3098/3098 3065/3065 3074/3074
f 3065/3065 3098/3098 3073/3073
f 3099/3099 3100/3100 3096/3096
f 3099/3099 3096/3096 3097/3097
f 3101/3101 3097/3097 3073/3073
f 3101/3101 3073/3073 3102/3102
f 3073/3073 3098/3098 3102/3102
f 3101/3101 3099/3099 3097/3097
f 3102/3102 3103/3103 3101/3101
f 3102/3102 3098/3098 3104/3104
f 3099/3099 3101/3101 3103/3103
f 3105/3105 3103/3103 3102/3102
f 3106/3106 3107/3107 3099/3099
f 3099/3099 3103/3103 3106/3106
f 3106/3106 3103/3103 3105/3105
f 3106/3106 3108/3108 3107/3107
f 3075/3075 3098/3098 3074/3074
f 3075/3075 3076/3076 3109/3109
f 3109/3109 3076/3076 3078/3078
f 3109/3109 3110/3110 3098/3098
f 3104/3104 3098/3098 3110/3110
f 3109/3109 3111/3111 3110/3110
f 3110/3110 3111/3111 3112/3112
f 3104/3104 3110/3110 3113/3113
f 3113/3113 3110/3110 3114/3114
f 3102/3102 3104/3104 3105/3105
f 3105/3105 3104/3104 3113/3113
f 3105/3105 3113/3113 3115/3115
f 3116/3116 3112/3112 3111/3111
f 3106/3106 3105/3105 3118/3118
f 3118/3118 3105/3105 3115/3115
f 3114/3114 3115/3115 3113/3113
f 3118/3118 3115/3115 3119/3119
f 3120/3120 3108/3108 3106/3106
f 3120/3120 3106/3106 3118/3118
f 3119/3119 3115/3115 3114/3114
f 3112/3112 3119/3119 3114/3114
f 3121/3121 3112/3112 3116/3116
f 3119/3119 3112/3112 3121/3121
f 3080/3080 3078/3078 3077/3077
f 3123/3123 3109/3109 3078/3078
f 3123/3123 3111/3111 3109/3109
f 3123/3123 3116/3116 3111/3111
f 3078/3078 3080/3080 3123/3123
f 3080/3080 3124/3124 3123/3123
f 3124/3124 3116/3116 3123/3123
f 3124/3124 3126/3126 3116/3116
f 3125/3125 3129/3129 3117/3117
f 3129/3129 3131/3131 3117/3117
f 3132/3132 2226/2226 3093/3093
f 3133/3133 3132/3132 3093/3093
f 3118/3118 3134/3134 3120/3120
f 3136/3136 3120/3120 3137/3137
f 3137/3137 3139/3139 3136/3136
f 3120/3120 3134/3134 3137/3137
f 3137/3137 3134/3134 3140/3140
f 3143/3143 3118/3118 3119/3119
f 3143/3143 3134/3134 3118/3118
f 3143/3143 3119/3119 3121/3121
f 3135/3135 3142/3142 3144/3144
f 3144/3144 3141/3141 3135/3135
f 3139/3139 3137/3137 3140/3140
f 3141/3141 3144/3144 3145/3145
f 3132/3132 2229/2229 2226/2226
f 3131/3131 3122/3122 3117/3117
f 3122/3122 3131/3131 3149/3149
f 3130/3130 3150/3150 3148/3148
f 3151/3151 3152/3152 3148/3148
f 3148/3148 3150/3150 3151/3151
f 3153/3153 3151/3151 3150/3150
f 3095/3095 2229/2229 3132/3132
f 3154/3154 3155/3155 3156/3156
f 3156/3156 3151/3151 3154/3154
f 3157/3157 3154/3154 3151/3151
f 3128/3128 3150/3150 3130/3130
f 3127/3127 3150/3150 3128/3128
f 3158/3158 3150/3150 3127/3127
f 3159/3159 2174/2174 3041/3041
f 3043/3043 3159/3159 3041/3041
f 2232/2232 2056/2056 2057/2057
f 2238/2238 2412/2412 2237/2237
f 2236/2236 2238/2238 2237/2237
f 2238/2238 2235/2235 2234/2234
f 2238/2238 2234/2234 3160/3160
f 3161/3161 2239/2239 2063/2063
f 3161/3161 2063/2063 3162/3162
f 3162/3162 2063/2063 2971/2971
f 2239/2239 3161/3161 2234/2234
f 3160/3160 2234/2234 3161/3161
f 3160/3160 3161/3161 3163/3163
f 3164/3164 2412/2412 2238/2238
f 2412/2412 3164/3164 3165/3165
f 3164/3164 2238/2238 3160/3160
f 3165/3165 3164/3164 3166/3166
f 3166/3166 3164/3164 3160/3160
f 3165/3165 3166/3166 2244/2244
f 2244/2244 3166/3166 3167/3167
f 3168/3168 3169/3169 3170/3170
f 3171/3171 3170/3170 3172/3172
f 3172/3172 3170/3170 3169/3169
f 3173/3173 3171/3171 3172/3172
f 3174/3174 3173/3173 3172/3172
f 3171/3171 3175/3175 3170/3170
f 2243/2243 2441/2441 2244/2244
f 2240/2240 2244/2244 3167/3167
f 2240/2240 3167/3167 2447/2447
f 2447/2447 3167/3167 3177/3177
f 3167/3167 3178/3178 3177/3177
f 3178/3178 3176/3176 3179/3179
f 3179/3179 3177/3177 3178/3178
f 2447/2447 3177/3177 3181/3181
f 3177/3177 3179/3179 3182/3182
f 3177/3177 3182/3182 2463/2463
f 3187/3187 2463/2463 3182/3182
f 3189/3189 3183/3183 3191/3191
f 2463/2463 3187/3187 2465/2465
f 2466/2466 3184/3184 2474/2474
f 3192/3192 3193/3193 3185/3185
f 2468/2468 2472/2472 3196/3196
f 2475/2475 3188/3188 3196/3196
f 3188/3188 2479/2479 3196/3196
f 2479/2479 2481/2481 3196/3196
f 2481/2481 2468/2468 3196/3196
f 3197/3197 2478/2478 3195/3195
f 3194/3194 2476/2476 3186/3186
f 2469/2469 2480/2480 3199/3199
f 2480/2480 2486/2486 3199/3199
f 2485/2485 2496/2496 3198/3198
f 2496/2496 2492/2492 3198/3198
f 2492/2492 2483/2483 3198/3198
f 2483/2483 2470/2470 3198/3198
f 2478/2478 2247/2247 2245/2245
f 3197/3197 2247/2247 2478/2478
f 3180/3180 3175/3175 3200/3200
f 3183/3183 3180/3180 3201/3201
f 3200/3200 3201/3201 3180/3180
f 3202/3202 3200/3200 3173/3173
f 3201/3201 3200/3200 3202/3202
f 3191/3191 3183/3183 3201/3201
f 3201/3201 3203/3203 3191/3191
f 3191/3191 3203/3203 3197/3197
f 3197/3197 2251/2251 2247/2247
f 2251/2251 3197/3197 3203/3203
f 3197/3197 3195/3195 3190/3190
f 2247/2247 2251/2251 2249/2249
f 3201/3201 3202/3202 3204/3204
f 3202/3202 3173/3173 3205/3205
f 3205/3205 3204/3204 3202/3202
f 3206/3206 3201/3201 3204/3204
f 3206/3206 3203/3203 3201/3201
f 2253/2253 3003/3003 2112/2112
f 3169/3169 3003/3003 2253/2253
f 3207/3207 2253/2253 2117/2117
f 3169/3169 2253/2253 3207/3207
f 3207/3207 2117/2117 3208/3208
f 3209/3209 3210/3210 3207/3207
f 3211/3211 3212/3212 3213/3213
f 3208/3208 2258/2258 2256/2256
f 3208/3208 2256/2256 2259/2259
f 3214/3214 3208/3208 2259/2259
f 3208/3208 2117/2117 2258/2258
f 2147/2147 3212/3212 2255/2255
f 3214/3214 2259/2259 2255/2255
f 2255/2255 3212/3212 3211/3211
f 3211/3211 3214/3214 2255/2255
f 3213/3213 3215/3215 3211/3211
f 3208/3208 3214/3214 2261/2261
f 3209/3209 3207/3207 3208/3208
f 2261/2261 3209/3209 3208/3208
f 3216/3216 3210/3210 3209/3209
f 3209/3209 3217/3217 3216/3216
f 3217/3217 3209/3209 2261/2261
f 2261/2261 3214/3214 2262/2262
f 2262/2262 3214/3214 3215/3215
f 3214/3214 3211/3211 3215/3215
f 3215/3215 2263/2263 2262/2262
f 2261/2261 2267/2267 3217/3217
f 2260/2260 2267/2267 2261/2261
f 3216/3216 3217/3217 2267/2267
f 3216/3216 2267/2267 3218/3218
f 2264/2264 2265/2265 2268/2268
f 3218/3218 2267/2267 2266/2266
f 3219/3219 3218/3218 2266/2266
f 3220/3220 2266/2266 2268/2268
f 3220/3220 2268/2268 3221/3221
f 3222/3222 2266/2266 3220/3220
f 3222/3222 3220/3220 3223/3223
f 3169/3169 3224/3224 3007/3007
f 3172/3172 3169/3169 3225/3225
f 3174/3174 3172/3172 3225/3225
f 3174/3174 3225/3225 3226/3226
f 3226/3226 3225/3225 3227/3227
f 3205/3205 3174/3174 3226/3226
f 3228/3228 3229/3229 3227/3227
f 3230/3230 3205/3205 3226/3226
f 3231/3231 3230/3230 3232/3232
f 3229/3229 3226/3226 3227/3227
f 3230/3230 3226/3226 3229/3229
f 3229/3229 3233/3233 3230/3230
f 3234/3234 3229/3229 3228/3228
f 3233/3233 3232/3232 3230/3230
f 3234/3234 3233/3233 3229/3229
f 3205/3205 3173/3173 3174/3174
f 3204/3204 3205/3205 3231/3231
f 3231/3231 3205/3205 3230/3230
f 3228/3228 3216/3216 3219/3219
f 3216/3216 3218/3218 3219/3219
f 3228/3228 3219/3219 3235/3235
f 3236/3236 3219/3219 3222/3222
f 3236/3236 3235/3235 3219/3219
f 3237/3237 3236/3236 3222/3222
f 3238/3238 3235/3235 3236/3236
f 3239/3239 3238/3238 3236/3236
f 3237/3237 3239/3239 3236/3236
f 3235/3235 3234/3234 3228/3228
f 3240/3240 3234/3234 3235/3235
f 3240/3240 3235/3235 3238/3238
f 2266/2266 3222/3222 3219/3219
f 3237/3237 3222/3222 3223/3223
f 3237/3237 3223/3223 3239/3239
f 2280/2280 2252/2252 2251/2251
f 3203/3203 3206/3206 2251/2251
f 2280/2280 2251/2251 3206/3206
f 2286/2286 2279/2279 2280/2280
f 3204/3204 3241/3241 3206/3206
f 2287/2287 3241/3241 3242/3242
f 2298/2298 2287/2287 3242/3242
f 2292/2292 2290/2290 2293/2293
f 3243/3243 2287/2287 2298/2298
f 2290/2290 2287/2287 3243/3243
f 2293/2293 2290/2290 3243/3243
f 2293/2293 3243/3243 2298/2298
f 3095/3095 3244/3244 3094/3094
f 3245/3245 3095/3095 3155/3155
f 3153/3153 3246/3246 3151/3151
f 3151/3151 3246/3246 3157/3157
f 3157/3157 3246/3246 3247/3247
f 3248/3248 3245/3245 3247/3247
f 3245/3245 3248/3248 3249/3249
f 3153/3153 3150/3150 3250/3250
f 3246/3246 3153/3153 3251/3251
f 3250/3250 3251/3251 3153/3153
f 3158/3158 3250/3250 3150/3150
f 3252/3252 3251/3251 3250/3250
f 3253/3253 3252/3252 3250/3250
f 3246/3246 3254/3254 3247/3247
f 3252/3252 3246/3246 3251/3251
f 3252/3252 3254/3254 3246/3246
f 3254/3254 3248/3248 3247/3247
f 3248/3248 3254/3254 3252/3252
f 3248/3248 3255/3255 3249/3249
f 3255/3255 3256/3256 3249/3249
f 3255/3255 3248/3248 3252/3252
f 3257/3257 3255/3255 3252/3252
f 3233/3233 3234/3234 3240/3240
f 3258/3258 3233/3233 3240/3240
f 3240/3240 3259/3259 3258/3258
f 3233/3233 3258/3258 3232/3232
f 3231/3231 3232/3232 3258/3258
f 3260/3260 3258/3258 3261/3261
f 3262/3262 3261/3261 3263/3263
f 3262/3262 3260/3260 3261/3261
f 3264/3264 3260/3260 3262/3262
f 3262/3262 3265/3265 3264/3264
f 3265/3265 3262/3262 3263/3263
f 3266/3266 3264/3264 3267/3267
f 3267/3267 3264/3264 3265/3265
f 3267/3267 3265/3265 3268/3268
f 3268/3268 3265/3265 2330/2330
f 3241/3241 3204/3204 3231/3231
f 2304/2304 3242/3242 2305/2305
f 2305/2305 3260/3260 3266/3266
f 2305/2305 3266/3266 2308/2308
f 3242/3242 3269/3269 2298/2298
f 3242/3242 2304/2304 3269/3269
f 2298/2298 3269/3269 2299/2299
f 3269/3269 2314/2314 2299/2299
f 2304/2304 2314/2314 3269/3269
f 2304/2304 2306/2306 2314/2314
f 2310/2310 2314/2314 2306/2306
f 3264/3264 3266/3266 3260/3260
f 3267/3267 2309/2309 3266/3266
f 2309/2309 2308/2308 3266/3266
f 2309/2309 3267/3267 2326/2326
f 3268/3268 2326/2326 3267/3267
f 3270/3270 3240/3240 3238/3238
f 3259/3259 3240/3240 3270/3270
f 3271/3271 3259/3259 3270/3270
f 3261/3261 3258/3258 3259/3259
f 3259/3259 3271/3271 3261/3261
f 3270/3270 3272/3272 3271/3271
f 3270/3270 3239/3239 3273/3273
f 3274/3274 3239/3239 3223/3223
f 3273/3273 3239/3239 3274/3274
f 3273/3273 3274/3274 3275/3275
f 3272/3272 3276/3276 3277/3277
f 3278/3278 3277/3277 3276/3276
f 3263/3263 3261/3261 3271/3271
f 3271/3271 3277/3277 3263/3263
f 3277/3277 3271/3271 3272/3272
f 3263/3263 3277/3277 3265/3265
f 2330/2330 3265/3265 3278/3278
f 3265/3265 3277/3277 3278/3278
f 3272/3272 3273/3273 3275/3275
f 3272/3272 3279/3279 3276/3276
f 3279/3279 3272/3272 3275/3275
f 2313/2313 2314/2314 2310/2310
f 2328/2328 2326/2326 3268/3268
f 2326/2326 2328/2328 2327/2327
f 2328/2328 3268/3268 2330/2330
f 2330/2330 3278/3278 3280/3280
f 2330/2330 3280/3280 2331/2331
f 2331/2331 3280/3280 2375/2375
f 3278/3278 3281/3281 3280/3280
f 3281/3281 3278/3278 3276/3276
f 3280/3280 3281/3281 3282/3282
f 2375/2375 3280/3280 3283/3283
f 3283/3283 3280/3280 3282/3282
f 3284/3284 3276/3276 3279/3279
f 3279/3279 3285/3285 3284/3284
f 3276/3276 3284/3284 3281/3281
f 3285/3285 3279/3279 3275/3275
f 2367/2367 3284/3284 3285/3285
f 2367/2367 3281/3281 3284/3284
f 3282/3282 3281/3281 2367/2367
f 2363/2363 3282/3282 2367/2367
f 2364/2364 2367/2367 3286/3286
f 2375/2375 3283/3283 2376/2376
f 2380/2380 2376/2376 3283/3283
f 2363/2363 3283/3283 3282/3282
f 2380/2380 3283/3283 2363/2363
f 2379/2379 2386/2386 2382/2382
f 2382/2382 2378/2378 2379/2379
f 2379/2379 2362/2362 2386/2386
f 2833/2833 2826/2826 1648/1648
f 2832/2832 2834/2834 2825/2825
f 2834/2834 2832/2832 2394/2394
f 2393/2393 2834/2834 2394/2394
f 2833/2833 1648/1648 2835/2835
f 2835/2835 2394/2394 2833/2833
f 2389/2389 2391/2391 2834/2834
f 2393/2393 2389/2389 2834/2834
f 2396/2396 2394/2394 2835/2835
f 2398/2398 2392/2392 2408/2408
f 2392/2392 2403/2403 2408/2408
f 2404/2404 2397/2397 2400/2400
f 2400/2400 2401/2401 2404/2404
f 2404/2404 2401/2401 3287/3287
f 2408/2408 2215/2215 2398/2398
f 2407/2407 2215/2215 2408/2408
f 3288/3288 2407/2407 2405/2405
f 2401/2401 2410/2410 2419/2419
f 3289/3289 2401/2401 2419/2419
f 2411/2411 2412/2412 2414/2414
f 2419/2419 2410/2410 2411/2411
f 2401/2401 3289/3289 3287/3287
f 2406/2406 2404/2404 3287/3287
f 3287/3287 2416/2416 2406/2406
f 2405/2405 2416/2416 3288/3288
f 2416/2416 3287/3287 3290/3290
f 3287/3287 3289/3289 3290/3290
f 3288/3288 2416/2416 3291/3291
f 3290/3290 3291/3291 2416/2416
f 3292/3292 2215/2215 2407/2407
f 2215/2215 3292/3292 2216/2216
f 3292/3292 2407/2407 3293/3293
f 3289/3289 2419/2419 2420/2420
f 2424/2424 3289/3289 2420/2420
f 3290/3290 3289/3289 2424/2424
f 3293/3293 2407/2407 3288/3288
f 3079/3079 2216/2216 3292/3292
f 2435/2435 3079/3079 3293/3293
f 3293/3293 3079/3079 3292/3292
f 3293/3293 2436/2436 2435/2435
f 2425/2425 2424/2424 2422/2422
f 2431/2431 2425/2425 2426/2426
f 3294/3294 2425/2425 2431/2431
f 3079/3079 2435/2435 3295/3295
f 2431/2431 2426/2426 2428/2428
f 2433/2433 2431/2431 2432/2432
f 3296/3296 3291/3291 3290/3290
f 2424/2424 3296/3296 3290/3290
f 3297/3297 3293/3293 3288/3288
f 3297/3297 3288/3288 3291/3291
f 3297/3297 3291/3291 3296/3296
f 3298/3298 3296/3296 2424/2424
f 2436/2436 3293/3293 3297/3297
f 2436/2436 3297/3297 3296/3296
f 2436/2436 3296/3296 2434/2434
f 3298/3298 2424/2424 3294/3294
f 3296/3296 3298/3298 2434/2434
f 3298/3298 3294/3294 2438/2438
f 2434/2434 3298/3298 2438/2438
f 3294/3294 2424/2424 2425/2425
f 3294/3294 2439/2439 2438/2438
f 2433/2433 3294/3294 2431/2431
f 2439/2439 3294/3294 3299/3299
f 2433/2433 3299/3299 3294/3294
f 3299/3299 2437/2437 2439/2439
f 2437/2437 3299/3299 3300/3300
f 3295/3295 3124/3124 3080/3080
f 3295/3295 3126/3126 3124/3124
f 3301/3301 3295/3295 2435/2435
f 3301/3301 3303/3303 3295/3295
f 3303/3303 3126/3126 3295/3295
f 2433/2433 2430/2430 2501/2501
f 2437/2437 3300/3300 3304/3304
f 3304/3304 3300/3300 3299/3299
f 3299/3299 2433/2433 3304/3304
f 2437/2437 3304/3304 3305/3305
f 2437/2437 3305/3305 3306/3306
f 3306/3306 2435/2435 2437/2437
f 3306/3306 3301/3301 2435/2435
f 3307/3307 3301/3301 3306/3306
f 3301/3301 3309/3309 3303/3303
f 2414/2414 2412/2412 3165/3165
f 2244/2244 2414/2414 3165/3165
f 2244/2244 2441/2441 2414/2414
f 2447/2447 2452/2452 2446/2446
f 2452/2452 2447/2447 3181/3181
f 2453/2453 2450/2450 2452/2452
f 3310/3310 2452/2452 3181/3181
f 2452/2452 3310/3310 2453/2453
f 3177/3177 3310/3310 3181/3181
f 2463/2463 3310/3310 3177/3177
f 2458/2458 2453/2453 3310/3310
f 2461/2461 3310/3310 2463/2463
f 3310/3310 2461/2461 2458/2458
f 2498/2498 2495/2495 2490/2490
f 2503/2503 2433/2433 2501/2501
f 3302/3302 3311/3311 3127/3127
f 3312/3312 3311/3311 3302/3302
f 3313/3313 3312/3312 3308/3308
f 2539/2539 2433/2433 2503/2503
f 3304/3304 2433/2433 3314/3314
f 3314/3314 2433/2433 2539/2539
f 3314/3314 3305/3305 3304/3304
f 3306/3306 3305/3305 3314/3314
f 3314/3314 3315/3315 3306/3306
f 2539/2539 3315/3315 3314/3314
f 3307/3307 3306/3306 3315/3315
f 3308/3308 3312/3312 3302/3302
f 3307/3307 3317/3317 3309/3309
f 3317/3317 3307/3307 3315/3315
f 3315/3315 2539/2539 3317/3317
f 3301/3301 3307/3307 3309/3309
f 2538/2538 2505/2505 2550/2550
f 3308/3308 3316/3316 3318/3318
f 2538/2538 3319/3319 3316/3316
f 3316/3316 3319/3319 3318/3318
f 3320/3320 2538/2538 2550/2550
f 3320/3320 3319/3319 2538/2538
f 3321/3321 3313/3313 3308/3308
f 3308/3308 3318/3318 3321/3321
f 3321/3321 3318/3318 3322/3322
f 3322/3322 3318/3318 3319/3319
f 3320/3320 2550/2550 2590/2590
f 3320/3320 3322/3322 3319/3319
f 3321/3321 3322/3322 3320/3320
f 3320/3320 3323/3323 3321/3321
f 2590/2590 2550/2550 2551/2551
f 3311/3311 3158/3158 3127/3127
f 3324/3324 3250/3250 3311/3311
f 3311/3311 3250/3250 3158/3158
f 3324/3324 3253/3253 3250/3250
f 3311/3311 3312/3312 3324/3324
f 2595/2595 3324/3324 3312/3312
f 3325/3325 3326/3326 3253/3253
f 3324/3324 3325/3325 3253/3253
f 3325/3325 3324/3324 2594/2594
f 3252/3252 3326/3326 3257/3257
f 3325/3325 3257/3257 3326/3326
f 3327/3327 3255/3255 3257/3257
f 3327/3327 3256/3256 3255/3255
f 3327/3327 3257/3257 3325/3325
f 2594/2594 3327/3327 3325/3325
f 3327/3327 2594/2594 3328/3328
f 3313/3313 2595/2595 3312/3312
f 2595/2595 3313/3313 3321/3321
f 3321/3321 3323/3323 2595/2595
f 2595/2595 3323/3323 2592/2592
f 2592/2592 3323/3323 3320/3320
f 3320/3320 2590/2590 2592/2592
f 2592/2592 2591/2591 2595/2595
f 2591/2591 2593/2593 2595/2595
f 3324/3324 2595/2595 2594/2594
f 2598/2598 3328/3328 2594/2594
f 3329/3329 3256/3256 3327/3327
f 3329/3329 3330/3330 3256/3256
f 3331/3331 3329/3329 3328/3328
f 3328/3328 3329/3329 3327/3327
f 3332/3332 3330/3330 3329/3329
f 3331/3331 3332/3332 3329/3329
f 3333/3333 3332/3332 3331/3331
f 2589/2589 2607/2607 2624/2624
f 2598/2598 3334/3334 3328/3328
f 3335/3335 2624/2624 2627/2627
f 3336/3336 3328/3328 3334/3334
f 2624/2624 2599/2599 2597/2597
f 2599/2599 3334/3334 2598/2598
f 2624/2624 3335/3335 3334/3334
f 2624/2624 3334/3334 2599/2599
f 3334/3334 3335/3335 3336/3336
f 2624/2624 2625/2625 2627/2627
f 3328/3328 3336/3336 3331/3331
f 3336/3336 3333/3333 3331/3331
f 2627/2627 3337/3337 3335/3335
f 3335/3335 3337/3337 3336/3336
f 3333/3333 3336/3336 3337/3337
f 3337/3337 3332/3332 3333/3333
f 3337/3337 3338/3338 3332/3332
f 2635/2635 3337/3337 2627/2627
f 3338/3338 3337/3337 2637/2637
f 2637/2637 3337/3337 2635/2635
f 2642/2642 2645/2645 2643/2643
f 2666/2666 2667/2667 2665/2665
f 2665/2665 2667/2667 2659/2659
f 2687/2687 2662/2662 2660/2660
f 2670/2670 2687/2687 2660/2660
f 2671/2671 2687/2687 2670/2670
f 2644/2644 2675/2675 2666/2666
f 2675/2675 2678/2678 2666/2666
f 3339/3339 2675/2675 2645/2645
f 3339/3339 2645/2645 2843/2843
f 3339/3339 2843/2843 2676/2676
f 2843/2843 2677/2677 2676/2676
f 2675/2675 3339/3339 2676/2676
f 2675/2675 2676/2676 2678/2678
f 3340/3340 2702/2702 2657/2657
f 2661/2661 3341/3341 2657/2657
f 2657/2657 3341/3341 3340/3340
f 3342/3342 3340/3340 3341/3341
f 2704/2704 2702/2702 3340/3340
f 2707/2707 3340/3340 3342/3342
f 2704/2704 3340/3340 2707/2707
f 2711/2711 2703/2703 2704/2704
f 2712/2712 3341/3341 2661/2661
f 3342/3342 3341/3341 2712/2712
f 2712/2712 2661/2661 2686/2686
f 2712/2712 2707/2707 3342/3342
f 2711/2711 2694/2694 2703/2703
f 2711/2711 3343/3343 2694/2694
f 3343/3343 2711/2711 2710/2710
f 2694/2694 3343/3343 2714/2714
f 2710/2710 2714/2714 3343/3343
f 2750/2750 2772/2772 2756/2756
f 2750/2750 2743/2743 2775/2775
f 2772/2772 2750/2750 2775/2775
f 2772/2772 2775/2775 2774/2774
f 2775/2775 2743/2743 2768/2768
f 2771/2771 2776/2776 2768/2768
f 2781/2781 2771/2771 2767/2767
f 2781/2781 2767/2767 2783/2783
f 2767/2767 2778/2778 2783/2783
f 2778/2778 2784/2784 2793/2793
f 2783/2783 2778/2778 2793/2793
f 2792/2792 2788/2788 2797/2797
f 2796/2796 2784/2784 2792/2792
f 2799/2799 2800/2800 2797/2797
f 2801/2801 2800/2800 2799/2799
f 2799/2799 2788/2788 2791/2791
f 2799/2799 2791/2791 3344/3344
f 2802/2802 2799/2799 3344/3344
f 2837/2837 2863/2863 2642/2642
f 2642/2642 2863/2863 2840/2840
f 2839/2839 2645/2645 2642/2642
f 2645/2645 2839/2839 2841/2841
f 2843/2843 2645/2645 2841/2841
f 2836/2836 2847/2847 2837/2837
f 2866/2866 2837/2837 2853/2853
f 2837/2837 2847/2847 2853/2853
f 2849/2849 2866/2866 2853/2853
f 2853/2853 2852/2852 2857/2857
f 2853/2853 2857/2857 2849/2849
f 2852/2852 2854/2854 2858/2858
f 2744/2744 2747/2747 2854/2854
f 2870/2870 2859/2859 3345/3345
f 2859/2859 2858/2858 3345/3345
f 2858/2858 2854/2854 3345/3345
f 2854/2854 2870/2870 3345/3345
f 2863/2863 2837/2837 2865/2865
f 2866/2866 2865/2865 2837/2837
f 2751/2751 2854/2854 2747/2747
f 2854/2854 2751/2751 2870/2870
f 2900/2900 2892/2892 2901/2901
f 2899/2899 2901/2901 2887/2887
f 2951/2951 2934/2934 3346/3346
f 2935/2935 3346/3346 2934/2934
f 2935/2935 2956/2956 3346/3346
f 2951/2951 3346/3346 2956/2956
f 2952/2952 2954/2954 2957/2957
f 2974/2974 2972/2972 2957/2957
f 2977/2977 2972/2972 2974/2974
f 2972/2972 2977/2977 2966/2966
f 2935/2935 2937/2937 2956/2956
f 2957/2957 2956/2956 2974/2974
f 2966/2966 2977/2977 3347/3347
f 2966/2966 3347/3347 3168/3168
f 3347/3347 2977/2977 2976/2976
f 3347/3347 2976/2976 2978/2978
f 3224/3224 3347/3347 2978/2978
f 2978/2978 3007/3007 3224/3224
f 3348/3348 3344/3344 2791/2791
f 3349/3349 3348/3348 3350/3350
f 3348/3348 2791/2791 3350/3350
f 3016/3016 3349/3349 3350/3350
f 3351/3351 3350/3350 2791/2791
f 3350/3350 3351/3351 3016/3016
f 3351/3351 3018/3018 3016/3016
f 3015/3015 3351/3351 2791/2791
f 3021/3021 3351/3351 3015/3015
f 3018/3018 3351/3351 3019/3019
f 3351/3351 3021/3021 3019/3019
f 3023/3023 2802/2802 3344/3344
f 2801/2801 2802/2802 3023/3023
f 3344/3344 3348/3348 3023/3023
f 3348/3348 3022/3022 3023/3023
f 3022/3022 3348/3348 3349/3349
f 3024/3024 3022/3022 3349/3349
f 3349/3349 3016/3016 3024/3024
f 3012/3012 3011/3011 3017/3017
f 3011/3011 3024/3024 3017/3017
f 3024/3024 3016/3016 3017/3017
f 3025/3025 3352/3352 3026/3026
f 3352/3352 3027/3027 3026/3026
f 3031/3031 3020/3020 3021/3021
f 3020/3020 3031/3031 3033/3033
f 3031/3031 3353/3353 3033/3033
f 3030/3030 3034/3034 3031/3031
f 3354/3354 3353/3353 3034/3034
f 3353/3353 3031/3031 3034/3034
f 3035/3035 3355/3355 3354/3354
f 3035/3035 3354/3354 3034/3034
f 3025/3025 3032/3032 3354/3354
f 3355/3355 3352/3352 3354/3354
f 3354/3354 3352/3352 3025/3025
f 3032/3032 3033/3033 3353/3353
f 3032/3032 3353/3353 3354/3354
f 3035/3035 3037/3037 3355/3355
f 3029/3029 3037/3037 3035/3035
f 3355/3355 3037/3037 3027/3027
f 3355/3355 3027/3027 3352/3352
f 3037/3037 3028/3028 3027/3027
f 3356/3356 3038/3038 3037/3037
f 3356/3356 3037/3037 3029/3029
f 2191/2191 3081/3081 3029/3029
f 3081/3081 3356/3356 3029/3029
f 3081/3081 3083/3083 3356/3356
f 3083/3083 3038/3038 3356/3356
f 3088/3088 3038/3038 3083/3083
f 3038/3038 3039/3039 3036/3036
f 3039/3039 3038/3038 3357/3357
f 3088/3088 3357/3357 3038/3038
f 3040/3040 3039/3039 3357/3357
f 3357/3357 3358/3358 3040/3040
f 3092/3092 3358/3358 3357/3357
f 3359/3359 3042/3042 3358/3358
f 3042/3042 3040/3040 3358/3358
f 3043/3043 3042/3042 3359/3359
f 3092/3092 3359/3359 3358/3358
f 3359/3359 3092/3092 3091/3091
f 3068/3068 3056/3056 3055/3055
f 3055/3055 3054/3054 3068/3068
f 3088/3088 3083/3083 3082/3082
f 3087/3087 3092/3092 3088/3088
f 3088/3088 3092/3092 3357/3357
f 3092/3092 3087/3087 3089/3089
f 3089/3089 3090/3090 3092/3092
f 3360/3360 3056/3056 3068/3068
f 3068/3068 3067/3067 3096/3096
f 3096/3096 3360/3360 3068/3068
f 3084/3084 3056/3056 3360/3360
f 3360/3360 3096/3096 3100/3100
f 3084/3084 3360/3360 3100/3100
f 3361/3361 3084/3084 3100/3100
f 3084/3084 3361/3361 3085/3085
f 3361/3361 3362/3362 3085/3085
f 3100/3100 3363/3363 3361/3361
f 3364/3364 3362/3362 3363/3363
f 3363/3363 3362/3362 3361/3361
f 3363/3363 3100/3100 3107/3107
f 3100/3100 3099/3099 3107/3107
f 3364/3364 3363/3363 3107/3107
f 3107/3107 3108/3108 3364/3364
f 3109/3109 3098/3098 3075/3075
f 3086/3086 3085/3085 3362/3362
f 3114/3114 3110/3110 3112/3112
f 3362/3362 3093/3093 3086/3086
f 3133/3133 3362/3362 3364/3364
f 3362/3362 3133/3133 3093/3093
f 3133/3133 3365/3365 3132/3132
f 3366/3366 3132/3132 3365/3365
f 3136/3136 3364/3364 3108/3108
f 3139/3139 3133/3133 3136/3136
f 3133/3133 3364/3364 3136/3136
f 3136/3136 3108/3108 3120/3120
f 3122/3122 3367/3367 3142/3142
f 3367/3367 3144/3144 3142/3142
f 3146/3146 3365/3365 3139/3139
f 3365/3365 3133/3133 3139/3139
f 3141/3141 3147/3147 3138/3138
f 3144/3144 3367/3367 3145/3145
f 3146/3146 3368/3368 3365/3365
f 3365/3365 3368/3368 3366/3366
f 3149/3149 3367/3367 3122/3122
f 3369/3369 3368/3368 3148/3148
f 3366/3366 3368/3368 3369/3369
f 3366/3366 3369/3369 3370/3370
f 3370/3370 3369/3369 3152/3152
f 3152/3152 3369/3369 3148/3148
f 3132/3132 3366/3366 3371/3371
f 3155/3155 3095/3095 3132/3132
f 3371/3371 3155/3155 3132/3132
f 3366/3366 3370/3370 3371/3371
f 3371/3371 3370/3370 3152/3152
f 3371/3371 3152/3152 3372/3372
f 3371/3371 3372/3372 3155/3155
f 3151/3151 3372/3372 3152/3152
f 3155/3155 3372/3372 3156/3156
f 3372/3372 3151/3151 3156/3156
f 2971/2971 2970/2970 3162/3162
f 3374/3374 3162/3162 3376/3376
f 3161/3161 3162/3162 3163/3163
f 3163/3163 3162/3162 3374/3374
f 3163/3163 3166/3166 3160/3160
f 3163/3163 3167/3167 3166/3166
f 3163/3163 3178/3178 3167/3167
f 3178/3178 3163/3163 3176/3176
f 3375/3375 2966/2966 3168/3168
f 3375/3375 3168/3168 3170/3170
f 3168/3168 3224/3224 3169/3169
f 3224/3224 3168/3168 3347/3347
f 3162/3162 2970/2970 3376/3376
f 2967/2967 3376/3376 2970/2970
f 3375/3375 3170/3170 3373/3373
f 3163/3163 3374/3374 3176/3176
f 3175/3175 3373/3373 3170/3170
f 3200/3200 3175/3175 3171/3171
f 3200/3200 3171/3171 3173/3173
f 3007/3007 3003/3003 3169/3169
f 3207/3207 3210/3210 3169/3169
f 3210/3210 3225/3225 3169/3169
f 3210/3210 3227/3227 3225/3225
f 3228/3228 3227/3227 3210/3210
f 3216/3216 3228/3228 3210/3210
f 2287/2287 2280/2280 3206/3206
f 3241/3241 2287/2287 3206/3206
f 3155/3155 3154/3154 3157/3157
f 3247/3247 3245/3245 3155/3155
f 3155/3155 3157/3157 3247/3247
f 3253/3253 3326/3326 3252/3252
f 3241/3241 3231/3231 2305/2305
f 3242/3242 3241/3241 2305/2305
f 2305/2305 3231/3231 3260/3260
f 3231/3231 3258/3258 3260/3260
f 3270/3270 3238/3238 3239/3239
f 3273/3273 3272/3272 3270/3270
f 3079/3079 3295/3295 3080/3080
f 347/347 346/346 3377/3377
f 1390/1390 347/347 3377/3377
f 346/346 466/466 3377/3377
f 1396/1396 1390/1390 3377/3377
f 3377/3377 466/466 3378/3378
f 3379/3379 466/466 3380/3380
f 3379/3379 3380/3380 3381/3381
f 3381/3381 3380/3380 484/484
f 1396/1396 3377/3377 1398/1398
f 1398/1398 3377/3377 3378/3378
f 1406/1406 1398/1398 3378/3378
f 3382/3382 1406/1406 3378/3378
f 3378/3378 466/466 3379/3379
f 3381/3381 484/484 3383/3383
f 3378/3378 3379/3379 3384/3384
f 3382/3382 3378/3378 3384/3384
f 3384/3384 3379/3379 3381/3381
f 3381/3381 3383/3383 3385/3385
f 3384/3384 3381/3381 3386/3386
f 3385/3385 3387/3387 3381/3381
f 3381/3381 3387/3387 3388/3388
f 3380/3380 466/466 480/480
f 3380/3380 480/480 484/484
f 3389/3389 484/484 482/482
f 3385/3385 3389/3389 482/482
f 3385/3385 3383/3383 3389/3389
f 3383/3383 484/484 3389/3389
f 483/483 3390/3390 482/482
f 3390/3390 483/483 3391/3391
f 3392/3392 482/482 3390/3390
f 3391/3391 483/483 505/505
f 482/482 3392/3392 3385/3385
f 3391/3391 3393/3393 3390/3390
f 3391/3391 3394/3394 3393/3393
f 3394/3394 3391/3391 505/505
f 3393/3393 3392/3392 3390/3390
f 3385/3385 3392/3392 3393/3393
f 3387/3387 3385/3385 3393/3393
f 505/505 3387/3387 3394/3394
f 3387/3387 3393/3393 3394/3394
f 3387/3387 505/505 506/506
f 3395/3395 503/503 508/508
f 506/506 503/503 3396/3396
f 3396/3396 503/503 3395/3395
f 3397/3397 3398/3398 3395/3395
f 3399/3399 3396/3396 3395/3395
f 3399/3399 3395/3395 3398/3398
f 517/517 3395/3395 508/508
f 3400/3400 516/516 518/518
f 3400/3400 518/518 3401/3401
f 3397/3397 3395/3395 517/517
f 3397/3397 517/517 516/516
f 3397/3397 516/516 3400/3400
f 521/521 3402/3402 518/518
f 3402/3402 3401/3401 518/518
f 3402/3402 521/521 522/522
f 3397/3397 3400/3400 3403/3403
f 3398/3398 3397/3397 3403/3403
f 3404/3404 3387/3387 506/506
f 3404/3404 506/506 3405/3405
f 3405/3405 506/506 3396/3396
f 3406/3406 3405/3405 3399/3399
f 3405/3405 3396/3396 3399/3399
f 3407/3407 3399/3399 3398/3398
f 3388/3388 3387/3387 3404/3404
f 3404/3404 3405/3405 3406/3406
f 3406/3406 3399/3399 3407/3407
f 1433/1433 1406/1406 3382/3382
f 1433/1433 3382/3382 3408/3408
f 3409/3409 1433/1433 3408/3408
f 3410/3410 3411/3411 3412/3412
f 3413/3413 3410/3410 3412/3412
f 3413/3413 3412/3412 3414/3414
f 3412/3412 3415/3415 3416/3416
f 3412/3412 3416/3416 3414/3414
f 3382/3382 3384/3384 3408/3408
f 3408/3408 3384/3384 3386/3386
f 3417/3417 3408/3408 3386/3386
f 3418/3418 3416/3416 3419/3419
f 3420/3420 3421/3421 3422/3422
f 3421/3421 3423/3423 3422/3422
f 1471/1471 1460/1460 1463/1463
f 3424/3424 1461/1461 1465/1465
f 1463/1463 1461/1461 3424/3424
f 1463/1463 3424/3424 3425/3425
f 3426/3426 3427/3427 3428/3428
f 1463/1463 3425/3425 3429/3429
f 1471/1471 1463/1463 3429/3429
f 3427/3427 3426/3426 3422/3422
f 3429/3429 3427/3427 3422/3422
f 3422/3422 3423/3423 1471/1471
f 3420/3420 3422/3422 3426/3426
f 3422/3422 1471/1471 3429/3429
f 3421/3421 3430/3430 3423/3423
f 3423/3423 3430/3430 3431/3431
f 3432/3432 3431/3431 3430/3430
f 3433/3433 1471/1471 3423/3423
f 3423/3423 3431/3431 3433/3433
f 3433/3433 3431/3431 3434/3434
f 3435/3435 3431/3431 3436/3436
f 3431/3431 3435/3435 3434/3434
f 1470/1470 1471/1471 1478/1478
f 3437/3437 1479/1479 1478/1478
f 3438/3438 1481/1481 3437/3437
f 1482/1482 1481/1481 3438/3438
f 3438/3438 3439/3439 1482/1482
f 1484/1484 1487/1487 3440/3440
f 1482/1482 3439/3439 1487/1487
f 3440/3440 1487/1487 3439/3439
f 3437/3437 1481/1481 1479/1479
f 3440/3440 3439/3439 3441/3441
f 3438/3438 3437/3437 3442/3442
f 1478/1478 1471/1471 3443/3443
f 3437/3437 1478/1478 3443/3443
f 3444/3444 3437/3437 3443/3443
f 3445/3445 3437/3437 3444/3444
f 3442/3442 3437/3437 3445/3445
f 3446/3446 3442/3442 3445/3445
f 3443/3443 1471/1471 3447/3447
f 3448/3448 3443/3443 3447/3447
f 3449/3449 3443/3443 3448/3448
f 3448/3448 3447/3447 3450/3450
f 3444/3444 3443/3443 3449/3449
f 3451/3451 3452/3452 3453/3453
f 3454/3454 3453/3453 3452/3452
f 3454/3454 3452/3452 3455/3455
f 3442/3442 3446/3446 3439/3439
f 3441/3441 3439/3439 3446/3446
f 3446/3446 3445/3445 3456/3456
f 3457/3457 3441/3441 3458/3458
f 3441/3441 3446/3446 3459/3459
f 3458/3458 3441/3441 3459/3459
f 3446/3446 3456/3456 3455/3455
f 3459/3459 3446/3446 3455/3455
f 3455/3455 3456/3456 3454/3454
f 3452/3452 3460/3460 3455/3455
f 3458/3458 3459/3459 3461/3461
f 3461/3461 3462/3462 3458/3458
f 3463/3463 3433/3433 3434/3434
f 3410/3410 3463/3463 3464/3464
f 3410/3410 3413/3413 3463/3463
f 3433/3433 3463/3463 3413/3413
f 3433/3433 3413/3413 3465/3465
f 3466/3466 3410/3410 3464/3464
f 3465/3465 1471/1471 3433/3433
f 1471/1471 3465/3465 3447/3447
f 3447/3447 3465/3465 3467/3467
f 3465/3465 3468/3468 3467/3467
f 3469/3469 3467/3467 3470/3470
f 3470/3470 3471/3471 3469/3469
f 3414/3414 3465/3465 3413/3413
f 3465/3465 3414/3414 3472/3472
f 3468/3468 3465/3465 3472/3472
f 3473/3473 3470/3470 3468/3468
f 3470/3470 3467/3467 3468/3468
f 3471/3471 3470/3470 3474/3474
f 3468/3468 3472/3472 3475/3475
f 3474/3474 3470/3470 3473/3473
f 3473/3473 3475/3475 3476/3476
f 3468/3468 3475/3475 3473/3473
f 3474/3474 3473/3473 3477/3477
f 3477/3477 3478/3478 3479/3479
f 3473/3473 3476/3476 3477/3477
f 3480/3480 3460/3460 3481/3481
f 3450/3450 3447/3447 3482/3482
f 3450/3450 3483/3483 3452/3452
f 3447/3447 3467/3467 3482/3482
f 3482/3482 3467/3467 3469/3469
f 3483/3483 3450/3450 3482/3482
f 3452/3452 3483/3483 3484/3484
f 3451/3451 3450/3450 3452/3452
f 3460/3460 3452/3452 3484/3484
f 3483/3483 3482/3482 3469/3469
f 3483/3483 3469/3469 3471/3471
f 3484/3484 3483/3483 3485/3485
f 3485/3485 3483/3483 3471/3471
f 3484/3484 3485/3485 3486/3486
f 3480/3480 3481/3481 3487/3487
f 3487/3487 3460/3460 3484/3484
f 3481/3481 3460/3460 3487/3487
f 3486/3486 3487/3487 3484/3484
f 3487/3487 3486/3486 3488/3488
f 3474/3474 3485/3485 3471/3471
f 3486/3486 3485/3485 3479/3479
f 3479/3479 3478/3478 3489/3489
f 3487/3487 3488/3488 3490/3490
f 3490/3490 3488/3488 3491/3491
f 3388/3388 3386/3386 3381/3381
f 3492/3492 3386/3386 3388/3388
f 3493/3493 3494/3494 3495/3495
f 3495/3495 3418/3418 3493/3493
f 3416/3416 3418/3418 3414/3414
f 3472/3472 3414/3414 3418/3418
f 3495/3495 3496/3496 3418/3418
f 3496/3496 3495/3495 3497/3497
f 3497/3497 3472/3472 3496/3496
f 3472/3472 3418/3418 3496/3496
f 3497/3497 3495/3495 3498/3498
f 3499/3499 3500/3500 3501/3501
f 3498/3498 3501/3501 3500/3500
f 3500/3500 3497/3497 3498/3498
f 3472/3472 3497/3497 3502/3502
f 3492/3492 3388/3388 3404/3404
f 3503/3503 3504/3504 3505/3505
f 3504/3504 3503/3503 3506/3506
f 3504/3504 3506/3506 3507/3507
f 3507/3507 3506/3506 3508/3508
f 3508/3508 3509/3509 3507/3507
f 3510/3510 3511/3511 3512/3512
f 3509/3509 3512/3512 3511/3511
f 3497/3497 3500/3500 3513/3513
f 3514/3514 3497/3497 3513/3513
f 3514/3514 3502/3502 3497/3497
f 3515/3515 3516/3516 3517/3517
f 3515/3515 3502/3502 3516/3516
f 3517/3517 3516/3516 3518/3518
f 3520/3520 3514/3514 3521/3521
f 3513/3513 3521/3521 3514/3514
f 3520/3520 3522/3522 3523/3523
f 3520/3520 3523/3523 3507/3507
f 3514/3514 3520/3520 3507/3507
f 3507/3507 3523/3523 3504/3504
f 3514/3514 3507/3507 3502/3502
f 3507/3507 3509/3509 3502/3502
f 3524/3524 3502/3502 3509/3509
f 3518/3518 3516/3516 3525/3525
f 3527/3527 3518/3518 3525/3525
f 3526/3526 3528/3528 3519/3519
f 3516/3516 3502/3502 3525/3525
f 3525/3525 3502/3502 3524/3524
f 3527/3527 3525/3525 3529/3529
f 3526/3526 3530/3530 3528/3528
f 3531/3531 3528/3528 3530/3530
f 3475/3475 3472/3472 3532/3532
f 3533/3533 3476/3476 3475/3475
f 3533/3533 3475/3475 3534/3534
f 3478/3478 3533/3533 3534/3534
f 3477/3477 3476/3476 3533/3533
f 3478/3478 3477/3477 3533/3533
f 3478/3478 3534/3534 3535/3535
f 3478/3478 3535/3535 3489/3489
f 3534/3534 3532/3532 3536/3536
f 3475/3475 3532/3532 3534/3534
f 3535/3535 3534/3534 3537/3537
f 3538/3538 3535/3535 3539/3539
f 3537/3537 3540/3540 3541/3541
f 3541/3541 3540/3540 3542/3542
f 3532/3532 3472/3472 3543/3543
f 3540/3540 3536/3536 3532/3532
f 3543/3543 3472/3472 3502/3502
f 3532/3532 3543/3543 3544/3544
f 3544/3544 3540/3540 3532/3532
f 3544/3544 3543/3543 3545/3545
f 3546/3546 3544/3544 3545/3545
f 3540/3540 3544/3544 3546/3546
f 3546/3546 3542/3542 3540/3540
f 3542/3542 3546/3546 3547/3547
f 3548/3548 3542/3542 3547/3547
f 3541/3541 3535/3535 3537/3537
f 3535/3535 3541/3541 3539/3539
f 3542/3542 3539/3539 3541/3541
f 3549/3549 3539/3539 3542/3542
f 3550/3550 3549/3549 3542/3542
f 3548/3548 3550/3550 3542/3542
f 3550/3550 3551/3551 3552/3552
f 3551/3551 3550/3550 3548/3548
f 3553/3553 3549/3549 3550/3550
f 3554/3554 3555/3555 3556/3556
f 3554/3554 3557/3557 3555/3555
f 3558/3558 3556/3556 3555/3555
f 3543/3543 3502/3502 3515/3515
f 3545/3545 3543/3543 3515/3515
f 3559/3559 3545/3545 3515/3515
f 3560/3560 3559/3559 3561/3561
f 3546/3546 3545/3545 3547/3547
f 3547/3547 3545/3545 3559/3559
f 3559/3559 3560/3560 3547/3547
f 3547/3547 3560/3560 3548/3548
f 3560/3560 3562/3562 3548/3548
f 3517/3517 3559/3559 3515/3515
f 3561/3561 3559/3559 3517/3517
f 3517/3517 3560/3560 3561/3561
f 3562/3562 3560/3560 3563/3563
f 3562/3562 3563/3563 3564/3564
f 3564/3564 3563/3563 3565/3565
f 3566/3566 3548/3548 3567/3567
f 3567/3567 3548/3548 3562/3562
f 3567/3567 3562/3562 3564/3564
f 3560/3560 3517/3517 3519/3519
f 3563/3563 3560/3560 3568/3568
f 3560/3560 3519/3519 3528/3528
f 3568/3568 3560/3560 3528/3528
f 3568/3568 3528/3528 3569/3569
f 3570/3570 3568/3568 3569/3569
f 3571/3571 3568/3568 3570/3570
f 3572/3572 3573/3573 3570/3570
f 3574/3574 3575/3575 3576/3576
f 3577/3577 3578/3578 3579/3579
f 3580/3580 3581/3581 3557/3557
f 3581/3581 3580/3580 3582/3582
f 3583/3583 3584/3584 3585/3585
f 3586/3586 3585/3585 3587/3587
f 3586/3586 3587/3587 3588/3588
f 3583/3583 3585/3585 3586/3586
f 3582/3582 3589/3589 3581/3581
f 3590/3590 3591/3591 3582/3582
f 3591/3591 3593/3593 3582/3582
f 3555/3555 3557/3557 3594/3594
f 3558/3558 3555/3555 3594/3594
f 3558/3558 3594/3594 3595/3595
f 3596/3596 3594/3594 3557/3557
f 3596/3596 3595/3595 3594/3594
f 3597/3597 3598/3598 3581/3581
f 3598/3598 3596/3596 3581/3581
f 3596/3596 3557/3557 3581/3581
f 3598/3598 3595/3595 3596/3596
f 3599/3599 3595/3595 3600/3600
f 3601/3601 3599/3599 3600/3600
f 3598/3598 3602/3602 3603/3603
f 3595/3595 3598/3598 3600/3600
f 3603/3603 3600/3600 3598/3598
f 3601/3601 3600/3600 3604/3604
f 3603/3603 3604/3604 3600/3600
f 3597/3597 3581/3581 3589/3589
f 3605/3605 3602/3602 3597/3597
f 3598/3598 3597/3597 3602/3602
f 3605/3605 3597/3597 3589/3589
f 3606/3606 3607/3607 3593/3593
f 3608/3608 3589/3589 3593/3593
f 3593/3593 3607/3607 3608/3608
f 3582/3582 3593/3593 3589/3589
f 3605/3605 3603/3603 3602/3602
f 3603/3603 3605/3605 3609/3609
f 3605/3605 3589/3589 3608/3608
f 3608/3608 3610/3610 3605/3605
f 3609/3609 3605/3605 3610/3610
f 3611/3611 3612/3612 3613/3613
f 3614/3614 3608/3608 3607/3607
f 3614/3614 3607/3607 3615/3615
f 3616/3616 3615/3615 3607/3607
f 3615/3615 3617/3617 3614/3614
f 3610/3610 3608/3608 3614/3614
f 3617/3617 3610/3610 3614/3614
f 3618/3618 3619/3619 3616/3616
f 3619/3619 3620/3620 3615/3615
f 3615/3615 3616/3616 3619/3619
f 3593/3593 3621/3621 3606/3606
f 3606/3606 3621/3621 3622/3622
f 3623/3623 3606/3606 3622/3622
f 3616/3616 3607/3607 3606/3606
f 3623/3623 3616/3616 3606/3606
f 3622/3622 3624/3624 3625/3625
f 3623/3623 3622/3622 3625/3625
f 3616/3616 3623/3623 3618/3618
f 3623/3623 3625/3625 3626/3626
f 3623/3623 3626/3626 3618/3618
f 3613/3613 3627/3627 3611/3611
f 3619/3619 3618/3618 3628/3628
f 3619/3619 3629/3629 3620/3620
f 3628/3628 3630/3630 3619/3619
f 3629/3629 3619/3619 3630/3630
f 3631/3631 3632/3632 3628/3628
f 3628/3628 3632/3632 3633/3633
f 3633/3633 3630/3630 3628/3628
f 3604/3604 3635/3635 3601/3601
f 3604/3604 3609/3609 3635/3635
f 3636/3636 3610/3610 3617/3617
f 3603/3603 3609/3609 3604/3604
f 3636/3636 3609/3609 3610/3610
f 3637/3637 3609/3609 3636/3636
f 3637/3637 3639/3639 3609/3609
f 3637/3637 3636/3636 3641/3641
f 3643/3643 3638/3638 3642/3642
f 3644/3644 3643/3643 3642/3642
f 3638/3638 3643/3643 3645/3645
f 3646/3646 3638/3638 3645/3645
f 3643/3643 3644/3644 3647/3647
f 3648/3648 3646/3646 3645/3645
f 3647/3647 3645/3645 3643/3643
f 3645/3645 3647/3647 3648/3648
f 3649/3649 3651/3651 3652/3652
f 3653/3653 3636/3636 3617/3617
f 3653/3653 3617/3617 3615/3615
f 3615/3615 3654/3654 3653/3653
f 3654/3654 3655/3655 3653/3653
f 3653/3653 3656/3656 3636/3636
f 3656/3656 3653/3653 3655/3655
f 3654/3654 3615/3615 3620/3620
f 3655/3655 3654/3654 3657/3657
f 3657/3657 3654/3654 3620/3620
f 3656/3656 3655/3655 3658/3658
f 3659/3659 3655/3655 3657/3657
f 3655/3655 3659/3659 3658/3658
f 3656/3656 3641/3641 3636/3636
f 3660/3660 3642/3642 3662/3662
f 3641/3641 3656/3656 3661/3661
f 3661/3661 3656/3656 3658/3658
f 3620/3620 3629/3629 3663/3663
f 3657/3657 3620/3620 3663/3663
f 3664/3664 3629/3629 3652/3652
f 3630/3630 3652/3652 3629/3629
f 3664/3664 3665/3665 3663/3663
f 3663/3663 3629/3629 3664/3664
f 3657/3657 3663/3663 3665/3665
f 3664/3664 3652/3652 3665/3665
f 3652/3652 3651/3651 3665/3665
f 3666/3666 3667/3667 3665/3665
f 3666/3666 3665/3665 3651/3651
f 3659/3659 3661/3661 3658/3658
f 3661/3661 3659/3659 3670/3670
f 3660/3660 3644/3644 3642/3642
f 3644/3644 3660/3660 3647/3647
f 3660/3660 3662/3662 3671/3671
f 3672/3672 3660/3660 3671/3671
f 3647/3647 3660/3660 3672/3672
f 3672/3672 3673/3673 3647/3647
f 3673/3673 3648/3648 3647/3647
f 3674/3674 3662/3662 3669/3669
f 3671/3671 3662/3662 3674/3674
f 3671/3671 3674/3674 3675/3675
f 3676/3676 3673/3673 3672/3672
f 3671/3671 3675/3675 3672/3672
f 3677/3677 3672/3672 3675/3675
f 3678/3678 3675/3675 3674/3674
f 3657/3657 3665/3665 3680/3680
f 3659/3659 3657/3657 3680/3680
f 3681/3681 3659/3659 3680/3680
f 3670/3670 3659/3659 3681/3681
f 3667/3667 3680/3680 3665/3665
f 3683/3683 3669/3669 3682/3682
f 3683/3683 3682/3682 3679/3679
f 3683/3683 3679/3679 3668/3668
f 3684/3684 3683/3683 3668/3668
f 3667/3667 3666/3666 3685/3685
f 3685/3685 3666/3666 3687/3687
f 3691/3691 3685/3685 3692/3692
f 3667/3667 3685/3685 3697/3697
f 3699/3699 3697/3697 3685/3685
f 3698/3698 3686/3686 3690/3690
f 3684/3684 3701/3701 3704/3704
f 3705/3705 3684/3684 3704/3704
f 3683/3683 3684/3684 3705/3705
f 3706/3706 3707/3707 3705/3705
f 3708/3708 3702/3702 3668/3668
f 3704/3704 3701/3701 3710/3710
f 3703/3703 3709/3709 3713/3713
f 3704/3704 3710/3710 3714/3714
f 3704/3704 3714/3714 3715/3715
f 3695/3695 3688/3688 3712/3712
f 3713/3713 3716/3716 3703/3703
f 3716/3716 3712/3712 3688/3688
f 3668/3668 3696/3696 3718/3718
f 3717/3717 3693/3693 3711/3711
f 3719/3719 3717/3717 3711/3711
f 3700/3700 3689/3689 3694/3694
f 3710/3710 3703/3703 3716/3716
f 3720/3720 3713/3713 3709/3709
f 3722/3722 3716/3716 3688/3688
f 3714/3714 3710/3710 3716/3716
f 3716/3716 3727/3727 3714/3714
f 3714/3714 3728/3728 3715/3715
f 3728/3728 3714/3714 3725/3725
f 3727/3727 3716/3716 3722/3722
f 3728/3728 3725/3725 3731/3731
f 3668/3668 3701/3701 3684/3684
f 3705/3705 3704/3704 3715/3715
f 3718/3718 3708/3708 3668/3668
f 3721/3721 3708/3708 3718/3718
f 3728/3728 3732/3732 3705/3705
f 3705/3705 3715/3715 3728/3728
f 3705/3705 3733/3733 3706/3706
f 3706/3706 3733/3733 3734/3734
f 3732/3732 3728/3728 3729/3729
f 3733/3733 3705/3705 3732/3732
f 3674/3674 3669/3669 3683/3683
f 3678/3678 3674/3674 3683/3683
f 3683/3683 3735/3735 3678/3678
f 3705/3705 3735/3735 3683/3683
f 3735/3735 3705/3705 3707/3707
f 3734/3734 3707/3707 3706/3706
f 3678/3678 3735/3735 3736/3736
f 3737/3737 3404/3404 3406/3406
f 3404/3404 3737/3737 3492/3492
f 3492/3492 3737/3737 3738/3738
f 3733/3733 3732/3732 3739/3739
f 3739/3739 3732/3732 3740/3740
f 3707/3707 3734/3734 3741/3741
f 3734/3734 3733/3733 3741/3741
f 3741/3741 3733/3733 3739/3739
f 3401/3401 3402/3402 3742/3742
f 3743/3743 3742/3742 3402/3402
f 3402/3402 522/522 3743/3743
f 3744/3744 3400/3400 3401/3401
f 3742/3742 3744/3744 3401/3401
f 3745/3745 3744/3744 3742/3742
f 3745/3745 3400/3400 3744/3744
f 3746/3746 3400/3400 3745/3745
f 3746/3746 3403/3403 3400/3400
f 3747/3747 3745/3745 3742/3742
f 3747/3747 3742/3742 3743/3743
f 3748/3748 3398/3398 3403/3403
f 3407/3407 3398/3398 3748/3748
f 3749/3749 3748/3748 3403/3403
f 3748/3748 3750/3750 3407/3407
f 3745/3745 3751/3751 3749/3749
f 3750/3750 3748/3748 3749/3749
f 3751/3751 3750/3750 3749/3749
f 3746/3746 3749/3749 3403/3403
f 3745/3745 3749/3749 3746/3746
f 3752/3752 3747/3747 3743/3743
f 3753/3753 3752/3752 3743/3743
f 3754/3754 3751/3751 3745/3745
f 3754/3754 3745/3745 3747/3747
f 3755/3755 3754/3754 3747/3747
f 3753/3753 3756/3756 3752/3752
f 3753/3753 3757/3757 3756/3756
f 3752/3752 3755/3755 3747/3747
f 3755/3755 3752/3752 3756/3756
f 3509/3509 3511/3511 3758/3758
f 3509/3509 3758/3758 3759/3759
f 3759/3759 3524/3524 3509/3509
f 3760/3760 3524/3524 3759/3759
f 3760/3760 3759/3759 3761/3761
f 3762/3762 3760/3760 3761/3761
f 3762/3762 3761/3761 3763/3763
f 3764/3764 3760/3760 3762/3762
f 3528/3528 3531/3531 3765/3765
f 3766/3766 3529/3529 3525/3525
f 3764/3764 3524/3524 3760/3760
f 3525/3525 3524/3524 3764/3764
f 3764/3764 3766/3766 3525/3525
f 3766/3766 3764/3764 3769/3769
f 3531/3531 3530/3530 3767/3767
f 3531/3531 3767/3767 3768/3768
f 3768/3768 3770/3770 3531/3531
f 3770/3770 3771/3771 3531/3531
f 3772/3772 3531/3531 3771/3771
f 3769/3769 3764/3764 3773/3773
f 3773/3773 3764/3764 3762/3762
f 3773/3773 3770/3770 3768/3768
f 3774/3774 3773/3773 3762/3762
f 3774/3774 3762/3762 3775/3775
f 3772/3772 3765/3765 3531/3531
f 3765/3765 3772/3772 3776/3776
f 3777/3777 3776/3776 3772/3772
f 3572/3572 3776/3776 3777/3777
f 3572/3572 3777/3777 3778/3778
f 3779/3779 3772/3772 3771/3771
f 3772/3772 3779/3779 3777/3777
f 3573/3573 3572/3572 3778/3778
f 3780/3780 3573/3573 3778/3778
f 3781/3781 3782/3782 3780/3780
f 3781/3781 3780/3780 3783/3783
f 3781/3781 3783/3783 3784/3784
f 3781/3781 3784/3784 3785/3785
f 3784/3784 3786/3786 3787/3787
f 3787/3787 3785/3785 3784/3784
f 3788/3788 3627/3627 3613/3613
f 3788/3788 3789/3789 3632/3632
f 3788/3788 3613/3613 3789/3789
f 3790/3790 3613/3613 3791/3791
f 3650/3650 3652/3652 3630/3630
f 3630/3630 3792/3792 3650/3650
f 3793/3793 3792/3792 3630/3630
f 3651/3651 3649/3649 3792/3792
f 3666/3666 3651/3651 3792/3792
f 3666/3666 3792/3792 3794/3794
f 3794/3794 3792/3792 3795/3795
f 3795/3795 3792/3792 3793/3793
f 3796/3796 3795/3795 3793/3793
f 3782/3782 3781/3781 3791/3791
f 3790/3790 3791/3791 3797/3797
f 3798/3798 3799/3799 3800/3800
f 3800/3800 3802/3802 3798/3798
f 3803/3803 3795/3795 3796/3796
f 3803/3803 3796/3796 3804/3804
f 3798/3798 3804/3804 3796/3796
f 3804/3804 3798/3798 3802/3802
f 3797/3797 3791/3791 3805/3805
f 3806/3806 3794/3794 3807/3807
f 3806/3806 3666/3666 3794/3794
f 3806/3806 3687/3687 3666/3666
f 3687/3687 3806/3806 3807/3807
f 3807/3807 3794/3794 3795/3795
f 3803/3803 3807/3807 3795/3795
f 3808/3808 3807/3807 3809/3809
f 3807/3807 3803/3803 3809/3809
f 3810/3810 3809/3809 3803/3803
f 3692/3692 3687/3687 3808/3808
f 3687/3687 3807/3807 3808/3808
f 3809/3809 3810/3810 3811/3811
f 3812/3812 3811/3811 3810/3810
f 3813/3813 3808/3808 3809/3809
f 3813/3813 3809/3809 3811/3811
f 3813/3813 3811/3811 3812/3812
f 3814/3814 3815/3815 3816/3816
f 3804/3804 3816/3816 3803/3803
f 3817/3817 3803/3803 3816/3816
f 3817/3817 3810/3810 3803/3803
f 3818/3818 3810/3810 3817/3817
f 3819/3819 3810/3810 3818/3818
f 3817/3817 3816/3816 3820/3820
f 3815/3815 3820/3820 3816/3816
f 3820/3820 3815/3815 3821/3821
f 3821/3821 3817/3817 3820/3820
f 3790/3790 3789/3789 3613/3613
f 3633/3633 3632/3632 3789/3789
f 3822/3822 3633/3633 3789/3789
f 3793/3793 3630/3630 3633/3633
f 3822/3822 3789/3789 3790/3790
f 3793/3793 3633/3633 3796/3796
f 3633/3633 3798/3798 3796/3796
f 3633/3633 3822/3822 3798/3798
f 3685/3685 3687/3687 3692/3692
f 3823/3823 3692/3692 3825/3825
f 3692/3692 3823/3823 3691/3691
f 3830/3830 3689/3689 3823/3823
f 3825/3825 3692/3692 3831/3831
f 3692/3692 3808/3808 3831/3831
f 3830/3830 3823/3823 3825/3825
f 3827/3827 3834/3834 3829/3829
f 3836/3836 3723/3723 3689/3689
f 3836/3836 3689/3689 3830/3830
f 3726/3726 3724/3724 3730/3730
f 3730/3730 3724/3724 3835/3835
f 3730/3730 3835/3835 3828/3828
f 3829/3829 3837/3837 3729/3729
f 3838/3838 3840/3840 3841/3841
f 3824/3824 3842/3842 3832/3832
f 3832/3832 3842/3842 3839/3839
f 3838/3838 3841/3841 3831/3831
f 3831/3831 3844/3844 3838/3838
f 3826/3826 3831/3831 3841/3841
f 3844/3844 3840/3840 3838/3838
f 3833/3833 3840/3840 3844/3844
f 3837/3837 3829/3829 3834/3834
f 3740/3740 3732/3732 3729/3729
f 3740/3740 3729/3729 3837/3837
f 3808/3808 3813/3813 3831/3831
f 3831/3831 3813/3813 3844/3844
f 3834/3834 3843/3843 3845/3845
f 3844/3844 3813/3813 3846/3846
f 3845/3845 3843/3843 3847/3847
f 3801/3801 3797/3797 3805/3805
f 3805/3805 3848/3848 3801/3801
f 3805/3805 3791/3791 3785/3785
f 3805/3805 3785/3785 3787/3787
f 3849/3849 3805/3805 3787/3787
f 3850/3850 3815/3815 3814/3814
f 3850/3850 3814/3814 3851/3851
f 3821/3821 3815/3815 3850/3850
f 3852/3852 3851/3851 3853/3853
f 3802/3802 3854/3854 3804/3804
f 3848/3848 3805/3805 3855/3855
f 3816/3816 3804/3804 3814/3814
f 3814/3814 3804/3804 3854/3854
f 3855/3855 3802/3802 3848/3848
f 3855/3855 3854/3854 3802/3802
f 3855/3855 3805/3805 3856/3856
f 3849/3849 3856/3856 3805/3805
f 3857/3857 3854/3854 3855/3855
f 3857/3857 3855/3855 3856/3856
f 3814/3814 3857/3857 3851/3851
f 3814/3814 3854/3854 3857/3857
f 3857/3857 3853/3853 3851/3851
f 3849/3849 3787/3787 3858/3858
f 3856/3856 3860/3860 3857/3857
f 3861/3861 3857/3857 3860/3860
f 3859/3859 3849/3849 3858/3858
f 3853/3853 3857/3857 3861/3861
f 3862/3862 3406/3406 3407/3407
f 3862/3862 3737/3737 3406/3406
f 3758/3758 3863/3863 3759/3759
f 3759/3759 3863/3863 3865/3865
f 3866/3866 3759/3759 3865/3865
f 3866/3866 3865/3865 3867/3867
f 3868/3868 3867/3867 3865/3865
f 3761/3761 3759/3759 3866/3866
f 3761/3761 3866/3866 3869/3869
f 3870/3870 3872/3872 3873/3873
f 3870/3870 3873/3873 3874/3874
f 3866/3866 3867/3867 3875/3875
f 3866/3866 3875/3875 3876/3876
f 3875/3875 3877/3877 3876/3876
f 3869/3869 3866/3866 3876/3876
f 3875/3875 3867/3867 3878/3878
f 3870/3870 3875/3875 3878/3878
f 3870/3870 3877/3877 3875/3875
f 3877/3877 3870/3870 3879/3879
f 3880/3880 3870/3870 3874/3874
f 3870/3870 3880/3880 3881/3881
f 3880/3880 3882/3882 3883/3883
f 3879/3879 3870/3870 3881/3881
f 3879/3879 3881/3881 3884/3884
f 3883/3883 3881/3881 3880/3880
f 3885/3885 3881/3881 3883/3883
f 3884/3884 3881/3881 3885/3885
f 3886/3886 3884/3884 3885/3885
f 3883/3883 3887/3887 3885/3885
f 3887/3887 3888/3888 3885/3885
f 3889/3889 3885/3885 3888/3888
f 3889/3889 3886/3886 3885/3885
f 3890/3890 3888/3888 3887/3887
f 3763/3763 3761/3761 3869/3869
f 3775/3775 3762/3762 3763/3763
f 3891/3891 3876/3876 3892/3892
f 3893/3893 3763/3763 3869/3869
f 3893/3893 3869/3869 3891/3891
f 3876/3876 3891/3891 3869/3869
f 3892/3892 3876/3876 3877/3877
f 3894/3894 3879/3879 3884/3884
f 3892/3892 3877/3877 3879/3879
f 3886/3886 3889/3889 3895/3895
f 3889/3889 3896/3896 3895/3895
f 3897/3897 3898/3898 3900/3900
f 3902/3902 3901/3901 3899/3899
f 3903/3903 3756/3756 3757/3757
f 3904/3904 3757/3757 3905/3905
f 3896/3896 3889/3889 3888/3888
f 3888/3888 3890/3890 3906/3906
f 3907/3907 3888/3888 3906/3906
f 3907/3907 3908/3908 3888/3888
f 3888/3888 3908/3908 3896/3896
f 3895/3895 3896/3896 3909/3909
f 3908/3908 3910/3910 3896/3896
f 3909/3909 3896/3896 3910/3910
f 3911/3911 3912/3912 3910/3910
f 3912/3912 3913/3913 3910/3910
f 3913/3913 3912/3912 3914/3914
f 3915/3915 3912/3912 3911/3911
f 3912/3912 3915/3915 3916/3916
f 3914/3914 3912/3912 3916/3916
f 3917/3917 3918/3918 3916/3916
f 3919/3919 3916/3916 3918/3918
f 3920/3920 3895/3895 3909/3909
f 3910/3910 3913/3913 3909/3909
f 3921/3921 3920/3920 3909/3909
f 3921/3921 3909/3909 3913/3913
f 3913/3913 3922/3922 3921/3921
f 3923/3923 3922/3922 3913/3913
f 3922/3922 3923/3923 3924/3924
f 3925/3925 3913/3913 3914/3914
f 3923/3923 3913/3913 3925/3925
f 3914/3914 3916/3916 3919/3919
f 3925/3925 3914/3914 3919/3919
f 3926/3926 3919/3919 3927/3927
f 3919/3919 3926/3926 3925/3925
f 3928/3928 3924/3924 3929/3929
f 3929/3929 3923/3923 3925/3925
f 3929/3929 3925/3925 3930/3930
f 3928/3928 3929/3929 3930/3930
f 3931/3931 3932/3932 3933/3933
f 3934/3934 3933/3933 3932/3932
f 3930/3930 3925/3925 3926/3926
f 3935/3935 3930/3930 3926/3926
f 3935/3935 3926/3926 3927/3927
f 3934/3934 3930/3930 3935/3935
f 3936/3936 3937/3937 3938/3938
f 3939/3939 3937/3937 3936/3936
f 3940/3940 3787/3787 3941/3941
f 3941/3941 3942/3942 3943/3943
f 3940/3940 3941/3941 3944/3944
f 3813/3813 3812/3812 3846/3846
f 3810/3810 3819/3819 3812/3812
f 3819/3819 3945/3945 3812/3812
f 3846/3846 3812/3812 3945/3945
f 3819/3819 3818/3818 3947/3947
f 3949/3949 3819/3819 3947/3947
f 3947/3947 3818/3818 3817/3817
f 3947/3947 3817/3817 3950/3950
f 3950/3950 3817/3817 3821/3821
f 3947/3947 3950/3950 3951/3951
f 3953/3953 3951/3951 3950/3950
f 3954/3954 3739/3739 3740/3740
f 3955/3955 3740/3740 3837/3837
f 3955/3955 3837/3837 3834/3834
f 3740/3740 3955/3955 3954/3954
f 3955/3955 3834/3834 3845/3845
f 3845/3845 3847/3847 3946/3946
f 3845/3845 3946/3946 3956/3956
f 3954/3954 3955/3955 3845/3845
f 3956/3956 3954/3954 3845/3845
f 3957/3957 3958/3958 3959/3959
f 3961/3961 3958/3958 3957/3957
f 3962/3962 3850/3850 3851/3851
f 3962/3962 3851/3851 3963/3963
f 3964/3964 3962/3962 3963/3963
f 3851/3851 3852/3852 3963/3963
f 3965/3965 3963/3963 3852/3852
f 3853/3853 3965/3965 3852/3852
f 3964/3964 3963/3963 3966/3966
f 3850/3850 3950/3950 3821/3821
f 3962/3962 3950/3950 3850/3850
f 3950/3950 3962/3962 3967/3967
f 3967/3967 3962/3962 3968/3968
f 3967/3967 3953/3953 3950/3950
f 3960/3960 3953/3953 3967/3967
f 3968/3968 3962/3962 3964/3964
f 3960/3960 3967/3967 3969/3969
f 3969/3969 3967/3967 3968/3968
f 3968/3968 3970/3970 3969/3969
f 3969/3969 3970/3970 3972/3972
f 3972/3972 3960/3960 3969/3969
f 3964/3964 3973/3973 3968/3968
f 3968/3968 3973/3973 3970/3970
f 3966/3966 3973/3973 3964/3964
f 3853/3853 3861/3861 3965/3965
f 3966/3966 3974/3974 3975/3975
f 3963/3963 3965/3965 3966/3966
f 3966/3966 3965/3965 3974/3974
f 3957/3957 3959/3959 3976/3976
f 3976/3976 3959/3959 3971/3971
f 3977/3977 3976/3976 3971/3971
f 3970/3970 3973/3973 3966/3966
f 3970/3970 3966/3966 3979/3979
f 3978/3978 3970/3970 3979/3979
f 3972/3972 3970/3970 3978/3978
f 3980/3980 3957/3957 3976/3976
f 3979/3979 3982/3982 3978/3978
f 3984/3984 3976/3976 3977/3977
f 3983/3983 3984/3984 3977/3977
f 3980/3980 3976/3976 3984/3984
f 3985/3985 3980/3980 3984/3984
f 3984/3984 3983/3983 3987/3987
f 3986/3986 3989/3989 3991/3991
f 3966/3966 3975/3975 3992/3992
f 3966/3966 3992/3992 3993/3993
f 3993/3993 3979/3979 3966/3966
f 3992/3992 3975/3975 3994/3994
f 3994/3994 3975/3975 3995/3995
f 3979/3979 3993/3993 3996/3996
f 3992/3992 3994/3994 3997/3997
f 3993/3993 3992/3992 3996/3996
f 3997/3997 3996/3996 3992/3992
f 3996/3996 3997/3997 3998/3998
f 3982/3982 3979/3979 3999/3999
f 3999/3999 3979/3979 4000/4000
f 3979/3979 4001/4001 4000/4000
f 4001/4001 3979/3979 3996/3996
f 3988/3988 3982/3982 4002/4002
f 4002/4002 3982/3982 3999/3999
f 3986/3986 3981/3981 3989/3989
f 4003/4003 3986/3986 3991/3991
f 4002/4002 3999/3999 4000/4000
f 4000/4000 4004/4004 4002/4002
f 3988/3988 4002/4002 4004/4004
f 4005/4005 3957/3957 3980/3980
f 4003/4003 3990/3990 3988/3988
f 4006/4006 4007/4007 4008/4008
f 4009/4009 4008/4008 4007/4007
f 4010/4010 4007/4007 4006/4006
f 4011/4011 4009/4009 4007/4007
f 4012/4012 4011/4011 4007/4007
f 4013/4013 4007/4007 4014/4014
f 4007/4007 4013/4013 4012/4012
f 4015/4015 4012/4012 4013/4013
f 4015/4015 4016/4016 4017/4017
f 4015/4015 4013/4013 4014/4014
f 4016/4016 4015/4015 4014/4014
f 3980/3980 4018/4018 4005/4005
f 3985/3985 3984/3984 3987/3987
f 3980/3980 3985/3985 4018/4018
f 3985/3985 4019/4019 4018/4018
f 4019/4019 4020/4020 4018/4018
f 4001/4001 4021/4021 4000/4000
f 4024/4024 4021/4021 4001/4001
f 4022/4022 4023/4023 4025/4025
f 4028/4028 3985/3985 3987/3987
f 4031/4031 4000/4000 4021/4021
f 4004/4004 4000/4000 4034/4034
f 4034/4034 4000/4000 4032/4032
f 4033/4033 4029/4029 4035/4035
f 4039/4039 3985/3985 4028/4028
f 4030/4030 4022/4022 3985/3985
f 4037/4037 4035/4035 4029/4029
f 4038/4038 4030/4030 3985/3985
f 4003/4003 4026/4026 3986/3986
f 4036/4036 4026/4026 4003/4003
f 4027/4027 4035/4035 4037/4037
f 4036/4036 4003/4003 4040/4040
f 4004/4004 4034/4034 4042/4042
f 4041/4041 4033/4033 4035/4035
f 4019/4019 3985/3985 4022/4022
f 4001/4001 3996/3996 4024/4024
f 4045/4045 3996/3996 3998/3998
f 4024/4024 3996/3996 4045/4045
f 4025/4025 4019/4019 4022/4022
f 4046/4046 4019/4019 4025/4025
f 4019/4019 4046/4046 4020/4020
f 4046/4046 4047/4047 4020/4020
f 4025/4025 4048/4048 4046/4046
f 4048/4048 4025/4025 4023/4023
f 4048/4048 4023/4023 4049/4049
f 4050/4050 4049/4049 4023/4023
f 4051/4051 4052/4052 4049/4049
f 4048/4048 4049/4049 4052/4052
f 4020/4020 4005/4005 4018/4018
f 3988/3988 4004/4004 4053/4053
f 3988/3988 4053/4053 4003/4003
f 4004/4004 4042/4042 4053/4053
f 4054/4054 3944/3944 3941/3941
f 3940/3940 3944/3944 4055/4055
f 3941/3941 3943/3943 4054/4054
f 4056/4056 4054/4054 3943/3943
f 4054/4054 4057/4057 3944/3944
f 4055/4055 3944/3944 4057/4057
f 4054/4054 4056/4056 4057/4057
f 4056/4056 4058/4058 4060/4060
f 4056/4056 4060/4060 4057/4057
f 3940/3940 4055/4055 4062/4062
f 4063/4063 3994/3994 4064/4064
f 4065/4065 3994/3994 4063/4063
f 3997/3997 3994/3994 4065/4065
f 3997/3997 4065/4065 4066/4066
f 4067/4067 4057/4057 4068/4068
f 4065/4065 4063/4063 4069/4069
f 4069/4069 4066/4066 4065/4065
f 4066/4066 4069/4069 4070/4070
f 3998/3998 3997/3997 4066/4066
f 3998/3998 4066/4066 4045/4045
f 4045/4045 4066/4066 4070/4070
f 4070/4070 4069/4069 4071/4071
f 4073/4073 4045/4045 4070/4070
f 4075/4075 4070/4070 4071/4071
f 4073/4073 4070/4070 4076/4076
f 4077/4077 4078/4078 4072/4072
f 4024/4024 4045/4045 4073/4073
f 4072/4072 4050/4050 4023/4023
f 4068/4068 4057/4057 4079/4079
f 4076/4076 4070/4070 4075/4075
f 4081/4081 4077/4077 4074/4074
f 4081/4081 4078/4078 4077/4077
f 4082/4082 4083/4083 4081/4081
f 4049/4049 4050/4050 4084/4084
f 4084/4084 4050/4050 4078/4078
f 4078/4078 4050/4050 4072/4072
f 4084/4084 4051/4051 4049/4049
f 4085/4085 4084/4084 4078/4078
f 4051/4051 4086/4086 4087/4087
f 4051/4051 4085/4085 4086/4086
f 4051/4051 4084/4084 4085/4085
f 4085/4085 4078/4078 4083/4083
f 4083/4083 4078/4078 4081/4081
f 4082/4082 4081/4081 4088/4088
f 4089/4089 4082/4082 4088/4088
f 4090/4090 4082/4082 4089/4089
f 4091/4091 4092/4092 4093/4093
f 4094/4094 4086/4086 4095/4095
f 4096/4096 4097/4097 4098/4098
f 4099/4099 4096/4096 4100/4100
f 4094/4094 4095/4095 4101/4101
f 4099/4099 4097/4097 4096/4096
f 4102/4102 4103/4103 4104/4104
f 4103/4103 4102/4102 4105/4105
f 4104/4104 4106/4106 4102/4102
f 4105/4105 4102/4102 4107/4107
f 4107/4107 4102/4102 4106/4106
f 4107/4107 4106/4106 4108/4108
f 4107/4107 4108/4108 4109/4109
f 4110/4110 4111/4111 3931/3931
f 4110/4110 3931/3931 3933/3933
f 4112/4112 4110/4110 3933/3933
f 4110/4110 4112/4112 4113/4113
f 4114/4114 4110/4110 4113/4113
f 4115/4115 4111/4111 4114/4114
f 4114/4114 4111/4111 4110/4110
f 4094/4094 4087/4087 4086/4086
f 4086/4086 4085/4085 4116/4116
f 4116/4116 4117/4117 4086/4086
f 4090/4090 4083/4083 4082/4082
f 4083/4083 4090/4090 4118/4118
f 4083/4083 4116/4116 4085/4085
f 4083/4083 4117/4117 4116/4116
f 4117/4117 4083/4083 4118/4118
f 4086/4086 4119/4119 4095/4095
f 4119/4119 4086/4086 4117/4117
f 4120/4120 4117/4117 4118/4118
f 4120/4120 4121/4121 4117/4117
f 4121/4121 4122/4122 4117/4117
f 4089/4089 4123/4123 4090/4090
f 4093/4093 4124/4124 4125/4125
f 4125/4125 4126/4126 4093/4093
f 4089/4089 4127/4127 4123/4123
f 4090/4090 4128/4128 4118/4118
f 4123/4123 4128/4128 4090/4090
f 4128/4128 4120/4120 4118/4118
f 4120/4120 4128/4128 4129/4129
f 4129/4129 4128/4128 4123/4123
f 4123/4123 4127/4127 4130/4130
f 4129/4129 4123/4123 4130/4130
f 4130/4130 4131/4131 4129/4129
f 4129/4129 4121/4121 4120/4120
f 4125/4125 4132/4132 4126/4126
f 4132/4132 4125/4125 4133/4133
f 4121/4121 4129/4129 4134/4134
f 4134/4134 4135/4135 4121/4121
f 4131/4131 4136/4136 4134/4134
f 4136/4136 4137/4137 4134/4134
f 4135/4135 4134/4134 4137/4137
f 4138/4138 4137/4137 4136/4136
f 4139/4139 4095/4095 4119/4119
f 4117/4117 4140/4140 4119/4119
f 4139/4139 4119/4119 4141/4141
f 4141/4141 4119/4119 4140/4140
f 4117/4117 4122/4122 4140/4140
f 4140/4140 4122/4122 4142/4142
f 4142/4142 4141/4141 4140/4140
f 4142/4142 4122/4122 4143/4143
f 4142/4142 4143/4143 4141/4141
f 4135/4135 4143/4143 4121/4121
f 4121/4121 4143/4143 4122/4122
f 4143/4143 4144/4144 4141/4141
f 4144/4144 4145/4145 4141/4141
f 4146/4146 4143/4143 4135/4135
f 4143/4143 4146/4146 4144/4144
f 4147/4147 4126/4126 4132/4132
f 4148/4148 4147/4147 4132/4132
f 4149/4149 4135/4135 4137/4137
f 4149/4149 4150/4150 4135/4135
f 4145/4145 4144/4144 4151/4151
f 4152/4152 4150/4150 4153/4153
f 4146/4146 4152/4152 4144/4144
f 4152/4152 4151/4151 4144/4144
f 4150/4150 4152/4152 4146/4146
f 4151/4151 4152/4152 4154/4154
f 4153/4153 4154/4154 4152/4152
f 4153/4153 4155/4155 4154/4154
f 4156/4156 4145/4145 4151/4151
f 4151/4151 4154/4154 4157/4157
f 4135/4135 4150/4150 4146/4146
f 4150/4150 4149/4149 4158/4158
f 4153/4153 4150/4150 4158/4158
f 4158/4158 4149/4149 4137/4137
f 4137/4137 4138/4138 4159/4159
f 4136/4136 4160/4160 4138/4138
f 4160/4160 4161/4161 4162/4162
f 4161/4161 4163/4163 4162/4162
f 4164/4164 4163/4163 4161/4161
f 4158/4158 4137/4137 4159/4159
f 4155/4155 4153/4153 4165/4165
f 4158/4158 4165/4165 4153/4153
f 4165/4165 4166/4166 4155/4155
f 4166/4166 4165/4165 4167/4167
f 4157/4157 4156/4156 4151/4151
f 4109/4109 4108/4108 4156/4156
f 4109/4109 4156/4156 4157/4157
f 4109/4109 4157/4157 4168/4168
f 4168/4168 4157/4157 4169/4169
f 4154/4154 4155/4155 4169/4169
f 4154/4154 4169/4169 4157/4157
f 4169/4169 4155/4155 4166/4166
f 4170/4170 4109/4109 4168/4168
f 4167/4167 4169/4169 4166/4166
f 4171/4171 4169/4169 4167/4167
f 4165/4165 4172/4172 4167/4167
f 4173/4173 4167/4167 4172/4172
f 4174/4174 1556/1556 1557/1557
f 4176/4176 1556/1556 4174/4174
f 1558/1558 1556/1556 4176/4176
f 4177/4177 1558/1558 4176/4176
f 1572/1572 1558/1558 4177/4177
f 4178/4178 1572/1572 4177/4177
f 4178/4178 4179/4179 2728/2728
f 2728/2728 1573/1573 1576/1576
f 4179/4179 1574/1574 1573/1573
f 2728/2728 4179/4179 1573/1573
f 4178/4178 2728/2728 2727/2727
f 1713/1713 1484/1484 3440/3440
f 4180/4180 1713/1713 3440/3440
f 2724/2724 4180/4180 4181/4181
f 4183/4183 4180/4180 3457/3457
f 4183/4183 3457/3457 4184/4184
f 4185/4185 4183/4183 4184/4184
f 4186/4186 4181/4181 4187/4187
f 4181/4181 4183/4183 4187/4187
f 4188/4188 4186/4186 4187/4187
f 4175/4175 4186/4186 4188/4188
f 4185/4185 4184/4184 4189/4189
f 3462/3462 3457/3457 3458/3458
f 4189/4189 3457/3457 3462/3462
f 3457/3457 4189/4189 4184/4184
f 4190/4190 4189/4189 3462/3462
f 4191/4191 3462/3462 3461/3461
f 4187/4187 4183/4183 4185/4185
f 4190/4190 4185/4185 4189/4189
f 4188/4188 4187/4187 4185/4185
f 4192/4192 4185/4185 4190/4190
f 4193/4193 4194/4194 4195/4195
f 4196/4196 4195/4195 4194/4194
f 4197/4197 4196/4196 4198/4198
f 1730/1730 1574/1574 4199/4199
f 1574/1574 4179/4179 4200/4200
f 4200/4200 4202/4202 1574/1574
f 4203/4203 4199/4199 1574/1574
f 4203/4203 1574/1574 4202/4202
f 1730/1730 4199/4199 4204/4204
f 4206/4206 4208/4208 4204/4204
f 4199/4199 4210/4210 4204/4204
f 4210/4210 4199/4199 4203/4203
f 4210/4210 4203/4203 4212/4212
f 4212/4212 4203/4203 4202/4202
f 4209/4209 4211/4211 4213/4213
f 4205/4205 4209/4209 4213/4213
f 4206/4206 4204/4204 4210/4210
f 4215/4215 4216/4216 4217/4217
f 4216/4216 4215/4215 4218/4218
f 4202/4202 4200/4200 4220/4220
f 4217/4217 4201/4201 4219/4219
f 4217/4217 4219/4219 4221/4221
f 4179/4179 4220/4220 4200/4200
f 4222/4222 4201/4201 4217/4217
f 4217/4217 4216/4216 4222/4222
f 4211/4211 4201/4201 4222/4222
f 4213/4213 4211/4211 4222/4222
f 4218/4218 4222/4222 4216/4216
f 4217/4217 4221/4221 4223/4223
f 4225/4225 4207/4207 4205/4205
f 4225/4225 4205/4205 4213/4213
f 4207/4207 4225/4225 4226/4226
f 4227/4227 4226/4226 4225/4225
f 4226/4226 4227/4227 4228/4228
f 4229/4229 4218/4218 4215/4215
f 4230/4230 4222/4222 4218/4218
f 4222/4222 4230/4230 4213/4213
f 4213/4213 4230/4230 4231/4231
f 4231/4231 4230/4230 4232/4232
f 4230/4230 4233/4233 4234/4234
f 4230/4230 4234/4234 4232/4232
f 4225/4225 4213/4213 4231/4231
f 4227/4227 4225/4225 4231/4231
f 4227/4227 4231/4231 4232/4232
f 4230/4230 4218/4218 4233/4233
f 4233/4233 4218/4218 4229/4229
f 4232/4232 4234/4234 4235/4235
f 4229/4229 4236/4236 4233/4233
f 4234/4234 4233/4233 4237/4237
f 4237/4237 4233/4233 4236/4236
f 4238/4238 4227/4227 4232/4232
f 4239/4239 4238/4238 4232/4232
f 4237/4237 4235/4235 4234/4234
f 4240/4240 4239/4239 4235/4235
f 4239/4239 4232/4232 4235/4235
f 4240/4240 4241/4241 4239/4239
f 1750/1750 4208/4208 1755/1755
f 1750/1750 1730/1730 4204/4204
f 4208/4208 1750/1750 4204/4204
f 1755/1755 4208/4208 1785/1785
f 1786/1786 1792/1792 1783/1783
f 4242/4242 1786/1786 4207/4207
f 4242/4242 4226/4226 4243/4243
f 4242/4242 1792/1792 1786/1786
f 1792/1792 4242/4242 4244/4244
f 1800/1800 1804/1804 1797/1797
f 4226/4226 4242/4242 4207/4207
f 1791/1791 1801/1801 1787/1787
f 1801/1801 1791/1791 4244/4244
f 4244/4244 1791/1791 1792/1792
f 4243/4243 4244/4244 4242/4242
f 4245/4245 4244/4244 4243/4243
f 4246/4246 1801/1801 4244/4244
f 1800/1800 1801/1801 4246/4246
f 1804/1804 1800/1800 4246/4246
f 4246/4246 4244/4244 4245/4245
f 4246/4246 4247/4247 1804/1804
f 4245/4245 4248/4248 4246/4246
f 4248/4248 4245/4245 4249/4249
f 4247/4247 4246/4246 4248/4248
f 4243/4243 4226/4226 4228/4228
f 4245/4245 4243/4243 4228/4228
f 4228/4228 4227/4227 4250/4250
f 4228/4228 4250/4250 4249/4249
f 4228/4228 4249/4249 4245/4245
f 4247/4247 1809/1809 1804/1804
f 4215/4215 4217/4217 4251/4251
f 4253/4253 4254/4254 4252/4252
f 4215/4215 4256/4256 4229/4229
f 4229/4229 4256/4256 4257/4257
f 4236/4236 4229/4229 4257/4257
f 4255/4255 4214/4214 4195/4195
f 4236/4236 4257/4257 4258/4258
f 4258/4258 4257/4257 4259/4259
f 4259/4259 4257/4257 4261/4261
f 4259/4259 4235/4235 4258/4258
f 4257/4257 4256/4256 4261/4261
f 4195/4195 4260/4260 4255/4255
f 4262/4262 4264/4264 4260/4260
f 4263/4263 4259/4259 4261/4261
f 4236/4236 4258/4258 4237/4237
f 4235/4235 4237/4237 4258/4258
f 4252/4252 4193/4193 4214/4214
f 4195/4195 4214/4214 4193/4193
f 4252/4252 4254/4254 4193/4193
f 4254/4254 4194/4194 4193/4193
f 4262/4262 4260/4260 4195/4195
f 4196/4196 4262/4262 4195/4195
f 4262/4262 4196/4196 4265/4265
f 4240/4240 4266/4266 4267/4267
f 4267/4267 4268/4268 4240/4240
f 4241/4241 4240/4240 4268/4268
f 1811/1811 1809/1809 4247/4247
f 2879/2879 1811/1811 4247/4247
f 4250/4250 4227/4227 4238/4238
f 4239/4239 4241/4241 4238/4238
f 4269/4269 4241/4241 4268/4268
f 4269/4269 4268/4268 4270/4270
f 4270/4270 4271/4271 4269/4269
f 4272/4272 4269/4269 4271/4271
f 4263/4263 4235/4235 4259/4259
f 4235/4235 4263/4263 4273/4273
f 4240/4240 4235/4235 4275/4275
f 4240/4240 4275/4275 4266/4266
f 4275/4275 4273/4273 4276/4276
f 4275/4275 4235/4235 4273/4273
f 4275/4275 4277/4277 4266/4266
f 4277/4277 4267/4267 4266/4266
f 4267/4267 4278/4278 4270/4270
f 4276/4276 4277/4277 4275/4275
f 4280/4280 4276/4276 4273/4273
f 4281/4281 4277/4277 4282/4282
f 4282/4282 4277/4277 4276/4276
f 4262/4262 4283/4283 4264/4264
f 4283/4283 4262/4262 4265/4265
f 4274/4274 4264/4264 4283/4283
f 4274/4274 4283/4283 4284/4284
f 4285/4285 4283/4283 4265/4265
f 4265/4265 4196/4196 4197/4197
f 4265/4265 4197/4197 4285/4285
f 4285/4285 4284/4284 4283/4283
f 4285/4285 4197/4197 4286/4286
f 4284/4284 4279/4279 4274/4274
f 4288/4288 4279/4279 4284/4284
f 4286/4286 4284/4284 4285/4285
f 4282/4282 4276/4276 4280/4280
f 4289/4289 4278/4278 4281/4281
f 4281/4281 4282/4282 4290/4290
f 4290/4290 4282/4282 4291/4291
f 4292/4292 4290/4290 4291/4291
f 4282/4282 4280/4280 4287/4287
f 4293/4293 4282/4282 4287/4287
f 4288/4288 4295/4295 4294/4294
f 4291/4291 4282/4282 4293/4293
f 4284/4284 4296/4296 4288/4288
f 4295/4295 4288/4288 4296/4296
f 4295/4295 4297/4297 4294/4294
f 4295/4295 4296/4296 4298/4298
f 4297/4297 4295/4295 4298/4298
f 4292/4292 4291/4291 4293/4293
f 4267/4267 4270/4270 4268/4268
f 4278/4278 4289/4289 4270/4270
f 4271/4271 4270/4270 4289/4289
f 4299/4299 4300/4300 4301/4301
f 4302/4302 4303/4303 4304/4304
f 4304/4304 4303/4303 4305/4305
f 4306/4306 4194/4194 4307/4307
f 4306/4306 4196/4196 4194/4194
f 4198/4198 4196/4196 4306/4306
f 4198/4198 4306/4306 4308/4308
f 4307/4307 4308/4308 4306/4306
f 4309/4309 4310/4310 4311/4311
f 4312/4312 4308/4308 4307/4307
f 4307/4307 4313/4313 4312/4312
f 4312/4312 4313/4313 4314/4314
f 4315/4315 4316/4316 4312/4312
f 4312/4312 4318/4318 4321/4321
f 4315/4315 4312/4312 4322/4322
f 4322/4322 4312/4312 4321/4321
f 4324/4324 4325/4325 4315/4315
f 4316/4316 4315/4315 4325/4325
f 4197/4197 4198/4198 4326/4326
f 4326/4326 4327/4327 4197/4197
f 4327/4327 4286/4286 4197/4197
f 4328/4328 4198/4198 4329/4329
f 4328/4328 4326/4326 4198/4198
f 4286/4286 4327/4327 4330/4330
f 4328/4328 4327/4327 4326/4326
f 4329/4329 4198/4198 4308/4308
f 4308/4308 4331/4331 4329/4329
f 4328/4328 4329/4329 4331/4331
f 4316/4316 4331/4331 4308/4308
f 4312/4312 4316/4316 4308/4308
f 4328/4328 4332/4332 4333/4333
f 4333/4333 4327/4327 4328/4328
f 4331/4331 4332/4332 4328/4328
f 4332/4332 4331/4331 4334/4334
f 4332/4332 4334/4334 4335/4335
f 4332/4332 4335/4335 4336/4336
f 4332/4332 4336/4336 4333/4333
f 4337/4337 4327/4327 4333/4333
f 4327/4327 4337/4337 4338/4338
f 4339/4339 4333/4333 4336/4336
f 4336/4336 4335/4335 4340/4340
f 4339/4339 4336/4336 4340/4340
f 4341/4341 4339/4339 4342/4342
f 4333/4333 4339/4339 4337/4337
f 4337/4337 4339/4339 4341/4341
f 4343/4343 4344/4344 4345/4345
f 4345/4345 4337/4337 4346/4346
f 4341/4341 4346/4346 4337/4337
f 4347/4347 4343/4343 4346/4346
f 4343/4343 4345/4345 4346/4346
f 4348/4348 4349/4349 4350/4350
f 4351/4351 4350/4350 4349/4349
f 4352/4352 4353/4353 4354/4354
f 4334/4334 4331/4331 4355/4355
f 4316/4316 4355/4355 4331/4331
f 4355/4355 4316/4316 4356/4356
f 4316/4316 4325/4325 4356/4356
f 4357/4357 4335/4335 4334/4334
f 4358/4358 4335/4335 4357/4357
f 4357/4357 4334/4334 4355/4355
f 4359/4359 4357/4357 4355/4355
f 4360/4360 4357/4357 4359/4359
f 4356/4356 4325/4325 4361/4361
f 4362/4362 4363/4363 4364/4364
f 4356/4356 4359/4359 4355/4355
f 4364/4364 4365/4365 4356/4356
f 4365/4365 4364/4364 4363/4363
f 4359/4359 4356/4356 4365/4365
f 4365/4365 4352/4352 4359/4359
f 4366/4366 4360/4360 4359/4359
f 4367/4367 4357/4357 4360/4360
f 4357/4357 4367/4367 4358/4358
f 4366/4366 4368/4368 4360/4360
f 4367/4367 4360/4360 4368/4368
f 4367/4367 4368/4368 4369/4369
f 4341/4341 4367/4367 4369/4369
f 4370/4370 4369/4369 4371/4371
f 4358/4358 4340/4340 4335/4335
f 4340/4340 4358/4358 4342/4342
f 4342/4342 4339/4339 4340/4340
f 4341/4341 4342/4342 4372/4372
f 4358/4358 4372/4372 4342/4342
f 4358/4358 4367/4367 4372/4372
f 4367/4367 4341/4341 4372/4372
f 4346/4346 4341/4341 4373/4373
f 4346/4346 4373/4373 4374/4374
f 4341/4341 4369/4369 4370/4370
f 4359/4359 4354/4354 4375/4375
f 4375/4375 4366/4366 4359/4359
f 4376/4376 4366/4366 4375/4375
f 4377/4377 4375/4375 4354/4354
f 4377/4377 4376/4376 4375/4375
f 4366/4366 4376/4376 4368/4368
f 4359/4359 4352/4352 4354/4354
f 4368/4368 4376/4376 4378/4378
f 4368/4368 4378/4378 4369/4369
f 4378/4378 4371/4371 4369/4369
f 4377/4377 4378/4378 4376/4376
f 4371/4371 4378/4378 4377/4377
f 4377/4377 4354/4354 4371/4371
f 4379/4379 4354/4354 4353/4353
f 4371/4371 4354/4354 4379/4379
f 4380/4380 4194/4194 4254/4254
f 4381/4381 4194/4194 4380/4380
f 4284/4284 4286/4286 4330/4330
f 4296/4296 4284/4284 4330/4330
f 4330/4330 4382/4382 4296/4296
f 4298/4298 4296/4296 4382/4382
f 4330/4330 4327/4327 4338/4338
f 4338/4338 4337/4337 4344/4344
f 4338/4338 4344/4344 4330/4330
f 4382/4382 4330/4330 4344/4344
f 4345/4345 4344/4344 4337/4337
f 4383/4383 4298/4298 4382/4382
f 4383/4383 4382/4382 4344/4344
f 4384/4384 4385/4385 4386/4386
f 4386/4386 4385/4385 4387/4387
f 4388/4388 4387/4387 4385/4385
f 4389/4389 4387/4387 4388/4388
f 4390/4390 4386/4386 4387/4387
f 4390/4390 4387/4387 4389/4389
f 4346/4346 4374/4374 4347/4347
f 4341/4341 4391/4391 4373/4373
f 4392/4392 4373/4373 4391/4391
f 4393/4393 4392/4392 4391/4391
f 4347/4347 4374/4374 4394/4394
f 4392/4392 4374/4374 4373/4373
f 4394/4394 4374/4374 4392/4392
f 4391/4391 4341/4341 4370/4370
f 4393/4393 4391/4391 4395/4395
f 4395/4395 4391/4391 4370/4370
f 4370/4370 4396/4396 4395/4395
f 4397/4397 4396/4396 4370/4370
f 4398/4398 4393/4393 4400/4400
f 4393/4393 4395/4395 4396/4396
f 4396/4396 4400/4400 4393/4393
f 4402/4402 4396/4396 4397/4397
f 4402/4402 4400/4400 4396/4396
f 4403/4403 4401/4401 4404/4404
f 4371/4371 4397/4397 4370/4370
f 4379/4379 4353/4353 4406/4406
f 4407/4407 4371/4371 4379/4379
f 4407/4407 4397/4397 4371/4371
f 4408/4408 4379/4379 4406/4406
f 4407/4407 4379/4379 4409/4409
f 4409/4409 4379/4379 4408/4408
f 4402/4402 4405/4405 4400/4400
f 4402/4402 4397/4397 4407/4407
f 4411/4411 4405/4405 4402/4402
f 4402/4402 4407/4407 4411/4411
f 4407/4407 4409/4409 4411/4411
f 4408/4408 4412/4412 4409/4409
f 4414/4414 4409/4409 4412/4412
f 4412/4412 4408/4408 4415/4415
f 4410/4410 4416/4416 4404/4404
f 4417/4417 4404/4404 4416/4416
f 4411/4411 4409/4409 4414/4414
f 4413/4413 4416/4416 4410/4410
f 4418/4418 4414/4414 4412/4412
f 4419/4419 4420/4420 4413/4413
f 4417/4417 4416/4416 4421/4421
f 4417/4417 4421/4421 4422/4422
f 4420/4420 4416/4416 4413/4413
f 4421/4421 4416/4416 4420/4420
f 4420/4420 4423/4423 4421/4421
f 4424/4424 4421/4421 4423/4423
f 4421/4421 4424/4424 4422/4422
f 4425/4425 4426/4426 4422/4422
f 4425/4425 4427/4427 4426/4426
f 4428/4428 4422/4422 4426/4426
f 4390/4390 4429/4429 4430/4430
f 4386/4386 4390/4390 4384/4384
f 4390/4390 4430/4430 4384/4384
f 4429/4429 4431/4431 4432/4432
f 4429/4429 4433/4433 4431/4431
f 4431/4431 4434/4434 2146/2146
f 4434/4434 4431/4431 4433/4433
f 4434/4434 4433/4433 4435/4435
f 4436/4436 4433/4433 4437/4437
f 4435/4435 2146/2146 4434/4434
f 2146/2146 2148/2148 2145/2145
f 4435/4435 2148/2148 2146/2146
f 4436/4436 4435/4435 4433/4433
f 4429/4429 4390/4390 4438/4438
f 4438/4438 4433/4433 4429/4429
f 4439/4439 4440/4440 4441/4441
f 4353/4353 4352/4352 4442/4442
f 4442/4442 4352/4352 4443/4443
f 4444/4444 4442/4442 4443/4443
f 4443/4443 4352/4352 4445/4445
f 4443/4443 4445/4445 4446/4446
f 4447/4447 4353/4353 4442/4442
f 4442/4442 4444/4444 4447/4447
f 4447/4447 4444/4444 4448/4448
f 4449/4449 4444/4444 4443/4443
f 4449/4449 4450/4450 4444/4444
f 4448/4448 4444/4444 4450/4450
f 4449/4449 4443/4443 4451/4451
f 4452/4452 4446/4446 4453/4453
f 4452/4452 4443/4443 4446/4446
f 4452/4452 4454/4454 4443/4443
f 4451/4451 4443/4443 4454/4454
f 4455/4455 4451/4451 4454/4454
f 4454/4454 4452/4452 4453/4453
f 4450/4450 4449/4449 4456/4456
f 4449/4449 4451/4451 4457/4457
f 4458/4458 4449/4449 4457/4457
f 4363/4363 4445/4445 4365/4365
f 4445/4445 4363/4363 4459/4459
f 4352/4352 4365/4365 4445/4445
f 4459/4459 4363/4363 4460/4460
f 4447/4447 4406/4406 4353/4353
f 4447/4447 4448/4448 4406/4406
f 4461/4461 4462/4462 4463/4463
f 4464/4464 4457/4457 4451/4451
f 4462/4462 4461/4461 4465/4465
f 4464/4464 4466/4466 4467/4467
f 4468/4468 4462/4462 4469/4469
f 4463/4463 4468/4468 4455/4455
f 4455/4455 4466/4466 4451/4451
f 4469/4469 4455/4455 4468/4468
f 4464/4464 4451/4451 4466/4466
f 4469/4469 4467/4467 4466/4466
f 4466/4466 4455/4455 4469/4469
f 4469/4469 4462/4462 4470/4470
f 4469/4469 4470/4470 4467/4467
f 4470/4470 4462/4462 4471/4471
f 4471/4471 4472/4472 4470/4470
f 4470/4470 4473/4473 4467/4467
f 4473/4473 4470/4470 4472/4472
f 4450/4450 4474/4474 4448/4448
f 4474/4474 4475/4475 4448/4448
f 4458/4458 4457/4457 4476/4476
f 4456/4456 4475/4475 4450/4450
f 4456/4456 4449/4449 4458/4458
f 4477/4477 4475/4475 4456/4456
f 4475/4475 4474/4474 4450/4450
f 4458/4458 4477/4477 4456/4456
f 4478/4478 4477/4477 4458/4458
f 4479/4479 4475/4475 4480/4480
f 4480/4480 4475/4475 4481/4481
f 4475/4475 4477/4477 4478/4478
f 4458/4458 4482/4482 4478/4478
f 4483/4483 4475/4475 4478/4478
f 4483/4483 4481/4481 4475/4475
f 4484/4484 4480/4480 4481/4481
f 4485/4485 4481/4481 4483/4483
f 4481/4481 4486/4486 4484/4484
f 4487/4487 4484/4484 4486/4486
f 4486/4486 4481/4481 4485/4485
f 4487/4487 4486/4486 4488/4488
f 4488/4488 4486/4486 4485/4485
f 4479/4479 4406/4406 4448/4448
f 4406/4406 4479/4479 4489/4489
f 4489/4489 4490/4490 4406/4406
f 4490/4490 4408/4408 4406/4406
f 4479/4479 4448/4448 4475/4475
f 4480/4480 4489/4489 4479/4479
f 4415/4415 4408/4408 4490/4490
f 4415/4415 4418/4418 4412/4412
f 4489/4489 4415/4415 4490/4490
f 4491/4491 4418/4418 4415/4415
f 4415/4415 4489/4489 4493/4493
f 4491/4491 4415/4415 4493/4493
f 4480/4480 4493/4493 4489/4489
f 4495/4495 4493/4493 4480/4480
f 4496/4496 4492/4492 4494/4494
f 4496/4496 4494/4494 4497/4497
f 4499/4499 4497/4497 4494/4494
f 4420/4420 4500/4500 4423/4423
f 4501/4501 4492/4492 4496/4496
f 4492/4492 4501/4501 4419/4419
f 4419/4419 4501/4501 4500/4500
f 4420/4420 4419/4419 4500/4500
f 4424/4424 4423/4423 4427/4427
f 4484/4484 4495/4495 4480/4480
f 4493/4493 4495/4495 4498/4498
f 4487/4487 4495/4495 4484/4484
f 4498/4498 4495/4495 4487/4487
f 4498/4498 4487/4487 4503/4503
f 4504/4504 4499/4499 4502/4502
f 4503/4503 4487/4487 4488/4488
f 4505/4505 4504/4504 4502/4502
f 4464/4464 4476/4476 4457/4457
f 4476/4476 4506/4506 4482/4482
f 4482/4482 4458/4458 4476/4476
f 4506/4506 4507/4507 4508/4508
f 4507/4507 4476/4476 4464/4464
f 4507/4507 4464/4464 4509/4509
f 4464/4464 4467/4467 4509/4509
f 4507/4507 4509/4509 4508/4508
f 4507/4507 4506/4506 4476/4476
f 4478/4478 4482/4482 4506/4506
f 4510/4510 4478/4478 4506/4506
f 4511/4511 4510/4510 4506/4506
f 4511/4511 4483/4483 4510/4510
f 4512/4512 4511/4511 4506/4506
f 4513/4513 4511/4511 4512/4512
f 4510/4510 4483/4483 4478/4478
f 4509/4509 4514/4514 4508/4508
f 4506/4506 4508/4508 4514/4514
f 4509/4509 4467/4467 4473/4473
f 4514/4514 4509/4509 4515/4515
f 4473/4473 4515/4515 4509/4509
f 4472/4472 4515/4515 4473/4473
f 4512/4512 4506/4506 4514/4514
f 4514/4514 4516/4516 4512/4512
f 4514/4514 3554/3554 4516/4516
f 4512/4512 4516/4516 4517/4517
f 4517/4517 4516/4516 3554/3554
f 3554/3554 4518/4518 4517/4517
f 4515/4515 3554/3554 4514/4514
f 4513/4513 4512/4512 4517/4517
f 4513/4513 4519/4519 4520/4520
f 4513/4513 4520/4520 4485/4485
f 4483/4483 4511/4511 4485/4485
f 4485/4485 4511/4511 4513/4513
f 4488/4488 4522/4522 4503/4503
f 4488/4488 4485/4485 4523/4523
f 4488/4488 4523/4523 4522/4522
f 4523/4523 4485/4485 4520/4520
f 4517/4517 4518/4518 3558/3558
f 4519/4519 3558/3558 4525/4525
f 4517/4517 4519/4519 4513/4513
f 4517/4517 3558/3558 4519/4519
f 4518/4518 3554/3554 3556/3556
f 4518/4518 3556/3556 3558/3558
f 4519/4519 4525/4525 4520/4520
f 4525/4525 3558/3558 3599/3599
f 3599/3599 3635/3635 4525/4525
f 4526/4526 4520/4520 4525/4525
f 4526/4526 4525/4525 3635/3635
f 4520/4520 4526/4526 4523/4523
f 4427/4427 4423/4423 4500/4500
f 4528/4528 4501/4501 4529/4529
f 4530/4530 4496/4496 4497/4497
f 4501/4501 4496/4496 4530/4530
f 4497/4497 4531/4531 4530/4530
f 4529/4529 4530/4530 4531/4531
f 4530/4530 4529/4529 4501/4501
f 4501/4501 4528/4528 4500/4500
f 4531/4531 4497/4497 4532/4532
f 4499/4499 4532/4532 4497/4497
f 4532/4532 4499/4499 4504/4504
f 4533/4533 4532/4532 4504/4504
f 4505/4505 4502/4502 4521/4521
f 3634/3634 4534/4534 4527/4527
f 4535/4535 4534/4534 3634/3634
f 4536/4536 4535/4535 3634/3634
f 4538/4538 4539/4539 4524/4524
f 4527/4527 4534/4534 4524/4524
f 4524/4524 4534/4534 4538/4538
f 4535/4535 4540/4540 4534/4534
f 4540/4540 4538/4538 4534/4534
f 3580/3580 3557/3557 4515/4515
f 3554/3554 4515/4515 3557/3557
f 3582/3582 3580/3580 4541/4541
f 3595/3595 3599/3599 3558/3558
f 3601/3601 3635/3635 3599/3599
f 4537/4537 3635/3635 3609/3609
f 4537/4537 3609/3609 3639/3639
f 4542/4542 4536/4536 4543/4543
f 4542/4542 4535/4535 4536/4536
f 4543/4543 4536/4536 3640/3640
f 4543/4543 3640/3640 4544/4544
f 4545/4545 4543/4543 4544/4544
f 4542/4542 4546/4546 4535/4535
f 4547/4547 4546/4546 4542/4542
f 4548/4548 4542/4542 4543/4543
f 4544/4544 3640/3640 3638/3638
f 4544/4544 3638/3638 3646/3646
f 4549/4549 4543/4543 4545/4545
f 4543/4543 4549/4549 4548/4548
f 4550/4550 4549/4549 4545/4545
f 4548/4548 4547/4547 4542/4542
f 4545/4545 4544/4544 4551/4551
f 4544/4544 3646/3646 4551/4551
f 3646/3646 3648/3648 4551/4551
f 3648/3648 4552/4552 4551/4551
f 4551/4551 4553/4553 4554/4554
f 4553/4553 4551/4551 4552/4552
f 4555/4555 3648/3648 4556/4556
f 3648/3648 4555/4555 4552/4552
f 4553/4553 4552/4552 4555/4555
f 3673/3673 4556/4556 3648/3648
f 4557/4557 3673/3673 3676/3676
f 4556/4556 3673/3673 4557/4557
f 3672/3672 3677/3677 3676/3676
f 3675/3675 3678/3678 4558/4558
f 4559/4559 4560/4560 4561/4561
f 4562/4562 4561/4561 4563/4563
f 4562/4562 4559/4559 4561/4561
f 4564/4564 4559/4559 4562/4562
f 4562/4562 4565/4565 4564/4564
f 4566/4566 4563/4563 4561/4561
f 4562/4562 4563/4563 4566/4566
f 4566/4566 4561/4561 4567/4567
f 4568/4568 4562/4562 4566/4566
f 4569/4569 4566/4566 4567/4567
f 4568/4568 4566/4566 4569/4569
f 4569/4569 4567/4567 4570/4570
f 4571/4571 4565/4565 4562/4562
f 4565/4565 4571/4571 4572/4572
f 4568/4568 4571/4571 4562/4562
f 4571/4571 4568/4568 4573/4573
f 4572/4572 4571/4571 4573/4573
f 4574/4574 4572/4572 4573/4573
f 4573/4573 4568/4568 4569/4569
f 4574/4574 4573/4573 4575/4575
f 4569/4569 4575/4575 4573/4573
f 4576/4576 4575/4575 4569/4569
f 2147/2147 2148/2148 3212/3212
f 4577/4577 4578/4578 4579/4579
f 4580/4580 4577/4577 4581/4581
f 4582/4582 4583/4583 4584/4584
f 4579/4579 4581/4581 4577/4577
f 4584/4584 4579/4579 4582/4582
f 4581/4581 4579/4579 4585/4585
f 2265/2265 2263/2263 4586/4586
f 4586/4586 4580/4580 4581/4581
f 4583/4583 4587/4587 4584/4584
f 4588/4588 4584/4584 4587/4587
f 4588/4588 4587/4587 4589/4589
f 4590/4590 4588/4588 4589/4589
f 4591/4591 4584/4584 4592/4592
f 4584/4584 4588/4588 4593/4593
f 4594/4594 4584/4584 4593/4593
f 4593/4593 4595/4595 4594/4594
f 4594/4594 4592/4592 4584/4584
f 4595/4595 4592/4592 4594/4594
f 4596/4596 4597/4597 4598/4598
f 4599/4599 4596/4596 4598/4598
f 4596/4596 4600/4600 4601/4601
f 4602/4602 4603/4603 4604/4604
f 4604/4604 4605/4605 4606/4606
f 4602/4602 4607/4607 4603/4603
f 4606/4606 4605/4605 4601/4601
f 4606/4606 4601/4601 4608/4608
f 4609/4609 4599/4599 4598/4598
f 4608/4608 4596/4596 4599/4599
f 4608/4608 4600/4600 4596/4596
f 4608/4608 4601/4601 4600/4600
f 4599/4599 4609/4609 4608/4608
f 4598/4598 4597/4597 4610/4610
f 4598/4598 4610/4610 4559/4559
f 4559/4559 4610/4610 4560/4560
f 4598/4598 4559/4559 4564/4564
f 4598/4598 4564/4564 4611/4611
f 4564/4564 4565/4565 4611/4611
f 4609/4609 4598/4598 4611/4611
f 4572/4572 4609/4609 4611/4611
f 4565/4565 4572/4572 4611/4611
f 4612/4612 4609/4609 4572/4572
f 4612/4612 4572/4572 4613/4613
f 4612/4612 4613/4613 4614/4614
f 4614/4614 4615/4615 4616/4616
f 4614/4614 4617/4617 4612/4612
f 4574/4574 4613/4613 4572/4572
f 4613/4613 4574/4574 4615/4615
f 4613/4613 4615/4615 4614/4614
f 4615/4615 4574/4574 4575/4575
f 4618/4618 4619/4619 4620/4620
f 4619/4619 4621/4621 4620/4620
f 4620/4620 4622/4622 4618/4618
f 4618/4618 4622/4622 4623/4623
f 4625/4625 2373/2373 2372/2372
f 2373/2373 2371/2371 2372/2372
f 4626/4626 4627/4627 4628/4628
f 4629/4629 4631/4631 4626/4626
f 4632/4632 4631/4631 4629/4629
f 2373/2373 4625/4625 4630/4630
f 4633/4633 4634/4634 4635/4635
f 4628/4628 4633/4633 4635/4635
f 4633/4633 4628/4628 4636/4636
f 4635/4635 4637/4637 4628/4628
f 4629/4629 4628/4628 4637/4637
f 4629/4629 4637/4637 4638/4638
f 4635/4635 4634/4634 4640/4640
f 4640/4640 4637/4637 4635/4635
f 4641/4641 4637/4637 4640/4640
f 4628/4628 4629/4629 4626/4626
f 4642/4642 4641/4641 4640/4640
f 4642/4642 4640/4640 4643/4643
f 4642/4642 4643/4643 4621/4621
f 4617/4617 4614/4614 4616/4616
f 4575/4575 4644/4644 4615/4615
f 4575/4575 4645/4645 4644/4644
f 4615/4615 4644/4644 4616/4616
f 4646/4646 4647/4647 4012/4012
f 4648/4648 4649/4649 4650/4650
f 4651/4651 4650/4650 4649/4649
f 4652/4652 4653/4653 4654/4654
f 4655/4655 4648/4648 4656/4656
f 4657/4657 4655/4655 4656/4656
f 4657/4657 4656/4656 4654/4654
f 4654/4654 4656/4656 4658/4658
f 4659/4659 4654/4654 4658/4658
f 4654/4654 4660/4660 4652/4652
f 4661/4661 4654/4654 4659/4659
f 4662/4662 4663/4663 4664/4664
f 4660/4660 4654/4654 4661/4661
f 4660/4660 4661/4661 4665/4665
f 4666/4666 4667/4667 4668/4668
f 4669/4669 4666/4666 4668/4668
f 4669/4669 4668/4668 4670/4670
f 4671/4671 4672/4672 4673/4673
f 4674/4674 4675/4675 4671/4671
f 4012/4012 4676/4676 4646/4646
f 4677/4677 4646/4646 4676/4676
f 4678/4678 4679/4679 4680/4680
f 4677/4677 4679/4679 4681/4681
f 4681/4681 4679/4679 4682/4682
f 4679/4679 4678/4678 4682/4682
f 4683/4683 4684/4684 4685/4685
f 4686/4686 4687/4687 4688/4688
f 4688/4688 4682/4682 4678/4678
f 4689/4689 4684/4684 4683/4683
f 4687/4687 4686/4686 4683/4683
f 4689/4689 4683/4683 4686/4686
f 4689/4689 4690/4690 4684/4684
f 4686/4686 4691/4691 4692/4692
f 4692/4692 4689/4689 4686/4686
f 4692/4692 4690/4690 4689/4689
f 4693/4693 4691/4691 4688/4688
f 4686/4686 4688/4688 4691/4691
f 4691/4691 4694/4694 4692/4692
f 4691/4691 4695/4695 4694/4694
f 4693/4693 4695/4695 4691/4691
f 4696/4696 4697/4697 4698/4698
f 4697/4697 4696/4696 4684/4684
f 4685/4685 4684/4684 4696/4696
f 4699/4699 4700/4700 4701/4701
f 4701/4701 4700/4700 4702/4702
f 4703/4703 4699/4699 4701/4701
f 4701/4701 4702/4702 4704/4704
f 4705/4705 4690/4690 4692/4692
f 4705/4705 4692/4692 4694/4694
f 4705/4705 4694/4694 4706/4706
f 4706/4706 4694/4694 4695/4695
f 4707/4707 4706/4706 4695/4695
f 4693/4693 4708/4708 4695/4695
f 4707/4707 4695/4695 4709/4709
f 4709/4709 4710/4710 4707/4707
f 4711/4711 4710/4710 4712/4712
f 4712/4712 4713/4713 4711/4711
f 4713/4713 4712/4712 4714/4714
f 4712/4712 4715/4715 4714/4714
f 4716/4716 4698/4698 4717/4717
f 4716/4716 4717/4717 4718/4718
f 4717/4717 4698/4698 4697/4697
f 4719/4719 4697/4697 4684/4684
f 4719/4719 4684/4684 4690/4690
f 4697/4697 4720/4720 4717/4717
f 4720/4720 4718/4718 4717/4717
f 4719/4719 4720/4720 4697/4697
f 4716/4716 4700/4700 4699/4699
f 4700/4700 4716/4716 4718/4718
f 4700/4700 4718/4718 4702/4702
f 4718/4718 4720/4720 4721/4721
f 4719/4719 4721/4721 4720/4720
f 4702/4702 4718/4718 4721/4721
f 4721/4721 4722/4722 4723/4723
f 4705/4705 4719/4719 4690/4690
f 4705/4705 4706/4706 4719/4719
f 4706/4706 4707/4707 4719/4719
f 4721/4721 4719/4719 4707/4707
f 4724/4724 4721/4721 4707/4707
f 4722/4722 4721/4721 4724/4724
f 4711/4711 4724/4724 4707/4707
f 4710/4710 4711/4711 4707/4707
f 4723/4723 4702/4702 4721/4721
f 4722/4722 4725/4725 4723/4723
f 4726/4726 4723/4723 4725/4725
f 4727/4727 4722/4722 4724/4724
f 4722/4722 4727/4727 4725/4725
f 4728/4728 4725/4725 4727/4727
f 4728/4728 4727/4727 4729/4729
f 4724/4724 4711/4711 4713/4713
f 4724/4724 4729/4729 4727/4727
f 4729/4729 4724/4724 4713/4713
f 4729/4729 4713/4713 4714/4714
f 4730/4730 4729/4729 4714/4714
f 4731/4731 4732/4732 4733/4733
f 4731/4731 4733/4733 4734/4734
f 4733/4733 4735/4735 4734/4734
f 4736/4736 4733/4733 4732/4732
f 4676/4676 4012/4012 4017/4017
f 4737/4737 4715/4715 4712/4712
f 4738/4738 4739/4739 4740/4740
f 4741/4741 4737/4737 4739/4739
f 4715/4715 4730/4730 4714/4714
f 4730/4730 4715/4715 4737/4737
f 4730/4730 4737/4737 4741/4741
f 4741/4741 4739/4739 4738/4738
f 4170/4170 4107/4107 4109/4109
f 3466/3466 3411/3411 3410/3410
f 4742/4742 3411/3411 3466/3466
f 3415/3415 3412/3412 3411/3411
f 4742/4742 3415/3415 3411/3411
f 4743/4743 4742/4742 4744/4744
f 3416/3416 3415/3415 3419/3419
f 4745/4745 4746/4746 4742/4742
f 4745/4745 4742/4742 4743/4743
f 4746/4746 4747/4747 3419/3419
f 4746/4746 3419/3419 3415/3415
f 4742/4742 4746/4746 3415/3415
f 4745/4745 4748/4748 4749/4749
f 4749/4749 4746/4746 4745/4745
f 4750/4750 4746/4746 4749/4749
f 3417/3417 4751/4751 4752/4752
f 4751/4751 3417/3417 3386/3386
f 4751/4751 3386/3386 4753/4753
f 4754/4754 3421/3421 3420/3420
f 3430/3430 3421/3421 3432/3432
f 4754/4754 3432/3432 3421/3421
f 4755/4755 3424/3424 1465/1465
f 1465/1465 2696/2696 4755/4755
f 4755/4755 3425/3425 3424/3424
f 4755/4755 3428/3428 3425/3425
f 3428/3428 3429/3429 3425/3425
f 3428/3428 3427/3427 3429/3429
f 4755/4755 3426/3426 3428/3428
f 2696/2696 4756/4756 4755/4755
f 2696/2696 2698/2698 4756/4756
f 4755/4755 4754/4754 3426/3426
f 3426/3426 4754/4754 3420/3420
f 4756/4756 4754/4754 4755/4755
f 4756/4756 3432/3432 4754/4754
f 2695/2695 1433/1433 4757/4757
f 4758/4758 2695/2695 4757/4757
f 2700/2700 2695/2695 4758/4758
f 4759/4759 4760/4760 4761/4761
f 4761/4761 4762/4762 4759/4759
f 4758/4758 4759/4759 4762/4762
f 4763/4763 4759/4759 4758/4758
f 4757/4757 4764/4764 4758/4758
f 4757/4757 1433/1433 4765/4765
f 4764/4764 4757/4757 4765/4765
f 4760/4760 4759/4759 4766/4766
f 4763/4763 4766/4766 4759/4759
f 4764/4764 4763/4763 4758/4758
f 4764/4764 4766/4766 4763/4763
f 4764/4764 4765/4765 4767/4767
f 4764/4764 4767/4767 4766/4766
f 3432/3432 4756/4756 3436/3436
f 4768/4768 3436/3436 4756/4756
f 3432/3432 3436/3436 3431/3431
f 3435/3435 4769/4769 3464/3464
f 3436/3436 4769/4769 3435/3435
f 3436/3436 4770/4770 4769/4769
f 4770/4770 4772/4772 4769/4769
f 1433/1433 4773/4773 4765/4765
f 4765/4765 4773/4773 4774/4774
f 4775/4775 4774/4774 4776/4776
f 4776/4776 4773/4773 3409/3409
f 4776/4776 4774/4774 4773/4773
f 4765/4765 4777/4777 4767/4767
f 4779/4779 4777/4777 4781/4781
f 4782/4782 4766/4766 4783/4783
f 4767/4767 4783/4783 4766/4766
f 4777/4777 4783/4783 4767/4767
f 4783/4783 4779/4779 4782/4782
f 4779/4779 4783/4783 4777/4777
f 4784/4784 4777/4777 4765/4765
f 4784/4784 4765/4765 4774/4774
f 4777/4777 4784/4784 4772/4772
f 4784/4784 4785/4785 4772/4772
f 4784/4784 4774/4774 4785/4785
f 4786/4786 4772/4772 4785/4785
f 4787/4787 4772/4772 4786/4786
f 4775/4775 4786/4786 4785/4785
f 4775/4775 4785/4785 4774/4774
f 4788/4788 2720/2720 2700/2700
f 4788/4788 2698/2698 2720/2720
f 4788/4788 2700/2700 4758/4758
f 2698/2698 4788/4788 4761/4761
f 4762/4762 4788/4788 4758/4758
f 4762/4762 4761/4761 4788/4788
f 3438/3438 3442/3442 3439/3439
f 3449/3449 3445/3445 3444/3444
f 3445/3445 3449/3449 3453/3453
f 3456/3456 3445/3445 3454/3454
f 3454/3454 3445/3445 3453/3453
f 3451/3451 3449/3449 3448/3448
f 3449/3449 3451/3451 3453/3453
f 4789/4789 3455/3455 3460/3460
f 3455/3455 3461/3461 3459/3459
f 3461/3461 3455/3455 4789/4789
f 4789/4789 4191/4191 3461/3461
f 3448/3448 3450/3450 3451/3451
f 3435/3435 3463/3463 3434/3434
f 3435/3435 3464/3464 3463/3463
f 3464/3464 4769/4769 4790/4790
f 4773/4773 1433/1433 3409/3409
f 4787/4787 4790/4790 4769/4769
f 4791/4791 4790/4790 4787/4787
f 4787/4787 4792/4792 4791/4791
f 4775/4775 4776/4776 4793/4793
f 4793/4793 4791/4791 4792/4792
f 4793/4793 4776/4776 4794/4794
f 4795/4795 4791/4791 4793/4793
f 4793/4793 4794/4794 4795/4795
f 4776/4776 3409/3409 4794/4794
f 4794/4794 3409/3409 4796/4796
f 4790/4790 3466/3466 3464/3464
f 3466/3466 4790/4790 4744/4744
f 4744/4744 4742/4742 3466/3466
f 4797/4797 4744/4744 4791/4791
f 4798/4798 4794/4794 4796/4796
f 4798/4798 4795/4795 4794/4794
f 4798/4798 4791/4791 4795/4795
f 4791/4791 4798/4798 4799/4799
f 4798/4798 4796/4796 4800/4800
f 4800/4800 4799/4799 4798/4798
f 4791/4791 4799/4799 4797/4797
f 4787/4787 4786/4786 4792/4792
f 4775/4775 4792/4792 4786/4786
f 4792/4792 4775/4775 4793/4793
f 4801/4801 4743/4743 4744/4744
f 3477/3477 3479/3479 3474/3474
f 3480/3480 4789/4789 3460/3460
f 4191/4191 4789/4789 3480/3480
f 3487/3487 4299/4299 3480/3480
f 4802/4802 3487/3487 3490/3490
f 4300/4300 3487/3487 4802/4802
f 3485/3485 3474/3474 3479/3479
f 3491/3491 3486/3486 4803/4803
f 3486/3486 3479/3479 4803/4803
f 4803/4803 3479/3479 3489/3489
f 3486/3486 3491/3491 3488/3488
f 4351/4351 3491/3491 4803/4803
f 4349/4349 3490/3490 3491/3491
f 4802/4802 3490/3490 4349/4349
f 4349/4349 3491/3491 4351/4351
f 4804/4804 4803/4803 4805/4805
f 4351/4351 4803/4803 4804/4804
f 4806/4806 4351/4351 4804/4804
f 4805/4805 4807/4807 4804/4804
f 4806/4806 4804/4804 4807/4807
f 3409/3409 3408/3408 3417/3417
f 4796/4796 3417/3417 4808/4808
f 4796/4796 3409/3409 3417/3417
f 4800/4800 4796/4796 4809/4809
f 4799/4799 4800/4800 4801/4801
f 4810/4810 4796/4796 4808/4808
f 4810/4810 4808/4808 4811/4811
f 4810/4810 4811/4811 4812/4812
f 4813/4813 4745/4745 4743/4743
f 4813/4813 4812/4812 4814/4814
f 4815/4815 4814/4814 4811/4811
f 4811/4811 4814/4814 4812/4812
f 4816/4816 4808/4808 4817/4817
f 4808/4808 3417/3417 4752/4752
f 4808/4808 4752/4752 4817/4817
f 4811/4811 4808/4808 4816/4816
f 4811/4811 4816/4816 4815/4815
f 4814/4814 4815/4815 4816/4816
f 4809/4809 4801/4801 4800/4800
f 4809/4809 4813/4813 4801/4801
f 4810/4810 4809/4809 4796/4796
f 4812/4812 4813/4813 4810/4810
f 4810/4810 4813/4813 4809/4809
f 4748/4748 4745/4745 4814/4814
f 4814/4814 4816/4816 4817/4817
f 4748/4748 4814/4814 4817/4817
f 4818/4818 4748/4748 4817/4817
f 4819/4819 4748/4748 4818/4818
f 4817/4817 4752/4752 4818/4818
f 4820/4820 4818/4818 4752/4752
f 4751/4751 4820/4820 4752/4752
f 4819/4819 4749/4749 4748/4748
f 4820/4820 4819/4819 4818/4818
f 4821/4821 4822/4822 4819/4819
f 4819/4819 4820/4820 4821/4821
f 4823/4823 4820/4820 4751/4751
f 4823/4823 4821/4821 4820/4820
f 4824/4824 3495/3495 3494/3494
f 4825/4825 4824/4824 3494/3494
f 4747/4747 3493/3493 3419/3419
f 3493/3493 3418/3418 3419/3419
f 4750/4750 4747/4747 4746/4746
f 4747/4747 3494/3494 3493/3493
f 4750/4750 3494/3494 4747/4747
f 3494/3494 4750/4750 4825/4825
f 4753/4753 3386/3386 4826/4826
f 4827/4827 4753/4753 4826/4826
f 4823/4823 4751/4751 4753/4753
f 4823/4823 4753/4753 4828/4828
f 4829/4829 4830/4830 4831/4831
f 4830/4830 4828/4828 4831/4831
f 4753/4753 4827/4827 4828/4828
f 4750/4750 4832/4832 4825/4825
f 4832/4832 4833/4833 4825/4825
f 4832/4832 4831/4831 4834/4834
f 4828/4828 4827/4827 4835/4835
f 4828/4828 4835/4835 4831/4831
f 4834/4834 4831/4831 4835/4835
f 4836/4836 4834/4834 4835/4835
f 4835/4835 4827/4827 4836/4836
f 4832/4832 4834/4834 4837/4837
f 4837/4837 4834/4834 4836/4836
f 4838/4838 4836/4836 4827/4827
f 4824/4824 3498/3498 3495/3495
f 4824/4824 3501/3501 3498/3498
f 4824/4824 4825/4825 3501/3501
f 4839/4839 4825/4825 4840/4840
f 3499/3499 4841/4841 3500/3500
f 4842/4842 4841/4841 3499/3499
f 4825/4825 3499/3499 3501/3501
f 4825/4825 4839/4839 4843/4843
f 4842/4842 3499/3499 4825/4825
f 4825/4825 4843/4843 4842/4842
f 4833/4833 4840/4840 4825/4825
f 4844/4844 4840/4840 4833/4833
f 4838/4838 4837/4837 4836/4836
f 4833/4833 4837/4837 4844/4844
f 4838/4838 4844/4844 4837/4837
f 4845/4845 4842/4842 4843/4843
f 4846/4846 4826/4826 3386/3386
f 4827/4827 4826/4826 4847/4847
f 4838/4838 4827/4827 4847/4847
f 4848/4848 4849/4849 4839/4839
f 4847/4847 4826/4826 4846/4846
f 4846/4846 4850/4850 4847/4847
f 4839/4839 4844/4844 4848/4848
f 4847/4847 4844/4844 4838/4838
f 4847/4847 4848/4848 4844/4844
f 4850/4850 4848/4848 4847/4847
f 4849/4849 4843/4843 4839/4839
f 4845/4845 4843/4843 4851/4851
f 4851/4851 4843/4843 4849/4849
f 4850/4850 4849/4849 4848/4848
f 4849/4849 4850/4850 4851/4851
f 4850/4850 4846/4846 4852/4852
f 4852/4852 4851/4851 4850/4850
f 4852/4852 4845/4845 4851/4851
f 4853/4853 4854/4854 4845/4845
f 4845/4845 4852/4852 4853/4853
f 4855/4855 4852/4852 4846/4846
f 4855/4855 4853/4853 4852/4852
f 3504/3504 3523/3523 3505/3505
f 3506/3506 3503/3503 3505/3505
f 3506/3506 3505/3505 4856/4856
f 4857/4857 4856/4856 3505/3505
f 3506/3506 4856/4856 3508/3508
f 4857/4857 4858/4858 4856/4856
f 4859/4859 3511/3511 3510/3510
f 3509/3509 3508/3508 3512/3512
f 4856/4856 3512/3512 3508/3508
f 4858/4858 3512/3512 4856/4856
f 3512/3512 4858/4858 4860/4860
f 4858/4858 4861/4861 4862/4862
f 4863/4863 4860/4860 4858/4858
f 4858/4858 4862/4862 4863/4863
f 4860/4860 3510/3510 3512/3512
f 4860/4860 4859/4859 3510/3510
f 4860/4860 4863/4863 4859/4859
f 3500/3500 4841/4841 3513/3513
f 4841/4841 4864/4864 3513/3513
f 4841/4841 4842/4842 4864/4864
f 4864/4864 3521/3521 3513/3513
f 4864/4864 3522/3522 3521/3521
f 4842/4842 3522/3522 4864/4864
f 3521/3521 3522/3522 3520/3520
f 4842/4842 4865/4865 3522/3522
f 4866/4866 4867/4867 4868/4868
f 4869/4869 4870/4870 4867/4867
f 4870/4870 4868/4868 4867/4867
f 4866/4866 4868/4868 4871/4871
f 3523/3523 3522/3522 4865/4865
f 4865/4865 3505/3505 3523/3523
f 4857/4857 3505/3505 4865/4865
f 3492/3492 4846/4846 3386/3386
f 4846/4846 3492/3492 4872/4872
f 4873/4873 4855/4855 4846/4846
f 4873/4873 4869/4869 4855/4855
f 4873/4873 4846/4846 4872/4872
f 4873/4873 4870/4870 4869/4869
f 4874/4874 4872/4872 3492/3492
f 4873/4873 4872/4872 4875/4875
f 4872/4872 4876/4876 4875/4875
f 4877/4877 4871/4871 4868/4868
f 4868/4868 4870/4870 4877/4877
f 4875/4875 4877/4877 4870/4870
f 4870/4870 4873/4873 4875/4875
f 4876/4876 4877/4877 4875/4875
f 4877/4877 4876/4876 4878/4878
f 4876/4876 4872/4872 4879/4879
f 4880/4880 4876/4876 4879/4879
f 4880/4880 4878/4878 4876/4876
f 4872/4872 4874/4874 4879/4879
f 4879/4879 4874/4874 4880/4880
f 4854/4854 4853/4853 4866/4866
f 4869/4869 4853/4853 4855/4855
f 4869/4869 4866/4866 4853/4853
f 4869/4869 4867/4867 4866/4866
f 4874/4874 3492/3492 4881/4881
f 4874/4874 4881/4881 4882/4882
f 4882/4882 4881/4881 4883/4883
f 4884/4884 4861/4861 4857/4857
f 4885/4885 4861/4861 4884/4884
f 4885/4885 4884/4884 4883/4883
f 4886/4886 4883/4883 4881/4881
f 4886/4886 4885/4885 4883/4883
f 4885/4885 4887/4887 4861/4861
f 4886/4886 4887/4887 4885/4885
f 4882/4882 4880/4880 4874/4874
f 4883/4883 4884/4884 4882/4882
f 4882/4882 4884/4884 4880/4880
f 4887/4887 4862/4862 4861/4861
f 4888/4888 4863/4863 4862/4862
f 4862/4862 4887/4887 4888/4888
f 4889/4889 4803/4803 3489/3489
f 3535/3535 3538/3538 3489/3489
f 4890/4890 3489/3489 3538/3538
f 4889/4889 3489/3489 4890/4890
f 4889/4889 4890/4890 4891/4891
f 4807/4807 4805/4805 4892/4892
f 4805/4805 4803/4803 4891/4891
f 4891/4891 4803/4803 4889/4889
f 4891/4891 4893/4893 4805/4805
f 4893/4893 4894/4894 4805/4805
f 4894/4894 4892/4892 4805/4805
f 4895/4895 4891/4891 4890/4890
f 4895/4895 4890/4890 4896/4896
f 4897/4897 4895/4895 4896/4896
f 4893/4893 4891/4891 4895/4895
f 4893/4893 4895/4895 4898/4898
f 4894/4894 4893/4893 4898/4898
f 4897/4897 4898/4898 4895/4895
f 4897/4897 4899/4899 4461/4461
f 4897/4897 4461/4461 4898/4898
f 4461/4461 4899/4899 4465/4465
f 4828/4828 4821/4821 4823/4823
f 4828/4828 4830/4830 4821/4821
f 3566/3566 3551/3551 3548/3548
f 3549/3549 3538/3538 3539/3539
f 3538/3538 3549/3549 4900/4900
f 4890/4890 3538/3538 4900/4900
f 3549/3549 3553/3553 4900/4900
f 4896/4896 4890/4890 4900/4900
f 4896/4896 4900/4900 3553/3553
f 3553/3553 3550/3550 3552/3552
f 4896/4896 3553/3553 3552/3552
f 4896/4896 3552/3552 3574/3574
f 3574/3574 3552/3552 3551/3551
f 3576/3576 4896/4896 3574/3574
f 4896/4896 4899/4899 4897/4897
f 4899/4899 4896/4896 4901/4901
f 4896/4896 3576/3576 4901/4901
f 4901/4901 3576/3576 4902/4902
f 4902/4902 4903/4903 4901/4901
f 4904/4904 4903/4903 4902/4902
f 4901/4901 4465/4465 4899/4899
f 4465/4465 4901/4901 4903/4903
f 4465/4465 4903/4903 3584/3584
f 3579/3579 3566/3566 3567/3567
f 3564/3564 4905/4905 3567/3567
f 4905/4905 3579/3579 3567/3567
f 3568/3568 3565/3565 3563/3563
f 3571/3571 3564/3564 3565/3565
f 4905/4905 3564/3564 4906/4906
f 3565/3565 3568/3568 3571/3571
f 3765/3765 3569/3569 3528/3528
f 3570/3570 3569/3569 3765/3765
f 3570/3570 3765/3765 3776/3776
f 3776/3776 3572/3572 3570/3570
f 3564/3564 3571/3571 4906/4906
f 4906/4906 3571/3571 3570/3570
f 4906/4906 3570/3570 4907/4907
f 4908/4908 4906/4906 4907/4907
f 4908/4908 4907/4907 4909/4909
f 4909/4909 4907/4907 3570/3570
f 4909/4909 3570/3570 3573/3573
f 3566/3566 3574/3574 3551/3551
f 4902/4902 3576/3576 3575/3575
f 4910/4910 4902/4902 3575/3575
f 4910/4910 3575/3575 3578/3578
f 3575/3575 3574/3574 3578/3578
f 3578/3578 4911/4911 4910/4910
f 3574/3574 3566/3566 3579/3579
f 3577/3577 3579/3579 4905/4905
f 3579/3579 3578/3578 3574/3574
f 4912/4912 3578/3578 3577/3577
f 4911/4911 3578/3578 4912/4912
f 4904/4904 4902/4902 4910/4910
f 3584/3584 4904/4904 4910/4910
f 3585/3585 3584/3584 4910/4910
f 4904/4904 3584/3584 4903/4903
f 3584/3584 3583/3583 4465/4465
f 3585/3585 4910/4910 3587/3587
f 3624/3624 3588/3588 3587/3587
f 4913/4913 3583/3583 4541/4541
f 3590/3590 3583/3583 3586/3586
f 3590/3590 4541/4541 3583/3583
f 4541/4541 3590/3590 3582/3582
f 3621/3621 3586/3586 3588/3588
f 3590/3590 3586/3586 3592/3592
f 3586/3586 3621/3621 3592/3592
f 3591/3591 3621/3621 3593/3593
f 4911/4911 3587/3587 4910/4910
f 3587/3587 4911/4911 3624/3624
f 4906/4906 3577/3577 4905/4905
f 3577/3577 4906/4906 4908/4908
f 4914/4914 3577/3577 4908/4908
f 4912/4912 3577/3577 4914/4914
f 4914/4914 4915/4915 4912/4912
f 4912/4912 4915/4915 4911/4911
f 3624/3624 4915/4915 3611/3611
f 4915/4915 4914/4914 3611/3611
f 4908/4908 3612/3612 4914/4914
f 4914/4914 3612/3612 3611/3611
f 3588/3588 3624/3624 3622/3622
f 3621/3621 3588/3588 3622/3622
f 4915/4915 3624/3624 4911/4911
f 3611/3611 3627/3627 3624/3624
f 3625/3625 3624/3624 3627/3627
f 3626/3626 3625/3625 3627/3627
f 3626/3626 3627/3627 3631/3631
f 3626/3626 3631/3631 3628/3628
f 3788/3788 3631/3631 3627/3627
f 3788/3788 3632/3632 3631/3631
f 3628/3628 3618/3618 3626/3626
f 3782/3782 4908/4908 4909/4909
f 3612/3612 4908/4908 3782/3782
f 3736/3736 4558/4558 3678/3678
f 3736/3736 4916/4916 4558/4558
f 3736/3736 3735/3735 3707/3707
f 4917/4917 3738/3738 4918/4918
f 4881/4881 3492/3492 3738/3738
f 4919/4919 4881/4881 3738/3738
f 4881/4881 4887/4887 4886/4886
f 4919/4919 4887/4887 4881/4881
f 4920/4920 4921/4921 4888/4888
f 4917/4917 4921/4921 4920/4920
f 4920/4920 4919/4919 4917/4917
f 4919/4919 3738/3738 4917/4917
f 4887/4887 4919/4919 4888/4888
f 4920/4920 4888/4888 4919/4919
f 4863/4863 4888/4888 4922/4922
f 4922/4922 4888/4888 4921/4921
f 4921/4921 4923/4923 4922/4922
f 4918/4918 4921/4921 4917/4917
f 4924/4924 4925/4925 3736/3736
f 4916/4916 3736/3736 4925/4925
f 4926/4926 4925/4925 4924/4924
f 4926/4926 4924/4924 4927/4927
f 4926/4926 4927/4927 4928/4928
f 4929/4929 4926/4926 4928/4928
f 4924/4924 3736/3736 3707/3707
f 4927/4927 4924/4924 3707/3707
f 4927/4927 3707/3707 4930/4930
f 3741/3741 4930/4930 3707/3707
f 3741/3741 4931/4931 4930/4930
f 3739/3739 4931/4931 3741/3741
f 4931/4931 3739/3739 4932/4932
f 4930/4930 4928/4928 4927/4927
f 4931/4931 4933/4933 4930/4930
f 4928/4928 4930/4930 4933/4933
f 4934/4934 4928/4928 4935/4935
f 4936/4936 4935/4935 4937/4937
f 4936/4936 4938/4938 4935/4935
f 4939/4939 4936/4936 4937/4937
f 4008/4008 4936/4936 4939/4939
f 4940/4940 4934/4934 4941/4941
f 4941/4941 4934/4934 4935/4935
f 4941/4941 4935/4935 4938/4938
f 4938/4938 4936/4936 4008/4008
f 4942/4942 4941/4941 4938/4938
f 4938/4938 4008/4008 4009/4009
f 4011/4011 4938/4938 4009/4009
f 4859/4859 4943/4943 3511/3511
f 3511/3511 4943/4943 3758/3758
f 3774/3774 3770/3770 3773/3773
f 4944/4944 3774/3774 3775/3775
f 4945/4945 3774/3774 4946/4946
f 4946/4946 3774/3774 4944/4944
f 3774/3774 4945/4945 3770/3770
f 4945/4945 3771/3771 3770/3770
f 3779/3779 3771/3771 4945/4945
f 4946/4946 4947/4947 4945/4945
f 3777/3777 3779/3779 3778/3778
f 3779/3779 4945/4945 4947/4947
f 4948/4948 3779/3779 4947/4947
f 3778/3778 3779/3779 4948/4948
f 3778/3778 4948/4948 4949/4949
f 4950/4950 4948/4948 4947/4947
f 4949/4949 4948/4948 4950/4950
f 4909/4909 3573/3573 3782/3782
f 3780/3780 3782/3782 3573/3573
f 3778/3778 3783/3783 3780/3780
f 3785/3785 3791/3791 3781/3781
f 3778/3778 4949/4949 3783/3783
f 3783/3783 4949/4949 4950/4950
f 3783/3783 4950/4950 3784/3784
f 4950/4950 4947/4947 3786/3786
f 4950/4950 3786/3786 3784/3784
f 3612/3612 3782/3782 3791/3791
f 3612/3612 3791/3791 3613/3613
f 3797/3797 4951/4951 3790/3790
f 4951/4951 3822/3822 3790/3790
f 3799/3799 3798/3798 4951/4951
f 3798/3798 3822/3822 4951/4951
f 3797/3797 3799/3799 4951/4951
f 3799/3799 3797/3797 3801/3801
f 3848/3848 3802/3802 3800/3800
f 3858/3858 3787/3787 3940/3940
f 3856/3856 3849/3849 3859/3859
f 3858/3858 4952/4952 3859/3859
f 4953/4953 3861/3861 3860/3860
f 4943/4943 4859/4859 4954/4954
f 4955/4955 4954/4954 4859/4859
f 4956/4956 3864/3864 4954/4954
f 4943/4943 4954/4954 3758/3758
f 3864/3864 3758/3758 4954/4954
f 4954/4954 4955/4955 4956/4956
f 4957/4957 4955/4955 4859/4859
f 4923/4923 4859/4859 4863/4863
f 4958/4958 4957/4957 4923/4923
f 3737/3737 4918/4918 3738/3738
f 4918/4918 3737/3737 4959/4959
f 4959/4959 3737/3737 4960/4960
f 4957/4957 4958/4958 4961/4961
f 4961/4961 4958/4958 4960/4960
f 4956/4956 3865/3865 3864/3864
f 4956/4956 3868/3868 3865/3865
f 3868/3868 3878/3878 3867/3867
f 4962/4962 4955/4955 4957/4957
f 3737/3737 3862/3862 4963/4963
f 3737/3737 4963/4963 4960/4960
f 4964/4964 4961/4961 4963/4963
f 4963/4963 4961/4961 4960/4960
f 3868/3868 4956/4956 3878/3878
f 4955/4955 4965/4965 4956/4956
f 3407/3407 4966/4966 3862/3862
f 4967/4967 4962/4962 4961/4961
f 4961/4961 4964/4964 4967/4967
f 4964/4964 4963/4963 4968/4968
f 4967/4967 4964/4964 4968/4968
f 4963/4963 3862/3862 4968/4968
f 4966/4966 4968/4968 3862/3862
f 4968/4968 4966/4966 4969/4969
f 4969/4969 4966/4966 4970/4970
f 4968/4968 4969/4969 4967/4967
f 4969/4969 4971/4971 4967/4967
f 4971/4971 4969/4969 4970/4970
f 3871/3871 4972/4972 3873/3873
f 3873/3873 4972/4972 3874/3874
f 4965/4965 3871/3871 4956/4956
f 4956/4956 3871/3871 3878/3878
f 3878/3878 3871/3871 3870/3870
f 4962/4962 4965/4965 4955/4955
f 3871/3871 4965/4965 4972/4972
f 4966/4966 3407/3407 3750/3750
f 4973/4973 4966/4966 3750/3750
f 4973/4973 4970/4970 4966/4966
f 4974/4974 3874/3874 4972/4972
f 3874/3874 4974/4974 3880/3880
f 4974/4974 3882/3882 3880/3880
f 4972/4972 4965/4965 4974/4974
f 4975/4975 4976/4976 4971/4971
f 4977/4977 4978/4978 4975/4975
f 4979/4979 4976/4976 4975/4975
f 4975/4975 4978/4978 4979/4979
f 4970/4970 4977/4977 4971/4971
f 4975/4975 4971/4971 4977/4977
f 4979/4979 4980/4980 4976/4976
f 4970/4970 4973/4973 4981/4981
f 4981/4981 4977/4977 4970/4970
f 4977/4977 4981/4981 4978/4978
f 4978/4978 4981/4981 4982/4982
f 4983/4983 4980/4980 4979/4979
f 4984/4984 4979/4979 4982/4982
f 4982/4982 4979/4979 4978/4978
f 4983/4983 4979/4979 4984/4984
f 4980/4980 4985/4985 4974/4974
f 4973/4973 3750/3750 3751/3751
f 4981/4981 4973/4973 4982/4982
f 3751/3751 4986/4986 4973/4973
f 4984/4984 4982/4982 4987/4987
f 4988/4988 4980/4980 4983/4983
f 4989/4989 4983/4983 4984/4984
f 4989/4989 4988/4988 4983/4983
f 4982/4982 4973/4973 4986/4986
f 4986/4986 4987/4987 4982/4982
f 4990/4990 4989/4989 4987/4987
f 4987/4987 4989/4989 4984/4984
f 4989/4989 4990/4990 4988/4988
f 4990/4990 4987/4987 4991/4991
f 4992/4992 4987/4987 4986/4986
f 4992/4992 4991/4991 4987/4987
f 4974/4974 4993/4993 3882/3882
f 4974/4974 4985/4985 4993/4993
f 4994/4994 4993/4993 4985/4985
f 3883/3883 3882/3882 3887/3887
f 3882/3882 4993/4993 3887/3887
f 4988/4988 4994/4994 4985/4985
f 4995/4995 4994/4994 4988/4988
f 4993/4993 3890/3890 3887/3887
f 4994/4994 3890/3890 4993/4993
f 4988/4988 4990/4990 4991/4991
f 4988/4988 4991/4991 4995/4995
f 4991/4991 4996/4996 4995/4995
f 4997/4997 4995/4995 4996/4996
f 4921/4921 4918/4918 4998/4998
f 4998/4998 4923/4923 4921/4921
f 4923/4923 4998/4998 4958/4958
f 4959/4959 4998/4998 4918/4918
f 4959/4959 4958/4958 4998/4998
f 4960/4960 4958/4958 4959/4959
f 3893/3893 3775/3775 3763/3763
f 4999/4999 3891/3891 5000/5000
f 3891/3891 3892/3892 5001/5001
f 5001/5001 5000/5000 3891/3891
f 5001/5001 5002/5002 5000/5000
f 5003/5003 5001/5001 3892/3892
f 5003/5003 3892/3892 3879/3879
f 5004/5004 5002/5002 5001/5001
f 5003/5003 5004/5004 5001/5001
f 5005/5005 5002/5002 5004/5004
f 5003/5003 3879/3879 3894/3894
f 5006/5006 3894/3894 5007/5007
f 5004/5004 5003/5003 3894/3894
f 3894/3894 5006/5006 5004/5004
f 5005/5005 5004/5004 5006/5006
f 4944/4944 3775/3775 3893/3893
f 4944/4944 3893/3893 3891/3891
f 4946/4946 4944/4944 5008/5008
f 5008/5008 5009/5009 4946/4946
f 4944/4944 3891/3891 5008/5008
f 5008/5008 3891/3891 4999/4999
f 5010/5010 5008/5008 4999/4999
f 5009/5009 5008/5008 5010/5010
f 5011/5011 5010/5010 5012/5012
f 4947/4947 4946/4946 5009/5009
f 4947/4947 5009/5009 5013/5013
f 5011/5011 5009/5009 5010/5010
f 5013/5013 5009/5009 5011/5011
f 5010/5010 4999/4999 5014/5014
f 5012/5012 5010/5010 5014/5014
f 5015/5015 5012/5012 5014/5014
f 5012/5012 5015/5015 5016/5016
f 4999/4999 5000/5000 5014/5014
f 5014/5014 5000/5000 5017/5017
f 5018/5018 5014/5014 5017/5017
f 5015/5015 5014/5014 5018/5018
f 5016/5016 5011/5011 5012/5012
f 3938/3938 5011/5011 5016/5016
f 5011/5011 3938/3938 3937/3937
f 5016/5016 5015/5015 5019/5019
f 5019/5019 5015/5015 5020/5020
f 5016/5016 5019/5019 5021/5021
f 3938/3938 5016/5016 5021/5021
f 3938/3938 5021/5021 5022/5022
f 3936/3936 3938/3938 5022/5022
f 5019/5019 5023/5023 5021/5021
f 5022/5022 5021/5021 5024/5024
f 5007/5007 3894/3894 3884/3884
f 5000/5000 5002/5002 5025/5025
f 5025/5025 5002/5002 5026/5026
f 5002/5002 5027/5027 5026/5026
f 5005/5005 5028/5028 5027/5027
f 5006/5006 5028/5028 5005/5005
f 5017/5017 5000/5000 5025/5025
f 5017/5017 5025/5025 5029/5029
f 5018/5018 5017/5017 5029/5029
f 5029/5029 5025/5025 5026/5026
f 5018/5018 5029/5029 5030/5030
f 5018/5018 5020/5020 5015/5015
f 5023/5023 5019/5019 5020/5020
f 5020/5020 5018/5018 5031/5031
f 5030/5030 5031/5031 5018/5018
f 5031/5031 5023/5023 5020/5020
f 5032/5032 5023/5023 5031/5031
f 5029/5029 5026/5026 5033/5033
f 5030/5030 5029/5029 5033/5033
f 5031/5031 5030/5030 5034/5034
f 5032/5032 5031/5031 5034/5034
f 5033/5033 5034/5034 5030/5030
f 5023/5023 5032/5032 5021/5021
f 3884/3884 5035/5035 5007/5007
f 5028/5028 5006/5006 5036/5036
f 5036/5036 5006/5006 5007/5007
f 5007/5007 5035/5035 5036/5036
f 5037/5037 5038/5038 5036/5036
f 5036/5036 5035/5035 5037/5037
f 5038/5038 5027/5027 5028/5028
f 5027/5027 5038/5038 5039/5039
f 5035/5035 3884/3884 3886/3886
f 5039/5039 5038/5038 5040/5040
f 5041/5041 5038/5038 5037/5037
f 5041/5041 5037/5037 5035/5035
f 5042/5042 5038/5038 5041/5041
f 5042/5042 5040/5040 5038/5038
f 5026/5026 5039/5039 5043/5043
f 5039/5039 5040/5040 5043/5043
f 3895/3895 5044/5044 3886/3886
f 5044/5044 5035/5035 3886/3886
f 5041/5041 5035/5035 5044/5044
f 5045/5045 5043/5043 5040/5040
f 5046/5046 5040/5040 5042/5042
f 5038/5038 5028/5028 5036/5036
f 5047/5047 5032/5032 5034/5034
f 5021/5021 5032/5032 5048/5048
f 5024/5024 5021/5021 5048/5048
f 5049/5049 5024/5024 5048/5048
f 5048/5048 5032/5032 5047/5047
f 5050/5050 5048/5048 5047/5047
f 5050/5050 5051/5051 5048/5048
f 5049/5049 5048/5048 5051/5051
f 5033/5033 5026/5026 5043/5043
f 5033/5033 5043/5043 5053/5053
f 5054/5054 5043/5043 5045/5045
f 5053/5053 5043/5043 5054/5054
f 5034/5034 5033/5033 5055/5055
f 5053/5053 5055/5055 5033/5033
f 5055/5055 5047/5047 5034/5034
f 5055/5055 5053/5053 3897/3897
f 3897/3897 5050/5050 5047/5047
f 5056/5056 5042/5042 5041/5041
f 5044/5044 5057/5057 5041/5041
f 5056/5056 5041/5041 5057/5057
f 5050/5050 3897/3897 3900/3900
f 3900/3900 5051/5051 5050/5050
f 5052/5052 3901/3901 5058/5058
f 5046/5046 5045/5045 5040/5040
f 3897/3897 5047/5047 5055/5055
f 5059/5059 3897/3897 5053/5053
f 5056/5056 5046/5046 5042/5042
f 5056/5056 5060/5060 5046/5046
f 5060/5060 5061/5061 5046/5046
f 5060/5060 5062/5062 5061/5061
f 5061/5061 5062/5062 5059/5059
f 3898/3898 3897/3897 5059/5059
f 5062/5062 5063/5063 5059/5059
f 3898/3898 5059/5059 5063/5063
f 4986/4986 3751/3751 3754/3754
f 4986/4986 3754/3754 5064/5064
f 4994/4994 5065/5065 3890/3890
f 3890/3890 5065/5065 3906/3906
f 5066/5066 5065/5065 4994/4994
f 4997/4997 5066/5066 4994/4994
f 4992/4992 4986/4986 5064/5064
f 4991/4991 4992/4992 5067/5067
f 4996/4996 4991/4991 5067/5067
f 4996/4996 5067/5067 4997/4997
f 5067/5067 4992/4992 5068/5068
f 5069/5069 4997/4997 5067/5067
f 5067/5067 5068/5068 5069/5069
f 5070/5070 5064/5064 3755/3755
f 4992/4992 5064/5064 5068/5068
f 5071/5071 5069/5069 5068/5068
f 5068/5068 5064/5064 5070/5070
f 5071/5071 5068/5068 5070/5070
f 5072/5072 4997/4997 5069/5069
f 5069/5069 5071/5071 5072/5072
f 5064/5064 3754/3754 3755/3755
f 5070/5070 5073/5073 5071/5071
f 5073/5073 5070/5070 3755/3755
f 3756/3756 3903/3903 3755/3755
f 5073/5073 3755/3755 3903/3903
f 5073/5073 3903/3903 5074/5074
f 3903/3903 3757/3757 3904/3904
f 5075/5075 3904/3904 3905/3905
f 5076/5076 5072/5072 5071/5071
f 5073/5073 5077/5077 5071/5071
f 5077/5077 5076/5076 5071/5071
f 5077/5077 5078/5078 5076/5076
f 5076/5076 5078/5078 5079/5079
f 5073/5073 5078/5078 5077/5077
f 5080/5080 5078/5078 5073/5073
f 5080/5080 5081/5081 5078/5078
f 5078/5078 5081/5081 5079/5079
f 5082/5082 5079/5079 5081/5081
f 5081/5081 5083/5083 5082/5082
f 5074/5074 5080/5080 5073/5073
f 5084/5084 5085/5085 5083/5083
f 5084/5084 5086/5086 5085/5085
f 5074/5074 5087/5087 5080/5080
f 5084/5084 5081/5081 5080/5080
f 5080/5080 5087/5087 5084/5084
f 5083/5083 5081/5081 5084/5084
f 5084/5084 5087/5087 5086/5086
f 5074/5074 3903/3903 3904/3904
f 5088/5088 5087/5087 5074/5074
f 5086/5086 5087/5087 5088/5088
f 5089/5089 5074/5074 3904/3904
f 5074/5074 5089/5089 5088/5088
f 5090/5090 5085/5085 5086/5086
f 5090/5090 5086/5086 5088/5088
f 5075/5075 5091/5091 3904/3904
f 5091/5091 5075/5075 5092/5092
f 5093/5093 5088/5088 5089/5089
f 5089/5089 3904/3904 5091/5091
f 3907/3907 3906/3906 5065/5065
f 5066/5066 3907/3907 5065/5065
f 3907/3907 5066/5066 5094/5094
f 5094/5094 3908/3908 3907/3907
f 3910/3910 3908/3908 3911/3911
f 3911/3911 3908/3908 5094/5094
f 5095/5095 5096/5096 5094/5094
f 5096/5096 3911/3911 5094/5094
f 5096/5096 3915/3915 3911/3911
f 5096/5096 5095/5095 5097/5097
f 5096/5096 3916/3916 3915/3915
f 5096/5096 3917/3917 3916/3916
f 5096/5096 5097/5097 3917/3917
f 5098/5098 3917/3917 5097/5097
f 3920/3920 5044/5044 3895/3895
f 5099/5099 3920/3920 3921/3921
f 5057/5057 5044/5044 3920/3920
f 5057/5057 5100/5100 5056/5056
f 5101/5101 5056/5056 5100/5100
f 5056/5056 5101/5101 5060/5060
f 5063/5063 5062/5062 5102/5102
f 5103/5103 5099/5099 3921/3921
f 5060/5060 5101/5101 5104/5104
f 5105/5105 5062/5062 5060/5060
f 5105/5105 5060/5060 5104/5104
f 5102/5102 5062/5062 5105/5105
f 3902/3902 5058/5058 3901/3901
f 3899/3899 5063/5063 5106/5106
f 5058/5058 3902/3902 5107/5107
f 5102/5102 5106/5106 5063/5063
f 3899/3899 5106/5106 5108/5108
f 3899/3899 5108/5108 3902/3902
f 5103/5103 3921/3921 5109/5109
f 5109/5109 3921/3921 3922/3922
f 5104/5104 5109/5109 5110/5110
f 5105/5105 5104/5104 5111/5111
f 5110/5110 5111/5111 5104/5104
f 5109/5109 3922/3922 5110/5110
f 5110/5110 3922/3922 3924/3924
f 5106/5106 5102/5102 5105/5105
f 5105/5105 5112/5112 5106/5106
f 5108/5108 5106/5106 5112/5112
f 5112/5112 5113/5113 5108/5108
f 5112/5112 5105/5105 5111/5111
f 5112/5112 5111/5111 5114/5114
f 5113/5113 5112/5112 5114/5114
f 5113/5113 3902/3902 5108/5108
f 5110/5110 5115/5115 5111/5111
f 5114/5114 5111/5111 5115/5115
f 5113/5113 5114/5114 5116/5116
f 5116/5116 5114/5114 5115/5115
f 5117/5117 5098/5098 5085/5085
f 3929/3929 3924/3924 3923/3923
f 5110/5110 3924/3924 5118/5118
f 5118/5118 5115/5115 5110/5110
f 3928/3928 5118/5118 3924/3924
f 5115/5115 5118/5118 5119/5119
f 5120/5120 5118/5118 3928/3928
f 5120/5120 5119/5119 5118/5118
f 5116/5116 5115/5115 5119/5119
f 5119/5119 5120/5120 5121/5121
f 5120/5120 3928/3928 3932/3932
f 5121/5121 5120/5120 3932/3932
f 3931/3931 5121/5121 3932/3932
f 3934/3934 3932/3932 3930/3930
f 3932/3932 3928/3928 3930/3930
f 3937/3937 5013/5013 5011/5011
f 3942/3942 5013/5013 3937/3937
f 3786/3786 4947/4947 5013/5013
f 3787/3787 5013/5013 3942/3942
f 3942/3942 3937/3937 3939/3939
f 3941/3941 3787/3787 3942/3942
f 3936/3936 5022/5022 5024/5024
f 5122/5122 3939/3939 3936/3936
f 3943/3943 3939/3939 4056/4056
f 3942/3942 3939/3939 3943/3943
f 3786/3786 5013/5013 3787/3787
f 3819/3819 3949/3949 3945/3945
f 3949/3949 3947/3947 3951/3951
f 5123/5123 3948/3948 3952/3952
f 5123/5123 3952/3952 3959/3959
f 3953/3953 3960/3960 3951/3951
f 3739/3739 3954/3954 4932/4932
f 5124/5124 4932/4932 3954/3954
f 3954/3954 3956/3956 5125/5125
f 5125/5125 5124/5124 3954/3954
f 4933/4933 4931/4931 4932/4932
f 5123/5123 3946/3946 3948/3948
f 3956/3956 3946/3946 5123/5123
f 5123/5123 5125/5125 3956/3956
f 3958/3958 5125/5125 5123/5123
f 3959/3959 3958/3958 5123/5123
f 4010/4010 5124/5124 5125/5125
f 5124/5124 4933/4933 4932/4932
f 4937/4937 4933/4933 5124/5124
f 5124/5124 4010/4010 4937/4937
f 4939/4939 4937/4937 4010/4010
f 4008/4008 4939/4939 4006/4006
f 4010/4010 4006/4006 4939/4939
f 3961/3961 5125/5125 3958/3958
f 5125/5125 3961/3961 4010/4010
f 4010/4010 3961/3961 4014/4014
f 4014/4014 3961/3961 3957/3957
f 3965/3965 3861/3861 5126/5126
f 3965/3965 5126/5126 3974/3974
f 3858/3858 3940/3940 5127/5127
f 3974/3974 3995/3995 3975/3975
f 5129/5129 5126/5126 5130/5130
f 3974/3974 5126/5126 5129/5129
f 5129/5129 3995/3995 3974/3974
f 3858/3858 5130/5130 4952/4952
f 4953/4953 5130/5130 3861/3861
f 5128/5128 5130/5130 3858/3858
f 5126/5126 3861/3861 5130/5130
f 5128/5128 4061/4061 5130/5130
f 3995/3995 4064/4064 3994/3994
f 3995/3995 5129/5129 4064/4064
f 4014/4014 3957/3957 4005/4005
f 4010/4010 4014/4014 4007/4007
f 4012/4012 4015/4015 4017/4017
f 4044/4044 4033/4033 4041/4041
f 4048/4048 4052/4052 4046/4046
f 4052/4052 4047/4047 4046/4046
f 5131/5131 4047/4047 4052/4052
f 5131/5131 4052/4052 4051/4051
f 5131/5131 4051/4051 4087/4087
f 4094/4094 5131/5131 4087/4087
f 4053/4053 5132/5132 4003/4003
f 5132/5132 4040/4040 4003/4003
f 4043/4043 5132/5132 4053/4053
f 4041/4041 5132/5132 4043/4043
f 4016/4016 4014/4014 4005/4005
f 5133/5133 4020/4020 4047/4047
f 4020/4020 5133/5133 4096/4096
f 5134/5134 4005/4005 4096/4096
f 4020/4020 4096/4096 4005/4005
f 5131/5131 5133/5133 4047/4047
f 5135/5135 5133/5133 5131/5131
f 5131/5131 4094/4094 5135/5135
f 4056/4056 3939/3939 5122/5122
f 3936/3936 5024/5024 5049/5049
f 5122/5122 3936/3936 5049/5049
f 5136/5136 5122/5122 5049/5049
f 4058/4058 4056/4056 5122/5122
f 4058/4058 5122/5122 5136/5136
f 5139/5139 5049/5049 5051/5051
f 5138/5138 5052/5052 5140/5140
f 5136/5136 5049/5049 5139/5139
f 5137/5137 5138/5138 5141/5141
f 5140/5140 5052/5052 5058/5058
f 5141/5141 5138/5138 5140/5140
f 4060/4060 4079/4079 4057/4057
f 4060/4060 4058/4058 4079/4079
f 5142/5142 4059/4059 5137/5137
f 5141/5141 5142/5142 5137/5137
f 5141/5141 5143/5143 5142/5142
f 4059/4059 4092/4092 4080/4080
f 4092/4092 4059/4059 5142/5142
f 5127/5127 3940/3940 4062/4062
f 5129/5129 5130/5130 5144/5144
f 4055/4055 5145/5145 4062/4062
f 5145/5145 5144/5144 4061/4061
f 5146/5146 5129/5129 5144/5144
f 5146/5146 5144/5144 5147/5147
f 5148/5148 5144/5144 5145/5145
f 5144/5144 5130/5130 4061/4061
f 5146/5146 4064/4064 5129/5129
f 5149/5149 4064/4064 5146/5146
f 4055/4055 4057/4057 5145/5145
f 5145/5145 4057/4057 5150/5150
f 4067/4067 5150/5150 4057/4057
f 5151/5151 5148/5148 5150/5150
f 5150/5150 5148/5148 5145/5145
f 5151/5151 5150/5150 4067/4067
f 4064/4064 5149/5149 4063/4063
f 5152/5152 5149/5149 5146/5146
f 5147/5147 5151/5151 5146/5146
f 5146/5146 5151/5151 5152/5152
f 5151/5151 5153/5153 5152/5152
f 5149/5149 5152/5152 5153/5153
f 5154/5154 5149/5149 5153/5153
f 4068/4068 5151/5151 4067/4067
f 4068/4068 5153/5153 5151/5151
f 4063/4063 4071/4071 4069/4069
f 5149/5149 4071/4071 4063/4063
f 5156/5156 4071/4071 5149/5149
f 5156/5156 4075/4075 4071/4071
f 5149/5149 5154/5154 5156/5156
f 4068/4068 4079/4079 5159/5159
f 5160/5160 5158/5158 4080/4080
f 4068/4068 5161/5161 5153/5153
f 5153/5153 5161/5161 5154/5154
f 5159/5159 5161/5161 4068/4068
f 5156/5156 5154/5154 5163/5163
f 5163/5163 5154/5154 5161/5161
f 5157/5157 5164/5164 5162/5162
f 5159/5159 5163/5163 5161/5161
f 5156/5156 5163/5163 5165/5165
f 5165/5165 5167/5167 5156/5156
f 5159/5159 5167/5167 5166/5166
f 5169/5169 5168/5168 5158/5158
f 5170/5170 5155/5155 5168/5168
f 5168/5168 5169/5169 5170/5170
f 5169/5169 5158/5158 5160/5160
f 4088/4088 4081/4081 4074/4074
f 5155/5155 4088/4088 4074/4074
f 5160/5160 4080/4080 4092/4092
f 4088/4088 5155/5155 5170/5170
f 4088/4088 5170/5170 5171/5171
f 5172/5172 5170/5170 5169/5169
f 5160/5160 5172/5172 5169/5169
f 5173/5173 5172/5172 5160/5160
f 5174/5174 5171/5171 5170/5170
f 5170/5170 5172/5172 5174/5174
f 4091/4091 5160/5160 4092/4092
f 5173/5173 5160/5160 4091/4091
f 5173/5173 5174/5174 5172/5172
f 4088/4088 5171/5171 4089/4089
f 5173/5173 4091/4091 5175/5175
f 4089/4089 5171/5171 5174/5174
f 5173/5173 5175/5175 5174/5174
f 5175/5175 5176/5176 5174/5174
f 4017/4017 4016/4016 5177/5177
f 5178/5178 5177/5177 4016/4016
f 5179/5179 5178/5178 4016/4016
f 4016/4016 4005/4005 5134/5134
f 4096/4096 4098/4098 5134/5134
f 5134/5134 5180/5180 4016/4016
f 4098/4098 5180/5180 5134/5134
f 4096/4096 5133/5133 4100/4100
f 4100/4100 5133/5133 5135/5135
f 4101/4101 4100/4100 5135/5135
f 4099/4099 4100/4100 4101/4101
f 4101/4101 5135/5135 4094/4094
f 4097/4097 4099/4099 5181/5181
f 4099/4099 4101/4101 4095/4095
f 4095/4095 5181/5181 4099/4099
f 4097/4097 5181/5181 5182/5182
f 4139/4139 5181/5181 4095/4095
f 4139/4139 5182/5182 5181/5181
f 4016/4016 5180/5180 5179/5179
f 5183/5183 5179/5179 5180/5180
f 4098/4098 4097/4097 5180/5180
f 5180/5180 4097/4097 5184/5184
f 5182/5182 5184/5184 4097/4097
f 5182/5182 4139/4139 5185/5185
f 5185/5185 4139/4139 4141/4141
f 5185/5185 5184/5184 5182/5182
f 5184/5184 5185/5185 4141/4141
f 5184/5184 5186/5186 5180/5180
f 5183/5183 5180/5180 5187/5187
f 5187/5187 5180/5180 4103/4103
f 5187/5187 4103/4103 4105/4105
f 4103/4103 5180/5180 5186/5186
f 5186/5186 4104/4104 4103/4103
f 5186/5186 5184/5184 4141/4141
f 5186/5186 4141/4141 4145/4145
f 4104/4104 5186/5186 4145/4145
f 4145/4145 4108/4108 4104/4104
f 4156/4156 4108/4108 4145/4145
f 4106/4106 4104/4104 4108/4108
f 5140/5140 5058/5058 5188/5188
f 5188/5188 5058/5058 5107/5107
f 5188/5188 5189/5189 5140/5140
f 5140/5140 5143/5143 5141/5141
f 5143/5143 5140/5140 5189/5189
f 5188/5188 5107/5107 5190/5190
f 5188/5188 5191/5191 5189/5189
f 5191/5191 5188/5188 5190/5190
f 5192/5192 5191/5191 5190/5190
f 5107/5107 3902/3902 5193/5193
f 5193/5193 5190/5190 5107/5107
f 5193/5193 5194/5194 5190/5190
f 5194/5194 5193/5193 5116/5116
f 5192/5192 5190/5190 5194/5194
f 5193/5193 3902/3902 5113/5113
f 5193/5193 5113/5113 5116/5116
f 5189/5189 5191/5191 5143/5143
f 5195/5195 5143/5143 5191/5191
f 5191/5191 5192/5192 5196/5196
f 5143/5143 5197/5197 5142/5142
f 4092/4092 5142/5142 4124/4124
f 5197/5197 4124/4124 5142/5142
f 5195/5195 5197/5197 5143/5143
f 5191/5191 5196/5196 5195/5195
f 5198/5198 5195/5195 5196/5196
f 5197/5197 5195/5195 5198/5198
f 5197/5197 5198/5198 5199/5199
f 4133/4133 5197/5197 5199/5199
f 5116/5116 5200/5200 5194/5194
f 5201/5201 5194/5194 5200/5200
f 5200/5200 5116/5116 5202/5202
f 5202/5202 5116/5116 5119/5119
f 5192/5192 5194/5194 5201/5201
f 5196/5196 5192/5192 5201/5201
f 5201/5201 5200/5200 4115/4115
f 3931/3931 5119/5119 5121/5121
f 3931/3931 4111/4111 5119/5119
f 5202/5202 5119/5119 4111/4111
f 5202/5202 4111/4111 4115/4115
f 5200/5200 5202/5202 4115/4115
f 5203/5203 5201/5201 4115/4115
f 4115/4115 4114/4114 5203/5203
f 5204/5204 5198/5198 5196/5196
f 5204/5204 5196/5196 5201/5201
f 5204/5204 5201/5201 5203/5203
f 5204/5204 5203/5203 5205/5205
f 5204/5204 5199/5199 5198/5198
f 5204/5204 5205/5205 5199/5199
f 5199/5199 5205/5205 5206/5206
f 5207/5207 5199/5199 5206/5206
f 5205/5205 5203/5203 5208/5208
f 5208/5208 5203/5203 4114/4114
f 5206/5206 5205/5205 5208/5208
f 4113/4113 5209/5209 4114/4114
f 5210/5210 5208/5208 4114/4114
f 5210/5210 4114/4114 5209/5209
f 5206/5206 5208/5208 5211/5211
f 5206/5206 5211/5211 5212/5212
f 5211/5211 5208/5208 5210/5210
f 5211/5211 5210/5210 5209/5209
f 5213/5213 5211/5211 5209/5209
f 4092/4092 4124/4124 4093/4093
f 5197/5197 4125/4125 4124/4124
f 4089/4089 5174/5174 4127/4127
f 5214/5214 4127/4127 5174/5174
f 4127/4127 5214/5214 4130/4130
f 4091/4091 4093/4093 4126/4126
f 5176/5176 5214/5214 5174/5174
f 4091/4091 5176/5176 5175/5175
f 5176/5176 4091/4091 5215/5215
f 5216/5216 5214/5214 5176/5176
f 5215/5215 5216/5216 5176/5176
f 5215/5215 4091/4091 4126/4126
f 4130/4130 5214/5214 5216/5216
f 4130/4130 5216/5216 4131/4131
f 4133/4133 4125/4125 5197/5197
f 4131/4131 4134/4134 4129/4129
f 5216/5216 4136/4136 4131/4131
f 5215/5215 5217/5217 5216/5216
f 4136/4136 5216/5216 4160/4160
f 4160/4160 5216/5216 5217/5217
f 4161/4161 4160/4160 5217/5217
f 4147/4147 5215/5215 4126/4126
f 5217/5217 5215/5215 4147/4147
f 4148/4148 5217/5217 4147/4147
f 4148/4148 4161/4161 5217/5217
f 4133/4133 5199/5199 5207/5207
f 5207/5207 5206/5206 5218/5218
f 4133/4133 5207/5207 5218/5218
f 4133/4133 5219/5219 4132/4132
f 5218/5218 5219/5219 4133/4133
f 5211/5211 5220/5220 5212/5212
f 5218/5218 5206/5206 5212/5212
f 5220/5220 5211/5211 5213/5213
f 5212/5212 5220/5220 5213/5213
f 5218/5218 5212/5212 5213/5213
f 5221/5221 5218/5218 5213/5213
f 4162/4162 4138/4138 4160/4160
f 5219/5219 5222/5222 4132/4132
f 4158/4158 4159/4159 4165/4165
f 4159/4159 4172/4172 4165/4165
f 5223/5223 5219/5219 5218/5218
f 5223/5223 5218/5218 5224/5224
f 4163/4163 4164/4164 5223/5223
f 5225/5225 4163/4163 5223/5223
f 4159/4159 4138/4138 4162/4162
f 5223/5223 5226/5226 5225/5225
f 5227/5227 4162/4162 4163/4163
f 5225/5225 5227/5227 4163/4163
f 4162/4162 5227/5227 5229/5229
f 5227/5227 5225/5225 5226/5226
f 4162/4162 4172/4172 4159/4159
f 5226/5226 5223/5223 5224/5224
f 5226/5226 5224/5224 5230/5230
f 5224/5224 5218/5218 5221/5221
f 5221/5221 5231/5231 5224/5224
f 5230/5230 5224/5224 5231/5231
f 5230/5230 5227/5227 5226/5226
f 5229/5229 5227/5227 5230/5230
f 4172/4172 4162/4162 5229/5229
f 5230/5230 5232/5232 5229/5229
f 5234/5234 4173/4173 4172/4172
f 4172/4172 5229/5229 5234/5234
f 5236/5236 5230/5230 5231/5231
f 5232/5232 5230/5230 5236/5236
f 5236/5236 5231/5231 5237/5237
f 5235/5235 5228/5228 5233/5233
f 5234/5234 5229/5229 5238/5238
f 5236/5236 5238/5238 5229/5229
f 5240/5240 5234/5234 5238/5238
f 5238/5238 5236/5236 5237/5237
f 5222/5222 4148/4148 4132/4132
f 4161/4161 4148/4148 5222/5222
f 4161/4161 5222/5222 5241/5241
f 5241/5241 5222/5222 5219/5219
f 5241/5241 4164/4164 4161/4161
f 5219/5219 5223/5223 5241/5241
f 5223/5223 4164/4164 5241/5241
f 4177/4177 4176/4176 5243/5243
f 4177/4177 5243/5243 5245/5245
f 5243/5243 5246/5246 5245/5245
f 5247/5247 5245/5245 5246/5246
f 5246/5246 5248/5248 5247/5247
f 5246/5246 5243/5243 5254/5254
f 5254/5254 5248/5248 5246/5246
f 1572/1572 4178/4178 2727/2727
f 4177/4177 5255/5255 4178/4178
f 4178/4178 5255/5255 4179/4179
f 5245/5245 5255/5255 4177/4177
f 5255/5255 5247/5247 4179/4179
f 5255/5255 5245/5245 5247/5247
f 2725/2725 1712/1712 1714/1714
f 1713/1713 4180/4180 2724/2724
f 3457/3457 4180/4180 3440/3440
f 3457/3457 3440/3440 3441/3441
f 4180/4180 4183/4183 4181/4181
f 2723/2723 2725/2725 4182/4182
f 4182/4182 1557/1557 2723/2723
f 4182/4182 4174/4174 1557/1557
f 4181/4181 4186/4186 4175/4175
f 5257/5257 4175/4175 4188/4188
f 5257/5257 4188/4188 5258/5258
f 5259/5259 3462/3462 4191/4191
f 4190/4190 3462/3462 5259/5259
f 5260/5260 4190/4190 5259/5259
f 4192/4192 4188/4188 4185/4185
f 5258/5258 4188/4188 4192/4192
f 5258/5258 4192/4192 5261/5261
f 4190/4190 5260/5260 4192/4192
f 4192/4192 5260/5260 5261/5261
f 5260/5260 5262/5262 5261/5261
f 5261/5261 5262/5262 5263/5263
f 5263/5263 5262/5262 4303/4303
f 4302/4302 5263/5263 4303/4303
f 5262/5262 5260/5260 4303/4303
f 5256/5256 4176/4176 4174/4174
f 5256/5256 5243/5243 4176/4176
f 5242/5242 5257/5257 5258/5258
f 5242/5242 5258/5258 5264/5264
f 5247/5247 4220/4220 4179/4179
f 5265/5265 4221/4221 4219/4219
f 4220/4220 5247/5247 5249/5249
f 5250/5250 5265/5265 4219/4219
f 5253/5253 5244/5244 5267/5267
f 5252/5252 5265/5265 5251/5251
f 5265/5265 5252/5252 5266/5266
f 4221/4221 5265/5265 5266/5266
f 5258/5258 5261/5261 5264/5264
f 5268/5268 5242/5242 5264/5264
f 5264/5264 5269/5269 5268/5268
f 5264/5264 5271/5271 5269/5269
f 4224/4224 5269/5269 5271/5271
f 5270/5270 4221/4221 5266/5266
f 4223/4223 4221/4221 5270/5270
f 5271/5271 5264/5264 5272/5272
f 5271/5271 5272/5272 5273/5273
f 5271/5271 5273/5273 4224/4224
f 4223/4223 4251/4251 4217/4217
f 5273/5273 4252/4252 4224/4224
f 4253/4253 4252/4252 5273/5273
f 5273/5273 5272/5272 4253/4253
f 5264/5264 5261/5261 5274/5274
f 5272/5272 5264/5264 5275/5275
f 5275/5275 5264/5264 5274/5274
f 5276/5276 4254/4254 4253/4253
f 5263/5263 5274/5274 5261/5261
f 5263/5263 5277/5277 5274/5274
f 5277/5277 5263/5263 4302/4302
f 5275/5275 5274/5274 5276/5276
f 5276/5276 4253/4253 5275/5275
f 5276/5276 5274/5274 5277/5277
f 5278/5278 4254/4254 5276/5276
f 5278/5278 5276/5276 5277/5277
f 5275/5275 4253/4253 5272/5272
f 4254/4254 5278/5278 4380/4380
f 2880/2880 4247/4247 5279/5279
f 5279/5279 4248/4248 4249/4249
f 5280/5280 5279/5279 4249/4249
f 4247/4247 4248/4248 5279/5279
f 4250/4250 5280/5280 4249/4249
f 5279/5279 5281/5281 2880/2880
f 5279/5279 5280/5280 5281/5281
f 5282/5282 2880/2880 5281/5281
f 5280/5280 4241/4241 5281/5281
f 5283/5283 5282/5282 5281/5281
f 2880/2880 2879/2879 4247/4247
f 4238/4238 5280/5280 4250/4250
f 4241/4241 5280/5280 4238/4238
f 5281/5281 4241/4241 5283/5283
f 5283/5283 5284/5284 5282/5282
f 2880/2880 5282/5282 1999/1999
f 5282/5282 5284/5284 1999/1999
f 5284/5284 5285/5285 1999/1999
f 1999/1999 5285/5285 2882/2882
f 4269/4269 5286/5286 4241/4241
f 5284/5284 5283/5283 5286/5286
f 4241/4241 5286/5286 5283/5283
f 5285/5285 5284/5284 5286/5286
f 5285/5285 5286/5286 4269/4269
f 5285/5285 4269/4269 5287/5287
f 4272/4272 5287/5287 4269/4269
f 4267/4267 4277/4277 4278/4278
f 4278/4278 4277/4277 4281/4281
f 4289/4289 4281/4281 4290/4290
f 4290/4290 5288/5288 4289/4289
f 4292/4292 5288/5288 4290/4290
f 4294/4294 4297/4297 5290/5290
f 5291/5291 4293/4293 5289/5289
f 4297/4297 5292/5292 5290/5290
f 5292/5292 4297/4297 5294/5294
f 5294/5294 4297/4297 4298/4298
f 5291/5291 5289/5289 5293/5293
f 5295/5295 5292/5292 5294/5294
f 5291/5291 4292/4292 4293/4293
f 5297/5297 4292/4292 5291/5291
f 5288/5288 4292/4292 5297/5297
f 5297/5297 5298/5298 5288/5288
f 5298/5298 4271/4271 4289/4289
f 5298/5298 4289/4289 5288/5288
f 5259/5259 4191/4191 3480/3480
f 5299/5299 3480/3480 4299/4299
f 5259/5259 3480/3480 5299/5299
f 5260/5260 5259/5259 5299/5299
f 4299/4299 4310/4310 5299/5299
f 4310/4310 4299/4299 4301/4301
f 4301/4301 4300/4300 5300/5300
f 4310/4310 4301/4301 4311/4311
f 4311/4311 4301/4301 5300/5300
f 4303/4303 5260/5260 5299/5299
f 4303/4303 5299/5299 5301/5301
f 4303/4303 5301/5301 4305/4305
f 4310/4310 4305/4305 5301/5301
f 5301/5301 5299/5299 4310/4310
f 4304/4304 4305/4305 5302/5302
f 5302/5302 5303/5303 4304/4304
f 4194/4194 4381/4381 4307/4307
f 4381/4381 4313/4313 4307/4307
f 4305/4305 4310/4310 4309/4309
f 4381/4381 5303/5303 4313/4313
f 5304/5304 5302/5302 5305/5305
f 5302/5302 5304/5304 5303/5303
f 5303/5303 5304/5304 4313/4313
f 5302/5302 4305/4305 5306/5306
f 5305/5305 5302/5302 5306/5306
f 5304/5304 5305/5305 4314/4314
f 4314/4314 4313/4313 5304/5304
f 5306/5306 4305/4305 5307/5307
f 5306/5306 5308/5308 5305/5305
f 5308/5308 5306/5306 5307/5307
f 4323/4323 4320/4320 5309/5309
f 4319/4319 4317/4317 5310/5310
f 4318/4318 4322/4322 5311/5311
f 4312/4312 4314/4314 4318/4318
f 4314/4314 5305/5305 5308/5308
f 4318/4318 4314/4314 4322/4322
f 4322/4322 4314/4314 5308/5308
f 4322/4322 5308/5308 4315/4315
f 5312/5312 4305/4305 4309/4309
f 5313/5313 5312/5312 4309/4309
f 5314/5314 5312/5312 5313/5313
f 5313/5313 5315/5315 5314/5314
f 5307/5307 4305/4305 5312/5312
f 4324/4324 4315/4315 5307/5307
f 4315/4315 5308/5308 5307/5307
f 5312/5312 4324/4324 5307/5307
f 4324/4324 5312/5312 5316/5316
f 5317/5317 4325/4325 4324/4324
f 5316/5316 5312/5312 5314/5314
f 5317/5317 5314/5314 4325/4325
f 5315/5315 4325/4325 5314/5314
f 4300/4300 4299/4299 3487/3487
f 4348/4348 4300/4300 4802/4802
f 5300/5300 4300/4300 4348/4348
f 4802/4802 4349/4349 4348/4348
f 4311/4311 5300/5300 4348/4348
f 4348/4348 4350/4350 4311/4311
f 4309/4309 4311/4311 4350/4350
f 4350/4350 4351/4351 4806/4806
f 5318/5318 4350/4350 4806/4806
f 5318/5318 4806/4806 5319/5319
f 5319/5319 4806/4806 4807/4807
f 5318/5318 5319/5319 4440/4440
f 4309/4309 4350/4350 4440/4440
f 4440/4440 5320/5320 4309/4309
f 5318/5318 4440/4440 4350/4350
f 5320/5320 4440/4440 4439/4439
f 5315/5315 5321/5321 4325/4325
f 5313/5313 4309/4309 5322/5322
f 5315/5315 5313/5313 5321/5321
f 5321/5321 5313/5313 5322/5322
f 5321/5321 4361/4361 4325/4325
f 5321/5321 5322/5322 4361/4361
f 5323/5323 5322/5322 5320/5320
f 5320/5320 5322/5322 4309/4309
f 5323/5323 4361/4361 5322/5322
f 4361/4361 4364/4364 4356/4356
f 5320/5320 4439/4439 4362/4362
f 4364/4364 5323/5323 5320/5320
f 4364/4364 4361/4361 5323/5323
f 4362/4362 4364/4364 5320/5320
f 5278/5278 5277/5277 5324/5324
f 5324/5324 5277/5277 4302/4302
f 4302/4302 4304/4304 5325/5325
f 4302/4302 5325/5325 5324/5324
f 4380/4380 5278/5278 5324/5324
f 4380/4380 5324/5324 5325/5325
f 4304/4304 5326/5326 5325/5325
f 5326/5326 4304/4304 4381/4381
f 4380/4380 5325/5325 5326/5326
f 4380/4380 5326/5326 4381/4381
f 4304/4304 5303/5303 4381/4381
f 4298/4298 5295/5295 5294/5294
f 4298/4298 4383/4383 5295/5295
f 4344/4344 5327/5327 4383/4383
f 5287/5287 5329/5329 2882/2882
f 5287/5287 2882/2882 5285/5285
f 2882/2882 5330/5330 2091/2091
f 2091/2091 5330/5330 2997/2997
f 5330/5330 2882/2882 5329/5329
f 5331/5331 5330/5330 5329/5329
f 2997/2997 5330/5330 5331/5331
f 5332/5332 5331/5331 5329/5329
f 5332/5332 5329/5329 5333/5333
f 5334/5334 5331/5331 5332/5332
f 5332/5332 5333/5333 5335/5335
f 5336/5336 5334/5334 5332/5332
f 5337/5337 5334/5334 5336/5336
f 5332/5332 5335/5335 5338/5338
f 5332/5332 5338/5338 5336/5336
f 5287/5287 5339/5339 5335/5335
f 5333/5333 5329/5329 5287/5287
f 5333/5333 5287/5287 5335/5335
f 5338/5338 5335/5335 5340/5340
f 4385/4385 5338/5338 5340/5340
f 5339/5339 5341/5341 5335/5335
f 5340/5340 5335/5335 5341/5341
f 5341/5341 4388/4388 5340/5340
f 5293/5293 5342/5342 5291/5291
f 5297/5297 5343/5343 5344/5344
f 5297/5297 5291/5291 5345/5345
f 5345/5345 5291/5291 5342/5342
f 5343/5343 5345/5345 5346/5346
f 5345/5345 5343/5343 5297/5297
f 5347/5347 5343/5343 5346/5346
f 5347/5347 5348/5348 5343/5343
f 5298/5298 5349/5349 4271/4271
f 5350/5350 4272/4272 4271/4271
f 5350/5350 4271/4271 5349/5349
f 5287/5287 4272/4272 5350/5350
f 5344/5344 5298/5298 5297/5297
f 5349/5349 5298/5298 5344/5344
f 5348/5348 5349/5349 5344/5344
f 5348/5348 5344/5344 5343/5343
f 5351/5351 5339/5339 5350/5350
f 5341/5341 5339/5339 5351/5351
f 5349/5349 5351/5351 5350/5350
f 5341/5341 5351/5351 5352/5352
f 5353/5353 5348/5348 5347/5347
f 5351/5351 5349/5349 5348/5348
f 5353/5353 5351/5351 5348/5348
f 5351/5351 5353/5353 5352/5352
f 5337/5337 5336/5336 4384/4384
f 4385/4385 5336/5336 5338/5338
f 5336/5336 4385/4385 4384/4384
f 4385/4385 5340/5340 4388/4388
f 4438/4438 4389/4389 5354/5354
f 4438/4438 5354/5354 5355/5355
f 5356/5356 4438/4438 5355/5355
f 5354/5354 5352/5352 5357/5357
f 4388/4388 5341/5341 5352/5352
f 5352/5352 5354/5354 4388/4388
f 4388/4388 5354/5354 4389/4389
f 5352/5352 5353/5353 5357/5357
f 5358/5358 5355/5355 5357/5357
f 5359/5359 5360/5360 5355/5355
f 5355/5355 5358/5358 5359/5359
f 5359/5359 5358/5358 5361/5361
f 5355/5355 5354/5354 5357/5357
f 5358/5358 5357/5357 5362/5362
f 5362/5362 5361/5361 5358/5358
f 5363/5363 5362/5362 5364/5364
f 5365/5365 5366/5366 5328/5328
f 4343/4343 5367/5367 4344/4344
f 5327/5327 4344/4344 5367/5367
f 5327/5327 5367/5367 5368/5368
f 4347/4347 5367/5367 4343/4343
f 4347/4347 5370/5370 5367/5367
f 4347/4347 4394/4394 5370/5370
f 5365/5365 5328/5328 5369/5369
f 5365/5365 5369/5369 5371/5371
f 5368/5368 5367/5367 5370/5370
f 5372/5372 5368/5368 5370/5370
f 5372/5372 5370/5370 5374/5374
f 5374/5374 5370/5370 4394/4394
f 5375/5375 5371/5371 5373/5373
f 5375/5375 5373/5373 5376/5376
f 4398/4398 4394/4394 4392/4392
f 5374/5374 4394/4394 4398/4398
f 4393/4393 4398/4398 4392/4392
f 4399/4399 5377/5377 5373/5373
f 5373/5373 5377/5377 5376/5376
f 4399/4399 4403/4403 5377/5377
f 4403/4403 4399/4399 4401/4401
f 5378/5378 5377/5377 4403/4403
f 4403/4403 4404/4404 4417/4417
f 5378/5378 4403/4403 4417/4417
f 5377/5377 5378/5378 5379/5379
f 4417/4417 5380/5380 5378/5378
f 5381/5381 5380/5380 4417/4417
f 5379/5379 5378/5378 5380/5380
f 5380/5380 5382/5382 5379/5379
f 5379/5379 5382/5382 5383/5383
f 5384/5384 5383/5383 5382/5382
f 5385/5385 5382/5382 4428/4428
f 5384/5384 5382/5382 5385/5385
f 5386/5386 5384/5384 5385/5385
f 5387/5387 5296/5296 5389/5389
f 5388/5388 5295/5295 4383/4383
f 5342/5342 5293/5293 5296/5296
f 5342/5342 5296/5296 5387/5387
f 5387/5387 5390/5390 5342/5342
f 5388/5388 4383/4383 5327/5327
f 5387/5387 5389/5389 5328/5328
f 5366/5366 5387/5387 5328/5328
f 5365/5365 5387/5387 5366/5366
f 5390/5390 5387/5387 5365/5365
f 5390/5390 5365/5365 5391/5391
f 5392/5392 5390/5390 5391/5391
f 5390/5390 5392/5392 5393/5393
f 5392/5392 5391/5391 5394/5394
f 5393/5393 5392/5392 5395/5395
f 5395/5395 5392/5392 5394/5394
f 5345/5345 5342/5342 5346/5346
f 5390/5390 5346/5346 5342/5342
f 5391/5391 5365/5365 5396/5396
f 5365/5365 5371/5371 5396/5396
f 5396/5396 5371/5371 5397/5397
f 5398/5398 5396/5396 5397/5397
f 5394/5394 5391/5391 5396/5396
f 5396/5396 5398/5398 5394/5394
f 5397/5397 5371/5371 5375/5375
f 5397/5397 5399/5399 5398/5398
f 5397/5397 5375/5375 5376/5376
f 5397/5397 5376/5376 5399/5399
f 5400/5400 5398/5398 5399/5399
f 5376/5376 5377/5377 5399/5399
f 5399/5399 5377/5377 5401/5401
f 5401/5401 5400/5400 5399/5399
f 5402/5402 5400/5400 5401/5401
f 5401/5401 5377/5377 5379/5379
f 5401/5401 5379/5379 5403/5403
f 5402/5402 5401/5401 5403/5403
f 4417/4417 4422/4422 5381/5381
f 5381/5381 5382/5382 5380/5380
f 5382/5382 5381/5381 4428/4428
f 4428/4428 5381/5381 4422/4422
f 5357/5357 5353/5353 5404/5404
f 5405/5405 5404/5404 5400/5400
f 5405/5405 5406/5406 5407/5407
f 5408/5408 5406/5406 5405/5405
f 5362/5362 5357/5357 5364/5364
f 5402/5402 5405/5405 5400/5400
f 5402/5402 5403/5403 5383/5383
f 5402/5402 5383/5383 5405/5405
f 5383/5383 5403/5403 5379/5379
f 4426/4426 5385/5385 4428/4428
f 5405/5405 5383/5383 5384/5384
f 5386/5386 5405/5405 5384/5384
f 5405/5405 5409/5409 5410/5410
f 5405/5405 5407/5407 5404/5404
f 5410/5410 5408/5408 5405/5405
f 5409/5409 5405/5405 5386/5386
f 2997/2997 5331/5331 2999/2999
f 2999/2999 5331/5331 5334/5334
f 2999/2999 2130/2130 2129/2129
f 5411/5411 2999/2999 5334/5334
f 2130/2130 2999/2999 5411/5411
f 5337/5337 5411/5411 5334/5334
f 5412/5412 5411/5411 5337/5337
f 5412/5412 5337/5337 4430/4430
f 4430/4430 5337/5337 4384/4384
f 5411/5411 5413/5413 2130/2130
f 5412/5412 5413/5413 5411/5411
f 5414/5414 2130/2130 5413/5413
f 5415/5415 5414/5414 5413/5413
f 2130/2130 3005/3005 2132/2132
f 3005/3005 2130/2130 5414/5414
f 4430/4430 5413/5413 5412/5412
f 5415/5415 5413/5413 4430/4430
f 5415/5415 4430/4430 4432/4432
f 4430/4430 4429/4429 4432/4432
f 4432/4432 5414/5414 5415/5415
f 5414/5414 4432/4432 3006/3006
f 3006/3006 3005/3005 5414/5414
f 2146/2146 3006/3006 4431/4431
f 3006/3006 4432/4432 4431/4431
f 4390/4390 4389/4389 4438/4438
f 5356/5356 4433/4433 4438/4438
f 5356/5356 4437/4437 4433/4433
f 5416/5416 4437/4437 5356/5356
f 5356/5356 5360/5360 5416/5416
f 4440/4440 4807/4807 4892/4892
f 4892/4892 5417/5417 4440/4440
f 5319/5319 4807/4807 4440/4440
f 5417/5417 4441/4441 4440/4440
f 4460/4460 4439/4439 4441/4441
f 4441/4441 5418/5418 4460/4460
f 4441/4441 5417/5417 4463/4463
f 5419/5419 4441/4441 4463/4463
f 5418/5418 4441/4441 5419/5419
f 4453/4453 4446/4446 5419/5419
f 4446/4446 5418/5418 5419/5419
f 4463/4463 4453/4453 5419/5419
f 5417/5417 4892/4892 4894/4894
f 5417/5417 4894/4894 4898/4898
f 4461/4461 4463/4463 5417/5417
f 5417/5417 4898/4898 4461/4461
f 4463/4463 4455/4455 4453/4453
f 4453/4453 4455/4455 4454/4454
f 4363/4363 4362/4362 4439/4439
f 4363/4363 4439/4439 4460/4460
f 4460/4460 5418/5418 4459/4459
f 4459/4459 5418/5418 4445/4445
f 5418/5418 4446/4446 4445/4445
f 4463/4463 4462/4462 4468/4468
f 4462/4462 4465/4465 4471/4471
f 5420/5420 4471/4471 4465/4465
f 4471/4471 5420/5420 4472/4472
f 4528/4528 5421/5421 4500/4500
f 5422/5422 5385/5385 4426/4426
f 4426/4426 5421/5421 5422/5422
f 5423/5423 5422/5422 5421/5421
f 4528/4528 5424/5424 5423/5423
f 5421/5421 4528/4528 5423/5423
f 4528/4528 4529/4529 5424/5424
f 4504/4504 4505/4505 5425/5425
f 4533/4533 4504/4504 5425/5425
f 5426/5426 4531/4531 5427/5427
f 4531/4531 4532/4532 4533/4533
f 4529/4529 4531/4531 5424/5424
f 5424/5424 4531/4531 5426/5426
f 5427/5427 4531/4531 4533/4533
f 4521/4521 4539/4539 4505/4505
f 4505/4505 4539/4539 5428/5428
f 4521/4521 4524/4524 4539/4539
f 5428/5428 4539/4539 5429/5429
f 4539/4539 4538/4538 5429/5429
f 5430/5430 5431/5431 5432/5432
f 5429/5429 4538/4538 5433/5433
f 5433/5433 5430/5430 5429/5429
f 5430/5430 5433/5433 5431/5431
f 5431/5431 5433/5433 5434/5434
f 4540/4540 5433/5433 4538/4538
f 4540/4540 5435/5435 5434/5434
f 4540/4540 5434/5434 5433/5433
f 4546/4546 4540/4540 4535/4535
f 4546/4546 5436/5436 4540/4540
f 5436/5436 4546/4546 4547/4547
f 5435/5435 4540/4540 5436/5436
f 5436/5436 5437/5437 5435/5435
f 5437/5437 5436/5436 4548/4548
f 4548/4548 5436/5436 4547/4547
f 5437/5437 5438/5438 5435/5435
f 5425/5425 4505/4505 5428/5428
f 5425/5425 5428/5428 5439/5439
f 5439/5439 5432/5432 5425/5425
f 5425/5425 5432/5432 5440/5440
f 5441/5441 5425/5425 5440/5440
f 5439/5439 5428/5428 5429/5429
f 5439/5439 5429/5429 5442/5442
f 5432/5432 5439/5439 5442/5442
f 5442/5442 5430/5430 5432/5432
f 5430/5430 5442/5442 5429/5429
f 5443/5443 4426/4426 4427/4427
f 4500/4500 5443/5443 4427/4427
f 5443/5443 5421/5421 4426/4426
f 5443/5443 4500/4500 5421/5421
f 5420/5420 4465/4465 3583/3583
f 4515/4515 4472/4472 5444/5444
f 5420/5420 5444/5444 4472/4472
f 3583/3583 5445/5445 5420/5420
f 5444/5444 5420/5420 5445/5445
f 5444/5444 3580/3580 4515/4515
f 3580/3580 5444/5444 5445/5445
f 3583/3583 4913/4913 5445/5445
f 5445/5445 4913/4913 3580/3580
f 4913/4913 4541/4541 3580/3580
f 4550/4550 5446/5446 4549/4549
f 5446/5446 4550/4550 5447/5447
f 5448/5448 4554/4554 5449/5449
f 4545/4545 5448/5448 4550/4550
f 5449/5449 5447/5447 4550/4550
f 5449/5449 4550/4550 5448/5448
f 5448/5448 4545/4545 4551/4551
f 5446/5446 5447/5447 5450/5450
f 5450/5450 5447/5447 5449/5449
f 5450/5450 5449/5449 5451/5451
f 4548/4548 4549/4549 5437/5437
f 5446/5446 5437/5437 4549/4549
f 5438/5438 5437/5437 5446/5446
f 5450/5450 5438/5438 5446/5446
f 5450/5450 5452/5452 5438/5438
f 5448/5448 4551/4551 4554/4554
f 5451/5451 5449/5449 4554/4554
f 4553/4553 5451/5451 4554/4554
f 4556/4556 4557/4557 4555/4555
f 4553/4553 4555/4555 4557/4557
f 4557/4557 5453/5453 4553/4553
f 4557/4557 5454/5454 5453/5453
f 5454/5454 4557/4557 3676/3676
f 3676/3676 3677/3677 5454/5454
f 5455/5455 3677/3677 3675/3675
f 4558/4558 5455/5455 3675/3675
f 4916/4916 5455/5455 4558/4558
f 5359/5359 5361/5361 5456/5456
f 5456/5456 5360/5360 5359/5359
f 5457/5457 5360/5360 5458/5458
f 5458/5458 5360/5360 5456/5456
f 5458/5458 5456/5456 5459/5459
f 5459/5459 5456/5456 5361/5361
f 5458/5458 5459/5459 5457/5457
f 5460/5460 5457/5457 5459/5459
f 5361/5361 5362/5362 5363/5363
f 5459/5459 5361/5361 5363/5363
f 5459/5459 5363/5363 5364/5364
f 5364/5364 5461/5461 5459/5459
f 5461/5461 5462/5462 5459/5459
f 5462/5462 5460/5460 5459/5459
f 5461/5461 5463/5463 5462/5462
f 5461/5461 5464/5464 5463/5463
f 5465/5465 5457/5457 5460/5460
f 5460/5460 5466/5466 5465/5465
f 5465/5465 5466/5466 4589/4589
f 5462/5462 5466/5466 5460/5460
f 4589/4589 5466/5466 5467/5467
f 5466/5466 5462/5462 5463/5463
f 5463/5463 5468/5468 5466/5466
f 4589/4589 5467/5467 5469/5469
f 5470/5470 5469/5469 5467/5467
f 5470/5470 5467/5467 5471/5471
f 5468/5468 5463/5463 5471/5471
f 5472/5472 5471/5471 5463/5463
f 5472/5472 5473/5473 5471/5471
f 5467/5467 5466/5466 5471/5471
f 5471/5471 5466/5466 5468/5468
f 5473/5473 5474/5474 5471/5471
f 5470/5470 5471/5471 5474/5474
f 5475/5475 5476/5476 5408/5408
f 5364/5364 5406/5406 5476/5476
f 5464/5464 5364/5364 5476/5476
f 5464/5464 5461/5461 5364/5364
f 5408/5408 5476/5476 5406/5406
f 5477/5477 5463/5463 5478/5478
f 5464/5464 5479/5479 5478/5478
f 5479/5479 5477/5477 5478/5478
f 5479/5479 5475/5475 5477/5477
f 5480/5480 5481/5481 5477/5477
f 5463/5463 5464/5464 5478/5478
f 5472/5472 5463/5463 5477/5477
f 5477/5477 5481/5481 5472/5472
f 5481/5481 5473/5473 5472/5472
f 5475/5475 5482/5482 5477/5477
f 5483/5483 5477/5477 5482/5482
f 5482/5482 5475/5475 5484/5484
f 5484/5484 5475/5475 5485/5485
f 5486/5486 5408/5408 5410/5410
f 5408/5408 5486/5486 5485/5485
f 5408/5408 5485/5485 5475/5475
f 5481/5481 5480/5480 4561/4561
f 5473/5473 5481/5481 4560/4560
f 5474/5474 5473/5473 4610/4610
f 4560/4560 4610/4610 5473/5473
f 4561/4561 4560/4560 5481/5481
f 5483/5483 5480/5480 5477/5477
f 4561/4561 5480/5480 5483/5483
f 5483/5483 4567/4567 4561/4561
f 5483/5483 5482/5482 5487/5487
f 5484/5484 5487/5487 5482/5482
f 5484/5484 5488/5488 5489/5489
f 5489/5489 5487/5487 5484/5484
f 5489/5489 4570/4570 5487/5487
f 5483/5483 5487/5487 4570/4570
f 4570/4570 4567/4567 5483/5483
f 4645/4645 4575/4575 4576/4576
f 4645/4645 4576/4576 5490/5490
f 4576/4576 4569/4569 5490/5490
f 5491/5491 5486/5486 5492/5492
f 5491/5491 5492/5492 5493/5493
f 5493/5493 5492/5492 5494/5494
f 5495/5495 5494/5494 5492/5492
f 5495/5495 5496/5496 5494/5494
f 5497/5497 5496/5496 5495/5495
f 5493/5493 5494/5494 5498/5498
f 5498/5498 5494/5494 5496/5496
f 5499/5499 5500/5500 5501/5501
f 5499/5499 5501/5501 5496/5496
f 5498/5498 5496/5496 5501/5501
f 5498/5498 5501/5501 5502/5502
f 5500/5500 5502/5502 5501/5501
f 5503/5503 5502/5502 5500/5500
f 5488/5488 5484/5484 5485/5485
f 5488/5488 5485/5485 5504/5504
f 5488/5488 5504/5504 5491/5491
f 5488/5488 5491/5491 5489/5489
f 5489/5489 5505/5505 4570/4570
f 5491/5491 5505/5505 5489/5489
f 4570/4570 5505/5505 5506/5506
f 5505/5505 5491/5491 5493/5493
f 5507/5507 5505/5505 5493/5493
f 5506/5506 5505/5505 5508/5508
f 5507/5507 5508/5508 5505/5505
f 5508/5508 5507/5507 5509/5509
f 5506/5506 4569/4569 4570/4570
f 5508/5508 4569/4569 5506/5506
f 5490/5490 4569/4569 5508/5508
f 5509/5509 5490/5490 5508/5508
f 5507/5507 5493/5493 5498/5498
f 5507/5507 5502/5502 5503/5503
f 5507/5507 5503/5503 5510/5510
f 5511/5511 4645/4645 5512/5512
f 5512/5512 5513/5513 5511/5511
f 5514/5514 5509/5509 5507/5507
f 4645/4645 5490/5490 5512/5512
f 5512/5512 5490/5490 5515/5515
f 5509/5509 5515/5515 5490/5490
f 5515/5515 5516/5516 5512/5512
f 5513/5513 5512/5512 5516/5516
f 5515/5515 5509/5509 5514/5514
f 5517/5517 5515/5515 5514/5514
f 5515/5515 5517/5517 5518/5518
f 5519/5519 5516/5516 5515/5515
f 5514/5514 5507/5507 5510/5510
f 5503/5503 5520/5520 5510/5510
f 5510/5510 5520/5520 5521/5521
f 5522/5522 5510/5510 5521/5521
f 5510/5510 5517/5517 5514/5514
f 5519/5519 5515/5515 5518/5518
f 5523/5523 5519/5519 5518/5518
f 5516/5516 5519/5519 5524/5524
f 5516/5516 5524/5524 5525/5525
f 5524/5524 5519/5519 5523/5523
f 5526/5526 5524/5524 5523/5523
f 5517/5517 5510/5510 5522/5522
f 5527/5527 5517/5517 5522/5522
f 5523/5523 5518/5518 5517/5517
f 5523/5523 5517/5517 5527/5527
f 5526/5526 5523/5523 5527/5527
f 5527/5527 5522/5522 5528/5528
f 5529/5529 5528/5528 5522/5522
f 5528/5528 5526/5526 5527/5527
f 5528/5528 5529/5529 5530/5530
f 4435/4435 4436/4436 2148/2148
f 3212/3212 2148/2148 4436/4436
f 5531/5531 3212/3212 4436/4436
f 5531/5531 3213/3213 3212/3212
f 5531/5531 4580/4580 3213/3213
f 5531/5531 4436/4436 5532/5532
f 5532/5532 4580/4580 5531/5531
f 4577/4577 4580/4580 5532/5532
f 4437/4437 5416/5416 4578/4578
f 5533/5533 5416/5416 5360/5360
f 5533/5533 4578/4578 5416/5416
f 5534/5534 4578/4578 5533/5533
f 5534/5534 4582/4582 4578/4578
f 4579/4579 4578/4578 4582/4582
f 4437/4437 5532/5532 4436/4436
f 4437/4437 4578/4578 5532/5532
f 5532/5532 4578/4578 4577/4577
f 5534/5534 4583/4583 4582/4582
f 4585/4585 4579/4579 4591/4591
f 4584/4584 4591/4591 4579/4579
f 3215/3215 3213/3213 4580/4580
f 3215/3215 4580/4580 4586/4586
f 2263/2263 3215/3215 4586/4586
f 2265/2265 4586/4586 4581/4581
f 5533/5533 5360/5360 5534/5534
f 5534/5534 5360/5360 5457/5457
f 5534/5534 5457/5457 5465/5465
f 5465/5465 4583/4583 5534/5534
f 5465/5465 4587/4587 4583/4583
f 4589/4589 4587/4587 5465/5465
f 4590/4590 5469/5469 5470/5470
f 5469/5469 4590/4590 4589/4589
f 4581/4581 4585/4585 4591/4591
f 4591/4591 5535/5535 4581/4581
f 4592/4592 5536/5536 4591/4591
f 5535/5535 4591/4591 5537/5537
f 5537/5537 4591/4591 5536/5536
f 5538/5538 5537/5537 5536/5536
f 5536/5536 4595/4595 5538/5538
f 4581/4581 5539/5539 2265/2265
f 2268/2268 2265/2265 5539/5539
f 5540/5540 2268/2268 5539/5539
f 5541/5541 5540/5540 5539/5539
f 5542/5542 5540/5540 5541/5541
f 5542/5542 3221/3221 5540/5540
f 3221/3221 2268/2268 5540/5540
f 4581/4581 5535/5535 5539/5539
f 5537/5537 5541/5541 5539/5539
f 5537/5537 5539/5539 5535/5535
f 5542/5542 5541/5541 5537/5537
f 3220/3220 3221/3221 5543/5543
f 5542/5542 5543/5543 3221/3221
f 3223/3223 3220/3220 5543/5543
f 5543/5543 5542/5542 5544/5544
f 5545/5545 5542/5542 5537/5537
f 5545/5545 5537/5537 5538/5538
f 4603/4603 5545/5545 5538/5538
f 5544/5544 5542/5542 5545/5545
f 5546/5546 5545/5545 4607/4607
f 5545/5545 4603/4603 4607/4607
f 4593/4593 4588/4588 4590/4590
f 4595/4595 4593/4593 5547/5547
f 4595/4595 5547/5547 4605/4605
f 5536/5536 4592/4592 4595/4595
f 5470/5470 5548/5548 4590/4590
f 4590/4590 5548/5548 4593/4593
f 5547/5547 4593/4593 5548/5548
f 5548/5548 5470/5470 5474/5474
f 5474/5474 4597/4597 5548/5548
f 5547/5547 5548/5548 4601/4601
f 5547/5547 4601/4601 4605/4605
f 4601/4601 5548/5548 4597/4597
f 4601/4601 4597/4597 4596/4596
f 4604/4604 5538/5538 4595/4595
f 5538/5538 4604/4604 4603/4603
f 4604/4604 4595/4595 4605/4605
f 4607/4607 4602/4602 5549/5549
f 5549/5549 4604/4604 4606/4606
f 5549/5549 4606/4606 5550/5550
f 5549/5549 4602/4602 4604/4604
f 4609/4609 5551/5551 4608/4608
f 4617/4617 5551/5551 4609/4609
f 5551/5551 4606/4606 4608/4608
f 5550/5550 4606/4606 5551/5551
f 4597/4597 5474/5474 4610/4610
f 4609/4609 4612/4612 4617/4617
f 3274/3274 3223/3223 5543/5543
f 5544/5544 3274/3274 5543/5543
f 5552/5552 5546/5546 4607/4607
f 5545/5545 5546/5546 5553/5553
f 5553/5553 5546/5546 5552/5552
f 5544/5544 5554/5554 3274/3274
f 5545/5545 5553/5553 5544/5544
f 5544/5544 5553/5553 5554/5554
f 5553/5553 5555/5555 5554/5554
f 5556/5556 3274/3274 5554/5554
f 5555/5555 5553/5553 5552/5552
f 5557/5557 5555/5555 5552/5552
f 5558/5558 5557/5557 5552/5552
f 5555/5555 5557/5557 5554/5554
f 5554/5554 5559/5559 5556/5556
f 5559/5559 5554/5554 5557/5557
f 5558/5558 5549/5549 5550/5550
f 5551/5551 5560/5560 5550/5550
f 5558/5558 5550/5550 5560/5560
f 5561/5561 5558/5558 5562/5562
f 5552/5552 4607/4607 5549/5549
f 5558/5558 5552/5552 5549/5549
f 5559/5559 5558/5558 5561/5561
f 5558/5558 5559/5559 5557/5557
f 5563/5563 5559/5559 5564/5564
f 5559/5559 5565/5565 5564/5564
f 5566/5566 5563/5563 5564/5564
f 5566/5566 5564/5564 5565/5565
f 5562/5562 5567/5567 5568/5568
f 5568/5568 5567/5567 5569/5569
f 5565/5565 5559/5559 5570/5570
f 5570/5570 5559/5559 5561/5561
f 5561/5561 5568/5568 5570/5570
f 5568/5568 5561/5561 5562/5562
f 5566/5566 5565/5565 5571/5571
f 5571/5571 4643/4643 5566/5566
f 5570/5570 4620/4620 5571/5571
f 4620/4620 5570/5570 4622/4622
f 4640/4640 5566/5566 4643/4643
f 4620/4620 4621/4621 4643/4643
f 4620/4620 4643/4643 5571/5571
f 4622/4622 5572/5572 5573/5573
f 4623/4623 4622/4622 5573/5573
f 3275/3275 3274/3274 5556/5556
f 5556/5556 5574/5574 3275/3275
f 5574/5574 5575/5575 3275/3275
f 5576/5576 5574/5574 5556/5556
f 5574/5574 5576/5576 5575/5575
f 3285/3285 3275/3275 5575/5575
f 2367/2367 3285/3285 5577/5577
f 5577/5577 3285/3285 5575/5575
f 4633/4633 5576/5576 5556/5556
f 5559/5559 4633/4633 5556/5556
f 5563/5563 4633/4633 5559/5559
f 3286/3286 2367/2367 5577/5577
f 4627/4627 3286/3286 5577/5577
f 5575/5575 4636/4636 5577/5577
f 4636/4636 5575/5575 5576/5576
f 4633/4633 4636/4636 5576/5576
f 4636/4636 4628/4628 5577/5577
f 5577/5577 4628/4628 4627/4627
f 2364/2364 3286/3286 2369/2369
f 3286/3286 4627/4627 2369/2369
f 2369/2369 4627/4627 4624/4624
f 2368/2368 4625/4625 2372/2372
f 4626/4626 4624/4624 4627/4627
f 4626/4626 4631/4631 4624/4624
f 5563/5563 4634/4634 4633/4633
f 4634/4634 5563/5563 5566/5566
f 4634/4634 5566/5566 4640/4640
f 5560/5560 4617/4617 4616/4616
f 5560/5560 5551/5551 4617/4617
f 5560/5560 4616/4616 4644/4644
f 5558/5558 5560/5560 5511/5511
f 5558/5558 5511/5511 5578/5578
f 5560/5560 4644/4644 5511/5511
f 5511/5511 4644/4644 4645/4645
f 5578/5578 5562/5562 5558/5558
f 5511/5511 5513/5513 5525/5525
f 5569/5569 5578/5578 5511/5511
f 5569/5569 5511/5511 5525/5525
f 5562/5562 5578/5578 5569/5569
f 5569/5569 5567/5567 5562/5562
f 5525/5525 5513/5513 5516/5516
f 5524/5524 5526/5526 5525/5525
f 5568/5568 5569/5569 5579/5579
f 5580/5580 5525/5525 5581/5581
f 5580/5580 5579/5579 5525/5525
f 5572/5572 5579/5579 5582/5582
f 5582/5582 5579/5579 5580/5580
f 5580/5580 5583/5583 5584/5584
f 5585/5585 5572/5572 5582/5582
f 5573/5573 5572/5572 5585/5585
f 5580/5580 5586/5586 5582/5582
f 5587/5587 5525/5525 5526/5526
f 5587/5587 5581/5581 5525/5525
f 5526/5526 5588/5588 5587/5587
f 5526/5526 5530/5530 5588/5588
f 5528/5528 5530/5530 5526/5526
f 5583/5583 5581/5581 5588/5588
f 5583/5583 5588/5588 5589/5589
f 5530/5530 5589/5589 5588/5588
f 5583/5583 5589/5589 5590/5590
f 5580/5580 5581/5581 5583/5583
f 5590/5590 5589/5589 5530/5530
f 5590/5590 5530/5530 5591/5591
f 5591/5591 5530/5530 5592/5592
f 5593/5593 5594/5594 5595/5595
f 5596/5596 5595/5595 5594/5594
f 5597/5597 5596/5596 5594/5594
f 5598/5598 5597/5597 5594/5594
f 5599/5599 5600/5600 5601/5601
f 5602/5602 5594/5594 5603/5603
f 5598/5598 5594/5594 5602/5602
f 5599/5599 5604/5604 5600/5600
f 5601/5601 5605/5605 5599/5599
f 5606/5606 5605/5605 5601/5601
f 5607/5607 5597/5597 5598/5598
f 5597/5597 5608/5608 5609/5609
f 5610/5610 5609/5609 5608/5608
f 5608/5608 5597/5597 5611/5611
f 5610/5610 5608/5608 5611/5611
f 5611/5611 5612/5612 5610/5610
f 5606/5606 5599/5599 5605/5605
f 5599/5599 5606/5606 5613/5613
f 5614/5614 5613/5613 5606/5606
f 5615/5615 5616/5616 5612/5612
f 5617/5617 5615/5615 5618/5618
f 5616/5616 5615/5615 5617/5617
f 5616/5616 5617/5617 5619/5619
f 5620/5620 5616/5616 5619/5619
f 5621/5621 5622/5622 5623/5623
f 5623/5623 5622/5622 5624/5624
f 5625/5625 5623/5623 5624/5624
f 5623/5623 5626/5626 5621/5621
f 5627/5627 5626/5626 5623/5623
f 5623/5623 5628/5628 5627/5627
f 5625/5625 5628/5628 5623/5623
f 5596/5596 5629/5629 5595/5595
f 5495/5495 5596/5596 5630/5630
f 5497/5497 5495/5495 5630/5630
f 5631/5631 5630/5630 5596/5596
f 5497/5497 5630/5630 5631/5631
f 5631/5631 5632/5632 5497/5497
f 5631/5631 5633/5633 5632/5632
f 5497/5497 5499/5499 5496/5496
f 5631/5631 5596/5596 5597/5597
f 5634/5634 5631/5631 5597/5597
f 5631/5631 5634/5634 5633/5633
f 5609/5609 5634/5634 5597/5597
f 5635/5635 5633/5633 5634/5634
f 5609/5609 5635/5635 5634/5634
f 5499/5499 5497/5497 5632/5632
f 5632/5632 5636/5636 5499/5499
f 5499/5499 5636/5636 5500/5500
f 5500/5500 5636/5636 5637/5637
f 5636/5636 5632/5632 5633/5633
f 5633/5633 5638/5638 5636/5636
f 5637/5637 5636/5636 5638/5638
f 5500/5500 5639/5639 5520/5520
f 5639/5639 5500/5500 5637/5637
f 5503/5503 5500/5500 5520/5520
f 5639/5639 5637/5637 5640/5640
f 5640/5640 5637/5637 5638/5638
f 5633/5633 5635/5635 5641/5641
f 5610/5610 5641/5641 5635/5635
f 5610/5610 5635/5635 5609/5609
f 5610/5610 5642/5642 5641/5641
f 5643/5643 5641/5641 5642/5642
f 5642/5642 5610/5610 5612/5612
f 5644/5644 5616/5616 5620/5620
f 5642/5642 5644/5644 5643/5643
f 5452/5452 5450/5450 5645/5645
f 5646/5646 5452/5452 5645/5645
f 5452/5452 5646/5646 5647/5647
f 5600/5600 5452/5452 5648/5648
f 5452/5452 5647/5647 5648/5648
f 5645/5645 4553/4553 5453/5453
f 5453/5453 5649/5649 5645/5645
f 5645/5645 5451/5451 4553/4553
f 5645/5645 5450/5450 5451/5451
f 5650/5650 5645/5645 5649/5649
f 5649/5649 5453/5453 5454/5454
f 5650/5650 5649/5649 5651/5651
f 5645/5645 5650/5650 5646/5646
f 5650/5650 5652/5652 5646/5646
f 5600/5600 5653/5653 5601/5601
f 5653/5653 5648/5648 5652/5652
f 5648/5648 5653/5653 5600/5600
f 5601/5601 5653/5653 5652/5652
f 5650/5650 5654/5654 5652/5652
f 5651/5651 5454/5454 3677/3677
f 5649/5649 5454/5454 5651/5651
f 5651/5651 3677/3677 5655/5655
f 5655/5655 3677/3677 5455/5455
f 5655/5655 4925/4925 5651/5651
f 4926/4926 5651/5651 4925/4925
f 5455/5455 4916/4916 5655/5655
f 4925/4925 5655/5655 4916/4916
f 4926/4926 5650/5650 5651/5651
f 5654/5654 4929/4929 5656/5656
f 4940/4940 4929/4929 4928/4928
f 5656/5656 4929/4929 4940/4940
f 4940/4940 4928/4928 4934/4934
f 5652/5652 5657/5657 5601/5601
f 5601/5601 5657/5657 5658/5658
f 5659/5659 5660/5660 5654/5654
f 5659/5659 5654/5654 5656/5656
f 5661/5661 5659/5659 5662/5662
f 5660/5660 5658/5658 5657/5657
f 5658/5658 5660/5660 5663/5663
f 5663/5663 5660/5660 5659/5659
f 5661/5661 5664/5664 5658/5658
f 5658/5658 5663/5663 5661/5661
f 5661/5661 5663/5663 5659/5659
f 5665/5665 5664/5664 5666/5666
f 5664/5664 5661/5661 5666/5666
f 5666/5666 5661/5661 5667/5667
f 5666/5666 5667/5667 5668/5668
f 5661/5661 5669/5669 5667/5667
f 5666/5666 5668/5668 5670/5670
f 5668/5668 5671/5671 5672/5672
f 5671/5671 5673/5673 5672/5672
f 5674/5674 5667/5667 5669/5669
f 5671/5671 5667/5667 5674/5674
f 5671/5671 5668/5668 5667/5667
f 5675/5675 5673/5673 5671/5671
f 5674/5674 5675/5675 5671/5671
f 5601/5601 5676/5676 5606/5606
f 5658/5658 5676/5676 5601/5601
f 5664/5664 5676/5676 5658/5658
f 5622/5622 5676/5676 5624/5624
f 5676/5676 5665/5665 5624/5624
f 5624/5624 5665/5665 5677/5677
f 5676/5676 5664/5664 5665/5665
f 5666/5666 5677/5677 5665/5665
f 5625/5625 5624/5624 5677/5677
f 5625/5625 5677/5677 5678/5678
f 5678/5678 5677/5677 5670/5670
f 5670/5670 5677/5677 5666/5666
f 5679/5679 5670/5670 5672/5672
f 5672/5672 5670/5670 5668/5668
f 5662/5662 5659/5659 5656/5656
f 5680/5680 5656/5656 4940/4940
f 5680/5680 5662/5662 5656/5656
f 5681/5681 5680/5680 4940/4940
f 5682/5682 5661/5661 5662/5662
f 5682/5682 5662/5662 5680/5680
f 5669/5669 5661/5661 5682/5682
f 5682/5682 5683/5683 5669/5669
f 5683/5683 5680/5680 5681/5681
f 5681/5681 4942/4942 5683/5683
f 5682/5682 5680/5680 5683/5683
f 5681/5681 4940/4940 4941/4941
f 4942/4942 5681/5681 4941/4941
f 4942/4942 5684/5684 5683/5683
f 4647/4647 4942/4942 4938/4938
f 4647/4647 4938/4938 4011/4011
f 5685/5685 5669/5669 5683/5683
f 5685/5685 5683/5683 5686/5686
f 5686/5686 5683/5683 5684/5684
f 5674/5674 5685/5685 5686/5686
f 5674/5674 5686/5686 5687/5687
f 5687/5687 5686/5686 5684/5684
f 5684/5684 5688/5688 5687/5687
f 5687/5687 5688/5688 5689/5689
f 5674/5674 5669/5669 5685/5685
f 5690/5690 5674/5674 5687/5687
f 4647/4647 5684/5684 4942/4942
f 5691/5691 5684/5684 4647/4647
f 5684/5684 5691/5691 5688/5688
f 5689/5689 5688/5688 5692/5692
f 5692/5692 5688/5688 5691/5691
f 5691/5691 4647/4647 4646/4646
f 5691/5691 4646/4646 5692/5692
f 5693/5693 5694/5694 5628/5628
f 5694/5694 5695/5695 5628/5628
f 5694/5694 5696/5696 5695/5695
f 5696/5696 5694/5694 5697/5697
f 5520/5520 5639/5639 5521/5521
f 5640/5640 5698/5698 5639/5639
f 5698/5698 5640/5640 5643/5643
f 5698/5698 5521/5521 5639/5639
f 5521/5521 5698/5698 5699/5699
f 5698/5698 5643/5643 5700/5700
f 5698/5698 5700/5700 5701/5701
f 5701/5701 5699/5699 5698/5698
f 5700/5700 5702/5702 5701/5701
f 5701/5701 5703/5703 5699/5699
f 5701/5701 4648/4648 5703/5703
f 4655/4655 5703/5703 4648/4648
f 4648/4648 5701/5701 4649/4649
f 5521/5521 5699/5699 5704/5704
f 5522/5522 5521/5521 5704/5704
f 5704/5704 4653/4653 5522/5522
f 5705/5705 5699/5699 5703/5703
f 5704/5704 5699/5699 5705/5705
f 4653/4653 5704/5704 5705/5705
f 5705/5705 5703/5703 4655/4655
f 5706/5706 5644/5644 5620/5620
f 5706/5706 5695/5695 5696/5696
f 5696/5696 5702/5702 5706/5706
f 5701/5701 5702/5702 5696/5696
f 5707/5707 5701/5701 5696/5696
f 5708/5708 5701/5701 5707/5707
f 5708/5708 4649/4649 5701/5701
f 4667/4667 5708/5708 5707/5707
f 4649/4649 5708/5708 4667/4667
f 4650/4650 4658/4658 4648/4648
f 4649/4649 4667/4667 4651/4651
f 5707/5707 4668/4668 4667/4667
f 4668/4668 5696/5696 5709/5709
f 5696/5696 4668/4668 5707/5707
f 5697/5697 5709/5709 5696/5696
f 5705/5705 4657/4657 4653/4653
f 4653/4653 4657/4657 4654/4654
f 5522/5522 4653/4653 5529/5529
f 5529/5529 4653/4653 4652/4652
f 4657/4657 5705/5705 4655/4655
f 4648/4648 4658/4658 4656/4656
f 4658/4658 4663/4663 4659/4659
f 5592/5592 5529/5529 4652/4652
f 5592/5592 4652/4652 4660/4660
f 5710/5710 5592/5592 4660/4660
f 5592/5592 5530/5530 5529/5529
f 5710/5710 4660/4660 4665/4665
f 4665/4665 5711/5711 5712/5712
f 5712/5712 5710/5710 4665/4665
f 5713/5713 4659/4659 4663/4663
f 4659/4659 5713/5713 4661/4661
f 5713/5713 4663/4663 4662/4662
f 4661/4661 5714/5714 4665/4665
f 5714/5714 4661/4661 5713/5713
f 4665/4665 5714/5714 5711/5711
f 5711/5711 5714/5714 5715/5715
f 4662/4662 5715/5715 5714/5714
f 4662/4662 5714/5714 5713/5713
f 4650/4650 4651/4651 4658/4658
f 4651/4651 4667/4667 4666/4666
f 4651/4651 4666/4666 5716/5716
f 4669/4669 5716/5716 4666/4666
f 5717/5717 4658/4658 4651/4651
f 4658/4658 5717/5717 4672/4672
f 5717/5717 4651/4651 5716/5716
f 5716/5716 4669/4669 5718/5718
f 5717/5717 5716/5716 4673/4673
f 4670/4670 4668/4668 5709/5709
f 5719/5719 4669/4669 4670/4670
f 4669/4669 5719/5719 5718/5718
f 4672/4672 5717/5717 4673/4673
f 4673/4673 5716/5716 5718/5718
f 5719/5719 4670/4670 5720/5720
f 5718/5718 5721/5721 4673/4673
f 5721/5721 5718/5718 5719/5719
f 5721/5721 5719/5719 5722/5722
f 5719/5719 5720/5720 5722/5722
f 5721/5721 5722/5722 5723/5723
f 4671/4671 4673/4673 5721/5721
f 4671/4671 5721/5721 5723/5723
f 5723/5723 5722/5722 5724/5724
f 5720/5720 5724/5724 5722/5722
f 4672/4672 4663/4663 4658/4658
f 4664/4664 4663/4663 4672/4672
f 4671/4671 4664/4664 4672/4672
f 4671/4671 4675/4675 4664/4664
f 4662/4662 4664/4664 4675/4675
f 4662/4662 4675/4675 5725/5725
f 5723/5723 4674/4674 4671/4671
f 5673/5673 5675/5675 5726/5726
f 5690/5690 5726/5726 5675/5675
f 5726/5726 5727/5727 5728/5728
f 5693/5693 5625/5625 5678/5678
f 5729/5729 5693/5693 5678/5678
f 5729/5729 5670/5670 5679/5679
f 5678/5678 5670/5670 5729/5729
f 5729/5729 5679/5679 5730/5730
f 5693/5693 5628/5628 5625/5625
f 5693/5693 5697/5697 5694/5694
f 5697/5697 5693/5693 5729/5729
f 5697/5697 5729/5729 5730/5730
f 5679/5679 5672/5672 5673/5673
f 5728/5728 5679/5679 5673/5673
f 5726/5726 5728/5728 5673/5673
f 5730/5730 5679/5679 5728/5728
f 5731/5731 5730/5730 5728/5728
f 5697/5697 5730/5730 5732/5732
f 5732/5732 5733/5733 5697/5697
f 5733/5733 5709/5709 5697/5697
f 5731/5731 5732/5732 5730/5730
f 5731/5731 5734/5734 5732/5732
f 5731/5731 4696/4696 5734/5734
f 5735/5735 5732/5732 5734/5734
f 5733/5733 5732/5732 5735/5735
f 5709/5709 5733/5733 5735/5735
f 5736/5736 5689/5689 5692/5692
f 5690/5690 5687/5687 5737/5737
f 5738/5738 5690/5690 5737/5737
f 5690/5690 5675/5675 5674/5674
f 5687/5687 5689/5689 5737/5737
f 5737/5737 5689/5689 5736/5736
f 5739/5739 5737/5737 5736/5736
f 5738/5738 5727/5727 5690/5690
f 5690/5690 5727/5727 5726/5726
f 5738/5738 5740/5740 5727/5727
f 5727/5727 5740/5740 5728/5728
f 5738/5738 5737/5737 5739/5739
f 5739/5739 5736/5736 4681/4681
f 5740/5740 5738/5738 5739/5739
f 5736/5736 5692/5692 5741/5741
f 5692/5692 4646/4646 5741/5741
f 4646/4646 4677/4677 5741/5741
f 5741/5741 4681/4681 5736/5736
f 5741/5741 4677/4677 4681/4681
f 4682/4682 5739/5739 4681/4681
f 4696/4696 5728/5728 5740/5740
f 4685/4685 4696/4696 5740/5740
f 4682/4682 4685/4685 5739/5739
f 5739/5739 4685/4685 5740/5740
f 4685/4685 4682/4682 4687/4687
f 4683/4683 4685/4685 4687/4687
f 4688/4688 4687/4687 4682/4682
f 4688/4688 4678/4678 4693/4693
f 5728/5728 4696/4696 5731/5731
f 5742/5742 4696/4696 4698/4698
f 5742/5742 5734/5734 4696/4696
f 5742/5742 4699/4699 5734/5734
f 5735/5735 4732/4732 5709/5709
f 5735/5735 4703/4703 4732/4732
f 4703/4703 5735/5735 4699/4699
f 4699/4699 5735/5735 5734/5734
f 4736/4736 4703/4703 4704/4704
f 4703/4703 4736/4736 4732/4732
f 4701/4701 4704/4704 4703/4703
f 4702/4702 4736/4736 4704/4704
f 4709/4709 4712/4712 4710/4710
f 4712/4712 4709/4709 4737/4737
f 4716/4716 5742/5742 4698/4698
f 4716/4716 4699/4699 5742/5742
f 4728/4728 4726/4726 4725/4725
f 4726/4726 5743/5743 4702/4702
f 5744/5744 5743/5743 4726/4726
f 5743/5743 4736/4736 4702/4702
f 4702/4702 4723/4723 4726/4726
f 4729/4729 5745/5745 4728/4728
f 5709/5709 5746/5746 4670/4670
f 4732/4732 5746/5746 5709/5709
f 4732/4732 4731/4731 5746/5746
f 4670/4670 5746/5746 4731/4731
f 4731/4731 5720/5720 4670/4670
f 5720/5720 4731/4731 4734/4734
f 5720/5720 4734/4734 5747/5747
f 5724/5724 5720/5720 5747/5747
f 4735/4735 4733/4733 5748/5748
f 5747/5747 4734/4734 4735/4735
f 5747/5747 4735/4735 5749/5749
f 5749/5749 4735/4735 5748/5748
f 4736/4736 5750/5750 4733/4733
f 4733/4733 5750/5750 5748/5748
f 5750/5750 5751/5751 5748/5748
f 5710/5710 5712/5712 5592/5592
f 4012/4012 4647/4647 4011/4011
f 4676/4676 4017/4017 5178/5178
f 5177/5177 5178/5178 4017/4017
f 4680/4680 4679/4679 4677/4677
f 4676/4676 4680/4680 4677/4677
f 4676/4676 5178/5178 5179/5179
f 5179/5179 4680/4680 4676/4676
f 5752/5752 4678/4678 4680/4680
f 4680/4680 5179/5179 5753/5753
f 5753/5753 5752/5752 4680/4680
f 4708/4708 5752/5752 5753/5753
f 4708/4708 5753/5753 4740/4740
f 4678/4678 5752/5752 4693/4693
f 4708/4708 4693/4693 5752/5752
f 5753/5753 5179/5179 4740/4740
f 5179/5179 5183/5183 4740/4740
f 4737/4737 4695/4695 4708/4708
f 4695/4695 4737/4737 4709/4709
f 4737/4737 4708/4708 4739/4739
f 4739/4739 4708/4708 4740/4740
f 4740/4740 5183/5183 4738/4738
f 4741/4741 5754/5754 4730/4730
f 5755/5755 5754/5754 4741/4741
f 4738/4738 5755/5755 4741/4741
f 4738/4738 5756/5756 5755/5755
f 4738/4738 5757/5757 5758/5758
f 5754/5754 4729/4729 4730/4730
f 5745/5745 4729/4729 5754/5754
f 5745/5745 5754/5754 5759/5759
f 5755/5755 5759/5759 5754/5754
f 5759/5759 5760/5760 5745/5745
f 4105/4105 5183/5183 5187/5187
f 4738/4738 5183/5183 4105/4105
f 4105/4105 5757/5757 4738/4738
f 5761/5761 4105/4105 5762/5762
f 5757/5757 4105/4105 5761/5761
f 4107/4107 5762/5762 4105/4105
f 4107/4107 5763/5763 5762/5762
f 5764/5764 5762/5762 5763/5763
f 4107/4107 4170/4170 5763/5763
f 4822/4822 4750/4750 4749/4749
f 5765/5765 4756/4756 2698/2698
f 5765/5765 4760/4760 4756/4756
f 5765/5765 2698/2698 4761/4761
f 5765/5765 4761/4761 4760/4760
f 5766/5766 4756/4756 4760/4760
f 4760/4760 4766/4766 5766/5766
f 4779/4779 4770/4770 3436/3436
f 4768/4768 4779/4779 3436/3436
f 4772/4772 4787/4787 4769/4769
f 4782/4782 4768/4768 5766/5766
f 5766/5766 4768/4768 4756/4756
f 4782/4782 4779/4779 4768/4768
f 4782/4782 5766/5766 4766/4766
f 4777/4777 4772/4772 4770/4770
f 4779/4779 4781/4781 4770/4770
f 4780/4780 4778/4778 4771/4771
f 4791/4791 4744/4744 4790/4790
f 4797/4797 4801/4801 4744/4744
f 4797/4797 4799/4799 4801/4801
f 4801/4801 4813/4813 4743/4743
f 4745/4745 4813/4813 4814/4814
f 4749/4749 4819/4819 4822/4822
f 4830/4830 4829/4829 4822/4822
f 4822/4822 4829/4829 4750/4750
f 4829/4829 4832/4832 4750/4750
f 4832/4832 4829/4829 4831/4831
f 4833/4833 4832/4832 4837/4837
f 4839/4839 4840/4840 4844/4844
f 4845/4845 4854/4854 4842/4842
f 4866/4866 4871/4871 4842/4842
f 4842/4842 4854/4854 4866/4866
f 4871/4871 4857/4857 4865/4865
f 4842/4842 4871/4871 4865/4865
f 4871/4871 4878/4878 4857/4857
f 4877/4877 4878/4878 4871/4871
f 4884/4884 4857/4857 4878/4878
f 4858/4858 4857/4857 4861/4861
f 4884/4884 4878/4878 4880/4880
f 4822/4822 4821/4821 4830/4830
f 4923/4923 4863/4863 4922/4922
f 4937/4937 4935/4935 4928/4928
f 4933/4933 4937/4937 4928/4928
f 4859/4859 4923/4923 4957/4957
f 4962/4962 4957/4957 4961/4961
f 4976/4976 4962/4962 4971/4971
f 4962/4962 4967/4967 4971/4971
f 4962/4962 4976/4976 4965/4965
f 4974/4974 4965/4965 4980/4980
f 4965/4965 4976/4976 4980/4980
f 4985/4985 4980/4980 4988/4988
f 4997/4997 4994/4994 4995/4995
f 5027/5027 5002/5002 5005/5005
f 5027/5027 5039/5039 5026/5026
f 5045/5045 5053/5053 5054/5054
f 5059/5059 5053/5053 5767/5767
f 5053/5053 5045/5045 5767/5767
f 5045/5045 5046/5046 5767/5767
f 5046/5046 5061/5061 5767/5767
f 5061/5061 5059/5059 5767/5767
f 5072/5072 5066/5066 4997/4997
f 5066/5066 5072/5072 5079/5079
f 5095/5095 5066/5066 5079/5079
f 5095/5095 5079/5079 5082/5082
f 5079/5079 5072/5072 5076/5076
f 5117/5117 5085/5085 5090/5090
f 5090/5090 5093/5093 5117/5117
f 5093/5093 5090/5090 5088/5088
f 5095/5095 5094/5094 5066/5066
f 5095/5095 5082/5082 5768/5768
f 5768/5768 5097/5097 5095/5095
f 5768/5768 5085/5085 5097/5097
f 5097/5097 5085/5085 5098/5098
f 5103/5103 5100/5100 5099/5099
f 5100/5100 5057/5057 5099/5099
f 5057/5057 3920/3920 5099/5099
f 5100/5100 5103/5103 5101/5101
f 5104/5104 5101/5101 5103/5103
f 5109/5109 5104/5104 5103/5103
f 5082/5082 5083/5083 5768/5768
f 5768/5768 5083/5083 5085/5085
f 5287/5287 5350/5350 5339/5339
f 5360/5360 5356/5356 5355/5355
f 5393/5393 5346/5346 5390/5390
f 5347/5347 5346/5346 5393/5393
f 5395/5395 5347/5347 5393/5393
f 5404/5404 5347/5347 5395/5395
f 5404/5404 5353/5353 5347/5347
f 5394/5394 5400/5400 5395/5395
f 5398/5398 5400/5400 5394/5394
f 5395/5395 5400/5400 5404/5404
f 5357/5357 5404/5404 5364/5364
f 5364/5364 5407/5407 5406/5406
f 5407/5407 5364/5364 5404/5404
f 5386/5386 5629/5629 5409/5409
f 5423/5423 5769/5769 5422/5422
f 5769/5769 5385/5385 5422/5422
f 5424/5424 5770/5770 5423/5423
f 5770/5770 5769/5769 5423/5423
f 4533/4533 5441/5441 5427/5427
f 4533/4533 5425/5425 5441/5441
f 5385/5385 5769/5769 5386/5386
f 5770/5770 5424/5424 5771/5771
f 5771/5771 5769/5769 5770/5770
f 5772/5772 5769/5769 5771/5771
f 5771/5771 5426/5426 5427/5427
f 5771/5771 5427/5427 5773/5773
f 5773/5773 5427/5427 5441/5441
f 5771/5771 5773/5773 5593/5593
f 5426/5426 5771/5771 5424/5424
f 5772/5772 5771/5771 5593/5593
f 5434/5434 5603/5603 5431/5431
f 5435/5435 5603/5603 5434/5434
f 5438/5438 5603/5603 5435/5435
f 5452/5452 5603/5603 5438/5438
f 5773/5773 5441/5441 5440/5440
f 5431/5431 5440/5440 5432/5432
f 5603/5603 5440/5440 5431/5431
f 5440/5440 5603/5603 5593/5593
f 5593/5593 5773/5773 5440/5440
f 5464/5464 5476/5476 5479/5479
f 5479/5479 5476/5476 5475/5475
f 5774/5774 5409/5409 5629/5629
f 5409/5409 5774/5774 5410/5410
f 5486/5486 5410/5410 5774/5774
f 5504/5504 5485/5485 5486/5486
f 5504/5504 5486/5486 5491/5491
f 5486/5486 5774/5774 5775/5775
f 5629/5629 5596/5596 5774/5774
f 5775/5775 5774/5774 5596/5596
f 5775/5775 5492/5492 5486/5486
f 5775/5775 5596/5596 5495/5495
f 5492/5492 5775/5775 5495/5495
f 5502/5502 5507/5507 5498/5498
f 5565/5565 5570/5570 5571/5571
f 5568/5568 4622/4622 5570/5570
f 5568/5568 5572/5572 4622/4622
f 5569/5569 5525/5525 5579/5579
f 5568/5568 5579/5579 5572/5572
f 5587/5587 5588/5588 5581/5581
f 5772/5772 5593/5593 5595/5595
f 5594/5594 5593/5593 5603/5603
f 5452/5452 5604/5604 5603/5603
f 5603/5603 5604/5604 5602/5602
f 5600/5600 5604/5604 5452/5452
f 5602/5602 5604/5604 5599/5599
f 5599/5599 5613/5613 5602/5602
f 5613/5613 5776/5776 5602/5602
f 5611/5611 5597/5597 5607/5607
f 5607/5607 5615/5615 5611/5611
f 5615/5615 5612/5612 5611/5611
f 5598/5598 5602/5602 5776/5776
f 5776/5776 5607/5607 5598/5598
f 5776/5776 5618/5618 5607/5607
f 5607/5607 5618/5618 5615/5615
f 5618/5618 5776/5776 5777/5777
f 5777/5777 5776/5776 5613/5613
f 5614/5614 5777/5777 5613/5613
f 5606/5606 5622/5622 5614/5614
f 5676/5676 5622/5622 5606/5606
f 5618/5618 5619/5619 5617/5617
f 5627/5627 5619/5619 5618/5618
f 5777/5777 5614/5614 5626/5626
f 5614/5614 5622/5622 5626/5626
f 5622/5622 5621/5621 5626/5626
f 5626/5626 5618/5618 5777/5777
f 5626/5626 5627/5627 5618/5618
f 5772/5772 5386/5386 5769/5769
f 5629/5629 5386/5386 5772/5772
f 5629/5629 5772/5772 5595/5595
f 5643/5643 5638/5638 5641/5641
f 5638/5638 5633/5633 5641/5641
f 5616/5616 5644/5644 5642/5642
f 5612/5612 5616/5616 5642/5642
f 5640/5640 5638/5638 5643/5643
f 5619/5619 5706/5706 5620/5620
f 5646/5646 5648/5648 5647/5647
f 5648/5648 5646/5646 5652/5652
f 5660/5660 5657/5657 5652/5652
f 5654/5654 5660/5660 5652/5652
f 4926/4926 4929/4929 5650/5650
f 4929/4929 5654/5654 5650/5650
f 5706/5706 5619/5619 5627/5627
f 5706/5706 5627/5627 5695/5695
f 5695/5695 5627/5627 5628/5628
f 5700/5700 5643/5643 5644/5644
f 5700/5700 5644/5644 5702/5702
f 5706/5706 5702/5702 5644/5644
f 767/767 5778/5778 768/768
f 5779/5779 5780/5780 5781/5781
f 829/829 830/830 5782/5782
f 5782/5782 5783/5783 829/829
f 5783/5783 831/831 829/829
f 5783/5783 833/833 831/831
f 5784/5784 5785/5785 5783/5783
f 5780/5780 5786/5786 5784/5784
f 5785/5785 833/833 5783/5783
f 837/837 834/834 833/833
f 5787/5787 835/835 837/837
f 5788/5788 5789/5789 5790/5790
f 5786/5786 5785/5785 5784/5784
f 5791/5791 5786/5786 5780/5780
f 5785/5785 5792/5792 5789/5789
f 5792/5792 5790/5790 5789/5789
f 5792/5792 5785/5785 5786/5786
f 5793/5793 5792/5792 5786/5786
f 5792/5792 5794/5794 5790/5790
f 5795/5795 5792/5792 5793/5793
f 5795/5795 5794/5794 5792/5792
f 5780/5780 5779/5779 5791/5791
f 5796/5796 5793/5793 5791/5791
f 5797/5797 5793/5793 5796/5796
f 5798/5798 5797/5797 5796/5796
f 5799/5799 5798/5798 5796/5796
f 5800/5800 5794/5794 5795/5795
f 5794/5794 5801/5801 5790/5790
f 5800/5800 5801/5801 5794/5794
f 5801/5801 5802/5802 5803/5803
f 5802/5802 5801/5801 5800/5800
f 855/855 853/853 5803/5803
f 5800/5800 5804/5804 5802/5802
f 5804/5804 857/857 855/855
f 5805/5805 857/857 5804/5804
f 5805/5805 858/858 857/857
f 5806/5806 5805/5805 5804/5804
f 5807/5807 5800/5800 5795/5795
f 5808/5808 5799/5799 5796/5796
f 5799/5799 5809/5809 5798/5798
f 5798/5798 5810/5810 5797/5797
f 5809/5809 5810/5810 5798/5798
f 5809/5809 5811/5811 5812/5812
f 5813/5813 5814/5814 5809/5809
f 5814/5814 5811/5811 5809/5809
f 5815/5815 5806/5806 5816/5816
f 5811/5811 5817/5817 5816/5816
f 5817/5817 5815/5815 5816/5816
f 5818/5818 5817/5817 5811/5811
f 5819/5819 5820/5820 5821/5821
f 5781/5781 5822/5822 5779/5779
f 5822/5822 5823/5823 5779/5779
f 5823/5823 5791/5791 5779/5779
f 5823/5823 5824/5824 5825/5825
f 5824/5824 5823/5823 5822/5822
f 5826/5826 5823/5823 5825/5825
f 5827/5827 5828/5828 5829/5829
f 5824/5824 5829/5829 5828/5828
f 5830/5830 5828/5828 5827/5827
f 5831/5831 5832/5832 5828/5828
f 5830/5830 5831/5831 5828/5828
f 5827/5827 5833/5833 5830/5830
f 5834/5834 5830/5830 5833/5833
f 5834/5834 5835/5835 5830/5830
f 5825/5825 5836/5836 5826/5826
f 5836/5836 5825/5825 5832/5832
f 5837/5837 5832/5832 5831/5831
f 5831/5831 5830/5830 5835/5835
f 5838/5838 5831/5831 5835/5835
f 5831/5831 5838/5838 5837/5837
f 5838/5838 5839/5839 5837/5837
f 5834/5834 5840/5840 5835/5835
f 5840/5840 5838/5838 5835/5835
f 5838/5838 5841/5841 5839/5839
f 5840/5840 5841/5841 5838/5838
f 5842/5842 5839/5839 5841/5841
f 5843/5843 5840/5840 5844/5844
f 5843/5843 5841/5841 5840/5840
f 5842/5842 5841/5841 5843/5843
f 5845/5845 5846/5846 5843/5843
f 5826/5826 5796/5796 5791/5791
f 5826/5826 5791/5791 5823/5823
f 5796/5796 5826/5826 5808/5808
f 5808/5808 5826/5826 5813/5813
f 5826/5826 5836/5836 5813/5813
f 5847/5847 5848/5848 5813/5813
f 5848/5848 5814/5814 5813/5813
f 5836/5836 5832/5832 5849/5849
f 5847/5847 5813/5813 5836/5836
f 5836/5836 5849/5849 5847/5847
f 5849/5849 5850/5850 5847/5847
f 5850/5850 5851/5851 5847/5847
f 5814/5814 5852/5852 5811/5811
f 5852/5852 5814/5814 5848/5848
f 5848/5848 5847/5847 5851/5851
f 5851/5851 5853/5853 5848/5848
f 5854/5854 5853/5853 5851/5851
f 5851/5851 5850/5850 5854/5854
f 5852/5852 5848/5848 5853/5853
f 5811/5811 5852/5852 5855/5855
f 5854/5854 5852/5852 5853/5853
f 5854/5854 5855/5855 5852/5852
f 5837/5837 5849/5849 5832/5832
f 5854/5854 5837/5837 5839/5839
f 5842/5842 5854/5854 5839/5839
f 5842/5842 5856/5856 5854/5854
f 5854/5854 5856/5856 5855/5855
f 5846/5846 5842/5842 5843/5843
f 5857/5857 5842/5842 5846/5846
f 5846/5846 5845/5845 5858/5858
f 5842/5842 5857/5857 5856/5856
f 5859/5859 5860/5860 859/859
f 5806/5806 5861/5861 5805/5805
f 5859/5859 859/859 858/858
f 5805/5805 5859/5859 858/858
f 5805/5805 5861/5861 5859/5859
f 5862/5862 5863/5863 5860/5860
f 5861/5861 5860/5860 5859/5859
f 5864/5864 5860/5860 5861/5861
f 5862/5862 5860/5860 5864/5864
f 5863/5863 5862/5862 5865/5865
f 5866/5866 5865/5865 5862/5862
f 5865/5865 5867/5867 5863/5863
f 5868/5868 5815/5815 5869/5869
f 5868/5868 5870/5870 5861/5861
f 5870/5870 5864/5864 5861/5861
f 5866/5866 5862/5862 5864/5864
f 5871/5871 5866/5866 5864/5864
f 5872/5872 5868/5868 5869/5869
f 5870/5870 5868/5868 5872/5872
f 5872/5872 5873/5873 5870/5870
f 5874/5874 5870/5870 5873/5873
f 5870/5870 5875/5875 5864/5864
f 5871/5871 5876/5876 5866/5866
f 5876/5876 5865/5865 5866/5866
f 5876/5876 5867/5867 5865/5865
f 5876/5876 5877/5877 5867/5867
f 5871/5871 5877/5877 5876/5876
f 5875/5875 5871/5871 5864/5864
f 5878/5878 5871/5871 5875/5875
f 5878/5878 5879/5879 5877/5877
f 5871/5871 5878/5878 5877/5877
f 5874/5874 5880/5880 5870/5870
f 5880/5880 5875/5875 5870/5870
f 5881/5881 5878/5878 5875/5875
f 5882/5882 5878/5878 5881/5881
f 5883/5883 5882/5882 5881/5881
f 5855/5855 5884/5884 5885/5885
f 5886/5886 5887/5887 5884/5884
f 5886/5886 5884/5884 5855/5855
f 5855/5855 5888/5888 5886/5886
f 5884/5884 5887/5887 5873/5873
f 5886/5886 5873/5873 5887/5887
f 5886/5886 5874/5874 5873/5873
f 5889/5889 5890/5890 5874/5874
f 5889/5889 5891/5891 5890/5890
f 5891/5891 5883/5883 5881/5881
f 5890/5890 5891/5891 5881/5881
f 5886/5886 5892/5892 5874/5874
f 5893/5893 5889/5889 5874/5874
f 5889/5889 5893/5893 5891/5891
f 5856/5856 5894/5894 5855/5855
f 5855/5855 5894/5894 5888/5888
f 5892/5892 5888/5888 5894/5894
f 5892/5892 5886/5886 5888/5888
f 5857/5857 5894/5894 5856/5856
f 5893/5893 5874/5874 5892/5892
f 5891/5891 5893/5893 5895/5895
f 5883/5883 5891/5891 5895/5895
f 5896/5896 5883/5883 5895/5895
f 5883/5883 5897/5897 5898/5898
f 5897/5897 5883/5883 5896/5896
f 5899/5899 5895/5895 5893/5893
f 5899/5899 5896/5896 5895/5895
f 5896/5896 5900/5900 5897/5897
f 5900/5900 5898/5898 5897/5897
f 5863/5863 903/903 902/902
f 5863/5863 5901/5901 903/903
f 5901/5901 5863/5863 5867/5867
f 5879/5879 5901/5901 5867/5867
f 5879/5879 5867/5867 5877/5877
f 5878/5878 5902/5902 5879/5879
f 5901/5901 897/897 903/903
f 5901/5901 906/906 897/897
f 5901/5901 5903/5903 906/906
f 5901/5901 5879/5879 5903/5903
f 5902/5902 5903/5903 5879/5879
f 5904/5904 1304/1304 906/906
f 1307/1307 1304/1304 5904/5904
f 906/906 5903/5903 5904/5904
f 5905/5905 5904/5904 5903/5903
f 1304/1304 905/905 906/906
f 5882/5882 5902/5902 5878/5878
f 5882/5882 5903/5903 5902/5902
f 5905/5905 5903/5903 5882/5882
f 5906/5906 5905/5905 5882/5882
f 5907/5907 5908/5908 5905/5905
f 5904/5904 5905/5905 5908/5908
f 5906/5906 5882/5882 5883/5883
f 5907/5907 5905/5905 5906/5906
f 5907/5907 5906/5906 5883/5883
f 5909/5909 5908/5908 5907/5907
f 5907/5907 5883/5883 5898/5898
f 5907/5907 5898/5898 5909/5909
f 1491/1491 5910/5910 1492/1492
f 5911/5911 5912/5912 5833/5833
f 1491/1491 1494/1494 5913/5913
f 1498/1498 5914/5914 1494/1494
f 5914/5914 5913/5913 1494/1494
f 5913/5913 5914/5914 5915/5915
f 5914/5914 5916/5916 5915/5915
f 5916/5916 5914/5914 5917/5917
f 1499/1499 5914/5914 1498/1498
f 5917/5917 5914/5914 1499/1499
f 5917/5917 1499/1499 1501/1501
f 5915/5915 5912/5912 5911/5911
f 5915/5915 5918/5918 5912/5912
f 5916/5916 5918/5918 5915/5915
f 5912/5912 5834/5834 5833/5833
f 5919/5919 5834/5834 5912/5912
f 5919/5919 5844/5844 5834/5834
f 5834/5834 5844/5844 5840/5840
f 5858/5858 5843/5843 5844/5844
f 5918/5918 5919/5919 5912/5912
f 5920/5920 5844/5844 5919/5919
f 5921/5921 5919/5919 5918/5918
f 5844/5844 5920/5920 5858/5858
f 5858/5858 5845/5845 5843/5843
f 5922/5922 5858/5858 5920/5920
f 5923/5923 5857/5857 5858/5858
f 5924/5924 5916/5916 5917/5917
f 5924/5924 5918/5918 5916/5916
f 5924/5924 5921/5921 5918/5918
f 5925/5925 5917/5917 1501/1501
f 5924/5924 5925/5925 1508/1508
f 5925/5925 5924/5924 5917/5917
f 5924/5924 2170/2170 5921/5921
f 5926/5926 5921/5921 2170/2170
f 5921/5921 5926/5926 5920/5920
f 5920/5920 5927/5927 5922/5922
f 5927/5927 5920/5920 5926/5926
f 5928/5928 5923/5923 5927/5927
f 5929/5929 5927/5927 5926/5926
f 5928/5928 5929/5929 5930/5930
f 5928/5928 5927/5927 5929/5929
f 5858/5858 5857/5857 5846/5846
f 1508/1508 5925/5925 1501/1501
f 5931/5931 5924/5924 1508/1508
f 5931/5931 2170/2170 5924/5924
f 5931/5931 1508/1508 1509/1509
f 1515/1515 5931/5931 1509/1509
f 1515/1515 2170/2170 5931/5931
f 5932/5932 5929/5929 5926/5926
f 5932/5932 5926/5926 2170/2170
f 5929/5929 5932/5932 5933/5933
f 5930/5930 5929/5929 5933/5933
f 1516/1516 2170/2170 1515/1515
f 5934/5934 5933/5933 5932/5932
f 2170/2170 5934/5934 5932/5932
f 5923/5923 5894/5894 5857/5857
f 5894/5894 5923/5923 5928/5928
f 5928/5928 5935/5935 5894/5894
f 5935/5935 5928/5928 5936/5936
f 5936/5936 5937/5937 5935/5935
f 5930/5930 5936/5936 5928/5928
f 5938/5938 5935/5935 5937/5937
f 5939/5939 5935/5935 5938/5938
f 5940/5940 5941/5941 5893/5893
f 5940/5940 5893/5893 5892/5892
f 5942/5942 5940/5940 5892/5892
f 5894/5894 5935/5935 5892/5892
f 5939/5939 5892/5892 5935/5935
f 5942/5942 5892/5892 5939/5939
f 5899/5899 5893/5893 5941/5941
f 5941/5941 5940/5940 5943/5943
f 5944/5944 5899/5899 5941/5941
f 5943/5943 5940/5940 5942/5942
f 5944/5944 5941/5941 5945/5945
f 5946/5946 5944/5944 5947/5947
f 5948/5948 5896/5896 5899/5899
f 5899/5899 5946/5946 5948/5948
f 5944/5944 5946/5946 5899/5899
f 5900/5900 5896/5896 5948/5948
f 5949/5949 5948/5948 5946/5946
f 5950/5950 5949/5949 5946/5946
f 5900/5900 5948/5948 5949/5949
f 5950/5950 5946/5946 5947/5947
f 5951/5951 5943/5943 5942/5942
f 5951/5951 5941/5941 5943/5943
f 5951/5951 5945/5945 5941/5941
f 5945/5945 5947/5947 5944/5944
f 5939/5939 5951/5951 5942/5942
f 5951/5951 5952/5952 5945/5945
f 5953/5953 5947/5947 5945/5945
f 5953/5953 5945/5945 5952/5952
f 5950/5950 5947/5947 5954/5954
f 5955/5955 5954/5954 5947/5947
f 5956/5956 5936/5936 5930/5930
f 5957/5957 5937/5937 5956/5956
f 5957/5957 5956/5956 5958/5958
f 5936/5936 5956/5956 5937/5937
f 5957/5957 5938/5938 5937/5937
f 5958/5958 5956/5956 5930/5930
f 5958/5958 5938/5938 5957/5957
f 5959/5959 5960/5960 5958/5958
f 5938/5938 5960/5960 5939/5939
f 5960/5960 5938/5938 5958/5958
f 5958/5958 5930/5930 5933/5933
f 5959/5959 5958/5958 5933/5933
f 5959/5959 5961/5961 5960/5960
f 5962/5962 5960/5960 5961/5961
f 5961/5961 5959/5959 5963/5963
f 5964/5964 5965/5965 5961/5961
f 5939/5939 5960/5960 5951/5951
f 5962/5962 5951/5951 5960/5960
f 5966/5966 5952/5952 5951/5951
f 5953/5953 5952/5952 5966/5966
f 5967/5967 5947/5947 5953/5953
f 5966/5966 5951/5951 5962/5962
f 5966/5966 5968/5968 5967/5967
f 5967/5967 5953/5953 5966/5966
f 5961/5961 5966/5966 5962/5962
f 5961/5961 5968/5968 5966/5966
f 5961/5961 5967/5967 5968/5968
f 5969/5969 5954/5954 5955/5955
f 5969/5969 5970/5970 5954/5954
f 5947/5947 5967/5967 5955/5955
f 5971/5971 5955/5955 5967/5967
f 5972/5972 5955/5955 5971/5971
f 5969/5969 5955/5955 5972/5972
f 5969/5969 5972/5972 5971/5971
f 5971/5971 5970/5970 5969/5969
f 5965/5965 5970/5970 5971/5971
f 5961/5961 5965/5965 5967/5967
f 5967/5967 5965/5965 5971/5971
f 5964/5964 5973/5973 5965/5965
f 2175/2175 2170/2170 2169/2169
f 5974/5974 5933/5933 5934/5934
f 2175/2175 5934/5934 2170/2170
f 2175/2175 5974/5974 5934/5934
f 5974/5974 2175/2175 2174/2174
f 2230/2230 5975/5975 2228/2228
f 5976/5976 5933/5933 5974/5974
f 5976/5976 5977/5977 5933/5933
f 5977/5977 5959/5959 5933/5933
f 5976/5976 5978/5978 5977/5977
f 5978/5978 5963/5963 5977/5977
f 5977/5977 5963/5963 5959/5959
f 5974/5974 5979/5979 5976/5976
f 5976/5976 5979/5979 5978/5978
f 5963/5963 5964/5964 5961/5961
f 5973/5973 5964/5964 5963/5963
f 5980/5980 5981/5981 5982/5982
f 5983/5983 5980/5980 5982/5982
f 5980/5980 5984/5984 5981/5981
f 5985/5985 5986/5986 5984/5984
f 5984/5984 5986/5986 5987/5987
f 5988/5988 5989/5989 5986/5986
f 5990/5990 5975/5975 2230/2230
f 5990/5990 5991/5991 5975/5975
f 5992/5992 5993/5993 5994/5994
f 5995/5995 5994/5994 5993/5993
f 5991/5991 5990/5990 5995/5995
f 5994/5994 5995/5995 5990/5990
f 2230/2230 2227/2227 3094/3094
f 2230/2230 5996/5996 5990/5990
f 5996/5996 2230/2230 3094/3094
f 5996/5996 5997/5997 5998/5998
f 5999/5999 5998/5998 5997/5997
f 5996/5996 6000/6000 5990/5990
f 5998/5998 6000/6000 5996/5996
f 5994/5994 5990/5990 6000/6000
f 6000/6000 5998/5998 6001/6001
f 6001/6001 5998/5998 6002/6002
f 6003/6003 6002/6002 5998/5998
f 6002/6002 6003/6003 6004/6004
f 5998/5998 5999/5999 6003/6003
f 6000/6000 6001/6001 5994/5994
f 6005/6005 5992/5992 5994/5994
f 6006/6006 6005/6005 6001/6001
f 6001/6001 6005/6005 5994/5994
f 6006/6006 6001/6001 6002/6002
f 6004/6004 6006/6006 6002/6002
f 6006/6006 6004/6004 6007/6007
f 6006/6006 6007/6007 6008/6008
f 6009/6009 6006/6006 6008/6008
f 6006/6006 6010/6010 6005/6005
f 6009/6009 6010/6010 6006/6006
f 6009/6009 6011/6011 6012/6012
f 6011/6011 6009/6009 6013/6013
f 6010/6010 6009/6009 6012/6012
f 5982/5982 5992/5992 6005/6005
f 6005/6005 5983/5983 5982/5982
f 6010/6010 5983/5983 6005/6005
f 6011/6011 6014/6014 6012/6012
f 6013/6013 6014/6014 6011/6011
f 6014/6014 6015/6015 6012/6012
f 5980/5980 5985/5985 5984/5984
f 5980/5980 5983/5983 5985/5985
f 5983/5983 6010/6010 6015/6015
f 6016/6016 6017/6017 6015/6015
f 6017/6017 5983/5983 6015/6015
f 6018/6018 6017/6017 6016/6016
f 6017/6017 5985/5985 5983/5983
f 5985/5985 6017/6017 6019/6019
f 6018/6018 6020/6020 6017/6017
f 6020/6020 6018/6018 6021/6021
f 6020/6020 6019/6019 6017/6017
f 6022/6022 6019/6019 6020/6020
f 6023/6023 6020/6020 6021/6021
f 6010/6010 6012/6012 6015/6015
f 6015/6015 6014/6014 6016/6016
f 6023/6023 6022/6022 6020/6020
f 6022/6022 6023/6023 6024/6024
f 5986/5986 5985/5985 6022/6022
f 5985/5985 6019/6019 6022/6022
f 5988/5988 5986/5986 6022/6022
f 6022/6022 6025/6025 6026/6026
f 6026/6026 5988/5988 6022/6022
f 6026/6026 6027/6027 5988/5988
f 6027/6027 6028/6028 6029/6029
f 5988/5988 6027/6027 6029/6029
f 2354/2354 2353/2353 6030/6030
f 6031/6031 2354/2354 6030/6030
f 6031/6031 6030/6030 6032/6032
f 6033/6033 2353/2353 2361/2361
f 6033/6033 6030/6030 2353/2353
f 6033/6033 6032/6032 6030/6030
f 6032/6032 6034/6034 6031/6031
f 6032/6032 6033/6033 6034/6034
f 2361/2361 2384/2384 6035/6035
f 6036/6036 6035/6035 2384/2384
f 6035/6035 6033/6033 2361/2361
f 6037/6037 6033/6033 6035/6035
f 6037/6037 6034/6034 6033/6033
f 2384/2384 2385/2385 2387/2387
f 2384/2384 2387/2387 6036/6036
f 2387/2387 2374/2374 2373/2373
f 6038/6038 6035/6035 6036/6036
f 6038/6038 6037/6037 6035/6035
f 6037/6037 6038/6038 6039/6039
f 6040/6040 6037/6037 6039/6039
f 6041/6041 6040/6040 6039/6039
f 6042/6042 6041/6041 6039/6039
f 6042/6042 6039/6039 6043/6043
f 6044/6044 2636/2636 2634/2634
f 6045/6045 2636/2636 6044/6044
f 6046/6046 2636/2636 6045/6045
f 2637/2637 6046/6046 3338/3338
f 6046/6046 2637/2637 2636/2636
f 2350/2350 2354/2354 6047/6047
f 2634/2634 2350/2350 6047/6047
f 6048/6048 6049/6049 2354/2354
f 6047/6047 2354/2354 6049/6049
f 6050/6050 6047/6047 6049/6049
f 6044/6044 2634/2634 6047/6047
f 6044/6044 6051/6051 6045/6045
f 6050/6050 6049/6049 6052/6052
f 6048/6048 2354/2354 6031/6031
f 6048/6048 6031/6031 6034/6034
f 6053/6053 6048/6048 6054/6054
f 6034/6034 6054/6054 6048/6048
f 6053/6053 6049/6049 6048/6048
f 6049/6049 6053/6053 6052/6052
f 6034/6034 6037/6037 6055/6055
f 6054/6054 6034/6034 6055/6055
f 6055/6055 6056/6056 6054/6054
f 768/768 5778/5778 770/770
f 5778/5778 6057/6057 770/770
f 5778/5778 767/767 6058/6058
f 6059/6059 6057/6057 5778/5778
f 6060/6060 6059/6059 5778/5778
f 6057/6057 771/771 770/770
f 5782/5782 830/830 771/771
f 6057/6057 5782/5782 771/771
f 6057/6057 6061/6061 5782/5782
f 6057/6057 6059/6059 6062/6062
f 6062/6062 6063/6063 6057/6057
f 6063/6063 6061/6061 6057/6057
f 5780/5780 6061/6061 6063/6063
f 5780/5780 5784/5784 6061/6061
f 6058/6058 6060/6060 5778/5778
f 1410/1410 6058/6058 767/767
f 6058/6058 1410/1410 6060/6060
f 6060/6060 1410/1410 5821/5821
f 6059/6059 6060/6060 5821/5821
f 6063/6063 5781/5781 5780/5780
f 6059/6059 6064/6064 6062/6062
f 6064/6064 5781/5781 6062/6062
f 6063/6063 6062/6062 5781/5781
f 6061/6061 5783/5783 5782/5782
f 5783/5783 6061/6061 5784/5784
f 833/833 5787/5787 837/837
f 833/833 5785/5785 5787/5787
f 5788/5788 835/835 5787/5787
f 852/852 835/835 5788/5788
f 5789/5789 5787/5787 5785/5785
f 5788/5788 5787/5787 5789/5789
f 5793/5793 5786/5786 5791/5791
f 5795/5795 5793/5793 5797/5797
f 5788/5788 5790/5790 852/852
f 5801/5801 5803/5803 5790/5790
f 852/852 853/853 851/851
f 5803/5803 853/853 852/852
f 5803/5803 852/852 5790/5790
f 5804/5804 855/855 5803/5803
f 5802/5802 5804/5804 5803/5803
f 5804/5804 5800/5800 5812/5812
f 5797/5797 5807/5807 5795/5795
f 5797/5797 5810/5810 5807/5807
f 5812/5812 5800/5800 5807/5807
f 5809/5809 5812/5812 5810/5810
f 5810/5810 5812/5812 5807/5807
f 5813/5813 5809/5809 5799/5799
f 5812/5812 5816/5816 5804/5804
f 5816/5816 5806/5806 5804/5804
f 5815/5815 5868/5868 5806/5806
f 5812/5812 5811/5811 5816/5816
f 5818/5818 5815/5815 5817/5817
f 5821/5821 1410/1410 5819/5819
f 1416/1416 5819/5819 1410/1410
f 5820/5820 6059/6059 5821/5821
f 6064/6064 6059/6059 5820/5820
f 2638/2638 5819/5819 1416/1416
f 5820/5820 5819/5819 2638/2638
f 5822/5822 5781/5781 6064/6064
f 6065/6065 6064/6064 5820/5820
f 5824/5824 5822/5822 6064/6064
f 6064/6064 6065/6065 5824/5824
f 5824/5824 6065/6065 5829/5829
f 5824/5824 5828/5828 5825/5825
f 5832/5832 5825/5825 5828/5828
f 6066/6066 5820/5820 2638/2638
f 6066/6066 6065/6065 5820/5820
f 6066/6066 2638/2638 6067/6067
f 1492/1492 6067/6067 2638/2638
f 5910/5910 6067/6067 1492/1492
f 6066/6066 6067/6067 5910/5910
f 6068/6068 6066/6066 5910/5910
f 5827/5827 6065/6065 6066/6066
f 6069/6069 5827/5827 6066/6066
f 6069/6069 6066/6066 6068/6068
f 6069/6069 5833/5833 5827/5827
f 5833/5833 6069/6069 6068/6068
f 6065/6065 5827/5827 5829/5829
f 5813/5813 5799/5799 5808/5808
f 5818/5818 5811/5811 5885/5885
f 5885/5885 5811/5811 5855/5855
f 5850/5850 5849/5849 5837/5837
f 5837/5837 5854/5854 5850/5850
f 5863/5863 859/859 5860/5860
f 5863/5863 902/902 859/859
f 5868/5868 5861/5861 5806/5806
f 5818/5818 5869/5869 5815/5815
f 5869/5869 5818/5818 5872/5872
f 5873/5873 5872/5872 5818/5818
f 5880/5880 5881/5881 5875/5875
f 5890/5890 5881/5881 5880/5880
f 5818/5818 5885/5885 5873/5873
f 5884/5884 5873/5873 5885/5885
f 5874/5874 5890/5890 5880/5880
f 1491/1491 6068/6068 5910/5910
f 5911/5911 5833/5833 6068/6068
f 6068/6068 1491/1491 5913/5913
f 5911/5911 6068/6068 5913/5913
f 5915/5915 5911/5911 5913/5913
f 5920/5920 5919/5919 5921/5921
f 5922/5922 5923/5923 5858/5858
f 5927/5927 5923/5923 5922/5922
f 5975/5975 3090/3090 2228/2228
f 6070/6070 3091/3091 3090/3090
f 6070/6070 3090/3090 5975/5975
f 3159/3159 5974/5974 2174/2174
f 5974/5974 3159/3159 5979/5979
f 6071/6071 5979/5979 3159/3159
f 6072/6072 5978/5978 5979/5979
f 5979/5979 6071/6071 6072/6072
f 6073/6073 6072/6072 6071/6071
f 3043/3043 6071/6071 3159/3159
f 6073/6073 6071/6071 3043/3043
f 6074/6074 6075/6075 6070/6070
f 5993/5993 6074/6074 6070/6070
f 5993/5993 6076/6076 6074/6074
f 5978/5978 6077/6077 5963/5963
f 6072/6072 6077/6077 5978/5978
f 6078/6078 6077/6077 6072/6072
f 6077/6077 6079/6079 5963/5963
f 6078/6078 6080/6080 6077/6077
f 6076/6076 5993/5993 5992/5992
f 5982/5982 6076/6076 5992/5992
f 5982/5982 6081/6081 6076/6076
f 5982/5982 5981/5981 6081/6081
f 6082/6082 5963/5963 6079/6079
f 6080/6080 6082/6082 6079/6079
f 5973/5973 5963/5963 6082/6082
f 6083/6083 6082/6082 6080/6080
f 6082/6082 6084/6084 5973/5973
f 6083/6083 6084/6084 6082/6082
f 5973/5973 6084/6084 6085/6085
f 6086/6086 6085/6085 6084/6084
f 5973/5973 6085/6085 6087/6087
f 6088/6088 6087/6087 6085/6085
f 6088/6088 6085/6085 6086/6086
f 6079/6079 6077/6077 6080/6080
f 6089/6089 6090/6090 5981/5981
f 5984/5984 6089/6089 5981/5981
f 6089/6089 5984/5984 5987/5987
f 5987/5987 6091/6091 6089/6089
f 5991/5991 6070/6070 5975/5975
f 5995/5995 6070/6070 5991/5991
f 5993/5993 6070/6070 5995/5995
f 3244/3244 5996/5996 3094/3094
f 5996/5996 3244/3244 5997/5997
f 3244/3244 5999/5999 5997/5997
f 6092/6092 5999/5999 3244/3244
f 5999/5999 6092/6092 6093/6093
f 6094/6094 6004/6004 6003/6003
f 6093/6093 6003/6003 5999/5999
f 6093/6093 6094/6094 6003/6003
f 6093/6093 6095/6095 6096/6096
f 6094/6094 6093/6093 6096/6096
f 6004/6004 6097/6097 6007/6007
f 6096/6096 6097/6097 6094/6094
f 6094/6094 6097/6097 6004/6004
f 6096/6096 6098/6098 6097/6097
f 6099/6099 6097/6097 6098/6098
f 6008/6008 6100/6100 6009/6009
f 6100/6100 6013/6013 6009/6009
f 6099/6099 6007/6007 6097/6097
f 6008/6008 6007/6007 6099/6099
f 6008/6008 6099/6099 6100/6100
f 6101/6101 6100/6100 6099/6099
f 6102/6102 3095/3095 3245/3245
f 6102/6102 3244/3244 3095/3095
f 6102/6102 3245/3245 3249/3249
f 6102/6102 6092/6092 3244/3244
f 6103/6103 6093/6093 6092/6092
f 6103/6103 6092/6092 6102/6102
f 6104/6104 6103/6103 6102/6102
f 6093/6093 6103/6103 6095/6095
f 6095/6095 6103/6103 6105/6105
f 6104/6104 6105/6105 6103/6103
f 6105/6105 6096/6096 6095/6095
f 6104/6104 6102/6102 3249/3249
f 6106/6106 6104/6104 3249/3249
f 6106/6106 6105/6105 6104/6104
f 3256/3256 6106/6106 3249/3249
f 6098/6098 6096/6096 6105/6105
f 6107/6107 6108/6108 6098/6098
f 6107/6107 6098/6098 6105/6105
f 6109/6109 6101/6101 6108/6108
f 6109/6109 6108/6108 6107/6107
f 6107/6107 6110/6110 6109/6109
f 6108/6108 6099/6099 6098/6098
f 6108/6108 6101/6101 6099/6099
f 6100/6100 6101/6101 6111/6111
f 6109/6109 6111/6111 6101/6101
f 6112/6112 6105/6105 6106/6106
f 6105/6105 6112/6112 6107/6107
f 6013/6013 6100/6100 6113/6113
f 6014/6014 6013/6013 6113/6113
f 6113/6113 6016/6016 6014/6014
f 6114/6114 6113/6113 6115/6115
f 6100/6100 6115/6115 6113/6113
f 6021/6021 6116/6116 6023/6023
f 6016/6016 6117/6117 6018/6018
f 6117/6117 6021/6021 6018/6018
f 6113/6113 6117/6117 6016/6016
f 6021/6021 6117/6117 6116/6116
f 6114/6114 6117/6117 6113/6113
f 6117/6117 6114/6114 6118/6118
f 6025/6025 6022/6022 6024/6024
f 6116/6116 6024/6024 6023/6023
f 6116/6116 6119/6119 6024/6024
f 6119/6119 6025/6025 6024/6024
f 6028/6028 6025/6025 6119/6119
f 6028/6028 6026/6026 6025/6025
f 6026/6026 6028/6028 6027/6027
f 6120/6120 6028/6028 6119/6119
f 6121/6121 6119/6119 6116/6116
f 6119/6119 6121/6121 6122/6122
f 6120/6120 6119/6119 6122/6122
f 6116/6116 6117/6117 6118/6118
f 6121/6121 6116/6116 6118/6118
f 6123/6123 6120/6120 6122/6122
f 6124/6124 6123/6123 6122/6122
f 6028/6028 6120/6120 6125/6125
f 6125/6125 6120/6120 6123/6123
f 6126/6126 6115/6115 6111/6111
f 6115/6115 6100/6100 6111/6111
f 6111/6111 6109/6109 6126/6126
f 6109/6109 6110/6110 6126/6126
f 6127/6127 6115/6115 6126/6126
f 6127/6127 6114/6114 6115/6115
f 6127/6127 6118/6118 6114/6114
f 6128/6128 6121/6121 6127/6127
f 6129/6129 6130/6130 6110/6110
f 6131/6131 6130/6130 6129/6129
f 6132/6132 6131/6131 6133/6133
f 6134/6134 6132/6132 6133/6133
f 6134/6134 6135/6135 6132/6132
f 6136/6136 6121/6121 6128/6128
f 6137/6137 6138/6138 6139/6139
f 6135/6135 6139/6139 6138/6138
f 6140/6140 6139/6139 6135/6135
f 6135/6135 6134/6134 6140/6140
f 6121/6121 6118/6118 6127/6127
f 6124/6124 6122/6122 6121/6121
f 6139/6139 6141/6141 6137/6137
f 6142/6142 6141/6141 6139/6139
f 6142/6142 6139/6139 6140/6140
f 6143/6143 6144/6144 6145/6145
f 3330/3330 6146/6146 3256/3256
f 3330/3330 6147/6147 6146/6146
f 6148/6148 6147/6147 3330/3330
f 6149/6149 6110/6110 6147/6147
f 6129/6129 6110/6110 6149/6149
f 3338/3338 3330/3330 3332/3332
f 3330/3330 3338/3338 6148/6148
f 6148/6148 3338/3338 6046/6046
f 6148/6148 6150/6150 6147/6147
f 6151/6151 6150/6150 6148/6148
f 6151/6151 6148/6148 6046/6046
f 6151/6151 6046/6046 6045/6045
f 6152/6152 6149/6149 6150/6150
f 6133/6133 6131/6131 6129/6129
f 6152/6152 6129/6129 6149/6149
f 6152/6152 6133/6133 6129/6129
f 6044/6044 6047/6047 6050/6050
f 6151/6151 6045/6045 6051/6051
f 6050/6050 6051/6051 6044/6044
f 6151/6151 6051/6051 6153/6153
f 6153/6153 6051/6051 6050/6050
f 6150/6150 6149/6149 6147/6147
f 6154/6154 6152/6152 6150/6150
f 6150/6150 6151/6151 6153/6153
f 6150/6150 6153/6153 6154/6154
f 6154/6154 6153/6153 6050/6050
f 6052/6052 6155/6155 6154/6154
f 6152/6152 6154/6154 6155/6155
f 6050/6050 6052/6052 6154/6154
f 6156/6156 6053/6053 6054/6054
f 6155/6155 6157/6157 6152/6152
f 6155/6155 6158/6158 6157/6157
f 6053/6053 6158/6158 6052/6052
f 6158/6158 6155/6155 6052/6052
f 6156/6156 6158/6158 6053/6053
f 6157/6157 6134/6134 6133/6133
f 6133/6133 6152/6152 6157/6157
f 6159/6159 6134/6134 6157/6157
f 6056/6056 6156/6156 6054/6054
f 6157/6157 6160/6160 6159/6159
f 6159/6159 6160/6160 6161/6161
f 6157/6157 6158/6158 6160/6160
f 6160/6160 6158/6158 6156/6156
f 6160/6160 6156/6156 6056/6056
f 6161/6161 6160/6160 6056/6056
f 6056/6056 6162/6162 6161/6161
f 6159/6159 6161/6161 6162/6162
f 6056/6056 6055/6055 6162/6162
f 6163/6163 6162/6162 6055/6055
f 6037/6037 6164/6164 6055/6055
f 6163/6163 6055/6055 6164/6164
f 6134/6134 6159/6159 6140/6140
f 6140/6140 6159/6159 6162/6162
f 6140/6140 6162/6162 6163/6163
f 6165/6165 6166/6166 6140/6140
f 6167/6167 6166/6166 6165/6165
f 6163/6163 6165/6165 6140/6140
f 6164/6164 6168/6168 6163/6163
f 6165/6165 6163/6163 6168/6168
f 6165/6165 6168/6168 6167/6167
f 6037/6037 6040/6040 6164/6164
f 6041/6041 6169/6169 6040/6040
f 6169/6169 6164/6164 6040/6040
f 6168/6168 6164/6164 6169/6169
f 6168/6168 6169/6169 6167/6167
f 6166/6166 6142/6142 6140/6140
f 6167/6167 6169/6169 6170/6170
f 6170/6170 6169/6169 6041/6041
f 6166/6166 6167/6167 6170/6170
f 6042/6042 6170/6170 6041/6041
f 6142/6142 6166/6166 6143/6143
f 6143/6143 6166/6166 6171/6171
f 6171/6171 6144/6144 6143/6143
f 6170/6170 6171/6171 6166/6166
f 6171/6171 6170/6170 6042/6042
f 6172/6172 6171/6171 6042/6042
f 6144/6144 6171/6171 6172/6172
f 6172/6172 6145/6145 6144/6144
f 6073/6073 3043/3043 3359/3359
f 3091/3091 6075/6075 3359/3359
f 3091/3091 6070/6070 6075/6075
f 3359/3359 6075/6075 6073/6073
f 6073/6073 6075/6075 6090/6090
f 6074/6074 6090/6090 6075/6075
f 6078/6078 6072/6072 6073/6073
f 6090/6090 6078/6078 6073/6073
f 6090/6090 6074/6074 6076/6076
f 6076/6076 6081/6081 6090/6090
f 6081/6081 5981/5981 6090/6090
f 6083/6083 6086/6086 6084/6084
f 6086/6086 6173/6173 6088/6088
f 6090/6090 6080/6080 6078/6078
f 6174/6174 6080/6080 6090/6090
f 6080/6080 6174/6174 6083/6083
f 6174/6174 6090/6090 6089/6089
f 6083/6083 6174/6174 6086/6086
f 6086/6086 6174/6174 6173/6173
f 6089/6089 6173/6173 6174/6174
f 6173/6173 6089/6089 6091/6091
f 3256/3256 6112/6112 6106/6106
f 6146/6146 6107/6107 6112/6112
f 6146/6146 6112/6112 3256/3256
f 6110/6110 6107/6107 6146/6146
f 6147/6147 6110/6110 6146/6146
f 6130/6130 6127/6127 6126/6126
f 6126/6126 6110/6110 6130/6130
f 6175/6175 6130/6130 6132/6132
f 6128/6128 6175/6175 6135/6135
f 6175/6175 6132/6132 6135/6135
f 6128/6128 6135/6135 6138/6138
f 6130/6130 6175/6175 6127/6127
f 6175/6175 6128/6128 6127/6127
f 6132/6132 6130/6130 6131/6131
f 6128/6128 6176/6176 6136/6136
f 6138/6138 6176/6176 6128/6128
f 6124/6124 6121/6121 6136/6136
f 6177/6177 6136/6136 6176/6176
f 6123/6123 6124/6124 6178/6178
f 6124/6124 6179/6179 6178/6178
f 6136/6136 6179/6179 6124/6124
f 6177/6177 6179/6179 6136/6136
f 6180/6180 6178/6178 6179/6179
f 6181/6181 6182/6182 6178/6178
f 6178/6178 6180/6180 6181/6181
f 6177/6177 6176/6176 6138/6138
f 6177/6177 6138/6138 6137/6137
f 6177/6177 6137/6137 6141/6141
f 6141/6141 6179/6179 6177/6177
f 6179/6179 6141/6141 6180/6180
f 6180/6180 6141/6141 6143/6143
f 6141/6141 6142/6142 6143/6143
f 6183/6183 5898/5898 5900/5900
f 5949/5949 6183/6183 5900/5900
f 3753/3753 1269/1269 1260/1260
f 6184/6184 1260/1260 1270/1270
f 1272/1272 1275/1275 6185/6185
f 1277/1277 1278/1278 6186/6186
f 6185/6185 1275/1275 1277/1277
f 6187/6187 6188/6188 1272/1272
f 6187/6187 1272/1272 6185/6185
f 6185/6185 6189/6189 6187/6187
f 6190/6190 6188/6188 6187/6187
f 6189/6189 6185/6185 1277/1277
f 6191/6191 1277/1277 6186/6186
f 1277/1277 6191/6191 6189/6189
f 6192/6192 6191/6191 6186/6186
f 6190/6190 6187/6187 6189/6189
f 6193/6193 6190/6190 6189/6189
f 6194/6194 6191/6191 6192/6192
f 6195/6195 6194/6194 6192/6192
f 6189/6189 6191/6191 6193/6193
f 6196/6196 6193/6193 6191/6191
f 6197/6197 6196/6196 6198/6198
f 6196/6196 6191/6191 6199/6199
f 6199/6199 6198/6198 6196/6196
f 6199/6199 6191/6191 6200/6200
f 6201/6201 6199/6199 6200/6200
f 6201/6201 6198/6198 6199/6199
f 6200/6200 6194/6194 6195/6195
f 6202/6202 6200/6200 6195/6195
f 6200/6200 6191/6191 6194/6194
f 6200/6200 6202/6202 6203/6203
f 6203/6203 6202/6202 6204/6204
f 6203/6203 6204/6204 6205/6205
f 6201/6201 6200/6200 6203/6203
f 6205/6205 6201/6201 6203/6203
f 1307/1307 5904/5904 1308/1308
f 5908/5908 1308/1308 5904/5904
f 1307/1307 1305/1305 1304/1304
f 1308/1308 6206/6206 6207/6207
f 1308/1308 5908/5908 6206/6206
f 5909/5909 6206/6206 5908/5908
f 6208/6208 6207/6207 6206/6206
f 6209/6209 6206/6206 5909/5909
f 6206/6206 6209/6209 6208/6208
f 6210/6210 6209/6209 5909/5909
f 6211/6211 6209/6209 6210/6210
f 1310/1310 1308/1308 6207/6207
f 6212/6212 1310/1310 6207/6207
f 1310/1310 6212/6212 1311/1311
f 6209/6209 6213/6213 6208/6208
f 6212/6212 6207/6207 6208/6208
f 6208/6208 6214/6214 6212/6212
f 6212/6212 6214/6214 1311/1311
f 6214/6214 6208/6208 6213/6213
f 6215/6215 6213/6213 6211/6211
f 6215/6215 6214/6214 6213/6213
f 6211/6211 6210/6210 6215/6215
f 6216/6216 6215/6215 6210/6210
f 6217/6217 6216/6216 6210/6210
f 6218/6218 6215/6215 6216/6216
f 6215/6215 1311/1311 6214/6214
f 1313/1313 1311/1311 6215/6215
f 6215/6215 6218/6218 6219/6219
f 6220/6220 1314/1314 1313/1313
f 6183/6183 5909/5909 5898/5898
f 6183/6183 6210/6210 5909/5909
f 6221/6221 6222/6222 6183/6183
f 6221/6221 6183/6183 6223/6223
f 6183/6183 6217/6217 6210/6210
f 6217/6217 6183/6183 6222/6222
f 6222/6222 6224/6224 6217/6217
f 6222/6222 6225/6225 6224/6224
f 6217/6217 6224/6224 6226/6226
f 6216/6216 6217/6217 6226/6226
f 6226/6226 6227/6227 6216/6216
f 6227/6227 6218/6218 6216/6216
f 6228/6228 6227/6227 6226/6226
f 6227/6227 6228/6228 6218/6218
f 6229/6229 6215/6215 6219/6219
f 6228/6228 6230/6230 6218/6218
f 6219/6219 6218/6218 6230/6230
f 1313/1313 6215/6215 6229/6229
f 6220/6220 1313/1313 6229/6229
f 6230/6230 6228/6228 6231/6231
f 6219/6219 6232/6232 6229/6229
f 6229/6229 6232/6232 6233/6233
f 6234/6234 6235/6235 6230/6230
f 6234/6234 6225/6225 6222/6222
f 6236/6236 6237/6237 6234/6234
f 6236/6236 6222/6222 6221/6221
f 6236/6236 6234/6234 6222/6222
f 6237/6237 6238/6238 6234/6234
f 6239/6239 6238/6238 6237/6237
f 6240/6240 6239/6239 6237/6237
f 6238/6238 6235/6235 6234/6234
f 6235/6235 6219/6219 6230/6230
f 6241/6241 6235/6235 6238/6238
f 6232/6232 6235/6235 6242/6242
f 6235/6235 6241/6241 6242/6242
f 6242/6242 6233/6233 6232/6232
f 6239/6239 6241/6241 6238/6238
f 6243/6243 6244/6244 6241/6241
f 6241/6241 6244/6244 6242/6242
f 6232/6232 6219/6219 6235/6235
f 1349/1349 1315/1315 6245/6245
f 6246/6246 1347/1347 1348/1348
f 1349/1349 6246/6246 1348/1348
f 6247/6247 6248/6248 6249/6249
f 6245/6245 1315/1315 1314/1314
f 6220/6220 6245/6245 1314/1314
f 6250/6250 1344/1344 1347/1347
f 6247/6247 1347/1347 6246/6246
f 6247/6247 6250/6250 1347/1347
f 6251/6251 6246/6246 1349/1349
f 6248/6248 6246/6246 6251/6251
f 6246/6246 6248/6248 6247/6247
f 6252/6252 1278/1278 1343/1343
f 6192/6192 1278/1278 6252/6252
f 6252/6252 1343/1343 1344/1344
f 6253/6253 6252/6252 1344/1344
f 6186/6186 1278/1278 6192/6192
f 6252/6252 6253/6253 6192/6192
f 6253/6253 1344/1344 6250/6250
f 6254/6254 6192/6192 6253/6253
f 6255/6255 6254/6254 6253/6253
f 6255/6255 6253/6253 6250/6250
f 6247/6247 6255/6255 6250/6250
f 6256/6256 6245/6245 6220/6220
f 6220/6220 6229/6229 6257/6257
f 6257/6257 6256/6256 6220/6220
f 6245/6245 6258/6258 1349/1349
f 6258/6258 6251/6251 1349/1349
f 6256/6256 6258/6258 6245/6245
f 6259/6259 6257/6257 6233/6233
f 6229/6229 6233/6233 6257/6257
f 6259/6259 6258/6258 6257/6257
f 6260/6260 6258/6258 6259/6259
f 6256/6256 6257/6257 6258/6258
f 6261/6261 6259/6259 6233/6233
f 6260/6260 6259/6259 6261/6261
f 6260/6260 6251/6251 6258/6258
f 6263/6263 6248/6248 6251/6251
f 6263/6263 6251/6251 6260/6260
f 6263/6263 6249/6249 6248/6248
f 6233/6233 6242/6242 6244/6244
f 6264/6264 6249/6249 6263/6263
f 6265/6265 6264/6264 6263/6263
f 6266/6266 6267/6267 6261/6261
f 6266/6266 6263/6263 6267/6267
f 6266/6266 6265/6265 6263/6263
f 6263/6263 6260/6260 6267/6267
f 6267/6267 6260/6260 6261/6261
f 6268/6268 6192/6192 6254/6254
f 6255/6255 6268/6268 6254/6254
f 6268/6268 6195/6195 6192/6192
f 6247/6247 6269/6269 6255/6255
f 6268/6268 6255/6255 6269/6269
f 6270/6270 6268/6268 6269/6269
f 6249/6249 6269/6269 6247/6247
f 6270/6270 6195/6195 6268/6268
f 6269/6269 6271/6271 6270/6270
f 6264/6264 6269/6269 6249/6249
f 6271/6271 6269/6269 6264/6264
f 6272/6272 6264/6264 6265/6265
f 6272/6272 6271/6271 6264/6264
f 6202/6202 6195/6195 6270/6270
f 6273/6273 6270/6270 6271/6271
f 6273/6273 6202/6202 6270/6270
f 6204/6204 6202/6202 6273/6273
f 6204/6204 6273/6273 6274/6274
f 6223/6223 6183/6183 5949/5949
f 5949/5949 6221/6221 6223/6223
f 5949/5949 5950/5950 6275/6275
f 6275/6275 6221/6221 5949/5949
f 6275/6275 6276/6276 6221/6221
f 6277/6277 6276/6276 6275/6275
f 6278/6278 6275/6275 5950/5950
f 6278/6278 5950/5950 5954/5954
f 6279/6279 6275/6275 6278/6278
f 6280/6280 6281/6281 6279/6279
f 6279/6279 6277/6277 6275/6275
f 6277/6277 6279/6279 6281/6281
f 6281/6281 6282/6282 6277/6277
f 6283/6283 6284/6284 6276/6276
f 6285/6285 6276/6276 6277/6277
f 6286/6286 6285/6285 6277/6277
f 6282/6282 6286/6286 6277/6277
f 6283/6283 6276/6276 6285/6285
f 6287/6287 6284/6284 6283/6283
f 6287/6287 6283/6283 6286/6286
f 5970/5970 6278/6278 5954/5954
f 5965/5965 6278/6278 5970/5970
f 6280/6280 6282/6282 6281/6281
f 6288/6288 6282/6282 6280/6280
f 6288/6288 6279/6279 6278/6278
f 6288/6288 6280/6280 6279/6279
f 6278/6278 6289/6289 6288/6288
f 6290/6290 6288/6288 6289/6289
f 6289/6289 6278/6278 5965/5965
f 5973/5973 6289/6289 5965/5965
f 6290/6290 6289/6289 6291/6291
f 6292/6292 6291/6291 6289/6289
f 6289/6289 5973/5973 6292/6292
f 6285/6285 6286/6286 6283/6283
f 6286/6286 6282/6282 6290/6290
f 6282/6282 6288/6288 6290/6290
f 6287/6287 6286/6286 6290/6290
f 6291/6291 6293/6293 6290/6290
f 6293/6293 6294/6294 6290/6290
f 6204/6204 6295/6295 6205/6205
f 6296/6296 6205/6205 6295/6295
f 6295/6295 6297/6297 6298/6298
f 6298/6298 6297/6297 6299/6299
f 6300/6300 6296/6296 6295/6295
f 6300/6300 6295/6295 6298/6298
f 6300/6300 6298/6298 6301/6301
f 6302/6302 6298/6298 6299/6299
f 6301/6301 6296/6296 6300/6300
f 6303/6303 6296/6296 6301/6301
f 6304/6304 6303/6303 6301/6301
f 6304/6304 6301/6301 6302/6302
f 6298/6298 6302/6302 6301/6301
f 6287/6287 6290/6290 6305/6305
f 6305/6305 6290/6290 6294/6294
f 6305/6305 6294/6294 6306/6306
f 6294/6294 6307/6307 6306/6306
f 6307/6307 6308/6308 6306/6306
f 6294/6294 6309/6309 6307/6307
f 6276/6276 6236/6236 6221/6221
f 6236/6236 6310/6310 6237/6237
f 6276/6276 6310/6310 6236/6236
f 6310/6310 6240/6240 6237/6237
f 6243/6243 6241/6241 6239/6239
f 6240/6240 6243/6243 6239/6239
f 6240/6240 6310/6310 6243/6243
f 6243/6243 6311/6311 6244/6244
f 6311/6311 6310/6310 6284/6284
f 6311/6311 6243/6243 6310/6310
f 6284/6284 6310/6310 6276/6276
f 6287/6287 6311/6311 6284/6284
f 6233/6233 6312/6312 6261/6261
f 6313/6313 6314/6314 6244/6244
f 6311/6311 6313/6313 6244/6244
f 6244/6244 6314/6314 6233/6233
f 6315/6315 6233/6233 6314/6314
f 6315/6315 6312/6312 6233/6233
f 6318/6318 6319/6319 6322/6322
f 6319/6319 6325/6325 6322/6322
f 6326/6326 6316/6316 6323/6323
f 6326/6326 6320/6320 6262/6262
f 6324/6324 6261/6261 6312/6312
f 6261/6261 6321/6321 6317/6317
f 6261/6261 6317/6317 6327/6327
f 6312/6312 6317/6317 6324/6324
f 6317/6317 6312/6312 6327/6327
f 6327/6327 6266/6266 6261/6261
f 6328/6328 6265/6265 6266/6266
f 6327/6327 6328/6328 6266/6266
f 6327/6327 6329/6329 6328/6328
f 6312/6312 6315/6315 6330/6330
f 6330/6330 6327/6327 6312/6312
f 6329/6329 6327/6327 6330/6330
f 6331/6331 6329/6329 6330/6330
f 6332/6332 6333/6333 6329/6329
f 6331/6331 6332/6332 6329/6329
f 6311/6311 6334/6334 6313/6313
f 6287/6287 6334/6334 6311/6311
f 6313/6313 6334/6334 6314/6314
f 6314/6314 6335/6335 6336/6336
f 6305/6305 6335/6335 6334/6334
f 6335/6335 6314/6314 6334/6334
f 6337/6337 6330/6330 6315/6315
f 6331/6331 6330/6330 6337/6337
f 6336/6336 6315/6315 6314/6314
f 6337/6337 6315/6315 6336/6336
f 6338/6338 6337/6337 6336/6336
f 6338/6338 6336/6336 6335/6335
f 6339/6339 6331/6331 6337/6337
f 6340/6340 6271/6271 6341/6341
f 6341/6341 6333/6333 6340/6340
f 6342/6342 6340/6340 6333/6333
f 6340/6340 6273/6273 6271/6271
f 6273/6273 6340/6340 6274/6274
f 6343/6343 6274/6274 6340/6340
f 6342/6342 6343/6343 6340/6340
f 6328/6328 6272/6272 6265/6265
f 6272/6272 6328/6328 6341/6341
f 6272/6272 6341/6341 6271/6271
f 6333/6333 6328/6328 6329/6329
f 6333/6333 6341/6341 6328/6328
f 6333/6333 6332/6332 6344/6344
f 6342/6342 6297/6297 6343/6343
f 6274/6274 6343/6343 6204/6204
f 6204/6204 6343/6343 6295/6295
f 6297/6297 6295/6295 6343/6343
f 6339/6339 6344/6344 6331/6331
f 6344/6344 6342/6342 6333/6333
f 6299/6299 6297/6297 6342/6342
f 6344/6344 6332/6332 6331/6331
f 6345/6345 6344/6344 6339/6339
f 6299/6299 6342/6342 6345/6345
f 6345/6345 6342/6342 6344/6344
f 6305/6305 6334/6334 6287/6287
f 6306/6306 6335/6335 6305/6305
f 6335/6335 6306/6306 6338/6338
f 6337/6337 6338/6338 6346/6346
f 6338/6338 6306/6306 6308/6308
f 6338/6338 6347/6347 6346/6346
f 6338/6338 6308/6308 6347/6347
f 6348/6348 6349/6349 6350/6350
f 6349/6349 6351/6351 6352/6352
f 6339/6339 6337/6337 6346/6346
f 6339/6339 6353/6353 6345/6345
f 6354/6354 6353/6353 6339/6339
f 6345/6345 6353/6353 6299/6299
f 6354/6354 6339/6339 6346/6346
f 6354/6354 6346/6346 6347/6347
f 6354/6354 6355/6355 6353/6353
f 6355/6355 6299/6299 6353/6353
f 6355/6355 6302/6302 6299/6299
f 6356/6356 6357/6357 6358/6358
f 6359/6359 6360/6360 6361/6361
f 6361/6361 6351/6351 6362/6362
f 6351/6351 6363/6363 6362/6362
f 6363/6363 6364/6364 6362/6362
f 6365/6365 6362/6362 6364/6364
f 6365/6365 6359/6359 6362/6362
f 6362/6362 6359/6359 6361/6361
f 6366/6366 6367/6367 6368/6368
f 6365/6365 6368/6368 6359/6359
f 6366/6366 6358/6358 6369/6369
f 6356/6356 6358/6358 6366/6366
f 6366/6366 6370/6370 6356/6356
f 6368/6368 6370/6370 6366/6366
f 6365/6365 6371/6371 6368/6368
f 6372/6372 6371/6371 6365/6365
f 6373/6373 6370/6370 6371/6371
f 6371/6371 6370/6370 6368/6368
f 6374/6374 6373/6373 6375/6375
f 6375/6375 6373/6373 6371/6371
f 6376/6376 6370/6370 6373/6373
f 6374/6374 6377/6377 6378/6378
f 6374/6374 6375/6375 6377/6377
f 6375/6375 6371/6371 6372/6372
f 522/522 1269/1269 3753/3753
f 6184/6184 3753/3753 1260/1260
f 522/522 3753/3753 3743/3743
f 6379/6379 6184/6184 1270/1270
f 6379/6379 1270/1270 1272/1272
f 6379/6379 1272/1272 6188/6188
f 6380/6380 6379/6379 6188/6188
f 3757/3757 3753/3753 6184/6184
f 6184/6184 6379/6379 3757/3757
f 6188/6188 6190/6190 6380/6380
f 6380/6380 6190/6190 6381/6381
f 3905/3905 6379/6379 6380/6380
f 6382/6382 3905/3905 6380/6380
f 3905/3905 3757/3757 6379/6379
f 6383/6383 6380/6380 6381/6381
f 6381/6381 6190/6190 6193/6193
f 6197/6197 6383/6383 6381/6381
f 6193/6193 6196/6196 6381/6381
f 6196/6196 6197/6197 6381/6381
f 6384/6384 6197/6197 6198/6198
f 6383/6383 6385/6385 6380/6380
f 6385/6385 6382/6382 6380/6380
f 6383/6383 6197/6197 6384/6384
f 6385/6385 6383/6383 6384/6384
f 6386/6386 6384/6384 6198/6198
f 6386/6386 6198/6198 6201/6201
f 6382/6382 6387/6387 3905/3905
f 6388/6388 6382/6382 6389/6389
f 6390/6390 6391/6391 6392/6392
f 6393/6393 6394/6394 3927/3927
f 6395/6395 6394/6394 6393/6393
f 6395/6395 6393/6393 6392/6392
f 6391/6391 6396/6396 6395/6395
f 6397/6397 6395/6395 6396/6396
f 6392/6392 6391/6391 6395/6395
f 6395/6395 6397/6397 6394/6394
f 6398/6398 3918/3918 6399/6399
f 6399/6399 3918/3918 5098/5098
f 3919/3919 3918/3918 6398/6398
f 3927/3927 3919/3919 6398/6398
f 6400/6400 6399/6399 6401/6401
f 6393/6393 6399/6399 6400/6400
f 6398/6398 6399/6399 6393/6393
f 3927/3927 6398/6398 6393/6393
f 6400/6400 6402/6402 6392/6392
f 6392/6392 6393/6393 6400/6400
f 6403/6403 3935/3935 3927/3927
f 6389/6389 6382/6382 6385/6385
f 6404/6404 6405/6405 6385/6385
f 6385/6385 6388/6388 6389/6389
f 6405/6405 6388/6388 6385/6385
f 6384/6384 6404/6404 6385/6385
f 6404/6404 6384/6384 6386/6386
f 6406/6406 6386/6386 6201/6201
f 6406/6406 6201/6201 6205/6205
f 6296/6296 6406/6406 6205/6205
f 6405/6405 6404/6404 6407/6407
f 6405/6405 6407/6407 6388/6388
f 6408/6408 6388/6388 6407/6407
f 6409/6409 6386/6386 6410/6410
f 6407/6407 6404/6404 6386/6386
f 6408/6408 6407/6407 6409/6409
f 6386/6386 6409/6409 6407/6407
f 6397/6397 6396/6396 6411/6411
f 6412/6412 6397/6397 6411/6411
f 6411/6411 6413/6413 6414/6414
f 6412/6412 6411/6411 6414/6414
f 6413/6413 6415/6415 6414/6414
f 6416/6416 6412/6412 6414/6414
f 6414/6414 6415/6415 6417/6417
f 6410/6410 6386/6386 6406/6406
f 6410/6410 6406/6406 6296/6296
f 6303/6303 6409/6409 6410/6410
f 6410/6410 6296/6296 6303/6303
f 6418/6418 6409/6409 6303/6303
f 6412/6412 6394/6394 6397/6397
f 6419/6419 6420/6420 6421/6421
f 6422/6422 6420/6420 6419/6419
f 6421/6421 6423/6423 6419/6419
f 6424/6424 6423/6423 6421/6421
f 6425/6425 6422/6422 6419/6419
f 6423/6423 6424/6424 6426/6426
f 6419/6419 6423/6423 6427/6427
f 6419/6419 6427/6427 6425/6425
f 6428/6428 6429/6429 6430/6430
f 6431/6431 6429/6429 6428/6428
f 3935/3935 6432/6432 3934/3934
f 3934/3934 6432/6432 3933/3933
f 6432/6432 3935/3935 6403/6403
f 6433/6433 3933/3933 6432/6432
f 4113/4113 4112/4112 6434/6434
f 6403/6403 6435/6435 6432/6432
f 6435/6435 6433/6433 6432/6432
f 6436/6436 6435/6435 6403/6403
f 6437/6437 3927/3927 6424/6424
f 6403/6403 3927/3927 6437/6437
f 6436/6436 6403/6403 6437/6437
f 6438/6438 6436/6436 6437/6437
f 6439/6439 6436/6436 6438/6438
f 6438/6438 6437/6437 6421/6421
f 6424/6424 3927/3927 6394/6394
f 6440/6440 6438/6438 6421/6421
f 6424/6424 6421/6421 6437/6437
f 6421/6421 6420/6420 6440/6440
f 6424/6424 6394/6394 6426/6426
f 6441/6441 6442/6442 6443/6443
f 6444/6444 6441/6441 6443/6443
f 6443/6443 6442/6442 6445/6445
f 6444/6444 6443/6443 6445/6445
f 6446/6446 6444/6444 6445/6445
f 4171/4171 6447/6447 6448/6448
f 6447/6447 4167/4167 4173/4173
f 6447/6447 4171/4171 4167/4167
f 6448/6448 6447/6447 4173/4173
f 4173/4173 6449/6449 6448/6448
f 6449/6449 6450/6450 6448/6448
f 4168/4168 4169/4169 4171/4171
f 4168/4168 4171/4171 6451/6451
f 6451/6451 4171/4171 6448/6448
f 6451/6451 6448/6448 6450/6450
f 6450/6450 6452/6452 6451/6451
f 6453/6453 6452/6452 6450/6450
f 6453/6453 6450/6450 6449/6449
f 6454/6454 5221/5221 6455/6455
f 6456/6456 6457/6457 6458/6458
f 6412/6412 6416/6416 6394/6394
f 6416/6416 6414/6414 6417/6417
f 6417/6417 6459/6459 6416/6416
f 6416/6416 6460/6460 6394/6394
f 6461/6461 6460/6460 6416/6416
f 6426/6426 6394/6394 6462/6462
f 6462/6462 6423/6423 6426/6426
f 6460/6460 6462/6462 6394/6394
f 6423/6423 6463/6463 6427/6427
f 6463/6463 6464/6464 6427/6427
f 6465/6465 6461/6461 6466/6466
f 6465/6465 6462/6462 6460/6460
f 6423/6423 6462/6462 6465/6465
f 6465/6465 6467/6467 6423/6423
f 6463/6463 6423/6423 6467/6467
f 6465/6465 6460/6460 6461/6461
f 6468/6468 6418/6418 6303/6303
f 6468/6468 6303/6303 6304/6304
f 6469/6469 6470/6470 6471/6471
f 6469/6469 6472/6472 6473/6473
f 6471/6471 6472/6472 6469/6469
f 6469/6469 6474/6474 6470/6470
f 6475/6475 6476/6476 6473/6473
f 6477/6477 6478/6478 6479/6479
f 6479/6479 6478/6478 6480/6480
f 6473/6473 6476/6476 6478/6478
f 6477/6477 6473/6473 6478/6478
f 6481/6481 6469/6469 6477/6477
f 6477/6477 6469/6469 6473/6473
f 6482/6482 6469/6469 6481/6481
f 6483/6483 6481/6481 6477/6477
f 6484/6484 6459/6459 6485/6485
f 6416/6416 6459/6459 6470/6470
f 6470/6470 6459/6459 6484/6484
f 6461/6461 6416/6416 6470/6470
f 6470/6470 6474/6474 6461/6461
f 6470/6470 6484/6484 6471/6471
f 6482/6482 6466/6466 6461/6461
f 6482/6482 6461/6461 6474/6474
f 6482/6482 6474/6474 6469/6469
f 6486/6486 6464/6464 6463/6463
f 6486/6486 6463/6463 6487/6487
f 6487/6487 6463/6463 6467/6467
f 6488/6488 6486/6486 6489/6489
f 6486/6486 6487/6487 6490/6490
f 6467/6467 6465/6465 6466/6466
f 6491/6491 6487/6487 6467/6467
f 6491/6491 6467/6467 6466/6466
f 6492/6492 6493/6493 6489/6489
f 6488/6488 6464/6464 6486/6486
f 6488/6488 6493/6493 6494/6494
f 6493/6493 6488/6488 6489/6489
f 6495/6495 6496/6496 6497/6497
f 6498/6498 6499/6499 6500/6500
f 6501/6501 6502/6502 6503/6503
f 6504/6504 6503/6503 6502/6502
f 6505/6505 6504/6504 6506/6506
f 6506/6506 6502/6502 6507/6507
f 6502/6502 6506/6506 6504/6504
f 6479/6479 6483/6483 6477/6477
f 6479/6479 6508/6508 6483/6483
f 6509/6509 6481/6481 6483/6483
f 6507/6507 6481/6481 6509/6509
f 6506/6506 6507/6507 6509/6509
f 6483/6483 6508/6508 6509/6509
f 6510/6510 6498/6498 6511/6511
f 6500/6500 6512/6512 6498/6498
f 6513/6513 6498/6498 6512/6512
f 6511/6511 6498/6498 6513/6513
f 6514/6514 6515/6515 6516/6516
f 6508/6508 6376/6376 6509/6509
f 6515/6515 6509/6509 6376/6376
f 6516/6516 6515/6515 6378/6378
f 6374/6374 6378/6378 6515/6515
f 6506/6506 6514/6514 6505/6505
f 6509/6509 6515/6515 6506/6506
f 6506/6506 6515/6515 6514/6514
f 6490/6490 6487/6487 6491/6491
f 6491/6491 6466/6466 6507/6507
f 6507/6507 6466/6466 6482/6482
f 6507/6507 6502/6502 6491/6491
f 6482/6482 6481/6481 6507/6507
f 6517/6517 6490/6490 6519/6519
f 6518/6518 6490/6490 6491/6491
f 6502/6502 6518/6518 6491/6491
f 6502/6502 6501/6501 6518/6518
f 6499/6499 6519/6519 6501/6501
f 6499/6499 6498/6498 6520/6520
f 6510/6510 6492/6492 6520/6520
f 6520/6520 6498/6498 6510/6510
f 6521/6521 6479/6479 6480/6480
f 6357/6357 6356/6356 6521/6521
f 6479/6479 6521/6521 6356/6356
f 6508/6508 6479/6479 6356/6356
f 6356/6356 6370/6370 6508/6508
f 6376/6376 6508/6508 6370/6370
f 6515/6515 6376/6376 6374/6374
f 6376/6376 6373/6373 6374/6374
f 6522/6522 6523/6523 6524/6524
f 5986/5986 6525/6525 5987/5987
f 6525/6525 5986/5986 6526/6526
f 5986/5986 5989/5989 6528/6528
f 6526/6526 5986/5986 6529/6529
f 6528/6528 6529/6529 5986/5986
f 6528/6528 6530/6530 6531/6531
f 6531/6531 6529/6529 6528/6528
f 6529/6529 6531/6531 6532/6532
f 6524/6524 6525/6525 6526/6526
f 6522/6522 6524/6524 6526/6526
f 6533/6533 6529/6529 6532/6532
f 6529/6529 6533/6533 6534/6534
f 6534/6534 6535/6535 6529/6529
f 6535/6535 6526/6526 6529/6529
f 6535/6535 6536/6536 6538/6538
f 6535/6535 6534/6534 6536/6536
f 6540/6540 6541/6541 6542/6542
f 6526/6526 6540/6540 6522/6522
f 6543/6543 6545/6545 6541/6541
f 6540/6540 6543/6543 6541/6541
f 6543/6543 6540/6540 6526/6526
f 6546/6546 6547/6547 6527/6527
f 6548/6548 6526/6526 6535/6535
f 6550/6550 6551/6551 6552/6552
f 6538/6538 6548/6548 6535/6535
f 6553/6553 6549/6549 6539/6539
f 6552/6552 6549/6549 6553/6553
f 6550/6550 6552/6552 6553/6553
f 6527/6527 6549/6549 6552/6552
f 6552/6552 6551/6551 6554/6554
f 6527/6527 6552/6552 6546/6546
f 6546/6546 6552/6552 6554/6554
f 6546/6546 6554/6554 6555/6555
f 6546/6546 6555/6555 6556/6556
f 6546/6546 6556/6556 6557/6557
f 4619/4619 6558/6558 4621/4621
f 4619/4619 6559/6559 6558/6558
f 6559/6559 4619/4619 6560/6560
f 6559/6559 6561/6561 6558/6558
f 6561/6561 6559/6559 6562/6562
f 5573/5573 5585/5585 6563/6563
f 4618/4618 6564/6564 6565/6565
f 6560/6560 4619/4619 4618/4618
f 6565/6565 6566/6566 6560/6560
f 6565/6565 6560/6560 4618/4618
f 6559/6559 6560/6560 6566/6566
f 6562/6562 6559/6559 6566/6566
f 4623/4623 6564/6564 4618/4618
f 6564/6564 5573/5573 6563/6563
f 5573/5573 6564/6564 4623/4623
f 6564/6564 6563/6563 6567/6567
f 6565/6565 6564/6564 6568/6568
f 6564/6564 6567/6567 6568/6568
f 6563/6563 6569/6569 6567/6567
f 6571/6571 6562/6562 6566/6566
f 6571/6571 6566/6566 6565/6565
f 6572/6572 6565/6565 6568/6568
f 6565/6565 6574/6574 6571/6571
f 6572/6572 6574/6574 6565/6565
f 6576/6576 6567/6567 6569/6569
f 6576/6576 6568/6568 6567/6567
f 6572/6572 6568/6568 6576/6576
f 6579/6579 6572/6572 6576/6576
f 6579/6579 6576/6576 6585/6585
f 6585/6585 6576/6576 6569/6569
f 6575/6575 6573/6573 6586/6586
f 6573/6573 6587/6587 6586/6586
f 6578/6578 6587/6587 6573/6573
f 6588/6588 6577/6577 6589/6589
f 6589/6589 6577/6577 6581/6581
f 6588/6588 6587/6587 6578/6578
f 6588/6588 6589/6589 6590/6590
f 6587/6587 6588/6588 6593/6593
f 6594/6594 6593/6593 6588/6588
f 6029/6029 5989/5989 5988/5988
f 6029/6029 6028/6028 6595/6595
f 6528/6528 5989/5989 6029/6029
f 6528/6528 6029/6029 6530/6530
f 6596/6596 6530/6530 6029/6029
f 2387/2387 2373/2373 6597/6597
f 4631/4631 4632/4632 4638/4638
f 2373/2373 4630/4630 6598/6598
f 4630/4630 6599/6599 6598/6598
f 6599/6599 4630/4630 4639/4639
f 6597/6597 2373/2373 6598/6598
f 6597/6597 6598/6598 6599/6599
f 6036/6036 2387/2387 6597/6597
f 4641/4641 6600/6600 4637/4637
f 6601/6601 4638/4638 4637/4637
f 4637/4637 6604/6604 6601/6601
f 6604/6604 4637/4637 6600/6600
f 6602/6602 6603/6603 6605/6605
f 6605/6605 6603/6603 6606/6606
f 4632/4632 4629/4629 4638/4638
f 6602/6602 6599/6599 4639/4639
f 6607/6607 6599/6599 6602/6602
f 6602/6602 6605/6605 6607/6607
f 6597/6597 6599/6599 6607/6607
f 6605/6605 6606/6606 6607/6607
f 6608/6608 6036/6036 6609/6609
f 6606/6606 6597/6597 6607/6607
f 6036/6036 6597/6597 6606/6606
f 6610/6610 6036/6036 6606/6606
f 6611/6611 6610/6610 6606/6606
f 6609/6609 6036/6036 6610/6610
f 6608/6608 6038/6038 6036/6036
f 6613/6613 6608/6608 6609/6609
f 6608/6608 6613/6613 6038/6038
f 6614/6614 6613/6613 6609/6609
f 6600/6600 4641/4641 4642/4642
f 6558/6558 6615/6615 4621/4621
f 6615/6615 4642/4642 4621/4621
f 4642/4642 6615/6615 6600/6600
f 6600/6600 6615/6615 6618/6618
f 6600/6600 6618/6618 6604/6604
f 6619/6619 6617/6617 6620/6620
f 6623/6623 6620/6620 6617/6617
f 6624/6624 6616/6616 6626/6626
f 6616/6616 6624/6624 6622/6622
f 6621/6621 6630/6630 6620/6620
f 6629/6629 6622/6622 6624/6624
f 6615/6615 6558/6558 6561/6561
f 6631/6631 6618/6618 6615/6615
f 6626/6626 6616/6616 6632/6632
f 6619/6619 6604/6604 6617/6617
f 6633/6633 6604/6604 6619/6619
f 6633/6633 6619/6619 6620/6620
f 6604/6604 6633/6633 6634/6634
f 6625/6625 6637/6637 6640/6640
f 6640/6640 6636/6636 6625/6625
f 6620/6620 6630/6630 6633/6633
f 6634/6634 6633/6633 6630/6630
f 6636/6636 6628/6628 6625/6625
f 6606/6606 6603/6603 6635/6635
f 6640/6640 6641/6641 6636/6636
f 6642/6642 6615/6615 6561/6561
f 6631/6631 6615/6615 6645/6645
f 6645/6645 6615/6615 6642/6642
f 6644/6644 6626/6626 6632/6632
f 6643/6643 6639/6639 6646/6646
f 6638/6638 6626/6626 6646/6646
f 6640/6640 6639/6639 6643/6643
f 6643/6643 6641/6641 6640/6640
f 6642/6642 6561/6561 6562/6562
f 6562/6562 6571/6571 6642/6642
f 6643/6643 6647/6647 6641/6641
f 6643/6643 6570/6570 6647/6647
f 6625/6625 6627/6627 6637/6637
f 6641/6641 6648/6648 6636/6636
f 6650/6650 6647/6647 6570/6570
f 6648/6648 6647/6647 6650/6650
f 6641/6641 6647/6647 6648/6648
f 6648/6648 6651/6651 6612/6612
f 6651/6651 6648/6648 6650/6650
f 6653/6653 6610/6610 6611/6611
f 6612/6612 6651/6651 6652/6652
f 6649/6649 6606/6606 6635/6635
f 6606/6606 6649/6649 6611/6611
f 6575/6575 6650/6650 6570/6570
f 6575/6575 6586/6586 6650/6650
f 6586/6586 6654/6654 6650/6650
f 6654/6654 6655/6655 6650/6650
f 6655/6655 6651/6651 6650/6650
f 6654/6654 6586/6586 6587/6587
f 6654/6654 6587/6587 6593/6593
f 6655/6655 6654/6654 6593/6593
f 6655/6655 6593/6593 6656/6656
f 6656/6656 6593/6593 6657/6657
f 6614/6614 6609/6609 6658/6658
f 6659/6659 6039/6039 6038/6038
f 6038/6038 6613/6613 6659/6659
f 6043/6043 6172/6172 6042/6042
f 6039/6039 6659/6659 6043/6043
f 6043/6043 6659/6659 6660/6660
f 6659/6659 6613/6613 6614/6614
f 6659/6659 6614/6614 6661/6661
f 6661/6661 6660/6660 6659/6659
f 6661/6661 6614/6614 6658/6658
f 6662/6662 6661/6661 6658/6658
f 6662/6662 6658/6658 6664/6664
f 6665/6665 6609/6609 6610/6610
f 6610/6610 6653/6653 6665/6665
f 6665/6665 6658/6658 6609/6609
f 6666/6666 6665/6665 6653/6653
f 6668/6668 6667/6667 6652/6652
f 6666/6666 6669/6669 6665/6665
f 6658/6658 6665/6665 6669/6669
f 6664/6664 6658/6658 6669/6669
f 6667/6667 6668/6668 6671/6671
f 6671/6671 6670/6670 6667/6667
f 6668/6668 6652/6652 6672/6672
f 6672/6672 6652/6652 6651/6651
f 6651/6651 6655/6655 6656/6656
f 6656/6656 6657/6657 6673/6673
f 6656/6656 6673/6673 6672/6672
f 6651/6651 6656/6656 6672/6672
f 6671/6671 6668/6668 6674/6674
f 6668/6668 6672/6672 6674/6674
f 6674/6674 6672/6672 6673/6673
f 6675/6675 6676/6676 6674/6674
f 6677/6677 6674/6674 6673/6673
f 6675/6675 6674/6674 6677/6677
f 6678/6678 6675/6675 6677/6677
f 6674/6674 6676/6676 6671/6671
f 6670/6670 6671/6671 6676/6676
f 6670/6670 6676/6676 6679/6679
f 6663/6663 6670/6670 6679/6679
f 6679/6679 6680/6680 6663/6663
f 6679/6679 6676/6676 6682/6682
f 6676/6676 6675/6675 6682/6682
f 6683/6683 6682/6682 6675/6675
f 6684/6684 6682/6682 6685/6685
f 6683/6683 6685/6685 6682/6682
f 6662/6662 6664/6664 6681/6681
f 6686/6686 6687/6687 6690/6690
f 6688/6688 6680/6680 6684/6684
f 6684/6684 6680/6680 6679/6679
f 6679/6679 6682/6682 6684/6684
f 6689/6689 6688/6688 6684/6684
f 6684/6684 6685/6685 6691/6691
f 6563/6563 5585/5585 6692/6692
f 5586/5586 6692/6692 5585/5585
f 6693/6693 6692/6692 6694/6694
f 6692/6692 5586/5586 6694/6694
f 6694/6694 6695/6695 6693/6693
f 6694/6694 6696/6696 6697/6697
f 6695/6695 6694/6694 6697/6697
f 6563/6563 6692/6692 6569/6569
f 6569/6569 6692/6692 6693/6693
f 6698/6698 6569/6569 6693/6693
f 6585/6585 6569/6569 6698/6698
f 6580/6580 6698/6698 6700/6700
f 6700/6700 6698/6698 6704/6704
f 6704/6704 6698/6698 6706/6706
f 6706/6706 6698/6698 6693/6693
f 6699/6699 6703/6703 6582/6582
f 6707/6707 6696/6696 6708/6708
f 6707/6707 6697/6697 6696/6696
f 6707/6707 6708/6708 6709/6709
f 6695/6695 6697/6697 6710/6710
f 6710/6710 6712/6712 6695/6695
f 6705/6705 6713/6713 6701/6701
f 6713/6713 6705/6705 6717/6717
f 6714/6714 6718/6718 6592/6592
f 6720/6720 6713/6713 6717/6717
f 6721/6721 6591/6591 6719/6719
f 6721/6721 6719/6719 6722/6722
f 6584/6584 6702/6702 6592/6592
f 6583/6583 6590/6590 6589/6589
f 6592/6592 6702/6702 6714/6714
f 6594/6594 6590/6590 6723/6723
f 6594/6594 6588/6588 6590/6590
f 6723/6723 6590/6590 6724/6724
f 6724/6724 6590/6590 6721/6721
f 6724/6724 6721/6721 6722/6722
f 6695/6695 6706/6706 6693/6693
f 6695/6695 6716/6716 6706/6706
f 6716/6716 6695/6695 6712/6712
f 6719/6719 6715/6715 6711/6711
f 6722/6722 6719/6719 6711/6711
f 6726/6726 6712/6712 6710/6710
f 6594/6594 6723/6723 6724/6724
f 6724/6724 6722/6722 6727/6727
f 6724/6724 6727/6727 6728/6728
f 6724/6724 6657/6657 6594/6594
f 6657/6657 6724/6724 6728/6728
f 6722/6722 6711/6711 6729/6729
f 6729/6729 6711/6711 6725/6725
f 6722/6722 6729/6729 6727/6727
f 6727/6727 6729/6729 6730/6730
f 6730/6730 6731/6731 6727/6727
f 6732/6732 6697/6697 6707/6707
f 6697/6697 6733/6733 6710/6710
f 6726/6726 6710/6710 6733/6733
f 6732/6732 6733/6733 6697/6697
f 6733/6733 6732/6732 6734/6734
f 6732/6732 6707/6707 6709/6709
f 6709/6709 6735/6735 6732/6732
f 6732/6732 6736/6736 6734/6734
f 6733/6733 6734/6734 6737/6737
f 6734/6734 6738/6738 6737/6737
f 6737/6737 6738/6738 6739/6739
f 6743/6743 6745/6745 6737/6737
f 6743/6743 6737/6737 6739/6739
f 6745/6745 6742/6742 6747/6747
f 6750/6750 6741/6741 6754/6754
f 6756/6756 6726/6726 6733/6733
f 6756/6756 6733/6733 6757/6757
f 6730/6730 6729/6729 6725/6725
f 6730/6730 6725/6725 6755/6755
f 6755/6755 6758/6758 6730/6730
f 6731/6731 6730/6730 6759/6759
f 6730/6730 6758/6758 6759/6759
f 6757/6757 6733/6733 6737/6737
f 6745/6745 6757/6757 6737/6737
f 6744/6744 6760/6760 6758/6758
f 6762/6762 6760/6760 6744/6744
f 6763/6763 6752/6752 6760/6760
f 6761/6761 6746/6746 6748/6748
f 6749/6749 6752/6752 6763/6763
f 6764/6764 6765/6765 6766/6766
f 6766/6766 6765/6765 6767/6767
f 6768/6768 6767/6767 6765/6765
f 6764/6764 6769/6769 6770/6770
f 6771/6771 6764/6764 6766/6766
f 6772/6772 6773/6773 6764/6764
f 6764/6764 6773/6773 6765/6765
f 6765/6765 6773/6773 6774/6774
f 6773/6773 6775/6775 6774/6774
f 6773/6773 6772/6772 6776/6776
f 6776/6776 6775/6775 6773/6773
f 6777/6777 6775/6775 6776/6776
f 6778/6778 6779/6779 6764/6764
f 6772/6772 6764/6764 6779/6779
f 6779/6779 6780/6780 6781/6781
f 6772/6772 6779/6779 6781/6781
f 6772/6772 6782/6782 6776/6776
f 6772/6772 6781/6781 6782/6782
f 6781/6781 6783/6783 6782/6782
f 6783/6783 6781/6781 6780/6780
f 6782/6782 6784/6784 6785/6785
f 6776/6776 6782/6782 6785/6785
f 6783/6783 6784/6784 6782/6782
f 6768/6768 6765/6765 6774/6774
f 6774/6774 6739/6739 6768/6768
f 6786/6786 6739/6739 6774/6774
f 6787/6787 6774/6774 6775/6775
f 6728/6728 6727/6727 6788/6788
f 6727/6727 6731/6731 6788/6788
f 6789/6789 6790/6790 6788/6788
f 6790/6790 6789/6789 6791/6791
f 6751/6751 6743/6743 6739/6739
f 6753/6753 6740/6740 6793/6793
f 6739/6739 6786/6786 6792/6792
f 6794/6794 6731/6731 6759/6759
f 6759/6759 6795/6795 6794/6794
f 6795/6795 6759/6759 6758/6758
f 6795/6795 6758/6758 6760/6760
f 6795/6795 6731/6731 6794/6794
f 6788/6788 6731/6731 6795/6795
f 6760/6760 6752/6752 6792/6792
f 6796/6796 6792/6792 6786/6786
f 6792/6792 6795/6795 6760/6760
f 6792/6792 6797/6797 6795/6795
f 6796/6796 6797/6797 6792/6792
f 6788/6788 6797/6797 6789/6789
f 6797/6797 6788/6788 6795/6795
f 6798/6798 6789/6789 6797/6797
f 6797/6797 6799/6799 6798/6798
f 6799/6799 6797/6797 6796/6796
f 6798/6798 6791/6791 6789/6789
f 6791/6791 6798/6798 6800/6800
f 6800/6800 6798/6798 6799/6799
f 6801/6801 6799/6799 6796/6796
f 6800/6800 6799/6799 6802/6802
f 6777/6777 6776/6776 6785/6785
f 6803/6803 6804/6804 6805/6805
f 6806/6806 6786/6786 6774/6774
f 6787/6787 6806/6806 6774/6774
f 6777/6777 6787/6787 6775/6775
f 6787/6787 6807/6807 6806/6806
f 6808/6808 6786/6786 6806/6806
f 6808/6808 6806/6806 6809/6809
f 6809/6809 6810/6810 6808/6808
f 6810/6810 6796/6796 6808/6808
f 6806/6806 6807/6807 6809/6809
f 6811/6811 6809/6809 6807/6807
f 6786/6786 6808/6808 6796/6796
f 6807/6807 6787/6787 6812/6812
f 6807/6807 6812/6812 6804/6804
f 6804/6804 6811/6811 6807/6807
f 6811/6811 6804/6804 6813/6813
f 6803/6803 6813/6813 6804/6804
f 6809/6809 6811/6811 6814/6814
f 6810/6810 6809/6809 6815/6815
f 6809/6809 6814/6814 6815/6815
f 6816/6816 6815/6815 6817/6817
f 6796/6796 6810/6810 6801/6801
f 6818/6818 6799/6799 6801/6801
f 6818/6818 6801/6801 6810/6810
f 6815/6815 6818/6818 6810/6810
f 6816/6816 6818/6818 6815/6815
f 6802/6802 6799/6799 6818/6818
f 6818/6818 6816/6816 6802/6802
f 6816/6816 6819/6819 6802/6802
f 6814/6814 6811/6811 6813/6813
f 6820/6820 6814/6814 6813/6813
f 6821/6821 6820/6820 6822/6822
f 6821/6821 6815/6815 6814/6814
f 6820/6820 6821/6821 6814/6814
f 6821/6821 6817/6817 6815/6815
f 6821/6821 6823/6823 6817/6817
f 6822/6822 6820/6820 6824/6824
f 6825/6825 6821/6821 6822/6822
f 6822/6822 6826/6826 6825/6825
f 6657/6657 6593/6593 6594/6594
f 6728/6728 6673/6673 6657/6657
f 6728/6728 6790/6790 6673/6673
f 6790/6790 6827/6827 6673/6673
f 6790/6790 6728/6728 6788/6788
f 6827/6827 6677/6677 6673/6673
f 6677/6677 6827/6827 6828/6828
f 6678/6678 6677/6677 6828/6828
f 6827/6827 6790/6790 6828/6828
f 6828/6828 6829/6829 6678/6678
f 6828/6828 6790/6790 6791/6791
f 6828/6828 6791/6791 6829/6829
f 6683/6683 6678/6678 6829/6829
f 6683/6683 6829/6829 6830/6830
f 6683/6683 6830/6830 6831/6831
f 6683/6683 6675/6675 6678/6678
f 6832/6832 6683/6683 6831/6831
f 6832/6832 6685/6685 6683/6683
f 6685/6685 6832/6832 6833/6833
f 6832/6832 6831/6831 6834/6834
f 6833/6833 6832/6832 6834/6834
f 6833/6833 6834/6834 6835/6835
f 6830/6830 6791/6791 6800/6800
f 6830/6830 6829/6829 6791/6791
f 6831/6831 6830/6830 6800/6800
f 6802/6802 6836/6836 6800/6800
f 6831/6831 6800/6800 6836/6836
f 6833/6833 6837/6837 6685/6685
f 6802/6802 6819/6819 6836/6836
f 6838/6838 6819/6819 6816/6816
f 6816/6816 6817/6817 6839/6839
f 6839/6839 6838/6838 6816/6816
f 6839/6839 6840/6840 6838/6838
f 6841/6841 6819/6819 6838/6838
f 6838/6838 6840/6840 6841/6841
f 6841/6841 6840/6840 6842/6842
f 6823/6823 6821/6821 6843/6843
f 6823/6823 6844/6844 6839/6839
f 6840/6840 6839/6839 6844/6844
f 6843/6843 6821/6821 6825/6825
f 6845/6845 6825/6825 6826/6826
f 6843/6843 6825/6825 6846/6846
f 6846/6846 6825/6825 6847/6847
f 6847/6847 6825/6825 6845/6845
f 6846/6846 6823/6823 6843/6843
f 6844/6844 6823/6823 6846/6846
f 6846/6846 6848/6848 6844/6844
f 6840/6840 6844/6844 6848/6848
f 6849/6849 6840/6840 6848/6848
f 6848/6848 6846/6846 6850/6850
f 6849/6849 6848/6848 6850/6850
f 6842/6842 6840/6840 6849/6849
f 6849/6849 6850/6850 6851/6851
f 6852/6852 6842/6842 6849/6849
f 6853/6853 6852/6852 6849/6849
f 6849/6849 6851/6851 6853/6853
f 6835/6835 6854/6854 6833/6833
f 6831/6831 6835/6835 6834/6834
f 6855/6855 6836/6836 6856/6856
f 6855/6855 6831/6831 6836/6836
f 6855/6855 6856/6856 6857/6857
f 6835/6835 6831/6831 6855/6855
f 6835/6835 6858/6858 6859/6859
f 6859/6859 6854/6854 6835/6835
f 6856/6856 6836/6836 6819/6819
f 6841/6841 6856/6856 6819/6819
f 6857/6857 6856/6856 6841/6841
f 6857/6857 6841/6841 6860/6860
f 6841/6841 6842/6842 6861/6861
f 6861/6861 6842/6842 6852/6852
f 4674/4674 6862/6862 6863/6863
f 4674/4674 5723/5723 6864/6864
f 6864/6864 6862/6862 4674/4674
f 6865/6865 6866/6866 6867/6867
f 6868/6868 6865/6865 6867/6867
f 6869/6869 6867/6867 6870/6870
f 6871/6871 6872/6872 6873/6873
f 6872/6872 6871/6871 6874/6874
f 6871/6871 6873/6873 6875/6875
f 6871/6871 6875/6875 6876/6876
f 6871/6871 6876/6876 6874/6874
f 6877/6877 6878/6878 6879/6879
f 6878/6878 6874/6874 6876/6876
f 6877/6877 6874/6874 6878/6878
f 6878/6878 6880/6880 6879/6879
f 6879/6879 6880/6880 6881/6881
f 6882/6882 6883/6883 6884/6884
f 6885/6885 6882/6882 6884/6884
f 6886/6886 6887/6887 6888/6888
f 6889/6889 6888/6888 6887/6887
f 6886/6886 6890/6890 6891/6891
f 6890/6890 6886/6886 6888/6888
f 6890/6890 6888/6888 6892/6892
f 6890/6890 6892/6892 6891/6891
f 6893/6893 6891/6891 6892/6892
f 6893/6893 6892/6892 6894/6894
f 6886/6886 6895/6895 6896/6896
f 6895/6895 6886/6886 6891/6891
f 6891/6891 6897/6897 6895/6895
f 6898/6898 6897/6897 6891/6891
f 6898/6898 6891/6891 6893/6893
f 6899/6899 6898/6898 6893/6893
f 6894/6894 6899/6899 6893/6893
f 6866/6866 6870/6870 6867/6867
f 6900/6900 6870/6870 6901/6901
f 6866/6866 6901/6901 6870/6870
f 6892/6892 6888/6888 6889/6889
f 6892/6892 6889/6889 6902/6902
f 6889/6889 6903/6903 6902/6902
f 6904/6904 6892/6892 6902/6902
f 6902/6902 6905/6905 6904/6904
f 6904/6904 6894/6894 6892/6892
f 6906/6906 6905/6905 6907/6907
f 6908/6908 6906/6906 6907/6907
f 6907/6907 6909/6909 6908/6908
f 6909/6909 6910/6910 6908/6908
f 6911/6911 6906/6906 6908/6908
f 6911/6911 6908/6908 6910/6910
f 6882/6882 6909/6909 6907/6907
f 6912/6912 6913/6913 6914/6914
f 6885/6885 6909/6909 6882/6882
f 6915/6915 6910/6910 6909/6909
f 6915/6915 6909/6909 6916/6916
f 6916/6916 6909/6909 6885/6885
f 6916/6916 6917/6917 6915/6915
f 6918/6918 6916/6916 6885/6885
f 6914/6914 6919/6919 6920/6920
f 6921/6921 6912/6912 6922/6922
f 6914/6914 6920/6920 6912/6912
f 6912/6912 6920/6920 6922/6922
f 6923/6923 6916/6916 6918/6918
f 6923/6923 6917/6917 6916/6916
f 6923/6923 6922/6922 6917/6917
f 6924/6924 6925/6925 6544/6544
f 6348/6348 6924/6924 6544/6544
f 6543/6543 6927/6927 6545/6545
f 6527/6527 6348/6348 6544/6544
f 6928/6928 6929/6929 6547/6547
f 6929/6929 6928/6928 6930/6930
f 6929/6929 6930/6930 6931/6931
f 6527/6527 6547/6547 6932/6932
f 6929/6929 6932/6932 6547/6547
f 6932/6932 6929/6929 6933/6933
f 6934/6934 6933/6933 6929/6929
f 6931/6931 6934/6934 6929/6929
f 6933/6933 6935/6935 6932/6932
f 6936/6936 6933/6933 6934/6934
f 6933/6933 6936/6936 6937/6937
f 6938/6938 6879/6879 6939/6939
f 6938/6938 6939/6939 6940/6940
f 6942/6942 6881/6881 6943/6943
f 6943/6943 6944/6944 6942/6942
f 6945/6945 6942/6942 6944/6944
f 6939/6939 6879/6879 6881/6881
f 6939/6939 6881/6881 6942/6942
f 6945/6945 6939/6939 6942/6942
f 6939/6939 6945/6945 6946/6946
f 6945/6945 6947/6947 6946/6946
f 6557/6557 6547/6547 6546/6546
f 6948/6948 6547/6547 6557/6557
f 6948/6948 6928/6928 6547/6547
f 6949/6949 6928/6928 6948/6948
f 6950/6950 6944/6944 6943/6943
f 6951/6951 6944/6944 6950/6950
f 6950/6950 6952/6952 6951/6951
f 6945/6945 6944/6944 6951/6951
f 6947/6947 6945/6945 6953/6953
f 6945/6945 6951/6951 6953/6953
f 6950/6950 6954/6954 6955/6955
f 6952/6952 6950/6950 6955/6955
f 6952/6952 6955/6955 6956/6956
f 6952/6952 6956/6956 6957/6957
f 6958/6958 6956/6956 6955/6955
f 6959/6959 6951/6951 6952/6952
f 6960/6960 6961/6961 6962/6962
f 6955/6955 6963/6963 6958/6958
f 6951/6951 6959/6959 6953/6953
f 6958/6958 6957/6957 6956/6956
f 6957/6957 6959/6959 6952/6952
f 6959/6959 6957/6957 6964/6964
f 6965/6965 6964/6964 6957/6957
f 6965/6965 6957/6957 6966/6966
f 6967/6967 6965/6965 6968/6968
f 6969/6969 6967/6967 6968/6968
f 6965/6965 6966/6966 6968/6968
f 6968/6968 6970/6970 6969/6969
f 6968/6968 6966/6966 6971/6971
f 6968/6968 6971/6971 6970/6970
f 6972/6972 6963/6963 6960/6960
f 6972/6972 6960/6960 6962/6962
f 6973/6973 6972/6972 6962/6962
f 6973/6973 6962/6962 6974/6974
f 6975/6975 6974/6974 6962/6962
f 6976/6976 6958/6958 6963/6963
f 6957/6957 6958/6958 6976/6976
f 6963/6963 6972/6972 6977/6977
f 6977/6977 6976/6976 6963/6963
f 6957/6957 6976/6976 6966/6966
f 6973/6973 6976/6976 6977/6977
f 6976/6976 6973/6973 6966/6966
f 6972/6972 6973/6973 6977/6977
f 6973/6973 6974/6974 6966/6966
f 6978/6978 6966/6966 6974/6974
f 6971/6971 6966/6966 6978/6978
f 6979/6979 6974/6974 6980/6980
f 6981/6981 6913/6913 6912/6912
f 6921/6921 6981/6981 6912/6912
f 6982/6982 6983/6983 6984/6984
f 6985/6985 6986/6986 6987/6987
f 6982/6982 6985/6985 6987/6987
f 6982/6982 6987/6987 6988/6988
f 6988/6988 6983/6983 6982/6982
f 6989/6989 6988/6988 6987/6987
f 6989/6989 6990/6990 6991/6991
f 6990/6990 6987/6987 6986/6986
f 6987/6987 6990/6990 6989/6989
f 6991/6991 6992/6992 6989/6989
f 6993/6993 6990/6990 6986/6986
f 6993/6993 6991/6991 6990/6990
f 6994/6994 6991/6991 6993/6993
f 6991/6991 6994/6994 6992/6992
f 6989/6989 6995/6995 6988/6988
f 6995/6995 6989/6989 6992/6992
f 6994/6994 6996/6996 6992/6992
f 6992/6992 6996/6996 6997/6997
f 6996/6996 6998/6998 6997/6997
f 6984/6984 6961/6961 6985/6985
f 6982/6982 6984/6984 6985/6985
f 6961/6961 6984/6984 6983/6983
f 6983/6983 6999/6999 6961/6961
f 6962/6962 6961/6961 6999/6999
f 6962/6962 6999/6999 6975/6975
f 6999/6999 6983/6983 6988/6988
f 6975/6975 6999/6999 7000/7000
f 7000/7000 6999/6999 6988/6988
f 6975/6975 7000/7000 7001/7001
f 7002/7002 7003/7003 7001/7001
f 7002/7002 6988/6988 6995/6995
f 7000/7000 6988/6988 7002/7002
f 7002/7002 7001/7001 7000/7000
f 7004/7004 7002/7002 6997/6997
f 7001/7001 6974/6974 6975/6975
f 6997/6997 7002/7002 6995/6995
f 6995/6995 6992/6992 6997/6997
f 7005/7005 6970/6970 6979/6979
f 6979/6979 6971/6971 6978/6978
f 6970/6970 6971/6971 6979/6979
f 6974/6974 6979/6979 6978/6978
f 7006/7006 6979/6979 7007/7007
f 7006/7006 7005/7005 6979/6979
f 7007/7007 6979/6979 7008/7008
f 6979/6979 6980/6980 7008/7008
f 7008/7008 6980/6980 7009/7009
f 6980/6980 7010/7010 7009/7009
f 7010/7010 6980/6980 7011/7011
f 7012/7012 7010/7010 7011/7011
f 7009/7009 7010/7010 7008/7008
f 7010/7010 7007/7007 7008/7008
f 7013/7013 7006/7006 7007/7007
f 7007/7007 7010/7010 7014/7014
f 7010/7010 7012/7012 7014/7014
f 7012/7012 7015/7015 7014/7014
f 7015/7015 7016/7016 7017/7017
f 7004/7004 7003/7003 7002/7002
f 7004/7004 7018/7018 7003/7003
f 7019/7019 7003/7003 7018/7018
f 7020/7020 7019/7019 7018/7018
f 6980/6980 6974/6974 7001/7001
f 6980/6980 7001/7001 7019/7019
f 7019/7019 7011/7011 6980/6980
f 7019/7019 7012/7012 7011/7011
f 7003/7003 7019/7019 7001/7001
f 7021/7021 7012/7012 7019/7019
f 7019/7019 7020/7020 7021/7021
f 7015/7015 7012/7012 7021/7021
f 7021/7021 7016/7016 7015/7015
f 7016/7016 7021/7021 7020/7020
f 7018/7018 7022/7022 7020/7020
f 7023/7023 7020/7020 7022/7022
f 7004/7004 6997/6997 7024/7024
f 7024/7024 7025/7025 7004/7004
f 6998/6998 7024/7024 6997/6997
f 7024/7024 6998/6998 7026/7026
f 7026/7026 6998/6998 7027/7027
f 7024/7024 7028/7028 7025/7025
f 7018/7018 7004/7004 7029/7029
f 7004/7004 7025/7025 7029/7029
f 7022/7022 7018/7018 7029/7029
f 7025/7025 7022/7022 7029/7029
f 7025/7025 7023/7023 7022/7022
f 7023/7023 7025/7025 7030/7030
f 7028/7028 7024/7024 7026/7026
f 7028/7028 7031/7031 7030/7030
f 7030/7030 7025/7025 7028/7028
f 7032/7032 7023/7023 7030/7030
f 7033/7033 7020/7020 7023/7023
f 7034/7034 7033/7033 7023/7023
f 7034/7034 7023/7023 7032/7032
f 7030/7030 7035/7035 7032/7032
f 7032/7032 7036/7036 7034/7034
f 7035/7035 7036/7036 7032/7032
f 6803/6803 7037/7037 7038/7038
f 6813/6813 7038/7038 6820/6820
f 6820/6820 7038/7038 7039/7039
f 7040/7040 7038/7038 7037/7037
f 7037/7037 7041/7041 7040/7040
f 7039/7039 7038/7038 7040/7040
f 7039/7039 7040/7040 7042/7042
f 7039/7039 7042/7042 7043/7043
f 7042/7042 7040/7040 7044/7044
f 7045/7045 7046/7046 7047/7047
f 7045/7045 7047/7047 7048/7048
f 7048/7048 7049/7049 7045/7045
f 7049/7049 7048/7048 7050/7050
f 7044/7044 7040/7040 7041/7041
f 7045/7045 7049/7049 7041/7041
f 7049/7049 7044/7044 7041/7041
f 7049/7049 7051/7051 7044/7044
f 7038/7038 6813/6813 6803/6803
f 6820/6820 7043/7043 6824/6824
f 7043/7043 6820/6820 7039/7039
f 6822/6822 6824/6824 6826/6826
f 7043/7043 6826/6826 6824/6824
f 7052/7052 6826/6826 7043/7043
f 7047/7047 7046/7046 6872/6872
f 6872/6872 7048/7048 7047/7047
f 7048/7048 6872/6872 7050/7050
f 7050/7050 6872/6872 7053/7053
f 7053/7053 6872/6872 6874/6874
f 7050/7050 7054/7054 7049/7049
f 7053/7053 6874/6874 7055/7055
f 7056/7056 7052/7052 7043/7043
f 7043/7043 7042/7042 7056/7056
f 7057/7057 7052/7052 7058/7058
f 7059/7059 7057/7057 7058/7058
f 7058/7058 7052/7052 7056/7056
f 7059/7059 7058/7058 7060/7060
f 7056/7056 7042/7042 7051/7051
f 7051/7051 7042/7042 7044/7044
f 7061/7061 7060/7060 7051/7051
f 7056/7056 7060/7060 7058/7058
f 7051/7051 7060/7060 7056/7056
f 7061/7061 7051/7051 7062/7062
f 7063/7063 7062/7062 7051/7051
f 7051/7051 7054/7054 7063/7063
f 7054/7054 7051/7051 7049/7049
f 7061/7061 7064/7064 7060/7060
f 7061/7061 7065/7065 7064/7064
f 7062/7062 7065/7065 7061/7061
f 7066/7066 7065/7065 7062/7062
f 7065/7065 7067/7067 7064/7064
f 7065/7065 7068/7068 7067/7067
f 7062/7062 7063/7063 7066/7066
f 7069/7069 7066/7066 7070/7070
f 7069/7069 7070/7070 7071/7071
f 7068/7068 7065/7065 7066/7066
f 7066/7066 7069/7069 7068/7068
f 7072/7072 7068/7068 7073/7073
f 7067/7067 7068/7068 7072/7072
f 7073/7073 7069/7069 7071/7071
f 7073/7073 7071/7071 7074/7074
f 7073/7073 7068/7068 7069/7069
f 7072/7072 7073/7073 7075/7075
f 7075/7075 7073/7073 7074/7074
f 6826/6826 7052/7052 6845/6845
f 6845/6845 7052/7052 6847/6847
f 6847/6847 7052/7052 7057/7057
f 6847/6847 7076/7076 6846/6846
f 7076/7076 6847/6847 7057/7057
f 6850/6850 6846/6846 7077/7077
f 7077/7077 6846/6846 7076/7076
f 7059/7059 7076/7076 7057/7057
f 7077/7077 7076/7076 7059/7059
f 7059/7059 6851/6851 7077/7077
f 6851/6851 6850/6850 7077/7077
f 7060/7060 7064/7064 7059/7059
f 7059/7059 7067/7067 6851/6851
f 7064/7064 7067/7067 7059/7059
f 6851/6851 7067/7067 7078/7078
f 6851/6851 7078/7078 7079/7079
f 7079/7079 7078/7078 7080/7080
f 6853/6853 6851/6851 7079/7079
f 6853/6853 7079/7079 7081/7081
f 7082/7082 7079/7079 7080/7080
f 7081/7081 7079/7079 7082/7082
f 7078/7078 7067/7067 7072/7072
f 7072/7072 7075/7075 7078/7078
f 7054/7054 7050/7050 7053/7053
f 7083/7083 7054/7054 7053/7053
f 6877/6877 7055/7055 6874/6874
f 7083/7083 7053/7053 7055/7055
f 7083/7083 7055/7055 7084/7084
f 7084/7084 7055/7055 7085/7085
f 7083/7083 7084/7084 7086/7086
f 7087/7087 7083/7083 7086/7086
f 7088/7088 7087/7087 7086/7086
f 7070/7070 7063/7063 7054/7054
f 7070/7070 7054/7054 7083/7083
f 7066/7066 7063/7063 7070/7070
f 7087/7087 7070/7070 7083/7083
f 7070/7070 7087/7087 7071/7071
f 7085/7085 6877/6877 6879/6879
f 6879/6879 6938/6938 7085/7085
f 6877/6877 7085/7085 7055/7055
f 7084/7084 7085/7085 6938/6938
f 6940/6940 6939/6939 6946/6946
f 7089/7089 6941/6941 7091/7091
f 7090/7090 7093/7093 7094/7094
f 7090/7090 7084/7084 6940/6940
f 6938/6938 6940/6940 7084/7084
f 7084/7084 7090/7090 7086/7086
f 7088/7088 7086/7086 7095/7095
f 6940/6940 7094/7094 7092/7092
f 6946/6946 7094/7094 6940/6940
f 6946/6946 6947/6947 7094/7094
f 7090/7090 7094/7094 6947/6947
f 7090/7090 6947/6947 7096/7096
f 7095/7095 7086/7086 7090/7090
f 7095/7095 7090/7090 7096/7096
f 7097/7097 7087/7087 7088/7088
f 7087/7087 7097/7097 7098/7098
f 7097/7097 7099/7099 7098/7098
f 7098/7098 7099/7099 7100/7100
f 7071/7071 7087/7087 7101/7101
f 7074/7074 7101/7101 7102/7102
f 7101/7101 7074/7074 7071/7071
f 7100/7100 7087/7087 7098/7098
f 7101/7101 7087/7087 7100/7100
f 7074/7074 7102/7102 7075/7075
f 7102/7102 7101/7101 7100/7100
f 7103/7103 7075/7075 7102/7102
f 7100/7100 7103/7103 7102/7102
f 7103/7103 7100/7100 7104/7104
f 7104/7104 7100/7100 7105/7105
f 7097/7097 7088/7088 7106/7106
f 7106/7106 7088/7088 7095/7095
f 7097/7097 7106/7106 7107/7107
f 7097/7097 7108/7108 7099/7099
f 7109/7109 7107/7107 7106/7106
f 7108/7108 7097/7097 7107/7107
f 7106/7106 7095/7095 7109/7109
f 7109/7109 7095/7095 7096/7096
f 7110/7110 7109/7109 7096/7096
f 7108/7108 7111/7111 7099/7099
f 7111/7111 7100/7100 7099/7099
f 7108/7108 7107/7107 7111/7111
f 7111/7111 7107/7107 7112/7112
f 7109/7109 7112/7112 7107/7107
f 7113/7113 7109/7109 7110/7110
f 7112/7112 7109/7109 7113/7113
f 7111/7111 7112/7112 7114/7114
f 7115/7115 7114/7114 7112/7112
f 7115/7115 7112/7112 7113/7113
f 7100/7100 7111/7111 7105/7105
f 7104/7104 7116/7116 7103/7103
f 7104/7104 7105/7105 7116/7116
f 7117/7117 7111/7111 7114/7114
f 7118/7118 7115/7115 7113/7113
f 7119/7119 7115/7115 7118/7118
f 7114/7114 7115/7115 7117/7117
f 7115/7115 7119/7119 7117/7117
f 7120/7120 7117/7117 7119/7119
f 7121/7121 7116/7116 7105/7105
f 7122/7122 7116/7116 7121/7121
f 7117/7117 7105/7105 7111/7111
f 7105/7105 7117/7117 7120/7120
f 7120/7120 7121/7121 7105/7105
f 7121/7121 7120/7120 7123/7123
f 7124/7124 7075/7075 7103/7103
f 7103/7103 7116/7116 7124/7124
f 7116/7116 7122/7122 7124/7124
f 7125/7125 7124/7124 7122/7122
f 7096/7096 6947/6947 6953/6953
f 7096/7096 6953/6953 6964/6964
f 6959/6959 6964/6964 6953/6953
f 7096/7096 6964/6964 7110/7110
f 6964/6964 7126/7126 7113/7113
f 6964/6964 7113/7113 7110/7110
f 7113/7113 7126/7126 7118/7118
f 6967/6967 7126/7126 6964/6964
f 6967/6967 6964/6964 6965/6965
f 6967/6967 7127/7127 7126/7126
f 7128/7128 7118/7118 7126/7126
f 7128/7128 7126/7126 7127/7127
f 7127/7127 7129/7129 7128/7128
f 7118/7118 7128/7128 7130/7130
f 7128/7128 7129/7129 7130/7130
f 7130/7130 7129/7129 7131/7131
f 7130/7130 7119/7119 7118/7118
f 7127/7127 6969/6969 7129/7129
f 7127/7127 6967/6967 6969/6969
f 7129/7129 6969/6969 7005/7005
f 7005/7005 6969/6969 6970/6970
f 7005/7005 7131/7131 7129/7129
f 7119/7119 7130/7130 7132/7132
f 7133/7133 7130/7130 7131/7131
f 7132/7132 7130/7130 7133/7133
f 7005/7005 7134/7134 7131/7131
f 7134/7134 7133/7133 7131/7131
f 7133/7133 7134/7134 7135/7135
f 7005/7005 7135/7135 7134/7134
f 7136/7136 7133/7133 7135/7135
f 7135/7135 7013/7013 7136/7136
f 7120/7120 7119/7119 7132/7132
f 7123/7123 7120/7120 7132/7132
f 7132/7132 7133/7133 7136/7136
f 7137/7137 7138/7138 7136/7136
f 7013/7013 7005/7005 7006/7006
f 7135/7135 7005/7005 7013/7013
f 7014/7014 7013/7013 7007/7007
f 7136/7136 7013/7013 7139/7139
f 7020/7020 7140/7140 7016/7016
f 7140/7140 7020/7020 7033/7033
f 7033/7033 7034/7034 7141/7141
f 7036/7036 7141/7141 7034/7034
f 7036/7036 7142/7142 7143/7143
f 6348/6348 7144/7144 6924/6924
f 6932/6932 6348/6348 6527/6527
f 6348/6348 6935/6935 6349/6349
f 7145/7145 6349/6349 6935/6935
f 7145/7145 6351/6351 6349/6349
f 7145/7145 6363/6363 6351/6351
f 6348/6348 6932/6932 6935/6935
f 7146/7146 6935/6935 6933/6933
f 6937/6937 7146/7146 6933/6933
f 7147/7147 7148/7148 7146/7146
f 6935/6935 7146/7146 7145/7145
f 7145/7145 7146/7146 7148/7148
f 7148/7148 7147/7147 7149/7149
f 7149/7149 7147/7147 7150/7150
f 7147/7147 7146/7146 6937/6937
f 6363/6363 7145/7145 7151/7151
f 7152/7152 6364/6364 6363/6363
f 6363/6363 7151/7151 7152/7152
f 7153/7153 7152/7152 7151/7151
f 7151/7151 7154/7154 7153/7153
f 7152/7152 6365/6365 6364/6364
f 7152/7152 7155/7155 6365/6365
f 7156/7156 7157/7157 7154/7154
f 7157/7157 7156/7156 7158/7158
f 7157/7157 7153/7153 7154/7154
f 7157/7157 7158/7158 7153/7153
f 7160/7160 7161/7161 7153/7153
f 7161/7161 7160/7160 7162/7162
f 7153/7153 7158/7158 7160/7160
f 7152/7152 7153/7153 7161/7161
f 7161/7161 7155/7155 7152/7152
f 7148/7148 7151/7151 7145/7145
f 7148/7148 7149/7149 7163/7163
f 7163/7163 7151/7151 7148/7148
f 7164/7164 7156/7156 7165/7165
f 7151/7151 7165/7165 7154/7154
f 7163/7163 7165/7165 7151/7151
f 7156/7156 7154/7154 7165/7165
f 7166/7166 7167/7167 7162/7162
f 7162/7162 7167/7167 7161/7161
f 7168/7168 7167/7167 7169/7169
f 7167/7167 7168/7168 7170/7170
f 6372/6372 7170/7170 6375/6375
f 7161/7161 7167/7167 7170/7170
f 6372/6372 7161/7161 7170/7170
f 7155/7155 6372/6372 6365/6365
f 7161/7161 6372/6372 7155/7155
f 7166/7166 7162/7162 7160/7160
f 6377/6377 6375/6375 7168/7168
f 7168/7168 6375/6375 7170/7170
f 7171/7171 5759/5759 5755/5755
f 7171/7171 5755/5755 5756/5756
f 7172/7172 7171/7171 7173/7173
f 7174/7174 7171/7171 7172/7172
f 4170/4170 4168/4168 5763/5763
f 4168/4168 7175/7175 5763/5763
f 5763/5763 7175/7175 7176/7176
f 7176/7176 5764/5764 5763/5763
f 7176/7176 7177/7177 5764/5764
f 7176/7176 7175/7175 7178/7178
f 7179/7179 7176/7176 7178/7178
f 7180/7180 7177/7177 7176/7176
f 7178/7178 7181/7181 7182/7182
f 7178/7178 7182/7182 7179/7179
f 7183/7183 7179/7179 7182/7182
f 7179/7179 7183/7183 7184/7184
f 7177/7177 7180/7180 7185/7185
f 7179/7179 7180/7180 7176/7176
f 7185/7185 7180/7180 7179/7179
f 7185/7185 7179/7179 7186/7186
f 7185/7185 7186/7186 7187/7187
f 7184/7184 7186/7186 7179/7179
f 7188/7188 7189/7189 7190/7190
f 7191/7191 7188/7188 7190/7190
f 7187/7187 7192/7192 7193/7193
f 7187/7187 7194/7194 7192/7192
f 7195/7195 7187/7187 7186/7186
f 7184/7184 7196/7196 7197/7197
f 7197/7197 7186/7186 7184/7184
f 7187/7187 7195/7195 7194/7194
f 7198/7198 7195/7195 7186/7186
f 7198/7198 7199/7199 7195/7195
f 7199/7199 7198/7198 7200/7200
f 7197/7197 7196/7196 7201/7201
f 7202/7202 7197/7197 7201/7201
f 7198/7198 7202/7202 7200/7200
f 7198/7198 7186/7186 7197/7197
f 7202/7202 7198/7198 7197/7197
f 7200/7200 7202/7202 7203/7203
f 7204/7204 7200/7200 7203/7203
f 7199/7199 7200/7200 7205/7205
f 7205/7205 7206/7206 7199/7199
f 7204/7204 7207/7207 7205/7205
f 7200/7200 7204/7204 7205/7205
f 7208/7208 7206/7206 7205/7205
f 7209/7209 7206/7206 7208/7208
f 7208/7208 7205/7205 7207/7207
f 7194/7194 7210/7210 7192/7192
f 7211/7211 7212/7212 7210/7210
f 7212/7212 7192/7192 7210/7210
f 7210/7210 7194/7194 7195/7195
f 7211/7211 7195/7195 7199/7199
f 7189/7189 7213/7213 7212/7212
f 7211/7211 7210/7210 7195/7195
f 7190/7190 7189/7189 7212/7212
f 7214/7214 7190/7190 7212/7212
f 7214/7214 7212/7212 7211/7211
f 7211/7211 7215/7215 7214/7214
f 7216/7216 7215/7215 7211/7211
f 7211/7211 7199/7199 7206/7206
f 7216/7216 7211/7211 7217/7217
f 7206/7206 7209/7209 7217/7217
f 7206/7206 7217/7217 7211/7211
f 7217/7217 7209/7209 7218/7218
f 7218/7218 7219/7219 7217/7217
f 7217/7217 7219/7219 7216/7216
f 7220/7220 7221/7221 7207/7207
f 7207/7207 7221/7221 7208/7208
f 7221/7221 7209/7209 7208/7208
f 7221/7221 7218/7218 7209/7209
f 4168/4168 7178/7178 7175/7175
f 7178/7178 4168/4168 6451/6451
f 7181/7181 7178/7178 6451/6451
f 7182/7182 7181/7181 6451/6451
f 7182/7182 6451/6451 6452/6452
f 7182/7182 6452/6452 7183/7183
f 7222/7222 6452/6452 6453/6453
f 6452/6452 7222/7222 7183/7183
f 7222/7222 6453/6453 6449/6449
f 7223/7223 7183/7183 7222/7222
f 7224/7224 7183/7183 7223/7223
f 6449/6449 7223/7223 7222/7222
f 6449/6449 7225/7225 7223/7223
f 7196/7196 7183/7183 7224/7224
f 7196/7196 7184/7184 7183/7183
f 7226/7226 7224/7224 7223/7223
f 7224/7224 7227/7227 7196/7196
f 7227/7227 7224/7224 7226/7226
f 7201/7201 7196/7196 7227/7227
f 7227/7227 7228/7228 7201/7201
f 7228/7228 7229/7229 7203/7203
f 7202/7202 7201/7201 7203/7203
f 7203/7203 7201/7201 7228/7228
f 7229/7229 7228/7228 7230/7230
f 7231/7231 7232/7232 7233/7233
f 7204/7204 7229/7229 7207/7207
f 7203/7203 7229/7229 7204/7204
f 7234/7234 7235/7235 7230/7230
f 7229/7229 7230/7230 7220/7220
f 7234/7234 7236/7236 7235/7235
f 7220/7220 7207/7207 7229/7229
f 7237/7237 7188/7188 7191/7191
f 7190/7190 7214/7214 7191/7191
f 7238/7238 7191/7191 7214/7214
f 7239/7239 7191/7191 7238/7238
f 7191/7191 7239/7239 7237/7237
f 7237/7237 7240/7240 7241/7241
f 7242/7242 7237/7237 7239/7239
f 7242/7242 7239/7239 7243/7243
f 7244/7244 7243/7243 7239/7239
f 7245/7245 6496/6496 6495/6495
f 7246/7246 7245/7245 6495/6495
f 6495/6495 7247/7247 7246/7246
f 7246/7246 7247/7247 7248/7248
f 7249/7249 7216/7216 7250/7250
f 7249/7249 7250/7250 7251/7251
f 7251/7251 7252/7252 7249/7249
f 7214/7214 7215/7215 7238/7238
f 7253/7253 7238/7238 7215/7215
f 7238/7238 7253/7253 7254/7254
f 7215/7215 7216/7216 7253/7253
f 7249/7249 7253/7253 7216/7216
f 7254/7254 7253/7253 7249/7249
f 7254/7254 7239/7239 7238/7238
f 7239/7239 7254/7254 7244/7244
f 7255/7255 7243/7243 7244/7244
f 7244/7244 7254/7254 7256/7256
f 7256/7256 7255/7255 7244/7244
f 7254/7254 7249/7249 7252/7252
f 7254/7254 7252/7252 7256/7256
f 7257/7257 7256/7256 7252/7252
f 7218/7218 7251/7251 7219/7219
f 7218/7218 7221/7221 7251/7251
f 7250/7250 7216/7216 7219/7219
f 7250/7250 7219/7219 7251/7251
f 7221/7221 7258/7258 7251/7251
f 7258/7258 7259/7259 7251/7251
f 7259/7259 7252/7252 7251/7251
f 7260/7260 7252/7252 7259/7259
f 7255/7255 7256/7256 7261/7261
f 7256/7256 7257/7257 7261/7261
f 7262/7262 7255/7255 7261/7261
f 7263/7263 7262/7262 7261/7261
f 7252/7252 7264/7264 7257/7257
f 7260/7260 7264/7264 7252/7252
f 7246/7246 7248/7248 7267/7267
f 7268/7268 7269/7269 7270/7270
f 7271/7271 7268/7268 7272/7272
f 7273/7273 7271/7271 7272/7272
f 7274/7274 7268/7268 7271/7271
f 7275/7275 7274/7274 7271/7271
f 7276/7276 7277/7277 7278/7278
f 7278/7278 7241/7241 7240/7240
f 7278/7278 7240/7240 7242/7242
f 7237/7237 7242/7242 7240/7240
f 6993/6993 7279/7279 6994/6994
f 6994/6994 7279/7279 7280/7280
f 7281/7281 6994/6994 7280/7280
f 7276/7276 7280/7280 7279/7279
f 7280/7280 7276/7276 7278/7278
f 7282/7282 7280/7280 7278/7278
f 7283/7283 7280/7280 7284/7284
f 7284/7284 7280/7280 7282/7282
f 7282/7282 7285/7285 7284/7284
f 7281/7281 6996/6996 6994/6994
f 7283/7283 7281/7281 7280/7280
f 6996/6996 7281/7281 7283/7283
f 7286/7286 6996/6996 7283/7283
f 7286/7286 6998/6998 6996/6996
f 7027/7027 6998/6998 7286/7286
f 7284/7284 7285/7285 7287/7287
f 7283/7283 7284/7284 7287/7287
f 7286/7286 7287/7287 7288/7288
f 7286/7286 7283/7283 7287/7287
f 7285/7285 7289/7289 7287/7287
f 7288/7288 7287/7287 7289/7289
f 7290/7290 7278/7278 7242/7242
f 7282/7282 7278/7278 7290/7290
f 7282/7282 7290/7290 7285/7285
f 7243/7243 7291/7291 7242/7242
f 7291/7291 7243/7243 7255/7255
f 7242/7242 7291/7291 7290/7290
f 7292/7292 7285/7285 7290/7290
f 7289/7289 7285/7285 7292/7292
f 7288/7288 7289/7289 7292/7292
f 7291/7291 7262/7262 7293/7293
f 7290/7290 7291/7291 7293/7293
f 7292/7292 7293/7293 7294/7294
f 7293/7293 7292/7292 7290/7290
f 7293/7293 7295/7295 7294/7294
f 7295/7295 7296/7296 7294/7294
f 7291/7291 7255/7255 7262/7262
f 7295/7295 7262/7262 7263/7263
f 7293/7293 7262/7262 7295/7295
f 7295/7295 7263/7263 7297/7297
f 7296/7296 7295/7295 7298/7298
f 7288/7288 7027/7027 7286/7286
f 7299/7299 7031/7031 7288/7288
f 7288/7288 7031/7031 7027/7027
f 7292/7292 7299/7299 7288/7288
f 7299/7299 7292/7292 7294/7294
f 7271/7271 7273/7273 7300/7300
f 7301/7301 7031/7031 7299/7299
f 7299/7299 7302/7302 7301/7301
f 7294/7294 7302/7302 7299/7299
f 7294/7294 7303/7303 7302/7302
f 7303/7303 7304/7304 7302/7302
f 7275/7275 7271/7271 7300/7300
f 7305/7305 7302/7302 7304/7304
f 7028/7028 7026/7026 7031/7031
f 7031/7031 7026/7026 7027/7027
f 7035/7035 7030/7030 7031/7031
f 7031/7031 7301/7301 7035/7035
f 7301/7301 7306/7306 7035/7035
f 7303/7303 7294/7294 7296/7296
f 6211/6211 6213/6213 6209/6209
f 6225/6225 7307/7307 6224/6224
f 7307/7307 6231/6231 6228/6228
f 6225/6225 6234/6234 7307/7307
f 7307/7307 6234/6234 6231/6231
f 6231/6231 6234/6234 6230/6230
f 6224/6224 7307/7307 6226/6226
f 6226/6226 7307/7307 6228/6228
f 7308/7308 6293/6293 6291/6291
f 7308/7308 7309/7309 6293/6293
f 7309/7309 6294/6294 6293/6293
f 6294/6294 7309/7309 7310/7310
f 6294/6294 7311/7311 6309/6309
f 7312/7312 6294/6294 7310/7310
f 7313/7313 7314/7314 7310/7310
f 7312/7312 7310/7310 7314/7314
f 7312/7312 7311/7311 6294/6294
f 7312/7312 7314/7314 7315/7315
f 7316/7316 6309/6309 7311/7311
f 7317/7317 7316/7316 7311/7311
f 7318/7318 7316/7316 7317/7317
f 7311/7311 7312/7312 7317/7317
f 7319/7319 7317/7317 7312/7312
f 7315/7315 7319/7319 7312/7312
f 7320/7320 7321/7321 7322/7322
f 7320/7320 7322/7322 7324/7324
f 6307/6307 6309/6309 7326/7326
f 7327/7327 7326/7326 6309/6309
f 6307/6307 7326/7326 6308/6308
f 6308/6308 7326/7326 7328/7328
f 6308/6308 7328/7328 7329/7329
f 7330/7330 7329/7329 7328/7328
f 7331/7331 7330/7330 7332/7332
f 7332/7332 7330/7330 7328/7328
f 7329/7329 7330/7330 7333/7333
f 7334/7334 7333/7333 7330/7330
f 7330/7330 7331/7331 7334/7334
f 7335/7335 6355/6355 6354/6354
f 7336/7336 6304/6304 6302/6302
f 7335/7335 7337/7337 6355/6355
f 7338/7338 7337/7337 7335/7335
f 7336/7336 6302/6302 7337/7337
f 7337/7337 6302/6302 6355/6355
f 7338/7338 7339/7339 7337/7337
f 7340/7340 7339/7339 7338/7338
f 7341/7341 7342/7342 7336/7336
f 7336/7336 7339/7339 7341/7341
f 7337/7337 7339/7339 7336/7336
f 7340/7340 7341/7341 7339/7339
f 7343/7343 7341/7341 7340/7340
f 7344/7344 7343/7343 7340/7340
f 7345/7345 7344/7344 7346/7346
f 7333/7333 7347/7347 7329/7329
f 7333/7333 7348/7348 7347/7347
f 7349/7349 7335/7335 6354/6354
f 7349/7349 7350/7350 7351/7351
f 7352/7352 7349/7349 7348/7348
f 7353/7353 7350/7350 7352/7352
f 7352/7352 7350/7350 7349/7349
f 7350/7350 7353/7353 7354/7354
f 7354/7354 7351/7351 7350/7350
f 7351/7351 7335/7335 7349/7349
f 7351/7351 7355/7355 7335/7335
f 7356/7356 7351/7351 7354/7354
f 7355/7355 7338/7338 7335/7335
f 7338/7338 7355/7355 7357/7357
f 7358/7358 7357/7357 7355/7355
f 7351/7351 7356/7356 7355/7355
f 7358/7358 7355/7355 7356/7356
f 7359/7359 7356/7356 7360/7360
f 7358/7358 7356/7356 7359/7359
f 7338/7338 7357/7357 7340/7340
f 7358/7358 7361/7361 7357/7357
f 7344/7344 7340/7340 7361/7361
f 7340/7340 7357/7357 7361/7361
f 7362/7362 6378/6378 6377/6377
f 7144/7144 7321/7321 7320/7320
f 7347/7347 6347/6347 6308/6308
f 7329/7329 7347/7347 6308/6308
f 7363/7363 7364/7364 7365/7365
f 7364/7364 7321/7321 7366/7366
f 7366/7366 7365/7365 7364/7364
f 6350/6350 7366/7366 7321/7321
f 7365/7365 7367/7367 7363/7363
f 6350/6350 7321/7321 7144/7144
f 6350/6350 7144/7144 6348/6348
f 7368/7368 7369/7369 7365/7365
f 7366/7366 7370/7370 7365/7365
f 7365/7365 7370/7370 7368/7368
f 7367/7367 7365/7365 7369/7369
f 6350/6350 7371/7371 7366/7366
f 6352/6352 7371/7371 6350/6350
f 7371/7371 7370/7370 7366/7366
f 7372/7372 7371/7371 6352/6352
f 6352/6352 6350/6350 6349/6349
f 7373/7373 7370/7370 7371/7371
f 7371/7371 7372/7372 7373/7373
f 7373/7373 7372/7372 7374/7374
f 6361/6361 7374/7374 7372/7372
f 7373/7373 7374/7374 7375/7375
f 7370/7370 7373/7373 7368/7368
f 6361/6361 7372/7372 6352/6352
f 6352/6352 6351/6351 6361/6361
f 7346/7346 7376/7376 7377/7377
f 7377/7377 7376/7376 6357/6357
f 7345/7345 7346/7346 7377/7377
f 7376/7376 6358/6358 6357/6357
f 7376/7376 6369/6369 6358/6358
f 7348/7348 6354/6354 6347/6347
f 7347/7347 7348/7348 6347/6347
f 7378/7378 7352/7352 7348/7348
f 7348/7348 7349/7349 6354/6354
f 7378/7378 7353/7353 7352/7352
f 7378/7378 7379/7379 7380/7380
f 7381/7381 7354/7354 7353/7353
f 7381/7381 7353/7353 7378/7378
f 7378/7378 7380/7380 7381/7381
f 7379/7379 7375/7375 7382/7382
f 7379/7379 7382/7382 7380/7380
f 7382/7382 6361/6361 6360/6360
f 7383/7383 7380/7380 7382/7382
f 7384/7384 7382/7382 6360/6360
f 6360/6360 6359/6359 7384/7384
f 6359/6359 6368/6368 7384/7384
f 7385/7385 7348/7348 7333/7333
f 7333/7333 7334/7334 7385/7385
f 7385/7385 7334/7334 7386/7386
f 7348/7348 7385/7385 7378/7378
f 7386/7386 7378/7378 7385/7385
f 7378/7378 7386/7386 7379/7379
f 7382/7382 7375/7375 7374/7374
f 7374/7374 6361/6361 7382/7382
f 7387/7387 7356/7356 7354/7354
f 7360/7360 7346/7346 7359/7359
f 7360/7360 7356/7356 7387/7387
f 7360/7360 7387/7387 7388/7388
f 7388/7388 7383/7383 7382/7382
f 7389/7389 7388/7388 7382/7382
f 7388/7388 7389/7389 6367/6367
f 7360/7360 7388/7388 7346/7346
f 6369/6369 7346/7346 7388/7388
f 6367/6367 6369/6369 7388/7388
f 6367/6367 7389/7389 6368/6368
f 7354/7354 7381/7381 7387/7387
f 7382/7382 7384/7384 7389/7389
f 7389/7389 7384/7384 6368/6368
f 7361/7361 7359/7359 7346/7346
f 6369/6369 7376/7376 7346/7346
f 6367/6367 6366/6366 6369/6369
f 5092/5092 5075/5075 3905/3905
f 5092/5092 3905/3905 6387/6387
f 5092/5092 7390/7390 5091/5091
f 5091/5091 7390/7390 5089/5089
f 5093/5093 5089/5089 7390/7390
f 5092/5092 6387/6387 7391/7391
f 7392/7392 6390/6390 7393/7393
f 6390/6390 6402/6402 7393/7393
f 6392/6392 6402/6402 6390/6390
f 5092/5092 7394/7394 7390/7390
f 7390/7390 7394/7394 5093/5093
f 7395/7395 7391/7391 6387/6387
f 7395/7395 7396/7396 7391/7391
f 7394/7394 5092/5092 7391/7391
f 5093/5093 7394/7394 7397/7397
f 7394/7394 7391/7391 7398/7398
f 7394/7394 7398/7398 7397/7397
f 7398/7398 7391/7391 7396/7396
f 6387/6387 6382/6382 7395/7395
f 7395/7395 6382/6382 6388/6388
f 6391/6391 6390/6390 7392/7392
f 7396/7396 7395/7395 7399/7399
f 7399/7399 7400/7400 7396/7396
f 7399/7399 7401/7401 7400/7400
f 7395/7395 7402/7402 7399/7399
f 7402/7402 7401/7401 7399/7399
f 7403/7403 7400/7400 7401/7401
f 7404/7404 7405/7405 7395/7395
f 7402/7402 7395/7395 7405/7405
f 7406/7406 7401/7401 7402/7402
f 7406/7406 7403/7403 7401/7401
f 7407/7407 7402/7402 7405/7405
f 7407/7407 7406/7406 7402/7402
f 7405/7405 7408/7408 7407/7407
f 7409/7409 7392/7392 7397/7397
f 7398/7398 7409/7409 7397/7397
f 7396/7396 7400/7400 7398/7398
f 7398/7398 7400/7400 7409/7409
f 7409/7409 7400/7400 7403/7403
f 7410/7410 7392/7392 7409/7409
f 7406/7406 7409/7409 7403/7403
f 7406/7406 7410/7410 7409/7409
f 7404/7404 7395/7395 6388/6388
f 7411/7411 7407/7407 7408/7408
f 7406/7406 7407/7407 7411/7411
f 7408/7408 7405/7405 7404/7404
f 7410/7410 6391/6391 7392/7392
f 7410/7410 6396/6396 6391/6391
f 5098/5098 3918/3918 3917/3917
f 5117/5117 6401/6401 5098/5098
f 7393/7393 6401/6401 5117/5117
f 5098/5098 6401/6401 6399/6399
f 7393/7393 6402/6402 6401/6401
f 6400/6400 6401/6401 6402/6402
f 6408/6408 7404/7404 6388/6388
f 7412/7412 7404/7404 6408/6408
f 6415/6415 6413/6413 7410/7410
f 7413/7413 6415/6415 7410/7410
f 7410/7410 6413/6413 6396/6396
f 6411/6411 6396/6396 6413/6413
f 7413/7413 7414/7414 6415/6415
f 7414/7414 6417/6417 6415/6415
f 7404/7404 7415/7415 7408/7408
f 7411/7411 7408/7408 7415/7415
f 6425/6425 6430/6430 6422/6422
f 7416/7416 6422/6422 6430/6430
f 6425/6425 6427/6427 6430/6430
f 6430/6430 6427/6427 6428/6428
f 6431/6431 7417/7417 7418/7418
f 7418/7418 7417/7417 7419/7419
f 4112/4112 3933/3933 6433/6433
f 6434/6434 4112/4112 6433/6433
f 6434/6434 6433/6433 6439/6439
f 6439/6439 6435/6435 6436/6436
f 6439/6439 6433/6433 6435/6435
f 6438/6438 7420/7420 6439/6439
f 6438/6438 6440/6440 7420/7420
f 6440/6440 7416/7416 7420/7420
f 4113/4113 7421/7421 5209/5209
f 7421/7421 6434/6434 7422/7422
f 7421/7421 4113/4113 6434/6434
f 7423/7423 5209/5209 7421/7421
f 7422/7422 6434/6434 7424/7424
f 7425/7425 7420/7420 7416/7416
f 6434/6434 6439/6439 7420/7420
f 7424/7424 6434/6434 7420/7420
f 7421/7421 7422/7422 7423/7423
f 7423/7423 7422/7422 7424/7424
f 7426/7426 7423/7423 7424/7424
f 7424/7424 7427/7427 7426/7426
f 6420/6420 6422/6422 6440/6440
f 6422/6422 7416/7416 6440/6440
f 7424/7424 7420/7420 7425/7425
f 7427/7427 7424/7424 7425/7425
f 6429/6429 7425/7425 7416/7416
f 6429/6429 7416/7416 6430/6430
f 6429/6429 7427/7427 7425/7425
f 7428/7428 5213/5213 5209/5209
f 7428/7428 5209/5209 7423/7423
f 7428/7428 7423/7423 6442/6442
f 6441/6441 5213/5213 7428/7428
f 5221/5221 5213/5213 6441/6441
f 6441/6441 7428/7428 6442/6442
f 6442/6442 7423/7423 7426/7426
f 6442/6442 7426/7426 7429/7429
f 7429/7429 7426/7426 7427/7427
f 6442/6442 7429/7429 6445/6445
f 7429/7429 6446/6446 6445/6445
f 6457/6457 6446/6446 7429/7429
f 7430/7430 6449/6449 4173/4173
f 6454/6454 5231/5231 5221/5221
f 6441/6441 6444/6444 5221/5221
f 5234/5234 5240/5240 7432/7432
f 7433/7433 5234/5234 7432/7432
f 4173/4173 5234/5234 7433/7433
f 5237/5237 6454/6454 7434/7434
f 7431/7431 5237/5237 7434/7434
f 5237/5237 5231/5231 6454/6454
f 5237/5237 7431/7431 5239/5239
f 5239/5239 5238/5238 5237/5237
f 7433/7433 7430/7430 4173/4173
f 7435/7435 7434/7434 6454/6454
f 7435/7435 6454/6454 6455/6455
f 6444/6444 6446/6446 7436/7436
f 6457/6457 7436/7436 6446/6446
f 6455/6455 6444/6444 7436/7436
f 7437/7437 6455/6455 7436/7436
f 5221/5221 6444/6444 6455/6455
f 7435/7435 6455/6455 7437/7437
f 7429/7429 7427/7427 7438/7438
f 6457/6457 7429/7429 7438/7438
f 7418/7418 7438/7438 7427/7427
f 7439/7439 7438/7438 7418/7418
f 7439/7439 6457/6457 7438/7438
f 6458/6458 6457/6457 7439/7439
f 6429/6429 6431/6431 7427/7427
f 7427/7427 6431/6431 7418/7418
f 7419/7419 7439/7439 7418/7418
f 7436/7436 6457/6457 6456/6456
f 6458/6458 7439/7439 7419/7419
f 6458/6458 7419/7419 7440/7440
f 6458/6458 7440/7440 6456/6456
f 7232/7232 6456/6456 7440/7440
f 7419/7419 6496/6496 7440/7440
f 7441/7441 7412/7412 6408/6408
f 7442/7442 7412/7412 7443/7443
f 7443/7443 7412/7412 7441/7441
f 6408/6408 6409/6409 7441/7441
f 7443/7443 7441/7441 7444/7444
f 7441/7441 6409/6409 6418/6418
f 7443/7443 7445/7445 7442/7442
f 7442/7442 7445/7445 7446/7446
f 7444/7444 7445/7445 7443/7443
f 7441/7441 7447/7447 7444/7444
f 7444/7444 7447/7447 7448/7448
f 7447/7447 7441/7441 6418/6418
f 7449/7449 7447/7447 6418/6418
f 7449/7449 7448/7448 7447/7447
f 7444/7444 7450/7450 7445/7445
f 7448/7448 7450/7450 7444/7444
f 7451/7451 7452/7452 7446/7446
f 7451/7451 7445/7445 7450/7450
f 7446/7446 7445/7445 7451/7451
f 7451/7451 7450/7450 7448/7448
f 7442/7442 7404/7404 7412/7412
f 7404/7404 7442/7442 7415/7415
f 7415/7415 7453/7453 7411/7411
f 7454/7454 7453/7453 7415/7415
f 7454/7454 7415/7415 7442/7442
f 7453/7453 7413/7413 7410/7410
f 7454/7454 7442/7442 7446/7446
f 7414/7414 7413/7413 7453/7453
f 7446/7446 7414/7414 7453/7453
f 7414/7414 6485/6485 6417/6417
f 6485/6485 6459/6459 6417/6417
f 7452/7452 6485/6485 7414/7414
f 7446/7446 7452/7452 7414/7414
f 6428/6428 6427/6427 6464/6464
f 6428/6428 6464/6464 6488/6488
f 7449/7449 6418/6418 7455/7455
f 7455/7455 6468/6468 7342/7342
f 6468/6468 7455/7455 6418/6418
f 6468/6468 6304/6304 7336/7336
f 6485/6485 7452/7452 7456/7456
f 6485/6485 7456/7456 6484/6484
f 7451/7451 7448/7448 7457/7457
f 7457/7457 7448/7448 7449/7449
f 7449/7449 7458/7458 7457/7457
f 7456/7456 7457/7457 7459/7459
f 7456/7456 7459/7459 6475/6475
f 6484/6484 7456/7456 6471/6471
f 6472/6472 6471/6471 7460/7460
f 6471/6471 7456/7456 7460/7460
f 7456/7456 6472/6472 7460/7460
f 7456/7456 6475/6475 6472/6472
f 6475/6475 6473/6473 6472/6472
f 7461/7461 7455/7455 7342/7342
f 7462/7462 7463/7463 7461/7461
f 7461/7461 7463/7463 7455/7455
f 7342/7342 6468/6468 7336/7336
f 7464/7464 7465/7465 7466/7466
f 7466/7466 7465/7465 7342/7342
f 7464/7464 7459/7459 7462/7462
f 7342/7342 7465/7465 7461/7461
f 7461/7461 7465/7465 7462/7462
f 7465/7465 7464/7464 7462/7462
f 7342/7342 7341/7341 7466/7466
f 7464/7464 7466/7466 7467/7467
f 7455/7455 7463/7463 7458/7458
f 7458/7458 7449/7449 7455/7455
f 7463/7463 7462/7462 7458/7458
f 7457/7457 7458/7458 7462/7462
f 7345/7345 7459/7459 7464/7464
f 7459/7459 7345/7345 6475/6475
f 7345/7345 6476/6476 6475/6475
f 7464/7464 7467/7467 7345/7345
f 7468/7468 7469/7469 7345/7345
f 7469/7469 7468/7468 6480/6480
f 7345/7345 7469/7469 6476/6476
f 6478/6478 6476/6476 7469/7469
f 7469/7469 6480/6480 6478/6478
f 7343/7343 7466/7466 7341/7341
f 7467/7467 7466/7466 7343/7343
f 7377/7377 7468/7468 7345/7345
f 6431/6431 6428/6428 6488/6488
f 6488/6488 6494/6494 6431/6431
f 6431/6431 6494/6494 7470/7470
f 7417/7417 6431/6431 7470/7470
f 6497/6497 7417/7417 7470/7470
f 6497/6497 7470/7470 6494/6494
f 6517/6517 6486/6486 6490/6490
f 6489/6489 6486/6486 6517/6517
f 7471/7471 6494/6494 6493/6493
f 7417/7417 6497/6497 7419/7419
f 6497/6497 6494/6494 7471/7471
f 6497/6497 6496/6496 7419/7419
f 7472/7472 7471/7471 6492/6492
f 6492/6492 7473/7473 7472/7472
f 6492/6492 7471/7471 6493/6493
f 7472/7472 6497/6497 7471/7471
f 6497/6497 7472/7472 6495/6495
f 6495/6495 7472/7472 7473/7473
f 6501/6501 7474/7474 6499/6499
f 6500/6500 6499/6499 7474/7474
f 6500/6500 6504/6504 6505/6505
f 6504/6504 7474/7474 6503/6503
f 6500/6500 7474/7474 6504/6504
f 7474/7474 6501/6501 6503/6503
f 6512/6512 6500/6500 6505/6505
f 7270/7270 6513/6513 7475/7475
f 6513/6513 7270/7270 6511/6511
f 7270/7270 7269/7269 6511/6511
f 6512/6512 6516/6516 7476/7476
f 6514/6514 6516/6516 6512/6512
f 7475/7475 6512/6512 7476/7476
f 6516/6516 6378/6378 7362/7362
f 7362/7362 7476/7476 6516/6516
f 7362/7362 7477/7477 7475/7475
f 7475/7475 7476/7476 7362/7362
f 6512/6512 6505/6505 6514/6514
f 7475/7475 6513/6513 6512/6512
f 6519/6519 6520/6520 6517/6517
f 6499/6499 6520/6520 6519/6519
f 6520/6520 6489/6489 6517/6517
f 6492/6492 6489/6489 6520/6520
f 6492/6492 6510/6510 7473/7473
f 6510/6510 7269/7269 7473/7473
f 7269/7269 6510/6510 6511/6511
f 7468/7468 7377/7377 6357/6357
f 6480/6480 7468/7468 6521/6521
f 7468/7468 6357/6357 6521/6521
f 6087/6087 7478/7478 5973/5973
f 7478/7478 6087/6087 6088/6088
f 6088/6088 7479/7479 7478/7478
f 6091/6091 7480/7480 7481/7481
f 7478/7478 7482/7482 5973/5973
f 7483/7483 7482/7482 7478/7478
f 7478/7478 7479/7479 7483/7483
f 7482/7482 6292/6292 5973/5973
f 7484/7484 6292/6292 7482/7482
f 7485/7485 7484/7484 7482/7482
f 7480/7480 6091/6091 6525/6525
f 6525/6525 6524/6524 7480/7480
f 7480/7480 6523/6523 7481/7481
f 7486/7486 6523/6523 7487/7487
f 6523/6523 7480/7480 6524/6524
f 6525/6525 6091/6091 5987/5987
f 6532/6532 6531/6531 7488/7488
f 6596/6596 7488/7488 6531/6531
f 7489/7489 7488/7488 6596/6596
f 7490/7490 6532/6532 7488/7488
f 7490/7490 6533/6533 6532/6532
f 6533/6533 7490/7490 7491/7491
f 7493/7493 6534/6534 6533/6533
f 7493/7493 6536/6536 6534/6534
f 7491/7491 6536/6536 7493/7493
f 7491/7491 7493/7493 6533/6533
f 7484/7484 7494/7494 6292/6292
f 7495/7495 6292/6292 7494/7494
f 7495/7495 6291/6291 6292/6292
f 6291/6291 7495/7495 7496/7496
f 7496/7496 7308/7308 6291/6291
f 7497/7497 7498/7498 7499/7499
f 6542/6542 7500/7500 7499/7499
f 7499/7499 7500/7500 7497/7497
f 7500/7500 6542/6542 6541/6541
f 6522/6522 7487/7487 6523/6523
f 6522/6522 7501/7501 7487/7487
f 6522/6522 7502/7502 7501/7501
f 7502/7502 6522/6522 6540/6540
f 7499/7499 7503/7503 7504/7504
f 6542/6542 7499/7499 7502/7502
f 6540/6540 6542/6542 7502/7502
f 7309/7309 7308/7308 7505/7505
f 7506/7506 7507/7507 7509/7509
f 7497/7497 7500/7500 7510/7510
f 7505/7505 7512/7512 7309/7309
f 7513/7513 7309/7309 7512/7512
f 7513/7513 7310/7310 7309/7309
f 7310/7310 7513/7513 7514/7514
f 7515/7515 7514/7514 7513/7513
f 7516/7516 7514/7514 7515/7515
f 7515/7515 7517/7517 7516/7516
f 7512/7512 7518/7518 7513/7513
f 7513/7513 7518/7518 7515/7515
f 6545/6545 7500/7500 6541/6541
f 7519/7519 7520/7520 7510/7510
f 6927/6927 7520/7520 7519/7519
f 7500/7500 7519/7519 7510/7510
f 6545/6545 7519/7519 7500/7500
f 6927/6927 7519/7519 6545/6545
f 6551/6551 7521/7521 6554/6554
f 6537/6537 7522/7522 6539/6539
f 7522/7522 7523/7523 6539/6539
f 7523/7523 6553/6553 6539/6539
f 7523/7523 7524/7524 6553/6553
f 6553/6553 7525/7525 6550/6550
f 7523/7523 7522/7522 6537/6537
f 6537/6537 7492/7492 7523/7523
f 7526/7526 7523/7523 7492/7492
f 7525/7525 6551/6551 6550/6550
f 7525/7525 7521/7521 6551/6551
f 7524/7524 7525/7525 6553/6553
f 7524/7524 7521/7521 7525/7525
f 7521/7521 7524/7524 7527/7527
f 7526/7526 7527/7527 7524/7524
f 7523/7523 7526/7526 7524/7524
f 7528/7528 7529/7529 7526/7526
f 7529/7529 7530/7530 7526/7526
f 7531/7531 7530/7530 7529/7529
f 7521/7521 7532/7532 6554/6554
f 7527/7527 7532/7532 7521/7521
f 6554/6554 6556/6556 6555/6555
f 7532/7532 6556/6556 6554/6554
f 7532/7532 7527/7527 7533/7533
f 7533/7533 6556/6556 7532/7532
f 6556/6556 7533/7533 7534/7534
f 7534/7534 6557/6557 6556/6556
f 7535/7535 7534/7534 7533/7533
f 7526/7526 7533/7533 7527/7527
f 7530/7530 7533/7533 7526/7526
f 7536/7536 7535/7535 7531/7531
f 7531/7531 7535/7535 7533/7533
f 7531/7531 7533/7533 7530/7530
f 7537/7537 6596/6596 6029/6029
f 6125/6125 6595/6595 6028/6028
f 6125/6125 7537/7537 6595/6595
f 7537/7537 6029/6029 6595/6595
f 7538/7538 6125/6125 6123/6123
f 7537/7537 6125/6125 7539/7539
f 7539/7539 6125/6125 7538/7538
f 7539/7539 7538/7538 7540/7540
f 7541/7541 6596/6596 7537/7537
f 7537/7537 7539/7539 7541/7541
f 7542/7542 7545/7545 7541/7541
f 7541/7541 7539/7539 7546/7546
f 7547/7547 7548/7548 7549/7549
f 7550/7550 7551/7551 7548/7548
f 7548/7548 7547/7547 7550/7550
f 7547/7547 7549/7549 6181/6181
f 6181/6181 7552/7552 7547/7547
f 7547/7547 7552/7552 7553/7553
f 6172/6172 7554/7554 6145/6145
f 7554/7554 6172/6172 6043/6043
f 7555/7555 6043/6043 6660/6660
f 6043/6043 7556/7556 7554/7554
f 6043/6043 7555/7555 7556/7556
f 7554/7554 7557/7557 6145/6145
f 7558/7558 7559/7559 7557/7557
f 7555/7555 7559/7559 7558/7558
f 7556/7556 7558/7558 7554/7554
f 7554/7554 7558/7558 7557/7557
f 7558/7558 7556/7556 7555/7555
f 7553/7553 7560/7560 7547/7547
f 7547/7547 7560/7560 7550/7550
f 7555/7555 6660/6660 6661/6661
f 7555/7555 6661/6661 7561/7561
f 7559/7559 7555/7555 7561/7561
f 7561/7561 7562/7562 7559/7559
f 7559/7559 7562/7562 7553/7553
f 6662/6662 7561/7561 6661/6661
f 7562/7562 7561/7561 7563/7563
f 7563/7563 7561/7561 6662/6662
f 7553/7553 7562/7562 7564/7564
f 7564/7564 7562/7562 7563/7563
f 6662/6662 7565/7565 7563/7563
f 7566/7566 7550/7550 7560/7560
f 7560/7560 7553/7553 7564/7564
f 7564/7564 7567/7567 7560/7560
f 7567/7567 7566/7566 7560/7560
f 7564/7564 7568/7568 7567/7567
f 7563/7563 7568/7568 7564/7564
f 7568/7568 7563/7563 7565/7565
f 7550/7550 7569/7569 7551/7551
f 7550/7550 7566/7566 7570/7570
f 7571/7571 7570/7570 7566/7566
f 7569/7569 7550/7550 7570/7570
f 7570/7570 7572/7572 7569/7569
f 7572/7572 7570/7570 7571/7571
f 7572/7572 7571/7571 7574/7574
f 7572/7572 7575/7575 7579/7579
f 7572/7572 7579/7579 7580/7580
f 7583/7583 7575/7575 7572/7572
f 7585/7585 7583/7583 7572/7572
f 7587/7587 7584/7584 7573/7573
f 7574/7574 7585/7585 7572/7572
f 7565/7565 6662/6662 6681/6681
f 7567/7567 7568/7568 7565/7565
f 7565/7565 6681/6681 6687/6687
f 7565/7565 6686/6686 7567/7567
f 6686/6686 7565/7565 6687/6687
f 7567/7567 6686/6686 7566/7566
f 6686/6686 7571/7571 7566/7566
f 6686/6686 7589/7589 7571/7571
f 7574/7574 7571/7571 7589/7589
f 7589/7589 6686/6686 6690/6690
f 6684/6684 6691/6691 6689/6689
f 6691/6691 7588/7588 6689/6689
f 6837/6837 6691/6691 6685/6685
f 7588/7588 7590/7590 7573/7573
f 6691/6691 7590/7590 7588/7588
f 6837/6837 7591/7591 6691/6691
f 6691/6691 7591/7591 7590/7590
f 7590/7590 7591/7591 7592/7592
f 5584/5584 6708/6708 5580/5580
f 6709/6709 6708/6708 5584/5584
f 5585/5585 5582/5582 5586/5586
f 5586/5586 5580/5580 6696/6696
f 6696/6696 6694/6694 5586/5586
f 6708/6708 6696/6696 5580/5580
f 6735/6735 6736/6736 6732/6732
f 6734/6734 6736/6736 6738/6738
f 6736/6736 6735/6735 6738/6738
f 6738/6738 6735/6735 6767/6767
f 5583/5583 5590/5590 7593/7593
f 7594/7594 5584/5584 5583/5583
f 7593/7593 7594/7594 5583/5583
f 6766/6766 7594/7594 7593/7593
f 5584/5584 7594/7594 6766/6766
f 6766/6766 6735/6735 5584/5584
f 6735/6735 6709/6709 5584/5584
f 6770/6770 7593/7593 5590/5590
f 6766/6766 7593/7593 6769/6769
f 6770/6770 6769/6769 7593/7593
f 5590/5590 5591/5591 7595/7595
f 7595/7595 5591/5591 5592/5592
f 7595/7595 5592/5592 7596/7596
f 5590/5590 6778/6778 6770/6770
f 6778/6778 5590/5590 7595/7595
f 6779/6779 6778/6778 7595/7595
f 7597/7597 7595/7595 7596/7596
f 6764/6764 6770/6770 6778/6778
f 6735/6735 6766/6766 6767/6767
f 6771/6771 6766/6766 6769/6769
f 6764/6764 6771/6771 6769/6769
f 7595/7595 6780/6780 6779/6779
f 7597/7597 6780/6780 7595/7595
f 7598/7598 6780/6780 7597/7597
f 7599/7599 7600/7600 7598/7598
f 7600/7600 6783/6783 6780/6780
f 7600/7600 6780/6780 7598/7598
f 7600/7600 6784/6784 6783/6783
f 7601/7601 6784/6784 7600/7600
f 6738/6738 6767/6767 6768/6768
f 6738/6738 6768/6768 6739/6739
f 6784/6784 7601/7601 7602/7602
f 6785/6785 6784/6784 6812/6812
f 6812/6812 6784/6784 7603/7603
f 6812/6812 6777/6777 6785/6785
f 6784/6784 7604/7604 7603/7603
f 7604/7604 6784/6784 7602/7602
f 6812/6812 7603/7603 6804/6804
f 7603/7603 7604/7604 6805/6805
f 7603/7603 6805/6805 6804/6804
f 6787/6787 6777/6777 6812/6812
f 7592/7592 7591/7591 6837/6837
f 6837/6837 6833/6833 7592/7592
f 6530/6530 6596/6596 6531/6531
f 7489/7489 7490/7490 7488/7488
f 7545/7545 6596/6596 7541/7541
f 7545/7545 7489/7489 6596/6596
f 7545/7545 7490/7490 7489/7489
f 7545/7545 7491/7491 7490/7490
f 7605/7605 7492/7492 7544/7544
f 7605/7605 7526/7526 7492/7492
f 7543/7543 7605/7605 7544/7544
f 7587/7587 7573/7573 7606/7606
f 7590/7590 7606/7606 7573/7573
f 7605/7605 7607/7607 7528/7528
f 7526/7526 7605/7605 7528/7528
f 7528/7528 7607/7607 7529/7529
f 7608/7608 7609/7609 7610/7610
f 7608/7608 7610/7610 7611/7611
f 7612/7612 7529/7529 7607/7607
f 7529/7529 7612/7612 7613/7613
f 7613/7613 7531/7531 7529/7529
f 7614/7614 7612/7612 7607/7607
f 7614/7614 7613/7613 7612/7612
f 7614/7614 7615/7615 7613/7613
f 7608/7608 7616/7616 7614/7614
f 7618/7618 7616/7616 7608/7608
f 7619/7619 7618/7618 7608/7608
f 7608/7608 7611/7611 7620/7620
f 7620/7620 7619/7619 7608/7608
f 6839/6839 6817/6817 6823/6823
f 7621/7621 7619/7619 7620/7620
f 7622/7622 7623/7623 7624/7624
f 7624/7624 7623/7623 7619/7619
f 7624/7624 7625/7625 7622/7622
f 7626/7626 7624/7624 7619/7619
f 7626/7626 7619/7619 7621/7621
f 7627/7627 7625/7625 7624/7624
f 7627/7627 7624/7624 7626/7626
f 7628/7628 7627/7627 7626/7626
f 7531/7531 7613/7613 7536/7536
f 7610/7610 7629/7629 7587/7587
f 7587/7587 7611/7611 7610/7610
f 7630/7630 7611/7611 7587/7587
f 7631/7631 7611/7611 7630/7630
f 7606/7606 7630/7630 7587/7587
f 7632/7632 7630/7630 7606/7606
f 7606/7606 7590/7590 7632/7632
f 7590/7590 7592/7592 7632/7632
f 7633/7633 7631/7631 7630/7630
f 7632/7632 7633/7633 7630/7630
f 7632/7632 7634/7634 7633/7633
f 6854/6854 7592/7592 6833/6833
f 7632/7632 7592/7592 6854/6854
f 6859/6859 7632/7632 6854/6854
f 7634/7634 7632/7632 6859/6859
f 7631/7631 7635/7635 7611/7611
f 7635/7635 7620/7620 7611/7611
f 7636/7636 7635/7635 7631/7631
f 7634/7634 6859/6859 6858/6858
f 7633/7633 7634/7634 7637/7637
f 7637/7637 7634/7634 6858/6858
f 6835/6835 6855/6855 6858/6858
f 6857/6857 6858/6858 6855/6855
f 7631/7631 7633/7633 7637/7637
f 7631/7631 7637/7637 7636/7636
f 7635/7635 7638/7638 7620/7620
f 7638/7638 7635/7635 7639/7639
f 7635/7635 7636/7636 7639/7639
f 6841/6841 6861/6861 6860/6860
f 7636/7636 6860/6860 7640/7640
f 7639/7639 7636/7636 7640/7640
f 7640/7640 7641/7641 7639/7639
f 6860/6860 6861/6861 7640/7640
f 7641/7641 7640/7640 7642/7642
f 7637/7637 6858/6858 7643/7643
f 7643/7643 6858/6858 6857/6857
f 6860/6860 7643/7643 6857/6857
f 7636/7636 7637/7637 7643/7643
f 7636/7636 7643/7643 6860/6860
f 6852/6852 7644/7644 6861/6861
f 6861/6861 7642/7642 7640/7640
f 6861/6861 7644/7644 7642/7642
f 7620/7620 7638/7638 7621/7621
f 7621/7621 7638/7638 7645/7645
f 7641/7641 7638/7638 7639/7639
f 7641/7641 7645/7645 7638/7638
f 7645/7645 7641/7641 7642/7642
f 7645/7645 7646/7646 7621/7621
f 7626/7626 7621/7621 7646/7646
f 7645/7645 7642/7642 7644/7644
f 7646/7646 7645/7645 7644/7644
f 7647/7647 7646/7646 7644/7644
f 6852/6852 7647/7647 7644/7644
f 6852/6852 6853/6853 7647/7647
f 7646/7646 7648/7648 7628/7628
f 7646/7646 7628/7628 7626/7626
f 7646/7646 7647/7647 7648/7648
f 6853/6853 7648/7648 7647/7647
f 5711/5711 7649/7649 5712/5712
f 5711/5711 5715/5715 7649/7649
f 5715/5715 7650/7650 7649/7649
f 5715/5715 4662/4662 5725/5725
f 5715/5715 5725/5725 7651/7651
f 7650/7650 5715/5715 7651/7651
f 7651/7651 7652/7652 7650/7650
f 7651/7651 7653/7653 7652/7652
f 7654/7654 7652/7652 7653/7653
f 7655/7655 7654/7654 7653/7653
f 5723/5723 5724/5724 6864/6864
f 5724/5724 6865/6865 6864/6864
f 7656/7656 6865/6865 5724/5724
f 7657/7657 4675/4675 4674/4674
f 5725/5725 4675/4675 7657/7657
f 7657/7657 7658/7658 5725/5725
f 6863/6863 7658/7658 7657/7657
f 6863/6863 7657/7657 4674/4674
f 7658/7658 6863/6863 6862/6862
f 7658/7658 6862/6862 6864/6864
f 7658/7658 6864/6864 7659/7659
f 7659/7659 6864/6864 6869/6869
f 5725/5725 7658/7658 7653/7653
f 7653/7653 7651/7651 5725/5725
f 7653/7653 7658/7658 7659/7659
f 6865/6865 6868/6868 6864/6864
f 7653/7653 7659/7659 7655/7655
f 6869/6869 6864/6864 6868/6868
f 6868/6868 6867/6867 6869/6869
f 6900/6900 7660/7660 6869/6869
f 6869/6869 6870/6870 6900/6900
f 6900/6900 7661/7661 7660/7660
f 7661/7661 6900/6900 6901/6901
f 7662/7662 7663/7663 7664/7664
f 7663/7663 7655/7655 7665/7665
f 7664/7664 7663/7663 7665/7665
f 7665/7665 7666/7666 7664/7664
f 7046/7046 7662/7662 7664/7664
f 7666/7666 7667/7667 7668/7668
f 7666/7666 7046/7046 7664/7664
f 7046/7046 7666/7666 7669/7669
f 7668/7668 7669/7669 7666/7666
f 7668/7668 7660/7660 7661/7661
f 7661/7661 7670/7670 7668/7668
f 7671/7671 7668/7668 7672/7672
f 7673/7673 7671/7671 7672/7672
f 7669/7669 6872/6872 7046/7046
f 6873/6873 7668/7668 7674/7674
f 6873/6873 6872/6872 7669/7669
f 6873/6873 7669/7669 7668/7668
f 6873/6873 7674/7674 6875/6875
f 6875/6875 7674/7674 6880/6880
f 7668/7668 7671/7671 7674/7674
f 6880/6880 7674/7674 7671/7671
f 7673/7673 6943/6943 6880/6880
f 7673/7673 6880/6880 7671/7671
f 6876/6876 6875/6875 6880/6880
f 6880/6880 6878/6878 6876/6876
f 6881/6881 6880/6880 6943/6943
f 5743/5743 5744/5744 7675/7675
f 4736/4736 5743/5743 7675/7675
f 6889/6889 7675/7675 7676/7676
f 7676/7676 7675/7675 5744/5744
f 5744/5744 4726/4726 7677/7677
f 7677/7677 4726/4726 4728/4728
f 7677/7677 7676/7676 5744/5744
f 7676/7676 7677/7677 7678/7678
f 6903/6903 7676/7676 7679/7679
f 7678/7678 7679/7679 7676/7676
f 5745/5745 5760/5760 4728/4728
f 5760/5760 7680/7680 4728/4728
f 5760/5760 5759/5759 7681/7681
f 7680/7680 5760/5760 7681/7681
f 7680/7680 7677/7677 4728/4728
f 7678/7678 7677/7677 7680/7680
f 7682/7682 7683/7683 7678/7678
f 7683/7683 7679/7679 7678/7678
f 7681/7681 7678/7678 7680/7680
f 7682/7682 7678/7678 7681/7681
f 7683/7683 6903/6903 7679/7679
f 6903/6903 7683/7683 6907/6907
f 7684/7684 7683/7683 7682/7682
f 6907/6907 7683/7683 7684/7684
f 7682/7682 7681/7681 7684/7684
f 7685/7685 7684/7684 7681/7681
f 7684/7684 6882/6882 6907/6907
f 7686/7686 7684/7684 7685/7685
f 6883/6883 7684/7684 7686/7686
f 6883/6883 6882/6882 7684/7684
f 6884/6884 6883/6883 7686/7686
f 6884/6884 6918/6918 6885/6885
f 7687/7687 5751/5751 6896/6896
f 7656/7656 5724/5724 5747/5747
f 6866/6866 7656/7656 7687/7687
f 5749/5749 7656/7656 5747/5747
f 5749/5749 7687/7687 7656/7656
f 7656/7656 6866/6866 6865/6865
f 6866/6866 7687/7687 6896/6896
f 6895/6895 6866/6866 6896/6896
f 5750/5750 6887/6887 5751/5751
f 5748/5748 5751/5751 5749/5749
f 5751/5751 7687/7687 5749/5749
f 6887/6887 5750/5750 4736/4736
f 7675/7675 6887/6887 4736/4736
f 6887/6887 6886/6886 5751/5751
f 6896/6896 5751/5751 6886/6886
f 7688/7688 6866/6866 6895/6895
f 6897/6897 7688/7688 6895/6895
f 7689/7689 6897/6897 6898/6898
f 7689/7689 6898/6898 6899/6899
f 7688/7688 6901/6901 6866/6866
f 6901/6901 7688/7688 7690/7690
f 7661/7661 6901/6901 7690/7690
f 7689/7689 7688/7688 6897/6897
f 7691/7691 7688/7688 7689/7689
f 6889/6889 6887/6887 7675/7675
f 6903/6903 6889/6889 7676/7676
f 6903/6903 6905/6905 6902/6902
f 6905/6905 6906/6906 6904/6904
f 6905/6905 6903/6903 6907/6907
f 6904/6904 6906/6906 6911/6911
f 6904/6904 6911/6911 6894/6894
f 7692/7692 6894/6894 6911/6911
f 7693/7693 7689/7689 6899/6899
f 7694/7694 7689/7689 7693/7693
f 7692/7692 7693/7693 6899/6899
f 7695/7695 7694/7694 7693/7693
f 7696/7696 7695/7695 7693/7693
f 6919/6919 7696/7696 7693/7693
f 6914/6914 7696/7696 6919/6919
f 7670/7670 7661/7661 7690/7690
f 7691/7691 7690/7690 7688/7688
f 7670/7670 7690/7690 7691/7691
f 7694/7694 7691/7691 7689/7689
f 7695/7695 7691/7691 7694/7694
f 7672/7672 7668/7668 7670/7670
f 7697/7697 7672/7672 7691/7691
f 7691/7691 7672/7672 7670/7670
f 7698/7698 7691/7691 7695/7695
f 7697/7697 7691/7691 7698/7698
f 7673/7673 7672/7672 7697/7697
f 7698/7698 7699/7699 7697/7697
f 6943/6943 7673/7673 7700/7700
f 7700/7700 7697/7697 7699/7699
f 7673/7673 7697/7697 7700/7700
f 7698/7698 7695/7695 7696/7696
f 7699/7699 7698/7698 7696/7696
f 6914/6914 7699/7699 7696/7696
f 7699/7699 6914/6914 6913/6913
f 6913/6913 7700/7700 7699/7699
f 7692/7692 6911/6911 7701/7701
f 7701/7701 6911/6911 6910/6910
f 6915/6915 7701/7701 6910/6910
f 6899/6899 6894/6894 7692/7692
f 7692/7692 7701/7701 7693/7693
f 6915/6915 7693/7693 7701/7701
f 6919/6919 7693/7693 6920/6920
f 6915/6915 6920/6920 7693/7693
f 6915/6915 6917/6917 6920/6920
f 6917/6917 6922/6922 6920/6920
f 6918/6918 7702/7702 6923/6923
f 7703/7703 6923/6923 7702/7702
f 7704/7704 6922/6922 6923/6923
f 7705/7705 7704/7704 6923/6923
f 7514/7514 7313/7313 7310/7310
f 7706/7706 7313/7313 7514/7514
f 7708/7708 7313/7313 7706/7706
f 7313/7313 7708/7708 7314/7314
f 7709/7709 7314/7314 7708/7708
f 7315/7315 7314/7314 7709/7709
f 6926/6926 7710/7710 7520/7520
f 6927/6927 6926/6926 7520/7520
f 6926/6926 7325/7325 7710/7710
f 7711/7711 7710/7710 7325/7325
f 6926/6926 6927/6927 6543/6543
f 6925/6925 7320/7320 7324/7324
f 6930/6930 6934/6934 6931/6931
f 6934/6934 7712/7712 6936/6936
f 6937/6937 6936/6936 7712/7712
f 7147/7147 6937/6937 7713/7713
f 6937/6937 7712/7712 7713/7713
f 7713/7713 7712/7712 7714/7714
f 7715/7715 7150/7150 7713/7713
f 7713/7713 7150/7150 7147/7147
f 7714/7714 7716/7716 7715/7715
f 7713/7713 7714/7714 7715/7715
f 7534/7534 6948/6948 6557/6557
f 7534/7534 6949/6949 6948/6948
f 7534/7534 7535/7535 7717/7717
f 7717/7717 6949/6949 7534/7534
f 7718/7718 6949/6949 7717/7717
f 7719/7719 6949/6949 7718/7718
f 6928/6928 6949/6949 6930/6930
f 6949/6949 6934/6934 6930/6930
f 7717/7717 7535/7535 7536/7536
f 7720/7720 7717/7717 7536/7536
f 7720/7720 7718/7718 7717/7717
f 7718/7718 7720/7720 7721/7721
f 7722/7722 7720/7720 7536/7536
f 7712/7712 6934/6934 6949/6949
f 7712/7712 6949/6949 7719/7719
f 7723/7723 7714/7714 7712/7712
f 7724/7724 7725/7725 7714/7714
f 7723/7723 7724/7724 7714/7714
f 7721/7721 7719/7719 7718/7718
f 7720/7720 7726/7726 7721/7721
f 7721/7721 7712/7712 7719/7719
f 7712/7712 7721/7721 7723/7723
f 7726/7726 7723/7723 7721/7721
f 7727/7727 7723/7723 7726/7726
f 7727/7727 7724/7724 7723/7723
f 7724/7724 7727/7727 7728/7728
f 7729/7729 7728/7728 7727/7727
f 7730/7730 7731/7731 7732/7732
f 7733/7733 7732/7732 7731/7731
f 6377/6377 7734/7734 7735/7735
f 7735/7735 7734/7734 7477/7477
f 6377/6377 7735/7735 7362/7362
f 7362/7362 7735/7735 7477/7477
f 7736/7736 7737/7737 7738/7738
f 7477/7477 7737/7737 7739/7739
f 7736/7736 7739/7739 7737/7737
f 7740/7740 7738/7738 7741/7741
f 7732/7732 7741/7741 7730/7730
f 7740/7740 7741/7741 7732/7732
f 7740/7740 7736/7736 7738/7738
f 7742/7742 7739/7739 7736/7736
f 7743/7743 7744/7744 7740/7740
f 7736/7736 7740/7740 7745/7745
f 6943/6943 7700/7700 6950/6950
f 6950/6950 7700/7700 6954/6954
f 6954/6954 7700/7700 7746/7746
f 7746/7746 6955/6955 6954/6954
f 7747/7747 6913/6913 7748/7748
f 6913/6913 7746/7746 7700/7700
f 7747/7747 7746/7746 6913/6913
f 7748/7748 6913/6913 6961/6961
f 7747/7747 6955/6955 7746/7746
f 6955/6955 7747/7747 6963/6963
f 7748/7748 6961/6961 6960/6960
f 6985/6985 6961/6961 6913/6913
f 6960/6960 7747/7747 7748/7748
f 7747/7747 6960/6960 6963/6963
f 6981/6981 6921/6921 6922/6922
f 6981/6981 6985/6985 6913/6913
f 6985/6985 6981/6981 6986/6986
f 6981/6981 7704/7704 6986/6986
f 6986/6986 7704/7704 6993/6993
f 7749/7749 6993/6993 7704/7704
f 6981/6981 6922/6922 7704/7704
f 7716/7716 7714/7714 7725/7725
f 7716/7716 7725/7725 7750/7750
f 7750/7750 7751/7751 7716/7716
f 7752/7752 7750/7750 7725/7725
f 7752/7752 7725/7725 7724/7724
f 7733/7733 7751/7751 7750/7750
f 7752/7752 7753/7753 7750/7750
f 7750/7750 7753/7753 7733/7733
f 7731/7731 7754/7754 7751/7751
f 7733/7733 7731/7731 7751/7751
f 7733/7733 7755/7755 7756/7756
f 7755/7755 7757/7757 7756/7756
f 7014/7014 7015/7015 7017/7017
f 7755/7755 7733/7733 7753/7753
f 7758/7758 7755/7755 7753/7753
f 7728/7728 7753/7753 7724/7724
f 7759/7759 7753/7753 7728/7728
f 7758/7758 7753/7753 7759/7759
f 7760/7760 7761/7761 7758/7758
f 7762/7762 7763/7763 7761/7761
f 7761/7761 7755/7755 7758/7758
f 7755/7755 7761/7761 7763/7763
f 7764/7764 7732/7732 7733/7733
f 7733/7733 7756/7756 7764/7764
f 7743/7743 7764/7764 7757/7757
f 7743/7743 7732/7732 7764/7764
f 7743/7743 7740/7740 7732/7732
f 7744/7744 7743/7743 7757/7757
f 7757/7757 7764/7764 7756/7756
f 7744/7744 7745/7745 7740/7740
f 7744/7744 7765/7765 7745/7745
f 7763/7763 7757/7757 7755/7755
f 7766/7766 7757/7757 7763/7763
f 7757/7757 7766/7766 7744/7744
f 7762/7762 7767/7767 7763/7763
f 7767/7767 7766/7766 7763/7763
f 7143/7143 7768/7768 7766/7766
f 7143/7143 7766/7766 7767/7767
f 7765/7765 7766/7766 7768/7768
f 7769/7769 7765/7765 7768/7768
f 7766/7766 7765/7765 7744/7744
f 7142/7142 7768/7768 7143/7143
f 7142/7142 7769/7769 7768/7768
f 7036/7036 7769/7769 7142/7142
f 7769/7769 7036/7036 7770/7770
f 7771/7771 5592/5592 5712/5712
f 5592/5592 7771/7771 7596/7596
f 7649/7649 7771/7771 5712/5712
f 7772/7772 7597/7597 7596/7596
f 7773/7773 7596/7596 7771/7771
f 7773/7773 7771/7771 7649/7649
f 7773/7773 7772/7772 7596/7596
f 7772/7772 7773/7773 7774/7774
f 7774/7774 7773/7773 7649/7649
f 7652/7652 7649/7649 7650/7650
f 7652/7652 7774/7774 7649/7649
f 7598/7598 7772/7772 7775/7775
f 7597/7597 7772/7772 7598/7598
f 7775/7775 7772/7772 7774/7774
f 7599/7599 7598/7598 7775/7775
f 7600/7600 7599/7599 7601/7601
f 7663/7663 7599/7599 7775/7775
f 7599/7599 7663/7663 7601/7601
f 7663/7663 7775/7775 7655/7655
f 7654/7654 7774/7774 7652/7652
f 7654/7654 7655/7655 7774/7774
f 7655/7655 7775/7775 7774/7774
f 7601/7601 7776/7776 7602/7602
f 7601/7601 7663/7663 7662/7662
f 7601/7601 7662/7662 7776/7776
f 7602/7602 7776/7776 7777/7777
f 7777/7777 7776/7776 7778/7778
f 7778/7778 7776/7776 7779/7779
f 7777/7777 7778/7778 7780/7780
f 7602/7602 6805/6805 7604/7604
f 7777/7777 6805/6805 7602/7602
f 6805/6805 7777/7777 6803/6803
f 7777/7777 7037/7037 6803/6803
f 7037/7037 7777/7777 7780/7780
f 7779/7779 7776/7776 7662/7662
f 7781/7781 7779/7779 7662/7662
f 7780/7780 7778/7778 7781/7781
f 7781/7781 7037/7037 7780/7780
f 7779/7779 7781/7781 7778/7778
f 7037/7037 7781/7781 7041/7041
f 7041/7041 7781/7781 7045/7045
f 7662/7662 7045/7045 7781/7781
f 7662/7662 7046/7046 7045/7045
f 7625/7625 7782/7782 7613/7613
f 7783/7783 7782/7782 7625/7625
f 7783/7783 7784/7784 7782/7782
f 7627/7627 7783/7783 7625/7625
f 7785/7785 7783/7783 7627/7627
f 7786/7786 7784/7784 7783/7783
f 7785/7785 7786/7786 7783/7783
f 7648/7648 7787/7787 7628/7628
f 7081/7081 7787/7787 6853/6853
f 7788/7788 7787/7787 7081/7081
f 7082/7082 7788/7788 7081/7081
f 7789/7789 7785/7785 7627/7627
f 7627/7627 7628/7628 7789/7789
f 7628/7628 7787/7787 7789/7789
f 7789/7789 7787/7787 7788/7788
f 7790/7790 7788/7788 7082/7082
f 7789/7789 7788/7788 7790/7790
f 7789/7789 7791/7791 7785/7785
f 7791/7791 7789/7789 7790/7790
f 7078/7078 7075/7075 7080/7080
f 7080/7080 7075/7075 7124/7124
f 7790/7790 7082/7082 7080/7080
f 7792/7792 7790/7790 7080/7080
f 7792/7792 7791/7791 7790/7790
f 7080/7080 7124/7124 7792/7792
f 7536/7536 7613/7613 7722/7722
f 7784/7784 7786/7786 7793/7793
f 7794/7794 7795/7795 7793/7793
f 7794/7794 7793/7793 7786/7786
f 7786/7786 7785/7785 7794/7794
f 7796/7796 7793/7793 7795/7795
f 7795/7795 7794/7794 7797/7797
f 7796/7796 7795/7795 7798/7798
f 7795/7795 7797/7797 7798/7798
f 7794/7794 7785/7785 7791/7791
f 7799/7799 7794/7794 7791/7791
f 7799/7799 7791/7791 7792/7792
f 7799/7799 7792/7792 7124/7124
f 7124/7124 7800/7800 7799/7799
f 7799/7799 7797/7797 7794/7794
f 7797/7797 7799/7799 7800/7800
f 7801/7801 7726/7726 7796/7796
f 7802/7802 7801/7801 7796/7796
f 7802/7802 7803/7803 7804/7804
f 7802/7802 7804/7804 7801/7801
f 7805/7805 7726/7726 7801/7801
f 7805/7805 7729/7729 7726/7726
f 7806/7806 7801/7801 7804/7804
f 7806/7806 7805/7805 7801/7801
f 7806/7806 7807/7807 7805/7805
f 7807/7807 7806/7806 7808/7808
f 7807/7807 7808/7808 7809/7809
f 7805/7805 7728/7728 7729/7729
f 7805/7805 7759/7759 7728/7728
f 7807/7807 7759/7759 7805/7805
f 7803/7803 7802/7802 7796/7796
f 7803/7803 7796/7796 7798/7798
f 7124/7124 7125/7125 7800/7800
f 7125/7125 7810/7810 7800/7800
f 7798/7798 7797/7797 7810/7810
f 7811/7811 7803/7803 7798/7798
f 7810/7810 7811/7811 7798/7798
f 7811/7811 7810/7810 7125/7125
f 7811/7811 7812/7812 7803/7803
f 7812/7812 7811/7811 7125/7125
f 7800/7800 7810/7810 7797/7797
f 7813/7813 7122/7122 7121/7121
f 7122/7122 7813/7813 7125/7125
f 7812/7812 7125/7125 7813/7813
f 7804/7804 7803/7803 7814/7814
f 7804/7804 7815/7815 7806/7806
f 7814/7814 7815/7815 7804/7804
f 7812/7812 7814/7814 7803/7803
f 7814/7814 7812/7812 7813/7813
f 7813/7813 7121/7121 7816/7816
f 7817/7817 7815/7815 7816/7816
f 7816/7816 7814/7814 7813/7813
f 7815/7815 7814/7814 7816/7816
f 7121/7121 7123/7123 7816/7816
f 7817/7817 7816/7816 7123/7123
f 7123/7123 7818/7818 7817/7817
f 7815/7815 7808/7808 7806/7806
f 7815/7815 7817/7817 7808/7808
f 7808/7808 7817/7817 7818/7818
f 7787/7787 7648/7648 6853/6853
f 7132/7132 7818/7818 7123/7123
f 7808/7808 7819/7819 7809/7809
f 7138/7138 7818/7818 7132/7132
f 7138/7138 7132/7132 7136/7136
f 7819/7819 7818/7818 7138/7138
f 7137/7137 7819/7819 7138/7138
f 7820/7820 7137/7137 7136/7136
f 7017/7017 7013/7013 7014/7014
f 7013/7013 7017/7017 7139/7139
f 7140/7140 7017/7017 7016/7016
f 7821/7821 7759/7759 7822/7822
f 7822/7822 7759/7759 7807/7807
f 7759/7759 7821/7821 7758/7758
f 7760/7760 7758/7758 7821/7821
f 7809/7809 7822/7822 7807/7807
f 7809/7809 7819/7819 7137/7137
f 7822/7822 7760/7760 7821/7821
f 7823/7823 7822/7822 7809/7809
f 7823/7823 7809/7809 7137/7137
f 7823/7823 7820/7820 7822/7822
f 7820/7820 7823/7823 7137/7137
f 7824/7824 7761/7761 7760/7760
f 7140/7140 7139/7139 7017/7017
f 7139/7139 7140/7140 7825/7825
f 7762/7762 7761/7761 7824/7824
f 7826/7826 7762/7762 7824/7824
f 7820/7820 7136/7136 7139/7139
f 7760/7760 7822/7822 7824/7824
f 7827/7827 7824/7824 7822/7822
f 7827/7827 7826/7826 7824/7824
f 7822/7822 7820/7820 7827/7827
f 7139/7139 7828/7828 7827/7827
f 7139/7139 7827/7827 7820/7820
f 7825/7825 7828/7828 7139/7139
f 7826/7826 7827/7827 7828/7828
f 7828/7828 7825/7825 7826/7826
f 7818/7818 7819/7819 7808/7808
f 7825/7825 7140/7140 7141/7141
f 7825/7825 7143/7143 7826/7826
f 7762/7762 7826/7826 7143/7143
f 7825/7825 7141/7141 7143/7143
f 7140/7140 7033/7033 7141/7141
f 7143/7143 7767/7767 7762/7762
f 7141/7141 7036/7036 7143/7143
f 6924/6924 7320/7320 6925/6925
f 7320/7320 6924/6924 7144/7144
f 7158/7158 7829/7829 7159/7159
f 7715/7715 7149/7149 7150/7150
f 7715/7715 7163/7163 7149/7149
f 7715/7715 7830/7830 7163/7163
f 7830/7830 7165/7165 7163/7163
f 7830/7830 7164/7164 7165/7165
f 7716/7716 7830/7830 7715/7715
f 7751/7751 7830/7830 7716/7716
f 7156/7156 7164/7164 7158/7158
f 7164/7164 7829/7829 7158/7158
f 7730/7730 7829/7829 7164/7164
f 7741/7741 7829/7829 7730/7730
f 7754/7754 7164/7164 7830/7830
f 7164/7164 7754/7754 7730/7730
f 7754/7754 7830/7830 7751/7751
f 7731/7731 7730/7730 7754/7754
f 7166/7166 7169/7169 7167/7167
f 7737/7737 7169/7169 7166/7166
f 7159/7159 7831/7831 7166/7166
f 7159/7159 7829/7829 7831/7831
f 7831/7831 7737/7737 7166/7166
f 7738/7738 7737/7737 7831/7831
f 7168/7168 7734/7734 6377/6377
f 7169/7169 7734/7734 7168/7168
f 7169/7169 7477/7477 7734/7734
f 7737/7737 7477/7477 7169/7169
f 7741/7741 7831/7831 7829/7829
f 7738/7738 7831/7831 7741/7741
f 4738/4738 7173/7173 5756/5756
f 7173/7173 4738/4738 5758/5758
f 7173/7173 5758/5758 7172/7172
f 7172/7172 5758/5758 7832/7832
f 7833/7833 7172/7172 7832/7832
f 7681/7681 5759/5759 7171/7171
f 7681/7681 7171/7171 7174/7174
f 7171/7171 5756/5756 7173/7173
f 7681/7681 7174/7174 7685/7685
f 7834/7834 7174/7174 7172/7172
f 7835/7835 7174/7174 7834/7834
f 7835/7835 7686/7686 7685/7685
f 7835/7835 7685/7685 7174/7174
f 7836/7836 7172/7172 7833/7833
f 7836/7836 7834/7834 7172/7172
f 7836/7836 7833/7833 7837/7837
f 7837/7837 7838/7838 7836/7836
f 7839/7839 5757/5757 5761/5761
f 7839/7839 5761/5761 7840/7840
f 7840/7840 5761/5761 5764/5764
f 5764/5764 5761/5761 5762/5762
f 7177/7177 7840/7840 5764/5764
f 7841/7841 7840/7840 7177/7177
f 5758/5758 5757/5757 7839/7839
f 7839/7839 7832/7832 5758/5758
f 7841/7841 7833/7833 7832/7832
f 7832/7832 7839/7839 7840/7840
f 7840/7840 7841/7841 7832/7832
f 7185/7185 7841/7841 7177/7177
f 7842/7842 7833/7833 7841/7841
f 7843/7843 7842/7842 7841/7841
f 7841/7841 7187/7187 7843/7843
f 7187/7187 7841/7841 7185/7185
f 7833/7833 7842/7842 7837/7837
f 7837/7837 7842/7842 7844/7844
f 7842/7842 7843/7843 7845/7845
f 7842/7842 7845/7845 7844/7844
f 7193/7193 7845/7845 7843/7843
f 7193/7193 7843/7843 7187/7187
f 7686/7686 6918/6918 6884/6884
f 7846/7846 6918/6918 7686/7686
f 7686/7686 7835/7835 7834/7834
f 7834/7834 7846/7846 7686/7686
f 7703/7703 6918/6918 7846/7846
f 7838/7838 7834/7834 7836/7836
f 7844/7844 7838/7838 7837/7837
f 7844/7844 7847/7847 7838/7838
f 7848/7848 7838/7838 7847/7847
f 7213/7213 7848/7848 7847/7847
f 7846/7846 7834/7834 7838/7838
f 7846/7846 7838/7838 7849/7849
f 7848/7848 7849/7849 7838/7838
f 7703/7703 7702/7702 6918/6918
f 7849/7849 7703/7703 7846/7846
f 7705/7705 7703/7703 7849/7849
f 7705/7705 7849/7849 7850/7850
f 7705/7705 7850/7850 7851/7851
f 7848/7848 7213/7213 7189/7189
f 7848/7848 7850/7850 7849/7849
f 7850/7850 7848/7848 7188/7188
f 7241/7241 7850/7850 7188/7188
f 7848/7848 7189/7189 7188/7188
f 7844/7844 7845/7845 7212/7212
f 7845/7845 7193/7193 7192/7192
f 7845/7845 7192/7192 7212/7212
f 7844/7844 7212/7212 7213/7213
f 7213/7213 7847/7847 7844/7844
f 7705/7705 6923/6923 7703/7703
f 7852/7852 6449/6449 7430/7430
f 7433/7433 7432/7432 7434/7434
f 7433/7433 7853/7853 7430/7430
f 7434/7434 7853/7853 7433/7433
f 7435/7435 7853/7853 7434/7434
f 7852/7852 7430/7430 7853/7853
f 7852/7852 7853/7853 7854/7854
f 7435/7435 7854/7854 7853/7853
f 7225/7225 6449/6449 7852/7852
f 7855/7855 7436/7436 7856/7856
f 7223/7223 7225/7225 7857/7857
f 7857/7857 7225/7225 7858/7858
f 7852/7852 7854/7854 7860/7860
f 7860/7860 7854/7854 7437/7437
f 7437/7437 7854/7854 7435/7435
f 7860/7860 7437/7437 7855/7855
f 7861/7861 7852/7852 7860/7860
f 7860/7860 7855/7855 7862/7862
f 7861/7861 7863/7863 7852/7852
f 7864/7864 7861/7861 7862/7862
f 7862/7862 7861/7861 7860/7860
f 7855/7855 7437/7437 7436/7436
f 7862/7862 7855/7855 7856/7856
f 7852/7852 7863/7863 7225/7225
f 7225/7225 7863/7863 7858/7858
f 7859/7859 7864/7864 7862/7862
f 7859/7859 7862/7862 7856/7856
f 7865/7865 7436/7436 6456/6456
f 7856/7856 7436/7436 7865/7865
f 7226/7226 7228/7228 7227/7227
f 7857/7857 7226/7226 7223/7223
f 7866/7866 7859/7859 7856/7856
f 7866/7866 7856/7856 7865/7865
f 7857/7857 7228/7228 7226/7226
f 7866/7866 7865/7865 7231/7231
f 7867/7867 7868/7868 7858/7858
f 7858/7858 7868/7868 7857/7857
f 7228/7228 7857/7857 7230/7230
f 7230/7230 7857/7857 7234/7234
f 7234/7234 7857/7857 7869/7869
f 7869/7869 7857/7857 7868/7868
f 7231/7231 7870/7870 7868/7868
f 7868/7868 7867/7867 7231/7231
f 7865/7865 7232/7232 7231/7231
f 7234/7234 7870/7870 7231/7231
f 7231/7231 7233/7233 7234/7234
f 7865/7865 6456/6456 7232/7232
f 7233/7233 7232/7232 7871/7871
f 7232/7232 7872/7872 7871/7871
f 7872/7872 7232/7232 7440/7440
f 7234/7234 7233/7233 7236/7236
f 7233/7233 7871/7871 7236/7236
f 7236/7236 7871/7871 7872/7872
f 7872/7872 7235/7235 7236/7236
f 7873/7873 7874/7874 7872/7872
f 7875/7875 7220/7220 7230/7230
f 7875/7875 7230/7230 7235/7235
f 7875/7875 7235/7235 7874/7874
f 7872/7872 7874/7874 7235/7235
f 7220/7220 7875/7875 7877/7877
f 7220/7220 7877/7877 7878/7878
f 7878/7878 7879/7879 7220/7220
f 7874/7874 7876/7876 7875/7875
f 7850/7850 7241/7241 7851/7851
f 7237/7237 7241/7241 7188/7188
f 7247/7247 7473/7473 7880/7880
f 7247/7247 7880/7880 7248/7248
f 6495/6495 7473/7473 7247/7247
f 7879/7879 7221/7221 7220/7220
f 7258/7258 7221/7221 7879/7879
f 7873/7873 7881/7881 7883/7883
f 7873/7873 7246/7246 7267/7267
f 7881/7881 7873/7873 7267/7267
f 7878/7878 7884/7884 7879/7879
f 7879/7879 7885/7885 7258/7258
f 7885/7885 7879/7879 7886/7886
f 7881/7881 7886/7886 7879/7879
f 7882/7882 7879/7879 7884/7884
f 7260/7260 7259/7259 7887/7887
f 7887/7887 7259/7259 7258/7258
f 7260/7260 7887/7887 7888/7888
f 7887/7887 7258/7258 7885/7885
f 7881/7881 7267/7267 7889/7889
f 7889/7889 7886/7886 7881/7881
f 7885/7885 7890/7890 7887/7887
f 7889/7889 7891/7891 7885/7885
f 7885/7885 7886/7886 7889/7889
f 7891/7891 7889/7889 7267/7267
f 7892/7892 7887/7887 7890/7890
f 7893/7893 7891/7891 7267/7267
f 7880/7880 7274/7274 7248/7248
f 7261/7261 7257/7257 7263/7263
f 7260/7260 7297/7297 7264/7264
f 7888/7888 7297/7297 7260/7260
f 7263/7263 7257/7257 7264/7264
f 7264/7264 7297/7297 7263/7263
f 7894/7894 7248/7248 7274/7274
f 7248/7248 7894/7894 7267/7267
f 7893/7893 7267/7267 7895/7895
f 7268/7268 7270/7270 7272/7272
f 7899/7899 7477/7477 7739/7739
f 7899/7899 7475/7475 7477/7477
f 7742/7742 7899/7899 7739/7739
f 7475/7475 7899/7899 7270/7270
f 7900/7900 7272/7272 7270/7270
f 7900/7900 7270/7270 7899/7899
f 7900/7900 7899/7899 7742/7742
f 7901/7901 7272/7272 7900/7900
f 7736/7736 7900/7900 7742/7742
f 7745/7745 7900/7900 7736/7736
f 7900/7900 7745/7745 7901/7901
f 7901/7901 7902/7902 7273/7273
f 7903/7903 7273/7273 7902/7902
f 7273/7273 7272/7272 7901/7901
f 7273/7273 7903/7903 7300/7300
f 7269/7269 7268/7268 7473/7473
f 7880/7880 7473/7473 7268/7268
f 7274/7274 7880/7880 7268/7268
f 7705/7705 7851/7851 7749/7749
f 7749/7749 7704/7704 7705/7705
f 7279/7279 7851/7851 7277/7277
f 7749/7749 7851/7851 7279/7279
f 7749/7749 7279/7279 6993/6993
f 7241/7241 7277/7277 7851/7851
f 7277/7277 7276/7276 7279/7279
f 7278/7278 7277/7277 7241/7241
f 7888/7888 7298/7298 7297/7297
f 7904/7904 7298/7298 7888/7888
f 7297/7297 7298/7298 7295/7295
f 7894/7894 7905/7905 7906/7906
f 7904/7904 7907/7907 7298/7298
f 7909/7909 7298/7298 7910/7910
f 7908/7908 7910/7910 7905/7905
f 7908/7908 7905/7905 7911/7911
f 7907/7907 7906/7906 7910/7910
f 7910/7910 7906/7906 7905/7905
f 7910/7910 7298/7298 7907/7907
f 7298/7298 7911/7911 7912/7912
f 7298/7298 7909/7909 7911/7911
f 7887/7887 7913/7913 7888/7888
f 7887/7887 7892/7892 7897/7897
f 7887/7887 7896/7896 7913/7913
f 7915/7915 7888/7888 7913/7913
f 7913/7913 7916/7916 7915/7915
f 7916/7916 7913/7913 7266/7266
f 7265/7265 7914/7914 7898/7898
f 7904/7904 7888/7888 7915/7915
f 7915/7915 7919/7919 7904/7904
f 7917/7917 7267/7267 7894/7894
f 7916/7916 7919/7919 7915/7915
f 7918/7918 7917/7917 7894/7894
f 7894/7894 7906/7906 7918/7918
f 7906/7906 7907/7907 7904/7904
f 7906/7906 7904/7904 7919/7919
f 7275/7275 7305/7305 7304/7304
f 7920/7920 7300/7300 7765/7765
f 7921/7921 7300/7300 7920/7920
f 7300/7300 7921/7921 7275/7275
f 7921/7921 7305/7305 7275/7275
f 7765/7765 7901/7901 7745/7745
f 7765/7765 7903/7903 7901/7901
f 7903/7903 7902/7902 7901/7901
f 7765/7765 7300/7300 7903/7903
f 7306/7306 7922/7922 7035/7035
f 7035/7035 7922/7922 7923/7923
f 7922/7922 7924/7924 7923/7923
f 7306/7306 7301/7301 7925/7925
f 7302/7302 7925/7925 7301/7301
f 7925/7925 7302/7302 7921/7921
f 7924/7924 7926/7926 7920/7920
f 7925/7925 7921/7921 7926/7926
f 7926/7926 7921/7921 7920/7920
f 7926/7926 7922/7922 7306/7306
f 7306/7306 7925/7925 7926/7926
f 7924/7924 7922/7922 7926/7926
f 7302/7302 7305/7305 7921/7921
f 7769/7769 7920/7920 7765/7765
f 7923/7923 7770/7770 7035/7035
f 7923/7923 7924/7924 7770/7770
f 7920/7920 7770/7770 7924/7924
f 7769/7769 7770/7770 7920/7920
f 7036/7036 7035/7035 7770/7770
f 7905/7905 7894/7894 7274/7274
f 7275/7275 7905/7905 7274/7274
f 7927/7927 7905/7905 7275/7275
f 7911/7911 7905/7905 7927/7927
f 7912/7912 7296/7296 7298/7298
f 7303/7303 7296/7296 7304/7304
f 7296/7296 7912/7912 7304/7304
f 7927/7927 7304/7304 7912/7912
f 7927/7927 7912/7912 7911/7911
f 7275/7275 7304/7304 7927/7927
f 6496/6496 7245/7245 7440/7440
f 7872/7872 7440/7440 7873/7873
f 7246/7246 7440/7440 7245/7245
f 7873/7873 7440/7440 7246/7246
f 7873/7873 7883/7883 7874/7874
f 7883/7883 7876/7876 7874/7874
f 7878/7878 7876/7876 7883/7883
f 7878/7878 7883/7883 7884/7884
f 7884/7884 7883/7883 7881/7881
f 6309/6309 7316/7316 7327/7327
f 7928/7928 7327/7327 7930/7930
f 7930/7930 7327/7327 7316/7316
f 7319/7319 7318/7318 7317/7317
f 7319/7319 7315/7315 7711/7711
f 7318/7318 7319/7319 7323/7323
f 7323/7323 7319/7319 7711/7711
f 7711/7711 7325/7325 7323/7323
f 7316/7316 7318/7318 7930/7930
f 7930/7930 7318/7318 7323/7323
f 7929/7929 7931/7931 7932/7932
f 7321/7321 7931/7931 7322/7322
f 7364/7364 7932/7932 7931/7931
f 7931/7931 7321/7321 7364/7364
f 7934/7934 7326/7326 7327/7327
f 7934/7934 7328/7328 7326/7326
f 7935/7935 7934/7934 7928/7928
f 7928/7928 7934/7934 7327/7327
f 7935/7935 7328/7328 7934/7934
f 7937/7937 7935/7935 7933/7933
f 7933/7933 7935/7935 7928/7928
f 7938/7938 7328/7328 7935/7935
f 7935/7935 7937/7937 7938/7938
f 7936/7936 7932/7932 7363/7363
f 7932/7932 7364/7364 7363/7363
f 7367/7367 7938/7938 7937/7937
f 7367/7367 7936/7936 7363/7363
f 7939/7939 7328/7328 7938/7938
f 7332/7332 7328/7328 7939/7939
f 7332/7332 7939/7939 7369/7369
f 7938/7938 7367/7367 7939/7939
f 7369/7369 7939/7939 7367/7367
f 7369/7369 7331/7331 7332/7332
f 7361/7361 7346/7346 7344/7344
f 7359/7359 7361/7361 7358/7358
f 7375/7375 7940/7940 7373/7373
f 7940/7940 7334/7334 7331/7331
f 7940/7940 7331/7331 7368/7368
f 7331/7331 7369/7369 7368/7368
f 7373/7373 7940/7940 7368/7368
f 7381/7381 7380/7380 7383/7383
f 7940/7940 7375/7375 7386/7386
f 7940/7940 7386/7386 7334/7334
f 7379/7379 7386/7386 7375/7375
f 7383/7383 7388/7388 7387/7387
f 7387/7387 7381/7381 7383/7383
f 5093/5093 7393/7393 5117/5117
f 5093/5093 7397/7397 7393/7393
f 7393/7393 7397/7397 7392/7392
f 7411/7411 7410/7410 7406/7406
f 7410/7410 7411/7411 7453/7453
f 7454/7454 7446/7446 7453/7453
f 7451/7451 7457/7457 7456/7456
f 7452/7452 7451/7451 7456/7456
f 7457/7457 7462/7462 7459/7459
f 7344/7344 7345/7345 7343/7343
f 7345/7345 7467/7467 7343/7343
f 6173/6173 7941/7941 6088/6088
f 6088/6088 7941/7941 7479/7479
f 7481/7481 7941/7941 6173/6173
f 6091/6091 7481/7481 6173/6173
f 7485/7485 7482/7482 7483/7483
f 7483/7483 7479/7479 7941/7941
f 7481/7481 7483/7483 7941/7941
f 7481/7481 7485/7485 7483/7483
f 7486/7486 7485/7485 7481/7481
f 7486/7486 7481/7481 6523/6523
f 7485/7485 7942/7942 7484/7484
f 7494/7494 7484/7484 7942/7942
f 7943/7943 7494/7494 7942/7942
f 7486/7486 7942/7942 7485/7485
f 7944/7944 7943/7943 7942/7942
f 7944/7944 7942/7942 7486/7486
f 7943/7943 7495/7495 7494/7494
f 7943/7943 7945/7945 7495/7495
f 7943/7943 7944/7944 7946/7946
f 7946/7946 7945/7945 7943/7943
f 7496/7496 7947/7947 7308/7308
f 7945/7945 7948/7948 7495/7495
f 7495/7495 7948/7948 7496/7496
f 7503/7503 7948/7948 7945/7945
f 7503/7503 7945/7945 7946/7946
f 7948/7948 7503/7503 7949/7949
f 7949/7949 7503/7503 7499/7499
f 7948/7948 7950/7950 7496/7496
f 7496/7496 7950/7950 7951/7951
f 7951/7951 7947/7947 7496/7496
f 7948/7948 7949/7949 7950/7950
f 7486/7486 7487/7487 7944/7944
f 7944/7944 7487/7487 7501/7501
f 7944/7944 7501/7501 7504/7504
f 7504/7504 7946/7946 7944/7944
f 7946/7946 7504/7504 7503/7503
f 7498/7498 7951/7951 7950/7950
f 7950/7950 7949/7949 7499/7499
f 7499/7499 7498/7498 7950/7950
f 7502/7502 7499/7499 7501/7501
f 7499/7499 7504/7504 7501/7501
f 7308/7308 7947/7947 7505/7505
f 7947/7947 7951/7951 7509/7509
f 7509/7509 7951/7951 7498/7498
f 7508/7508 7505/7505 7509/7509
f 7509/7509 7505/7505 7947/7947
f 7497/7497 7509/7509 7498/7498
f 7509/7509 7497/7497 7506/7506
f 7952/7952 7505/7505 7508/7508
f 7952/7952 7512/7512 7505/7505
f 7512/7512 7952/7952 7518/7518
f 7952/7952 7506/7506 7518/7518
f 7506/7506 7953/7953 7518/7518
f 7952/7952 7507/7507 7506/7506
f 7953/7953 7506/7506 7497/7497
f 7510/7510 7954/7954 7516/7516
f 7517/7517 7510/7510 7516/7516
f 7497/7497 7510/7510 7953/7953
f 7517/7517 7515/7515 7518/7518
f 7953/7953 7510/7510 7518/7518
f 7510/7510 7517/7517 7518/7518
f 7540/7540 7546/7546 7539/7539
f 7546/7546 7956/7956 7541/7541
f 7542/7542 7541/7541 7956/7956
f 6182/6182 6123/6123 6178/6178
f 6182/6182 6181/6181 7549/7549
f 7549/7549 7540/7540 6182/6182
f 7549/7549 7548/7548 7540/7540
f 6182/6182 7538/7538 6123/6123
f 6182/6182 7540/7540 7538/7538
f 7546/7546 7540/7540 7551/7551
f 7551/7551 7540/7540 7548/7548
f 6181/6181 6180/6180 7552/7552
f 7557/7557 7552/7552 6143/6143
f 7552/7552 6180/6180 6143/6143
f 6143/6143 6145/6145 7557/7557
f 7553/7553 7552/7552 7557/7557
f 7553/7553 7557/7557 7559/7559
f 7569/7569 7580/7580 7551/7551
f 7580/7580 7546/7546 7551/7551
f 7580/7580 7956/7956 7546/7546
f 7580/7580 7569/7569 7572/7572
f 7587/7587 7957/7957 7578/7578
f 7579/7579 7956/7956 7580/7580
f 7629/7629 7957/7957 7587/7587
f 7584/7584 7587/7587 7958/7958
f 7587/7587 7578/7578 7958/7958
f 7577/7577 7576/7576 7960/7960
f 7576/7576 7582/7582 7960/7960
f 7581/7581 7586/7586 7959/7959
f 7961/7961 7609/7609 7543/7543
f 7609/7609 7605/7605 7543/7543
f 7543/7543 7957/7957 7961/7961
f 7961/7961 7957/7957 7629/7629
f 7609/7609 7607/7607 7605/7605
f 7614/7614 7607/7607 7609/7609
f 7610/7610 7609/7609 7961/7961
f 7961/7961 7629/7629 7610/7610
f 7608/7608 7614/7614 7609/7609
f 7622/7622 7613/7613 7615/7615
f 7622/7622 7625/7625 7613/7613
f 7623/7623 7614/7614 7616/7616
f 7623/7623 7615/7615 7614/7614
f 7619/7619 7623/7623 7962/7962
f 7623/7623 7616/7616 7962/7962
f 7617/7617 7618/7618 7962/7962
f 7618/7618 7619/7619 7962/7962
f 7622/7622 7615/7615 7623/7623
f 7667/7667 7659/7659 6869/6869
f 7659/7659 7667/7667 7655/7655
f 7667/7667 7665/7665 7655/7655
f 7660/7660 7667/7667 6869/6869
f 7667/7667 7666/7666 7665/7665
f 7667/7667 7660/7660 7668/7668
f 7706/7706 7514/7514 7516/7516
f 7706/7706 7516/7516 7954/7954
f 7708/7708 7706/7706 7954/7954
f 7510/7510 7710/7710 7708/7708
f 7510/7510 7520/7520 7710/7710
f 7955/7955 7511/7511 7707/7707
f 7708/7708 7710/7710 7709/7709
f 7315/7315 7709/7709 7711/7711
f 7709/7709 7710/7710 7711/7711
f 7727/7727 7726/7726 7729/7729
f 7752/7752 7724/7724 7753/7753
f 7784/7784 7722/7722 7782/7782
f 7722/7722 7613/7613 7782/7782
f 7726/7726 7720/7720 7722/7722
f 7793/7793 7726/7726 7722/7722
f 7796/7796 7726/7726 7793/7793
f 7793/7793 7722/7722 7784/7784
