usemtl material_0
v -0.04501 0.0076075 -0.08917
v -0.042241 0.0070855 -0.091506
v -0.044219 0.0049215 -0.090374
v -0.045772 0.0047965 -0.088642
v -0.047163 0.0008445 -0.086755
v -0.046449 0.0052125 -0.087537
v -0.045855 0.0020885 -0.088986
v -0.045044 0.0010155 -0.089987
v -0.047539 -0.0023855 -0.085904
v -0.046342 -0.0009865 -0.0882
v -0.04548 -0.0024745 -0.089056
v -0.046824 -0.0038545 -0.087157
v -0.045824 -0.0047195 -0.08871
v -0.04803 -0.0055855 -0.084073
v -0.047336 -0.0071745 -0.085796
v -0.046965 -0.0125455 -0.084915
v -0.046334 -0.0098445 -0.087184
v -0.047761 -0.0105375 -0.082962
v -0.043699 -0.0039475 -0.090649
v -0.043699 -0.0039475 -0.090649
v -0.041619 -0.0053695 -0.091861
v -0.043973 -0.0064975 -0.0902
v -0.043973 -0.0064975 -0.0902
v -0.044732 -0.0102335 -0.089037
v -0.044732 -0.0102335 -0.089037
v -0.045306 -0.0085285 -0.08889
v -0.043974 -0.0108325 -0.089216
v -0.04429 -0.0121475 -0.088713
v -0.04429 -0.0121475 -0.088713
v -0.04255 -0.0084815 -0.09099
v -0.042068 -0.0090695 -0.090988
v -0.042968 -0.0100825 -0.089903
v -0.046077 -0.0142475 -0.08614
v -0.044709 -0.0136855 -0.087821
v -0.043393 -0.0113195 -0.089012
v -0.043772 -0.0144195 -0.088285
v -0.043772 -0.0144195 -0.088285
v -0.042967 -0.0127495 -0.088742
v -0.045064 -0.0157605 -0.08704
v -0.043149 -0.0156915 -0.088467
v -0.043149 -0.0156915 -0.088467
v -0.042923 -0.0174115 -0.088056
v -0.042923 -0.0174115 -0.088056
v -0.045175 -0.0172725 -0.086499
v -0.043357 -0.0197595 -0.087325
v -0.043357 -0.0197595 -0.087325
v -0.040567 -0.0179385 -0.088717
v -0.041066 -0.0200435 -0.08835
v -0.045932 -0.0180665 -0.084449
v -0.047089 -0.0147225 -0.08248
v -0.045979 -0.0187545 -0.082922
v -0.046073 -0.0184215 -0.077832
v -0.03782 -0.0055635 -0.0892
v -0.037665 -0.0093305 -0.088705
v -0.038588 -0.0086055 -0.08981
v -0.036755 -0.0088925 -0.088437
v -0.036937 -0.0099885 -0.088112
v -0.030414 -0.0217025 -0.090521
v -0.031521 -0.0242925 -0.090927
v -0.03201 -0.0224165 -0.090101
v -0.03086 -0.0211905 -0.089853
v -0.033574 -0.0223675 -0.087961
v -0.033062 -0.0208115 -0.08768
v -0.03139 -0.0199185 -0.088026
v -0.031714 -0.0214285 -0.088974
v -0.02899 -0.0197545 -0.0904
v -0.028197 -0.0208335 -0.091079
v -0.045403 0.0223465 -0.081364
v -0.045144 0.0225835 -0.083312
v -0.046321 0.0193355 -0.083202
v -0.047205 0.0153525 -0.079167
v -0.046492 0.0189105 -0.079101
v -0.046887 0.0171545 -0.082847
v -0.043363 0.0262965 -0.082214
v -0.043906 0.0249155 -0.075057
v -0.045126 0.0223415 -0.074784
v -0.042198 0.0274685 -0.073956
v -0.046255 0.0185805 -0.072239
v -0.042998 0.0257095 -0.068543
v -0.044628 0.0223125 -0.067218
v -0.045566 0.0194965 -0.066515
v -0.041332 0.0276115 -0.064446
v -0.039414 0.0302305 -0.068446
v -0.039611 0.0292275 -0.060689
v -0.043263 0.0240645 -0.061942
v -0.0479 0.0100065 -0.077552
v -0.047342 0.0123805 -0.070872
v -0.04781 0.0081155 -0.070996
v -0.048141 0.0053225 -0.073336
v -0.046478 0.0157775 -0.066262
v -0.047627 0.0073815 -0.067705
v -0.047541 0.0057915 -0.064235
v -0.047115 0.0103225 -0.063769
v -0.045342 0.0174735 -0.058277
v -0.046206 0.0152105 -0.062303
v -0.044365 0.0213915 -0.060376
v -0.046367 0.0118245 -0.057975
v -0.046993 0.0084605 -0.061528
v -0.047129 0.0062505 -0.059899
v -0.048216 0.0009425 -0.070215
v -0.047792 0.0004235 -0.063745
v -0.047901 -0.0030865 -0.066989
v -0.047342 0.0030075 -0.060371
v -0.047497 0.0020705 -0.062492
v -0.047745 -0.0002845 -0.062406
v -0.047408 -0.0053995 -0.062561
v -0.047299 -0.0035295 -0.06024
v -0.047007 0.0029755 -0.057424
v -0.047179 0.0004165 -0.056527
v -0.046775 0.0066875 -0.056923
v -0.046686 0.0006215 -0.051682
v -0.046972 -0.0042825 -0.057151
v -0.04582 -0.0063435 -0.048374
v -0.038236 0.0308045 -0.085707
v -0.036225 0.0292135 -0.088701
v -0.039549 0.0285775 -0.086411
v -0.036211 0.0316555 -0.087127
v -0.032783 0.0351065 -0.084522
v -0.034242 0.0340485 -0.085161
v -0.03466 0.0344415 -0.083001
v -0.037124 0.0323715 -0.084494
v -0.039723 0.0304075 -0.083897
v -0.0391 0.0312255 -0.08263
v -0.037566 0.0325685 -0.082386
v -0.031048 0.0334995 -0.088407
v -0.032316 0.0317905 -0.089232
v -0.033112 0.0330545 -0.087731
v -0.03502 0.0310375 -0.088539
v -0.034299 0.0302795 -0.089209
v -0.035036 0.0282175 -0.08898
v -0.037309 0.0279725 -0.088469
v -0.034274 0.0285495 -0.08937
v -0.032779 0.0276835 -0.090055
v -0.033286 0.0262765 -0.089739
v -0.034226 0.0322855 -0.087646
v -0.029271 0.0332235 -0.089279
v -0.027935 0.0317195 -0.089822
v -0.026928 0.0341385 -0.089125
v -0.028919 0.0286845 -0.090483
v -0.030015 0.0267875 -0.090618
v -0.031399 0.0344815 -0.086927
v -0.029653 0.0360075 -0.085423
v -0.029173 0.0344655 -0.088164
v -0.027382 0.0357855 -0.087125
v -0.038515 0.0254015 -0.088246
v -0.040536 0.0229715 -0.088093
v -0.039513 0.0266105 -0.087518
v -0.040751 0.0256805 -0.087221
v -0.0429 0.0228315 -0.086946
v -0.040436 0.0213785 -0.088385
v -0.042802 0.0201315 -0.08759
v -0.044143 0.0148925 -0.08834
v -0.046147 0.0144585 -0.0864
v -0.045733 0.0163715 -0.086362
v -0.043213 0.0176085 -0.088146
v -0.043822 0.0144125 -0.088601
v -0.04503 0.0131065 -0.088201
v -0.043181 0.0244475 -0.0858
v -0.044271 0.0209955 -0.086528
v -0.045205 0.0209145 -0.085009
v -0.045754 0.0185905 -0.085439
v -0.044651 0.0182605 -0.086887
v -0.046863 0.0146145 -0.085002
v -0.047547 0.0134155 -0.082862
v -0.042052 0.0191755 -0.088456
v -0.042595 0.0166475 -0.088613
v -0.04099 0.0285095 -0.084833
v -0.040619 0.0274665 -0.086402
v -0.043146 0.0259195 -0.08416
v -0.041176 0.0291755 -0.082985
v -0.042732 0.0247415 -0.086138
v -0.037921 0.0244385 -0.088231
v -0.040738 0.0296725 -0.080409
v -0.041382 0.0287255 -0.076704
v -0.036612 0.0271655 -0.088489
v -0.034339 0.0264765 -0.08859
v -0.033251 0.0247245 -0.087838
v -0.034893 0.0260095 -0.08776
v -0.035455 0.0262355 -0.087744
v -0.034356 0.0254255 -0.087529
v -0.032476 0.0249025 -0.089184
v -0.031598 0.0248455 -0.089725
v -0.030688 0.0236355 -0.089574
v -0.031385 0.0224065 -0.087402
v -0.025158 0.0346775 -0.088971
v -0.023021 0.0356435 -0.088518
v -0.024007 0.0344495 -0.089376
v -0.025033 0.0366405 -0.0864
v -0.023334 0.0369715 -0.086273
v -0.021759 0.0354015 -0.088882
v -0.021961 0.0345125 -0.089396
v -0.019684 0.0352735 -0.089238
v -0.017439 0.0364455 -0.088392
v -0.02034 0.0339385 -0.089544
v -0.018814 0.0338825 -0.089547
v -0.01738 0.0325625 -0.090298
v -0.026239 0.0301765 -0.09019
v -0.024237 0.0314855 -0.090178
v -0.025518 0.0290695 -0.090665
v -0.022251 0.0299675 -0.090788
v -0.021905 0.0286375 -0.091327
v -0.01977 0.0295305 -0.091194
v -0.02541 0.0336255 -0.089409
v -0.018653 0.0308295 -0.090789
v -0.017103 0.0347105 -0.089453
v -0.015396 0.0357365 -0.089254
v -0.012578 0.0311195 -0.091015
v -0.014939 0.0329085 -0.09014
v -0.012186 0.0338955 -0.089982
v -0.016583 0.0310505 -0.090672
v -0.016969 0.0295965 -0.091657
v -0.015491 0.0298065 -0.091478
v -0.035587 0.0338505 -0.077515
v -0.039238 0.0309525 -0.075672
v -0.032382 0.0355005 -0.074477
v -0.03547 0.0336085 -0.070104
v -0.037507 0.0322075 -0.072425
v -0.026839 0.0369855 -0.084902
v -0.028718 0.0369595 -0.08321
v -0.02521 0.0377225 -0.08293
v -0.024309 0.0374685 -0.084578
v -0.025122 0.0377105 -0.078055
v -0.02179 0.0381835 -0.083031
v -0.031921 0.0358145 -0.082982
v -0.030369 0.0363915 -0.07938
v -0.028425 0.0370095 -0.076511
v -0.029959 0.0364215 -0.071893
v -0.032405 0.0352595 -0.06799
v -0.029207 0.0364905 -0.066379
v -0.022019 0.0381665 -0.076116
v -0.026824 0.0373075 -0.070719
v -0.022648 0.0380205 -0.068153
v -0.037301 0.0318055 -0.064132
v -0.021722 0.0378195 -0.085004
v -0.020227 0.0370575 -0.087103
v -0.02326 0.0379725 -0.083379
v -0.019132 0.0380035 -0.085428
v -0.020297 0.0378585 -0.084957
v -0.017242 0.0378135 -0.086162
v -0.018433 0.0386695 -0.079225
v -0.01842 0.0385745 -0.083892
v -0.015601 0.0380635 -0.086239
v -0.015603 0.0389635 -0.083082
v -0.014127 0.0390545 -0.078494
v -0.01601 0.0386155 -0.084386
v -0.012196 0.0384305 -0.086103
v -0.013325 0.0364655 -0.088906
v -0.010247 0.0376305 -0.08762
v -0.010277 0.0368635 -0.088667
v -0.008606 0.0357725 -0.0896
v -0.01402 0.0389385 -0.084278
v -0.007872 0.0387495 -0.085833
v -0.010232 0.0392865 -0.084199
v -0.014501 0.0390365 -0.075118
v -0.016869 0.0388165 -0.072733
v -0.010709 0.0393185 -0.082121
v -0.00826 0.0393775 -0.083463
v -0.008343 0.0394855 -0.077352
v -0.004804 0.0394325 -0.081261
v -0.04666 0.0120795 -0.086032
v -0.046342 0.0092545 -0.087439
v -0.045015 0.0113165 -0.088789
v -0.047426 0.0089885 -0.085535
v -0.047559 0.0056945 -0.085132
v -0.046107 0.0089785 -0.087875
v -0.043086 0.0115795 -0.090094
v -0.041828 0.0109135 -0.091145
v -0.044223 0.0126475 -0.089154
v -0.042171 0.0121185 -0.090184
v -0.040852 0.0126845 -0.088781
v -0.042925 0.0128635 -0.089126
v -0.047845 0.0113155 -0.083033
v -0.047733 0.0098105 -0.083745
v -0.04815 0.0064765 -0.082545
v -0.048291 0.0010445 -0.083645
v -0.048427 0.0016445 -0.080836
v -0.041207 0.0117745 -0.090938
v -0.041417 0.0088865 -0.09169
v -0.041417 0.0088865 -0.09169
v -0.048241 -0.0052595 -0.082982
v -0.048216 -0.0050555 -0.078074
v -0.047704 -0.0090645 -0.072581
v -0.046545 -0.0159415 -0.072562
v -0.04808 -0.0031355 -0.071543
v -0.047063 -0.0112895 -0.067449
v -0.04742 -0.0075565 -0.065913
v -0.04662 -0.0095275 -0.059201
v -0.036821 0.0314865 -0.056658
v -0.039833 0.0283275 -0.055999
v -0.042297 0.0247275 -0.056192
v -0.037115 0.0304895 -0.051102
v -0.038461 0.0289345 -0.049997
v -0.041179 0.0243605 -0.046357
v -0.038833 0.0274405 -0.04376
v -0.033646 0.0330225 -0.048003
v -0.03456 0.0328215 -0.05181
v -0.036027 0.0305245 -0.0434
v -0.034268 0.0320355 -0.043586
v -0.034933 0.0308105 -0.038553
v -0.032372 0.0333195 -0.041552
v -0.037081 0.0282555 -0.035773
v -0.032589 0.0327455 -0.038343
v -0.032449 0.0323805 -0.033845
v -0.030642 0.0339965 -0.036318
v -0.035447 0.0295895 -0.032559
v -0.029461 0.0345405 -0.034805
v -0.043024 0.0214545 -0.049753
v -0.043418 0.0174485 -0.042655
v -0.044839 0.0137985 -0.047497
v -0.045595 0.0078895 -0.046728
v -0.044684 0.0114865 -0.043284
v -0.045835 -0.0001575 -0.044198
v -0.044426 0.0077895 -0.0372
v -0.044893 0.0008355 -0.03652
v -0.044952 -0.0039875 -0.039584
v -0.041059 0.0220645 -0.03728
v -0.041785 0.0193525 -0.034476
v -0.038874 0.0251975 -0.033114
v -0.039805 0.0228665 -0.030338
v -0.037448 0.0262135 -0.026729
v -0.041296 0.0177995 -0.027033
v -0.043497 0.0110325 -0.033077
v -0.042442 0.0123325 -0.026411
v -0.03976 0.0212405 -0.023796
v -0.043617 0.0069265 -0.029853
v -0.043642 0.0005605 -0.025959
v -0.043108 0.0054005 -0.023717
v -0.042505 0.0083855 -0.020847
v -0.027092 0.0371165 -0.064356
v -0.025421 0.0374055 -0.063002
v -0.028914 0.0364585 -0.061177
v -0.022376 0.0378655 -0.061245
v -0.017519 0.0387215 -0.066868
v -0.028512 0.0364855 -0.057356
v -0.023058 0.0377115 -0.055672
v -0.018157 0.0385395 -0.058804
v -0.033413 0.0344625 -0.062873
v -0.035434 0.0329625 -0.060782
v -0.032614 0.0346645 -0.058751
v -0.033748 0.0336625 -0.055338
v -0.031406 0.0350015 -0.056195
v -0.032093 0.0342635 -0.050634
v -0.030869 0.0350835 -0.052666
v -0.029891 0.0351955 -0.047191
v -0.027127 0.0366245 -0.053551
v -0.027822 0.0362295 -0.049463
v -0.013438 0.0391235 -0.06805
v -0.013792 0.0390625 -0.062203
v -0.01034 0.0393635 -0.071307
v -0.007198 0.0394485 -0.073497
v -0.003605 0.0395185 -0.075869
v -0.007931 0.0394825 -0.067324
v -0.004367 0.0395955 -0.070949
v -0.011469 0.0393445 -0.064547
v -0.012241 0.0391565 -0.057689
v -0.008154 0.0393885 -0.062325
v -0.003522 0.0395915 -0.061164
v -0.001529 0.0395885 -0.067261
v -0.008102 0.0394505 -0.060421
v -0.008919 0.0395055 -0.059195
v -0.016539 0.0386635 -0.054511
v -0.020382 0.0379935 -0.049784
v -0.016245 0.0385795 -0.051244
v -0.031448 0.0343335 -0.046254
v -0.026065 0.0367315 -0.047763
v -0.024796 0.0371365 -0.047435
v -0.027249 0.0362695 -0.045514
v -0.027371 0.0360525 -0.042606
v -0.029661 0.0348285 -0.040475
v -0.027079 0.0360065 -0.039009
v -0.024689 0.0369315 -0.041054
v -0.01977 0.0378825 -0.04224
v -0.02447 0.0366975 -0.034822
v -0.022627 0.0373335 -0.038382
v -0.025812 0.0360885 -0.031993
v -0.016071 0.0384795 -0.046532
v -0.016825 0.0381865 -0.039062
v -0.01432 0.0385415 -0.043074
v -0.011711 0.0391285 -0.054561
v -0.008725 0.0393325 -0.05587
v -0.011946 0.0389875 -0.051775
v -0.011999 0.0389365 -0.048794
v -0.010878 0.0391745 -0.052189
v -0.008609 0.0392045 -0.051851
v -0.005778 0.0394555 -0.055454
v -0.002842 0.0393965 -0.052317
v -0.011638 0.0389045 -0.046311
v -0.011558 0.0388535 -0.047738
v -0.007849 0.0392145 -0.048496
v -0.011475 0.0388295 -0.042389
v -0.010428 0.0388455 -0.044447
v -0.006769 0.0390455 -0.042094
v -0.000413 0.0392815 -0.04683
v -0.033863 0.0305335 -0.027743
v -0.032954 0.0314035 -0.029726
v -0.031789 0.0322255 -0.02604
v -0.030007 0.0337505 -0.028718
v -0.028787 0.0346795 -0.032125
v -0.028702 0.0344075 -0.026055
v -0.029389 0.0337045 -0.021786
v -0.025517 0.0358625 -0.021913
v -0.026666 0.0353605 -0.025326
v -0.027098 0.0348525 -0.016623
v -0.023911 0.0362585 -0.012792
v -0.025666 0.0355725 -0.01581
v -0.025762 0.0353785 -0.011838
v -0.038352 0.0232605 -0.019366
v -0.038019 0.0248705 -0.024498
v -0.036243 0.0272335 -0.02244
v -0.035547 0.0288255 -0.027354
v -0.034273 0.0295715 -0.022075
v -0.036314 0.0260155 -0.014695
v -0.037794 0.0232245 -0.0136
v -0.039248 0.0194045 -0.012178
v -0.035176 0.0280815 -0.018111
v -0.033862 0.0292955 -0.014903
v -0.031188 0.0322585 -0.020826
v -0.032686 0.0307715 -0.019003
v -0.031729 0.0315615 -0.016748
v -0.030345 0.0325145 -0.013962
v -0.040518 0.0173005 -0.0186
v -0.041122 0.0120545 -0.013447
v -0.040557 0.0149945 -0.014173
v -0.042383 0.0003315 -0.013214
v -0.041259 0.0083895 -0.007952
v -0.042018 0.0048365 -0.01222
v -0.039968 0.0155105 -0.008882
v -0.034016 0.0286195 -0.010354
v -0.034727 0.0268355 -0.003839
v -0.037916 0.0214525 -0.006504
v -0.036577 0.0237905 -0.004122
v -0.032872 0.0291045 -0.00246
v -0.030711 0.0318565 -0.009054
v -0.02823 0.0338285 -0.010199
v -0.029508 0.0324835 -0.003811
v -0.035109 0.0250735 0.004869
v -0.026333 0.0348455 -0.007093
v -0.023259 0.0363235 -0.009208
v -0.023264 0.0360065 0.001162
v -0.020766 0.0372005 -0.008275
v -0.020424 0.0369635 0.004665
v -0.03902 0.0179905 -0.005651
v -0.038757 0.0167585 0.001386
v -0.037671 0.0203155 0.001759
v -0.039909 0.0129055 -0.002046
v -0.040014 0.0113165 -9.1e-05
v -0.040483 0.0089965 0.000844
v -0.041095 0.0054045 -0.001754
v -0.037677 0.0191625 0.007976
v -0.036283 0.0225095 0.008982
v -0.039344 0.0140195 0.002255
v -0.039338 0.0140795 0.00416
v -0.039821 0.0123435 0.002669
v -0.039496 0.0127385 0.006478
v -0.038502 0.0164505 0.008513
v -0.020899 0.0375565 -0.035464
v -0.021216 0.0374495 -0.032651
v -0.021687 0.0373055 -0.028779
v -0.018997 0.0378105 -0.028775
v -0.018755 0.0376855 -0.031297
v -0.027138 0.0353995 -0.028441
v -0.024368 0.0365025 -0.029077
v -0.025378 0.0359925 -0.029162
v -0.02531 0.0361505 -0.026006
v -0.018561 0.0378045 -0.036188
v -0.009593 0.0388215 -0.035258
v -0.011758 0.0386835 -0.039906
v -0.017199 0.0380995 -0.034868
v -0.015762 0.0381675 -0.031889
v -0.02323 0.0367775 -0.02546
v -0.0197 0.0376335 -0.023704
v -0.021935 0.0371415 -0.022174
v -0.013802 0.0383955 -0.024398
v -0.011084 0.0386265 -0.027849
v -0.002757 0.0390845 -0.037123
v -0.005793 0.0389605 -0.036801
v 0.004981 0.0390345 -0.039483
v 0.001202 0.0389895 -0.035977
v 0.00436 0.0390055 -0.03534
v -0.007367 0.0388655 -0.030927
v -0.003877 0.0390395 -0.033431
v -0.007729 0.0387775 -0.024913
v -0.003596 0.0389815 -0.026863
v -0.004727 0.0390135 -0.030428
v -0.003561 0.0391405 -0.031984
v 0.00029 0.0389995 -0.032158
v 0.002782 0.0389695 -0.027399
v 0.002545 0.0391015 -0.032202
v -0.023516 0.0365425 -0.018715
v -0.020411 0.0374045 -0.017691
v -0.02235 0.0368715 -0.01467
v -0.01673 0.0379805 -0.017976
v -0.020104 0.0374625 -0.012084
v -0.017881 0.0379215 -0.015058
v -0.010796 0.0386895 -0.017713
v -0.015163 0.0382535 -0.013475
v -0.016588 0.0380605 -0.008954
v -0.016397 0.0379925 0.004416
v -0.009254 0.0388415 -0.009854
v -0.010959 0.0386745 -0.004337
v -0.006146 0.0389395 -0.018556
v -0.005014 0.0389735 -0.007792
v -0.005326 0.0389415 -0.025096
v -0.001796 0.0389675 -0.019577
v 0.000339 0.0390155 -0.018957
v 0.004287 0.0389925 -0.016265
v 0.008378 0.0387405 -0.024944
v -0.044009 0.0023785 -0.090628
v -0.040154 0.0099115 -0.091378
v -0.040534 0.0071515 -0.091763
v -0.042475 -0.0003555 -0.091786
v -0.042475 -0.0003555 -0.091786
v -0.04149 0.0007465 -0.091902
v -0.040389 0.0023225 -0.091672
v -0.0386 0.0053205 -0.090553
v -0.038561 0.0014875 -0.090297
v -0.040784 -0.0029775 -0.091843
v -0.037673 0.0009185 -0.089898
v -0.038234 -0.0006925 -0.089834
v -0.040524 -0.0054725 -0.091691
v -0.037219 -0.0045765 -0.089075
v -0.041442 -0.0079425 -0.091446
v -0.040525 -0.0073685 -0.091397
v -0.040883 -0.0091215 -0.090891
v -0.039968 -0.0096375 -0.090077
v -0.041377 -0.0097875 -0.09068
v -0.041753 -0.0109335 -0.089031
v -0.041384 -0.0115975 -0.088297
v -0.039789 -0.0107825 -0.088085
v -0.039852 -0.0116115 -0.087727
v -0.041111 -0.0142805 -0.088679
v -0.033413 -0.0031855 -0.089685
v -0.038603 -0.0105765 -0.087865
v -0.037979 -0.0110135 -0.087709
v -0.03793 -0.0143195 -0.08803
v -0.036388 -0.0136145 -0.088021
v -0.02982 -0.0133595 -0.088723
v -0.039559 -0.0204005 -0.088577
v -0.039241 -0.0172835 -0.088601
v -0.036313 -0.0159045 -0.087882
v -0.03258 -0.0144615 -0.088439
v -0.034332 -0.0184315 -0.087612
v -0.036408 -0.0181275 -0.087798
v -0.029053 -0.0149265 -0.088615
v -0.02469 -0.0144035 -0.090194
v -0.024509 -0.0150495 -0.090781
v -0.025437 -0.0148345 -0.089458
v -0.029143 -0.0222215 -0.09116
v -0.025825 -0.0228525 -0.091239
v -0.029926 -0.0251625 -0.091034
v -0.026298 -0.0211155 -0.091142
v -0.031564 -0.0166255 -0.087964
v -0.03058 -0.0184005 -0.088014
v -0.029933 -0.0186915 -0.088286
v -0.027287 -0.0178245 -0.090578
v -0.028764 -0.0177215 -0.08882
v -0.025907 -0.0169425 -0.090831
v -0.025525 -0.0176035 -0.091403
v -0.027224 -0.0189085 -0.091098
v -0.027964 -0.0163185 -0.088716
v -0.026102 -0.0139715 -0.088891
v -0.027054 -0.0163055 -0.08927
v -0.024471 -0.0173365 -0.091626
v -0.038837 0.0227225 -0.088335
v -0.040105 0.0196275 -0.088853
v -0.037965 0.0227205 -0.088304
v -0.042894 0.0145735 -0.088559
v -0.043154 0.0135035 -0.088839
v -0.042208 0.0152405 -0.088436
v -0.039872 0.0183905 -0.088851
v -0.04153 0.0135395 -0.087686
v -0.03996 0.0155165 -0.088231
v -0.041169 0.0141775 -0.087718
v -0.036565 0.0229775 -0.087876
v -0.035307 0.0195995 -0.088373
v -0.03887 0.0126815 -0.088013
v -0.037719 0.0125155 -0.088455
v -0.035561 0.0123985 -0.089799
v -0.037523 0.0113755 -0.090394
v -0.03679 0.0110635 -0.090488
v -0.036069 0.0149475 -0.088127
v -0.038426 0.0139415 -0.087799
v -0.039583 0.0135655 -0.087534
v -0.038499 0.0131525 -0.08783
v -0.033845 0.0177605 -0.088355
v -0.033087 0.0157565 -0.088337
v -0.031611 0.0170295 -0.088101
v -0.03418 0.0137385 -0.088727
v -0.034785 0.0142305 -0.088378
v -0.033652 0.0131295 -0.089644
v -0.031982 0.0132035 -0.089532
v -0.031843 0.0147605 -0.088611
v -0.035 0.0252865 -0.087477
v -0.033535 0.0239865 -0.087267
v -0.03463 0.0224795 -0.087204
v -0.032683 0.0226615 -0.087029
v -0.034415 0.0215385 -0.0873
v -0.030742 0.0258535 -0.090416
v -0.028517 0.0222555 -0.090226
v -0.03354 0.0213365 -0.087172
v -0.030937 0.0200885 -0.087419
v -0.029436 0.0205705 -0.088126
v -0.031155 0.0185755 -0.087623
v -0.023899 0.0261885 -0.091129
v -0.025365 0.0247175 -0.09094
v -0.020692 0.0272925 -0.091569
v -0.018891 0.0279645 -0.091681
v -0.017705 0.0289655 -0.091822
v -0.014101 0.0249085 -0.091789
v -0.015137 0.0221715 -0.09155
v -0.017367 0.0251335 -0.091354
v -0.015161 0.0288645 -0.091792
v -0.013058 0.0300915 -0.091628
v -0.008007 0.0288915 -0.092488
v -0.02705 0.0089175 -0.088529
v -0.030924 0.0154615 -0.088539
v -0.02801 0.0170625 -0.088257
v -0.031012 0.0143275 -0.089117
v -0.029247 0.0146865 -0.08902
v -0.026522 0.0152255 -0.088479
v -0.025908 0.0095455 -0.088669
v -0.02572 0.0168075 -0.088616
v -0.024972 0.0121995 -0.089218
v -0.023549 0.0161685 -0.090282
v -0.023665 0.0071605 -0.090388
v -0.02039 0.0174835 -0.091571
v -0.02018 0.0140625 -0.09167
v -0.02133 0.0171745 -0.091284
v -0.018769 0.0184215 -0.091692
v -0.011089 0.0005625 -0.092281
v -0.020108 0.0021365 -0.091707
v -0.027382 0.0235715 -0.090825
v -0.028631 0.0216425 -0.089752
v -0.030128 0.0205495 -0.0877
v -0.027532 0.0205065 -0.089468
v -0.026209 0.0210955 -0.090555
v -0.027774 0.0189715 -0.088363
v -0.02674 0.0193865 -0.089617
v -0.022578 0.0216915 -0.090924
v -0.02142 0.0228475 -0.091126
v -0.025657 0.0187835 -0.090283
v -0.026299 0.0181325 -0.088762
v -0.025132 0.0225155 -0.090838
v -0.023621 0.0180685 -0.090812
v -0.024783 0.0164485 -0.089204
v -0.026762 0.0173105 -0.08827
v -0.028585 0.0188215 -0.088086
v -0.017974 0.0216845 -0.091239
v -0.022125 0.0191285 -0.091081
v -0.015619 0.0198835 -0.092008
v -0.04019 0.0120365 -0.089685
v -0.039917 0.0109905 -0.09072
v -0.03907 0.0115235 -0.089812
v -0.038987 0.0106415 -0.090744
v -0.039057 0.0093275 -0.090921
v -0.036864 0.0058705 -0.09047
v -0.027047 0.0042485 -0.088499
v -0.027606 -0.0049835 -0.088539
v -0.025424 -0.0036305 -0.089069
v -0.026341 -0.0048875 -0.088735
v -0.021876 -0.0043955 -0.091282
v -0.024105 -0.0065805 -0.090353
v -0.027786 -0.0134585 -0.088534
v -0.024408 -0.0126685 -0.090153
v -0.025159 -0.0139105 -0.089386
v -0.036516 -0.0221035 -0.088019
v -0.015755 0.0267225 -0.091471
v -0.012667 0.0278445 -0.09216
v -0.011642 0.0253255 -0.092261
v -0.044154 -0.0200745 -0.086452
v -0.04237 -0.0224545 -0.086978
v -0.04237 -0.0224545 -0.086978
v -0.04357 -0.0229865 -0.085076
v -0.040269 -0.0269285 -0.086035
v -0.040269 -0.0269285 -0.086035
v -0.045098 -0.0209605 -0.083335
v -0.043242 -0.0242835 -0.083756
v -0.043999 -0.0231745 -0.080382
v -0.039433 -0.0247415 -0.087967
v -0.039329 -0.0275915 -0.086261
v -0.035034 -0.0254815 -0.089805
v -0.036958 -0.0251185 -0.08881
v -0.036288 -0.0250155 -0.088904
v -0.036606 -0.0244165 -0.088506
v -0.035299 -0.0247075 -0.08854
v -0.035861 -0.0239485 -0.087973
v -0.035135 -0.0232395 -0.087685
v -0.037225 -0.0268035 -0.088724
v -0.036185 -0.0260875 -0.08945
v -0.035237 -0.0281475 -0.089343
v -0.038154 -0.0260965 -0.088236
v -0.038514 -0.0279105 -0.087101
v -0.039247 -0.0288725 -0.084607
v -0.039247 -0.0288725 -0.084607
v -0.037436 -0.0255175 -0.08874
v -0.042488 -0.0255305 -0.079447
v -0.04105 -0.0273045 -0.083578
v -0.035225 -0.0319045 -0.084797
v -0.035225 -0.0319045 -0.084797
v -0.037767 -0.0302105 -0.084661
v -0.037767 -0.0302105 -0.084661
v -0.037767 -0.0302105 -0.084661
v -0.034936 -0.0310245 -0.086825
v -0.039725 -0.0287645 -0.082823
v -0.03715 -0.0309945 -0.082806
v -0.03715 -0.0309945 -0.082806
v -0.038531 -0.0297475 -0.076014
v -0.033812 -0.0244805 -0.090001
v -0.034502 -0.0258455 -0.090169
v -0.032686 -0.0240205 -0.090601
v -0.033365 -0.0260405 -0.090504
v -0.032358 -0.0284865 -0.089961
v -0.033243 -0.0294405 -0.089568
v -0.034106 -0.0301365 -0.088589
v -0.03218 -0.0301805 -0.089381
v -0.027367 -0.0266245 -0.09101
v -0.029705 -0.0283745 -0.090377
v -0.03099 -0.0279385 -0.090429
v -0.029739 -0.0314055 -0.089413
v -0.030011 -0.0296655 -0.08977
v -0.03417 -0.0219805 -0.087746
v -0.031849 -0.0328305 -0.086603
v -0.031849 -0.0328305 -0.086603
v -0.029852 -0.0322925 -0.088516
v -0.028951 -0.0339475 -0.086588
v -0.028951 -0.0339475 -0.086588
v -0.03462 -0.0326305 -0.08282
v -0.032862 -0.0333855 -0.084301
v -0.028968 -0.0349355 -0.084028
v -0.031718 -0.0340745 -0.082399
v -0.045152 -0.0202405 -0.071729
v -0.045172 -0.0208345 -0.07878
v -0.043676 -0.0235195 -0.075262
v -0.0411 -0.0271945 -0.077087
v -0.043512 -0.0234085 -0.070466
v -0.041084 -0.0270165 -0.072549
v -0.046125 -0.0144965 -0.062499
v -0.045291 -0.0184215 -0.065111
v -0.044257 -0.0212875 -0.065564
v -0.041245 -0.0265425 -0.068502
v -0.041949 -0.0249865 -0.06287
v -0.038583 -0.0293825 -0.067819
v -0.039944 -0.0274975 -0.061744
v -0.036086 -0.0316275 -0.074022
v -0.036086 -0.0316275 -0.074022
v -0.034241 -0.0328295 -0.075371
v -0.028883 -0.0351265 -0.078177
v -0.030294 -0.0346415 -0.070382
v -0.027359 -0.0355675 -0.071959
v -0.032658 -0.0335595 -0.067293
v -0.035433 -0.0317385 -0.062609
v -0.035433 -0.0317385 -0.062609
v -0.037685 -0.0297485 -0.060799
v -0.026814 -0.0357165 -0.062555
v -0.023116 -0.0364345 -0.072187
v -0.044717 -0.0180705 -0.057573
v -0.043461 -0.0221395 -0.061076
v -0.042893 -0.0213775 -0.052588
v -0.041109 -0.0250575 -0.054642
v -0.044587 -0.0126895 -0.045553
v -0.042404 -0.0202615 -0.044712
v -0.042949 -0.0175635 -0.041508
v -0.038583 -0.0285365 -0.059374
v -0.037904 -0.0291375 -0.056934
v -0.039115 -0.0275985 -0.054239
v -0.038385 -0.0276385 -0.048463
v -0.035136 -0.0312035 -0.051201
v -0.035136 -0.0312035 -0.051201
v -0.040197 -0.0246705 -0.045578
v -0.035739 -0.0301185 -0.046996
v -0.035739 -0.0301185 -0.046996
v -0.032425 -0.0333485 -0.056817
v -0.036347 -0.0309215 -0.058279
v -0.036347 -0.0309215 -0.058279
v -0.035864 -0.0310305 -0.056144
v -0.035864 -0.0310305 -0.056144
v -0.029461 -0.0347145 -0.055268
v -0.030568 -0.0338105 -0.046566
v -0.026378 -0.0356525 -0.046473
v -0.026016 -0.0358245 -0.053356
v -0.023256 -0.0364775 -0.059824
v -0.021007 -0.0368815 -0.053316
v -0.044382 -0.0069365 -0.036812
v -0.043033 -0.0108715 -0.03048
v -0.042248 -0.0157515 -0.032036
v -0.044034 -0.0023335 -0.0306
v -0.043442 -0.0066115 -0.028952
v -0.042821 -0.0074635 -0.023783
v -0.042061 -0.0142345 -0.027752
v -0.042319 -0.0040355 -0.015694
v -0.041827 -0.0120525 -0.021522
v -0.04079 -0.0169385 -0.021618
v -0.041696 -0.0092715 -0.015497
v -0.04075 -0.0141515 -0.015218
v -0.041119 -0.0191025 -0.030829
v -0.038294 -0.0253885 -0.034289
v -0.03556 -0.0287155 -0.033323
v -0.03556 -0.0287155 -0.033323
v -0.040619 -0.0216425 -0.035591
v -0.039078 -0.0226945 -0.026882
v -0.031455 -0.0321465 -0.030756
v -0.032585 -0.0323015 -0.043104
v -0.02918 -0.0338565 -0.034752
v -0.026645 -0.0352645 -0.038885
v -0.018006 -0.0373685 -0.043776
v -0.022525 -0.0366035 -0.044985
v -0.024096 -0.0361465 -0.041171
v -0.023314 -0.0363675 -0.034467
v -0.018344 -0.0372915 -0.036665
v -0.039816 -0.0201005 -0.022544
v -0.036954 -0.0251825 -0.020569
v -0.03481 -0.0279155 -0.018892
v -0.03481 -0.0279155 -0.018892
v -0.033068 -0.0299405 -0.020056
v -0.039213 -0.0195825 -0.01484
v -0.037733 -0.0228005 -0.013714
v -0.036002 -0.0256155 -0.012619
v -0.029695 -0.0327505 -0.018889
v -0.024249 -0.0359275 -0.025217
v -0.026549 -0.0348765 -0.022284
v -0.02106 -0.0369065 -0.026591
v -0.02974 -0.0324915 -0.014825
v -0.027529 -0.0340895 -0.014552
v -0.024559 -0.0356925 -0.01585
v -0.023768 -0.0360475 -0.01863
v -0.020473 -0.0371445 -0.018729
v -0.016489 -0.0377945 -0.022291
v -0.010895 -0.0384965 -0.023497
v -0.017231 -0.0377785 -0.018622
v -0.013671 -0.0382855 -0.019731
v -0.013685 -0.0381965 -0.021001
v -0.04151 -0.0074315 -0.009906
v -0.040508 -0.0120625 -0.007554
v -0.041586 0.0005565 -0.003537
v -0.041444 -0.0057925 -0.007231
v -0.041244 -0.0035235 -0.00268
v -0.041024 -0.0065565 -0.002289
v -0.040075 -0.0165175 -0.013523
v -0.039397 -0.0173835 -0.009159
v -0.038555 -0.0200175 -0.008987
v -0.040325 -0.0100275 -0.00045
v -0.039188 -0.0155055 -0.000553
v -0.038577 -0.0185035 -0.003
v -0.037308 -0.0216795 -0.002365
v -0.037373 -0.0210185 0.000907
v -0.041279 0.0008085 0.0009
v -0.040869 0.0050725 0.003028
v -0.040836 -0.0054695 0.001249
v -0.041102 0.0018665 0.005296
v -0.040973 -0.0027825 0.003621
v -0.040863 -0.0045905 0.005341
v -0.040224 0.0093375 0.005886
v -0.040656 0.0050445 0.007291
v -0.039529 0.0113815 0.01195
v -0.040295 0.0074325 0.00959
v -0.040907 0.0006955 0.009314
v -0.040899 -0.0012235 0.006404
v -0.040807 -0.0030425 0.008921
v -0.040782 -0.0038635 0.005609
v -0.040686 0.0023795 0.012354
v -0.040523 0.0045155 0.014314
v -0.040818 -0.0003045 0.013178
v -0.040659 -0.0021425 0.013765
v -0.040472 -0.0059895 0.013002
v -0.039963 -0.0106395 0.006209
v -0.040561 -0.0072925 0.006171
v -0.039263 -0.0140825 0.004686
v -0.038191 -0.0180575 0.00527
v -0.037235 -0.0205855 0.006092
v -0.03628 -0.0230105 0.003051
v -0.036949 -0.0208855 0.009193
v -0.035332 -0.0241705 0.009101
v -0.040438 -0.0071715 0.009323
v -0.040004 -0.0093375 0.015775
v -0.039142 -0.0136745 0.012598
v -0.037905 -0.0183345 0.010217
v -0.037349 -0.0198395 0.014769
v -0.038553 -0.0160135 0.01475
v -0.034841 -0.0255535 0.002622
v -0.035863 -0.0230675 0.013912
v -0.03773 -0.0188515 0.019229
v -0.036524 -0.0217145 0.017181
v -0.033396 -0.0270065 0.012694
v -0.033396 -0.0270065 0.012694
v -0.034329 -0.0256465 0.017931
v -0.034329 -0.0256465 0.017931
v -0.033868 -0.0280485 -0.00804
v -0.033868 -0.0280485 -0.00804
v -0.036963 -0.0228855 -0.005264
v -0.035311 -0.0257315 -0.00514
v -0.032313 -0.0299725 -0.009109
v -0.035707 -0.0246165 -0.001624
v -0.030408 -0.0317365 -0.010526
v -0.02949 -0.0326845 -0.012247
v -0.030393 -0.0312225 -0.000629
v -0.027567 -0.0337795 -0.006744
v -0.025546 -0.0351375 -0.010466
v -0.032153 -0.0293025 0.000776
v -0.032153 -0.0293025 0.000776
v -0.027114 -0.0337075 0.002726
v -0.025509 -0.0348215 0.000311
v -0.020831 -0.0370775 -0.014002
v -0.022163 -0.0366185 -0.009954
v -0.0189 -0.0375965 -0.011262
v -0.019625 -0.0374275 -0.006952
v -0.016473 -0.0380165 -0.01247
v -0.01496 -0.0381095 -0.01532
v -0.014068 -0.0383085 -0.016521
v -0.014214 -0.0381135 -0.018673
v -0.015503 -0.0381075 -0.008242
v -0.012828 -0.0385335 -0.012423
v -0.009625 -0.0388265 -0.014945
v -0.012076 -0.0386175 -0.009939
v -0.024431 -0.0355935 -0.006181
v -0.022247 -0.0365935 -0.00149
v -0.019844 -0.0372165 -0.004555
v -0.020361 -0.0369785 0.000857
v -0.01907 -0.0376255 -0.001428
v -0.016588 -0.0379785 -0.005627
v -0.012874 -0.0386365 -0.006975
v -0.008909 -0.0390155 -0.009117
v -0.010484 -0.0387285 -0.00716
v -0.013619 -0.0385855 -0.003498
v -0.011157 -0.0388035 -0.00375
v -0.009566 -0.0389395 -0.005378
v -0.017296 -0.0380035 -0.002842
v -0.016037 -0.0381665 -0.001012
v -0.014975 -0.0383815 -0.00081
v -0.012916 -0.0388265 -0.002081
v -0.03237 -0.0284885 0.007925
v -0.03237 -0.0284885 0.007925
v -0.029748 -0.0311965 0.009336
v -0.023153 -0.0359905 0.004432
v -0.024515 -0.0351535 0.009691
v -0.026598 -0.0337925 0.009814
v -0.02218 -0.0364665 0.006913
v -0.030235 -0.0305795 0.014834
v -0.032505 -0.0280525 0.016744
v -0.027857 -0.0327395 0.017266
v -0.022328 -0.0362115 0.01031
v -0.025211 -0.0346205 0.017889
v -0.022767 -0.0359925 0.016247
v -0.020028 -0.0372275 0.016217
v -0.020983 -0.0369135 0.011249
v -0.02149 -0.0367925 0.003433
v -0.018538 -0.0376645 0.00227
v -0.014905 -0.0384505 0.005794
v -0.020411 -0.0371155 0.007107
v -0.018732 -0.0376155 0.007625
v -0.012957 -0.0386675 -0.000187
v -0.01301 -0.0387535 0.003892
v -0.011904 -0.0388905 -0.001135
v -0.010333 -0.0390005 -0.001835
v -0.010901 -0.0389385 0.002023
v -0.011039 -0.0390325 0.003043
v -0.008069 -0.0392555 0.002497
v -0.009638 -0.0390765 0.004379
v -0.02054 -0.0369925 0.00891
v -0.017026 -0.0380785 0.011464
v -0.019907 -0.0371095 0.011519
v -0.014034 -0.0385975 0.010054
v -0.019215 -0.0373155 0.014481
v -0.016887 -0.0382475 0.015583
v -0.013977 -0.0384805 0.012201
v -0.015271 -0.0383515 0.015119
v -0.013703 -0.0385305 0.008049
v -0.010929 -0.0390305 0.007305
v -0.008575 -0.0392365 0.00697
v -0.010769 -0.0390815 0.012369
v -0.009139 -0.0390985 0.012818
v -0.007229 -0.0395055 0.009675
v -0.039705 -0.0232095 -0.088309
v -0.038378 -0.0238205 -0.088511
v -0.037434 -0.0236245 -0.088508
v -0.028148 -0.0293195 -0.090381
v -0.007066 -0.0393685 0.012321
v 0.002343 0.0389575 -0.085488
v 0.002903 0.0376715 -0.08817
v -0.000707 0.0385245 -0.086648
v 0.004227 0.0393495 -0.084242
v 0.004307 0.0388785 -0.086005
v 0.004436 0.0374445 -0.088573
v 0.007804 0.0380565 -0.087158
v 0.006819 0.0375465 -0.088102
v 0.005819 0.0361345 -0.089567
v 0.007857 0.0365425 -0.089333
v 0.00818 0.0388865 -0.085342
v 0.006663 0.0393575 -0.082403
v 0.003308 0.0394585 -0.081654
v 0.008838 0.0393165 -0.083536
v 0.010185 0.0391425 -0.082083
v 0.009843 0.0376095 -0.087811
v 0.010327 0.0356425 -0.089722
v 0.008441 0.0358755 -0.089751
v 0.012054 0.0355755 -0.089835
v 0.009182 0.0380265 -0.087278
v 0.010462 0.0388235 -0.085103
v 0.011956 0.0369225 -0.088311
v 0.01245 0.0379985 -0.086426
v 0.013773 0.0369615 -0.08843
v 0.014032 0.0351875 -0.089938
v 0.014373 0.0377325 -0.086647
v 0.015601 0.0365605 -0.088436
v 0.013152 0.0388025 -0.084149
v 0.011976 0.0386305 -0.085493
v 0.014191 0.0384595 -0.08476
v 0.014662 0.0386945 -0.082958
v 0.015886 0.0380745 -0.085686
v 0.017741 0.0383485 -0.084326
v 0.017064 0.0356055 -0.089335
v 0.018428 0.0367505 -0.087749
v 0.016676 0.0345585 -0.090003
v 0.017783 0.0346125 -0.090105
v 0.022515 0.0353235 -0.08893
v 0.021131 0.0347075 -0.089694
v 0.020529 0.0336335 -0.090112
v 0.023138 0.0336195 -0.090202
v 0.021333 0.0363075 -0.087809
v 0.021932 0.0370325 -0.086141
v 0.019749 0.0376005 -0.085585
v 0.022311 0.0325525 -0.090258
v 0.024516 0.0336665 -0.090147
v 0.023915 0.0321545 -0.090413
v 0.026985 0.0344525 -0.088771
v 0.023595 0.0369995 -0.08591
v 0.027025 0.0353555 -0.087454
v 0.026081 0.0318815 -0.090449
v 0.02768 0.0328135 -0.090046
v 0.028048 0.0320415 -0.090316
v 0.030264 0.0325955 -0.089387
v 0.030264 0.0325955 -0.089387
v 0.030464 0.0313115 -0.09024
v 0.030464 0.0313115 -0.09024
v 0.031074 0.0336215 -0.08784
v 0.03317 0.0320725 -0.088303
v 0.033457 0.0306155 -0.089466
v 0.035385 0.0305005 -0.088043
v -0.008531 0.0316545 -0.09107
v -0.006559 0.0298335 -0.092186
v -0.007019 0.0312605 -0.091237
v -0.008172 0.0373455 -0.088294
v -0.006845 0.0360795 -0.089442
v -0.007277 0.0338555 -0.090144
v -0.002698 0.0362645 -0.089295
v -0.004063 0.0330435 -0.090621
v -0.002328 0.0336455 -0.090117
v -0.004767 0.0320125 -0.09092
v -0.003519 0.0313375 -0.091196
v -0.003492 0.0302625 -0.092007
v -0.004343 0.0368565 -0.088966
v -0.006887 0.0379175 -0.087597
v -0.005286 0.0385855 -0.086531
v -0.002799 0.0377505 -0.087943
v -0.000939 0.0389855 -0.085534
v -0.000536 0.0369075 -0.088968
v -0.001897 0.0313915 -0.09106
v -0.000481 0.0302715 -0.092094
v -0.002193 0.0326005 -0.090652
v 6.9e-05 0.0317125 -0.091057
v -0.000408 0.0347515 -0.089863
v 0.00285 0.0323135 -0.090935
v 0.00129 0.0340835 -0.090086
v 0.002107 0.0302845 -0.09196
v 0.005021 0.0318195 -0.091046
v 0.004142 0.0306265 -0.091907
v 0.002438 0.0366355 -0.089252
v 0.000768 0.0376665 -0.088125
v -0.006915 0.0394275 -0.083859
v -0.003254 0.0393815 -0.084344
v -0.001172 0.0395495 -0.08281
v -0.00426 0.0396105 -0.077474
v -0.001476 0.0395255 -0.080542
v 0.005231 0.0300975 -0.092046
v 0.00728 0.0311525 -0.091202
v 0.010676 0.0343935 -0.090107
v 0.009333 0.0320375 -0.090833
v 0.011707 0.0307055 -0.091309
v 0.010663 0.0297305 -0.092248
v 0.014651 0.0315775 -0.090869
v 0.014535 0.0305265 -0.091429
v 0.013583 0.0338485 -0.090122
v 0.015964 0.0305675 -0.091055
v 0.018657 0.0323925 -0.090473
v 0.018062 0.0303585 -0.091335
v 0.020919 0.0303615 -0.091135
v 0.008482 -0.0118035 -0.09219
v 0.002745 -0.0112245 -0.091969
v -0.004739 0.0041865 -0.091814
v 0.020236 0.0286325 -0.091976
v 0.022806 0.0286665 -0.091463
v 0.025161 0.0291675 -0.091154
v 0.02734 0.0309815 -0.090429
v 0.028638 0.0304485 -0.090506
v 0.028026 0.0273495 -0.091263
v 0.031238 0.0275495 -0.090641
v 0.031238 0.0275495 -0.090641
v 0.029982 0.0267285 -0.091061
v 0.029927 0.0243455 -0.090574
v 0.029927 0.0243455 -0.090574
v 0.030302 0.0255305 -0.090767
v 0.030302 0.0255305 -0.090767
v 0.030915 0.0243645 -0.08943
v 0.032687 0.0302805 -0.090013
v 0.031984 0.0291265 -0.090395
v 0.033042 0.0279775 -0.090062
v 0.031906 0.0270445 -0.090271
v 0.033367 0.0262385 -0.088784
v 0.033789 0.0289495 -0.090072
v 0.03414 0.0276695 -0.089878
v 0.03576 0.0271695 -0.089415
v 0.034921 0.0266775 -0.089535
v 0.036595 0.0277295 -0.088652
v 0.036077 0.0259075 -0.089404
v 0.029904 0.0224115 -0.08832
v 0.02925 0.0234175 -0.090393
v 0.02925 0.0234175 -0.090393
v 0.021283 0.0145125 -0.091517
v 0.023111 0.0161205 -0.089693
v 0.023018 0.0129145 -0.089898
v 0.038472 0.0239325 -0.088905
v 0.038857 0.0269745 -0.087608
v 0.037905 0.0216015 -0.089517
v 0.037428 0.0237215 -0.089229
v 0.040957 0.0173265 -0.089462
v 0.039809 0.0196605 -0.089465
v 0.04227 0.0201685 -0.087871
v 0.042861 0.0165345 -0.088352
v 0.043122 0.0178395 -0.087913
v 0.042324 0.0139555 -0.089654
v 0.041174 0.0154165 -0.089593
v 0.04335 0.0137815 -0.088853
v 0.041221 0.0137045 -0.089461
v 0.040463 0.0147665 -0.089318
v 0.041895 0.0131175 -0.089917
v 0.04077 0.0124565 -0.089944
v 0.043632 0.0185415 -0.087116
v 0.045112 0.0129175 -0.086757
v 0.044306 0.0120905 -0.088318
v 0.042943 0.0006935 -0.090891
v 0.041543 0.0005425 -0.09192
v 0.042427 0.0041995 -0.090988
v 0.042334 -0.0016645 -0.091016
v 0.041178 -0.0049655 -0.0917
v 0.043731 -0.0009325 -0.090239
v 0.042825 -0.0049175 -0.090764
v 0.037001 0.0122155 -0.089105
v 0.038258 0.0130285 -0.088453
v 0.039402 0.0124745 -0.089145
v 0.038444 0.0119475 -0.090171
v 0.039525 0.0120025 -0.09106
v 0.036736 0.0045175 -0.090724
v 0.036767 0.0093865 -0.090542
v 0.037304 0.0075045 -0.090979
v 0.039827 0.0129915 -0.088659
v 0.039968 0.0099935 -0.092309
v 0.040154 0.0118645 -0.091501
v 0.041209 0.0115245 -0.091191
v 0.04093 0.0090275 -0.091943
v 0.04227 0.0116885 -0.090484
v 0.041998 0.0080575 -0.091211
v 0.041157 0.0121715 -0.090488
v 0.043178 0.0089535 -0.090425
v 0.043189 0.0108405 -0.090024
v 0.043722 0.0037565 -0.090229
v 0.044278 0.0084355 -0.089275
v 0.045398 0.0062225 -0.087781
v 0.0458 0.0080535 -0.086592
v 0.04647 0.0047885 -0.085316
v 0.045292 0.0007915 -0.088485
v 0.045288 -0.0007685 -0.088048
v 0.04389 -0.0070425 -0.089489
v 0.045042 -0.0059985 -0.087976
v 0.045393 -0.0034645 -0.087567
v 0.045891 0.0009985 -0.08723
v 0.046599 0.0001015 -0.085222
v 0.046726 0.0052025 -0.083075
v 0.046857 0.0008935 -0.083338
v 0.008411 -0.0296445 -0.091427
v 0.017207 -0.0287815 -0.091485
v 0.014322 -0.0314825 -0.090828
v 0.014322 -0.0314825 -0.090828
v 0.022185 -0.0296115 -0.091179
v 0.022185 -0.0296115 -0.091179
v 0.021705 -0.0281755 -0.091509
v 0.018255 -0.0335265 -0.089761
v 0.027145 -0.0208755 -0.091075
v 0.025045 -0.0185645 -0.090874
v 0.027399 -0.0199085 -0.090299
v 0.025671 -0.0203545 -0.091274
v 0.026125 -0.0177815 -0.089133
v 0.029136 -0.0218065 -0.090521
v 0.028781 -0.0229625 -0.091211
v 0.028269 -0.0195305 -0.08887
v 0.031789 -0.0245415 -0.090816
v 0.030311 -0.0214325 -0.088635
v 0.031778 -0.0233875 -0.089311
v 0.023012 -0.0254345 -0.091796
v 0.025544 -0.0254105 -0.091666
v 0.025396 -0.0316495 -0.090279
v 0.023708 -0.0330505 -0.089531
v 0.028662 -0.0276075 -0.091259
v 0.028662 -0.0276075 -0.091259
v 0.026519 -0.0325155 -0.089336
v 0.030114 -0.0308315 -0.089612
v 0.028305 -0.0330655 -0.087936
v 0.025625 -0.0344175 -0.087038
v 0.0303 -0.0252205 -0.091337
v 0.030351 -0.0264285 -0.091212
v 0.030351 -0.0264285 -0.091212
v 0.032237 -0.0259205 -0.090755
v 0.032237 -0.0259205 -0.090755
v 0.033074 -0.0271275 -0.090499
v 0.032895 -0.0247295 -0.089183
v 0.032608 -0.0250975 -0.090223
v 0.033099 -0.0258705 -0.090324
v 0.033099 -0.0258705 -0.090324
v 0.034343 -0.0253635 -0.090093
v 0.033208 -0.0252995 -0.089898
v 0.033208 -0.0252995 -0.089898
v 0.033726 -0.0248295 -0.089015
v 0.033726 -0.0248295 -0.089015
v 0.033841 -0.0253025 -0.09002
v 0.035368 -0.0236145 -0.089917
v 0.034176 -0.0247945 -0.089733
v 0.03485 -0.0260875 -0.089768
v 0.036195 -0.0264475 -0.088691
v 0.033757 -0.0296935 -0.088787
v 0.031116 -0.0289145 -0.090512
v 0.028933 -0.0296705 -0.090694
v 0.031399 -0.0308135 -0.088888
v 0.03131 -0.0320675 -0.08736
v 0.028553 -0.0339265 -0.086247
v 0.034305 -0.0309955 -0.085896
v 0.032399 -0.0326325 -0.085087
v 0.03983 -0.0055365 -0.092589
v 0.040474 -0.0065675 -0.092111
v 0.040531 -0.0088745 -0.091891
v 0.039645 -0.0070875 -0.092311
v 0.04252 -0.0081335 -0.090706
v 0.041012 -0.0108205 -0.090885
v 0.03998 -0.0100785 -0.09178
v 0.041801 -0.0101755 -0.090876
v 0.042751 -0.0102135 -0.090027
v 0.041587 -0.0123965 -0.090208
v 0.041011 -0.0121845 -0.090417
v 0.029559 -0.0195065 -0.088415
v 0.029559 -0.0195065 -0.088415
v 0.030868 -0.0212675 -0.088358
v 0.030868 -0.0212675 -0.088358
v 0.031637 -0.0224555 -0.088571
v 0.031637 -0.0224555 -0.088571
v 0.033402 -0.0241835 -0.088674
v 0.033402 -0.0241835 -0.088674
v 0.036715 -0.0201525 -0.090016
v 0.037821 -0.0212005 -0.089608
v 0.036293 -0.0232855 -0.089779
v 0.03562 -0.0214715 -0.089948
v 0.034514 -0.0235575 -0.089473
v 0.040809 -0.0221965 -0.087632
v 0.038135 -0.0263675 -0.087262
v 0.037763 -0.0273555 -0.086546
v 0.034776 -0.0295505 -0.087689
v 0.036595 -0.0294135 -0.085891
v 0.037737 -0.0282905 -0.085459
v 0.036114 -0.0304375 -0.083319
v 0.035554 -0.0307645 -0.084104
v 0.032864 -0.0326485 -0.082503
v 0.039024 -0.0266765 -0.085964
v 0.038593 -0.0280915 -0.08405
v 0.039533 -0.0270875 -0.078977
v 0.037807 -0.0288935 -0.079173
v 0.035948 -0.0303625 -0.073976
v 0.040632 -0.0255135 -0.072315
v 0.041997 -0.0237325 -0.078958
v 0.042708 -0.0221635 -0.072697
v 0.03805 -0.0283185 -0.069614
v 0.046079 -0.0058095 -0.085705
v 0.046546 -0.0049255 -0.083265
v 0.044197 -0.0111665 -0.087964
v 0.042242 -0.0144585 -0.088839
v 0.039564 -0.0161405 -0.090113
v 0.04359 -0.0161335 -0.087171
v 0.042804 -0.0179185 -0.087447
v 0.042935 -0.0199145 -0.086324
v 0.044138 -0.0174655 -0.085574
v 0.044947 -0.0117575 -0.086584
v 0.045679 -0.0121105 -0.084116
v 0.046221 -0.0081895 -0.083297
v 0.046187 -0.0086765 -0.079995
v 0.046117 -0.0097005 -0.078167
v 0.045279 -0.0138135 -0.084569
v 0.044996 -0.0159345 -0.083756
v 0.043546 -0.0204685 -0.08406
v 0.044382 -0.0186005 -0.080418
v 0.04526 -0.0150815 -0.076747
v 0.041387 -0.0230975 -0.086245
v 0.042584 -0.0219485 -0.08499
v 0.04002 -0.0261405 -0.084892
v 0.041892 -0.0237555 -0.083567
v 0.040363 -0.0260725 -0.082779
v 0.043303 -0.0212785 -0.080137
v 0.008958 0.0392695 -0.077909
v 0.015542 0.0387075 -0.079361
v 0.013288 0.0388855 -0.075321
v 0.019378 0.0381435 -0.081314
v 0.021176 0.0377655 -0.084682
v 0.022317 0.0375345 -0.084263
v 0.024094 0.0374395 -0.083713
v 0.021692 0.0379085 -0.078021
v 0.018884 0.0382915 -0.075417
v 0.022642 0.0376075 -0.076196
v 0.024291 0.0374745 -0.078434
v 0.025003 0.0373035 -0.075473
v 0.02697 0.0361225 -0.086153
v 0.026241 0.0369715 -0.084133
v 0.028522 0.0363235 -0.08404
v 0.031031 0.0349435 -0.085444
v 0.031206 0.0352805 -0.083424
v 0.0268 0.0368885 -0.081735
v 0.030267 0.0356755 -0.07627
v 0.027585 0.0366595 -0.075563
v 0.033009 0.0343355 -0.080357
v 0.033022 0.0343525 -0.083458
v 0.033371 0.0332945 -0.086328
v 0.032244 0.0345545 -0.084303
v 0.03355 0.0337215 -0.085176
v 0.035518 0.0325955 -0.084243
v 0.035867 0.0317455 -0.085718
v 0.035916 0.0324325 -0.082936
v 1.7e-05 0.0394975 -0.077281
v -0.000171 0.0394715 -0.073303
v 0.003197 0.0394975 -0.076843
v 0.00345 0.0394665 -0.074381
v 0.000213 0.0396205 -0.069857
v 0.005065 0.0393925 -0.078166
v 0.007541 0.0393365 -0.075097
v 0.003884 0.0393765 -0.075748
v 0.005047 0.0394455 -0.072571
v 0.005178 0.0394295 -0.06808
v 0.002812 0.0394795 -0.062018
v 0.004559 0.0393975 -0.061793
v 0.011324 0.0391085 -0.071179
v 0.007207 0.0393675 -0.066249
v 0.012787 0.0389395 -0.063821
v 0.01623 0.0386285 -0.0697
v 0.021456 0.0378815 -0.071813
v 0.022355 0.0377305 -0.066561
v 0.025981 0.0370885 -0.071243
v 0.000775 0.0394725 -0.056627
v 0.002991 0.0395695 -0.059707
v 0.007701 0.0393025 -0.063404
v 0.005173 0.0393745 -0.056682
v 0.008281 0.0393065 -0.061793
v 0.010178 0.0391545 -0.059043
v 0.013476 0.0388105 -0.057936
v 0.009751 0.0390275 -0.05228
v 0.006668 0.0390535 -0.045725
v 0.012604 0.0388645 -0.053901
v 0.015888 0.0383795 -0.049616
v 0.018044 0.0382995 -0.064493
v 0.019487 0.0380925 -0.058592
v 0.016445 0.0385235 -0.058495
v 0.022498 0.0376435 -0.0614
v 0.027741 0.0364815 -0.067423
v 0.02602 0.0368655 -0.064555
v 0.02391 0.0371905 -0.06029
v 0.027346 0.0364335 -0.061124
v 0.030054 0.0355395 -0.065642
v 0.018793 0.0380375 -0.052165
v 0.02278 0.0375005 -0.05801
v 0.022581 0.0375395 -0.055835
v 0.022132 0.0375215 -0.052756
v 0.020881 0.0376945 -0.049307
v 0.025337 0.0370535 -0.060718
v 0.025431 0.0369365 -0.057419
v 0.031979 0.0345265 -0.063446
v 0.028843 0.0358725 -0.059629
v 0.025343 0.0367365 -0.054161
v 0.026313 0.0365745 -0.054285
v 0.02941 0.0354975 -0.056007
v 0.032547 0.0339405 -0.058859
v 0.027956 0.0359525 -0.053496
v 0.031943 0.0339675 -0.053259
v 0.036631 0.0302295 -0.087055
v 0.03764 0.0286295 -0.087435
v 0.037983 0.0298705 -0.085822
v 0.037541 0.0310845 -0.083945
v 0.039282 0.0292405 -0.084492
v 0.038156 0.0304575 -0.079157
v 0.032585 0.0344835 -0.072509
v 0.035496 0.0326385 -0.076631
v 0.036921 0.0313825 -0.073209
v 0.038287 0.0300195 -0.070042
v 0.038625 0.0287705 -0.086574
v 0.040524 0.0270405 -0.085546
v 0.041107 0.0232945 -0.08769
v 0.041363 0.0246615 -0.086692
v 0.042645 0.0218445 -0.086795
v 0.042184 0.0247445 -0.085057
v 0.04294 0.0232105 -0.085367
v 0.040508 0.0279375 -0.083761
v 0.040579 0.0279525 -0.079814
v 0.042303 0.0251185 -0.083699
v 0.044506 0.0190315 -0.085333
v 0.044368 0.0204975 -0.083442
v 0.043457 0.0229125 -0.077611
v 0.045185 0.0176965 -0.077249
v 0.044394 0.0205265 -0.076222
v 0.045307 0.0153765 -0.085299
v 0.045263 0.0171875 -0.083413
v 0.046245 0.0110335 -0.083159
v 0.045874 0.0142135 -0.076766
v 0.040608 0.0276095 -0.075347
v 0.042096 0.0250325 -0.069504
v 0.040151 0.0279175 -0.068467
v 0.04359 0.0218515 -0.067915
v 0.044857 0.0178545 -0.06821
v 0.046232 0.0093505 -0.085001
v 0.046372 0.0103695 -0.074258
v 0.046928 0.0013405 -0.077135
v 0.04679 0.0049225 -0.075374
v 0.04642 0.0096485 -0.072317
v 0.045449 0.0142765 -0.065433
v 0.046358 0.0082015 -0.066905
v 0.046432 0.0084025 -0.070188
v 0.046805 0.0060055 -0.073383
v 0.046912 0.0013145 -0.073099
v 0.046696 0.0054335 -0.071599
v 0.046615 0.0084535 -0.071609
v 0.046783 0.0014105 -0.068589
v 0.034678 0.0330095 -0.067899
v 0.034136 0.0331235 -0.061873
v 0.036957 0.0309335 -0.064891
v 0.036717 0.0314095 -0.067904
v 0.03791 0.0300905 -0.066209
v 0.037811 0.0300325 -0.065507
v 0.03809 0.0296965 -0.061287
v 0.041435 0.0251325 -0.060601
v 0.036656 0.0310535 -0.06141
v 0.034137 0.0326045 -0.05408
v 0.036761 0.0306465 -0.058058
v 0.035616 0.0313415 -0.054177
v 0.038377 0.0288365 -0.05619
v 0.039803 0.0277585 -0.061892
v 0.039141 0.0283925 -0.058741
v 0.039502 0.0273835 -0.055632
v 0.040486 0.0248265 -0.049122
v 0.042326 0.0225155 -0.055896
v 0.042541 0.0194675 -0.045342
v 0.044079 0.0189325 -0.060528
v 0.044986 0.0138745 -0.057477
v 0.046059 0.0080145 -0.061652
v 0.046308 0.0053365 -0.062746
v 0.043578 0.0167995 -0.048721
v 0.045664 0.0075595 -0.055758
v 0.044638 0.0112385 -0.0492
v 0.04653 -0.0049395 -0.074458
v 0.04619 -0.0079275 -0.074696
v 0.046051 -0.0091075 -0.071593
v 0.045812 -0.0111745 -0.07157
v 0.04553 -0.0117675 -0.067803
v 0.044777 -0.0152975 -0.06618
v 0.04655 -0.0022425 -0.070888
v 0.046326 -0.0048235 -0.06604
v 0.046414 0.0008185 -0.061604
v 0.045824 -0.0091345 -0.065629
v 0.04497 -0.0108305 -0.056794
v 0.04549 -0.0093585 -0.061068
v 0.04386 -0.0189905 -0.068152
v 0.044166 -0.0187995 -0.073717
v 0.03986 -0.0260485 -0.066233
v 0.041977 -0.0229075 -0.066856
v 0.043877 -0.0177665 -0.06288
v 0.042402 -0.0214305 -0.062022
v 0.042756 -0.0199695 -0.058946
v 0.043855 -0.0164545 -0.057968
v 0.038636 -0.0274375 -0.063772
v 0.040481 -0.0249105 -0.06305
v 0.039305 -0.0266225 -0.06235
v 0.040349 -0.0246755 -0.059463
v 0.041145 -0.0231475 -0.058165
v 0.039159 -0.0261735 -0.057704
v 0.039094 -0.0265105 -0.059944
v 0.04606 0.0010055 -0.05614
v 0.045599 -0.0054255 -0.055854
v 0.045128 0.0066195 -0.049025
v 0.045371 -0.0009715 -0.049185
v 0.044848 -0.0067125 -0.049265
v 0.044934 -0.0043455 -0.04651
v 0.044446 -0.0094855 -0.048313
v 0.043329 -0.0140155 -0.046202
v 0.044179 -0.0136475 -0.054739
v 0.042473 -0.0187765 -0.051616
v 0.0396 -0.0251705 -0.055468
v 0.0411 -0.0226545 -0.054798
v 0.040094 -0.0244675 -0.05439
v 0.041564 -0.0212705 -0.05259
v 0.03974 -0.0244905 -0.052864
v 0.039521 -0.0242135 -0.048852
v 0.042731 -0.0167205 -0.047468
v 0.041091 -0.0211925 -0.047467
v 0.041657 -0.0189705 -0.04415
v 0.040429 -0.0220475 -0.045954
v 0.040546 -0.0209005 -0.042063
v 0.042296 -0.0158345 -0.041047
v 0.012057 0.0386315 -0.043285
v 0.016017 0.0382675 -0.044519
v 0.016957 0.0383475 -0.046666
v 0.015727 0.0381525 -0.037987
v 0.007832 0.0388185 -0.031399
v 0.01045 0.0387045 -0.037168
v 0.010626 0.0386615 -0.032983
v 0.012155 0.0384455 -0.030811
v 0.012454 0.0384705 -0.038619
v 0.018742 0.0377665 -0.037881
v 0.018809 0.0378885 -0.041256
v 0.015897 0.0380745 -0.029803
v 0.02398 0.0371295 -0.050615
v 0.023911 0.0369905 -0.047814
v 0.019649 0.0377505 -0.047266
v 0.019298 0.0378575 -0.04521
v 0.021071 0.0375965 -0.045881
v 0.023645 0.0370975 -0.045059
v 0.026677 0.0360525 -0.045142
v 0.026436 0.0363905 -0.04993
v 0.030088 0.0348485 -0.050836
v 0.030792 0.0342235 -0.046894
v 0.027655 0.0358075 -0.048126
v 0.028993 0.0350305 -0.044091
v 0.021452 0.0373985 -0.041428
v 0.026835 0.0360635 -0.043099
v 0.025348 0.0363995 -0.041655
v 0.023758 0.0369625 -0.040104
v 0.022176 0.0371435 -0.038514
v 0.020852 0.0374965 -0.03753
v 0.023907 0.0367625 -0.036163
v 0.025465 0.0362995 -0.039017
v 0.028245 0.0351095 -0.040481
v 0.026604 0.0357115 -0.035193
v 0.027832 0.0352745 -0.03819
v 0.030955 0.0338605 -0.041568
v 0.031055 0.0338135 -0.043551
v 0.033464 0.0320655 -0.042584
v 0.029391 0.0345285 -0.039425
v 0.030248 0.0339155 -0.037168
v 0.032144 0.0326975 -0.039111
v 0.019259 0.0375895 -0.03188
v 0.023355 0.0367595 -0.028512
v 0.021834 0.0371785 -0.031688
v 0.020387 0.0375245 -0.029363
v 0.012633 0.0384285 -0.023487
v 0.018124 0.0377885 -0.022087
v 0.019336 0.0375935 -0.028068
v 0.019987 0.0374595 -0.024205
v 0.013942 0.0382655 -0.017684
v 0.022334 0.0369145 -0.021275
v 0.023439 0.0365525 -0.025962
v 0.02286 0.0366775 -0.017548
v 0.023045 0.0368855 -0.033159
v 0.024633 0.0363535 -0.030518
v 0.026087 0.0358855 -0.032254
v 0.027837 0.0350105 -0.033824
v 0.028821 0.0345965 -0.035004
v 0.028036 0.0349965 -0.032309
v 0.031946 0.0325735 -0.034948
v 0.032648 0.0323535 -0.03784
v 0.027437 0.0350845 -0.030845
v 0.030192 0.0336365 -0.031782
v 0.027998 0.0347435 -0.028063
v 0.025902 0.0357325 -0.026951
v 0.034923 0.0303735 -0.038728
v 0.034583 0.0305645 -0.036337
v 0.033634 0.0310055 -0.034615
v 0.031054 0.0328265 -0.02933
v 0.032556 0.0316985 -0.031644
v 0.033208 0.0313755 -0.032659
v 0.035135 0.0296645 -0.032892
v 0.033536 0.0307845 -0.028997
v 0.024507 0.0362055 -0.021854
v 0.026166 0.0355505 -0.024291
v 0.028451 0.0343175 -0.025591
v 0.029091 0.0340135 -0.025241
v 0.028107 0.0346755 -0.024345
v 0.027615 0.0347285 -0.022143
v 0.026223 0.0353075 -0.018697
v 0.031009 0.0326275 -0.022961
v 0.02935 0.0336805 -0.020613
v 0.030711 0.0327835 -0.021239
v 0.030766 0.0324585 -0.01924
v 0.030862 0.0327225 -0.025945
v 0.033354 0.0306715 -0.025996
v 0.032032 0.0319225 -0.026085
v 0.035168 0.0290455 -0.025971
v 0.032536 0.0313705 -0.022927
v 0.032214 0.0317215 -0.021306
v 0.033961 0.0298875 -0.020527
v 0.035791 0.0276055 -0.018797
v 0.037403 0.0261035 -0.025669
v 0.036973 0.0299965 -0.05308
v 0.037489 0.0289225 -0.047933
v 0.039109 0.0275225 -0.052947
v 0.035461 0.0307365 -0.047428
v 0.038419 0.0289275 -0.055216
v 0.039265 0.0267045 -0.048924
v 0.035574 0.0302255 -0.0441
v 0.035391 0.0303655 -0.042029
v 0.039023 0.0269685 -0.047356
v 0.037113 0.0282455 -0.039622
v 0.04028 0.0248845 -0.046463
v 0.041825 0.0218195 -0.047483
v 0.042693 0.0156885 -0.036946
v 0.044533 0.0117065 -0.04761
v 0.038695 0.0264905 -0.041903
v 0.038234 0.0264405 -0.036989
v 0.039051 0.0248555 -0.0347
v 0.040715 0.0230645 -0.041757
v 0.041355 0.0197905 -0.034455
v 0.043672 0.0118155 -0.039175
v 0.044229 0.0103445 -0.042867
v 0.03681 0.0278105 -0.033119
v 0.037811 0.0262645 -0.031372
v 0.039696 0.0230545 -0.031711
v 0.039477 0.0219645 -0.023051
v 0.041136 0.0175505 -0.02428
v 0.037882 0.0247585 -0.02034
v 0.039931 0.0200275 -0.018754
v 0.044239 0.0062695 -0.038437
v 0.043316 0.0102335 -0.032746
v 0.043569 0.0059955 -0.031468
v 0.044129 0.0005705 -0.034018
v 0.045053 0.0066215 -0.047387
v 0.045342 0.0031755 -0.048781
v 0.044925 0.0047335 -0.044727
v 0.045348 0.0009155 -0.047295
v 0.044581 0.0044985 -0.041669
v 0.044899 0.0005935 -0.042848
v 0.044459 -0.0002175 -0.038165
v 0.044434 -0.0035065 -0.041173
v 0.044472 -0.0041615 -0.042775
v 0.044539 -0.0050065 -0.042997
v 0.043595 -0.0062615 -0.0347
v 0.044276 -0.0062645 -0.042252
v 0.043707 -0.0094625 -0.041003
v 0.043087 -0.0107775 -0.037044
v 0.040657 -0.0198095 -0.038455
v 0.040843 -0.0187105 -0.035516
v 0.042212 -0.0144765 -0.036354
v 0.043586 -0.0016895 -0.029909
v 0.043116 -0.0045565 -0.027975
v 0.042563 -0.0108835 -0.032065
v 0.041471 -0.0150695 -0.030681
v 0.042207 -0.0104985 -0.026903
v 0.042027 0.0132595 -0.023459
v 0.042808 0.0081635 -0.024552
v 0.04307 0.0004685 -0.021518
v 0.042958 0.0038015 -0.022365
v 0.040589 0.0177625 -0.017537
v 0.041158 0.0147265 -0.015402
v 0.042747 0.0055605 -0.022378
v 0.042519 0.0072585 -0.019732
v 0.04224 0.0090985 -0.017281
v 0.042122 0.0070165 -0.015338
v 0.042371 0.0049795 -0.014852
v 0.042643 -0.0058035 -0.022953
v 0.041361 -0.0123505 -0.02202
v 0.040524 -0.0159115 -0.022776
v 0.041996 -0.0087555 -0.021388
v 0.042562 -0.0038265 -0.01955
v 0.042416 0.0003585 -0.012608
v 0.041962 -0.0061055 -0.014906
v 0.041489 -0.0105235 -0.018842
v 0.041088 -0.0097335 -0.012035
v 0.040833 -0.0122405 -0.015283
v 0.017 0.0379985 -0.085728
v -0.022245 -0.0152305 -0.091397
v -0.023813 -0.0135225 -0.090635
v -0.023456 -0.0166545 -0.091598
v -0.02492 -0.0166405 -0.091435
v -0.020447 -0.0171915 -0.091989
v -0.017784 -0.0133385 -0.091812
v -0.018354 -0.0183845 -0.091757
v -0.023596 -0.0194545 -0.09151
v -0.023526 -0.0210575 -0.091396
v -0.022822 -0.0180965 -0.091498
v -0.021807 -0.0194835 -0.091749
v -0.020074 -0.0193775 -0.091951
v -0.023289 -0.0255715 -0.091796
v -0.021794 -0.0231685 -0.092102
v -0.019106 -0.0214155 -0.092561
v -0.016205 -0.0179265 -0.091806
v -0.013014 -0.0210965 -0.092177
v -0.010843 -0.0173235 -0.092292
v -0.01018 -0.0244755 -0.092545
v -0.019141 -0.0225915 -0.092586
v -0.019499 -0.0249915 -0.091893
v -0.017096 -0.0248225 -0.092455
v -0.018379 -0.0271625 -0.091914
v -0.010837 -0.0270665 -0.092351
v -0.014731 -0.0275525 -0.09201
v -0.004907 -0.0264995 -0.092647
v -0.007533 -0.0273905 -0.092334
v -0.013574 0.0226685 -0.091462
v -0.00887 0.0275315 -0.092625
v -0.008755 0.0244565 -0.092541
v 0.001392 0.0272505 -0.092567
v -0.00181 0.0101685 -0.092437
v 0.002354 0.0249015 -0.092192
v -0.002438 -0.0063305 -0.092452
v -0.012354 0.0196835 -0.091621
v -0.011457 0.0208335 -0.091715
v -0.004761 0.0089945 -0.091823
v 0.006461 0.0091255 -0.092188
v 0.010051 0.0035265 -0.091732
v 0.005052 0.0226955 -0.091925
v 0.001012 0.0291655 -0.092368
v 0.002722 0.0294245 -0.092173
v 0.003295 0.0279615 -0.092134
v 0.004212 0.0281085 -0.092079
v 0.010708 0.0289285 -0.092579
v 0.00679 0.0285335 -0.092589
v 0.006053 0.0259675 -0.091972
v 0.003829 0.0258985 -0.091717
v 0.011289 0.0258705 -0.092209
v 0.012271 0.0242345 -0.092005
v 0.01686 0.0289465 -0.092328
v 0.017999 0.0274265 -0.09269
v 0.018584 0.0264945 -0.092556
v 0.018903 0.0242415 -0.09201
v 0.019682 0.0213565 -0.092179
v 0.018164 0.0066515 -0.091947
v -0.019835 -0.0078375 -0.091842
v -0.007342 -0.0145685 -0.09252
v 0.007553 -0.0192885 -0.092056
v 0.011305 -0.0128815 -0.092174
v -0.003612 -0.0278195 -0.092455
v -0.005381 -0.0294165 -0.091512
v 0.000719 -0.0259395 -0.092708
v 0.006817 -0.0201735 -0.09211
v 0.005697 -0.0224865 -0.09265
v 0.000224 -0.0292045 -0.091674
v -0.002929 -0.0295975 -0.091422
v 0.004716 -0.0246235 -0.092613
v 0.002739 -0.0277225 -0.092323
v 0.004869 -0.0263465 -0.092081
v 0.005474 -0.0281395 -0.092055
v 0.020828 0.0272695 -0.092046
v 0.020427 0.0245575 -0.091694
v 0.023273 0.0253255 -0.091589
v 0.021384 0.0190645 -0.091589
v 0.02182 0.0229715 -0.091568
v 0.020376 0.0181905 -0.092023
v 0.025107 0.0221055 -0.091318
v 0.022961 0.0188275 -0.091365
v 0.022228 0.0168675 -0.090712
v 0.023154 0.0180645 -0.09106
v 0.022785 0.0172985 -0.09061
v 0.026121 0.0211895 -0.090905
v 0.02584 0.0200595 -0.090451
v 0.025397 0.0178865 -0.089015
v 0.026751 0.0235635 -0.091356
v 0.026403 0.0174615 -0.088632
v 0.026403 0.0174615 -0.088632
v 0.025297 0.0133735 -0.088948
v 0.028301 0.0245095 -0.091106
v 0.028149 0.0225335 -0.090768
v 0.031487 0.0237035 -0.088187
v 0.033913 0.0264605 -0.088867
v 0.032529 0.0242315 -0.088006
v 0.035155 0.0223075 -0.089279
v 0.03453 0.0236085 -0.088867
v 0.035735 0.0240095 -0.089263
v 0.03373 0.0251755 -0.088376
v 0.032563 0.0234365 -0.087949
v 0.035159 0.0252135 -0.089161
v 0.027317 0.0217085 -0.09051
v 0.027911 0.0214305 -0.089385
v 0.027911 0.0214305 -0.089385
v 0.028079 0.0201735 -0.088523
v 0.028079 0.0201735 -0.088523
v 0.027194 0.0185855 -0.088638
v 0.027194 0.0185855 -0.088638
v 0.028098 0.0166645 -0.088847
v 0.028992 0.0178755 -0.088759
v 0.030124 0.0153705 -0.089169
v 0.030495 0.0220065 -0.088008
v 0.031279 0.0164065 -0.088736
v 0.031347 0.0207285 -0.088376
v 0.033154 0.0147905 -0.088811
v 0.03347 0.0172135 -0.08913
v 0.033722 0.0154045 -0.088664
v 0.033326 0.0216645 -0.088793
v 0.035981 0.0185625 -0.089135
v 0.02125 0.0039985 -0.091527
v 0.022343 -0.0008155 -0.090982
v 0.023403 0.0029465 -0.089827
v 0.025874 0.0002835 -0.088843
v 0.026724 0.0020985 -0.088771
v 0.026724 0.0020985 -0.088771
v 0.031025 0.0059825 -0.089667
v 0.032224 0.0136635 -0.089642
v 0.034312 0.0114015 -0.090148
v 0.036516 0.0159695 -0.089216
v 0.03603 0.0146575 -0.088544
v 0.040086 0.0162795 -0.089727
v 0.039752 0.0135195 -0.088435
v 0.037227 0.0034065 -0.090969
v 0.038309 0.0038285 -0.092281
v 0.038317 0.0076415 -0.09217
v 0.035241 -0.0054725 -0.090645
v 0.036473 -0.0029715 -0.090654
v 0.03897 0.0067175 -0.092543
v 0.039594 0.0085675 -0.092327
v 0.038405 0.0085955 -0.091975
v 0.039907 0.0041055 -0.09263
v 0.039114 0.0008775 -0.092699
v 0.038241 -0.0045015 -0.092267
v 0.03714 -0.0018245 -0.090965
v 0.037057 -0.0046215 -0.090696
v 0.038902 -0.0052905 -0.092646
v 0.034632 0.0125465 -0.089758
v 0.035847 0.0112815 -0.090097
v 0.037044 0.0106775 -0.090551
v 0.037028 0.0113445 -0.090169
v 0.039223 0.0114945 -0.091568
v 0.039185 0.0106785 -0.092111
v 0.016614 -0.0094625 -0.091696
v 0.014158 -0.0114235 -0.091552
v 0.014954 -0.0141425 -0.091382
v 0.014268 -0.0171285 -0.091859
v 0.015809 -0.0146045 -0.091517
v 0.019143 -0.0147715 -0.091286
v 0.018799 -0.0178815 -0.091971
v 0.02227 -0.0125745 -0.090932
v 0.022033 -0.0155395 -0.091058
v 0.022933 -0.0107115 -0.090691
v 0.022947 -0.0151915 -0.090681
v 0.023105 -0.0160555 -0.090894
v 0.024046 -0.0170435 -0.090985
v 0.023618 -0.0121455 -0.089873
v 0.023807 -0.0150625 -0.089556
v 0.024178 -0.0120525 -0.089499
v 0.011182 -0.0197085 -0.092154
v 0.007898 -0.0229585 -0.092132
v 0.009023 -0.0204625 -0.091864
v 0.011339 -0.0228375 -0.091882
v 0.013128 -0.0207325 -0.092169
v 0.012087 -0.0245545 -0.09189
v 0.015541 -0.0246145 -0.092866
v 0.006824 -0.0258745 -0.091911
v 0.008872 -0.0269045 -0.092129
v 0.009782 -0.0245675 -0.091928
v 0.009995 -0.0277385 -0.092084
v 0.012597 -0.0274015 -0.092045
v 0.004742 -0.0324525 -0.090609
v 0.004742 -0.0324525 -0.090609
v 0.013524 -0.0265055 -0.092218
v 0.015399 -0.0267635 -0.092369
v 0.017016 -0.0262145 -0.092584
v 0.020643 -0.0240735 -0.092692
v 0.020318 -0.0262965 -0.092347
v 0.024227 -0.0195195 -0.091655
v 0.024455 -0.0224145 -0.092436
v 0.024739 -0.0164065 -0.089428
v 0.025232 -0.0164465 -0.089117
v 0.025666 -0.0219855 -0.092089
v 0.022041 -0.0244225 -0.092495
v 0.024902 -0.0236665 -0.092404
v 0.02675 -0.0240095 -0.091704
v 0.027072 -0.0229565 -0.091611
v 0.023726 -0.0072585 -0.089663
v 0.026367 -0.0090895 -0.088772
v 0.026367 -0.0090895 -0.088772
v 0.026075 -0.0140515 -0.08885
v 0.026075 -0.0140515 -0.08885
v 0.032714 -0.0108345 -0.090085
v 0.028107 -0.0151665 -0.0891
v 0.026579 -0.0170305 -0.088755
v 0.026579 -0.0170305 -0.088755
v 0.031192 -0.0129335 -0.089597
v 0.03113 -0.0153415 -0.088729
v 0.033715 -0.0128135 -0.089079
v 0.027954 -0.0182465 -0.088438
v 0.027954 -0.0182465 -0.088438
v 0.03144 -0.0201395 -0.088489
v 0.0385 -0.0069175 -0.092078
v 0.036433 -0.0074475 -0.090787
v 0.035587 -0.0090765 -0.090417
v 0.03846 -0.0090045 -0.091711
v 0.037225 -0.0076845 -0.091193
v 0.039455 -0.0096725 -0.091959
v 0.039095 -0.0102375 -0.091557
v 0.036973 -0.0097775 -0.090061
v 0.037284 -0.0056665 -0.090969
v 0.036635 -0.0087395 -0.090576
v 0.036272 -0.0104295 -0.089407
v 0.037302 -0.0110205 -0.089242
v 0.037771 -0.0110425 -0.089341
v 0.038878 -0.0110835 -0.090416
v 0.039157 -0.0119855 -0.090311
v 0.039555 -0.0115655 -0.09048
v 0.036521 -0.0152715 -0.089434
v 0.039107 -0.0138385 -0.090376
v 0.033888 -0.0215485 -0.08929
v 0.032835 -0.0227255 -0.088465
v 0.033591 -0.0235275 -0.088679
v -0.022264 -0.0260665 -0.091931
v -0.024974 -0.0266425 -0.091267
v -0.025359 -0.0298395 -0.090451
v -0.025161 -0.0314035 -0.08968
v -0.026444 -0.0325115 -0.089275
v -0.026468 -0.0338415 -0.087676
v -0.026468 -0.0338415 -0.087676
v -0.025334 -0.0328155 -0.089137
v -0.025961 -0.0352955 -0.085055
v -0.025562 -0.0357545 -0.082637
v -0.022395 -0.0340575 -0.088409
v -0.022395 -0.0340575 -0.088409
v -0.023187 -0.0331315 -0.089277
v -0.022991 -0.0352145 -0.086353
v -0.023325 -0.0305075 -0.090443
v -0.019988 -0.0339455 -0.088847
v -0.019988 -0.0339455 -0.088847
v -0.020595 -0.0354215 -0.086791
v -0.023945 -0.0359235 -0.084101
v -0.023146 -0.0358985 -0.084325
v -0.021254 -0.0362755 -0.084251
v -0.015849 -0.0284705 -0.091415
v -0.019892 -0.0305325 -0.09054
v -0.022407 -0.0280395 -0.09123
v -0.015953 -0.0309385 -0.090649
v -0.018225 -0.0340285 -0.089064
v -0.018225 -0.0340285 -0.089064
v -0.015479 -0.0336465 -0.089326
v -0.015479 -0.0336465 -0.089326
v -0.015208 -0.0349165 -0.088485
v -0.015202 -0.0357005 -0.087448
v -0.012836 -0.0305185 -0.090973
v -0.004436 -0.0322685 -0.090602
v -0.004436 -0.0322685 -0.090602
v -0.011931 -0.0323045 -0.090208
v -0.011931 -0.0323045 -0.090208
v -0.008372 -0.0350735 -0.088979
v -0.02189 -0.0363205 -0.082759
v -0.022089 -0.0363045 -0.079822
v -0.019494 -0.0366285 -0.081942
v -0.021851 -0.0364695 -0.076974
v -0.016895 -0.0372325 -0.073626
v -0.016543 -0.0366935 -0.085067
v -0.01685 -0.0369595 -0.083618
v -0.016856 -0.0369205 -0.081487
v -0.011059 -0.0365125 -0.086723
v -0.012827 -0.0372685 -0.084184
v -0.012606 -0.0374405 -0.082211
v -0.0103 -0.0377715 -0.074716
v -0.020319 -0.0368545 -0.069002
v -0.020762 -0.0369295 -0.063545
v -0.007911 -0.0296155 -0.091239
v -0.008885 -0.0372475 -0.085432
v -0.007614 -0.0377505 -0.083821
v -0.007524 -0.0356965 -0.088278
v -0.005681 -0.0370185 -0.086362
v -0.004088 -0.0358065 -0.08835
v 0.001117 -0.0376305 -0.085043
v -0.002865 -0.0378875 -0.082838
v -0.001519 -0.0349525 -0.08929
v -0.001925 -0.0367305 -0.086979
v 0.000647 -0.0354495 -0.089113
v 0.002657 -0.0339605 -0.089763
v 0.000704 -0.0372335 -0.085938
v 0.002692 -0.0350885 -0.089102
v 0.003471 -0.0359675 -0.08809
v 0.002378 -0.0366465 -0.08726
v 0.00321 -0.0378825 -0.081817
v -0.006152 -0.0380045 -0.073771
v 0.003014 -0.0380495 -0.07352
v -0.001491 -0.0380895 -0.072917
v -0.018415 -0.0372025 -0.065006
v -0.016221 -0.0373725 -0.066693
v -0.013861 -0.0377685 -0.063428
v -0.009181 -0.0381375 -0.064714
v -0.007141 -0.0382855 -0.061365
v -0.017573 -0.0374005 -0.057743
v -0.014653 -0.0377745 -0.052439
v -0.011885 -0.0380745 -0.054962
v -0.010275 -0.0381985 -0.057216
v -0.006367 -0.0383235 -0.055498
v -0.005905 -0.0384375 -0.056398
v -0.000719 -0.0382155 -0.067986
v 0.001758 -0.0381975 -0.069219
v 0.006601 -0.0379825 -0.0653
v -0.004307 -0.0383415 -0.064347
v -0.003235 -0.0382305 -0.065429
v -0.001668 -0.0384405 -0.064483
v -0.000901 -0.0383125 -0.063204
v -0.003173 -0.0384185 -0.056915
v -0.004479 -0.0384115 -0.059482
v -0.000663 -0.0384205 -0.058008
v 0.000609 -0.0383015 -0.059808
v 0.004243 -0.0381905 -0.062042
v 0.002042 -0.0383955 -0.059308
v 0.010465 -0.0376495 -0.061841
v 0.007736 -0.0337175 -0.089833
v 0.005014 -0.0349975 -0.08936
v 0.004691 -0.0368875 -0.086623
v 0.006899 -0.0363205 -0.087504
v 0.00746 -0.0349215 -0.089358
v 0.010114 -0.0369265 -0.08602
v 0.012172 -0.0341675 -0.089605
v 0.012543 -0.0350575 -0.088769
v 0.006499 -0.0377065 -0.084172
v 0.012818 -0.0373195 -0.083462
v 0.00874 -0.0377345 -0.07445
v 0.017947 -0.0352475 -0.087748
v 0.016483 -0.0366955 -0.084923
v 0.019502 -0.0358805 -0.086074
v 0.023215 -0.0359775 -0.0837
v 0.021077 -0.0363275 -0.076179
v 0.023031 -0.0347975 -0.087212
v 0.022811 -0.0357205 -0.085211
v 0.026237 -0.0351725 -0.084655
v 0.029367 -0.0343015 -0.083882
v 0.015471 -0.0370845 -0.074309
v 0.014852 -0.0371885 -0.069865
v 0.015825 -0.0371395 -0.066748
v 0.013013 -0.0373365 -0.068188
v 0.016727 -0.0368925 -0.068353
v 0.009764 -0.0378035 -0.067464
v 0.014438 -0.0371765 -0.064152
v 0.018602 -0.0366905 -0.065771
v 0.019068 -0.0365255 -0.059688
v 0.020734 -0.0363415 -0.068625
v 0.019192 -0.0366685 -0.068899
v 0.025022 -0.0354905 -0.066456
v 0.026869 -0.0351585 -0.081936
v 0.029558 -0.0341735 -0.076336
v 0.027349 -0.0348025 -0.062512
v 0.030877 -0.0334375 -0.066591
v 0.033884 -0.0316685 -0.067266
v -0.017823 -0.0373845 -0.050917
v -0.016331 -0.0374845 -0.050824
v -0.014199 -0.0378345 -0.049059
v -0.013455 -0.0379375 -0.043855
v -0.01324 -0.0380445 -0.046545
v -0.010764 -0.0380745 -0.04618
v -0.005098 -0.0383985 -0.048965
v -0.005981 -0.0385095 -0.05142
v -0.005239 -0.0383695 -0.053225
v -0.007347 -0.0382705 -0.049121
v -0.008929 -0.0383385 -0.047597
v -0.005777 -0.0384725 -0.045777
v -0.011531 -0.0381595 -0.037972
v -0.010488 -0.0382115 -0.041716
v -0.006897 -0.0383595 -0.043105
v -0.007073 -0.0384345 -0.039496
v -0.004193 -0.0384585 -0.044451
v -0.003754 -0.0385195 -0.038585
v -0.002583 -0.0384645 -0.040186
v -0.001778 -0.0385395 -0.045395
v 0.001832 -0.0382905 -0.056125
v -0.001562 -0.0383495 -0.052484
v 0.000366 -0.0384175 -0.052254
v -0.001993 -0.0384735 -0.04931
v 0.001318 -0.0382675 -0.050449
v 0.004783 -0.0382375 -0.049267
v 0.007867 -0.0379515 -0.056913
v 0.005757 -0.0380655 -0.05369
v 0.013493 -0.0373045 -0.056491
v 0.01208 -0.0374845 -0.052538
v 0.001562 -0.0383185 -0.048125
v 0.002879 -0.0383655 -0.044526
v 0.00056 -0.0384375 -0.041148
v 0.004114 -0.0383335 -0.040128
v 0.009753 -0.0377545 -0.050145
v 0.014228 -0.0372485 -0.044493
v 0.008878 -0.0379485 -0.045539
v 0.008775 -0.0377975 -0.047566
v 0.008161 -0.0380225 -0.038876
v 0.009908 -0.0377685 -0.042071
v -0.010224 -0.0383305 -0.032169
v -0.005398 -0.0385515 -0.034862
v -0.002464 -0.0385535 -0.036228
v -0.002393 -0.0388135 -0.0275
v -0.005735 -0.0387825 -0.024077
v -0.001814 -0.0386185 -0.033578
v -0.002345 -0.0383445 -0.035239
v -0.003583 -0.0384635 -0.035478
v -0.001011 -0.0386155 -0.0356
v 0.000982 -0.0386015 -0.031051
v 0.003584 -0.0386425 -0.028086
v 0.000755 -0.0385545 -0.037621
v 0.004892 -0.0384495 -0.033226
v 0.003648 -0.0383545 -0.036002
v 0.011192 -0.0376595 -0.038224
v 0.013565 -0.0372325 -0.041891
v 0.016104 -0.0369635 -0.040246
v 0.015146 -0.0371325 -0.035407
v 0.010264 -0.0379355 -0.036099
v 0.011039 -0.0378255 -0.030394
v 0.016016 -0.0370405 -0.025341
v 0.019127 -0.0364465 -0.053121
v 0.023363 -0.0357615 -0.060083
v 0.023675 -0.0356335 -0.054852
v 0.026992 -0.0346795 -0.054737
v 0.020755 -0.0361915 -0.047789
v 0.023221 -0.0357055 -0.049727
v 0.027638 -0.0343685 -0.050543
v 0.015608 -0.0370475 -0.052881
v 0.013344 -0.0371835 -0.052982
v 0.014687 -0.0371125 -0.049131
v 0.032016 -0.0324395 -0.057763
v 0.036362 -0.0297355 -0.067716
v 0.036128 -0.0296635 -0.065344
v 0.036053 -0.0296415 -0.062198
v 0.036239 -0.0292615 -0.060181
v 0.034465 -0.0307615 -0.058315
v 0.036292 -0.0290625 -0.057472
v 0.038091 -0.0276045 -0.058887
v 0.034127 -0.0307235 -0.054663
v 0.029752 -0.0335815 -0.056216
v 0.031129 -0.0326905 -0.052898
v 0.037975 -0.0278745 -0.061552
v 0.038354 -0.0273535 -0.057733
v 0.037994 -0.0273365 -0.055844
v 0.024494 -0.0353185 -0.046951
v 0.028187 -0.0337585 -0.045036
v 0.030239 -0.0326325 -0.044578
v 0.026261 -0.0343665 -0.039752
v 0.029731 -0.0325215 -0.039392
v 0.032927 -0.0304015 -0.040356
v 0.029148 -0.0326385 -0.035322
v 0.032643 -0.0303355 -0.037114
v 0.022286 -0.0358095 -0.042548
v 0.020104 -0.0361865 -0.036549
v 0.022493 -0.0355555 -0.033616
v 0.025296 -0.0341785 -0.024688
v 0.03867 -0.0262765 -0.053494
v 0.036961 -0.0279965 -0.053013
v 0.034459 -0.0298015 -0.047001
v 0.034625 -0.0299235 -0.049833
v 0.036434 -0.0279925 -0.047714
v 0.036947 -0.0273045 -0.046885
v 0.037581 -0.0268815 -0.049959
v 0.03596 -0.0287565 -0.050398
v 0.031922 -0.0318775 -0.048192
v 0.032511 -0.0316615 -0.052137
v 0.033905 -0.0300605 -0.044778
v 0.035061 -0.0284445 -0.041317
v 0.037183 -0.0264655 -0.043106
v 0.038011 -0.0256375 -0.04487
v 0.039516 -0.0234985 -0.044456
v 0.036036 -0.0275035 -0.04126
v 0.037732 -0.0251545 -0.04025
v 0.037178 -0.0256345 -0.037429
v 0.039952 -0.0221745 -0.041571
v 0.039284 -0.0230615 -0.039881
v 0.035493 -0.0276675 -0.037841
v 0.034016 -0.0289005 -0.035737
v 0.00193 -0.0387745 -0.021306
v 0.004202 -0.0387115 -0.024323
v 0.006068 -0.0386505 -0.019688
v 0.010996 -0.0380115 -0.017571
v 0.008535 -0.0384565 -0.011175
v 0.018602 -0.0365325 -0.01718
v 0.015085 -0.0373175 -0.009396
v 0.019915 -0.0361465 -0.006347
v 0.021663 -0.0355825 -0.017686
v 0.015544 -0.0373155 -0.005566
v 0.023661 -0.0346255 -0.006685
v 0.023643 -0.0344965 -0.00144
v 0.024772 -0.0340495 -0.007037
v 0.019563 -0.0361925 -0.000234
v 0.025612 -0.0333315 -0.001313
v 0.025219 -0.0335945 0.000753
v -0.011358 -0.0384895 -0.017619
v -0.007305 -0.0389005 -0.019836
v -0.004988 -0.0389915 -0.017161
v -0.005649 -0.0391325 -0.012836
v -0.002257 -0.0390255 -0.019248
v -0.002037 -0.0391775 -0.013701
v 0.002332 -0.0389715 -0.016987
v -0.003046 -0.0393205 -0.008094
v -0.00649 -0.0392615 -0.004676
v -0.004724 -0.0391695 -0.004932
v 0.000993 -0.0391365 -0.012076
v 0.004292 -0.0389065 -0.011133
v 0.001506 -0.0391415 -0.008153
v -0.000854 -0.0393245 -0.00539
v -0.004915 -0.0393985 0.001537
v 0.00377 -0.0390615 -0.005387
v -0.000186 -0.0394615 0.00236
v 0.002311 -0.0392125 -0.001097
v 0.003041 -0.0391985 0.001746
v 0.003818 -0.0388775 -0.002401
v 0.004807 -0.0391175 -0.003564
v 0.005542 -0.0390495 -0.000602
v 0.007179 -0.0385655 -0.003152
v -0.00402 -0.0394895 0.007931
v 0.000779 -0.0394185 0.008724
v -0.002252 -0.0394745 0.012021
v 0.007986 -0.0384995 0.000308
v 0.006129 -0.0388255 0.00258
v 0.005908 -0.0389285 0.006393
v 0.00941 -0.0383835 0.004697
v 0.006788 -0.0387225 -0.008273
v 0.009059 -0.0382745 -0.008167
v 0.007752 -0.0383975 -0.006205
v 0.00875 -0.0384535 -0.00676
v 0.010819 -0.0381195 -0.00697
v 0.009732 -0.0383735 -0.003948
v 0.011102 -0.0379565 -0.004706
v 0.009925 -0.0384545 -0.002082
v 0.009003 -0.0383015 -0.002722
v 0.012899 -0.0376515 -0.004818
v 0.01457 -0.0375395 -0.003011
v 0.016592 -0.0368945 -0.004899
v 0.01054 -0.0382305 -0.000774
v 0.011028 -0.0381965 0.001346
v 0.012814 -0.0376275 -0.001058
v 0.016958 -0.0368995 -0.002477
v 0.016333 -0.0371795 -0.000502
v 0.015092 -0.0373765 0.002755
v 0.012305 -0.0378655 0.002576
v 0.012327 -0.0379455 0.006489
v 0.012432 -0.0380105 0.004984
v 0.014254 -0.0374205 0.00534
v 0.029895 -0.0317415 -0.029738
v 0.033824 -0.0282735 -0.028101
v 0.036369 -0.0261405 -0.033943
v 0.036135 -0.0259805 -0.031009
v 0.031252 -0.0305665 -0.027203
v 0.036381 -0.0250805 -0.026292
v 0.037779 -0.0234365 -0.028837
v 0.03837 -0.0218995 -0.025499
v 0.035254 -0.0263795 -0.024536
v 0.03271 -0.0288415 -0.021673
v 0.036004 -0.0249945 -0.021896
v 0.02774 -0.0326615 -0.020657
v 0.030076 -0.0308145 -0.016177
v 0.038658 -0.0234205 -0.037097
v 0.037979 -0.0247795 -0.038383
v 0.039742 -0.0214555 -0.035998
v 0.039206 -0.0213315 -0.031678
v 0.036129 -0.0265315 -0.035468
v 0.038127 -0.0236095 -0.033408
v 0.039905 -0.0185405 -0.025721
v 0.039057 -0.0199305 -0.022894
v 0.038439 -0.0210325 -0.023085
v 0.03764 -0.0228115 -0.022669
v 0.03802 -0.0214995 -0.019803
v 0.039389 -0.0182205 -0.018749
v 0.038652 -0.0191245 -0.013635
v 0.034529 -0.0266145 -0.019208
v 0.035842 -0.0246155 -0.016259
v 0.032651 -0.0282465 -0.013094
v 0.037339 -0.0220985 -0.01515
v 0.038184 -0.0204075 -0.016112
v 0.039903 -0.0153465 -0.014007
v 0.040245 -0.0132375 -0.011383
v 0.040432 -0.0125165 -0.009845
v 0.039561 -0.0159175 -0.010746
v 0.040048 -0.0149205 -0.0129
v 0.039285 -0.0155405 -0.00705
v 0.036593 -0.0226855 -0.009419
v 0.039236 -0.0164095 -0.009335
v 0.038309 -0.0187815 -0.008071
v 0.03439 -0.0257595 -0.007805
v 0.028097 -0.0317755 -0.004106
v 0.029954 -0.0301025 -0.002202
v 0.032997 -0.0271705 -0.003592
v 0.028472 -0.0311815 0.002278
v -0.011543 -0.0283205 -0.091986
v -0.008161 -0.0382825 -0.051623
v -0.029703 0.0313285 0.009258
v -0.0328 0.0281905 0.00659
v -0.026063 0.0345625 0.001356
v -0.027005 0.0336775 0.006194
v -0.027294 0.0332465 0.011436
v -0.030551 0.0301995 0.016824
v -0.032694 0.0278265 0.014682
v -0.023906 0.0352855 0.013471
v -0.02794 0.0325855 0.016975
v -0.020452 0.0367615 0.013115
v -0.0181 0.0375745 0.011116
v -0.034297 0.0255505 0.014237
v -0.036442 0.0218005 0.013319
v -0.038209 0.0170265 0.013367
v -0.032846 0.0276785 0.021507
v -0.034782 0.0248855 0.022666
v -0.036657 0.0211825 0.018211
v -0.038817 0.0147235 0.016157
v -0.037423 0.0192535 0.020296
v -0.03878 0.0147825 0.021642
v -0.033585 0.0270415 0.027406
v -0.035803 0.0232965 0.025023
v -0.036569 0.0221155 0.027654
v -0.037885 0.0187775 0.028516
v -0.035929 0.0239615 0.031341
v -0.037664 0.0204685 0.03148
v -0.032404 0.0287915 0.030369
v -0.032078 0.0299185 0.034635
v -0.02976 0.0314755 0.029841
v -0.028454 0.0327925 0.032645
v -0.034526 0.0265745 0.032652
v -0.037583 0.0220055 0.034682
v -0.036778 0.0226025 0.032217
v -0.036083 0.0257785 0.037339
v -0.034339 0.0283365 0.038065
v -0.035586 0.0256105 0.034869
v -0.037783 0.0231895 0.037532
v -0.039056 0.0192765 0.035935
v -0.030248 0.0306195 0.023712
v -0.027279 0.0330485 0.021598
v -0.023401 0.0354235 0.020533
v -0.025435 0.0343345 0.025277
v -0.016344 0.0378705 0.017685
v -0.018628 0.0373215 0.021335
v -0.020668 0.0366085 0.020758
v -0.022343 0.0360385 0.028918
v -0.026351 0.0339695 0.029698
v -0.015992 0.0379145 0.02159
v -0.011982 0.0383925 0.019154
v -0.017 0.0377295 0.024324
v -0.01334 0.0382315 0.026265
v -0.018418 0.0374485 0.031283
v -0.011314 0.0385715 -0.000772
v -0.008541 0.0387645 0.003724
v -0.004539 0.0389335 0.002941
v 0.000493 0.0389275 0.00107
v -0.007271 0.0389435 0.006301
v -0.010114 0.0388055 0.006614
v -0.00518 0.0388895 0.006683
v -0.005698 0.0391035 0.003796
v -0.001095 0.0388565 0.002582
v -0.000433 0.0389305 0.005208
v -0.001455 0.0388435 0.007462
v 0.006499 0.0388255 -0.006958
v 0.011815 0.0384885 -0.013767
v 0.012602 0.0383185 -0.006487
v 0.000581 0.0388745 0.002002
v 0.000993 0.0391065 0.003421
v 0.003103 0.0389375 0.003411
v 0.004982 0.0388795 0.003704
v 0.00792 0.0386295 0.002398
v -0.001039 0.0387825 0.02262
v 0.004083 0.0387645 0.013215
v 0.003202 0.0388695 0.006691
v 0.005231 0.0388295 0.006443
v 0.00634 0.0386405 0.004879
v 0.008069 0.0385175 0.007501
v 0.007082 0.0387655 0.006165
v 0.003871 0.0387895 0.009258
v 0.007425 0.0385925 0.008528
v 0.005568 0.0387455 0.010594
v 0.007742 0.0385905 0.010464
v 0.007625 0.0387225 0.003977
v 0.009683 0.0385155 0.005043
v 0.012317 0.0382525 0.004584
v 0.01022 0.0384985 0.00633
v 0.009606 0.0382815 0.009293
v 0.011907 0.0381815 0.008216
v 0.011082 0.0382625 0.0118
v 0.014602 0.0380085 0.009883
v 0.015201 0.0379765 0.006071
v 0.011549 0.0381525 0.031278
v 0.017715 0.0374585 0.014028
v -0.015282 0.0380445 0.011325
v -0.011934 0.0384725 0.009448
v -0.010498 0.0386845 0.00821
v -0.009818 0.0387585 0.010257
v -0.009707 0.0386275 0.008837
v -0.008544 0.0388115 0.00876
v -0.007133 0.0387935 0.011944
v -0.010163 0.0385515 0.026757
v -0.005836 0.0387735 0.023528
v -0.038435 0.0261255 0.044415
v -0.036546 0.0268655 0.041024
v -0.038632 0.0238375 0.041029
v -0.038076 0.0283295 0.048392
v -0.034923 0.0297185 0.043543
v -0.031411 0.0311455 0.037519
v -0.028628 0.0332445 0.03707
v -0.031948 0.0315605 0.041026
v -0.029757 0.0338525 0.044765
v -0.039643 0.0220285 0.040792
v -0.040058 0.0264435 0.049859
v -0.039363 0.0277995 0.05284
v -0.034477 0.0321605 0.051976
v -0.035424 0.0307525 0.048297
v -0.036722 0.0302435 0.051064
v -0.032826 0.0324025 0.046987
v -0.030535 0.0343155 0.050144
v -0.026077 0.0356825 0.045428
v -0.02719 0.0356985 0.050293
v -0.02542 0.0349895 0.035614
v -0.021814 0.0366845 0.037727
v -0.01355 0.0382395 0.033997
v -0.022793 0.0367695 0.046087
v -0.019426 0.0374205 0.043825
v -0.014306 0.0380285 0.045726
v -0.008028 0.0385465 0.043644
v -0.0383 0.0292765 0.055761
v -0.04049 0.0266865 0.056059
v -0.037747 0.0294835 0.056481
v -0.036755 0.0306595 0.055598
v -0.03862 0.0276265 0.057582
v -0.03546 0.0316755 0.05615
v -0.037036 0.0290795 0.057624
v -0.037036 0.0290795 0.057624
v -0.032674 0.0335845 0.055644
v -0.036799 0.0304595 0.058702
v -0.035386 0.0305295 0.057603
v -0.031217 0.0341075 0.056487
v -0.032589 0.0325095 0.057602
v -0.033864 0.0326665 0.058601
v -0.033885 0.0319285 0.057826
v -0.032736 0.0333895 0.059636
v -0.034921 0.0319605 0.059426
v -0.030475 0.0344945 0.058361
v -0.030282 0.0337775 0.057615
v -0.034421 0.0314285 0.057392
v -0.030504 0.0346975 0.055241
v -0.024701 0.0364655 0.052385
v -0.027506 0.0358465 0.055787
v -0.024594 0.0365755 0.056007
v -0.020506 0.0372085 0.055936
v -0.027951 0.0354485 0.056493
v -0.03068 0.0346605 0.05898
v -0.033163 0.0326725 0.063489
v -0.03028 0.0344135 0.062269
v -0.035648 0.0308075 0.063021
v -0.03253 0.0327475 0.067023
v -0.029856 0.0341245 0.068085
v -0.026812 0.0361335 0.058761
v -0.025205 0.0355145 0.057713
v -0.02816 0.0347295 0.057973
v -0.024717 0.0363895 0.062201
v -0.02758 0.0355015 0.063191
v -0.026624 0.0352555 0.057449
v -0.022509 0.0370995 0.05926
v -0.022332 0.0370045 0.05869
v -0.022188 0.0362815 0.057914
v -0.021221 0.0370665 0.061578
v -0.01156 0.0381855 0.052538
v -0.006237 0.0384655 0.052367
v -0.009973 0.0383745 0.055494
v -0.017977 0.0375315 0.052173
v -0.021983 0.0362535 0.057407
v -0.020075 0.0362315 0.057889
v -0.019692 0.0370185 0.05872
v -0.017652 0.0366975 0.057622
v -0.015512 0.0379065 0.055648
v -0.019619 0.0372845 0.059306
v -0.017162 0.0367605 0.058098
v -0.016466 0.0374965 0.058701
v -0.018148 0.0372445 0.063428
v -0.008844 0.0382185 0.056262
v -0.014249 0.0369885 0.057539
v -0.01283 0.0380885 0.059077
v -0.014478 0.0377745 0.058718
v -0.014943 0.0369125 0.057984
v -0.012302 0.0372475 0.058233
v -0.011708 0.0370505 0.057719
v -0.011534 0.0379615 0.058636
v -0.010233 0.0374165 0.058183
v -0.008704 0.0374735 0.057417
v -0.009929 0.0380455 0.058632
v -0.009046 0.0375685 0.058055
v -0.007573 0.0377375 0.058259
v -0.006081 0.0385115 0.055662
v -0.006566 0.0373085 0.057691
v -0.004155 0.0374955 0.057639
v -0.00523 0.0387475 0.030951
v 0.004495 0.0386195 0.028173
v 0.017671 0.0374775 0.03066
v 0.002236 0.0386235 0.043753
v -0.001359 0.0385835 0.049175
v -0.00335 0.0386525 0.054805
v -0.001722 0.0383555 0.056362
v 0.000585 0.0385835 0.055699
v 0.003559 0.0384655 0.05218
v 0.007113 0.0384185 0.047986
v 0.009811 0.0382775 0.052153
v 0.02086 0.0372455 0.045949
v 0.024839 0.0365185 0.045511
v 0.015626 0.0378425 0.051501
v 0.023989 0.0368065 0.051202
v -0.032087 0.0323575 0.071486
v -0.034377 0.0312465 0.068038
v -0.029518 0.0338415 0.072151
v -0.026896 0.0350595 0.071426
v -0.030717 0.0330555 0.073599
v -0.02761 0.0345635 0.073649
v -0.03006 0.0334765 0.074601
v -0.020653 0.0369315 0.06699
v -0.024536 0.0358885 0.069578
v -0.024962 0.0355645 0.074414
v -0.019529 0.0369175 0.070255
v -0.027129 0.0348205 0.074673
v -0.02854 0.0334195 0.078734
v -0.025499 0.0348245 0.078288
v -0.023132 0.0360515 0.07353
v -0.021728 0.0363545 0.07488
v -0.022455 0.0358805 0.077091
v -0.019218 0.0366425 0.074888
v -0.019106 0.0368285 0.072636
v -0.018333 0.0371285 0.074321
v -0.022396 0.0355475 0.078461
v -0.025001 0.0343795 0.079477
v -0.022761 0.0343175 0.080122
v -0.018698 0.0363305 0.077434
v -0.018068 0.0358755 0.078785
v -0.017816 0.0346075 0.080214
v -0.010775 0.0380295 0.061823
v -0.013306 0.0373805 0.068724
v -0.009273 0.0383355 0.059231
v -0.00702 0.0384595 0.059039
v -0.008406 0.0382215 0.058656
v -0.005899 0.0383675 0.058742
v -0.005998 0.0375205 0.058234
v -0.004154 0.0385675 0.059553
v -0.006391 0.0379945 0.066174
v -0.002346 0.0382875 0.062537
v -0.013905 0.0372675 0.071719
v -0.008491 0.0375095 0.071534
v -0.012884 0.0375125 0.072313
v -0.015585 0.0384265 0.073262
v -0.015681 0.0385005 0.073889
v -0.010876 0.0384715 0.073553
v -0.016396 0.0381285 0.074308
v -0.012841 0.0383635 0.07408
v -0.012729 0.0383545 0.073121
v -0.014448 0.0375275 0.07256
v -0.010531 0.0378085 0.072638
v -0.010129 0.0382335 0.07405
v -0.011757 0.0374065 0.074621
v -0.006782 0.0375345 0.07461
v -0.015331 0.0371865 0.071432
v -0.016831 0.0371055 0.072165
v -0.017305 0.0378395 0.073267
v -0.016723 0.0379355 0.073058
v -0.015984 0.0372265 0.07244
v -0.01571 0.0370335 0.074831
v -0.014025 0.0366265 0.077716
v -0.010279 0.0369785 0.077017
v -0.009837 0.0372655 0.075053
v -0.008861 0.0376785 0.072128
v -0.008754 0.0382955 0.072835
v -0.007537 0.0376115 0.072424
v -0.006186 0.0375595 0.071427
v -0.007229 0.0383855 0.073747
v -0.006552 0.0381945 0.073048
v -0.001123 0.0379225 0.069153
v -0.004179 0.0376795 0.071954
v -0.004131 0.0383445 0.073149
v -0.002444 0.0382105 0.073862
v -0.00099 0.0377275 0.071688
v -0.002664 0.0383025 0.073372
v -0.010541 0.0360515 0.079163
v -0.009563 0.0365815 0.078319
v -0.004549 0.0350575 0.080115
v -0.011066 0.0312595 0.081739
v -0.000432 0.0376275 0.074617
v -0.001554 0.0372525 0.077143
v -0.007452 0.0369545 0.077644
v -0.003155 0.0365435 0.078734
v 0.002302 0.0359205 0.07942
v 0.007488 0.0343885 0.080282
v 0.003303 0.0382925 0.056483
v 0.004731 0.0386175 0.059061
v 0.001813 0.0384385 0.058706
v 9.2e-05 0.0386445 0.059187
v 0.006838 0.0385155 0.055442
v 0.005498 0.0373645 0.057552
v 0.005498 0.0373645 0.057552
v -0.000169 0.0374665 0.057569
v -0.000169 0.0374665 0.057569
v 0.011305 0.0378905 0.056446
v 0.012062 0.0382805 0.055417
v 0.002926 0.0376415 0.057985
v 0.00742 0.0376515 0.058137
v 0.008221 0.0372365 0.057599
v 0.007855 0.0384295 0.05871
v 0.009397 0.0383475 0.058696
v 0.01044 0.0373625 0.057266
v 0.010303 0.0375785 0.058027
v 0.008846 0.0384945 0.059216
v 0.009735 0.0380645 0.062829
v 0.010257 0.0384045 0.059181
v 0.012542 0.0382725 0.058993
v -0.002546 0.0376695 0.057996
v -0.002053 0.0385045 0.058638
v 0.002451 0.0382285 0.063775
v 0.004685 0.0375905 0.071701
v 0.005823 0.0379515 0.067976
v 0.010871 0.0374805 0.070606
v 0.015351 0.0374855 0.066305
v 0.0184 0.0377015 0.055477
v 0.012242 0.0370195 0.05743
v 0.012157 0.0371195 0.057831
v 0.017993 0.0372075 0.056579
v 0.014226 0.0369055 0.057487
v 0.014242 0.0370975 0.057945
v 0.017722 0.0375565 0.05854
v 0.016695 0.0365685 0.057491
v 0.016695 0.0365685 0.057491
v 0.016595 0.0369735 0.058088
v 0.018575 0.0364095 0.057626
v 0.018575 0.0364095 0.057626
v 0.020839 0.0372595 0.051844
v 0.026478 0.0363595 0.05085
v 0.023495 0.0369595 0.051916
v 0.022792 0.0369365 0.052414
v 0.022784 0.0371795 0.055147
v 0.021975 0.0372575 0.052906
v 0.021055 0.0361135 0.057432
v 0.021055 0.0361135 0.057432
v 0.024451 0.0365295 0.056326
v 0.024917 0.0367985 0.053772
v 0.028434 0.0361035 0.055216
v 0.014673 0.0377865 0.062144
v 0.018715 0.0376275 0.059052
v 0.023015 0.0369075 0.06277
v 0.023734 0.0364645 0.068699
v 0.02091 0.0365885 0.05815
v 0.024432 0.0359175 0.057497
v 0.022423 0.0370795 0.058788
v 0.023592 0.0368865 0.058431
v 0.024022 0.0370975 0.059088
v 0.025709 0.0356615 0.057154
v 0.025709 0.0356615 0.057154
v 0.027135 0.0352995 0.057514
v 0.025918 0.0367155 0.058704
v 0.026595 0.0363835 0.061032
v 0.027488 0.0364545 0.058887
v 0.027547 0.0360105 0.06395
v 0.000233 0.0382545 0.073208
v 0.002318 0.0383435 0.073632
v 0.004768 0.0375375 0.074625
v 0.005248 0.0383135 0.073612
v 0.009464 0.0382095 0.073783
v 0.007832 0.0374755 0.07456
v 0.005057 0.0372205 0.076908
v 0.00314 0.0367145 0.078377
v 0.007058 0.0371945 0.076458
v 0.006251 0.0366455 0.078299
v 0.009223 0.0358395 0.079327
v 0.009195 0.0375175 0.071832
v 0.007502 0.0382845 0.073213
v 0.010402 0.0382365 0.073109
v 0.012514 0.0375185 0.072276
v 0.014913 0.0371455 0.071696
v 0.011678 0.0373545 0.071711
v 0.013116 0.0373485 0.071636
v 0.008536 0.0369985 0.07733
v 0.009523 0.0372935 0.074948
v 0.010717 0.0372865 0.074593
v 0.011873 0.0363505 0.078394
v 0.013339 0.0367885 0.07692
v 0.01498 0.0383445 0.073536
v 0.014749 0.0381435 0.073967
v 0.013152 0.0371805 0.074672
v 0.014492 0.0381005 0.073091
v 0.015551 0.0372265 0.072506
v 0.0155 0.0371455 0.074577
v 0.015745 0.0368625 0.075297
v 0.016158 0.0353365 0.079401
v 0.01486 0.0362135 0.078284
v 0.017935 0.0370085 0.069152
v 0.01687 0.0370405 0.071814
v 0.017157 0.0382355 0.073111
v 0.016531 0.0373365 0.072518
v 0.017761 0.0369555 0.072318
v 0.018939 0.0377825 0.073163
v 0.019119 0.0368935 0.07215
v 0.017835 0.0368425 0.074566
v 0.017914 0.0383485 0.073766
v 0.018578 0.0378855 0.074273
v 0.021329 0.0365435 0.071768
v 0.020547 0.0370105 0.07306
v 0.019894 0.0374665 0.073856
v 0.02117 0.0365805 0.07418
v 0.021469 0.0363955 0.07327
v 0.027264 0.0355795 0.069353
v 0.02951 0.0350595 0.067325
v 0.025204 0.0357895 0.073391
v 0.031033 0.0338205 0.072971
v 0.028691 0.0347635 0.073325
v 0.018904 0.0362885 0.077186
v 0.020648 0.0364285 0.075202
v 0.018991 0.0359415 0.078211
v 0.019827 0.0368725 0.074483
v 0.024296 0.0360255 0.074585
v 0.023778 0.0356545 0.077523
v 0.022867 0.0353295 0.078617
v 0.022288 0.0342245 0.079993
v 0.025459 0.0340645 0.079726
v 0.024676 0.0327065 0.080792
v 0.018126 0.0297605 0.082169
v 0.018621 0.0220225 0.085374
v 0.018367 0.0250765 0.084118
v 0.027308 0.0276085 0.083057
v 0.028016 0.0350135 0.074224
v 0.025918 0.0351815 0.077299
v 0.031583 0.0333635 0.074457
v 0.029389 0.0338355 0.077734
v 0.025293 0.0349935 0.078383
v 0.02773 0.0341685 0.078682
v 0.029866 0.0305435 0.081669
v 0.031196 0.0328535 0.078333
v 0.029937 0.0323645 0.08015
v 0.032137 0.0318695 0.079324
v 0.032211 0.0303035 0.081234
v -0.043631 0.0199335 0.058793
v -0.044719 0.0158355 0.058819
v -0.043386 0.0185885 0.063056
v -0.042473 0.0219775 0.060973
v -0.042805 0.0219825 0.058644
v -0.043442 0.0159345 0.067356
v -0.040415 0.0236715 0.068962
v -0.039744 0.0255015 0.066692
v -0.04098 0.0242085 0.063184
v -0.042047 0.0207835 0.067573
v -0.042218 0.0166215 0.072668
v -0.041226 0.0206575 0.071649
v -0.039148 0.0250985 0.070883
v -0.040461 0.0220985 0.072871
v -0.041337 0.0198715 0.073187
v -0.041476 0.0204015 0.074129
v -0.042194 0.0178485 0.07425
v -0.045469 0.0112045 0.058813
v -0.04505 0.0095185 0.063382
v -0.044306 0.0120265 0.066495
v -0.043362 0.0129235 0.070235
v -0.044623 0.0084115 0.067423
v -0.043521 0.0071385 0.072345
v -0.042944 0.0124685 0.072641
v -0.042619 0.0155005 0.074229
v -0.043119 0.0104495 0.074393
v -0.042155 0.0130345 0.078038
v -0.045057 0.0045505 0.066902
v -0.043217 0.0064565 0.075098
v -0.0423 0.0066635 0.080289
v -0.039876 0.0093355 0.016949
v -0.040008 0.0080315 0.021215
v -0.039568 0.0107475 0.022721
v -0.039023 0.0139305 0.025313
v -0.040104 0.0084955 0.02749
v -0.040488 0.0035175 0.023931
v -0.040806 -0.0005375 0.027001
v -0.040769 0.0027855 0.028688
v -0.041334 8.05e-05 0.031532
v -0.040686 -0.0033595 0.027707
v -0.040776 0.0002715 0.015784
v -0.040328 0.0055475 0.018209
v -0.040669 -0.0002365 0.022555
v -0.040601 -0.0013865 0.020092
v -0.040423 -0.0053545 0.019443
v -0.039952 -0.0095205 0.020838
v -0.039023 -0.0143255 0.021112
v -0.040363 -0.0064435 0.026056
v -0.041113 -0.0047385 0.031588
v -0.040704 -0.0062615 0.029595
v -0.039901 -0.0103595 0.025283
v -0.03911 -0.0149075 0.026946
v -0.03822 -0.0182475 0.026893
v -0.03977 -0.0117285 0.027895
v -0.040334 -0.0093405 0.029863
v -0.040341 -0.0112005 0.031702
v -0.038638 0.0164595 0.029131
v -0.039467 0.0123375 0.027992
v -0.039454 0.0157955 0.033428
v -0.039988 0.0113455 0.030758
v -0.040972 0.0048715 0.031444
v -0.040876 0.0089645 0.033308
v -0.040519 0.0127555 0.034849
v -0.042262 0.0044965 0.036093
v -0.04133 0.0094815 0.035267
v -0.041933 0.0174125 0.041503
v -0.041448 0.0147805 0.038802
v -0.042829 0.0149165 0.042116
v -0.043351 0.0131725 0.042145
v -0.042799 0.0112075 0.039886
v -0.04274 0.0084855 0.038439
v -0.044641 0.0097705 0.043643
v -0.040244 0.0160575 0.036545
v -0.040277 0.0200505 0.04023
v -0.041794 -0.0035365 0.034049
v -0.042327 -0.0024045 0.035801
v -0.041934 0.0004245 0.034124
v -0.043147 0.0005915 0.037535
v -0.044358 -0.0001955 0.04029
v -0.041858 -0.0068135 0.03549
v -0.041036 -0.0081725 0.033114
v -0.041383 -0.0097465 0.035031
v -0.042197 -0.0108045 0.037932
v -0.042949 -0.0056425 0.037917
v -0.043831 -0.0058825 0.040017
v -0.043589 -0.0091745 0.040467
v -0.04516 0.0041385 0.042993
v -0.045604 0.0073455 0.045536
v -0.046248 0.0044955 0.047085
v -0.045862 -0.0003845 0.044628
v -0.045157 -0.0041375 0.042834
v -0.046044 -0.0058985 0.046088
v -0.046615 7.55e-05 0.047941
v -0.046722 -0.0029495 0.049215
v -0.046324 -0.0080835 0.048225
v -0.04473 -0.0070685 0.04249
v -0.036178 -0.0227325 0.021957
v -0.03472 -0.0253395 0.023457
v -0.03472 -0.0253395 0.023457
v -0.037166 -0.0209645 0.025468
v -0.03615 -0.0233895 0.026743
v -0.033021 -0.0277245 0.022492
v -0.037537 -0.0207465 0.029184
v -0.03824 -0.0197075 0.031276
v -0.03929 -0.0159365 0.030897
v -0.040195 -0.0139755 0.033652
v -0.039779 -0.0173665 0.034965
v -0.038954 -0.0189705 0.033607
v -0.037925 -0.0212775 0.033304
v -0.037297 -0.0231905 0.034255
v -0.037297 -0.0231905 0.034255
v -0.036109 -0.0242735 0.031028
v -0.036109 -0.0242735 0.031028
v -0.033532 -0.0278215 0.029439
v -0.034678 -0.0271235 0.033389
v -0.036095 -0.0262095 0.0367
v -0.03451 -0.0292405 0.0396
v -0.032964 -0.0298145 0.035894
v -0.031217 -0.0308615 0.032741
v -0.042222 -0.0142135 0.039568
v -0.043546 -0.0131145 0.041974
v -0.041087 -0.0160845 0.037997
v -0.04186 -0.0168325 0.040637
v -0.042797 -0.0160185 0.041812
v -0.042677 -0.0175305 0.042582
v -0.041564 -0.0182085 0.040462
v -0.044714 -0.0114575 0.04408
v -0.045414 -0.0121525 0.046922
v -0.044373 -0.0155165 0.045658
v -0.046027 -0.0127185 0.050755
v -0.044664 -0.0173765 0.048477
v -0.043279 -0.0193245 0.045679
v -0.040996 -0.0215775 0.042354
v -0.043637 -0.0199155 0.047588
v -0.042885 -0.0216795 0.047566
v -0.041109 -0.0243215 0.046464
v -0.041109 -0.0243215 0.046464
v -0.042052 -0.0239755 0.049134
v -0.042052 -0.0239755 0.049134
v -0.04515 -0.0173645 0.051511
v -0.044272 -0.0202975 0.051768
v -0.043498 -0.0221665 0.05163
v -0.043498 -0.0221665 0.05163
v -0.041851 -0.0254315 0.052991
v -0.04053 -0.0187175 0.038612
v -0.039405 -0.0207025 0.037578
v -0.038216 -0.0220365 0.03571
v -0.037709 -0.0240395 0.037464
v -0.037709 -0.0240395 0.037464
v -0.037372 -0.0255935 0.039332
v -0.039752 -0.0219655 0.039979
v -0.038934 -0.0241275 0.040842
v -0.038934 -0.0241275 0.040842
v -0.037026 -0.0271405 0.041323
v -0.037032 -0.0289845 0.045353
v -0.029259 -0.0332105 0.036476
v -0.031228 -0.0326725 0.041063
v -0.03302 -0.0315045 0.041963
v -0.029695 -0.0343115 0.044018
v -0.02854 -0.0347075 0.042843
v -0.039629 -0.0268815 0.047487
v -0.038342 -0.0290785 0.049525
v -0.035927 -0.0311245 0.048758
v -0.040434 -0.0269055 0.050665
v -0.039528 -0.0284785 0.053563
v -0.03607 -0.0318475 0.054115
v -0.034494 -0.0324535 0.049827
v -0.031607 -0.0343505 0.050754
v -0.027677 -0.0353925 0.044243
v -0.028666 -0.0356375 0.050343
v -0.034037 -0.0333695 0.055447
v -0.030547 -0.0304045 0.020426
v -0.02914 -0.0318765 0.023426
v -0.031306 -0.0300795 0.026996
v -0.027955 -0.0330505 0.026867
v -0.026309 -0.0340595 0.023492
v -0.022667 -0.0360875 0.020088
v -0.024701 -0.0350615 0.024335
v -0.018893 -0.0376285 0.020865
v -0.021092 -0.0367475 0.022651
v -0.029284 -0.0321595 0.029042
v -0.022837 -0.0361695 0.027598
v -0.018187 -0.0378465 0.023662
v -0.025604 -0.0348995 0.030734
v -0.02934 -0.0326045 0.032823
v -0.027292 -0.0339335 0.031754
v -0.026465 -0.0348985 0.035684
v -0.020914 -0.0368775 0.025817
v -0.020067 -0.0372935 0.027555
v -0.017132 -0.0380935 0.026869
v -0.021553 -0.0368575 0.031537
v -0.023455 -0.0361675 0.033078
v -0.01841 -0.0378625 0.032044
v -0.018198 -0.0376665 0.018217
v -0.013225 -0.0386845 0.01953
v -0.016125 -0.0382975 0.01904
v -0.01322 -0.0387315 0.015333
v -0.011598 -0.0388945 0.014951
v -0.009552 -0.0391945 0.015819
v -0.010535 -0.0391115 0.017696
v -0.010784 -0.0391575 0.016062
v -0.007166 -0.0393525 0.018694
v -0.009789 -0.0392425 0.022525
v -0.004758 -0.0396205 0.019429
v -0.004349 -0.0394875 0.016149
v -0.005554 -0.0394395 0.024399
v -0.001865 -0.0394975 0.021483
v -0.015002 -0.0385055 0.023604
v -0.014908 -0.0383955 0.024989
v -0.014093 -0.0386515 0.026362
v -0.01478 -0.0384955 0.034609
v -0.011493 -0.0388775 0.024386
v -0.011951 -0.0388625 0.030612
v -0.010223 -0.0391445 0.026841
v -0.009634 -0.0390945 0.029393
v -0.004775 -0.0393165 0.029481
v -0.003134 -0.0394615 0.030817
v -0.006766 -0.0394795 0.028636
v -0.02719 -0.0351195 0.040299
v -0.024587 -0.0359515 0.036924
v -0.023494 -0.0366765 0.040003
v -0.021004 -0.0373085 0.036197
v -0.01947 -0.0377465 0.038847
v -0.021302 -0.0373645 0.039504
v -0.019436 -0.0377425 0.042148
v -0.025604 -0.0362605 0.044044
v -0.025999 -0.0364035 0.04861
v -0.022249 -0.0372715 0.045264
v -0.021869 -0.0373225 0.04865
v -0.024837 -0.0368075 0.052174
v -0.018392 -0.0378675 0.052591
v -0.017425 -0.0380625 0.043732
v -0.012367 -0.0386905 0.043734
v -0.014698 -0.0383005 0.049933
v -0.010132 -0.0391475 0.033202
v -0.010988 -0.0389295 0.036867
v -0.007939 -0.0391455 0.033913
v -0.006537 -0.0393675 0.035012
v -0.006705 -0.0393175 0.030947
v -0.001609 -0.0393595 0.034927
v 0.001209 -0.0393815 0.029462
v -0.00043 -0.0394545 0.036879
v -0.006568 -0.0391985 0.040941
v 0.00134 -0.0392735 0.034765
v -0.000829 -0.0392875 0.041924
v -0.004366 -0.0390845 0.049208
v -0.042221 0.0213925 0.046485
v -0.042528 0.0193755 0.044735
v -0.042261 0.0179855 0.043057
v -0.043248 0.0165905 0.044161
v -0.04405 0.0178585 0.047909
v -0.04297 0.0214355 0.049437
v -0.041134 0.0237965 0.047178
v -0.043968 0.0196905 0.05097
v -0.044589 0.0134275 0.045614
v -0.045864 0.0094265 0.047894
v -0.045164 0.0147945 0.049546
v -0.045923 0.0116265 0.051001
v -0.045043 0.0166275 0.052351
v -0.041874 0.0239925 0.050849
v -0.043143 0.0220195 0.052577
v -0.043889 0.0206995 0.055672
v -0.041361 0.0252475 0.053579
v -0.042343 0.0238845 0.055585
v -0.042221 0.0237015 0.056518
v -0.044692 0.0183585 0.054654
v -0.045614 0.0143285 0.054865
v -0.045284 0.0157815 0.056247
v -0.044287 0.0195275 0.056191
v -0.042525 0.0214865 0.057669
v -0.043891 0.0182175 0.057608
v -0.046279 0.0099755 0.05601
v -0.044589 0.0151925 0.057674
v -0.045728 0.0114325 0.056813
v -0.046442 0.0075615 0.051513
v -0.04676 0.0022405 0.051232
v -0.046525 0.0060445 0.055755
v -0.046786 -0.0056925 0.05163
v -0.046875 -0.0035855 0.054003
v -0.046844 -0.0008755 0.055721
v -0.04677 -0.0038585 0.056355
v -0.046076 -0.0017835 0.057623
v -0.045169 0.0113865 0.05769
v -0.045646 0.0075295 0.057605
v -0.046597 0.0036535 0.056584
v -0.046026 0.0062625 0.0588
v -0.04604 0.0014625 0.057732
v -0.046308 0.0014105 0.058864
v -0.046681 0.0006475 0.056642
v -0.046212 -0.0050225 0.058802
v -0.045925 -0.0003105 0.061413
v -0.038917 0.0282415 0.058857
v -0.039932 0.0259465 0.057824
v -0.040326 0.0264305 0.058751
v -0.040163 0.0256295 0.05749
v -0.041249 0.0249945 0.05873
v -0.041545 0.0234885 0.057627
v -0.037908 0.0286305 0.062378
v -0.03958 0.0265815 0.062574
v -0.038275 0.0274915 0.067011
v -0.036157 0.0295885 0.068289
v -0.036752 0.0282775 0.071048
v -0.034805 0.0302335 0.071087
v -0.045029 9.15e-05 0.067897
v -0.044035 0.0028745 0.071199
v -0.043455 0.0023355 0.074387
v -0.046507 -0.0096605 0.052539
v -0.046704 -0.0079435 0.055752
v -0.045979 -0.0139855 0.056083
v -0.046409 -0.0087815 0.056625
v -0.045933 -0.0057555 0.05771
v -0.045866 -0.0081305 0.057619
v -0.045578 -0.0104565 0.057773
v -0.046001 -0.0089165 0.058837
v -0.045001 -0.0148575 0.057571
v -0.045452 -0.0130655 0.058919
v -0.045113 -0.0154985 0.05876
v -0.045355 -0.0174145 0.05537
v -0.044917 -0.0189655 0.055605
v -0.043974 -0.0216765 0.055556
v -0.043974 -0.0216765 0.055556
v -0.045394 -0.0163385 0.056473
v -0.043896 -0.0210355 0.05653
v -0.043896 -0.0210355 0.05653
v -0.044152 -0.0179785 0.057673
v -0.044498 -0.0184385 0.058862
v -0.043241 -0.0206865 0.057611
v -0.043241 -0.0206865 0.057611
v -0.043875 -0.0204755 0.058775
v -0.043875 -0.0204755 0.058775
v -0.045622 -0.0093605 0.06052
v -0.045228 -0.0098195 0.063259
v -0.045006 -0.0051625 0.067395
v -0.044439 -0.0110325 0.06782
v -0.044841 -0.0135205 0.063011
v -0.043821 -0.0155385 0.067189
v -0.044168 -0.0173655 0.062311
v -0.04336 -0.0189625 0.065505
v -0.042802 -0.0240725 0.055311
v -0.042093 -0.0248375 0.056258
v -0.040767 -0.0272185 0.05566
v -0.041595 -0.0240335 0.057573
v -0.041595 -0.0240335 0.057573
v -0.040164 -0.0273245 0.056508
v -0.03986 -0.0264375 0.057502
v -0.042985 -0.0225285 0.058719
v -0.043449 -0.0205555 0.06071
v -0.043449 -0.0205555 0.06071
v -0.04158 -0.0251115 0.058534
v -0.041508 -0.0251525 0.059192
v -0.040612 -0.0261595 0.058256
v -0.040127 -0.0273125 0.058773
v -0.041969 -0.0236475 0.061348
v -0.042118 -0.0222735 0.065639
v -0.042118 -0.0222735 0.065639
v -0.040909 -0.0253155 0.062467
v -0.039201 -0.0278605 0.061364
v -0.039228 -0.0270605 0.066034
v -0.040557 -0.0248515 0.066754
v -0.040284 -0.0231995 0.072292
v -0.04159 -0.0207095 0.070997
v -0.04159 -0.0207095 0.070997
v -0.038679 -0.0262765 0.070791
v -0.036336 -0.0289135 0.072046
v -0.037867 -0.0304565 0.055335
v -0.03824 -0.0297525 0.056161
v -0.038126 -0.0285765 0.057386
v -0.038795 -0.0278045 0.057794
v -0.038206 -0.0295275 0.058736
v -0.036675 -0.0299725 0.057739
v -0.035317 -0.0318525 0.056693
v -0.03593 -0.0319615 0.055717
v -0.038681 -0.0290355 0.059079
v -0.036561 -0.0307145 0.060973
v -0.036001 -0.0315845 0.059053
v -0.035665 -0.0307715 0.057399
v -0.033454 -0.0323105 0.057746
v -0.03575 -0.0316215 0.058546
v -0.034046 -0.0330165 0.058822
v -0.034022 -0.0326295 0.06127
v -0.031063 -0.0343575 0.061646
v -0.032422 -0.0342925 0.054988
v -0.032438 -0.0339715 0.056202
v -0.029522 -0.0356245 0.055526
v -0.025534 -0.0368365 0.055425
v -0.0256 -0.0365855 0.056131
v -0.031633 -0.0334245 0.057387
v -0.030972 -0.0345155 0.058448
v -0.029224 -0.0352435 0.056573
v -0.030904 -0.0337435 0.057717
v -0.030081 -0.0343895 0.05811
v -0.028171 -0.0348015 0.057432
v -0.03103 -0.0346935 0.058978
v -0.02849 -0.0357645 0.059009
v -0.02803 -0.0349195 0.057718
v -0.025954 -0.0355285 0.057569
v -0.029272 -0.0352145 0.058393
v -0.026674 -0.0363025 0.058747
v -0.027281 -0.0359605 0.061829
v -0.023815 -0.0369575 0.058723
v -0.037152 -0.0295545 0.065842
v -0.035056 -0.0314635 0.065806
v -0.031603 -0.0337405 0.065426
v -0.032216 -0.0328275 0.06929
v -0.027751 -0.0353655 0.06812
v -0.029976 -0.0340425 0.069869
v -0.025418 -0.0363175 0.065302
v -0.023189 -0.0366155 0.069824
v -0.022189 -0.0368075 0.067885
v -0.043956 -0.0033745 0.071859
v -0.043529 -0.0089725 0.072027
v -0.04323 -0.0138055 0.071374
v -0.043087 -0.0084105 0.075862
v -0.043104 -0.0128895 0.072882
v -0.042995 -0.0126615 0.074962
v -0.042764 -0.0157675 0.074185
v -0.042884 -0.0003015 0.078037
v -0.04296 -0.0038555 0.077416
v -0.042174 0.0025955 0.082186
v -0.041794 -0.0080345 0.083106
v -0.042049 -0.0038815 0.082715
v -0.04178 -0.0118735 0.0816
v -0.041021 -0.0100765 0.085192
v -0.042381 -0.0178585 0.07138
v -0.042388 -0.0172685 0.072877
v -0.042138 -0.0190115 0.074073
v -0.041935 -0.0176845 0.076258
v -0.041402 -0.0205685 0.072913
v -0.041402 -0.0205685 0.072913
v -0.041549 -0.0208045 0.074151
v -0.041549 -0.0208045 0.074151
v -0.040452 -0.0232965 0.074222
v -0.04087 -0.0209995 0.076391
v -0.04087 -0.0209995 0.076391
v -0.039228 -0.0249665 0.073081
v -0.038174 -0.0266305 0.07315
v -0.039496 -0.0242285 0.075835
v -0.039202 -0.0254405 0.074234
v -0.039005 -0.0237375 0.079656
v -0.03814 -0.0269395 0.074123
v -0.037474 -0.0272165 0.075984
v -0.036167 -0.0291965 0.07454
v -0.041647 -0.0157235 0.079842
v -0.041271 -0.0187965 0.078589
v -0.041046 -0.0137755 0.083755
v -0.040863 -0.0167155 0.082601
v -0.039894 -0.0200335 0.082681
v -0.039894 -0.0200335 0.082681
v -0.039883 -0.0169565 0.085774
v -0.039928 -0.0220785 0.079116
v -0.039928 -0.0220785 0.079116
v -0.037215 -0.0255655 0.081776
v -0.037983 -0.0256025 0.079218
v -0.036336 -0.0278905 0.079066
v -0.034943 -0.0289835 0.080142
v -0.039055 -0.0219345 0.082701
v -0.039323 -0.0186905 0.085657
v -0.039323 -0.0186905 0.085657
v -0.038367 -0.0209385 0.084725
v -0.03706 -0.0241395 0.083467
v -0.034692 -0.0279235 0.081942
v -0.035396 -0.0253025 0.083703
v -0.032126 -0.0279715 0.083022
v -0.034999 -0.0219025 0.085808
v -0.034126 -0.0311815 0.071166
v -0.033962 -0.0311115 0.0734
v -0.031698 -0.0327825 0.073368
v -0.028462 -0.0345925 0.073427
v -0.033612 -0.0314515 0.074461
v -0.034912 -0.0298695 0.076261
v -0.033579 -0.0307595 0.078214
v -0.03142 -0.0323095 0.07826
v -0.031482 -0.0329365 0.074661
v -0.032782 -0.0308155 0.079876
v -0.033129 -0.0283815 0.082398
v -0.031285 -0.0307495 0.081225
v -0.028909 -0.0320555 0.081004
v -0.026783 -0.0316995 0.081579
v -0.031562 -0.0250815 0.084476
v -0.017441 -0.0322575 0.081344
v -0.020921 -0.0287815 0.082969
v -0.023535 -0.0360075 0.05754
v -0.023535 -0.0360075 0.05754
v -0.02131 -0.0365315 0.05755
v -0.02131 -0.0365315 0.05755
v -0.0202 -0.0377845 0.055234
v -0.020686 -0.0372545 0.056496
v -0.018737 -0.0376395 0.0564
v -0.017402 -0.0381755 0.055429
v -0.019801 -0.0366165 0.057494
v -0.019801 -0.0366165 0.057494
v -0.013489 -0.0385195 0.055194
v -0.018334 -0.0369545 0.05746
v -0.018334 -0.0369545 0.05746
v -0.013906 -0.0383445 0.056012
v -0.010087 -0.0387655 0.051068
v -0.011089 -0.0388095 0.055291
v -0.020046 -0.0372955 0.065221
v -0.019614 -0.0376705 0.058691
v -0.017006 -0.0376665 0.066047
v -0.017045 -0.0380405 0.059096
v -0.015813 -0.0373665 0.057348
v -0.014474 -0.0383935 0.058528
v -0.013206 -0.0377165 0.057482
v -0.013173 -0.0377205 0.057133
v -0.009748 -0.0379055 0.057301
v -0.012182 -0.0386325 0.058734
v -0.011963 -0.0384125 0.060848
v -0.008753 -0.0387275 0.058299
v -0.008948 -0.0388605 0.058876
v -0.014073 -0.0380925 0.064566
v -0.011393 -0.0381435 0.063915
v -0.010729 -0.0384525 0.061914
v -0.009174 -0.0386295 0.06048
v -0.009354 -0.0383835 0.062227
v -0.006826 -0.0390415 0.054959
v -0.004319 -0.0390145 0.052468
v 0.002644 -0.0390525 0.051232
v 0.004938 -0.0390225 0.044475
v -0.007516 -0.0386935 0.056098
v -0.005401 -0.0381995 0.057079
v -0.005437 -0.0390315 0.058632
v -0.004993 -0.0391485 0.055418
v -0.002627 -0.0391485 0.055269
v -0.004781 -0.0382615 0.057434
v -0.002495 -0.0388525 0.056104
v -0.005184 -0.0386895 0.060363
v -0.006724 -0.0386045 0.062975
v -0.001663 -0.0389015 0.058196
v -0.001959 -0.0390115 0.058692
v -0.000755 -0.0382195 0.057154
v -0.002592 -0.0387355 0.060161
v -0.003773 -0.0388075 0.061384
v 0.000213 -0.0388735 0.056038
v 0.002053 -0.0391375 0.055437
v 0.002488 -0.0389435 0.058255
v -0.000235 -0.0388065 0.059508
v 0.002076 -0.0387605 0.059539
v 0.003482 -0.0382455 0.05691
v 0.007088 -0.0387545 0.055733
v 0.003419 -0.0382545 0.057299
v 0.005927 -0.0380545 0.057059
v 0.006121 -0.0388445 0.058524
v -0.015943 -0.0375855 0.070048
v -0.01474 -0.0376375 0.06875
v -0.012778 -0.0379275 0.066443
v -0.009532 -0.0381955 0.066339
v -0.009405 -0.0384485 0.064717
v -0.011314 -0.0379335 0.070188
v -0.008731 -0.0381555 0.06814
v -0.009714 -0.0377525 0.072882
v -0.007043 -0.0384635 0.070488
v -0.007249 -0.0386545 0.06775
v -0.007864 -0.0381725 0.070502
v -0.006569 -0.0380405 0.071612
v -0.006082 -0.0379455 0.073135
v -0.006988 -0.0379165 0.073914
v -0.006827 -0.0383435 0.065818
v -0.002605 -0.0386115 0.06263
v -0.004574 -0.0384425 0.066241
v -0.005551 -0.0387375 0.067048
v -0.005559 -0.0382655 0.067867
v -0.004181 -0.0387175 0.067565
v -0.006279 -0.0381765 0.069647
v -0.004339 -0.0383275 0.069034
v -0.003507 -0.0387565 0.069588
v -0.001612 -0.0384515 0.065626
v -0.003011 -0.0384625 0.067237
v -0.00191 -0.0387835 0.067393
v -0.002629 -0.0384825 0.069235
v -0.00067 -0.0383985 0.067848
v 0.001136 -0.0384845 0.066267
v -0.001584 -0.0388075 0.068953
v 0.001489 -0.0387185 0.061682
v 0.001387 -0.0385275 0.063447
v 0.003008 -0.0389395 0.058825
v 0.004266 -0.0385815 0.059896
v 0.003724 -0.0387105 0.06173
v 0.007937 -0.0384805 0.057925
v 0.007419 -0.0383375 0.060849
v 0.005549 -0.0386495 0.061655
v 0.00591 -0.0383995 0.063713
v 0.000997 -0.0385425 0.069631
v 0.003796 -0.0383865 0.065927
v 0.001783 -0.0388025 0.067209
v 0.004218 -0.0385205 0.067077
v 0.008357 -0.0383265 0.064584
v 0.005596 -0.0383325 0.065683
v 0.007561 -0.0382155 0.065433
v -0.005549 -0.0384995 0.071137
v -0.003897 -0.0380095 0.072187
v -0.004134 -0.0385665 0.07048
v -0.002856 -0.0383495 0.070329
v -0.00531 -0.0380935 0.074436
v -0.001769 -0.0386115 0.070797
v -0.000747 -0.0386065 0.071044
v -0.001849 -0.0382085 0.071676
v -0.001196 -0.0380465 0.073157
v -0.000285 -0.0380405 0.072298
v 0.000946 -0.0382305 0.071085
v -0.003356 -0.0381395 0.074221
v -7.2e-05 -0.0382605 0.074447
v -0.002593 -0.0378345 0.077097
v 0.002272 -0.0380745 0.072791
v 0.001678 -0.0386765 0.068157
v 0.001751 -0.0386465 0.069714
v 0.002832 -0.0385795 0.069101
v 0.003075 -0.0383615 0.06795
v 0.004359 -0.0383645 0.068804
v 0.002142 -0.0386335 0.070862
v 0.002846 -0.0383665 0.069769
v 0.002498 -0.0381385 0.071673
v 0.004282 -0.0382865 0.070532
v 0.006162 -0.0384675 0.069124
v 0.005075 -0.0385735 0.067439
v 0.007757 -0.0386265 0.067708
v 0.005553 -0.0386145 0.069982
v 0.006956 -0.0381065 0.070316
v 0.002929 -0.0381835 0.073967
v 0.005233 -0.0379955 0.071988
v 0.006991 -0.0378615 0.072609
v 0.004125 -0.0382305 0.074149
v 0.002679 -0.0379585 0.07643
v 0.007137 -0.0381075 0.073977
v 0.005452 -0.0379075 0.076385
v 0.007921 -0.0382595 0.070619
v 0.009082 -0.0379805 0.070466
v 0.010591 -0.0376565 0.072452
v 0.009313 -0.0378305 0.072759
v 0.008762 -0.0379835 0.074025
v -0.02833 -0.0346915 0.074352
v -0.02874 -0.0338615 0.078461
v -0.025553 -0.0356885 0.07319
v -0.024931 -0.0361395 0.071054
v -0.022092 -0.0364865 0.073333
v -0.024203 -0.0361895 0.074427
v -0.029971 -0.0326645 0.079773
v -0.025697 -0.0346225 0.079425
v -0.025494 -0.0352325 0.078219
v -0.02372 -0.0359535 0.077401
v -0.022121 -0.0361425 0.078117
v -0.024796 -0.0337595 0.080547
v -0.020848 -0.0339875 0.080715
v -0.021712 -0.0353655 0.079538
v -0.019127 -0.0354115 0.079782
v -0.018689 -0.0370415 0.073075
v -0.02035 -0.0368475 0.075045
v -0.017759 -0.0372355 0.074575
v -0.015663 -0.0372355 0.073423
v -0.01306 -0.0375565 0.072834
v -0.017464 -0.0369505 0.077196
v -0.015764 -0.0371465 0.07537
v -0.014268 -0.0374255 0.07452
v -0.014525 -0.0370365 0.077363
v -0.020452 -0.0359165 0.078992
v -0.015696 -0.0354875 0.079759
v -0.017724 -0.0364895 0.078702
v -0.016536 -0.0364815 0.078441
v -0.017424 -0.0344185 0.080548
v -0.013947 -0.0366365 0.078547
v -0.012251 -0.0373605 0.076746
v -0.014729 -0.0345315 0.080306
v -0.012335 -0.0351705 0.080017
v -0.01173 -0.0364195 0.079007
v -0.010285 -0.0377695 0.074383
v -0.009249 -0.0374395 0.077407
v -0.00824 -0.0379815 0.074289
v -0.00777 -0.0378165 0.075757
v -0.012125 -0.0370475 0.077906
v -0.007687 -0.0369305 0.078629
v -0.006161 -0.0377245 0.076933
v -0.004386 -0.0375865 0.077628
v -0.038889 0.0255605 0.074304
v -0.037189 0.0274665 0.073204
v -0.038383 0.0257265 0.073102
v -0.036836 0.0263775 0.08009
v -0.036239 0.0286975 0.074801
v -0.037649 0.0271145 0.074587
v -0.039092 0.0247575 0.07343
v -0.040182 0.0233505 0.074326
v -0.039019 0.0244395 0.076252
v -0.040576 0.0213055 0.076155
v -0.04151 0.0170165 0.078058
v -0.040921 0.0186865 0.079086
v -0.038399 0.0244635 0.079005
v -0.039652 0.0221315 0.079045
v -0.038287 0.0230435 0.082206
v -0.035337 0.0277455 0.081035
v -0.036922 0.0245925 0.082863
v -0.039667 0.0191635 0.083568
v -0.037351 0.0215055 0.084956
v -0.03605 0.0240225 0.084109
v -0.038544 0.0205975 0.084519
v -0.035438 0.0222835 0.085519
v -0.036493 0.0211205 0.086033
v -0.040847 0.0160925 0.082226
v -0.041634 0.0099685 0.082548
v -0.041581 0.0050175 0.084147
v -0.040931 0.0125575 0.084019
v -0.040812 0.0091675 0.08554
v -0.039729 0.0161485 0.085895
v -0.038697 0.0183895 0.086675
v -0.040031 0.0116755 0.086476
v -0.03868 0.0166975 0.087394
v -0.037764 0.0196375 0.086851
v -0.036557 0.0191725 0.088323
v -0.036557 0.0191725 0.088323
v -0.03752 0.0182785 0.088141
v -0.03709 0.0170225 0.088739
v -0.03709 0.0170225 0.088739
v -0.03823 0.0121005 0.088365
v -0.03823 0.0121005 0.088365
v -0.03958 0.0059445 0.087617
v -0.04078 0.0033715 0.086239
v -0.033023 0.0315095 0.073623
v -0.035361 0.0294805 0.073402
v -0.034997 0.0299465 0.074536
v -0.032487 0.0318755 0.074644
v -0.033693 0.0300025 0.079023
v -0.031726 0.0313685 0.079516
v -0.030788 0.0324345 0.077489
v -0.033065 0.0296085 0.080871
v -0.030748 0.0310115 0.080873
v -0.030212 0.0321845 0.079586
v -0.032094 0.0288885 0.082296
v -0.02784 0.0330625 0.079967
v -0.027557 0.0321385 0.081098
v -0.030797 0.0276695 0.083343
v -0.02498 0.0321465 0.081391
v -0.025854 0.0277475 0.083477
v -0.035041 0.0268355 0.082439
v -0.034015 0.0260905 0.083599
v -0.033407 0.0219065 0.085956
v -0.034469 0.0216135 0.086194
v -0.031285 0.0210635 0.086295
v -0.03523 0.0203575 0.087641
v -0.033489 0.0195985 0.088294
v -0.034422 0.0188805 0.088987
v -0.034422 0.0188805 0.088987
v -0.033313 0.0205715 0.087039
v -0.030449 0.0189105 0.087375
v -0.035365 0.0181245 0.089202
v -0.036161 0.0162215 0.089203
v -0.036828 0.0088065 0.089141
v -0.033167 0.0152265 0.089832
v -0.023588 0.0136075 0.089352
v -0.023588 0.0136075 0.089352
v -0.031014 0.0100815 0.0903
v -0.024838 0.0210515 0.086203
v -0.018804 0.0242815 0.084795
v -0.027093 0.0139255 0.089847
v -0.027093 0.0139255 0.089847
v -0.027892 0.0121115 0.09059
v -0.022085 0.0102605 0.090976
v -0.024476 0.0055315 0.091295
v -0.017566 0.0062175 0.091942
v -0.011472 0.0257325 0.084142
v -0.015193 0.0171695 0.087833
v -0.015193 0.0171695 0.087833
v -0.01374 0.0201255 0.086723
v -0.012272 0.0241455 0.085061
v -0.014428 0.0233855 0.0852
v -0.012416 0.0224415 0.085708
v -0.010268 0.0221305 0.085735
v -0.011353 0.0200255 0.086672
v -0.011675 0.0184355 0.087313
v -0.011675 0.0184355 0.087313
v -0.005101 0.0257985 0.084075
v -0.009389 0.0249235 0.08449
v -0.008152 0.0241065 0.08504
v -0.006183 0.0242645 0.084929
v -0.004147 0.0233785 0.085204
v -0.002626 0.0240915 0.084968
v -0.006433 0.0202315 0.086414
v -0.008026 0.0208415 0.08638
v -0.007946 0.0188145 0.087298
v -0.00791 0.0174025 0.08769
v -0.00791 0.0174025 0.08769
v -0.008171 0.0195165 0.086883
v -0.004645 0.0191595 0.087133
v -0.002613 0.0210805 0.086104
v -0.003382 0.0187385 0.087242
v -0.001742 0.0174985 0.087653
v -0.001742 0.0174985 0.087653
v -0.012163 0.0065005 0.092053
v 0.001807 0.0097805 0.090825
v -0.017768 -0.0005355 0.092037
v -0.006576 0.0025495 0.092662
v -0.041491 -0.0016645 0.084815
v -0.041273 0.0010195 0.085402
v -0.040767 -0.0013975 0.086281
v -0.041306 -0.0041345 0.085267
v -0.039853 -0.0005945 0.087508
v -0.040786 -0.0070845 0.085958
v -0.039669 -0.0135325 0.086916
v -0.040088 -0.0054015 0.08713
v -0.038677 -0.0029945 0.088426
v -0.038677 -0.0029945 0.088426
v -0.038787 -0.0113895 0.08805
v -0.038787 -0.0113895 0.08805
v -0.037644 -0.0062955 0.08888
v -0.038253 0.0028725 0.088654
v -0.038253 0.0028725 0.088654
v -0.033711 -0.0059185 0.089763
v -0.026647 -0.0079845 0.090939
v -0.033922 -0.0159115 0.089638
v -0.03861 -0.0176725 0.087586
v -0.03861 -0.0176725 0.087586
v -0.038188 -0.0191665 0.087181
v -0.036848 -0.0156625 0.089014
v -0.037541 -0.0177355 0.088445
v -0.035954 -0.0182245 0.08902
v -0.034549 -0.0188275 0.088845
v -0.033586 -0.0195145 0.08821
v -0.03294 -0.0212295 0.086277
v -0.030499 -0.0190585 0.087108
v -0.028461 -0.0149145 0.089551
v -0.037109 -0.0212375 0.085554
v -0.035997 -0.0217215 0.085697
v -0.037015 -0.0201345 0.087168
v -0.034693 -0.0203645 0.087693
v -0.036431 -0.0192655 0.088324
v -0.027013 -0.0118185 0.090558
v -0.021204 -0.0063205 0.091629
v -0.017702 -0.0084145 0.09153
v -0.023157 -0.0111355 0.090675
v -0.020588 -0.0119785 0.090077
v -0.017577 -0.0135235 0.089469
v -0.0264 -0.0156225 0.088583
v -0.023868 -0.0235105 0.085134
v -0.013571 -0.0199655 0.086742
v -0.007836 -0.0017335 0.092657
v -0.012573 -0.0050485 0.092289
v -0.011044 -0.0068615 0.092051
v -0.000868 0.0252985 0.084282
v -0.000752 0.0243165 0.084937
v 0.005068 0.0256575 0.084066
v 0.00181 0.0242925 0.084703
v 3.9e-05 0.0221505 0.085571
v 0.001782 0.0230105 0.08545
v 0.004251 0.0245575 0.084747
v 0.005347 0.0215175 0.086016
v 0.002729 0.0213695 0.085906
v 0.0067 0.0225085 0.085373
v 0.009155 0.0239355 0.084944
v 0.000197 0.0205315 0.08656
v 0.001189 0.0196785 0.086708
v 0.00373 0.0187575 0.087234
v 0.005457 0.0172985 0.087614
v 0.005457 0.0172985 0.087614
v 0.010619 0.0245555 0.08447
v 0.012905 0.0252605 0.084097
v 0.012219 0.0233305 0.08519
v 0.010522 0.0195845 0.086598
v 0.015738 0.0189275 0.086995
v 0.013093 0.0202595 0.086218
v 0.00611 0.0197165 0.086657
v 0.009272 0.0204675 0.086418
v 0.011724 0.0186725 0.087127
v 0.012399 0.0174165 0.087446
v 0.012399 0.0174165 0.087446
v 0.001427 0.0050535 0.09242
v 0.001114 0.0002455 0.092866
v 0.0091 0.0018555 0.092528
v 0.007804 -0.0023365 0.092605
v 0.009509 0.0054015 0.092139
v 0.015248 0.0243945 0.084468
v 0.016402 0.0234875 0.085073
v 0.015369 0.0216845 0.085613
v 0.016452 0.0204895 0.086266
v 0.015657 0.0167225 0.087673
v 0.015657 0.0167225 0.087673
v 0.017681 0.0176925 0.087244
v 0.026245 0.0177665 0.08705
v 0.026245 0.0177665 0.08705
v 0.023672 0.0121575 0.089446
v 0.018191 0.0072205 0.091436
v 0.020988 0.0060465 0.091487
v 0.015387 0.0034085 0.092086
v 0.020345 -0.0024035 0.091626
v -0.013432 -0.0265955 0.083797
v -0.012023 -0.0299495 0.082227
v -0.011681 -0.0276155 0.083537
v -0.009606 -0.0289565 0.082565
v -0.010806 -0.0272665 0.083585
v -0.007082 -0.0239335 0.084919
v -0.007662 -0.0253925 0.084403
v -0.007811 -0.0275385 0.0834
v -0.008662 -0.0326225 0.080856
v -0.009797 -0.0357885 0.079655
v -0.007435 -0.0356615 0.079679
v -0.007125 -0.0328195 0.081125
v -0.007752 -0.0313785 0.081843
v -0.006269 -0.0339005 0.08033
v -0.006487 -0.0319875 0.081073
v -0.005471 -0.0331205 0.080893
v -0.004195 -0.0335985 0.080361
v -0.008261 -0.0304845 0.08197
v -0.005549 -0.0277465 0.083064
v -0.006282 -0.0291635 0.08251
v -0.006906 -0.0302305 0.08234
v -0.005556 -0.0300105 0.082519
v -0.004956 -0.0290435 0.082479
v -0.005528 -0.0266535 0.083788
v -0.00686 -0.0309925 0.081637
v -0.004004 -0.0308785 0.081672
v -0.002445 -0.0287995 0.082518
v -0.002259 -0.0266755 0.083518
v -0.00395 -0.0302175 0.082039
v -0.00307 -0.0304405 0.082176
v -0.002984 -0.0326885 0.081108
v -0.002184 -0.0317895 0.08118
v -0.004376 -0.0319635 0.081101
v -0.002614 -0.0210965 0.086326
v -0.004151 -0.0107095 0.090784
v -0.004166 -0.0252965 0.084507
v -0.002511 -0.0232725 0.085163
v -0.001026 -0.0249115 0.084653
v 0.000698 -0.0267235 0.083467
v 0.001298 -0.0231125 0.085266
v -0.002026 -0.0339825 0.080212
v -0.000728 -0.0362705 0.079257
v -0.004073 -0.0366155 0.079084
v -0.002923 -0.0368695 0.078807
v -0.001071 -0.0372205 0.078461
v 0.000781 -0.0378085 0.07739
v 0.00198 -0.0377065 0.077361
v 0.003384 -0.0376435 0.077564
v 0.001428 -0.0365935 0.079086
v 0.002795 -0.0370565 0.07852
v 0.005083 -0.0360505 0.079288
v -0.001134 -0.0326835 0.0808
v -0.001327 -0.0304015 0.081817
v 0.001138 -0.0289065 0.082447
v 0.000341 -0.0301615 0.082322
v -0.000698 -0.0316435 0.081563
v 9e-05 -0.0328675 0.080925
v 8.2e-05 -0.0312555 0.081401
v 0.001492 -0.0305805 0.081768
v 0.001572 -0.0316535 0.081123
v 0.000989 -0.0321385 0.080856
v 0.002573 -0.0305855 0.0821
v 0.000667 -0.0339165 0.080172
v 0.001433 -0.0331755 0.080812
v 0.002562 -0.0325625 0.081067
v 0.003766 -0.0321695 0.080908
v 0.00293 -0.0334565 0.080339
v 0.003439 -0.0306835 0.081707
v 0.005759 -0.0326155 0.08105
v 0.005493 -0.0339805 0.080083
v 0.004409 -0.0307815 0.081985
v 0.005306 -0.0366445 0.078932
v 0.006457 -0.0375105 0.077724
v 0.011499 -0.0377945 0.073854
v 0.011267 -0.0375435 0.076273
v 0.008936 -0.0376805 0.076703
v 0.008428 -0.0369035 0.078513
v 0.011489 -0.0372965 0.077552
v 0.006511 -0.0324995 0.080876
v 0.007717 -0.0340355 0.080101
v 0.007344 -0.0327335 0.080931
v 0.008516 -0.0332515 0.080638
v 0.010128 -0.0332375 0.080344
v 0.012476 -0.0355235 0.0795
v 0.004923 -0.0271795 0.083277
v 0.001294 -0.0246265 0.084697
v 0.002318 -0.0262525 0.083843
v 0.00421 -0.0250025 0.084574
v 0.006055 -0.0237485 0.084907
v 0.003349 -0.0242095 0.084793
v 0.014266 -0.0246255 0.084475
v 0.008679 -0.0246625 0.084437
v 0.006689 -0.0252975 0.084353
v 0.007865 -0.0287275 0.082439
v 0.003087 -0.0297115 0.082022
v 0.004717 -0.0289115 0.082418
v 0.006197 -0.0300395 0.081994
v 0.006119 -0.0312235 0.081304
v 0.005109 -0.0301465 0.082235
v 0.010461 -0.0273055 0.08333
v 0.010007 -0.0293715 0.082181
v 0.012414 -0.0296785 0.08211
v 0.015703 -0.0293055 0.082201
v 0.013757 -0.0323735 0.080758
v 0.013167 -0.0259355 0.083802
v 0.009958 -0.0259505 0.084012
v 0.012826 -0.0271385 0.083412
v 0.011766 -0.0276615 0.083037
v 0.007346 -0.0304615 0.082117
v 0.008507 -0.0301925 0.082181
v 0.00912 -0.0306235 0.08167
v 0.00844 -0.0315515 0.08146
v 0.009273 -0.0320645 0.080906
v -0.004136 -0.0039785 0.092667
v 0.000255 -0.0060845 0.092367
v 0.003349 -0.0165615 0.088273
v 0.003978 -0.0096405 0.091171
v 0.003112 -0.0039695 0.092637
v 0.008855 -0.0062315 0.092148
v 0.019084 -0.0192995 0.086668
v 0.012458 -0.0113425 0.090292
v 0.017028 -0.0067055 0.091701
v 0.017498 -0.0082995 0.091323
v 0.025569 -0.0072665 0.09084
v 0.028777 -0.0119525 0.090085
v 0.021394 -0.0116465 0.089925
v 0.030402 0.0168685 0.087535
v 0.030402 0.0168685 0.087535
v 0.027286 0.0117435 0.090025
v 0.026539 0.0094455 0.090661
v 0.027412 0.0051105 0.090751
v -0.003358 -0.0373765 0.07826
v 0.020008 0.0373955 -0.014773
v 0.01822 0.0377065 -0.011392
v 0.024597 0.0359485 -0.013596
v 0.025602 0.0355075 -0.015833
v 0.022066 0.0367675 -0.007809
v 0.025301 0.0354295 -0.006005
v 0.018701 0.0375255 -0.002921
v 0.027454 0.0341875 -0.001975
v 0.02793 0.0340255 -0.006628
v 0.028206 0.0341475 -0.014279
v 0.027509 0.0345905 -0.017576
v 0.029137 0.0336645 -0.018018
v 0.030813 0.0323885 -0.01626
v 0.032316 0.0310585 -0.016648
v 0.027365 0.0344245 -0.009281
v 0.028816 0.0336015 -0.011558
v 0.029158 0.0332935 -0.012841
v 0.030631 0.0324905 -0.012729
v 0.029732 0.0331615 -0.012211
v 0.031263 0.0319155 -0.011026
v 0.032614 0.0308185 -0.013867
v 0.033275 0.0300015 -0.011637
v 0.032641 0.0310035 -0.018534
v 0.033968 0.0295015 -0.015533
v 0.037059 0.0256665 -0.016971
v 0.035072 0.0280755 -0.012678
v 0.037167 0.0248305 -0.010259
v 0.038703 0.0223965 -0.013104
v 0.038631 0.0226155 -0.016184
v 0.02909 0.0334495 -0.007789
v 0.030033 0.0327095 -0.009015
v 0.033247 0.0297875 -0.009268
v 0.031374 0.0317015 -0.009264
v 0.031867 0.0312465 -0.006696
v 0.034012 0.0288365 -0.00659
v 0.030596 0.0320375 -0.004872
v 0.029771 0.0326665 -0.001614
v 0.033445 0.0294475 -0.004641
v 0.031155 0.0314585 -0.001223
v 0.035356 0.0272345 -0.007154
v 0.034626 0.0279435 -0.003147
v 0.018087 0.0375195 0.003663
v 0.021219 0.0367825 0.003688
v 0.017734 0.0375425 0.008665
v 0.024617 0.0355935 -0.00061
v 0.027976 0.0337295 0.00048
v 0.024936 0.0352025 0.007318
v 0.027131 0.0339565 0.009471
v 0.019133 0.0372715 0.009054
v 0.023515 0.0357565 0.012214
v 0.021047 0.0366925 0.011933
v 0.019759 0.0370045 0.016717
v 0.029375 0.0325725 0.00385
v 0.029463 0.0322825 0.011775
v 0.027452 0.0336015 0.017711
v 0.033043 0.0297095 -0.002893
v 0.032845 0.0296755 -0.001202
v 0.033654 0.0289615 -0.000118
v 0.031397 0.0309095 0.003732
v 0.033184 0.0292025 0.002023
v 0.035497 0.0265905 -0.002327
v 0.031995 0.0302465 0.006246
v 0.038258 0.0226905 -0.009417
v 0.038602 0.0214845 -0.006043
v 0.03975 0.0184515 -0.008583
v 0.037129 0.0242525 -0.003939
v 0.039072 0.0196925 -0.005616
v 0.039254 0.0184775 -6.2e-05
v 0.035473 0.0264895 0.000805
v 0.035166 0.0265945 0.005055
v 0.037075 0.0238735 0.000793
v 0.038242 0.0215035 0.001325
v 0.039632 0.0170285 0.003666
v 0.037059 0.0235355 0.006096
v 0.038581 0.0201595 0.005254
v 0.032388 0.0297515 0.010009
v 0.031003 0.0310365 0.016932
v 0.033961 0.0279895 0.01369
v 0.035468 0.0259745 0.012775
v 0.037023 0.0234425 0.010464
v 0.037767 0.0221205 0.014603
v 0.037931 0.0217545 0.008756
v 0.038475 0.0202725 0.010396
v 0.03927 0.0178775 0.00786
v 0.040578 0.0129875 0.006839
v 0.03964 0.0165945 0.01035
v 0.04056 0.0125495 0.009833
v 0.03861 0.0202615 0.014883
v 0.039997 0.0153765 0.013774
v 0.040703 0.0118915 0.013043
v 0.041301 0.0075415 0.013894
v 0.041435 0.0060475 0.011975
v 0.040783 0.0118245 0.017034
v 0.0391 0.0213475 -0.01427
v 0.04 0.0186405 -0.014016
v 0.041512 0.0112645 -0.012294
v 0.04069 0.0163685 -0.014941
v 0.039301 0.0206475 -0.0132
v 0.03954 0.0201455 -0.012197
v 0.04193 0.0097005 -0.015236
v 0.041999 0.0054935 -0.010145
v 0.04097 0.0131915 -0.008409
v 0.041927 0.0051115 -0.007158
v 0.040527 0.0140365 -0.002717
v 0.041268 0.0091005 -0.000793
v 0.041861 -0.0036805 -0.009132
v 0.041989 -0.0029885 -0.01138
v 0.041382 -0.0073515 -0.009932
v 0.041595 -0.0032315 -0.003658
v 0.040727 -0.0083395 -0.000902
v 0.041439 0.0058775 0.004306
v 0.041895 0.0008965 -0.002094
v 0.041138 -0.0046655 0.005481
v 0.041592 0.0007715 0.007549
v 0.040492 0.0127395 0.005174
v 0.041066 0.0091685 0.006166
v 0.040771 0.0103085 0.0075
v 0.0414 0.0060625 0.008028
v 0.041682 0.0027235 0.00884
v 0.041373 -0.0021955 0.008804
v 0.04162 0.0006725 0.012571
v 0.041653 0.0004045 0.009208
v 0.041276 0.0082515 0.009936
v 0.041178 -0.0045845 0.015803
v 0.04155 0.0053135 0.019948
v 0.041657 0.0006785 0.021612
v 0.022729 0.0360045 0.018052
v 0.021136 0.0365995 0.025903
v 0.024307 0.0353395 0.021681
v 0.026777 0.0341955 0.024454
v 0.030444 0.0317685 0.024734
v 0.023276 0.0359345 0.027288
v 0.022826 0.0364355 0.035082
v 0.025496 0.0353305 0.033667
v 0.028618 0.0332295 0.027333
v 0.032469 0.0298325 0.022351
v 0.031193 0.0318395 0.032209
v 0.0289 0.0335885 0.033497
v 0.033006 0.0299905 0.030374
v 0.034404 0.0281605 0.026919
v 0.033596 0.0284735 0.019767
v 0.034962 0.0267485 0.017564
v 0.036014 0.0257085 0.02288
v 0.037284 0.0233835 0.019373
v 0.039656 0.0173335 0.020074
v 0.038338 0.0216595 0.022826
v 0.037163 0.0249325 0.030249
v 0.037791 0.0233325 0.026972
v 0.03926 0.0197935 0.025393
v 0.038538 0.0221825 0.02865
v 0.040513 0.0149125 0.024885
v 0.041219 0.0096815 0.022207
v 0.041859 0.0053015 0.027177
v 0.04172 0.0072665 0.02629
v 0.03927 0.0214775 0.031415
v 0.039537 0.0194945 0.028236
v 0.040526 0.0162255 0.02872
v 0.041168 0.0132935 0.028668
v 0.04042 0.0178645 0.03083
v 0.040996 0.0160665 0.031297
v 0.041944 0.0125305 0.032398
v 0.042191 0.0089195 0.031079
v 0.041715 0.0137425 0.031754
v 0.04196 0.0080515 0.028318
v 0.041612 0.0071355 0.027745
v 0.04195 0.0068825 0.028878
v 0.042478 0.0003665 0.030227
v 0.041974 0.0002825 0.026575
v 0.042699 0.0061585 0.03213
v 0.027071 0.0355405 0.042309
v 0.029868 0.0339675 0.040223
v 0.034383 0.0297585 0.035915
v 0.035655 0.0276535 0.033078
v 0.031644 0.0321525 0.03644
v 0.034613 0.0303495 0.039081
v 0.029809 0.0354125 0.050489
v 0.032281 0.0342415 0.04924
v 0.033568 0.0318655 0.041651
v 0.036476 0.0280245 0.037475
v 0.036976 0.0287135 0.041111
v 0.036639 0.0309325 0.046483
v 0.033748 0.0326615 0.045168
v 0.038682 0.0288645 0.045925
v 0.039672 0.0223985 0.035385
v 0.037882 0.0253205 0.035097
v 0.038373 0.0260425 0.038335
v 0.040709 0.0225135 0.038616
v 0.037986 0.0272345 0.040055
v 0.040426 0.0242955 0.040777
v 0.04043 0.0261325 0.043932
v 0.040342 0.0203925 0.034289
v 0.041375 0.0178495 0.035157
v 0.041183 0.0168095 0.033195
v 0.041453 0.0202685 0.03782
v 0.042533 0.0146695 0.036074
v 0.04228 0.0164595 0.036962
v 0.042421 0.0181045 0.038505
v 0.04334 0.0168855 0.039681
v 0.042739 0.0110545 0.034404
v 0.043191 0.0117345 0.035852
v 0.043727 0.0054625 0.035408
v 0.045234 0.0063375 0.03941
v 0.043813 0.0126895 0.038302
v 0.043483 0.0115825 0.037055
v 0.043882 0.0147325 0.039576
v 0.043705 0.0108645 0.03706
v 0.044581 0.0108585 0.039267
v 0.045389 0.0119305 0.041756
v 0.04523 0.0092075 0.040525
v 0.042312 0.0199205 0.039274
v 0.04249 0.0201045 0.040166
v 0.042714 0.0230545 0.04461
v 0.044016 0.0191555 0.043064
v 0.044334 0.0208365 0.04594
v 0.046002 0.0148165 0.045422
v 0.046352 0.0061875 0.042323
v 0.04693 0.0087345 0.045045
v 0.047388 0.0105445 0.048202
v 0.033239 0.0342985 0.054894
v 0.035426 0.0326165 0.050377
v 0.038743 0.0300075 0.050026
v 0.036473 0.0323415 0.054959
v 0.039786 0.0294315 0.053137
v 0.027848 0.0357905 0.056331
v 0.030994 0.0340625 0.057094
v 0.030994 0.0340625 0.057094
v 0.031844 0.0343465 0.056325
v 0.027987 0.0358435 0.058187
v 0.030015 0.0345245 0.057564
v 0.029168 0.0358795 0.058433
v 0.030306 0.0354045 0.058421
v 0.030895 0.0351835 0.058287
v 0.034043 0.0334955 0.055843
v 0.032588 0.0344505 0.058236
v 0.032714 0.0334255 0.057462
v 0.034505 0.0322575 0.05701
v 0.034071 0.0338715 0.058476
v 0.030805 0.0353935 0.058891
v 0.029556 0.0355785 0.060638
v 0.031399 0.0345715 0.064297
v 0.033014 0.0340985 0.060536
v 0.035682 0.0327445 0.058402
v 0.036615 0.0306995 0.057177
v 0.037204 0.0315105 0.055784
v 0.040025 0.0294675 0.055003
v 0.03915 0.0287285 0.057053
v 0.038501 0.0305155 0.058429
v 0.037252 0.0315655 0.05906
v 0.037225 0.0312465 0.060483
v 0.040363 0.0272855 0.056939
v 0.042385 0.0258695 0.056129
v 0.040998 0.0264995 0.057321
v 0.040909 0.0275525 0.057893
v 0.040161 0.0288505 0.058551
v 0.039492 0.0290475 0.060956
v 0.041472 0.0271795 0.058457
v 0.041804 0.0262235 0.06046
v 0.040809 0.0271475 0.063058
v 0.041002 0.0272665 0.048384
v 0.041233 0.0274095 0.050192
v 0.04277 0.0246825 0.047994
v 0.044314 0.0222375 0.048425
v 0.042679 0.0257595 0.051256
v 0.044757 0.0222145 0.050829
v 0.043896 0.0242185 0.053753
v 0.046016 0.0188465 0.050864
v 0.045221 0.0218565 0.054801
v 0.04555 0.0190275 0.048395
v 0.046481 0.0149205 0.047609
v 0.047145 0.0141735 0.050998
v 0.047911 0.0071755 0.048723
v 0.046669 0.0174385 0.055002
v 0.047488 0.0131075 0.055181
v 0.04793 0.0098665 0.05407
v 0.042727 0.0261055 0.055222
v 0.044589 0.0228785 0.055442
v 0.042427 0.0244745 0.057118
v 0.043789 0.0235205 0.058242
v 0.043985 0.0218565 0.057128
v 0.045581 0.0199335 0.055911
v 0.044491 0.0218215 0.057947
v 0.044808 0.0199965 0.057048
v 0.042215 0.0260845 0.058089
v 0.042425 0.0245525 0.06394
v 0.043778 0.0229395 0.059714
v 0.043985 0.0210085 0.064979
v 0.044725 0.0213455 0.058401
v 0.046423 0.0176835 0.055689
v 0.045905 0.0162475 0.057059
v 0.045825 0.0179985 0.058082
v 0.045206 0.0188015 0.060508
v 0.04634 0.0152945 0.058277
v 0.045887 0.0157285 0.060795
v 0.044859 0.0176525 0.065981
v 0.045551 0.0143265 0.065697
v 0.047081 0.0136675 0.05605
v 0.046778 0.0113185 0.057086
v 0.046285 0.0138885 0.059701
v 0.033166 0.0331715 0.068763
v 0.038568 0.0293345 0.066018
v 0.036324 0.0310895 0.067758
v 0.04052 0.0265525 0.068039
v 0.03715 0.0296845 0.071121
v 0.03879 0.0280335 0.0707
v 0.042475 0.0235535 0.067229
v 0.040501 0.0253395 0.072485
v 0.04216 0.0223285 0.072495
v 0.034495 0.0316475 0.073008
v 0.034348 0.0317575 0.074332
v 0.03726 0.0293525 0.073201
v 0.037558 0.0291535 0.074169
v 0.036912 0.0291245 0.07601
v 0.033073 0.0317135 0.078303
v 0.034905 0.0304275 0.078019
v 0.034085 0.0304835 0.079727
v 0.036731 0.0284845 0.079577
v 0.038671 0.0270785 0.076651
v 0.038962 0.0274785 0.072697
v 0.039639 0.0268315 0.074024
v 0.040798 0.0252575 0.073946
v 0.040667 0.0246045 0.075798
v 0.042299 0.0226575 0.07383
v 0.043341 0.0200195 0.073743
v 0.042091 0.0218325 0.075881
v 0.039459 0.0252385 0.079268
v 0.038145 0.0269295 0.079311
v 0.041278 0.0220475 0.079438
v 0.039563 0.0239045 0.081534
v 0.043573 0.0187625 0.071413
v 0.043527 0.0187625 0.072588
v 0.044226 0.0169585 0.073487
v 0.033675 0.0278385 0.082562
v 0.035094 0.0287945 0.081102
v 0.035427 0.0272745 0.082296
v 0.03503 0.0219585 0.085316
v 0.037114 0.0270555 0.081308
v 0.038312 0.0258765 0.081118
v 0.036329 0.0245665 0.08379
v 0.038059 0.0236225 0.083645
v 0.039162 0.0234305 0.082771
v 0.040635 0.0214155 0.082412
v 0.042143 0.0183515 0.08167
v 0.024503 -0.0338425 0.005307
v 0.027262 -0.0319555 0.006426
v 0.028432 -0.0308645 0.010783
v 0.030125 -0.0293025 0.007372
v 0.025371 -0.0331245 0.010431
v 0.030179 -0.0291215 0.011224
v 0.029617 -0.0296085 0.015321
v 0.026935 -0.0320305 0.015256
v 0.029165 -0.0302295 0.017789
v 0.032032 -0.0274555 0.020707
v 0.030291 -0.0291135 0.019977
v 0.031852 -0.0275345 0.017587
v 0.028158 -0.0311665 0.020085
v 0.029585 -0.0300565 0.024393
v 0.032568 -0.0270095 0.024967
v 0.033639 -0.0255525 0.019703
v 0.033436 -0.0262645 0.025358
v 0.034383 -0.0245915 0.022384
v 0.031154 -0.0287405 0.025643
v 0.035534 -0.0235835 0.027245
v 0.03228 -0.0277695 0.027551
v 0.034214 -0.0256485 0.02734
v 0.035099 -0.0245065 0.029107
v 0.033927 -0.0259765 0.028479
v 0.033171 -0.0267985 0.028695
v 0.031892 -0.0283785 0.029111
v 0.032971 -0.0270065 0.028877
v 0.001059 -0.0394325 0.013685
v 0.001787 -0.0395385 0.012253
v 0.00346 -0.0392055 0.014305
v 0.001314 -0.0394305 0.016333
v 0.002701 -0.0394955 0.015981
v 0.008984 -0.0384685 0.008783
v 0.002852 -0.0393485 0.008973
v 0.003262 -0.0391755 0.011396
v 0.0057 -0.0389395 0.013252
v 0.008229 -0.0387365 0.014053
v 0.008957 -0.0385865 0.010537
v 0.005122 -0.0390755 0.0175
v 0.010287 -0.0381895 0.011487
v 0.002906 -0.0393635 0.019045
v 0.001766 -0.0393195 0.018132
v 0.004261 -0.0392555 0.021926
v 0.005138 -0.0390965 0.028521
v 0.006794 -0.0388135 0.019546
v 0.01181 -0.0380255 0.017078
v 0.014052 -0.0376115 0.011833
v 0.011262 -0.0382095 0.019633
v 0.008553 -0.0387025 0.02278
v 0.014065 -0.0377035 0.018646
v 0.012202 -0.0379895 0.009765
v 0.016009 -0.0371855 0.007532
v 0.019438 -0.0362445 0.005733
v 0.018749 -0.0363995 0.00894
v 0.018153 -0.0367385 0.012067
v 0.019658 -0.0361135 0.013541
v 0.018904 -0.0362725 0.011349
v 0.022062 -0.0350625 0.009837
v 0.017503 -0.0367975 0.014559
v 0.01602 -0.0372495 0.0157
v 0.01846 -0.0365285 0.017068
v 0.017595 -0.0365765 0.016484
v 0.016359 -0.0371455 0.017564
v 0.019014 -0.0364675 0.018966
v 0.022285 -0.0348835 0.016588
v 0.014248 -0.0377445 0.017525
v 0.015711 -0.0374635 0.020583
v 0.02541 -0.0330835 0.016611
v 0.010767 -0.0383855 0.02697
v 0.006523 -0.0390245 0.027714
v 0.006827 -0.0388755 0.029051
v 0.014857 -0.0376765 0.024732
v 0.010549 -0.0385745 0.029416
v 0.007502 -0.0389105 0.033654
v 0.011952 -0.0381805 0.029285
v 0.01399 -0.0378065 0.030029
v 0.013284 -0.0381205 0.028398
v 0.012168 -0.0383395 0.032793
v 0.01581 -0.0376695 0.031369
v 0.01545 -0.0377885 0.034356
v 0.011314 -0.0384395 0.034278
v 0.016206 -0.0378085 0.038566
v 0.01117 -0.0385505 0.037037
v 0.019016 -0.0372035 0.03766
v 0.003045 -0.0393085 0.033628
v 0.00513 -0.0391645 0.036279
v 0.008839 -0.0387955 0.042286
v 0.022528 -0.0348885 0.020809
v 0.021474 -0.0355855 0.025551
v 0.01863 -0.0366485 0.023948
v 0.016447 -0.0374685 0.027556
v 0.018332 -0.0366915 0.026823
v 0.020328 -0.0363035 0.028389
v 0.017397 -0.0371755 0.028745
v 0.024669 -0.0334735 0.018623
v 0.025135 -0.0333545 0.020177
v 0.026849 -0.0323425 0.025181
v 0.02469 -0.0339665 0.026597
v 0.020539 -0.0364205 0.032289
v 0.016443 -0.0376935 0.03057
v 0.016652 -0.0375135 0.032333
v 0.023887 -0.0346375 0.029553
v 0.020474 -0.0366015 0.034206
v 0.025774 -0.0337695 0.03215
v 0.023755 -0.0352365 0.035103
v 0.026208 -0.0339625 0.035187
v 0.029655 -0.0305385 0.029619
v 0.027281 -0.0325115 0.029538
v 0.028191 -0.0321635 0.032819
v 0.036784 -0.0209745 -0.00026
v 0.03619 -0.0225385 -0.0016
v 0.037234 -0.0206125 -0.003683
v 0.037473 -0.0194195 0.001135
v 0.039594 -0.0141595 -0.004894
v 0.039105 -0.0169935 -0.008657
v 0.03964 -0.0127575 0.002384
v 0.03895 -0.0157695 -0.003003
v 0.038336 -0.0175285 -0.001804
v 0.035971 -0.0228515 -0.002892
v 0.040083 -0.0108085 0.003797
v 0.039918 -0.0109955 0.007918
v 0.037859 -0.0180725 0.003589
v 0.038978 -0.0149965 0.002042
v 0.036483 -0.0215055 0.001539
v 0.036939 -0.0201275 0.005076
v 0.039013 -0.0143445 0.005966
v 0.037938 -0.0176935 0.007841
v 0.038593 -0.0156605 0.009669
v 0.031708 -0.0280425 0.003272
v 0.034447 -0.0251265 -0.000228
v 0.035519 -0.0232295 0.001045
v 0.034351 -0.0247765 0.0021
v 0.033573 -0.0257535 0.004732
v 0.029521 -0.0301725 0.003792
v 0.034169 -0.0247605 0.007511
v 0.032994 -0.0261865 0.007861
v 0.035533 -0.0227355 0.005434
v 0.033844 -0.0251045 0.009575
v 0.032545 -0.0267755 0.01014
v 0.032619 -0.0265135 0.008277
v 0.034703 -0.0242275 0.008979
v 0.035626 -0.0223585 0.010885
v 0.03358 -0.0253585 0.01293
v 0.035631 -0.0224335 0.009288
v 0.036793 -0.0201885 0.011652
v 0.031779 -0.0277235 0.008937
v 0.031906 -0.0275585 0.011911
v 0.040624 -0.0081325 0.007807
v 0.041151 -0.0051015 0.007611
v 0.040975 -0.0058505 0.012109
v 0.040077 -0.0104515 0.011754
v 0.039377 -0.0129815 0.010664
v 0.037651 -0.0183095 0.011383
v 0.038772 -0.0151645 0.014401
v 0.038311 -0.0167725 0.013202
v 0.037313 -0.0191245 0.01539
v 0.040053 -0.0110725 0.021881
v 0.039087 -0.0148955 0.024014
v 0.04092 -0.0073645 0.024412
v 0.038599 -0.0164885 0.02345
v 0.037795 -0.0185125 0.021699
v 0.035224 -0.0229035 0.012219
v 0.036298 -0.0211145 0.014089
v 0.034863 -0.0236595 0.014203
v 0.033912 -0.0249815 0.015837
v 0.03779 -0.0180895 0.018055
v 0.03563 -0.0223285 0.015511
v 0.03541 -0.0227355 0.018409
v 0.035129 -0.0233015 0.019131
v 0.037 -0.0197575 0.017482
v 0.036699 -0.0207085 0.01937
v 0.032685 -0.0266185 0.013847
v 0.037148 -0.0201005 0.023313
v 0.035879 -0.0225375 0.022941
v 0.037695 -0.0193265 0.025313
v 0.037161 -0.0204985 0.026611
v 0.035991 -0.0224565 0.02524
v 0.043297 0.0002725 0.033805
v 0.034335 -0.0260375 0.030687
v 0.032299 -0.0285915 0.03276
v 0.035803 -0.0239555 0.031505
v 0.036409 -0.0231075 0.031227
v 0.035035 -0.0255675 0.033048
v 0.036533 -0.0234375 0.033213
v 0.038174 -0.0211045 0.034143
v 0.035642 -0.0251265 0.034467
v 0.036379 -0.0247705 0.035463
v 0.035466 -0.0263475 0.036895
v 0.034451 -0.0271965 0.035813
v 0.038288 -0.0217055 0.035261
v 0.037214 -0.0236905 0.036383
v 0.037417 -0.0243505 0.037826
v 0.045693 0.0007245 0.040163
v 0.045846 0.0041865 0.040667
v 0.046539 0.0025835 0.042385
v 0.047449 0.0034025 0.045426
v 0.048308 0.0035245 0.050422
v 0.008587 -0.0387675 0.047547
v 0.013523 -0.0382435 0.042335
v 0.011699 -0.0384725 0.046382
v 0.014994 -0.0380685 0.045361
v 0.012238 -0.0383045 0.048224
v 0.019543 -0.0373485 0.045882
v 0.009024 -0.0387415 0.052831
v 0.007913 -0.0388805 0.054914
v 0.010577 -0.0384965 0.052216
v 0.009243 -0.0387815 0.049969
v 0.011557 -0.0385145 0.049624
v 0.014147 -0.0382515 0.053548
v 0.009424 -0.0379555 0.056782
v 0.011772 -0.0386105 0.054537
v 0.011281 -0.0385445 0.055481
v 0.016683 -0.0379075 0.055516
v 0.014836 -0.0381715 0.04848
v 0.016694 -0.0377855 0.04804
v 0.016435 -0.0379185 0.050656
v 0.014197 -0.0381765 0.050681
v 0.01706 -0.0377555 0.052394
v 0.018482 -0.0378135 0.054901
v 0.018607 -0.0376045 0.050518
v 0.019222 -0.0375375 0.053145
v 0.021837 -0.0370425 0.051737
v 0.021698 -0.0364975 0.038708
v 0.022487 -0.0367405 0.045593
v 0.02789 -0.0339635 0.040795
v 0.026317 -0.0352035 0.043373
v 0.030194 -0.0309805 0.034767
v 0.029047 -0.0323575 0.036809
v 0.032481 -0.0294975 0.03659
v 0.033981 -0.0291205 0.039742
v 0.031384 -0.0316055 0.040764
v 0.025862 -0.0359735 0.047756
v 0.030308 -0.0334285 0.044771
v 0.02874 -0.0350755 0.048957
v 0.036553 -0.0264165 0.039729
v 0.037638 -0.0268905 0.042883
v 0.037233 -0.0289905 0.046479
v 0.03449 -0.0317715 0.048363
v 0.032717 -0.0331725 0.049648
v 0.023009 -0.0368605 0.049655
v 0.025155 -0.0363985 0.050795
v 0.010855 -0.0377025 0.056939
v 0.01043 -0.0384715 0.058282
v 0.011772 -0.0384225 0.058224
v 0.012557 -0.0376475 0.057069
v 0.013007 -0.0375955 0.056752
v 0.014465 -0.0372935 0.056951
v 0.01421 -0.0380905 0.058132
v 0.012542 -0.0380915 0.060078
v 0.015723 -0.0377555 0.060797
v 0.009369 -0.0385505 0.058801
v 0.01123 -0.0380615 0.063006
v 0.009152 -0.0380695 0.066536
v 0.013881 -0.0379175 0.064181
v 0.016699 -0.0370785 0.056957
v 0.016699 -0.0370785 0.056957
v 0.016699 -0.0375955 0.057699
v 0.015273 -0.0379715 0.05848
v 0.019036 -0.0366365 0.057001
v 0.019036 -0.0366365 0.057001
v 0.021845 -0.0372385 0.054646
v 0.023757 -0.0367205 0.055558
v 0.017076 -0.0377645 0.058569
v 0.020194 -0.0371925 0.058064
v 0.017475 -0.0373755 0.064783
v 0.021969 -0.0362705 0.056812
v 0.020943 -0.0369075 0.06376
v 0.024699 -0.0364025 0.058021
v 0.012613 -0.0377925 0.066788
v 0.014427 -0.0375445 0.06677
v 0.016853 -0.0373715 0.069355
v 0.014024 -0.0374435 0.072281
v 0.025242 -0.0361685 0.063611
v 0.022782 -0.0365505 0.069461
v 0.027129 -0.0355225 0.068145
v 0.028984 -0.0355045 0.054414
v 0.03154 -0.0341625 0.051981
v 0.030029 -0.0339615 0.056635
v 0.031052 -0.0343965 0.055553
v 0.03115 -0.0332875 0.05672
v 0.040718 -0.0254495 0.046996
v 0.039733 -0.0276105 0.049724
v 0.038037 -0.0290995 0.049013
v 0.039588 -0.0286745 0.054423
v 0.036896 -0.0307945 0.051988
v 0.034555 -0.0327865 0.054461
v 0.031451 -0.0344795 0.054466
v 0.035044 -0.0322055 0.055409
v 0.03602 -0.0317175 0.05481
v 0.030045 -0.0340935 0.057052
v 0.031374 -0.0341845 0.057981
v 0.032567 -0.0327245 0.056687
v 0.032567 -0.0327245 0.056687
v 0.042061 -0.0254195 0.052924
v 0.041045 -0.0269145 0.054691
v 0.038847 -0.0279735 0.056602
v 0.040323 -0.0273365 0.055563
v 0.040136 -0.0263825 0.056563
v 0.040136 -0.0263825 0.056563
v 0.043665 -0.0219165 0.057652
v 0.041871 -0.0239755 0.056632
v 0.041871 -0.0239755 0.056632
v 0.043672 -0.0208025 0.056645
v 0.042503 -0.0240615 0.05812
v 0.041864 -0.0249285 0.05751
v 0.040627 -0.0268345 0.058
v 0.041178 -0.0256575 0.059494
v 0.039999 -0.0271095 0.060114
v 0.036688 -0.0300255 0.05679
v 0.035129 -0.0308845 0.056645
v 0.036657 -0.0300185 0.05642
v 0.037139 -0.0301215 0.057235
v 0.035082 -0.0319405 0.057601
v 0.037673 -0.0300025 0.057896
v 0.034026 -0.0317735 0.056608
v 0.034026 -0.0317735 0.056608
v 0.03403 -0.0327425 0.058001
v 0.035884 -0.0311755 0.059799
v 0.038197 -0.0296565 0.055321
v 0.037765 -0.0290085 0.056568
v 0.034695 -0.0319435 0.061617
v 0.034003 -0.0322975 0.064617
v 0.038109 -0.0292225 0.060446
v 0.036068 -0.0307905 0.064963
v 0.039415 -0.0282315 0.057715
v 0.02522 -0.0365775 0.054759
v 0.024162 -0.0357105 0.056857
v 0.027612 -0.0357345 0.055512
v 0.025796 -0.0354615 0.056681
v 0.026145 -0.0353665 0.057207
v 0.026783 -0.0350025 0.056794
v 0.028857 -0.0352625 0.058096
v 0.028097 -0.0347775 0.056668
v 0.028633 -0.0345255 0.057043
v 0.028632 -0.0351725 0.062814
v 0.029456 -0.0344505 0.068267
v 0.031577 -0.0336915 0.065047
v 0.041437 -0.0029595 0.021837
v 0.041681 -0.0055715 0.029571
v 0.039972 -0.0128135 0.027294
v 0.04057 -0.0100355 0.026706
v 0.041332 -0.0092435 0.031434
v 0.040737 -0.0107025 0.029523
v 0.040476 -0.0124665 0.030215
v 0.042862 -0.0036665 0.033869
v 0.042408 -0.0056485 0.03306
v 0.040959 -0.0120865 0.032349
v 0.042427 -0.0095105 0.035459
v 0.041859 -0.0108485 0.034357
v 0.043728 -0.0070685 0.037421
v 0.044115 -0.0087545 0.038838
v 0.043227 -0.0122765 0.038768
v 0.042738 -0.0113085 0.037209
v 0.038889 -0.0166545 0.027539
v 0.038221 -0.0183545 0.028084
v 0.038639 -0.0181265 0.030268
v 0.038101 -0.0193545 0.029469
v 0.036814 -0.0217725 0.028915
v 0.039706 -0.0152535 0.030509
v 0.037923 -0.0204085 0.031514
v 0.040033 -0.0159605 0.032986
v 0.03943 -0.0185865 0.034347
v 0.041196 -0.0129395 0.034309
v 0.040826 -0.0149065 0.034708
v 0.040421 -0.0161485 0.03508
v 0.040743 -0.0164065 0.035918
v 0.041628 -0.0145785 0.036693
v 0.040035 -0.0187545 0.03667
v 0.041987 -0.0133615 0.036568
v 0.042653 -0.0138085 0.038534
v 0.041435 -0.0161815 0.03755
v 0.040868 -0.0184285 0.038059
v 0.042012 -0.0162455 0.038642
v 0.041729 -0.0176045 0.039527
v 0.039817 -0.0202365 0.037731
v 0.039242 -0.0210965 0.037755
v 0.038447 -0.0217985 0.03654
v 0.039423 -0.0223095 0.039259
v 0.040906 -0.0194945 0.039023
v 0.041089 -0.0196475 0.039946
v 0.041681 -0.0192875 0.040577
v 0.042546 -0.0222205 0.045998
v 0.039942 -0.0241755 0.043103
v 0.045574 -0.0016475 0.040154
v 0.04676 -0.0014035 0.043174
v 0.045349 -0.0049355 0.04025
v 0.045287 -0.0062885 0.040606
v 0.045232 -0.0089435 0.04175
v 0.046504 -0.0061715 0.043638
v 0.045934 -0.0109255 0.044495
v 0.04793 0.0005015 0.047213
v 0.047549 -0.0030625 0.046445
v 0.047438 -0.0077485 0.048262
v 0.048296 -0.0011605 0.050491
v 0.048044 -0.0047345 0.050291
v 0.047387 -0.0106435 0.051154
v 0.043964 -0.0115005 0.040067
v 0.043906 -0.0133125 0.040953
v 0.044689 -0.0106195 0.041056
v 0.044008 -0.0153935 0.042431
v 0.042594 -0.0162055 0.040278
v 0.043213 -0.0157335 0.040934
v 0.044652 -0.0168765 0.045307
v 0.046609 -0.0124025 0.048152
v 0.045492 -0.0175165 0.049139
v 0.04318 -0.0198255 0.044482
v 0.044132 -0.0199565 0.047532
v 0.04418 -0.0210595 0.049715
v 0.04232 -0.0244275 0.050151
v 0.046125 -0.0159475 0.05054
v 0.047351 -0.0112275 0.054876
v 0.046684 -0.0146575 0.055
v 0.045402 -0.0192535 0.053976
v 0.044103 -0.0223085 0.054432
v 0.045439 -0.0187115 0.055357
v 0.046581 -0.0139685 0.055697
v 0.043954 -0.0217925 0.055601
v 0.044864 -0.0178205 0.056697
v 0.042838 -0.0243845 0.054893
v 0.048265 0.0057765 0.054861
v 0.048427 0.0001715 0.055043
v 0.047878 0.0094615 0.055545
v 0.048214 0.0005565 0.055819
v 0.048023 0.0064795 0.055794
v 0.047118 0.0081665 0.056986
v 0.047321 0.0046405 0.05691
v 0.048143 -0.0054755 0.054532
v 0.047394 -0.0008975 0.056936
v 0.047436 0.0035735 0.057975
v 0.047152 -0.0020815 0.059504
v 0.048045 -0.0037795 0.05571
v 0.04718 -0.0048535 0.058015
v 0.047102 -0.0052235 0.056929
v 0.047205 0.0087225 0.057973
v 0.047151 0.0039965 0.059891
v 0.046774 0.0092085 0.060095
v 0.046627 0.0076435 0.063223
v 0.046389 0.0110605 0.062619
v 0.046762 6.75e-05 0.063697
v 0.046234 0.0047945 0.067248
v 0.046201 0.0015695 0.067754
v 0.046701 -0.0093275 0.05797
v 0.04599 -0.0131435 0.056829
v 0.046711 -0.0086675 0.056851
v 0.04627 -0.0123575 0.057847
v 0.046733 -0.0068865 0.05959
v 0.04593 -0.0122105 0.060845
v 0.046401 -0.0083305 0.061681
v 0.045643 -0.0112695 0.064964
v 0.045785 -0.0131245 0.059772
v 0.04548 -0.0146055 0.060935
v 0.044845 -0.0177755 0.060228
v 0.045511 -0.0163735 0.057717
v 0.044808 -0.0154405 0.065599
v 0.046337 -0.0063475 0.063657
v 0.046331 -0.0034255 0.06594
v 0.045768 -0.0075805 0.067327
v 0.045275 -0.0020875 0.07143
v 0.044292 -0.0121975 0.071553
v 0.044577 -0.0122315 0.069734
v 0.043412 -0.0174455 0.069953
v 0.043693 -0.0158185 0.071752
v 0.043357 0.0167425 0.078105
v 0.042713 0.0153665 0.08227
v 0.029402 -0.0031795 0.090297
v 0.034764 -0.0126595 0.089189
v 0.037872 -0.0045975 0.088581
v 0.045868 0.0090955 0.06773
v 0.044579 0.0129225 0.071764
v 0.044863 0.0098315 0.071646
v 0.044465 0.0150875 0.07095
v 0.044205 0.0158035 0.072495
v 0.044793 0.0128135 0.073561
v 0.045188 0.0073825 0.073389
v 0.04517 0.0058355 0.071581
v 0.045281 0.0029675 0.071401
v 0.045261 -0.0007665 0.073212
v 0.044733 0.0026615 0.076469
v 0.043682 0.0113795 0.080276
v 0.044328 0.0057525 0.078657
v 0.043616 0.0083045 0.08175
v 0.043215 0.0053765 0.083891
v 0.043875 0.0026495 0.08152
v 0.044831 -1.65e-05 0.075679
v 0.044488 -0.0035705 0.077376
v 0.044849 -0.0074225 0.071348
v 0.044995 -0.0061765 0.073374
v 0.044722 -0.0100285 0.073125
v 0.044039 -0.0089975 0.07829
v 0.044304 -0.0141955 0.073107
v 0.043666 -0.0147185 0.076586
v 0.043174 -0.0144205 0.079802
v 0.043082 -0.0111195 0.08229
v 0.044381 0.0007205 0.078829
v 0.044046 -0.0011435 0.080778
v 0.043459 -0.0035105 0.08302
v 0.043235 -0.0002255 0.084073
v 0.042561 0.0045085 0.085446
v 0.042608 -0.0021415 0.085288
v 0.043662 -0.0066865 0.081417
v 0.043123 -0.0069495 0.083404
v 0.042408 -0.0101185 0.084695
v 0.042544 -0.0052715 0.085165
v 0.04118 -0.0024775 0.087073
v 0.041306 -0.0090385 0.086528
v 0.039796 -0.0066695 0.087892
v 0.039796 -0.0066695 0.087892
v 0.013852 -0.0375225 0.074637
v 0.016137 -0.0373755 0.073524
v 0.013306 -0.0374715 0.076398
v 0.017425 -0.0371035 0.072481
v 0.016842 -0.0371935 0.076279
v 0.019149 -0.0373475 0.074041
v 0.014361 -0.0362065 0.078828
v 0.015876 -0.0366535 0.078038
v 0.018496 -0.0371935 0.076409
v 0.018828 -0.0366825 0.078016
v 0.020441 -0.0366695 0.07754
v 0.024139 -0.0361005 0.072368
v 0.026596 -0.0354255 0.072202
v 0.027452 -0.0356595 0.073579
v 0.021387 -0.0365335 0.071958
v 0.021785 -0.0370075 0.073787
v 0.022798 -0.0365365 0.07699
v 0.024796 -0.0364685 0.073593
v 0.026278 -0.0355865 0.077377
v 0.018235 -0.0322295 0.080964
v 0.025105 -0.0286385 0.082514
v 0.024687 -0.0340925 0.079978
v 0.016953 -0.0348935 0.079723
v 0.01738 -0.0356215 0.079251
v 0.019124 -0.0359325 0.079017
v 0.019021 -0.0346055 0.079991
v 0.029241 -0.0345565 0.076807
v 0.032207 -0.0283745 0.082361
v 0.032143 -0.0307425 0.080846
v 0.027817 -0.0337175 0.079615
v 0.029958 -0.0328885 0.079601
v 0.023715 -0.0356865 0.078597
v 0.027902 -0.0347465 0.078158
v 0.043324 -0.0219245 0.059906
v 0.043814 -0.0203395 0.061579
v 0.044875 -0.0188675 0.057851
v 0.042112 -0.0234525 0.064606
v 0.040522 -0.0260225 0.064572
v 0.043735 -0.0195405 0.064926
v 0.043018 -0.0216255 0.06456
v 0.038517 -0.0285045 0.064153
v 0.037415 -0.0294225 0.065876
v 0.03865 -0.0275665 0.067937
v 0.039641 -0.0255815 0.070886
v 0.03553 -0.0304985 0.069135
v 0.037396 -0.0284075 0.070616
v 0.035409 -0.0303355 0.071892
v 0.037599 -0.0283615 0.072273
v 0.036401 -0.0303115 0.073263
v 0.038374 -0.0273005 0.077895
v 0.036038 -0.0300685 0.076331
v 0.038207 -0.0284495 0.073197
v 0.036225 -0.0293805 0.078857
v 0.041094 -0.0232545 0.072019
v 0.041364 -0.0228435 0.069862
v 0.041866 -0.0215145 0.071874
v 0.042577 -0.0204305 0.069407
v 0.042926 -0.0188395 0.071756
v 0.043718 -0.0180325 0.072993
v 0.043018 -0.0200305 0.072647
v 0.042234 -0.0223975 0.072984
v 0.042576 -0.0213065 0.073255
v 0.041043 -0.0246375 0.073125
v 0.042867 -0.0192035 0.075139
v 0.040917 -0.0239575 0.075204
v 0.03956 -0.0258135 0.071926
v 0.0395 -0.0267905 0.072931
v 0.039361 -0.0264295 0.075368
v 0.039314 -0.0270865 0.073609
v 0.040316 -0.0243505 0.077843
v 0.02937 -0.0343335 0.07217
v 0.032287 -0.0329985 0.067675
v 0.030209 -0.0344725 0.073254
v 0.032725 -0.0325085 0.072073
v 0.031836 -0.0336355 0.073323
v 0.032962 -0.0323125 0.070113
v 0.0323 -0.0328685 0.076996
v 0.034171 -0.0321045 0.073409
v 0.03008 -0.0336645 0.078483
v 0.032225 -0.0321005 0.079306
v 0.033862 -0.0315755 0.078156
v 0.034716 -0.0299355 0.08002
v 0.032346 -0.0230945 0.08475
v 0.028254 -0.0165215 0.087752
v 0.031933 -0.0195495 0.086356
v 0.034175 -0.0213265 0.085638
v 0.026653 -0.0125695 0.089868
v 0.03129 -0.0165035 0.088565
v 0.032197 -0.0154475 0.089184
v 0.038544 -0.0139315 0.088136
v 0.036761 -0.0181575 0.088449
v 0.034316 -0.0194825 0.087605
v 0.03556 -0.0204805 0.0872
v 0.036245 -0.0193895 0.088082
v 0.042225 -0.0165895 0.082452
v 0.042536 -0.0182115 0.079322
v 0.041256 -0.0184315 0.084388
v 0.040934 -0.0211915 0.081811
v 0.0376 -0.0270835 0.080739
v 0.037223 -0.0254285 0.082729
v 0.035192 -0.0281685 0.081675
v 0.039473 -0.0241395 0.081485
v 0.040811 -0.0225315 0.079926
v 0.035083 -0.0258345 0.083276
v 0.036285 -0.0233685 0.084398
v 0.03584 -0.0220945 0.085292
v 0.03712 -0.0221535 0.084942
v 0.039805 -0.0215865 0.083538
v 0.040005 -0.0199165 0.085586
v 0.038697 -0.0245015 0.082295
v 0.038365 -0.0221395 0.084405
v 0.041558 -0.0222415 0.076823
v 0.042001 -0.0206235 0.078001
v 0.042334 -0.0136475 0.083842
v 0.041619 -0.0128745 0.085546
v 0.040271 -0.0159155 0.086773
v 0.040515 -0.0182795 0.086003
v 0.041432 -0.0151985 0.085371
v 0.040195 -0.0128095 0.087185
v 0.040195 -0.0128095 0.087185
v 0.039287 -0.0180435 0.087422
v 0.039287 -0.0180435 0.087422
v 0.038316 -0.0181915 0.087967
v 0.038397 -0.0213885 0.085271
v 0.036689 -0.0206525 0.08713
v 0.038305 -0.0207345 0.086428
v 0.037895 -0.0195335 0.087649
v 0.039084 -0.0193795 0.087076
v 0.047501 -0.0088255 0.055678
v 0.032667 0.0186895 0.086776
v 0.036619 0.0212115 0.085584
v 0.035214 0.0204785 0.086149
v 0.037483 0.0211245 0.085476
v 0.036699 0.0195515 0.087479
v 0.035767 0.0189125 0.087974
v 0.032636 0.0163015 0.088638
v 0.032636 0.0163015 0.088638
v 0.035568 0.0172215 0.088854
v 0.035568 0.0172215 0.088854
v 0.03693 0.0179925 0.088572
v 0.037974 0.0179575 0.088423
v 0.038346 0.0191365 0.087405
v 0.03774 0.0167775 0.088782
v 0.03774 0.0167775 0.088782
v 0.030899 0.0132545 0.089702
v 0.032164 0.0118225 0.089935
v 0.035824 0.0131225 0.089309
v 0.038832 0.0129625 0.088516
v 0.03677 0.0055335 0.089026
v 0.039009 0.0211275 0.084572
v 0.040111 0.0205615 0.084013
v 0.039444 0.0189615 0.086764
v 0.040502 0.0188815 0.085482
v 0.04143 0.0178615 0.084568
v 0.042421 0.0134365 0.084203
v 0.041402 0.0154275 0.085999
v 0.039279 0.0173165 0.087992
v 0.039279 0.0173165 0.087992
v 0.04037 0.0176995 0.086804
v 0.04037 0.0176995 0.086804
v 0.040318 0.0144285 0.087454
v 0.040318 0.0144285 0.087454
v 0.042319 0.0125445 0.084945
v 0.042639 0.0113045 0.084226
v 0.042165 0.0101505 0.085639
v 0.041264 0.0131085 0.086464
v 0.041336 0.0109675 0.086669
v 0.039925 0.0055615 0.08804
v 0.039925 0.0055615 0.08804
v 0.041252 0.0066685 0.087031
v 0.040547 0.0093975 0.087571
v 0.040547 0.0093975 0.087571
v 0.04123 0.0020125 0.087154
vt 0.25500000 0.13522000
vt 0.24329900 0.13238000
vt 0.25261600 0.12556300
vt 0.26024500 0.12601900
vt 0.27105900 0.11413600
vt 0.26419100 0.12780100
vt 0.26187100 0.11692600
vt 0.25876500 0.11272700
vt 0.27670400 0.10443300
vt 0.26740500 0.10738300
vt 0.26503000 0.10179000
vt 0.27352600 0.09888900
vt 0.26868200 0.09482200
vt 0.28535100 0.09563900
vt 0.28106600 0.08945900
vt 0.28839200 0.07336500
vt 0.27856200 0.07976000
vt 0.29289600 0.08117200
vt 0.25914200 0.09531100
vt 0.18407300 0.12498600
vt 0.17746300 0.13030900
vt 0.26325700 0.08725200
vt 0.17629700 0.12055600
vt 0.27171100 0.07610000
vt 0.16380500 0.11500600
vt 0.27121500 0.08224100
vt 0.16147600 0.11718700
vt 0.15745100 0.11506400
vt 0.27414000 0.06975800
vt 0.16914900 0.12423200
vt 0.16709400 0.12523700
vt 0.16360000 0.12114900
vt 0.28587600 0.06669400
vt 0.27889100 0.06595600
vt 0.15921200 0.11854500
vt 0.15014100 0.11370200
vt 0.27711600 0.06221300
vt 0.15417200 0.11824700
vt 0.28400800 0.06059300
vt 0.27733700 0.05745800
vt 0.14559100 0.11410600
vt 0.28019700 0.05227700
vt 0.14006100 0.11235900
vt 0.28742300 0.05664100
vt 0.28624900 0.04646600
vt 0.13338500 0.10783600
vt 0.13589400 0.11891900
vt 0.13012000 0.11495100
vt 0.29465200 0.05657600
vt 0.29779800 0.06868000
vt 0.29990200 0.05573400
vt 0.31521900 0.06016500
vt 0.17015200 0.14309100
vt 0.15863500 0.13835800
vt 0.16310800 0.13606800
vt 0.15839600 0.14160800
vt 0.15519100 0.13958100
vt 0.11013000 0.14575500
vt 0.10395700 0.13965800
vt 0.11024200 0.14028800
vt 0.11287200 0.14470900
vt 0.11557000 0.13438500
vt 0.11945500 0.13745500
vt 0.11976700 0.14327400
vt 0.11464900 0.14132100
vt 0.11407000 0.15200100
vt 0.10951300 0.15322000
vt 0.28142700 0.18007100
vt 0.27542300 0.18062000
vt 0.27526800 0.17089900
vt 0.28871900 0.16027100
vt 0.28847600 0.17058700
vt 0.27627300 0.16453800
vt 0.27904800 0.19228300
vt 0.30041500 0.19073000
vt 0.30165400 0.18274300
vt 0.30323200 0.19998600
vt 0.31035500 0.17274400
vt 0.31960700 0.19735100
vt 0.32465200 0.18715400
vt 0.32775800 0.17899700
vt 0.33085800 0.20693300
vt 0.31815900 0.21419100
vt 0.34091400 0.21605700
vt 0.33977000 0.19663100
vt 0.29578100 0.14561100
vt 0.31672200 0.15548500
vt 0.31819200 0.14315200
vt 0.31211800 0.13378200
vt 0.33000800 0.16810000
vt 0.32916900 0.14294800
vt 0.34111600 0.14037300
vt 0.34025200 0.15383100
vt 0.35381300 0.17877900
vt 0.34250000 0.16920800
vt 0.34560300 0.18915000
vt 0.35759200 0.16227100
vt 0.34829200 0.14998200
vt 0.35458700 0.14462800
vt 0.32481300 0.12270700
vt 0.34579500 0.12510300
vt 0.33775500 0.11287100
vt 0.35495600 0.13488200
vt 0.34883000 0.13074200
vt 0.35048100 0.12389900
vt 0.35333400 0.10884700
vt 0.35944600 0.11584600
vt 0.36427600 0.13681600
vt 0.36857400 0.12993400
vt 0.36368100 0.14800000
vt 0.38360600 0.13404600
vt 0.36965800 0.11572200
vt 0.39858600 0.11580400
vt 0.26844900 0.21017200
vt 0.25736600 0.21061400
vt 0.26570800 0.20296800
vt 0.26407000 0.21563000
vt 0.27053500 0.22971500
vt 0.26931600 0.22454000
vt 0.27543000 0.22508900
vt 0.27195600 0.21570500
vt 0.27400000 0.20700900
vt 0.27755300 0.21020800
vt 0.27795000 0.21592400
vt 0.25818300 0.22976400
vt 0.25554100 0.22392500
vt 0.26123900 0.22459500
vt 0.25896900 0.21674700
vt 0.25563000 0.21681700
vt 0.25295200 0.21103400
vt 0.25747500 0.20584500
vt 0.25200700 0.21362700
vt 0.24726900 0.21586900
vt 0.24533400 0.21219300
vt 0.26164400 0.22087600
vt 0.25400900 0.23319100
vt 0.24836600 0.23385000
vt 0.25298300 0.24007800
vt 0.24278400 0.22649400
vt 0.24044600 0.22063600
vt 0.26296700 0.23097000
vt 0.26640800 0.23786000
vt 0.25794500 0.23562700
vt 0.26001300 0.24214100
vt 0.25568100 0.19745500
vt 0.25620600 0.18794800
vt 0.26063800 0.19859400
vt 0.26209700 0.19425600
vt 0.26288500 0.18393600
vt 0.25317200 0.18400500
vt 0.25796900 0.17701400
vt 0.25308700 0.16038100
vt 0.26297200 0.15719000
vt 0.26334700 0.16300100
vt 0.25455700 0.16952200
vt 0.25099600 0.15937100
vt 0.25465600 0.15397200
vt 0.26770200 0.18760300
vt 0.26428500 0.17740500
vt 0.26958800 0.17608000
vt 0.26738100 0.16923200
vt 0.26135900 0.16955800
vt 0.26860800 0.15723500
vt 0.27656500 0.15363800
vt 0.25354300 0.17560200
vt 0.25077600 0.16783900
vt 0.27117200 0.20058300
vt 0.26585100 0.19864700
vt 0.27316500 0.19136800
vt 0.27676100 0.20212100
vt 0.26656700 0.18896100
vt 0.25258700 0.19614300
vt 0.28413600 0.20484200
vt 0.29495600 0.20313000
vt 0.25450900 0.20525300
vt 0.24806500 0.20868100
vt 0.24242400 0.20620000
vt 0.24827800 0.20549800
vt 0.24987400 0.20489100
vt 0.24603400 0.20496900
vt 0.24114600 0.21056700
vt 0.23929800 0.21294600
vt 0.23508900 0.21241900
vt 0.23425900 0.20491500
vt 0.25214400 0.24514900
vt 0.25225200 0.25187000
vt 0.24976400 0.24750600
vt 0.26038600 0.24935100
vt 0.25942800 0.25402400
vt 0.24972400 0.25450300
vt 0.24730200 0.25261500
vt 0.24655100 0.25938300
vt 0.24784300 0.26698500
vt 0.24381500 0.25582600
vt 0.24188300 0.25964800
vt 0.23629600 0.26123700
vt 0.24223200 0.23540200
vt 0.24247700 0.24233500
vt 0.23832800 0.23526400
vt 0.23584400 0.24484200
vt 0.23189500 0.24347800
vt 0.23128200 0.25038800
vt 0.24958200 0.24288800
vt 0.23329100 0.25532700
vt 0.24195800 0.26515200
vt 0.24267300 0.27093200
vt 0.22644600 0.27171800
vt 0.23439400 0.26815700
vt 0.23379700 0.27676900
vt 0.23136200 0.26112200
vt 0.22743900 0.25764600
vt 0.22622500 0.26191100
vt 0.29086100 0.22475200
vt 0.29729300 0.21235900
vt 0.29783600 0.23654600
vt 0.31155500 0.22845000
vt 0.30590400 0.22008100
vt 0.26604300 0.24612900
vt 0.27192300 0.24250800
vt 0.27027400 0.25228400
vt 0.26504400 0.25319900
vt 0.28366000 0.25588500
vt 0.26743800 0.26145900
vt 0.27427200 0.23350600
vt 0.28331900 0.24004000
vt 0.29002300 0.24741200
vt 0.30371000 0.24540300
vt 0.31597900 0.23972300
vt 0.31876700 0.25061600
vt 0.28683900 0.26586000
vt 0.30515500 0.25543700
vt 0.30965800 0.26910600
vt 0.32955900 0.22425300
vt 0.26190300 0.25979600
vt 0.25448300 0.26137300
vt 0.26759300 0.25719800
vt 0.25856900 0.26630000
vt 0.26076700 0.26357100
vt 0.25471600 0.27047700
vt 0.27541100 0.27359900
vt 0.26237200 0.26981100
vt 0.25322500 0.27489100
vt 0.26229000 0.27814000
vt 0.27396100 0.28600300
vt 0.25891500 0.27575600
vt 0.25061600 0.28423900
vt 0.24247900 0.27735300
vt 0.24400400 0.28757800
vt 0.24050100 0.28602300
vt 0.23484700 0.28880100
vt 0.25758000 0.28130700
vt 0.24746900 0.29626400
vt 0.25450600 0.29164400
vt 0.28385400 0.28762000
vt 0.29249000 0.28267900
vt 0.26076800 0.29228300
vt 0.25473300 0.29769400
vt 0.27218300 0.30295900
vt 0.25778300 0.30921900
vt 0.26489300 0.14982600
vt 0.26110900 0.14104500
vt 0.25287300 0.14830600
vt 0.26897800 0.14025000
vt 0.27260300 0.13010800
vt 0.25958200 0.14014700
vt 0.24381300 0.14958500
vt 0.23809600 0.14714400
vt 0.24961300 0.15303900
vt 0.23985500 0.15232000
vt 0.23696700 0.15939700
vt 0.24480100 0.15548500
vt 0.27665500 0.14744200
vt 0.27486000 0.14295700
vt 0.28096200 0.13329000
vt 0.28145400 0.11629000
vt 0.29003800 0.11945000
vt 0.23422200 0.15154000
vt 0.23900400 0.13833600
vt 0.21977000 0.14946200
vt 0.28853800 0.09732500
vt 0.30383400 0.10077000
vt 0.32421800 0.09189800
vt 0.32959500 0.07109400
vt 0.32334500 0.11000200
vt 0.34208000 0.08827000
vt 0.34427500 0.10033100
vt 0.36679700 0.09877800
vt 0.35108000 0.22902400
vt 0.35500700 0.21643300
vt 0.35641600 0.20339100
vt 0.36777300 0.22973000
vt 0.37207300 0.22427700
vt 0.38563700 0.21072900
vt 0.39124500 0.22410800
vt 0.37463500 0.24448700
vt 0.36391700 0.23965800
vt 0.39003900 0.23694900
vt 0.38822700 0.24385600
vt 0.40390900 0.24299500
vt 0.39293900 0.25202100
vt 0.41411500 0.23461000
vt 0.40275100 0.25241200
vt 0.41618900 0.25485800
vt 0.40737300 0.26071000
vt 0.42247200 0.24311400
vt 0.41109500 0.26558100
vt 0.37731200 0.19812000
vt 0.40097900 0.19162200
vt 0.38854800 0.17647200
vt 0.39443900 0.15938900
vt 0.40277900 0.17297000
vt 0.40732000 0.13742400
vt 0.42367500 0.16688000
vt 0.43030900 0.14649400
vt 0.42424700 0.12960100
vt 0.41405000 0.21116400
vt 0.42419900 0.20480200
vt 0.42421800 0.22564400
vt 0.43411700 0.22005900
vt 0.44235100 0.23511000
vt 0.44756300 0.20645700
vt 0.43405500 0.18020200
vt 0.45326400 0.18998700
vt 0.45479700 0.22040900
vt 0.44662200 0.17045100
vt 0.46285900 0.15439200
vt 0.46629000 0.17102400
vt 0.47288900 0.18260000
vt 0.32324700 0.25818500
vt 0.32608000 0.26390800
vt 0.33339300 0.25427800
vt 0.32917900 0.27393200
vt 0.30965200 0.28475200
vt 0.34412300 0.25758000
vt 0.34566200 0.27509200
vt 0.33329200 0.28788300
vt 0.33109000 0.23882800
vt 0.33823800 0.23259100
vt 0.34248800 0.24350100
vt 0.35308800 0.24102300
vt 0.34922700 0.24858600
vt 0.36587600 0.24891200
vt 0.35917100 0.25214700
vt 0.37461700 0.25807100
vt 0.35433900 0.26375600
vt 0.36666000 0.26372000
vt 0.30313400 0.29568300
vt 0.32027800 0.29852800
vt 0.29124600 0.30212900
vt 0.28222900 0.30923000
vt 0.27215700 0.31732600
vt 0.30072200 0.31186500
vt 0.28711100 0.31921800
vt 0.31165400 0.30369400
vt 0.33221200 0.30593900
vt 0.31546900 0.31472400
vt 0.31503400 0.32887100
vt 0.29538800 0.33008300
vt 0.32097700 0.31615800
vt 0.32521500 0.31461100
vt 0.34461300 0.29524500
vt 0.36101500 0.28649500
vt 0.35393800 0.29805900
vt 0.37834900 0.25322800
vt 0.37055700 0.27017900
vt 0.37070700 0.27437400
vt 0.37788500 0.26762600
vt 0.38655100 0.26871900
vt 0.39433800 0.26207700
vt 0.39696800 0.27158800
vt 0.38939000 0.27818200
vt 0.38274300 0.29267000
vt 0.40771100 0.28224800
vt 0.39597100 0.28610500
vt 0.41700900 0.27941200
vt 0.36762300 0.30138500
vt 0.39014000 0.30350700
vt 0.37656900 0.30870700
vt 0.34093700 0.30947400
vt 0.33482300 0.31739400
vt 0.34928300 0.31049100
vt 0.35807300 0.31219800
vt 0.34722600 0.31340800
vt 0.34654900 0.32031300
vt 0.33369500 0.32623900
vt 0.34063300 0.33691400
vt 0.36512300 0.31481700
vt 0.36085600 0.31417600
vt 0.35584900 0.32472100
vt 0.37656300 0.31772200
vt 0.36973800 0.31958300
vt 0.37399200 0.33202800
vt 0.35503300 0.34779300
vt 0.43577900 0.25172800
vt 0.42911900 0.25435600
vt 0.43919100 0.26108500
vt 0.42973400 0.26660400
vt 0.41865800 0.26921800
vt 0.43676600 0.27273100
vt 0.45012400 0.27246300
vt 0.44689500 0.28609600
vt 0.43752400 0.28011900
vt 0.46392300 0.28364600
vt 0.47308300 0.29686200
vt 0.46530100 0.28912700
vt 0.47731400 0.29111000
vt 0.46652500 0.23117500
vt 0.45000200 0.23225700
vt 0.45426100 0.24279800
vt 0.43843000 0.24459700
vt 0.45337200 0.25248100
vt 0.47829100 0.24505400
vt 0.48380500 0.23611400
vt 0.49098900 0.22463200
vt 0.46642100 0.24988200
vt 0.47489700 0.25757000
vt 0.45449600 0.26594700
vt 0.46133200 0.26062700
vt 0.46727800 0.26595800
vt 0.47454200 0.27297000
vt 0.47327700 0.21227400
vt 0.49265100 0.20034400
vt 0.48830100 0.20893300
vt 0.50189300 0.16446900
vt 0.51200200 0.19365300
vt 0.50164400 0.17908900
vt 0.50387900 0.21512900
vt 0.48903400 0.25883300
vt 0.51005300 0.25772200
vt 0.50646900 0.23636800
vt 0.51174800 0.24647800
vt 0.51212700 0.26781500
vt 0.48978600 0.27405900
vt 0.48418800 0.28313100
vt 0.50466500 0.28171600
vt 0.53769400 0.25893500
vt 0.49207000 0.29183800
vt 0.48340200 0.30108200
vt 0.51458200 0.30743500
vt 0.48439500 0.30989800
vt 0.52292900 0.31912000
vt 0.51174200 0.22583200
vt 0.53396900 0.22796300
vt 0.53229100 0.23977800
vt 0.52655100 0.21282000
vt 0.53368300 0.20949600
vt 0.53827700 0.20294100
vt 0.53307400 0.18965100
vt 0.55203700 0.24120000
vt 0.55232500 0.25325900
vt 0.53872200 0.21997200
vt 0.54447100 0.22164600
vt 0.54127600 0.21491500
vt 0.55256000 0.21931100
vt 0.55583300 0.23280400
vt 0.40348100 0.29310400
vt 0.41201700 0.29376300
vt 0.42381500 0.29455300
vt 0.42204400 0.30296800
vt 0.41439900 0.30213800
vt 0.42849200 0.27696000
vt 0.42472000 0.28577300
vt 0.42519800 0.28224500
vt 0.43449100 0.28452600
vt 0.39979700 0.29983800
vt 0.39631100 0.32782900
vt 0.38410300 0.31837400
vt 0.40277600 0.30487700
vt 0.41062700 0.31104900
vt 0.43473900 0.29155000
vt 0.43758300 0.30382400
vt 0.44364700 0.29769600
vt 0.43150000 0.32169800
vt 0.41934500 0.32790600
vt 0.38572600 0.34725600
vt 0.38895400 0.33832500
vt 0.37274300 0.36876000
vt 0.38612500 0.35988500
vt 0.38560800 0.36979000
vt 0.40754700 0.33731500
vt 0.39754200 0.34628200
vt 0.42567000 0.34004100
vt 0.41688400 0.35142700
vt 0.40710400 0.34566300
vt 0.40160100 0.34818500
vt 0.39821500 0.35970100
vt 0.41053300 0.37046800
vt 0.39636800 0.36646100
vt 0.45506800 0.29461300
vt 0.45597700 0.30522900
vt 0.46634700 0.30087800
vt 0.45262600 0.31658700
vt 0.47252400 0.30969300
vt 0.46210000 0.31485400
vt 0.44925800 0.33521900
vt 0.46494000 0.32432800
vt 0.47941100 0.32274800
vt 0.51921800 0.33193000
vt 0.47154300 0.34507300
vt 0.48919100 0.34332900
vt 0.44342800 0.34902200
vt 0.47464100 0.35956500
vt 0.42338700 0.34728700
vt 0.43723200 0.36173700
vt 0.43750400 0.36870400
vt 0.44262300 0.38263800
vt 0.41362900 0.38916500
vt 0.25383100 0.11669100
vt 0.22296100 0.15407900
vt 0.21331200 0.14993700
vt 0.19279600 0.13463300
vt 0.25052500 0.10599600
vt 0.19488300 0.13895000
vt 0.19814600 0.14427800
vt 0.20432900 0.15438000
vt 0.19234400 0.14969200
vt 0.18330000 0.13591800
vt 0.18928100 0.15170700
vt 0.18523600 0.14808100
vt 0.17587200 0.13333100
vt 0.17205500 0.14613800
vt 0.16986100 0.12812900
vt 0.17040800 0.13127400
vt 0.16574900 0.12850300
vt 0.16245500 0.13073900
vt 0.16433300 0.12648600
vt 0.15878600 0.12393000
vt 0.15552600 0.12442300
vt 0.15588800 0.13018200
vt 0.15346400 0.12910900
vt 0.14733100 0.12173500
vt 0.17097500 0.15880000
vt 0.15510900 0.13395400
vt 0.15324000 0.13521900
vt 0.14350700 0.13120300
vt 0.14378100 0.13658000
vt 0.13634500 0.15592300
vt 0.12747300 0.11898100
vt 0.13635000 0.12355100
vt 0.13709400 0.13392700
vt 0.13667600 0.14659800
vt 0.12754800 0.13661300
vt 0.13069600 0.13102400
vt 0.13074700 0.15615900
vt 0.12477800 0.17035400
vt 0.12196400 0.17054600
vt 0.12555100 0.16687300
vt 0.10671600 0.14888000
vt 0.10065300 0.15728300
vt 0.09949100 0.14288900
vt 0.10624200 0.15817700
vt 0.12919300 0.14670100
vt 0.12302200 0.14732700
vt 0.12127400 0.14886200
vt 0.11743400 0.15913100
vt 0.12205300 0.15368000
vt 0.11824600 0.16414600
vt 0.11529400 0.16479700
vt 0.11378300 0.15833100
vt 0.12523500 0.15750000
vt 0.12916900 0.16571300
vt 0.12356600 0.16044000
vt 0.11466200 0.16816800
vt 0.25164200 0.19023300
vt 0.24900800 0.18008900
vt 0.24955700 0.19180800
vt 0.24815600 0.16139300
vt 0.24691000 0.15744000
vt 0.24716000 0.16474400
vt 0.24624700 0.17737700
vt 0.24133200 0.16193300
vt 0.24113200 0.17023700
vt 0.24164700 0.16422300
vt 0.24669500 0.19524000
vt 0.23728700 0.18988600
vt 0.23221100 0.16557400
vt 0.22837400 0.16799300
vt 0.22045400 0.17282700
vt 0.22189700 0.16484900
vt 0.21914900 0.16663100
vt 0.22970600 0.17782200
vt 0.23379700 0.16982900
vt 0.23614100 0.16631400
vt 0.23234100 0.16770500
vt 0.23002700 0.18931900
vt 0.22406400 0.18673900
vt 0.22350400 0.19343600
vt 0.22200000 0.17982500
vt 0.22482400 0.17932300
vt 0.21812400 0.17970200
vt 0.21484300 0.18479100
vt 0.21898800 0.18823200
vt 0.24716000 0.20346700
vt 0.24163000 0.20355900
vt 0.24118100 0.19821800
vt 0.23740200 0.20246200
vt 0.23892000 0.19663600
vt 0.23974600 0.21725000
vt 0.22816400 0.21535000
vt 0.23659800 0.19802100
vt 0.22866100 0.20147000
vt 0.22655900 0.20667300
vt 0.22597300 0.19784500
vt 0.22904200 0.23418000
vt 0.22804400 0.22788900
vt 0.22696600 0.24439200
vt 0.22602800 0.25010700
vt 0.22679400 0.25476400
vt 0.21190700 0.25798100
vt 0.20654900 0.25074000
vt 0.21691100 0.24934700
vt 0.22323400 0.26125400
vt 0.22387600 0.26878000
vt 0.21431300 0.28074700
vt 0.19401200 0.19364700
vt 0.21848700 0.19211400
vt 0.21634500 0.20317000
vt 0.21568700 0.18961100
vt 0.21295000 0.19535700
vt 0.20908800 0.20436200
vt 0.19349300 0.19802900
vt 0.21162200 0.20909400
vt 0.19858400 0.20500100
vt 0.20549900 0.21620200
vt 0.18230200 0.20298600
vt 0.20294300 0.22826300
vt 0.19396300 0.22384600
vt 0.20378100 0.22497800
vt 0.20273300 0.23436400
vt 0.14486700 0.23088200
vt 0.16284800 0.20690600
vt 0.22892300 0.22090200
vt 0.22712400 0.21325200
vt 0.22804800 0.20455200
vt 0.22264100 0.21301700
vt 0.22143600 0.21883200
vt 0.22001500 0.20773500
vt 0.21877700 0.21319000
vt 0.21658700 0.22953500
vt 0.21747400 0.23470100
vt 0.21537000 0.21583600
vt 0.21541600 0.21016500
vt 0.22269300 0.22437600
vt 0.20995200 0.22011100
vt 0.20886000 0.21180600
vt 0.21454700 0.20696500
vt 0.22128200 0.20515600
vt 0.20954600 0.24204300
vt 0.20978700 0.22620800
vt 0.20164400 0.24566900
vt 0.23238500 0.15804300
vt 0.22726900 0.15608300
vt 0.22757400 0.16074700
vt 0.22333600 0.15896100
vt 0.21881600 0.15728800
vt 0.20345500 0.16014500
vt 0.18109200 0.18743700
vt 0.15661600 0.17329900
vt 0.15685000 0.18157000
vt 0.15489300 0.17708500
vt 0.14792800 0.19268900
vt 0.14577600 0.18276000
vt 0.13312000 0.16155900
vt 0.12936100 0.17344800
vt 0.12768100 0.16876200
vt 0.11936200 0.12608700
vt 0.21862100 0.25622300
vt 0.21746100 0.26646900
vt 0.20978500 0.26545900
vt 0.28998500 0.04733400
vt 0.29012400 0.03747100
vt 0.12409400 0.10734800
vt 0.29699600 0.03951100
vt 0.10789700 0.10681200
vt 0.29771100 0.02297100
vt 0.30057400 0.04829400
vt 0.30219300 0.03653500
vt 0.31148500 0.04284700
vt 0.11400300 0.11430300
vt 0.10477800 0.10881100
vt 0.10589400 0.12775400
vt 0.11001200 0.12179500
vt 0.10962100 0.12397400
vt 0.11213300 0.12354000
vt 0.11027500 0.12726200
vt 0.11338900 0.12631400
vt 0.11491300 0.12902800
vt 0.10513600 0.11909500
vt 0.10582200 0.12354400
vt 0.09873600 0.12352600
vt 0.10843200 0.11670900
vt 0.10318400 0.11217400
vt 0.30410700 0.01737600
vt 0.09985200 0.10430500
vt 0.10928100 0.11993300
vt 0.31649100 0.03505800
vt 0.30554700 0.02533200
vt 0.11756200 0.84645900
vt 0.08506300 0.11120300
vt 0.11571100 0.85581000
vt 0.30544000 0.01126100
vt 0.09387800 0.10665500
vt 0.08881600 0.11695600
vt 0.30932700 0.01988100
vt 0.12211400 0.85438800
vt 0.31186200 0.00957400
vt 0.33145700 0.02005200
vt 0.10699500 0.13260900
vt 0.10398700 0.12906300
vt 0.10622800 0.13667200
vt 0.10181900 0.13211100
vt 0.09370100 0.13123300
vt 0.09237900 0.12734300
vt 0.09120200 0.12299800
vt 0.08870200 0.12900600
vt 0.09203900 0.14793700
vt 0.09030200 0.13883000
vt 0.09338300 0.13598000
vt 0.08177600 0.13394800
vt 0.08699900 0.13580200
vt 0.11734800 0.13305000
vt 0.11425400 0.83442800
vt 0.07858900 0.12246700
vt 0.07880600 0.13139800
vt 0.11651300 0.82489900
vt 0.07079300 0.12916400
vt 0.12429100 0.84529900
vt 0.12121200 0.83843200
vt 0.12498400 0.82601100
vt 0.12791200 0.83585700
vt 0.33563900 0.05816600
vt 0.31434300 0.05180200
vt 0.32754000 0.04497700
vt 0.32539800 0.03019900
vt 0.34231300 0.04839500
vt 0.33927900 0.03387600
vt 0.36001700 0.08165300
vt 0.35484300 0.06796900
vt 0.35577600 0.05858100
vt 0.35143000 0.03831300
vt 0.36756900 0.04762700
vt 0.35662200 0.02719500
vt 0.37367300 0.03894300
vt 0.33994900 0.01222700
vt 0.14984000 0.85695100
vt 0.14727300 0.84933100
vt 0.14280200 0.82968000
vt 0.16545400 0.83963200
vt 0.16275100 0.82920800
vt 0.17314100 0.84958300
vt 0.37594200 0.01961300
vt 0.18530500 0.86275800
vt 0.37921400 0.03017300
vt 0.19177500 0.83383400
vt 0.16495500 0.81592400
vt 0.37820200 0.07400500
vt 0.37056000 0.05866900
vt 0.39659900 0.06687600
vt 0.39352700 0.05290600
vt 0.41192400 0.09877000
vt 0.42040900 0.07597500
vt 0.42829100 0.08679200
vt 0.38245800 0.03591800
vt 0.39079500 0.03537300
vt 0.39749500 0.04361900
vt 0.41588400 0.04746300
vt 0.41172400 0.03057000
vt 0.22035700 0.87012900
vt 0.42179800 0.06049900
vt 0.23266500 0.87613700
vt 0.42374300 0.03815200
vt 0.20525800 0.85615900
vt 0.38858400 0.02707000
vt 0.19783700 0.86923300
vt 0.20470900 0.86918700
vt 0.39575800 0.02783700
vt 0.21213300 0.84725800
vt 0.23787000 0.85702300
vt 0.24113700 0.84318700
vt 0.22037400 0.83752000
vt 0.20253600 0.82463100
vt 0.22391400 0.82202500
vt 0.43489300 0.12291300
vt 0.45740700 0.11594400
vt 0.45632900 0.09976200
vt 0.45072600 0.14180800
vt 0.45891700 0.13017800
vt 0.47540700 0.13187500
vt 0.46841800 0.10787400
vt 0.49760300 0.14908500
vt 0.48588300 0.11971900
vt 0.48949100 0.10458200
vt 0.50218300 0.13327000
vt 0.50688900 0.11849100
vt 0.46287200 0.09022900
vt 0.45824400 0.06633300
vt 0.46524400 0.05453600
vt 0.27414900 0.88658000
vt 0.45035300 0.07822500
vt 0.47847600 0.08169500
vt 0.28519800 0.87179600
vt 0.24690000 0.86679800
vt 0.27479400 0.86066500
vt 0.26406600 0.84923000
vt 0.25507500 0.81900800
vt 0.24832700 0.83212300
vt 0.25887700 0.83955800
vt 0.27986700 0.84141400
vt 0.27655300 0.82463200
vt 0.48938200 0.09380400
vt 0.50062300 0.07832000
vt 0.31809100 0.89528900
vt 0.50903600 0.06973900
vt 0.31616000 0.88644900
vt 0.51261100 0.10183500
vt 0.51908900 0.09231300
vt 0.52535900 0.08352600
vt 0.32247300 0.87381300
vt 0.30736800 0.85050400
vt 0.31461900 0.86008700
vt 0.30542300 0.83946400
vt 0.33469800 0.87700600
vt 0.33730700 0.86886900
vt 0.33560400 0.85776200
vt 0.32773700 0.85330300
vt 0.32976900 0.84267700
vt 0.32164500 0.82806500
vt 0.32176600 0.81011300
vt 0.33231900 0.83269800
vt 0.33136800 0.82102900
vt 0.32747600 0.82027900
vt 0.51784400 0.14356900
vt 0.52866000 0.13129300
vt 0.53123700 0.17326400
vt 0.52477500 0.15079700
vt 0.53695600 0.16148700
vt 0.54043400 0.15253700
vt 0.51400500 0.11260000
vt 0.52807900 0.11347400
vt 0.53086100 0.10531500
vt 0.54875200 0.14334500
vt 0.55277700 0.12630000
vt 0.54778500 0.11496100
vt 0.55252100 0.10525200
vt 0.56181900 0.11001500
vt 0.54459500 0.17768000
vt 0.54789100 0.19254400
vt 0.55043700 0.15871400
vt 0.55721400 0.18446800
vt 0.55562200 0.16888100
vt 0.56223900 0.16470600
vt 0.55336600 0.20809600
vt 0.56092000 0.19590300
vt 0.57028000 0.21938100
vt 0.56612500 0.20512400
vt 0.57039200 0.18405300
vt 0.56295200 0.17586400
vt 0.57201700 0.17228600
vt 0.56252000 0.16714800
vt 0.57842900 0.19159800
vt 0.58279900 0.19969800
vt 0.58298400 0.18395500
vt 0.58618600 0.17874600
vt 0.58675500 0.16636800
vt 0.56952500 0.14679500
vt 0.56685900 0.15711500
vt 0.56758600 0.13489800
vt 0.57252800 0.12291700
vt 0.57713900 0.11542500
vt 0.57013400 0.10504900
vt 0.58677100 0.11678000
vt 0.58940000 0.10568000
vt 0.57639300 0.15993700
vt 0.59779200 0.15814000
vt 0.59133900 0.14232600
vt 0.58776700 0.12582000
vt 0.60270600 0.12447900
vt 0.59968000 0.13660700
vt 0.57131900 0.09592900
vt 0.60279800 0.11311500
vt 0.61544800 0.13093100
vt 0.61147800 0.12005700
vt 0.41388300 0.91503700
vt 0.60285200 0.09823200
vt 0.42854800 0.92387600
vt 0.61697100 0.10700300
vt 0.54207200 0.07846300
vt 0.35143700 0.89979200
vt 0.54485700 0.09894200
vt 0.54815000 0.08926500
vt 0.34973700 0.89159300
vt 0.55760000 0.09589200
vt 0.34710900 0.88279100
vt 0.34272000 0.87769300
vt 0.37690400 0.89027900
vt 0.36087200 0.87463800
vt 0.35119500 0.86477400
vt 0.56993500 0.08054600
vt 0.37945500 0.89911500
vt 0.38984700 0.88010200
vt 0.38381900 0.87248700
vt 0.34389100 0.84690100
vt 0.35522700 0.85389100
vt 0.35355900 0.84264700
vt 0.36612800 0.84781900
vt 0.35154600 0.83434400
vt 0.34390300 0.82786400
vt 0.34087700 0.82429000
vt 0.33419800 0.82345200
vt 0.36502900 0.83419800
vt 0.35416200 0.82313800
vt 0.34866800 0.81165900
vt 0.36221300 0.82246900
vt 0.36500200 0.86401000
vt 0.38083600 0.85995300
vt 0.37322700 0.85026400
vt 0.38924500 0.85575300
vt 0.38328700 0.84978900
vt 0.37222900 0.83929700
vt 0.37067500 0.82686200
vt 0.36684400 0.81324300
vt 0.37172000 0.81942200
vt 0.38071600 0.83148700
vt 0.38159100 0.82372600
vt 0.37774700 0.81774400
vt 0.38022000 0.84330100
vt 0.38660400 0.84068500
vt 0.38794100 0.83751100
vt 0.38549500 0.83016700
vt 0.59031700 0.08902600
vt 0.40064600 0.90620600
vt 0.40750500 0.89574700
vt 0.39808700 0.86737400
vt 0.41299300 0.87597100
vt 0.41170700 0.88365600
vt 0.40633200 0.86582100
vt 0.42372900 0.90210500
vt 0.42716400 0.91385000
vt 0.43334000 0.89410800
vt 0.41648700 0.86899100
vt 0.43737500 0.88461800
vt 0.43420200 0.87481900
vt 0.43604400 0.86556800
vt 0.42033000 0.86502300
vt 0.39629000 0.86103200
vt 0.39483200 0.85078500
vt 0.40795500 0.84187000
vt 0.40816900 0.86019100
vt 0.41090100 0.85519600
vt 0.39118000 0.83170400
vt 0.40348100 0.83465100
vt 0.38903100 0.82774500
vt 0.38796200 0.82244600
vt 0.39922800 0.82684300
vt 0.40223600 0.82794800
vt 0.40255800 0.81840100
vt 0.40718700 0.82455300
vt 0.41353600 0.86198500
vt 0.42368100 0.85249300
vt 0.42186100 0.86186900
vt 0.42139000 0.84214700
vt 0.43129800 0.86181200
vt 0.43623800 0.85490900
vt 0.42789800 0.84353700
vt 0.43585800 0.84959300
vt 0.41554700 0.83974000
vt 0.41516400 0.83054800
vt 0.41570000 0.82302300
vt 0.43051300 0.83358500
vt 0.43292200 0.82886200
vt 0.42473800 0.82069200
vt 0.11902300 0.11548900
vt 0.11569400 0.11874400
vt 0.11538600 0.12169400
vt 0.08555200 0.14179900
vt 0.43279600 0.82204500
vt 0.23857100 0.32469400
vt 0.22952200 0.32313000
vt 0.23805400 0.31496800
vt 0.24046700 0.33124800
vt 0.23516800 0.32963000
vt 0.22669700 0.32693300
vt 0.22767200 0.33800000
vt 0.22559300 0.33409900
vt 0.22066800 0.32910300
vt 0.22006000 0.33542600
vt 0.23306100 0.34109600
vt 0.24324100 0.33989900
vt 0.24881800 0.33127600
vt 0.23772500 0.34481900
vt 0.24048200 0.35010800
vt 0.22334300 0.34299800
vt 0.21490400 0.34155400
vt 0.21726600 0.33631800
vt 0.21293000 0.34643500
vt 0.22595300 0.34178600
vt 0.23133400 0.34777900
vt 0.21893500 0.34826400
vt 0.22478600 0.35192100
vt 0.21690200 0.35342500
vt 0.20990200 0.35184600
vt 0.22194300 0.35715700
vt 0.21432400 0.35855000
vt 0.23119200 0.35637700
vt 0.22855300 0.35162700
vt 0.22811400 0.35867400
vt 0.23306600 0.36183900
vt 0.22339100 0.36255000
vt 0.22555800 0.36925100
vt 0.20897600 0.36149200
vt 0.21348500 0.36754400
vt 0.20558800 0.35906700
vt 0.20456400 0.36241300
vt 0.20394100 0.37811100
vt 0.20232400 0.37286000
vt 0.19929700 0.36984200
vt 0.19684600 0.37788700
vt 0.20968800 0.37596800
vt 0.21465600 0.37961800
vt 0.21912600 0.37378700
vt 0.19434100 0.37413100
vt 0.19584100 0.38230100
vt 0.19157000 0.37868100
vt 0.19824300 0.39212000
vt 0.21357000 0.38481000
vt 0.20333300 0.39385000
vt 0.18891300 0.38527800
vt 0.19090400 0.39177500
vt 0.18795400 0.39198300
vt 0.18797500 0.41062900
vt 0.18936200 0.40121400
vt 0.18353400 0.41460600
vt 0.18318100 0.39829900
vt 0.19555700 0.40835100
vt 0.19357700 0.41901300
vt 0.18815600 0.42357900
vt 0.19392700 0.42847300
vt 0.22310000 0.28343600
vt 0.21523300 0.28610500
vt 0.22027700 0.28706600
vt 0.23994000 0.29236900
vt 0.23387600 0.29396800
vt 0.22802700 0.28993200
vt 0.23011200 0.30559700
vt 0.22202100 0.29765600
vt 0.22217600 0.30340300
vt 0.21988600 0.29436500
vt 0.21655000 0.29696600
vt 0.21291100 0.29533300
vt 0.23370900 0.30186100
vt 0.24107900 0.29684300
vt 0.24295500 0.30255600
vt 0.23590600 0.30760700
vt 0.24170100 0.31558100
vt 0.22988300 0.31239000
vt 0.21507100 0.30166100
vt 0.20937900 0.30378700
vt 0.21883400 0.30236800
vt 0.21362100 0.30752300
vt 0.22319200 0.31006300
vt 0.21222100 0.31609800
vt 0.21940000 0.31395700
vt 0.20663800 0.31119400
vt 0.20856200 0.32172900
vt 0.20536400 0.31744400
vt 0.22573200 0.32021600
vt 0.23174900 0.31724000
vt 0.25238700 0.30098900
vt 0.24751000 0.31049800
vt 0.24988800 0.31772400
vt 0.26812100 0.31413000
vt 0.25668000 0.31905200
vt 0.20268800 0.31992000
vt 0.20438500 0.32747800
vt 0.21074500 0.34115200
vt 0.20503600 0.33453400
vt 0.19867100 0.33996200
vt 0.19600000 0.33531300
vt 0.19841500 0.34970300
vt 0.19506600 0.34795600
vt 0.20638900 0.34912200
vt 0.19419500 0.35250500
vt 0.19712000 0.36269700
vt 0.19112800 0.35832300
vt 0.18845100 0.36703100
vt 0.08379600 0.26999800
vt 0.09335800 0.25430800
vt 0.14514600 0.25474400
vt 0.18338800 0.36242300
vt 0.18132000 0.37057800
vt 0.18087100 0.37862000
vt 0.18502900 0.38817500
vt 0.18205600 0.39139700
vt 0.17239000 0.38475100
vt 0.17406600 0.42657200
vt 0.16962800 0.39470300
vt 0.16835000 0.38967500
vt 0.16060100 0.38651200
vt 0.16212800 0.43300200
vt 0.16411900 0.38916300
vt 0.16615200 0.43010100
vt 0.16531000 0.43636400
vt 0.18508100 0.42265300
vt 0.18022700 0.42407400
vt 0.17962300 0.42970000
vt 0.17430200 0.42961700
vt 0.17600300 0.43644900
vt 0.18388900 0.42858500
vt 0.18183400 0.43288500
vt 0.18490800 0.43775600
vt 0.18172600 0.43751200
vt 0.18901000 0.43806800
vt 0.18322500 0.44191200
vt 0.15913400 0.44286500
vt 0.15826900 0.43517600
vt 0.15803700 0.38330500
vt 0.13994600 0.34579100
vt 0.14098800 0.35551500
vt 0.13213100 0.35005500
vt 0.18585500 0.45175500
vt 0.19400900 0.44472700
vt 0.18016100 0.45725800
vt 0.18262000 0.45051900
vt 0.18170300 0.47375800
vt 0.18214300 0.46556500
vt 0.19074400 0.46813100
vt 0.18704100 0.47887900
vt 0.18981000 0.47565300
vt 0.18070000 0.48535400
vt 0.17957800 0.47941200
vt 0.18446500 0.48708600
vt 0.17700300 0.48424400
vt 0.17658200 0.47994100
vt 0.17829100 0.48727100
vt 0.17411800 0.48760400
vt 0.19311900 0.47458000
vt 0.19198600 0.49197000
vt 0.18642900 0.49316600
vt 0.17114100 0.52463400
vt 0.16611000 0.52396400
vt 0.17212700 0.51426000
vt 0.16797200 0.53112400
vt 0.16198000 0.53989500
vt 0.17298900 0.52993500
vt 0.16751900 0.54083600
vt 0.16284800 0.48319200
vt 0.16761900 0.48169600
vt 0.17003600 0.48495100
vt 0.16621300 0.48720400
vt 0.16932000 0.48974000
vt 0.15265100 0.50785000
vt 0.15809200 0.49297400
vt 0.15751000 0.49949500
vt 0.17182000 0.48357100
vt 0.16826800 0.49627500
vt 0.17074200 0.49126700
vt 0.17370100 0.49239500
vt 0.17031500 0.49940300
vt 0.17744400 0.49228400
vt 0.17332600 0.50287500
vt 0.17473100 0.48967500
vt 0.17788900 0.50106900
vt 0.17980500 0.49556200
vt 0.17605300 0.51645400
vt 0.18204300 0.50351900
vt 0.18599900 0.51114400
vt 0.19061200 0.50659000
vt 0.19282800 0.51694300
vt 0.18075800 0.52638000
vt 0.18079700 0.53111100
vt 0.17095400 0.54795500
vt 0.17714500 0.54607100
vt 0.18035300 0.53912500
vt 0.18481700 0.52663900
vt 0.19028900 0.53051100
vt 0.19954900 0.51712400
vt 0.19624600 0.52939800
vt 0.03397000 0.24422900
vt 0.02377000 0.26990700
vt 0.02021100 0.25796100
vt 0.12483700 0.68539300
vt 0.01422300 0.28258600
vt 0.12809200 0.65776800
vt 0.01900000 0.28329900
vt 0.13560300 0.67540800
vt 0.03168100 0.30933800
vt 0.04128800 0.30727700
vt 0.03417400 0.31231900
vt 0.03540400 0.30607400
vt 0.04234000 0.31397700
vt 0.02633700 0.31391900
vt 0.02351000 0.31061700
vt 0.03467400 0.31762700
vt 0.01492200 0.31672400
vt 0.02670400 0.32093100
vt 0.01888400 0.32098900
vt 0.02470000 0.29083100
vt 0.02122900 0.29795300
vt 0.13863800 0.65100900
vt 0.14106900 0.65837800
vt 0.01069300 0.30361800
vt 0.13315500 0.63343400
vt 0.14372300 0.64955700
vt 0.14518200 0.63621000
vt 0.15001700 0.64621400
vt 0.15117000 0.65619700
vt 0.01508300 0.31146700
vt 0.13422000 0.62547200
vt 0.01162400 0.31004000
vt 0.13785000 0.61852800
vt 0.01049900 0.31643600
vt 0.14240200 0.61920400
vt 0.01365500 0.32256900
vt 0.01246000 0.31922000
vt 0.00957400 0.31936800
vt 0.14036600 0.61501000
vt 0.14330100 0.61017800
vt 0.01110300 0.32103300
vt 0.13977600 0.61175400
vt 0.13903400 0.60700500
vt 0.01198800 0.32457700
vt 0.14168100 0.61076200
vt 0.14508600 0.60234700
vt 0.14184800 0.60772700
vt 0.14606700 0.61205000
vt 0.15184700 0.61150200
vt 0.15085900 0.62501000
vt 0.14173800 0.62904700
vt 0.13921000 0.63682900
vt 0.14872700 0.63325100
vt 0.15393200 0.63700600
vt 0.15568300 0.64803900
vt 0.16063600 0.62885300
vt 0.16186600 0.63701300
vt 0.15697100 0.54062000
vt 0.15869500 0.54407600
vt 0.15800100 0.55086200
vt 0.15585100 0.54514200
vt 0.16501700 0.55009100
vt 0.15923000 0.55768100
vt 0.15611300 0.55419800
vt 0.16175200 0.55581500
vt 0.16548500 0.55663800
vt 0.16105500 0.56294900
vt 0.15916200 0.56219400
vt 0.03308500 0.32154900
vt 0.12370100 0.58588900
vt 0.12822100 0.59253100
vt 0.02643300 0.32290400
vt 0.02197500 0.32305800
vt 0.13084200 0.59706800
vt 0.01451300 0.32521600
vt 0.13727500 0.60406500
vt 0.14757200 0.58942600
vt 0.15147900 0.59253600
vt 0.14793200 0.60047300
vt 0.14452100 0.59411500
vt 0.14183100 0.60222300
vt 0.16291000 0.59450200
vt 0.15958500 0.60950300
vt 0.16117500 0.61307600
vt 0.15523900 0.62338200
vt 0.16261000 0.62071200
vt 0.16480200 0.61637700
vt 0.16997600 0.62600200
vt 0.16713300 0.62715500
vt 0.16999600 0.63805500
vt 0.16470100 0.61002700
vt 0.16997500 0.61558400
vt 0.18667900 0.61583100
vt 0.18428100 0.62273300
vt 0.19858400 0.63343600
vt 0.20838700 0.61543900
vt 0.18992400 0.60415700
vt 0.21012600 0.60393800
vt 0.21391400 0.62830300
vt 0.18455200 0.54702500
vt 0.19238600 0.54610100
vt 0.17232800 0.56083400
vt 0.16461200 0.57003000
vt 0.15535400 0.57531100
vt 0.17084000 0.57567800
vt 0.16826800 0.58098400
vt 0.17066500 0.58739400
vt 0.17530800 0.58036100
vt 0.17671300 0.56334400
vt 0.18420300 0.56587900
vt 0.18979400 0.55534400
vt 0.19911500 0.55900900
vt 0.20370600 0.56317800
vt 0.18148700 0.57043700
vt 0.18224400 0.57702100
vt 0.17749200 0.59007800
vt 0.19001300 0.58714900
vt 0.20376000 0.57961600
vt 0.16766200 0.59743600
vt 0.17314000 0.59417000
vt 0.16920600 0.60807900
vt 0.17590500 0.60073000
vt 0.17599700 0.60911400
vt 0.18856700 0.59546500
vt 0.25405600 0.35061600
vt 0.24285700 0.36787400
vt 0.25733500 0.36525600
vt 0.23277100 0.37701800
vt 0.22044900 0.37884000
vt 0.22033500 0.38265400
vt 0.22008100 0.38839100
vt 0.24050500 0.38673300
vt 0.25142600 0.38104000
vt 0.24525300 0.39114700
vt 0.23651800 0.39387400
vt 0.24531100 0.39852400
vt 0.20843900 0.39483300
vt 0.21627900 0.39439900
vt 0.21399600 0.40155800
vt 0.20598700 0.40888200
vt 0.21339800 0.41060300
vt 0.22335200 0.39830300
vt 0.23802500 0.41359000
vt 0.24266200 0.40601900
vt 0.22238400 0.41910900
vt 0.21195400 0.41677000
vt 0.20125300 0.41749600
vt 0.20941600 0.41371100
vt 0.20564700 0.41806200
vt 0.20801000 0.42572600
vt 0.20270000 0.42758900
vt 0.21220500 0.42774600
vt 0.26467100 0.32617300
vt 0.27642900 0.32907800
vt 0.26289300 0.33542100
vt 0.26985200 0.33832900
vt 0.28618700 0.33297000
vt 0.25720600 0.33948200
vt 0.26378600 0.34921200
vt 0.26542100 0.33829600
vt 0.27368900 0.34432200
vt 0.28689800 0.34844500
vt 0.30707600 0.34639500
vt 0.30620400 0.35154800
vt 0.27178900 0.36325100
vt 0.29050000 0.35563600
vt 0.29274700 0.37341900
vt 0.27159000 0.37840700
vt 0.26014200 0.39150600
vt 0.27572400 0.39847600
vt 0.25782300 0.40494900
vt 0.32484700 0.34442100
vt 0.31381000 0.34859000
vt 0.29860000 0.35926100
vt 0.32101500 0.35711800
vt 0.30293400 0.36216900
vt 0.30959600 0.36969400
vt 0.31008400 0.38002500
vt 0.33040000 0.37358000
vt 0.35265100 0.36933600
vt 0.32308500 0.38058700
vt 0.33337400 0.39343300
vt 0.28596400 0.38787000
vt 0.30290700 0.39673900
vt 0.30580800 0.38806500
vt 0.29166000 0.40311100
vt 0.26841300 0.41336800
vt 0.27885800 0.41076700
vt 0.29390000 0.40820800
vt 0.28848100 0.41753800
vt 0.27214700 0.42190100
vt 0.32318800 0.39990400
vt 0.30190800 0.40672400
vt 0.30878300 0.40791200
vt 0.31861200 0.40913000
vt 0.33020000 0.40826000
vt 0.29140300 0.41191300
vt 0.30154200 0.41493700
vt 0.27747500 0.42985700
vt 0.29191100 0.42330500
vt 0.31164200 0.41748000
vt 0.31048000 0.42020000
vt 0.30262400 0.42816800
vt 0.29120000 0.43585300
vt 0.31154200 0.42588200
vt 0.30890700 0.43888400
vt 0.19736500 0.43235800
vt 0.19510100 0.43826900
vt 0.20160800 0.43654700
vt 0.20828300 0.43370000
vt 0.20583100 0.44113600
vt 0.22328400 0.43909000
vt 0.24831800 0.42408700
vt 0.23294800 0.43076600
vt 0.24281300 0.43892800
vt 0.25176500 0.44690000
vt 0.19879900 0.44024300
vt 0.20165000 0.44828700
vt 0.19266200 0.45804400
vt 0.19707200 0.45525800
vt 0.19562400 0.46449200
vt 0.20248000 0.45696800
vt 0.20099000 0.46187400
vt 0.20762700 0.44685100
vt 0.21992400 0.44906700
vt 0.20679600 0.45678600
vt 0.19931900 0.47496900
vt 0.20567400 0.47180100
vt 0.22429000 0.46758100
vt 0.22291700 0.48396500
vt 0.22734300 0.47598700
vt 0.19776500 0.48588900
vt 0.20426600 0.48179900
vt 0.20224100 0.50006300
vt 0.22266900 0.49463300
vt 0.23354300 0.45291200
vt 0.25015700 0.46560200
vt 0.25516800 0.45623000
vt 0.25319100 0.47700500
vt 0.25015200 0.48911700
vt 0.19602800 0.50383200
vt 0.22809200 0.50756500
vt 0.21450200 0.53210200
vt 0.22179500 0.52281000
vt 0.23345500 0.51093000
vt 0.25653500 0.50164400
vt 0.24871800 0.51870500
vt 0.23909200 0.51597500
vt 0.22825800 0.52094800
vt 0.22626400 0.53480400
vt 0.23317800 0.52375600
vt 0.23488700 0.51493400
vt 0.23957000 0.53749800
vt 0.26131700 0.43508200
vt 0.28058400 0.43847900
vt 0.26883900 0.44627800
vt 0.25971700 0.44254400
vt 0.26395700 0.44898000
vt 0.26618800 0.44935300
vt 0.27892300 0.45401200
vt 0.27764600 0.47098300
vt 0.27982400 0.44822400
vt 0.30450900 0.44567200
vt 0.28997400 0.45190200
vt 0.30284400 0.45122400
vt 0.29412600 0.46039500
vt 0.27548100 0.46103500
vt 0.28572500 0.46081900
vt 0.29466900 0.46620700
vt 0.31289800 0.47904000
vt 0.29040900 0.48248000
vt 0.32076500 0.49878700
vt 0.27399100 0.49080300
vt 0.28029700 0.50803700
vt 0.26425500 0.52270900
vt 0.25931200 0.52987500
vt 0.30872300 0.50484200
vt 0.28164900 0.52799000
vt 0.30376700 0.52135300
vt 0.21806900 0.55200700
vt 0.21522100 0.56048200
vt 0.22353200 0.56602400
vt 0.22207700 0.57200100
vt 0.23279600 0.57645500
vt 0.23498500 0.58799600
vt 0.23040300 0.54662400
vt 0.24298000 0.55741000
vt 0.25990400 0.54391200
vt 0.24116100 0.57028300
vt 0.26624400 0.58164500
vt 0.25457400 0.57421900
vt 0.22626600 0.59752100
vt 0.20984100 0.59279300
vt 0.22618000 0.62226200
vt 0.22699400 0.61092300
vt 0.24293400 0.59786400
vt 0.24263900 0.60988500
vt 0.25297400 0.60768400
vt 0.25857100 0.59760400
vt 0.23235200 0.62929900
vt 0.23671600 0.62070800
vt 0.23738400 0.62720300
vt 0.24765500 0.62274900
vt 0.25279900 0.61859800
vt 0.25166200 0.62946200
vt 0.24465400 0.62892200
vt 0.27630900 0.54712100
vt 0.27285500 0.56630000
vt 0.30135100 0.53530800
vt 0.29585900 0.55780800
vt 0.29169400 0.57489100
vt 0.30160700 0.56975700
vt 0.29257500 0.58387300
vt 0.29563000 0.59918700
vt 0.27032100 0.59163400
vt 0.27583200 0.60969400
vt 0.25919100 0.62780800
vt 0.26327300 0.61963100
vt 0.26303500 0.62597200
vt 0.27098100 0.61685100
vt 0.26757500 0.62761900
vt 0.27983100 0.62987300
vt 0.28980600 0.60651500
vt 0.28639900 0.62065900
vt 0.29807700 0.61613700
vt 0.29026500 0.62481100
vt 0.30286700 0.62414400
vt 0.30980500 0.60874700
vt 0.35569000 0.38697500
vt 0.34873300 0.39767600
vt 0.34145800 0.39877600
vt 0.36873900 0.40185500
vt 0.39472900 0.38296000
vt 0.37537300 0.38668300
vt 0.38780500 0.39023100
vt 0.39314200 0.39642900
vt 0.36941700 0.39162000
vt 0.36663400 0.41091500
vt 0.35635600 0.40844200
vt 0.39325000 0.40845100
vt 0.32365900 0.41629700
vt 0.33226900 0.41846200
vt 0.33742800 0.40632400
vt 0.34397400 0.40683700
vt 0.34050300 0.41157300
vt 0.34089600 0.41984000
vt 0.33811700 0.42911800
vt 0.32372700 0.42424600
vt 0.31789800 0.43494900
vt 0.32929200 0.44082700
vt 0.32821800 0.42960800
vt 0.33936400 0.43735400
vt 0.35370800 0.41623000
vt 0.34423400 0.43116200
vt 0.34982700 0.42786800
vt 0.35586400 0.42415800
vt 0.36195000 0.42075900
vt 0.36600100 0.41748000
vt 0.36767500 0.42784200
vt 0.35774700 0.43039900
vt 0.35095200 0.43816100
vt 0.36836700 0.43718400
vt 0.35826200 0.43867400
vt 0.34532800 0.44604200
vt 0.33919200 0.44479700
vt 0.33994500 0.45430000
vt 0.35317000 0.44279900
vt 0.35924400 0.44768700
vt 0.35162700 0.45283300
vt 0.38433500 0.41707500
vt 0.39123200 0.43216500
vt 0.38287100 0.42501400
vt 0.39105500 0.42233400
vt 0.41473700 0.40313800
vt 0.41471400 0.42091500
vt 0.39578000 0.42017200
vt 0.40689200 0.42507600
vt 0.43112400 0.41128300
vt 0.41385400 0.43456700
vt 0.39883000 0.43453600
vt 0.42463600 0.43907000
vt 0.37745300 0.42760000
vt 0.38413700 0.43465900
vt 0.37768800 0.43785700
vt 0.37142800 0.44245800
vt 0.36703300 0.44471800
vt 0.37587100 0.44419700
vt 0.36438500 0.45586100
vt 0.35503800 0.45562400
vt 0.38078100 0.44363000
vt 0.37555300 0.45222000
vt 0.38870000 0.44774200
vt 0.39383700 0.44160600
vt 0.35010900 0.46387900
vt 0.35767000 0.46461800
vt 0.36371000 0.46299000
vt 0.38212700 0.45763400
vt 0.37370400 0.46149000
vt 0.37005300 0.46281500
vt 0.36743300 0.47036700
vt 0.38073000 0.46756600
vt 0.41034900 0.44105400
vt 0.40163200 0.44458700
vt 0.39572400 0.45144600
vt 0.39625300 0.45386600
vt 0.39985800 0.45096000
vt 0.40687200 0.45127600
vt 0.41841900 0.44929400
vt 0.40137200 0.46274900
vt 0.40996800 0.45857900
vt 0.40683700 0.46304100
vt 0.41275200 0.46530000
vt 0.39247000 0.45994600
vt 0.38989500 0.46968700
vt 0.39097800 0.46411800
vt 0.38816400 0.47707500
vt 0.39999400 0.46877100
vt 0.40523900 0.46855600
vt 0.40577500 0.47684300
vt 0.40890200 0.48705000
vt 0.38641600 0.48849600
vt 0.30490200 0.45764200
vt 0.31991000 0.46500100
vt 0.30313200 0.46730200
vt 0.32339000 0.45741800
vt 0.29713800 0.46110900
vt 0.31496100 0.47259100
vt 0.33326400 0.46136100
vt 0.33975900 0.46232000
vt 0.31997900 0.47274800
vt 0.34517600 0.47225500
vt 0.32110500 0.48058500
vt 0.31577700 0.48997800
vt 0.34402900 0.51577700
vt 0.30885500 0.52105000
vt 0.33656700 0.47747500
vt 0.35172300 0.48058100
vt 0.35747700 0.48761500
vt 0.33432500 0.48941800
vt 0.35445000 0.50453500
vt 0.33463800 0.52620100
vt 0.32243900 0.52823500
vt 0.36491700 0.47767600
vt 0.36894800 0.48452100
vt 0.36531900 0.49550000
vt 0.39112300 0.50453500
vt 0.38413700 0.51805200
vt 0.40165000 0.49669900
vt 0.40289300 0.51361700
vt 0.33321600 0.54351200
vt 0.35320000 0.53528200
vt 0.35424400 0.54903100
vt 0.34272300 0.56377600
vt 0.30628700 0.53642100
vt 0.29982500 0.54574000
vt 0.31310400 0.54386200
vt 0.30279200 0.55349300
vt 0.32223300 0.54662900
vt 0.31600400 0.55755800
vt 0.32962100 0.56325100
vt 0.31827800 0.57106500
vt 0.31300700 0.57192300
vt 0.31172100 0.57428100
vt 0.33592400 0.58405000
vt 0.31309800 0.57862100
vt 0.31459900 0.58921100
vt 0.32559200 0.59615400
vt 0.31458600 0.62339300
vt 0.32429700 0.62207200
vt 0.32495700 0.60807700
vt 0.35366100 0.57353500
vt 0.35753200 0.58368800
vt 0.34058100 0.60018200
vt 0.34167700 0.61424600
vt 0.35651500 0.60273900
vt 0.38367600 0.53201800
vt 0.37682700 0.54704200
vt 0.38068300 0.57273700
vt 0.38047600 0.56192600
vt 0.40498000 0.52171600
vt 0.40940400 0.53269100
vt 0.38169200 0.55648800
vt 0.39094100 0.55306000
vt 0.39969300 0.54902700
vt 0.40421000 0.55673200
vt 0.40425900 0.56341200
vt 0.37189500 0.59104400
vt 0.36995600 0.61212600
vt 0.36500300 0.62283400
vt 0.37452600 0.60136900
vt 0.38367400 0.58736400
vt 0.40783800 0.57923000
vt 0.39619600 0.59770900
vt 0.38099200 0.60871800
vt 0.40231300 0.61117200
vt 0.39055000 0.61672700
vt 0.22202900 0.36569200
vt 0.11821600 0.17703900
vt 0.12571800 0.17440800
vt 0.11542300 0.17188500
vt 0.11722300 0.16770100
vt 0.10990300 0.17979600
vt 0.11691900 0.19251600
vt 0.10354600 0.18429400
vt 0.10748900 0.16794700
vt 0.10284100 0.16603200
vt 0.11039500 0.17184300
vt 0.10502700 0.17302000
vt 0.10303600 0.17810600
vt 0.08956000 0.16091200
vt 0.09435700 0.16834700
vt 0.09570700 0.17822900
vt 0.10178200 0.19098200
vt 0.08834200 0.19581200
vt 0.09573600 0.20709500
vt 0.07487000 0.19920000
vt 0.09243200 0.17660700
vt 0.08604600 0.17219200
vt 0.08335800 0.17934100
vt 0.07845000 0.17243500
vt 0.06848300 0.19381800
vt 0.07235900 0.18214100
vt 0.06189900 0.21131300
vt 0.06297000 0.20265900
vt 0.20554500 0.25589400
vt 0.21179800 0.27646800
vt 0.20369600 0.27245800
vt 0.19893100 0.30518600
vt 0.15714500 0.27198200
vt 0.19138500 0.30493500
vt 0.11403500 0.24616000
vt 0.19635700 0.25495200
vt 0.19797600 0.25925800
vt 0.15800500 0.26157500
vt 0.14348000 0.29441400
vt 0.12348100 0.29686200
vt 0.18222600 0.30978100
vt 0.20457700 0.30656600
vt 0.20348800 0.31184800
vt 0.19878100 0.31166300
vt 0.19817500 0.31450700
vt 0.19350300 0.33443400
vt 0.19645200 0.32253000
vt 0.19008000 0.31705400
vt 0.19238900 0.31061900
vt 0.18406300 0.33228200
vt 0.17832600 0.33305200
vt 0.18737000 0.35253700
vt 0.18167300 0.35395300
vt 0.17834900 0.35456300
vt 0.17117000 0.35264900
vt 0.16173100 0.35100200
vt 0.12179500 0.32491500
vt 0.13515800 0.19407900
vt 0.09835300 0.22079200
vt 0.06440400 0.25674300
vt 0.07692100 0.27650800
vt 0.05640900 0.21314900
vt 0.05379200 0.20565000
vt 0.05560900 0.22792400
vt 0.06299700 0.25341100
vt 0.05818500 0.24679100
vt 0.04673000 0.22182800
vt 0.04978900 0.21227000
vt 0.05366100 0.24100700
vt 0.04774800 0.23115700
vt 0.04840100 0.23909900
vt 0.04259100 0.23821500
vt 0.17868000 0.36248300
vt 0.17062800 0.35782900
vt 0.17046600 0.36754500
vt 0.15313600 0.35309700
vt 0.16452100 0.35994900
vt 0.15182400 0.34843200
vt 0.15863900 0.36873400
vt 0.15092100 0.35770900
vt 0.14508600 0.35309100
vt 0.14828000 0.35739300
vt 0.14576600 0.35543100
vt 0.15456100 0.37061800
vt 0.15090200 0.36843400
vt 0.14272700 0.36494900
vt 0.16165000 0.37565300
vt 0.13991900 0.45424900
vt 0.13993400 0.36717500
vt 0.12995900 0.35766900
vt 0.16300500 0.38167000
vt 0.15682000 0.37851400
vt 0.16582400 0.44120000
vt 0.17787900 0.43682300
vt 0.16964400 0.44144900
vt 0.17383700 0.45119800
vt 0.17440100 0.44630600
vt 0.17857700 0.44701300
vt 0.17470900 0.44037000
vt 0.16827100 0.44366900
vt 0.17931600 0.44246800
vt 0.15448900 0.37508500
vt 0.15131100 0.44199600
vt 0.15093700 0.37721100
vt 0.14983300 0.44757500
vt 0.14592800 0.37627500
vt 0.14435800 0.45158000
vt 0.14238300 0.37128200
vt 0.14367200 0.45897400
vt 0.14838800 0.45621400
vt 0.14758100 0.46575200
vt 0.16014300 0.44503500
vt 0.15275100 0.46367200
vt 0.16021600 0.45025700
vt 0.15577200 0.47105000
vt 0.16057200 0.46371900
vt 0.15830700 0.46973100
vt 0.16754300 0.45037900
vt 0.16983800 0.46307700
vt 0.11016200 0.32972000
vt 0.09495600 0.32586100
vt 0.10335800 0.33586600
vt 0.09200100 0.33912700
vt 0.12002800 0.50745600
vt 0.09586000 0.34424000
vt 0.13725600 0.49816300
vt 0.15103100 0.47401100
vt 0.15369200 0.48399100
vt 0.16720000 0.47125600
vt 0.16366500 0.47462400
vt 0.17772300 0.47522900
vt 0.17222200 0.48212700
vt 0.15333900 0.51176700
vt 0.15845400 0.51203300
vt 0.16167800 0.50093300
vt 0.14137700 0.53877900
vt 0.14651300 0.53120600
vt 0.16276800 0.50430100
vt 0.16601000 0.49965800
vt 0.16260700 0.49824700
vt 0.16343500 0.51252900
vt 0.15900300 0.52141400
vt 0.15267900 0.53685700
vt 0.14944000 0.52799100
vt 0.14707800 0.53664700
vt 0.15446400 0.53947500
vt 0.15617600 0.48042000
vt 0.15791300 0.48592600
vt 0.16049600 0.48952600
vt 0.16134900 0.48726700
vt 0.16788600 0.49134500
vt 0.16689800 0.49378200
vt 0.07887600 0.29673900
vt 0.07686500 0.28690900
vt 0.06822100 0.28524200
vt 0.06091700 0.27885300
vt 0.06570800 0.28697500
vt 0.06050800 0.29610600
vt 0.05227900 0.29034000
vt 0.06222700 0.30811200
vt 0.05422700 0.30311400
vt 0.06646600 0.31283800
vt 0.05388200 0.30647000
vt 0.05116500 0.30541100
vt 0.04693600 0.30636400
vt 0.06109700 0.31378900
vt 0.05271000 0.31080700
vt 0.06045900 0.31582500
vt 0.05811900 0.26638600
vt 0.05367900 0.25239400
vt 0.05902000 0.25917900
vt 0.04916700 0.26222300
vt 0.05252800 0.27038600
vt 0.04332400 0.26177100
vt 0.03820000 0.27150100
vt 0.04699400 0.24525400
vt 0.04124400 0.24950900
vt 0.04653000 0.25537200
vt 0.03734900 0.25147800
vt 0.03452300 0.25916900
vt 0.11974400 0.71670000
vt 0.03096600 0.22989800
vt 0.03576000 0.26306800
vt 0.03242100 0.26796800
vt 0.03170000 0.27326300
vt 0.03244900 0.28627200
vt 0.02667400 0.28219800
vt 0.03978300 0.30293900
vt 0.03140100 0.29900700
vt 0.04788600 0.31170000
vt 0.04711700 0.31333100
vt 0.03077300 0.30299900
vt 0.02940900 0.28958800
vt 0.02735000 0.29845800
vt 0.02351400 0.30330200
vt 0.02598100 0.30575500
vt 0.07428500 0.32152400
vt 0.06524600 0.32647400
vt 0.11319000 0.54822100
vt 0.11236300 0.56611800
vt 0.05239700 0.31878700
vt 0.13294800 0.55627000
vt 0.11871300 0.57028200
vt 0.11393700 0.57630600
vt 0.04380300 0.31652700
vt 0.12820300 0.56326000
vt 0.12828100 0.57216000
vt 0.13595800 0.56410100
vt 0.03873600 0.31896400
vt 0.11835900 0.58098000
vt 0.12998000 0.58880200
vt 0.15231700 0.54430900
vt 0.14476000 0.54563900
vt 0.14186100 0.55100000
vt 0.15171000 0.55060700
vt 0.14751600 0.54652600
vt 0.15471100 0.55272500
vt 0.15360800 0.55460200
vt 0.14605400 0.55405200
vt 0.14773000 0.54008800
vt 0.14520700 0.55013300
vt 0.14376800 0.55667300
vt 0.14663200 0.55882400
vt 0.14802700 0.55898000
vt 0.15226700 0.55853900
vt 0.15320000 0.56162300
vt 0.15450900 0.56015100
vt 0.14519800 0.57293000
vt 0.15349400 0.56779700
vt 0.13871100 0.59430700
vt 0.13491800 0.59848700
vt 0.13772500 0.60173000
vt 0.08681600 0.16312100
vt 0.08875400 0.15458600
vt 0.08016600 0.14874400
vt 0.07514200 0.14660200
vt 0.07385200 0.14131700
vt 0.06848400 0.13768900
vt 0.11431900 0.81657500
vt 0.07123800 0.14384200
vt 0.12375000 0.81618400
vt 0.13151200 0.81638600
vt 0.06275100 0.14983000
vt 0.11432400 0.80347200
vt 0.06741300 0.14959800
vt 0.12135500 0.80633400
vt 0.07544800 0.15344200
vt 0.06016400 0.15718100
vt 0.11400100 0.79570900
vt 0.12153300 0.79868900
vt 0.12812500 0.81048500
vt 0.12787200 0.80792700
vt 0.12942400 0.80214800
vt 0.07096300 0.17745600
vt 0.07052000 0.16300700
vt 0.08125300 0.15972000
vt 0.06394500 0.17354200
vt 0.05763700 0.16220100
vt 0.11437000 0.79008700
vt 0.05494700 0.17055800
vt 0.11395900 0.78122200
vt 0.11877400 0.78107000
vt 0.12279300 0.78169300
vt 0.06093000 0.18300900
vt 0.11352300 0.74565900
vt 0.04409100 0.20419600
vt 0.11053600 0.76938000
vt 0.05426000 0.18281300
vt 0.12142800 0.75966500
vt 0.13356900 0.80505900
vt 0.14238000 0.80766700
vt 0.13765000 0.79830000
vt 0.15122400 0.80883300
vt 0.16471700 0.79594800
vt 0.12999400 0.78724100
vt 0.13431200 0.78908400
vt 0.14078300 0.79057400
vt 0.12815300 0.76947400
vt 0.13522800 0.77647200
vt 0.14139400 0.77711400
vt 0.16571000 0.77518000
vt 0.17652700 0.80950400
vt 0.19287400 0.81447800
vt 0.05658900 0.19816300
vt 0.13387500 0.76367300
vt 0.13975600 0.76087000
vt 0.12476200 0.75757700
vt 0.13289800 0.75327600
vt 0.12677000 0.74696400
vt 0.14147400 0.73349700
vt 0.14573900 0.74710400
vt 0.12437200 0.73824200
vt 0.13309300 0.74137300
vt 0.12722800 0.73180900
vt 0.12363100 0.72443700
vt 0.13825300 0.73409300
vt 0.12771600 0.72528400
vt 0.13236600 0.72385200
vt 0.13493300 0.72796000
vt 0.15264800 0.72937100
vt 0.17126700 0.76325300
vt 0.17785100 0.73571300
vt 0.17684800 0.74974100
vt 0.18998300 0.80634800
vt 0.18628900 0.79855700
vt 0.19781800 0.79352900
vt 0.19696400 0.77848300
vt 0.20852200 0.77452800
vt 0.21270800 0.80858400
vt 0.23085100 0.80315300
vt 0.22498500 0.79308400
vt 0.21915900 0.78672900
vt 0.22697300 0.77603900
vt 0.22451400 0.77403200
vt 0.19240500 0.75073400
vt 0.19021000 0.74244200
vt 0.20530100 0.73053100
vt 0.20123400 0.76400600
vt 0.19859600 0.76004300
vt 0.20252100 0.75596500
vt 0.20693700 0.75448700
vt 0.22472700 0.76546800
vt 0.21602200 0.76773600
vt 0.22299600 0.75719600
vt 0.21830300 0.75218200
vt 0.21379000 0.73979000
vt 0.22076500 0.74819800
vt 0.21839700 0.72121000
vt 0.12661800 0.70844600
vt 0.12868300 0.71792200
vt 0.13847800 0.72137000
vt 0.13684700 0.71383500
vt 0.13028300 0.71031000
vt 0.14390900 0.70520500
vt 0.13178500 0.69490000
vt 0.13576400 0.69489200
vt 0.14751700 0.71772200
vt 0.15362800 0.69898400
vt 0.17861000 0.71781000
vt 0.14313000 0.67923000
vt 0.15155700 0.68662900
vt 0.14989100 0.67628500
vt 0.15979500 0.66727800
vt 0.18130700 0.67937700
vt 0.14871200 0.66398800
vt 0.15491000 0.66706500
vt 0.15901500 0.65719100
vt 0.16343000 0.64829400
vt 0.18336600 0.69762700
vt 0.19657100 0.70261400
vt 0.20676200 0.70186500
vt 0.20054600 0.70927900
vt 0.20241800 0.69801500
vt 0.20068400 0.71957900
vt 0.21385400 0.70773000
vt 0.21154300 0.69416400
vt 0.23054300 0.69676300
vt 0.20416500 0.68577900
vt 0.20232900 0.69027700
vt 0.21360400 0.67435100
vt 0.16761200 0.65763900
vt 0.18650600 0.65330000
vt 0.22723000 0.67000000
vt 0.21723300 0.65609200
vt 0.21745900 0.64546600
vt 0.23338500 0.81381600
vt 0.23465800 0.80934600
vt 0.24148600 0.80396400
vt 0.25788900 0.80505200
vt 0.24982500 0.80262600
vt 0.25257100 0.79538700
vt 0.24780200 0.77640500
vt 0.23971300 0.77750700
vt 0.23466500 0.77409700
vt 0.24583700 0.78312400
vt 0.24946600 0.78887800
vt 0.25711300 0.78049200
vt 0.27715500 0.80293000
vt 0.26641000 0.79737500
vt 0.26454800 0.78559400
vt 0.27547300 0.78839800
vt 0.26221700 0.77654500
vt 0.28045100 0.77889700
vt 0.27633000 0.77433800
vt 0.26091700 0.76864300
vt 0.23039400 0.75089500
vt 0.23934000 0.76347400
vt 0.24130500 0.75780900
vt 0.24878600 0.76680700
vt 0.24747200 0.75605800
vt 0.25334300 0.74639300
vt 0.23186500 0.73223800
vt 0.24040400 0.74062300
vt 0.23679600 0.71556200
vt 0.24803700 0.72231500
vt 0.25475200 0.75682900
vt 0.26664900 0.75509800
vt 0.27546600 0.76421600
vt 0.28093500 0.75406100
vt 0.25388900 0.73081500
vt 0.27417300 0.72067800
vt 0.26746100 0.73631500
vt 0.26115200 0.73536200
vt 0.28744300 0.74253200
vt 0.27878100 0.73526900
vt 0.29575400 0.80260800
vt 0.29076200 0.78622300
vt 0.28849100 0.77645100
vt 0.31526800 0.78165600
vt 0.32346700 0.79399100
vt 0.29709300 0.77611600
vt 0.29163700 0.77671800
vt 0.29009700 0.78031200
vt 0.29142000 0.77241500
vt 0.30666300 0.76916500
vt 0.31744800 0.76306100
vt 0.28640200 0.76581700
vt 0.30259700 0.75592800
vt 0.29326100 0.75799600
vt 0.29142400 0.73363900
vt 0.28175100 0.72417000
vt 0.28844600 0.71742000
vt 0.30266200 0.72319200
vt 0.29732100 0.73780600
vt 0.31532800 0.73880700
vt 0.33409500 0.72638000
vt 0.25079200 0.70062700
vt 0.23209300 0.68359800
vt 0.24839100 0.68582800
vt 0.25090900 0.67565500
vt 0.26824300 0.69887100
vt 0.26386300 0.69022000
vt 0.26424800 0.67599300
vt 0.24925500 0.71143200
vt 0.24750600 0.71814900
vt 0.26020400 0.71646900
vt 0.24515800 0.65751300
vt 0.21817600 0.63600800
vt 0.22532000 0.63798500
vt 0.23486800 0.64018700
vt 0.24128700 0.64041700
vt 0.24541600 0.64843500
vt 0.24964200 0.64163400
vt 0.24684800 0.63395700
vt 0.25641500 0.65141000
vt 0.24824000 0.66597700
vt 0.25946700 0.66309900
vt 0.23858700 0.63303100
vt 0.25058500 0.63358000
vt 0.25619800 0.63550800
vt 0.27323600 0.68784300
vt 0.28164400 0.67689200
vt 0.28455100 0.67013900
vt 0.29663900 0.68591300
vt 0.30024700 0.67423600
vt 0.29975900 0.66210700
vt 0.31240600 0.67822700
vt 0.30959100 0.66452100
vt 0.28536600 0.69711500
vt 0.30242000 0.70717800
vt 0.31301500 0.70132500
vt 0.34242900 0.69684400
vt 0.26418700 0.63333700
vt 0.26404100 0.64079200
vt 0.28039700 0.65351100
vt 0.27176200 0.65168200
vt 0.27998200 0.64509900
vt 0.28309300 0.64306600
vt 0.27421800 0.63898300
vt 0.27117700 0.64606700
vt 0.27461400 0.66258200
vt 0.26293100 0.65843600
vt 0.28682400 0.65659600
vt 0.29874300 0.65281600
vt 0.29517000 0.64303400
vt 0.29058300 0.63845800
vt 0.29360400 0.63088900
vt 0.29979500 0.64876100
vt 0.30485500 0.64068100
vt 0.31298200 0.64458700
vt 0.30335000 0.62868200
vt 0.30773000 0.63307300
vt 0.30995400 0.65230100
vt 0.31514600 0.65934300
vt 0.33704500 0.77228100
vt 0.32935900 0.76348300
vt 0.34474500 0.76058500
vt 0.35450300 0.74661100
vt 0.37232200 0.75818400
vt 0.36081300 0.72300300
vt 0.38219700 0.73874100
vt 0.39483100 0.72518000
vt 0.36135700 0.71285300
vt 0.39415500 0.73967900
vt 0.39651000 0.71246200
vt 0.41257000 0.71552400
vt 0.39627700 0.70837200
vt 0.41321100 0.73002900
vt 0.41451800 0.70849700
vt 0.42049400 0.71126900
vt 0.33933200 0.81528700
vt 0.33534800 0.80144500
vt 0.34504100 0.79605300
vt 0.35775100 0.80083100
vt 0.34052400 0.78638100
vt 0.35754700 0.78920700
vt 0.35047900 0.77374200
vt 0.37388600 0.79590700
vt 0.38193200 0.80872400
vt 0.38234400 0.80313100
vt 0.36451500 0.78093300
vt 0.36959300 0.77135200
vt 0.37675900 0.78186200
vt 0.38354800 0.79092400
vt 0.40176900 0.80802000
vt 0.38667000 0.77665900
vt 0.40742100 0.79398300
vt 0.39866000 0.78400300
vt 0.40773600 0.78355700
vt 0.39576400 0.77842200
vt 0.39289500 0.77461200
vt 0.40234700 0.77427200
vt 0.39575800 0.76739700
vt 0.42162400 0.80958400
vt 0.42720300 0.79526100
vt 0.43507400 0.80692900
vt 0.40678600 0.76711500
vt 0.41236100 0.77445000
vt 0.42368700 0.77769200
vt 0.42100400 0.76555300
vt 0.37995200 0.76544700
vt 0.38183100 0.75836500
vt 0.38689800 0.76368900
vt 0.38589300 0.76025500
vt 0.38665600 0.75364300
vt 0.39508400 0.75897900
vt 0.39374700 0.75407900
vt 0.40087400 0.75961200
vt 0.39830000 0.76202700
vt 0.39463800 0.74838000
vt 0.40125600 0.74433200
vt 0.39695800 0.73660200
vt 0.40527000 0.75843900
vt 0.41200600 0.75831400
vt 0.40599600 0.75098600
vt 0.40456200 0.73701200
vt 0.41010100 0.74035100
vt 0.41911600 0.74633000
vt 0.41662000 0.75501200
vt 0.42844800 0.75755200
vt 0.42396200 0.75628400
vt 0.42637100 0.75058600
vt 0.33029400 0.67803800
vt 0.33878600 0.66295500
vt 0.32307500 0.64942100
vt 0.33205900 0.65128900
vt 0.33925500 0.67402000
vt 0.34710400 0.65152800
vt 0.34077000 0.64339400
vt 0.35211200 0.64053100
vt 0.35131600 0.65785600
vt 0.35773200 0.67042100
vt 0.36050300 0.65470400
vt 0.35668500 0.69032700
vt 0.37240800 0.68377500
vt 0.31582400 0.63675000
vt 0.31083900 0.64047900
vt 0.32071600 0.63067300
vt 0.33386700 0.63386500
vt 0.31810800 0.64987900
vt 0.32681100 0.64040000
vt 0.35406500 0.62910100
vt 0.36157600 0.63587100
vt 0.36008300 0.63961600
vt 0.35997900 0.64585400
vt 0.36972500 0.64359400
vt 0.37549000 0.63334000
vt 0.39034000 0.64012500
vt 0.36725300 0.66306500
vt 0.37794200 0.65751700
vt 0.38433500 0.67439500
vt 0.38338800 0.64918100
vt 0.38179900 0.64273300
vt 0.39209000 0.62758700
vt 0.40167600 0.62278800
vt 0.40691000 0.62152800
vt 0.40159500 0.63178700
vt 0.39580800 0.62697300
vt 0.41318200 0.63340600
vt 0.40034900 0.65556200
vt 0.40551800 0.63449300
vt 0.40755200 0.64323000
vt 0.40264900 0.66830700
vt 0.40797800 0.69765400
vt 0.41553300 0.69106700
vt 0.41419500 0.67707100
vt 0.42796800 0.69961500
vt 0.06582800 0.19003200
vt 0.23764300 0.78396900
vt 0.54480200 0.28799700
vt 0.54001400 0.27230500
vt 0.51741400 0.29772700
vt 0.53291700 0.29706100
vt 0.54904900 0.29920200
vt 0.56874200 0.28917700
vt 0.56472700 0.27757000
vt 0.55221100 0.31298300
vt 0.56645900 0.30035700
vt 0.54834800 0.32450100
vt 0.54051900 0.33092900
vt 0.56552500 0.26852600
vt 0.56607400 0.25432900
vt 0.57014300 0.23848600
vt 0.58558200 0.28203300
vt 0.59177400 0.27227600
vt 0.58147200 0.25596300
vt 0.58049200 0.23316600
vt 0.58944500 0.25103100
vt 0.59718200 0.23742400
vt 0.60417800 0.28356700
vt 0.60042700 0.26815900
vt 0.60953400 0.26575400
vt 0.61496800 0.25517100
vt 0.61919100 0.27457100
vt 0.62273900 0.26253800
vt 0.61142900 0.29244400
vt 0.62343100 0.29917700
vt 0.60680300 0.30370800
vt 0.61370400 0.31170600
vt 0.62081200 0.28479400
vt 0.63142100 0.26942100
vt 0.62314700 0.27028300
vt 0.63632900 0.28385600
vt 0.63601100 0.29385700
vt 0.62865500 0.28226200
vt 0.63947100 0.27461800
vt 0.63778200 0.26089400
vt 0.58912900 0.29597700
vt 0.57973200 0.30632200
vt 0.57299300 0.31973700
vt 0.58896600 0.31619200
vt 0.55875100 0.34105200
vt 0.57140600 0.33635000
vt 0.57136100 0.32918600
vt 0.59702400 0.32997200
vt 0.60296900 0.31670000
vt 0.57009200 0.34496100
vt 0.55982000 0.35578100
vt 0.57898900 0.34379700
vt 0.58193300 0.35665800
vt 0.60075500 0.34469300
vt 0.50006600 0.34451800
vt 0.51143300 0.35613700
vt 0.50618400 0.36812200
vt 0.49696900 0.38257100
vt 0.51818900 0.36183400
vt 0.52118400 0.35316900
vt 0.51781000 0.36862200
vt 0.50963000 0.36510300
vt 0.50262700 0.37862000
vt 0.50996800 0.38244100
vt 0.51740600 0.38076700
vt 0.46870300 0.39577800
vt 0.44444600 0.40751400
vt 0.46559800 0.41505700
vt 0.49967100 0.38345500
vt 0.50361500 0.38568200
vt 0.50204800 0.39226500
vt 0.50155000 0.39831400
vt 0.49551100 0.40661200
vt 0.56206000 0.39219800
vt 0.53042400 0.40190100
vt 0.51172000 0.39477200
vt 0.50951400 0.40093400
vt 0.50405400 0.40336600
vt 0.51059700 0.41056100
vt 0.50733500 0.40652200
vt 0.51884600 0.39859200
vt 0.51411300 0.40922200
vt 0.52158400 0.40478500
vt 0.51964700 0.41149200
vt 0.50042900 0.40675000
vt 0.50211000 0.41391300
vt 0.49883200 0.42185700
vt 0.50555100 0.41645900
vt 0.51482300 0.41660500
vt 0.50996800 0.42306800
vt 0.52123900 0.42284800
vt 0.51302600 0.43263300
vt 0.50119400 0.43189400
vt 0.57900900 0.43674200
vt 0.52320000 0.44517600
vt 0.53903300 0.34001000
vt 0.53096700 0.34929100
vt 0.52621800 0.35299900
vt 0.53180200 0.35651000
vt 0.52751700 0.35588800
vt 0.52641500 0.35950100
vt 0.53483800 0.36603700
vt 0.58099600 0.36687100
vt 0.56824700 0.37796700
vt 0.65912400 0.28674100
vt 0.64720200 0.28881700
vt 0.65027300 0.27791100
vt 0.66966600 0.29571400
vt 0.65220600 0.30047000
vt 0.63103200 0.30568800
vt 0.62684200 0.31590000
vt 0.64168000 0.30833100
vt 0.65028100 0.32082700
vt 0.65135400 0.27164500
vt 0.67637300 0.28941400
vt 0.68386700 0.29603100
vt 0.67577500 0.31344400
vt 0.66627800 0.30571800
vt 0.67560200 0.30446700
vt 0.65974500 0.31319400
vt 0.66659400 0.32440300
vt 0.64884600 0.33343000
vt 0.66405400 0.33480900
vt 0.61950900 0.32562500
vt 0.62254800 0.33949200
vt 0.60495300 0.36190500
vt 0.64800900 0.34409600
vt 0.63861800 0.35213800
vt 0.64039600 0.36890700
vt 0.62959400 0.38587500
vt 0.69089800 0.30341400
vt 0.69462400 0.29439200
vt 0.69259800 0.30551300
vt 0.68867400 0.30898800
vt 0.69814600 0.30117000
vt 0.68893300 0.31399600
vt 0.69636300 0.30732500
vt 0.69636300 0.30732500
vt 0.68458200 0.32291100
vt 0.69935200 0.31149200
vt 0.69438100 0.31354900
vt 0.68591600 0.32789200
vt 0.69142400 0.32338500
vt 0.69594100 0.32156700
vt 0.69343900 0.31956300
vt 0.69796800 0.32611200
vt 0.69943700 0.31869600
vt 0.69213400 0.33215400
vt 0.68920600 0.33095500
vt 0.69267500 0.31716700
vt 0.68143300 0.32933900
vt 0.66814900 0.34403700
vt 0.68042700 0.33878100
vt 0.67875200 0.34738800
vt 0.67544600 0.35917200
vt 0.68305200 0.33784100
vt 0.69417000 0.33234000
vt 0.70993100 0.32700200
vt 0.70368600 0.33556900
vt 0.71113500 0.31791000
vt 0.71986400 0.33133700
vt 0.72057400 0.34067500
vt 0.69041400 0.34374500
vt 0.68510000 0.34659600
vt 0.68831100 0.33794600
vt 0.69893800 0.35223500
vt 0.70415200 0.34448800
vt 0.68540800 0.34219400
vt 0.68840000 0.35644500
vt 0.68654100 0.35642400
vt 0.68330400 0.35569100
vt 0.69439200 0.36181900
vt 0.65870200 0.38234300
vt 0.65443600 0.39774900
vt 0.66638500 0.38926900
vt 0.66229500 0.36339100
vt 0.68159000 0.35583900
vt 0.68160900 0.36173700
vt 0.68455200 0.36391700
vt 0.67908500 0.36862000
vt 0.67085000 0.37335000
vt 0.68638700 0.36469300
vt 0.68019300 0.37040900
vt 0.68235500 0.37332000
vt 0.69770700 0.37191900
vt 0.66800000 0.39310900
vt 0.67639700 0.37842300
vt 0.68109700 0.38422100
vt 0.68110100 0.37912300
vt 0.67821800 0.37674100
vt 0.67720100 0.38462800
vt 0.67519000 0.38591800
vt 0.67878200 0.38757400
vt 0.67560700 0.39062500
vt 0.67218900 0.39447900
vt 0.67760700 0.39219300
vt 0.67447600 0.39399800
vt 0.67428600 0.39848200
vt 0.66426000 0.40065000
vt 0.67159100 0.40085900
vt 0.66976000 0.40782300
vt 0.58979000 0.38506800
vt 0.57469800 0.41297400
vt 0.57318700 0.45532200
vt 0.62274500 0.41651500
vt 0.64149100 0.40964600
vt 0.65985600 0.40790100
vt 0.66354100 0.41376700
vt 0.65987600 0.41992200
vt 0.64730600 0.42609800
vt 0.63233000 0.43370500
vt 0.64322400 0.44424900
vt 0.61755500 0.47331300
vt 0.61388900 0.48512700
vt 0.63758400 0.46100200
vt 0.63176500 0.48536800
vt 0.73286000 0.33526600
vt 0.72483800 0.32541500
vt 0.73234400 0.34424000
vt 0.72800800 0.35197700
vt 0.73771600 0.34129300
vt 0.73513300 0.35116900
vt 0.73998800 0.34427900
vt 0.71017400 0.36735900
vt 0.72075900 0.35780300
vt 0.73534200 0.35983000
vt 0.71915100 0.37289200
vt 0.73771200 0.35345500
vt 0.75107400 0.35123500
vt 0.74726900 0.36032100
vt 0.73150800 0.36467200
vt 0.73470700 0.36968800
vt 0.74180000 0.36871200
vt 0.73333700 0.37696500
vt 0.72615000 0.37572200
vt 0.73102400 0.37938400
vt 0.74600000 0.36949100
vt 0.75088800 0.36213100
vt 0.75227600 0.36885800
vt 0.74122400 0.37982600
vt 0.74541300 0.38233700
vt 0.75116600 0.38380700
vt 0.68788500 0.39212200
vt 0.70995900 0.38955300
vt 0.67907600 0.39460600
vt 0.67718400 0.40096900
vt 0.67673100 0.39662700
vt 0.67557500 0.40399400
vt 0.67277600 0.40293600
vt 0.67696500 0.40960900
vt 0.69839300 0.40784400
vt 0.68494600 0.41691300
vt 0.71908600 0.38994900
vt 0.71574800 0.40538500
vt 0.72038600 0.39332300
vt 0.72563300 0.38685800
vt 0.72736800 0.38698000
vt 0.72395400 0.40004800
vt 0.72912700 0.38523900
vt 0.72655500 0.39491000
vt 0.72365600 0.39462200
vt 0.72185900 0.38907800
vt 0.72031700 0.40029600
vt 0.72520100 0.40252600
vt 0.72915400 0.39852400
vt 0.72598800 0.41269600
vt 0.71934200 0.38567200
vt 0.72275400 0.38190100
vt 0.72693100 0.38194800
vt 0.72586900 0.38342200
vt 0.72257300 0.38449800
vt 0.73234900 0.38734900
vt 0.73984000 0.39367400
vt 0.73554800 0.40415900
vt 0.72939000 0.40427900
vt 0.71783800 0.40473600
vt 0.72064300 0.40564200
vt 0.71787800 0.40870600
vt 0.71431600 0.41200300
vt 0.72255600 0.41060500
vt 0.71994100 0.41209100
vt 0.70453100 0.42507300
vt 0.71485700 0.41815600
vt 0.71902400 0.41920200
vt 0.72029300 0.42458300
vt 0.71231700 0.42721900
vt 0.71885800 0.42359800
vt 0.74270500 0.40460200
vt 0.73920800 0.40696500
vt 0.74413800 0.42290800
vt 0.76049100 0.40547200
vt 0.72206400 0.43106900
vt 0.73069300 0.42956300
vt 0.73578500 0.41274200
vt 0.73706400 0.42595600
vt 0.73649100 0.44283800
vt 0.73855900 0.45975800
vt 0.66059800 0.42834500
vt 0.66982700 0.43474100
vt 0.67046200 0.42610100
vt 0.67315700 0.42153000
vt 0.65506500 0.43781600
vt 0.66334100 0.43569400
vt 0.66334100 0.43569400
vt 0.66705600 0.41932400
vt 0.66705600 0.41932400
vt 0.65558500 0.45154300
vt 0.65171500 0.45292700
vt 0.66650100 0.42858800
vt 0.66420000 0.44165600
vt 0.66172800 0.44358500
vt 0.66677000 0.44351100
vt 0.66560500 0.44789600
vt 0.65920600 0.44977700
vt 0.66188100 0.44992600
vt 0.66764500 0.44668100
vt 0.67805800 0.45166800
vt 0.66646900 0.45067600
vt 0.66457400 0.45711000
vt 0.66996100 0.41276200
vt 0.67283000 0.41496400
vt 0.68572900 0.43150400
vt 0.70870900 0.44356600
vt 0.69641200 0.44407700
vt 0.70089100 0.46031800
vt 0.68471100 0.47014400
vt 0.64789300 0.47141200
vt 0.65862800 0.45525600
vt 0.65987100 0.45524000
vt 0.65177600 0.47113400
vt 0.65750700 0.46107100
vt 0.65904900 0.46137900
vt 0.66001100 0.47190500
vt 0.65604000 0.46831900
vt 0.65604000 0.46831900
vt 0.65821100 0.46833400
vt 0.65525800 0.47385000
vt 0.65525800 0.47385000
vt 0.63551000 0.47646800
vt 0.62941000 0.49249700
vt 0.63422900 0.48429000
vt 0.63613000 0.48254600
vt 0.64449600 0.48400000
vt 0.63813600 0.48035400
vt 0.65334400 0.48097100
vt 0.65334400 0.48097100
vt 0.64731800 0.48977500
vt 0.63913900 0.48942400
vt 0.64161400 0.50048000
vt 0.67273700 0.46540700
vt 0.66104300 0.47507100
vt 0.66965600 0.48999100
vt 0.68699700 0.49614500
vt 0.65601200 0.48092400
vt 0.65167400 0.49089400
vt 0.65791900 0.48566900
vt 0.65614400 0.48893900
vt 0.65802500 0.49046300
vt 0.64979200 0.49445500
vt 0.64979200 0.49445500
vt 0.65007600 0.49900600
vt 0.65581700 0.49573000
vt 0.66247500 0.49925400
vt 0.65557100 0.50036200
vt 0.67066100 0.50402900
vt 0.71656600 0.43186700
vt 0.71657700 0.43820200
vt 0.71894100 0.44624100
vt 0.71466500 0.44664900
vt 0.71231400 0.45885400
vt 0.71677900 0.45500700
vt 0.72589200 0.44874000
vt 0.73190500 0.44430100
vt 0.72324500 0.45421800
vt 0.72973200 0.45336800
vt 0.73173000 0.46310500
vt 0.70587900 0.45649200
vt 0.71190500 0.45281800
vt 0.70957200 0.46099100
vt 0.70473000 0.46621400
vt 0.70087900 0.47249200
vt 0.70357700 0.46342700
vt 0.70220600 0.46740800
vt 0.72504300 0.45916300
vt 0.71695300 0.46015300
vt 0.71512100 0.46333000
vt 0.72612900 0.46971200
vt 0.72042400 0.47262000
vt 0.70759100 0.47415800
vt 0.70916100 0.47387800
vt 0.71380400 0.47032300
vt 0.70642900 0.47244700
vt 0.70267400 0.47480000
vt 0.71184700 0.47693800
vt 0.71388300 0.47822100
vt 0.72601300 0.48335500
vt 0.72325300 0.47829400
vt 0.69158400 0.47961100
vt 0.69981000 0.47818700
vt 0.70474800 0.47969600
vt 0.70213800 0.47758500
vt 0.70066000 0.48107600
vt 0.70356200 0.48482400
vt 0.69972800 0.48500700
vt 0.71038400 0.48366200
vt 0.70588200 0.48214300
vt 0.70699700 0.48450100
vt 0.69768100 0.49136500
vt 0.70219100 0.48963700
vt 0.70511400 0.48799900
vt 0.70538100 0.49260900
vt 0.70225700 0.49288800
vt 0.68689400 0.50709900
vt 0.67957600 0.51243700
vt 0.70016900 0.50388000
vt 0.69531500 0.52150000
vt 0.69777000 0.51437400
vt 0.71657300 0.48898500
vt 0.70903800 0.49210200
vt 0.71953900 0.49016400
vt 0.70765300 0.48897800
vt 0.70432700 0.50201900
vt 0.71346800 0.50315000
vt 0.71762400 0.50180700
vt 0.72317800 0.50216900
vt 0.71963100 0.51072800
vt 0.72545800 0.51091400
vt 0.74204000 0.49592600
vt 0.76507400 0.50796200
vt 0.75606700 0.50302800
vt 0.73647200 0.52626800
vt 0.70084200 0.51286900
vt 0.71132400 0.50914600
vt 0.69936500 0.52442200
vt 0.71034300 0.52007800
vt 0.71509000 0.50844000
vt 0.71427600 0.51592500
vt 0.72406700 0.52797400
vt 0.71101000 0.52636500
vt 0.71763300 0.52484600
vt 0.71349300 0.53070600
vt 0.71996100 0.53429700
vt 0.70980200 0.27629300
vt 0.71340100 0.26438400
vt 0.72361500 0.27673700
vt 0.71442000 0.28469000
vt 0.70757500 0.28236500
vt 0.73878100 0.27344400
vt 0.73615700 0.29870100
vt 0.72767000 0.30206300
vt 0.71879300 0.29409800
vt 0.73492600 0.28802200
vt 0.75404100 0.28173100
vt 0.74708400 0.29258700
vt 0.74023300 0.30583500
vt 0.74921200 0.29846500
vt 0.75239100 0.29195800
vt 0.75488300 0.29431400
vt 0.75768500 0.28690700
vt 0.71727500 0.25112400
vt 0.73241900 0.25073500
vt 0.73960800 0.26116500
vt 0.75017400 0.26801600
vt 0.74547800 0.25161100
vt 0.76164500 0.25336500
vt 0.75783100 0.26945200
vt 0.75982400 0.28005400
vt 0.76486900 0.26541100
vt 0.77356700 0.27748500
vt 0.74712100 0.23977600
vt 0.77046200 0.25429500
vt 0.78590300 0.26064300
vt 0.58714700 0.21669700
vt 0.60121000 0.21575700
vt 0.60367600 0.22540100
vt 0.60907100 0.23731800
vt 0.62007900 0.22163300
vt 0.61308000 0.20364800
vt 0.62569900 0.19324900
vt 0.62829600 0.20467500
vt 0.63931800 0.19825700
vt 0.63002500 0.18502500
vt 0.59054100 0.18767800
vt 0.59393700 0.20579700
vt 0.61174900 0.19106800
vt 0.60504600 0.18573500
vt 0.60605000 0.17308800
vt 0.61345000 0.16125800
vt 0.61785800 0.14654700
vt 0.62724800 0.17437500
vt 0.64315600 0.18345600
vt 0.63807900 0.17738900
vt 0.62777600 0.16175500
vt 0.63619100 0.14875300
vt 0.63835400 0.13819600
vt 0.63683500 0.15928900
vt 0.64118300 0.16805200
vt 0.64828500 0.16359800
vt 0.61875300 0.24801200
vt 0.61855300 0.23410200
vt 0.63260700 0.24843600
vt 0.62787200 0.23271500
vt 0.63519600 0.21296800
vt 0.63779200 0.22684000
vt 0.63956100 0.23957700
vt 0.65034200 0.21479400
vt 0.64362800 0.22961000
vt 0.65787400 0.25705100
vt 0.65084300 0.24784200
vt 0.66187000 0.24970800
vt 0.66348600 0.24442800
vt 0.65749900 0.23735600
vt 0.65496000 0.22830100
vt 0.67122400 0.23516700
vt 0.64235500 0.25085200
vt 0.65117400 0.26505700
vt 0.65006700 0.18890400
vt 0.65480100 0.19361600
vt 0.64727900 0.20108100
vt 0.65834700 0.20398900
vt 0.66817000 0.20357700
vt 0.65707900 0.17989200
vt 0.65049700 0.17395100
vt 0.65780300 0.17057300
vt 0.66797300 0.16964400
vt 0.66422000 0.18540900
vt 0.67143300 0.18638300
vt 0.67530200 0.17681400
vt 0.67365700 0.21821800
vt 0.67928500 0.22927000
vt 0.68639100 0.22209900
vt 0.68244300 0.20619900
vt 0.67951500 0.19385100
vt 0.69127100 0.19122700
vt 0.69250100 0.20999100
vt 0.69875400 0.20219700
vt 0.69962900 0.18647800
vt 0.68052100 0.18486700
vt 0.62657400 0.12008200
vt 0.63298600 0.11195500
vt 0.44499600 0.92969600
vt 0.63591700 0.12840300
vt 0.64141000 0.12112300
vt 0.44430300 0.92007100
vt 0.64703700 0.13165400
vt 0.65280800 0.13654200
vt 0.64914400 0.14827500
vt 0.65638400 0.15637700
vt 0.66288500 0.14679800
vt 0.65960800 0.14063100
vt 0.65995300 0.13271300
vt 0.47564700 0.94888000
vt 0.66394700 0.12707900
vt 0.65476600 0.12100500
vt 0.46698800 0.94118500
vt 0.46553600 0.92656700
vt 0.47691000 0.93384500
vt 0.48615200 0.94166600
vt 0.49783600 0.93401000
vt 0.48703600 0.92634900
vt 0.47846100 0.91767700
vt 0.67580200 0.16059400
vt 0.68312700 0.16618900
vt 0.67181300 0.15331700
vt 0.68091200 0.15325500
vt 0.68452700 0.15710500
vt 0.68801000 0.15306500
vt 0.68137100 0.14891500
vt 0.68890500 0.17308600
vt 0.69849100 0.17333200
vt 0.69680400 0.16208200
vt 0.71092200 0.17467200
vt 0.70706100 0.15870100
vt 0.69925400 0.15021600
vt 0.68937500 0.13962100
vt 0.70575200 0.14993100
vt 0.70657500 0.14407000
vt 0.51576900 0.96467600
vt 0.70398100 0.13386900
vt 0.71253700 0.13732300
vt 0.52479000 0.96931300
vt 0.71661300 0.16113000
vt 0.71935000 0.15199900
vt 0.71995800 0.14568200
vt 0.53263700 0.97802200
vt 0.53826900 0.96740900
vt 0.67546700 0.14547100
vt 0.67320900 0.13809300
vt 0.66790300 0.13209300
vt 0.67428300 0.12650400
vt 0.48629400 0.95052700
vt 0.49370300 0.94799100
vt 0.68162600 0.13595500
vt 0.68526400 0.12916000
vt 0.49714000 0.95583900
vt 0.50135000 0.94548700
vt 0.51551300 0.94455200
vt 0.49194700 0.91119800
vt 0.50522200 0.92045900
vt 0.50701400 0.92766900
vt 0.51559300 0.91553300
vt 0.51246800 0.91110500
vt 0.52089800 0.95637500
vt 0.52874100 0.95004900
vt 0.52752200 0.93988600
vt 0.53127200 0.95997400
vt 0.54132000 0.95599800
vt 0.54461600 0.94164400
vt 0.53170100 0.93452300
vt 0.53589300 0.92443600
vt 0.51732900 0.90861300
vt 0.53584500 0.91438800
vt 0.54955100 0.93462400
vt 0.44058400 0.90736800
vt 0.45117600 0.90348400
vt 0.46024900 0.91489400
vt 0.46284300 0.90103900
vt 0.45371300 0.89255300
vt 0.44597200 0.87721000
vt 0.45749700 0.88734600
vt 0.45088600 0.86518600
vt 0.45483300 0.87379200
vt 0.46851000 0.90762600
vt 0.46878100 0.88300700
vt 0.45979800 0.86488400
vt 0.47655900 0.89469000
vt 0.48036000 0.90981200
vt 0.47852800 0.90145600
vt 0.49134000 0.90047700
vt 0.46458500 0.87537700
vt 0.47043000 0.87369400
vt 0.47015200 0.86377700
vt 0.48162100 0.88122500
vt 0.48517000 0.88856300
vt 0.48502600 0.87130100
vt 0.44329500 0.86118300
vt 0.45045700 0.84634300
vt 0.44712800 0.85504800
vt 0.43784000 0.84331500
vt 0.43772900 0.83801800
vt 0.44166700 0.83221100
vt 0.44667200 0.83661800
vt 0.44161900 0.83616600
vt 0.45183200 0.82685200
vt 0.46163600 0.83767000
vt 0.45559700 0.81986300
vt 0.44605000 0.81630800
vt 0.46991900 0.82582400
vt 0.46361500 0.81232800
vt 0.46159500 0.85475300
vt 0.46582200 0.85550000
vt 0.47047700 0.85383600
vt 0.49485700 0.86155900
vt 0.46614700 0.84435800
vt 0.48452700 0.85004600
vt 0.47430300 0.84205300
vt 0.48228500 0.84195700
vt 0.48558100 0.82694600
vt 0.49059000 0.82277500
vt 0.48181500 0.83250000
vt 0.50529800 0.90522300
vt 0.49632000 0.89460500
vt 0.50642000 0.89257800
vt 0.49615800 0.88220500
vt 0.50503900 0.87892000
vt 0.50616900 0.88512400
vt 0.51507800 0.88081900
vt 0.51776900 0.90153900
vt 0.53162500 0.90500900
vt 0.52313000 0.89139500
vt 0.53359100 0.89206900
vt 0.54300400 0.90310900
vt 0.54713900 0.88349300
vt 0.52089500 0.87549400
vt 0.52364500 0.85980000
vt 0.54100200 0.87068800
vt 0.49336500 0.84607700
vt 0.50382300 0.85119800
vt 0.49682700 0.83979100
vt 0.50096200 0.83616100
vt 0.48874700 0.83392200
vt 0.50377100 0.82093300
vt 0.48936200 0.80840800
vt 0.51031400 0.81865800
vt 0.51859800 0.84023300
vt 0.50520600 0.81175400
vt 0.52504600 0.82335300
vt 0.54454700 0.83879700
vt 0.67071000 0.27133100
vt 0.66688200 0.26432100
vt 0.66243200 0.25946300
vt 0.66736000 0.25563700
vt 0.67829600 0.26130200
vt 0.67991400 0.27294300
vt 0.67065400 0.27936800
vt 0.68613200 0.26861300
vt 0.67465200 0.24700400
vt 0.68500500 0.23685000
vt 0.68582900 0.25341800
vt 0.69278400 0.24537400
vt 0.69285200 0.26068400
vt 0.68185800 0.28179600
vt 0.68889600 0.27674000
vt 0.69926800 0.27510300
vt 0.68878800 0.28772400
vt 0.69610400 0.28479000
vt 0.69899800 0.28531400
vt 0.69830200 0.26744000
vt 0.70226200 0.25613100
vt 0.70520800 0.26147000
vt 0.70185300 0.27214100
vt 0.70469900 0.28052400
vt 0.70760800 0.27041200
vt 0.70918700 0.24471400
vt 0.71042200 0.26163500
vt 0.71056400 0.24974800
vt 0.69753600 0.23417700
vt 0.70087200 0.21872500
vt 0.71155400 0.23329200
vt 0.70827600 0.19609800
vt 0.71388200 0.20412000
vt 0.71701000 0.21338300
vt 0.72124700 0.20522900
vt 0.72403100 0.21248700
vt 0.71364300 0.25073500
vt 0.71651700 0.23950800
vt 0.71597000 0.22716300
vt 0.72124200 0.23686400
vt 0.72171800 0.22208300
vt 0.72527400 0.22291600
vt 0.71858200 0.21858300
vt 0.73027500 0.20404300
vt 0.73444800 0.22028100
vt 0.70213600 0.30307400
vt 0.70068100 0.29531000
vt 0.70378300 0.29663800
vt 0.70005800 0.29391800
vt 0.70508900 0.29187400
vt 0.70270300 0.28682900
vt 0.71185900 0.30857000
vt 0.71462500 0.30131300
vt 0.72647100 0.30928900
vt 0.72767200 0.31875500
vt 0.73709400 0.31729000
vt 0.73471000 0.32514800
vt 0.75377100 0.22766600
vt 0.76170300 0.23941900
vt 0.77181500 0.24114200
vt 0.71411100 0.18514400
vt 0.72262300 0.19278400
vt 0.72840000 0.17503300
vt 0.72605700 0.19099800
vt 0.72748200 0.20088200
vt 0.72908900 0.19378900
vt 0.73145900 0.18690100
vt 0.73347100 0.19257600
vt 0.73447900 0.17340900
vt 0.73715900 0.18016000
vt 0.73873900 0.17266900
vt 0.72872900 0.16405400
vt 0.73060800 0.15935700
vt 0.73251100 0.15062900
vt 0.54566600 0.98180400
vt 0.73147300 0.16816100
vt 0.73544600 0.15331200
vt 0.54902700 0.98380800
vt 0.73738400 0.16360200
vt 0.74169800 0.16377700
vt 0.73955900 0.15492500
vt 0.55338100 0.98429500
vt 0.74338100 0.15739300
vt 0.55743000 0.98615600
vt 0.73907700 0.19272700
vt 0.74785700 0.19387000
vt 0.75659100 0.21161800
vt 0.76288700 0.19455300
vt 0.75024900 0.18253300
vt 0.76505600 0.18044600
vt 0.75161400 0.17024000
vt 0.76315800 0.16851600
vt 0.54554100 0.97349300
vt 0.54906100 0.97075500
vt 0.54765100 0.96225800
vt 0.55420200 0.97266000
vt 0.55420200 0.97266000
vt 0.55083700 0.96124300
vt 0.55482600 0.96334900
vt 0.55797600 0.97923200
vt 0.74992900 0.15890800
vt 0.56402700 0.98612200
vt 0.55822500 0.97025300
vt 0.56046300 0.97026700
vt 0.55755800 0.96578600
vt 0.55974600 0.96227800
vt 0.56744100 0.97576800
vt 0.58219900 0.98084800
vt 0.76735600 0.15836600
vt 0.57166000 0.96996600
vt 0.56864300 0.96024800
vt 0.58412300 0.96354700
vt 0.58639200 0.97159600
vt 0.60630700 0.97548800
vt 0.78233800 0.16825300
vt 0.60212400 0.98427700
vt 0.60045900 0.96483200
vt 0.60428200 0.95406900
vt 0.54781000 0.94908100
vt 0.55035400 0.95174500
vt 0.55511400 0.95463400
vt 0.55618000 0.95800400
vt 0.56043500 0.95338800
vt 0.55679300 0.94850600
vt 0.55325000 0.94104000
vt 0.54971100 0.94182500
vt 0.56136500 0.95560400
vt 0.56819000 0.94821900
vt 0.56228400 0.94443400
vt 0.55601100 0.94434600
vt 0.55783000 0.93603000
vt 0.56069300 0.94355700
vt 0.56219700 0.93701700
vt 0.56984200 0.93861400
vt 0.57182700 0.92831500
vt 0.54877200 0.92879700
vt 0.55259200 0.92987500
vt 0.55139100 0.91944400
vt 0.55262000 0.90683500
vt 0.55482800 0.90759100
vt 0.55729200 0.92918100
vt 0.56185100 0.92642900
vt 0.55492000 0.91956200
vt 0.55858300 0.92686100
vt 0.56034700 0.92387400
vt 0.55870200 0.91752000
vt 0.56359500 0.92660700
vt 0.56455800 0.91832000
vt 0.55964700 0.91711800
vt 0.55985100 0.91030600
vt 0.56228000 0.92083700
vt 0.56429600 0.91246700
vt 0.57346200 0.91586200
vt 0.56524800 0.90359000
vt 0.58370600 0.95351900
vt 0.58387200 0.94479400
vt 0.58332900 0.93201900
vt 0.59529200 0.93618100
vt 0.59240100 0.92022600
vt 0.59733100 0.92855000
vt 0.58453900 0.91155200
vt 0.59876400 0.90647300
vt 0.59335100 0.90268200
vt 0.76891500 0.22141200
vt 0.77424800 0.20479500
vt 0.77649200 0.18964500
vt 0.78533200 0.21031700
vt 0.78027000 0.19387900
vt 0.78632400 0.19666700
vt 0.78688700 0.18663000
vt 0.78505200 0.23698900
vt 0.78615500 0.22560300
vt 0.79507300 0.25012900
vt 0.80696600 0.21852800
vt 0.80219000 0.23075500
vt 0.80583800 0.20550500
vt 0.81525500 0.21426600
vt 0.78048900 0.17737000
vt 0.78444200 0.18067100
vt 0.78983500 0.17683300
vt 0.79521700 0.18289500
vt 0.78806600 0.17056500
vt 0.60899700 0.98419600
vt 0.79207500 0.17143500
vt 0.61349900 0.98345800
vt 0.61322200 0.97508700
vt 0.79939400 0.17290700
vt 0.62195000 0.98137300
vt 0.60865900 0.96901200
vt 0.60845700 0.96295000
vt 0.61882700 0.97072700
vt 0.61266000 0.96756300
vt 0.63296400 0.96942500
vt 0.61173300 0.96202300
vt 0.61797200 0.95974300
vt 0.61238000 0.95293200
vt 0.80414700 0.19228100
vt 0.80348500 0.18185000
vt 0.81424300 0.20181600
vt 0.81358100 0.19190900
vt 0.64870200 0.97692300
vt 0.81752100 0.18188600
vt 0.82373500 0.19406700
vt 0.80901500 0.17218700
vt 0.63204200 0.97554400
vt 0.63848900 0.96019800
vt 0.62992300 0.96328200
vt 0.62778000 0.95497100
vt 0.63051800 0.94929800
vt 0.64580700 0.97100600
vt 0.66124200 0.97550100
vt 0.82545600 0.18866000
vt 0.65448500 0.96961500
vt 0.64586800 0.96145600
vt 0.63724800 0.94986700
vt 0.64591700 0.95514700
vt 0.64221300 0.94276600
vt 0.65864800 0.95790200
vt 0.60117600 0.94424800
vt 0.60825200 0.94415600
vt 0.60795500 0.93562600
vt 0.60828800 0.92445600
vt 0.61154900 0.94269700
vt 0.61774500 0.94857700
vt 0.62350500 0.94347700
vt 0.62314800 0.93566900
vt 0.61192900 0.93491200
vt 0.62871600 0.94111300
vt 0.63892900 0.94500500
vt 0.63346400 0.93716600
vt 0.63256900 0.92923200
vt 0.63642200 0.92378600
vt 0.65242500 0.94427700
vt 0.64259700 0.89659900
vt 0.65094300 0.90956500
vt 0.56071100 0.90264700
vt 0.56071100 0.90264700
vt 0.56164800 0.89565800
vt 0.56164800 0.89565800
vt 0.55437100 0.89035400
vt 0.55817200 0.89278300
vt 0.55863000 0.88668500
vt 0.55621600 0.88193200
vt 0.56208200 0.89099800
vt 0.56208200 0.89099800
vt 0.55748300 0.86995700
vt 0.56264900 0.88644000
vt 0.56264900 0.88644000
vt 0.55978100 0.87171100
vt 0.54683900 0.85730000
vt 0.55896400 0.86271300
vt 0.58619200 0.89506500
vt 0.56675500 0.89066700
vt 0.58993500 0.88627600
vt 0.56905100 0.88303400
vt 0.56344800 0.87863600
vt 0.56844600 0.87495100
vt 0.56511000 0.87064100
vt 0.56407100 0.87036300
vt 0.56629200 0.86010300
vt 0.57018700 0.86812500
vt 0.57663300 0.86862300
vt 0.57059100 0.85766500
vt 0.57226900 0.85853000
vt 0.58679600 0.87678100
vt 0.58615500 0.86852100
vt 0.58044600 0.86548900
vt 0.57696600 0.86009000
vt 0.58212000 0.86158100
vt 0.56029100 0.84969900
vt 0.55426800 0.84068600
vt 0.55487100 0.81906100
vt 0.53632800 0.80761500
vt 0.56343900 0.85248900
vt 0.56806400 0.84689300
vt 0.57340100 0.84792300
vt 0.56265500 0.84447200
vt 0.56361800 0.83734500
vt 0.56948400 0.84523800
vt 0.56633400 0.83749300
vt 0.57877700 0.84816900
vt 0.58572100 0.85414300
vt 0.57419800 0.83647300
vt 0.57554000 0.83764100
vt 0.57102600 0.83304600
vt 0.57962900 0.84035900
vt 0.58259300 0.84454500
vt 0.56778300 0.82939600
vt 0.56697500 0.82352800
vt 0.57690900 0.82424200
vt 0.57905200 0.83302700
vt 0.58053000 0.82621700
vt 0.57294000 0.82029100
vt 0.57123500 0.80884200
vt 0.57406000 0.82071800
vt 0.57497500 0.81314600
vt 0.57997400 0.81371300
vt 0.60235200 0.88486100
vt 0.59904200 0.88076000
vt 0.59306100 0.87387200
vt 0.59435400 0.86426300
vt 0.58952700 0.86298700
vt 0.60502500 0.87137500
vt 0.60015700 0.86286300
vt 0.61396800 0.86804600
vt 0.60806100 0.85897700
vt 0.59980700 0.85813900
vt 0.60776800 0.86148400
vt 0.61191500 0.85830100
vt 0.61671100 0.85760700
vt 0.61853800 0.86061200
vt 0.59413500 0.85600000
vt 0.58698000 0.84178000
vt 0.59659300 0.84952400
vt 0.59854300 0.85283800
vt 0.60124200 0.85334500
vt 0.60084600 0.84909200
vt 0.60600200 0.85625900
vt 0.60520600 0.85054300
vt 0.60726200 0.84820500
vt 0.59647800 0.84050100
vt 0.60047300 0.84550800
vt 0.60165000 0.84234200
vt 0.60673200 0.84545100
vt 0.60361800 0.83883700
vt 0.59996200 0.83281500
vt 0.60643000 0.84218300
vt 0.58653500 0.82919800
vt 0.59174500 0.83050700
vt 0.57891200 0.82305000
vt 0.58298600 0.81997800
vt 0.58808000 0.82268600
vt 0.57926900 0.80792400
vt 0.58783700 0.81130900
vt 0.58901500 0.81732500
vt 0.59537500 0.81745100
vt 0.60998700 0.83514900
vt 0.60058600 0.82487900
vt 0.60324000 0.83139100
vt 0.60429800 0.82435700
vt 0.59955600 0.81088900
vt 0.60102800 0.81952900
vt 0.60157200 0.81371100
vt 0.61073900 0.85493000
vt 0.61508800 0.85075400
vt 0.60961600 0.85050500
vt 0.61000500 0.84669100
vt 0.62099900 0.85598300
vt 0.61177900 0.84369700
vt 0.61303500 0.84095000
vt 0.61466700 0.84451300
vt 0.61944500 0.84342100
vt 0.61744200 0.84032600
vt 0.61451300 0.83613700
vt 0.62143800 0.85021800
vt 0.62394100 0.84084300
vt 0.63043800 0.84949300
vt 0.62038800 0.83320300
vt 0.60598900 0.83231700
vt 0.61064800 0.83300600
vt 0.60949900 0.82953500
vt 0.60630300 0.82809000
vt 0.60960600 0.82499200
vt 0.61423900 0.83250600
vt 0.61155600 0.82984900
vt 0.61721400 0.83195000
vt 0.61475000 0.82621800
vt 0.61160700 0.81997400
vt 0.60592700 0.82212500
vt 0.60851400 0.81457900
vt 0.61373600 0.82223600
vt 0.61581200 0.81836000
vt 0.62429300 0.83195500
vt 0.61976000 0.82422900
vt 0.62266800 0.81948900
vt 0.62555200 0.82862100
vt 0.63149200 0.83398700
vt 0.62687900 0.81989100
vt 0.63301800 0.82602300
vt 0.61721600 0.81570700
vt 0.61763300 0.81220900
vt 0.62453900 0.80908000
vt 0.62461800 0.81293600
vt 0.62803700 0.81526900
vt 0.61107800 0.92412100
vt 0.62351600 0.92664300
vt 0.60815100 0.91508600
vt 0.60192200 0.91228200
vt 0.60960700 0.90456900
vt 0.61217000 0.91115100
vt 0.62779600 0.93134300
vt 0.62691200 0.91773600
vt 0.62311900 0.91641700
vt 0.62112600 0.91073400
vt 0.62376100 0.90632000
vt 0.63162400 0.91622500
vt 0.63453600 0.90493200
vt 0.62869400 0.90611100
vt 0.63093900 0.89891200
vt 0.61017400 0.89431200
vt 0.61532800 0.89992200
vt 0.61507200 0.89216200
vt 0.61263500 0.88560400
vt 0.61213200 0.87772200
vt 0.62300700 0.89245200
vt 0.61842900 0.88673800
vt 0.61659700 0.88199100
vt 0.62508000 0.88412300
vt 0.62732300 0.90205900
vt 0.63303100 0.88916300
vt 0.62746700 0.89399200
vt 0.62754500 0.89051200
vt 0.63579600 0.89495400
vt 0.62915800 0.88314300
vt 0.62432400 0.87723500
vt 0.63693200 0.88713100
vt 0.63639900 0.87980500
vt 0.63200600 0.87708900
vt 0.61819700 0.87038500
vt 0.62785400 0.86890100
vt 0.61898600 0.86441700
vt 0.62363200 0.86378100
vt 0.62798900 0.87749600
vt 0.63270000 0.86512700
vt 0.62801800 0.85973500
vt 0.63109900 0.85498200
vt 0.74996300 0.31059500
vt 0.74428000 0.31666400
vt 0.74592700 0.31059200
vt 0.76541700 0.32203200
vt 0.74751500 0.32250100
vt 0.74891500 0.31639700
vt 0.74802400 0.30750700
vt 0.75244600 0.30351700
vt 0.75688300 0.30985700
vt 0.76002200 0.29988500
vt 0.76994000 0.28947000
vt 0.77137200 0.29586800
vt 0.76475100 0.31390400
vt 0.76760700 0.30644900
vt 0.77583300 0.31461300
vt 0.76608600 0.32869200
vt 0.77572700 0.32146000
vt 0.78433800 0.30429300
vt 0.78632700 0.31663100
vt 0.78036500 0.32383900
vt 0.78578300 0.31124500
vt 0.78780300 0.32429900
vt 0.79050100 0.31920900
vt 0.78331400 0.29233700
vt 0.78983500 0.27345000
vt 0.79895900 0.25969000
vt 0.79198800 0.28348700
vt 0.79968500 0.27441400
vt 0.79430100 0.29795500
vt 0.79459700 0.30710900
vt 0.80058500 0.28384900
vt 0.79874500 0.30255500
vt 0.79418000 0.31276300
vt 0.78987400 0.99006900
vt 0.80010400 0.31618900
vt 0.79986400 0.31044900
vt 0.80398600 0.30695200
vt 0.78277000 0.98986900
vt 0.80768500 0.28835000
vt 0.76703300 0.99042600
vt 0.80996300 0.26669200
vt 0.80706500 0.25676200
vt 0.74016900 0.33345400
vt 0.74231800 0.32453000
vt 0.74509600 0.32718200
vt 0.74256600 0.33612700
vt 0.75737700 0.33427600
vt 0.75656600 0.34133900
vt 0.74941700 0.34338900
vt 0.76289400 0.33689100
vt 0.76053800 0.34450800
vt 0.75533900 0.34619500
vt 0.76787700 0.33978400
vt 0.75468700 0.35365200
vt 0.75907300 0.35446800
vt 0.77321900 0.34322500
vt 0.75989500 0.36217000
vt 0.77464100 0.35905500
vt 0.77124900 0.32929900
vt 0.77579400 0.33195100
vt 0.79085800 0.33094800
vt 0.79142900 0.32687900
vt 0.79458500 0.33816400
vt 0.79697400 0.32279900
vt 0.80099200 0.32906300
vt 0.79034200 0.98292000
vt 0.80380500 0.32563700
vt 0.79619700 0.33054300
vt 0.80218300 0.34067200
vt 0.78721600 0.98510300
vt 0.78095600 0.98621300
vt 0.75790300 0.98353900
vt 0.77994200 0.97627800
vt 0.78312900 0.94573300
vt 0.82091600 0.36402400
vt 0.76577400 0.96620500
vt 0.79598500 0.36071300
vt 0.78528100 0.38188900
vt 0.78075300 0.95685000
vt 0.82030800 0.35213000
vt 0.77421300 0.95790400
vt 0.77271000 0.93875900
vt 0.75636700 0.94320200
vt 0.76322800 0.92211700
vt 0.77883500 0.40589400
vt 0.80885600 0.39374000
vt 0.80046500 0.92170800
vt 0.79875400 0.39926300
vt 0.78472200 0.40366100
vt 0.78754500 0.39660700
vt 0.79042700 0.40361800
vt 0.79048100 0.41113200
vt 0.79818300 0.40791200
vt 0.80369800 0.40718800
vt 0.80695000 0.91154600
vt 0.77536800 0.42708700
vt 0.78053800 0.41313700
vt 0.78296900 0.41762600
vt 0.78132700 0.42416400
vt 0.78288200 0.43147000
vt 0.77959900 0.43616200
vt 0.79464900 0.42533700
vt 0.79379600 0.41951100
vt 0.80066900 0.42083000
vt 0.80607300 0.89907900
vt 0.80514800 0.42181700
vt 0.79825900 0.41962800
vt 0.79742900 0.43225800
vt 0.78940100 0.43803600
vt 0.79790500 0.43697100
vt 0.81039600 0.87961100
vt 0.80069900 0.44353700
vt 0.76765100 0.90542500
vt 0.78731900 0.86361700
vt 0.74258000 0.91880900
vt 0.75929700 0.88566600
vt 0.80680400 0.23960400
vt 0.80635200 0.24849000
vt 0.81147900 0.24190700
vt 0.81032100 0.23243700
vt 0.81541000 0.24574300
vt 0.81523000 0.22411000
vt 0.82444300 0.20538000
vt 0.81801400 0.23041300
vt 0.71997000 0.98252600
vt 0.82192800 0.23941800
vt 0.82722500 0.21301800
vt 0.69297500 0.97817300
vt 0.71028900 0.97708600
vt 0.81808900 0.25847200
vt 0.73852300 0.98456300
vt 0.71425700 0.96503500
vt 0.71320500 0.94189500
vt 0.68257100 0.95948100
vt 0.83096200 0.19343700
vt 0.67091400 0.97349600
vt 0.66560800 0.97049900
vt 0.68063000 0.96867900
vt 0.67259300 0.96953000
vt 0.67337400 0.96418900
vt 0.67268800 0.95964900
vt 0.67073100 0.95612700
vt 0.66355700 0.95199500
vt 0.67312500 0.94610900
vt 0.68979000 0.94330200
vt 0.65724800 0.96520700
vt 0.65768900 0.96120200
vt 0.66400200 0.96583900
vt 0.66658700 0.95872200
vt 0.66904900 0.96478700
vt 0.70101100 0.94076900
vt 0.72247800 0.92608000
vt 0.71868600 0.91408100
vt 0.70596500 0.92928600
vt 0.70490600 0.92077100
vt 0.70232800 0.91055100
vt 0.68826600 0.93613100
vt 0.66485600 0.92261700
vt 0.68455900 0.89403400
vt 0.74565700 0.88721600
vt 0.73258400 0.90010900
vt 0.72813100 0.89434700
vt 0.77410800 0.44101000
vt 0.77758900 0.44217600
vt 0.76832500 0.45994100
vt 0.77539400 0.45050300
vt 0.78381900 0.44622600
vt 0.77994400 0.45153300
vt 0.77285700 0.45832800
vt 0.78171100 0.46466500
vt 0.78427200 0.45598100
vt 0.77701800 0.46821600
vt 0.77027200 0.47488100
vt 0.78935400 0.44810400
vt 0.79111900 0.45212800
vt 0.79229800 0.46168100
vt 0.81399800 0.85634700
vt 0.79521700 0.46887600
vt 0.76658600 0.47893000
vt 0.76205900 0.48550000
vt 0.76915300 0.48562500
vt 0.78258900 0.48405700
vt 0.77880200 0.50254000
vt 0.77757900 0.49199000
vt 0.78666100 0.46889500
vt 0.78123100 0.47894700
vt 0.78446600 0.48920200
vt 0.78751200 0.49288100
vt 0.81784100 0.83430400
vt 0.77192700 0.86203700
vt 0.75717700 0.86035300
vt 0.76621000 0.83613700
vt 0.75302300 0.83788600
vt 0.77711500 0.83680200
vt 0.76199500 0.49404900
vt 0.76370100 0.49902500
vt 0.77030500 0.49780400
vt 0.77290300 0.50289600
vt 0.81711300 0.82361500
vt 0.78570900 0.50494100
vt 0.77960800 0.51052900
vt 0.82572200 0.79097700
vt 0.76605700 0.53925100
vt 0.80579000 0.79590600
vt 0.78701800 0.81039300
vt 0.78466500 0.80097000
vt 0.77392200 0.81710900
vt 0.75856600 0.79805400
vt 0.66338800 0.88897600
vt 0.65340900 0.88242200
vt 0.66150300 0.88309000
vt 0.65807500 0.87595900
vt 0.66309000 0.88068900
vt 0.67609800 0.87153400
vt 0.67116400 0.87242200
vt 0.66410700 0.87158300
vt 0.64665800 0.87084100
vt 0.63590800 0.87208100
vt 0.63774200 0.86535700
vt 0.64746200 0.86625400
vt 0.65184500 0.86897800
vt 0.64396500 0.86304200
vt 0.65008100 0.86465400
vt 0.64728300 0.86125600
vt 0.64612100 0.85714000
vt 0.65410900 0.87108900
vt 0.66458200 0.86466500
vt 0.65963900 0.86602100
vt 0.65602600 0.86719200
vt 0.65769700 0.86346600
vt 0.66076700 0.86212400
vt 0.66843200 0.86532000
vt 0.65311200 0.86636100
vt 0.65524900 0.85828500
vt 0.66294400 0.85479300
vt 0.66999800 0.85545500
vt 0.65757500 0.85855000
vt 0.65759900 0.85585900
vt 0.65031600 0.85421400
vt 0.65334800 0.85222300
vt 0.65138000 0.85866900
vt 0.68840200 0.85989900
vt 0.72063000 0.87069700
vt 0.67379100 0.86207000
vt 0.68111400 0.85823500
vt 0.67691800 0.85283400
vt 0.67154900 0.84658500
vt 0.68380500 0.84679700
vt 0.64621000 0.85061400
vt 0.63962900 0.84555800
vt 0.63646700 0.85502200
vt 0.63607400 0.85148300
vt 0.63575800 0.84590500
vt 0.63323200 0.83994300
vt 0.63395900 0.83649700
vt 0.63539400 0.83256800
vt 0.63974100 0.83913400
vt 0.63838400 0.83481800
vt 0.64346400 0.82881000
vt 0.65095800 0.84874700
vt 0.65844200 0.85059400
vt 0.66472300 0.84409400
vt 0.66051800 0.84573000
vt 0.65506800 0.84802100
vt 0.65133500 0.84508200
vt 0.65622700 0.84572800
vt 0.65912900 0.84212900
vt 0.65564500 0.84131600
vt 0.65378100 0.84271500
vt 0.66040300 0.83905200
vt 0.64783800 0.84274200
vt 0.65111800 0.84097000
vt 0.65372500 0.83798900
vt 0.65524900 0.83457400
vt 0.65055000 0.83632800
vt 0.66018700 0.83631200
vt 0.65534900 0.82859900
vt 0.65026000 0.82858900
vt 0.66074400 0.83337800
vt 0.64151500 0.82786100
vt 0.63773100 0.82385400
vt 0.62931300 0.80736800
vt 0.63639300 0.80936900
vt 0.63616800 0.81623900
vt 0.64175600 0.81866400
vt 0.64040600 0.80942400
vt 0.65583900 0.82633300
vt 0.65130100 0.82209000
vt 0.65574600 0.82379100
vt 0.65456600 0.82017500
vt 0.65501400 0.81538700
vt 0.64888800 0.80771200
vt 0.67243300 0.83364300
vt 0.67904000 0.84598900
vt 0.67420500 0.84200000
vt 0.67946100 0.83696200
vt 0.68419800 0.83188600
vt 0.68139500 0.83996300
vt 0.68568500 0.80618900
vt 0.68257900 0.82338800
vt 0.67973100 0.82921200
vt 0.66882100 0.82404200
vt 0.66312200 0.83780400
vt 0.66661300 0.83337500
vt 0.66380800 0.82839800
vt 0.65968000 0.82803400
vt 0.66314100 0.83167000
vt 0.67506000 0.81686000
vt 0.66779100 0.81735100
vt 0.66807900 0.81012400
vt 0.67076100 0.80052000
vt 0.65970000 0.80517200
vt 0.68076000 0.80911800
vt 0.67926100 0.81895700
vt 0.67681100 0.80980900
vt 0.67436700 0.81278700
vt 0.66335100 0.82478800
vt 0.66478400 0.82155300
vt 0.66327400 0.81941400
vt 0.66015800 0.82112500
vt 0.65850400 0.81832500
vt 0.74132600 0.87442300
vt 0.73774800 0.85955300
vt 0.70630700 0.84396100
vt 0.72873500 0.84585200
vt 0.74568100 0.85175300
vt 0.74184900 0.83242000
vt 0.70480000 0.79294100
vt 0.72750400 0.81807800
vt 0.74415300 0.80618100
vt 0.73943400 0.80373000
vt 0.74575700 0.77848300
vt 0.73247300 0.76524400
vt 0.73017800 0.78916800
vt 0.76047100 0.55425700
vt 0.82452800 0.77766000
vt 0.80546800 0.78425000
vt 0.79778000 0.78537800
vt 0.78477900 0.78018600
vt 0.63363700 0.85237800
vt 0.43521100 0.43212800
vt 0.44671700 0.42902500
vt 0.43511000 0.44772400
vt 0.42754500 0.44944500
vt 0.45451600 0.44379800
vt 0.45735500 0.45589100
vt 0.47172200 0.43659900
vt 0.46769100 0.46643600
vt 0.45327700 0.46462300
vt 0.43002400 0.45959600
vt 0.42069500 0.45461900
vt 0.41794700 0.46000900
vt 0.42169900 0.46775800
vt 0.41904200 0.47361700
vt 0.44577000 0.46056300
vt 0.43767400 0.46404200
vt 0.43345600 0.46450900
vt 0.43252600 0.46972900
vt 0.43494900 0.46669500
vt 0.43707600 0.47358600
vt 0.42717500 0.47684300
vt 0.43318600 0.48166800
vt 0.41310300 0.47306900
vt 0.42074100 0.48140700
vt 0.41279100 0.49547700
vt 0.42811000 0.48901700
vt 0.43272200 0.50263700
vt 0.42199600 0.50944900
vt 0.41276900 0.50658000
vt 0.44881400 0.46775100
vt 0.44422500 0.47054500
vt 0.44029800 0.48379900
vt 0.44224500 0.47554400
vt 0.44953700 0.47944000
vt 0.44755100 0.48948700
vt 0.45617300 0.47617600
vt 0.46677000 0.47527800
vt 0.45407400 0.48827100
vt 0.46666000 0.48125700
vt 0.44433300 0.49554600
vt 0.45727100 0.49524000
vt 0.49187600 0.43934100
vt 0.48963200 0.44939900
vt 0.50711900 0.44167500
vt 0.47410200 0.45757400
vt 0.47462900 0.47030200
vt 0.49770000 0.46448000
vt 0.50242700 0.47384300
vt 0.50727900 0.44637700
vt 0.51353200 0.46299000
vt 0.51453300 0.45452100
vt 0.52985600 0.45341100
vt 0.48354200 0.47827600
vt 0.50743900 0.48435700
vt 0.52710600 0.48058100
vt 0.45972400 0.48805200
vt 0.46496100 0.48889500
vt 0.46749100 0.49299700
vt 0.48132700 0.48637800
vt 0.47438300 0.49293400
vt 0.45863600 0.50080400
vt 0.48836000 0.49086900
vt 0.43359600 0.51065200
vt 0.44305600 0.51682000
vt 0.43302600 0.52516200
vt 0.45169300 0.50854300
vt 0.44309400 0.52286500
vt 0.45924700 0.53042000
vt 0.46814700 0.50318600
vt 0.48132500 0.50525000
vt 0.46594600 0.51275900
vt 0.46571900 0.52137800
vt 0.46963000 0.53760600
vt 0.48198600 0.51723700
vt 0.47681200 0.52830200
vt 0.49938900 0.49535100
vt 0.52180700 0.49389300
vt 0.50900500 0.50517400
vt 0.50446400 0.51250100
vt 0.49532500 0.52032400
vt 0.50697200 0.52782700
vt 0.48875900 0.52522600
vt 0.49268500 0.53128000
vt 0.48313700 0.53752000
vt 0.47644200 0.55272000
vt 0.48983200 0.54338500
vt 0.48531000 0.55608100
vt 0.50641600 0.53444100
vt 0.49943300 0.54966800
vt 0.49467000 0.56035800
vt 0.49414600 0.57473500
vt 0.48719400 0.57814900
vt 0.50684200 0.56330200
vt 0.41766300 0.51209000
vt 0.41646600 0.52106400
vt 0.41652700 0.54554900
vt 0.41199100 0.52774400
vt 0.42043100 0.51507400
vt 0.42310700 0.51747400
vt 0.40641600 0.54848400
vt 0.41904200 0.56497300
vt 0.42980800 0.54201000
vt 0.42791900 0.56818600
vt 0.44788400 0.54305500
vt 0.45025800 0.55993700
vt 0.41557400 0.59421900
vt 0.40920600 0.59051700
vt 0.41048000 0.60516700
vt 0.43264500 0.59663500
vt 0.43734300 0.61469100
vt 0.46356700 0.57349600
vt 0.44038900 0.58477600
vt 0.45956900 0.60746100
vt 0.46982000 0.59173000
vt 0.47116800 0.55233400
vt 0.47162700 0.56435900
vt 0.47655400 0.56156900
vt 0.47510000 0.57542600
vt 0.47520400 0.58648900
vt 0.47153100 0.60192500
vt 0.48515600 0.59544500
vt 0.47465300 0.59399900
vt 0.48251500 0.56983800
vt 0.49125500 0.61419200
vt 0.51110100 0.58587900
vt 0.51288200 0.60155100
vt 0.53174000 0.46407400
vt 0.55650900 0.46357100
vt 0.54153900 0.47171400
vt 0.54820400 0.48189500
vt 0.54620600 0.49586100
vt 0.55931000 0.47131000
vt 0.58338900 0.47376500
vt 0.57729800 0.48190200
vt 0.55564600 0.49002900
vt 0.53709200 0.50321600
vt 0.56873200 0.50186200
vt 0.57447500 0.49362400
vt 0.56148800 0.50887100
vt 0.54942300 0.51399200
vt 0.52801500 0.50716300
vt 0.51977900 0.51268200
vt 0.53510000 0.52067100
vt 0.52254000 0.52672500
vt 0.52015200 0.54768400
vt 0.53176800 0.53531100
vt 0.55689400 0.52932300
vt 0.54568400 0.53256100
vt 0.53822600 0.54352300
vt 0.54995600 0.53790600
vt 0.53310600 0.55895700
vt 0.52114100 0.57367100
vt 0.53325600 0.59092300
vt 0.53194200 0.58412200
vt 0.55789300 0.54264700
vt 0.54670700 0.54659200
vt 0.54579800 0.55758500
vt 0.54352600 0.56688500
vt 0.55345800 0.55402800
vt 0.55360200 0.56022400
vt 0.55450100 0.57228900
vt 0.54787000 0.58250200
vt 0.55340200 0.56804000
vt 0.53878600 0.58314600
vt 0.53624800 0.58562800
vt 0.53963200 0.58720100
vt 0.53931900 0.60833000
vt 0.52789300 0.60614500
vt 0.54930300 0.59182500
vt 0.60281100 0.49065500
vt 0.59468500 0.49917500
vt 0.57788000 0.51557700
vt 0.56760700 0.52140100
vt 0.58163100 0.50469900
vt 0.58785000 0.51658700
vt 0.62658900 0.50230500
vt 0.62145500 0.50955000
vt 0.59680100 0.51262800
vt 0.58117100 0.52469700
vt 0.59263300 0.52618100
vt 0.61042200 0.52391000
vt 0.60791500 0.51349100
vt 0.60732400 0.53200200
vt 0.57070400 0.54321300
vt 0.57192700 0.53250000
vt 0.58234700 0.53349400
vt 0.58076100 0.54643700
vt 0.58841000 0.53094400
vt 0.58861500 0.54282800
vt 0.59952300 0.54016700
vt 0.56593400 0.54894200
vt 0.56679200 0.55793400
vt 0.55997200 0.55945400
vt 0.57681500 0.55298400
vt 0.56749600 0.56883600
vt 0.57145600 0.56405500
vt 0.57750200 0.56057900
vt 0.58053400 0.56571000
vt 0.55976200 0.57859100
vt 0.56495200 0.57780900
vt 0.55929800 0.59647200
vt 0.57304000 0.59709300
vt 0.57339100 0.57708700
vt 0.56859700 0.57924600
vt 0.57883800 0.57217400
vt 0.56823900 0.58148500
vt 0.57542600 0.58354900
vt 0.58416100 0.58270900
vt 0.57838600 0.58957900
vt 0.58130300 0.55594300
vt 0.58418500 0.55619500
vt 0.59981000 0.55167800
vt 0.59268800 0.56249100
vt 0.60267300 0.56029900
vt 0.59758400 0.57765900
vt 0.58252000 0.59993700
vt 0.59281200 0.59480600
vt 0.60383100 0.59213600
vt 0.63820500 0.51493000
vt 0.62328200 0.52026400
vt 0.62035200 0.53206700
vt 0.63664500 0.52563400
vt 0.62927800 0.53705200
vt 0.64546000 0.49977800
vt 0.64663300 0.51072400
vt 0.64663300 0.51072400
vt 0.64338500 0.51209200
vt 0.65269000 0.50162600
vt 0.64865100 0.50783900
vt 0.65332700 0.50510900
vt 0.65254700 0.50854600
vt 0.65190000 0.51026100
vt 0.64068600 0.51859600
vt 0.65083100 0.51546700
vt 0.64698700 0.51637600
vt 0.64453300 0.52238300
vt 0.65086500 0.52005000
vt 0.65381300 0.51019400
vt 0.65971600 0.50777600
vt 0.66955400 0.51607300
vt 0.65753500 0.51842900
vt 0.64969000 0.52563700
vt 0.64377400 0.53018800
vt 0.63874500 0.52917100
vt 0.63487600 0.53849500
vt 0.64202700 0.53961500
vt 0.64782900 0.53576600
vt 0.65058800 0.53159200
vt 0.65481300 0.53304300
vt 0.64081900 0.54503400
vt 0.63656500 0.55124800
vt 0.64148200 0.54823200
vt 0.64427300 0.54617200
vt 0.64701000 0.54243500
vt 0.65462800 0.54233200
vt 0.64575700 0.54840600
vt 0.65141100 0.55245100
vt 0.65990000 0.55022000
vt 0.61374600 0.54121400
vt 0.61925600 0.54233500
vt 0.61107200 0.54986000
vt 0.61105900 0.55828600
vt 0.62149300 0.54910300
vt 0.61832900 0.56037500
vt 0.62819700 0.55605200
vt 0.61667400 0.57043000
vt 0.63019500 0.56421000
vt 0.60921500 0.56792700
vt 0.60448400 0.57919800
vt 0.61456900 0.58391400
vt 0.60355000 0.60200600
vt 0.62863200 0.57728700
vt 0.62695100 0.58968400
vt 0.62176900 0.59812600
vt 0.63356200 0.55069500
vt 0.63268900 0.56126700
vt 0.63971800 0.55538800
vt 0.64297200 0.56053600
vt 0.63838100 0.56422400
vt 0.63287000 0.57026500
vt 0.64109300 0.56551800
vt 0.63714800 0.57012100
vt 0.64406700 0.55193500
vt 0.66117300 0.55959300
vt 0.64723100 0.56294200
vt 0.66257600 0.57143700
vt 0.64217200 0.56732100
vt 0.63096100 0.57687100
vt 0.63532700 0.58141800
vt 0.63947500 0.57712100
vt 0.64751600 0.57596000
vt 0.63867500 0.58509100
vt 0.64683400 0.58516400
vt 0.66413900 0.58206900
vt 0.66161100 0.59182900
vt 0.63013800 0.58852000
vt 0.63279600 0.59573100
vt 0.64244900 0.58993500
vt 0.68169300 0.52532500
vt 0.67029100 0.54294300
vt 0.67685200 0.53571500
vt 0.67493100 0.55398600
vt 0.68631000 0.54222500
vt 0.68405200 0.54888500
vt 0.67089600 0.56403000
vt 0.68826500 0.55933300
vt 0.68698100 0.56965500
vt 0.69342200 0.53353900
vt 0.69742700 0.53371400
vt 0.69243600 0.54424700
vt 0.69519800 0.54578000
vt 0.70107000 0.54534200
vt 0.70987300 0.53275300
vt 0.70807200 0.53921000
vt 0.71362600 0.53793300
vt 0.71183200 0.54774700
vt 0.70214300 0.55368600
vt 0.68991800 0.55153000
vt 0.69363700 0.55491500
vt 0.69273900 0.56066000
vt 0.69850000 0.56287300
vt 0.69131200 0.56951000
vt 0.69000100 0.57795400
vt 0.69777400 0.57220800
vt 0.70984100 0.56047700
vt 0.71047000 0.55397700
vt 0.70956000 0.57180600
vt 0.71705900 0.56455500
vt 0.68204200 0.58064500
vt 0.68576100 0.58115100
vt 0.68787700 0.58730900
vt 0.72418000 0.54309000
vt 0.71753300 0.54403800
vt 0.72173700 0.54828500
vt 0.73756800 0.55872100
vt 0.71711600 0.55219600
vt 0.71604300 0.55729200
vt 0.72744000 0.55649900
vt 0.72526100 0.56261000
vt 0.72143300 0.56520500
vt 0.71949400 0.57321100
vt 0.71565400 0.58424700
vt 0.43384300 0.71650200
vt 0.43962100 0.70677000
vt 0.45405100 0.70467400
vt 0.44531200 0.69518800
vt 0.45024100 0.71634900
vt 0.45719500 0.69724600
vt 0.46913500 0.70238500
vt 0.46627300 0.71366000
vt 0.47608900 0.70647200
vt 0.48794300 0.69604800
vt 0.48392200 0.70304800
vt 0.47830600 0.69440300
vt 0.48203400 0.71238600
vt 0.49644200 0.70985700
vt 0.50141500 0.69694800
vt 0.48676500 0.68753300
vt 0.50350500 0.69367800
vt 0.49584900 0.68560400
vt 0.50179600 0.70440000
vt 0.51183800 0.68442100
vt 0.50872000 0.70119200
vt 0.51030700 0.69212300
vt 0.51677000 0.68891500
vt 0.51342400 0.69429900
vt 0.51320100 0.69793400
vt 0.51292500 0.70454600
vt 0.51352200 0.69896700
vt 0.44226600 0.79782000
vt 0.43846400 0.79456800
vt 0.44574600 0.79070700
vt 0.45035500 0.79887300
vt 0.45023900 0.79433000
vt 0.43300000 0.76962000
vt 0.42936400 0.78899500
vt 0.43692700 0.78929600
vt 0.44414200 0.78295500
vt 0.44828300 0.77562700
vt 0.43824800 0.77093300
vt 0.45642800 0.78776700
vt 0.44206500 0.76727200
vt 0.45951800 0.79579800
vt 0.45603800 0.79871200
vt 0.46901300 0.79361200
vt 0.48921400 0.79558400
vt 0.46368900 0.78393700
vt 0.45988200 0.76638700
vt 0.44576300 0.75565300
vt 0.46710400 0.76997400
vt 0.47452700 0.78079300
vt 0.46619600 0.76039900
vt 0.43821500 0.76014500
vt 0.43422200 0.74650800
vt 0.43124200 0.73426700
vt 0.44047100 0.73852300
vt 0.44942900 0.74275500
vt 0.45503800 0.73863100
vt 0.44787800 0.73956900
vt 0.44570900 0.72793000
vt 0.45646900 0.74645700
vt 0.45879100 0.75208800
vt 0.46473200 0.74505200
vt 0.46235400 0.74734900
vt 0.46466000 0.75226800
vt 0.47083900 0.74467600
vt 0.46632700 0.73165900
vt 0.46296000 0.75906700
vt 0.47318500 0.75661400
vt 0.46902100 0.72039400
vt 0.48854600 0.77691700
vt 0.48776900 0.79071200
vt 0.49195700 0.79071200
vt 0.48490200 0.76237200
vt 0.49564500 0.77949500
vt 0.50604000 0.79200700
vt 0.49625800 0.77493100
vt 0.49997900 0.76905900
vt 0.49459000 0.77017700
vt 0.50679500 0.77695500
vt 0.50528800 0.76453200
vt 0.51384200 0.76794900
vt 0.51057600 0.78070200
vt 0.52683400 0.76900200
vt 0.51860700 0.78326200
vt 0.52633600 0.75961700
vt 0.50294000 0.80572200
vt 0.51220100 0.80122200
vt 0.53249000 0.79426000
vt 0.47920700 0.73400000
vt 0.49250200 0.74137100
vt 0.48544500 0.74963200
vt 0.49448200 0.75954900
vt 0.49379600 0.75270600
vt 0.50000000 0.74763100
vt 0.49875800 0.75731800
vt 0.47449400 0.72442600
vt 0.47954400 0.72411000
vt 0.49611500 0.72153500
vt 0.49836200 0.73097800
vt 0.51171500 0.75018300
vt 0.50339500 0.76199100
vt 0.50879300 0.76258700
vt 0.50644400 0.73640500
vt 0.51732100 0.75208100
vt 0.51580800 0.73207500
vt 0.52272700 0.74198000
vt 0.52515500 0.73367900
vt 0.51205900 0.71454500
vt 0.50946500 0.72404500
vt 0.52003900 0.72368900
vt 0.42964000 0.65659200
vt 0.42428100 0.66085600
vt 0.41949000 0.65268500
vt 0.43514600 0.65221100
vt 0.42081300 0.63045500
vt 0.40717700 0.63677600
vt 0.44409600 0.63114800
vt 0.42534700 0.63713100
vt 0.42765200 0.64375000
vt 0.42005700 0.66120500
vt 0.44988400 0.62585400
vt 0.46234700 0.62936600
vt 0.44369500 0.64952000
vt 0.44134800 0.63822400
vt 0.43470300 0.65968800
vt 0.44660800 0.65758500
vt 0.45384100 0.63891600
vt 0.45700800 0.65122500
vt 0.46417500 0.64577300
vt 0.43420500 0.68617500
vt 0.42628300 0.67145900
vt 0.43176300 0.66553000
vt 0.43361900 0.67228500
vt 0.44078800 0.67790700
vt 0.43362000 0.69605500
vt 0.45012800 0.67616400
vt 0.44987100 0.68219200
vt 0.44554400 0.66711100
vt 0.45614900 0.67905800
vt 0.45633100 0.68605700
vt 0.45084900 0.68401300
vt 0.45516900 0.67484800
vt 0.46253400 0.66965200
vt 0.46614700 0.68245600
vt 0.45758400 0.66874500
vt 0.46669000 0.66244000
vt 0.45172500 0.68906300
vt 0.46100000 0.69041300
vt 0.46414800 0.62004100
vt 0.46577700 0.61026100
vt 0.47900100 0.61571500
vt 0.47451600 0.63019200
vt 0.46926200 0.63769100
vt 0.46737000 0.65576800
vt 0.47906500 0.64734600
vt 0.47420300 0.65181900
vt 0.47902800 0.66129200
vt 0.50511300 0.63895700
vt 0.50880000 0.65275900
vt 0.51563900 0.62874000
vt 0.50588400 0.65760800
vt 0.49892200 0.66323100
vt 0.46613200 0.67268800
vt 0.47339800 0.66741400
vt 0.47160400 0.67665700
vt 0.47540800 0.68289200
vt 0.48802500 0.65952000
vt 0.47673600 0.67274300
vt 0.48526600 0.67619500
vt 0.48701300 0.67866900
vt 0.48492000 0.66493100
vt 0.48998900 0.66932900
vt 0.46781400 0.68794000
vt 0.50261800 0.66970400
vt 0.49946400 0.67806000
vt 0.50944800 0.66817500
vt 0.51247600 0.67309300
vt 0.50658100 0.67926300
vt 0.55062200 0.61105600
vt 0.52036900 0.69531100
vt 0.52411400 0.70691000
vt 0.52475100 0.68800600
vt 0.52472400 0.68458500
vt 0.52816900 0.69460600
vt 0.53066800 0.68670500
vt 0.53570500 0.67865900
vt 0.53305700 0.69346700
vt 0.53682600 0.69204800
vt 0.53977900 0.69861200
vt 0.53545400 0.70172100
vt 0.53896600 0.68093100
vt 0.54065200 0.68858300
vt 0.54495800 0.69103200
vt 0.57189100 0.61406900
vt 0.57585400 0.60438500
vt 0.58048800 0.61032200
vt 0.59083900 0.61020400
vt 0.60671100 0.61338400
vt 0.54789200 0.79884100
vt 0.53594700 0.78012700
vt 0.54660800 0.78868100
vt 0.54598700 0.77808000
vt 0.55245400 0.78835800
vt 0.55096800 0.76489900
vt 0.56385500 0.80121200
vt 0.56929000 0.80589300
vt 0.56310000 0.79613100
vt 0.55552400 0.79861000
vt 0.55609600 0.79145800
vt 0.56958400 0.78661500
vt 0.57659200 0.80266700
vt 0.57080900 0.79431000
vt 0.57328800 0.79637100
vt 0.57726400 0.78057300
vt 0.55508800 0.78091000
vt 0.55517400 0.77501500
vt 0.56269300 0.77780600
vt 0.56113300 0.78440400
vt 0.56830200 0.77721000
vt 0.57674900 0.77497300
vt 0.56392200 0.77131500
vt 0.57214900 0.77147600
vt 0.57005100 0.76277700
vt 0.53158400 0.75216600
vt 0.55247500 0.75587200
vt 0.54309200 0.73392300
vt 0.54921500 0.74190800
vt 0.52774100 0.71816900
vt 0.53252800 0.72510800
vt 0.53547500 0.71150100
vt 0.54622500 0.71002200
vt 0.54641100 0.72143700
vt 0.56166300 0.74760700
vt 0.55697100 0.73043000
vt 0.56773100 0.74008100
vt 0.54921100 0.69895500
vt 0.55944600 0.70053900
vt 0.56920700 0.70854900
vt 0.57165400 0.72101400
vt 0.57354100 0.72830700
vt 0.56486700 0.75770600
vt 0.56999000 0.75237200
vt 0.57799500 0.79850000
vt 0.58218500 0.80092300
vt 0.58297400 0.79699200
vt 0.57958600 0.79359600
vt 0.57895300 0.79206400
vt 0.58065900 0.78788100
vt 0.58449000 0.78986200
vt 0.58906100 0.79593700
vt 0.59345900 0.78717800
vt 0.58294200 0.80436800
vt 0.59681700 0.80159600
vt 0.60595100 0.80969700
vt 0.60211800 0.79469100
vt 0.58231200 0.78137900
vt 0.58231200 0.78137900
vt 0.58494400 0.78222800
vt 0.58626900 0.78699800
vt 0.58426000 0.77457900
vt 0.58426000 0.77457900
vt 0.57866800 0.76504900
vt 0.58296300 0.76009500
vt 0.58785300 0.78184100
vt 0.58875700 0.77240300
vt 0.60650800 0.78469800
vt 0.58606300 0.76593100
vt 0.60612300 0.77405700
vt 0.59234800 0.75936300
vt 0.60900300 0.79995500
vt 0.61020900 0.79474000
vt 0.61947200 0.78939900
vt 0.62627300 0.79921000
vt 0.60919900 0.76157600
vt 0.62415700 0.77247500
vt 0.62404700 0.75897800
vt 0.58390900 0.74419300
vt 0.57917400 0.73432500
vt 0.59264900 0.74170500
vt 0.58935100 0.73857800
vt 0.59405800 0.73805800
vt 0.57503700 0.69523900
vt 0.58148200 0.70364700
vt 0.57739700 0.70923300
vt 0.59488600 0.70957300
vt 0.58464800 0.71694400
vt 0.58931300 0.72718000
vt 0.58633200 0.73686100
vt 0.59279400 0.72591500
vt 0.59189700 0.72251500
vt 0.59392200 0.74213600
vt 0.59828300 0.73961800
vt 0.59526900 0.73366500
vt 0.59526900 0.73366500
vt 0.59373000 0.69746200
vt 0.59754800 0.70363300
vt 0.60208300 0.71134600
vt 0.59968600 0.70641900
vt 0.60387700 0.70555900
vt 0.60387700 0.70555900
vt 0.61227100 0.69078100
vt 0.60659700 0.69736300
vt 0.60659700 0.69736300
vt 0.60970200 0.68718700
vt 0.61168000 0.69778500
vt 0.60897500 0.70030000
vt 0.60854800 0.70685700
vt 0.61417700 0.70444000
vt 0.61441700 0.71005100
vt 0.60000100 0.71990600
vt 0.59796400 0.72472200
vt 0.59884000 0.71966700
vt 0.60197500 0.71946800
vt 0.60093200 0.72736500
vt 0.60449300 0.71862800
vt 0.59664600 0.72869500
vt 0.59664600 0.72869500
vt 0.60096200 0.73128100
vt 0.60836700 0.72582900
vt 0.59618600 0.71482100
vt 0.60067300 0.71553500
vt 0.61251200 0.73102200
vt 0.62063300 0.73527100
vt 0.61289900 0.71809300
vt 0.62405200 0.72840500
vt 0.60607800 0.71170700
vt 0.58170200 0.75538600
vt 0.58793600 0.75946000
vt 0.58605300 0.74884600
vt 0.58878400 0.75458400
vt 0.59073300 0.75392100
vt 0.59002100 0.75158500
vt 0.59620900 0.74729500
vt 0.59081600 0.74768600
vt 0.59243900 0.74628600
vt 0.60988200 0.75107200
vt 0.62669400 0.75186500
vt 0.61935200 0.74337400
vt 0.51095500 0.61311800
vt 0.53290600 0.62636000
vt 0.52051400 0.64794800
vt 0.52075100 0.63868000
vt 0.53603800 0.63898500
vt 0.52899900 0.64250000
vt 0.52990100 0.64847800
vt 0.54786000 0.62305400
vt 0.54388400 0.62868200
vt 0.53689000 0.64840300
vt 0.54882400 0.64190000
vt 0.54433300 0.64548600
vt 0.55723400 0.63540800
vt 0.56097200 0.64114600
vt 0.55810100 0.65177000
vt 0.55343400 0.64816900
vt 0.51841200 0.66056500
vt 0.51873900 0.66663500
vt 0.52575800 0.66698200
vt 0.52235000 0.67061200
vt 0.51862100 0.67873200
vt 0.52871900 0.65763000
vt 0.52791500 0.67520700
vt 0.53607100 0.66106500
vt 0.53846000 0.67019600
vt 0.54251600 0.65207800
vt 0.54243500 0.65843200
vt 0.54257000 0.66264700
vt 0.54528900 0.66366900
vt 0.54925300 0.65814600
vt 0.54586300 0.67156200
vt 0.54981600 0.65425600
vt 0.55610300 0.65638300
vt 0.55090800 0.66347700
vt 0.55098100 0.67071400
vt 0.55477300 0.66389500
vt 0.55651000 0.66855100
vt 0.54828100 0.67666500
vt 0.54746600 0.67975000
vt 0.54289500 0.68187700
vt 0.55178400 0.68379900
vt 0.55351600 0.67427300
vt 0.55634700 0.67514600
vt 0.55899700 0.67395500
vt 0.57492300 0.68425900
vt 0.56315900 0.69057200
vt 0.57034300 0.62101300
vt 0.58054000 0.62225600
vt 0.56847800 0.63068000
vt 0.56872600 0.63482000
vt 0.57064300 0.64317400
vt 0.57899100 0.63616500
vt 0.57851700 0.65020100
vt 0.59479900 0.61960800
vt 0.59007000 0.62907400
vt 0.59284300 0.64332300
vt 0.60407400 0.62644500
vt 0.60120700 0.63623500
vt 0.60002600 0.65320900
vt 0.56307800 0.64995200
vt 0.56482900 0.65567800
vt 0.56720700 0.64773300
vt 0.56840700 0.66238400
vt 0.56018700 0.66437900
vt 0.56304400 0.66297100
vt 0.57698100 0.66778000
vt 0.58936200 0.65631300
vt 0.58887400 0.67137000
vt 0.57193600 0.67637600
vt 0.58180300 0.67781900
vt 0.58784800 0.68204400
vt 0.58614100 0.69281300
vt 0.59438400 0.66771200
vt 0.61119200 0.65742400
vt 0.60914400 0.66705800
vt 0.60249400 0.67927600
vt 0.60126400 0.68853500
vt 0.60713500 0.67888800
vt 0.61191200 0.66584300
vt 0.60527700 0.68834900
vt 0.61246200 0.67823400
vt 0.60068500 0.69540200
vt 0.62189900 0.61008100
vt 0.61911900 0.62586100
vt 0.62618300 0.60019700
vt 0.62186200 0.62534500
vt 0.62530600 0.60871400
vt 0.63076300 0.60471200
vt 0.62851200 0.61470300
vt 0.61401600 0.64118000
vt 0.62527500 0.63040900
vt 0.63123800 0.61844500
vt 0.63261300 0.63558800
vt 0.61884100 0.63734700
vt 0.62607900 0.64236000
vt 0.62242200 0.64264200
vt 0.63418000 0.60378700
vt 0.63756400 0.61851300
vt 0.64120900 0.60365000
vt 0.65020100 0.61008800
vt 0.65014400 0.59977600
vt 0.64717700 0.63240100
vt 0.66133400 0.62093300
vt 0.66095100 0.63078800
vt 0.62291200 0.65497800
vt 0.61660300 0.66495800
vt 0.61986200 0.65232500
vt 0.62039100 0.66344100
vt 0.62969800 0.64935400
vt 0.62987200 0.66546500
vt 0.63527000 0.65507300
vt 0.64343200 0.66625400
vt 0.62585500 0.66725900
vt 0.62830300 0.67238700
vt 0.62356600 0.68083600
vt 0.61694500 0.67469800
vt 0.64210000 0.67887700
vt 0.64286500 0.65096600
vt 0.65199100 0.64420000
vt 0.65356200 0.65755700
vt 0.67041100 0.64445900
vt 0.66348200 0.67523500
vt 0.65775100 0.67356300
vt 0.65398400 0.68928900
vt 0.66102300 0.68616000
vt 0.70304800 0.58911700
vt 0.71612100 0.59437700
vt 0.76001900 0.76878200
vt 0.73234400 0.74519300
vt 0.75986400 0.74110700
vt 0.66533100 0.60837600
vt 0.68048300 0.59876300
vt 0.67843800 0.60818400
vt 0.67888800 0.59182600
vt 0.68413800 0.59028300
vt 0.68614700 0.59999300
vt 0.68257200 0.61666400
vt 0.67591700 0.62032000
vt 0.67357900 0.62900000
vt 0.67684400 0.64164200
vt 0.68934200 0.63310500
vt 0.70714600 0.60706800
vt 0.69826200 0.62445700
vt 0.70977900 0.61778100
vt 0.71450600 0.62866500
vt 0.70509200 0.63623700
vt 0.68507300 0.64101800
vt 0.68796200 0.65354100
vt 0.66646800 0.66062200
vt 0.67366500 0.65844000
vt 0.67009700 0.67001200
vt 0.68705100 0.67161100
vt 0.66684500 0.68254000
vt 0.67745900 0.68783600
vt 0.68778000 0.69055700
vt 0.69802600 0.68239800
vt 0.69538000 0.64081100
vt 0.70012800 0.64817800
vt 0.70548800 0.65758400
vt 0.71106200 0.64739100
vt 0.71906100 0.63254200
vt 0.71379200 0.65470400
vt 0.69834900 0.66682800
vt 0.70439300 0.66938200
vt 0.70639500 0.68131400
vt 0.71122700 0.66516500
vt 0.72040400 0.65740800
vt 0.71378000 0.67938100
vt 0.72201200 0.67270400
vt 0.75451600 0.73348600
vt 0.63316500 0.80111300
vt 0.63137000 0.79398500
vt 0.63806400 0.80366100
vt 0.62909500 0.78964300
vt 0.64004100 0.79364500
vt 0.63494900 0.78588400
vt 0.64695700 0.80194500
vt 0.64502500 0.79726100
vt 0.64139500 0.78906900
vt 0.64650100 0.78892200
vt 0.64613500 0.78420200
vt 0.63365200 0.77036900
vt 0.63532800 0.76309700
vt 0.64011100 0.76204900
vt 0.63038300 0.77799500
vt 0.63608800 0.77829500
vt 0.64610400 0.77734900
vt 0.63788900 0.76972400
vt 0.65002100 0.76773100
vt 0.66241700 0.79213200
vt 0.67624100 0.77188700
vt 0.65838400 0.77312600
vt 0.65301300 0.79509900
vt 0.65059400 0.79361500
vt 0.65032100 0.78856700
vt 0.65509500 0.78929200
vt 0.65118400 0.75880700
vt 0.67727300 0.75025700
vt 0.66874000 0.75097100
vt 0.65905100 0.76397300
vt 0.66117600 0.75760300
vt 0.65186400 0.77548500
vt 0.65388700 0.76339700
vt 0.61907600 0.69285500
vt 0.62552800 0.68955800
vt 0.61537300 0.68188400
vt 0.63174100 0.70172800
vt 0.62891500 0.71006100
vt 0.63648600 0.69021000
vt 0.63341200 0.69603300
vt 0.62472600 0.71856900
vt 0.62857000 0.72377700
vt 0.63694800 0.71927900
vt 0.64813700 0.71561700
vt 0.63623700 0.73214500
vt 0.64355800 0.72549400
vt 0.64438300 0.73423300
vt 0.64869200 0.72641600
vt 0.64962000 0.73344200
vt 0.66741100 0.72846000
vt 0.65854400 0.73653400
vt 0.65222500 0.72639600
vt 0.66664500 0.73748100
vt 0.65435100 0.70897400
vt 0.64824700 0.70564800
vt 0.65584500 0.70347400
vt 0.64936500 0.69761700
vt 0.65820900 0.69520100
vt 0.66330600 0.69367000
vt 0.66037400 0.69926900
vt 0.65911100 0.70654700
vt 0.66105900 0.70364100
vt 0.65703700 0.71355000
vt 0.66901800 0.69974700
vt 0.66411500 0.71425800
vt 0.65105700 0.71720000
vt 0.65365100 0.72049100
vt 0.66134300 0.72235000
vt 0.65532500 0.72207800
vt 0.67154600 0.71889200
vt 0.63790700 0.75467200
vt 0.62796200 0.74252000
vt 0.64196200 0.75362900
vt 0.64139000 0.74396800
vt 0.64395900 0.74869400
vt 0.63601100 0.74164100
vt 0.65528300 0.74959300
vt 0.64700300 0.74122400
vt 0.65717900 0.75710500
vt 0.66248100 0.75082900
vt 0.66082800 0.74526100
vt 0.66854100 0.74288300
vt 0.69513900 0.74860600
vt 0.71628100 0.76400000
vt 0.70675400 0.75060500
vt 0.70102100 0.74218300
vt 0.72959200 0.77165500
vt 0.71831200 0.75378000
vt 0.72233800 0.75138900
vt 0.73004200 0.73189600
vt 0.71503000 0.73417000
vt 0.70938900 0.74175600
vt 0.70621700 0.73695400
vt 0.71074700 0.73502500
vt 0.69438200 0.70115900
vt 0.68303400 0.70189400
vt 0.69903300 0.71054000
vt 0.68783200 0.71544200
vt 0.67566700 0.73282100
vt 0.68399700 0.73338900
vt 0.67600500 0.74113100
vt 0.68258600 0.72432900
vt 0.68020400 0.71643100
vt 0.68488900 0.74041600
vt 0.69299500 0.73513700
vt 0.69807200 0.73622800
vt 0.69679900 0.73143500
vt 0.69291000 0.72094900
vt 0.70180900 0.71886900
vt 0.68433500 0.72770100
vt 0.69496600 0.72696300
vt 0.67105300 0.71092700
vt 0.67648100 0.70759400
vt 0.70109100 0.69274800
vt 0.70735500 0.69198200
vt 0.70951300 0.70540500
vt 0.70461900 0.71316600
vt 0.70496000 0.70037800
vt 0.73507000 0.72695400
vt 0.71400700 0.69377000
vt 0.71043300 0.71532300
vt 0.71604600 0.72517800
vt 0.71500300 0.72856400
vt 0.69895200 0.72638700
vt 0.70566900 0.73281700
vt 0.70370300 0.72653400
vt 0.70978700 0.72839600
vt 0.70879600 0.72230600
vt 0.61540800 0.65141900
vt 0.75109800 0.55769200
vt 0.73575800 0.56486300
vt 0.74118000 0.56231600
vt 0.73376400 0.56744200
vt 0.74164400 0.56982600
vt 0.74561500 0.56855200
vt 0.75865900 0.56324000
vt 0.82252300 0.76998600
vt 0.82634100 0.76125600
vt 0.75088100 0.57123300
vt 0.74582800 0.57391300
vt 0.74338100 0.57692700
vt 0.73859900 0.57539000
vt 0.82604500 0.75439100
vt 0.74696200 0.57864700
vt 0.81179600 0.77377100
vt 0.80788100 0.76915500
vt 0.81379900 0.75846400
vt 0.81503300 0.74885900
vt 0.79095000 0.75104100
vt 0.72846000 0.57114600
vt 0.72534200 0.57498300
vt 0.73506000 0.57872600
vt 0.72967900 0.58098000
vt 0.72564500 0.58547900
vt 0.72139700 0.60139100
vt 0.72906400 0.59442900
vt 0.82870900 0.74945000
vt 0.74082000 0.58190500
vt 0.73427400 0.58495700
vt 0.83097200 0.74482500
vt 0.82061400 0.74416000
vt 0.73415200 0.59895300
vt 0.72315400 0.60478000
vt 0.71997800 0.60878500
vt 0.72385900 0.61347900
vt 0.72919000 0.60323000
vt 0.72837600 0.61111000
vt 0.73121100 0.63131200
vt 0.79298200 0.74096500
vt 0.72680800 0.62641100
vt 0.73118400 0.61737400
vt 0.80523300 0.74082100
vt 0.72380300 0.64226500
f 1/1 2/2 3/3
f 1/1 3/3 4/4
f 5/5 6/6 7/7
f 7/7 6/6 4/4
f 8/8 7/7 4/4
f 9/9 5/5 10/10
f 7/7 8/8 10/10
f 10/10 5/5 7/7
f 10/10 8/8 11/11
f 12/12 11/11 13/13
f 9/9 10/10 12/12
f 11/11 12/12 10/10
f 9/9 12/12 14/14
f 13/13 15/15 12/12
f 15/15 14/14 12/12
f 16/16 15/15 17/17
f 15/15 16/16 18/18
f 20/20 21/21 23/23
f 22/22 24/24 26/26
f 27/27 28/28 25/25
f 30/30 25/25 23/23
f 30/30 23/23 21/21
f 25/25 30/30 27/27
f 30/30 31/31 32/32
f 22/22 13/13 11/11
f 13/13 22/22 26/26
f 22/22 11/11 19/19
f 13/13 17/17 15/15
f 26/26 17/17 13/13
f 26/26 24/24 17/17
f 24/24 29/29 33/33
f 33/33 29/29 34/34
f 35/35 28/28 27/27
f 37/37 34/34 29/29
f 28/28 38/38 36/36
f 39/39 34/34 37/37
f 41/41 36/36 38/38
f 40/40 39/39 37/37
f 40/40 42/42 39/39
f 39/39 42/42 44/44
f 45/45 44/44 42/42
f 47/47 43/43 41/41
f 48/48 46/46 43/43
f 33/33 16/16 17/17
f 17/17 24/24 33/33
f 34/34 39/39 33/33
f 44/44 33/33 39/39
f 44/44 49/49 33/33
f 16/16 33/33 49/49
f 16/16 50/50 18/18
f 50/50 16/16 49/49
f 50/50 49/49 51/51
f 52/52 50/50 51/51
f 53/53 54/54 55/55
f 56/56 54/54 53/53
f 54/54 56/56 57/57
f 58/58 59/59 60/60
f 61/61 58/58 60/60
f 62/62 63/63 64/64
f 64/64 65/65 62/62
f 65/65 61/61 60/60
f 58/58 61/61 66/66
f 65/65 66/66 61/61
f 66/66 67/67 58/58
f 68/68 69/69 70/70
f 71/71 72/72 73/73
f 68/68 70/70 72/72
f 74/74 68/68 75/75
f 75/75 68/68 76/76
f 76/76 68/68 72/72
f 77/77 74/74 75/75
f 76/76 72/72 78/78
f 79/79 77/77 75/75
f 75/75 76/76 80/80
f 75/75 80/80 79/79
f 78/78 80/80 76/76
f 81/81 80/80 78/78
f 82/82 83/83 77/77
f 82/82 77/77 79/79
f 83/83 82/82 84/84
f 80/80 85/85 79/79
f 82/82 79/79 85/85
f 78/78 72/72 71/71
f 71/71 86/86 87/87
f 87/87 78/78 71/71
f 87/87 86/86 88/88
f 88/88 86/86 89/89
f 78/78 90/90 81/81
f 78/78 87/87 90/90
f 87/87 88/88 91/91
f 88/88 89/89 91/91
f 91/91 92/92 93/93
f 92/92 91/91 89/89
f 87/87 91/91 93/93
f 94/94 81/81 90/90
f 94/94 90/90 95/95
f 96/96 80/80 81/81
f 85/85 80/80 96/96
f 96/96 81/81 94/94
f 90/90 87/87 93/93
f 95/95 90/90 93/93
f 97/97 95/95 93/93
f 98/98 93/93 92/92
f 92/92 99/99 98/98
f 94/94 95/95 97/97
f 93/93 98/98 97/97
f 97/97 98/98 99/99
f 92/92 89/89 100/100
f 92/92 100/100 101/101
f 100/100 102/102 101/101
f 99/99 92/92 103/103
f 104/104 92/92 101/101
f 92/92 104/104 103/103
f 104/104 101/101 105/105
f 104/104 105/105 103/103
f 105/105 101/101 106/106
f 107/107 105/105 106/106
f 99/99 103/103 108/108
f 109/109 105/105 107/107
f 103/103 105/105 109/109
f 109/109 108/108 103/103
f 110/110 97/97 99/99
f 110/110 99/99 108/108
f 110/110 108/108 109/109
f 111/111 110/110 109/109
f 109/109 107/107 112/112
f 111/111 109/109 112/112
f 111/111 112/112 113/113
f 114/114 115/115 116/116
f 117/117 115/115 114/114
f 118/118 119/119 120/120
f 121/121 114/114 122/122
f 121/121 122/122 123/123
f 114/114 121/121 117/117
f 119/119 117/117 121/121
f 124/124 121/121 123/123
f 120/120 119/119 121/121
f 120/120 121/121 124/124
f 125/125 126/126 127/127
f 128/128 129/129 115/115
f 130/130 131/131 115/115
f 115/115 132/132 130/130
f 129/129 128/128 126/126
f 133/133 134/134 132/132
f 132/132 115/115 129/129
f 132/132 129/129 133/133
f 115/115 117/117 128/128
f 128/128 117/117 135/135
f 128/128 135/135 127/127
f 127/127 126/126 128/128
f 136/136 126/126 125/125
f 137/137 136/136 138/138
f 137/137 126/126 136/136
f 139/139 129/129 126/126
f 133/133 129/129 139/139
f 133/133 139/139 140/140
f 139/139 126/126 137/137
f 119/119 127/127 135/135
f 119/119 141/141 127/127
f 127/127 141/141 125/125
f 141/141 118/118 142/142
f 141/141 119/119 118/118
f 119/119 135/135 117/117
f 143/143 125/125 141/141
f 143/143 136/136 125/125
f 143/143 138/138 136/136
f 142/142 143/143 141/141
f 144/144 143/143 142/142
f 145/145 146/146 147/147
f 148/148 147/147 146/146
f 149/149 148/148 146/146
f 150/150 151/151 146/146
f 152/152 153/153 154/154
f 155/155 152/152 154/154
f 155/155 156/156 152/152
f 157/157 153/153 152/152
f 157/157 152/152 156/156
f 158/158 159/159 160/160
f 160/160 159/159 161/161
f 159/159 158/158 149/149
f 159/159 151/151 162/162
f 159/159 162/162 161/161
f 154/154 163/163 161/161
f 153/153 163/163 154/154
f 161/161 162/162 154/154
f 70/70 160/160 161/161
f 161/161 163/163 73/73
f 73/73 163/163 164/164
f 165/165 166/166 155/155
f 162/162 151/151 155/155
f 151/151 165/165 155/155
f 159/159 149/149 151/151
f 146/146 151/151 149/149
f 154/154 162/162 155/155
f 156/156 155/155 166/166
f 167/167 168/168 158/158
f 169/169 167/167 158/158
f 116/116 168/168 167/167
f 167/167 169/169 170/170
f 169/169 158/158 69/69
f 168/168 148/148 171/171
f 168/168 171/171 158/158
f 158/158 171/171 149/149
f 74/74 169/169 69/69
f 69/69 68/68 74/74
f 148/148 168/168 147/147
f 168/168 116/116 147/147
f 116/116 131/131 147/147
f 115/115 131/131 116/116
f 131/131 145/145 147/147
f 172/172 145/145 131/131
f 116/116 167/167 122/122
f 114/114 116/116 122/122
f 148/148 149/149 171/171
f 170/170 169/169 74/74
f 173/173 170/170 74/74
f 122/122 167/167 170/170
f 123/123 122/122 170/170
f 173/173 123/123 170/170
f 74/74 77/77 174/174
f 69/69 158/158 160/160
f 69/69 160/160 70/70
f 161/161 73/73 70/70
f 70/70 73/73 72/72
f 130/130 175/175 131/131
f 132/132 134/134 176/176
f 134/134 177/177 176/176
f 130/130 132/132 176/176
f 178/178 179/179 130/130
f 176/176 178/178 130/130
f 177/177 178/178 176/176
f 177/177 180/180 178/178
f 177/177 134/134 181/181
f 181/181 134/134 182/182
f 177/177 181/181 183/183
f 181/181 182/182 183/183
f 183/183 184/184 177/177
f 144/144 185/185 138/138
f 186/186 187/187 185/185
f 186/186 185/185 144/144
f 186/186 144/144 188/188
f 188/188 189/189 186/186
f 190/190 191/191 186/186
f 187/187 186/186 191/191
f 192/192 191/191 190/190
f 193/193 192/192 190/190
f 194/194 191/191 192/192
f 195/195 196/196 194/194
f 195/195 194/194 192/192
f 197/197 137/137 198/198
f 198/198 199/199 197/197
f 137/137 197/197 139/139
f 139/139 197/197 199/199
f 198/198 200/200 199/199
f 199/199 200/200 201/201
f 201/201 200/200 202/202
f 203/203 137/137 138/138
f 143/143 144/144 138/138
f 138/138 185/185 203/203
f 137/137 203/203 198/198
f 187/187 203/203 185/185
f 203/203 191/191 198/198
f 191/191 200/200 198/198
f 203/203 187/187 191/191
f 200/200 191/191 194/194
f 196/196 204/204 194/194
f 200/200 194/194 204/204
f 195/195 192/192 205/205
f 206/206 205/205 192/192
f 196/196 195/195 205/205
f 207/207 208/208 209/209
f 204/204 202/202 200/200
f 210/210 211/211 204/204
f 204/204 196/196 210/210
f 196/196 208/208 210/210
f 207/207 212/212 210/210
f 208/208 207/207 210/210
f 213/213 120/120 124/124
f 214/214 213/213 124/124
f 215/215 120/120 213/213
f 216/216 213/213 217/217
f 213/213 216/216 215/215
f 218/218 144/144 142/142
f 218/218 188/188 144/144
f 219/219 218/218 142/142
f 188/188 218/218 220/220
f 220/220 218/218 219/219
f 221/221 188/188 220/220
f 220/220 222/222 223/223
f 224/224 118/118 120/120
f 142/142 118/118 224/224
f 219/219 142/142 224/224
f 120/120 215/215 224/224
f 225/225 219/219 224/224
f 225/225 224/224 215/215
f 226/226 219/219 225/225
f 226/226 225/225 215/215
f 222/222 220/220 219/219
f 222/222 219/219 226/226
f 227/227 215/215 228/228
f 229/229 227/227 228/228
f 227/227 226/226 215/215
f 230/230 222/222 231/231
f 231/231 222/222 226/226
f 231/231 226/226 227/227
f 229/229 231/231 227/227
f 232/232 230/230 231/231
f 173/173 214/214 123/123
f 124/124 123/123 214/214
f 214/214 173/173 174/174
f 174/174 173/173 74/74
f 174/174 77/77 214/214
f 213/213 214/214 217/217
f 83/83 214/214 77/77
f 214/214 83/83 217/217
f 233/233 217/217 83/83
f 216/216 217/217 233/233
f 216/216 228/228 215/215
f 234/234 235/235 189/189
f 235/235 186/186 189/189
f 189/189 188/188 221/221
f 236/236 189/189 221/221
f 189/189 236/236 234/234
f 235/235 190/190 186/186
f 235/235 193/193 190/190
f 237/237 235/235 238/238
f 238/238 235/235 234/234
f 239/239 193/193 235/235
f 237/237 239/239 235/235
f 220/220 236/236 221/221
f 220/220 223/223 236/236
f 223/223 234/234 236/236
f 240/240 241/241 223/223
f 222/222 240/240 223/223
f 223/223 238/238 234/234
f 241/241 237/237 238/238
f 241/241 238/238 223/223
f 241/241 239/239 237/237
f 241/241 242/242 239/239
f 243/243 241/241 244/244
f 243/243 245/245 241/241
f 246/246 247/247 193/193
f 242/242 246/246 193/193
f 192/192 193/193 206/206
f 208/208 205/205 206/206
f 247/247 206/206 193/193
f 196/196 205/205 208/208
f 242/242 193/193 239/239
f 248/248 249/249 246/246
f 246/246 249/249 247/247
f 250/250 247/247 249/249
f 209/209 247/247 250/250
f 208/208 206/206 209/209
f 247/247 209/209 206/206
f 245/245 242/242 241/241
f 251/251 242/242 245/245
f 246/246 242/242 251/251
f 245/245 243/243 251/251
f 248/248 246/246 252/252
f 246/246 251/251 253/253
f 252/252 246/246 253/253
f 230/230 240/240 222/222
f 240/240 244/244 241/241
f 254/254 240/240 230/230
f 240/240 254/254 244/244
f 254/254 230/230 255/255
f 232/232 255/255 230/230
f 256/256 251/251 243/243
f 244/244 256/256 243/243
f 256/256 253/253 251/251
f 256/256 257/257 253/253
f 254/254 258/258 244/244
f 244/244 258/258 256/256
f 256/256 258/258 259/259
f 153/153 157/157 260/260
f 261/261 260/260 262/262
f 263/263 260/260 261/261
f 261/261 264/264 263/263
f 264/264 261/261 6/6
f 262/262 265/265 261/261
f 1/1 265/265 262/262
f 262/262 266/266 267/267
f 266/266 268/268 269/269
f 262/262 268/268 266/266
f 2/2 1/1 262/262
f 267/267 2/2 262/262
f 262/262 157/157 268/268
f 262/262 260/260 157/157
f 268/268 157/157 156/156
f 270/270 269/269 271/271
f 265/265 1/1 261/261
f 261/261 1/1 4/4
f 6/6 261/261 4/4
f 260/260 164/164 163/163
f 260/260 272/272 164/164
f 260/260 273/273 272/272
f 163/163 153/153 260/260
f 273/273 260/260 263/263
f 273/273 263/263 274/274
f 264/264 274/274 263/263
f 272/272 273/273 274/274
f 89/89 272/272 274/274
f 5/5 275/275 264/264
f 5/5 264/264 6/6
f 275/275 5/5 9/9
f 274/274 264/264 275/275
f 89/89 274/274 276/276
f 274/274 275/275 276/276
f 269/269 267/267 266/266
f 270/270 277/277 269/269
f 278/278 2/2 267/267
f 73/73 164/164 71/71
f 71/71 164/164 272/272
f 86/86 71/71 272/272
f 86/86 272/272 89/89
f 89/89 276/276 100/100
f 276/276 275/275 280/280
f 275/275 9/9 280/280
f 14/14 280/280 9/9
f 14/14 15/15 18/18
f 280/280 14/14 18/18
f 281/281 276/276 280/280
f 281/281 280/280 18/18
f 281/281 18/18 282/282
f 282/282 18/18 50/50
f 282/282 50/50 283/283
f 276/276 281/281 100/100
f 100/100 281/281 284/284
f 284/284 281/281 282/282
f 282/282 283/283 285/285
f 282/282 102/102 284/284
f 102/102 282/282 286/286
f 282/282 285/285 286/286
f 284/284 102/102 100/100
f 106/106 102/102 286/286
f 106/106 286/286 285/285
f 106/106 101/101 102/102
f 287/287 106/106 285/285
f 287/287 107/107 106/106
f 112/112 107/107 287/287
f 113/113 112/112 287/287
f 233/233 83/83 84/84
f 84/84 288/288 233/233
f 289/289 84/84 82/82
f 82/82 85/85 290/290
f 288/288 84/84 289/289
f 289/289 82/82 290/290
f 291/291 289/289 292/292
f 288/288 289/289 291/291
f 290/290 293/293 289/289
f 292/292 289/289 294/294
f 289/289 293/293 294/294
f 295/295 296/296 291/291
f 295/295 291/291 297/297
f 295/295 297/297 298/298
f 292/292 297/297 291/291
f 294/294 297/297 292/292
f 299/299 300/300 298/298
f 294/294 301/301 297/297
f 297/297 301/301 299/299
f 299/299 298/298 297/297
f 300/300 299/299 302/302
f 303/303 304/304 302/302
f 303/303 302/302 299/299
f 303/303 299/299 305/305
f 306/306 304/304 303/303
f 85/85 96/96 290/290
f 96/96 307/307 290/290
f 307/307 96/96 94/94
f 307/307 293/293 290/290
f 308/308 307/307 94/94
f 94/94 97/97 309/309
f 97/97 310/310 309/309
f 308/308 94/94 309/309
f 311/311 309/309 310/310
f 97/97 110/110 310/310
f 110/110 111/111 310/310
f 312/312 111/111 113/113
f 310/310 111/111 312/312
f 313/313 311/311 310/310
f 313/313 310/310 312/312
f 313/313 312/312 314/314
f 315/315 314/314 312/312
f 316/316 293/293 307/307
f 317/317 316/316 307/307
f 318/318 293/293 316/316
f 317/317 307/307 308/308
f 308/308 309/309 311/311
f 293/293 318/318 294/294
f 301/301 294/294 318/318
f 316/316 319/319 318/318
f 305/305 299/299 301/301
f 320/320 301/301 318/318
f 317/317 319/319 316/316
f 308/308 321/321 317/317
f 322/322 323/323 308/308
f 321/321 308/308 323/323
f 324/324 319/319 317/317
f 317/317 321/321 324/324
f 313/313 322/322 311/311
f 308/308 311/311 322/322
f 322/322 313/313 325/325
f 313/313 314/314 325/325
f 326/326 325/325 314/314
f 323/323 322/322 325/325
f 327/327 325/325 326/326
f 323/323 325/325 327/327
f 328/328 323/323 327/327
f 229/229 329/329 231/231
f 231/231 329/329 330/330
f 232/232 231/231 330/330
f 330/330 329/329 331/331
f 332/332 232/232 330/330
f 333/333 232/232 332/332
f 330/330 331/331 334/334
f 335/335 332/332 330/330
f 335/335 330/330 334/334
f 336/336 333/333 332/332
f 336/336 332/332 335/335
f 233/233 337/337 216/216
f 338/338 337/337 233/233
f 337/337 228/228 216/216
f 338/338 339/339 337/337
f 288/288 338/338 233/233
f 331/331 228/228 337/337
f 339/339 331/331 337/337
f 229/229 228/228 331/331
f 340/340 339/339 338/338
f 340/340 338/338 288/288
f 339/339 340/340 341/341
f 296/296 288/288 291/291
f 296/296 340/340 288/288
f 334/334 331/331 339/339
f 341/341 334/334 339/339
f 340/340 296/296 342/342
f 343/343 341/341 340/340
f 340/340 342/342 343/343
f 295/295 342/342 296/296
f 344/344 343/343 342/342
f 334/334 341/341 343/343
f 345/345 334/334 343/343
f 335/335 334/334 345/345
f 346/346 345/345 343/343
f 347/347 254/254 255/255
f 255/255 333/333 347/347
f 255/255 232/232 333/333
f 348/348 347/347 333/333
f 254/254 347/347 349/349
f 349/349 258/258 254/254
f 258/258 350/350 351/351
f 350/350 258/258 349/349
f 352/352 349/349 347/347
f 353/353 350/350 349/349
f 352/352 353/353 349/349
f 336/336 348/348 333/333
f 354/354 347/347 348/348
f 355/355 348/348 336/336
f 352/352 347/347 354/354
f 356/356 357/357 352/352
f 352/352 358/358 353/353
f 358/358 352/352 357/357
f 356/356 354/354 348/348
f 356/356 352/352 354/354
f 359/359 356/356 348/348
f 360/360 359/359 348/348
f 357/357 356/356 359/359
f 361/361 336/336 335/335
f 361/361 335/335 362/362
f 363/363 361/361 362/362
f 364/364 342/342 295/295
f 364/364 344/344 342/342
f 346/346 365/365 345/345
f 365/365 366/366 345/345
f 346/346 343/343 344/344
f 365/365 346/346 344/344
f 367/367 365/365 344/344
f 366/366 365/365 367/367
f 295/295 298/298 364/364
f 300/300 364/364 298/298
f 344/344 364/364 300/300
f 345/345 366/366 335/335
f 362/362 335/335 366/366
f 368/368 344/344 369/369
f 368/368 367/367 344/344
f 368/368 369/369 370/370
f 366/366 367/367 368/368
f 371/371 366/366 370/370
f 370/370 366/366 368/368
f 372/372 366/366 371/371
f 373/373 371/371 370/370
f 374/374 372/372 371/371
f 373/373 370/370 375/375
f 374/374 371/371 373/373
f 369/369 344/344 300/300
f 302/302 369/369 300/300
f 304/304 369/369 302/302
f 370/370 369/369 304/304
f 306/306 370/370 304/304
f 375/375 370/370 306/306
f 372/372 362/362 366/366
f 376/376 363/363 362/362
f 376/376 362/362 372/372
f 377/377 372/372 374/374
f 376/376 372/372 378/378
f 378/378 372/372 377/377
f 361/361 355/355 336/336
f 379/379 355/355 361/361
f 379/379 361/361 363/363
f 360/360 348/348 355/355
f 379/379 380/380 355/355
f 379/379 363/363 381/381
f 382/382 381/381 363/363
f 383/383 379/379 381/381
f 384/384 379/379 383/383
f 384/384 380/380 379/379
f 384/384 383/383 381/381
f 382/382 384/384 381/381
f 380/380 360/360 355/355
f 380/380 359/359 360/360
f 357/357 359/359 380/380
f 357/357 380/380 385/385
f 380/380 384/384 386/386
f 385/385 380/380 386/386
f 386/386 357/357 385/385
f 376/376 382/382 363/363
f 387/387 376/376 378/378
f 387/387 382/382 376/376
f 387/387 388/388 382/382
f 382/382 389/389 384/384
f 389/389 382/382 388/388
f 387/387 389/389 388/388
f 390/390 391/391 387/387
f 391/391 389/389 387/387
f 392/392 389/389 391/391
f 384/384 389/389 386/386
f 393/393 386/386 389/389
f 392/392 393/393 389/389
f 390/390 387/387 378/378
f 377/377 390/390 378/378
f 392/392 391/391 390/390
f 394/394 395/395 303/303
f 394/394 303/303 305/305
f 396/396 303/303 395/395
f 397/397 306/306 303/303
f 397/397 398/398 306/306
f 397/397 303/303 396/396
f 396/396 399/399 397/397
f 399/399 396/396 400/400
f 401/401 399/399 400/400
f 401/401 402/402 399/399
f 403/403 401/401 400/400
f 404/404 405/405 406/406
f 324/324 407/407 408/408
f 409/409 408/408 407/407
f 394/394 305/305 410/410
f 320/320 410/410 301/301
f 319/319 320/320 318/318
f 410/410 305/305 301/301
f 394/394 410/410 411/411
f 410/410 320/320 409/409
f 408/408 409/409 320/320
f 410/410 409/409 411/411
f 394/394 396/396 395/395
f 319/319 408/408 320/320
f 408/408 319/319 324/324
f 412/412 409/409 407/407
f 413/413 407/407 324/324
f 407/407 413/413 412/412
f 414/414 413/413 324/324
f 415/415 412/412 416/416
f 396/396 394/394 411/411
f 417/417 396/396 411/411
f 409/409 415/415 411/411
f 416/416 411/411 415/415
f 417/417 400/400 396/396
f 418/418 417/417 411/411
f 419/419 417/417 418/418
f 417/417 419/419 400/400
f 418/418 411/411 416/416
f 419/419 418/418 416/416
f 420/420 419/419 416/416
f 415/415 409/409 412/412
f 323/323 421/421 321/321
f 323/323 422/422 421/421
f 422/422 323/323 328/328
f 321/321 421/421 324/324
f 423/423 421/421 422/422
f 424/424 328/328 327/327
f 422/422 328/328 425/425
f 426/426 328/328 424/424
f 328/328 426/426 425/425
f 414/414 324/324 421/421
f 414/414 421/421 423/423
f 427/427 414/414 423/423
f 427/427 423/423 422/422
f 427/427 422/422 425/425
f 428/428 416/416 412/412
f 412/412 413/413 429/429
f 428/428 412/412 429/429
f 413/413 430/430 431/431
f 431/431 429/429 413/413
f 432/432 428/428 429/429
f 433/433 428/428 432/432
f 400/400 419/419 420/420
f 433/433 416/416 428/428
f 420/420 416/416 433/433
f 420/420 403/403 400/400
f 434/434 420/420 433/433
f 406/406 403/403 434/434
f 434/434 403/403 420/420
f 403/403 406/406 405/405
f 433/433 432/432 435/435
f 436/436 429/429 431/431
f 434/434 433/433 435/435
f 437/437 434/434 435/435
f 437/437 406/406 434/434
f 437/437 438/438 406/406
f 438/438 404/404 406/406
f 439/439 438/438 437/437
f 440/440 439/439 441/441
f 413/413 414/414 430/430
f 442/442 430/430 414/414
f 442/442 414/414 427/427
f 427/427 443/443 442/442
f 430/430 442/442 444/444
f 425/425 445/445 427/427
f 427/427 445/445 443/443
f 445/445 425/425 446/446
f 447/447 425/425 448/448
f 425/425 447/447 446/446
f 431/431 430/430 444/444
f 442/442 443/443 444/444
f 444/444 436/436 431/431
f 449/449 444/444 443/443
f 449/449 450/450 444/444
f 445/445 451/451 443/443
f 451/451 452/452 443/443
f 447/447 453/453 446/446
f 454/454 453/453 447/447
f 454/454 451/451 453/453
f 452/452 451/451 454/454
f 452/452 454/454 443/443
f 454/454 455/455 443/443
f 373/373 456/456 374/374
f 456/456 373/373 457/457
f 458/458 457/457 373/373
f 459/459 457/457 458/458
f 460/460 457/457 459/459
f 375/375 306/306 398/398
f 461/461 398/398 397/397
f 375/375 398/398 461/461
f 462/462 373/373 375/375
f 462/462 375/375 463/463
f 463/463 375/375 461/461
f 464/464 463/463 461/461
f 397/397 399/399 461/461
f 462/462 458/458 373/373
f 377/377 374/374 456/456
f 465/465 377/377 456/456
f 377/377 466/466 467/467
f 377/377 465/465 468/468
f 469/469 456/456 457/457
f 468/468 465/465 456/456
f 469/469 468/468 456/456
f 460/460 469/469 457/457
f 377/377 468/468 466/466
f 466/466 468/468 469/469
f 461/461 402/402 464/464
f 464/464 462/462 463/463
f 462/462 470/470 458/458
f 470/470 462/462 464/464
f 402/402 461/461 399/399
f 464/464 402/402 401/401
f 459/459 458/458 471/471
f 401/401 470/470 464/464
f 472/472 470/470 401/401
f 472/472 458/458 470/470
f 471/471 458/458 472/472
f 469/469 460/460 459/459
f 459/459 473/473 469/469
f 466/466 469/469 474/474
f 474/474 469/469 473/473
f 471/471 473/473 459/459
f 475/475 393/393 392/392
f 392/392 476/476 475/475
f 477/477 393/393 475/475
f 478/478 477/477 475/475
f 478/478 479/479 477/477
f 377/377 467/467 390/390
f 467/467 392/392 390/390
f 466/466 392/392 467/467
f 392/392 466/466 476/476
f 480/480 476/476 466/466
f 476/476 481/481 475/475
f 481/481 476/476 480/480
f 466/466 474/474 480/480
f 474/474 482/482 483/483
f 483/483 480/480 474/474
f 484/484 481/481 480/480
f 484/484 485/485 481/481
f 480/480 483/483 484/484
f 481/481 478/478 475/475
f 486/486 478/478 481/481
f 485/485 486/486 481/481
f 486/486 485/485 484/484
f 483/483 486/486 484/484
f 486/486 483/483 487/487
f 488/488 486/486 487/487
f 486/486 488/488 478/478
f 488/488 479/479 478/478
f 487/487 479/479 488/488
f 489/489 472/472 401/401
f 490/490 472/472 489/489
f 403/403 489/489 401/401
f 405/405 489/489 403/403
f 491/491 489/489 405/405
f 492/492 472/472 490/490
f 404/404 491/491 405/405
f 490/490 489/489 491/491
f 493/493 491/491 404/404
f 494/494 490/490 491/491
f 493/493 494/494 491/491
f 494/494 492/492 490/490
f 492/492 471/471 472/472
f 471/471 492/492 473/473
f 492/492 495/495 473/473
f 496/496 492/492 494/494
f 495/495 492/492 496/496
f 438/438 493/493 404/404
f 497/497 493/493 440/440
f 440/440 493/493 438/438
f 493/493 496/496 494/494
f 493/493 497/497 496/496
f 498/498 497/497 440/440
f 497/497 495/495 496/496
f 499/499 495/495 497/497
f 500/500 499/499 497/497
f 501/501 495/495 499/499
f 502/502 501/501 499/499
f 473/473 482/482 474/474
f 503/503 483/483 482/482
f 495/495 482/482 473/473
f 503/503 482/482 501/501
f 501/501 482/482 495/495
f 503/503 501/501 483/483
f 504/504 483/483 501/501
f 483/483 504/504 487/487
f 505/505 487/487 504/504
f 506/506 507/507 487/487
f 505/505 504/504 506/506
f 502/502 504/504 501/501
f 506/506 504/504 502/502
f 506/506 487/487 505/505
f 440/440 438/438 439/439
f 4/4 3/3 508/508
f 277/277 278/278 267/267
f 279/279 277/277 509/509
f 279/279 509/509 510/510
f 512/512 2/2 278/278
f 279/279 510/510 511/511
f 513/513 511/511 510/510
f 514/514 513/513 510/510
f 515/515 514/514 510/510
f 516/516 514/514 515/515
f 517/517 21/21 513/513
f 2/2 512/512 508/508
f 8/8 508/508 512/512
f 2/2 508/508 3/3
f 4/4 508/508 8/8
f 19/19 8/8 512/512
f 19/19 11/11 8/8
f 21/21 20/20 511/511
f 514/514 516/516 517/517
f 516/516 518/518 519/519
f 21/21 511/511 513/513
f 514/514 517/517 513/513
f 516/516 520/520 517/517
f 519/519 53/53 516/516
f 521/521 53/53 519/519
f 519/519 518/518 521/521
f 21/21 522/522 30/30
f 522/522 31/31 30/30
f 21/21 517/517 520/520
f 520/520 522/522 21/21
f 523/523 522/522 520/520
f 523/523 520/520 55/55
f 522/522 523/523 524/524
f 523/523 55/55 525/525
f 523/523 525/525 524/524
f 526/526 32/32 31/31
f 27/27 30/30 32/32
f 527/527 27/27 32/32
f 27/27 527/527 35/35
f 526/526 527/527 32/32
f 31/31 522/522 526/526
f 524/524 526/526 522/522
f 524/524 525/525 526/526
f 516/516 55/55 520/520
f 527/527 528/528 35/35
f 525/525 527/527 526/526
f 529/529 527/527 525/525
f 527/527 529/529 528/528
f 530/530 528/528 529/529
f 35/35 38/38 28/28
f 38/38 531/531 47/47
f 38/38 47/47 41/41
f 43/43 47/47 48/48
f 35/35 528/528 38/38
f 528/528 530/530 38/38
f 530/530 531/531 38/38
f 532/532 521/521 518/518
f 53/53 55/55 516/516
f 53/53 521/521 56/56
f 54/54 525/525 55/55
f 529/529 525/525 54/54
f 533/533 529/529 54/54
f 57/57 533/533 54/54
f 529/529 533/533 530/530
f 534/534 530/530 533/533
f 534/534 533/533 57/57
f 534/534 535/535 530/530
f 535/535 534/534 536/536
f 57/57 56/56 537/537
f 534/534 537/537 536/536
f 534/534 57/57 537/537
f 521/521 532/532 56/56
f 537/537 56/56 532/532
f 48/48 47/47 538/538
f 47/47 539/539 538/538
f 531/531 530/530 535/535
f 535/535 536/536 540/540
f 536/536 541/541 540/540
f 541/541 536/536 537/537
f 540/540 541/541 542/542
f 63/63 543/543 542/542
f 544/544 541/541 537/537
f 545/545 546/546 547/547
f 548/548 59/59 58/58
f 67/67 548/548 58/58
f 549/549 550/550 548/548
f 548/548 551/551 549/549
f 552/552 542/542 541/541
f 544/544 553/553 552/552
f 544/544 552/552 541/541
f 64/64 63/63 553/553
f 554/554 64/64 553/553
f 554/554 65/65 64/64
f 555/555 66/66 556/556
f 557/557 558/558 555/555
f 66/66 555/555 559/559
f 558/558 559/559 555/555
f 560/560 553/553 544/544
f 561/561 562/562 560/560
f 562/562 555/555 556/556
f 556/556 553/553 560/560
f 554/554 553/553 556/556
f 560/560 562/562 556/556
f 555/555 562/562 557/557
f 547/547 562/562 561/561
f 562/562 547/547 557/557
f 557/557 547/547 546/546
f 556/556 66/66 554/554
f 66/66 65/65 554/554
f 559/559 67/67 66/66
f 563/563 551/551 67/67
f 67/67 559/559 563/563
f 551/551 548/548 67/67
f 564/564 565/565 150/150
f 565/565 564/564 566/566
f 146/146 145/145 564/564
f 564/564 150/150 146/146
f 166/166 567/567 156/156
f 568/568 268/268 156/156
f 567/567 568/568 156/156
f 567/567 166/166 569/569
f 570/570 569/569 166/166
f 571/571 568/568 567/567
f 571/571 271/271 568/568
f 150/150 165/165 151/151
f 165/165 150/150 565/565
f 565/565 166/166 165/165
f 570/570 166/166 565/565
f 572/572 569/569 570/570
f 573/573 569/569 572/572
f 573/573 567/567 569/569
f 567/567 573/573 571/571
f 566/566 564/564 172/172
f 172/172 564/564 145/145
f 574/574 566/566 172/172
f 574/574 575/575 566/566
f 270/270 571/571 576/576
f 577/577 578/578 579/579
f 579/579 578/578 580/580
f 565/565 575/575 570/570
f 581/581 572/572 570/570
f 575/575 565/565 566/566
f 572/572 581/581 582/582
f 583/583 573/573 572/572
f 573/573 583/583 571/571
f 576/576 571/571 583/583
f 572/572 582/582 583/583
f 576/576 583/583 584/584
f 582/582 584/584 583/583
f 576/576 584/584 577/577
f 581/581 584/584 582/582
f 575/575 585/585 570/570
f 586/586 581/581 570/570
f 586/586 570/570 585/585
f 586/586 585/585 587/587
f 577/577 588/588 578/578
f 577/577 584/584 589/589
f 584/584 581/581 589/589
f 588/588 577/577 589/589
f 578/578 590/590 580/580
f 588/588 590/590 578/578
f 580/580 590/590 591/591
f 581/581 586/586 589/589
f 588/588 589/589 592/592
f 175/175 130/130 179/179
f 175/175 172/172 131/131
f 172/172 175/175 179/179
f 593/593 172/172 179/179
f 179/179 178/178 593/593
f 180/180 593/593 178/178
f 180/180 594/594 593/593
f 594/594 180/180 177/177
f 595/595 574/574 593/593
f 594/594 595/595 593/593
f 595/595 594/594 596/596
f 597/597 574/574 595/595
f 574/574 597/597 575/575
f 133/133 598/598 134/134
f 598/598 182/182 134/134
f 140/140 598/598 133/133
f 599/599 182/182 598/598
f 182/182 599/599 183/183
f 595/595 596/596 600/600
f 184/184 594/594 177/177
f 600/600 575/575 597/597
f 595/595 600/600 597/597
f 600/600 596/596 601/601
f 602/602 184/184 183/183
f 601/601 596/596 184/184
f 184/184 596/596 594/594
f 575/575 600/600 585/585
f 585/585 600/600 603/603
f 585/585 603/603 587/587
f 604/604 139/139 199/199
f 604/604 605/605 139/139
f 199/199 201/201 604/604
f 606/606 604/604 201/201
f 607/607 201/201 202/202
f 607/607 202/202 608/608
f 607/607 606/606 201/201
f 609/609 610/610 611/611
f 202/202 204/204 608/608
f 211/211 608/608 204/204
f 212/212 211/211 210/210
f 211/211 612/612 608/608
f 212/212 612/612 211/211
f 613/613 612/612 212/212
f 207/207 613/613 212/212
f 613/613 614/614 612/612
f 615/615 580/580 591/591
f 587/587 603/603 616/616
f 586/586 587/587 616/616
f 592/592 586/586 616/616
f 603/603 617/617 616/616
f 592/592 616/616 618/618
f 618/618 616/616 619/619
f 616/616 617/617 619/619
f 590/590 618/618 591/591
f 592/592 589/589 586/586
f 588/588 592/592 618/618
f 618/618 590/590 588/588
f 619/619 591/591 618/618
f 615/615 591/591 619/619
f 615/615 619/619 620/620
f 621/621 615/615 622/622
f 623/623 624/624 625/625
f 626/626 627/627 628/628
f 624/624 627/627 625/625
f 626/626 629/629 627/627
f 630/630 627/627 629/629
f 630/630 631/631 627/627
f 632/632 598/598 140/140
f 598/598 632/632 599/599
f 140/140 139/139 605/605
f 183/183 599/599 633/633
f 183/183 633/633 602/602
f 634/634 601/601 184/184
f 184/184 602/602 634/634
f 635/635 633/633 599/599
f 599/599 636/636 635/635
f 602/602 633/633 635/635
f 602/602 635/635 637/637
f 638/638 637/637 635/635
f 639/639 605/605 604/604
f 604/604 640/640 639/639
f 636/636 638/638 635/635
f 638/638 636/636 641/641
f 642/642 638/638 641/641
f 637/637 638/638 642/642
f 636/636 643/643 644/644
f 636/636 644/644 641/641
f 641/641 645/645 642/642
f 641/641 644/644 645/645
f 646/646 647/647 637/637
f 647/647 646/646 617/617
f 642/642 646/646 637/637
f 622/622 646/646 642/642
f 645/645 622/622 642/642
f 646/646 622/622 620/620
f 619/619 617/617 646/646
f 619/619 646/646 620/620
f 623/623 622/622 645/645
f 620/620 622/622 615/615
f 621/621 622/622 623/623
f 626/626 639/639 640/640
f 640/640 648/648 626/626
f 643/643 639/639 649/649
f 644/644 643/643 649/649
f 626/626 649/649 639/639
f 624/624 645/645 644/644
f 628/628 624/624 644/644
f 626/626 648/648 629/629
f 648/648 650/650 629/629
f 650/650 648/648 610/610
f 627/627 624/624 628/628
f 623/623 645/645 624/624
f 271/271 269/269 268/268
f 268/268 568/568 271/271
f 271/271 571/571 270/270
f 269/269 277/277 267/267
f 277/277 270/270 651/651
f 651/651 652/652 277/277
f 653/653 654/654 652/652
f 652/652 654/654 509/509
f 654/654 653/653 579/579
f 580/580 654/654 579/579
f 509/509 654/654 655/655
f 655/655 510/510 509/509
f 655/655 515/515 510/510
f 576/576 651/651 270/270
f 653/653 652/652 651/651
f 576/576 653/653 651/651
f 577/577 579/579 653/653
f 576/576 577/577 653/653
f 655/655 654/654 580/580
f 656/656 655/655 580/580
f 580/580 615/615 656/656
f 655/655 656/656 515/515
f 515/515 656/656 518/518
f 532/532 518/518 656/656
f 516/516 515/515 518/518
f 615/615 532/532 656/656
f 657/657 532/532 615/615
f 615/615 621/621 657/657
f 658/658 532/532 657/657
f 659/659 621/621 623/623
f 623/623 625/625 659/659
f 659/659 657/657 621/621
f 660/660 657/657 659/659
f 631/631 625/625 627/627
f 631/631 661/661 625/625
f 659/659 625/625 662/662
f 662/662 625/625 661/661
f 660/660 658/658 657/657
f 532/532 658/658 663/663
f 532/532 663/663 537/537
f 537/537 663/663 544/544
f 663/663 658/658 660/660
f 561/561 660/660 659/659
f 664/664 659/659 662/662
f 561/561 663/663 660/660
f 561/561 659/659 665/665
f 665/665 664/664 545/545
f 665/665 659/659 664/664
f 665/665 547/547 561/561
f 665/665 545/545 547/547
f 329/329 229/229 331/331
f 445/445 453/453 451/451
f 445/445 446/446 453/453
f 539/539 47/47 531/531
f 531/531 535/535 539/539
f 540/540 539/539 535/535
f 539/539 540/540 538/538
f 543/543 538/538 540/540
f 538/538 543/543 666/666
f 543/543 63/63 666/666
f 542/542 543/543 540/540
f 542/542 552/552 553/553
f 553/553 63/63 542/542
f 172/172 593/593 574/574
f 603/603 600/600 601/601
f 611/611 604/604 606/606
f 608/608 667/667 607/607
f 611/611 606/606 607/607
f 607/607 667/667 611/611
f 667/667 609/609 611/611
f 612/612 667/667 608/608
f 668/668 667/667 612/612
f 614/614 668/668 612/612
f 667/667 668/668 669/669
f 609/609 667/667 669/669
f 140/140 605/605 632/632
f 632/632 636/636 599/599
f 647/647 601/601 602/602
f 601/601 634/634 602/602
f 637/637 647/647 602/602
f 632/632 605/605 643/643
f 632/632 643/643 636/636
f 605/605 639/639 643/643
f 603/603 601/601 647/647
f 647/647 617/617 603/603
f 640/640 604/604 611/611
f 640/640 611/611 648/648
f 649/649 628/628 644/644
f 649/649 626/626 628/628
f 611/611 610/610 648/648
f 509/509 277/277 652/652
f 663/663 560/560 544/544
f 560/560 663/663 561/561
f 45/45 670/670 44/44
f 671/671 670/670 45/45
f 673/673 670/670 671/671
f 673/673 671/671 675/675
f 51/51 49/49 676/676
f 670/670 49/49 44/44
f 673/673 49/49 670/670
f 673/673 676/676 49/49
f 677/677 676/676 673/673
f 677/677 678/678 676/676
f 674/674 679/679 680/680
f 681/681 682/682 683/683
f 682/682 684/684 683/683
f 685/685 681/681 683/683
f 683/683 686/686 685/685
f 687/687 685/685 686/686
f 684/684 686/686 683/683
f 688/688 689/689 690/690
f 679/679 691/691 680/680
f 692/692 680/680 691/691
f 694/694 680/680 692/692
f 689/689 691/691 695/695
f 691/691 689/689 688/688
f 689/689 695/695 682/682
f 689/689 682/682 681/681
f 688/688 692/692 691/691
f 696/696 677/677 697/697
f 699/699 702/702 703/703
f 697/697 675/675 693/693
f 697/697 693/693 704/704
f 704/704 696/696 697/697
f 674/674 680/680 694/694
f 704/704 693/693 701/701
f 700/700 698/698 705/705
f 707/707 704/704 706/706
f 704/704 701/701 706/706
f 685/685 65/65 708/708
f 65/65 60/60 708/708
f 65/65 685/685 62/62
f 681/681 708/708 709/709
f 708/708 681/681 685/685
f 708/708 60/60 710/710
f 710/710 60/60 59/59
f 708/708 710/710 709/709
f 711/711 709/709 710/710
f 59/59 711/711 710/710
f 709/709 689/689 681/681
f 690/690 689/689 709/709
f 690/690 709/709 711/711
f 712/712 690/690 711/711
f 712/712 713/713 690/690
f 713/713 714/714 690/690
f 714/714 713/713 715/715
f 692/692 690/690 714/714
f 711/711 59/59 550/550
f 716/716 717/717 550/550
f 718/718 712/712 711/711
f 711/711 550/550 718/718
f 719/719 715/715 720/720
f 718/718 550/550 717/717
f 721/721 62/62 687/687
f 62/62 721/721 63/63
f 685/685 687/687 62/62
f 692/692 714/714 703/703
f 703/703 714/714 723/723
f 719/719 714/714 715/715
f 714/714 719/719 724/724
f 723/723 714/714 724/724
f 723/723 724/724 726/726
f 727/727 705/705 698/698
f 699/699 703/703 723/723
f 698/698 722/722 728/728
f 727/727 698/698 728/728
f 722/722 725/725 728/728
f 725/725 729/729 728/728
f 729/729 730/730 728/728
f 283/283 52/52 731/731
f 52/52 51/51 732/732
f 51/51 676/676 732/732
f 283/283 50/50 52/52
f 732/732 676/676 678/678
f 678/678 677/677 696/696
f 696/696 733/733 678/678
f 732/732 678/678 733/733
f 731/731 52/52 732/732
f 731/731 732/732 733/733
f 733/733 696/696 734/734
f 731/731 733/733 735/735
f 736/736 733/733 734/734
f 737/737 285/285 283/283
f 738/738 283/283 731/731
f 737/737 283/283 738/738
f 739/739 738/738 731/731
f 739/739 731/731 735/735
f 735/735 733/733 736/736
f 735/735 736/736 740/740
f 739/739 735/735 741/741
f 735/735 740/740 741/741
f 740/740 742/742 743/743
f 741/741 740/740 743/743
f 696/696 704/704 734/734
f 734/734 704/704 707/707
f 744/744 707/707 706/706
f 734/734 707/707 736/736
f 705/705 727/727 745/745
f 746/746 745/745 727/727
f 746/746 727/727 730/730
f 727/727 728/728 730/730
f 747/747 730/730 729/729
f 730/730 747/747 748/748
f 746/746 730/730 748/748
f 742/742 736/736 707/707
f 744/744 742/742 707/707
f 740/740 736/736 742/742
f 748/748 747/747 749/749
f 750/750 745/745 746/746
f 742/742 744/744 751/751
f 753/753 742/742 751/751
f 752/752 745/745 750/750
f 750/750 746/746 748/748
f 748/748 749/749 754/754
f 754/754 749/749 755/755
f 737/737 738/738 756/756
f 287/287 285/285 737/737
f 756/756 738/738 739/739
f 756/756 739/739 757/757
f 756/756 757/757 758/758
f 741/741 757/757 739/739
f 741/741 759/759 757/757
f 759/759 758/758 757/757
f 759/759 741/741 743/743
f 737/737 760/760 287/287
f 760/760 737/737 756/756
f 113/113 287/287 760/760
f 758/758 761/761 756/756
f 756/756 762/762 760/760
f 756/756 761/761 762/762
f 763/763 743/743 753/753
f 764/764 743/743 763/763
f 764/764 763/763 753/753
f 765/765 759/759 743/743
f 765/765 743/743 764/764
f 759/759 765/765 766/766
f 765/765 764/764 767/767
f 758/758 759/759 769/769
f 766/766 769/769 759/759
f 766/766 765/765 771/771
f 767/767 771/771 765/765
f 743/743 742/742 753/753
f 752/752 750/750 772/772
f 773/773 753/753 751/751
f 753/753 773/773 764/764
f 764/764 773/773 776/776
f 752/752 772/772 774/774
f 775/775 774/774 772/772
f 777/777 750/750 748/748
f 772/772 750/750 777/777
f 748/748 754/754 777/777
f 767/767 764/764 776/776
f 768/768 775/775 772/772
f 778/778 768/768 772/772
f 778/778 772/772 777/777
f 779/779 778/778 777/777
f 754/754 780/780 777/777
f 780/780 754/754 781/781
f 780/780 781/781 782/782
f 777/777 780/780 779/779
f 113/113 315/315 312/312
f 783/783 315/315 113/113
f 783/783 113/113 760/760
f 783/783 760/760 784/784
f 785/785 784/784 760/760
f 314/314 315/315 783/783
f 786/786 314/314 783/783
f 786/786 783/783 787/787
f 326/326 314/314 786/786
f 326/326 786/786 787/787
f 788/788 326/326 787/787
f 787/787 783/783 784/784
f 789/789 784/784 785/785
f 787/787 784/784 788/788
f 789/789 788/788 784/784
f 790/790 326/326 788/788
f 791/791 788/788 789/789
f 789/789 792/792 791/791
f 790/790 788/788 793/793
f 791/791 793/793 788/788
f 791/791 792/792 794/794
f 760/760 762/762 785/785
f 785/785 762/762 795/795
f 769/769 761/761 758/758
f 769/769 766/766 796/796
f 766/766 797/797 796/796
f 769/769 799/799 761/761
f 762/762 761/761 799/799
f 799/799 795/795 762/762
f 796/796 799/799 769/769
f 800/800 795/795 799/799
f 799/799 796/796 800/800
f 766/766 771/771 797/797
f 798/798 770/770 801/801
f 768/768 778/778 802/802
f 768/768 802/802 770/770
f 803/803 802/802 778/778
f 804/804 778/778 779/779
f 805/805 806/806 782/782
f 807/807 804/804 779/779
f 806/806 807/807 779/779
f 801/801 770/770 802/802
f 802/802 803/803 801/801
f 803/803 778/778 804/804
f 807/807 808/808 804/804
f 808/808 807/807 806/806
f 809/809 806/806 805/805
f 808/808 806/806 809/809
f 789/789 785/785 795/795
f 792/792 789/789 795/795
f 792/792 795/795 810/810
f 810/810 795/795 800/800
f 811/811 796/796 813/813
f 811/811 800/800 796/796
f 813/813 796/796 797/797
f 812/812 798/798 814/814
f 814/814 798/798 801/801
f 815/815 792/792 810/810
f 816/816 810/810 800/800
f 811/811 816/816 800/800
f 817/817 816/816 811/811
f 811/811 813/813 817/817
f 818/818 814/814 801/801
f 819/819 803/803 804/804
f 804/804 808/808 819/819
f 819/819 820/820 803/803
f 819/819 808/808 821/821
f 821/821 808/808 809/809
f 814/814 818/818 822/822
f 822/822 818/818 823/823
f 803/803 820/820 801/801
f 801/801 820/820 818/818
f 818/818 820/820 823/823
f 824/824 823/823 820/820
f 825/825 824/824 820/820
f 819/819 825/825 820/820
f 819/819 826/826 825/825
f 826/826 819/819 821/821
f 821/821 827/827 826/826
f 821/821 809/809 827/827
f 827/827 809/809 828/828
f 826/826 827/827 829/829
f 829/829 827/827 830/830
f 831/831 830/830 827/827
f 326/326 424/424 327/327
f 424/424 326/326 790/790
f 794/794 793/793 791/791
f 790/790 793/793 832/832
f 832/832 793/793 833/833
f 833/833 793/793 794/794
f 834/834 426/426 424/424
f 834/834 424/424 835/835
f 424/424 790/790 835/835
f 835/835 790/790 832/832
f 835/835 832/832 833/833
f 835/835 836/836 834/834
f 835/835 837/837 836/836
f 794/794 792/792 815/815
f 838/838 794/794 815/815
f 839/839 838/838 840/840
f 838/838 833/833 794/794
f 833/833 838/838 839/839
f 837/837 835/835 833/833
f 837/837 833/833 841/841
f 841/841 833/833 842/842
f 842/842 833/833 839/839
f 842/842 839/839 843/843
f 843/843 839/839 840/840
f 844/844 843/843 840/840
f 845/845 842/842 843/843
f 843/843 844/844 845/845
f 425/425 426/426 448/448
f 448/448 426/426 834/834
f 846/846 448/448 834/834
f 847/847 447/447 448/448
f 448/448 846/846 847/847
f 846/846 834/834 836/836
f 837/837 848/848 836/836
f 849/849 846/846 850/850
f 836/836 848/848 850/850
f 850/850 848/848 851/851
f 447/447 852/852 454/454
f 853/853 852/852 847/847
f 853/853 847/847 849/849
f 847/847 852/852 447/447
f 454/454 852/852 854/854
f 855/855 852/852 853/853
f 849/849 847/847 846/846
f 856/856 849/849 857/857
f 849/849 850/850 857/857
f 857/857 850/850 858/858
f 858/858 850/850 859/859
f 859/859 850/850 851/851
f 853/853 849/849 856/856
f 860/860 853/853 856/856
f 855/855 853/853 861/861
f 861/861 853/853 860/860
f 860/860 856/856 862/862
f 863/863 862/862 856/856
f 856/856 857/857 858/858
f 856/856 858/858 863/863
f 863/863 858/858 864/864
f 851/851 848/848 865/865
f 851/851 865/865 866/866
f 848/848 837/837 841/841
f 848/848 841/841 865/865
f 865/865 841/841 867/867
f 868/868 842/842 845/845
f 869/869 868/868 845/845
f 845/845 870/870 869/869
f 867/867 842/842 868/868
f 871/871 868/868 869/869
f 871/871 869/869 872/872
f 858/858 859/859 851/851
f 873/873 851/851 866/866
f 865/865 873/873 866/866
f 851/851 873/873 858/858
f 858/858 873/873 864/864
f 874/874 864/864 873/873
f 875/875 874/874 873/873
f 875/875 865/865 867/867
f 873/873 865/865 875/875
f 875/875 867/867 868/868
f 868/868 876/876 875/875
f 876/876 868/868 871/871
f 877/877 876/876 871/871
f 875/875 876/876 878/878
f 877/877 878/878 876/876
f 870/870 879/879 872/872
f 872/872 869/869 870/870
f 871/871 872/872 880/880
f 877/877 871/871 880/880
f 881/881 878/878 877/877
f 877/877 880/880 882/882
f 880/880 872/872 884/884
f 880/880 886/886 882/882
f 838/838 815/815 840/840
f 815/815 810/810 816/816
f 816/816 840/840 815/815
f 887/887 817/817 813/813
f 889/889 840/840 816/816
f 889/889 816/816 817/817
f 889/889 817/817 890/890
f 890/890 817/817 887/887
f 891/891 812/812 814/814
f 888/888 812/812 891/891
f 889/889 844/844 840/840
f 890/890 892/892 889/889
f 845/845 844/844 892/892
f 892/892 870/870 845/845
f 892/892 844/844 889/889
f 891/891 814/814 822/822
f 891/891 822/822 893/893
f 894/894 822/822 823/823
f 894/894 893/893 822/822
f 895/895 891/891 893/893
f 893/893 894/894 896/896
f 823/823 896/896 894/894
f 897/897 896/896 823/823
f 896/896 895/895 893/893
f 898/898 890/890 887/887
f 899/899 888/888 891/891
f 892/892 879/879 870/870
f 879/879 892/892 890/890
f 898/898 879/879 890/890
f 899/899 891/891 895/895
f 900/900 895/895 896/896
f 901/901 900/900 896/896
f 824/824 897/897 823/823
f 825/825 826/826 902/902
f 824/824 825/825 902/902
f 824/824 903/903 897/897
f 824/824 902/902 903/903
f 903/903 902/902 904/904
f 905/905 903/903 904/904
f 906/906 826/826 829/829
f 902/902 826/826 906/906
f 906/906 829/829 907/907
f 907/907 829/829 908/908
f 829/829 830/830 909/909
f 908/908 829/829 909/909
f 830/830 908/908 909/909
f 902/902 906/906 904/904
f 904/904 906/906 910/910
f 907/907 908/908 911/911
f 911/911 908/908 912/912
f 906/906 907/907 911/911
f 913/913 906/906 911/911
f 897/897 914/914 896/896
f 914/914 897/897 903/903
f 901/901 896/896 914/914
f 905/905 914/914 903/903
f 914/914 915/915 901/901
f 914/914 905/905 915/915
f 916/916 915/915 905/905
f 915/915 916/916 917/917
f 918/918 917/917 916/916
f 905/905 904/904 910/910
f 916/916 905/905 919/919
f 910/910 906/906 913/913
f 920/920 910/910 913/913
f 920/920 913/913 921/921
f 921/921 922/922 920/920
f 923/923 920/920 924/924
f 925/925 924/924 920/920
f 926/926 919/919 927/927
f 919/919 928/928 927/927
f 929/929 923/923 924/924
f 930/930 879/879 898/898
f 899/899 895/895 932/932
f 930/930 872/872 879/879
f 931/931 899/899 932/932
f 933/933 934/934 901/901
f 934/934 935/935 900/900
f 895/895 900/900 935/935
f 900/900 901/901 934/934
f 936/936 934/934 933/933
f 884/884 872/872 930/930
f 937/937 883/883 931/931
f 886/886 880/880 884/884
f 885/885 883/883 938/938
f 937/937 931/931 932/932
f 938/938 883/883 937/937
f 935/935 932/932 895/895
f 939/939 932/932 935/935
f 934/934 936/936 940/940
f 939/939 937/937 932/932
f 939/939 935/935 934/934
f 939/939 934/934 941/941
f 934/934 942/942 941/941
f 943/943 940/940 944/944
f 934/934 940/940 942/942
f 943/943 942/942 940/940
f 945/945 901/901 915/915
f 945/945 915/915 917/917
f 933/933 901/901 945/945
f 946/946 917/917 918/918
f 926/926 946/946 918/918
f 917/917 946/946 945/945
f 946/946 926/926 927/927
f 947/947 946/946 927/927
f 933/933 948/948 936/936
f 933/933 945/945 948/948
f 945/945 949/949 948/948
f 949/949 945/945 946/946
f 950/950 928/928 923/923
f 947/947 927/927 928/928
f 951/951 928/928 950/950
f 952/952 929/929 924/924
f 950/950 923/923 929/929
f 952/952 924/924 953/953
f 950/950 929/929 952/952
f 952/952 953/953 954/954
f 947/947 928/928 951/951
f 950/950 952/952 954/954
f 950/950 954/954 951/951
f 954/954 955/955 951/951
f 956/956 954/954 953/953
f 957/957 951/951 955/955
f 955/955 954/954 957/957
f 957/957 954/954 956/956
f 958/958 940/940 936/936
f 948/948 958/958 936/936
f 959/959 958/958 949/949
f 958/958 948/948 949/949
f 958/958 944/944 940/940
f 944/944 958/958 960/960
f 958/958 959/959 960/960
f 947/947 949/949 946/946
f 949/949 947/947 959/959
f 961/961 959/959 947/947
f 943/943 944/944 960/960
f 962/962 943/943 960/960
f 962/962 960/960 959/959
f 959/959 963/963 962/962
f 964/964 959/959 961/961
f 963/963 959/959 965/965
f 964/964 965/965 959/959
f 966/966 947/947 951/951
f 967/967 951/951 957/957
f 968/968 967/967 957/957
f 957/957 956/956 968/968
f 969/969 967/967 970/970
f 964/964 961/961 969/969
f 968/968 971/971 967/967
f 970/970 967/967 971/971
f 972/972 46/46 48/48
f 672/672 46/46 972/972
f 672/672 972/972 679/679
f 972/972 48/48 538/538
f 972/972 538/538 973/973
f 972/972 973/973 679/679
f 679/679 674/674 672/672
f 974/974 973/973 538/538
f 666/666 974/974 538/538
f 695/695 679/679 973/973
f 973/973 682/682 695/695
f 973/973 974/974 682/682
f 682/682 974/974 684/684
f 974/974 666/666 686/686
f 686/686 684/684 974/974
f 679/679 695/695 691/691
f 688/688 690/690 692/692
f 677/677 673/673 675/675
f 697/697 677/677 675/675
f 721/721 666/666 63/63
f 687/687 686/686 666/666
f 666/666 721/721 687/687
f 702/702 694/694 692/692
f 692/692 703/703 702/702
f 550/550 59/59 548/548
f 715/715 713/713 712/712
f 720/720 715/715 712/712
f 717/717 712/712 718/718
f 975/975 720/720 717/717
f 717/717 720/720 712/712
f 806/806 780/780 782/782
f 780/780 806/806 779/779
f 846/846 836/836 850/850
f 842/842 867/867 841/841
f 926/926 918/918 916/916
f 919/919 905/905 910/910
f 923/923 910/910 920/920
f 922/922 925/925 920/920
f 925/925 953/953 924/924
f 916/916 919/919 926/926
f 919/919 910/910 923/923
f 928/928 919/919 923/923
f 967/967 966/966 951/951
f 947/947 966/966 961/961
f 966/966 967/967 961/961
f 961/961 967/967 969/969
f 970/970 971/971 976/976
f 977/977 978/978 979/979
f 977/977 980/980 981/981
f 981/981 982/982 978/978
f 978/978 977/977 981/981
f 983/983 982/982 981/981
f 982/982 984/984 985/985
f 985/985 984/984 986/986
f 983/983 984/984 982/982
f 987/987 981/981 980/980
f 980/980 988/988 987/987
f 989/989 988/988 980/980
f 990/990 987/987 988/988
f 990/990 988/988 991/991
f 986/986 984/984 992/992
f 983/983 992/992 984/984
f 986/986 993/993 994/994
f 992/992 993/993 986/986
f 995/995 993/993 992/992
f 996/996 992/992 983/983
f 997/997 996/996 983/983
f 992/992 996/996 997/997
f 998/998 995/995 992/992
f 999/999 998/998 992/992
f 1000/1000 995/995 998/998
f 1000/1000 1001/1001 995/995
f 1002/1002 1000/1000 998/998
f 1000/1000 1002/1002 1003/1003
f 981/981 987/987 983/983
f 987/987 997/997 983/983
f 997/997 999/999 992/992
f 990/990 997/997 987/987
f 997/997 990/990 991/991
f 997/997 1004/1004 1005/1005
f 997/997 991/991 1004/1004
f 999/999 1002/1002 998/998
f 1005/1005 999/999 997/997
f 1006/1006 1002/1002 999/999
f 1004/1004 999/999 1005/1005
f 1004/1004 1006/1006 999/999
f 1007/1007 1006/1006 1004/1004
f 1008/1008 1002/1002 1006/1006
f 1007/1007 1008/1008 1006/1006
f 1007/1007 1009/1009 1008/1008
f 1003/1003 1010/1010 1001/1001
f 1003/1003 1001/1001 1000/1000
f 1011/1011 1010/1010 1003/1003
f 1012/1012 1001/1001 1010/1010
f 1012/1012 1010/1010 1013/1013
f 1014/1014 1013/1013 1010/1010
f 1010/1010 1011/1011 1014/1014
f 1013/1013 1015/1015 1016/1016
f 1014/1014 1015/1015 1013/1013
f 1016/1016 1015/1015 1017/1017
f 1018/1018 1014/1014 1011/1011
f 1019/1019 1014/1014 1018/1018
f 1017/1017 1015/1015 1014/1014
f 1011/1011 1020/1020 1018/1018
f 1020/1020 1019/1019 1018/1018
f 1016/1016 1017/1017 1021/1021
f 1017/1017 1022/1022 1023/1023
f 1014/1014 1022/1022 1017/1017
f 1024/1024 1022/1022 1014/1014
f 1025/1025 1014/1014 1019/1019
f 1014/1014 1025/1025 1026/1026
f 1014/1014 1026/1026 1024/1024
f 1027/1027 1022/1022 1028/1028
f 1028/1028 1029/1029 1027/1027
f 1024/1024 1028/1028 1022/1022
f 1031/1031 1028/1028 1024/1024
f 1031/1031 1029/1029 1028/1028
f 1033/1033 1029/1029 1031/1031
f 1034/1034 1031/1031 1024/1024
f 1034/1034 1024/1024 1026/1026
f 1035/1035 1036/1036 1030/1030
f 1035/1035 1030/1030 1034/1034
f 1037/1037 1036/1036 1035/1035
f 207/207 1038/1038 1039/1039
f 1040/1040 1039/1039 1038/1038
f 1041/1041 250/250 249/249
f 1041/1041 1042/1042 250/250
f 1042/1042 1043/1043 250/250
f 209/209 250/250 1043/1043
f 207/207 209/209 1043/1043
f 1038/1038 1043/1043 1040/1040
f 1043/1043 1038/1038 207/207
f 1044/1044 1045/1045 1042/1042
f 1044/1044 1046/1046 1045/1045
f 1040/1040 1043/1043 1047/1047
f 1045/1045 1048/1048 1047/1047
f 1047/1047 1048/1048 1049/1049
f 1047/1047 1043/1043 1045/1045
f 1042/1042 1045/1045 1043/1043
f 1041/1041 249/249 248/248
f 252/252 1041/1041 248/248
f 1050/1050 1042/1042 1051/1051
f 1041/1041 1051/1051 1042/1042
f 252/252 1051/1051 1041/1041
f 1051/1051 252/252 1052/1052
f 1050/1050 1051/1051 1052/1052
f 1050/1050 1052/1052 1053/1053
f 1052/1052 1054/1054 1053/1053
f 1053/1053 1055/1055 1050/1050
f 1055/1055 1053/1053 979/979
f 1056/1056 1057/1057 1048/1048
f 1058/1058 1045/1045 1046/1046
f 1058/1058 1048/1048 1045/1045
f 1058/1058 1056/1056 1048/1048
f 1059/1059 1058/1058 1046/1046
f 1059/1059 1057/1057 1056/1056
f 1056/1056 1058/1058 1059/1059
f 1060/1060 1059/1059 1046/1046
f 1061/1061 1059/1059 1062/1062
f 1059/1059 1063/1063 1057/1057
f 1063/1063 1059/1059 1061/1061
f 1061/1061 1064/1064 1063/1063
f 1065/1065 1063/1063 1064/1064
f 1059/1059 1060/1060 1062/1062
f 1062/1062 1060/1060 1066/1066
f 979/979 1067/1067 1055/1055
f 1067/1067 1066/1066 1055/1055
f 978/978 1066/1066 1067/1067
f 1062/1062 1066/1066 1061/1061
f 982/982 1066/1066 978/978
f 1066/1066 985/985 1061/1061
f 982/982 985/985 1066/1066
f 257/257 252/252 253/253
f 1068/1068 252/252 257/257
f 1068/1068 1052/1052 252/252
f 1069/1069 1052/1052 1068/1068
f 1068/1068 257/257 256/256
f 256/256 259/259 1068/1068
f 259/259 1070/1070 1068/1068
f 1054/1054 979/979 1053/1053
f 1071/1071 259/259 258/258
f 259/259 1072/1072 1070/1070
f 259/259 1071/1071 1072/1072
f 1072/1072 989/989 1070/1070
f 1067/1067 979/979 978/978
f 989/989 980/980 1070/1070
f 1073/1073 1065/1065 1074/1074
f 1061/1061 985/985 1064/1064
f 1075/1075 1076/1076 1064/1064
f 1076/1076 1074/1074 1064/1064
f 1075/1075 1064/1064 985/985
f 994/994 985/985 986/986
f 994/994 1075/1075 985/985
f 994/994 993/993 1075/1075
f 1064/1064 1074/1074 1065/1065
f 1076/1076 1077/1077 1078/1078
f 1075/1075 1077/1077 1076/1076
f 1074/1074 1076/1076 1078/1078
f 1079/1079 1080/1080 1077/1077
f 1077/1077 1075/1075 1079/1079
f 1081/1081 1079/1079 1075/1075
f 1080/1080 1079/1079 1082/1082
f 1075/1075 993/993 995/995
f 1075/1075 995/995 1001/1001
f 1075/1075 1001/1001 1081/1081
f 1001/1001 1083/1083 1081/1081
f 1083/1083 1079/1079 1081/1081
f 1001/1001 1012/1012 1083/1083
f 1083/1083 1012/1012 1013/1013
f 1083/1083 1082/1082 1079/1079
f 1083/1083 1084/1084 1082/1082
f 1083/1083 1016/1016 1085/1085
f 1084/1084 1083/1083 1085/1085
f 1083/1083 1013/1013 1016/1016
f 1085/1085 1016/1016 1021/1021
f 1086/1086 1087/1087 1088/1088
f 1089/1089 1085/1085 1090/1090
f 1085/1085 1021/1021 1023/1023
f 1017/1017 1023/1023 1021/1021
f 1023/1023 1090/1090 1085/1085
f 1023/1023 1091/1091 1090/1090
f 1023/1023 1027/1027 1091/1091
f 1023/1023 1022/1022 1027/1027
f 1091/1091 1027/1027 1092/1092
f 1092/1092 1093/1093 1091/1091
f 1094/1094 1091/1091 1093/1093
f 1092/1092 1027/1027 1029/1029
f 1092/1092 1029/1029 1093/1093
f 1093/1093 1096/1096 1094/1094
f 1094/1094 1096/1096 1097/1097
f 1099/1099 1101/1101 1102/1102
f 1093/1093 1029/1029 1033/1033
f 1093/1093 1033/1033 1096/1096
f 1103/1103 1104/1104 1032/1032
f 1104/1104 1095/1095 1032/1032
f 1105/1105 1095/1095 1104/1104
f 1095/1095 1105/1105 1106/1106
f 1032/1032 1030/1030 1036/1036
f 1036/1036 1103/1103 1032/1032
f 1102/1102 1101/1101 1107/1107
f 1108/1108 1104/1104 1103/1103
f 1108/1108 1105/1105 1104/1104
f 1109/1109 1105/1105 1108/1108
f 1109/1109 1108/1108 1110/1110
f 1109/1109 1110/1110 1111/1111
f 1103/1103 1036/1036 1108/1108
f 1112/1112 1108/1108 1036/1036
f 1036/1036 1037/1037 1112/1112
f 1108/1108 1112/1112 1110/1110
f 1113/1113 1111/1111 1110/1110
f 1114/1114 1115/1115 1102/1102
f 1117/1117 1118/1118 1119/1119
f 1112/1112 1120/1120 1110/1110
f 1121/1121 1120/1120 1112/1112
f 1120/1120 1113/1113 1110/1110
f 1120/1120 1122/1122 1123/1123
f 1124/1124 1125/1125 1126/1126
f 1126/1126 1127/1127 1124/1124
f 1128/1128 1127/1127 1126/1126
f 1124/1124 1129/1129 1130/1130
f 1127/1127 1129/1129 1124/1124
f 1127/1127 1131/1131 1129/1129
f 1130/1130 1132/1132 1133/1133
f 1134/1134 1132/1132 1130/1130
f 1130/1130 1129/1129 1134/1134
f 1135/1135 1132/1132 1134/1134
f 1127/1127 1136/1136 1131/1131
f 1136/1136 1127/1127 1128/1128
f 1136/1136 1137/1137 1131/1131
f 1137/1137 1138/1138 1131/1131
f 1139/1139 1140/1140 1141/1141
f 1142/1142 1143/1143 1140/1140
f 1142/1142 1144/1144 1145/1145
f 1146/1146 1147/1147 1148/1148
f 1146/1146 1148/1148 1149/1149
f 1150/1150 1148/1148 1135/1135
f 1150/1150 1149/1149 1148/1148
f 1151/1151 1152/1152 1153/1153
f 1148/1148 1147/1147 1154/1154
f 1132/1132 1135/1135 1154/1154
f 1154/1154 1135/1135 1148/1148
f 1155/1155 1156/1156 1157/1157
f 1157/1157 1158/1158 1155/1155
f 1159/1159 1160/1160 1158/1158
f 1161/1161 1157/1157 1156/1156
f 1159/1159 1157/1157 1161/1161
f 1157/1157 1159/1159 1158/1158
f 1135/1135 1161/1161 1156/1156
f 1134/1134 1161/1161 1135/1135
f 1134/1134 1159/1159 1161/1161
f 1162/1162 1160/1160 1159/1159
f 1162/1162 1141/1141 1160/1160
f 1163/1163 1162/1162 1159/1159
f 1160/1160 1141/1141 1158/1158
f 1141/1141 1140/1140 1158/1158
f 1164/1164 1141/1141 1162/1162
f 1162/1162 1165/1165 1164/1164
f 1166/1166 1164/1164 1165/1165
f 1159/1159 1134/1134 1129/1129
f 1159/1159 1131/1131 1163/1163
f 1159/1159 1129/1129 1131/1131
f 1138/1138 1163/1163 1131/1131
f 1163/1163 1165/1165 1162/1162
f 1163/1163 1138/1138 1165/1165
f 1138/1138 1137/1137 1165/1165
f 1167/1167 1165/1165 1137/1137
f 1166/1166 1168/1168 1169/1169
f 1165/1165 1167/1167 1166/1166
f 1168/1168 1166/1166 1167/1167
f 1141/1141 1164/1164 1139/1139
f 1144/1144 1142/1142 1139/1139
f 1144/1144 1139/1139 1164/1164
f 1169/1169 1164/1164 1166/1166
f 1164/1164 1169/1169 1144/1144
f 1170/1170 1171/1171 1144/1144
f 1144/1144 1171/1171 1145/1145
f 1172/1172 1171/1171 1173/1173
f 1170/1170 1144/1144 1169/1169
f 1170/1170 1169/1169 1174/1174
f 1170/1170 1173/1173 1171/1171
f 1168/1168 1174/1174 1169/1169
f 1168/1168 1175/1175 1174/1174
f 1168/1168 1176/1176 1175/1175
f 1175/1175 1176/1176 1177/1177
f 1175/1175 1170/1170 1174/1174
f 1178/1178 1179/1179 1180/1180
f 1180/1180 1179/1179 1182/1182
f 1179/1179 1184/1184 1182/1182
f 1183/1183 1185/1185 1181/1181
f 1186/1186 1187/1187 1188/1188
f 1187/1187 1186/1186 1189/1189
f 1190/1190 1188/1188 1187/1187
f 1191/1191 1192/1192 1186/1186
f 1188/1188 1191/1191 1186/1186
f 1193/1193 1191/1191 1188/1188
f 1194/1194 1192/1192 1191/1191
f 1195/1195 1196/1196 1191/1191
f 1182/1182 1197/1197 1198/1198
f 1184/1184 1197/1197 1182/1182
f 1199/1199 1185/1185 1183/1183
f 1185/1185 1199/1199 1200/1200
f 1202/1202 1199/1199 1183/1183
f 1200/1200 1199/1199 1203/1203
f 1204/1204 1203/1203 1199/1199
f 1205/1205 1206/1206 1203/1203
f 1204/1204 1205/1205 1203/1203
f 1194/1194 1207/1207 1192/1192
f 1201/1201 1207/1207 1209/1209
f 1207/1207 1194/1194 1211/1211
f 1209/1209 1207/1207 1211/1211
f 1212/1212 1208/1208 1210/1210
f 1196/1196 1194/1194 1191/1191
f 1194/1194 1196/1196 1213/1213
f 1213/1213 1214/1214 1194/1194
f 1214/1214 1211/1211 1194/1194
f 1215/1215 1211/1211 1214/1214
f 1212/1212 1210/1210 1216/1216
f 1217/1217 1212/1212 1216/1216
f 1214/1214 1218/1218 1215/1215
f 1214/1214 1213/1213 1218/1218
f 1221/1221 1218/1218 1213/1213
f 1222/1222 1216/1216 1219/1219
f 1222/1222 1217/1217 1216/1216
f 1220/1220 1222/1222 1219/1219
f 1223/1223 1217/1217 1224/1224
f 1222/1222 1224/1224 1217/1217
f 1225/1225 1212/1212 1217/1217
f 1217/1217 1223/1223 1225/1225
f 1226/1226 1227/1227 1225/1225
f 1208/1208 1228/1228 1202/1202
f 1229/1229 1202/1202 1228/1228
f 1228/1228 1208/1208 1212/1212
f 1229/1229 1228/1228 1204/1204
f 1228/1228 1212/1212 1227/1227
f 1204/1204 1228/1228 1227/1227
f 1230/1230 1204/1204 1227/1227
f 1199/1199 1229/1229 1204/1204
f 1204/1204 1230/1230 1231/1231
f 1205/1205 1204/1204 1231/1231
f 1231/1231 1232/1232 1205/1205
f 1227/1227 1233/1233 1230/1230
f 1231/1231 1230/1230 1233/1233
f 1234/1234 1232/1232 1231/1231
f 1227/1227 1212/1212 1225/1225
f 1143/1143 1235/1235 1140/1140
f 1235/1235 1143/1143 1236/1236
f 1237/1237 1238/1238 1236/1236
f 1143/1143 1237/1237 1236/1236
f 1143/1143 1239/1239 1237/1237
f 1239/1239 1143/1143 1145/1145
f 1145/1145 1143/1143 1142/1142
f 1145/1145 1171/1171 1239/1239
f 1240/1240 1241/1241 1237/1237
f 1242/1242 1240/1240 1237/1237
f 1237/1237 1239/1239 1242/1242
f 1243/1243 1242/1242 1239/1239
f 1244/1244 1245/1245 1240/1240
f 1242/1242 1244/1244 1240/1240
f 1195/1195 1193/1193 1246/1246
f 1193/1193 1195/1195 1191/1191
f 1249/1249 1195/1195 1246/1246
f 1250/1250 1195/1195 1249/1249
f 1195/1195 1250/1250 1196/1196
f 1196/1196 1250/1250 1213/1213
f 1250/1250 1252/1252 1213/1213
f 1252/1252 1221/1221 1213/1213
f 1220/1220 1224/1224 1222/1222
f 1254/1254 1255/1255 1256/1256
f 1257/1257 1256/1256 1223/1223
f 1258/1258 1223/1223 1224/1224
f 1223/1223 1256/1256 1225/1225
f 1226/1226 1225/1225 1256/1256
f 1256/1256 1255/1255 1226/1226
f 1259/1259 1226/1226 1255/1255
f 1226/1226 1260/1260 1261/1261
f 1226/1226 1259/1259 1260/1260
f 1233/1233 1234/1234 1231/1231
f 1262/1262 1263/1263 1233/1233
f 1264/1264 1263/1263 1261/1261
f 1262/1262 1261/1261 1263/1263
f 1265/1265 1266/1266 1263/1263
f 1233/1233 1227/1227 1262/1262
f 1266/1266 1234/1234 1233/1233
f 1266/1266 1233/1233 1263/1263
f 1267/1267 1234/1234 1266/1266
f 1260/1260 1268/1268 1261/1261
f 1268/1268 1264/1264 1261/1261
f 1269/1269 1264/1264 1268/1268
f 1269/1269 1263/1263 1264/1264
f 1265/1265 1263/1263 1269/1269
f 1269/1269 1270/1270 1271/1271
f 1266/1266 1265/1265 1267/1267
f 1272/1272 1265/1265 1271/1271
f 1271/1271 1265/1265 1269/1269
f 1272/1272 1267/1267 1265/1265
f 1273/1273 1270/1270 1274/1274
f 1273/1273 1274/1274 1275/1275
f 1276/1276 1271/1271 1270/1270
f 1271/1271 1276/1276 1272/1272
f 1273/1273 1276/1276 1270/1270
f 1170/1170 1175/1175 1173/1173
f 1277/1277 1173/1173 1175/1175
f 1278/1278 1277/1277 1175/1175
f 1278/1278 1175/1175 1177/1177
f 1243/1243 1244/1244 1242/1242
f 1243/1243 1239/1239 1171/1171
f 1244/1244 1279/1279 1280/1280
f 1280/1280 1281/1281 1244/1244
f 1243/1243 1279/1279 1244/1244
f 1282/1282 1280/1280 1279/1279
f 1280/1280 1259/1259 1281/1281
f 1283/1283 1259/1259 1280/1280
f 1259/1259 1255/1255 1281/1281
f 1282/1282 1283/1283 1280/1280
f 1284/1284 1259/1259 1283/1283
f 1284/1284 1283/1283 1285/1285
f 1172/1172 1279/1279 1171/1171
f 1277/1277 1172/1172 1173/1173
f 1277/1277 1286/1286 1172/1172
f 1171/1171 1279/1279 1243/1243
f 1286/1286 1279/1279 1172/1172
f 1287/1287 1286/1286 1277/1277
f 1278/1278 1288/1288 1277/1277
f 1277/1277 1288/1288 1287/1287
f 1289/1289 1288/1288 1278/1278
f 1288/1288 1289/1289 1290/1290
f 1286/1286 1282/1282 1279/1279
f 1287/1287 1291/1291 1286/1286
f 1285/1285 1282/1282 1286/1286
f 1285/1285 1283/1283 1282/1282
f 1291/1291 1285/1285 1286/1286
f 1285/1285 1291/1291 1292/1292
f 1284/1284 1285/1285 1293/1293
f 1293/1293 1285/1285 1292/1292
f 1294/1294 1293/1293 1292/1292
f 1290/1290 1287/1287 1288/1288
f 1290/1290 1295/1295 1287/1287
f 1295/1295 1292/1292 1287/1287
f 1287/1287 1292/1292 1291/1291
f 1295/1295 1294/1294 1292/1292
f 1268/1268 1260/1260 1259/1259
f 1284/1284 1296/1296 1259/1259
f 1296/1296 1284/1284 1297/1297
f 1259/1259 1296/1296 1268/1268
f 1268/1268 1296/1296 1298/1298
f 1296/1296 1297/1297 1298/1298
f 1299/1299 1298/1298 1297/1297
f 1300/1300 1298/1298 1299/1299
f 1269/1269 1268/1268 1298/1298
f 1298/1298 1300/1300 1269/1269
f 1269/1269 1300/1300 1270/1270
f 1299/1299 1297/1297 1293/1293
f 1293/1293 1297/1297 1284/1284
f 1301/1301 1299/1299 1293/1293
f 1274/1274 1299/1299 1301/1301
f 1274/1274 1300/1300 1299/1299
f 1274/1274 1270/1270 1300/1300
f 1301/1301 1293/1293 1294/1294
f 1302/1302 991/991 988/988
f 1004/1004 991/991 1303/1303
f 1304/1304 1303/1303 991/991
f 1007/1007 1004/1004 1303/1303
f 1303/1303 1305/1305 1007/1007
f 1007/1007 1305/1305 1009/1009
f 1306/1306 1019/1019 1020/1020
f 1307/1307 1019/1019 1306/1306
f 1025/1025 1019/1019 1307/1307
f 1025/1025 1307/1307 1308/1308
f 1308/1308 1307/1307 1305/1305
f 1305/1305 1309/1309 1308/1308
f 1310/1310 1305/1305 1303/1303
f 1305/1305 1310/1310 1309/1309
f 1311/1311 1312/1312 1309/1309
f 1313/1313 1312/1312 1311/1311
f 1026/1026 1025/1025 1314/1314
f 1025/1025 1315/1315 1314/1314
f 1315/1315 1025/1025 1308/1308
f 1316/1316 1314/1314 1315/1315
f 1026/1026 1314/1314 1317/1317
f 1317/1317 1034/1034 1026/1026
f 1316/1316 1317/1317 1314/1314
f 1318/1318 1317/1317 1316/1316
f 1312/1312 1308/1308 1309/1309
f 1315/1315 1308/1308 1319/1319
f 1316/1316 1315/1315 1319/1319
f 1320/1320 1316/1316 1319/1319
f 1312/1312 1319/1319 1308/1308
f 1321/1321 1319/1319 1312/1312
f 1319/1319 1321/1321 1320/1320
f 1320/1320 1318/1318 1316/1316
f 1318/1318 1322/1322 1323/1323
f 1320/1320 1322/1322 1318/1318
f 1034/1034 1324/1324 1035/1035
f 1324/1324 1034/1034 1317/1317
f 1324/1324 1317/1317 1325/1325
f 1324/1324 1325/1325 1326/1326
f 1327/1327 1324/1324 1326/1326
f 1324/1324 1327/1327 1328/1328
f 1318/1318 1325/1325 1317/1317
f 1323/1323 1326/1326 1325/1325
f 1323/1323 1325/1325 1318/1318
f 1327/1327 1326/1326 1323/1323
f 1322/1322 1329/1329 1323/1323
f 1329/1329 1327/1327 1323/1323
f 1313/1313 1321/1321 1312/1312
f 351/351 1071/1071 258/258
f 1330/1330 1072/1072 1071/1071
f 1330/1330 1071/1071 351/351
f 1072/1072 1330/1330 989/989
f 1331/1331 1330/1330 351/351
f 1330/1330 1331/1331 1332/1332
f 353/353 351/351 350/350
f 353/353 1331/1331 351/351
f 1333/1333 1332/1332 1331/1331
f 1334/1334 1333/1333 1331/1331
f 1331/1331 353/353 1334/1334
f 1335/1335 989/989 1330/1330
f 1332/1332 1335/1335 1330/1330
f 1335/1335 988/988 989/989
f 1302/1302 988/988 1335/1335
f 1336/1336 1302/1302 1335/1335
f 1332/1332 1337/1337 1335/1335
f 1333/1333 1337/1337 1332/1332
f 1333/1333 1335/1335 1337/1337
f 1336/1336 1335/1335 1333/1333
f 1333/1333 1338/1338 1336/1336
f 1304/1304 1302/1302 1336/1336
f 1334/1334 353/353 358/358
f 1333/1333 1334/1334 1339/1339
f 358/358 1339/1339 1334/1334
f 1340/1340 358/358 357/357
f 1340/1340 1339/1339 358/358
f 1340/1340 1341/1341 1339/1339
f 1333/1333 1339/1339 1338/1338
f 1339/1339 1336/1336 1338/1338
f 1342/1342 1336/1336 1339/1339
f 1342/1342 1304/1304 1336/1336
f 1343/1343 1342/1342 1339/1339
f 1344/1344 1342/1342 1343/1343
f 1304/1304 991/991 1302/1302
f 1310/1310 1303/1303 1304/1304
f 1345/1345 1310/1310 1304/1304
f 1310/1310 1345/1345 1346/1346
f 1304/1304 1342/1342 1345/1345
f 1344/1344 1345/1345 1342/1342
f 1347/1347 1346/1346 1345/1345
f 1309/1309 1310/1310 1346/1346
f 1346/1346 1311/1311 1309/1309
f 1346/1346 1313/1313 1311/1311
f 1348/1348 1313/1313 1346/1346
f 1321/1321 1313/1313 1348/1348
f 1349/1349 1340/1340 357/357
f 1340/1340 1349/1349 1350/1350
f 1343/1343 1339/1339 1341/1341
f 1350/1350 1341/1341 1340/1340
f 1341/1341 1351/1351 1343/1343
f 1352/1352 1341/1341 1350/1350
f 1353/1353 1351/1351 1341/1341
f 1341/1341 1352/1352 1353/1353
f 1349/1349 357/357 386/386
f 1350/1350 1349/1349 1352/1352
f 1353/1353 1344/1344 1351/1351
f 1344/1344 1343/1343 1351/1351
f 1354/1354 1353/1353 1352/1352
f 1354/1354 1355/1355 1353/1353
f 1356/1356 1354/1354 1352/1352
f 1355/1355 1344/1344 1353/1353
f 393/393 1352/1352 1349/1349
f 393/393 1349/1349 386/386
f 1352/1352 393/393 1357/1357
f 1352/1352 1357/1357 1356/1356
f 1355/1355 1354/1354 1356/1356
f 1356/1356 1358/1358 1355/1355
f 1359/1359 1355/1355 1358/1358
f 1358/1358 1356/1356 1359/1359
f 1355/1355 1360/1360 1344/1344
f 1345/1345 1344/1344 1347/1347
f 1360/1360 1347/1347 1344/1344
f 1361/1361 1360/1360 1362/1362
f 1363/1363 1347/1347 1360/1360
f 1361/1361 1363/1363 1360/1360
f 1346/1346 1347/1347 1348/1348
f 1364/1364 1348/1348 1347/1347
f 1364/1364 1347/1347 1365/1365
f 1347/1347 1363/1363 1365/1365
f 1365/1365 1363/1363 1366/1366
f 1367/1367 1364/1364 1365/1365
f 1364/1364 1367/1367 1368/1368
f 1369/1369 1362/1362 1355/1355
f 1369/1369 1361/1361 1362/1362
f 1370/1370 1363/1363 1361/1361
f 1371/1371 1370/1370 1361/1361
f 1372/1372 1371/1371 1361/1361
f 1361/1361 1369/1369 1372/1372
f 1369/1369 1355/1355 1359/1359
f 1373/1373 1372/1372 1369/1369
f 1365/1365 1366/1366 1374/1374
f 1367/1367 1365/1365 1374/1374
f 1370/1370 1366/1366 1363/1363
f 1375/1375 1366/1366 1370/1370
f 1375/1375 1370/1370 1371/1371
f 1374/1374 1366/1366 1375/1375
f 1376/1376 1368/1368 1367/1367
f 1374/1374 1375/1375 1367/1367
f 1377/1377 1367/1367 1375/1375
f 1377/1377 1376/1376 1367/1367
f 1378/1378 1375/1375 1371/1371
f 1371/1371 1372/1372 1378/1378
f 1378/1378 1379/1379 1375/1375
f 1379/1379 1380/1380 1375/1375
f 1380/1380 1377/1377 1375/1375
f 1380/1380 1381/1381 1377/1377
f 1382/1382 1380/1380 1379/1379
f 1383/1383 1381/1381 1380/1380
f 1035/1035 1324/1324 1384/1384
f 1384/1384 1037/1037 1035/1035
f 1384/1384 1112/1112 1037/1037
f 1385/1385 1112/1112 1384/1384
f 1328/1328 1384/1384 1324/1324
f 1386/1386 1384/1384 1328/1328
f 1386/1386 1385/1385 1384/1384
f 1328/1328 1327/1327 1387/1387
f 1387/1387 1386/1386 1328/1328
f 1386/1386 1387/1387 1388/1388
f 1389/1389 1388/1388 1387/1387
f 1387/1387 1327/1327 1329/1329
f 1329/1329 1389/1389 1387/1387
f 1390/1390 1322/1322 1320/1320
f 1348/1348 1320/1320 1321/1321
f 1322/1322 1391/1391 1329/1329
f 1390/1390 1391/1391 1322/1322
f 1391/1391 1389/1389 1329/1329
f 1389/1389 1391/1391 1392/1392
f 1392/1392 1393/1393 1389/1389
f 1121/1121 1112/1112 1385/1385
f 1394/1394 1121/1121 1385/1385
f 1386/1386 1394/1394 1385/1385
f 1394/1394 1395/1395 1121/1121
f 1121/1121 1396/1396 1120/1120
f 1397/1397 1396/1396 1121/1121
f 1396/1396 1125/1125 1120/1120
f 1397/1397 1398/1398 1396/1396
f 1395/1395 1397/1397 1121/1121
f 1399/1399 1397/1397 1395/1395
f 1397/1397 1399/1399 1400/1400
f 1400/1400 1398/1398 1397/1397
f 1388/1388 1394/1394 1386/1386
f 1395/1395 1394/1394 1388/1388
f 1389/1389 1401/1401 1388/1388
f 1402/1402 1403/1403 1401/1401
f 1403/1403 1399/1399 1395/1395
f 1403/1403 1400/1400 1399/1399
f 1126/1126 1125/1125 1396/1396
f 1396/1396 1398/1398 1126/1126
f 1136/1136 1126/1126 1398/1398
f 1404/1404 1136/1136 1398/1398
f 1398/1398 1400/1400 1404/1404
f 1400/1400 1405/1405 1404/1404
f 1405/1405 1400/1400 1403/1403
f 1406/1406 1405/1405 1403/1403
f 1407/1407 1405/1405 1408/1408
f 1128/1128 1126/1126 1136/1136
f 1409/1409 1137/1137 1136/1136
f 1404/1404 1409/1409 1136/1136
f 1410/1410 1409/1409 1404/1404
f 1410/1410 1411/1411 1409/1409
f 1405/1405 1410/1410 1404/1404
f 1410/1410 1412/1412 1411/1411
f 1407/1407 1410/1410 1405/1405
f 1407/1407 1412/1412 1410/1410
f 1402/1402 1389/1389 1413/1413
f 1414/1414 1402/1402 1413/1413
f 1406/1406 1403/1403 1402/1402
f 1406/1406 1402/1402 1414/1414
f 1408/1408 1405/1405 1406/1406
f 1415/1415 1414/1414 1413/1413
f 1416/1416 1406/1406 1414/1414
f 1416/1416 1408/1408 1406/1406
f 1408/1408 1417/1417 1407/1407
f 1411/1411 1418/1418 1409/1409
f 1418/1418 1167/1167 1137/1137
f 1409/1409 1418/1418 1137/1137
f 1418/1418 1168/1168 1167/1167
f 1176/1176 1168/1168 1418/1418
f 1176/1176 1418/1418 1411/1411
f 1419/1419 1411/1411 1412/1412
f 1419/1419 1176/1176 1411/1411
f 1420/1420 1177/1177 1176/1176
f 1177/1177 1420/1420 1278/1278
f 1421/1421 1176/1176 1419/1419
f 1421/1421 1420/1420 1176/1176
f 1412/1412 1407/1407 1417/1417
f 1422/1422 1412/1412 1423/1423
f 1422/1422 1419/1419 1412/1412
f 1424/1424 1422/1422 1423/1423
f 1422/1422 1424/1424 1425/1425
f 1422/1422 1421/1421 1419/1419
f 1426/1426 1421/1421 1422/1422
f 1427/1427 1420/1420 1421/1421
f 1426/1426 1427/1427 1421/1421
f 1428/1428 1426/1426 1422/1422
f 1422/1422 1429/1429 1428/1428
f 1428/1428 1429/1429 1425/1425
f 1429/1429 1422/1422 1425/1425
f 1424/1424 1428/1428 1425/1425
f 1430/1430 1428/1428 1424/1424
f 1428/1428 1427/1427 1426/1426
f 1430/1430 1427/1427 1428/1428
f 1320/1320 1348/1348 1364/1364
f 1368/1368 1320/1320 1364/1364
f 1390/1390 1320/1320 1368/1368
f 1431/1431 1391/1391 1390/1390
f 1376/1376 1390/1390 1368/1368
f 1431/1431 1390/1390 1376/1376
f 1432/1432 1431/1431 1376/1376
f 1432/1432 1433/1433 1431/1431
f 1431/1431 1392/1392 1391/1391
f 1393/1393 1392/1392 1431/1431
f 1434/1434 1431/1431 1433/1433
f 1433/1433 1435/1435 1434/1434
f 1434/1434 1393/1393 1431/1431
f 1434/1434 1435/1435 1393/1393
f 1435/1435 1415/1415 1393/1393
f 1435/1435 1433/1433 1436/1436
f 1437/1437 1435/1435 1436/1436
f 1437/1437 1436/1436 1433/1433
f 1435/1435 1437/1437 1415/1415
f 1415/1415 1438/1438 1414/1414
f 1377/1377 1381/1381 1376/1376
f 1432/1432 1376/1376 1381/1381
f 1439/1439 1433/1433 1432/1432
f 1432/1432 1381/1381 1440/1440
f 1439/1439 1432/1432 1440/1440
f 1440/1440 1381/1381 1383/1383
f 1441/1441 1440/1440 1442/1442
f 1443/1443 1441/1441 1442/1442
f 1437/1437 1433/1433 1439/1439
f 1441/1441 1439/1439 1440/1440
f 1441/1441 1437/1437 1439/1439
f 1444/1444 1438/1438 1415/1415
f 1445/1445 1437/1437 1441/1441
f 1441/1441 1443/1443 1445/1445
f 1445/1445 1438/1438 1444/1444
f 1443/1443 1446/1446 1445/1445
f 1446/1446 1438/1438 1445/1445
f 1447/1447 1438/1438 1446/1446
f 1448/1448 1438/1438 1447/1447
f 1449/1449 1450/1450 1448/1448
f 1417/1417 1408/1408 1416/1416
f 1416/1416 1414/1414 1438/1438
f 1417/1417 1423/1423 1412/1412
f 1450/1450 1417/1417 1416/1416
f 1423/1423 1417/1417 1451/1451
f 1452/1452 1424/1424 1423/1423
f 1451/1451 1452/1452 1423/1423
f 1453/1453 1424/1424 1452/1452
f 1438/1438 1448/1448 1416/1416
f 1450/1450 1416/1416 1448/1448
f 1417/1417 1450/1450 1451/1451
f 1454/1454 1451/1451 1450/1450
f 1449/1449 1454/1454 1450/1450
f 1452/1452 1451/1451 1455/1455
f 1456/1456 1455/1455 1451/1451
f 1457/1457 1278/1278 1420/1420
f 1458/1458 1290/1290 1457/1457
f 1290/1290 1458/1458 1459/1459
f 1459/1459 1460/1460 1290/1290
f 1458/1458 1457/1457 1459/1459
f 1295/1295 1460/1460 1461/1461
f 1295/1295 1461/1461 1462/1462
f 1420/1420 1427/1427 1457/1457
f 1463/1463 1457/1457 1427/1427
f 1457/1457 1463/1463 1464/1464
f 1464/1464 1459/1459 1457/1457
f 1430/1430 1463/1463 1427/1427
f 1430/1430 1464/1464 1463/1463
f 1464/1464 1430/1430 1465/1465
f 1461/1461 1460/1460 1459/1459
f 1466/1466 1459/1459 1464/1464
f 1466/1466 1461/1461 1459/1459
f 1467/1467 1461/1461 1466/1466
f 1468/1468 1467/1467 1466/1466
f 1469/1469 1470/1470 1462/1462
f 1275/1275 1470/1470 1469/1469
f 1273/1273 1471/1471 1276/1276
f 1472/1472 1273/1273 1275/1275
f 1273/1273 1472/1472 1471/1471
f 1469/1469 1472/1472 1275/1275
f 1467/1467 1462/1462 1461/1461
f 1462/1462 1473/1473 1469/1469
f 1473/1473 1474/1474 1469/1469
f 1475/1475 1474/1474 1473/1473
f 1475/1475 1473/1473 1476/1476
f 1477/1477 1276/1276 1471/1471
f 1472/1472 1474/1474 1478/1478
f 1479/1479 1477/1477 1478/1478
f 1478/1478 1477/1477 1471/1471
f 1474/1474 1472/1472 1469/1469
f 1478/1478 1471/1471 1472/1472
f 1478/1478 1474/1474 1480/1480
f 1480/1480 1479/1479 1478/1478
f 1481/1481 1480/1480 1474/1474
f 1482/1482 1483/1483 1480/1480
f 1481/1481 1474/1474 1475/1475
f 1465/1465 1430/1430 1424/1424
f 1465/1465 1424/1424 1453/1453
f 1465/1465 1453/1453 1452/1452
f 1484/1484 1464/1464 1465/1465
f 1468/1468 1466/1466 1464/1464
f 1464/1464 1484/1484 1485/1485
f 1485/1485 1468/1468 1464/1464
f 1467/1467 1468/1468 1485/1485
f 1455/1455 1465/1465 1452/1452
f 1484/1484 1455/1455 1486/1486
f 1485/1485 1484/1484 1487/1487
f 1488/1488 1485/1485 1487/1487
f 1488/1488 1487/1487 1489/1489
f 1490/1490 1488/1488 1489/1489
f 1484/1484 1465/1465 1455/1455
f 1467/1467 1485/1485 1488/1488
f 1476/1476 1462/1462 1467/1467
f 1476/1476 1473/1473 1462/1462
f 1491/1491 1476/1476 1492/1492
f 1476/1476 1467/1467 1492/1492
f 1493/1493 1475/1475 1476/1476
f 1480/1480 1481/1481 1482/1482
f 1494/1494 1482/1482 1481/1481
f 1495/1495 1494/1494 1481/1481
f 1496/1496 1494/1494 1495/1495
f 1475/1475 1495/1495 1481/1481
f 1497/1497 1475/1475 1493/1493
f 1491/1491 1493/1493 1476/1476
f 1495/1495 1475/1475 1497/1497
f 1498/1498 1496/1496 1495/1495
f 1497/1497 1498/1498 1495/1495
f 1499/1499 1498/1498 1497/1497
f 1493/1493 1500/1500 1501/1501
f 1502/1502 1501/1501 1500/1500
f 1503/1503 1501/1501 1502/1502
f 1504/1504 1503/1503 1502/1502
f 1505/1505 1502/1502 1500/1500
f 1467/1467 1490/1490 1491/1491
f 1467/1467 1491/1491 1492/1492
f 1490/1490 1467/1467 1488/1488
f 1500/1500 1493/1493 1491/1491
f 1493/1493 1501/1501 1497/1497
f 1501/1501 1499/1499 1497/1497
f 477/477 1357/1357 393/393
f 1506/1506 1357/1357 477/477
f 1357/1357 1506/1506 1356/1356
f 1359/1359 1356/1356 1506/1506
f 1506/1506 1507/1507 1359/1359
f 1359/1359 1507/1507 1508/1508
f 1509/1509 1507/1507 1506/1506
f 1510/1510 477/477 479/479
f 1506/1506 477/477 1511/1511
f 1511/1511 477/477 1510/1510
f 1512/1512 1511/1511 1510/1510
f 1513/1513 1511/1511 1512/1512
f 1514/1514 1506/1506 1511/1511
f 1509/1509 1506/1506 1514/1514
f 1514/1514 1511/1511 1509/1509
f 1509/1509 1515/1515 1516/1516
f 1509/1509 1511/1511 1513/1513
f 1513/1513 1517/1517 1509/1509
f 487/487 1510/1510 479/479
f 1369/1369 1359/1359 1373/1373
f 1373/1373 1359/1359 1508/1508
f 1372/1372 1373/1373 1518/1518
f 1518/1518 1373/1373 1519/1519
f 1520/1520 1373/1373 1508/1508
f 1521/1521 1520/1520 1508/1508
f 1507/1507 1521/1521 1508/1508
f 1373/1373 1520/1520 1522/1522
f 1522/1522 1520/1520 1521/1521
f 1509/1509 1521/1521 1507/1507
f 1373/1373 1522/1522 1519/1519
f 1523/1523 1519/1519 1522/1522
f 1524/1524 1519/1519 1523/1523
f 1518/1518 1378/1378 1372/1372
f 1518/1518 1379/1379 1378/1378
f 1379/1379 1518/1518 1382/1382
f 1518/1518 1525/1525 1382/1382
f 1383/1383 1380/1380 1382/1382
f 1526/1526 1383/1383 1382/1382
f 1526/1526 1382/1382 1525/1525
f 1526/1526 1527/1527 1383/1383
f 1518/1518 1519/1519 1525/1525
f 1528/1528 1525/1525 1519/1519
f 1524/1524 1528/1528 1519/1519
f 1528/1528 1524/1524 1529/1529
f 1525/1525 1528/1528 1526/1526
f 1527/1527 1526/1526 1528/1528
f 1527/1527 1528/1528 1529/1529
f 1522/1522 1521/1521 1509/1509
f 1509/1509 1516/1516 1522/1522
f 1530/1530 1522/1522 1516/1516
f 1516/1516 1515/1515 1530/1530
f 1530/1530 1531/1531 1523/1523
f 1530/1530 1523/1523 1522/1522
f 1531/1531 1524/1524 1523/1523
f 1532/1532 1531/1531 1530/1530
f 1533/1533 1532/1532 1530/1530
f 1533/1533 1530/1530 1534/1534
f 1530/1530 1515/1515 1535/1535
f 1534/1534 1530/1530 1535/1535
f 1536/1536 1534/1534 1535/1535
f 1536/1536 1537/1537 1534/1534
f 1534/1534 1537/1537 1533/1533
f 1537/1537 1532/1532 1533/1533
f 1537/1537 1538/1538 1532/1532
f 1532/1532 1538/1538 1531/1531
f 1539/1539 1540/1540 1536/1536
f 1540/1540 1537/1537 1536/1536
f 1531/1531 1529/1529 1524/1524
f 1541/1541 1529/1529 1531/1531
f 1531/1531 1538/1538 1541/1541
f 1527/1527 1529/1529 1542/1542
f 1543/1543 1527/1527 1542/1542
f 1541/1541 1542/1542 1529/1529
f 1542/1542 1541/1541 1543/1543
f 1540/1540 1538/1538 1537/1537
f 1544/1544 1541/1541 1538/1538
f 1540/1540 1544/1544 1538/1538
f 1540/1540 1545/1545 1544/1544
f 1545/1545 1546/1546 1544/1544
f 1541/1541 1544/1544 1546/1546
f 1546/1546 1543/1543 1541/1541
f 1547/1547 1509/1509 1517/1517
f 1547/1547 1515/1515 1509/1509
f 1548/1548 1549/1549 1547/1547
f 1550/1550 1548/1548 1547/1547
f 1510/1510 507/507 1513/1513
f 1512/1512 1510/1510 1513/1513
f 1510/1510 487/487 507/507
f 1551/1551 1513/1513 507/507
f 1551/1551 1517/1517 1513/1513
f 1551/1551 1552/1552 1517/1517
f 1547/1547 1517/1517 1553/1553
f 1550/1550 1547/1547 1553/1553
f 1554/1554 1553/1553 1517/1517
f 1548/1548 1550/1550 1553/1553
f 507/507 1555/1555 1551/1551
f 507/507 506/506 1555/1555
f 1551/1551 1555/1555 1552/1552
f 1554/1554 1517/1517 1552/1552
f 1548/1548 1553/1553 1554/1554
f 1556/1556 1557/1557 1554/1554
f 1556/1556 1554/1554 1552/1552
f 1556/1556 1552/1552 1558/1558
f 1559/1559 1535/1535 1515/1515
f 1515/1515 1547/1547 1549/1549
f 1549/1549 1559/1559 1515/1515
f 1535/1535 1559/1559 1536/1536
f 1539/1539 1536/1536 1559/1559
f 1560/1560 1539/1539 1559/1559
f 1561/1561 1539/1539 1560/1560
f 1539/1539 1562/1562 1563/1563
f 1561/1561 1562/1562 1539/1539
f 1549/1549 1548/1548 1560/1560
f 1559/1559 1549/1549 1560/1560
f 1564/1564 1562/1562 1561/1561
f 1563/1563 1540/1540 1539/1539
f 1540/1540 1563/1563 1545/1545
f 1563/1563 1562/1562 1564/1564
f 1545/1545 1563/1563 1565/1565
f 1566/1566 1546/1546 1545/1545
f 1567/1567 1561/1561 1560/1560
f 1564/1564 1561/1561 1567/1567
f 1564/1564 1567/1567 1568/1568
f 1569/1569 1567/1567 1560/1560
f 1569/1569 1560/1560 1570/1570
f 1569/1569 1568/1568 1567/1567
f 1568/1568 1565/1565 1563/1563
f 1566/1566 1545/1545 1565/1565
f 1566/1566 1571/1571 1546/1546
f 1565/1565 1571/1571 1566/1566
f 1572/1572 1571/1571 1565/1565
f 1572/1572 1565/1565 1573/1573
f 1564/1564 1568/1568 1563/1563
f 1565/1565 1568/1568 1574/1574
f 1575/1575 1565/1565 1574/1574
f 1568/1568 1569/1569 1574/1574
f 1565/1565 1576/1576 1573/1573
f 1576/1576 1565/1565 1575/1575
f 1576/1576 1577/1577 1573/1573
f 1577/1577 1576/1576 1575/1575
f 1574/1574 1578/1578 1575/1575
f 1577/1577 1575/1575 1578/1578
f 1557/1557 1548/1548 1554/1554
f 1560/1560 1548/1548 1557/1557
f 1560/1560 1557/1557 1570/1570
f 1579/1579 1557/1557 1556/1556
f 1580/1580 1570/1570 1557/1557
f 1580/1580 1557/1557 1579/1579
f 1580/1580 1569/1569 1570/1570
f 1581/1581 1582/1582 1569/1569
f 1581/1581 1569/1569 1580/1580
f 1583/1583 1581/1581 1580/1580
f 1581/1581 1583/1583 1582/1582
f 1579/1579 1584/1584 1580/1580
f 1584/1584 1579/1579 1585/1585
f 1584/1584 1583/1583 1580/1580
f 1582/1582 1583/1583 1584/1584
f 1582/1582 1584/1584 1586/1586
f 1584/1584 1587/1587 1586/1586
f 1588/1588 1586/1586 1587/1587
f 1589/1589 1588/1588 1587/1587
f 1574/1574 1569/1569 1582/1582
f 1590/1590 1574/1574 1582/1582
f 1574/1574 1591/1591 1578/1578
f 1574/1574 1590/1590 1592/1592
f 1592/1592 1591/1591 1574/1574
f 1591/1591 1593/1593 1578/1578
f 1582/1582 1586/1586 1590/1590
f 1586/1586 1592/1592 1590/1590
f 1594/1594 1592/1592 1586/1586
f 1594/1594 1591/1591 1592/1592
f 1588/1588 1594/1594 1586/1586
f 1595/1595 1594/1594 1588/1588
f 1595/1595 1596/1596 1594/1594
f 1594/1594 1593/1593 1591/1591
f 1594/1594 1596/1596 1593/1593
f 1597/1597 1598/1598 1593/1593
f 1596/1596 1597/1597 1593/1593
f 1599/1599 1443/1443 1442/1442
f 1442/1442 1440/1440 1599/1599
f 1599/1599 1600/1600 1601/1601
f 1440/1440 1383/1383 1527/1527
f 1543/1543 1440/1440 1527/1527
f 1602/1602 1440/1440 1543/1543
f 1602/1602 1599/1599 1440/1440
f 1600/1600 1599/1599 1602/1602
f 1599/1599 1603/1603 1443/1443
f 1446/1446 1443/1443 1603/1603
f 1601/1601 1603/1603 1599/1599
f 1601/1601 1446/1446 1603/1603
f 1601/1601 1447/1447 1446/1446
f 1601/1601 1600/1600 1604/1604
f 1605/1605 1602/1602 1606/1606
f 1602/1602 1543/1543 1606/1606
f 1605/1605 1600/1600 1602/1602
f 1606/1606 1600/1600 1605/1605
f 1543/1543 1546/1546 1606/1606
f 1600/1600 1607/1607 1604/1604
f 1600/1600 1608/1608 1607/1607
f 1604/1604 1447/1447 1601/1601
f 1604/1604 1607/1607 1609/1609
f 1609/1609 1447/1447 1604/1604
f 1610/1610 1447/1447 1609/1609
f 1449/1449 1448/1448 1610/1610
f 1610/1610 1448/1448 1447/1447
f 1611/1611 1612/1612 1454/1454
f 1611/1611 1454/1454 1449/1449
f 1609/1609 1607/1607 1608/1608
f 1606/1606 1608/1608 1600/1600
f 1613/1613 1609/1609 1608/1608
f 1571/1571 1606/1606 1546/1546
f 1608/1608 1606/1606 1571/1571
f 1608/1608 1614/1614 1613/1613
f 1615/1615 1616/1616 1613/1613
f 1614/1614 1615/1615 1613/1613
f 1616/1616 1610/1610 1609/1609
f 1616/1616 1449/1449 1610/1610
f 1613/1613 1616/1616 1609/1609
f 1617/1617 1616/1616 1615/1615
f 1618/1618 1619/1619 1611/1611
f 1617/1617 1449/1449 1616/1616
f 1617/1617 1611/1611 1449/1449
f 1486/1486 1455/1455 1456/1456
f 1612/1612 1456/1456 1454/1454
f 1456/1456 1451/1451 1454/1454
f 1611/1611 1619/1619 1612/1612
f 1608/1608 1571/1571 1572/1572
f 1577/1577 1572/1572 1573/1573
f 1572/1572 1577/1577 1608/1608
f 1620/1620 1608/1608 1577/1577
f 1620/1620 1614/1614 1608/1608
f 1621/1621 1620/1620 1577/1577
f 1620/1620 1615/1615 1614/1614
f 1621/1621 1615/1615 1620/1620
f 1578/1578 1593/1593 1577/1577
f 1577/1577 1593/1593 1621/1621
f 1598/1598 1621/1621 1593/1593
f 1622/1622 1617/1617 1615/1615
f 1615/1615 1621/1621 1622/1622
f 1617/1617 1622/1622 1623/1623
f 1611/1611 1617/1617 1624/1624
f 1598/1598 1622/1622 1621/1621
f 1625/1625 1622/1622 1598/1598
f 1624/1624 1617/1617 1623/1623
f 1626/1626 1624/1624 1623/1623
f 1623/1623 1622/1622 1625/1625
f 1627/1627 1619/1619 1618/1618
f 1611/1611 1628/1628 1618/1618
f 1628/1628 1627/1627 1618/1618
f 1628/1628 1629/1629 1627/1627
f 1627/1627 1629/1629 1630/1630
f 1486/1486 1456/1456 1612/1612
f 1486/1486 1612/1612 1631/1631
f 1632/1632 1484/1484 1486/1486
f 1632/1632 1487/1487 1484/1484
f 1631/1631 1632/1632 1486/1486
f 1631/1631 1633/1633 1632/1632
f 1634/1634 1632/1632 1633/1633
f 1612/1612 1619/1619 1631/1631
f 1631/1631 1619/1619 1633/1633
f 1634/1634 1487/1487 1632/1632
f 1634/1634 1489/1489 1487/1487
f 1633/1633 1635/1635 1636/1636
f 1637/1637 1638/1638 1636/1636
f 1636/1636 1634/1634 1633/1633
f 1489/1489 1634/1634 1636/1636
f 1639/1639 1640/1640 1489/1489
f 1638/1638 1639/1639 1489/1489
f 1489/1489 1636/1636 1638/1638
f 1633/1633 1619/1619 1635/1635
f 1619/1619 1627/1627 1635/1635
f 1627/1627 1636/1636 1635/1635
f 1627/1627 1637/1637 1636/1636
f 1630/1630 1641/1641 1637/1637
f 1630/1630 1637/1637 1627/1627
f 1642/1642 1490/1490 1489/1489
f 1489/1489 1640/1640 1642/1642
f 1490/1490 1642/1642 1643/1643
f 1491/1491 1490/1490 1643/1643
f 1640/1640 1639/1639 1638/1638
f 1638/1638 1642/1642 1640/1640
f 1641/1641 1642/1642 1638/1638
f 1641/1641 1643/1643 1642/1642
f 1644/1644 1491/1491 1643/1643
f 1505/1505 1500/1500 1491/1491
f 1645/1645 1502/1502 1505/1505
f 1645/1645 1504/1504 1502/1502
f 1646/1646 1645/1645 1505/1505
f 1644/1644 1505/1505 1491/1491
f 1505/1505 1644/1644 1647/1647
f 1646/1646 1505/1505 1647/1647
f 1638/1638 1637/1637 1641/1641
f 1644/1644 1643/1643 1641/1641
f 1641/1641 1630/1630 1648/1648
f 1648/1648 1649/1649 1641/1641
f 1644/1644 1641/1641 1650/1650
f 1650/1650 1647/1647 1644/1644
f 1651/1651 1646/1646 1647/1647
f 1652/1652 1650/1650 1641/1641
f 1652/1652 1651/1651 1650/1650
f 1647/1647 1650/1650 1651/1651
f 1611/1611 1624/1624 1653/1653
f 1611/1611 1653/1653 1628/1628
f 1654/1654 1628/1628 1653/1653
f 1629/1629 1628/1628 1654/1654
f 1648/1648 1630/1630 1655/1655
f 1629/1629 1654/1654 1656/1656
f 1656/1656 1630/1630 1629/1629
f 1630/1630 1656/1656 1655/1655
f 1657/1657 1624/1624 1626/1626
f 1657/1657 1658/1658 1624/1624
f 1658/1658 1653/1653 1624/1624
f 1654/1654 1659/1659 1656/1656
f 1654/1654 1653/1653 1660/1660
f 1661/1661 1660/1660 1653/1653
f 1659/1659 1654/1654 1660/1660
f 1660/1660 1656/1656 1659/1659
f 1660/1660 1661/1661 1662/1662
f 1663/1663 1656/1656 1660/1660
f 1648/1648 1655/1655 1649/1649
f 1649/1649 1664/1664 1652/1652
f 1649/1649 1655/1655 1664/1664
f 1665/1665 1666/1666 1652/1652
f 1667/1667 1652/1652 1664/1664
f 1667/1667 1665/1665 1652/1652
f 1668/1668 1664/1664 1655/1655
f 1656/1656 1669/1669 1655/1655
f 1655/1655 1669/1669 1668/1668
f 1668/1668 1669/1669 1670/1670
f 1668/1668 1671/1671 1667/1667
f 1668/1668 1667/1667 1664/1664
f 1671/1671 1668/1668 1670/1670
f 1671/1671 1665/1665 1667/1667
f 1672/1672 1671/1671 1670/1670
f 1672/1672 1673/1673 1671/1671
f 1649/1649 1652/1652 1641/1641
f 1651/1651 1652/1652 1666/1666
f 1457/1457 1289/1289 1278/1278
f 1289/1289 1457/1457 1290/1290
f 1460/1460 1295/1295 1290/1290
f 1470/1470 1301/1301 1294/1294
f 1470/1470 1294/1294 1295/1295
f 1275/1275 1301/1301 1470/1470
f 1275/1275 1274/1274 1301/1301
f 1462/1462 1470/1470 1295/1295
f 1008/1008 1003/1003 1002/1002
f 1008/1008 1674/1674 1003/1003
f 1674/1674 1011/1011 1003/1003
f 1674/1674 1008/1008 1009/1009
f 1011/1011 1674/1674 1020/1020
f 1009/1009 1020/1020 1674/1674
f 1675/1675 1676/1676 661/661
f 546/546 1677/1677 1678/1678
f 1675/1675 1677/1677 546/546
f 545/545 1676/1676 546/546
f 1676/1676 1675/1675 546/546
f 661/661 1679/1679 1675/1675
f 1675/1675 1679/1679 1677/1677
f 1679/1679 1680/1680 1681/1681
f 1678/1678 558/558 557/557
f 563/563 558/558 1678/1678
f 563/563 559/559 558/558
f 563/563 1682/1682 551/551
f 1683/1683 551/551 1682/1682
f 563/563 1684/1684 1682/1682
f 1682/1682 1684/1684 1685/1685
f 557/557 546/546 1678/1678
f 1677/1677 563/563 1678/1678
f 563/563 1677/1677 1684/1684
f 1677/1677 1679/1679 1684/1684
f 1684/1684 1686/1686 1685/1685
f 549/549 551/551 1683/1683
f 1687/1687 549/549 1688/1688
f 1686/1686 1684/1684 1679/1679
f 1681/1681 1686/1686 1679/1679
f 1686/1686 1681/1681 1689/1689
f 1681/1681 1680/1680 1690/1690
f 1689/1689 1681/1681 1691/1691
f 1681/1681 1690/1690 1691/1691
f 1691/1691 1690/1690 1692/1692
f 1691/1691 1693/1693 1689/1689
f 1688/1688 1694/1694 1695/1695
f 1696/1696 1695/1695 1694/1694
f 1697/1697 1695/1695 1696/1696
f 1694/1694 1689/1689 1693/1693
f 1694/1694 1693/1693 1696/1696
f 1698/1698 1696/1696 1693/1693
f 1696/1696 1698/1698 1699/1699
f 1700/1700 1701/1701 1693/1693
f 1701/1701 1698/1698 1693/1693
f 1702/1702 610/610 609/609
f 668/668 614/614 1703/1703
f 207/207 614/614 613/613
f 1704/1704 669/669 668/668
f 609/609 669/669 1702/1702
f 1704/1704 668/668 1703/1703
f 1705/1705 1704/1704 1703/1703
f 1039/1039 614/614 207/207
f 614/614 1705/1705 1703/1703
f 669/669 1704/1704 1706/1706
f 1704/1704 1707/1707 1706/1706
f 1707/1707 1704/1704 1705/1705
f 1708/1708 630/630 650/650
f 1709/1709 650/650 610/610
f 1709/1709 610/610 1702/1702
f 669/669 1710/1710 1702/1702
f 1702/1702 1710/1710 1709/1709
f 1711/1711 1709/1709 1710/1710
f 1711/1711 1710/1710 669/669
f 1088/1088 650/650 1709/1709
f 1711/1711 1088/1088 1709/1709
f 650/650 630/630 629/629
f 1708/1708 650/650 1088/1088
f 669/669 1706/1706 1711/1711
f 1707/1707 1712/1712 1706/1706
f 1713/1713 1712/1712 1714/1714
f 1040/1040 1047/1047 1039/1039
f 1044/1044 1042/1042 1050/1050
f 1044/1044 1050/1050 1055/1055
f 1047/1047 1049/1049 1039/1039
f 1049/1049 614/614 1039/1039
f 1057/1057 1049/1049 1048/1048
f 1057/1057 1715/1715 1049/1049
f 614/614 1049/1049 1715/1715
f 1063/1063 1715/1715 1057/1057
f 1716/1716 1715/1715 1063/1063
f 1073/1073 1063/1063 1065/1065
f 1063/1063 1073/1073 1716/1716
f 1044/1044 1060/1060 1046/1046
f 1060/1060 1044/1044 1066/1066
f 1066/1066 1044/1044 1055/1055
f 614/614 1715/1715 1705/1705
f 1707/1707 1705/1705 1717/1717
f 1070/1070 1069/1069 1068/1068
f 1052/1052 1069/1069 1054/1054
f 1069/1069 1070/1070 1054/1054
f 977/977 979/979 1054/1054
f 977/977 1054/1054 980/980
f 1054/1054 1070/1070 980/980
f 1718/1718 1716/1716 1073/1073
f 1073/1073 1719/1719 1720/1720
f 1720/1720 1718/1718 1073/1073
f 1720/1720 1721/1721 1718/1718
f 1078/1078 1719/1719 1073/1073
f 1074/1074 1078/1078 1073/1073
f 1707/1707 1722/1722 1714/1714
f 1717/1717 1718/1718 1722/1722
f 1721/1721 1722/1722 1718/1718
f 1722/1722 1721/1721 1714/1714
f 1714/1714 1712/1712 1707/1707
f 1721/1721 1720/1720 1723/1723
f 1714/1714 1721/1721 1723/1723
f 1723/1723 1724/1724 1714/1714
f 1080/1080 1078/1078 1077/1077
f 1080/1080 1725/1725 1078/1078
f 1082/1082 1725/1725 1080/1080
f 1726/1726 1720/1720 1719/1719
f 1720/1720 1726/1726 1723/1723
f 1725/1725 1719/1719 1078/1078
f 1725/1725 1726/1726 1719/1719
f 1727/1727 1723/1723 1726/1726
f 1084/1084 1725/1725 1082/1082
f 1085/1085 1089/1089 1084/1084
f 1726/1726 1725/1725 1089/1089
f 1725/1725 1084/1084 1089/1089
f 1723/1723 1727/1727 1724/1724
f 1728/1728 1724/1724 1727/1727
f 1728/1728 1729/1729 1724/1724
f 1729/1729 1714/1714 1724/1724
f 1714/1714 1730/1730 1713/1713
f 661/661 631/631 1731/1731
f 1732/1732 631/631 630/630
f 1731/1731 631/631 1680/1680
f 1732/1732 1680/1680 631/631
f 630/630 1708/1708 1732/1732
f 1676/1676 662/662 661/661
f 1676/1676 664/664 662/662
f 664/664 1676/1676 545/545
f 661/661 1731/1731 1679/1679
f 1680/1680 1679/1679 1731/1731
f 1692/1692 1680/1680 1732/1732
f 1690/1690 1680/1680 1692/1692
f 1087/1087 1708/1708 1088/1088
f 1086/1086 1733/1733 1087/1087
f 1706/1706 1086/1086 1711/1711
f 1086/1086 1088/1088 1711/1711
f 1712/1712 1086/1086 1706/1706
f 1734/1734 1086/1086 1712/1712
f 1734/1734 1712/1712 1713/1713
f 1692/1692 1732/1732 1691/1691
f 1700/1700 1691/1691 1732/1732
f 1700/1700 1693/1693 1691/1691
f 1700/1700 1735/1735 1701/1701
f 1735/1735 1736/1736 1701/1701
f 1732/1732 1708/1708 1737/1737
f 1738/1738 1708/1708 1087/1087
f 1087/1087 1733/1733 1738/1738
f 1739/1739 1708/1708 1738/1738
f 1700/1700 1732/1732 1737/1737
f 1700/1700 1737/1737 1735/1735
f 1735/1735 1740/1740 1741/1741
f 1740/1740 1735/1735 1737/1737
f 1737/1737 1739/1739 1742/1742
f 1737/1737 1742/1742 1743/1743
f 1744/1744 1743/1743 1742/1742
f 1743/1743 1740/1740 1737/1737
f 1178/1178 1740/1740 1743/1743
f 1743/1743 1745/1745 1178/1178
f 1737/1737 1708/1708 1739/1739
f 1726/1726 1746/1746 1727/1727
f 1746/1746 1089/1089 1090/1090
f 1727/1727 1746/1746 1747/1747
f 1727/1727 1747/1747 1728/1728
f 1748/1748 1747/1747 1746/1746
f 1749/1749 1729/1729 1750/1750
f 1749/1749 1751/1751 1729/1729
f 1747/1747 1729/1729 1728/1728
f 1729/1729 1747/1747 1750/1750
f 1750/1750 1747/1747 1748/1748
f 1751/1751 1730/1730 1729/1729
f 1730/1730 1714/1714 1729/1729
f 1749/1749 1750/1750 1752/1752
f 1749/1749 1752/1752 1753/1753
f 1751/1751 1749/1749 1754/1754
f 1754/1754 1117/1117 1751/1751
f 1755/1755 1749/1749 1753/1753
f 1756/1756 1754/1754 1749/1749
f 1756/1756 1749/1749 1755/1755
f 1754/1754 1756/1756 1118/1118
f 1757/1757 1755/1755 1753/1753
f 1757/1757 1758/1758 1755/1755
f 1759/1759 1756/1756 1755/1755
f 1759/1759 1118/1118 1756/1756
f 1746/1746 1090/1090 1748/1748
f 1091/1091 1748/1748 1090/1090
f 1091/1091 1094/1094 1748/1748
f 1760/1760 1748/1748 1094/1094
f 1750/1750 1748/1748 1752/1752
f 1760/1760 1752/1752 1748/1748
f 1752/1752 1760/1760 1757/1757
f 1758/1758 1759/1759 1755/1755
f 1759/1759 1762/1762 1118/1118
f 1118/1118 1762/1762 1763/1763
f 1764/1764 1760/1760 1094/1094
f 1765/1765 1760/1760 1764/1764
f 1116/1116 1765/1765 1764/1764
f 1094/1094 1097/1097 1764/1764
f 1100/1100 1764/1764 1097/1097
f 1764/1764 1100/1100 1098/1098
f 1764/1764 1098/1098 1116/1116
f 1096/1096 1100/1100 1097/1097
f 1101/1101 1095/1095 1106/1106
f 1099/1099 1102/1102 1115/1115
f 1107/1107 1101/1101 1106/1106
f 1107/1107 1766/1766 1102/1102
f 1767/1767 1107/1107 1109/1109
f 1109/1109 1107/1107 1105/1105
f 1111/1111 1767/1767 1109/1109
f 1107/1107 1106/1106 1105/1105
f 1768/1768 1766/1766 1107/1107
f 1769/1769 1770/1770 1771/1771
f 1772/1772 1107/1107 1767/1767
f 1772/1772 1768/1768 1107/1107
f 1772/1772 1773/1773 1768/1768
f 1774/1774 1767/1767 1111/1111
f 1774/1774 1772/1772 1767/1767
f 1113/1113 1774/1774 1111/1111
f 1774/1774 1113/1113 1771/1771
f 1765/1765 1757/1757 1760/1760
f 1757/1757 1765/1765 1775/1775
f 1757/1757 1775/1775 1758/1758
f 1777/1777 1758/1758 1775/1775
f 1777/1777 1775/1775 1765/1765
f 1116/1116 1777/1777 1765/1765
f 1776/1776 1115/1115 1114/1114
f 1114/1114 1778/1778 1776/1776
f 1777/1777 1759/1759 1758/1758
f 1779/1779 1759/1759 1777/1777
f 1781/1781 1762/1762 1759/1759
f 1782/1782 1780/1780 1783/1783
f 1761/1761 1780/1780 1782/1782
f 1782/1782 1784/1784 1761/1761
f 1781/1781 1759/1759 1779/1779
f 1785/1785 1780/1780 1778/1778
f 1785/1785 1783/1783 1780/1780
f 1786/1786 1782/1782 1783/1783
f 1786/1786 1784/1784 1782/1782
f 1787/1787 1783/1783 1785/1785
f 1788/1788 1784/1784 1786/1786
f 1789/1789 1786/1786 1783/1783
f 1783/1783 1787/1787 1789/1789
f 1786/1786 1790/1790 1788/1788
f 1790/1790 1786/1786 1789/1789
f 1102/1102 1766/1766 1114/1114
f 1785/1785 1114/1114 1766/1766
f 1766/1766 1773/1773 1785/1785
f 1785/1785 1778/1778 1114/1114
f 1773/1773 1787/1787 1785/1785
f 1791/1791 1787/1787 1773/1773
f 1766/1766 1768/1768 1773/1773
f 1770/1770 1791/1791 1773/1773
f 1769/1769 1791/1791 1770/1770
f 1787/1787 1791/1791 1792/1792
f 1789/1789 1787/1787 1792/1792
f 1793/1793 1730/1730 1751/1751
f 1794/1794 1793/1793 1117/1117
f 1117/1117 1793/1793 1751/1751
f 1795/1795 1117/1117 1119/1119
f 1118/1118 1117/1117 1754/1754
f 1763/1763 1119/1119 1118/1118
f 1117/1117 1795/1795 1794/1794
f 1119/1119 1763/1763 1795/1795
f 1795/1795 1763/1763 1796/1796
f 1762/1762 1796/1796 1763/1763
f 1796/1796 1762/1762 1798/1798
f 1797/1797 1761/1761 1799/1799
f 1784/1784 1800/1800 1761/1761
f 1801/1801 1799/1799 1761/1761
f 1761/1761 1800/1800 1801/1801
f 1800/1800 1784/1784 1788/1788
f 1122/1122 1769/1769 1771/1771
f 1123/1123 1122/1122 1771/1771
f 1113/1113 1120/1120 1123/1123
f 1771/1771 1113/1113 1123/1123
f 1802/1802 1790/1790 1789/1789
f 1803/1803 1790/1790 1802/1802
f 1788/1788 1790/1790 1803/1803
f 1804/1804 1769/1769 1122/1122
f 1791/1791 1769/1769 1792/1792
f 1804/1804 1792/1792 1769/1769
f 1120/1120 1125/1125 1122/1122
f 1125/1125 1804/1804 1122/1122
f 1789/1789 1804/1804 1802/1802
f 1789/1789 1792/1792 1804/1804
f 1805/1805 1803/1803 1802/1802
f 1124/1124 1804/1804 1125/1125
f 1805/1805 1802/1802 1133/1133
f 1804/1804 1133/1133 1802/1802
f 1804/1804 1130/1130 1133/1133
f 1124/1124 1130/1130 1804/1804
f 1805/1805 1133/1133 1132/1132
f 1151/1151 1153/1153 1806/1806
f 1807/1807 1153/1153 1808/1808
f 1807/1807 1806/1806 1153/1153
f 1809/1809 1799/1799 1810/1810
f 1810/1810 1799/1799 1151/1151
f 1811/1811 1808/1808 1812/1812
f 1812/1812 1808/1808 1813/1813
f 1812/1812 1814/1814 1811/1811
f 1815/1815 1807/1807 1811/1811
f 1811/1811 1814/1814 1815/1815
f 1811/1811 1807/1807 1808/1808
f 1140/1140 1814/1814 1158/1158
f 1807/1807 1815/1815 1816/1816
f 1816/1816 1817/1817 1807/1807
f 1818/1818 1810/1810 1817/1817
f 1819/1819 1816/1816 1815/1815
f 1817/1817 1151/1151 1806/1806
f 1806/1806 1807/1807 1817/1817
f 1810/1810 1151/1151 1817/1817
f 1140/1140 1139/1139 1142/1142
f 1235/1235 1819/1819 1815/1815
f 1815/1815 1814/1814 1235/1235
f 1140/1140 1235/1235 1814/1814
f 1820/1820 1801/1801 1800/1800
f 1801/1801 1820/1820 1821/1821
f 1820/1820 1800/1800 1788/1788
f 1788/1788 1146/1146 1820/1820
f 1146/1146 1821/1821 1820/1820
f 1147/1147 1788/1788 1803/1803
f 1147/1147 1146/1146 1788/1788
f 1801/1801 1151/1151 1799/1799
f 1153/1153 1152/1152 1822/1822
f 1823/1823 1822/1822 1821/1821
f 1152/1152 1801/1801 1821/1821
f 1822/1822 1152/1152 1821/1821
f 1823/1823 1824/1824 1825/1825
f 1150/1150 1824/1824 1823/1823
f 1824/1824 1150/1150 1156/1156
f 1156/1156 1825/1825 1824/1824
f 1822/1822 1825/1825 1813/1813
f 1813/1813 1153/1153 1822/1822
f 1823/1823 1825/1825 1822/1822
f 1149/1149 1823/1823 1146/1146
f 1146/1146 1823/1823 1821/1821
f 1149/1149 1150/1150 1823/1823
f 1156/1156 1150/1150 1135/1135
f 1152/1152 1151/1151 1801/1801
f 1813/1813 1808/1808 1153/1153
f 1147/1147 1803/1803 1805/1805
f 1147/1147 1805/1805 1154/1154
f 1805/1805 1132/1132 1154/1154
f 1155/1155 1825/1825 1156/1156
f 1812/1812 1813/1813 1155/1155
f 1155/1155 1813/1813 1825/1825
f 1158/1158 1812/1812 1155/1155
f 1812/1812 1158/1158 1814/1814
f 1826/1826 1713/1713 1730/1730
f 1730/1730 1793/1793 1826/1826
f 1734/1734 1713/1713 1827/1827
f 1826/1826 1827/1827 1713/1713
f 1828/1828 1734/1734 1827/1827
f 1826/1826 1828/1828 1827/1827
f 1829/1829 1734/1734 1828/1828
f 1829/1829 1828/1828 1830/1830
f 1830/1830 1828/1828 1826/1826
f 1831/1831 1832/1832 1830/1830
f 1793/1793 1833/1833 1826/1826
f 1830/1830 1826/1826 1831/1831
f 1826/1826 1833/1833 1831/1831
f 1834/1834 1832/1832 1831/1831
f 1835/1835 1833/1833 1793/1793
f 1831/1831 1833/1833 1834/1834
f 1836/1836 1837/1837 1834/1834
f 1834/1834 1837/1837 1838/1838
f 1834/1834 1833/1833 1835/1835
f 1834/1834 1835/1835 1836/1836
f 1839/1839 1836/1836 1835/1835
f 1840/1840 1836/1836 1839/1839
f 1839/1839 1841/1841 1840/1840
f 1840/1840 1837/1837 1836/1836
f 1086/1086 1842/1842 1733/1733
f 1739/1739 1738/1738 1843/1843
f 1738/1738 1733/1733 1844/1844
f 1842/1842 1844/1844 1733/1733
f 1844/1844 1843/1843 1738/1738
f 1844/1844 1845/1845 1843/1843
f 1842/1842 1845/1845 1844/1844
f 1846/1846 1845/1845 1842/1842
f 1847/1847 1845/1845 1846/1846
f 1846/1846 1848/1848 1847/1847
f 1745/1745 1743/1743 1744/1744
f 1742/1742 1739/1739 1843/1843
f 1742/1742 1843/1843 1849/1849
f 1849/1849 1744/1744 1742/1742
f 1849/1849 1745/1745 1744/1744
f 1850/1850 1745/1745 1849/1849
f 1850/1850 1849/1849 1851/1851
f 1852/1852 1850/1850 1851/1851
f 1851/1851 1845/1845 1847/1847
f 1847/1847 1852/1852 1851/1851
f 1852/1852 1847/1847 1853/1853
f 1852/1852 1178/1178 1745/1745
f 1855/1855 1178/1178 1180/1180
f 1856/1856 1857/1857 1853/1853
f 1858/1858 1857/1857 1848/1848
f 1853/1853 1857/1857 1179/1179
f 1852/1852 1853/1853 1178/1178
f 1179/1179 1178/1178 1853/1853
f 1848/1848 1859/1859 1858/1858
f 1859/1859 1860/1860 1858/1858
f 1179/1179 1857/1857 1858/1858
f 1734/1734 1842/1842 1086/1086
f 1846/1846 1842/1842 1734/1734
f 1846/1846 1734/1734 1829/1829
f 1859/1859 1829/1829 1832/1832
f 1830/1830 1832/1832 1829/1829
f 1829/1829 1859/1859 1846/1846
f 1848/1848 1846/1846 1859/1859
f 1861/1861 1832/1832 1834/1834
f 1861/1861 1862/1862 1832/1832
f 1859/1859 1832/1832 1862/1862
f 1861/1861 1834/1834 1838/1838
f 1179/1179 1858/1858 1860/1860
f 1184/1184 1179/1179 1860/1860
f 1863/1863 1838/1838 1837/1837
f 1863/1863 1837/1837 1840/1840
f 1864/1864 1863/1863 1840/1840
f 1862/1862 1861/1861 1865/1865
f 1866/1866 1860/1860 1859/1859
f 1867/1867 1866/1866 1859/1859
f 1867/1867 1859/1859 1862/1862
f 1197/1197 1866/1866 1867/1867
f 1867/1867 1862/1862 1865/1865
f 1198/1198 1197/1197 1867/1867
f 1867/1867 1868/1868 1198/1198
f 1869/1869 1867/1867 1865/1865
f 1867/1867 1869/1869 1868/1868
f 1187/1187 1861/1861 1838/1838
f 1189/1189 1865/1865 1861/1861
f 1186/1186 1865/1865 1189/1189
f 1187/1187 1189/1189 1861/1861
f 1838/1838 1863/1863 1187/1187
f 1190/1190 1187/1187 1863/1863
f 1864/1864 1190/1190 1863/1863
f 1193/1193 1188/1188 1190/1190
f 1186/1186 1869/1869 1865/1865
f 1869/1869 1186/1186 1192/1192
f 1192/1192 1868/1868 1869/1869
f 1192/1192 1207/1207 1868/1868
f 1201/1201 1198/1198 1868/1868
f 1207/1207 1201/1201 1868/1868
f 1866/1866 1197/1197 1860/1860
f 1860/1860 1197/1197 1184/1184
f 1182/1182 1198/1198 1201/1201
f 1199/1199 1202/1202 1229/1229
f 1794/1794 1835/1835 1793/1793
f 1795/1795 1796/1796 1870/1870
f 1870/1870 1794/1794 1795/1795
f 1870/1870 1835/1835 1794/1794
f 1871/1871 1870/1870 1796/1796
f 1796/1796 1798/1798 1871/1871
f 1809/1809 1797/1797 1799/1799
f 1839/1839 1835/1835 1870/1870
f 1870/1870 1841/1841 1839/1839
f 1841/1841 1870/1870 1871/1871
f 1874/1874 1840/1840 1841/1841
f 1809/1809 1875/1875 1872/1872
f 1797/1797 1809/1809 1872/1872
f 1809/1809 1810/1810 1818/1818
f 1874/1874 1841/1841 1871/1871
f 1872/1872 1875/1875 1876/1876
f 1840/1840 1874/1874 1864/1864
f 1878/1878 1864/1864 1874/1874
f 1876/1876 1877/1877 1873/1873
f 1873/1873 1872/1872 1876/1876
f 1876/1876 1879/1879 1880/1880
f 1880/1880 1877/1877 1876/1876
f 1879/1879 1876/1876 1875/1875
f 1881/1881 1880/1880 1879/1879
f 1247/1247 1883/1883 1880/1880
f 1880/1880 1884/1884 1247/1247
f 1885/1885 1816/1816 1819/1819
f 1886/1886 1887/1887 1875/1875
f 1886/1886 1875/1875 1809/1809
f 1879/1879 1875/1875 1887/1887
f 1881/1881 1879/1879 1887/1887
f 1885/1885 1888/1888 1889/1889
f 1238/1238 1885/1885 1819/1819
f 1235/1235 1238/1238 1819/1819
f 1885/1885 1238/1238 1890/1890
f 1890/1890 1888/1888 1885/1885
f 1891/1891 1892/1892 1888/1888
f 1888/1888 1890/1890 1891/1891
f 1890/1890 1238/1238 1237/1237
f 1890/1890 1237/1237 1241/1241
f 1241/1241 1891/1891 1890/1890
f 1816/1816 1818/1818 1817/1817
f 1818/1818 1886/1886 1809/1809
f 1886/1886 1818/1818 1893/1893
f 1818/1818 1816/1816 1893/1893
f 1893/1893 1816/1816 1885/1885
f 1889/1889 1886/1886 1893/1893
f 1885/1885 1889/1889 1893/1893
f 1894/1894 1887/1887 1886/1886
f 1895/1895 1887/1887 1894/1894
f 1895/1895 1881/1881 1887/1887
f 1889/1889 1894/1894 1886/1886
f 1888/1888 1894/1894 1889/1889
f 1892/1892 1894/1894 1888/1888
f 1895/1895 1894/1894 1892/1892
f 1896/1896 1895/1895 1892/1892
f 1897/1897 1896/1896 1892/1892
f 1238/1238 1235/1235 1236/1236
f 1891/1891 1898/1898 1892/1892
f 1897/1897 1892/1892 1898/1898
f 1897/1897 1898/1898 1899/1899
f 1898/1898 1891/1891 1900/1900
f 1898/1898 1900/1900 1899/1899
f 1241/1241 1900/1900 1891/1891
f 1900/1900 1241/1241 1240/1240
f 1900/1900 1240/1240 1245/1245
f 1897/1897 1880/1880 1881/1881
f 1897/1897 1884/1884 1880/1880
f 1901/1901 1884/1884 1897/1897
f 1902/1902 1257/1257 1899/1899
f 1281/1281 1257/1257 1902/1902
f 1899/1899 1257/1257 1901/1901
f 1281/1281 1254/1254 1257/1257
f 1254/1254 1281/1281 1255/1255
f 1881/1881 1895/1895 1896/1896
f 1896/1896 1897/1897 1881/1881
f 1901/1901 1897/1897 1899/1899
f 1900/1900 1245/1245 1899/1899
f 1902/1902 1899/1899 1245/1245
f 1244/1244 1902/1902 1245/1245
f 1244/1244 1281/1281 1902/1902
f 1190/1190 1864/1864 1878/1878
f 1878/1878 1882/1882 1190/1190
f 1882/1882 1193/1193 1190/1190
f 1877/1877 1880/1880 1883/1883
f 1193/1193 1882/1882 1246/1246
f 1884/1884 1248/1248 1247/1247
f 1257/1257 1903/1903 1884/1884
f 1904/1904 1248/1248 1884/1884
f 1904/1904 1251/1251 1248/1248
f 1884/1884 1903/1903 1904/1904
f 1901/1901 1257/1257 1884/1884
f 1257/1257 1223/1223 1903/1903
f 1904/1904 1253/1253 1251/1251
f 1258/1258 1905/1905 1903/1903
f 1223/1223 1258/1258 1903/1903
f 1224/1224 1220/1220 1258/1258
f 1905/1905 1258/1258 1220/1220
f 1905/1905 1220/1220 1253/1253
f 1904/1904 1903/1903 1905/1905
f 1904/1904 1905/1905 1253/1253
f 1257/1257 1254/1254 1256/1256
f 1261/1261 1227/1227 1226/1226
f 1262/1262 1227/1227 1261/1261
f 1306/1306 1020/1020 1009/1009
f 1306/1306 1009/1009 1305/1305
f 1306/1306 1305/1305 1307/1307
f 1360/1360 1355/1355 1362/1362
f 1413/1413 1389/1389 1393/1393
f 1388/1388 1401/1401 1395/1395
f 1395/1395 1401/1401 1403/1403
f 1389/1389 1402/1402 1401/1401
f 1415/1415 1413/1413 1393/1393
f 1437/1437 1444/1444 1415/1415
f 1445/1445 1444/1444 1437/1437
f 1685/1685 1683/1683 1682/1682
f 1688/1688 549/549 1683/1683
f 1689/1689 1688/1688 1685/1685
f 1685/1685 1686/1686 1689/1689
f 1683/1683 1685/1685 1688/1688
f 1906/1906 1687/1687 1688/1688
f 1694/1694 1688/1688 1689/1689
f 1688/1688 1695/1695 1906/1906
f 1715/1715 1716/1716 1705/1705
f 1705/1705 1716/1716 1717/1717
f 1717/1717 1716/1716 1718/1718
f 1722/1722 1707/1707 1717/1717
f 1746/1746 1726/1726 1089/1089
f 1757/1757 1753/1753 1752/1752
f 1770/1770 1774/1774 1771/1771
f 1770/1770 1772/1772 1774/1774
f 1773/1773 1772/1772 1770/1770
f 1845/1845 1851/1851 1843/1843
f 1843/1843 1851/1851 1849/1849
f 1856/1856 1853/1853 1847/1847
f 1745/1745 1850/1850 1852/1852
f 1856/1856 1847/1847 1848/1848
f 1848/1848 1857/1857 1856/1856
f 975/975 1907/1907 1908/1908
f 975/975 717/717 716/716
f 1908/1908 1909/1909 719/719
f 1910/1910 719/719 1909/1909
f 1910/1910 724/724 719/719
f 1911/1911 724/724 1910/1910
f 724/724 1911/1911 726/726
f 1911/1911 1910/1910 1913/1913
f 1913/1913 1910/1910 1909/1909
f 1914/1914 725/725 1912/1912
f 725/725 1914/1914 729/729
f 1914/1914 1915/1915 729/729
f 1913/1913 1916/1916 1911/1911
f 1913/1913 1918/1918 1916/1916
f 1917/1917 1919/1919 1912/1912
f 1918/1918 1920/1920 1921/1921
f 1923/1923 1919/1919 1917/1917
f 1914/1914 1912/1912 1919/1919
f 1919/1919 1924/1924 1914/1914
f 1924/1924 1915/1915 1914/1914
f 1924/1924 1919/1919 1925/1925
f 1919/1919 1926/1926 1925/1925
f 1927/1927 1928/1928 1929/1929
f 1930/1930 1931/1931 1928/1928
f 1933/1933 1931/1931 1930/1930
f 1932/1932 1934/1934 1935/1935
f 1921/1921 1916/1916 1918/1918
f 1923/1923 1917/1917 1922/1922
f 1932/1932 1923/1923 1922/1922
f 1935/1935 1923/1923 1932/1932
f 1926/1926 1919/1919 1923/1923
f 1936/1936 1923/1923 1935/1935
f 1937/1937 1939/1939 1941/1941
f 1942/1942 1940/1940 1938/1938
f 1942/1942 1935/1935 1934/1934
f 1942/1942 1934/1934 1940/1940
f 747/747 729/729 1915/1915
f 1943/1943 1924/1924 1925/1925
f 1943/1943 1925/1925 1926/1926
f 1915/1915 1924/1924 1944/1944
f 1924/1924 1943/1943 1944/1944
f 1943/1943 1945/1945 1944/1944
f 755/755 747/747 1915/1915
f 1944/1944 755/755 1915/1915
f 1946/1946 755/755 1944/1944
f 1947/1947 1946/1946 1944/1944
f 1947/1947 1944/1944 1945/1945
f 1926/1926 1923/1923 1948/1948
f 1945/1945 1943/1943 1926/1926
f 1949/1949 1926/1926 1948/1948
f 1945/1945 1926/1926 1949/1949
f 1950/1950 1945/1945 1949/1949
f 1948/1948 1923/1923 1936/1936
f 1935/1935 1951/1951 1936/1936
f 1951/1951 1948/1948 1936/1936
f 1951/1951 1952/1952 1948/1948
f 1948/1948 1952/1952 1949/1949
f 1950/1950 1947/1947 1945/1945
f 1947/1947 1950/1950 1953/1953
f 1953/1953 1950/1950 1949/1949
f 1952/1952 1953/1953 1949/1949
f 1954/1954 1947/1947 1953/1953
f 749/749 747/747 755/755
f 755/755 1946/1946 1947/1947
f 1955/1955 1956/1956 755/755
f 755/755 1947/1947 1955/1955
f 1957/1957 1939/1939 1937/1937
f 1942/1942 1951/1951 1935/1935
f 1952/1952 1951/1951 1958/1958
f 1959/1959 1952/1952 1958/1958
f 1959/1959 1953/1953 1952/1952
f 1960/1960 1951/1951 1942/1942
f 1958/1958 1951/1951 1960/1960
f 1958/1958 1960/1960 1961/1961
f 1961/1961 1960/1960 1962/1962
f 1942/1942 1962/1962 1960/1960
f 1959/1959 1958/1958 1961/1961
f 1959/1959 1961/1961 1963/1963
f 1964/1964 1959/1959 1963/1963
f 1965/1965 1966/1966 1962/1962
f 1965/1965 1967/1967 1966/1966
f 1968/1968 1938/1938 1854/1854
f 1938/1938 1968/1968 1965/1965
f 1967/1967 1969/1969 1966/1966
f 1965/1965 1968/1968 1967/1967
f 1967/1967 1968/1968 1970/1970
f 1971/1971 1967/1967 1970/1970
f 1971/1971 1972/1972 1967/1967
f 1961/1961 1962/1962 1966/1966
f 1966/1966 1963/1963 1961/1961
f 1969/1969 1963/1963 1966/1966
f 1967/1967 1972/1972 1969/1969
f 1969/1969 1972/1972 1963/1963
f 1964/1964 1963/1963 1973/1973
f 1974/1974 1954/1954 1953/1953
f 1974/1974 1953/1953 1959/1959
f 1975/1975 1964/1964 1973/1973
f 1974/1974 1959/1959 1964/1964
f 1974/1974 1964/1964 1976/1976
f 1976/1976 1964/1964 1975/1975
f 755/755 1956/1956 754/754
f 781/781 754/754 1956/1956
f 1977/1977 1956/1956 1955/1955
f 1977/1977 1955/1955 1947/1947
f 1977/1977 1947/1947 1978/1978
f 1979/1979 1956/1956 1977/1977
f 1978/1978 1947/1947 1979/1979
f 1979/1979 1947/1947 1954/1954
f 1980/1980 1979/1979 1954/1954
f 1979/1979 1977/1977 1978/1978
f 1981/1981 1979/1979 1980/1980
f 1982/1982 781/781 1956/1956
f 782/782 781/781 1982/1982
f 1982/1982 1956/1956 1979/1979
f 782/782 1982/1982 1983/1983
f 1983/1983 1982/1982 1984/1984
f 1985/1985 1982/1982 1979/1979
f 1985/1985 1979/1979 1981/1981
f 1984/1984 1982/1982 1985/1985
f 1985/1985 1981/1981 1986/1986
f 1986/1986 1981/1981 1987/1987
f 1988/1988 1976/1976 1989/1989
f 1976/1976 1975/1975 1989/1989
f 1989/1989 1975/1975 1990/1990
f 1988/1988 1974/1974 1976/1976
f 1991/1991 1980/1980 1954/1954
f 1954/1954 1974/1974 1991/1991
f 1992/1992 1991/1991 1974/1974
f 1981/1981 1980/1980 1991/1991
f 1988/1988 1992/1992 1974/1974
f 1992/1992 1988/1988 1993/1993
f 1981/1981 1991/1991 1994/1994
f 1993/1993 1991/1991 1992/1992
f 1993/1993 1988/1988 1994/1994
f 1993/1993 1994/1994 1991/1991
f 1995/1995 1981/1981 1996/1996
f 1995/1995 1987/1987 1981/1981
f 1994/1994 1997/1997 1981/1981
f 1995/1995 1996/1996 1997/1997
f 1981/1981 1997/1997 1996/1996
f 1997/1997 1994/1994 1998/1998
f 1999/1999 1994/1994 1988/1988
f 1990/1990 1988/1988 1989/1989
f 1990/1990 1999/1999 1988/1988
f 1998/1998 1994/1994 1999/1999
f 2000/2000 1998/1998 1999/1999
f 2001/2001 1999/1999 1990/1990
f 2002/2002 1968/1968 1854/1854
f 1971/1971 1970/1970 2003/2003
f 1971/1971 2004/2004 1972/1972
f 2005/2005 1971/1971 2003/2003
f 2004/2004 1971/1971 2005/2005
f 2003/2003 1968/1968 2002/2002
f 2003/2003 2002/2002 2006/2006
f 2006/2006 2005/2005 2003/2003
f 2004/2004 2005/2005 2007/2007
f 2008/2008 2002/2002 1854/1854
f 2008/2008 1854/1854 1181/1181
f 2008/2008 2006/2006 2002/2002
f 2008/2008 2009/2009 2006/2006
f 2005/2005 2006/2006 2009/2009
f 2009/2009 2007/2007 2005/2005
f 1972/1972 2004/2004 1963/1963
f 2010/2010 2004/2004 2007/2007
f 1181/1181 1185/1185 2008/2008
f 1973/1973 2010/2010 2011/2011
f 2011/2011 2010/2010 2007/2007
f 2011/2011 2012/2012 1973/1973
f 2012/2012 1975/1975 1973/1973
f 2013/2013 2007/2007 2009/2009
f 2007/2007 2013/2013 2014/2014
f 2014/2014 2011/2011 2007/2007
f 2009/2009 2008/2008 1185/1185
f 2013/2013 2009/2009 1185/1185
f 2015/2015 2014/2014 2013/2013
f 2011/2011 2016/2016 2017/2017
f 2011/2011 2014/2014 2016/2016
f 1200/1200 2013/2013 1185/1185
f 2015/2015 2013/2013 2018/2018
f 1200/1200 2018/2018 2013/2013
f 1206/1206 1200/1200 1203/1203
f 1206/1206 2018/2018 1200/1200
f 2015/2015 2018/2018 2019/2019
f 2019/2019 2014/2014 2015/2015
f 2019/2019 2016/2016 2014/2014
f 2016/2016 2019/2019 2020/2020
f 1206/1206 2019/2019 2018/2018
f 1232/1232 1206/1206 1205/1205
f 2020/2020 2019/2019 1206/1206
f 2020/2020 1206/1206 1232/1232
f 2021/2021 2020/2020 1232/1232
f 2012/2012 2011/2011 2022/2022
f 2023/2023 2012/2012 2022/2022
f 2022/2022 2011/2011 2017/2017
f 2024/2024 2025/2025 2026/2026
f 2001/2001 1990/1990 2027/2027
f 2028/2028 2024/2024 2029/2029
f 2030/2030 2028/2028 2029/2029
f 2022/2022 2026/2026 2023/2023
f 2031/2031 2022/2022 2017/2017
f 2032/2032 2022/2022 2031/2031
f 2026/2026 2025/2025 2023/2023
f 2031/2031 2017/2017 2033/2033
f 2024/2024 2026/2026 2029/2029
f 2029/2029 2026/2026 2032/2032
f 2032/2032 2031/2031 2029/2029
f 2033/2033 2029/2029 2031/2031
f 2017/2017 2016/2016 2034/2034
f 2034/2034 2016/2016 2020/2020
f 2020/2020 2021/2021 2034/2034
f 2035/2035 2034/2034 2021/2021
f 1234/1234 2021/2021 1232/1232
f 1234/1234 1267/1267 2021/2021
f 2021/2021 1267/1267 2035/2035
f 2017/2017 2034/2034 2033/2033
f 2036/2036 2033/2033 2034/2034
f 2035/2035 1267/1267 2037/2037
f 2035/2035 2036/2036 2034/2034
f 2037/2037 2036/2036 2035/2035
f 1272/1272 2038/2038 1267/1267
f 1267/1267 2038/2038 2037/2037
f 2039/2039 1983/1983 2040/2040
f 2041/2041 2039/2039 2040/2040
f 2041/2041 2040/2040 1983/1983
f 2042/2042 805/805 2041/2041
f 2042/2042 2041/2041 2043/2043
f 2041/2041 2044/2044 2043/2043
f 2043/2043 2044/2044 2042/2042
f 2041/2041 1983/1983 1984/1984
f 2045/2045 2046/2046 2047/2047
f 2048/2048 2046/2046 2045/2045
f 2044/2044 2041/2041 2049/2049
f 2050/2050 2048/2048 2045/2045
f 2051/2051 2042/2042 2052/2052
f 805/805 2042/2042 2051/2051
f 809/809 805/805 2051/2051
f 2044/2044 2052/2052 2042/2042
f 2052/2052 2044/2044 2049/2049
f 2053/2053 2052/2052 2049/2049
f 2053/2053 2049/2049 2050/2050
f 2053/2053 2054/2054 2052/2052
f 2050/2050 2045/2045 2055/2055
f 2055/2055 2053/2053 2050/2050
f 2056/2056 2053/2053 2055/2055
f 2056/2056 2055/2055 2057/2057
f 2057/2057 2055/2055 2058/2058
f 2056/2056 2054/2054 2053/2053
f 1995/1995 1986/1986 1987/1987
f 2047/2047 1986/1986 1995/1995
f 2059/2059 1997/1997 1998/1998
f 2059/2059 1998/1998 2000/2000
f 2060/2060 1995/1995 1997/1997
f 1997/1997 2059/2059 2061/2061
f 2045/2045 2047/2047 2062/2062
f 2062/2062 2060/2060 2061/2061
f 2063/2063 2061/2061 2064/2064
f 2065/2065 2000/2000 1999/1999
f 2065/2065 2059/2059 2000/2000
f 2066/2066 2059/2059 2065/2065
f 1999/1999 2001/2001 2065/2065
f 2067/2067 2068/2068 2065/2065
f 2062/2062 2055/2055 2045/2045
f 2069/2069 2058/2058 2062/2062
f 2069/2069 2062/2062 2061/2061
f 2063/2063 2069/2069 2061/2061
f 2069/2069 2063/2063 2064/2064
f 2070/2070 2058/2058 2069/2069
f 2070/2070 2069/2069 2064/2064
f 2057/2057 2058/2058 2070/2070
f 2071/2071 2057/2057 2070/2070
f 2071/2071 2070/2070 2072/2072
f 2073/2073 2065/2065 2068/2068
f 2068/2068 2074/2074 2073/2073
f 2075/2075 2070/2070 2064/2064
f 2075/2075 2064/2064 2076/2076
f 2070/2070 2075/2075 2077/2077
f 2078/2078 2077/2077 2075/2075
f 2076/2076 2073/2073 2075/2075
f 2074/2074 2075/2075 2073/2073
f 809/809 2051/2051 2079/2079
f 809/809 2079/2079 828/828
f 2054/2054 2051/2051 2052/2052
f 2080/2080 2051/2051 2054/2054
f 2080/2080 2056/2056 2081/2081
f 2081/2081 2056/2056 2057/2057
f 2080/2080 2054/2054 2056/2056
f 2079/2079 2051/2051 2080/2080
f 2082/2082 2079/2079 2080/2080
f 828/828 2079/2079 2083/2083
f 2082/2082 2080/2080 2084/2084
f 2081/2081 2085/2085 2086/2086
f 2085/2085 2081/2081 2087/2087
f 2080/2080 2085/2085 2084/2084
f 2083/2083 2079/2079 2082/2082
f 2082/2082 2088/2088 2089/2089
f 2057/2057 2071/2071 2090/2090
f 2081/2081 2057/2057 2090/2090
f 2081/2081 2090/2090 2087/2087
f 2090/2090 2071/2071 2072/2072
f 2091/2091 2084/2084 2087/2087
f 2091/2091 2087/2087 2090/2090
f 2088/2088 2084/2084 2091/2091
f 2090/2090 2072/2072 2092/2092
f 2092/2092 2072/2072 2091/2091
f 2091/2091 2072/2072 2077/2077
f 2072/2072 2070/2070 2077/2077
f 2074/2074 2078/2078 2075/2075
f 2077/2077 2078/2078 2074/2074
f 2093/2093 2077/2077 2074/2074
f 2093/2093 2074/2074 2094/2094
f 2093/2093 2094/2094 2095/2095
f 2096/2096 2093/2093 2095/2095
f 2077/2077 2093/2093 2097/2097
f 2089/2089 2088/2088 2091/2091
f 2096/2096 2098/2098 2093/2093
f 2077/2077 2098/2098 2091/2091
f 2077/2077 2097/2097 2098/2098
f 2093/2093 2098/2098 2097/2097
f 2099/2099 2098/2098 2096/2096
f 831/831 827/827 828/828
f 2030/2030 2001/2001 2028/2028
f 2067/2067 2001/2001 2030/2030
f 2100/2100 2067/2067 2030/2030
f 2029/2029 2101/2101 2030/2030
f 2029/2029 2033/2033 2101/2101
f 2036/2036 2101/2101 2033/2033
f 2102/2102 2100/2100 2030/2030
f 2102/2102 2030/2030 2101/2101
f 2102/2102 2101/2101 2036/2036
f 2036/2036 2103/2103 2102/2102
f 2104/2104 2100/2100 2105/2105
f 2102/2102 2106/2106 2105/2105
f 2067/2067 2065/2065 2001/2001
f 2067/2067 2107/2107 2108/2108
f 2100/2100 2107/2107 2067/2067
f 2100/2100 2109/2109 2107/2107
f 2074/2074 2109/2109 2100/2100
f 2074/2074 2100/2100 2104/2104
f 2037/2037 2038/2038 2110/2110
f 1272/1272 2111/2111 2038/2038
f 1272/1272 1276/1276 2111/2111
f 2112/2112 2038/2038 2111/2111
f 2111/2111 1276/1276 2112/2112
f 2112/2112 1276/1276 1477/1477
f 2038/2038 2112/2112 2113/2113
f 2038/2038 2113/2113 2114/2114
f 2110/2110 2038/2038 2115/2115
f 2114/2114 2115/2115 2038/2038
f 2116/2116 2114/2114 2117/2117
f 2115/2115 2116/2116 2118/2118
f 2118/2118 2110/2110 2115/2115
f 2114/2114 2116/2116 2115/2115
f 2036/2036 2037/2037 2119/2119
f 2119/2119 2037/2037 2110/2110
f 2036/2036 2119/2119 2103/2103
f 2106/2106 2103/2103 2120/2120
f 2113/2113 2112/2112 2121/2121
f 1483/1483 2121/2121 1479/1479
f 2114/2114 2113/2113 2121/2121
f 2121/2121 2112/2112 1477/1477
f 2121/2121 1477/1477 1479/1479
f 2121/2121 1483/1483 2117/2117
f 2117/2117 2114/2114 2121/2121
f 1483/1483 1479/1479 1480/1480
f 1483/1483 1482/1482 2117/2117
f 2122/2122 2117/2117 1482/1482
f 1482/1482 2123/2123 2122/2122
f 2116/2116 2117/2117 2123/2123
f 2123/2123 2117/2117 2122/2122
f 2124/2124 2104/2104 2105/2105
f 2124/2124 2105/2105 2106/2106
f 2124/2124 2106/2106 2125/2125
f 2125/2125 2106/2106 2126/2126
f 2127/2127 2124/2124 2125/2125
f 2127/2127 2125/2125 2126/2126
f 2128/2128 2127/2127 2126/2126
f 2126/2126 2129/2129 2128/2128
f 2130/2130 2128/2128 2131/2131
f 2131/2131 2128/2128 2129/2129
f 2132/2132 2074/2074 2104/2104
f 2095/2095 2094/2094 2074/2074
f 2096/2096 2095/2095 2133/2133
f 2095/2095 2074/2074 2132/2132
f 2133/2133 2095/2095 2132/2132
f 2132/2132 2104/2104 2124/2124
f 2132/2132 2124/2124 2127/2127
f 2134/2134 2133/2133 2132/2132
f 2099/2099 2096/2096 2133/2133
f 2135/2135 2134/2134 2127/2127
f 2132/2132 2127/2127 2134/2134
f 2135/2135 2127/2127 2130/2130
f 2130/2130 2127/2127 2128/2128
f 2123/2123 2136/2136 2137/2137
f 2137/2137 2118/2118 2123/2123
f 2123/2123 2118/2118 2116/2116
f 2138/2138 2139/2139 2140/2140
f 2141/2141 2138/2138 2140/2140
f 2142/2142 2137/2137 2136/2136
f 2142/2142 2136/2136 1498/1498
f 1499/1499 2142/2142 1498/1498
f 2141/2141 2142/2142 1499/1499
f 2142/2142 2143/2143 2137/2137
f 2139/2139 2143/2143 2142/2142
f 2141/2141 2140/2140 2142/2142
f 2140/2140 2139/2139 2142/2142
f 2106/2106 2120/2120 2144/2144
f 2120/2120 2145/2145 2144/2144
f 2110/2110 2118/2118 2120/2120
f 2145/2145 2120/2120 2118/2118
f 2144/2144 2145/2145 2139/2139
f 2139/2139 2145/2145 2118/2118
f 2138/2138 2144/2144 2139/2139
f 2146/2146 2144/2144 2138/2138
f 2106/2106 2144/2144 2126/2126
f 1494/1494 2123/2123 1482/1482
f 1498/1498 2123/2123 1494/1494
f 1498/1498 2136/2136 2123/2123
f 1494/1494 1496/1496 1498/1498
f 2147/2147 2146/2146 2141/2141
f 2148/2148 2147/2147 2141/2141
f 2148/2148 2141/2141 2149/2149
f 2149/2149 2141/2141 1499/1499
f 1499/1499 2150/2150 2149/2149
f 1503/1503 1499/1499 1501/1501
f 1503/1503 2150/2150 1499/1499
f 2148/2148 2151/2151 2147/2147
f 2152/2152 2151/2151 2148/2148
f 2153/2153 2151/2151 2152/2152
f 1504/1504 2150/2150 1503/1503
f 2154/2154 2150/2150 1504/1504
f 2155/2155 2149/2149 2154/2154
f 2150/2150 2154/2154 2149/2149
f 2152/2152 2149/2149 2155/2155
f 2152/2152 2148/2148 2149/2149
f 2144/2144 2146/2146 2126/2126
f 2138/2138 2141/2141 2146/2146
f 2146/2146 2147/2147 2129/2129
f 2129/2129 2126/2126 2146/2146
f 2129/2129 2156/2156 2157/2157
f 2147/2147 2156/2156 2129/2129
f 2151/2151 2153/2153 2147/2147
f 2158/2158 2082/2082 2159/2159
f 2098/2098 2159/2159 2089/2089
f 2160/2160 2158/2158 2159/2159
f 2161/2161 2159/2159 2098/2098
f 2161/2161 2160/2160 2159/2159
f 2161/2161 2098/2098 2099/2099
f 2162/2162 2160/2160 2161/2161
f 2161/2161 2099/2099 2163/2163
f 2099/2099 2134/2134 2163/2163
f 2164/2164 2161/2161 2163/2163
f 2165/2165 2164/2164 2163/2163
f 2166/2166 2165/2165 2163/2163
f 2167/2167 2164/2164 2165/2165
f 2166/2166 2168/2168 2165/2165
f 2169/2169 2165/2165 2168/2168
f 2170/2170 2169/2169 2168/2168
f 2171/2171 2165/2165 2169/2169
f 2172/2172 2169/2169 2170/2170
f 2169/2169 2172/2172 2173/2173
f 830/830 831/831 828/828
f 2174/2174 830/830 828/828
f 830/830 912/912 908/908
f 2174/2174 912/912 830/830
f 912/912 2174/2174 828/828
f 912/912 828/828 2175/2175
f 2175/2175 828/828 2083/2083
f 912/912 2175/2175 2176/2176
f 2177/2177 912/912 2176/2176
f 2178/2178 2083/2083 2082/2082
f 2178/2178 2082/2082 2158/2158
f 2176/2176 2083/2083 2178/2178
f 2175/2175 2083/2083 2176/2176
f 2176/2176 2178/2178 2179/2179
f 2177/2177 2176/2176 2179/2179
f 2178/2178 2158/2158 2180/2180
f 2180/2180 2158/2158 2160/2160
f 2178/2178 2180/2180 2179/2179
f 913/913 911/911 912/912
f 913/913 912/912 921/921
f 2177/2177 921/921 912/912
f 2181/2181 2177/2177 2179/2179
f 2181/2181 2182/2182 921/921
f 921/921 2177/2177 2181/2181
f 2183/2183 2182/2182 2181/2181
f 2179/2179 2180/2180 2184/2184
f 2184/2184 2180/2180 2185/2185
f 2181/2181 2179/2179 2186/2186
f 2186/2186 2179/2179 2184/2184
f 2187/2187 2181/2181 2186/2186
f 2186/2186 2184/2184 2185/2185
f 2162/2162 2180/2180 2160/2160
f 2185/2185 2180/2180 2162/2162
f 2188/2188 925/925 2182/2182
f 2182/2182 2183/2183 2188/2188
f 2189/2189 2186/2186 2185/2185
f 2190/2190 2187/2187 2191/2191
f 2190/2190 2191/2191 2192/2192
f 2193/2193 2189/2189 2194/2194
f 2195/2195 2193/2193 2194/2194
f 2196/2196 2195/2195 2194/2194
f 2197/2197 968/968 2188/2188
f 2188/2188 2190/2190 2197/2197
f 976/976 971/971 2197/2197
f 2190/2190 2198/2198 2197/2197
f 2198/2198 2199/2199 2197/2197
f 2200/2200 2195/2195 2196/2196
f 2201/2201 2195/2195 2200/2200
f 2202/2202 2192/2192 2201/2201
f 2200/2200 2203/2203 2201/2201
f 2202/2202 2201/2201 2203/2203
f 2190/2190 2192/2192 2202/2202
f 2198/2198 2190/2190 2202/2202
f 2204/2204 2189/2189 2185/2185
f 2204/2204 2185/2185 2162/2162
f 2162/2162 2205/2205 2204/2204
f 2189/2189 2204/2204 2206/2206
f 2206/2206 2204/2204 2207/2207
f 2207/2207 2204/2204 2205/2205
f 2207/2207 2205/2205 2208/2208
f 2162/2162 2161/2161 2164/2164
f 2164/2164 2208/2208 2162/2162
f 2162/2162 2208/2208 2205/2205
f 2207/2207 2196/2196 2206/2206
f 2209/2209 2196/2196 2207/2207
f 2208/2208 2209/2209 2207/2207
f 2210/2210 2209/2209 2208/2208
f 2209/2209 2210/2210 2211/2211
f 2212/2212 2196/2196 2209/2209
f 2211/2211 2212/2212 2209/2209
f 2208/2208 2213/2213 2210/2210
f 2167/2167 2214/2214 2213/2213
f 2167/2167 2213/2213 2164/2164
f 2215/2215 2167/2167 2165/2165
f 2196/2196 2212/2212 2200/2200
f 2200/2200 2212/2212 2211/2211
f 2216/2216 2211/2211 2210/2210
f 2216/2216 2200/2200 2211/2211
f 2216/2216 2217/2217 2200/2200
f 2216/2216 2218/2218 2217/2217
f 2216/2216 2210/2210 2213/2213
f 2218/2218 2216/2216 2213/2213
f 2219/2219 2214/2214 2167/2167
f 2218/2218 2213/2213 2214/2214
f 2220/2220 2218/2218 2214/2214
f 2220/2220 2214/2214 2219/2219
f 2221/2221 2218/2218 2220/2220
f 2217/2217 2218/2218 2222/2222
f 2203/2203 2217/2217 2222/2222
f 2217/2217 2203/2203 2200/2200
f 2223/2223 2203/2203 2224/2224
f 2224/2224 2203/2203 2222/2222
f 2224/2224 2222/2222 2221/2221
f 2221/2221 2222/2222 2218/2218
f 2225/2225 2224/2224 2221/2221
f 2219/2219 2167/2167 2215/2215
f 2219/2219 2215/2215 2165/2165
f 2171/2171 2219/2219 2165/2165
f 2171/2171 2220/2220 2219/2219
f 2129/2129 2157/2157 2131/2131
f 2131/2131 2226/2226 2130/2130
f 2226/2226 2131/2131 2157/2157
f 2227/2227 2157/2157 2228/2228
f 2227/2227 2228/2228 2229/2229
f 2157/2157 2227/2227 2230/2230
f 2230/2230 2226/2226 2157/2157
f 2231/2231 2232/2232 2233/2233
f 2231/2231 2227/2227 2229/2229
f 2231/2231 2229/2229 2232/2232
f 2234/2234 2235/2235 2227/2227
f 2236/2236 2234/2234 2231/2231
f 2231/2231 2234/2234 2227/2227
f 2133/2133 2134/2134 2099/2099
f 2226/2226 2135/2135 2130/2130
f 2237/2237 2135/2135 2226/2226
f 2134/2134 2135/2135 2166/2166
f 2166/2166 2163/2163 2134/2134
f 2230/2230 2237/2237 2226/2226
f 2238/2238 2237/2237 2230/2230
f 2230/2230 2227/2227 2235/2235
f 2230/2230 2235/2235 2238/2238
f 2239/2239 2155/2155 1645/1645
f 2240/2240 2152/2152 2155/2155
f 2239/2239 2240/2240 2155/2155
f 2240/2240 2153/2153 2152/2152
f 2239/2239 2153/2153 2240/2240
f 1645/1645 2154/2154 1504/1504
f 2155/2155 2154/2154 1645/1645
f 2239/2239 1645/1645 2241/2241
f 2242/2242 1645/1645 1646/1646
f 2243/2243 2153/2153 2244/2244
f 2244/2244 2153/2153 2239/2239
f 2241/2241 2242/2242 2239/2239
f 2244/2244 2239/2239 2242/2242
f 2153/2153 2156/2156 2147/2147
f 2243/2243 2157/2157 2156/2156
f 2243/2243 2156/2156 2153/2153
f 2228/2228 2157/2157 2243/2243
f 2228/2228 2243/2243 2244/2244
f 2229/2229 2228/2228 2244/2244
f 2232/2232 2244/2244 2242/2242
f 2245/2245 1646/1646 1651/1651
f 2245/2245 2242/2242 1646/1646
f 2233/2233 2232/2232 2242/2242
f 2233/2233 2242/2242 2245/2245
f 2232/2232 2229/2229 2244/2244
f 2246/2246 2233/2233 2245/2245
f 2233/2233 2246/2246 2247/2247
f 1666/1666 2246/2246 2245/2245
f 2246/2246 2248/2248 2247/2247
f 2249/2249 2248/2248 2246/2246
f 2250/2250 2249/2249 2246/2246
f 2250/2250 2246/2246 1666/1666
f 2250/2250 2251/2251 2249/2249
f 2248/2248 2236/2236 2231/2231
f 2248/2248 2231/2231 2233/2233
f 2248/2248 2233/2233 2247/2247
f 2249/2249 2236/2236 2248/2248
f 2236/2236 2235/2235 2234/2234
f 2252/2252 2235/2235 2236/2236
f 2252/2252 2236/2236 2253/2253
f 2253/2253 2236/2236 2249/2249
f 2254/2254 2252/2252 2253/2253
f 2253/2253 2249/2249 2255/2255
f 2255/2255 2249/2249 2256/2256
f 2256/2256 2249/2249 2251/2251
f 1671/1671 1666/1666 1665/1665
f 1673/1673 1666/1666 1671/1671
f 2250/2250 1666/1666 1673/1673
f 2257/2257 2250/2250 1673/1673
f 2257/2257 2251/2251 2250/2250
f 2258/2258 1673/1673 1672/1672
f 2259/2259 2258/2258 1672/1672
f 2260/2260 2257/2257 2261/2261
f 2260/2260 2261/2261 2258/2258
f 2262/2262 2260/2260 2258/2258
f 2258/2258 2261/2261 2257/2257
f 2260/2260 2251/2251 2257/2257
f 2263/2263 2253/2253 2255/2255
f 2255/2255 2256/2256 2251/2251
f 2251/2251 2263/2263 2255/2255
f 2264/2264 2265/2265 2251/2251
f 2265/2265 2263/2263 2251/2251
f 2263/2263 2266/2266 2253/2253
f 2170/2170 2135/2135 2237/2237
f 2170/2170 2237/2237 2267/2267
f 2267/2267 2237/2237 2238/2238
f 2267/2267 2238/2238 2268/2268
f 2135/2135 2170/2170 2166/2166
f 2170/2170 2168/2168 2166/2166
f 2254/2254 2238/2238 2235/2235
f 2252/2252 2254/2254 2235/2235
f 2268/2268 2238/2238 2254/2254
f 2269/2269 2268/2268 2254/2254
f 2254/2254 2266/2266 2269/2269
f 2170/2170 2267/2267 2172/2172
f 2270/2270 2172/2172 2267/2267
f 2266/2266 2254/2254 2253/2253
f 1666/1666 2245/2245 1651/1651
f 716/716 550/550 549/549
f 716/716 1907/1907 975/975
f 549/549 1907/1907 716/716
f 1687/1687 1907/1907 549/549
f 975/975 719/719 720/720
f 719/719 975/975 1908/1908
f 1906/1906 1907/1907 1687/1687
f 1929/1929 1907/1907 1906/1906
f 1929/1929 1908/1908 1907/1907
f 1697/1697 1929/1929 1906/1906
f 1928/1928 1920/1920 1929/1929
f 1908/1908 1929/1929 1920/1920
f 1920/1920 1909/1909 1908/1908
f 1920/1920 1913/1913 1909/1909
f 1918/1918 1913/1913 1920/1920
f 1927/1927 1929/1929 1697/1697
f 1928/1928 1927/1927 1930/1930
f 1921/1921 1920/1920 1928/1928
f 1928/1928 1931/1931 1921/1921
f 1699/1699 1697/1697 1696/1696
f 1699/1699 1927/1927 1697/1697
f 1699/1699 1937/1937 1927/1927
f 1927/1927 1937/1937 1930/1930
f 1937/1937 1933/1933 1930/1930
f 1941/1941 1933/1933 1937/1937
f 1699/1699 1698/1698 2271/2271
f 1701/1701 1957/1957 2271/2271
f 2271/2271 1957/1957 1937/1937
f 1736/1736 1957/1957 1701/1701
f 1957/1957 1736/1736 1939/1939
f 1741/1741 1736/1736 1735/1735
f 1939/1939 1736/1736 1741/1741
f 1741/1741 1740/1740 1939/1939
f 1939/1939 1740/1740 1855/1855
f 1962/1962 1942/1942 1965/1965
f 1965/1965 1942/1942 1938/1938
f 1178/1178 1855/1855 1740/1740
f 1983/1983 2039/2039 782/782
f 1968/1968 2003/2003 1970/1970
f 2004/2004 2010/2010 1963/1963
f 1973/1973 1963/1963 2010/2010
f 2012/2012 1990/1990 1975/1975
f 2025/2025 2012/2012 2023/2023
f 2027/2027 1990/1990 2012/2012
f 2027/2027 2012/2012 2025/2025
f 2027/2027 2025/2025 2028/2028
f 2001/2001 2027/2027 2028/2028
f 2028/2028 2025/2025 2024/2024
f 2026/2026 2022/2022 2032/2032
f 782/782 2039/2039 805/805
f 805/805 2039/2039 2041/2041
f 2047/2047 1984/1984 1985/1985
f 2047/2047 1985/1985 1986/1986
f 2047/2047 2272/2272 1984/1984
f 2046/2046 2272/2272 2047/2047
f 1984/1984 2272/2272 2048/2048
f 2272/2272 2046/2046 2048/2048
f 2041/2041 1984/1984 2049/2049
f 1984/1984 2048/2048 2049/2049
f 2048/2048 2050/2050 2049/2049
f 2047/2047 1995/1995 2060/2060
f 2060/2060 1997/1997 2061/2061
f 2062/2062 2047/2047 2060/2060
f 2059/2059 2064/2064 2061/2061
f 2064/2064 2059/2059 2066/2066
f 2062/2062 2058/2058 2055/2055
f 2064/2064 2066/2066 2073/2073
f 2066/2066 2065/2065 2073/2073
f 2076/2076 2064/2064 2073/2073
f 2084/2084 2085/2085 2087/2087
f 2085/2085 2080/2080 2086/2086
f 2080/2080 2081/2081 2086/2086
f 2084/2084 2088/2088 2082/2082
f 2159/2159 2082/2082 2089/2089
f 2092/2092 2091/2091 2090/2090
f 2089/2089 2091/2091 2098/2098
f 2105/2105 2100/2100 2102/2102
f 2102/2102 2103/2103 2106/2106
f 2108/2108 2068/2068 2067/2067
f 2109/2109 2068/2068 2108/2108
f 2068/2068 2109/2109 2074/2074
f 2109/2109 2108/2108 2107/2107
f 2120/2120 2103/2103 2119/2119
f 2119/2119 2110/2110 2120/2120
f 2139/2139 2118/2118 2137/2137
f 2137/2137 2143/2143 2139/2139
f 922/922 921/921 925/925
f 921/921 2182/2182 925/925
f 2181/2181 2187/2187 2183/2183
f 2183/2183 2187/2187 2190/2190
f 2188/2188 2183/2183 2190/2190
f 925/925 2188/2188 953/953
f 953/953 2188/2188 956/956
f 2191/2191 2187/2187 2189/2189
f 2189/2189 2187/2187 2186/2186
f 2191/2191 2193/2193 2192/2192
f 2191/2191 2189/2189 2193/2193
f 968/968 956/956 2188/2188
f 971/971 968/968 2197/2197
f 2192/2192 2193/2193 2195/2195
f 2195/2195 2201/2201 2192/2192
f 2189/2189 2206/2206 2194/2194
f 2196/2196 2194/2194 2206/2206
f 2164/2164 2213/2213 2208/2208
f 2241/2241 1645/1645 2242/2242
f 1673/1673 2258/2258 2257/2257
f 2264/2264 2251/2251 2260/2260
f 1906/1906 1695/1695 1697/1697
f 2271/2271 1937/1937 1699/1699
f 1698/1698 1701/1701 2271/2271
f 2273/2273 435/435 432/432
f 432/432 429/429 2274/2274
f 429/429 436/436 2274/2274
f 432/432 2274/2274 2273/2273
f 437/437 435/435 2275/2275
f 2275/2275 439/439 437/437
f 435/435 2276/2276 2275/2275
f 2276/2276 435/435 2273/2273
f 2277/2277 2276/2276 2273/2273
f 2278/2278 2273/2273 2279/2279
f 2280/2280 2277/2277 2281/2281
f 2281/2281 2273/2273 2278/2278
f 2281/2281 2277/2277 2273/2273
f 2280/2280 439/439 2275/2275
f 2280/2280 2275/2275 2276/2276
f 439/439 2282/2282 441/441
f 2282/2282 439/439 2280/2280
f 2282/2282 2283/2283 441/441
f 2277/2277 2280/2280 2276/2276
f 436/436 444/444 450/450
f 2274/2274 436/436 2284/2284
f 2284/2284 436/436 450/450
f 449/449 2285/2285 450/450
f 2284/2284 450/450 2285/2285
f 449/449 443/443 455/455
f 454/454 854/854 455/455
f 449/449 455/455 2286/2286
f 2286/2286 455/455 854/854
f 2285/2285 449/449 2286/2286
f 2279/2279 2274/2274 2284/2284
f 2279/2279 2273/2273 2274/2274
f 2287/2287 2279/2279 2284/2284
f 2288/2288 2284/2284 2285/2285
f 2289/2289 2285/2285 2286/2286
f 2290/2290 2291/2291 2286/2286
f 2289/2289 2286/2286 2291/2291
f 2292/2292 2291/2291 2290/2290
f 2288/2288 2285/2285 2289/2289
f 2293/2293 2287/2287 2288/2288
f 2288/2288 2289/2289 2294/2294
f 2294/2294 2289/2289 2291/2291
f 2295/2295 2294/2294 2291/2291
f 2291/2291 2292/2292 2296/2296
f 2295/2295 2291/2291 2296/2296
f 2293/2293 2288/2288 2294/2294
f 2293/2293 2294/2294 2297/2297
f 2297/2297 2294/2294 2295/2295
f 2298/2298 2295/2295 2296/2296
f 2299/2299 2300/2300 2301/2301
f 2302/2302 2301/2301 2300/2300
f 2299/2299 2303/2303 2300/2300
f 2304/2304 2297/2297 2305/2305
f 2298/2298 2304/2304 2305/2305
f 2293/2293 2297/2297 2303/2303
f 2299/2299 2293/2293 2303/2303
f 2305/2305 2295/2295 2298/2298
f 2297/2297 2295/2295 2305/2305
f 2306/2306 2307/2307 2308/2308
f 2308/2308 2304/2304 2309/2309
f 2304/2304 2310/2310 2309/2309
f 2308/2308 2297/2297 2304/2304
f 2306/2306 2308/2308 2309/2309
f 2308/2308 2303/2303 2297/2297
f 2307/2307 2303/2303 2308/2308
f 2300/2300 2303/2303 2307/2307
f 2311/2311 2281/2281 2278/2278
f 2312/2312 2281/2281 2311/2311
f 2313/2313 2280/2280 2312/2312
f 2314/2314 2313/2313 2312/2312
f 2281/2281 2312/2312 2280/2280
f 2315/2315 2283/2283 2282/2282
f 2316/2316 2282/2282 2317/2317
f 2316/2316 2315/2315 2282/2282
f 2317/2317 2280/2280 2313/2313
f 2282/2282 2280/2280 2317/2317
f 2318/2318 2313/2313 2314/2314
f 2318/2318 2314/2314 2319/2319
f 2320/2320 2315/2315 2316/2316
f 2315/2315 2320/2320 2321/2321
f 2322/2322 2323/2323 2320/2320
f 2316/2316 2322/2322 2320/2320
f 2317/2317 2313/2313 2318/2318
f 2324/2324 2317/2317 2318/2318
f 2317/2317 2322/2322 2316/2316
f 2322/2322 2317/2317 2324/2324
f 2323/2323 2322/2322 2324/2324
f 2278/2278 2279/2279 2287/2287
f 2311/2311 2278/2278 2287/2287
f 2284/2284 2288/2288 2287/2287
f 2293/2293 2311/2311 2287/2287
f 2311/2311 2301/2301 2312/2312
f 2312/2312 2301/2301 2314/2314
f 2299/2299 2301/2301 2311/2311
f 2299/2299 2311/2311 2293/2293
f 2319/2319 2301/2301 2302/2302
f 2301/2301 2319/2319 2314/2314
f 500/500 497/497 498/498
f 2325/2325 500/500 498/498
f 2326/2326 500/500 2325/2325
f 498/498 2326/2326 2325/2325
f 500/500 2326/2326 502/502
f 500/500 502/502 499/499
f 2327/2327 502/502 2326/2326
f 2328/2328 502/502 2327/2327
f 2329/2329 2326/2326 2330/2330
f 2329/2329 2331/2331 2326/2326
f 2327/2327 2326/2326 2332/2332
f 2331/2331 2332/2332 2326/2326
f 2327/2327 2333/2333 2328/2328
f 2334/2334 2333/2333 2327/2327
f 2334/2334 2327/2327 2331/2331
f 2332/2332 2331/2331 2327/2327
f 2331/2331 2335/2335 2334/2334
f 502/502 2328/2328 506/506
f 2336/2336 506/506 2328/2328
f 2337/2337 506/506 2336/2336
f 2336/2336 2338/2338 2337/2337
f 2339/2339 2328/2328 2333/2333
f 2340/2340 2339/2339 2333/2333
f 2334/2334 2340/2340 2333/2333
f 2341/2341 2328/2328 2339/2339
f 2340/2340 2341/2341 2339/2339
f 2340/2340 2334/2334 2341/2341
f 2342/2342 2328/2328 2341/2341
f 2343/2343 2336/2336 2328/2328
f 2336/2336 2343/2343 2338/2338
f 2335/2335 2331/2331 2344/2344
f 2345/2345 2334/2334 2335/2335
f 2334/2334 2345/2345 2346/2346
f 2346/2346 2341/2341 2334/2334
f 2341/2341 2346/2346 2347/2347
f 2341/2341 2347/2347 2342/2342
f 2342/2342 2347/2347 2348/2348
f 2347/2347 2349/2349 2350/2350
f 2345/2345 2335/2335 2344/2344
f 2351/2351 2346/2346 2345/2345
f 2351/2351 2347/2347 2346/2346
f 2352/2352 2349/2349 2347/2347
f 2345/2345 2353/2353 2351/2351
f 2353/2353 2347/2347 2351/2351
f 2347/2347 2353/2353 2352/2352
f 2352/2352 2353/2353 2354/2354
f 2328/2328 2342/2342 2355/2355
f 2343/2343 2328/2328 2355/2355
f 2342/2342 2348/2348 2355/2355
f 2350/2350 2348/2348 2347/2347
f 2355/2355 2348/2348 2350/2350
f 2349/2349 2355/2355 2350/2350
f 2356/2356 2343/2343 2355/2355
f 2355/2355 2349/2349 2356/2356
f 2357/2357 2338/2338 2343/2343
f 2356/2356 2357/2357 2343/2343
f 2356/2356 2349/2349 2358/2358
f 2354/2354 2359/2359 2352/2352
f 2360/2360 2352/2352 2359/2359
f 2349/2349 2352/2352 2360/2360
f 2360/2360 2359/2359 2361/2361
f 2358/2358 2357/2357 2356/2356
f 2357/2357 2358/2358 2360/2360
f 2360/2360 2358/2358 2349/2349
f 2357/2357 2360/2360 2362/2362
f 2357/2357 2362/2362 2363/2363
f 2345/2345 2354/2354 2353/2353
f 2361/2361 2359/2359 2354/2354
f 2345/2345 2361/2361 2354/2354
f 2360/2360 2361/2361 2362/2362
f 2361/2361 2364/2364 2362/2362
f 2361/2361 2345/2345 2364/2364
f 2362/2362 2364/2364 2365/2365
f 498/498 440/440 441/441
f 441/441 2283/2283 498/498
f 498/498 2283/2283 2366/2366
f 2366/2366 2367/2367 498/498
f 498/498 2330/2330 2326/2326
f 2367/2367 2368/2368 2330/2330
f 2367/2367 2330/2330 498/498
f 2369/2369 2368/2368 2367/2367
f 2368/2368 2369/2369 2370/2370
f 2369/2369 2371/2371 2370/2370
f 2321/2321 2369/2369 2367/2367
f 2372/2372 2369/2369 2321/2321
f 2315/2315 2366/2366 2283/2283
f 2366/2366 2315/2315 2321/2321
f 2321/2321 2367/2367 2366/2366
f 2371/2371 2330/2330 2368/2368
f 2368/2368 2370/2370 2371/2371
f 2371/2371 2329/2329 2330/2330
f 2331/2331 2329/2329 2371/2371
f 2372/2372 2371/2371 2369/2369
f 2371/2371 2372/2372 2331/2331
f 2331/2331 2372/2372 2344/2344
f 2323/2323 2321/2321 2320/2320
f 2373/2373 2321/2321 2323/2323
f 2374/2374 2372/2372 2321/2321
f 2373/2373 2374/2374 2321/2321
f 2344/2344 2372/2372 2374/2374
f 2375/2375 2376/2376 2377/2377
f 2378/2378 2379/2379 2375/2375
f 2380/2380 2302/2302 2300/2300
f 2380/2380 2300/2300 2307/2307
f 2381/2381 2302/2302 2380/2380
f 2382/2382 2380/2380 2307/2307
f 2381/2381 2380/2380 2382/2382
f 2383/2383 2381/2381 2382/2382
f 2376/2376 2307/2307 2306/2306
f 2377/2377 2309/2309 2384/2384
f 2377/2377 2306/2306 2309/2309
f 2376/2376 2306/2306 2377/2377
f 2382/2382 2307/2307 2379/2379
f 2379/2379 2307/2307 2376/2376
f 2379/2379 2376/2376 2375/2375
f 2378/2378 2375/2375 2385/2385
f 2386/2386 2378/2378 2385/2385
f 2387/2387 2388/2388 2389/2389
f 2388/2388 2378/2378 2389/2389
f 2389/2389 2378/2378 2386/2386
f 2382/2382 2379/2379 2390/2390
f 2383/2383 2382/2382 2390/2390
f 2391/2391 2383/2383 2390/2390
f 2391/2391 2392/2392 2383/2383
f 2391/2391 2393/2393 2392/2392
f 2390/2390 2379/2379 2388/2388
f 2388/2388 2379/2379 2378/2378
f 2387/2387 2390/2390 2388/2388
f 2391/2391 2390/2390 2387/2387
f 2319/2319 2394/2394 2318/2318
f 2394/2394 2395/2395 2318/2318
f 2324/2324 2318/2318 2395/2395
f 2392/2392 2395/2395 2394/2394
f 2323/2323 2324/2324 2396/2396
f 2395/2395 2392/2392 2397/2397
f 2398/2398 2395/2395 2397/2397
f 2398/2398 2324/2324 2395/2395
f 2396/2396 2324/2324 2398/2398
f 2398/2398 2399/2399 2396/2396
f 2396/2396 2399/2399 2400/2400
f 2394/2394 2319/2319 2302/2302
f 2394/2394 2302/2302 2381/2381
f 2381/2381 2383/2383 2394/2394
f 2394/2394 2383/2383 2392/2392
f 2401/2401 2386/2386 2402/2402
f 2401/2401 2403/2403 2404/2404
f 2403/2403 2401/2401 2405/2405
f 2406/2406 2404/2404 2403/2403
f 2405/2405 2408/2408 2403/2403
f 2408/2408 2406/2406 2403/2403
f 2387/2387 2389/2389 2404/2404
f 2409/2409 2387/2387 2406/2406
f 2404/2404 2389/2389 2401/2401
f 2389/2389 2386/2386 2401/2401
f 2406/2406 2387/2387 2404/2404
f 2410/2410 2411/2411 2407/2407
f 2412/2412 2406/2406 2413/2413
f 2409/2409 2406/2406 2412/2412
f 2414/2414 2413/2413 2415/2415
f 2416/2416 2414/2414 2417/2417
f 2418/2418 2413/2413 2414/2414
f 2413/2413 2418/2418 2419/2419
f 2420/2420 2406/2406 2411/2411
f 2415/2415 2420/2420 2411/2411
f 2414/2414 2411/2411 2410/2410
f 2414/2414 2415/2415 2411/2411
f 2408/2408 2411/2411 2406/2406
f 2413/2413 2406/2406 2420/2420
f 2420/2420 2415/2415 2413/2413
f 2417/2417 2414/2414 2410/2410
f 2421/2421 2391/2391 2409/2409
f 2393/2393 2391/2391 2421/2421
f 2397/2397 2393/2393 2422/2422
f 2423/2423 2422/2422 2393/2393
f 2423/2423 2393/2393 2421/2421
f 2424/2424 2425/2425 2422/2422
f 2409/2409 2391/2391 2387/2387
f 2412/2412 2421/2421 2409/2409
f 2423/2423 2421/2421 2412/2412
f 2426/2426 2423/2423 2412/2412
f 2412/2412 2419/2419 2426/2426
f 2419/2419 2412/2412 2413/2413
f 2427/2427 2414/2414 2416/2416
f 2427/2427 2418/2418 2414/2414
f 2433/2433 2434/2434 2435/2435
f 2424/2424 2423/2423 2426/2426
f 2426/2426 2438/2438 2424/2424
f 2434/2434 2424/2424 2438/2438
f 2423/2423 2424/2424 2422/2422
f 2434/2434 2425/2425 2424/2424
f 2439/2439 2440/2440 2433/2433
f 2440/2440 2434/2434 2433/2433
f 2441/2441 2434/2434 2440/2440
f 2433/2433 2418/2418 2427/2427
f 2418/2418 2435/2435 2419/2419
f 2426/2426 2419/2419 2438/2438
f 2435/2435 2438/2438 2419/2419
f 2434/2434 2438/2438 2435/2435
f 2418/2418 2433/2433 2435/2435
f 2399/2399 2443/2443 2400/2400
f 2444/2444 2400/2400 2443/2443
f 2445/2445 2444/2444 2443/2443
f 2446/2446 2397/2397 2422/2422
f 2446/2446 2398/2398 2397/2397
f 2446/2446 2422/2422 2425/2425
f 2399/2399 2398/2398 2446/2446
f 2447/2447 2425/2425 2434/2434
f 2448/2448 2425/2425 2447/2447
f 2441/2441 2440/2440 2449/2449
f 2441/2441 2449/2449 2448/2448
f 2448/2448 2447/2447 2441/2441
f 2441/2441 2447/2447 2434/2434
f 2425/2425 2448/2448 2450/2450
f 2425/2425 2451/2451 2446/2446
f 2450/2450 2451/2451 2425/2425
f 2452/2452 2449/2449 2440/2440
f 2439/2439 2452/2452 2440/2440
f 2449/2449 2453/2453 2448/2448
f 2452/2452 2454/2454 2449/2449
f 2456/2456 2445/2445 2451/2451
f 2451/2451 2450/2450 2456/2456
f 2457/2457 2456/2456 2450/2450
f 2458/2458 2459/2459 2454/2454
f 2454/2454 2459/2459 2460/2460
f 2450/2450 2448/2448 2453/2453
f 2449/2449 2454/2454 2453/2453
f 2460/2460 2450/2450 2453/2453
f 2460/2460 2457/2457 2450/2450
f 2453/2453 2454/2454 2460/2460
f 2458/2458 2454/2454 2452/2452
f 2443/2443 2399/2399 2446/2446
f 2445/2445 2446/2446 2451/2451
f 2443/2443 2446/2446 2445/2445
f 2461/2461 2457/2457 2460/2460
f 2462/2462 2456/2456 2457/2457
f 2458/2458 2461/2461 2459/2459
f 2460/2460 2459/2459 2461/2461
f 2457/2457 2461/2461 2462/2462
f 2463/2463 2461/2461 2458/2458
f 2464/2464 2462/2462 2461/2461
f 2462/2462 2465/2465 2456/2456
f 2464/2464 2465/2465 2462/2462
f 2463/2463 2464/2464 2461/2461
f 2466/2466 2464/2464 2463/2463
f 2465/2465 2464/2464 2467/2467
f 2466/2466 2467/2467 2464/2464
f 2468/2468 2465/2465 2467/2467
f 2469/2469 2445/2445 2456/2456
f 2456/2456 2465/2465 2470/2470
f 2471/2471 2456/2456 2470/2470
f 2471/2471 2469/2469 2456/2456
f 2465/2465 2468/2468 2470/2470
f 2472/2472 2374/2374 2373/2373
f 2373/2373 2323/2323 2396/2396
f 2472/2472 2373/2373 2396/2396
f 2344/2344 2374/2374 2472/2472
f 2472/2472 2396/2396 2400/2400
f 2472/2472 2473/2473 2344/2344
f 2345/2345 2344/2344 2473/2473
f 2345/2345 2473/2473 2364/2364
f 2364/2364 2474/2474 2365/2365
f 2472/2472 2400/2400 2475/2475
f 2444/2444 2476/2476 2400/2400
f 2476/2476 2475/2475 2400/2400
f 2473/2473 2472/2472 2475/2475
f 2444/2444 2445/2445 2469/2469
f 2469/2469 2477/2477 2444/2444
f 2478/2478 2477/2477 2469/2469
f 2478/2478 2479/2479 2477/2477
f 2479/2479 2476/2476 2444/2444
f 2479/2479 2480/2480 2476/2476
f 2444/2444 2477/2477 2479/2479
f 2481/2481 2476/2476 2480/2480
f 2481/2481 2475/2475 2476/2476
f 2480/2480 2482/2482 2481/2481
f 2471/2471 2478/2478 2469/2469
f 2473/2473 2475/2475 2364/2364
f 2364/2364 2475/2475 2481/2481
f 2474/2474 2364/2364 2483/2483
f 2474/2474 2483/2483 2484/2484
f 2364/2364 2481/2481 2482/2482
f 2364/2364 2482/2482 2485/2485
f 2485/2485 2483/2483 2364/2364
f 2484/2484 2483/2483 2486/2486
f 2458/2458 2466/2466 2463/2463
f 2515/2515 2466/2466 2458/2458
f 2516/2516 2517/2517 2515/2515
f 2515/2515 2467/2467 2466/2466
f 2515/2515 2517/2517 2467/2467
f 2467/2467 2517/2517 2468/2468
f 2518/2518 2468/2468 2517/2517
f 2518/2518 2519/2519 2468/2468
f 2470/2470 2519/2519 2471/2471
f 2516/2516 2518/2518 2517/2517
f 2520/2520 2518/2518 2516/2516
f 2470/2470 2468/2468 2519/2519
f 2568/2568 2479/2479 2478/2478
f 2569/2569 2570/2570 2571/2571
f 2572/2572 2480/2480 2479/2479
f 2568/2568 2572/2572 2479/2479
f 2573/2573 2568/2568 2575/2575
f 2480/2480 2572/2572 2482/2482
f 2572/2572 2568/2568 2577/2577
f 2572/2572 2577/2577 2578/2578
f 2569/2569 2579/2579 2570/2570
f 2569/2569 2574/2574 2579/2579
f 2569/2569 2580/2580 2574/2574
f 2581/2581 2568/2568 2573/2573
f 2574/2574 2580/2580 2581/2581
f 2580/2580 2569/2569 2582/2582
f 2582/2582 2583/2583 2580/2580
f 2568/2568 2581/2581 2584/2584
f 2584/2584 2577/2577 2568/2568
f 2583/2583 2585/2585 2580/2580
f 2581/2581 2580/2580 2585/2585
f 2585/2585 2584/2584 2581/2581
f 2586/2586 2582/2582 2569/2569
f 2586/2586 2583/2583 2582/2582
f 2588/2588 2583/2583 2586/2586
f 2588/2588 2585/2585 2583/2583
f 2588/2588 2589/2589 2585/2585
f 2590/2590 2471/2471 2519/2519
f 2518/2518 2590/2590 2519/2519
f 2591/2591 2590/2590 2518/2518
f 2478/2478 2471/2471 2575/2575
f 2590/2590 2576/2576 2471/2471
f 2520/2520 2591/2591 2518/2518
f 2520/2520 2571/2571 2591/2591
f 2575/2575 2568/2568 2478/2478
f 2579/2579 2576/2576 2590/2590
f 2591/2591 2579/2579 2590/2590
f 2570/2570 2579/2579 2591/2591
f 2591/2591 2571/2571 2570/2570
f 2579/2579 2574/2574 2576/2576
f 2572/2572 2578/2578 2482/2482
f 2578/2578 2485/2485 2482/2482
f 2597/2597 2485/2485 2578/2578
f 2584/2584 2598/2598 2577/2577
f 2599/2599 2584/2584 2585/2585
f 2599/2599 2598/2598 2584/2584
f 2600/2600 2578/2578 2577/2577
f 2601/2601 2600/2600 2577/2577
f 2601/2601 2577/2577 2598/2598
f 2599/2599 2585/2585 2589/2589
f 2598/2598 2599/2599 2601/2601
f 2602/2602 2601/2601 2599/2599
f 2589/2589 2602/2602 2599/2599
f 2602/2602 2589/2589 2603/2603
f 2600/2600 2597/2597 2578/2578
f 2601/2601 2604/2604 2600/2600
f 2602/2602 2605/2605 2601/2601
f 2606/2606 2605/2605 2602/2602
f 2602/2602 2603/2603 2606/2606
f 2607/2607 2600/2600 2604/2604
f 2608/2608 2605/2605 2606/2606
f 2609/2609 2483/2483 2485/2485
f 2597/2597 2609/2609 2485/2485
f 2609/2609 2486/2486 2483/2483
f 2610/2610 2484/2484 2486/2486
f 2611/2611 2486/2486 2609/2609
f 2609/2609 2612/2612 2611/2611
f 2613/2613 2614/2614 2609/2609
f 2597/2597 2613/2613 2609/2609
f 2600/2600 2607/2607 2615/2615
f 2617/2617 2597/2597 2600/2600
f 2600/2600 2615/2615 2617/2617
f 2617/2617 2613/2613 2597/2597
f 2612/2612 2609/2609 2614/2614
f 2613/2613 2612/2612 2614/2614
f 2612/2612 2613/2613 2611/2611
f 2611/2611 2613/2613 2486/2486
f 2610/2610 2486/2486 2618/2618
f 2613/2613 2618/2618 2486/2486
f 2618/2618 2613/2613 2619/2619
f 2603/2603 2589/2589 2621/2621
f 2603/2603 2608/2608 2606/2606
f 2624/2624 2616/2616 2608/2608
f 2603/2603 2624/2624 2608/2608
f 2625/2625 2616/2616 2624/2624
f 2624/2624 2603/2603 2626/2626
f 2603/2603 2621/2621 2626/2626
f 2627/2627 2625/2625 2626/2626
f 2626/2626 2625/2625 2624/2624
f 2629/2629 2616/2616 2625/2625
f 2617/2617 2615/2615 2630/2630
f 2617/2617 2619/2619 2613/2613
f 2631/2631 2629/2629 2625/2625
f 2632/2632 2631/2631 2625/2625
f 2627/2627 2626/2626 2628/2628
f 2628/2628 2632/2632 2627/2627
f 2632/2632 2625/2625 2627/2627
f 2633/2633 2634/2634 2632/2632
f 2392/2392 2393/2393 2397/2397
f 2713/2713 2716/2716 2717/2717
f 2292/2292 2290/2290 2743/2743
f 2744/2744 2745/2745 2743/2743
f 2745/2745 2292/2292 2743/2743
f 2746/2746 2292/2292 2745/2745
f 2747/2747 2745/2745 2744/2744
f 2747/2747 2744/2744 2748/2748
f 2749/2749 2750/2750 2748/2748
f 2750/2750 2749/2749 2751/2751
f 2751/2751 2749/2749 2752/2752
f 854/854 852/852 855/855
f 855/855 2743/2743 854/854
f 2743/2743 855/855 861/861
f 2290/2290 2286/2286 854/854
f 2290/2290 854/854 2743/2743
f 862/862 2753/2753 860/860
f 860/860 2753/2753 861/861
f 2753/2753 862/862 863/863
f 2754/2754 2743/2743 861/861
f 2755/2755 861/861 2753/2753
f 2755/2755 2753/2753 2756/2756
f 2754/2754 861/861 2755/2755
f 2743/2743 2754/2754 2744/2744
f 2754/2754 2748/2748 2744/2744
f 2748/2748 2754/2754 2755/2755
f 2753/2753 863/863 2757/2757
f 2757/2757 863/863 864/864
f 2757/2757 864/864 874/874
f 2756/2756 2753/2753 2757/2757
f 2757/2757 874/874 2758/2758
f 875/875 2758/2758 874/874
f 2758/2758 875/875 2759/2759
f 875/875 878/878 2759/2759
f 881/881 2759/2759 878/878
f 2756/2756 2757/2757 2755/2755
f 2749/2749 2755/2755 2752/2752
f 2755/2755 2757/2757 2760/2760
f 2760/2760 2757/2757 2758/2758
f 2752/2752 2755/2755 2760/2760
f 2748/2748 2755/2755 2749/2749
f 2761/2761 2752/2752 2762/2762
f 2760/2760 2758/2758 2763/2763
f 2763/2763 2758/2758 2759/2759
f 2764/2764 2759/2759 2765/2765
f 2766/2766 2763/2763 2759/2759
f 2766/2766 2759/2759 2764/2764
f 2760/2760 2762/2762 2752/2752
f 2760/2760 2767/2767 2762/2762
f 2763/2763 2767/2767 2760/2760
f 2763/2763 2766/2766 2767/2767
f 2767/2767 2766/2766 2768/2768
f 2746/2746 2769/2769 2296/2296
f 2292/2292 2746/2746 2296/2296
f 2746/2746 2745/2745 2747/2747
f 2746/2746 2747/2747 2770/2770
f 2770/2770 2769/2769 2746/2746
f 2296/2296 2769/2769 2771/2771
f 2770/2770 2772/2772 2769/2769
f 2771/2771 2769/2769 2772/2772
f 2747/2747 2772/2772 2770/2770
f 2748/2748 2750/2750 2747/2747
f 2773/2773 2747/2747 2750/2750
f 2772/2772 2774/2774 2775/2775
f 2774/2774 2776/2776 2777/2777
f 2772/2772 2747/2747 2773/2773
f 2774/2774 2772/2772 2773/2773
f 2774/2774 2773/2773 2776/2776
f 2778/2778 2779/2779 2780/2780
f 2781/2781 2779/2779 2782/2782
f 2779/2779 2781/2781 2780/2780
f 2782/2782 2783/2783 2784/2784
f 2784/2784 2781/2781 2782/2782
f 2310/2310 2298/2298 2771/2771
f 2304/2304 2298/2298 2310/2310
f 2772/2772 2775/2775 2771/2771
f 2771/2771 2785/2785 2310/2310
f 2785/2785 2771/2771 2775/2775
f 2771/2771 2298/2298 2296/2296
f 2309/2309 2786/2786 2384/2384
f 2786/2786 2309/2309 2310/2310
f 2786/2786 2310/2310 2785/2785
f 2785/2785 2779/2779 2778/2778
f 2785/2785 2778/2778 2786/2786
f 2775/2775 2774/2774 2777/2777
f 2775/2775 2779/2779 2785/2785
f 2775/2775 2782/2782 2779/2779
f 2775/2775 2777/2777 2782/2782
f 2777/2777 2783/2783 2782/2782
f 2776/2776 2783/2783 2777/2777
f 2773/2773 2750/2750 2751/2751
f 2752/2752 2761/2761 2751/2751
f 2787/2787 2788/2788 2751/2751
f 2761/2761 2787/2787 2751/2751
f 2789/2789 2790/2790 2776/2776
f 2791/2791 2790/2790 2788/2788
f 2776/2776 2773/2773 2789/2789
f 2773/2773 2751/2751 2789/2789
f 2788/2788 2789/2789 2751/2751
f 2789/2789 2788/2788 2790/2790
f 2787/2787 2761/2761 2792/2792
f 2792/2792 2793/2793 2794/2794
f 2794/2794 2795/2795 2792/2792
f 2796/2796 2797/2797 2791/2791
f 2796/2796 2788/2788 2787/2787
f 2792/2792 2796/2796 2787/2787
f 2791/2791 2788/2788 2796/2796
f 2796/2796 2792/2792 2798/2798
f 2795/2795 2798/2798 2792/2792
f 2796/2796 2798/2798 2797/2797
f 2799/2799 2784/2784 2783/2783
f 2784/2784 2799/2799 2800/2800
f 2800/2800 2799/2799 2801/2801
f 2801/2801 2799/2799 2802/2802
f 2791/2791 2802/2802 2799/2799
f 2803/2803 2804/2804 2802/2802
f 2802/2802 2804/2804 2805/2805
f 2802/2802 2805/2805 2801/2801
f 2804/2804 2806/2806 2805/2805
f 2804/2804 2807/2807 2806/2806
f 2776/2776 2799/2799 2783/2783
f 2791/2791 2776/2776 2790/2790
f 2799/2799 2776/2776 2791/2791
f 2791/2791 2797/2797 2803/2803
f 2802/2802 2791/2791 2803/2803
f 2808/2808 2803/2803 2797/2797
f 2808/2808 2797/2797 2798/2798
f 2803/2803 2808/2808 2804/2804
f 2761/2761 2762/2762 2767/2767
f 2793/2793 2792/2792 2761/2761
f 2767/2767 2793/2793 2761/2761
f 2793/2793 2767/2767 2768/2768
f 2794/2794 2793/2793 2768/2768
f 882/882 881/881 877/877
f 881/881 882/882 2809/2809
f 2809/2809 882/882 886/886
f 2809/2809 886/886 2810/2810
f 2765/2765 2759/2759 881/881
f 2812/2812 2765/2765 881/881
f 2809/2809 2812/2812 881/881
f 2812/2812 2809/2809 2813/2813
f 2813/2813 2809/2809 2810/2810
f 2811/2811 885/885 2814/2814
f 2765/2765 2815/2815 2816/2816
f 2817/2817 2818/2818 2768/2768
f 2818/2818 2817/2817 2819/2819
f 2768/2768 2766/2766 2764/2764
f 2817/2817 2764/2764 2765/2765
f 2768/2768 2764/2764 2817/2817
f 2817/2817 2765/2765 2816/2816
f 2816/2816 2820/2820 2817/2817
f 2817/2817 2820/2820 2819/2819
f 2816/2816 2815/2815 2821/2821
f 2821/2821 2815/2815 2823/2823
f 2815/2815 2765/2765 2812/2812
f 2813/2813 2815/2815 2812/2812
f 2813/2813 2810/2810 2824/2824
f 2826/2826 2825/2825 2811/2811
f 2814/2814 2826/2826 2811/2811
f 2815/2815 2824/2824 2823/2823
f 2824/2824 2815/2815 2813/2813
f 2825/2825 2826/2826 2827/2827
f 2827/2827 2828/2828 2825/2825
f 2828/2828 2827/2827 2829/2829
f 2830/2830 2826/2826 2831/2831
f 2827/2827 2826/2826 2830/2830
f 2798/2798 2795/2795 2832/2832
f 2798/2798 2832/2832 2833/2833
f 2834/2834 2835/2835 2832/2832
f 2836/2836 2833/2833 2832/2832
f 2835/2835 2836/2836 2832/2832
f 2837/2837 2835/2835 2838/2838
f 2835/2835 2837/2837 2836/2836
f 2798/2798 2839/2839 2808/2808
f 2839/2839 2798/2798 2833/2833
f 2839/2839 2804/2804 2808/2808
f 2839/2839 2807/2807 2804/2804
f 2840/2840 2839/2839 2841/2841
f 2839/2839 2833/2833 2836/2836
f 2837/2837 2841/2841 2836/2836
f 2836/2836 2841/2841 2839/2839
f 2839/2839 2840/2840 2807/2807
f 2842/2842 2807/2807 2840/2840
f 2842/2842 2840/2840 2843/2843
f 2843/2843 2840/2840 2841/2841
f 2844/2844 2837/2837 2845/2845
f 2844/2844 2841/2841 2837/2837
f 2841/2841 2844/2844 2843/2843
f 2846/2846 2844/2844 2847/2847
f 2845/2845 2847/2847 2844/2844
f 2847/2847 2849/2849 2850/2850
f 2842/2842 2843/2843 2852/2852
f 2852/2852 2843/2843 2853/2853
f 2843/2843 2844/2844 2846/2846
f 2843/2843 2846/2846 2853/2853
f 2853/2853 2846/2846 2854/2854
f 2847/2847 2854/2854 2846/2846
f 2854/2854 2847/2847 2850/2850
f 2855/2855 2851/2851 2856/2856
f 2818/2818 2794/2794 2768/2768
f 2818/2818 2834/2834 2795/2795
f 2834/2834 2818/2818 2857/2857
f 2858/2858 2857/2857 2819/2819
f 2857/2857 2818/2818 2819/2819
f 2819/2819 2820/2820 2858/2858
f 2795/2795 2794/2794 2818/2818
f 2832/2832 2795/2795 2834/2834
f 2835/2835 2834/2834 2838/2838
f 2857/2857 2838/2838 2834/2834
f 2816/2816 2821/2821 2859/2859
f 2820/2820 2816/2816 2859/2859
f 2858/2858 2820/2820 2859/2859
f 2859/2859 2821/2821 2823/2823
f 2858/2858 2859/2859 2860/2860
f 2823/2823 2860/2860 2859/2859
f 2861/2861 2822/2822 2828/2828
f 2828/2828 2862/2862 2861/2861
f 2857/2857 2858/2858 2863/2863
f 2838/2838 2857/2857 2863/2863
f 2837/2837 2838/2838 2845/2845
f 2863/2863 2845/2845 2838/2838
f 2864/2864 2845/2845 2863/2863
f 2864/2864 2863/2863 2858/2858
f 2858/2858 2860/2860 2864/2864
f 2865/2865 2861/2861 2862/2862
f 2866/2866 2865/2865 2862/2862
f 2822/2822 2825/2825 2828/2828
f 2828/2828 2866/2866 2862/2862
f 2830/2830 2829/2829 2827/2827
f 2849/2849 2847/2847 2845/2845
f 2845/2845 2864/2864 2849/2849
f 2866/2866 2829/2829 2867/2867
f 2866/2866 2828/2828 2829/2829
f 2831/2831 2868/2868 2869/2869
f 2830/2830 2831/2831 2869/2869
f 2829/2829 2830/2830 2870/2870
f 2830/2830 2869/2869 2870/2870
f 2871/2871 2869/2869 2872/2872
f 2865/2865 2866/2866 2848/2848
f 2873/2873 2848/2848 2866/2866
f 2873/2873 2866/2866 2867/2867
f 2874/2874 2873/2873 2867/2867
f 2874/2874 2867/2867 2875/2875
f 2876/2876 2851/2851 2848/2848
f 2873/2873 2876/2876 2848/2848
f 2856/2856 2851/2851 2876/2876
f 2873/2873 2874/2874 2876/2876
f 2876/2876 2877/2877 2856/2856
f 2877/2877 2876/2876 2874/2874
f 2878/2878 2874/2874 2875/2875
f 2879/2879 2878/2878 2875/2875
f 2867/2867 2829/2829 2870/2870
f 2875/2875 2867/2867 2870/2870
f 2875/2875 2870/2870 2869/2869
f 2869/2869 2879/2879 2875/2875
f 2869/2869 2871/2871 2879/2879
f 2880/2880 2879/2879 2871/2871
f 2871/2871 2881/2881 2880/2880
f 2880/2880 2881/2881 2882/2882
f 2883/2883 2879/2879 2880/2880
f 885/885 938/938 2814/2814
f 2814/2814 938/938 2884/2884
f 938/938 937/937 2884/2884
f 2884/2884 937/937 939/939
f 2884/2884 939/939 2885/2885
f 2826/2826 2814/2814 2886/2886
f 2886/2886 2884/2884 2885/2885
f 2886/2886 2814/2814 2884/2884
f 2887/2887 2885/2885 2888/2888
f 942/942 2889/2889 941/941
f 941/941 2890/2890 939/939
f 2889/2889 942/942 943/943
f 943/943 2891/2891 2889/2889
f 2888/2888 2885/2885 939/939
f 2890/2890 2888/2888 939/939
f 2889/2889 2890/2890 941/941
f 2891/2891 2892/2892 2889/2889
f 2893/2893 2886/2886 2885/2885
f 2893/2893 2885/2885 2887/2887
f 2826/2826 2886/2886 2831/2831
f 2893/2893 2831/2831 2886/2886
f 2890/2890 2889/2889 2892/2892
f 2890/2890 2892/2892 2894/2894
f 2895/2895 2892/2892 2891/2891
f 2890/2890 2887/2887 2888/2888
f 2887/2887 2890/2890 2896/2896
f 2831/2831 2893/2893 2897/2897
f 2831/2831 2897/2897 2868/2868
f 2897/2897 2893/2893 2898/2898
f 2887/2887 2898/2898 2893/2893
f 2887/2887 2896/2896 2898/2898
f 2898/2898 2896/2896 2899/2899
f 2899/2899 2897/2897 2898/2898
f 2896/2896 2890/2890 2894/2894
f 2900/2900 2894/2894 2892/2892
f 2892/2892 2895/2895 2900/2900
f 2901/2901 2894/2894 2900/2900
f 2901/2901 2900/2900 2902/2902
f 2901/2901 2903/2903 2894/2894
f 2904/2904 2896/2896 2894/2894
f 2904/2904 2894/2894 2903/2903
f 2903/2903 2901/2901 2905/2905
f 2901/2901 2902/2902 2905/2905
f 2906/2906 943/943 962/962
f 962/962 963/963 2906/2906
f 963/963 965/965 2907/2907
f 2908/2908 963/963 2907/2907
f 2907/2907 965/965 2909/2909
f 2910/2910 2909/2909 964/964
f 2910/2910 964/964 969/969
f 2911/2911 969/969 970/970
f 2910/2910 969/969 2911/2911
f 2910/2910 2912/2912 2909/2909
f 2910/2910 2913/2913 2912/2912
f 2913/2913 2910/2910 2911/2911
f 2912/2912 2913/2913 2911/2911
f 2911/2911 970/970 976/976
f 2907/2907 2912/2912 2914/2914
f 2911/2911 2914/2914 2912/2912
f 2915/2915 2907/2907 2914/2914
f 2916/2916 2914/2914 2917/2917
f 2916/2916 2918/2918 2914/2914
f 2918/2918 2916/2916 2919/2919
f 2891/2891 943/943 2906/2906
f 2895/2895 2891/2891 2906/2906
f 2920/2920 2906/2906 2908/2908
f 2920/2920 2895/2895 2906/2906
f 2920/2920 2907/2907 2915/2915
f 2895/2895 2902/2902 2900/2900
f 2902/2902 2895/2895 2921/2921
f 2921/2921 2895/2895 2920/2920
f 2902/2902 2921/2921 2922/2922
f 2923/2923 2902/2902 2922/2922
f 2920/2920 2915/2915 2924/2924
f 2921/2921 2920/2920 2924/2924
f 2922/2922 2921/2921 2924/2924
f 2905/2905 2902/2902 2923/2923
f 2925/2925 2922/2922 2926/2926
f 2925/2925 2923/2923 2922/2922
f 2922/2922 2924/2924 2926/2926
f 2918/2918 2915/2915 2914/2914
f 2915/2915 2918/2918 2924/2924
f 2924/2924 2918/2918 2926/2926
f 2927/2927 2926/2926 2918/2918
f 2928/2928 2918/2918 2929/2929
f 2928/2928 2930/2930 2918/2918
f 2899/2899 2868/2868 2897/2897
f 2931/2931 2868/2868 2899/2899
f 2932/2932 2899/2899 2896/2896
f 2931/2931 2899/2899 2932/2932
f 2931/2931 2869/2869 2868/2868
f 2872/2872 2869/2869 2931/2931
f 2933/2933 2931/2931 2932/2932
f 2932/2932 2896/2896 2904/2904
f 2932/2932 2904/2904 2933/2933
f 2934/2934 2904/2904 2903/2903
f 2933/2933 2904/2904 2934/2934
f 2905/2905 2934/2934 2903/2903
f 2935/2935 2934/2934 2905/2905
f 2935/2935 2933/2933 2934/2934
f 2935/2935 2936/2936 2933/2933
f 2937/2937 2933/2933 2936/2936
f 2937/2937 2936/2936 2935/2935
f 2935/2935 2905/2905 2923/2923
f 2871/2871 2872/2872 2881/2881
f 2931/2931 2938/2938 2872/2872
f 2938/2938 2931/2931 2933/2933
f 2881/2881 2939/2939 2882/2882
f 2872/2872 2938/2938 2881/2881
f 2939/2939 2881/2881 2938/2938
f 2940/2940 2938/2938 2933/2933
f 2939/2939 2938/2938 2940/2940
f 2941/2941 2939/2939 2940/2940
f 2942/2942 2939/2939 2941/2941
f 2943/2943 2942/2942 2941/2941
f 2937/2937 2940/2940 2933/2933
f 2944/2944 2937/2937 2935/2935
f 2944/2944 2935/2935 2923/2923
f 2945/2945 2944/2944 2923/2923
f 2940/2940 2937/2937 2944/2944
f 2940/2940 2944/2944 2941/2941
f 2944/2944 2943/2943 2941/2941
f 2946/2946 2944/2944 2945/2945
f 2944/2944 2946/2946 2943/2943
f 2926/2926 2947/2947 2925/2925
f 2947/2947 2926/2926 2927/2927
f 2948/2948 2923/2923 2925/2925
f 2945/2945 2923/2923 2948/2948
f 2925/2925 2947/2947 2948/2948
f 2948/2948 2947/2947 2949/2949
f 2948/2948 2949/2949 2950/2950
f 2951/2951 2927/2927 2930/2930
f 2951/2951 2930/2930 2928/2928
f 2947/2947 2927/2927 2951/2951
f 2947/2947 2951/2951 2949/2949
f 2928/2928 2950/2950 2951/2951
f 2949/2949 2951/2951 2950/2950
f 2928/2928 2929/2929 2950/2950
f 2952/2952 2929/2929 2953/2953
f 2950/2950 2929/2929 2952/2952
f 2952/2952 2954/2954 2950/2950
f 2955/2955 2945/2945 2948/2948
f 2955/2955 2948/2948 2950/2950
f 2955/2955 2950/2950 2954/2954
f 2952/2952 2956/2956 2954/2954
f 2955/2955 2954/2954 2957/2957
f 2958/2958 2955/2955 2957/2957
f 2377/2377 2384/2384 2959/2959
f 2960/2960 2778/2778 2961/2961
f 2962/2962 2778/2778 2780/2780
f 2962/2962 2961/2961 2778/2778
f 2960/2960 2786/2786 2778/2778
f 2960/2960 2384/2384 2786/2786
f 2384/2384 2960/2960 2959/2959
f 2962/2962 2960/2960 2961/2961
f 2963/2963 2959/2959 2960/2960
f 2964/2964 2965/2965 2959/2959
f 2963/2963 2966/2966 2964/2964
f 2964/2964 2959/2959 2963/2963
f 2965/2965 2377/2377 2959/2959
f 2375/2375 2377/2377 2965/2965
f 2963/2963 2962/2962 2967/2967
f 2784/2784 2968/2968 2967/2967
f 2780/2780 2967/2967 2962/2962
f 2962/2962 2963/2963 2960/2960
f 2967/2967 2780/2780 2781/2781
f 2781/2781 2784/2784 2967/2967
f 2784/2784 2800/2800 2968/2968
f 2969/2969 2963/2963 2967/2967
f 2963/2963 2969/2969 2966/2966
f 2969/2969 2967/2967 2968/2968
f 2969/2969 2970/2970 2971/2971
f 2972/2972 2385/2385 2965/2965
f 2964/2964 2972/2972 2965/2965
f 2966/2966 2973/2973 2964/2964
f 2973/2973 2966/2966 2974/2974
f 2973/2973 2972/2972 2964/2964
f 2375/2375 2965/2965 2385/2385
f 2386/2386 2385/2385 2975/2975
f 2975/2975 2385/2385 2972/2972
f 2402/2402 2386/2386 2975/2975
f 2976/2976 2402/2402 2975/2975
f 2975/2975 2972/2972 2973/2973
f 2976/2976 2975/2975 2973/2973
f 2402/2402 2976/2976 2977/2977
f 2973/2973 2974/2974 2976/2976
f 2977/2977 2976/2976 2974/2974
f 2971/2971 2966/2966 2969/2969
f 2978/2978 2966/2966 2971/2971
f 2978/2978 2974/2974 2966/2966
f 2970/2970 2979/2979 2971/2971
f 2971/2971 2979/2979 2978/2978
f 2980/2980 2981/2981 2978/2978
f 2981/2981 2974/2974 2978/2978
f 2977/2977 2974/2974 2981/2981
f 2982/2982 2977/2977 2981/2981
f 2982/2982 2981/2981 2983/2983
f 2713/2713 2983/2983 2714/2714
f 2980/2980 2978/2978 2979/2979
f 2980/2980 2983/2983 2981/2981
f 2980/2980 2979/2979 2984/2984
f 2985/2985 2980/2980 2986/2986
f 2983/2983 2980/2980 2985/2985
f 2714/2714 2983/2983 2985/2985
f 2968/2968 2801/2801 2987/2987
f 2987/2987 2801/2801 2988/2988
f 2805/2805 2988/2988 2801/2801
f 2801/2801 2968/2968 2800/2800
f 2968/2968 2970/2970 2969/2969
f 2968/2968 2987/2987 2970/2970
f 2984/2984 2970/2970 2987/2987
f 2984/2984 2987/2987 2989/2989
f 2987/2987 2988/2988 2989/2989
f 2988/2988 2805/2805 2806/2806
f 2990/2990 2806/2806 2807/2807
f 2991/2991 2988/2988 2806/2806
f 2991/2991 2806/2806 2990/2990
f 2988/2988 2991/2991 2992/2992
f 2992/2992 2991/2991 2993/2993
f 2994/2994 2992/2992 2993/2993
f 2970/2970 2984/2984 2979/2979
f 2995/2995 2986/2986 2996/2996
f 2986/2986 2984/2984 2996/2996
f 2996/2996 2984/2984 2997/2997
f 2980/2980 2984/2984 2986/2986
f 2986/2986 2995/2995 2985/2985
f 2714/2714 2985/2985 2995/2995
f 2714/2714 2995/2995 2730/2730
f 2995/2995 2996/2996 2730/2730
f 2996/2996 2998/2998 2730/2730
f 2989/2989 2988/2988 2997/2997
f 2997/2997 2988/2988 2992/2992
f 2989/2989 2997/2997 2984/2984
f 2996/2996 2997/2997 2999/2999
f 2996/2996 2999/2999 2998/2998
f 2998/2998 2999/2999 3000/3000
f 2999/2999 2997/2997 3001/3001
f 3001/3001 2997/2997 2992/2992
f 2992/2992 2994/2994 3001/3001
f 2994/2994 2999/2999 3001/3001
f 3000/3000 2999/2999 2994/2994
f 3002/3002 3000/3000 2994/2994
f 3003/3003 3000/3000 3002/3002
f 2998/2998 3000/3000 3003/3003
f 3004/3004 3005/3005 3006/3006
f 2401/2401 2402/2402 2405/2405
f 2402/2402 3007/3007 2405/2405
f 2405/2405 3007/3007 3005/3005
f 3005/3005 3004/3004 2405/2405
f 3008/3008 3009/3009 2717/2717
f 3007/3007 2402/2402 2977/2977
f 3007/3007 2977/2977 3009/3009
f 3005/3005 3007/3007 3009/3009
f 2982/2982 3009/3009 2977/2977
f 2717/2717 3009/3009 2982/2982
f 3006/3006 3005/3005 3008/3008
f 3008/3008 3005/3005 3009/3009
f 2716/2716 3008/3008 2717/2717
f 3006/3006 3010/3010 3004/3004
f 2405/2405 3004/3004 2407/2407
f 3004/3004 2410/2410 2407/2407
f 3004/3004 3010/3010 2410/2410
f 2983/2983 2713/2713 2982/2982
f 2717/2717 2982/2982 2713/2713
f 2990/2990 2807/2807 3019/3019
f 3019/3019 3020/3020 2990/2990
f 2842/2842 3019/3019 2807/2807
f 3019/3019 2842/2842 3021/3021
f 2991/2991 2990/2990 3020/3020
f 2993/2993 2991/2991 3020/3020
f 3022/3022 2993/2993 3020/3020
f 2993/2993 3022/3022 3023/3023
f 3019/3019 3021/3021 3020/3020
f 3022/3022 3020/3020 3021/3021
f 3023/3023 3022/3022 3024/3024
f 3024/3024 3022/3022 3025/3025
f 3026/3026 3024/3024 3025/3025
f 3025/3025 3022/3022 3021/3021
f 3025/3025 3021/3021 3027/3027
f 3026/3026 3025/3025 3028/3028
f 3028/3028 3025/3025 3027/3027
f 3028/3028 3027/3027 3029/3029
f 2842/2842 2852/2852 3030/3030
f 3030/3030 3021/3021 2842/2842
f 2853/2853 3031/3031 2852/2852
f 2853/2853 2854/2854 3032/3032
f 2853/2853 3032/3032 3031/3031
f 3030/3030 2852/2852 3031/3031
f 3031/3031 3034/3034 3030/3030
f 3032/3032 3035/3035 3031/3031
f 3034/3034 3021/3021 3030/3030
f 3027/3027 3021/3021 3034/3034
f 3035/3035 3034/3034 3031/3031
f 3037/3037 3034/3034 3035/3035
f 3037/3037 3027/3027 3034/3034
f 3038/3038 3037/3037 3039/3039
f 3037/3037 3035/3035 3039/3039
f 3029/3029 3027/3027 3037/3037
f 3029/3029 3037/3037 3038/3038
f 3039/3039 3041/3041 3038/3038
f 3023/3023 3002/3002 2994/2994
f 2994/2994 2993/2993 3023/3023
f 3002/3002 3023/3023 3026/3026
f 3026/3026 3023/3023 3024/3024
f 3002/3002 3026/3026 3043/3043
f 3043/3043 3026/3026 3028/3028
f 3043/3043 3028/3028 3029/3029
f 3049/3049 3029/3029 3038/3038
f 3051/3051 2855/2855 2856/2856
f 3033/3033 2855/2855 3051/3051
f 3052/3052 3051/3051 3053/3053
f 3036/3036 3033/3033 3051/3051
f 3036/3036 3051/3051 3052/3052
f 3052/3052 3055/3055 3036/3036
f 3053/3053 3051/3051 2856/2856
f 3052/3052 3053/3053 3056/3056
f 3055/3055 3052/3052 3056/3056
f 3057/3057 3055/3055 3056/3056
f 3042/3042 3040/3040 3058/3058
f 3038/3038 3041/3041 3059/3059
f 3060/3060 3042/3042 3058/3058
f 3040/3040 3036/3036 3055/3055
f 3054/3054 3058/3058 3040/3040
f 3061/3061 3058/3058 3054/3054
f 3062/3062 3058/3058 3061/3061
f 3063/3063 3054/3054 3057/3057
f 3061/3061 3054/3054 3063/3063
f 3062/3062 3061/3061 3063/3063
f 3062/3062 3063/3063 3064/3064
f 3063/3063 3057/3057 3064/3064
f 3058/3058 3062/3062 3065/3065
f 3053/3053 2856/2856 2877/2877
f 3053/3053 2877/2877 3077/3077
f 2877/2877 2874/2874 3077/3077
f 3077/3077 3078/3078 3053/3053
f 3056/3056 3053/3053 3078/3078
f 3056/3056 3079/3079 3057/3057
f 3079/3079 3056/3056 3078/3078
f 2878/2878 3077/3077 2874/2874
f 3080/3080 3057/3057 3079/3079
f 3064/3064 3057/3057 3080/3080
f 3064/3064 3080/3080 3081/3081
f 3082/3082 3080/3080 3079/3079
f 3081/3081 3080/3080 3082/3082
f 3062/3062 3064/3064 3069/3069
f 3077/3077 3083/3083 3078/3078
f 3079/3079 3078/3078 3083/3083
f 2878/2878 2879/2879 2883/2883
f 3084/3084 3077/3077 2878/2878
f 3077/3077 3084/3084 3083/3083
f 2883/2883 3084/3084 2878/2878
f 3084/3084 2883/2883 3083/3083
f 3064/3064 3081/3081 3085/3085
f 3069/3069 3064/3064 3085/3085
f 3081/3081 3086/3086 3085/3085
f 3087/3087 3086/3086 3081/3081
f 3088/3088 3079/3079 3083/3083
f 3082/3082 3079/3079 3088/3088
f 3088/3088 3089/3089 3082/3082
f 3082/3082 3090/3090 3081/3081
f 3082/3082 3089/3089 3090/3090
f 3087/3087 3081/3081 3090/3090
f 3090/3090 3091/3091 3087/3087
f 3091/3091 3090/3090 3089/3089
f 3091/3091 3092/3092 3087/3087
f 2883/2883 2880/2880 3094/3094
f 3095/3095 2883/2883 3094/3094
f 3095/3095 3083/3083 2883/2883
f 3096/3096 3094/3094 2880/2880
f 3095/3095 3094/3094 3096/3096
f 2882/2882 3096/3096 2880/2880
f 2882/2882 3097/3097 3096/3096
f 3098/3098 3096/3096 3097/3097
f 3088/3088 3083/3083 3099/3099
f 3099/3099 3083/3083 3095/3095
f 3099/3099 3089/3089 3088/3088
f 3089/3089 3100/3100 3091/3091
f 3101/3101 3095/3095 3096/3096
f 3099/3099 3095/3095 3101/3101
f 3099/3099 3102/3102 3089/3089
f 3089/3089 3102/3102 3100/3100
f 3103/3103 3100/3100 3102/3102
f 3099/3099 3104/3104 3102/3102
f 3105/3105 3091/3091 3100/3100
f 3093/3093 3091/3091 3105/3105
f 3100/3100 3106/3106 3105/3105
f 3099/3099 3101/3101 3104/3104
f 3103/3103 3102/3102 3104/3104
f 3103/3103 3104/3104 3107/3107
f 3101/3101 3096/3096 3098/3098
f 3108/3108 3101/3101 3098/3098
f 3108/3108 3104/3104 3101/3101
f 3109/3109 3100/3100 3103/3103
f 3107/3107 3109/3109 3103/3103
f 3106/3106 3100/3100 3109/3109
f 3093/3093 3105/3105 3106/3106
f 3107/3107 3104/3104 3108/3108
f 3108/3108 3110/3110 3107/3107
f 3109/3109 3110/3110 3106/3106
f 3111/3111 3106/3106 3110/3110
f 3107/3107 3110/3110 3109/3109
f 3111/3111 3110/3110 3112/3112
f 2882/2882 2939/2939 3097/3097
f 3097/3097 2939/2939 2942/2942
f 2942/2942 2943/2943 3097/3097
f 3108/3108 3098/3098 3194/3194
f 3112/3112 3110/3110 3108/3108
f 3108/3108 3195/3195 3112/3112
f 3195/3195 3196/3196 3112/3112
f 3198/3198 3097/3097 2943/2943
f 3098/3098 3097/3097 3199/3199
f 3194/3194 3098/3098 3199/3199
f 3194/3194 3199/3199 3197/3197
f 3199/3199 3097/3097 3198/3198
f 3199/3199 3198/3198 3200/3200
f 3200/3200 3198/3198 3201/3201
f 3202/3202 3197/3197 3199/3199
f 3199/3199 3200/3200 3202/3202
f 2943/2943 3204/3204 3201/3201
f 2943/2943 3201/3201 3198/3198
f 3202/3202 3200/3200 3206/3206
f 3206/3206 3200/3200 3201/3201
f 3201/3201 3207/3207 3206/3206
f 3207/3207 3201/3201 3204/3204
f 3204/3204 2943/2943 2946/2946
f 3204/3204 2946/2946 3208/3208
f 3204/3204 3209/3209 3207/3207
f 3196/3196 3211/3211 3112/3112
f 3211/3211 3196/3196 3203/3203
f 3205/3205 3211/3211 3203/3203
f 3214/3214 3206/3206 3207/3207
f 3211/3211 3205/3205 3214/3214
f 3211/3211 3214/3214 3215/3215
f 3213/3213 3211/3211 3215/3215
f 3216/3216 3214/3214 3217/3217
f 3214/3214 3207/3207 3217/3217
f 3216/3216 3217/3217 3218/3218
f 3207/3207 3218/3218 3217/3217
f 3215/3215 3214/3214 3216/3216
f 3219/3219 3220/3220 3215/3215
f 3215/3215 3216/3216 3218/3218
f 3218/3218 3219/3219 3215/3215
f 3219/3219 3218/3218 3221/3221
f 3220/3220 3219/3219 3222/3222
f 3220/3220 3213/3213 3215/3215
f 2946/2946 2945/2945 3208/3208
f 2945/2945 2955/2955 3208/3208
f 3208/3208 2955/2955 2958/2958
f 3209/3209 3204/3204 3208/3208
f 3228/3228 3209/3209 3208/3208
f 3208/3208 2958/2958 3229/3229
f 3229/3229 3228/3228 3208/3208
f 2958/2958 2957/2957 3230/3230
f 3230/3230 2957/2957 3231/3231
f 3209/3209 3232/3232 3207/3207
f 3232/3232 3209/3209 3228/3228
f 3218/3218 3207/3207 3232/3232
f 3233/3233 3218/3218 3232/3232
f 3221/3221 3218/3218 3234/3234
f 3221/3221 3222/3222 3219/3219
f 3235/3235 3228/3228 3229/3229
f 3235/3235 3229/3229 3236/3236
f 3232/3232 3228/3228 3235/3235
f 3218/3218 3233/3233 3237/3237
f 3235/3235 3233/3233 3232/3232
f 3235/3235 3238/3238 3233/3233
f 3238/3238 3235/3235 3236/3236
f 3222/3222 3221/3221 3234/3234
f 3239/3239 3226/3226 3222/3222
f 3239/3239 3222/3222 3234/3234
f 3237/3237 3234/3234 3218/3218
f 3241/3241 3234/3234 3237/3237
f 3234/3234 3241/3241 3242/3242
f 3242/3242 3239/3239 3234/3234
f 3237/3237 3233/3233 3243/3243
f 3241/3241 3237/3237 3243/3243
f 3238/3238 3243/3243 3233/3233
f 3244/3244 3239/3239 3242/3242
f 3230/3230 3229/3229 2958/2958
f 3236/3236 3229/3229 3230/3230
f 3238/3238 3236/3236 3246/3246
f 3236/3236 3230/3230 3247/3247
f 3246/3246 3236/3236 3247/3247
f 3243/3243 3238/3238 3246/3246
f 3241/3241 3243/3243 3248/3248
f 3248/3248 3242/3242 3241/3241
f 3249/3249 3242/3242 3250/3250
f 3243/3243 3246/3246 3247/3247
f 3247/3247 3251/3251 3243/3243
f 3251/3251 3247/3247 3252/3252
f 3253/3253 3248/3248 3243/3243
f 3253/3253 3243/3243 3251/3251
f 3248/3248 3250/3250 3242/3242
f 3253/3253 3251/3251 3254/3254
f 3251/3251 3252/3252 3254/3254
f 3248/3248 3253/3253 3254/3254
f 3255/3255 3248/3248 3254/3254
f 3242/3242 3249/3249 3244/3244
f 3250/3250 3248/3248 3288/3288
f 3289/3289 3250/3250 3288/3288
f 3255/3255 3288/3288 3248/3248
f 3255/3255 3254/3254 3291/3291
f 3292/3292 3289/3289 3255/3255
f 3289/3289 3288/3288 3255/3255
f 2908/2908 2906/2906 963/963
f 965/965 964/964 2909/2909
f 2907/2907 2909/2909 2912/2912
f 2914/2914 2911/2911 976/976
f 2914/2914 976/976 2917/2917
f 2908/2908 2907/2907 2920/2920
f 2927/2927 2918/2918 2930/2930
f 2929/2929 2918/2918 2919/2919
f 1555/1555 506/506 2337/2337
f 3725/3725 1555/1555 2337/2337
f 2337/2337 3726/3726 3725/3725
f 2337/2337 2338/2338 3726/3726
f 1555/1555 3725/3725 1552/1552
f 1552/1552 3725/3725 1558/1558
f 1558/1558 3725/3725 3727/3727
f 3728/3728 1558/1558 3727/3727
f 3726/3726 3729/3729 3725/3725
f 3727/3727 3725/3725 3729/3729
f 3730/3730 3727/3727 3729/3729
f 3731/3731 3726/3726 2338/2338
f 3731/3731 3729/3729 3726/3726
f 3732/3732 3733/3733 3730/3730
f 1585/1585 1556/1556 1558/1558
f 1556/1556 1585/1585 1579/1579
f 1585/1585 1558/1558 3728/3728
f 3734/3734 3735/3735 3728/3728
f 3735/3735 1585/1585 3728/3728
f 3735/3735 3736/3736 1585/1585
f 1584/1584 1585/1585 1587/1587
f 1585/1585 3736/3736 1587/1587
f 3736/3736 1589/1589 1587/1587
f 3737/3737 3736/3736 3734/3734
f 3734/3734 3736/3736 3735/3735
f 3736/3736 3737/3737 1589/1589
f 3738/3738 1589/1589 3737/3737
f 3728/3728 3727/3727 3734/3734
f 3734/3734 3727/3727 3730/3730
f 3739/3739 3734/3734 3730/3730
f 3734/3734 3740/3740 3741/3741
f 3742/3742 3737/3737 3734/3734
f 3741/3741 3742/3742 3734/3734
f 3743/3743 3741/3741 3740/3740
f 3743/3743 3742/3742 3741/3741
f 3742/3742 3743/3743 3744/3744
f 3737/3737 3742/3742 3745/3745
f 3746/3746 3745/3745 3742/3742
f 1588/1588 1589/1589 1595/1595
f 1596/1596 1595/1595 1589/1589
f 3747/3747 1596/1596 1589/1589
f 3738/3738 3747/3747 1589/1589
f 3748/3748 3747/3747 3738/3738
f 3748/3748 1596/1596 3747/3747
f 1597/1597 1625/1625 1598/1598
f 3748/3748 1597/1597 1596/1596
f 3749/3749 1625/1625 1597/1597
f 3745/3745 3738/3738 3737/3737
f 3748/3748 3738/3738 3745/3745
f 3750/3750 3745/3745 3746/3746
f 3750/3750 3748/3748 3745/3745
f 3749/3749 1597/1597 3750/3750
f 3748/3748 3750/3750 1597/1597
f 3750/3750 3751/3751 3749/3749
f 3752/3752 3753/3753 3749/3749
f 3751/3751 3752/3752 3749/3749
f 3739/3739 3740/3740 3734/3734
f 3744/3744 3740/3740 3739/3739
f 3754/3754 3739/3739 3730/3730
f 3754/3754 3730/3730 3733/3733
f 3739/3739 3755/3755 3744/3744
f 3754/3754 3755/3755 3739/3739
f 3744/3744 3743/3743 3740/3740
f 3744/3744 3746/3746 3742/3742
f 3744/3744 3756/3756 3746/3746
f 3755/3755 3757/3757 3744/3744
f 3758/3758 3757/3757 3755/3755
f 3757/3757 3756/3756 3744/3744
f 3758/3758 3759/3759 3757/3757
f 3759/3759 3756/3756 3757/3757
f 3760/3760 3733/3733 3732/3732
f 3760/3760 3754/3754 3733/3733
f 3761/3761 3760/3760 3732/3732
f 3758/3758 3755/3755 3754/3754
f 3754/3754 3760/3760 3758/3758
f 3762/3762 3758/3758 3760/3760
f 3758/3758 3762/3762 3759/3759
f 3763/3763 3762/3762 3760/3760
f 3746/3746 3756/3756 3750/3750
f 3759/3759 3750/3750 3756/3756
f 3751/3751 3750/3750 3764/3764
f 3759/3759 3764/3764 3750/3750
f 3759/3759 3762/3762 3765/3765
f 3731/3731 2338/2338 3766/3766
f 3766/3766 2338/2338 2357/2357
f 3767/3767 3731/3731 3766/3766
f 2357/2357 2363/2363 3766/3766
f 2363/2363 2362/2362 3768/3768
f 3768/3768 3766/3766 2363/2363
f 3766/3766 3768/3768 3767/3767
f 3767/3767 3729/3729 3731/3731
f 3769/3769 3729/3729 3767/3767
f 3769/3769 3730/3730 3729/3729
f 3730/3730 3769/3769 3732/3732
f 3770/3770 3732/3732 3769/3769
f 3771/3771 3769/3769 3767/3767
f 3771/3771 3770/3770 3769/3769
f 3771/3771 3772/3772 3770/3770
f 2365/2365 3773/3773 3768/3768
f 3768/3768 3773/3773 3767/3767
f 3767/3767 3773/3773 3774/3774
f 3774/3774 3773/3773 3775/3775
f 2362/2362 2365/2365 3768/3768
f 3775/3775 2365/2365 3776/3776
f 3775/3775 3773/3773 2365/2365
f 3775/3775 3776/3776 3774/3774
f 3767/3767 3774/3774 3771/3771
f 3772/3772 3771/3771 3774/3774
f 3772/3772 3777/3777 3770/3770
f 3778/3778 3777/3777 3772/3772
f 3779/3779 3772/3772 3774/3774
f 3763/3763 3760/3760 3761/3761
f 3732/3732 3770/3770 3761/3761
f 3763/3763 3770/3770 3777/3777
f 3770/3770 3763/3763 3761/3761
f 3762/3762 3763/3763 3780/3780
f 3781/3781 3780/3780 3763/3763
f 3765/3765 3780/3780 3781/3781
f 3782/3782 3781/3781 3763/3763
f 3782/3782 3765/3765 3781/3781
f 3783/3783 3763/3763 3777/3777
f 3763/3763 3784/3784 3782/3782
f 3784/3784 3763/3763 3783/3783
f 3780/3780 3765/3765 3762/3762
f 3785/3785 3759/3759 3765/3765
f 3786/3786 3783/3783 3777/3777
f 3787/3787 3752/3752 3751/3751
f 3788/3788 3787/3787 3751/3751
f 3789/3789 3787/3787 3788/3788
f 3785/3785 3790/3790 3764/3764
f 3785/3785 3764/3764 3759/3759
f 3790/3790 3751/3751 3764/3764
f 3788/3788 3751/3751 3790/3790
f 3788/3788 3791/3791 3789/3789
f 3792/3792 3791/3791 3788/3788
f 3792/3792 3789/3789 3791/3791
f 3778/3778 3772/3772 3779/3779
f 3786/3786 3784/3784 3783/3783
f 3784/3784 3793/3793 3782/3782
f 3794/3794 3793/3793 3784/3784
f 3765/3765 3782/3782 3785/3785
f 3785/3785 3782/3782 3793/3793
f 3793/3793 3790/3790 3785/3785
f 3793/3793 3795/3795 3790/3790
f 3796/3796 3788/3788 3790/3790
f 3795/3795 3796/3796 3790/3790
f 3796/3796 3792/3792 3788/3788
f 3796/3796 3797/3797 3792/3792
f 3795/3795 3793/3793 3794/3794
f 3795/3795 3794/3794 3798/3798
f 3796/3796 3795/3795 3798/3798
f 3799/3799 3796/3796 3798/3798
f 3799/3799 3797/3797 3796/3796
f 3778/3778 3786/3786 3777/3777
f 3800/3800 3786/3786 3778/3778
f 3794/3794 3784/3784 3786/3786
f 3794/3794 3786/3786 3800/3800
f 3801/3801 3800/3800 3778/3778
f 3801/3801 3802/3802 3800/3800
f 3803/3803 3800/3800 3802/3802
f 3803/3803 3794/3794 3800/3800
f 3804/3804 3803/3803 3805/3805
f 3799/3799 3798/3798 3806/3806
f 3798/3798 3794/3794 3803/3803
f 3804/3804 3798/3798 3803/3803
f 3804/3804 3806/3806 3798/3798
f 3806/3806 3807/3807 3799/3799
f 3808/3808 3799/3799 3807/3807
f 3799/3799 3808/3808 3797/3797
f 3808/3808 3809/3809 3797/3797
f 3810/3810 3809/3809 3808/3808
f 3810/3810 3811/3811 3809/3809
f 3806/3806 3804/3804 3805/3805
f 3805/3805 3807/3807 3806/3806
f 3812/3812 3807/3807 3805/3805
f 3810/3810 3808/3808 3807/3807
f 3807/3807 3812/3812 3810/3810
f 3812/3812 3813/3813 3810/3810
f 3810/3810 3814/3814 3811/3811
f 3813/3813 3814/3814 3810/3810
f 3815/3815 3816/3816 3814/3814
f 3817/3817 3815/3815 3814/3814
f 3753/3753 1623/1623 1625/1625
f 3753/3753 1625/1625 3749/3749
f 3752/3752 3818/3818 3753/3753
f 3753/3753 1626/1626 1623/1623
f 3819/3819 1657/1657 1626/1626
f 3820/3820 1653/1653 1658/1658
f 3821/3821 1658/1658 1657/1657
f 3818/3818 1626/1626 3753/3753
f 3818/3818 3819/3819 1626/1626
f 3819/3819 3821/3821 1657/1657
f 3822/3822 3819/3819 3818/3818
f 3822/3822 3818/3818 3752/3752
f 3823/3823 3822/3822 3787/3787
f 3823/3823 3819/3819 3822/3822
f 3789/3789 3819/3819 3823/3823
f 3819/3819 1658/1658 3821/3821
f 3824/3824 1653/1653 3820/3820
f 3824/3824 3820/3820 3825/3825
f 3824/3824 1661/1661 1653/1653
f 3824/3824 1663/1663 1662/1662
f 3824/3824 3825/3825 1663/1663
f 3787/3787 3822/3822 3752/3752
f 3787/3787 3789/3789 3823/3823
f 3789/3789 3826/3826 1658/1658
f 3826/3826 3820/3820 1658/1658
f 3827/3827 3825/3825 3820/3820
f 3828/3828 3820/3820 3826/3826
f 3828/3828 3826/3826 3789/3789
f 3828/3828 3789/3789 3792/3792
f 3820/3820 3828/3828 3829/3829
f 1669/1669 1656/1656 1663/1663
f 3825/3825 1669/1669 1663/1663
f 3827/3827 1669/1669 3825/3825
f 3830/3830 3831/3831 1669/1669
f 3831/3831 1670/1670 1669/1669
f 3831/3831 3832/3832 1670/1670
f 3830/3830 3832/3832 3831/3831
f 1672/1672 1670/1670 3832/3832
f 3830/3830 3833/3833 3832/3832
f 3833/3833 3830/3830 1669/1669
f 3834/3834 1672/1672 3832/3832
f 3832/3832 3833/3833 3834/3834
f 3829/3829 3827/3827 3820/3820
f 3827/3827 3829/3829 3835/3835
f 3835/3835 3836/3836 3827/3827
f 3836/3836 3837/3837 3833/3833
f 3836/3836 3838/3838 3837/3837
f 3833/3833 3837/3837 3834/3834
f 3836/3836 1669/1669 3827/3827
f 3833/3833 1669/1669 3836/3836
f 3797/3797 3828/3828 3792/3792
f 3828/3828 3797/3797 3839/3839
f 3839/3839 3829/3829 3828/3828
f 3797/3797 3809/3809 3839/3839
f 3840/3840 3829/3829 3839/3839
f 3840/3840 3835/3835 3829/3829
f 3839/3839 3841/3841 3840/3840
f 3842/3842 3835/3835 3840/3840
f 3816/3816 3843/3843 3842/3842
f 3836/3836 3835/3835 3838/3838
f 3842/3842 3838/3838 3835/3835
f 3844/3844 3837/3837 3838/3838
f 3843/3843 3838/3838 3842/3842
f 3843/3843 3845/3845 3846/3846
f 3843/3843 3846/3846 3838/3838
f 3838/3838 3846/3846 3844/3844
f 3845/3845 3844/3844 3846/3846
f 3809/3809 3841/3841 3839/3839
f 3811/3811 3841/3841 3809/3809
f 3847/3847 3841/3841 3811/3811
f 3811/3811 3814/3814 3847/3847
f 3847/3847 3840/3840 3841/3841
f 3847/3847 3842/3842 3840/3840
f 3842/3842 3847/3847 3816/3816
f 3847/3847 3814/3814 3816/3816
f 3816/3816 3845/3845 3843/3843
f 3848/3848 3844/3844 3845/3845
f 3849/3849 3845/3845 3816/3816
f 3848/3848 3845/3845 3850/3850
f 3851/3851 3774/3774 3776/3776
f 3776/3776 3852/3852 3851/3851
f 3853/3853 3774/3774 3851/3851
f 3852/3852 3776/3776 2365/2365
f 2365/2365 2474/2474 3852/3852
f 3853/3853 3851/3851 3852/3852
f 3801/3801 3778/3778 3779/3779
f 3779/3779 3774/3774 3853/3853
f 3854/3854 3779/3779 3853/3853
f 3855/3855 3801/3801 3779/3779
f 3853/3853 3852/3852 3856/3856
f 3853/3853 3856/3856 3854/3854
f 3856/3856 3852/3852 3857/3857
f 3858/3858 3856/3856 3857/3857
f 3856/3856 3858/3858 3854/3854
f 3859/3859 3854/3854 3858/3858
f 3855/3855 3779/3779 3854/3854
f 3855/3855 3854/3854 3859/3859
f 3855/3855 3860/3860 3801/3801
f 3861/3861 3859/3859 3862/3862
f 3861/3861 3855/3855 3859/3859
f 3863/3863 3860/3860 3855/3855
f 3864/3864 3860/3860 3863/3863
f 3863/3863 3855/3855 3861/3861
f 3801/3801 3865/3865 3866/3866
f 3802/3802 3801/3801 3866/3866
f 3866/3866 3803/3803 3802/3802
f 3865/3865 3867/3867 3866/3866
f 3860/3860 3865/3865 3801/3801
f 3866/3866 3868/3868 3803/3803
f 3803/3803 3868/3868 3805/3805
f 3867/3867 3868/3868 3866/3866
f 3812/3812 3869/3869 3813/3813
f 3868/3868 3812/3812 3805/3805
f 3870/3870 3812/3812 3868/3868
f 3869/3869 3812/3812 3870/3870
f 3860/3860 3864/3864 3865/3865
f 3864/3864 3867/3867 3865/3865
f 3871/3871 3867/3867 3864/3864
f 3870/3870 3868/3868 3867/3867
f 3871/3871 3870/3870 3867/3867
f 3870/3870 3871/3871 3872/3872
f 3872/3872 3873/3873 3870/3870
f 3873/3873 3872/3872 3874/3874
f 3871/3871 3874/3874 3872/3872
f 3873/3873 3869/3869 3870/3870
f 3817/3817 3814/3814 3813/3813
f 3817/3817 3813/3813 3869/3869
f 3875/3875 3817/3817 3869/3869
f 3875/3875 3876/3876 3817/3817
f 3876/3876 3815/3815 3817/3817
f 3876/3876 3849/3849 3815/3815
f 3876/3876 3877/3877 3849/3849
f 3878/3878 3877/3877 3876/3876
f 3879/3879 3880/3880 3874/3874
f 3873/3873 3875/3875 3869/3869
f 3881/3881 3875/3875 3873/3873
f 3881/3881 3882/3882 3875/3875
f 3875/3875 3882/3882 3876/3876
f 3880/3880 3873/3873 3874/3874
f 3880/3880 3881/3881 3873/3873
f 3883/3883 3881/3881 3880/3880
f 3884/3884 3881/3881 3883/3883
f 3881/3881 3884/3884 3882/3882
f 3882/3882 3885/3885 3886/3886
f 3885/3885 3882/3882 3887/3887
f 3882/3882 3878/3878 3876/3876
f 3882/3882 3888/3888 3878/3878
f 3889/3889 3878/3878 3888/3888
f 3886/3886 3888/3888 3882/3882
f 3889/3889 3877/3877 3878/3878
f 3890/3890 3889/3889 3888/3888
f 3890/3890 3877/3877 3889/3889
f 3891/3891 3892/3892 3877/3877
f 3886/3886 3890/3890 3888/3888
f 3893/3893 3890/3890 3886/3886
f 3893/3893 3877/3877 3890/3890
f 3893/3893 3891/3891 3877/3877
f 3852/3852 2474/2474 3857/3857
f 3858/3858 3862/3862 3859/3859
f 2484/2484 3857/3857 2474/2474
f 3894/3894 3857/3857 2484/2484
f 3894/3894 3858/3858 3857/3857
f 3895/3895 3862/3862 3858/3858
f 3896/3896 3863/3863 3861/3861
f 3896/3896 3897/3897 3863/3863
f 3898/3898 3861/3861 3862/3862
f 3898/3898 3862/3862 3895/3895
f 3898/3898 3896/3896 3861/3861
f 3899/3899 3896/3896 3898/3898
f 3894/3894 3895/3895 3858/3858
f 3900/3900 3894/3894 2484/2484
f 3901/3901 3895/3895 3894/3894
f 3902/3902 3898/3898 3895/3895
f 3902/3902 3899/3899 3898/3898
f 3896/3896 3899/3899 3903/3903
f 3904/3904 3899/3899 3905/3905
f 3904/3904 3903/3903 3899/3899
f 3901/3901 3906/3906 3895/3895
f 3902/3902 3895/3895 3906/3906
f 3905/3905 3899/3899 3902/3902
f 3906/3906 3905/3905 3902/3902
f 3904/3904 3905/3905 3907/3907
f 3863/3863 3897/3897 3864/3864
f 3897/3897 3871/3871 3864/3864
f 3879/3879 3874/3874 3871/3871
f 3908/3908 3879/3879 3871/3871
f 3896/3896 3903/3903 3897/3897
f 3897/3897 3909/3909 3871/3871
f 3903/3903 3909/3909 3897/3897
f 3903/3903 3910/3910 3909/3909
f 3909/3909 3908/3908 3871/3871
f 3908/3908 3909/3909 3911/3911
f 3911/3911 3909/3909 3910/3910
f 3912/3912 3910/3910 3903/3903
f 3913/3913 3911/3911 3910/3910
f 3903/3903 3904/3904 3912/3912
f 3914/3914 3912/3912 3904/3904
f 3912/3912 3913/3913 3910/3910
f 3912/3912 3914/3914 3913/3913
f 3907/3907 3914/3914 3904/3904
f 3879/3879 3915/3915 3883/3883
f 3908/3908 3915/3915 3879/3879
f 3916/3916 3917/3917 3915/3915
f 3911/3911 3915/3915 3908/3908
f 3918/3918 3915/3915 3911/3911
f 3918/3918 3916/3916 3915/3915
f 3879/3879 3883/3883 3880/3880
f 3884/3884 3883/3883 3917/3917
f 3915/3915 3917/3917 3883/3883
f 3917/3917 3882/3882 3884/3884
f 3882/3882 3917/3917 3887/3887
f 3885/3885 3887/3887 3917/3917
f 3919/3919 3917/3917 3916/3916
f 3920/3920 3919/3919 3916/3916
f 3921/3921 3916/3916 3918/3918
f 3920/3920 3916/3916 3921/3921
f 3922/3922 3920/3920 3921/3921
f 3920/3920 3922/3922 3919/3919
f 3923/3923 3886/3886 3885/3885
f 3919/3919 3885/3885 3917/3917
f 3923/3923 3885/3885 3919/3919
f 3919/3919 3924/3924 3923/3923
f 3893/3893 3886/3886 3925/3925
f 3886/3886 3923/3923 3925/3925
f 3925/3925 3923/3923 3926/3926
f 3927/3927 3924/3924 3919/3919
f 3924/3924 3927/3927 3928/3928
f 3919/3919 3929/3929 3927/3927
f 3922/3922 3929/3929 3919/3919
f 3930/3930 3923/3923 3924/3924
f 3924/3924 3928/3928 3930/3930
f 3928/3928 3927/3927 3930/3930
f 3930/3930 3927/3927 3931/3931
f 3932/3932 3931/3931 3927/3927
f 3926/3926 3923/3923 3930/3930
f 3930/3930 3933/3933 3926/3926
f 3931/3931 3933/3933 3930/3930
f 3934/3934 3921/3921 3918/3918
f 3918/3918 3911/3911 3935/3935
f 3934/3934 3918/3918 3935/3935
f 3914/3914 3911/3911 3913/3913
f 3936/3936 3911/3911 3914/3914
f 3937/3937 3935/3935 3911/3911
f 3937/3937 3911/3911 3936/3936
f 3938/3938 3937/3937 3936/3936
f 3935/3935 3921/3921 3934/3934
f 3921/3921 3935/3935 3922/3922
f 3937/3937 3929/3929 3922/3922
f 3937/3937 3922/3922 3935/3935
f 3939/3939 3937/3937 3938/3938
f 3932/3932 3927/3927 3929/3929
f 3932/3932 3929/3929 3937/3937
f 3931/3931 3932/3932 3933/3933
f 3932/3932 3926/3926 3933/3933
f 3926/3926 3932/3932 3940/3940
f 3932/3932 3939/3939 3941/3941
f 3939/3939 3932/3932 3937/3937
f 3941/3941 3939/3939 3942/3942
f 3849/3849 3816/3816 3815/3815
f 3850/3850 3845/3845 3849/3849
f 3849/3849 3877/3877 3850/3850
f 2610/2610 3900/3900 2484/2484
f 3901/3901 3894/3894 3900/3900
f 2618/2618 2619/2619 2610/2610
f 2610/2610 2619/2619 3900/3900
f 2619/2619 3943/3943 3900/3900
f 3900/3900 3943/3943 3901/3901
f 3944/3944 3906/3906 3901/3901
f 3905/3905 3906/3906 3944/3944
f 3944/3944 3945/3945 3905/3905
f 3907/3907 3905/3905 3945/3945
f 3944/3944 3901/3901 3943/3943
f 3946/3946 3944/3944 3943/3943
f 3946/3946 3945/3945 3944/3944
f 3946/3946 3947/3947 3945/3945
f 2619/2619 2617/2617 3948/3948
f 2617/2617 2630/2630 3948/3948
f 3949/3949 3948/3948 2630/2630
f 3949/3949 3951/3951 3948/3948
f 3952/3952 2631/2631 2632/2632
f 2629/2629 2631/2631 3953/3953
f 3952/3952 3953/3953 2631/2631
f 3954/3954 3953/3953 3952/3952
f 2634/2634 3952/3952 2632/2632
f 2634/2634 3954/3954 3952/3952
f 3953/3953 3950/3950 2629/2629
f 3954/3954 3955/3955 3953/3953
f 3956/3956 3953/3953 3955/3955
f 2619/2619 3951/3951 3943/3943
f 3948/3948 3951/3951 2619/2619
f 3943/3943 3951/3951 3957/3957
f 3956/3956 3958/3958 3953/3953
f 3953/3953 3958/3958 3959/3959
f 3959/3959 3950/3950 3953/3953
f 3960/3960 3950/3950 3959/3959
f 3951/3951 3949/3949 3960/3960
f 3959/3959 3958/3958 3961/3961
f 2634/2634 3962/3962 3954/3954
f 2634/2634 3963/3963 3962/3962
f 3962/3962 3955/3955 3954/3954
f 3962/3962 3956/3956 3955/3955
f 3962/3962 3958/3958 3956/3956
f 3961/3961 3958/3958 3962/3962
f 3965/3965 3961/3961 3962/3962
f 3966/3966 3961/3961 3965/3965
f 3957/3957 3946/3946 3943/3943
f 3960/3960 3957/3957 3951/3951
f 3967/3967 3960/3960 3959/3959
f 3957/3957 3968/3968 3946/3946
f 3960/3960 3968/3968 3957/3957
f 3968/3968 3960/3960 3967/3967
f 3969/3969 3946/3946 3968/3968
f 3969/3969 3947/3947 3946/3946
f 3970/3970 3969/3969 3968/3968
f 3961/3961 3967/3967 3959/3959
f 3961/3961 3966/3966 3967/3967
f 3971/3971 3967/3967 3966/3966
f 3972/3972 3971/3971 3966/3966
f 3966/3966 3973/3973 3972/3972
f 3971/3971 3970/3970 3967/3967
f 3968/3968 3967/3967 3970/3970
f 3970/3970 3974/3974 3975/3975
f 3974/3974 3970/3970 3976/3976
f 3977/3977 3976/3976 3970/3970
f 3972/3972 3973/3973 3971/3971
f 3978/3978 3970/3970 3971/3971
f 3978/3978 3977/3977 3970/3970
f 3979/3979 3978/3978 3971/3971
f 3980/3980 3977/3977 3978/3978
f 3973/3973 3979/3979 3971/3971
f 3979/3979 3981/3981 3978/3978
f 3978/3978 3981/3981 3980/3980
f 3983/3983 3914/3914 3907/3907
f 3945/3945 3983/3983 3907/3907
f 3984/3984 3983/3983 3945/3945
f 3945/3945 3947/3947 3984/3984
f 3983/3983 3985/3985 3914/3914
f 3914/3914 3985/3985 3936/3936
f 3936/3936 3985/3985 3986/3986
f 3986/3986 3938/3938 3936/3936
f 3987/3987 3985/3985 3983/3983
f 3969/3969 3984/3984 3947/3947
f 3969/3969 3987/3987 3984/3984
f 3984/3984 3987/3987 3983/3983
f 3988/3988 3986/3986 3985/3985
f 3985/3985 3987/3987 3988/3988
f 3989/3989 3988/3988 3987/3987
f 3990/3990 3988/3988 3991/3991
f 3992/3992 3939/3939 3938/3938
f 3986/3986 3992/3992 3938/3938
f 3988/3988 3992/3992 3986/3986
f 3990/3990 3992/3992 3988/3988
f 3992/3992 3993/3993 3939/3939
f 3993/3993 3992/3992 3990/3990
f 3993/3993 3942/3942 3939/3939
f 3942/3942 3993/3993 3994/3994
f 3994/3994 3995/3995 3942/3942
f 3990/3990 3994/3994 3993/3993
f 3991/3991 3996/3996 3990/3990
f 3996/3996 3994/3994 3990/3990
f 3994/3994 3997/3997 3998/3998
f 3996/3996 3997/3997 3994/3994
f 3969/3969 3999/3999 3987/3987
f 3999/3999 3989/3989 3987/3987
f 4000/4000 3989/3989 3999/3999
f 3969/3969 3970/3970 3975/3975
f 3969/3969 3975/3975 3999/3999
f 3975/3975 3974/3974 4001/4001
f 3976/3976 4001/4001 3974/3974
f 3975/3975 4000/4000 3999/3999
f 4001/4001 4002/4002 4003/4003
f 3989/3989 3991/3991 3988/3988
f 4000/4000 3991/3991 3989/3989
f 4003/4003 4000/4000 3975/3975
f 4000/4000 4003/4003 4004/4004
f 4001/4001 4003/4003 3975/3975
f 4005/4005 4003/4003 4002/4002
f 4004/4004 3991/3991 4000/4000
f 4004/4004 4003/4003 4006/4006
f 3976/3976 3977/3977 3980/3980
f 3980/3980 4007/4007 3976/3976
f 3976/3976 4007/4007 4001/4001
f 4007/4007 3980/3980 3981/3981
f 4002/4002 4001/4001 4007/4007
f 3981/3981 4002/4002 4007/4007
f 4009/4009 4002/4002 3981/3981
f 4002/4002 4009/4009 4005/4005
f 4011/4011 4005/4005 4009/4009
f 4004/4004 4012/4012 3991/3991
f 4003/4003 4005/4005 4006/4006
f 4012/4012 4004/4004 4013/4013
f 4006/4006 4013/4013 4004/4004
f 4014/4014 4013/4013 4006/4006
f 4011/4011 4006/4006 4005/4005
f 4014/4014 4006/4006 4011/4011
f 4015/4015 4011/4011 4009/4009
f 4015/4015 4014/4014 4011/4011
f 4014/4014 4015/4015 4016/4016
f 4017/4017 4016/4016 4015/4015
f 4012/4012 3996/3996 3991/3991
f 4012/4012 4013/4013 4020/4020
f 4020/4020 3996/3996 4012/4012
f 4020/4020 4013/4013 4021/4021
f 3997/3997 3996/3996 4020/4020
f 4016/4016 4013/4013 4014/4014
f 4016/4016 4021/4021 4013/4013
f 4017/4017 4022/4022 4016/4016
f 3789/3789 1658/1658 3819/3819
f 3824/3824 1662/1662 1661/1661
f 1663/1663 1660/1660 1662/1662
f 2169/2169 2173/2173 4067/4067
f 2173/2173 4068/4068 4067/4067
f 4069/4069 4068/4068 4070/4070
f 4071/4071 4068/4068 4069/4069
f 4069/4069 4072/4072 4073/4073
f 4074/4074 4069/4069 4073/4073
f 4075/4075 4074/4074 4073/4073
f 4076/4076 4077/4077 4078/4078
f 4075/4075 4078/4078 4077/4077
f 4079/4079 4077/4077 4076/4076
f 4080/4080 4079/4079 4076/4076
f 4081/4081 4076/4076 4082/4082
f 4083/4083 4082/4082 4084/4084
f 4083/4083 4081/4081 4082/4082
f 4076/4076 4085/4085 4080/4080
f 4085/4085 4076/4076 4081/4081
f 4084/4084 4086/4086 4083/4083
f 4087/4087 4081/4081 4083/4083
f 4087/4087 4085/4085 4081/4081
f 4088/4088 4083/4083 4086/4086
f 4089/4089 4088/4088 4086/4086
f 4088/4088 4087/4087 4083/4083
f 4088/4088 4090/4090 4087/4087
f 4091/4091 4087/4087 4090/4090
f 4092/4092 4087/4087 4093/4093
f 4087/4087 4091/4091 4093/4093
f 2199/2199 976/976 2197/2197
f 2199/2199 2198/2198 4094/4094
f 4094/4094 2198/2198 4095/4095
f 4094/4094 4095/4095 4096/4096
f 2916/2916 2917/2917 2919/2919
f 2917/2917 2199/2199 4094/4094
f 2917/2917 4094/4094 4097/4097
f 4097/4097 4094/4094 4098/4098
f 4094/4094 4096/4096 4098/4098
f 2202/2202 2203/2203 4099/4099
f 2198/2198 2202/2202 4100/4100
f 4095/4095 4100/4100 4101/4101
f 4101/4101 4100/4100 4102/4102
f 4102/4102 4100/4100 2202/2202
f 4095/4095 2198/2198 4100/4100
f 4096/4096 4095/4095 4101/4101
f 4096/4096 4101/4101 4102/4102
f 4099/4099 4102/4102 2202/2202
f 4103/4103 4102/4102 4104/4104
f 4102/4102 4099/4099 4104/4104
f 4105/4105 4098/4098 4096/4096
f 4105/4105 4096/4096 4102/4102
f 4104/4104 4106/4106 4103/4103
f 4107/4107 4097/4097 4098/4098
f 4097/4097 4107/4107 4108/4108
f 4107/4107 4109/4109 2919/2919
f 2919/2919 4109/4109 2953/2953
f 4110/4110 2953/2953 4109/4109
f 4107/4107 4098/4098 4105/4105
f 4111/4111 4107/4107 4105/4105
f 4107/4107 4111/4111 4109/4109
f 4112/4112 4103/4103 4113/4113
f 4114/4114 4102/4102 4103/4103
f 4102/4102 4114/4114 4111/4111
f 4115/4115 4109/4109 4111/4111
f 4115/4115 4111/4111 4114/4114
f 4114/4114 4103/4103 4112/4112
f 4114/4114 4112/4112 4116/4116
f 2223/2223 4099/4099 2203/2203
f 2224/2224 2225/2225 2223/2223
f 4117/4117 4104/4104 4099/4099
f 4117/4117 4099/4099 2223/2223
f 4118/4118 2223/2223 2225/2225
f 2221/2221 4119/4119 4118/4118
f 4118/4118 2225/2225 2221/2221
f 2223/2223 4113/4113 4117/4117
f 2223/2223 4118/4118 4113/4113
f 4120/4120 4121/4121 4118/4118
f 4113/4113 4118/4118 4121/4121
f 4120/4120 4122/4122 4123/4123
f 4123/4123 4121/4121 4120/4120
f 4117/4117 4106/4106 4104/4104
f 4113/4113 4103/4103 4106/4106
f 4119/4119 2220/2220 2171/2171
f 4119/4119 2221/2221 2220/2220
f 2171/2171 2169/2169 4119/4119
f 2169/2169 4124/4124 4119/4119
f 4124/4124 2169/2169 4067/4067
f 4124/4124 4120/4120 4119/4119
f 4118/4118 4119/4119 4120/4120
f 4122/4122 4120/4120 4124/4124
f 4071/4071 4124/4124 4067/4067
f 4067/4067 4068/4068 4071/4071
f 4125/4125 4126/4126 4113/4113
f 4125/4125 4113/4113 4121/4121
f 4122/4122 4121/4121 4123/4123
f 4127/4127 4125/4125 4121/4121
f 4125/4125 4128/4128 4126/4126
f 4129/4129 4126/4126 4128/4128
f 4128/4128 4125/4125 4127/4127
f 4129/4129 4128/4128 4127/4127
f 4121/4121 4122/4122 4127/4127
f 4127/4127 4122/4122 4130/4130
f 4131/4131 4130/4130 4122/4122
f 4132/4132 4113/4113 4126/4126
f 4126/4126 4129/4129 4132/4132
f 4112/4112 4132/4132 4116/4116
f 4116/4116 4132/4132 4129/4129
f 4133/4133 4114/4114 4116/4116
f 4129/4129 4130/4130 4116/4116
f 4133/4133 4116/4116 4130/4130
f 4130/4130 4129/4129 4127/4127
f 4124/4124 4071/4071 4134/4134
f 4134/4134 4131/4131 4124/4124
f 4131/4131 4122/4122 4124/4124
f 4074/4074 4071/4071 4069/4069
f 4134/4134 4071/4071 4074/4074
f 4115/4115 4110/4110 4109/4109
f 4135/4135 4136/4136 4115/4115
f 4136/4136 4135/4135 4137/4137
f 4138/4138 4115/4115 4114/4114
f 4138/4138 4114/4114 4133/4133
f 4138/4138 4135/4135 4115/4115
f 4139/4139 4137/4137 4135/4135
f 4139/4139 4140/4140 4137/4137
f 4141/4141 4139/4139 4135/4135
f 4142/4142 4143/4143 4138/4138
f 4141/4141 4135/4135 4143/4143
f 4144/4144 4139/4139 4141/4141
f 4144/4144 4141/4141 4143/4143
f 4144/4144 4140/4140 4139/4139
f 4142/4142 4144/4144 4143/4143
f 4144/4144 4142/4142 4145/4145
f 4144/4144 4145/4145 4146/4146
f 4147/4147 4144/4144 4146/4146
f 4148/4148 4149/4149 4146/4146
f 4148/4148 4146/4146 4150/4150
f 2953/2953 2929/2929 2919/2919
f 2952/2952 2953/2953 4151/4151
f 4151/4151 2956/2956 2952/2952
f 4110/4110 4136/4136 4137/4137
f 4140/4140 4110/4110 4137/4137
f 4140/4140 2956/2956 4151/4151
f 2956/2956 4152/4152 2954/2954
f 3231/3231 2954/2954 4152/4152
f 4140/4140 2953/2953 4110/4110
f 4151/4151 2953/2953 4140/4140
f 4152/4152 2956/2956 4140/4140
f 4149/4149 4152/4152 4140/4140
f 4149/4149 4140/4140 4147/4147
f 2957/2957 2954/2954 3231/3231
f 4153/4153 3231/3231 4152/4152
f 4153/4153 4152/4152 4149/4149
f 4147/4147 4140/4140 4144/4144
f 4146/4146 4149/4149 4147/4147
f 4130/4130 4154/4154 4155/4155
f 4131/4131 4154/4154 4130/4130
f 4156/4156 4133/4133 4130/4130
f 4138/4138 4133/4133 4156/4156
f 4156/4156 4130/4130 4155/4155
f 4157/4157 4138/4138 4156/4156
f 4156/4156 4158/4158 4157/4157
f 4159/4159 4158/4158 4156/4156
f 4160/4160 4157/4157 4158/4158
f 4159/4159 4160/4160 4158/4158
f 4142/4142 4138/4138 4157/4157
f 4145/4145 4142/4142 4157/4157
f 4155/4155 4159/4159 4156/4156
f 4161/4161 4131/4131 4134/4134
f 4161/4161 4134/4134 4079/4079
f 4162/4162 4161/4161 4079/4079
f 4162/4162 4131/4131 4161/4161
f 4154/4154 4131/4131 4162/4162
f 4075/4075 4134/4134 4074/4074
f 4134/4134 4075/4075 4079/4079
f 4079/4079 4163/4163 4162/4162
f 4154/4154 4162/4162 4163/4163
f 4164/4164 4154/4154 4163/4163
f 4077/4077 4079/4079 4075/4075
f 4159/4159 4165/4165 4160/4160
f 4166/4166 4145/4145 4157/4157
f 4166/4166 4157/4157 4160/4160
f 4167/4167 4145/4145 4166/4166
f 4160/4160 4167/4167 4166/4166
f 4167/4167 4160/4160 4165/4165
f 4145/4145 4167/4167 4146/4146
f 4165/4165 4159/4159 4168/4168
f 4168/4168 4159/4159 4155/4155
f 4146/4146 4167/4167 4169/4169
f 4169/4169 4167/4167 4165/4165
f 4150/4150 4146/4146 4169/4169
f 4168/4168 4170/4170 4171/4171
f 4171/4171 4165/4165 4168/4168
f 4169/4169 4165/4165 4171/4171
f 4171/4171 4170/4170 4172/4172
f 4173/4173 4163/4163 4080/4080
f 4174/4174 4164/4164 4163/4163
f 4173/4173 4080/4080 4085/4085
f 4168/4168 4164/4164 4174/4174
f 4174/4174 4170/4170 4168/4168
f 4175/4175 4170/4170 4174/4174
f 4173/4173 4174/4174 4163/4163
f 4174/4174 4173/4173 4175/4175
f 4092/4092 4173/4173 4085/4085
f 4092/4092 4085/4085 4087/4087
f 4176/4176 4177/4177 4178/4178
f 4179/4179 4176/4176 4178/4178
f 2259/2259 2262/2262 2258/2258
f 1672/1672 4180/4180 2259/2259
f 2264/2264 2260/2260 2262/2262
f 4181/4181 2264/2264 2262/2262
f 4180/4180 2262/2262 2259/2259
f 3834/3834 4180/4180 1672/1672
f 4180/4180 4182/4182 4183/4183
f 2265/2265 2264/2264 4181/4181
f 2262/2262 2265/2265 4181/4181
f 4184/4184 2265/2265 2262/2262
f 4183/4183 4184/4184 2262/2262
f 2265/2265 4178/4178 2263/2263
f 4184/4184 4178/4178 2265/2265
f 2262/2262 4180/4180 4183/4183
f 4177/4177 4185/4185 4178/4178
f 4179/4179 4178/4178 4184/4184
f 3834/3834 4186/4186 4182/4182
f 3837/3837 4186/4186 3834/3834
f 4187/4187 4182/4182 4186/4186
f 4188/4188 4184/4184 4189/4189
f 4188/4188 4179/4179 4184/4184
f 4190/4190 4176/4176 4179/4179
f 4188/4188 4191/4191 4179/4179
f 4190/4190 4179/4179 4191/4191
f 4192/4192 4189/4189 4182/4182
f 4193/4193 4189/4189 4192/4192
f 4193/4193 4188/4188 4189/4189
f 4193/4193 4192/4192 4194/4194
f 4188/4188 4193/4193 4191/4191
f 4182/4182 4180/4180 3834/3834
f 4189/4189 4184/4184 4183/4183
f 4182/4182 4189/4189 4183/4183
f 2266/2266 2263/2263 4185/4185
f 2269/2269 2266/2266 4185/4185
f 4195/4195 2268/2268 2269/2269
f 4195/4195 2269/2269 4196/4196
f 4176/4176 4196/4196 4177/4177
f 4196/4196 2269/2269 4185/4185
f 4177/4177 4196/4196 4185/4185
f 4197/4197 4196/4196 4176/4176
f 4197/4197 4176/4176 4190/4190
f 4198/4198 4196/4196 4197/4197
f 4198/4198 4195/4195 4196/4196
f 4198/4198 4199/4199 4195/4195
f 2270/2270 2267/2267 2268/2268
f 2173/2173 2172/2172 2270/2270
f 4068/4068 2270/2270 4200/4200
f 4200/4200 2268/2268 4195/4195
f 4200/4200 2270/2270 2268/2268
f 4195/4195 4070/4070 4200/4200
f 4068/4068 2173/2173 2270/2270
f 4185/4185 2263/2263 4178/4178
f 4199/4199 4201/4201 4195/4195
f 4202/4202 4195/4195 4201/4201
f 4191/4191 4203/4203 4197/4197
f 4190/4190 4191/4191 4197/4197
f 4203/4203 4198/4198 4197/4197
f 4203/4203 4199/4199 4198/4198
f 4203/4203 4201/4201 4199/4199
f 4204/4204 4202/4202 4201/4201
f 4205/4205 4206/4206 4202/4202
f 4204/4204 4205/4205 4202/4202
f 4204/4204 4207/4207 4208/4208
f 4207/4207 4204/4204 4201/4201
f 4209/4209 4205/4205 4204/4204
f 4208/4208 4209/4209 4204/4204
f 4201/4201 4203/4203 4210/4210
f 4211/4211 4191/4191 4193/4193
f 4210/4210 4203/4203 4191/4191
f 4211/4211 4210/4210 4191/4191
f 4210/4210 4207/4207 4201/4201
f 4208/4208 4207/4207 4210/4210
f 4200/4200 4070/4070 4068/4068
f 4212/4212 4070/4070 4195/4195
f 4212/4212 4195/4195 4202/4202
f 4212/4212 4202/4202 4206/4206
f 4072/4072 4070/4070 4212/4212
f 4070/4070 4072/4072 4069/4069
f 4212/4212 4205/4205 4072/4072
f 4072/4072 4205/4205 4213/4213
f 4206/4206 4205/4205 4212/4212
f 4205/4205 4209/4209 4213/4213
f 4186/4186 3837/3837 4214/4214
f 4215/4215 4214/4214 3837/3837
f 4186/4186 4214/4214 4187/4187
f 3837/3837 3844/3844 4215/4215
f 4215/4215 3844/3844 4216/4216
f 4216/4216 4214/4214 4215/4215
f 4214/4214 4216/4216 4217/4217
f 4217/4217 4187/4187 4214/4214
f 4218/4218 4194/4194 4192/4192
f 4192/4192 4182/4182 4187/4187
f 4218/4218 4192/4192 4187/4187
f 4219/4219 4193/4193 4194/4194
f 4217/4217 4218/4218 4187/4187
f 4220/4220 4194/4194 4218/4218
f 4218/4218 4217/4217 4220/4220
f 4219/4219 4194/4194 4220/4220
f 4221/4221 4219/4219 4220/4220
f 4219/4219 4221/4221 4222/4222
f 3844/3844 3848/3848 4216/4216
f 4216/4216 3848/3848 4223/4223
f 4216/4216 4223/4223 4217/4217
f 4223/4223 4224/4224 4220/4220
f 4223/4223 4220/4220 4217/4217
f 4223/4223 3848/3848 4225/4225
f 4226/4226 4227/4227 4224/4224
f 4209/4209 4208/4208 4228/4228
f 4229/4229 4228/4228 4208/4208
f 4230/4230 4209/4209 4228/4228
f 4231/4231 4209/4209 4230/4230
f 4219/4219 4211/4211 4193/4193
f 4208/4208 4210/4210 4211/4211
f 4229/4229 4208/4208 4211/4211
f 4222/4222 4229/4229 4211/4211
f 4220/4220 4232/4232 4222/4222
f 4229/4229 4230/4230 4228/4228
f 4231/4231 4230/4230 4233/4233
f 4233/4233 4230/4230 4229/4229
f 4234/4234 4231/4231 4233/4233
f 4235/4235 4231/4231 4234/4234
f 4234/4234 4233/4233 4229/4229
f 4222/4222 4236/4236 4229/4229
f 4237/4237 4229/4229 4236/4236
f 4237/4237 4234/4234 4229/4229
f 4211/4211 4219/4219 4222/4222
f 4220/4220 4222/4222 4221/4221
f 4238/4238 4213/4213 4209/4209
f 4073/4073 4072/4072 4238/4238
f 4238/4238 4072/4072 4213/4213
f 4231/4231 4238/4238 4209/4209
f 4238/4238 4078/4078 4073/4073
f 4231/4231 4078/4078 4238/4238
f 4082/4082 4231/4231 4235/4235
f 4082/4082 4078/4078 4231/4231
f 4076/4076 4078/4078 4082/4082
f 4224/4224 4232/4232 4220/4220
f 4236/4236 4222/4222 4232/4232
f 4235/4235 4234/4234 4239/4239
f 4237/4237 4236/4236 4232/4232
f 4240/4240 4235/4235 4239/4239
f 4232/4232 4227/4227 4237/4237
f 4239/4239 4234/4234 4237/4237
f 4227/4227 4239/4239 4237/4237
f 4227/4227 4232/4232 4224/4224
f 4239/4239 4227/4227 4226/4226
f 4241/4241 4239/4239 4226/4226
f 4242/4242 4243/4243 4241/4241
f 4084/4084 4082/4082 4235/4235
f 4240/4240 4084/4084 4235/4235
f 4243/4243 4240/4240 4239/4239
f 4084/4084 4240/4240 4243/4243
f 4243/4243 4239/4239 4241/4241
f 4086/4086 4084/4084 4243/4243
f 3892/3892 3850/3850 3877/3877
f 3891/3891 3893/3893 4244/4244
f 4090/4090 4088/4088 4089/4089
f 4093/4093 4090/4090 4245/4245
f 4093/4093 4091/4091 4090/4090
f 4246/4246 4092/4092 4093/4093
f 4245/4245 4246/4246 4093/4093
f 4247/4247 4090/4090 4089/4089
f 4089/4089 4248/4248 4247/4247
f 4247/4247 4249/4249 4245/4245
f 4090/4090 4247/4247 4245/4245
f 4247/4247 4248/4248 4250/4250
f 4250/4250 4249/4249 4247/4247
f 4251/4251 4250/4250 4248/4248
f 4252/4252 4249/4249 4250/4250
f 4253/4253 4252/4252 4250/4250
f 4250/4250 4251/4251 4253/4253
f 4254/4254 4255/4255 4249/4249
f 4249/4249 4252/4252 4254/4254
f 4254/4254 4252/4252 4253/4253
f 4256/4256 4253/4253 4251/4251
f 4253/4253 4256/4256 4257/4257
f 4253/4253 4257/4257 4258/4258
f 4258/4258 4254/4254 4253/4253
f 3925/3925 4244/4244 3893/3893
f 3925/3925 4259/4259 4244/4244
f 3926/3926 4259/4259 3925/3925
f 4260/4260 4259/4259 3926/3926
f 4259/4259 4260/4260 4261/4261
f 3926/3926 3940/3940 4260/4260
f 4261/4261 4260/4260 3940/3940
f 3932/3932 3941/3941 3940/3940
f 4261/4261 3940/3940 4262/4262
f 3941/3941 4262/4262 3940/3940
f 3941/3941 3995/3995 4262/4262
f 3941/3941 3942/3942 3995/3995
f 4263/4263 4262/4262 3995/3995
f 4264/4264 3231/3231 4153/4153
f 4265/4265 4153/4153 4149/4149
f 4265/4265 4149/4149 4148/4148
f 4153/4153 4265/4265 4266/4266
f 4264/4264 4153/4153 4266/4266
f 4266/4266 4265/4265 4267/4267
f 4268/4268 4266/4266 4267/4267
f 4269/4269 4265/4265 4148/4148
f 4267/4267 4265/4265 4269/4269
f 3230/3230 3231/3231 4270/4270
f 4271/4271 3230/3230 4270/4270
f 4272/4272 4273/4273 4264/4264
f 4270/4270 3231/3231 4264/4264
f 4272/4272 4264/4264 4274/4274
f 4274/4274 4264/4264 4266/4266
f 4270/4270 4264/4264 4273/4273
f 4273/4273 4272/4272 4270/4270
f 4275/4275 4272/4272 4274/4274
f 3252/3252 4276/4276 3254/3254
f 4277/4277 4271/4271 4270/4270
f 4270/4270 4272/4272 4277/4277
f 4275/4275 4277/4277 4272/4272
f 4278/4278 3252/3252 4271/4271
f 4276/4276 3252/3252 4278/4278
f 4271/4271 4277/4277 4278/4278
f 4277/4277 4279/4279 4278/4278
f 3247/3247 3230/3230 4271/4271
f 3252/3252 3247/3247 4271/4271
f 4268/4268 4267/4267 4280/4280
f 4281/4281 4267/4267 4269/4269
f 4280/4280 4267/4267 4281/4281
f 4281/4281 4282/4282 4280/4280
f 4274/4274 4268/4268 4283/4283
f 4274/4274 4266/4266 4268/4268
f 4275/4275 4274/4274 4283/4283
f 4283/4283 4280/4280 4282/4282
f 4275/4275 4283/4283 4282/4282
f 4282/4282 4284/4284 4275/4275
f 4275/4275 4279/4279 4277/4277
f 4285/4285 4275/4275 4284/4284
f 4282/4282 4281/4281 4286/4286
f 4284/4284 4282/4282 4286/4286
f 4269/4269 4286/4286 4281/4281
f 4287/4287 4286/4286 4288/4288
f 4284/4284 4286/4286 4287/4287
f 4169/4169 4289/4289 4150/4150
f 4169/4169 4171/4171 4289/4289
f 4150/4150 4269/4269 4148/4148
f 4290/4290 4150/4150 4289/4289
f 4171/4171 4172/4172 4291/4291
f 4292/4292 4289/4289 4171/4171
f 4291/4291 4292/4292 4171/4171
f 4172/4172 4170/4170 4175/4175
f 4173/4173 4293/4293 4175/4175
f 4294/4294 4172/4172 4175/4175
f 4293/4293 4294/4294 4175/4175
f 4092/4092 4246/4246 4173/4173
f 4293/4293 4173/4173 4246/4246
f 4295/4295 4293/4293 4246/4246
f 4294/4294 4293/4293 4295/4295
f 4296/4296 4294/4294 4295/4295
f 4246/4246 4255/4255 4295/4295
f 4245/4245 4249/4249 4246/4246
f 4255/4255 4246/4246 4249/4249
f 4291/4291 4172/4172 4294/4294
f 4297/4297 4291/4291 4294/4294
f 4289/4289 4298/4298 4290/4290
f 4298/4298 4289/4289 4292/4292
f 4299/4299 4300/4300 4292/4292
f 4298/4298 4292/4292 4300/4300
f 4297/4297 4294/4294 4296/4296
f 4254/4254 4295/4295 4255/4255
f 4301/4301 4254/4254 4258/4258
f 4296/4296 4295/4295 4254/4254
f 4301/4301 4296/4296 4254/4254
f 4258/4258 4302/4302 4301/4301
f 4302/4302 4296/4296 4301/4301
f 4303/4303 4297/4297 4296/4296
f 4303/4303 4296/4296 4302/4302
f 4299/4299 4292/4292 4291/4291
f 4291/4291 4297/4297 4299/4299
f 4304/4304 4299/4299 4297/4297
f 4299/4299 4304/4304 4305/4305
f 4290/4290 4269/4269 4150/4150
f 4288/4288 4269/4269 4290/4290
f 4306/4306 4288/4288 4290/4290
f 4288/4288 4286/4286 4269/4269
f 4306/4306 4290/4290 4298/4298
f 4306/4306 4307/4307 4288/4288
f 4307/4307 4306/4306 4298/4298
f 4298/4298 4300/4300 4307/4307
f 3291/3291 3254/3254 4276/4276
f 4308/4308 3291/3291 4276/4276
f 4278/4278 4308/4308 4276/4276
f 4309/4309 4308/4308 4310/4310
f 4310/4310 4308/4308 4311/4311
f 4312/4312 4308/4308 4278/4278
f 4312/4312 4278/4278 4279/4279
f 4308/4308 4312/4312 4311/4311
f 4313/4313 4311/4311 4312/4312
f 4313/4313 4312/4312 4279/4279
f 4310/4310 4311/4311 4314/4314
f 4313/4313 4314/4314 4311/4311
f 4315/4315 4310/4310 4314/4314
f 4315/4315 4314/4314 4316/4316
f 4308/4308 4309/4309 3291/3291
f 4317/4317 3255/3255 3291/3291
f 4309/4309 4317/4317 3291/3291
f 3255/3255 4317/4317 3292/3292
f 4315/4315 4317/4317 4309/4309
f 4315/4315 4309/4309 4310/4310
f 4322/4322 4313/4313 4279/4279
f 4285/4285 4279/4279 4275/4275
f 4323/4323 4313/4313 4321/4321
f 4313/4313 4323/4323 4314/4314
f 4323/4323 4324/4324 4314/4314
f 4322/4322 4279/4279 4326/4326
f 4325/4325 4323/4323 4321/4321
f 4327/4327 4287/4287 4288/4288
f 4285/4285 4284/4284 4287/4287
f 4285/4285 4287/4287 4327/4327
f 4285/4285 4327/4327 4328/4328
f 4328/4328 4279/4279 4285/4285
f 4316/4316 4314/4314 4324/4324
f 4324/4324 4323/4323 4329/4329
f 4316/4316 4324/4324 4329/4329
f 4330/4330 4323/4323 4325/4325
f 4330/4330 4329/4329 4323/4323
f 4330/4330 4316/4316 4329/4329
f 4332/4332 4326/4326 4279/4279
f 4325/4325 4332/4332 4330/4330
f 4332/4332 4279/4279 4328/4328
f 4334/4334 4333/4333 4330/4330
f 4342/4342 4300/4300 4343/4343
f 4344/4344 4345/4345 4346/4346
f 4303/4303 4302/4302 4347/4347
f 4348/4348 4349/4349 4303/4303
f 4350/4350 4351/4351 4349/4349
f 4300/4300 4299/4299 4305/4305
f 4343/4343 4300/4300 4305/4305
f 4303/4303 4304/4304 4297/4297
f 4304/4304 4303/4303 4349/4349
f 4351/4351 4304/4304 4349/4349
f 4351/4351 4305/4305 4304/4304
f 4352/4352 4305/4305 4351/4351
f 4353/4353 4342/4342 4343/4343
f 4352/4352 4353/4353 4343/4343
f 4352/4352 4343/4343 4305/4305
f 4345/4345 4353/4353 4352/4352
f 4354/4354 4345/4345 4352/4352
f 4355/4355 4352/4352 4351/4351
f 4344/4344 4346/4346 4356/4356
f 4357/4357 4356/4356 4346/4346
f 4346/4346 4345/4345 4359/4359
f 4360/4360 4350/4350 4348/4348
f 4349/4349 4348/4348 4350/4350
f 4361/4361 4350/4350 4360/4360
f 4362/4362 4363/4363 4365/4365
f 4350/4350 4361/4361 4363/4363
f 4366/4366 4367/4367 4369/4369
f 4370/4370 4367/4367 4366/4366
f 4370/4370 4371/4371 4367/4367
f 4372/4372 4362/4362 4364/4364
f 4371/4371 4364/4364 4367/4367
f 4363/4363 4368/4368 4365/4365
f 4372/4372 4364/4364 4371/4371
f 4370/4370 4372/4372 4371/4371
f 4373/4373 4372/4372 4370/4370
f 4374/4374 4372/4372 4373/4373
f 4375/4375 4376/4376 4377/4377
f 4376/4376 4354/4354 4377/4377
f 4376/4376 4375/4375 4378/4378
f 4379/4379 4376/4376 4378/4378
f 4379/4379 4378/4378 4380/4380
f 4359/4359 4345/4345 4354/4354
f 4359/4359 4354/4354 4382/4382
f 4381/4381 4379/4379 4358/4358
f 4383/4383 4357/4357 4358/4358
f 4358/4358 4357/4357 4346/4346
f 4383/4383 4358/4358 4379/4379
f 4355/4355 4354/4354 4352/4352
f 4376/4376 4382/4382 4354/4354
f 4379/4379 4381/4381 4376/4376
f 4380/4380 4383/4383 4379/4379
f 4384/4384 4383/4383 4380/4380
f 4350/4350 4355/4355 4351/4351
f 4385/4385 4355/4355 4350/4350
f 4354/4354 4355/4355 4385/4385
f 4385/4385 4386/4386 4377/4377
f 4363/4363 4362/4362 4385/4385
f 4362/4362 4386/4386 4385/4385
f 4385/4385 4377/4377 4354/4354
f 4386/4386 4375/4375 4377/4377
f 4375/4375 4386/4386 4378/4378
f 4363/4363 4385/4385 4350/4350
f 4383/4383 4387/4387 4357/4357
f 4387/4387 4383/4383 4384/4384
f 4389/4389 4384/4384 4380/4380
f 4372/4372 4391/4391 4362/4362
f 4380/4380 4362/4362 4391/4391
f 4362/4362 4380/4380 4386/4386
f 4374/4374 4391/4391 4372/4372
f 4380/4380 4391/4391 4374/4374
f 4386/4386 4380/4380 4378/4378
f 4380/4380 4374/4374 4389/4389
f 4392/4392 4327/4327 4288/4288
f 4392/4392 4288/4288 4307/4307
f 4328/4328 4327/4327 4392/4392
f 4307/4307 4300/4300 4342/4342
f 4392/4392 4307/4307 4342/4342
f 4393/4393 4332/4332 4328/4328
f 4330/4330 4332/4332 4393/4393
f 4330/4330 4393/4393 4334/4334
f 4394/4394 4328/4328 4392/4392
f 4395/4395 4328/4328 4394/4394
f 4393/4393 4328/4328 4395/4395
f 4396/4396 4393/4393 4395/4395
f 4334/4334 4393/4393 4396/4396
f 4395/4395 4397/4397 4396/4396
f 4397/4397 4395/4395 4394/4394
f 4398/4398 4334/4334 4396/4396
f 4392/4392 4342/4342 4394/4394
f 4394/4394 4342/4342 4345/4345
f 4342/4342 4353/4353 4345/4345
f 4397/4397 4394/4394 4399/4399
f 4397/4397 4399/4399 4396/4396
f 4399/4399 4394/4394 4345/4345
f 4344/4344 4399/4399 4345/4345
f 4399/4399 4400/4400 4396/4396
f 4396/4396 4400/4400 4398/4398
f 4400/4400 4399/4399 4344/4344
f 4344/4344 4356/4356 4400/4400
f 4339/4339 4334/4334 4398/4398
f 4356/4356 4398/4398 4400/4400
f 4357/4357 4401/4401 4398/4398
f 4357/4357 4398/4398 4356/4356
f 3850/3850 4404/4404 3848/3848
f 4404/4404 4225/4225 3848/3848
f 3892/3892 4404/4404 3850/3850
f 4404/4404 3892/3892 4225/4225
f 4405/4405 4225/4225 3892/3892
f 4406/4406 4224/4224 4223/4223
f 4407/4407 4406/4406 4223/4223
f 4225/4225 4405/4405 4407/4407
f 4407/4407 4405/4405 4408/4408
f 4225/4225 4407/4407 4223/4223
f 4409/4409 4406/4406 4407/4407
f 4409/4409 4407/4407 4408/4408
f 4410/4410 4406/4406 4409/4409
f 4405/4405 3892/3892 3891/3891
f 3891/3891 4411/4411 4405/4405
f 4244/4244 4411/4411 3891/3891
f 4405/4405 4412/4412 4408/4408
f 4413/4413 4410/4410 4409/4409
f 4414/4414 4408/4408 4412/4412
f 4413/4413 4409/4409 4408/4408
f 4415/4415 4413/4413 4408/4408
f 4411/4411 4412/4412 4405/4405
f 4416/4416 4412/4412 4411/4411
f 4416/4416 4414/4414 4412/4412
f 4414/4414 4415/4415 4408/4408
f 4417/4417 4414/4414 4416/4416
f 4418/4418 4419/4419 4414/4414
f 4417/4417 4418/4418 4414/4414
f 4224/4224 4420/4420 4226/4226
f 4420/4420 4241/4241 4226/4226
f 4420/4420 4421/4421 4241/4241
f 4422/4422 4421/4421 4420/4420
f 4422/4422 4423/4423 4421/4421
f 4242/4242 4423/4423 4424/4424
f 4421/4421 4242/4242 4241/4241
f 4421/4421 4423/4423 4242/4242
f 4420/4420 4224/4224 4406/4406
f 4425/4425 4420/4420 4406/4406
f 4410/4410 4425/4425 4406/4406
f 4413/4413 4425/4425 4410/4410
f 4425/4425 4422/4422 4420/4420
f 4426/4426 4424/4424 4423/4423
f 4427/4427 4422/4422 4425/4425
f 4422/4422 4426/4426 4423/4423
f 4251/4251 4422/4422 4428/4428
f 4427/4427 4428/4428 4422/4422
f 4242/4242 4086/4086 4243/4243
f 4242/4242 4424/4424 4086/4086
f 4424/4424 4089/4089 4086/4086
f 4248/4248 4089/4089 4424/4424
f 4426/4426 4248/4248 4424/4424
f 4251/4251 4426/4426 4422/4422
f 4426/4426 4251/4251 4248/4248
f 4425/4425 4413/4413 4427/4427
f 4429/4429 4427/4427 4413/4413
f 4429/4429 4430/4430 4427/4427
f 4431/4431 4427/4427 4430/4430
f 4428/4428 4427/4427 4431/4431
f 4432/4432 4430/4430 4433/4433
f 4431/4431 4430/4430 4432/4432
f 4431/4431 4432/4432 4428/4428
f 4434/4434 4428/4428 4432/4432
f 4415/4415 4429/4429 4413/4413
f 4435/4435 4429/4429 4415/4415
f 4415/4415 4414/4414 4419/4419
f 4415/4415 4419/4419 4435/4435
f 4429/4429 4435/4435 4433/4433
f 4433/4433 4430/4430 4429/4429
f 4436/4436 4435/4435 4419/4419
f 4419/4419 4418/4418 4436/4436
f 4437/4437 4432/4432 4433/4433
f 4438/4438 4432/4432 4437/4437
f 4438/4438 4434/4434 4432/4432
f 4437/4437 4433/4433 4436/4436
f 4436/4436 4433/4433 4435/4435
f 4439/4439 4437/4437 4436/4436
f 4440/4440 4438/4438 4437/4437
f 4440/4440 4437/4437 4439/4439
f 4434/4434 4251/4251 4428/4428
f 4251/4251 4441/4441 4256/4256
f 4251/4251 4434/4434 4441/4441
f 4441/4441 4434/4434 4438/4438
f 4442/4442 4256/4256 4441/4441
f 4442/4442 4443/4443 4256/4256
f 4442/4442 4444/4444 4443/4443
f 4258/4258 4257/4257 4256/4256
f 4258/4258 4256/4256 4443/4443
f 4443/4443 4444/4444 4258/4258
f 4445/4445 4441/4441 4438/4438
f 4441/4441 4444/4444 4442/4442
f 4445/4445 4438/4438 4440/4440
f 4445/4445 4440/4440 4446/4446
f 4440/4440 4447/4447 4446/4446
f 4446/4446 4441/4441 4445/4445
f 4441/4441 4446/4446 4444/4444
f 4447/4447 4444/4444 4446/4446
f 4444/4444 4447/4447 4448/4448
f 4302/4302 4258/4258 4444/4444
f 4444/4444 4449/4449 4302/4302
f 4259/4259 4411/4411 4244/4244
f 4450/4450 4411/4411 4259/4259
f 4451/4451 4450/4450 4259/4259
f 4452/4452 4416/4416 4411/4411
f 4452/4452 4411/4411 4450/4450
f 4453/4453 4416/4416 4452/4452
f 4417/4417 4416/4416 4453/4453
f 4453/4453 4454/4454 4417/4417
f 4450/4450 4451/4451 4452/4452
f 4455/4455 4452/4452 4451/4451
f 4454/4454 4453/4453 4455/4455
f 4455/4455 4453/4453 4452/4452
f 4456/4456 4454/4454 4455/4455
f 4259/4259 4261/4261 4451/4451
f 4261/4261 4262/4262 4451/4451
f 4457/4457 4451/4451 4262/4262
f 4457/4457 4262/4262 4263/4263
f 4451/4451 4458/4458 4455/4455
f 4451/4451 4457/4457 4458/4458
f 4459/4459 4456/4456 4455/4455
f 4459/4459 4455/4455 4458/4458
f 4460/4460 4458/4458 4457/4457
f 4461/4461 4458/4458 4460/4460
f 4263/4263 4460/4460 4457/4457
f 4458/4458 4461/4461 4459/4459
f 4462/4462 4459/4459 4461/4461
f 4463/4463 4418/4418 4417/4417
f 4464/4464 4418/4418 4463/4463
f 4465/4465 4463/4463 4417/4417
f 4417/4417 4454/4454 4465/4465
f 4465/4465 4464/4464 4463/4463
f 4466/4466 4464/4464 4465/4465
f 4467/4467 4439/4439 4436/4436
f 4467/4467 4436/4436 4464/4464
f 4439/4439 4467/4467 4440/4440
f 4447/4447 4440/4440 4467/4467
f 4464/4464 4436/4436 4418/4418
f 4464/4464 4468/4468 4467/4467
f 4466/4466 4447/4447 4467/4467
f 4466/4466 4468/4468 4464/4464
f 4466/4466 4467/4467 4468/4468
f 4456/4456 4465/4465 4454/4454
f 4466/4466 4465/4465 4456/4456
f 4456/4456 4469/4469 4466/4466
f 4469/4469 4456/4456 4470/4470
f 4471/4471 4469/4469 4470/4470
f 4447/4447 4466/4466 4472/4472
f 4469/4469 4472/4472 4466/4466
f 4448/4448 4449/4449 4444/4444
f 4447/4447 4472/4472 4448/4448
f 4469/4469 4473/4473 4472/4472
f 4473/4473 4469/4469 4471/4471
f 4472/4472 4473/4473 4448/4448
f 4474/4474 4448/4448 4473/4473
f 4448/4448 4474/4474 4475/4475
f 4470/4470 4456/4456 4459/4459
f 4476/4476 4471/4471 4470/4470
f 4462/4462 4470/4470 4459/4459
f 4462/4462 4476/4476 4470/4470
f 4477/4477 4478/4478 4462/4462
f 4473/4473 4471/4471 4474/4474
f 4471/4471 4479/4479 4474/4474
f 4479/4479 4480/4480 4474/4474
f 4478/4478 4476/4476 4462/4462
f 4479/4479 4471/4471 4476/4476
f 4481/4481 4478/4478 4482/4482
f 4481/4481 4480/4480 4479/4479
f 4480/4480 4481/4481 4483/4483
f 4369/4369 4483/4483 4481/4481
f 4481/4481 4484/4484 4369/4369
f 4478/4478 4479/4479 4476/4476
f 4481/4481 4479/4479 4478/4478
f 4302/4302 4449/4449 4347/4347
f 4448/4448 4347/4347 4449/4449
f 4475/4475 4347/4347 4448/4448
f 4348/4348 4303/4303 4347/4347
f 4347/4347 4475/4475 4348/4348
f 4475/4475 4360/4360 4348/4348
f 4480/4480 4475/4475 4474/4474
f 4475/4475 4480/4480 4360/4360
f 4485/4485 4361/4361 4360/4360
f 4363/4363 4361/4361 4485/4485
f 4483/4483 4485/4485 4480/4480
f 4480/4480 4485/4485 4360/4360
f 4368/4368 4485/4485 4483/4483
f 4368/4368 4363/4363 4485/4485
f 4369/4369 4368/4368 4483/4483
f 3995/3995 3998/3998 4263/4263
f 4486/4486 4487/4487 4263/4263
f 4488/4488 3998/3998 3997/3997
f 3994/3994 3998/3998 3995/3995
f 4263/4263 3998/3998 4486/4486
f 4488/4488 4486/4486 3998/3998
f 4489/4489 4487/4487 4486/4486
f 4490/4490 4491/4491 4492/4492
f 4488/4488 4490/4490 4486/4486
f 4492/4492 4489/4489 4490/4490
f 4490/4490 4489/4489 4486/4486
f 4487/4487 4460/4460 4263/4263
f 4460/4460 4487/4487 4493/4493
f 4489/4489 4492/4492 4494/4494
f 4495/4495 4494/4494 4492/4492
f 4495/4495 4496/4496 4494/4494
f 4497/4497 4487/4487 4489/4489
f 4494/4494 4497/4497 4489/4489
f 4498/4498 4499/4499 4494/4494
f 4494/4494 4499/4499 4497/4497
f 4494/4494 4496/4496 4498/4498
f 4021/4021 4488/4488 4020/4020
f 4488/4488 3997/3997 4020/4020
f 4488/4488 4021/4021 4491/4491
f 4490/4490 4488/4488 4491/4491
f 4500/4500 4491/4491 4021/4021
f 4021/4021 4016/4016 4500/4500
f 4495/4495 4500/4500 4501/4501
f 4502/4502 4501/4501 4500/4500
f 4500/4500 4492/4492 4491/4491
f 4500/4500 4495/4495 4492/4492
f 4016/4016 4022/4022 4500/4500
f 4500/4500 4022/4022 4502/4502
f 4501/4501 4496/4496 4495/4495
f 4508/4508 4509/4509 4510/4510
f 4508/4508 4511/4511 4509/4509
f 4499/4499 4498/4498 4510/4510
f 4510/4510 4498/4498 4508/4508
f 4508/4508 4498/4498 4512/4512
f 4498/4498 4496/4496 4512/4512
f 4513/4513 4508/4508 4512/4512
f 4511/4511 4508/4508 4513/4513
f 4513/4513 4516/4516 4511/4511
f 4516/4516 4517/4517 4511/4511
f 4517/4517 4518/4518 4519/4519
f 4607/4607 4370/4370 4366/4366
f 4518/4518 4607/4607 4609/4609
f 4370/4370 4607/4607 4373/4373
f 4493/4493 4462/4462 4461/4461
f 4493/4493 4461/4461 4460/4460
f 4493/4493 4487/4487 4497/4497
f 4462/4462 4493/4493 4477/4477
f 4702/4702 4493/4493 4497/4497
f 4499/4499 4702/4702 4497/4497
f 4477/4477 4493/4493 4702/4702
f 4477/4477 4482/4482 4478/4478
f 4702/4702 4482/4482 4477/4477
f 4702/4702 4510/4510 4509/4509
f 4509/4509 4482/4482 4702/4702
f 4510/4510 4702/4702 4499/4499
f 4482/4482 4509/4509 4484/4484
f 4519/4519 4484/4484 4509/4509
f 4509/4509 4511/4511 4519/4519
f 4517/4517 4519/4519 4511/4511
f 4484/4484 4481/4481 4482/4482
f 4519/4519 4609/4609 4484/4484
f 4609/4609 4369/4369 4484/4484
f 4369/4369 4609/4609 4366/4366
f 4607/4607 4366/4366 4609/4609
f 4519/4519 4518/4518 4609/4609
f 4075/4075 4073/4073 4078/4078
f 2199/2199 2917/2917 976/976
f 2919/2919 2917/2917 4097/4097
f 2919/2919 4097/4097 4108/4108
f 4108/4108 4107/4107 2919/2919
f 4105/4105 4102/4102 4111/4111
f 4117/4117 4113/4113 4106/4106
f 4132/4132 4112/4112 4113/4113
f 4115/4115 4136/4136 4110/4110
f 4138/4138 4143/4143 4135/4135
f 4155/4155 4154/4154 4164/4164
f 4079/4079 4080/4080 4163/4163
f 4168/4168 4155/4155 4164/4164
f 4268/4268 4280/4280 4283/4283
