usemtl material_0
v -0.0226225 -0.0008745 -0.0628295
v -0.0228705 0.0009065 -0.0630955
v -0.0228215 0.0002895 -0.0637925
v -0.0226945 -0.0008845 -0.0643205
v -0.0224205 0.0002035 -0.0646275
v -0.0224205 0.0002035 -0.0646275
v -0.0227285 -0.0015335 -0.0634845
v -0.0225475 -0.0042385 -0.0630615
v -0.0226445 -0.0025685 -0.0638625
v -0.0221815 -0.0045985 -0.0643835
v -0.0227045 -0.0027535 -0.0618455
v -0.0227525 -0.0032145 -0.0622655
v -0.0226365 -0.0042625 -0.0619515
v -0.0220605 -0.0055555 -0.0638465
v -0.0223495 -0.0052865 -0.0620365
v -0.0217325 -0.0065825 -0.0628925
v -0.0215765 -0.0050525 -0.0596405
v -0.0217955 -0.0060885 -0.0615855
v -0.0214955 -0.0057635 -0.0645925
v -0.0214885 -0.0065925 -0.0639145
v -0.0214355 -0.0078945 -0.0633175
v -0.0213845 -0.0072385 -0.0619815
v -0.0214895 -0.0077875 -0.0629415
v -0.0211985 -0.0081835 -0.0622275
v -0.0212775 -0.0074655 -0.0607565
v -0.0209915 -0.0084335 -0.0610255
v -0.0206005 -0.0100995 -0.0610535
v -0.0093965 0.0193235 -0.0602585
v -0.0085155 0.0200565 -0.0607495
v -0.0093905 0.0200795 -0.0617135
v -0.0171895 0.0134485 -0.0629155
v -0.0182575 0.0124925 -0.0638505
v -0.0184765 0.0126375 -0.0621285
v -0.0210955 0.0082215 -0.0625225
v -0.0206375 0.0084945 -0.0638115
v -0.0210605 0.0075535 -0.0645435
v -0.0214815 0.0074215 -0.0629495
v -0.0205125 0.0093735 -0.0630615
v -0.0206035 0.0093315 -0.0618095
v -0.0196025 0.0114055 -0.0634065
v -0.0192405 0.0119125 -0.0625765
v -0.0189805 0.0120795 -0.0633015
v -0.0198665 0.0109065 -0.0619195
v -0.0199625 0.0106075 -0.0638365
v -0.0194735 0.0111255 -0.0609955
v -0.0188825 0.0119705 -0.0608145
v -0.0180685 0.0129725 -0.0609115
v -0.0204715 0.0096875 -0.0624945
v -0.0209305 0.0074525 -0.0609295
v -0.0217605 0.0062595 -0.0616245
v -0.0204925 0.0089285 -0.0611255
v -0.0193825 0.0094795 -0.0601225
v -0.0168385 0.0144835 -0.0617755
v -0.0171435 0.0142355 -0.0612625
v -0.0172175 0.0140695 -0.0608045
v -0.0169745 0.0140825 -0.0602505
v -0.0167215 0.0133065 -0.0592275
v -0.0156515 0.0147325 -0.0596215
v -0.0179405 0.0121165 -0.0597845
v -0.0189565 0.0109405 -0.0599955
v -0.0185205 0.0107975 -0.0585925
v -0.0171765 0.0123075 -0.0584385
v -0.0190455 0.0103685 -0.0596085
v -0.0203985 0.0074795 -0.0597165
v -0.0201225 0.0074645 -0.0576185
v -0.0192345 0.0093785 -0.0587085
v -0.0191665 0.0089355 -0.0576385
v -0.0183925 0.0105945 -0.0575015
v -0.0157655 0.0142245 -0.0580465
v -0.0167295 0.0130025 -0.0569775
v -0.0176535 0.0114175 -0.0567605
v -0.0161525 0.0138295 -0.0560785
v -0.0173765 0.0122285 -0.0558875
v -0.0186055 0.0101915 -0.0567155
v -0.0191845 0.0093465 -0.0562265
v -0.0183135 0.0107995 -0.0541365
v -0.0180015 0.0111635 -0.0553295
v -0.0194065 0.0089295 -0.0550535
v -0.0151345 0.0162785 -0.0617415
v -0.0150665 0.0166245 -0.0630745
v -0.0162475 0.0153945 -0.0622455
v -0.0128385 0.0182355 -0.0621125
v -0.0140205 0.0172335 -0.0638675
v -0.0135125 0.0177705 -0.0616825
v -0.0160325 0.0153405 -0.0606265
v -0.0148275 0.0159965 -0.0607645
v -0.0141515 0.0169825 -0.0612505
v -0.0150375 0.0153745 -0.0599945
v -0.0165425 0.0143725 -0.0627715
v -0.0096485 0.0189165 -0.0590625
v -0.0109995 0.0187785 -0.0605095
v -0.0107435 0.0179975 -0.0559175
v -0.0091645 0.0188475 -0.0561065
v -0.0108305 0.0179035 -0.0568125
v -0.0082565 0.0191195 -0.0546505
v -0.0082565 0.0191195 -0.0546505
v -0.0113845 0.0178605 -0.0538145
v -0.0088845 0.0190595 -0.0532205
v -0.0088845 0.0190595 -0.0532205
v -0.0061065 0.0198375 -0.0504225
v -0.0074255 0.0195495 -0.0518395
v -0.0079275 0.0194135 -0.0509105
v -0.0079275 0.0194135 -0.0509105
v -0.0052195 0.0199035 -0.0519835
v -0.0062955 0.0197075 -0.0527395
v -0.0151985 0.0149025 -0.0539945
v -0.0143345 0.0154595 -0.0555505
v -0.0145685 0.0154405 -0.0516435
v -0.0132035 0.0166245 -0.0530135
v -0.0168555 0.0129465 -0.0548315
v -0.0176065 0.0115585 -0.0548415
v -0.0161635 0.0136185 -0.0536675
v -0.0173805 0.0122845 -0.0537505
v -0.0188145 0.0096465 -0.0537125
v -0.0187915 0.0102685 -0.0516435
v -0.0175605 0.0119465 -0.0521945
v -0.0161395 0.0133675 -0.0527755
v -0.0156885 0.0139745 -0.0522425
v -0.0166845 0.0128875 -0.0522875
v -0.0163055 0.0134995 -0.0506465
v -0.0157185 0.0140525 -0.0508045
v -0.0172325 0.0120125 -0.0511825
v -0.0180395 0.0111895 -0.0507335
v -0.0173215 0.0122795 -0.0501445
v -0.0118765 0.0173535 -0.0577385
v -0.0132685 0.0163425 -0.0575765
v -0.0128285 0.0169185 -0.0549695
v -0.0139935 0.0157755 -0.0574275
v -0.0115845 0.0177535 -0.0540985
v -0.0136355 0.0163555 -0.0496385
v -0.0147405 0.0152275 -0.0501665
v -0.0163945 0.0135425 -0.0467815
v -0.0168945 0.0124565 -0.0479875
v -0.0175345 0.0118825 -0.0467155
v -0.0178525 0.0115755 -0.0484615
v -0.0155205 0.0140465 -0.0494925
v -0.0149335 0.0149795 -0.0495405
v -0.0155085 0.0145715 -0.0474905
v -0.0160185 0.0134935 -0.0484535
v -0.0170265 0.0125745 -0.0488555
v -0.0161565 0.0133355 -0.0442855
v -0.0172685 0.0121725 -0.0444885
v -0.0150445 0.0147635 -0.0435935
v -0.0145465 0.0154705 -0.0450685
v -0.0140855 0.0159445 -0.0462355
v -0.0125775 0.0171125 -0.0478555
v -0.0122405 0.0171185 -0.0455605
v -0.0116475 0.0174455 -0.0507705
v -0.0100845 0.0184625 -0.0515025
v -0.0117535 0.0175155 -0.0494735
v -0.0107745 0.0179925 -0.0488485
v -0.0117525 0.0175605 -0.0469105
v -0.0105815 0.0181655 -0.0472655
v -0.0072345 0.0194535 -0.0493635
v -0.0072345 0.0194535 -0.0493635
v -0.0210295 0.0059495 -0.0601805
v -0.0224395 -0.0003035 -0.0620695
v -0.0227445 0.0009205 -0.0613175
v -0.0222765 -0.0015025 -0.0607915
v -0.0224825 -0.0002035 -0.0605495
v -0.0221065 -0.0002945 -0.0596485
v -0.0218455 -0.0005655 -0.0582665
v -0.0219835 -0.0016475 -0.0598535
v -0.0216295 0.0011185 -0.0582755
v -0.0216645 -0.0009395 -0.0572105
v -0.0223125 -0.0013725 -0.0615695
v -0.0222895 -0.0026815 -0.0605165
v -0.0225785 -0.0035375 -0.0613605
v -0.0221415 -0.0034265 -0.0601975
v -0.0214975 -0.0028365 -0.0592745
v -0.0214925 -0.0018075 -0.0576775
v -0.0213775 -0.0030435 -0.0580395
v -0.0215535 -0.0014235 -0.0564315
v -0.0210135 0.0051095 -0.0578685
v -0.0204935 0.0065575 -0.0564815
v -0.0210345 0.0043615 -0.0554745
v -0.0212935 0.0033565 -0.0578935
v -0.0203385 0.0068355 -0.0547765
v -0.0202915 0.0068055 -0.0539175
v -0.0207085 0.0058435 -0.0543085
v -0.0210985 0.0038045 -0.0534895
v -0.0207445 0.0045755 -0.0527085
v -0.0212735 0.0021685 -0.0563285
v -0.0216475 0.0005015 -0.0556375
v -0.0211235 0.0031715 -0.0543715
v -0.0215175 0.0014325 -0.0546135
v -0.0214465 -0.0009955 -0.0553725
v -0.0212155 -0.0025125 -0.0556595
v -0.0215475 0.0005015 -0.0540665
v -0.0212265 0.0020585 -0.0536275
v -0.0214535 0.0021185 -0.0525815
v -0.0211235 0.0034555 -0.0520765
v -0.0215655 -0.0002465 -0.0527835
v -0.0214975 -0.0023725 -0.0532805
v -0.0215935 -0.0001565 -0.0510395
v -0.0215125 0.0009485 -0.0507135
v -0.0224515 -0.0042955 -0.0612195
v -0.0209675 -0.0077845 -0.0601855
v -0.0204635 -0.0078405 -0.0594485
v -0.0202985 -0.0087705 -0.0600305
v -0.0200145 -0.0096005 -0.0599415
v -0.0207645 -0.0061555 -0.0585335
v -0.0205025 -0.0078955 -0.0583185
v -0.0199115 -0.0093115 -0.0592435
v -0.0211885 -0.0039165 -0.0584565
v -0.0209555 -0.0042435 -0.0580505
v -0.0208155 -0.0038285 -0.0573255
v -0.0209015 -0.0028925 -0.0562785
v -0.0206375 -0.0044075 -0.0564405
v -0.0207705 -0.0055905 -0.0562355
v -0.0205435 -0.0065805 -0.0565415
v -0.0210405 -0.0054035 -0.0547255
v -0.0201525 -0.0078765 -0.0564945
v -0.0206325 -0.0071355 -0.0573605
v -0.0203745 -0.0079885 -0.0574425
v -0.0193505 -0.0099425 -0.0573495
v -0.0201485 -0.0081135 -0.0554065
v -0.0196935 -0.0093595 -0.0557715
v -0.0191435 -0.0104715 -0.0564745
v -0.0214815 -0.0022945 -0.0545555
v -0.0216835 -0.0020615 -0.0515735
v -0.0213085 -0.0040935 -0.0522875
v -0.0206735 -0.0039265 -0.0561545
v -0.0212865 -0.0038355 -0.0553905
v -0.0210835 -0.0040795 -0.0536205
v -0.0209845 -0.0054545 -0.0529835
v -0.0202535 -0.0079025 -0.0532855
v -0.0207285 -0.0062495 -0.0552655
v -0.0201745 -0.0075305 -0.0544905
v -0.0208795 -0.0063425 -0.0512355
v -0.0210525 -0.0049225 -0.0499815
v -0.0197375 -0.0088615 -0.0538195
v -0.0193075 -0.0099585 -0.0544745
v -0.0176795 -0.0127055 -0.0562855
v -0.0195045 -0.0091865 -0.0523655
v -0.0189135 -0.0108585 -0.0513365
v -0.0181825 -0.0120395 -0.0544115
v -0.0198095 -0.0087845 -0.0512155
v -0.0199365 -0.0088525 -0.0478115
v -0.0177755 -0.0125015 -0.0512225
v -0.0185595 -0.0112665 -0.0492655
v -0.0167775 -0.0136465 -0.0499655
v -0.0200235 0.0072105 -0.0513545
v -0.0205345 0.0052145 -0.0514985
v -0.0185775 0.0104435 -0.0494265
v -0.0193705 0.0089465 -0.0500915
v -0.0208805 0.0050335 -0.0500665
v -0.0205755 0.0060145 -0.0474155
v -0.0198835 0.0079265 -0.0486875
v -0.0212135 0.0032975 -0.0504295
v -0.0215055 0.0017865 -0.0491685
v -0.0214645 0.0018225 -0.0483445
v -0.0211155 0.0040765 -0.0480935
v -0.0209095 0.0042475 -0.0460545
v -0.0210335 0.0035435 -0.0451075
v -0.0187935 0.0102595 -0.0480135
v -0.0183735 0.0109275 -0.0472145
v -0.0177675 0.0113485 -0.0455825
v -0.0187345 0.0100935 -0.0453365
v -0.0196245 0.0082535 -0.0469765
v -0.0185365 0.0106165 -0.0438095
v -0.0191735 0.0092065 -0.0435045
v -0.0197475 0.0081655 -0.0434185
v -0.0196265 0.0083845 -0.0405075
v -0.0206275 0.0058255 -0.0443605
v -0.0202885 0.0070545 -0.0440155
v -0.0207415 0.0045285 -0.0437715
v -0.0216205 0.0015265 -0.0460385
v -0.0215625 0.0013225 -0.0444885
v -0.0212595 0.0030635 -0.0434125
v -0.0205525 0.0056735 -0.0428135
v -0.0202275 0.0068755 -0.0421775
v -0.0206465 0.0060745 -0.0406015
v -0.0210205 0.0038035 -0.0425145
v -0.0207965 0.0053215 -0.0420835
v -0.0210905 0.0042745 -0.0406925
v -0.0215885 -0.0024895 -0.0504845
v -0.0216175 -0.0014645 -0.0496405
v -0.0215005 -0.0015595 -0.0505325
v -0.0214335 -0.0027825 -0.0486465
v -0.0213605 -0.0023155 -0.0478745
v -0.0216205 -0.0010065 -0.0472005
v -0.0213235 -0.0039755 -0.0496315
v -0.0211075 -0.0044515 -0.0488885
v -0.0212975 -0.0029685 -0.0469195
v -0.0213445 -0.0018455 -0.0460355
v -0.0216875 -0.0001125 -0.0465805
v -0.0214135 -0.0022015 -0.0452595
v -0.0212185 -0.0046765 -0.0451605
v -0.0203505 -0.0075565 -0.0469515
v -0.0204785 -0.0072015 -0.0487335
v -0.0188855 -0.0103675 -0.0467865
v -0.0181245 -0.0118485 -0.0481625
v -0.0180205 -0.0117765 -0.0468295
v -0.0205655 -0.0070365 -0.0453615
v -0.0199505 -0.0087525 -0.0447265
v -0.0216925 -0.0003655 -0.0441555
v -0.0214715 0.0014265 -0.0422425
v -0.0214275 -0.0023825 -0.0432685
v -0.0215615 -0.0003295 -0.0426535
v -0.0214205 -0.0012645 -0.0424655
v -0.0214675 -0.0033855 -0.0416535
v -0.0215865 -0.0023985 -0.0411125
v -0.0211715 0.0025695 -0.0404835
v -0.0213095 0.0011225 -0.0405305
v -0.0215635 0.0015235 -0.0390755
v -0.0216375 -0.0009945 -0.0415745
v -0.0214825 -0.0015835 -0.0403635
v -0.0214245 -0.0003095 -0.0401305
v -0.0216475 -0.0008005 -0.0386485
v -0.0211935 -0.0040045 -0.0390445
v -0.0212015 -0.0035125 -0.0431345
v -0.0205805 -0.0057875 -0.0437435
v -0.0204285 -0.0069105 -0.0431405
v -0.0202455 -0.0075035 -0.0431555
v -0.0206715 -0.0065545 -0.0411705
v -0.0204655 -0.0067895 -0.0392195
v -0.0200745 -0.0081825 -0.0402915
v -0.0197355 -0.0082885 -0.0387615
v -0.0201235 -0.0074765 -0.0374945
v -0.0196805 -0.0085455 -0.0423775
v -0.0194005 -0.0095015 -0.0413915
v -0.0106495 0.0180515 -0.0423305
v -0.0105905 0.0182535 -0.0437915
v -0.0117005 0.0176135 -0.0436835
v -0.0161615 0.0136015 -0.0424425
v -0.0131855 0.0164915 -0.0434855
v -0.0164795 0.0129835 -0.0414035
v -0.0154895 0.0143355 -0.0417785
v -0.0161015 0.0136395 -0.0408385
v -0.0150015 0.0148155 -0.0399035
v -0.0160945 0.0138665 -0.0391675
v -0.0142395 0.0156675 -0.0420555
v -0.0135105 0.0161145 -0.0409035
v -0.0125285 0.0168095 -0.0419465
v -0.0117075 0.0175055 -0.0404395
v -0.0080695 0.0192055 -0.0473565
v -0.0094925 0.0184195 -0.0487035
v -0.0095305 0.0184935 -0.0473175
v -0.0089735 0.0187135 -0.0466315
v -0.0104175 0.0180875 -0.0459835
v -0.0094495 0.0186085 -0.0451525
v -0.0063225 0.0197505 -0.0486805
v -0.0058205 0.0198285 -0.0451315
v -0.0058205 0.0198285 -0.0451315
v -0.0077195 0.0193665 -0.0458495
v -0.0077395 0.0193705 -0.0429185
v -0.0088375 0.0188765 -0.0423975
v -0.0046355 0.0200885 -0.0461565
v -0.0053355 0.0198825 -0.0478965
v -0.0067475 0.0197545 -0.0467035
v -0.0067475 0.0197545 -0.0467035
v -0.0107055 0.0180645 -0.0405805
v -0.0099195 0.0183715 -0.0395285
v -0.0087695 0.0187155 -0.0403955
v -0.0127625 0.0168295 -0.0399195
v -0.0147485 0.0152535 -0.0384225
v -0.0139395 0.0158975 -0.0384905
v -0.0130465 0.0166615 -0.0377835
v -0.0116085 0.0175855 -0.0378405
v -0.0132895 0.0166725 -0.0353605
v -0.0096495 0.0186535 -0.0375105
v -0.0110235 0.0180615 -0.0359715
v -0.0090315 0.0188545 -0.0350235
v -0.0079325 0.0191455 -0.0356285
v -0.0077605 0.0192645 -0.0368625
v -0.0071025 0.0195095 -0.0402935
v -0.0085205 0.0190715 -0.0394395
v -0.0090965 0.0197955 -0.0327845
v -0.0072675 0.0204065 -0.0334955
v -0.0084055 0.0199325 -0.0336955
v -0.0125345 0.0174385 -0.0344445
v -0.0112665 0.0180095 -0.0346025
v -0.0115015 0.0183335 -0.0338945
v -0.0148535 0.0162035 -0.0330295
v -0.0132605 0.0174425 -0.0323445
v -0.0132915 0.0172455 -0.0338245
v -0.0139915 0.0162615 -0.0345285
v -0.0158375 0.0151285 -0.0338625
v -0.0112435 0.0186865 -0.0330675
v -0.0099345 0.0185055 -0.0344575
v -0.0101545 0.0190525 -0.0338515
v -0.0088025 0.0191405 -0.0344125
v -0.0119005 0.0183585 -0.0280955
v -0.0034175 0.0203955 -0.0383635
v -0.0052505 0.0197965 -0.0394465
v -0.0052505 0.0197965 -0.0394465
v -0.0048885 0.0201495 -0.0378665
v -0.0048885 0.0201495 -0.0378665
v -0.0035335 0.0203685 -0.0397445
v -0.0027325 0.0203915 -0.0376455
v -0.0017265 0.0201345 -0.0383865
v -0.0022865 0.0204865 -0.0367815
v -0.0038065 0.0203175 -0.0366195
v -0.0038065 0.0203175 -0.0366195
v -0.0030015 0.0206595 -0.0344475
v -0.0030015 0.0206595 -0.0344475
v -0.0063815 0.0207165 -0.0331665
v -0.0007685 0.0208055 -0.0344835
v -0.0023215 0.0211835 -0.0337885
v -0.0023215 0.0211835 -0.0337885
v -0.0044175 0.0205515 -0.0342245
v -0.0056085 0.0207675 -0.0337215
v -0.0038025 0.0212355 -0.0330985
v -0.0101395 0.0192645 -0.0260015
v -0.0141085 0.0168545 -0.0235075
v -0.0083645 0.0200695 -0.0233155
v -0.0113765 0.0186375 -0.0216075
v -0.0063225 0.0207585 -0.0249385
v -0.0037515 0.0212845 -0.0288675
v -0.0004655 0.0213035 -0.0336775
v -0.0017075 0.0214165 -0.0331185
v -0.0017075 0.0214165 -0.0331185
v -0.0004425 0.0214925 -0.0277635
v -0.0004425 0.0214925 -0.0277635
v -0.0205975 0.0059395 -0.0389945
v -0.0212565 0.0039115 -0.0386565
v -0.0209025 0.0049955 -0.0376075
v -0.0205425 0.0063365 -0.0372205
v -0.0205785 0.0054465 -0.0351555
v -0.0210605 0.0032655 -0.0368615
v -0.0173685 0.0133815 -0.0338985
v -0.0158185 0.0143335 -0.0348445
v -0.0167225 0.0131375 -0.0347395
v -0.0176805 0.0121965 -0.0345785
v -0.0168405 0.0142845 -0.0332115
v -0.0191465 0.0109065 -0.0337785
v -0.0188575 0.0115705 -0.0334595
v -0.0180355 0.0126255 -0.0337685
v -0.0177055 0.0133095 -0.0308225
v -0.0193445 0.0108585 -0.0320525
v -0.0198175 0.0078095 -0.0359445
v -0.0193395 0.0087855 -0.0352435
v -0.0188415 0.0089805 -0.0364565
v -0.0197225 0.0100545 -0.0333835
v -0.0195405 0.0095925 -0.0340725
v -0.0200275 0.0086755 -0.0336415
v -0.0194645 0.0086525 -0.0343625
v -0.0205625 0.0057365 -0.0330945
v -0.0203885 0.0063775 -0.0334995
v -0.0195965 0.0083495 -0.0347485
v -0.0202255 0.0074775 -0.0335385
v -0.0203445 0.0080625 -0.0326085
v -0.0203455 0.0085745 -0.0300995
v -0.0201745 0.0092775 -0.0322015
v -0.0203935 0.0068185 -0.0291065
v -0.0205015 0.0066255 -0.0308785
v -0.0183435 0.0107735 -0.0345745
v -0.0207035 0.0047975 -0.0316105
v -0.0214965 0.0008395 -0.0368515
v -0.0210975 0.0041735 -0.0334735
v -0.0214445 0.0022075 -0.0351185
v -0.0216985 -0.0014625 -0.0373155
v -0.0215265 0.0009215 -0.0336635
v -0.0215595 -0.0011315 -0.0344875
v -0.0217475 -0.0008455 -0.0328955
v -0.0217225 -0.0017685 -0.0336935
v -0.0217145 -0.0022745 -0.0329945
v -0.0212775 0.0031845 -0.0318645
v -0.0216185 0.0011535 -0.0306995
v -0.0216525 0.0002465 -0.0321535
v -0.0208485 0.0049115 -0.0306585
v -0.0213415 0.0030145 -0.0288955
v -0.0208485 0.0054535 -0.0297445
v -0.0215675 0.0014015 -0.0275425
v -0.0213865 0.0025995 -0.0270575
v -0.0221845 -0.0019795 -0.0321365
v -0.0221885 -0.0005985 -0.0313795
v -0.0221605 -0.0002445 -0.0275755
v -0.0223285 -0.0014445 -0.0304055
v -0.0218855 -0.0042835 -0.0321385
v -0.0219735 -0.0043895 -0.0312415
v -0.0223315 -0.0011815 -0.0257535
v -0.0219895 -0.0040915 -0.0255575
v -0.0180755 0.0111825 -0.0422645
v -0.0178085 0.0115105 -0.0400935
v -0.0171075 0.0127065 -0.0389215
v -0.0161655 0.0133665 -0.0376595
v -0.0173365 0.0119785 -0.0381435
v -0.0177615 0.0115785 -0.0367895
v -0.0161315 0.0136485 -0.0359735
v -0.0153045 0.0146565 -0.0364085
v -0.0155555 0.0142495 -0.0374305
v -0.0171565 0.0124725 -0.0358165
v -0.0151435 0.0150285 -0.0346925
v -0.0205615 -0.0067265 -0.0353195
v -0.0206995 -0.0060155 -0.0365795
v -0.0213905 -0.0027725 -0.0356615
v -0.0152095 0.0159485 -0.0291805
v -0.0188165 0.0117475 -0.0274575
v -0.0165895 0.0146005 -0.0263475
v -0.0202045 0.0092245 -0.0272465
v -0.0204005 0.0079825 -0.0262585
v -0.0176615 0.0133745 -0.0241935
v -0.0164275 0.0147175 -0.0230525
v -0.0191715 0.0111795 -0.0216615
v -0.0202725 0.0090745 -0.0231235
v -0.0180145 0.0129845 -0.0184705
v -0.0209165 0.0051045 -0.0274255
v -0.0207785 0.0045805 -0.0260755
v -0.0205525 0.0059735 -0.0264645
v -0.0213705 0.0027385 -0.0252405
v -0.0204395 0.0067655 -0.0252245
v -0.0211085 0.0043275 -0.0243155
v -0.0216435 0.0015375 -0.0241055
v -0.0223535 -0.0013495 -0.0223765
v -0.0221175 -7.05e-05 -0.0224415
v -0.0205055 0.0073325 -0.0197255
v -0.0202305 0.0091775 -0.0197875
v -0.0202985 0.0089985 -0.0180295
v -0.0204045 0.0068045 -0.0175935
v -0.0204135 0.0077555 -0.0225215
v -0.0204555 0.0065395 -0.0206165
v -0.0209655 0.0044555 -0.0213005
v -0.0208905 0.0052875 -0.0222285
v -0.0208845 0.0050635 -0.0235085
v -0.0206075 0.0056355 -0.0205585
v -0.0206475 0.0057815 -0.0187155
v -0.0213345 0.0019005 -0.0214735
v -0.0211515 0.0037325 -0.0192605
v -0.0223325 -0.0011145 -0.0197445
v -0.0214105 0.0029725 -0.0180495
v -0.0215085 0.0012145 -0.0189245
v -0.0210565 0.0047485 -0.0176095
v -0.0212625 0.0035345 -0.0165485
v -0.0214035 0.0021885 -0.0165215
v -0.0206085 0.0073135 0.0037245
v -0.0203875 0.0086205 0.0055095
v -0.0203545 0.0088895 0.0017665
v -0.0197515 0.0100825 0.0031385
v -0.0205215 0.0073245 0.0051975
v -0.0099435 0.0194385 -0.0207185
v -0.0049785 0.0210715 -0.0203495
v -0.0069105 0.0205945 -0.0194295
v 0.0005175 0.0214795 -0.0189975
v 0.0021955 0.0213475 -0.0176175
v 0.0021955 0.0213475 -0.0176175
v -0.0024665 0.0214435 -0.0213975
v -0.0089165 0.0198935 -0.0105225
v -0.0056565 0.0209235 -0.0149525
v -0.0026915 0.0214145 -0.0145915
v -0.0034915 0.0213255 -0.0085295
v 0.0002915 0.0215425 -0.0070055
v -0.0023725 0.0214475 0.0009435
v 0.0048295 0.0210185 -0.0071945
v 0.0047905 0.0209825 -0.0131255
v 0.0071255 0.0203415 -0.0084515
v 0.0033785 0.0212685 -0.0038715
v 0.0033785 0.0212685 -0.0038715
v -0.0187095 0.0119885 -0.0125615
v -0.0157125 0.0154815 -0.0130095
v -0.0135915 0.0172635 -0.0149505
v -0.0098555 0.0194825 -0.0149495
v -0.0174145 0.0137015 -0.0068485
v -0.0116365 0.0184855 -0.0155935
v -0.0136615 0.0171515 -0.0101445
v -0.0116435 0.0186165 -0.0074085
v -0.0201165 0.0094415 -0.0153365
v -0.0204225 0.0083335 -0.0161925
v -0.0204655 0.0066325 -0.0153305
v -0.0192885 0.0110075 -0.0071945
v -0.0203305 0.0089755 -0.0132665
v -0.0205325 0.0071645 -0.0138275
v -0.0206685 0.0058425 -0.0139825
v -0.0206165 0.0074825 -0.0116245
v -0.0203355 0.0089205 -0.0112175
v -0.0204835 0.0065945 -0.0127665
v -0.0211185 0.0023125 -0.0151325
v -0.0209425 0.0051045 -0.0163075
v -0.0212365 0.0030645 -0.0141935
v -0.0209025 0.0045485 -0.0130045
v -0.0211875 0.0024695 -0.0130905
v -0.0215545 0.0012345 -0.0142935
v -0.0205235 0.0066815 -0.0116995
v -0.0213625 0.0014205 -0.0152685
v -0.0219205 0.0002775 -0.0149705
v -0.0203365 0.0074425 -0.0095845
v -0.0203765 0.0083305 -0.0083825
v -0.0203185 0.0089975 -0.0072525
v -0.0203465 0.0068355 -0.0101185
v -0.0208245 0.0051205 -0.0115185
v -0.0210155 0.0049765 -0.0104295
v -0.0206485 0.0057195 -0.0086695
v -0.0214125 0.0034435 -0.0107305
v -0.0214675 0.0030505 -0.0082065
v -0.0205185 0.0076345 -0.0074075
v -0.0204875 0.0065025 -0.0064655
v -0.0205765 0.0065875 -0.0075115
v -0.0208625 0.0048845 -0.0050595
v -0.0207515 0.0052725 -0.0060115
v -0.0213345 0.0032845 -0.0058845
v -0.0133425 0.0174785 -0.0070765
v -0.0142735 0.0166785 -0.0045985
v -0.0131305 0.0176335 -0.0040795
v -0.0155065 0.0156945 -0.0047475
v -0.0127885 0.0179165 -0.0018935
v -0.0167605 0.0144155 0.0022465
v -0.0150865 0.0160495 0.0008195
v -0.0132965 0.0175005 0.0019165
v -0.0117955 0.0184435 0.0023315
v -0.0092485 0.0197185 0.0034515
v -0.0069855 0.0205305 -0.0012835
v -0.0205115 0.0076125 -0.0059435
v -0.0205905 0.0075805 -0.0048075
v -0.0202165 0.0063605 -0.0051875
v -0.0203765 0.0089345 -0.0038095
v -0.0207035 0.0069395 -0.0036755
v -0.0207115 0.0074615 -0.0034575
v -0.0202465 0.0059915 -0.0052585
v -0.0207725 0.0058765 -0.0040405
v -0.0209765 0.0050385 -0.0030035
v -0.0211035 0.0036435 -0.0040065
v -0.0207395 0.0059945 -0.0017355
v -0.0204045 0.0086895 -0.0010775
v -0.0206315 0.0071365 0.0003325
v -0.0208395 0.0055555 -0.0002675
v -0.0183785 0.0123685 0.0043365
v -0.0204965 0.0059895 0.0017515
v -0.0040295 0.0211905 0.0003565
v -0.0203455 0.0074595 -0.0653475
v -0.0205105 0.0051125 -0.0659425
v -0.0206875 0.0076395 -0.0650725
v -0.0206875 0.0076395 -0.0650725
v -0.0191135 0.0066265 -0.0660065
v -0.0190525 0.0086505 -0.0659785
v -0.0190525 0.0086505 -0.0659785
v -0.0185365 0.0047625 -0.0667375
v -0.0175675 0.0064015 -0.0669355
v -0.0161465 0.0102435 -0.0669575
v -0.0169985 0.0062265 -0.0670795
v -0.0214625 0.0058595 -0.0648865
v -0.0214625 0.0058595 -0.0648865
v -0.0223185 0.0032555 -0.0650565
v -0.0223185 0.0032555 -0.0650565
v -0.0216715 0.0043205 -0.0653935
v -0.0222065 0.0049185 -0.0641235
v -0.0218445 0.0030065 -0.0655235
v -0.0222835 0.0021055 -0.0649055
v -0.0222835 0.0021055 -0.0649055
v -0.0225645 0.0035125 -0.0642115
v -0.0227385 0.0020925 -0.0642245
v -0.0228135 0.0023185 -0.0630305
v -0.0202585 0.0024635 -0.0661975
v -0.0210535 0.0017535 -0.0656835
v -0.0210145 0.0003575 -0.0658875
v -0.0178725 0.0029605 -0.0671045
v -0.0186805 0.0008285 -0.0671755
v -0.0155315 0.0041225 -0.0671875
v -0.0171515 0.0019405 -0.0672365
v -0.0193705 0.0007015 -0.0669545
v -0.0218525 -0.0012775 -0.0655355
v -0.0218525 -0.0012775 -0.0655355
v -0.0180915 0.0002575 -0.0671505
v -0.0220015 -0.0037505 -0.0648755
v -0.0215785 -0.0022275 -0.0656925
v -0.0215785 -0.0022275 -0.0656925
v -0.0215835 -0.0033725 -0.0652915
v -0.0200785 -0.0025295 -0.0665095
v -0.0189135 -0.0023785 -0.0671265
v -0.0191005 -0.0048035 -0.0667995
v -0.0191005 -0.0048035 -0.0667995
v -0.0195385 -0.0024005 -0.0668925
v -0.0201945 -0.0033505 -0.0661265
v -0.0201945 -0.0033505 -0.0661265
v -0.0207195 -0.0041425 -0.0652825
v -0.0203705 -0.0042615 -0.0655315
v -0.0213715 -0.0052055 -0.0648405
v -0.0197725 -0.0045105 -0.0663405
v -0.0205165 -0.0057705 -0.0658285
v -0.0201825 -0.0063285 -0.0660155
v -0.0222925 -0.0016515 -0.0650815
v -0.0224425 -0.0024355 -0.0646035
v -0.0207855 -0.0065015 -0.0652895
v -0.0201765 -0.0075315 -0.0654295
v -0.0207635 -0.0076055 -0.0645635
v -0.0202665 -0.0088535 -0.0650095
v -0.0205855 -0.0094315 -0.0637805
v -0.0207425 -0.0095975 -0.0628665
v -0.0204485 -0.0106235 -0.0622345
v -0.0198595 -0.0114915 -0.0613335
v -0.0132945 0.0177025 -0.0644635
v -0.0137335 0.0171325 -0.0648505
v -0.0112535 0.0162165 -0.0663655
v -0.0119905 0.0151645 -0.0666625
v -0.0119905 0.0151645 -0.0666625
v -0.0134415 0.0157355 -0.0660355
v -0.0123315 0.0179855 -0.0647315
v -0.0119035 0.0177195 -0.0651825
v -0.0131855 0.0173965 -0.0649585
v -0.0142935 0.0164225 -0.0651085
v -0.0116255 0.0167465 -0.0657815
v -0.0133215 0.0176675 -0.0635535
v -0.0106585 0.0190485 -0.0645265
v -0.0099195 0.0188255 -0.0653015
v -0.0112615 0.0185815 -0.0648525
v -0.0095625 0.0194315 -0.0649615
v -0.0098115 0.0198865 -0.0638455
v -0.0112005 0.0190335 -0.0634995
v -0.0101765 0.0197385 -0.0633025
v -0.0124625 0.0182905 -0.0640535
v -0.0112475 0.0189595 -0.0625225
v -0.0120145 0.0183065 -0.0610135
v -0.0089795 0.0203505 -0.0624875
v -0.0108825 0.0189305 -0.0618185
v -0.0101235 0.0192885 -0.0612005
v -0.0117815 0.0179855 -0.0596995
v -0.0188835 0.0116115 -0.0645885
v -0.0187015 0.0114855 -0.0651105
v -0.0202405 0.0089105 -0.0646645
v -0.0169395 0.0131545 -0.0656515
v -0.0155995 0.0149735 -0.0653175
v -0.0155365 0.0122115 -0.0666795
v -0.0155365 0.0122115 -0.0666795
v -0.0177835 0.0125455 -0.0653915
v -0.0165145 0.0143795 -0.0651115
v -0.0176845 0.0132575 -0.0648215
v -0.0180185 0.0111935 -0.0658255
v -0.0173665 0.0104995 -0.0666025
v -0.0173665 0.0104995 -0.0666025
v -0.0140125 0.0126695 -0.0669045
v -0.0102445 0.0105515 -0.0671765
v -0.0172385 0.0140105 -0.0642625
v -0.0160375 0.0152495 -0.0643945
v -0.0153035 0.0161865 -0.0643615
v -0.0139485 0.0138265 -0.0666565
v -0.0139485 0.0138265 -0.0666565
v -0.0160035 0.0156465 -0.0634735
v -0.0163045 0.0151275 -0.0636325
v -0.0191305 0.0096125 -0.0655785
v -0.0126975 0.0060015 -0.0672045
v -0.0141625 0.0159085 -0.0591025
v -0.0132135 0.0169425 -0.0599845
v -0.0071325 0.0195875 -0.0583255
v -0.0071325 0.0195875 -0.0583255
v -0.0082235 0.0191125 -0.0577395
v -0.0093385 0.0187825 -0.0571785
v -0.0073365 0.0196255 -0.0562725
v -0.0073365 0.0196255 -0.0562725
v -0.0066525 0.0195825 -0.0548905
v -0.0215065 0.0064785 -0.0640945
v -0.0220495 0.0056655 -0.0630755
v -0.0224265 0.0044665 -0.0633115
v -0.0223975 0.0035485 -0.0616985
v -0.0220535 0.0041715 -0.0609085
v -0.0222075 0.0027605 -0.0608425
v -0.0214805 0.0040645 -0.0598095
v -0.0217965 0.0021925 -0.0595075
v -0.0224725 0.0015815 -0.0607465
v -0.0211545 -0.0042565 -0.0508655
v -0.0209395 -0.0053145 -0.0555995
v -0.0172155 -0.0132075 -0.0528485
v -0.0206065 -0.0068085 -0.0500675
v -0.0199035 0.0079195 -0.0456635
v -0.0205575 -0.0058825 -0.0493245
v -0.0209455 -0.0053295 -0.0480515
v -0.0209895 -0.0040975 -0.0470905
v -0.0208605 -0.0061465 -0.0454665
v -0.0188435 -0.0106945 -0.0456635
v -0.0186375 -0.0109045 -0.0447325
v -0.0177285 -0.0123075 -0.0462305
v -0.0207825 -0.0049495 -0.0430175
v -0.0209585 -0.0053265 -0.0420135
v -0.0209365 -0.0053235 -0.0397785
v -0.0209075 -0.0054475 -0.0372685
v -0.0055025 0.0200255 -0.0437045
v -0.0055025 0.0200255 -0.0437045
v -0.0050585 0.0199605 -0.0414455
v -0.0050585 0.0199605 -0.0414455
v -0.0027855 0.0204395 -0.0415395
v -0.0031455 0.0203525 -0.0438565
v -0.0073755 0.0194785 -0.0388245
v -0.0061725 0.0198795 -0.0383325
v -0.0064245 0.0199935 -0.0344785
v -0.0062985 0.0198165 -0.0354245
v -0.0049805 0.0201825 -0.0351615
v -0.0184605 0.0105005 -0.0389595
v -0.0196055 0.0082225 -0.0377455
v -0.0197745 0.0078295 -0.0369995
v -0.0179055 0.0113585 -0.0363295
v -0.0185725 0.0101435 -0.0354875
v -0.0191375 0.0094815 -0.0347955
v -0.0209825 -0.0046505 -0.0351845
v -0.0210065 -0.0049715 -0.0340875
v -0.0203055 -0.0074015 -0.0337785
v -0.0212145 -0.0049925 -0.0332485
v -0.0213775 -0.0063435 -0.0321325
v -0.0203585 0.0064905 -0.0277345
v -0.0203885 0.0066155 -0.0235805
v -0.0205145 0.0067005 -0.0225695
v -0.0212165 0.0018295 -0.0197115
v -0.0219465 0.0001235 -0.0189215
v -0.0215475 0.0017215 -0.0176305
v -0.0219775 0.0004595 -0.0168655
v -0.0217845 0.0007825 -0.0130805
v -0.0214105 0.0022545 -0.0119235
v -0.0215505 0.0010135 -0.0102235
v -0.0169965 -0.0132495 -0.0480395
v -0.0174865 -0.0124735 -0.0433415
v -0.0190385 -0.0105825 -0.0426145
v -0.0173405 -0.0127585 -0.0443675
v -0.0182905 -0.0113875 -0.0403625
v -0.0174045 -0.0128045 -0.0423275
v -0.0166095 -0.0137285 -0.0427235
v -0.0192045 -0.0098645 -0.0397735
v -0.0194155 -0.0092775 -0.0388135
v -0.0187125 -0.0104875 -0.0386135
v -0.0177265 -0.0123825 -0.0381045
v -0.0170245 -0.0131575 -0.0406135
v -0.0157235 -0.0145835 -0.0392865
v -0.0212345 -0.0070145 -0.0241855
v -0.0198115 -0.0085515 -0.0368585
v -0.0195235 -0.0093855 -0.0354665
v -0.0205295 -0.0073955 -0.0330395
v -0.0205185 -0.0087155 -0.0320355
v -0.0199305 -0.0082545 -0.0342755
v -0.0197685 -0.0090965 -0.0329055
v -0.0192305 -0.0102875 -0.0331045
v -0.0190385 -0.0103195 -0.0361405
v -0.0194415 -0.0105715 -0.0323395
v -0.0193155 -0.0110635 -0.0316885
v -0.0186665 -0.0111565 -0.0329135
v -0.0182445 -0.0113345 -0.0353905
v -0.0168965 -0.0134055 -0.0361735
v -0.0173825 -0.0127335 -0.0336415
v -0.0166105 -0.0137635 -0.0349895
v -0.0181205 -0.0126555 -0.0322155
v -0.0175305 -0.0127145 -0.0332155
v -0.0146695 -0.0156375 -0.0368365
v -0.0153445 -0.0150515 -0.0360195
v -0.0157595 -0.0146195 -0.0374355
v -0.0172525 -0.0136355 -0.0322905
v -0.0161915 -0.0140975 -0.0328745
v -0.0168385 -0.0143625 -0.0315955
v -0.0150755 -0.0154435 -0.0346765
v -0.0156895 -0.0154345 -0.0322405
v -0.0154725 -0.0149255 -0.0328685
v -0.0143615 -0.0161035 -0.0329305
v -0.0211405 -0.0072635 -0.0300595
v -0.0203685 -0.0091255 -0.0300535
v -0.0197265 -0.0104465 -0.0273505
v -0.0180025 -0.0129825 -0.0303395
v -0.0180015 -0.0128405 -0.0248965
v -0.0196505 -0.0105345 -0.0220975
v -0.0164715 -0.0146935 -0.0265295
v -0.0147535 -0.0164225 -0.0314375
v -0.0146105 -0.0163785 -0.0236375
v -0.0219455 -0.0043415 -0.0187295
v -0.0204945 -0.0088225 -0.0222095
v -0.0208105 -0.0080245 -0.0183075
v -0.0223605 -0.0012115 -0.0178695
v -0.0215395 -0.0057895 -0.0159845
v -0.0222985 -0.0012595 -0.0148905
v -0.0220465 -0.0033545 -0.0142955
v -0.0215575 -0.0055625 -0.0117115
v -0.0201115 -0.0093375 -0.0149395
v -0.0199955 -0.0098265 -0.0166755
v -0.0209835 -0.0073065 -0.0128055
v -0.0181525 -0.0125675 -0.0198305
v -0.0164245 -0.0146165 -0.0162055
v -0.0183115 -0.0123985 -0.0176855
v -0.0192025 -0.0109825 -0.0151645
v -0.0182075 -0.0123055 -0.0138395
v -0.0155925 -0.0153385 -0.0129685
v -0.0129745 -0.0175625 -0.0190215
v -0.0120375 -0.0179165 -0.0142315
v -0.0105365 -0.0189915 -0.0178415
v -0.0204825 0.0062615 0.0055845
v -0.0207265 0.0058885 0.0043935
v -0.0212475 0.0039005 0.0045965
v -0.0209725 0.0048015 0.0062935
v -0.0213015 0.0030535 0.0054975
v -0.0210985 0.0040875 0.0069685
v -0.0214495 0.0026525 0.0069225
v -0.0221325 -0.0002855 -0.0127925
v -0.0222875 -0.0014775 -0.0091995
v -0.0222285 -0.0007065 -0.0106645
v -0.0221035 -4.15e-05 -0.0082815
v -0.0218615 -0.0042915 -0.0085755
v -0.0196705 -0.0102265 -0.0105875
v -0.0209685 -0.0072725 -0.0077385
v -0.0213905 0.0027355 -0.0048255
v -0.0215885 0.0012495 -0.0053245
v -0.0216275 0.0012675 -0.0074655
v -0.0214465 0.0016755 -0.0060125
v -0.0221175 6.85e-05 -0.0046695
v -0.0222355 -0.0012835 -0.0039695
v -0.0220135 -0.0031695 -0.0041675
v -0.0215205 -0.0054795 -0.0045015
v -0.0213585 -0.0052555 -0.0032645
v -0.0209775 -0.0067705 -0.0038075
v -0.0218445 -0.0032035 -0.0026925
v -0.0211935 -0.0043245 -0.0021325
v -0.0205125 -0.0082915 -0.0051725
v -0.0202385 -0.0086975 -0.0043925
v -0.0209375 -0.0052275 -0.0026925
v -0.0204655 -0.0062955 -0.0027935
v -0.0200245 -0.0074445 -0.0033225
v -0.0192315 -0.0107885 -0.0063345
v -0.0182745 -0.0122815 -0.0080885
v -0.0182505 -0.0122365 -0.0050935
v -0.0194325 -0.0090025 -0.0034305
v -0.0197925 -0.0074095 -0.0027155
v -0.0188685 -0.0111775 -0.0046615
v -0.0186685 -0.0106975 -0.0038305
v -0.0186565 -0.0101675 -0.0026275
v -0.0181525 -0.0118495 -0.0039175
v -0.0179715 -0.0113505 -0.0024185
v -0.0175995 -0.0121245 -0.0028025
v -0.0177365 -0.0129455 -0.0111925
v -0.0184865 -0.0121085 -0.0106365
v -0.0171485 -0.0136375 -0.0069545
v -0.0126555 -0.0176245 -0.0124875
v -0.0135715 -0.0169405 -0.0102775
v -0.0099645 -0.0191515 -0.0143955
v -0.0149815 -0.0158095 -0.0060135
v -0.0118695 -0.0180505 -0.0065225
v -0.0094695 -0.0193515 -0.0097995
v -0.0170975 -0.0136075 -0.0049245
v -0.0167475 -0.0131195 -0.0035955
v -0.0156625 -0.0150005 -0.0043385
v -0.0158115 -0.0141105 -0.0028475
v -0.0152985 -0.0151575 -0.0024755
v -0.0147055 -0.0159565 -0.0022375
v -0.0130605 -0.0171815 -6.25e-05
v -0.0113455 -0.0183035 -9.65e-05
v -0.0093765 -0.0193545 -0.0007955
v -0.0213355 0.0025315 -0.0035995
v -0.0216575 0.0003715 -0.0023355
v -0.0213215 0.0017945 -0.0039825
v -0.0214025 0.0025185 -0.0021995
v -0.0211345 0.0036185 -0.0021815
v -0.0214405 0.0020225 -0.0010005
v -0.0214235 0.0012455 -0.0009945
v -0.0215865 -0.0001365 -0.0017235
v -0.0220235 -0.0008975 -0.0025955
v -0.0215155 -0.0013975 -0.0012225
v -0.0215455 0.0001635 -9.75e-05
v -0.0211675 0.0043975 -0.0015615
v -0.0214065 0.0031835 -0.0009055
v -0.0212225 0.0037315 0.0003835
v -0.0214055 0.0014375 0.0013875
v -0.0215455 -0.0004945 0.0021055
v -0.0220565 -0.0018165 -0.0026065
v -0.0215225 -0.0027205 -0.0016225
v -0.0212975 -0.0025945 -0.0004615
v -0.0209095 -0.0046775 -0.0009365
v -0.0206895 -0.0055135 -0.0017835
v -0.0213625 -0.0022235 0.0008525
v -0.0215095 -0.0018675 0.0026465
v -0.0208695 -0.0043905 0.0005715
v -0.0206375 -0.0053685 0.0016085
v -0.0203845 -0.0060825 -0.0003775
v -0.0200945 -0.0067305 0.0010945
v -0.0211835 -0.0041145 0.0020965
v -0.0204405 -0.0061425 0.0029195
v -0.0199705 -0.0071195 -0.0019225
v -0.0201865 -0.0071655 -0.0007015
v -0.0209155 0.0049725 0.0024835
v -0.0212475 0.0037995 0.0017975
v -0.0214245 0.0026245 0.0021125
v -0.0206735 0.0054365 0.0031955
v -0.0209525 0.0042715 0.0034025
v -0.0213875 0.0016065 0.0033745
v -0.0213505 -2.95e-05 0.0031645
v -0.0211315 0.0037015 0.0034425
v -0.0211615 0.0028025 0.0032785
v -0.0214525 0.0016565 0.0045535
v -0.0213485 0.0005035 0.0053525
v -0.0215025 0.0017105 0.0066625
v -0.0210515 -0.0017365 0.0035505
v -0.0215055 0.0001385 0.0040395
v -0.0215565 -1.65e-05 0.0046305
v -0.0215455 -0.0019445 0.0048235
v -0.0210865 -0.0024565 0.0035915
v -0.0210915 -0.0035675 0.0042145
v -0.0213505 -0.0035005 0.0054715
v -0.0213185 -0.0031385 0.0030755
v -0.0206095 -0.0057845 0.0043935
v -0.0210235 -0.0044885 0.0056025
v -0.0214625 -0.0011945 0.0065325
v -0.0215575 0.0013905 0.0080955
v -0.0206625 -0.0049735 0.0063665
v -0.0210585 -0.0034595 0.0066105
v -0.0214965 -0.0011685 0.0079455
v -0.0213655 -0.0032455 0.0083535
v -0.0195285 -0.0086305 -0.0014035
v -0.0194295 -0.0087905 -0.0026775
v -0.0198455 -0.0079525 -0.0010565
v -0.0196815 -0.0071785 4.35e-05
v -0.0196775 -0.0079945 -0.0003545
v -0.0190645 -0.0093715 -0.0005425
v -0.0193905 -0.0085315 0.0006225
v -0.0184595 -0.0106115 -0.0012575
v -0.0186155 -0.0101615 -2.65e-05
v -0.0174075 -0.0123345 -0.0015085
v -0.0190965 -0.0093545 0.0011125
v -0.0182345 -0.0111315 -0.0001585
v -0.0171755 -0.0125825 0.0008695
v -0.0200265 -0.0077885 0.0024505
v -0.0195885 -0.0087525 0.0023725
v -0.0185175 -0.0102355 0.0018545
v -0.0187715 -0.0096405 0.0029705
v -0.0192965 -0.0090615 0.0037725
v -0.0183785 -0.0105785 0.0037595
v -0.0179305 -0.0112495 0.0013605
v -0.0178465 -0.0117175 0.0024165
v -0.0182925 -0.0110265 0.0029735
v -0.0172275 -0.0126895 0.0032215
v -0.0163925 -0.0137055 0.0024645
v -0.0201305 -0.0067965 0.0054845
v -0.0203175 -0.0059755 0.0058605
v -0.0195415 -0.0080415 0.0052275
v -0.0194865 -0.0086625 0.0058465
v -0.0204285 -0.0059505 0.0074685
v -0.0200475 -0.0077515 0.0072185
v -0.0200445 -0.0075225 0.0082105
v -0.0200915 -0.0075445 0.0089805
v -0.0190375 -0.0094395 0.0069835
v -0.0190775 -0.0094485 0.0089795
v -0.0196485 -0.0082915 0.0095405
v -0.0194885 -0.0087025 0.0044885
v -0.0188745 -0.0100615 0.0052265
v -0.0181605 -0.0110885 0.0062195
v -0.0175765 -0.0115095 0.0042885
v -0.0184195 -0.0107295 0.0082925
v -0.0169065 -0.0126325 0.0044145
v -0.0172235 -0.0119765 0.0050725
v -0.0160595 -0.0139715 0.0038795
v -0.0165365 -0.0130855 0.0064235
v -0.0160285 -0.0135455 0.0049035
v -0.0173815 -0.0122925 0.0070495
v -0.0180415 -0.0109375 0.0100125
v -0.0169155 -0.0126455 0.0077395
v -0.0157885 -0.0135925 0.0073735
v -0.0158755 -0.0139545 0.0089165
v -0.0166745 -0.0129845 0.0090675
v -0.0149435 -0.0145995 0.0083075
v -0.0163015 -0.0137055 -0.0014515
v -0.0162285 -0.0137335 0.0005395
v -0.0156765 -0.0148285 -0.0006585
v -0.0153455 -0.0153315 0.0015385
v -0.0154445 -0.0150355 0.0038055
v -0.0144565 -0.0160775 0.0051555
v -0.0150505 -0.0153015 0.0055745
v -0.0119115 -0.0179185 0.0054765
v -0.0145335 -0.0158025 0.0071415
v -0.0138615 -0.0163645 0.0084035
v -0.0124815 -0.0175235 0.0089595
v -0.0096725 -0.0191675 0.0055115
v -0.0074115 -0.0201505 0.0051515
v -0.0172155 -0.0127975 -0.0453895
v -0.0182745 -0.0138645 -0.0613665
v -0.0187695 -0.0120785 -0.0606505
v -0.0164715 -0.0154025 -0.0643635
v -0.0168615 -0.0153675 -0.0624355
v -0.0185715 -0.0136335 -0.0622775
v -0.0177085 -0.0146495 -0.0618705
v -0.0173415 -0.0148895 -0.0610585
v -0.0158335 -0.0164215 -0.0610295
v -0.0146695 -0.0166665 -0.0651515
v -0.0160785 -0.0161185 -0.0634285
v -0.0153135 -0.0171045 -0.0621185
v -0.0137515 -0.0181955 -0.0621375
v -0.0139055 -0.0179405 -0.0635425
v -0.0126095 -0.0184415 -0.0632365
v -0.0123855 -0.0177595 -0.0651665
v -0.0057155 0.0213125 -0.0625205
v -0.0064175 0.0209975 -0.0640635
v -0.0073555 0.0208865 -0.0637495
v -0.0073555 0.0208865 -0.0637495
v -0.0054375 0.0208625 -0.0643145
v -0.0044435 0.0213265 -0.0630885
v -0.0027765 0.0216985 -0.0640865
v -0.0037795 0.0214175 -0.0643315
v -0.0030745 0.0217465 -0.0629495
v -0.0076235 0.0205255 -0.0610885
v -0.0076235 0.0205255 -0.0610885
v -0.0081515 0.0205825 -0.0629805
v -0.0069325 0.0210565 -0.0625945
v -0.0069325 0.0210565 -0.0625945
v -0.0062265 0.0210825 -0.0615055
v -0.0041315 0.0214575 -0.0624015
v -0.0041305 0.0212625 -0.0615845
v -0.0019595 0.0218805 -0.0626345
v -0.0031615 0.0210595 -0.0601885
v -0.0018505 0.0215375 -0.0614695
v -0.0066775 0.0203355 -0.0606915
v -0.0074405 0.0199415 -0.0597565
v -0.0074405 0.0199415 -0.0597565
v -0.0057465 0.0203575 -0.0603495
v -0.0063515 0.0198475 -0.0588325
v -0.0044245 0.0204565 -0.0594335
v -0.0047395 0.0208495 -0.0607125
v -0.0046725 0.0201885 -0.0572785
v -0.0063035 0.0197865 -0.0569465
v -0.0056535 0.0197725 -0.0561955
v -0.0024445 0.0205015 -0.0588125
v -0.0037495 0.0203385 -0.0585375
v -0.0018925 0.0209015 -0.0594565
v -0.0026945 0.0204815 -0.0567475
v -0.0017285 0.0204695 -0.0585625
v -0.0017055 0.0218115 -0.0639005
v -0.0004255 0.0217365 -0.0620785
v -0.0007675 0.0213735 -0.0603285
v -0.0004055 0.0217205 -0.0629765
v 0.0005255 0.0218365 -0.0625715
v 0.0013585 0.0217365 -0.0615985
v -2.85e-05 0.0207845 -0.0593235
v 0.0010675 0.0214105 -0.0605355
v 0.0011285 0.0205285 -0.0592875
v 0.0034175 0.0214785 -0.0617795
v 0.0021095 0.0218335 -0.0633005
v 0.0025595 0.0205375 -0.0594975
v 0.0016325 0.0203675 -0.0588675
v -0.0007915 0.0205305 -0.0575075
v 0.0001195 0.0205785 -0.0575475
v -0.0046265 0.0201805 -0.0559125
v -0.0053355 0.0200955 -0.0538995
v -0.0036235 0.0202075 -0.0537295
v -0.0010515 0.0202315 -0.0542565
v -0.0007305 0.0204105 -0.0560195
v -0.0029495 0.0200795 -0.0546755
v -0.0017375 0.0204055 -0.0531175
v -0.0033855 0.0200535 -0.0524645
v -0.0037715 0.0203735 -0.0506025
v 0.0009705 0.0206545 -0.0528925
v -0.0005795 0.0204615 -0.0525785
v -0.0025645 0.0203465 -0.0522525
v -0.0013095 0.0200435 -0.0514495
v -0.0017985 0.0200955 -0.0508625
v 0.0027165 0.0203285 -0.0583275
v 0.0004915 0.0203215 -0.0567635
v 0.0009565 0.0205025 -0.0579695
v 0.0015735 0.0203745 -0.0564655
v 0.0003175 0.0203805 -0.0550195
v 0.0021585 0.0202335 -0.0554105
v 0.0033255 0.0202755 -0.0566775
v 0.0005405 0.0204915 -0.0542515
v 0.0020205 0.0203635 -0.0540035
v 0.0022435 0.0204735 -0.0519245
v 0.0039375 0.0201765 -0.0549615
v 0.0042615 0.0200355 -0.0558705
v 0.0056475 0.0194575 -0.0549535
v 0.0035925 0.0201055 -0.0532295
v 0.0052775 0.0198465 -0.0534045
v 0.0055615 0.0209585 -0.0611545
v 0.0066705 0.0197805 -0.0596345
v 0.0074585 0.0204495 -0.0617635
v 0.0075495 0.0198735 -0.0607535
v 0.0087025 0.0199405 -0.0613185
v 0.0083785 0.0194635 -0.0605575
v 0.0088335 0.0200275 -0.0624795
v 0.0104305 0.0190635 -0.0623985
v 0.0100565 0.0193125 -0.0637025
v 0.0104275 0.0187305 -0.0614365
v 0.0117575 0.0183075 -0.0633505
v 0.0119495 0.0180025 -0.0612985
v 0.0130285 0.0174805 -0.0631095
v 0.0124335 0.0178095 -0.0637985
v 0.0138905 0.0165455 -0.0645025
v 0.0123525 0.0178715 -0.0617415
v 0.0137405 0.0168565 -0.0623485
v 0.0062065 0.0193415 -0.0580025
v 0.0052525 0.0199735 -0.0590875
v 0.0045945 0.0200925 -0.0580535
v 0.0061235 0.0196445 -0.0568095
v 0.0074885 0.0188225 -0.0579055
v 0.0064515 0.0195045 -0.0560055
v 0.0055205 0.0197325 -0.0542755
v 0.0070385 0.0191215 -0.0533325
v 0.0069585 0.0188865 -0.0544845
v 0.0079145 0.0188115 -0.0556695
v 0.0094295 0.0180695 -0.0574545
v 0.0091995 0.0181335 -0.0583055
v 0.0099685 0.0178665 -0.0558715
v 0.0090765 0.0189045 -0.0602785
v 0.0097065 0.0185605 -0.0603835
v 0.0098015 0.0183145 -0.0596265
v 0.0085585 0.0185855 -0.0591235
v 0.0114115 0.0178195 -0.0604575
v 0.0110315 0.0173685 -0.0590555
v 0.0095885 0.0179515 -0.0590045
v 0.0130765 0.0169795 -0.0613205
v 0.0124405 0.0171315 -0.0605385
v 0.0122665 0.0166795 -0.0595885
v 0.0141275 0.0160585 -0.0615995
v 0.0138765 0.0161195 -0.0604085
v 0.0104325 0.0176495 -0.0576815
v 0.0121415 0.0165175 -0.0574995
v 0.0131175 0.0160445 -0.0593835
v 0.0137525 0.0150735 -0.0592995
v 0.0132385 0.0157675 -0.0582485
v 0.0139415 0.0151235 -0.0579415
v 0.0099975 0.0177295 -0.0568815
v 0.0111595 0.0170965 -0.0559575
v 0.0109325 0.0168255 -0.0568775
v 0.0105325 0.0174555 -0.0550175
v 0.0114905 0.0168405 -0.0552105
v 0.0125135 0.0162485 -0.0563285
v 0.0124685 0.0163555 -0.0553195
v 0.0138495 0.0152715 -0.0547315
v -0.0192305 -0.0110935 -0.0600405
v -0.0178765 -0.0126405 -0.0581615
v -0.0177265 -0.0129835 -0.0592075
v -0.0172265 -0.0138645 -0.0595525
v -0.0162575 -0.0146525 -0.0590655
v -0.0162735 -0.0155455 -0.0600235
v -0.0164375 -0.0142175 -0.0578815
v -0.0145995 -0.0156035 -0.0585745
v -0.0188765 -0.0108195 -0.0577645
v -0.0171755 -0.0132635 -0.0548615
v -0.0158815 -0.0147465 -0.0581205
v -0.0160975 -0.0147035 -0.0564875
v -0.0150405 -0.0155125 -0.0578175
v -0.0150265 -0.0156985 -0.0565665
v -0.0153185 -0.0152615 -0.0551875
v -0.0149425 -0.0167795 -0.0602455
v -0.0138035 -0.0169435 -0.0589805
v -0.0137945 -0.0167395 -0.0576815
v -0.0135995 -0.0169515 -0.0582805
v -0.0162835 -0.0139765 -0.0536855
v -0.0161045 -0.0142245 -0.0547615
v -0.0151205 -0.0154645 -0.0528605
v 0.0145835 0.0159385 -0.0642065
v 0.0150055 0.0152975 -0.0626035
v 0.0156195 0.0148225 -0.0640375
v 0.0163375 0.0143075 -0.0632675
v 0.0169345 0.0133025 -0.0615455
v 0.0191875 0.0101245 -0.0628905
v 0.0194525 0.0097275 -0.0619095
v 0.0200215 0.0086655 -0.0626385
v 0.0203545 0.0078985 -0.0638075
v 0.0191925 0.0097075 -0.0646365
v 0.0204395 0.0075265 -0.0623455
v 0.0197665 0.0089395 -0.0610295
v 0.0151235 0.0145275 -0.0605305
v 0.0154795 0.0142395 -0.0613955
v 0.0146205 0.0143795 -0.0597495
v 0.0157195 0.0135125 -0.0595325
v 0.0161125 0.0136135 -0.0602545
v 0.0146715 0.0143375 -0.0582635
v 0.0178835 0.0122735 -0.0619555
v 0.0174355 0.0131525 -0.0641115
v 0.0160125 0.0129635 -0.0585765
v 0.0171725 0.0116825 -0.0592635
v 0.0151025 0.0137145 -0.0572315
v 0.0167005 0.0121965 -0.0572885
v 0.0160875 0.0128645 -0.0563055
v 0.0172685 0.0114555 -0.0588735
v 0.0178665 0.0104515 -0.0570055
v 0.0180215 0.0101865 -0.0585935
v 0.0185985 0.0107475 -0.0612495
v 0.0191985 0.0095225 -0.0607525
v 0.0190875 0.0086555 -0.0596855
v 0.0184525 0.0101275 -0.0598375
v 0.0205815 0.0065415 -0.0642275
v 0.0211595 0.0052905 -0.0628775
v 0.0207975 0.0049945 -0.0646425
v 0.0209355 0.0054765 -0.0614975
v 0.0198025 0.0077225 -0.0605485
v 0.0193235 0.0074195 -0.0590885
v 0.0203975 0.0062645 -0.0606155
v 0.0198875 0.0050005 -0.0585105
v 0.0211925 0.0036125 -0.0612245
v 0.0203355 0.0038085 -0.0588165
v 0.0207135 0.0016145 -0.0594155
v 0.0203345 0.0033685 -0.0578105
v 0.0184585 0.0089495 -0.0581445
v 0.0191825 0.0076875 -0.0564175
v 0.0183575 0.0096505 -0.0565505
v 0.0189125 0.0084195 -0.0547915
v 0.0196445 0.0066235 -0.0572955
v 0.0196225 0.0059125 -0.0552335
v 0.0199475 0.0048325 -0.0563585
v 0.0204685 0.0012855 -0.0575215
v 0.0201605 0.0027875 -0.0567475
v 0.0205205 0.0001125 -0.0567195
v 0.0205585 0.0019635 -0.0558425
v 0.0203315 0.0037495 -0.0553275
v 0.0205925 0.0006715 -0.0546235
v 0.0203855 0.0032145 -0.0546085
v 0.0205955 -0.0013395 -0.0556975
v 0.0205985 -0.0005505 -0.0536265
v 0.0214035 0.0037915 -0.0637435
v 0.0216465 0.0025965 -0.0635485
v 0.0215575 0.0029085 -0.0622805
v 0.0215135 0.0006035 -0.0630305
v 0.0215225 0.0003675 -0.0639805
v 0.0217415 -0.0014375 -0.0637535
v 0.0217725 -0.0023435 -0.0630365
v 0.0215615 -0.0034805 -0.0622505
v 0.0217885 -0.0028825 -0.0639785
v 0.0212925 0.0018895 -0.0610465
v 0.0212075 0.0011835 -0.0607515
v 0.0216285 -0.0015365 -0.0620905
v 0.0212475 -0.0006005 -0.0603615
v 0.0209465 -0.0021565 -0.0603455
v 0.0204805 -0.0044245 -0.0595235
v 0.0206595 0.0005325 -0.0594805
v 0.0207145 -0.0004495 -0.0596865
v 0.0204665 -0.0005895 -0.0591795
v 0.0205445 -0.0013295 -0.0580905
v 0.0203765 -0.0010905 -0.0592755
v 0.0203965 -0.0021375 -0.0588175
v 0.0203715 -0.0019495 -0.0584645
v 0.0202685 -0.0037875 -0.0585125
v 0.0205095 -0.0028875 -0.0564475
v 0.0006665 -0.0225455 -0.0630075
v 0.0015265 -0.0222065 -0.0647305
v 0.0014485 -0.0225295 -0.0620495
v 0.0037505 -0.0218705 -0.0614085
v 0.0026255 -0.0221845 -0.0608665
v 0.0027505 -0.0222805 -0.0626995
v 0.0041265 -0.0211925 -0.0602295
v 0.0042115 -0.0220815 -0.0627555
v 0.0055625 -0.0213945 -0.0608395
v 0.0068145 -0.0213135 -0.0626775
v 0.0058895 -0.0215355 -0.0627595
v 0.0045495 -0.0218495 -0.0639365
v 0.0026025 -0.0216585 -0.0595585
v 0.0026305 -0.0211325 -0.0586405
v 0.0017065 -0.0213195 -0.0589835
v 0.0036725 -0.0211945 -0.0593405
v 0.0024235 -0.0208425 -0.0570645
v 0.0033915 -0.0206725 -0.0575385
v 0.0053855 -0.0207105 -0.0595385
v 0.0050535 -0.0205505 -0.0575545
v 0.0064905 -0.0208505 -0.0601855
v 0.0064005 -0.0199575 -0.0574045
v 0.0076135 -0.0200465 -0.0592825
v 0.0030485 -0.0210365 -0.0562635
v 0.0042685 -0.0205375 -0.0569255
v 0.0049195 -0.0202305 -0.0562125
v 0.0040005 -0.0208595 -0.0552425
v 0.0053535 -0.0200675 -0.0566335
v 0.0059175 -0.0202745 -0.0549195
v 0.0068295 -0.0201215 -0.0559215
v 0.0078325 -0.0206075 -0.0603015
v 0.0087375 -0.0197275 -0.0596075
v 0.0091465 -0.0202825 -0.0613265
v 0.0069355 -0.0209405 -0.0614935
v 0.0070275 -0.0208605 -0.0607545
v 0.0076775 -0.0198465 -0.0582295
v 0.0090395 -0.0192515 -0.0586665
v 0.0098685 -0.0188335 -0.0564235
v 0.0105515 -0.0182395 -0.0572505
v 0.0084255 -0.0196205 -0.0566605
v 0.0164215 -0.0146225 -0.0639545
v 0.0150015 -0.0160465 -0.0640565
v 0.0153395 -0.0153045 -0.0647135
v 0.0186485 -0.0117095 -0.0628075
v 0.0188585 -0.0111015 -0.0636575
v 0.0194185 -0.0101675 -0.0629725
v 0.0179565 -0.0124685 -0.0610475
v 0.0177545 -0.0128925 -0.0626935
v 0.0167715 -0.0144695 -0.0624825
v 0.0157835 -0.0154795 -0.0629525
v 0.0168705 -0.0140335 -0.0610825
v 0.0139035 -0.0156185 -0.0656015
v 0.0143075 -0.0167485 -0.0635645
v 0.0135075 -0.0177405 -0.0621125
v 0.0133705 -0.0176105 -0.0633705
v 0.0114715 -0.0191155 -0.0637405
v 0.0123635 -0.0180285 -0.0642125
v 0.0147615 -0.0162955 -0.0609925
v 0.0134325 -0.0172345 -0.0603675
v 0.0143165 -0.0168325 -0.0618585
v 0.0155055 -0.0156575 -0.0616465
v 0.0150525 -0.0148725 -0.0594615
v 0.0156075 -0.0149595 -0.0602395
v 0.0139655 -0.0156905 -0.0590185
v 0.0070475 -0.0200695 -0.0530595
v 0.0075335 -0.0198565 -0.0544645
v 0.0086365 -0.0194765 -0.0534495
v 0.0081725 -0.0195995 -0.0518065
v 0.0149375 -0.0146845 -0.0572905
v 0.0131815 -0.0164195 -0.0569075
v 0.0127845 -0.0167015 -0.0589975
v 0.0115295 -0.0177085 -0.0577055
v 0.0125655 -0.0169035 -0.0561505
v 0.0142135 -0.0153195 -0.0559275
v 0.0150185 -0.0142825 -0.0553785
v 0.0158545 -0.0133505 -0.0573055
v 0.0114305 -0.0176285 -0.0553745
v 0.0130305 -0.0163035 -0.0552675
v 0.0119755 -0.0170505 -0.0546455
v 0.0134405 -0.0161395 -0.0546735
v 0.0128155 -0.0165245 -0.0539605
v 0.0120075 -0.0173325 -0.0531585
v 0.0135335 -0.0159195 -0.0532925
v 0.0142955 -0.0153485 -0.0544895
v 0.0152125 -0.0140335 -0.0542935
v 0.0107725 -0.0181185 -0.0539195
v 0.0089335 -0.0192195 -0.0548345
v 0.0090935 -0.0191525 -0.0523375
v 0.0087555 -0.0191845 -0.0508415
v 0.0101155 -0.0182185 -0.0511265
v 0.0115385 -0.0174925 -0.0515665
v 0.0088905 -0.0193745 -0.0497035
v 0.0073255 -0.0196185 -0.0507825
v 0.0081135 -0.0192535 -0.0478575
v 0.0097115 -0.0187715 -0.0481995
v 0.0084495 -0.0193785 -0.0467815
v 0.0096035 -0.0188605 -0.0463285
v 0.0168445 -0.0126255 -0.0535255
v 0.0158145 -0.0136605 -0.0527985
v 0.0146435 -0.0147935 -0.0531615
v 0.0145715 -0.0151695 -0.0519955
v 0.0133025 -0.0162865 -0.0516185
v 0.0130725 -0.0166395 -0.0508285
v 0.0172105 -0.0118105 -0.0498825
v 0.0181345 -0.0100435 -0.0517535
v 0.0159965 -0.0134205 -0.0504275
v 0.0150545 -0.0144495 -0.0496575
v 0.0143575 -0.0153335 -0.0496165
v 0.0160245 -0.0134225 -0.0483055
v 0.0142015 -0.0151825 -0.0483805
v 0.0119015 -0.0173835 -0.0494935
v 0.0100145 -0.0186865 -0.0498835
v 0.0135075 -0.0161175 -0.0484275
v 0.0129365 -0.0166995 -0.0475625
v 0.0108025 -0.0182615 -0.0470975
v 0.0114385 -0.0177065 -0.0459565
v 0.0203795 -0.0074345 -0.0620485
v 0.0214395 -0.0045915 -0.0632635
v 0.0212565 -0.0049505 -0.0617075
v 0.0199345 -0.0091625 -0.0624615
v 0.0196225 -0.0095905 -0.0635185
v 0.0198765 -0.0085875 -0.0616955
v 0.0193165 -0.0097045 -0.0612505
v 0.0197595 -0.0086665 -0.0607525
v 0.0202365 -0.0072375 -0.0610255
v 0.0186825 -0.0094425 -0.0599635
v 0.0191985 -0.0083525 -0.0596665
v 0.0194775 -0.0075705 -0.0588325
v 0.0197195 -0.0075315 -0.0600465
v 0.0199875 -0.0066145 -0.0601825
v 0.0184635 -0.0093745 -0.0585695
v 0.0208225 -0.0054835 -0.0608975
v 0.0180895 -0.0109185 -0.0598875
v 0.0186725 -0.0109945 -0.0612165
v 0.0165365 -0.0127315 -0.0589585
v 0.0155815 -0.0135245 -0.0590505
v 0.0161495 -0.0140085 -0.0597805
v 0.0171475 -0.0125505 -0.0595735
v 0.0173225 -0.0117805 -0.0586995
v 0.0196085 -0.0070545 -0.0567175
v 0.0183625 -0.0096775 -0.0570805
v 0.0166975 -0.0124515 -0.0581015
v 0.0177165 -0.0110115 -0.0583605
v 0.0174225 -0.0114925 -0.0566955
v 0.0178615 -0.0105135 -0.0561255
v 0.0201285 -0.0038135 -0.0574945
v 0.0201455 -0.0049785 -0.0588875
v 0.0199305 -0.0054865 -0.0565345
v 0.0197765 -0.0056495 -0.0555265
v 0.0194235 -0.0076775 -0.0552055
v 0.0201705 -0.0040465 -0.0550135
v 0.0205815 -0.0021225 -0.0532455
v 0.0201155 -0.0040325 -0.0541565
v 0.0195825 -0.0056165 -0.0546025
v 0.0195185 -0.0066705 -0.0535255
v 0.0201265 -0.0048405 -0.0530185
v 0.0181905 -0.0101735 -0.0547495
v 0.0189765 -0.0087775 -0.0545115
v 0.0175145 -0.0113695 -0.0549435
v 0.0166865 -0.0127775 -0.0552925
v 0.0174275 -0.0109765 -0.0537145
v 0.0192275 -0.0081075 -0.0523365
v 0.0183665 -0.0095505 -0.0531945
v 0.0198955 -0.0062015 -0.0507815
v 0.0149255 -0.0147145 -0.0588465
v -0.0041655 0.0202555 -0.0492305
v -0.0022085 0.0202745 -0.0497265
v -0.0035065 0.0203865 -0.0468655
v -0.0024605 0.0204805 -0.0486845
v 3.45e-05 0.0206605 -0.0511435
v -0.0024585 0.0202425 -0.0505655
v -0.0002045 0.0206115 -0.0493785
v -0.0013085 0.0203375 -0.0502405
v -0.0018745 0.0204775 -0.0474475
v -0.0015125 0.0204505 -0.0460215
v -0.0034395 0.0202205 -0.0454875
v -0.0002815 0.0205685 -0.0477525
v 8.5e-06 0.0203405 -0.0468515
v -0.0003555 0.0203405 -0.0453755
v 0.0013485 0.0203675 -0.0499265
v 0.0031155 0.0201635 -0.0505365
v 0.0054875 0.0196575 -0.0526135
v 0.0047735 0.0198815 -0.0516815
v 0.0043185 0.0200325 -0.0504025
v 0.0065135 0.0193415 -0.0515255
v 0.0070215 0.0190955 -0.0501835
v 0.0037575 0.0200805 -0.0497195
v 0.0035145 0.0202345 -0.0490005
v 0.0014665 0.0204325 -0.0487365
v 0.0019335 0.0202645 -0.0470185
v 0.0032225 0.0203625 -0.0475595
v 0.0028625 0.0202895 -0.0471485
v 0.0049335 0.0196065 -0.0489725
v 0.0061715 0.0193985 -0.0491915
v -0.0003655 0.0201635 -0.0443535
v 0.0018955 0.0202245 -0.0438665
v 0.0015355 0.0204555 -0.0455905
v 0.0007605 0.0200855 -0.0433055
v 1.25e-05 0.0201175 -0.0432605
v 0.0026965 0.0201905 -0.0428315
v 0.0012095 0.0199445 -0.0423335
v 0.0023525 0.0203915 -0.0413385
v 0.0029105 0.0203735 -0.0456285
v 0.0037135 0.0202015 -0.0464335
v 0.0028825 0.0202255 -0.0438815
v 0.0040945 0.0200805 -0.0453745
v 0.0046295 0.0200665 -0.0445725
v 0.0049035 0.0198625 -0.0477645
v 0.0055315 0.0194605 -0.0467165
v 0.0072595 0.0190935 -0.0482645
v 0.0066025 0.0193305 -0.0458195
v 0.0039935 0.0200655 -0.0427525
v 0.0038145 0.0202135 -0.0419105
v 0.0060485 0.0196545 -0.0429285
v 0.0050665 0.0199885 -0.0412955
v 0.0070055 0.0194505 -0.0415425
v 0.0082305 0.0188525 -0.0420735
v 0.0079335 0.0190355 -0.0443765
v -0.0017645 0.0205075 -0.0417975
v -0.0013765 0.0201145 -0.0433995
v -0.0003455 0.0204455 -0.0421705
v -0.0007935 0.0204805 -0.0402775
v -0.0019355 0.0204925 -0.0398175
v 0.0006045 0.0199575 -0.0427355
v 0.0002475 0.0203595 -0.0415295
v 3.95e-05 0.0205535 -0.0399465
v 0.0089465 0.0182905 -0.0544495
v 0.0082755 0.0185585 -0.0535095
v 0.0084485 0.0186505 -0.0523695
v 0.0101845 0.0173655 -0.0538615
v 0.0100595 0.0176315 -0.0519075
v 0.0078785 0.0186165 -0.0494115
v 0.0093555 0.0178305 -0.0499805
v 0.0093025 0.0184035 -0.0487205
v 0.0092775 0.0179665 -0.0511625
v 0.0112155 0.0172245 -0.0511305
v 0.0110405 0.0173815 -0.0497785
v 0.0113995 0.0164955 -0.0541075
v 0.0121705 0.0164605 -0.0545755
v 0.0117205 0.0165125 -0.0530375
v 0.0126005 0.0161555 -0.0533985
v 0.0114405 0.0167485 -0.0522155
v 0.0125175 0.0163435 -0.0520285
v 0.0133995 0.0154475 -0.0534025
v 0.0147675 0.0140215 -0.0550235
v 0.0145515 0.0144755 -0.0534065
v 0.0130525 0.0159575 -0.0513895
v 0.0127325 0.0161785 -0.0494065
v 0.0137405 0.0151505 -0.0525235
v 0.0140725 0.0150775 -0.0513585
v 0.0154435 0.0137255 -0.0528205
v 0.0154295 0.0137705 -0.0509495
v 0.0140595 0.0147335 -0.0496145
v 0.0085875 0.0187925 -0.0472135
v 0.0079465 0.0189285 -0.0460495
v 0.0090545 0.0184045 -0.0460455
v 0.0108705 0.0175415 -0.0482575
v 0.0112025 0.0170085 -0.0468435
v 0.0100715 0.0177475 -0.0467675
v 0.0118175 0.0165575 -0.0474125
v 0.0110595 0.0173205 -0.0460765
v 0.0099625 0.0178785 -0.0438765
v 0.0109495 0.0174925 -0.0448935
v 0.0123315 0.0165215 -0.0461075
v 0.0111465 0.0171615 -0.0431875
v 0.0117935 0.0168505 -0.0446515
v 0.0129475 0.0158245 -0.0483605
v 0.0129665 0.0157585 -0.0471035
v 0.0148425 0.0141655 -0.0482515
v 0.0146215 0.0142715 -0.0473465
v 0.0143215 0.0148825 -0.0448915
v 0.0133015 0.0157565 -0.0443145
v 0.0160285 0.0130355 -0.0491445
v 0.0153385 0.0133045 -0.0475355
v 0.0122415 0.0160535 -0.0429605
v 0.0041535 0.0201825 -0.0402575
v 0.0053915 0.0197265 -0.0402125
v 0.0070465 0.0191955 -0.0405295
v -0.0007045 0.0203435 -0.0393925
v -0.0008685 0.0200875 -0.0386155
v -0.0011835 0.0203885 -0.0377885
v 0.0002455 0.0204315 -0.0383365
v -0.0007795 0.0205035 -0.0370465
v 0.0017075 0.0204695 -0.0380215
v -0.0009805 0.0204375 -0.0361155
v 5.35e-05 0.0203345 -0.0360705
v 0.0004255 0.0205045 -0.0351345
v 0.0030685 0.0202585 -0.0371955
v 0.0032165 0.0202705 -0.0384975
v 0.0043395 0.0200285 -0.0369785
v 0.0027795 0.0202315 -0.0395755
v 0.0045555 0.0199225 -0.0391805
v 0.0061855 0.0196315 -0.0390905
v 0.0088645 0.0185465 -0.0406425
v 0.0076825 0.0189675 -0.0397505
v 0.0054865 0.0196505 -0.0381435
v 0.0047405 0.0201205 -0.0357175
v 0.0054145 0.0194005 -0.0371845
v 0.0076055 0.0190635 -0.0382985
v 0.0076375 0.0187925 -0.0372295
v 0.0085995 0.0185085 -0.0382265
v 0.0086215 0.0182985 -0.0389535
v 0.0059645 0.0194465 -0.0362405
v 0.0006245 0.0213985 -0.0330825
v 0.0022035 0.0203005 -0.0342645
v 0.0018805 0.0202775 -0.0345495
v 0.0016055 0.0210895 -0.0335995
v 0.0025565 0.0212405 -0.0313625
v 0.0030145 0.0210445 -0.0335065
v 0.0048015 0.0202495 -0.0344745
v 0.0037325 0.0203965 -0.0343155
v 0.0052795 0.0206965 -0.0327155
v 0.0059405 0.0195265 -0.0353865
v 0.0062515 0.0202995 -0.0335205
v 0.0068245 0.0194525 -0.0343095
v 0.0078575 0.0189215 -0.0350915
v 0.0087455 0.0185225 -0.0361875
v 0.0098555 0.0179745 -0.0354585
v 0.0084595 0.0189085 -0.0342935
v 0.0099735 0.0182085 -0.0344795
v 0.0087875 0.0193405 -0.0334785
v 0.0084835 0.0195855 -0.0326995
v 0.0083515 0.0196945 -0.0295605
v 0.0102075 0.0186715 -0.0335235
v 0.0102105 0.0187865 -0.0320635
v 0.0095455 0.0182095 -0.0430295
v 0.0100875 0.0177045 -0.0417595
v 0.0113035 0.0169405 -0.0405435
v 0.0117385 0.0167775 -0.0423895
v 0.0131625 0.0155785 -0.0418725
v 0.0122045 0.0166305 -0.0411555
v 0.0090505 0.0179295 -0.0388025
v 0.0094965 0.0181565 -0.0398405
v 0.0102295 0.0176815 -0.0396085
v 0.0097475 0.0175785 -0.0387235
v 0.0109185 0.0174015 -0.0387965
v 0.0106455 0.0175105 -0.0400335
v 0.0091455 0.0182785 -0.0381585
v 0.0102675 0.0176665 -0.0382835
v 0.0105465 0.0176265 -0.0373665
v 0.0099095 0.0181155 -0.0368945
v 0.0114415 0.0171025 -0.0379285
v 0.0123385 0.0163935 -0.0395175
v 0.0135025 0.0153625 -0.0394715
v 0.0135605 0.0155455 -0.0406515
v 0.0127825 0.0158915 -0.0380635
v 0.0121605 0.0165115 -0.0373795
v 0.0143775 0.0149085 -0.0376855
v 0.0140785 0.0150045 -0.0436645
v 0.0149465 0.0142025 -0.0416405
v 0.0160305 0.0126855 -0.0433075
v 0.0159885 0.0129605 -0.0444815
v 0.0156765 0.0133375 -0.0424005
v 0.0166965 0.0118585 -0.0435655
v 0.0171115 0.0115645 -0.0430055
v 0.0163175 0.0124035 -0.0408285
v 0.0154195 0.0136775 -0.0407965
v 0.0149425 0.0141925 -0.0400225
v 0.0161185 0.0131195 -0.0393465
v 0.0171165 0.0113115 -0.0398225
v 0.0170175 0.0119145 -0.0382495
v 0.0164625 0.0125825 -0.0363575
v 0.0180455 0.0099945 -0.0382235
v 0.0113825 0.0169595 -0.0366565
v 0.0110055 0.0172975 -0.0359825
v 0.0110785 0.0175995 -0.0341655
v 0.0137645 0.0155165 -0.0369065
v 0.0127325 0.0161445 -0.0363265
v 0.0123305 0.0165455 -0.0343705
v 0.0141415 0.0150385 -0.0357425
v 0.0119905 0.0177045 -0.0328665
v 0.0123845 0.0175175 -0.0293175
v 0.0140275 0.0161285 -0.0328845
v 0.0130875 0.0167625 -0.0334815
v 0.0137505 0.0158625 -0.0340005
v 0.0154075 0.0140825 -0.0339865
v 0.0148985 0.0143485 -0.0361495
v 0.0178105 0.0106945 -0.0362805
v 0.0156645 0.0143225 -0.0333775
v 0.0155535 0.0147285 -0.0316825
v 0.0166985 0.0124965 -0.0341985
v 0.0171065 0.0127955 -0.0322605
v 0.0174775 0.0121045 -0.0331645
v 0.0181325 0.0104965 -0.0341685
v 0.0188575 0.0098335 -0.0330655
v 0.0183825 0.0108495 -0.0309635
v 0.0163695 0.0124885 -0.0543035
v 0.0164475 0.0125615 -0.0509505
v 0.0166235 0.0121255 -0.0530455
v 0.0176525 0.0103675 -0.0540015
v 0.0170665 0.0116695 -0.0524045
v 0.0181725 0.0095085 -0.0529345
v 0.0177685 0.0106035 -0.0503835
v 0.0185395 0.0085725 -0.0520885
v 0.0190215 0.0076555 -0.0530735
v 0.0181855 0.0089365 -0.0504925
v 0.0181395 0.0093325 -0.0510375
v 0.0180175 0.0100985 -0.0492345
v 0.0188655 0.0077795 -0.0508875
v 0.0193715 0.0070205 -0.0545285
v 0.0200995 0.0045865 -0.0541405
v 0.0194115 0.0063055 -0.0536995
v 0.0194685 0.0068265 -0.0521605
v 0.0200705 0.0047535 -0.0526965
v 0.0197545 0.0059575 -0.0519095
v 0.0195665 0.0062385 -0.0496635
v 0.0193575 0.0070985 -0.0483505
v 0.0202555 0.0028375 -0.0539435
v 0.0203375 0.0020115 -0.0534225
v 0.0203925 0.0031895 -0.0528225
v 0.0202265 0.0008885 -0.0527975
v 0.0203845 0.0017995 -0.0520565
v 0.0204495 -7.45e-05 -0.0524775
v 0.0205175 -0.0003585 -0.0514895
v 0.0206455 -0.0022055 -0.0520105
v 0.0200895 0.0041255 -0.0501085
v 0.0202005 0.0025225 -0.0502245
v 0.0200885 0.0050815 -0.0479345
v 0.0205325 0.0030715 -0.0484255
v 0.0206595 0.0010955 -0.0496015
v 0.0207305 -0.0002445 -0.0503645
v 0.0206855 0.0016905 -0.0484205
v 0.0207325 -0.0011335 -0.0493055
v 0.0169985 0.0117785 -0.0475665
v 0.0160725 0.0127495 -0.0471565
v 0.0174485 0.0108425 -0.0472135
v 0.0183135 0.0090005 -0.0478735
v 0.0187695 0.0076715 -0.0468135
v 0.0196085 0.0063015 -0.0474375
v 0.0167405 0.0118315 -0.0447355
v 0.0182685 0.0094935 -0.0463255
v 0.0191185 0.0080035 -0.0455255
v 0.0185965 0.0090525 -0.0445595
v 0.0193465 0.0067995 -0.0464885
v 0.0197715 0.0057975 -0.0460005
v 0.0198995 0.0048275 -0.0443075
v 0.0197405 0.0047855 -0.0451605
v 0.0195385 0.0066695 -0.0445455
v 0.0198475 0.0051855 -0.0431635
v 0.0199895 0.0048485 -0.0468905
v 0.0205975 0.0018365 -0.0469045
v 0.0202795 0.0029805 -0.0469035
v 0.0202125 0.0039015 -0.0459335
v 0.0203955 0.0034725 -0.0448535
v 0.0203135 0.0040365 -0.0418135
v 0.0206365 0.0019845 -0.0425885
v 0.0206075 0.0027375 -0.0412725
v 0.0185485 0.0086975 -0.0412775
v 0.0193405 0.0073125 -0.0420565
v 0.0183395 0.0093475 -0.0418945
v 0.0184165 0.0092945 -0.0404275
v 0.0180425 0.0101425 -0.0412075
v 0.0186715 0.0086955 -0.0432495
v 0.0193455 0.0071755 -0.0432105
v 0.0198675 0.0056915 -0.0419975
v 0.0194165 0.0069725 -0.0404705
v 0.0199045 0.0052905 -0.0411605
v 0.0200045 0.0050565 -0.0387915
v 0.0188265 0.0084185 -0.0397865
v 0.0192475 0.0072525 -0.0387265
v 0.0196945 0.0062035 -0.0373205
v 0.0201465 0.0040255 -0.0399005
v 0.0183475 0.0095835 -0.0362445
v 0.0187435 0.0089365 -0.0341665
v 0.0197355 0.0077095 -0.0333155
v 0.0193625 0.0077585 -0.0339255
v 0.0193835 0.0072015 -0.0345635
v 0.0197305 0.0081205 -0.0322285
v 0.0203895 0.0057755 -0.0332515
v 0.0196775 0.0061595 -0.0339155
v 0.0207515 0.0050025 -0.0326555
v 0.0203995 -0.0038275 -0.0504155
v 0.0204065 -0.0032975 -0.0490125
v 0.0197135 -0.0055195 -0.0489725
v 0.0199725 -0.0049915 -0.0474115
v 0.0175735 -0.0114145 -0.0484445
v 0.0189135 -0.0083255 -0.0486375
v 0.0186075 -0.0094105 -0.0497085
v 0.0192605 -0.0074545 -0.0494435
v 0.0184065 -0.0091125 -0.0482075
v 0.0194425 -0.0074315 -0.0480495
v 0.0190275 -0.0084155 -0.0470225
v 0.0181865 -0.0098555 -0.0472045
v 0.0201875 -0.0052705 -0.0447525
v 0.0196655 -0.0066225 -0.0467515
v 0.0183245 -0.0094765 -0.0455285
v 0.0207335 0.0009175 -0.0463855
v 0.0206305 -0.0018085 -0.0469505
v 0.0208065 -0.0007775 -0.0446975
v 0.0205645 -0.0006145 -0.0414335
v 0.0206245 -0.0018895 -0.0429595
v 0.0203855 -0.0036355 -0.0457075
v 0.0205675 -0.0030425 -0.0440715
v 0.0192015 -0.0080325 -0.0438635
v 0.0202165 -0.0042975 -0.0420085
v 0.0201125 -0.0049805 -0.0426955
v 0.0201125 -0.0049805 -0.0426955
v 0.0193945 -0.0075275 -0.0426345
v 0.0204325 -0.0032775 -0.0408745
v 0.0201605 -0.0048255 -0.0427515
v 0.0201605 -0.0048255 -0.0427515
v 0.0201965 -0.0046865 -0.0427975
v 0.0201965 -0.0046865 -0.0427975
v 0.0200915 -0.0057055 -0.0401915
v 0.0105005 -0.0181585 -0.0451975
v 0.0092165 -0.0188155 -0.0448575
v 0.0118495 -0.0175075 -0.0416985
v 0.0108435 -0.0180635 -0.0412185
v 0.0115945 -0.0175105 -0.0431155
v 0.0175475 -0.0113055 -0.0458335
v 0.0154725 -0.0139995 -0.0480125
v 0.0156375 -0.0140925 -0.0468445
v 0.0146475 -0.0145205 -0.0478775
v 0.0146185 -0.0149465 -0.0470005
v 0.0175985 -0.0111125 -0.0441495
v 0.0164505 -0.0129925 -0.0452725
v 0.0156785 -0.0139295 -0.0443645
v 0.0135835 -0.0160145 -0.0458765
v 0.0123095 -0.0172005 -0.0448205
v 0.0095025 -0.0189375 -0.0436105
v 0.0135795 -0.0157115 -0.0416235
v 0.0136095 -0.0160165 -0.0426085
v 0.0145735 -0.0150135 -0.0420655
v 0.0127955 -0.0165985 -0.0421495
v 0.0125165 -0.0167185 -0.0388155
v 0.0121045 -0.0169125 -0.0394955
v 0.0123775 -0.0167675 -0.0399755
v 0.0137965 -0.0158965 -0.0359885
v 0.0116885 -0.0176655 -0.0367345
v 0.0183065 -0.0102525 -0.0428595
v 0.0137715 -0.0155875 -0.0409155
v 0.0143195 -0.0151805 -0.0401205
v 0.0147865 -0.0145265 -0.0404645
v 0.0151865 -0.0145845 -0.0395855
v 0.0159245 -0.0135035 -0.0401745
v 0.0154565 -0.0138875 -0.0411645
v 0.0164565 -0.0128985 -0.0399555
v 0.0173305 -0.0118945 -0.0419005
v 0.0136345 -0.0157285 -0.0396545
v 0.0140305 -0.0157305 -0.0385905
v 0.0148045 -0.0150875 -0.0389775
v 0.0157355 -0.0140475 -0.0387885
v 0.0144735 -0.0154425 -0.0371715
v 0.0156615 -0.0141325 -0.0371685
v 0.0166765 -0.0121455 -0.0389875
v 0.0166565 -0.0123865 -0.0374965
v 0.0204085 0.0021055 -0.0381335
v 0.0206635 0.0020875 -0.0368275
v 0.0202135 0.0044375 -0.0361325
v 0.0205455 0.0019425 -0.0398135
v 0.0206865 -0.0011275 -0.0396865
v 0.0207005 0.0003545 -0.0385945
v 0.0207015 0.0001325 -0.0375435
v 0.0205065 -0.0026695 -0.0378725
v 0.0205975 -0.0004895 -0.0355985
v 0.0197765 -0.0065405 -0.0383255
v 0.0203265 -0.0043525 -0.0371265
v 0.0206445 -0.0024055 -0.0350815
v 0.0194785 -0.0074075 -0.0358805
v 0.0194365 -0.0077085 -0.0374795
v 0.0202095 -0.0048775 -0.0351195
v 0.0206465 0.0010015 -0.0359475
v 0.0204845 0.0028315 -0.0349945
v 0.0204575 0.0034665 -0.0339295
v 0.0207535 0.0016085 -0.0342235
v 0.0207935 -0.0002115 -0.0340505
v 0.0210415 0.0019615 -0.0333715
v 0.0209065 0.0038515 -0.0330965
v 0.0211955 0.0026485 -0.0322745
v 0.0212265 0.0005845 -0.0331715
v 0.0213535 0.0002595 -0.0321965
v 0.0213855 0.0001005 -0.0250575
v 0.0206255 -0.0021205 -0.0337935
v 0.0205615 -0.0036455 -0.0341755
v 0.0208245 -0.0038065 -0.0333105
v 0.0212425 -0.0013085 -0.0330695
v 0.0203155 -0.0053805 -0.0338575
v 0.0196735 -0.0066525 -0.0350715
v 0.0209755 -0.0043315 -0.0325745
v 0.0204065 -0.0063155 -0.0329225
v 0.0212835 -0.0022675 -0.0321065
v 0.0209515 -0.0046235 -0.0273845
v 0.0204725 -0.0063575 -0.0311395
v 0.0145085 -0.0151745 -0.0346825
v 0.0135035 -0.0159745 -0.0346675
v 0.0129505 -0.0166495 -0.0335205
v 0.0141435 -0.0158135 -0.0335125
v 0.0154055 -0.0145435 -0.0336265
v 0.0150475 -0.0156165 -0.0327755
v 0.0141815 -0.0163275 -0.0328945
v 0.0188985 -0.0090505 -0.0381835
v 0.0189105 -0.0087955 -0.0370235
v 0.0176075 -0.0112685 -0.0380365
v 0.0177295 -0.0108785 -0.0370255
v 0.0167355 -0.0126645 -0.0363945
v 0.0180535 -0.0105335 -0.0399375
v 0.0195815 -0.0073215 -0.0339545
v 0.0179385 -0.0107135 -0.0356965
v 0.0188615 -0.0091855 -0.0348885
v 0.0179175 -0.0109835 -0.0340295
v 0.0189785 -0.0093355 -0.0338085
v 0.0164465 -0.0128145 -0.0340235
v 0.0191305 -0.0099055 -0.0328105
v 0.0176515 -0.0123485 -0.0330285
v 0.0149825 -0.0146385 -0.0361905
v 0.0158935 -0.0136565 -0.0341255
v 0.0158055 -0.0147485 -0.0328905
v 0.0168915 -0.0136655 -0.0320525
v 0.0155715 -0.0152235 -0.0317065
v 0.0153005 -0.0155435 -0.0243745
v 0.0198175 -0.0082715 -0.0327745
v 0.0192075 -0.0097875 -0.0293935
v 0.0182995 -0.0115495 -0.0321195
v 0.0201495 -0.0075055 -0.0284445
v 0.0182495 -0.0116715 -0.0259985
v 0.0045725 0.0209375 -0.0217225
v 0.0062735 0.0204565 -0.0248015
v 0.0093715 0.0193865 -0.0166555
v 0.0112265 0.0183275 -0.0213555
v 0.0152225 0.0151255 -0.0263645
v 0.0133495 0.0168695 -0.0192555
v 0.0193275 0.0090615 -0.0248905
v 0.0171195 0.0128485 -0.0250645
v 0.0182155 0.0111415 -0.0260185
v 0.0146515 0.0157005 -0.0179205
v 0.0161665 0.0140525 -0.0185055
v 0.0177985 0.0119245 -0.0211145
v 0.0068465 0.0204205 -0.0138065
v 0.0114875 0.0182675 -0.0116715
v 0.0154135 0.0149705 -0.0110215
v 0.0132895 0.0170045 -0.0069115
v 0.0178555 0.0119235 -0.0149115
v 0.0188135 0.0102505 -0.0126785
v 0.0164655 0.0137095 -0.0138725
v 0.0198235 0.0079535 -0.0201525
v 0.0200035 0.0074635 -0.0115655
v 0.0205085 0.0059375 -0.0253395
v 0.0210155 0.0037075 -0.0170375
v 0.0176515 0.0121755 -0.0097715
v 0.0208915 0.0041975 -0.0079885
v 0.0212575 0.0014155 -0.0080245
v 0.0210955 0.0032595 -0.0260565
v 0.0212655 -0.0023825 -0.0274235
v 0.0211585 -0.0031125 -0.0206975
v 0.0213535 -0.0006025 -0.0162855
v 0.0200565 -0.0078755 -0.0207755
v 0.0194845 -0.0092355 -0.0250375
v 0.0207305 -0.0056955 -0.0238975
v 0.0171945 -0.0133215 -0.0197945
v 0.0189885 -0.0104065 -0.0194155
v 0.0211105 -0.0030255 -0.0148385
v 0.0208155 -0.0053425 -0.0185445
v 0.0204785 -0.0067455 -0.0172165
v 0.0201445 -0.0077865 -0.0116805
v 0.0207585 -0.0057135 -0.0102535
v 0.0191505 -0.0100625 -0.0115055
v 0.0212985 -0.0013405 -0.0059825
v 0.0210705 -0.0040105 -0.0083295
v -0.0142885 0.0040315 -0.0670665
v -0.0127995 0.0047805 -0.0670675
v -0.0155515 0.0024365 -0.0670695
v -0.0138265 0.0024935 -0.0665365
v -0.0131005 0.0016175 -0.0659505
v -0.0158745 0.0007475 -0.0666735
v -0.0178815 -0.0020905 -0.0670895
v -0.0145795 -0.0014645 -0.0662315
v -0.0177405 -0.0030125 -0.0671625
v -0.0183535 -0.0043985 -0.0671045
v -0.0156055 -0.0071545 -0.0671395
v -0.0180695 -0.0068975 -0.0667755
v -0.0180695 -0.0068975 -0.0667755
v -0.0113575 -0.0106985 -0.0669655
v -0.0153005 -0.0031605 -0.0665205
v -0.0094865 -0.0042755 -0.0648475
v -0.0070665 -0.0084935 -0.0649995
v -0.0193755 -0.0077025 -0.0660085
v -0.0197085 -0.0093195 -0.0655895
v -0.0163975 -0.0082885 -0.0668825
v -0.0163975 -0.0082885 -0.0668825
v -0.0191335 -0.0096415 -0.0657765
v -0.0167835 -0.0097805 -0.0663115
v -0.0176605 -0.0106475 -0.0659025
v -0.0195715 -0.0106025 -0.0650775
v -0.0198375 -0.0106075 -0.0643435
v -0.0189065 -0.0109025 -0.0653375
v -0.0192285 -0.0112215 -0.0646265
v -0.0185945 -0.0118395 -0.0648155
v -0.0183575 -0.0115435 -0.0653485
v -0.0197675 -0.0112615 -0.0637445
v -0.0154485 -0.0100585 -0.0667615
v -0.0154485 -0.0100585 -0.0667615
v -0.0177245 -0.0132625 -0.0652325
v -0.0162245 -0.0121555 -0.0663405
v -0.0202065 -0.0109235 -0.0632295
v -0.0186435 -0.0123315 -0.0637455
v -0.0180975 -0.0132745 -0.0647895
v -0.0185425 -0.0134185 -0.0632225
v -0.0173885 -0.0145725 -0.0641665
v -0.0159985 -0.0140325 -0.0658475
v -0.0171105 -0.0144975 -0.0648825
v -0.0192725 -0.0122795 -0.0629725
v -0.0195505 -0.0122825 -0.0620855
v -0.0139615 -0.0111455 -0.0669135
v -0.0139615 -0.0111455 -0.0669135
v -0.0085435 -0.0159115 -0.0669545
v -0.0142175 -0.0126935 -0.0664185
v -0.0118195 -0.0145535 -0.0668085
v -0.0118195 -0.0145535 -0.0668085
v -0.0148195 -0.0144565 -0.0660875
v -0.0159075 -0.0149415 -0.0653345
v -0.0147935 -0.0161865 -0.0654555
v -0.0143835 -0.0152965 -0.0659985
v -0.0133265 -0.0166465 -0.0658055
v -0.0119775 -0.0174845 -0.0657305
v -0.0140525 -0.0172615 -0.0647435
v -0.0058385 -0.0156345 -0.0663845
v -0.0050275 -0.0110935 -0.0650665
v -0.0051015 -0.0145495 -0.0659745
v -0.0042095 -0.0125725 -0.0654115
v -0.0110155 -0.0172945 -0.0660305
v -0.0110155 -0.0172945 -0.0660305
v -0.0098165 -0.0180005 -0.0661685
v -0.0098165 -0.0180005 -0.0661685
v -0.0101945 -0.0188865 -0.0652275
v -0.0114975 -0.0186735 -0.0650755
v -0.0119295 -0.0185255 -0.0648925
v -0.0112435 -0.0194805 -0.0644405
v -0.0099795 -0.0194435 -0.0649275
v -0.0075175 -0.0185575 -0.0662185
v -0.0085915 -0.0190005 -0.0658475
v -0.0085915 -0.0190005 -0.0658475
v -0.0117565 -0.0192085 -0.0641565
v -0.0120605 -0.0191005 -0.0625675
v -0.0099255 -0.0198545 -0.0643985
v -0.0059425 -0.0169775 -0.0667075
v -0.0060475 -0.0175745 -0.0666745
v -0.0086355 -0.0202435 -0.0653165
v -0.0089025 -0.0203775 -0.0648125
v -0.0076105 -0.0204905 -0.0655815
v -0.0076105 -0.0204905 -0.0655815
v -0.0061985 -0.0195895 -0.0662395
v -0.0078795 -0.0208515 -0.0650225
v -0.0044075 -0.0171675 -0.0668635
v 0.0026675 -0.0137735 -0.0667925
v 0.0023895 -0.0153065 -0.0670565
v -0.0002775 -0.0181045 -0.0671125
v -0.0002775 -0.0181045 -0.0671125
v -0.0043905 -0.0181415 -0.0667125
v -0.0045235 -0.0199625 -0.0661285
v -0.0045235 -0.0199625 -0.0661285
v -0.0034325 -0.0190525 -0.0663975
v -0.0034325 -0.0190525 -0.0663975
v -0.0060955 -0.0201565 -0.0659515
v -0.0060955 -0.0201565 -0.0659515
v -0.0066005 -0.0210315 -0.0648585
v -0.0054015 -0.0214855 -0.0646025
v -0.0049865 -0.0209135 -0.0652405
v -0.0037295 -0.0204785 -0.0660235
v -0.0040055 -0.0218215 -0.0650955
v -0.0021395 -0.0185725 -0.0668705
v -0.0021395 -0.0185725 -0.0668705
v -0.0020195 -0.0199395 -0.0663265
v -0.0010765 -0.0212905 -0.0657035
v -0.0020355 -0.0219185 -0.0651435
v 0.0026875 -0.0196955 -0.0665325
v 0.0055975 -0.0162685 -0.0671535
v 0.0055975 -0.0162685 -0.0671535
v 0.0002605 -0.0208985 -0.0660735
v -0.0009005 -0.0219965 -0.0649355
v 0.0006775 -0.0219855 -0.0651765
v -0.0096105 0.0172135 -0.0664525
v -0.0096105 0.0172135 -0.0664525
v -0.0093035 0.0152655 -0.0669765
v -0.0077515 0.0173205 -0.0667035
v -0.0066225 0.0179645 -0.0667465
v -0.0038065 0.0184635 -0.0669895
v -0.0037045 0.0171805 -0.0670995
v -0.0052055 0.0118785 -0.0670495
v 0.0001805 0.0173255 -0.0670115
v -0.0021605 0.0134995 -0.0668825
v -0.0050875 0.0204645 -0.0651585
v -0.0062835 0.0191575 -0.0663215
v -0.0070635 0.0206685 -0.0646185
v -0.0070635 0.0206685 -0.0646185
v -0.0039355 0.0203965 -0.0655525
v -0.0052145 0.0188115 -0.0666865
v -0.0036315 0.0212645 -0.0649535
v -0.0025825 0.0207665 -0.0652975
v -0.0083535 0.0190765 -0.0656545
v -0.0083535 0.0190765 -0.0656545
v -0.0088715 0.0199675 -0.0645515
v -0.0032125 0.0195155 -0.0664845
v -0.0023965 0.0200345 -0.0659865
v -0.0018265 0.0192295 -0.0667115
v -0.0003965 0.0192655 -0.0666085
v -0.0020145 0.0187385 -0.0669525
v 0.0015215 0.0183215 -0.0668465
v 0.0020675 0.0177095 -0.0669025
v -0.0025645 0.0213405 -0.0648375
v -0.0015535 0.0215525 -0.0647825
v -0.0004775 0.0211405 -0.0654595
v -9.15e-05 0.0214235 -0.0649755
v 0.0020085 0.0213745 -0.0649105
v 0.0013035 0.0217845 -0.0640565
v 0.0028595 0.0209385 -0.0654935
v 0.0027885 0.0215135 -0.0648345
v 0.0008995 0.0203515 -0.0660755
v 0.0034825 0.0200845 -0.0660515
v 0.0006505 0.0161735 -0.0668935
v -0.0089215 0.0083585 -0.0670705
v -0.0104685 0.0066065 -0.0670395
v -0.0083485 0.0080775 -0.0668525
v -0.0113005 0.0054565 -0.0668285
v -0.0110375 0.0027385 -0.0655335
v -0.0069365 0.0064755 -0.0656495
v -0.0045305 0.0110605 -0.0667825
v -0.0089485 0.0033485 -0.0649955
v -0.0070485 0.0035325 -0.0642885
v -0.0048835 0.0044885 -0.0638335
v -0.0054885 0.0024395 -0.0635535
v -6.15e-05 0.0125945 -0.0657465
v -0.0020675 0.0087495 -0.0647375
v -0.0032295 0.0047555 -0.0632525
v 0.0050995 0.0203865 -0.0654545
v 0.0053385 0.0197125 -0.0659235
v 0.0039965 0.0174085 -0.0667645
v 0.0028345 0.0171745 -0.0667705
v 0.0039595 0.0168255 -0.0667655
v 0.0057835 0.0181285 -0.0664935
v 0.0044485 0.0182305 -0.0664185
v 0.0063375 0.0164215 -0.0668955
v 0.0070235 0.0179745 -0.0663665
v 0.0072105 0.0195725 -0.0653005
v 0.0017655 0.0151715 -0.0663085
v 0.0012595 0.0138575 -0.0658295
v 0.0010755 0.0124115 -0.0654235
v 0.0001355 0.0110935 -0.0650275
v 0.0025625 0.0140645 -0.0658835
v 0.0024725 0.0102585 -0.0648725
v 0.0072055 0.0141635 -0.0668215
v 0.0056525 0.0101005 -0.0654525
v 0.0089585 0.0175265 -0.0663595
v 0.0095605 0.0146205 -0.0669255
v 0.0105055 0.0159515 -0.0664745
v 0.0117045 0.0149495 -0.0663005
v 0.0107885 0.0126975 -0.0669405
v 0.0107585 0.0135555 -0.0668475
v 0.0097665 0.0049455 -0.0651215
v 0.0130885 0.0095875 -0.0669365
v -0.0012875 0.0070965 -0.0638715
v 0.0015225 0.0050245 -0.0633965
v -0.0005185 0.0045085 -0.0632545
v -0.0036415 0.0026475 -0.0628445
v -0.0023015 0.0036585 -0.0627435
v -0.0028565 0.0026995 -0.0626995
v -0.0005745 0.0032255 -0.0628675
v -0.0006045 0.0026415 -0.0629805
v -0.0019235 0.0024485 -0.0628635
v -0.0013495 0.0021105 -0.0631755
v 0.0011395 0.0032925 -0.0627985
v -0.0007615 0.0015375 -0.0637315
v 0.0002635 0.0023165 -0.0630505
v 0.0003115 0.0012885 -0.0637935
v 0.0017215 0.0016105 -0.0629585
v 0.0012595 0.0007985 -0.0636415
v 0.0041485 0.0034675 -0.0634225
v 0.0025715 0.0027715 -0.0628355
v 0.0023005 0.0022155 -0.0627575
v 0.0021905 0.0010835 -0.0629175
v 0.0030255 0.0007355 -0.0627715
v 0.0044415 0.0010175 -0.0630345
v 0.0043205 -0.0002395 -0.0630705
v 0.0110755 0.0044555 -0.0654265
v 0.0067265 0.0019225 -0.0639165
v 0.0027905 0.0217165 -0.0640285
v 0.0039675 0.0215275 -0.0631705
v 0.0025085 0.0213095 -0.0608405
v 0.0042445 0.0209875 -0.0609885
v 0.0040645 0.0203095 -0.0600645
v 0.0041745 0.0212655 -0.0644685
v 0.0061215 0.0207275 -0.0645415
v 0.0060485 0.0209585 -0.0638655
v 0.0075405 0.0199695 -0.0646015
v 0.0077815 0.0201885 -0.0638795
v 0.0083555 0.0188145 -0.0657635
v 0.0061895 0.0209455 -0.0620445
v 0.0054355 0.0202395 -0.0599685
v 0.0089755 0.0196405 -0.0645855
v 0.0091525 0.0185435 -0.0657165
v 0.0098385 0.0188435 -0.0650645
v 0.0102385 0.0190465 -0.0643505
v 0.0115575 0.0180215 -0.0644315
v 0.0110765 0.0169585 -0.0659225
v 0.0121375 0.0162155 -0.0655715
v 0.0118885 0.0169945 -0.0652725
v 0.0135235 0.0165065 -0.0649345
v -0.0098965 0.0018055 -0.0649835
v -0.0120005 -0.0026795 -0.0654395
v -0.0062425 0.0003645 -0.0637825
v -0.0069235 -0.0027115 -0.0638875
v -0.0047875 -0.0055765 -0.0634615
v -0.0025815 -0.0069145 -0.0635705
v 0.0018455 -0.0071725 -0.0643645
v -0.0043605 -0.0036745 -0.0630225
v -0.0024905 -0.0044525 -0.0632375
v -0.0015175 -0.0032845 -0.0634715
v -0.0011405 -0.0052965 -0.0634065
v 0.0001805 -0.0038885 -0.0634085
v -0.0022445 -0.0057515 -0.0632995
v -0.0038165 0.0010115 -0.0629255
v -0.0031315 0.0010035 -0.0629405
v -0.0035945 -0.0006975 -0.0629185
v -0.0022315 0.0014765 -0.0631655
v -0.0027075 0.0006005 -0.0631705
v -0.0017765 0.0009005 -0.0638305
v -0.0029535 -0.0005695 -0.0631325
v -0.0019135 0.0002375 -0.0638465
v -0.0016465 -0.0009345 -0.0638365
v -0.0032105 -0.0019115 -0.0628925
v -0.0017885 -0.0023285 -0.0634725
v -0.0012855 0.0009495 -0.0639675
v -0.0012515 -0.0010795 -0.0639415
v -0.0006315 0.0005905 -0.0639955
v 0.0012325 -0.0003325 -0.0638015
v 9.35e-05 -0.0011525 -0.0638995
v 0.0009185 0.0001655 -0.0638725
v -0.0006305 -0.0026895 -0.0636215
v 0.0003355 -0.0031775 -0.0633915
v 0.0016345 -0.0013495 -0.0632795
v 0.0007215 -0.0021315 -0.0635235
v 0.0011385 -0.0028465 -0.0633725
v 0.0021115 -0.0001125 -0.0631285
v 0.0027715 -0.0009085 -0.0628465
v 0.0018815 -0.0018815 -0.0632585
v 0.0024585 -0.0025715 -0.0634795
v 0.0062535 -0.0029095 -0.0640645
v 0.0095685 -0.0084815 -0.0659705
v 0.0142055 0.0102365 -0.0669485
v 0.0144195 0.0125245 -0.0664145
v 0.0150545 0.0070215 -0.0668115
v 0.0159375 0.0066715 -0.0668945
v 0.0153435 0.0039125 -0.0668625
v 0.0119205 -0.0021985 -0.0658015
v 0.0076315 -0.0029465 -0.0644065
v 0.0164565 0.0103565 -0.0663725
v 0.0163225 0.0044425 -0.0668385
v 0.0183595 0.0052675 -0.0664105
v 0.0177685 0.0029745 -0.0663945
v 0.0198275 0.0033005 -0.0657685
v 0.0151225 -0.0027555 -0.0669015
v 0.0173645 -0.0006835 -0.0666855
v 0.0188295 -4.35e-05 -0.0663705
v 0.0196015 0.0011145 -0.0659625
v 0.0146065 -0.0005515 -0.0667335
v 0.0168635 -0.0034225 -0.0666695
v 0.0188085 -0.0017255 -0.0662855
v 0.0201685 -0.0008145 -0.0657555
v 0.0186125 -0.0039185 -0.0662685
v 0.0168465 -0.0061855 -0.0664295
v 0.0205805 -0.0038755 -0.0652315
v 0.0205805 -0.0038755 -0.0652315
v 0.0187615 -0.0061475 -0.0660195
v 0.0187615 -0.0061475 -0.0660195
v 0.0205545 -0.0051685 -0.0650625
v 0.0135985 0.0143875 -0.0661745
v 0.0152715 0.0143295 -0.0654785
v 0.0153575 0.0149505 -0.0647795
v 0.0159275 0.0136055 -0.0654125
v 0.0161195 0.0140355 -0.0648705
v 0.0165755 0.0115825 -0.0659865
v 0.0172015 0.0133205 -0.0646965
v 0.0170205 0.0129325 -0.0651965
v 0.0175625 0.0114075 -0.0652915
v 0.0190825 0.0090815 -0.0651835
v 0.0186685 0.0079625 -0.0658595
v 0.0200485 0.0060965 -0.0651365
v 0.0195585 0.0081995 -0.0650725
v 0.0182805 0.0112775 -0.0644375
v 0.0187275 0.0111545 -0.0633735
v 0.0178685 0.0119695 -0.0607395
v 0.0198765 0.0047195 -0.0656585
v 0.0211895 0.0036365 -0.0644605
v 0.0202175 0.0015805 -0.0655205
v 0.0213625 0.0020495 -0.0642195
v 0.0212285 0.0009615 -0.0645705
v 0.0207065 0.0001785 -0.0653345
v 0.0215255 -0.0010425 -0.0645435
v 0.0211685 -0.0014785 -0.0649735
v 0.0215685 -0.0031585 -0.0644835
v 0.0215685 -0.0031585 -0.0644835
v 0.0212045 -0.0046285 -0.0643245
v 0.0099145 -0.0134735 -0.0672395
v 0.0099145 -0.0134735 -0.0672395
v 0.0118055 -0.0105075 -0.0669305
v 0.0139155 -0.0105725 -0.0670785
v 0.0139155 -0.0105725 -0.0670785
v 0.0120615 -0.0133695 -0.0671715
v 0.0127405 -0.0143955 -0.0665885
v 0.0112945 -0.0152465 -0.0668035
v 0.0119535 -0.0163365 -0.0664055
v 0.0088955 -0.0045045 -0.0648725
v 0.0110535 -0.0050735 -0.0656085
v 0.0101295 -0.0061085 -0.0655395
v 0.0122885 -0.0072365 -0.0661135
v 0.0152565 -0.0063035 -0.0669035
v 0.0140085 -0.0085295 -0.0667155
v 0.0151125 -0.0089085 -0.0669345
v 0.0151125 -0.0089085 -0.0669345
v 0.0059065 -0.0168185 -0.0670175
v -0.0007075 -0.0222665 -0.0641355
v 0.0031025 -0.0211625 -0.0657215
v 0.0052705 -0.0200935 -0.0660985
v 0.0045985 -0.0209655 -0.0656385
v 0.0033035 -0.0221435 -0.0639635
v 0.0074755 -0.0189095 -0.0662335
v 0.0081815 -0.0179795 -0.0665555
v 0.0106325 -0.0169875 -0.0664725
v 0.0094925 -0.0186245 -0.0660415
v 0.0121435 -0.0167605 -0.0660695
v 0.0079925 -0.0195055 -0.0654985
v 0.0098045 -0.0192615 -0.0653025
v 0.0085235 -0.0198265 -0.0647855
v 0.0121295 -0.0179625 -0.0651995
v 0.0107745 -0.0190135 -0.0647495
v 0.0098525 -0.0194605 -0.0641075
v 0.0102005 -0.0197805 -0.0632485
v 0.0060565 -0.0204925 -0.0656625
v 0.0055615 -0.0209575 -0.0651105
v 0.0073005 -0.0202075 -0.0653605
v 0.0076095 -0.0205225 -0.0646715
v 0.0082195 -0.0205435 -0.0638435
v 0.0080595 -0.0207805 -0.0624815
v 0.0093225 -0.0203055 -0.0627585
v 0.0110205 -0.0194645 -0.0624715
v 0.0123955 -0.0185875 -0.0620205
v 0.0120535 -0.0186345 -0.0609755
v 0.0113895 -0.0186555 -0.0601415
v 0.0115825 -0.0178235 -0.0590735
v 0.0105035 -0.0193095 -0.0605425
v 0.0104925 -0.0185775 -0.0593685
v 0.0142835 -0.0123675 -0.0666145
v 0.0142185 -0.0135655 -0.0661695
v 0.0146785 -0.0146325 -0.0657175
v 0.0158835 -0.0110175 -0.0665865
v 0.0178565 -0.0083155 -0.0663035
v 0.0178565 -0.0083155 -0.0663035
v 0.0180065 -0.0065505 -0.0662465
v 0.0176115 -0.0100395 -0.0661415
v 0.0188325 -0.0081595 -0.0657795
v 0.0197435 -0.0063585 -0.0653545
v 0.0198105 -0.0078735 -0.0650065
v 0.0205225 -0.0062805 -0.0644655
v 0.0204095 -0.0074525 -0.0641545
v 0.0188605 -0.0094515 -0.0650615
v 0.0194485 -0.0087115 -0.0647235
v 0.0178995 -0.0107895 -0.0655975
v 0.0184905 -0.0108595 -0.0647565
v 0.0200505 -0.0083755 -0.0635825
v 0.0162165 -0.0129685 -0.0658745
v 0.0159535 -0.0139975 -0.0653715
v 0.0169475 -0.0126065 -0.0654225
v 0.0173095 -0.0125695 -0.0642825
v 0.0175525 -0.0129565 -0.0634345
v 0.0129405 -0.0167535 -0.0651925
v 0.0051915 -0.0204785 -0.0529975
v 0.0058005 -0.0203665 -0.0522425
v 0.0066485 -0.0201355 -0.0497815
v 0.0134255 -0.0163425 -0.0498925
v 0.0206935 -0.0064395 -0.0637845
v 0.0152945 0.0136865 -0.0465025
v 0.0018395 0.0203635 -0.0358455
v 0.0116745 0.0168995 -0.0352495
v 0.0174565 0.0105285 -0.0452325
v 0.0173305 0.0103555 -0.0438495
v 0.0181495 0.0095025 -0.0437895
v 0.0180505 0.0098665 -0.0429035
v 0.0188005 0.0082265 -0.0358495
v 0.0195155 0.0067905 -0.0352855
v 0.0196105 0.0051835 -0.0340915
v 0.0201555 -0.0048275 -0.0427495
v 0.0145665 -0.0151035 -0.0440075
v 0.0111685 -0.0173095 -0.0396865
v 0.0200975 0.0040175 -0.0345515
v 0.0197235 0.0049925 -0.0338875
v 0.0205045 0.0040995 -0.0335415
v 0.0181375 -0.0099045 -0.0372655
v -0.0046225 -0.0012245 -0.0630825
v -0.0042675 -0.0024455 -0.0628805
v -0.0035845 -0.0029035 -0.0629125
v -0.0131395 -0.0186545 -0.0608915
v -0.0120535 -0.0193365 -0.0617125
v -0.0113755 -0.0196025 -0.0637055
v -0.0105635 -0.0199375 -0.0633825
v -0.0108255 -0.0200435 -0.0618385
v -0.0096315 -0.0208175 -0.0620565
v -0.0093505 -0.0206745 -0.0631545
v -0.0143525 -0.0164715 -0.0564785
v -0.0131575 -0.0176165 -0.0592805
v -0.0120045 -0.0185055 -0.0595395
v -0.0105785 -0.0201725 -0.0609235
v -0.0106955 -0.0197755 -0.0600345
v -0.0118485 -0.0181895 -0.0586015
v -0.0104285 -0.0189775 -0.0583865
v -0.0127725 -0.0174835 -0.0573805
v -0.0131185 -0.0173415 -0.0565695
v -0.0104895 -0.0183125 -0.0575265
v -0.0112345 -0.0179525 -0.0571905
v -0.0124385 -0.0176185 -0.0569855
v -0.0111295 -0.0183785 -0.0564675
v -0.0097055 -0.0188335 -0.0566925
v -0.0160965 -0.0143555 -0.0522045
v -0.0145045 -0.0160665 -0.0546655
v -0.0158675 -0.0144225 -0.0501995
v -0.0155195 -0.0145985 -0.0496945
v -0.0147685 -0.0158235 -0.0505185
v -0.0128765 -0.0173895 -0.0497165
v -0.0136525 -0.0167915 -0.0491765
v -0.0132105 -0.0170525 -0.0543215
v -0.0135255 -0.0165805 -0.0535535
v -0.0114445 -0.0183885 -0.0553505
v -0.0115035 -0.0179695 -0.0542865
v -0.0131955 -0.0168955 -0.0519435
v -0.0121175 -0.0179265 -0.0528655
v -0.0100775 -0.0189755 -0.0555355
v -0.0104235 -0.0187415 -0.0546535
v -0.0090095 -0.0196395 -0.0550045
v -0.0103585 -0.0187655 -0.0534855
v -0.0115705 -0.0182135 -0.0510875
v -0.0097875 -0.0191825 -0.0524115
v -0.0100145 -0.0190545 -0.0514295
v -0.0091975 -0.0193305 -0.0531525
v -0.0099595 -0.0190195 -0.0500095
v -0.0090685 -0.0194655 -0.0515275
v -0.0094235 -0.0191415 -0.0505795
v -0.0086545 -0.0210655 -0.0613535
v -0.0086235 -0.0201245 -0.0596085
v -0.0084555 -0.0212765 -0.0629075
v -0.0077745 -0.0214725 -0.0626675
v -0.0071745 -0.0210645 -0.0606965
v -0.0071185 -0.0206215 -0.0594265
v -0.0090315 -0.0195475 -0.0577365
v -0.0088375 -0.0195805 -0.0570075
v -0.0078015 -0.0201665 -0.0573665
v -0.0061585 -0.0207135 -0.0564875
v -0.0057765 -0.0208585 -0.0586745
v -0.0052395 -0.0210005 -0.0571665
v -0.0047115 -0.0217945 -0.0627545
v -0.0050165 -0.0220465 -0.0617485
v -0.0058485 -0.0216335 -0.0624455
v -0.0048515 -0.0221095 -0.0636625
v -0.0036605 -0.0223445 -0.0624345
v -0.0049835 -0.0220875 -0.0612795
v -0.0064375 -0.0214515 -0.0615115
v -0.0048275 -0.0212235 -0.0591815
v -0.0050955 -0.0217275 -0.0602885
v -0.0034165 -0.0218125 -0.0600305
v -0.0047845 -0.0210745 -0.0583435
v -0.0031215 -0.0212995 -0.0586745
v -0.0036395 -0.0210115 -0.0575455
v -0.0015015 -0.0215695 -0.0592015
v -0.0012765 -0.0222355 -0.0607305
v 4.25e-05 -0.0221815 -0.0600085
v -0.0076255 -0.0199605 -0.0557785
v -0.0084475 -0.0195265 -0.0563625
v -0.0076805 -0.0201635 -0.0543955
v -0.0061885 -0.0203885 -0.0553385
v -0.0047315 -0.0209755 -0.0560995
v -0.0078345 -0.0200565 -0.0523595
v -0.0076375 -0.0200025 -0.0504405
v -0.0063575 -0.0203675 -0.0518305
v -0.0057145 -0.0206805 -0.0540295
v -0.0066565 -0.0203405 -0.0508765
v -0.0056775 -0.0206635 -0.0533635
v -0.0036775 -0.0208595 -0.0533595
v -0.0037185 -0.0211135 -0.0524325
v -0.0020135 -0.0213305 -0.0572735
v -0.0026375 -0.0212465 -0.0562555
v -0.0039745 -0.0211935 -0.0552105
v -0.0016885 -0.0214135 -0.0583765
v 0.0004775 -0.0215705 -0.0590335
v 0.0002565 -0.0215025 -0.0584695
v -0.0001025 -0.0212785 -0.0577755
v -0.0012485 -0.0214145 -0.0559535
v 9.5e-06 -0.0213445 -0.0568525
v 0.0009295 -0.0210965 -0.0573535
v -0.0025715 -0.0212395 -0.0541935
v -0.0018315 -0.0212855 -0.0548215
v -0.0014595 -0.0214365 -0.0535675
v -0.0027555 -0.0211695 -0.0523165
v 0.0001195 -0.0213915 -0.0541455
v 0.0007155 -0.0214215 -0.0549225
v -0.0007025 -0.0214295 -0.0527555
v -0.0164915 -0.0139165 -0.0490685
v -0.0150865 -0.0149495 -0.0485065
v -0.0164965 -0.0139265 -0.0471175
v -0.0148905 -0.0153285 -0.0476895
v -0.0153235 -0.0152375 -0.0470695
v -0.0155825 -0.0151045 -0.0461725
v -0.0137345 -0.0165955 -0.0483205
v -0.0137745 -0.0166525 -0.0471535
v -0.0163005 -0.0141605 -0.0452775
v -0.0160485 -0.0145045 -0.0436455
v -0.0151095 -0.0153765 -0.0449165
v -0.0152885 -0.0152225 -0.0430465
v -0.0136135 -0.0166555 -0.0450155
v -0.0120925 -0.0177885 -0.0466915
v -0.0127155 -0.0173415 -0.0448075
v -0.0125375 -0.0171435 -0.0435995
v -0.0111185 -0.0184275 -0.0474325
v -0.0108015 -0.0186175 -0.0497525
v -0.0082595 -0.0196645 -0.0485815
v -0.0093465 -0.0193785 -0.0467645
v -0.0096245 -0.0187835 -0.0449385
v -0.0105865 -0.0184555 -0.0440505
v -0.0116505 -0.0177535 -0.0433275
v -0.0085665 -0.0196675 -0.0462375
v -0.0074565 -0.0200045 -0.0471145
v -0.0076365 -0.0200975 -0.0452435
v -0.0086805 -0.0195205 -0.0452495
v -0.0136945 -0.0163305 -0.0430945
v -0.0154445 -0.0146385 -0.0413595
v -0.0143985 -0.0158455 -0.0414135
v -0.0143975 -0.0157345 -0.0378855
v -0.0138345 -0.0163905 -0.0385055
v -0.0128465 -0.0170775 -0.0404445
v -0.0121445 -0.0177975 -0.0385745
v -0.0123765 -0.0175615 -0.0423605
v -0.0096155 -0.0191815 -0.0424085
v -0.0112355 -0.0183485 -0.0413945
v -0.0085045 -0.0197835 -0.0433445
v -0.0066135 -0.0204165 -0.0438065
v -0.0073755 -0.0201455 -0.0423595
v -0.0107885 -0.0183765 -0.0402945
v -0.0097975 -0.0190365 -0.0407695
v -0.0087395 -0.0194005 -0.0416615
v -0.0091055 -0.0195175 -0.0400535
v -0.0080015 -0.0197785 -0.0409195
v -0.0074035 -0.0201325 -0.0490895
v -0.0059695 -0.0204745 -0.0483995
v -0.0061635 -0.0203705 -0.0494195
v -0.0049405 -0.0208685 -0.0489895
v -0.0039435 -0.0211085 -0.0506965
v -0.0029715 -0.0211515 -0.0488235
v -0.0052705 -0.0206585 -0.0468835
v -0.0058555 -0.0205465 -0.0454115
v -0.0037785 -0.0210905 -0.0471515
v -0.0027665 -0.0212275 -0.0470165
v -0.0026405 -0.0210325 -0.0512875
v -0.0015295 -0.0213695 -0.0524455
v -0.0010075 -0.0211065 -0.0513245
v -0.0023005 -0.0209935 -0.0500885
v -0.0011945 -0.0211825 -0.0499815
v -0.0004045 -0.0212165 -0.0505935
v 0.0003635 -0.0214865 -0.0516715
v 0.0015365 -0.0213415 -0.0529985
v -0.0001055 -0.0210645 -0.0495455
v -0.0008475 -0.0211965 -0.0482845
v -0.0012735 -0.0210935 -0.0469735
v 0.0034645 -0.0209135 -0.0499405
v 0.0012075 -0.0211625 -0.0501585
v 0.0018655 -0.0210485 -0.0505515
v 0.0011775 -0.0211055 -0.0490625
v 0.0026335 -0.0208355 -0.0487875
v 0.0024145 -0.0210815 -0.0465985
v -0.0034155 -0.0207215 -0.0457705
v -0.0040415 -0.0207375 -0.0456795
v -0.0017315 -0.0209715 -0.0459555
v -0.0023245 -0.0208785 -0.0453345
v -0.0014785 -0.0213125 -0.0446785
v -0.0040405 -0.0208815 -0.0450105
v -0.0050345 -0.0206015 -0.0442525
v -0.0049265 -0.0207715 -0.0431405
v -0.0035585 -0.0212145 -0.0428865
v 1.15e-05 -0.0211585 -0.0469405
v -0.0013695 -0.0210175 -0.0456655
v -7.95e-05 -0.0211565 -0.0452315
v 0.0005055 -0.0212565 -0.0458475
v 0.0014455 -0.0210495 -0.0452715
v 0.0014945 -0.0210415 -0.0461165
v 0.0028275 -0.0209625 -0.0478945
v 0.0033265 -0.0209325 -0.0474305
v 0.0022295 -0.0208145 -0.0457235
v 0.0031875 -0.0206365 -0.0459595
v 0.0038285 -0.0206605 -0.0470205
v -0.0004365 -0.0214145 -0.0434465
v 0.0010125 -0.0210145 -0.0438325
v 0.0010975 -0.0211275 -0.0428335
v 0.0024585 -0.0211515 -0.0440585
v 0.0026585 -0.0209595 -0.0418645
v 0.0041075 -0.0208855 -0.0443155
v 0.0035525 -0.0208885 -0.0453345
v -0.0002335 -0.0213265 -0.0417055
v -0.0011415 -0.0212375 -0.0412165
v 0.0009995 -0.0211985 -0.0411145
v -0.0024545 -0.0224985 -0.0613415
v -0.0003285 -0.0225665 -0.0627925
v 0.0012915 -0.0222455 -0.0602645
v 0.0016575 -0.0208585 -0.0568315
v 0.0016215 -0.0212645 -0.0561055
v 0.0008435 -0.0212985 -0.0563725
v 0.0029505 -0.0211765 -0.0540635
v 0.0029575 -0.0210925 -0.0530215
v 0.0046425 -0.0207865 -0.0540465
v 0.0044605 -0.0206675 -0.0528425
v 0.0031355 -0.0207565 -0.0509085
v 0.0022275 -0.0208865 -0.0515035
v 0.0029895 -0.0207165 -0.0517265
v 0.0039075 -0.0203885 -0.0517255
v 0.0041305 -0.0209545 -0.0482405
v 0.0067375 -0.0200925 -0.0486305
v 0.0062805 -0.0203775 -0.0478295
v 0.0055885 -0.0202065 -0.0460745
v 0.0064895 -0.0201165 -0.0451435
v 0.0054515 -0.0203665 -0.0453595
v 0.0074615 -0.0198705 -0.0457375
v 0.0070305 -0.0199145 -0.0443265
v -0.0128555 -0.0172355 -0.0371355
v -0.0128615 -0.0171705 -0.0352325
v -0.0136695 -0.0163315 -0.0354605
v -0.0104355 -0.0185785 -0.0352145
v -0.0098975 -0.0189585 -0.0363265
v -0.0142005 -0.0160065 -0.0334915
v -0.0128005 -0.0172465 -0.0338775
v -0.0133885 -0.0168285 -0.0331245
v -0.0136475 -0.0172285 -0.0321685
v -0.0108365 -0.0184385 -0.0387105
v -0.0097805 -0.0188505 -0.0377975
v -0.0089635 -0.0195005 -0.0387175
v -0.0082045 -0.0196455 -0.0371255
v -0.0070605 -0.0201945 -0.0381005
v -0.0064245 -0.0200945 -0.0361255
v -0.0043735 -0.0208555 -0.0371695
v -0.0083345 -0.0194255 -0.0351735
v -0.0070435 -0.0202495 -0.0332415
v -0.0069795 -0.0199915 -0.0355395
v -0.0050825 -0.0205285 -0.0354595
v -0.0058485 -0.0203815 -0.0352765
v -0.0060975 -0.0203535 -0.0341105
v -0.0047755 -0.0204265 -0.0344755
v -0.0125565 -0.0180745 -0.0312975
v -0.0110205 -0.0190105 -0.0311125
v -0.0113265 -0.0187115 -0.0323495
v -0.0099395 -0.0189855 -0.0332395
v -0.0088245 -0.0200285 -0.0322155
v -0.0085795 -0.0196315 -0.0330245
v -0.0083165 -0.0202785 -0.0290385
v -0.0071375 -0.0206645 -0.0323105
v -0.0056475 -0.0211755 -0.0313505
v -0.0054365 -0.0207555 -0.0330715
v -0.0045915 -0.0205765 -0.0337415
v -0.0039665 -0.0214525 -0.0324315
v -0.0029535 -0.0217165 -0.0304405
v -0.0048525 -0.0213575 -0.0282135
v -0.0086265 -0.0200175 -0.0222895
v -0.0065035 -0.0208835 -0.0262445
v -0.0056045 -0.0204595 -0.0391395
v -0.0040835 -0.0209195 -0.0384195
v -0.0032795 -0.0211085 -0.0391665
v -0.0005695 -0.0212885 -0.0393845
v -0.0012745 -0.0212315 -0.0374965
v -0.0028835 -0.0208905 -0.0358695
v -0.0035025 -0.0206705 -0.0348045
v -0.0016575 -0.0209995 -0.0347935
v -0.0023275 -0.0208995 -0.0368995
v -0.0014835 -0.0211195 -0.0362395
v 0.0002705 -0.0212375 -0.0383965
v 0.0002365 -0.0213575 -0.0358155
v 0.0024625 -0.0210785 -0.0405625
v 0.0042165 -0.0206285 -0.0430975
v 0.0039395 -0.0204465 -0.0418715
v 0.0011265 -0.0210495 -0.0395895
v 0.0022985 -0.0210845 -0.0397735
v 0.0017885 -0.0209015 -0.0384815
v 0.0007165 -0.0210685 -0.0373705
v 0.0023535 -0.0207645 -0.0389865
v 0.0013385 -0.0211185 -0.0364545
v 0.0018645 -0.0207825 -0.0373535
v 0.0025825 -0.0208035 -0.0367005
v 0.0038595 -0.0208355 -0.0363045
v -0.0032275 -0.0210945 -0.0334675
v -0.0022125 -0.0210905 -0.0337335
v -0.0011945 -0.0217445 -0.0325775
v -0.0007405 -0.0219095 -0.0317605
v -0.0010895 -0.0209665 -0.0351775
v -0.0001645 -0.0208055 -0.0348995
v 0.0001955 -0.0213535 -0.0331575
v 0.0015275 -0.0210215 -0.0343555
v -0.0013975 -0.0210685 -0.0336695
v 0.0006185 -0.0217605 -0.0325785
v 0.0016265 -0.0218645 -0.0317355
v -0.0011325 -0.0218305 -0.0272115
v 0.0016485 -0.0210555 -0.0357565
v 0.0026825 -0.0209405 -0.0352735
v 0.0023025 -0.0210895 -0.0333985
v 0.0025465 -0.0216185 -0.0325865
v 0.0039715 -0.0215735 -0.0318275
v 0.0056755 -0.0205875 -0.0335065
v 0.0052765 -0.0204995 -0.0343605
v 0.0060595 -0.0202845 -0.0347595
v 0.0070495 -0.0200145 -0.0336485
v 0.0047945 -0.0212335 -0.0326635
v 0.0067075 -0.0208905 -0.0319895
v 0.0068985 -0.0206975 -0.0326425
v -0.0053565 -0.0211805 -0.0228185
v -0.0015265 -0.0217695 -0.0233455
v -0.0074255 -0.0203185 -0.0150885
v -0.0058945 -0.0208805 -0.0159775
v -0.0060155 -0.0209435 -0.0198435
v -0.0036595 -0.0214555 -0.0178335
v 0.0015645 -0.0218525 -0.0242265
v 0.0048545 -0.0213975 -0.0271765
v 0.0079085 -0.0204455 -0.0280535
v 0.0067615 -0.0208435 -0.0210155
v 0.0093025 -0.0198515 -0.0240095
v 0.0039405 -0.0215405 -0.0204675
v 0.0091425 -0.0199085 -0.0200995
v 0.0001805 -0.0218335 -0.0184005
v 0.0011545 -0.0218135 -0.0153085
v 0.0080445 -0.0192965 -0.0445215
v 0.0079485 -0.0197195 -0.0432835
v 0.0086455 -0.0188225 -0.0398775
v 0.0072785 -0.0198845 -0.0415025
v 0.0094725 -0.0188455 -0.0410575
v 0.0054565 -0.0205075 -0.0396395
v 0.0059185 -0.0202695 -0.0419155
v 0.0066955 -0.0200945 -0.0391675
v 0.0072345 -0.0199525 -0.0376115
v 0.0053155 -0.0203055 -0.0381335
v 0.0086495 -0.0193015 -0.0367675
v 0.0084705 -0.0195095 -0.0378825
v 0.0097195 -0.0187865 -0.0369765
v 0.0093425 -0.0189605 -0.0384015
v 0.0103905 -0.0175945 -0.0390495
v 0.0096335 -0.0181985 -0.0392305
v 0.0108945 -0.0179075 -0.0380735
v 0.0089875 -0.0192085 -0.0358755
v 0.0099765 -0.0187465 -0.0349195
v 0.0091305 -0.0192315 -0.0338365
v 0.0080275 -0.0196415 -0.0348215
v 0.0101205 -0.0185235 -0.0335265
v 0.0090915 -0.0193885 -0.0333455
v 0.0082255 -0.0197065 -0.0335055
v 0.0121255 -0.0169825 -0.0350225
v 0.0111555 -0.0178375 -0.0355455
v 0.0087405 -0.0200105 -0.0326025
v 0.0109335 -0.0180905 -0.0336095
v 0.0107085 -0.0188635 -0.0328085
v 0.0114775 -0.0186185 -0.0319445
v 0.0094205 -0.0197715 -0.0300625
v 0.0121245 -0.0173525 -0.0339765
v 0.0116175 -0.0175925 -0.0343345
v 0.0122365 -0.0178245 -0.0329605
v 0.0130665 -0.0172515 -0.0328055
v 0.0112835 -0.0187795 -0.0271405
v 0.0136305 -0.0170255 -0.0318355
v 0.0128295 -0.0176695 -0.0263725
v 0.0111055 -0.0188525 -0.0213125
v -0.0064855 -0.0205655 -0.0126895
v -0.0071245 -0.0203575 -0.0086725
v -0.0042695 -0.0212525 -0.0108845
v -0.0038385 -0.0213385 -0.0142945
v -0.0015995 -0.0216495 -0.0142455
v -0.0075095 -0.0201495 -0.0045455
v -0.0052735 -0.0208365 -0.0057615
v -0.0050435 -0.0209815 -0.0073695
v -0.0031475 -0.0214505 -0.0064655
v -0.0038215 -0.0212135 -0.0038085
v -0.0016295 -0.0217125 -0.0092545
v 0.0007545 -0.0217485 -0.0107335
v -0.0012775 -0.0216785 -0.0065035
v 0.0016675 -0.0217155 -0.0048645
v 0.0087405 -0.0200775 -0.0158085
v 0.0105195 -0.0192345 -0.0169705
v 0.0122745 -0.0180395 -0.0168845
v 0.0111495 -0.0188075 -0.0152355
v 0.0114085 -0.0186615 -0.0123205
v 0.0139955 -0.0167395 -0.0140915
v 0.0044605 -0.0214235 -0.0167705
v 0.0037505 -0.0215125 -0.0148235
v 0.0041235 -0.0214755 -0.0100405
v 0.0062985 -0.0209025 -0.0136335
v 0.0074415 -0.0205615 -0.0063815
v 0.0082835 -0.0202245 -0.0117875
v 0.0078245 -0.0203925 -0.0140565
v 0.0095795 -0.0196435 -0.0108885
v -0.0067555 -0.0203605 -0.0002165
v -0.0051895 -0.0208625 -0.0018945
v -0.0030945 -0.0214125 -0.0015495
v -0.0055765 -0.0206535 -0.0005255
v -0.0042355 -0.0211115 0.0010115
v -0.0028535 -0.0214245 0.0006815
v -0.0013925 -0.0216445 -0.0030565
v 0.0006405 -0.0216905 0.0001105
v 0.0028285 -0.0216045 -0.0031215
v 0.0036405 -0.0215055 -0.0010295
v -0.0044795 -0.0210775 0.0043845
v -0.0004585 -0.0216025 0.0041325
v -0.0019635 -0.0214265 0.0065135
v 0.0029545 -0.0215855 0.0025785
v 0.0119815 -0.0183275 -0.0089615
v 0.0145705 -0.0162435 -0.0095565
v 0.0164095 -0.0143685 -0.0116875
v 0.0153485 -0.0155165 -0.0057515
v 0.0130485 -0.0175535 -0.0062245
v 0.0164715 -0.0142975 -0.0033415
v 0.0175385 -0.0129295 -0.0066705
v 0.0136365 -0.0170865 -0.0043945
v 0.0146695 -0.0160565 -0.0034215
v 0.0140295 -0.0157165 -0.0024685
v 0.0126115 -0.0172685 -0.0016865
v 0.0130335 -0.0170225 -0.0030085
v 0.0141605 -0.0156715 -0.0016305
v 0.0141625 -0.0159525 -0.0011125
v 0.0169325 -0.0134655 -0.0021225
v 0.0153955 -0.0147865 -0.0020905
v 0.0164555 -0.0132285 -0.0012395
v 0.0126735 -0.0176505 -0.0039665
v 0.0145695 -0.0152435 -0.0021825
v 0.0152635 -0.0147745 -0.0013185
v 0.0055785 -0.0210655 -0.0055265
v 0.0041355 -0.0213915 -0.0054865
v 0.0048415 -0.0210235 -0.0046125
v 0.0048985 -0.0207155 -0.0038605
v 0.0062925 -0.0202155 -0.0039745
v 0.0051665 -0.0205355 -0.0029825
v 0.0055885 -0.0205575 -0.0020605
v 0.0076185 -0.0203265 -0.0047905
v 0.0081165 -0.0197545 -0.0038725
v 0.0104375 -0.0191095 -0.0048895
v 0.0042725 -0.0211525 -0.0038785
v 0.0045105 -0.0210055 -0.0027575
v 0.0096205 -0.0196095 -0.0067105
v 0.0117935 -0.0184145 -0.0052465
v 0.0098415 -0.0189785 -0.0041255
v 0.0057835 -0.0204785 -0.0009015
v 0.0067995 -0.0201105 -0.0011035
v 0.0062645 -0.0200055 -0.0003005
v 0.0071615 -0.0200095 -0.0023225
v 0.0080255 -0.0197395 -0.0028355
v 0.0093775 -0.0190055 -0.0026885
v 0.0091405 -0.0188345 -0.0014235
v 0.0080785 -0.0195205 -0.0003935
v 0.0080215 -0.0194575 -0.0017315
v 0.0105075 -0.0184945 -0.0024395
v 0.0074205 -0.0195785 -0.0001295
v 0.0064165 -0.0198535 0.0004475
v 0.0104305 -0.0180575 -0.0011745
v 0.0113125 -0.0178575 -0.0003145
v 0.0096815 -0.0184955 -0.0008665
v 0.0074135 -0.0196295 0.0008675
v 0.0093625 -0.0190335 0.0001395
v 0.0100295 -0.0186005 0.0003805
v 0.0087535 -0.0192795 0.0013275
v 0.0071685 -0.0199135 0.0022695
v 0.0102445 -0.0185735 0.0017855
v 0.0111495 -0.0181175 0.0010195
v 0.0053235 -0.0208235 -0.0011985
v 0.0040175 -0.0214365 0.0030315
v 0.0053125 -0.0208515 0.0008895
v 0.0062265 -0.0201745 0.0013345
v 0.0052695 -0.0208815 0.0021695
v 0.0059785 -0.0201055 0.0006285
v 0.0058475 -0.0204235 0.0023955
v 0.0046245 -0.0209525 0.0055615
v 0.0060365 -0.0202335 0.0034475
v 0.0110625 -0.0183465 -0.0037635
v 0.0115005 -0.0177825 -0.0027475
v 0.0111335 -0.0179805 -0.0020255
v 0.0119545 -0.0177085 -0.0006615
v 0.0121385 -0.0175195 0.0002305
v 0.0131615 -0.0169235 -0.0001135
v -0.0041245 -0.0211285 0.0100845
v 0.0128935 -0.0175075 -0.0220785
v 0.0142515 -0.0164845 -0.0196825
v 0.0179575 -0.0122355 -0.0129345
v 0.0183715 -0.0116595 -0.0022545
v 0.0197585 -0.0087095 -0.0008495
v -0.0081625 -0.0212535 -0.0636345
v -0.0071535 -0.0215605 -0.0636765
v -0.0052235 -0.0218765 -0.0641515
v -0.0059755 -0.0218115 -0.0633785
v -0.0043615 -0.0219695 -0.0647765
v -0.0039105 -0.0223795 -0.0644375
v -0.0026425 -0.0225125 -0.0639285
v -0.0034805 -0.0225255 -0.0632055
v -0.0018195 -0.0219505 -0.0602755
v -0.0056405 -0.0205065 -0.0415935
v -0.0029845 -0.0210185 -0.0412285
v 0.0040675 -0.0203175 -0.0463755
v 0.0053885 -0.0205115 -0.0514565
v 0.0052515 -0.0206005 -0.0502145
v 0.0051355 -0.0205885 -0.0475435
v 0.0060925 -0.0201015 -0.0442225
v 0.0051925 -0.0204525 -0.0435045
v -0.0121575 -0.0177935 -0.0330795
v 0.0037675 -0.0208835 -0.0398315
v 0.0044165 -0.0205195 -0.0385675
v 0.0037545 -0.0207695 -0.0379315
v 0.0047325 -0.0204665 -0.0373105
v 0.0057815 -0.0199475 -0.0370945
v 0.0051965 -0.0202215 -0.0363275
v 0.0063705 -0.0197145 -0.0361505
v 0.0047825 -0.0206225 -0.0352775
v 0.0028355 -0.0207925 -0.0342515
v 0.0040285 -0.0204135 -0.0343855
v 0.0037565 -0.0205405 -0.0338325
v 0.0044325 -0.0208555 -0.0332135
v 0.0103565 -0.0183115 -0.0407255
v 0.0094105 -0.0183645 -0.0398435
v 0.0072385 -0.0195185 -0.0365775
v -0.0206295 0.0074515 0.0074915
v -0.0203205 0.0089185 0.0083255
v -0.0204275 0.0085825 0.0121595
v -0.0190325 0.0113165 0.0123455
v -0.0148525 0.0162245 0.0112505
v -0.0172155 0.0138345 0.0125785
v -0.0154435 0.0156415 0.0155125
v -0.0179595 0.0127615 0.0160925
v -0.0188575 0.0114455 0.0158515
v -0.0147455 0.0160355 0.0167935
v -0.0133805 0.0173475 0.0163735
v -0.0158255 0.0151005 0.0166985
v -0.0125705 0.0173305 0.0176765
v -0.0137465 0.0163055 0.0175195
v -0.0143055 0.0156015 0.0174995
v -0.0131455 0.0166655 0.0184105
v -0.0140125 0.0160845 0.0184925
v -0.0177775 0.0128475 0.0166185
v -0.0195495 0.0099745 0.0167555
v -0.0190295 0.0098945 0.0173835
v -0.0169975 0.0139785 0.0161385
v -0.0166175 0.0134005 0.0173105
v -0.0159145 0.0140855 0.0175715
v -0.0175725 0.0121805 0.0172255
v -0.0174455 0.0122515 0.0180955
v -0.0186465 0.0105005 0.0184085
v -0.0151625 0.0148295 0.0174655
v -0.0164325 0.0134655 0.0195825
v -0.0149815 0.0149325 0.0197855
v -0.0146685 0.0153585 0.0183555
v -0.0176845 0.0115255 0.0190565
v -0.0169715 0.0126105 0.0200035
v -0.0182845 0.0106715 0.0196275
v -0.0135375 0.0164695 0.0198535
v -0.0126905 0.0170215 0.0232755
v -0.0117655 0.0174645 0.0220165
v -0.0128975 0.0169785 0.0206275
v -0.0114055 0.0178705 0.0239525
v -0.0172755 0.0125295 0.0218125
v -0.0174325 0.0121105 0.0239865
v -0.0160915 0.0139065 0.0217505
v -0.0142495 0.0155445 0.0204265
v -0.0149205 0.0149425 0.0213405
v -0.0137265 0.0162475 0.0220225
v -0.0157105 0.0143085 0.0205465
v -0.0149775 0.0147785 0.0230985
v -0.0160285 0.0140155 0.0245435
v -0.0148465 0.0151695 0.0246605
v -0.0165285 0.0133665 0.0259215
v -0.0157065 0.0142075 0.0266075
v -0.0137035 0.0160875 0.0236685
v -0.0140645 0.0159635 0.0256275
v 0.0057095 0.0208375 -0.0035285
v -0.0141985 0.0168315 0.0063135
v -0.0132395 0.0175045 0.0101725
v -0.0106535 0.0190045 0.0108125
v -0.0058565 0.0208675 0.0086715
v 0.0037475 0.0212875 0.0002175
v 0.0037475 0.0212875 0.0002175
v 0.0008495 0.0215675 0.0076205
v 0.0031865 0.0213425 0.0059235
v 0.0051635 0.0209855 0.0065605
v 0.0051635 0.0209855 0.0065605
v 0.0079605 0.0200925 0.0052475
v -0.0080685 0.0201975 0.0156605
v -0.0103605 0.0191395 0.0162685
v -0.0050935 0.0210815 0.0154655
v -0.0013305 0.0216075 0.0154565
v -0.0001045 0.0216515 0.0137295
v -0.0035835 0.0213565 0.0163595
v -0.0086235 0.0198465 0.0168055
v -0.0070475 0.0204115 0.0168095
v -0.0072285 0.0197405 0.0175245
v -0.0060135 0.0207555 0.0167265
v -0.0048015 0.0205755 0.0178275
v -0.0068185 0.0199075 0.0182255
v -0.0041525 0.0211945 0.0167455
v -0.0020355 0.0213695 0.0169875
v -0.0027135 0.0210745 0.0176115
v -0.0052005 0.0202595 0.0197045
v -0.0030555 0.0207535 0.0189885
v -0.0001175 0.0215245 0.0168365
v -0.0021525 0.0211385 0.0174565
v -0.0010495 0.0209255 0.0175045
v 9.95e-05 0.0208435 0.0174775
v -0.0007175 0.0208375 0.0178225
v 0.0002895 0.0209845 0.0187165
v -0.0017155 0.0207535 0.0184585
v -0.0013745 0.0209225 0.0198875
v -0.0123075 0.0180835 0.0147605
v -0.0116595 0.0183685 0.0164765
v -0.0110335 0.0183655 0.0174065
v -0.0094435 0.0191375 0.0173445
v -0.0099865 0.0187495 0.0189045
v -0.0116175 0.0177655 0.0189055
v -0.0115175 0.0178625 0.0204575
v -0.0082765 0.0195005 0.0197405
v -0.0095795 0.0188655 0.0204525
v -0.0097905 0.0188025 0.0215315
v -0.0111265 0.0178145 0.0213845
v -0.0102965 0.0183755 0.0224555
v -0.0067755 0.0199545 0.0210585
v -0.0078675 0.0195885 0.0227085
v -0.0047175 0.0205155 0.0209235
v 0.0031815 0.0214435 0.0119795
v 0.0018595 0.0215025 0.0166625
v 0.0030625 0.0214735 0.0158995
v 0.0017495 0.0211165 0.0175545
v 0.0011915 0.0209535 0.0183855
v 0.0038805 0.0211505 0.0170665
v 0.0057055 0.0208375 0.0161255
v 0.0080245 0.0201185 0.0157775
v 0.0080245 0.0201185 0.0157775
v 0.0100505 0.0191385 0.0093365
v 0.0103645 0.0189925 0.0163055
v -0.0104815 0.0185395 0.0258365
v -0.0122635 0.0172515 0.0257905
v -0.0118165 0.0176905 0.0278325
v -0.0104235 0.0184355 0.0277865
v -0.0150375 0.0148145 0.0267585
v -0.0141085 0.0156855 0.0276835
v -0.0151845 0.0142665 0.0279775
v -0.0145705 0.0151285 0.0280965
v -0.0138975 0.0160295 0.0288865
v -0.0148505 0.0150215 0.0295755
v -0.0164515 0.0129455 0.0276485
v -0.0131075 0.0165365 0.0297795
v -0.0127155 0.0169985 0.0275165
v -0.0139795 0.0158075 0.0306055
v -0.0157015 0.0141405 0.0304385
v -0.0149125 0.0149905 0.0313755
v -0.0119255 0.0174375 0.0290075
v -0.0095055 0.0185735 0.0291135
v -0.0121955 0.0169275 0.0317075
v -0.0128655 0.0164085 0.0321605
v -0.0134855 0.0157945 0.0321585
v -0.0145775 0.0150355 0.0331675
v -0.0132705 0.0161215 0.0332615
v -0.0113055 0.0177715 0.0301325
v -0.0097415 0.0183455 0.0299305
v -0.0110185 0.0179105 0.0317025
v -0.0106915 0.0181255 0.0308745
v -0.0112625 0.0174735 0.0324225
v -0.0087305 0.0191075 0.0313985
v -0.0099655 0.0184145 0.0318765
v -0.0126185 0.0166255 0.0336095
v -0.0113315 0.0174885 0.0340895
v -0.0138835 0.0159015 0.0346915
v -0.0124215 0.0169815 0.0346485
v -0.0130865 0.0162855 0.0357545
v -0.0121795 0.0171715 0.0361645
v -0.0104525 0.0178665 0.0326785
v -0.0107845 0.0179835 0.0348455
v -0.0096215 0.0185745 0.0326195
v -0.0100225 0.0185305 0.0341705
v -0.0078855 0.0193125 0.0324535
v -0.0086985 0.0191495 0.0333435
v -0.0110715 0.0177515 0.0363275
v -0.0129335 0.0166595 0.0369115
v -0.0114225 0.0177315 0.0378675
v -0.0123795 0.0170735 0.0391515
v -0.0103505 0.0183325 0.0372975
v -0.0091655 0.0189125 0.0353765
v -0.0087945 0.0192605 0.0374175
v -0.0072015 0.0198485 0.0367275
v -0.0067195 0.0197745 0.0352725
v -0.0103975 0.0181755 0.0386955
v -0.0121045 0.0172185 0.0401805
v -0.0117315 0.0171305 0.0415625
v -0.0107735 0.0176835 0.0411845
v -0.0106415 0.0181925 0.0401195
v -0.0090375 0.0189785 0.0395885
v -0.0078615 0.0194935 0.0389365
v -0.0062155 0.0198775 0.0377265
v -0.0093805 0.0186735 0.0405885
v -0.0091135 0.0188265 0.0421925
v -0.0103975 0.0180965 0.0421825
v -0.0117725 0.0173455 0.0424955
v -0.0113645 0.0180815 0.0432985
v -0.0084015 0.0191405 0.0402975
v -0.0065175 0.0196425 0.0398105
v -0.0082735 0.0191365 0.0424255
v -0.0063575 0.0199365 0.0409205
v -0.0071345 0.0196595 0.0421835
v -0.0056965 0.0199995 0.0422995
v -0.0067625 0.0200485 0.0433045
v -0.0031225 0.0206575 0.0206515
v -0.0026085 0.0208475 0.0222515
v -0.0036105 0.0206705 0.0223635
v -0.0045565 0.0205125 0.0227655
v -0.0014985 0.0208305 0.0215795
v 0.0013125 0.0207905 0.0200675
v -0.0001045 0.0210355 0.0210585
v -0.0005885 0.0207395 0.0219425
v 0.0007665 0.0208115 0.0218255
v -0.0035665 0.0205135 0.0232185
v -0.0025635 0.0203365 0.0233675
v -0.0009945 0.0207305 0.0223795
v -0.0015945 0.0205495 0.0230015
v -0.0018545 0.0205835 0.0237545
v -0.0022025 0.0207925 0.0243755
v -0.0008765 0.0207515 0.0242405
v -0.0003095 0.0208455 0.0232575
v 0.0013065 0.0208995 0.0229015
v 0.0004685 0.0207255 0.0236235
v 7.65e-05 0.0206125 0.0246695
v 0.0010735 0.0204485 0.0241485
v -0.0004345 0.0209605 0.0259905
v 0.0008825 0.0205625 0.0250995
v 0.0018145 0.0206355 0.0239675
v 0.0021325 0.0206625 0.0247325
v 0.0011395 0.0209315 0.0264245
v -0.0009765 0.0209725 0.0272785
v 0.0021185 0.0208055 0.0262345
v 0.0006955 0.0206515 0.0281355
v 0.0023225 0.0207335 0.0281505
v -0.0091935 0.0190865 0.0238745
v -0.0082145 0.0195265 0.0239755
v -0.0073025 0.0198415 0.0253225
v -0.0068435 0.0197875 0.0230895
v -0.0055265 0.0201675 0.0218925
v -0.0058635 0.0199515 0.0239825
v -0.0084635 0.0194085 0.0257305
v -0.0086805 0.0189605 0.0278385
v -0.0074745 0.0196645 0.0269235
v -0.0058045 0.0198815 0.0252855
v -0.0062565 0.0200285 0.0257435
v -0.0043545 0.0203875 0.0239645
v -0.0049295 0.0200985 0.0251775
v -0.0041495 0.0204685 0.0256815
v -0.0051285 0.0204805 0.0264445
v -0.0033875 0.0206415 0.0241575
v -0.0025105 0.0207715 0.0260895
v -0.0079835 0.0193195 0.0288445
v -0.0063265 0.0198335 0.0294035
v -0.0058205 0.0202635 0.0284185
v -0.0077625 0.0195855 0.0301615
v -0.0061545 0.0199905 0.0302905
v -0.0033555 0.0205915 0.0263435
v -0.0033315 0.0207425 0.0272975
v -0.0035805 0.0205315 0.0281235
v -0.0068135 0.0198765 0.0316465
v -0.0069905 0.0198335 0.0334715
v -0.0042165 0.0205035 0.0296805
v -0.0048455 0.0203855 0.0319995
v -0.0024195 0.0208285 0.0293315
v -0.0028985 0.0206335 0.0302845
v -0.0008255 0.0208185 0.0282395
v -0.0013535 0.0209205 0.0291385
v -0.0003665 0.0209065 0.0301735
v -0.0018475 0.0208675 0.0308995
v 0.0012195 0.0206805 0.0291275
v 0.0025475 0.0207965 0.0297625
v 0.0022975 0.0208245 0.0185375
v 0.0029815 0.0206385 0.0183465
v 0.0042365 0.0204875 0.0183065
v 0.0035765 0.0205565 0.0189225
v 0.0027685 0.0207655 0.0197985
v 0.0022965 0.0206145 0.0208905
v 0.0077725 0.0201095 0.0169085
v 0.0077725 0.0201095 0.0169085
v 0.0057655 0.0201525 0.0180605
v 0.0046285 0.0200985 0.0198845
v 0.0034665 0.0204075 0.0202935
v 0.0064905 0.0200025 0.0195035
v 0.0014495 0.0206835 0.0216385
v 0.0019785 0.0208275 0.0223265
v 0.0040565 0.0207235 0.0226235
v 0.0039995 0.0205435 0.0210855
v 0.0031985 0.0207665 0.0236535
v 0.0054885 0.0202665 0.0209275
v 0.0071505 0.0198145 0.0205785
v 0.0071505 0.0198145 0.0205785
v 0.0073705 0.0198945 0.0177175
v 0.0073705 0.0198945 0.0177175
v 0.0076545 0.0196195 0.0186555
v 0.0076545 0.0196195 0.0186555
v 0.0086995 0.0192855 0.0177555
v 0.0090255 0.0190345 0.0182565
v 0.0094445 0.0192865 0.0171165
v 0.0097845 0.0186145 0.0178135
v 0.0104525 0.0180705 0.0185415
v 0.0107655 0.0186385 0.0170165
v 0.0105225 0.0180305 0.0177585
v 0.0114705 0.0177535 0.0177005
v 0.0089285 0.0191265 0.0207845
v 0.0068155 0.0198565 0.0231765
v 0.0068155 0.0198565 0.0231765
v 0.0081435 0.0192635 0.0225405
v 0.0114675 0.0174905 0.0196075
v 0.0096105 0.0185955 0.0213655
v 0.0035035 0.0203245 0.0253185
v 0.0042675 0.0205825 0.0271175
v 0.0050545 0.0203945 0.0247715
v 0.0055175 0.0202245 0.0258205
v 0.0066045 0.0200195 0.0247755
v 0.0066045 0.0200195 0.0247755
v 0.0085065 0.0192595 0.0239925
v 0.0089785 0.0189115 0.0259385
v 0.0064765 0.0200345 0.0264495
v 0.0064765 0.0200345 0.0264495
v 0.0042515 0.0204105 0.0282745
v 0.0054695 0.0199375 0.0279395
v 0.0067195 0.0198495 0.0289555
v 0.0067195 0.0198495 0.0289555
v 0.0076235 0.0194495 0.0265995
v 0.0066075 0.0195435 0.0274925
v 0.0066075 0.0195435 0.0274925
v 0.0079865 0.0192975 0.0284785
v 0.0084455 0.0190695 0.0274515
v 0.0096335 0.0183165 0.0228295
v 0.0099665 0.0185475 0.0240285
v 0.0110505 0.0178515 0.0222125
v 0.0109095 0.0177155 0.0229785
v 0.0117665 0.0172845 0.0228535
v 0.0123775 0.0169605 0.0209575
v 0.0114125 0.0176155 0.0242325
v 0.0130005 0.0165035 0.0241495
v 0.0133345 0.0160755 0.0226665
v 0.0108915 0.0180255 0.0251645
v 0.0101735 0.0181835 0.0262535
v 0.0119115 0.0172275 0.0255775
v 0.0138475 0.0156625 0.0254835
v 0.0117035 0.0173315 0.0267495
v 0.0107645 0.0181495 0.0280725
v 0.0126345 0.0167695 0.0261635
v 0.0131535 0.0163285 0.0269915
v -0.0049665 0.0204405 0.0332115
v -0.0050025 0.0202195 0.0344975
v -0.0027925 0.0204825 0.0323785
v -0.0030695 0.0205855 0.0333755
v -0.0013515 0.0207825 0.0330685
v -0.0027445 0.0208305 0.0348935
v -0.0050325 0.0203045 0.0355905
v -0.0056655 0.0200955 0.0369355
v -0.0041055 0.0202405 0.0364215
v -0.0045715 0.0202535 0.0374885
v -0.0009825 0.0209975 0.0344865
v -0.0020755 0.0207595 0.0365675
v -0.0048595 0.0200705 0.0382755
v -0.0011465 0.0208875 0.0320995
v 0.0002965 0.0207995 0.0313485
v 0.0001665 0.0209275 0.0329985
v 0.0008715 0.0208535 0.0325185
v 0.0018115 0.0208325 0.0318045
v 0.0034565 0.0206775 0.0308025
v 0.0028815 0.0205305 0.0331175
v 0.0012725 0.0209225 0.0343825
v -0.0002095 0.0209555 0.0359655
v 0.0021055 0.0208605 0.0345835
v 0.0041235 0.0205455 0.0347205
v 0.0043685 0.0202495 0.0329675
v -0.0037015 0.0204985 0.0382585
v -0.0040855 0.0205325 0.0400575
v -0.0025895 0.0206395 0.0397095
v -0.0015085 0.0209215 0.0394485
v -0.0004815 0.0209675 0.0388165
v -0.0017385 0.0205955 0.0407915
v -0.0006185 0.0208725 0.0401285
v -0.0025155 0.0205395 0.0416055
v 0.0010175 0.0209545 0.0387495
v -0.0012885 0.0204885 0.0415835
v 0.0003475 0.0207485 0.0415255
v -0.0017525 0.0209475 0.0426545
v -0.0005095 0.0209625 0.0423225
v -0.0003415 0.0204365 0.0409195
v -0.0055545 0.0199805 0.0392895
v -0.0040025 0.0205285 0.0427565
v 0.0010835 0.0209395 0.0370125
v 0.0031895 0.0208435 0.0379745
v 0.0035425 0.0207085 0.0361665
v 0.0049305 0.0202785 0.0364135
v 0.0044445 0.0206095 0.0378235
v 0.0056605 0.0202495 0.0376505
v 0.0021215 0.0207085 0.0399265
v 0.0009695 0.0207095 0.0396395
v 0.0006135 0.0205995 0.0403775
v 0.0034975 0.0207985 0.0393015
v 0.0015475 0.0207355 0.0407925
v 0.0019125 0.0208765 0.0421325
v 0.0033655 0.0205135 0.0405555
v 0.0049075 0.0204115 0.0389475
v 0.0056145 0.0200325 0.0405945
v 0.0063345 0.0200605 0.0301375
v 0.0097575 0.0186185 0.0279555
v 0.0048845 0.0203125 0.0298145
v 0.0048585 0.0202645 0.0311395
v 0.0061165 0.0200455 0.0313375
v 0.0092125 0.0186715 0.0291485
v 0.0072455 0.0194655 0.0313225
v 0.0072455 0.0194655 0.0313225
v 0.0089715 0.0189055 0.0301855
v 0.0061335 0.0201275 0.0329685
v 0.0055635 0.0202615 0.0343235
v 0.0073625 0.0196295 0.0334925
v 0.0073625 0.0196295 0.0334925
v 0.0071445 0.0195365 0.0347825
v 0.0071445 0.0195365 0.0347825
v 0.0087375 0.0188935 0.0319485
v 0.0093805 0.0187305 0.0340885
v 0.0112045 0.0174795 0.0296775
v 0.0104885 0.0181255 0.0305465
v 0.0122555 0.0171315 0.0284405
v 0.0129995 0.0163895 0.0296625
v 0.0121125 0.0168435 0.0301815
v 0.0142495 0.0154575 0.0278375
v 0.0107835 0.0180075 0.0316705
v 0.0096125 0.0184615 0.0323525
v 0.0106545 0.0181005 0.0334415
v 0.0117415 0.0174965 0.0327225
v 0.0123845 0.0169485 0.0315645
v 0.0144015 0.0153555 0.0306565
v 0.0133295 0.0162765 0.0313515
v 0.0123265 0.0167595 0.0331195
v 0.0056375 0.0202835 0.0356115
v 0.0063835 0.0199355 0.0360955
v 0.0067855 0.0199525 0.0381545
v 0.0067855 0.0199525 0.0381545
v 0.0088235 0.0188755 0.0352025
v 0.0102115 0.0184545 0.0362095
v 0.0086985 0.0189005 0.0364605
v 0.0063785 0.0198205 0.0396815
v 0.0063785 0.0198205 0.0396815
v 0.0069925 0.0196945 0.0395985
v 0.0080535 0.0193805 0.0379435
v 0.0092305 0.0186355 0.0388275
v 0.0080055 0.0193265 0.0405025
v 0.0094255 0.0187545 0.0376975
v 0.0106845 0.0181085 0.0372075
v 0.0103185 0.0178135 0.0382935
v 0.0114955 0.0172875 0.0341595
v 0.0104835 0.0181955 0.0348475
v 0.0110495 0.0179385 0.0362835
v 0.0124295 0.0165865 0.0353865
v 0.0122985 0.0167685 0.0345635
v 0.0124355 0.0167425 0.0362005
v 0.0132125 0.0162065 0.0339845
v 0.0144635 0.0151725 0.0325955
v 0.0140495 0.0154535 0.0351785
v 0.0142695 0.0151535 0.0341235
v 0.0149325 0.0147165 0.0350095
v 0.0121005 0.0170225 0.0375495
v 0.0109625 0.0178875 0.0394625
v 0.0116225 0.0172175 0.0385785
v 0.0129045 0.0163345 0.0386435
v 0.0140905 0.0156285 0.0366445
v 0.0150135 0.0146735 0.0364685
v 0.0134415 0.0157365 0.0393315
v 0.0144035 0.0148105 0.0378995
v -0.0087005 0.0211165 0.0498565
v -0.0112215 0.0198655 0.0492825
v -0.0099425 0.0205605 0.0537375
v -0.0074635 0.0214225 0.0490575
v -0.0096505 0.0205615 0.0490255
v -0.0062785 0.0219585 0.0497215
v -0.0070195 0.0216615 0.0573265
v -0.0045235 0.0223545 0.0559275
v -0.0036255 0.0225475 0.0512895
v -0.0036815 0.0225135 0.0495255
v -0.0007745 0.0228015 0.0493825
v -0.0019135 0.0226935 0.0573785
v -0.0048875 0.0220195 0.0628475
v 0.0014265 0.0224985 0.0629905
v 0.0017135 0.0226615 0.0584905
v -0.0008285 0.0224575 0.0636795
v -0.0026535 0.0223715 0.0632835
v 0.0004285 0.0224215 0.0638855
v -0.0011415 0.0220035 0.0649275
v 0.0012945 0.0220975 0.0647005
v -0.0004715 0.0211365 0.0434055
v 0.0035225 0.0206135 0.0419015
v 0.0043355 0.0204695 0.0412845
v 0.0063045 0.0198465 0.0409285
v 0.0063045 0.0198465 0.0409285
v 0.0012255 0.0227885 0.0528945
v 0.0017045 0.0226935 0.0491875
v 0.0035555 0.0225305 0.0497025
v 0.0032445 0.0223815 0.0488015
v -0.0014665 0.0227095 0.0492595
v 0.0002925 0.0224325 0.0487025
v -0.0004465 0.0227825 0.0563005
v 0.0040125 0.0224605 0.0546145
v 0.0060195 0.0219535 0.0493225
v 0.0086695 0.0209075 0.0489735
v 0.0086695 0.0209075 0.0489735
v 0.0089475 0.0209305 0.0497405
v 0.0089475 0.0209305 0.0497405
v 0.0071295 0.0195415 0.0413045
v 0.0050085 0.0202685 0.0419765
v 0.0066845 0.0196205 0.0421805
v 0.0066845 0.0196205 0.0421805
v 0.0076745 0.0189665 0.0417335
v 0.0098785 0.0185125 0.0397755
v 0.0103775 0.0180805 0.0401795
v 0.0091815 0.0185735 0.0414555
v 0.0109965 0.0176865 0.0411975
v 0.0122595 0.0169455 0.0398035
v 0.0129515 0.0161985 0.0408255
v 0.0122665 0.0166275 0.0418135
v 0.0147495 0.0146235 0.0399375
v 0.0153905 0.0139055 0.0381505
v 0.0142705 0.0152915 0.0410925
v 0.0156215 0.0139095 0.0414135
v 0.0135615 0.0157915 0.0418785
v 0.0145865 0.0146735 0.0421665
v 0.0112735 0.0197655 0.0496965
v 0.0104505 0.0200805 0.0491005
v 0.0045555 0.0222865 0.0582335
v 0.0062625 0.0219245 0.0551135
v 0.0083875 0.0212035 0.0554075
v 0.0083875 0.0212035 0.0554075
v 0.0098685 0.0205525 0.0559705
v 0.0039945 0.0222455 0.0620315
v 0.0070615 0.0215085 0.0608885
v 0.0070615 0.0215085 0.0608885
v 0.0026185 0.0221875 0.0642635
v 0.0045105 0.0220755 0.0635265
v 0.0085395 0.0208835 0.0629495
v 0.0111455 0.0196365 0.0628205
v 0.0125375 0.0189675 0.0587195
v 0.0128375 0.0188475 0.0543805
v 0.0155115 0.0166995 0.0541195
v 0.0137045 0.0181815 0.0496295
v 0.0148125 0.0172745 0.0576175
v 0.0164695 0.0156555 0.0493675
v 0.0179395 0.0140025 0.0496785
v 0.0178825 0.0137225 0.0489045
v 0.0174795 0.0146025 0.0552295
v 0.0186705 0.0130085 0.0551695
v 0.0129055 0.0185395 0.0629865
v 0.0166315 0.0152685 0.0632755
v 0.0145455 0.0172605 0.0627225
v 0.0029985 0.0218475 0.0648035
v 0.0028105 0.0214935 0.0653905
v 0.0043975 0.0217825 0.0646215
v 0.0062005 0.0215925 0.0639345
v 0.0062005 0.0215925 0.0639345
v 0.0051105 0.0209595 0.0654735
v 0.0051105 0.0209595 0.0654735
v 0.0051105 0.0209595 0.0654735
v 0.0061145 0.0211735 0.0649175
v 0.0061145 0.0211735 0.0649175
v 0.0074795 0.0202345 0.0654565
v 0.0098825 0.0201695 0.0639355
v 0.0083785 0.0203905 0.0648765
v 0.0111865 0.0189905 0.0649305
v 0.0127635 0.0184895 0.0639865
v -0.0106455 0.0193715 0.0454605
v -0.0108565 0.0191935 0.0448065
v -0.0120905 0.0185285 0.0452585
v -0.0112775 0.0184545 0.0440715
v -0.0090115 0.0193835 0.0437745
v -0.0097885 0.0196045 0.0456585
v -0.0089555 0.0199845 0.0447025
v -0.0105325 0.0192155 0.0458765
v -0.0078025 0.0204335 0.0452655
v -0.0071675 0.0205835 0.0445135
v -0.0042575 0.0203825 0.0416135
v -0.0052505 0.0202555 0.0431645
v -0.0055045 0.0208685 0.0442795
v -0.0040755 0.0207425 0.0435185
v -0.0109595 0.0196055 0.0486835
v -0.0087495 0.0206115 0.0486315
v -0.0081005 0.0199975 0.0457345
v -0.0087105 0.0191315 0.0462955
v -0.0096665 0.0185215 0.0464275
v -0.0089715 0.0186525 0.0468705
v -0.0083835 0.0188565 0.0468225
v -0.0069455 0.0192235 0.0464145
v -0.0077525 0.0189595 0.0464675
v -0.0058975 0.0208855 0.0448325
v -0.0059815 0.0206245 0.0456395
v -0.0048865 0.0208355 0.0454455
v -0.0040455 0.0209905 0.0450475
v -0.0046675 0.0200585 0.0462635
v -0.0057555 0.0197545 0.0465215
v -0.0036625 0.0209055 0.0457635
v -0.0061675 0.0199125 0.0461635
v -0.0065015 0.0193205 0.0467345
v -0.0076345 0.0188255 0.0468595
v -0.0073945 0.0189025 0.0470775
v -0.0049315 0.0198065 0.0467905
v -0.0048965 0.0220865 0.0489535
v -0.0058545 0.0214925 0.0485975
v -0.0032365 0.0222165 0.0487825
v -0.0001865 0.0216345 0.0447365
v 0.0012195 0.0217325 0.0443505
v 0.0025155 0.0211495 0.0431715
v -0.0008975 0.0215105 0.0453635
v 0.0014425 0.0217565 0.0448785
v -0.0003595 0.0213805 0.0455125
v 0.0012765 0.0213525 0.0453215
v 0.0020215 0.0215435 0.0452275
v -0.0030095 0.0208735 0.0444205
v -0.0031075 0.0211625 0.0452755
v -0.0035835 0.0210715 0.0455365
v -0.0035685 0.0200995 0.0463345
v -0.0039795 0.0199695 0.0465075
v -0.0021605 0.0212385 0.0449985
v -0.0013765 0.0214495 0.0451225
v -0.0019905 0.0211615 0.0455505
v -0.0019765 0.0201195 0.0464325
v -0.0032505 0.0200285 0.0469215
v -0.0018875 0.0208725 0.0458525
v -0.0025335 0.0200235 0.0466175
v -0.0003235 0.0205455 0.0459745
v -3.05e-05 0.0202075 0.0464615
v -0.0010945 0.0201155 0.0468675
v 0.0012265 0.0202345 0.0459225
v 0.0014235 0.0200815 0.0463305
v -3.75e-05 0.0203345 0.0471735
v 0.0018875 0.0203015 0.0469425
v 0.0031405 0.0215775 0.0443345
v 0.0041715 0.0207355 0.0430485
v 0.0051875 0.0206395 0.0431835
v 0.0028425 0.0216075 0.0449985
v 0.0030955 0.0213005 0.0455725
v 0.0046115 0.0214065 0.0447545
v 0.0052495 0.0211715 0.0441985
v 0.0046355 0.0211355 0.0455115
v 0.0040365 0.0206375 0.0463455
v 0.0032815 0.0206265 0.0463405
v 0.0047295 0.0203475 0.0464235
v 0.0072555 0.0204685 0.0445205
v 0.0063105 0.0208785 0.0447935
v 0.0057545 0.0198545 0.0460425
v 0.0057875 0.0205455 0.0455045
v 0.0072255 0.0204025 0.0450835
v 0.0072855 0.0201155 0.0454675
v 0.0023955 0.0204725 0.0462135
v 0.0022565 0.0203085 0.0466845
v 0.0034845 0.0205355 0.0466775
v 0.0034395 0.0213005 0.0479035
v 0.0049565 0.0218245 0.0487355
v 0.0068925 0.0190975 0.0461145
v 0.0067045 0.0215445 0.0488605
v 0.0061475 0.0206015 0.0480715
v 0.0082895 0.0205685 0.0484025
v 0.0082895 0.0205685 0.0484025
v 0.0062555 0.0192655 0.0463195
v 0.0048185 0.0202535 0.0469355
v 0.0067575 0.0188865 0.0465775
v 0.0078825 0.0188875 0.0422095
v 0.0081665 0.0189105 0.0425255
v 0.0098905 0.0184055 0.0423155
v 0.0106545 0.0180835 0.0428205
v 0.0079035 0.0196585 0.0434025
v 0.0079035 0.0196585 0.0434025
v 0.0095225 0.0187565 0.0431215
v 0.0086355 0.0200775 0.0446175
v 0.0086355 0.0200775 0.0446175
v 0.0081985 0.0203185 0.0454495
v 0.0086145 0.0202605 0.0451325
v 0.0097015 0.0188865 0.0438625
v 0.0091495 0.0198365 0.0450215
v 0.0091495 0.0198365 0.0450215
v 0.0096185 0.0190065 0.0448885
v 0.0103035 0.0181205 0.0447735
v 0.0114735 0.0172565 0.0435405
v 0.0110285 0.0174355 0.0442195
v 0.0114905 0.0169805 0.0447555
v 0.0126155 0.0165945 0.0437455
v 0.0122685 0.0164785 0.0446335
v 0.0131475 0.0162215 0.0440375
v 0.0138215 0.0156875 0.0428945
v 0.0143165 0.0159745 0.0445075
v 0.0154025 0.0143195 0.0432335
v 0.0155275 0.0151985 0.0445165
v 0.0162915 0.0134065 0.0424295
v 0.0166955 0.0130905 0.0432835
v 0.0084365 0.0196975 0.0459795
v 0.0088265 0.0201105 0.0455915
v 0.0090575 0.0196555 0.0457805
v 0.0090575 0.0196555 0.0457805
v 0.0093345 0.0186255 0.0454905
v 0.0082945 0.0186855 0.0463855
v 0.0082945 0.0186855 0.0463855
v 0.0082945 0.0186855 0.0463855
v 0.0101455 0.0198665 0.0485775
v 0.0074815 0.0188665 0.0464395
v 0.0086855 0.0183535 0.0460195
v 0.0089355 0.0176585 0.0458335
v 0.0085775 0.0175945 0.0461825
v 0.0100495 0.0180245 0.0452385
v 0.0101535 0.0171705 0.0456035
v 0.0118585 0.0162995 0.0451155
v 0.0099885 0.0169385 0.0459705
v 0.0109855 0.0158645 0.0457375
v 0.0103855 0.0176985 0.0474635
v 0.0127695 0.0184185 0.0487015
v 0.0116875 0.0155345 0.0456925
v 0.0133605 0.0160845 0.0450275
v 0.0115805 0.0153585 0.0460165
v 0.0128775 0.0149225 0.0458515
v 0.0141705 0.0154365 0.0454585
v 0.0143155 0.0146555 0.0460835
v 0.0124495 0.0149485 0.0463315
v 0.0112725 0.0156445 0.0465005
v 0.0128315 0.0147235 0.0462055
v 0.0135285 0.0145315 0.0463565
v 0.0131435 0.0146515 0.0466945
v 0.0141365 0.0143355 0.0465155
v 0.0146985 0.0156615 0.0449775
v 0.0156215 0.0151875 0.0450655
v 0.0152135 0.0152995 0.0453965
v 0.0165885 0.0137755 0.0444045
v 0.0162745 0.0143335 0.0451915
v 0.0166515 0.0136055 0.0451705
v 0.0151595 0.0149825 0.0456965
v 0.0158825 0.0145475 0.0455685
v 0.0153205 0.0140205 0.0460655
v 0.0164515 0.0134075 0.0455885
v 0.0151095 0.0138295 0.0463805
v 0.0151705 0.0136755 0.0467585
v 0.0145765 0.0141855 0.0467575
v 0.0149925 0.0140215 0.0471175
v 0.0159675 0.0129085 0.0469465
v 0.0157065 0.0131245 0.0462435
v 0.0163555 0.0126675 0.0462065
v 0.0159005 0.0127905 0.0466225
v 0.0144675 0.0173215 0.0489665
v 0.0137375 0.0172845 0.0484225
v 0.0167675 0.0148985 0.0486655
v 0.0150555 0.0148425 0.0477415
v 0.0164705 0.0131705 0.0475815
v -0.0089175 0.0190315 0.0475955
v -0.0070115 0.0198905 0.0478495
v -0.0059765 0.0196635 0.0471995
v -0.0066555 0.0195855 0.0474585
v -0.0037825 0.0206155 0.0477005
v -0.0056935 0.0201675 0.0476935
v -0.0047285 0.0200695 0.0473655
v -0.0024635 0.0204385 0.0475045
v -0.0017325 0.0201755 0.0471315
v -0.0008575 0.0206775 0.0475955
v 0.0008565 0.0208065 0.0475745
v 0.0030775 0.0207615 0.0473585
v 0.0040055 0.0205805 0.0471315
v 0.0052865 0.0203705 0.0475405
v 0.0071505 0.0190635 0.0471345
v 0.0082435 0.0190905 0.0474515
v 0.0082435 0.0190905 0.0474515
v 0.0077545 0.0187975 0.0469875
v 0.0083255 0.0184115 0.0468815
v 0.0083255 0.0184115 0.0468815
v 0.0083255 0.0184115 0.0468815
v 0.0083255 0.0184115 0.0468815
v 0.0086865 0.0178975 0.0468665
v 0.0085225 0.0182865 0.0463835
v 0.0085225 0.0182865 0.0463835
v 0.0093825 0.0173505 0.0467715
v 0.0091925 0.0182085 0.0472945
v 0.0101185 0.0168705 0.0466385
v 0.0131565 0.0153435 0.0472635
v 0.0126225 0.0152485 0.0469445
v 0.0140375 0.0146525 0.0471615
v -0.0207345 0.0058185 0.0080665
v -0.0206635 0.0069195 0.0095975
v -0.0213205 0.0031495 0.0091025
v -0.0209065 0.0047485 0.0095865
v -0.0207565 0.0056815 0.0094395
v -0.0205245 0.0060485 0.0104995
v -0.0206125 0.0070275 0.0121575
v -0.0206525 0.0061895 0.0116255
v -0.0207935 0.0052865 0.0105365
v -0.0212035 0.0039685 0.0102425
v -0.0214825 0.0025635 0.0112555
v -0.0209855 0.0045205 0.0115535
v -0.0214765 0.0012815 0.0089925
v -0.0214605 0.0002385 0.0100125
v -0.0213565 5.35e-05 0.0111965
v -0.0208455 0.0037675 0.0123265
v -0.0212005 0.0025115 0.0124555
v -0.0214065 0.0012415 0.0119365
v -0.0213905 0.0002805 0.0130365
v -0.0214985 -0.0015285 0.0113945
v -0.0213885 -0.0015835 0.0127855
v -0.0214065 -0.0010195 0.0140565
v -0.0205295 0.0075705 0.0149215
v -0.0205045 0.0053595 0.0125175
v -0.0204575 0.0059085 0.0129485
v -0.0205015 0.0061475 0.0136005
v -0.0205805 0.0049535 0.0128855
v -0.0211745 0.0036685 0.0135245
v -0.0205595 0.0061135 0.0148285
v -0.0210915 0.0043415 0.0142515
v -0.0208485 0.0049745 0.0148165
v -0.0201455 0.0090255 0.0159025
v -0.0199665 0.0081905 0.0169765
v -0.0204305 0.0071895 0.0163095
v -0.0203225 0.0069725 0.0178685
v -0.0205915 0.0056375 0.0182285
v -0.0207755 0.0052675 0.0157815
v -0.0213945 0.0021455 0.0138335
v -0.0210225 0.0030195 0.0147845
v -0.0208545 0.0039095 0.0153575
v -0.0212685 0.0012675 0.0152655
v -0.0213605 0.0007365 0.0159505
v -0.0211715 0.0031055 0.0159535
v -0.0213005 0.0006435 0.0142705
v -0.0211565 6.35e-05 0.0147465
v -0.0213025 -0.0011325 0.0154085
v -0.0209195 0.0047205 0.0172725
v -0.0209585 0.0039115 0.0176735
v -0.0211545 0.0035505 0.0167545
v -0.0213985 0.0017315 0.0169555
v -0.0214255 0.0022505 0.0175075
v -0.0213085 0.0002715 0.0180165
v -0.0213905 -0.0009385 0.0170025
v -0.0212285 0.0025805 0.0184065
v -0.0213265 0.0015235 0.0189485
v -0.0205505 0.0043335 0.0186985
v -0.0211515 -0.0002975 0.0191965
v -0.0211995 -0.0022475 0.0154525
v -0.0212525 -0.0027815 0.0169935
v -0.0211215 -0.0037105 0.0164165
v -0.0212145 -0.0011165 0.0185935
v -0.0209175 -0.0024105 0.0181815
v -0.0208375 -0.0035825 0.0182925
v -0.0211745 -0.0034845 0.0194665
v -0.0213715 -0.0017335 0.0197975
v -0.0208365 -0.0048065 0.0187925
v -0.0206095 -0.0055585 0.0208745
v -0.0211045 -0.0031975 0.0206455
v -0.0189615 0.0095665 0.0192555
v -0.0191905 0.0087875 0.0192425
v -0.0195355 0.0074355 0.0196315
v -0.0201095 0.0064525 0.0196945
v -0.0194365 0.0088305 0.0202155
v -0.0184595 0.0107415 0.0215125
v -0.0197915 0.0078745 0.0217155
v -0.0188965 0.0096725 0.0228045
v -0.0198985 0.0072615 0.0208605
v -0.0205375 0.0052465 0.0195725
v -0.0203545 0.0062025 0.0209305
v -0.0209365 0.0036455 0.0195725
v -0.0209325 0.0045575 0.0208585
v -0.0210125 0.0031125 0.0200055
v -0.0211615 0.0019395 0.0197065
v -0.0207575 0.0033535 0.0216445
v -0.0207185 0.0020695 0.0203515
v -0.0212355 0.0006825 0.0197565
v -0.0207985 0.0005055 0.0206155
v -0.0205625 0.0013265 0.0208195
v -0.0205965 0.0011135 0.0210925
v -0.0208745 0.0013355 0.0218305
v -0.0206115 0.0049625 0.0220065
v -0.0204905 0.0057065 0.0227265
v -0.0198715 0.0071515 0.0232925
v -0.0206535 0.0049855 0.0235635
v -0.0208725 0.0034825 0.0231385
v -0.0209365 0.0025445 0.0226135
v -0.0208125 0.0010155 0.0230045
v -0.0209265 0.0035165 0.0248945
v -0.0211165 0.0021035 0.0235695
v -0.0212005 0.0024725 0.0245095
v -0.0204625 0.0053195 0.0299235
v -0.0202015 0.0067325 0.0287375
v -0.0205725 0.0055755 0.0284145
v -0.0182875 0.0108695 0.0233385
v -0.0185455 0.0100465 0.0235955
v -0.0186905 0.0090595 0.0234885
v -0.0192395 0.0078545 0.0239265
v -0.0185475 0.0098465 0.0243585
v -0.0179545 0.0109745 0.0247745
v -0.0192705 0.0087355 0.0250055
v -0.0174335 0.0121405 0.0266455
v -0.0183575 0.0106535 0.0265415
v -0.0188455 0.0095375 0.0258815
v -0.0196005 0.0078555 0.0262635
v -0.0198785 0.0073135 0.0254585
v -0.0196735 0.0078045 0.0274565
v -0.0191805 0.0091335 0.0267135
v -0.0178265 0.0109885 0.0273455
v -0.0181855 0.0103095 0.0281155
v -0.0191535 0.0090515 0.0281945
v -0.0199435 0.0068005 0.0244565
v -0.0206065 0.0055105 0.0240495
v -0.0202295 0.0060855 0.0249605
v -0.0200485 0.0060395 0.0266005
v -0.0206445 0.0041455 0.0258145
v -0.0209105 0.0030965 0.0259745
v -0.0207275 0.0042805 0.0272015
v -0.0208955 0.0037445 0.0270415
v -0.0211665 0.0022365 0.0277135
v -0.0209095 0.0037815 0.0291655
v -0.0207665 0.0041135 0.0304465
v -0.0212375 -0.0005425 0.0201635
v -0.0209635 0.0001465 0.0207545
v -0.0211305 -0.0007545 0.0208795
v -0.0212675 -0.0003135 0.0219925
v -0.0212755 -0.0010765 0.0215705
v -0.0211235 5e-07 0.0228245
v -0.0212865 -0.0007955 0.0228945
v -0.0211445 -0.0022605 0.0212425
v -0.0208705 -0.0034215 0.0217055
v -0.0207555 -0.0042755 0.0217575
v -0.0203775 -0.0055255 0.0215895
v -0.0211795 -0.0026725 0.0231335
v -0.0205905 -0.0053305 0.0225265
v -0.0213225 0.0006275 0.0241915
v -0.0213665 -0.0005775 0.0237825
v -0.0209465 0.0017335 0.0262105
v -0.0211665 -0.0006475 0.0257115
v -0.0213555 -0.0017045 0.0250035
v -0.0208575 -0.0038825 0.0236685
v -0.0212145 -0.0029925 0.0241565
v -0.0206435 -0.0038275 0.0246025
v -0.0210395 -0.0029755 0.0253895
v -0.0210225 -0.0025435 0.0261545
v -0.0205775 -0.0049365 0.0235125
v -0.0202845 -0.0062765 0.0225305
v -0.0204085 -0.0056435 0.0251825
v -0.0201995 -0.0065385 0.0243825
v -0.0207725 -0.0040055 0.0258555
v -0.0196625 -0.0070075 0.0256685
v -0.0201835 -0.0058745 0.0262815
v -0.0212205 0.0003855 0.0260805
v -0.0211205 0.0008975 0.0272465
v -0.0208545 -0.0015995 0.0264525
v -0.0209345 -0.0020485 0.0273815
v -0.0210645 -0.0006375 0.0274595
v -0.0211205 0.0007075 0.0289975
v -0.0211705 -0.0017335 0.0287125
v -0.0208085 -0.0029895 0.0275325
v -0.0210815 0.0024555 0.0284735
v -0.0209105 0.0001695 0.0303045
v -0.0211515 0.0021665 0.0302945
v -0.0210475 0.0009925 0.0306335
v -0.0210225 -0.0008465 0.0312375
v -0.0211305 -0.0014595 0.0301325
v -0.0203905 -0.0045695 0.0270485
v -0.0203305 -0.0058595 0.0279195
v -0.0206125 -0.0044425 0.0290135
v -0.0197075 -0.0079425 0.0275225
v -0.0201425 -0.0058535 0.0300575
v -0.0198625 -0.0069735 0.0287775
v -0.0206225 -0.0043975 0.0302005
v -0.0208835 -0.0033955 0.0312585
v -0.0198755 -0.0067755 0.0304715
v -0.0193805 -0.0080305 0.0297985
v -0.0192735 -0.0082995 0.0307305
v -0.0202375 -0.0063185 0.0315655
v -0.0205575 -0.0049055 0.0327495
v -0.0200515 -0.0067925 0.0328165
v -0.0198595 -0.0073375 0.0316225
v -0.0196455 -0.0078535 0.0328065
v -0.0191155 -0.0086545 0.0318285
v -0.0212575 -0.0003915 0.0089175
v -0.0213885 -0.0013545 0.0093705
v -0.0211905 -0.0037235 0.0103665
v -0.0213295 -0.0019235 0.0101045
v -0.0205095 -0.0055815 0.0099075
v -0.0208735 -0.0047355 0.0111245
v -0.0204565 -0.0063845 0.0113645
v -0.0200985 -0.0070045 0.0105755
v -0.0210475 -0.0043925 0.0131835
v -0.0188815 -0.0099575 0.0114825
v -0.0199525 -0.0078505 0.0122115
v -0.0192375 -0.0092135 0.0119755
v -0.0212515 -0.0030765 0.0122065
v -0.0211055 -0.0026415 0.0132665
v -0.0208365 -0.0042475 0.0148115
v -0.0201425 -0.0066165 0.0136755
v -0.0207275 -0.0051415 0.0144795
v -0.0203215 -0.0067875 0.0152215
v -0.0191105 -0.0094265 0.0137305
v -0.0185075 -0.0102415 0.0131215
v -0.0197415 -0.0080445 0.0145165
v -0.0192335 -0.0088645 0.0146065
v -0.0193295 -0.0086675 0.0158485
v -0.0182825 -0.0105155 0.0146545
v -0.0171715 -0.0124405 0.0097615
v -0.0172065 -0.0124115 0.0105025
v -0.0173955 -0.0118325 0.0119735
v -0.0163895 -0.0127505 0.0121685
v -0.0157195 -0.0140375 0.0105255
v -0.0155435 -0.0136845 0.0116705
v -0.0150415 -0.0143135 0.0112445
v -0.0144885 -0.0146495 0.0123205
v -0.0179075 -0.0111145 0.0136045
v -0.0172685 -0.0121445 0.0138225
v -0.0164795 -0.0130085 0.0137875
v -0.0173135 -0.0120775 0.0147815
v -0.0180225 -0.0111795 0.0153505
v -0.0154795 -0.0140695 0.0129695
v -0.0153215 -0.0143975 0.0139885
v -0.0154715 -0.0139085 0.0149735
v -0.0164225 -0.0131795 0.0160415
v -0.0146345 -0.0148655 0.0136855
v -0.0137055 -0.0154655 0.0130665
v -0.0203355 -0.0064255 0.0163385
v -0.0206835 -0.0050825 0.0171295
v -0.0202375 -0.0053685 0.0178165
v -0.0208515 -0.0033005 0.0178405
v -0.0200015 -0.0065215 0.0178525
v -0.0203125 -0.0060865 0.0190225
v -0.0199485 -0.0075775 0.0172825
v -0.0185305 -0.0098595 0.0152625
v -0.0184365 -0.0102645 0.0161235
v -0.0195435 -0.0085845 0.0172955
v -0.0191065 -0.0093035 0.0178885
v -0.0193975 -0.0084525 0.0181335
v -0.0178435 -0.0112575 0.0164595
v -0.0183545 -0.0103155 0.0178465
v -0.0196085 -0.0074825 0.0180265
v -0.0200775 -0.0066245 0.0193205
v -0.0194925 -0.0080995 0.0190455
v -0.0203395 -0.0065175 0.0210525
v -0.0199665 -0.0073085 0.0205395
v -0.0186855 -0.0099425 0.0192265
v -0.0193585 -0.0089555 0.0205455
v -0.0194905 -0.0082025 0.0213935
v -0.0189385 -0.0092195 0.0214795
v -0.0169665 -0.0119215 0.0183275
v -0.0183705 -0.0105905 0.0202535
v -0.0171835 -0.0122485 0.0158955
v -0.0173105 -0.0119505 0.0172895
v -0.0165105 -0.0125875 0.0178405
v -0.0156355 -0.0137395 0.0169065
v -0.0151175 -0.0142165 0.0164865
v -0.0140825 -0.0151705 0.0150295
v -0.0165085 -0.0129665 0.0198545
v -0.0144395 -0.0152325 0.0092035
v -0.0137885 -0.0154435 0.0105545
v -0.0127895 -0.0171015 0.0098515
v -0.0129815 -0.0164635 0.0105525
v -0.0129315 -0.0163215 0.0115785
v -0.0199595 -0.0075365 0.0223975
v -0.0197855 -0.0076525 0.0244065
v -0.0194795 -0.0085645 0.0226225
v -0.0184835 -0.0103755 0.0232095
v -0.0193245 -0.0086355 0.0250125
v -0.0176135 -0.0117275 0.0217435
v -0.0184775 -0.0103905 0.0261555
v -0.0194725 -0.0080475 0.0259315
v -0.0191545 -0.0093455 0.0269895
v -0.0182755 -0.0108965 0.0245895
v -0.0181175 -0.0109725 0.0235635
v -0.0190115 -0.0088445 0.0283875
v -0.0135685 -0.0154215 0.0142155
v -0.0144365 -0.0150335 0.0166025
v -0.0131405 -0.0162555 0.0167935
v -0.0141185 -0.0152415 0.0177065
v -0.0150005 -0.0144895 0.0192195
v -0.0160705 -0.0137315 0.0219125
v -0.0145555 -0.0150625 0.0208905
v -0.0142635 -0.0152235 0.0186915
v -0.0120675 -0.0169765 0.0190415
v -0.0142065 -0.0151205 0.0198755
v -0.0131095 -0.0162285 0.0203545
v -0.0093805 -0.0193105 0.0107175
v -0.0117815 -0.0172915 0.0111045
v -0.0107745 -0.0183635 0.0112645
v -0.0109695 -0.0177245 0.0119635
v -0.0126035 -0.0163865 0.0121905
v -0.0130575 -0.0160395 0.0137805
v -0.0121455 -0.0164665 0.0125695
v -0.0123755 -0.0167815 0.0145895
v -0.0111325 -0.0173075 0.0126785
v -0.0094645 -0.0183195 0.0127865
v -0.0106545 -0.0177525 0.0143895
v -0.0095055 -0.0181185 0.0135945
v -0.0058115 -0.0207035 0.0114815
v -0.0088255 -0.0193825 0.0121545
v -0.0066155 -0.0203585 0.0121995
v -0.0076915 -0.0194855 0.0134855
v -0.0083345 -0.0190375 0.0136775
v -0.0068005 -0.0198785 0.0133745
v -0.0059375 -0.0202795 0.0129525
v -0.0040565 -0.0210275 0.0121935
v -0.0127395 -0.0162935 0.0155765
v -0.0110905 -0.0176575 0.0155405
v -0.0117805 -0.0172125 0.0169005
v -0.0126785 -0.0162365 0.0177675
v -0.0104445 -0.0179675 0.0154475
v -0.0093725 -0.0186955 0.0151845
v -0.0108715 -0.0177345 0.0171135
v -0.0099335 -0.0181015 0.0165005
v -0.0087665 -0.0189065 0.0160175
v -0.0095985 -0.0183055 0.0174725
v -0.0116395 -0.0172165 0.0176745
v -0.0105505 -0.0179925 0.0184535
v -0.0079335 -0.0192365 0.0170805
v -0.0098685 -0.0182785 0.0194855
v -0.0096365 -0.0184605 0.0205725
v -0.0085135 -0.0187345 0.0178345
v -0.0080385 -0.0188925 0.0192805
v -0.0087985 -0.0188615 0.0201025
v -0.0072775 -0.0196165 0.0148505
v -0.0066825 -0.0198745 0.0142655
v -0.0070605 -0.0196005 0.0164225
v -0.0062575 -0.0197985 0.0151475
v -0.0060165 -0.0200035 0.0163175
v -0.0060025 -0.0200665 0.0136065
v -0.0053495 -0.0198775 0.0146125
v -0.0047715 -0.0203195 0.0130385
v -0.0033155 -0.0206875 0.0145475
v -0.0042555 -0.0202555 0.0149495
v -0.0047845 -0.0203035 0.0156445
v -0.0072015 -0.0194345 0.0193985
v -0.0055125 -0.0202255 0.0185535
v -0.0060195 -0.0199515 0.0192095
v -0.0033445 -0.0206015 0.0159825
v -0.0029095 -0.0207795 0.0176665
v -0.0165995 -0.0127375 0.0234795
v -0.0177355 -0.0116615 0.0248305
v -0.0169645 -0.0124485 0.0251025
v -0.0158805 -0.0137435 0.0247955
v -0.0162995 -0.0132445 0.0260615
v -0.0167195 -0.0125775 0.0267725
v -0.0156445 -0.0135495 0.0277145
v -0.0154165 -0.0139475 0.0233315
v -0.0143935 -0.0151255 0.0221465
v -0.0130105 -0.0163075 0.0219175
v -0.0139395 -0.0156125 0.0231915
v -0.0151205 -0.0142605 0.0244705
v -0.0140325 -0.0154025 0.0239575
v -0.0130075 -0.0163275 0.0235355
v -0.0145035 -0.0146735 0.0246175
v -0.0146795 -0.0148505 0.0264265
v -0.0144095 -0.0149735 0.0254755
v -0.0137355 -0.0151525 0.0246585
v -0.0124905 -0.0164795 0.0243405
v -0.0130855 -0.0157505 0.0247385
v -0.0118405 -0.0170625 0.0236745
v -0.0130315 -0.0163655 0.0259575
v -0.0121875 -0.0167085 0.0251415
v -0.0114925 -0.0174145 0.0266285
v -0.0120025 -0.0170665 0.0267895
v -0.0181855 -0.0108645 0.0283345
v -0.0187695 -0.0096565 0.0294455
v -0.0179035 -0.0110035 0.0299935
v -0.0174335 -0.0119025 0.0278635
v -0.0167605 -0.0124465 0.0292405
v -0.0160335 -0.0132215 0.0283485
v -0.0169815 -0.0123075 0.0303325
v -0.0161335 -0.0130525 0.0292095
v -0.0155025 -0.0140905 0.0290575
v -0.0154415 -0.0138215 0.0298255
v -0.0184445 -0.0097445 0.0308905
v -0.0177905 -0.0107855 0.0309205
v -0.0185345 -0.0099865 0.0321005
v -0.0180485 -0.0108015 0.0319425
v -0.0188875 -0.0089535 0.0326365
v -0.0183895 -0.0095555 0.0332065
v -0.0177405 -0.0112805 0.0328895
v -0.0172815 -0.0117145 0.0314015
v -0.0170105 -0.0119525 0.0322825
v -0.0167175 -0.0125945 0.0316845
v -0.0158915 -0.0133965 0.0307115
v -0.0167115 -0.0123615 0.0329605
v -0.0159825 -0.0135135 0.0325775
v -0.0154975 -0.0139625 0.0323335
v -0.0152365 -0.0138485 0.0311005
v -0.0147725 -0.0142045 0.0317155
v -0.0143585 -0.0150105 0.0280735
v -0.0136915 -0.0157355 0.0277665
v -0.0147825 -0.0148635 0.0295145
v -0.0126105 -0.0164855 0.0287015
v -0.0130065 -0.0160325 0.0293965
v -0.0127935 -0.0162465 0.0271045
v -0.0116225 -0.0172685 0.0287515
v -0.0147465 -0.0142355 0.0313715
v -0.0141075 -0.0150785 0.0314205
v -0.0104725 -0.0181495 0.0276415
v -0.0126805 -0.0163035 0.0305395
v -0.0135605 -0.0154975 0.0311985
v -0.0149095 -0.0147095 0.0328735
v -0.0136695 -0.0156995 0.0322805
v -0.0124885 -0.0160655 0.0312885
v -0.0123725 -0.0160515 0.0318255
v -0.0116605 -0.0169765 0.0311395
v -0.0115175 -0.0167445 0.0322025
v -0.0108115 -0.0175675 0.0305095
v -0.0105995 -0.0178185 0.0319945
v -0.0111395 -0.0173515 0.0213335
v -0.0115475 -0.0169015 0.0221965
v -0.0119095 -0.0169675 0.0230805
v -0.0106795 -0.0175695 0.0225275
v -0.0099235 -0.0179995 0.0216215
v -0.0085975 -0.0189295 0.0215715
v -0.0093945 -0.0181775 0.0227185
v -0.0106355 -0.0178685 0.0236025
v -0.0113825 -0.0171325 0.0241655
v -0.0106885 -0.0175045 0.0257205
v -0.0101235 -0.0181275 0.0251715
v -0.0092935 -0.0186645 0.0254825
v -0.0093095 -0.0186355 0.0237165
v -0.0101635 -0.0181925 0.0263525
v -0.0083775 -0.0188825 0.0231305
v -0.0068345 -0.0196675 0.0224625
v -0.0069485 -0.0196325 0.0235705
v -0.0080855 -0.0193255 0.0247975
v -0.0076985 -0.0192085 0.0256515
v -0.0073735 -0.0196725 0.0206095
v -0.0072955 -0.0194775 0.0215855
v -0.0053365 -0.0201025 0.0208425
v -0.0060855 -0.0198595 0.0218005
v -0.0038995 -0.0203795 0.0195025
v -0.0024395 -0.0208085 0.0186425
v -0.0036065 -0.0205825 0.0209475
v -0.0024565 -0.0208055 0.0196205
v -0.0049255 -0.0203025 0.0217205
v -0.0045255 -0.0203285 0.0225375
v -0.0052355 -0.0199805 0.0228335
v -0.0059825 -0.0199235 0.0248045
v -0.0047715 -0.0200165 0.0237785
v -0.0032495 -0.0207455 0.0225365
v -0.0021225 -0.0207185 0.0213915
v -0.0035065 -0.0207685 0.0231805
v -0.0035635 -0.0206805 0.0242885
v -0.0104495 -0.0178975 0.0294265
v -0.0089605 -0.0186645 0.0276425
v -0.0094415 -0.0185595 0.0289995
v -0.0082245 -0.0188145 0.0261595
v -0.0082475 -0.0186495 0.0281965
v -0.0077915 -0.0190705 0.0272465
v -0.0064675 -0.0198675 0.0260715
v -0.0065525 -0.0196545 0.0272005
v -0.0094735 -0.0185255 0.0301105
v -0.0088295 -0.0188325 0.0294025
v -0.0097995 -0.0180775 0.0310485
v -0.0087105 -0.0189165 0.0308805
v -0.0077295 -0.0187895 0.0283775
v -0.0073755 -0.0193255 0.0293175
v -0.0063175 -0.0197755 0.0285515
v -0.0063545 -0.0198635 0.0291965
v -0.0075065 -0.0194425 0.0317555
v -0.0063225 -0.0198725 0.0301815
v -0.0044395 -0.0204495 0.0253365
v -0.0053595 -0.0199825 0.0269215
v -0.0039265 -0.0205865 0.0262365
v -0.0038935 -0.0203285 0.0273335
v -0.0018435 -0.0209995 0.0247775
v -0.0007145 -0.0209525 0.0260645
v -0.0017805 -0.0208985 0.0274565
v -0.0051035 -0.0202755 0.0288835
v -0.0037085 -0.0205095 0.0288665
v -0.0041205 -0.0201565 0.0300795
v -0.0045655 -0.0201175 0.0305095
v -0.0032325 -0.0203605 0.0295395
v -0.0026285 -0.0204525 0.0284705
v -0.0021475 -0.0204055 0.0290245
v -0.0010355 -0.0207205 0.0292135
v -0.0187985 0.0096755 0.0306745
v -0.0176215 0.0111345 0.0296955
v -0.0185945 0.0096675 0.0293965
v -0.0176685 0.0108575 0.0308385
v -0.0181735 0.0099595 0.0313555
v -0.0173495 0.0112155 0.0317185
v -0.0179515 0.0103935 0.0319715
v -0.0177025 0.0115205 0.0326195
v -0.0171605 0.0122455 0.0322025
v -0.0183205 0.0104295 0.0326105
v -0.0193795 0.0083065 0.0297865
v -0.0198355 0.0066105 0.0301565
v -0.0195665 0.0081845 0.0307075
v -0.0195195 0.0083235 0.0314835
v -0.0201945 0.0061645 0.0313455
v -0.0205495 0.0053495 0.0310705
v -0.0200475 0.0061305 0.0320195
v -0.0203165 0.0037955 0.0322415
v -0.0187915 0.0092275 0.0316355
v -0.0192455 0.0088015 0.0322165
v -0.0201925 0.0059805 0.0333165
v -0.0194815 0.0079965 0.0331515
v -0.0188555 0.0095465 0.0329135
v -0.0185535 0.0097725 0.0334515
v -0.0188295 0.0089135 0.0334655
v -0.0193705 0.0081485 0.0341345
v -0.0188645 0.0095165 0.0346585
v -0.0202355 0.0044055 0.0328185
v -0.0203805 0.0055525 0.0347045
v -0.0196885 0.0069835 0.0350615
v -0.0171225 0.0117615 0.0274715
v -0.0173005 0.0118585 0.0291635
v -0.0182165 0.0101275 0.0290165
v -0.0168685 0.0127335 0.0304505
v -0.0173715 0.0117275 0.0305855
v -0.0167965 0.0126835 0.0311995
v -0.0160565 0.0138745 0.0317465
v -0.0165435 0.0132225 0.0318075
v -0.0171725 0.0122605 0.0339565
v -0.0181895 0.0106855 0.0344805
v -0.0173725 0.0116925 0.0354755
v -0.0163865 0.0129505 0.0352125
v -0.0151505 0.0146965 0.0368435
v -0.0159085 0.0136865 0.0355665
v -0.0161425 0.0137105 0.0367525
v -0.0154745 0.0143235 0.0378365
v -0.0173835 0.0119625 0.0362535
v -0.0164995 0.0130275 0.0379565
v -0.0194585 0.0077875 0.0352215
v -0.0190485 0.0085755 0.0354725
v -0.0182255 0.0102405 0.0357915
v -0.0189355 0.0091905 0.0363035
v -0.0185335 0.0101635 0.0364625
v -0.0186445 0.0096615 0.0354295
v -0.0199025 0.0071565 0.0359885
v -0.0201625 0.0058865 0.0356645
v -0.0196095 0.0078795 0.0369045
v -0.0200965 0.0065525 0.0372415
v -0.0203895 0.0054025 0.0371415
v -0.0175665 0.0116575 0.0381575
v -0.0185125 0.0099525 0.0381855
v -0.0188375 0.0091415 0.0376045
v -0.0179465 0.0101955 0.0389015
v -0.0196685 0.0074845 0.0379495
v -0.0193835 0.0083235 0.0385505
v -0.0194585 0.0077295 0.0395855
v -0.0189995 0.0086795 0.0393295
v -0.0191115 0.0085745 0.0407055
v -0.0154275 0.0145355 0.0322865
v -0.0156865 0.0140045 0.0335115
v -0.0153105 0.0145375 0.0343505
v -0.0145405 0.0152315 0.0358775
v -0.0141305 0.0154485 0.0365905
v -0.0206725 0.0036685 0.0316375
v -0.0207585 0.0028375 0.0317675
v -0.0204025 0.0032575 0.0325485
v -0.0208435 0.0022655 0.0331915
v -0.0208755 0.0024735 0.0311725
v -0.0208945 0.0033745 0.0337525
v -0.0207195 0.0044875 0.0344415
v -0.0203705 0.0045585 0.0356985
v -0.0204425 0.0037105 0.0353555
v -0.0209335 0.0028165 0.0346735
v -0.0209825 0.0023505 0.0340145
v -0.0206495 0.0014195 0.0337205
v -0.0208995 0.0013455 0.0347245
v -0.0207465 0.0007245 0.0354565
v -0.0208415 0.0002285 0.0349335
v -0.0203725 0.0024865 0.0353535
v -0.0206635 0.0016505 0.0355465
v -0.0206925 0.0023025 0.0371245
v -0.0210415 0.0010265 0.0364735
v -0.0211105 0.0003215 0.0364635
v -0.0208795 -0.0007835 0.0360955
v -0.0210505 -0.0016275 0.0377765
v -0.0208335 0.0017565 0.0314635
v -0.0206105 0.0008775 0.0313775
v -0.0206405 1.85e-05 0.0314425
v -0.0209365 0.0011885 0.0326775
v -0.0208985 0.0004625 0.0325845
v -0.0210575 -0.0011135 0.0323185
v -0.0205675 0.0004685 0.0339835
v -0.0209845 -0.0001655 0.0333205
v -0.0206935 -0.0001305 0.0341315
v -0.0207805 -0.0006785 0.0338565
v -0.0209075 -0.0021525 0.0324545
v -0.0207875 -0.0038155 0.0327245
v -0.0204895 -0.0021825 0.0335655
v -0.0205955 -0.0014165 0.0347415
v -0.0205635 -0.0036335 0.0335235
v -0.0208535 -0.0030145 0.0351875
v -0.0205495 -0.0042805 0.0331985
v -0.0197285 -0.0058025 0.0333995
v -0.0203515 -0.0047195 0.0340235
v -0.0206555 -0.0039935 0.0347505
v -0.0201855 -0.0059675 0.0346775
v -0.0202835 -0.0058305 0.0355095
v -0.0201835 -0.0059855 0.0326445
v -0.0206765 -0.0006965 0.0352855
v -0.0209415 -0.0019445 0.0355465
v -0.0209375 -0.0023355 0.0370865
v -0.0208315 -0.0034195 0.0366635
v -0.0202725 -0.0054375 0.0367765
v -0.0203735 -0.0028585 0.0377685
v -0.0203785 -0.0043595 0.0373165
v -0.0201865 -0.0053675 0.0374425
v -0.0204955 0.0045645 0.0369445
v -0.0204545 0.0029995 0.0365225
v -0.0199305 0.0049205 0.0383465
v -0.0202215 0.0042245 0.0378685
v -0.0203315 0.0033185 0.0374605
v -0.0206975 0.0012365 0.0384725
v -0.0206025 0.0032275 0.0385355
v -0.0205925 0.0024475 0.0381105
v -0.0210465 0.0014645 0.0393895
v -0.0209675 0.0020615 0.0396255
v -0.0209385 -8.25e-05 0.0381585
v -0.0198095 0.0062265 0.0384405
v -0.0202675 0.0044685 0.0397275
v -0.0199785 0.0063115 0.0397875
v -0.0200325 0.0063115 0.0416415
v -0.0202565 0.0054445 0.0413085
v -0.0205775 0.0034975 0.0403935
v -0.0210175 -0.0005655 0.0394135
v -0.0209065 -0.0013445 0.0399135
v -0.0211005 0.0005085 0.0400215
v -0.0207745 0.0014915 0.0408215
v -0.0209005 -0.0004255 0.0403695
v -0.0205085 0.0002335 0.0412595
v -0.0207055 -0.0003565 0.0424705
v -0.0207645 0.0015885 0.0415185
v -0.0206075 -0.0034905 0.0417935
v -0.0208205 -0.0023985 0.0425385
v -0.0206645 -0.0026825 0.0411815
v -0.0205225 -0.0040195 0.0427475
v -0.0208605 -0.0022495 0.0436655
v -0.0205705 -0.0027125 0.0393165
v -0.0204925 -0.0042545 0.0389995
v -0.0202115 -0.0056615 0.0387045
v -0.0202575 -0.0036845 0.0402725
v -0.0201365 -0.0046165 0.0411435
v -0.0172975 0.0149155 0.0509075
v -0.0175005 0.0145415 0.0493795
v -0.0186005 0.0131975 0.0496865
v -0.0187025 0.0126615 0.0490155
v -0.0198305 0.0113145 0.0500205
v -0.0208445 0.0093855 0.0495355
v -0.0187215 0.0130595 0.0516775
v -0.0206245 0.0090605 0.0488805
v -0.0218415 0.0066575 0.0494315
v -0.0200735 0.0108005 0.0551645
v -0.0214395 0.0077655 0.0555915
v -0.0226725 0.0028605 0.0498175
v -0.0223635 0.0047075 0.0504935
v -0.0227095 0.0020955 0.0552475
v -0.0226725 0.0015975 0.0490595
v -0.0228625 0.0007515 0.0497595
v -0.0221885 0.0038225 0.0489075
v -0.0228235 -0.0006935 0.0559615
v -0.0223755 0.0043995 0.0556285
v -0.0149825 0.0147725 0.0380095
v -0.0142755 0.0154705 0.0380555
v -0.0152065 0.0140945 0.0387735
v -0.0149205 0.0145295 0.0394185
v -0.0146405 0.0149045 0.0401325
v -0.0134575 0.0161795 0.0397295
v -0.0164695 0.0127295 0.0388735
v -0.0160505 0.0135335 0.0402115
v -0.0169975 0.0124615 0.0408045
v -0.0137405 0.0155115 0.0407455
v -0.0140605 0.0153405 0.0420155
v -0.0133645 0.0156055 0.0419955
v -0.0147245 0.0149055 0.0425905
v -0.0157975 0.0139155 0.0425305
v -0.0137895 0.0157565 0.0428605
v -0.0186145 0.0091435 0.0418025
v -0.0194855 0.0077125 0.0420955
v -0.0173285 0.0116125 0.0389585
v -0.0178765 0.0105835 0.0396965
v -0.0183245 0.0098755 0.0409575
v -0.0125945 0.0165445 0.0409045
v -0.0130155 0.0159665 0.0412235
v -0.0125015 0.0165365 0.0417535
v -0.0129585 0.0161805 0.0425685
v -0.0129295 0.0173675 0.0437125
v -0.0124245 0.0167925 0.0424005
v -0.0204215 0.0049385 0.0427045
v -0.0206945 0.0035585 0.0422415
v -0.0206515 0.0042835 0.0431465
v -0.0225825 -7.55e-05 0.0489775
v -0.0228495 -0.0016895 0.0499255
v -0.0194645 -0.0075885 0.0338845
v -0.0189885 -0.0087475 0.0339705
v -0.0197185 -0.0074055 0.0353565
v -0.0187845 -0.0094215 0.0345195
v -0.0198845 -0.0066985 0.0364805
v -0.0196525 -0.0062525 0.0373135
v -0.0197885 -0.0065795 0.0387925
v -0.0193325 -0.0068645 0.0371665
v -0.0190075 -0.0086085 0.0366305
v -0.0185465 -0.0096555 0.0367885
v -0.0195095 -0.0066115 0.0370275
v -0.0190255 -0.0078965 0.0372475
v -0.0189835 -0.0081785 0.0383945
v -0.0184195 -0.0102185 0.0353175
v -0.0180935 -0.0105075 0.0367235
v -0.0185025 -0.0091285 0.0378355
v -0.0180215 -0.0101575 0.0375765
v -0.0179575 -0.0104375 0.0387135
v -0.0207345 -0.0039095 0.0438305
v -0.0200605 -0.0056435 0.0398035
v -0.0192455 -0.0073595 0.0394105
v -0.0194855 -0.0075885 0.0408295
v -0.0197895 -0.0066255 0.0414945
v -0.0186505 -0.0086785 0.0393185
v -0.0188365 -0.0085285 0.0402685
v -0.0182285 -0.0092805 0.0395025
v -0.0180505 -0.0100965 0.0399555
v -0.0177975 -0.0110015 0.0400055
v -0.0186125 -0.0085525 0.0408905
v -0.0183465 -0.0093145 0.0406305
v -0.0182075 -0.0090045 0.0414045
v -0.0181365 -0.0099805 0.0418155
v -0.0174895 -0.0110455 0.0411005
v -0.0195025 -0.0061735 0.0421505
v -0.0198285 -0.0051415 0.0420415
v -0.0195835 -0.0069015 0.0420445
v -0.0195845 -0.0070885 0.0425105
v -0.0198825 -0.0052165 0.0424795
v -0.0200445 -0.0060985 0.0429645
v -0.0192745 -0.0078935 0.0420585
v -0.0184285 -0.0086015 0.0416845
v -0.0182775 -0.0099095 0.0424405
v -0.0190295 -0.0089285 0.0430925
v -0.0179915 -0.0106345 0.0434055
v -0.0174995 -0.0110335 0.0419735
v -0.0171785 -0.0120125 0.0429135
v -0.0226635 -0.0019195 0.0491955
v -0.0226745 -0.0031995 0.0496995
v -0.0221675 -0.0058205 0.0499385
v -0.0217685 -0.0067445 0.0493525
v -0.0215485 -0.0078015 0.0501415
v -0.0210705 -0.0078425 0.0488755
v -0.0211825 -0.0084885 0.0493645
v -0.0206925 -0.0094035 0.0493675
v -0.0201845 -0.0107985 0.0498335
v -0.0225215 -0.0037495 0.0565365
v -0.0219695 -0.0061285 0.0568315
v -0.0212365 -0.0084645 0.0555515
v -0.0199875 -0.0110345 0.0560045
v -0.0188555 -0.0129425 0.0521515
v -0.0191345 -0.0124715 0.0496015
v -0.0177185 -0.0144125 0.0496415
v -0.0170085 -0.0152355 0.0555065
v -0.0162205 -0.0160965 0.0497265
v -0.0185165 -0.0133265 0.0565955
v -0.0179685 -0.0108825 0.0338805
v -0.0175265 -0.0116505 0.0334755
v -0.0173195 -0.0116145 0.0349845
v -0.0171355 -0.0121495 0.0339125
v -0.0161915 -0.0131225 0.0340065
v -0.0175515 -0.0114595 0.0360705
v -0.0166235 -0.0124485 0.0352135
v -0.0154025 -0.0142745 0.0334085
v -0.0162695 -0.0129995 0.0347565
v -0.0158305 -0.0132525 0.0348975
v -0.0166335 -0.0123675 0.0359665
v -0.0170735 -0.0120075 0.0366365
v -0.0173705 -0.0110295 0.0375455
v -0.0171815 -0.0113075 0.0381475
v -0.0167045 -0.0124245 0.0378365
v -0.0168945 -0.0122155 0.0383945
v -0.0152905 -0.0141565 0.0344545
v -0.0147155 -0.0147565 0.0340075
v -0.0144925 -0.0146555 0.0345245
v -0.0147275 -0.0139295 0.0350405
v -0.0163265 -0.0129885 0.0369815
v -0.0152075 -0.0138035 0.0365315
v -0.0151095 -0.0135045 0.0355555
v -0.0137335 -0.0147245 0.0349605
v -0.0142515 -0.0145965 0.0360775
v -0.0149795 -0.0142775 0.0375245
v -0.0159845 -0.0132485 0.0382335
v -0.0151135 -0.0141505 0.0383035
v -0.0140095 -0.0151675 0.0371475
v -0.0136295 -0.0158445 0.0379955
v -0.0134345 -0.0159745 0.0339955
v -0.0126575 -0.0164765 0.0333665
v -0.0135555 -0.0155665 0.0346455
v -0.0128445 -0.0155365 0.0357555
v -0.0122415 -0.0168195 0.0350135
v -0.0118035 -0.0169655 0.0332245
v -0.0109635 -0.0175405 0.0329975
v -0.0100255 -0.0181075 0.0326195
v -0.0100145 -0.0179855 0.0333295
v -0.0115325 -0.0172555 0.0352535
v -0.0103265 -0.0180115 0.0346045
v -0.0131945 -0.0152175 0.0361535
v -0.0123135 -0.0163935 0.0358785
v -0.0131315 -0.0162375 0.0373985
v -0.0122725 -0.0166005 0.0367635
v -0.0113395 -0.0174395 0.0384905
v -0.0115035 -0.0171875 0.0360685
v -0.0104045 -0.0179325 0.0366875
v -0.0104785 -0.0178375 0.0375435
v -0.0090355 -0.0184895 0.0354715
v -0.0094915 -0.0185905 0.0370665
v -0.0098635 -0.0180245 0.0380655
v -0.0176105 -0.0113755 0.0390215
v -0.0171935 -0.0121505 0.0396185
v -0.0165215 -0.0127815 0.0389625
v -0.0157175 -0.0133145 0.0387375
v -0.0169505 -0.0124485 0.0400665
v -0.0157375 -0.0135595 0.0402855
v -0.0163425 -0.0125825 0.0413145
v -0.0153125 -0.0138885 0.0411535
v -0.0150885 -0.0137815 0.0387945
v -0.0148865 -0.0141105 0.0390185
v -0.0153085 -0.0135915 0.0392885
v -0.0148285 -0.0142625 0.0399715
v -0.0141645 -0.0152405 0.0389015
v -0.0145405 -0.0144775 0.0398365
v -0.0141505 -0.0146125 0.0405335
v -0.0133825 -0.0154555 0.0399635
v -0.0166395 -0.0120565 0.0418255
v -0.0156855 -0.0135135 0.0417995
v -0.0162765 -0.0132155 0.0429815
v -0.0153065 -0.0140925 0.0422445
v -0.0153865 -0.0145285 0.0436835
v -0.0147915 -0.0147745 0.0428685
v -0.0144775 -0.0145325 0.0418095
v -0.0135055 -0.0159185 0.0428705
v -0.0132375 -0.0157845 0.0420055
v -0.0124895 -0.0164785 0.0392765
v -0.0109375 -0.0175525 0.0387435
v -0.0098165 -0.0177485 0.0390845
v -0.0083445 -0.0181175 0.0389745
v -0.0115315 -0.0169475 0.0396225
v -0.0105625 -0.0172115 0.0393745
v -0.0093735 -0.0179665 0.0395765
v -0.0093115 -0.0185015 0.0320375
v -0.0094485 -0.0181185 0.0330325
v -0.0087915 -0.0187115 0.0323975
v -0.0077875 -0.0191975 0.0325125
v -0.0083055 -0.0186425 0.0330995
v -0.0088085 -0.0183945 0.0335265
v -0.0075895 -0.0190085 0.0333055
v -0.0086705 -0.0188175 0.0345105
v -0.0055765 -0.0198845 0.0318735
v -0.0051195 -0.0199405 0.0311835
v -0.0062745 -0.0195065 0.0329595
v -0.0073575 -0.0194145 0.0345635
v -0.0078695 -0.0190405 0.0355895
v -0.0089465 -0.0188045 0.0360795
v -0.0074405 -0.0195175 0.0367435
v -0.0084745 -0.0189915 0.0376205
v -0.0066815 -0.0194125 0.0359315
v -0.0062685 -0.0196695 0.0345375
v -0.0045515 -0.0202375 0.0335185
v -0.0051635 -0.0200845 0.0356305
v -0.0054675 -0.0199685 0.0365345
v -0.0042765 -0.0203165 0.0313035
v -0.0028765 -0.0208015 0.0305725
v -0.0032275 -0.0206235 0.0316075
v -0.0015005 -0.0208175 0.0319505
v -0.0019125 -0.0208525 0.0299335
v -0.0018375 -0.0209415 0.0309445
v -0.0002605 -0.0208775 0.0300265
v 0.0005005 -0.0206655 0.0314785
v -0.0028175 -0.0206745 0.0356065
v -0.0029055 -0.0205825 0.0338515
v -0.0037515 -0.0205665 0.0366075
v -0.0014785 -0.0208655 0.0358355
v -0.0019865 -0.0205935 0.0334505
v -0.0013735 -0.0207955 0.0330215
v -0.0012675 -0.0205215 0.0337485
v -0.0003935 -0.0209005 0.0331495
v 0.0010325 -0.0209515 0.0329345
v 0.0005785 -0.0207925 0.0347235
v -0.0009535 -0.0207105 0.0350565
v -0.0081805 -0.0189365 0.0382045
v -0.0073755 -0.0193165 0.0381455
v -0.0060605 -0.0198505 0.0373395
v -0.0057945 -0.0200435 0.0384355
v -0.0076215 -0.0183655 0.0391525
v -0.0076245 -0.0189315 0.0386255
v -0.0080445 -0.0182385 0.0394775
v -0.0088855 -0.0185615 0.0402485
v -0.0065125 -0.0195985 0.0391035
v -0.0044155 -0.0202685 0.0376605
v -0.0044875 -0.0205205 0.0390675
v -0.0056265 -0.0199275 0.0403725
v -0.0074155 -0.0190115 0.0402385
v -0.0090835 -0.0186095 0.0410165
v -0.0078865 -0.0188835 0.0415095
v -0.0068045 -0.0193965 0.0400215
v -0.0068065 -0.0196705 0.0413165
v -0.0060915 -0.0198125 0.0402005
v -0.0087385 -0.0183035 0.0421895
v -0.0077405 -0.0191065 0.0419525
v -0.0047315 -0.0200515 0.0407225
v -0.0038475 -0.0202845 0.0399265
v -0.0027535 -0.0207015 0.0393015
v -0.0034385 -0.0203175 0.0407135
v -0.0029465 -0.0202215 0.0400815
v -0.0039265 -0.0203345 0.0422025
v -0.0025645 -0.0206115 0.0417965
v -0.0004745 -0.0208855 0.0379885
v -0.0029815 -0.0206245 0.0377545
v -0.0018295 -0.0206175 0.0374435
v -0.0011715 -0.0207835 0.0385185
v 0.0001705 -0.0210075 0.0363645
v 0.0025165 -0.0205065 0.0355575
v 0.0015615 -0.0207535 0.0370435
v -0.0014715 -0.0205595 0.0401155
v -0.0017345 -0.0205285 0.0408675
v -0.0002705 -0.0207155 0.0408465
v 0.0009975 -0.0207425 0.0377975
v 0.0012565 -0.0208885 0.0392585
v -0.0083585 -0.0189145 0.0432795
v -0.0071115 -0.0195075 0.0426875
v -0.0062965 -0.0198445 0.0427155
v -0.0054865 -0.0200945 0.0425685
v -0.0166305 -0.0153395 0.0490295
v -0.0152025 -0.0168765 0.0492275
v -0.0138745 -0.0181375 0.0501625
v -0.0137205 -0.0180435 0.0493545
v -0.0108355 -0.0198995 0.0490985
v -0.0107155 -0.0201265 0.0498585
v -0.0127235 -0.0189285 0.0494095
v -0.0096545 -0.0206195 0.0494095
v -0.0080695 -0.0212995 0.0496185
v -0.0085565 -0.0209285 0.0489005
v -0.0154635 -0.0168045 0.0549495
v -0.0131245 -0.0186965 0.0561525
v -0.0085965 -0.0211515 0.0553365
v -0.0111125 -0.0199435 0.0554825
v -0.0080135 -0.0212435 0.0492225
v -0.0069035 -0.0216115 0.0492105
v -0.0012645 -0.0206465 0.0418365
v -0.0024015 -0.0207215 0.0428405
v -4.15e-05 -0.0207495 0.0426125
v -0.0012145 -0.0205495 0.0427205
v 0.0012245 -0.0207235 0.0409145
v 0.0010065 -0.0207735 0.0426295
v 0.0022565 -0.0204765 0.0400965
v 0.0020635 -0.0204515 0.0421555
v -0.0054015 -0.0221425 0.0497545
v -0.0054015 -0.0221425 0.0497545
v -0.0046415 -0.0220715 0.0488715
v -0.0046415 -0.0220715 0.0488715
v -0.0056645 -0.0221285 0.0558475
v -0.0056645 -0.0221285 0.0558475
v -0.0035175 -0.0225445 0.0556555
v -0.0035175 -0.0225445 0.0556555
v -0.0023805 -0.0226285 0.0493205
v -0.0023805 -0.0226285 0.0493205
v -0.0012505 -0.0227255 0.0494455
v -0.0008685 -0.0228015 0.0563495
v -0.0004785 -0.0224985 0.0488975
v 0.0011155 -0.0226295 0.0492125
v 0.0005865 -0.0227825 0.0504905
v 0.0036315 -0.0225385 0.0527925
v 0.0034575 -0.0225365 0.0497165
v -0.0185435 0.0131755 0.0581605
v -0.0174555 0.0145035 0.0591295
v -0.0156565 0.0165575 0.0561055
v -0.0210555 0.0082515 0.0611365
v -0.0221505 0.0045995 0.0613095
v -0.0197705 0.0109615 0.0614955
v -0.0200355 0.0101825 0.0636135
v -0.0206225 0.0079725 0.0648185
v -0.0207675 0.0083635 0.0640215
v -0.0207675 0.0083635 0.0640215
v -0.0216115 0.0060045 0.0639485
v -0.0216115 0.0060045 0.0639485
v -0.0220215 0.0041915 0.0640415
v -0.0212385 0.0060095 0.0649155
v -0.0217785 0.0040755 0.0647545
v -0.0217785 0.0040755 0.0647545
v -0.0211405 0.0043935 0.0655665
v -0.0130825 0.0187485 0.0497035
v -0.0126585 0.0187795 0.0488435
v -0.0140875 0.0178665 0.0491665
v -0.0151735 0.0170755 0.0495735
v -0.0133115 0.0185655 0.0537375
v -0.0114345 0.0196595 0.0574915
v -0.0130255 0.0185805 0.0592035
v -0.0091355 0.0208305 0.0581585
v -0.0149575 0.0168085 0.0633035
v -0.0167535 0.0150625 0.0631255
v -0.0163125 0.0153605 0.0640335
v -0.0130845 0.0182655 0.0636055
v -0.0134395 0.0177775 0.0644085
v -0.0123205 0.0185135 0.0645575
v -0.0131495 0.0174525 0.0651995
v -0.0150555 0.0162255 0.0647225
v -0.0170895 0.0141905 0.0645805
v -0.0165325 0.0143305 0.0651925
v -0.0145295 0.0159895 0.0655275
v -0.0110845 0.0189365 0.0651115
v -0.0115235 0.0180155 0.0657075
v -0.0123775 0.0164665 0.0662175
v -0.0144365 0.0144995 0.0663065
v -0.0144365 0.0144995 0.0663065
v -0.0123415 0.0151145 0.0665325
v -0.0123415 0.0151145 0.0665325
v -0.0184015 0.0128945 0.0637845
v -0.0185235 0.0118045 0.0651015
v -0.0185235 0.0118045 0.0651015
v -0.0192955 0.0108815 0.0647455
v -0.0192955 0.0108815 0.0647455
v -0.0179425 0.0112095 0.0659155
v -0.0194045 0.0091925 0.0656775
v -0.0167305 0.0131295 0.0658555
v -0.0167305 0.0131295 0.0658555
v -0.0159955 0.0124195 0.0663655
v -0.0161175 0.0100095 0.0666205
v -0.0180835 0.0091975 0.0663705
v -0.0203365 0.0072515 0.0655545
v -0.0194015 0.0078065 0.0660535
v -0.0189255 0.0064195 0.0664595
v -0.0203635 0.0045425 0.0661135
v -0.0195055 0.0033555 0.0665215
v -0.0171085 0.0011615 0.0667055
v -0.0116345 0.0192305 0.0636585
v -0.0091445 0.0205765 0.0631665
v -0.0104995 0.0196405 0.0643435
v -0.0085725 0.0206655 0.0640475
v -0.0086265 0.0203225 0.0648405
v -0.0090735 0.0194045 0.0656325
v -0.0069085 0.0205835 0.0653745
v -0.0065375 0.0215295 0.0634385
v -0.0065925 0.0211415 0.0647055
v -0.0048645 0.0218255 0.0641615
v -0.0041685 0.0216195 0.0649445
v -0.0071835 0.0196635 0.0660065
v -0.0090775 0.0184415 0.0662025
v -0.0066305 0.0189965 0.0663535
v -0.0046105 0.0207675 0.0657745
v -0.0097155 0.0167885 0.0665175
v -0.0097155 0.0167885 0.0665175
v -0.0080335 0.0139645 0.0666745
v -0.0098145 0.0127575 0.0666895
v -0.0061655 0.0148875 0.0666415
v -0.0071805 0.0130255 0.0671765
v -0.0042625 0.0186555 0.0664985
v -0.0042625 0.0186555 0.0664985
v -0.0031155 0.0220925 0.0642535
v -0.0021735 0.0211595 0.0657645
v -0.0027055 0.0202055 0.0662345
v 0.0005805 0.0215025 0.0655555
v -0.0047465 0.0157905 0.0666085
v -0.0022925 0.0159505 0.0666315
v -0.0046595 0.0143885 0.0670985
v -0.0041995 0.0152225 0.0667545
v -0.0045005 0.0137455 0.0671205
v 0.0005705 0.0162335 0.0666015
v -0.0023785 0.0149565 0.0670765
v -0.0062385 0.0114735 0.0666485
v -0.0001675 0.0131565 0.0666095
v -0.0029315 0.0129935 0.0666855
v -0.0007985 0.0145285 0.0671145
v -0.0123525 0.0100725 0.0667705
v -0.0130685 0.0107495 0.0666645
v -0.0142515 0.0075035 0.0667305
v -0.0126925 0.0079695 0.0671965
v -0.0141285 0.0048465 0.0672295
v -0.0130925 0.0060135 0.0672125
v -0.0154745 0.0044635 0.0667315
v -0.0116725 0.0081555 0.0671525
v -0.0111715 0.0067475 0.0667105
v -0.0125025 0.0039345 0.0667245
v -0.0142815 0.0018745 0.0672065
v -0.0065195 0.0041505 0.0666185
v -0.0058735 -0.0038685 0.0666105
v -0.0105185 0.0107365 0.0671705
v -0.0089725 0.0113455 0.0671505
v -0.0092945 0.0094255 0.0667275
v -0.0015635 0.0040915 0.0665355
v -0.0226195 0.0003635 0.0607925
v -0.0224875 0.0015925 0.0629825
v -0.0224375 -0.0016855 0.0633095
v -0.0223335 -3.35e-05 0.0643035
v -0.0222845 0.0026185 0.0638185
v -0.0217295 0.0028365 0.0651435
v -0.0217295 0.0028365 0.0651435
v -0.0220855 0.0025645 0.0645345
v -0.0214275 0.0018495 0.0656365
v -0.0214275 0.0018495 0.0656365
v -0.0219085 0.0003915 0.0651755
v -0.0218325 -0.0020245 0.0651395
v -0.0213215 -0.0010455 0.0658035
v -0.0213215 -0.0010455 0.0658035
v -0.0207325 0.0006995 0.0661685
v -0.0221535 -0.0038065 0.0636975
v -0.0221055 -0.0027895 0.0644315
v -0.0216405 -0.0054025 0.0643795
v -0.0217135 -0.0059535 0.0632765
v -0.0209545 -0.0065975 0.0651005
v -0.0214915 -0.0042065 0.0651955
v -0.0208645 -0.0041275 0.0658625
v -0.0208645 -0.0041275 0.0658625
v -0.0201555 -0.0014955 0.0664045
v -0.0196685 -0.0047835 0.0663845
v -0.0207245 -0.0091275 0.0606615
v -0.0210185 -0.0078715 0.0638615
v -0.0183605 -0.0046235 0.0666265
v -0.0199895 -0.0070175 0.0659275
v -0.0199895 -0.0070175 0.0659275
v -0.0183935 -0.0078365 0.0664465
v -0.0192095 -0.0120985 0.0602075
v -0.0154655 -0.0164925 0.0620105
v -0.0171995 -0.0146455 0.0623045
v -0.0188855 -0.0123365 0.0632335
v -0.0179705 -0.0135365 0.0636145
v -0.0198175 -0.0106515 0.0636645
v -0.0202235 -0.0090565 0.0647985
v -0.0199075 -0.0083755 0.0655515
v -0.0195265 -0.0106925 0.0644825
v -0.0191875 -0.0103555 0.0653815
v -0.0189945 -0.0116595 0.0646195
v -0.0184335 -0.0125465 0.0645215
v -0.0183615 -0.0116405 0.0653965
v -0.0184315 -0.0098565 0.0660905
v -0.0184315 -0.0098565 0.0660905
v -0.0161625 -0.0112495 0.0664985
v -0.0176895 -0.0128305 0.0652805
v -0.0162885 -0.0130635 0.0660895
v -0.0162885 -0.0130635 0.0660895
v -0.0163965 -0.0153685 0.0637105
v -0.0176155 -0.0135655 0.0645565
v -0.0170385 -0.0135065 0.0654295
v -0.0160355 -0.0152625 0.0648315
v -0.0151195 -0.0153245 0.0656005
v -0.0151195 -0.0153245 0.0656005
v -0.0118995 -0.0148675 0.0665545
v -0.0136955 -0.0087255 0.0667085
v -0.0140865 -0.0142505 0.0664045
v -0.0140025 -0.0153695 0.0661065
v -0.0145865 -0.0171345 0.0637545
v -0.0146115 -0.0165095 0.0649955
v -0.0146115 -0.0165095 0.0649955
v -0.0131085 -0.0167585 0.0658315
v -0.0131885 -0.0175495 0.0651215
v -0.0199455 0.0007085 0.0664645
v -0.0158055 -0.0033765 0.0667275
v -0.0160055 0.0004535 0.0667865
v -0.0148765 -0.0006355 0.0672395
v -0.0150105 0.0017745 0.0671715
v -0.0144825 -0.0040885 0.0671995
v -0.0142385 -0.0024855 0.0672205
v -0.0131925 -0.0001685 0.0667525
v -0.0149585 -0.0059185 0.0667385
v -0.0124705 -0.0040185 0.0667325
v -0.0104195 -0.0079355 0.0667135
v -0.0132065 -0.0054805 0.0671775
v -0.0115985 -0.0067205 0.0668035
v -0.0135115 -0.0064765 0.0672095
v -0.0119965 -0.0078685 0.0671795
v -0.0127275 -0.0083095 0.0671215
v -0.0111005 -0.0102105 0.0671575
v -0.0093445 -0.0110225 0.0671625
v -0.0123575 -0.0103225 0.0667075
v -0.0103045 -0.0124685 0.0666955
v 0.0045635 0.0058885 0.0665255
v 0.0035735 0.0128655 0.0665875
v -0.0025815 0.0003185 0.0664935
v -0.0011985 0.0011465 0.0663905
v -0.0013005 -0.0007475 0.0663375
v -0.0004705 0.0002415 0.0661075
v 0.0007545 0.0022105 0.0664665
v 0.0002205 -0.0002135 0.0660285
v 0.0019775 -0.0012265 0.0664415
v 0.0003535 -0.0022615 0.0664725
v 0.0023455 0.0008815 0.0664795
v 0.0039535 -0.0054015 0.0665435
v 0.0186645 0.0127655 0.0629035
v 0.0200905 0.0104305 0.0625245
v 0.0132715 0.0013285 0.0665535
v 0.0124325 -0.0047345 0.0665715
v -0.0105585 -0.0200845 0.0604635
v -0.0128105 -0.0186175 0.0627355
v -0.0076085 -0.0213755 0.0605355
v -0.0076085 -0.0213755 0.0605355
v -0.0076085 -0.0213755 0.0605355
v -0.0087775 -0.0207635 0.0635835
v -0.0087775 -0.0207635 0.0635835
v -0.0048535 -0.0221815 0.0608965
v -0.0048535 -0.0221815 0.0608965
v -0.0129515 -0.0183165 0.0641015
v -0.0129515 -0.0183165 0.0641015
v -0.0116235 -0.0187945 0.0648885
v -0.0103875 -0.0199625 0.0638815
v -0.0103875 -0.0199625 0.0638815
v -0.0110865 -0.0185715 0.0654775
v -0.0101055 -0.0183155 0.0660455
v -0.0098995 -0.0172785 0.0664245
v -0.0084145 -0.0199205 0.0655045
v -0.0072005 -0.0196105 0.0660355
v -0.0100355 -0.0196135 0.0649945
v -0.0082325 -0.0205685 0.0647785
v -0.0059715 -0.0217495 0.0637275
v -0.0039985 -0.0222305 0.0634955
v -0.0061265 -0.0213745 0.0647135
v -0.0051475 -0.0212135 0.0653005
v -0.0051225 -0.0202155 0.0660505
v -0.0041365 -0.0219575 0.0644435
v -0.0027485 -0.0217655 0.0651855
v -0.0021335 -0.0225435 0.0626915
v 0.0020975 -0.0227075 0.0569145
v 0.0044865 -0.0223755 0.0569275
v 0.0036215 -0.0223875 0.0624025
v -0.0001915 -0.0226195 0.0632265
v 0.0016785 -0.0225855 0.0626695
v -0.0023245 -0.0223065 0.0642685
v 0.0014165 -0.0224175 0.0640805
v 0.0060115 -0.0218485 0.0623425
v 0.0077555 -0.0214695 0.0571835
v 0.0036125 -0.0221745 0.0641015
v -0.0081255 -0.0106035 0.0667475
v -0.0052515 -0.0120695 0.0666745
v 0.0013845 -0.0131505 0.0666425
v -0.0016595 -0.0024695 0.0665115
v -0.0086865 -0.0122625 0.0671575
v -0.0078605 -0.0142695 0.0666575
v -0.0070005 -0.0126665 0.0671565
v -0.0054385 -0.0141395 0.0671105
v -0.0052015 -0.0154535 0.0666415
v -0.0064365 -0.0184495 0.0664705
v -0.0047905 -0.0136835 0.0671305
v -0.0028115 -0.0191785 0.0664615
v -0.0002515 -0.0168145 0.0665765
v -0.0019635 -0.0133255 0.0667085
v -0.0025105 -0.0143525 0.0671635
v -0.0014175 -0.0152055 0.0670445
v 0.0005545 -0.0145895 0.0670995
v -0.0012915 -0.0159875 0.0666905
v -0.0024905 -0.0207455 0.0660185
v 0.0067755 -0.0114325 0.0665955
v 0.0091275 -0.0096895 0.0665855
v 0.0111685 -0.0073095 0.0665755
v 0.0043915 -0.0126595 0.0666565
v 0.0040395 -0.0139485 0.0670835
v 0.0068865 -0.0128485 0.0670675
v 0.0061755 -0.0137695 0.0670745
v 0.0112505 -0.0092375 0.0670245
v 0.0128745 -0.0066755 0.0669925
v 0.0137825 -0.0042675 0.0669525
v 0.0140155 -0.0056595 0.0670175
v 0.0156655 -0.0042205 0.0665575
v 0.0145595 -0.0070165 0.0665885
v 0.0126835 -0.0080865 0.0670415
v 0.0111465 -0.0102935 0.0670285
v 0.0125425 -0.0105055 0.0665415
v 0.0090085 -0.0114655 0.0670405
v 0.0060485 -0.0149225 0.0666435
v 0.0082245 -0.0140705 0.0665655
v 0.0078015 -0.0169295 0.0664525
v 0.0091645 -0.0121285 0.0670315
v 0.0098185 -0.0126475 0.0666575
v 0.0097755 -0.0135755 0.0665195
v 0.0129395 -0.0145685 0.0663715
v 0.0011445 -0.0151065 0.0670875
v 0.0041475 -0.0146225 0.0670505
v 0.0015785 -0.0161745 0.0666115
v 0.0016515 -0.0192665 0.0664465
v 0.0036525 -0.0158565 0.0665905
v 0.0009915 -0.0214105 0.0656695
v -0.0007525 -0.0203835 0.0662385
v 0.0009245 -0.0220455 0.0649615
v 0.0019725 -0.0202675 0.0662275
v 0.0029345 -0.0213995 0.0654765
v 0.0036765 -0.0208815 0.0658305
v 0.0058195 -0.0194225 0.0662425
v 0.0074225 -0.0196925 0.0659175
v 0.0077845 -0.0212405 0.0633635
v 0.0089725 -0.0205465 0.0642335
v 0.0069415 -0.0211765 0.0645615
v 0.0088935 -0.0199405 0.0652725
v 0.0065955 -0.0206495 0.0654235
v 0.0102885 -0.0192685 0.0652605
v 0.0105345 -0.0180575 0.0659535
v 0.0053865 -0.0218485 0.0638505
v 0.0042965 -0.0217745 0.0647545
v 0.0101895 -0.0173185 0.0662575
v 0.0003865 0.0204295 0.0662225
v 0.0003865 0.0204295 0.0662225
v 0.0028335 0.0193925 0.0664055
v 0.0033315 0.0206345 0.0659475
v 0.0033315 0.0206345 0.0659475
v 0.0055545 0.0198875 0.0660705
v 0.0055545 0.0198875 0.0660705
v 0.0079715 0.0177325 0.0663905
v 0.0079715 0.0177325 0.0663905
v 0.0006965 0.0150305 0.0670695
v 0.0027805 0.0143485 0.0670805
v 0.0038705 0.0149105 0.0669325
v 0.0049085 0.0153625 0.0665805
v 0.0071705 0.0134385 0.0669995
v 0.0085935 0.0188265 0.0660655
v 0.0092605 0.0193705 0.0655395
v 0.0079265 0.0141605 0.0665465
v 0.0104665 0.0132165 0.0664865
v 0.0104665 0.0132165 0.0664865
v 0.0108955 0.0181135 0.0657815
v 0.0124115 0.0161595 0.0661635
v 0.0062875 0.0130645 0.0670185
v 0.0079705 0.0105475 0.0665535
v 0.0102045 0.0105725 0.0670315
v 0.0102075 0.0123875 0.0666075
v 0.0102065 0.0111425 0.0670335
v 0.0150625 0.0165635 0.0641615
v 0.0134225 0.0174885 0.0649285
v 0.0130465 0.0169545 0.0656135
v 0.0135405 0.0138405 0.0663735
v 0.0159925 0.0150835 0.0649615
v 0.0154215 0.0147265 0.0656725
v 0.0156975 0.0130135 0.0661685
v 0.0174165 0.0132725 0.0651325
v 0.0129885 0.0098325 0.0665335
v 0.0129885 0.0098325 0.0665335
v 0.0110235 0.0076575 0.0665815
v 0.0122215 0.0087735 0.0670185
v 0.0125395 0.0071735 0.0669845
v 0.0144865 0.0074875 0.0665265
v 0.0144865 0.0074875 0.0665265
v 0.0138545 0.0061835 0.0670065
v 0.0178295 0.0136405 0.0637865
v 0.0173915 0.0141085 0.0642465
v 0.0186125 0.0123635 0.0643595
v 0.0193835 0.0112455 0.0642735
v 0.0176275 0.0117345 0.0657145
v 0.0190165 0.0105615 0.0653145
v 0.0174805 0.0088855 0.0663185
v 0.0186035 0.0093745 0.0659545
v 0.0207785 0.0087595 0.0636865
v 0.0203465 0.0087335 0.0647675
v 0.0201315 0.0075485 0.0654935
v 0.0190125 0.0033745 0.0663235
v 0.0190125 0.0033745 0.0663235
v 0.0192025 0.0060075 0.0661855
v 0.0123705 0.0047325 0.0665495
v 0.0134305 0.0052405 0.0669745
v 0.0151285 0.0021175 0.0669725
v 0.0156535 0.0047005 0.0665035
v 0.0144245 0.0021265 0.0669925
v 0.0160825 0.0018735 0.0665605
v 0.0170615 0.0015455 0.0664435
v 0.0131695 -0.0018945 0.0665535
v 0.0144735 -0.0011185 0.0669695
v 0.0150025 -0.0022845 0.0670055
v 0.0162715 -0.0009795 0.0665005
v -0.0212335 0.0014875 0.0437595
v -0.0207005 -0.0006595 0.0418925
v -0.0207515 -0.0017445 0.0418875
v -0.0212745 0.0070445 0.0487665
v -0.0165695 0.0129395 0.0421785
v -0.0165665 0.0134465 0.0436905
v -0.0156975 0.0145935 0.0438365
v -0.0184915 0.0094355 0.0421875
v -0.0178425 0.0107955 0.0426695
v -0.0172375 0.0124135 0.0439625
v -0.0182965 0.0112895 0.0445565
v -0.0193205 0.0091605 0.0439845
v -0.0194495 0.0079045 0.0431695
v -0.0187305 0.0110995 0.0454175
v -0.0197935 0.0089995 0.0445715
v -0.0193985 0.0096735 0.0457195
v -0.0169335 0.0137135 0.0446035
v -0.0160675 0.0150505 0.0447615
v -0.0166195 0.0145735 0.0452995
v -0.0158365 0.0154005 0.0450985
v -0.0154815 0.0156465 0.0456725
v -0.0168575 0.0139255 0.0458025
v -0.0146655 0.0159705 0.0443185
v -0.0131055 0.0175935 0.0442775
v -0.0142165 0.0166045 0.0448865
v -0.0150295 0.0157265 0.0459625
v -0.0153925 0.0150565 0.0462935
v -0.0157995 0.0138455 0.0465045
v -0.0128205 0.0179115 0.0453095
v -0.0141445 0.0163725 0.0455515
v -0.0128955 0.0174395 0.0458945
v -0.0121175 0.0183625 0.0459305
v -0.0118445 0.0177535 0.0466685
v -0.0105885 0.0179955 0.0466305
v -0.0122255 0.0172675 0.0466245
v -0.0121155 0.0171485 0.0470385
v -0.0127765 0.0164595 0.0468195
v -0.0130465 0.0164425 0.0474785
v -0.0141185 0.0153345 0.0463875
v -0.0134145 0.0157885 0.0463925
v -0.0137905 0.0152515 0.0466375
v -0.0149005 0.0145885 0.0467965
v -0.0147385 0.0145785 0.0471495
v -0.0176545 0.0128965 0.0452255
v -0.0179755 0.0122745 0.0457045
v -0.0163655 0.0127385 0.0466375
v -0.0182125 0.0115325 0.0459505
v -0.0169425 0.0120515 0.0466395
v -0.0168545 0.0118035 0.0470715
v -0.0188855 0.0105515 0.0459215
v -0.0182845 0.0098265 0.0466535
v -0.0175075 0.0111685 0.0465065
v -0.0172195 0.0112435 0.0468035
v -0.0176245 0.0105725 0.0469855
v -0.0172145 0.0113515 0.0473655
v -0.0158835 0.0130965 0.0472565
v -0.0162415 0.0126205 0.0470165
v -0.0166975 0.0123495 0.0476525
v -0.0163445 0.0153345 0.0488395
v -0.0153635 0.0138745 0.0468055
v -0.0154755 0.0136385 0.0470305
v -0.0154595 0.0138645 0.0475855
v -0.0201775 0.0066585 0.0434145
v -0.0205465 0.0055465 0.0437565
v -0.0210385 0.0031445 0.0431315
v -0.0217835 0.0033775 0.0450525
v -0.0210845 0.0059975 0.0454705
v -0.0214615 0.0032745 0.0438325
v -0.0207245 0.0070475 0.0446825
v -0.0210275 0.0052785 0.0444975
v -0.0202085 0.0081555 0.0448265
v -0.0205525 0.0074285 0.0452295
v -0.0199905 0.0082025 0.0454375
v -0.0193865 0.0084105 0.0461665
v -0.0194425 0.0074365 0.0464325
v -0.0206795 0.0062965 0.0461005
v -0.0199695 0.0064025 0.0467445
v -0.0213535 0.0045785 0.0458875
v -0.0205435 0.0049405 0.0467125
v -0.0208235 0.0039955 0.0463595
v -0.0205115 0.0034685 0.0466685
v -0.0204105 0.0048665 0.0471745
v -0.0217305 0.0023245 0.0444605
v -0.0221315 0.0005345 0.0450745
v -0.0220815 0.0012175 0.0456675
v -0.0211405 7.15e-05 0.0440065
v -0.0213415 -0.0009725 0.0443865
v -0.0218335 -0.0013505 0.0452965
v -0.0221805 -0.0002875 0.0458935
v -0.0218295 -0.0016765 0.0456995
v -0.0219605 -0.0003725 0.0462505
v -0.0215265 -0.0017305 0.0462475
v -0.0209395 -0.0011185 0.0434795
v -0.0213515 -0.0033595 0.0445755
v -0.0216175 0.0030745 0.0455995
v -0.0213195 0.0023635 0.0460225
v -0.0217795 0.0020575 0.0457265
v -0.0206115 0.0025575 0.0462485
v -0.0215925 0.0013075 0.0464115
v -0.0219835 0.0009755 0.0461395
v -0.0207745 0.0011965 0.0467055
v -0.0203595 0.0019575 0.0467015
v -0.0203665 0.0023485 0.0470415
v -0.0205295 0.0032935 0.0471345
v -0.0205375 0.0042165 0.0474415
v -0.0209565 0.0030215 0.0477765
v -0.0203495 0.0011365 0.0470205
v -0.0203495 0.0011365 0.0470205
v -0.0204625 0.0013565 0.0473055
v -0.0215135 0.0005885 0.0465905
v -0.0207665 0.0005205 0.0468925
v -0.0206135 -0.0002835 0.0469875
v -0.0206135 -0.0002835 0.0469875
v -0.0209185 -0.0011855 0.0468125
v -0.0206715 0.0006525 0.0475395
v -0.0222045 -0.0006725 0.0485465
v -0.0208505 -0.0017985 0.0467245
v -0.0205765 -0.0009625 0.0471565
v -0.0205765 -0.0009625 0.0471565
v -0.0190715 0.0080585 0.0466935
v -0.0186715 0.0090125 0.0468715
v -0.0187015 0.0092405 0.0475415
v -0.0192615 0.0075025 0.0467975
v -0.0197615 0.0066495 0.0473085
v -0.0214665 0.0033725 0.0482205
v -0.0202425 -0.0061925 0.0437365
v -0.0205315 -0.0051085 0.0440375
v -0.0195875 -0.0083015 0.0441345
v -0.0189605 -0.0094665 0.0438425
v -0.0195115 -0.0092585 0.0450165
v -0.0187535 -0.0110035 0.0449255
v -0.0179785 -0.0120175 0.0443875
v -0.0174425 -0.0128235 0.0438265
v -0.0178975 -0.0123205 0.0450885
v -0.0173295 -0.0132485 0.0449035
v -0.0212385 -0.0047555 0.0448325
v -0.0216985 -0.0030925 0.0452925
v -0.0206085 -0.0064095 0.0444525
v -0.0212805 -0.0047075 0.0455315
v -0.0210555 -0.0054525 0.0450675
v -0.0210455 -0.0050745 0.0455575
v -0.0217075 -0.0031455 0.0456795
v -0.0215845 -0.0030565 0.0460315
v -0.0207465 -0.0033545 0.0466785
v -0.0206375 -0.0051925 0.0457155
v -0.0203535 -0.0041765 0.0463805
v -0.0207145 -0.0062055 0.0451705
v -0.0202075 -0.0080135 0.0450315
v -0.0204925 -0.0060935 0.0454685
v -0.0223735 -0.0032015 0.0489565
v -0.0212015 -0.0016315 0.0478825
v -0.0222545 -0.0044975 0.0490815
v -0.0206405 -0.0024175 0.0468055
v -0.0205025 -0.0032535 0.0470125
v -0.0209525 -0.0043875 0.0480795
v -0.0191175 -0.0054265 0.0458245
v -0.0193695 -0.0050355 0.0458755
v -0.0200725 -0.0050985 0.0458515
v -0.0194175 -0.0046035 0.0461775
v -0.0190195 -0.0049125 0.0461045
v -0.0185765 -0.0059725 0.0462055
v -0.0200805 -0.0074205 0.0457485
v -0.0200705 -0.0081565 0.0455915
v -0.0200525 -0.0060135 0.0457005
v -0.0187665 -0.0068725 0.0461215
v -0.0183495 -0.0070465 0.0464125
v -0.0188495 -0.0079035 0.0463105
v -0.0191735 -0.0086945 0.0462005
v -0.0186475 -0.0082615 0.0467065
v -0.0190655 -0.0048005 0.0465485
v -0.0186865 -0.0053365 0.0465205
v -0.0189255 -0.0052795 0.0468865
v -0.0185705 -0.0067155 0.0471795
v -0.0182915 -0.0069525 0.0467635
v -0.0195015 -0.0092825 0.0455205
v -0.0192165 -0.0094255 0.0460545
v -0.0190735 -0.0103495 0.0457975
v -0.0187435 -0.0098855 0.0470575
v -0.0187105 -0.0092055 0.0469825
v -0.0185985 -0.0112565 0.0458095
v -0.0184385 -0.0106875 0.0467995
v -0.0178925 -0.0113805 0.0468205
v -0.0176285 -0.0122215 0.0458445
v -0.0182525 -0.0110135 0.0475015
v -0.0172415 -0.0133715 0.0455645
v -0.0171205 -0.0130735 0.0461535
v -0.0175585 -0.0117265 0.0473065
v -0.0168405 -0.0121465 0.0467155
v -0.0165125 -0.0126125 0.0467105
v -0.0164835 -0.0123895 0.0470945
v -0.0200505 -0.0105085 0.0489605
v -0.0191625 -0.0099525 0.0481725
v -0.0181375 -0.0134415 0.0489455
v -0.0187185 -0.0111325 0.0482185
v -0.0165645 -0.0132075 0.0479245
v -0.0176735 -0.0120985 0.0479275
v -0.0160915 -0.0150675 0.0484565
v -0.0163565 -0.0140925 0.0446785
v -0.0154875 -0.0150785 0.0447305
v -0.0126835 -0.0160685 0.0405725
v -0.0141165 -0.0156325 0.0438805
v -0.0121895 -0.0173245 0.0440685
v -0.0133265 -0.0163695 0.0444895
v -0.0122925 -0.0165055 0.0404225
v -0.0116705 -0.0171525 0.0413865
v -0.0116785 -0.0170105 0.0405865
v -0.0106815 -0.0179035 0.0410125
v -0.0120485 -0.0166755 0.0423925
v -0.0103365 -0.0178205 0.0421015
v -0.0112835 -0.0173985 0.0433805
v -0.0099825 -0.0181155 0.0431485
v -0.0166925 -0.0136175 0.0462855
v -0.0162965 -0.0142445 0.0455565
v -0.0156885 -0.0147315 0.0462145
v -0.0157755 -0.0148795 0.0453405
v -0.0144735 -0.0155135 0.0457065
v -0.0161865 -0.0134305 0.0468385
v -0.0159245 -0.0135055 0.0471365
v -0.0148365 -0.0145955 0.0469965
v -0.0145345 -0.0157955 0.0448105
v -0.0140555 -0.0160865 0.0451255
v -0.0136305 -0.0162195 0.0457045
v -0.0141095 -0.0150375 0.0464895
v -0.0129855 -0.0157265 0.0462565
v -0.0130085 -0.0155295 0.0466455
v -0.0123355 -0.0159905 0.0464985
v -0.0151595 -0.0142355 0.0474635
v -0.0142885 -0.0149985 0.0473065
v -0.0139765 -0.0157035 0.0478005
v -0.0123445 -0.0159405 0.0469195
v -0.0132135 -0.0168285 0.0453905
v -0.0125765 -0.0171355 0.0458685
v -0.0146255 -0.0169625 0.0487715
v -0.0124355 -0.0171185 0.0479745
v -0.0123065 -0.0187335 0.0488065
v -0.0115545 -0.0183565 0.0448615
v -0.0115075 -0.0182835 0.0453235
v -0.0101335 -0.0182995 0.0439405
v -0.0100945 -0.0188055 0.0450615
v -0.0117885 -0.0176035 0.0459425
v -0.0117485 -0.0166525 0.0464615
v -0.0109665 -0.0168845 0.0465415
v -0.0105645 -0.0184545 0.0455055
v -0.0102325 -0.0180595 0.0460015
v -0.0101065 -0.0186945 0.0454765
v -0.0099535 -0.0187245 0.0445265
v -0.0095235 -0.0191935 0.0448865
v -0.0088705 -0.0189395 0.0441775
v -0.0079235 -0.0195145 0.0439045
v -0.0093975 -0.0194075 0.0456295
v -0.0088555 -0.0195585 0.0458875
v -0.0088835 -0.0198615 0.0451435
v -0.0085775 -0.0200675 0.0454315
v -0.0073935 -0.0203795 0.0447515
v -0.0070865 -0.0203685 0.0455835
v -0.0116695 -0.0164755 0.0467665
v -0.0114615 -0.0167335 0.0473115
v -0.0110935 -0.0167175 0.0469755
v -0.0098735 -0.0169935 0.0465805
v -0.0099805 -0.0170125 0.0470005
v -0.0091175 -0.0179225 0.0469915
v -0.0098095 -0.0176395 0.0474555
v -0.0098985 -0.0185955 0.0480245
v -0.0083565 -0.0207495 0.0485695
v -0.0091465 -0.0180875 0.0465805
v -0.0085715 -0.0184295 0.0465155
v -0.0088935 -0.0181805 0.0473285
v -0.0076235 -0.0188965 0.0461815
v -0.0079855 -0.0184135 0.0466705
v -0.0078045 -0.0186165 0.0470655
v -0.0073775 -0.0187875 0.0465455
v -0.0074305 -0.0189765 0.0462205
v -0.0071415 -0.0190895 0.0469235
v -0.0072905 -0.0199575 0.0458735
v -0.0080515 -0.0192235 0.0477395
v -0.0080935 -0.0212175 0.0492405
v 0.0025235 -0.0203865 0.0416665
v 0.0011505 -0.0210955 0.0435105
v -0.0013825 -0.0192565 0.0463735
v -0.0013315 -0.0193955 0.0460255
v -0.0005715 -0.0189545 0.0460295
v 0.0005315 -0.0190905 0.0456755
v 0.0001995 -0.0189295 0.0457665
v -0.0016045 -0.0200485 0.0457405
v -0.0006315 -0.0194395 0.0458035
v 3.85e-05 -0.0201505 0.0457045
v 0.0017365 -0.0194625 0.0457975
v 0.0011665 -0.0209005 0.0456225
v 0.0036915 -0.0203105 0.0429125
v 0.0026645 -0.0210305 0.0438465
v 0.0028855 -0.0208905 0.0447955
v 0.0018375 -0.0215095 0.0446985
v 0.0036565 -0.0207435 0.0440085
v 0.0038915 -0.0204035 0.0447255
v 0.0028755 -0.0204525 0.0453665
v -0.0005415 -0.0189235 0.0464035
v -0.0008875 -0.0191885 0.0468095
v -0.0008875 -0.0191885 0.0468095
v 0.0001415 -0.0189275 0.0464985
v 0.0001415 -0.0189275 0.0464985
v 0.0009195 -0.0185685 0.0461465
v 0.0009195 -0.0185685 0.0461465
v 0.0007855 -0.0186285 0.0458135
v 0.0012025 -0.0187825 0.0457465
v 0.0013885 -0.0185595 0.0459735
v 0.0013885 -0.0185595 0.0459735
v 0.0014665 -0.0186215 0.0463985
v 0.0004345 -0.0187075 0.0459905
v 0.0001625 -0.0193115 0.0470055
v 0.0001625 -0.0193115 0.0470055
v 0.0016415 -0.0190105 0.0467675
v 0.0016415 -0.0190105 0.0467675
v 0.0017935 -0.0188965 0.0459195
v 0.0017935 -0.0188965 0.0459195
v 0.0017935 -0.0188965 0.0459195
v 0.0018785 -0.0188885 0.0460115
v 0.0018785 -0.0188885 0.0460115
v 0.0018785 -0.0188885 0.0460115
v 0.0019985 -0.0188565 0.0462045
v 0.0019985 -0.0188565 0.0462045
v 0.0019985 -0.0188565 0.0462045
v 0.0020855 -0.0192635 0.0458925
v 0.0023845 -0.0196255 0.0457975
v 0.0018415 -0.0211475 0.0454645
v 0.0023685 -0.0190845 0.0461295
v 0.0029975 -0.0193435 0.0459655
v 0.0023995 -0.0190585 0.0465075
v 0.0031735 -0.0191355 0.0462065
v 0.0040655 -0.0189465 0.0460395
v 0.0038215 -0.0200245 0.0453215
v 0.0034305 -0.0190075 0.0465555
v 0.0046955 -0.0187005 0.0465355
v 0.0048975 -0.0189085 0.0461445
v 0.0045495 -0.0189365 0.0470215
v -0.0066065 -0.0200935 0.0438745
v -0.0055155 -0.0204085 0.0448665
v -0.0069885 -0.0205475 0.0451705
v -0.0059045 -0.0204145 0.0455675
v -0.0032045 -0.0209345 0.0435325
v -0.0044985 -0.0206965 0.0440505
v -0.0036745 -0.0209005 0.0447355
v -0.0024555 -0.0213035 0.0442695
v -0.0065575 -0.0197355 0.0463175
v -0.0060915 -0.0202385 0.0459825
v -0.0063255 -0.0197365 0.0468285
v -0.0046475 -0.0204755 0.0455775
v -0.0056005 -0.0200145 0.0467095
v -0.0049515 -0.0200515 0.0466585
v -0.0042555 -0.0199395 0.0463185
v -0.0047405 -0.0201515 0.0471695
v -0.0060315 -0.0205495 0.0479575
v -0.0031545 -0.0196995 0.0459055
v -0.0038745 -0.0204635 0.0454705
v -0.0027775 -0.0198355 0.0457695
v -0.0031605 -0.0206345 0.0452095
v -0.0025905 -0.0211805 0.0448035
v -0.0028515 -0.0195765 0.0462555
v -0.0019265 -0.0196365 0.0460405
v -0.0017395 -0.0208235 0.0434705
v -0.0013685 -0.0214175 0.0443685
v -0.0007315 -0.0211135 0.0436785
v -0.0017815 -0.0214745 0.0447885
v -0.0011115 -0.0214955 0.0446485
v -0.0017025 -0.0212105 0.0452275
v -0.0003145 -0.0215765 0.0444335
v -0.0001535 -0.0216235 0.0449685
v -0.0009005 -0.0207025 0.0456085
v 0.0003375 -0.0213355 0.0453785
v 0.0012905 -0.0215905 0.0444425
v 0.0006935 -0.0216935 0.0447935
v 0.0011815 -0.0216125 0.0451885
v 0.0019565 -0.0214545 0.0450715
v -0.0030255 -0.0221375 0.0487855
v -0.0030255 -0.0221375 0.0487855
v 0.0015695 -0.0216345 0.0483515
v -0.0011875 -0.0208295 0.0479375
v -0.0011875 -0.0208295 0.0479375
v 0.0015345 -0.0223295 0.0487935
v 0.0036765 -0.0221055 0.0486965
v 0.0035515 -0.0223985 0.0490895
v -0.0143245 0.0173635 0.0488685
v -0.0115905 0.0176465 0.0469565
v -0.0115245 0.0182835 0.0479405
v -0.0108545 0.0178705 0.0471775
v -0.0100885 0.0180865 0.0469085
v -0.0097465 0.0184705 0.0473615
v -0.0139735 0.0160365 0.0479755
v -0.0152105 0.0147175 0.0479305
v -0.0134715 0.0155465 0.0471825
v -0.0142565 0.0151505 0.0475595
v -0.0181285 0.0106755 0.0478455
v -0.0163385 0.0133115 0.0479855
v -0.0165735 0.0123385 0.0471785
v -0.0174075 0.0121835 0.0480845
v -0.0193935 0.0091875 0.0481215
v -0.0206235 0.0009655 0.0470395
v -0.0207065 -4.65e-05 0.0475975
v -0.0207065 -4.65e-05 0.0475975
v -0.0208355 -0.0004705 0.0476435
v -0.0206425 -0.0016225 0.0473435
v -0.0206425 -0.0016225 0.0473435
v -0.0202285 0.0069345 0.0479855
v -0.0206385 0.0053495 0.0479115
v -0.0208135 -0.0022635 0.0475435
v -0.0208895 -0.0027615 0.0476735
v -0.0206215 -0.0037645 0.0475895
v -0.0201135 -0.0040995 0.0470375
v -0.0201135 -0.0040995 0.0470375
v -0.0195545 -0.0043415 0.0468115
v -0.0196025 -0.0045765 0.0469725
v -0.0202215 -0.0048615 0.0476355
v -0.0200935 -0.0068575 0.0481265
v -0.0192795 -0.0047385 0.0465965
v -0.0193035 -0.0059935 0.0474835
v -0.0190765 -0.0081705 0.0477305
v -0.0187215 -0.0083715 0.0473285
v -0.0189655 -0.0093585 0.0478505
v -0.0187615 -0.0100095 0.0475455
v -0.0158035 -0.0137185 0.0474225
v -0.0160765 -0.0139765 0.0479635
v -0.0070085 -0.0195785 0.0474665
v -0.0077765 -0.0198775 0.0479915
v 0.0023085 -0.0203015 0.0477205
v 0.0019155 -0.0189445 0.0462375
v 0.0019155 -0.0189445 0.0462375
v 0.0019155 -0.0189445 0.0462375
v 0.0027065 -0.0194845 0.0470715
v 0.0027925 -0.0192525 0.0467525
v -0.0059795 -0.0199685 0.0473365
v -0.0040135 -0.0206275 0.0477385
v -0.0040135 -0.0206275 0.0477385
v -0.0030385 -0.0200415 0.0471725
v -0.0022265 -0.0196695 0.0467885
v -0.0017745 -0.0201135 0.0474055
v -0.0017745 -0.0201135 0.0474055
v -0.0017745 -0.0201135 0.0474055
v -0.0012475 -0.0197565 0.0472845
v -0.0012475 -0.0197565 0.0472845
v -0.0012475 -0.0197565 0.0472845
v -0.0127265 0.0171855 0.0478345
v -0.0117995 0.0176295 0.0475305
v 0.0102825 0.0190075 -0.0030765
v 0.0145765 0.0158605 -0.0038805
v 0.0119925 0.0179935 0.0044925
v 0.0134705 0.0168575 0.0053215
v 0.0159255 0.0145435 0.0104945
v 0.0171455 0.0129585 -0.0026215
v 0.0180365 0.0116285 -0.0069965
v 0.0186835 0.0104045 -0.0022795
v 0.0193945 0.0089615 -0.0057545
v 0.0198005 0.0080645 -0.0023335
v 0.0205135 0.0058995 0.0014295
v 0.0179155 0.0117985 0.0059515
v 0.0194115 0.0089665 0.0039145
v 0.0210935 0.0031275 0.0028505
v 0.0211585 -0.0038825 0.0027565
v 0.0211075 -0.0038055 -0.0024725
v 0.0214105 -0.0002325 0.0093795
v 0.0206975 -0.0058095 -0.0003635
v 0.0213285 -0.0023575 0.0056065
v 0.0168555 0.0133955 0.0066475
v 0.0140275 0.0164205 0.0151775
v 0.0157575 0.0147405 0.0161375
v 0.0171375 0.0130795 0.0130235
v 0.0190935 0.0098195 0.0141035
v 0.0200945 0.0073765 0.0108455
v 0.0209275 -0.0049345 0.0065845
v 0.0211365 -0.0039695 0.0108225
v 0.0198475 0.0081925 0.0158635
v 0.0207025 0.0055165 0.0159785
v 0.0212705 0.0026595 0.0159105
v 0.0214165 0.0004705 0.0170535
v 0.0121815 0.0178245 0.0168875
v 0.0124885 0.0170795 0.0179365
v 0.0136115 0.0167195 0.0169135
v 0.0133345 0.0163775 0.0179305
v 0.0157485 0.0146175 0.0171125
v 0.0125515 0.0166595 0.0193585
v 0.0138965 0.0154825 0.0190295
v 0.0146205 0.0150485 0.0197795
v 0.0141165 0.0156865 0.0211475
v 0.0146865 0.0150515 0.0182435
v 0.0167885 0.0130855 0.0176825
v 0.0160615 0.0137565 0.0187815
v 0.0156645 0.0138835 0.0200615
v 0.0169505 0.0132365 0.0169645
v 0.0177245 0.0121065 0.0169205
v 0.0153665 0.0143635 0.0217445
v 0.0176305 0.0113135 0.0180935
v 0.0190185 0.0097945 0.0170095
v 0.0190035 0.0089965 0.0177815
v 0.0198785 0.0077575 0.0173265
v 0.0168045 0.0126815 0.0190375
v 0.0162295 0.0131085 0.0198355
v 0.0166015 0.0127205 0.0203835
v 0.0172565 0.0119515 0.0201275
v 0.0182165 0.0102525 0.0192805
v 0.0184715 0.0098255 0.0181775
v 0.0187665 0.0088745 0.0186635
v 0.0192165 0.0078975 0.0179525
v 0.0192625 0.0076015 0.0191335
v 0.0190985 0.0086155 0.0205455
v 0.0194555 0.0074575 0.0198645
v 0.0193095 0.0079095 0.0217125
v 0.0147515 0.0149225 0.0239775
v 0.0158995 0.0136425 0.0230065
v 0.0165115 0.0128505 0.0220915
v 0.0150275 0.0147655 0.0253055
v 0.0144435 0.0150085 0.0268115
v 0.0158105 0.0136955 0.0247535
v 0.0164975 0.0130325 0.0242895
v 0.0171215 0.0120555 0.0260925
v 0.0157845 0.0136855 0.0265595
v 0.0179555 0.0106015 0.0207225
v 0.0176765 0.0113475 0.0223395
v 0.0173175 0.0117755 0.0235875
v 0.0183625 0.0099765 0.0220845
v 0.0190075 0.0087685 0.0234005
v 0.0197595 0.0069395 0.0231135
v 0.0177785 0.0109775 0.0246195
v 0.0186955 0.0094055 0.0248355
v 0.0178465 0.0111245 0.0275165
v 0.0192115 0.0075705 0.0246445
v 0.0200405 0.0054695 0.0240655
v 0.0195955 0.0069015 0.0258745
v 0.0189355 0.0089785 0.0261885
v 0.0193605 0.0081365 0.0276055
v 0.0200105 0.0053695 0.0267005
v 0.0203005 0.0044465 0.0248645
v 0.0195885 0.0069435 0.0270365
v 0.0199105 0.0044185 0.0268035
v 0.0198405 0.0049215 0.0273405
v 0.0203575 0.0065635 0.0171055
v 0.0201685 0.0061575 0.0176695
v 0.0194315 0.0070195 0.0178315
v 0.0201355 0.0054005 0.0184725
v 0.0192655 0.0069895 0.0181645
v 0.0195625 0.0062235 0.0195615
v 0.0194185 0.0065985 0.0180995
v 0.0210375 0.0038165 0.0172675
v 0.0205585 0.0040205 0.0181825
v 0.0209475 0.0025125 0.0178645
v 0.0210545 0.0012365 0.0179615
v 0.0208435 0.0013185 0.0189405
v 0.0208495 0.0001345 0.0181595
v 0.0212255 -3.85e-05 0.0176105
v 0.0195755 0.0061155 0.0189265
v 0.0197835 0.0050695 0.0190595
v 0.0196935 0.0051995 0.0193925
v 0.0198755 0.0046375 0.0191955
v 0.0204245 0.0032725 0.0193005
v 0.0203355 0.0045595 0.0205965
v 0.0200155 0.0057865 0.0217255
v 0.0206155 0.0032525 0.0203875
v 0.0207035 0.0022755 0.0213545
v 0.0207845 0.0016795 0.0203805
v 0.0203785 0.0035585 0.0211935
v 0.0208395 0.0003515 0.0191735
v 0.0201485 0.0056645 0.0227535
v 0.0201925 0.0049815 0.0229545
v 0.0203645 0.0043025 0.0222555
v 0.0200745 0.0039075 0.0228875
v 0.0202355 0.0029915 0.0228995
v 0.0205105 0.0035805 0.0222495
v 0.0206285 0.0017505 0.0225945
v 0.0202005 0.0040275 0.0239055
v 0.0204945 0.0032515 0.0241645
v 0.0207805 0.0023655 0.0241345
v 0.0205065 0.0030665 0.0248585
v 0.0203285 0.0033585 0.0257935
v 0.0203175 0.0017905 0.0256335
v 0.0208505 0.0015505 0.0247945
v 0.0204795 0.0029245 0.0267235
v 0.0152135 0.0143305 0.0275395
v 0.0151925 0.0143315 0.0288605
v 0.0171165 0.0121105 0.0282305
v 0.0159625 0.0131985 0.0288855
v 0.0153275 0.0140135 0.0300905
v 0.0167825 0.0124515 0.0298305
v 0.0173795 0.0116725 0.0293715
v 0.0158885 0.0137035 0.0319605
v 0.0173855 0.0115205 0.0302555
v 0.0163425 0.0130795 0.0326085
v 0.0173045 0.0118945 0.0321315
v 0.0177195 0.0110425 0.0316005
v 0.0184935 0.0099975 0.0277585
v 0.0180605 0.0103495 0.0290245
v 0.0189625 0.0090395 0.0279095
v 0.0182865 0.0093195 0.0294125
v 0.0187745 0.0087325 0.0287535
v 0.0191695 0.0076635 0.0288315
v 0.0188575 0.0083875 0.0295445
v 0.0193155 0.0072015 0.0281915
v 0.0194865 0.0059935 0.0276955
v 0.0199565 0.0059125 0.0288525
v 0.0203725 0.0039555 0.0277365
v 0.0206105 0.0042305 0.0293035
v 0.0196975 0.0064375 0.0302725
v 0.0202355 0.0053475 0.0309055
v 0.0181015 0.0103605 0.0300185
v 0.0182505 0.0102495 0.0310095
v 0.0187745 0.0088775 0.0304915
v 0.0191965 0.0079985 0.0302995
v 0.0193025 0.0077695 0.0311285
v 0.0187775 0.0086175 0.0312655
v 0.0179645 0.0099465 0.0316515
v 0.0180555 0.0103145 0.0326675
v 0.0183715 0.0090935 0.0316945
v 0.0190485 0.0082815 0.0327045
v 0.0197445 0.0069835 0.0324845
v 0.0203235 0.0047905 0.0312955
v 0.0201715 0.0056285 0.0325625
v 0.0149535 0.0144435 0.0331035
v 0.0156055 0.0138795 0.0334595
v 0.0158835 0.0137045 0.0358385
v 0.0160565 0.0132635 0.0341925
v 0.0164335 0.0127205 0.0335075
v 0.0163125 0.0130555 0.0351135
v 0.0167565 0.0123105 0.0339555
v 0.0178605 0.0109425 0.0335505
v 0.0176545 0.0114935 0.0356945
v 0.0179505 0.0108135 0.0345935
v 0.0172025 0.0117115 0.0365875
v 0.0160005 0.0134475 0.0372755
v 0.0165445 0.0127655 0.0384115
v 0.0185475 0.0094685 0.0371605
v 0.0185325 0.0098495 0.0355155
v 0.0187855 0.0090435 0.0360665
v 0.0176415 0.0106905 0.0375455
v 0.0183265 0.0097505 0.0376115
v 0.0187625 0.0081755 0.0380995
v 0.0184255 0.0096605 0.0384345
v 0.0188365 0.0080245 0.0378325
v 0.0185985 0.0096225 0.0333255
v 0.0191265 0.0080915 0.0344055
v 0.0194985 0.0067615 0.0338515
v 0.0194715 0.0071375 0.0351375
v 0.0200505 0.0053405 0.0335625
v 0.0199645 0.0063715 0.0365405
v 0.0191475 0.0082915 0.0369025
v 0.0201505 0.0054385 0.0347325
v 0.0195165 0.0072625 0.0372405
v 0.0197795 0.0067365 0.0380745
v 0.0193895 0.0077475 0.0390375
v 0.0205185 0.0029055 0.0273275
v 0.0167665 0.0123595 0.0403285
v 0.0171995 0.0117455 0.0390875
v 0.0165145 0.0131105 0.0415445
v 0.0169705 0.0122475 0.0411515
v 0.0180515 0.0105305 0.0394155
v 0.0186345 0.0095065 0.0395125
v 0.0191905 0.0082105 0.0399945
v 0.0184335 0.0099435 0.0412515
v 0.0188235 0.0089605 0.0403625
v 0.0186805 0.0090905 0.0412215
v 0.0186845 0.0082375 0.0411105
v 0.0171075 0.0121265 0.0425775
v 0.0187725 0.0090955 0.0421305
v 0.0196845 0.0072495 0.0396655
v 0.0190795 0.0123845 0.0494375
v 0.0177175 0.0114145 0.0429735
v 0.0178395 0.0122785 0.0441015
v 0.0184745 0.0100025 0.0425915
v 0.0189505 0.0099205 0.0435805
v 0.0171095 0.0130775 0.0451215
v 0.0181335 0.0121405 0.0449935
v 0.0192715 0.0102075 0.0443105
v 0.0189165 0.0111065 0.0449135
v 0.0176785 0.0123085 0.0455225
v 0.0171445 0.0121145 0.0469435
v 0.0175165 0.0119405 0.0463605
v 0.0176285 0.0116805 0.0467405
v 0.0184695 0.0115675 0.0456315
v 0.0180855 0.0112335 0.0463135
v 0.0178655 0.0111375 0.0468345
v 0.0189405 0.0106515 0.0454955
v 0.0183085 0.0107865 0.0460795
v 0.0197435 0.0094595 0.0452345
v 0.0187315 0.0101595 0.0457445
v 0.0193015 0.0098045 0.0454765
v 0.0174075 0.0128165 0.0481135
v 0.0182665 0.0116585 0.0480095
v 0.0193595 0.0112565 0.0486195
v 0.0184045 0.0107655 0.0477195
v 0.0206795 0.0092855 0.0490205
v 0.0174125 0.0121135 0.0474615
v 0.0179585 0.0112965 0.0474615
v 0.0004835 -0.0216575 0.0072705
v 0.0026125 -0.0215145 0.0072935
v 0.0004215 -0.0215745 0.0097235
v 0.0036865 -0.0211575 0.0072945
v 0.0016145 -0.0213365 0.0095045
v 0.0030955 -0.0209495 0.0089325
v 0.0029335 -0.0205525 0.0101415
v 0.0020215 -0.0209825 0.0104235
v 0.0042365 -0.0206995 0.0081405
v 0.0052185 -0.0203365 0.0074465
v 0.0058895 -0.0201705 0.0070785
v 0.0038155 -0.0205765 0.0097135
v 0.0045255 -0.0205105 0.0107095
v 0.0060405 -0.0201395 0.0094965
v 0.0071345 -0.0197455 0.0081295
v 0.0030095 -0.0207955 0.0108405
v 0.0036085 -0.0204995 0.0104805
v 0.0038045 -0.0209095 0.0117055
v 0.0015645 -0.0210245 0.0110115
v 0.0052535 -0.0203325 0.0109205
v 0.0046895 -0.0207485 0.0120975
v 0.0068745 -0.0199965 0.0126055
v 0.0070675 -0.0195585 0.0104545
v 0.0072005 -0.0197185 0.0114805
v 0.0063785 -0.0200635 0.0136865
v 0.0043375 -0.0205815 0.0142495
v 0.0031745 -0.0209675 0.0127115
v 0.0075775 -0.0196645 0.0119055
v 0.0085755 -0.0190735 0.0126015
v 0.0052325 -0.0202885 0.0141715
v 0.0051345 -0.0206205 0.0156225
v 0.0069155 -0.0199735 0.0145545
v 0.0080345 -0.0191575 0.0137535
v 0.0189395 -0.0106265 0.0028235
v 0.0180975 -0.0118455 0.0002815
v 0.0144085 -0.0158735 0.0002795
v 0.0143325 -0.0156445 0.0011955
v 0.0154015 -0.0146565 0.0007815
v 0.0149705 -0.0148835 0.0013475
v 0.0176215 -0.0124535 -0.0012455
v 0.0167345 -0.0130975 0.0006955
v 0.0149395 -0.0153015 -0.0004895
v 0.0153885 -0.0146215 0.0026305
v 0.0183945 -0.0114355 0.0025295
v 0.0167035 -0.0128715 0.0026745
v 0.0159585 -0.0140195 0.0012355
v 0.0156675 -0.0142085 0.0032355
v 0.0201125 -0.0078515 0.0106885
v 0.0161365 -0.0139335 0.0050005
v 0.0151485 -0.0146955 0.0043985
v 0.0143925 -0.0156735 0.0054765
v 0.0155615 -0.0144995 0.0063165
v 0.0171045 -0.0127035 0.0055525
v 0.0173705 -0.0122195 0.0040065
v 0.0183135 -0.0116145 0.0053615
v 0.0168255 -0.0126925 0.0074225
v 0.0178005 -0.0119595 0.0073265
v 0.0157185 -0.0142445 0.0079535
v 0.0172215 -0.0120975 0.0085115
v 0.0165975 -0.0128675 0.0082545
v 0.0185665 -0.0112635 0.0079005
v 0.0183765 -0.0114305 0.0089825
v 0.0162395 -0.0136955 0.0095435
v 0.0170945 -0.0124225 0.0097855
v 0.0189675 -0.0106435 0.0105585
v 0.0087005 -0.0192335 0.0035485
v 0.0100815 -0.0187895 0.0030555
v 0.0106045 -0.0184605 0.0040995
v 0.0097515 -0.0188955 0.0047815
v 0.0103075 -0.0184935 0.0056855
v 0.0082525 -0.0192405 0.0055995
v 0.0114475 -0.0179615 0.0042875
v 0.0115425 -0.0175395 0.0031105
v 0.0127185 -0.0169995 0.0040245
v 0.0114615 -0.0176835 0.0070385
v 0.0097215 -0.0188925 0.0067205
v 0.0121675 -0.0175585 0.0053545
v 0.0067825 -0.0200425 0.0047685
v 0.0079255 -0.0196265 0.0033755
v 0.0070185 -0.0198235 0.0061905
v 0.0079145 -0.0195925 0.0072705
v 0.0090125 -0.0192385 0.0073335
v 0.0078745 -0.0194805 0.0083135
v 0.0105755 -0.0183105 0.0074145
v 0.0122635 -0.0172375 0.0021495
v 0.0127965 -0.0168295 0.0010195
v 0.0114785 -0.0176575 0.0020325
v 0.0135325 -0.0162735 0.0007955
v 0.0131365 -0.0167885 0.0027405
v 0.0137615 -0.0162715 0.0034215
v 0.0131825 -0.0166675 0.0051145
v 0.0123345 -0.0171945 0.0065805
v 0.0126075 -0.0171245 0.0076895
v 0.0121165 -0.0174395 0.0087655
v 0.0109375 -0.0182005 0.0090615
v 0.0132385 -0.0162495 0.0065895
v 0.0128475 -0.0169465 0.0087555
v 0.0143405 -0.0157315 0.0078395
v 0.0111665 -0.0176945 0.0103445
v 0.0121135 -0.0172905 0.0098945
v 0.0124235 -0.0171645 0.0108055
v 0.0138415 -0.0158655 0.0087425
v 0.0126715 -0.0168015 0.0094715
v 0.0132115 -0.0160015 0.0091965
v 0.0136075 -0.0161045 0.0104595
v 0.0138395 -0.0155485 0.0098255
v 0.0137185 -0.0159625 0.0120905
v 0.0074165 -0.0198345 0.0091845
v 0.0083825 -0.0194685 0.0093475
v 0.0085465 -0.0194165 0.0104315
v 0.0093765 -0.0187315 0.0080675
v 0.0091355 -0.0188485 0.0089855
v 0.0101385 -0.0184605 0.0095465
v 0.0102895 -0.0183735 0.0103925
v 0.0089925 -0.0192875 0.0116445
v 0.0105395 -0.0185495 0.0115525
v 0.0097235 -0.0188455 0.0125435
v 0.0112855 -0.0181955 0.0123445
v 0.0105945 -0.0184385 0.0132925
v 0.0146855 -0.0152235 0.0069555
v 0.0155035 -0.0145545 0.0089755
v 0.0152075 -0.0145995 0.0103955
v 0.0147865 -0.0149505 0.0098105
v 0.0092575 -0.0190015 0.0142145
v 0.0075895 -0.0197975 0.0160945
v 0.0083395 -0.0193585 0.0154535
v 0.0085945 -0.0192995 0.0170175
v 0.0074545 -0.0197335 0.0184005
v 0.0098835 -0.0188515 0.0184285
v 0.0087475 -0.0192105 0.0200035
v 0.0097595 -0.0186515 0.0204615
v 0.0095105 -0.0188215 0.0214835
v 0.0111025 -0.0178145 0.0210925
v 0.0095595 -0.0186745 0.0220805
v 0.0101125 -0.0185335 0.0228245
v 0.0112105 -0.0178165 0.0222925
v 0.0108385 -0.0180045 0.0240725
v 0.0095395 -0.0188995 0.0239345
v 0.0094915 -0.0187365 0.0248015
v 0.0182795 -0.0116045 0.0106135
v 0.0167585 -0.0126775 0.0109595
v 0.0158805 -0.0138915 0.0106395
v 0.0172225 -0.0124875 0.0118225
v 0.0156695 -0.0139375 0.0122225
v 0.0169685 -0.0125545 0.0128995
v 0.0183795 -0.0114505 0.0128155
v 0.0175555 -0.0121905 0.0141885
v 0.0189695 -0.0091645 0.0202385
v 0.0182625 -0.0105525 0.0186015
v 0.0186805 -0.0093765 0.0187155
v 0.0180805 -0.0110475 0.0196425
v 0.0213315 -0.0019075 0.0171715
v 0.0210245 -0.0045245 0.0167875
v 0.0198515 -0.0085395 0.0167805
v 0.0203975 -0.0064055 0.0174205
v 0.0208655 -0.0047495 0.0175785
v 0.0183595 -0.0114085 0.0153255
v 0.0174875 -0.0118975 0.0158475
v 0.0190395 -0.0104585 0.0162895
v 0.0183375 -0.0113095 0.0164965
v 0.0198275 -0.0064825 0.0181825
v 0.0196205 -0.0073675 0.0181965
v 0.0197945 -0.0082575 0.0175565
v 0.0192675 -0.0096025 0.0176005
v 0.0192755 -0.0081925 0.0185925
v 0.0185565 -0.0109035 0.0172705
v 0.0184665 -0.0102285 0.0180645
v 0.0178175 -0.0113455 0.0178375
v 0.0151445 -0.0147745 0.0135155
v 0.0147635 -0.0149855 0.0122855
v 0.0119805 -0.0177425 0.0128195
v 0.0132605 -0.0165765 0.0125645
v 0.0127685 -0.0169395 0.0137735
v 0.0150435 -0.0149695 0.0114425
v 0.0139355 -0.0159855 0.0137395
v 0.0136085 -0.0163165 0.0144415
v 0.0156615 -0.0134995 0.0141455
v 0.0162135 -0.0132155 0.0136025
v 0.0150305 -0.0145005 0.0142495
v 0.0150525 -0.0146885 0.0149045
v 0.0144055 -0.0152065 0.0143505
v 0.0137445 -0.0162885 0.0150895
v 0.0139435 -0.0160145 0.0163405
v 0.0131415 -0.0167865 0.0160295
v 0.0158215 -0.0138025 0.0157535
v 0.0147025 -0.0151195 0.0159015
v 0.0147285 -0.0145985 0.0172405
v 0.0111815 -0.0179315 0.0137675
v 0.0108405 -0.0182365 0.0147885
v 0.0095315 -0.0185935 0.0163135
v 0.0090415 -0.0190145 0.0150985
v 0.0102545 -0.0181335 0.0156785
v 0.0118925 -0.0175225 0.0153145
v 0.0103875 -0.0180225 0.0166815
v 0.0114325 -0.0174035 0.0162395
v 0.0108005 -0.0179605 0.0172905
v 0.0124265 -0.0169295 0.0166145
v 0.0121305 -0.0172615 0.0173005
v 0.0113175 -0.0177475 0.0186345
v 0.0106305 -0.0183335 0.0182065
v 0.0131905 -0.0162845 0.0171645
v 0.0165625 -0.0128355 0.0157875
v 0.0163325 -0.0129085 0.0165565
v 0.0171825 -0.0120485 0.0178115
v 0.0165025 -0.0130855 0.0182795
v 0.0157155 -0.0136765 0.0173755
v 0.0151705 -0.0142955 0.0166445
v 0.0140895 -0.0155715 0.0170845
v 0.0143045 -0.0153885 0.0177085
v 0.0150395 -0.0138995 0.0179365
v 0.0153005 -0.0142685 0.0191855
v 0.0147935 -0.0149775 0.0188325
v 0.0142265 -0.0159075 0.0190285
v 0.0173935 -0.0120725 0.0186255
v 0.0170995 -0.0125795 0.0197255
v 0.0172665 -0.0121975 0.0208845
v 0.0159525 -0.0136735 0.0193465
v 0.0148195 -0.0150035 0.0200135
v 0.0156395 -0.0137275 0.0205965
v 0.0154255 -0.0142215 0.0219775
v 0.0145885 -0.0153625 0.0223265
v 0.0131505 -0.0165695 0.0180685
v 0.0121615 -0.0173035 0.0192505
v 0.0115025 -0.0175265 0.0202015
v 0.0134725 -0.0164745 0.0198365
v 0.0126735 -0.0170445 0.0201005
v 0.0121905 -0.0171665 0.0208305
v 0.0104965 -0.0183415 0.0196915
v 0.0134825 -0.0162235 0.0209215
v 0.0123875 -0.0170785 0.0218115
v 0.0124735 -0.0167345 0.0232405
v 0.0142435 -0.0154385 0.0237175
v 0.0116685 -0.0175325 0.0241985
v -0.0016345 -0.0214895 0.0086975
v -0.0012935 -0.0214145 0.0109535
v -0.0025425 -0.0209535 0.0126485
v -0.0005975 -0.0211265 0.0115165
v -0.0036435 -0.0206985 0.0129175
v -0.0018135 -0.0209535 0.0123475
v -0.0017915 -0.0209725 0.0137045
v -4.85e-05 -0.0207545 0.0131805
v 0.0007015 -0.0208565 0.0141985
v -0.0014435 -0.0209415 0.0152375
v 0.0007325 -0.0209305 0.0123755
v 0.0013945 -0.0206715 0.0131735
v -0.0017715 -0.0208515 0.0164335
v -0.0006815 -0.0211525 0.0176065
v -0.0001635 -0.0210295 0.0153165
v 0.0007735 -0.0209175 0.0149685
v 9.95e-05 -0.0210205 0.0168215
v 0.0026245 -0.0203915 0.0158215
v 0.0014725 -0.0208395 0.0169515
v 0.0024375 -0.0207645 0.0138385
v 0.0031215 -0.0206625 0.0146895
v 0.0042475 -0.0206585 0.0160925
v -0.0009065 -0.0210885 0.0185395
v -0.0004955 -0.0208845 0.0195655
v -0.0006325 -0.0209745 0.0211155
v 0.0024265 -0.0207065 0.0177845
v 0.0006315 -0.0210055 0.0187545
v 0.0012265 -0.0209645 0.0203715
v -0.0010535 -0.0209615 0.0234345
v 0.0010815 -0.0207405 0.0218715
v -0.0001475 -0.0209885 0.0230385
v 0.0027195 -0.0207595 0.0197605
v 0.0029245 -0.0207545 0.0191315
v 0.0044125 -0.0206265 0.0194335
v 0.0028045 -0.0209355 0.0213185
v 0.0019975 -0.0208075 0.0223425
v 0.0038625 -0.0203845 0.0167735
v 0.0056725 -0.0203045 0.0168515
v 0.0040415 -0.0203195 0.0181695
v 0.0053655 -0.0203645 0.0182455
v 0.0052545 -0.0203005 0.0202505
v 0.0061065 -0.0202855 0.0193855
v 0.0063215 -0.0197345 0.0209805
v 0.0039415 -0.0205565 0.0223625
v 0.0074575 -0.0196895 0.0201815
v 0.0009035 -0.0210405 0.0239065
v 0.0008255 -0.0208485 0.0256525
v 0.0023155 -0.0209405 0.0237365
v 0.0039905 -0.0203765 0.0234355
v 0.0021635 -0.0206405 0.0246795
v 0.0027765 -0.0208055 0.0262005
v 0.0030715 -0.0206245 0.0249545
v 0.0037405 -0.0206835 0.0242885
v 0.0010695 -0.0206665 0.0279365
v 0.0013115 -0.0208975 0.0269315
v 0.0023395 -0.0207715 0.0273115
v 0.0057275 -0.0203695 0.0247175
v 0.0045815 -0.0204665 0.0260785
v 0.0053705 -0.0202015 0.0254535
v 0.0013945 -0.0208565 0.0287045
v 0.0029425 -0.0208005 0.0279585
v 0.0040095 -0.0206235 0.0272105
v 0.0046195 -0.0203515 0.0276025
v -0.0003035 -0.0207915 0.0275395
v -0.0005475 -0.0208435 0.0282715
v 0.0054555 -0.0202535 0.0217925
v 0.0065565 -0.0199395 0.0223215
v 0.0062885 -0.0201325 0.0238015
v 0.0083535 -0.0193345 0.0219665
v 0.0062665 -0.0198925 0.0256475
v 0.0075325 -0.0195815 0.0252015
v 0.0080535 -0.0193275 0.0244665
v 0.0078865 -0.0195295 0.0262305
v 0.0060045 -0.0201835 0.0267445
v 0.0112765 -0.0175085 0.0252855
v 0.0104025 -0.0183785 0.0261555
v 0.0114365 -0.0175825 0.0267175
v 0.0117675 -0.0168825 0.0258185
v 0.0123095 -0.0164205 0.0260705
v 0.0117075 -0.0174685 0.0275565
v 0.0110045 -0.0181095 0.0276365
v 0.0122525 -0.0171385 0.0274545
v 0.0115755 -0.0173355 0.0280345
v 0.0108855 -0.0174825 0.0284105
v 0.0117845 -0.0169805 0.0292465
v 0.0125885 -0.0166985 0.0287505
v 0.0116945 -0.0171125 0.0295755
v 0.0124805 -0.0163265 0.0299335
v 0.0131775 -0.0157345 0.0296495
v 0.0131795 -0.0157845 0.0299825
v 0.0125325 -0.0167605 0.0304185
v 0.0137875 -0.0156685 0.0305235
v 0.0120885 -0.0172785 0.0307885
v 0.0125345 -0.0164895 0.0317485
v 0.0135795 -0.0160355 0.0312515
v 0.0134625 -0.0153855 0.0320315
v 0.0150135 -0.0141735 0.0319455
v 0.0143335 -0.0146435 0.0317355
v 0.0132405 -0.0156165 0.0327815
v 0.0124195 -0.0168975 0.0329675
v 0.0147775 -0.0147555 0.0331645
v 0.0129585 -0.0164675 0.0334845
v 0.0143595 -0.0154555 0.0339645
v 0.0138655 -0.0159615 0.0343145
v 0.0209075 -0.0012475 0.0179525
v 0.0207565 -0.0025555 0.0182315
v 0.0207795 -0.0005885 0.0180285
v 0.0207875 -0.0008295 0.0187645
v 0.0207005 -0.0019775 0.0195085
v 0.0206045 -0.0033915 0.0181355
v 0.0204455 -0.0049175 0.0182375
v 0.0205905 -0.0037695 0.0190115
v 0.0202045 -0.0052765 0.0192675
v 0.0202745 -0.0027155 0.0203545
v 0.0201755 -0.0046905 0.0204145
v 0.0206755 -8.95e-05 0.0199335
v 0.0207515 -0.0007195 0.0211715
v 0.0206095 -0.0015655 0.0205035
v 0.0208695 0.0005085 0.0220135
v 0.0205145 -0.0011015 0.0225015
v 0.0205175 -0.0021645 0.0215595
v 0.0206265 -0.0031005 0.0217575
v 0.0204455 -0.0049075 0.0222415
v 0.0206665 -0.0028985 0.0229695
v 0.0200645 -0.0058845 0.0183895
v 0.0196465 -0.0074335 0.0204855
v 0.0190365 -0.0085055 0.0192755
v 0.0193725 -0.0083675 0.0226045
v 0.0186495 -0.0097205 0.0219825
v 0.0181765 -0.0101745 0.0209025
v 0.0199585 -0.0064115 0.0220345
v 0.0196465 -0.0073815 0.0231615
v 0.0184365 -0.0098165 0.0233565
v 0.0191565 -0.0083735 0.0242175
v 0.0203605 -0.0055285 0.0242195
v 0.0196355 -0.0073235 0.0251755
v 0.0207995 0.0014165 0.0235415
v 0.0205955 0.0001215 0.0236285
v 0.0207905 -0.0012325 0.0244765
v 0.0208855 -0.0001755 0.0253345
v 0.0206665 -0.0024415 0.0244065
v 0.0205855 -0.0041815 0.0252355
v 0.0205045 -0.0015395 0.0255635
v 0.0207235 -0.0032725 0.0255595
v 0.0206175 0.0006065 0.0257575
v 0.0206745 -0.0007215 0.0261655
v 0.0204325 0.0015295 0.0264485
v 0.0207085 0.0002995 0.0266935
v 0.0208495 0.0016675 0.0285635
v 0.0208115 -0.0019965 0.0267055
v 0.0207965 -0.0009025 0.0278725
v 0.0207465 -0.0024585 0.0275075
v 0.0208275 -0.0027045 0.0291605
v 0.0205135 -0.0043855 0.0266125
v 0.0201575 -0.0056455 0.0257215
v 0.0191785 -0.0083975 0.0256615
v 0.0198185 -0.0069025 0.0269505
v 0.0192515 -0.0076415 0.0277525
v 0.0202215 -0.0054215 0.0272725
v 0.0201575 -0.0052635 0.0284395
v 0.0205765 -0.0038505 0.0283355
v 0.0204595 -0.0048725 0.0296465
v 0.0195635 -0.0065365 0.0282155
v 0.0196525 -0.0072855 0.0293235
v 0.0202885 -0.0054865 0.0295845
v 0.0194655 -0.0069705 0.0306095
v 0.0177055 -0.0109605 0.0214255
v 0.0171925 -0.0113495 0.0220815
v 0.0165635 -0.0129715 0.0216695
v 0.0178075 -0.0107895 0.0226715
v 0.0175245 -0.0116535 0.0235095
v 0.0169385 -0.0118985 0.0221655
v 0.0164595 -0.0130195 0.0226155
v 0.0157815 -0.0138395 0.0227125
v 0.0151605 -0.0142645 0.0232555
v 0.0168665 -0.0124545 0.0233835
v 0.0159375 -0.0133985 0.0234405
v 0.0163615 -0.0128995 0.0241555
v 0.0152475 -0.0145185 0.0247515
v 0.0160205 -0.0131355 0.0254475
v 0.0165495 -0.0128505 0.0264115
v 0.0158765 -0.0135085 0.0263365
v 0.0162025 -0.0128515 0.0272015
v 0.0181855 -0.0104965 0.0239855
v 0.0172015 -0.0115525 0.0246905
v 0.0185985 -0.0098155 0.0248625
v 0.0181585 -0.0104325 0.0255495
v 0.0165695 -0.0125035 0.0248495
v 0.0170365 -0.0122535 0.0258515
v 0.0135535 -0.0159265 0.0247955
v 0.0134995 -0.0157755 0.0257195
v 0.0148405 -0.0149495 0.0256295
v 0.0123585 -0.0168245 0.0252845
v 0.0138415 -0.0155955 0.0264345
v 0.0148835 -0.0146605 0.0265165
v 0.0141925 -0.0153545 0.0283705
v 0.0160815 -0.0134355 0.0281025
v 0.0152175 -0.0145885 0.0279045
v 0.0132815 -0.0160525 0.0267245
v 0.0131255 -0.0164505 0.0279695
v 0.0171065 -0.0119435 0.0270955
v 0.0166705 -0.0120435 0.0278725
v 0.0169235 -0.0125275 0.0289525
v 0.0170175 -0.0116915 0.0283315
v 0.0179525 -0.0109175 0.0275145
v 0.0174325 -0.0109175 0.0287205
v 0.0172165 -0.0113505 0.0288545
v 0.0186425 -0.0095265 0.0260055
v 0.0183775 -0.0102135 0.0268555
v 0.0189125 -0.0087375 0.0285955
v 0.0185105 -0.0094665 0.0288335
v 0.0177605 -0.0097835 0.0299125
v 0.0174655 -0.0101495 0.0295485
v 0.0189365 -0.0087935 0.0296165
v 0.0184085 -0.0094395 0.0305755
v 0.0191725 -0.0086025 0.0304025
v 0.0172655 -0.0104215 0.0296745
v 0.0173945 -0.0114405 0.0305745
v 0.0169955 -0.0122705 0.0307295
v 0.0174525 -0.0114545 0.0319305
v 0.0176965 -0.0104685 0.0306875
v 0.0180115 -0.0101625 0.0317075
v 0.0192485 -0.0082655 0.0310445
v 0.0149445 -0.0146255 0.0286215
v 0.0147305 -0.0150175 0.0298495
v 0.0157145 -0.0137945 0.0295995
v 0.0138845 -0.0155465 0.0291625
v 0.0143465 -0.0153015 0.0311145
v 0.0152165 -0.0144225 0.0311585
v 0.0164505 -0.0131675 0.0313985
v 0.0156515 -0.0136705 0.0329515
v 0.0171205 -0.0121855 0.0330575
v 0.0151805 -0.0144395 0.0340005
v 0.0207245 0.0031655 0.0301265
v 0.0207465 0.0028225 0.0318005
v 0.0201185 0.0045605 0.0326065
v 0.0200945 0.0041405 0.0339165
v 0.0203075 0.0037575 0.0322885
v 0.0206135 0.0018185 0.0331725
v 0.0208085 0.0014445 0.0318915
v 0.0204705 0.0031865 0.0339605
v 0.0206145 0.0023865 0.0337635
v 0.0204255 0.0042375 0.0350735
v 0.0204295 0.0046565 0.0361625
v 0.0208865 0.0025695 0.0358975
v 0.0207745 0.0010995 0.0339395
v 0.0208285 0.0002265 0.0345535
v 0.0207775 0.0004555 0.0355375
v 0.0208885 0.0020195 0.0369395
v 0.0201125 0.0056675 0.0376835
v 0.0202035 0.0050375 0.0384505
v 0.0202375 0.0040815 0.0371425
v 0.0205265 0.0030425 0.0370185
v 0.0206875 0.0029785 0.0380345
v 0.0210385 0.0012165 0.0377165
v 0.0205935 0.0037535 0.0395995
v 0.0207785 0.0021645 0.0397155
v 0.0210045 -0.0010705 0.0362595
v 0.0208545 -0.0001435 0.0394565
v 0.0209375 -0.0010935 0.0377725
v 0.0208995 -0.0025945 0.0380145
v 0.0207375 -0.0020525 0.0389985
v 0.0208885 -0.0017675 0.0403915
v 0.0207235 -0.0033075 0.0397005
v 0.0206845 -0.0026825 0.0407795
v 0.0200735 -0.0037375 0.0408585
v 0.0203915 -0.0042655 0.0400995
v 0.0145895 -0.0146945 0.0346835
v 0.0141335 -0.0154395 0.0351455
v 0.0134485 -0.0160885 0.0357645
v 0.0151505 -0.0144535 0.0363405
v 0.0157995 -0.0132765 0.0353525
v 0.0163265 -0.0131665 0.0362035
v 0.0143195 -0.0153825 0.0358375
v 0.0151145 -0.0144955 0.0371075
v 0.0160505 -0.0134425 0.0373925
v 0.0150345 -0.0140985 0.0381895
v 0.0153605 -0.0136325 0.0392105
v 0.0164385 -0.0129415 0.0397665
v 0.0168795 -0.0125165 0.0386145
v 0.0145735 -0.0149625 0.0385835
v 0.0149445 -0.0141175 0.0399555
v 0.0198545 -0.0040855 0.0410965
v 0.0200745 -0.0044675 0.0405665
v 0.0199855 -0.0051275 0.0412865
v 0.0199545 -0.0054965 0.0408235
v 0.0200635 -0.0048705 0.0417885
v 0.0192135 -0.0078095 0.0420055
v 0.0185765 -0.0097775 0.0418105
v 0.0193315 -0.0083015 0.0399185
v 0.0185285 -0.0099585 0.0406455
v 0.0174665 -0.0115365 0.0380165
v 0.0154395 -0.0138385 0.0407685
v 0.0172305 -0.0119865 0.0412365
v 0.0178845 -0.0108605 0.0412495
v 0.0175155 -0.0111215 0.0417805
v 0.0171385 -0.0119245 0.0419215
v 0.0208025 0.0030865 0.0286305
v 0.0209195 0.0003715 0.0290325
v 0.0208645 0.0018235 0.0303495
v 0.0205085 -0.0007175 0.0300025
v 0.0207285 -0.0017415 0.0296055
v 0.0205175 0.0001445 0.0306755
v 0.0206915 0.0010855 0.0309815
v 0.0209935 -0.0002515 0.0320605
v 0.0209265 -0.0011565 0.0315355
v 0.0208035 -0.0026025 0.0299905
v 0.0205405 -0.0041655 0.0306495
v 0.0208335 -0.0027675 0.0316745
v 0.0204325 -0.0045515 0.0324635
v 0.0203205 -0.0054165 0.0307365
v 0.0200785 -0.0060855 0.0323345
v 0.0194595 -0.0076775 0.0318315
v 0.0206765 -0.0022115 0.0332355
v 0.0203545 -0.0042195 0.0333735
v 0.0204905 -0.0033465 0.0339185
v 0.0208635 -0.0012805 0.0348955
v 0.0208495 -0.0019365 0.0349155
v 0.0205115 -0.0028525 0.0338725
v 0.0201395 -0.0051985 0.0337085
v 0.0200735 -0.0060745 0.0332825
v 0.0198245 -0.0064545 0.0343105
v 0.0208485 -0.0031985 0.0352915
v 0.0205285 -0.0045255 0.0348485
v 0.0199495 -0.0062305 0.0355375
v 0.0204475 -0.0050325 0.0356455
v 0.0198335 -0.0063995 0.0360875
v 0.0206815 -0.0036205 0.0366745
v 0.0202775 -0.0048005 0.0374915
v 0.0202375 -0.0054765 0.0369435
v 0.0203785 -0.0045765 0.0382335
v 0.0189095 -0.0086725 0.0324385
v 0.0185695 -0.0094635 0.0319265
v 0.0197905 -0.0071465 0.0329845
v 0.0190805 -0.0085185 0.0333685
v 0.0181835 -0.0105095 0.0326805
v 0.0176245 -0.0112495 0.0337105
v 0.0181265 -0.0101655 0.0340455
v 0.0189795 -0.0089415 0.0346095
v 0.0182545 -0.0104585 0.0351925
v 0.0193255 -0.0074625 0.0341745
v 0.0195585 -0.0075865 0.0348565
v 0.0194285 -0.0082295 0.0359745
v 0.0175285 -0.0114345 0.0358895
v 0.0185235 -0.0099015 0.0355635
v 0.0188765 -0.0085365 0.0365505
v 0.0191285 -0.0088405 0.0358925
v 0.0186895 -0.0089955 0.0366645
v 0.0183885 -0.0094075 0.0362525
v 0.0178325 -0.0109025 0.0369285
v 0.0186115 -0.0098275 0.0378075
v 0.0161415 -0.0130465 0.0341205
v 0.0170125 -0.0120945 0.0337945
v 0.0165305 -0.0123725 0.0349725
v 0.0171985 -0.0119825 0.0366575
v 0.0198385 -0.0064945 0.0372475
v 0.0193435 -0.0072105 0.0367155
v 0.0197205 -0.0068715 0.0378275
v 0.0191075 -0.0079615 0.0371845
v 0.0195285 -0.0080555 0.0383685
v 0.0199255 -0.0057655 0.0379725
v 0.0197925 -0.0065595 0.0392345
v 0.0188345 -0.0092415 0.0391485
v 0.0203545 -0.0052705 0.0395775
v 0.0199155 -0.0061355 0.0399485
v 0.0196105 -0.0073015 0.0403815
v 0.0196465 -0.0069085 0.0421875
v 0.0039295 -0.0204765 0.0290235
v 0.0014265 -0.0207205 0.0294085
v 0.0044455 -0.0203005 0.0293665
v 0.0047115 -0.0200305 0.0302925
v 0.0053145 -0.0203025 0.0289705
v 0.0060955 -0.0199945 0.0294585
v 0.0053395 -0.0201335 0.0310785
v 0.0044055 -0.0204385 0.0313325
v 0.0052605 -0.0202375 0.0324095
v 0.0062075 -0.0199155 0.0330145
v 0.0017905 -0.0207425 0.0308565
v 0.0029735 -0.0207495 0.0298915
v 0.0033985 -0.0206845 0.0308435
v 0.0021145 -0.0208945 0.0317615
v 0.0035845 -0.0206335 0.0327795
v 0.0032375 -0.0207345 0.0342845
v 0.0050505 -0.0200435 0.0335615
v 0.0070975 -0.0194455 0.0277095
v 0.0068415 -0.0198545 0.0271015
v 0.0083905 -0.0193385 0.0273835
v 0.0084035 -0.0191115 0.0288025
v 0.0054845 -0.0202195 0.0275965
v 0.0063025 -0.0197135 0.0278595
v 0.0066065 -0.0197865 0.0286585
v 0.0093445 -0.0189165 0.0256255
v 0.0093195 -0.0190595 0.0274435
v 0.0099405 -0.0186625 0.0276375
v 0.0094315 -0.0187945 0.0302765
v 0.0094765 -0.0187525 0.0289235
v 0.0069365 -0.0199235 0.0303285
v 0.0065395 -0.0197235 0.0315335
v 0.0077505 -0.0195025 0.0311435
v 0.0103175 -0.0180405 0.0284575
v 0.0109355 -0.0180375 0.0299025
v 0.0081555 -0.0194035 0.0331675
v 0.0060725 -0.0200085 0.0345685
v 0.0068885 -0.0198135 0.0355475
v 0.0077705 -0.0192855 0.0344835
v 0.0078965 -0.0194945 0.0357875
v 0.0070295 -0.0194485 0.0367795
v 0.0086975 -0.0189835 0.0368115
v 0.0038095 -0.0203105 0.0355435
v 0.0033415 -0.0206155 0.0365315
v 0.0048005 -0.0202865 0.0348555
v 0.0056565 -0.0201305 0.0364075
v 0.0050215 -0.0203635 0.0370785
v 0.0030435 -0.0207805 0.0386175
v 0.0032555 -0.0205285 0.0397285
v 0.0062715 -0.0200285 0.0386415
v 0.0050795 -0.0203995 0.0383835
v 0.0062665 -0.0199785 0.0375375
v 0.0083605 -0.0191665 0.0378365
v 0.0094145 -0.0187965 0.0314415
v 0.0092275 -0.0188395 0.0333915
v 0.0103215 -0.0179315 0.0325865
v 0.0100865 -0.0181765 0.0342915
v 0.0106735 -0.0179775 0.0314945
v 0.0119175 -0.0171895 0.0314395
v 0.0116025 -0.0173745 0.0328885
v 0.0090795 -0.0186605 0.0349925
v 0.0096225 -0.0185375 0.0367465
v 0.0103605 -0.0181025 0.0360315
v 0.0106595 -0.0177735 0.0354955
v 0.0108855 -0.0176465 0.0344185
v 0.0124395 -0.0169205 0.0346945
v 0.0118355 -0.0170875 0.0358265
v 0.0051215 -0.0201585 0.0391965
v 0.0038185 -0.0205525 0.0409735
v 0.0052825 -0.0201075 0.0401785
v 0.0038585 -0.0202565 0.0419625
v 0.0076815 -0.0195875 0.0387695
v 0.0072325 -0.0198215 0.0387315
v 0.0083405 -0.0189895 0.0388695
v 0.0069105 -0.0199615 0.0403945
v 0.0093005 -0.0183835 0.0400225
v 0.0090195 -0.0186035 0.0387155
v 0.0087415 -0.0189645 0.0408895
v 0.0079225 -0.0192285 0.0415885
v 0.0068185 -0.0194585 0.0413275
v 0.0073515 -0.0195605 0.0425385
v 0.0071635 -0.0198405 0.0434265
v 0.0084585 -0.0188765 0.0426405
v 0.0086055 -0.0187945 0.0420825
v 0.0098895 -0.0183045 0.0422185
v 0.0113585 -0.0177215 0.0363185
v 0.0109165 -0.0179775 0.0381095
v 0.0106075 -0.0177985 0.0393485
v 0.0123195 -0.0170605 0.0368375
v 0.0117265 -0.0170375 0.0390045
v 0.0136135 -0.0160595 0.0372015
v 0.0127665 -0.0165795 0.0377625
v 0.0130035 -0.0162785 0.0387125
v 0.0103465 -0.0178415 0.0406375
v 0.0118525 -0.0172525 0.0407515
v 0.0110505 -0.0173575 0.0424835
v 0.0142285 -0.0153605 0.0380705
v 0.0139535 -0.0157795 0.0401985
v 0.0146905 -0.0147545 0.0398305
v 0.0080345 -0.0213265 0.0497975
v 0.0079195 -0.0212315 0.0489235
v 0.0099905 -0.0204855 0.0491935
v 0.0137635 -0.0154995 0.0421365
v 0.0129815 -0.0162465 0.0414575
v 0.0140165 -0.0151495 0.0415415
v 0.0127115 -0.0164095 0.0422405
v 0.0116715 -0.0170575 0.0422195
v 0.0120035 -0.0170475 0.0427785
v 0.0145205 -0.0148545 0.0407615
v 0.0150895 -0.0140065 0.0422075
v 0.0154635 -0.0142525 0.0432945
v 0.0061165 -0.0219505 0.0494245
v 0.0201645 0.0054795 0.0404505
v 0.0198795 0.0064375 0.0409795
v 0.0192595 0.0073555 0.0413845
v 0.0201815 0.0051025 0.0413495
v 0.0202495 0.0038835 0.0418765
v 0.0204905 0.0031325 0.0422655
v 0.0208035 0.0020505 0.0406815
v 0.0209295 0.0019185 0.0424315
v 0.0199715 0.0055445 0.0426595
v 0.0199515 0.0050125 0.0421535
v 0.0196115 0.0059965 0.0420815
v 0.0208855 0.0025895 0.0432055
v 0.0208755 -0.0002325 0.0407005
v 0.0210155 0.0004665 0.0415645
v 0.0209605 -0.0011195 0.0425705
v 0.0210665 -0.0006995 0.0419705
v 0.0207605 0.0004405 0.0432485
v 0.0204075 -0.0029515 0.0414525
v 0.0205975 -0.0022905 0.0420185
v 0.0227345 0.0012295 0.0489745
v 0.0225485 0.0036195 0.0494195
v 0.0227765 0.0019275 0.0497765
v 0.0228455 -0.0011315 0.0493815
v 0.0228705 0.0001585 0.0527045
v 0.0203575 -0.0034415 0.0417945
v 0.0210075 -0.0034825 0.0432345
v 0.0202155 -0.0052865 0.0430995
v 0.0202815 -0.0066885 0.0437675
v 0.0226095 -0.0015675 0.0487275
v 0.0225615 -0.0036695 0.0491355
v 0.0226345 -0.0033905 0.0527705
v 0.0222405 -0.0053495 0.0506075
v 0.0215465 -0.0076445 0.0575015
v 0.0208145 -0.0094445 0.0492345
v 0.0216795 -0.0071495 0.0491665
v 0.0195885 -0.0117215 0.0492635
v 0.0201855 -0.0107425 0.0503395
v 0.0193045 -0.0122835 0.0522935
v 0.0204145 -0.0102675 0.0564375
v 0.0204375 -0.0094985 0.0486775
v 0.0206005 0.0097315 0.0500295
v 0.0216645 0.0071765 0.0493015
v 0.0211895 0.0075575 0.0487515
v 0.0216935 0.0071635 0.0526115
v 0.0202645 0.0104165 0.0546105
v 0.0222345 0.0051625 0.0495265
v 0.0226095 0.0034155 0.0534095
v 0.0228155 0.0011135 0.0579795
v 0.0221935 0.0053805 0.0569325
v 0.0226605 0.0029805 0.0578775
v 0.0228195 -0.0011895 0.0577135
v 0.0213045 0.0080785 0.0581735
v 0.0222375 0.0045705 0.0624955
v 0.0211845 0.0079875 0.0624885
v 0.0218105 0.0060575 0.0632175
v 0.0225525 0.0026225 0.0626585
v 0.0225035 -0.0040235 0.0570595
v 0.0223305 -0.0045415 0.0595285
v 0.0227105 -0.0005605 0.0625865
v 0.0225085 -0.0031615 0.0626845
v 0.0219325 -0.0059555 0.0622035
v 0.0210865 -0.0082025 0.0634205
v 0.0203255 -0.0101225 0.0623245
v 0.0223425 -0.0033785 0.0634495
v 0.0220325 -0.0045645 0.0642155
v 0.0217705 -0.0061025 0.0636185
v 0.0216055 -0.0060955 0.0641875
v 0.0208245 -0.0078165 0.0646325
v 0.0113365 -0.0197875 0.0495595
v 0.0110825 -0.0199515 0.0527275
v 0.0084115 -0.0212135 0.0528925
v 0.0188625 -0.0123625 0.0486215
v 0.0183955 -0.0135205 0.0492085
v 0.0175085 -0.0146655 0.0500245
v 0.0153055 -0.0169535 0.0495255
v 0.0164055 -0.0155895 0.0489625
v 0.0164465 -0.0158325 0.0532755
v 0.0145195 -0.0176025 0.0553615
v 0.0129985 -0.0187465 0.0491645
v 0.0146565 -0.0171145 0.0486695
v 0.0112805 -0.0196045 0.0488165
v 0.0122095 -0.0192975 0.0565895
v 0.0103145 -0.0203685 0.0562085
v 0.0133205 -0.0184065 0.0610005
v 0.0176745 -0.0144925 0.0566705
v 0.0191865 -0.0123945 0.0579645
v 0.0156155 -0.0166105 0.0579195
v 0.0096585 -0.0205035 0.0626605
v 0.0116045 -0.0195335 0.0615695
v 0.0138045 -0.0178585 0.0636575
v 0.0150105 -0.0170335 0.0626895
v 0.0181975 -0.0135635 0.0630445
v 0.0164895 -0.0155755 0.0628015
v 0.0153105 -0.0077635 0.0664935
v 0.0181285 -0.0106845 0.0658915
v 0.0193815 -0.0080035 0.0658905
v 0.0181455 -0.0080325 0.0662845
v 0.0169065 -0.0129905 0.0657245
v 0.0161345 -0.0120495 0.0662345
v 0.0194665 -0.0094345 0.0654245
v 0.0133865 -0.0159395 0.0660125
v 0.0147955 -0.0142225 0.0661115
v 0.0136915 -0.0170845 0.0652075
v 0.0123945 -0.0177365 0.0654725
v 0.0168125 -0.0143075 0.0649225
v 0.0154755 -0.0162725 0.0641385
v 0.0172835 -0.0143415 0.0641655
v 0.0152965 -0.0150515 0.0656015
v 0.0148865 -0.0162955 0.0649105
v 0.0187135 -0.0113785 0.0651535
v 0.0191915 -0.0120345 0.0633015
v 0.0202485 -0.0100135 0.0636475
v 0.0197225 -0.0104845 0.0644705
v 0.0203975 -0.0073465 0.0653825
v 0.0183545 -0.0127305 0.0644595
v 0.0110445 -0.0197205 0.0635825
v 0.0126975 -0.0186765 0.0637435
v 0.0119075 -0.0190265 0.0641905
v 0.0107865 -0.0196475 0.0642855
v 0.0124495 -0.0183625 0.0647475
v 0.0134635 -0.0178735 0.0642865
v 0.0211195 0.0068625 0.0646625
v 0.0218315 0.0050345 0.0642265
v 0.0222275 0.0033845 0.0640655
v 0.0216495 0.0044525 0.0648085
v 0.0201455 0.0056775 0.0659015
v 0.0209265 0.0059985 0.0652535
v 0.0212155 0.0028745 0.0656155
v 0.0194265 -0.0024185 0.0663205
v 0.0219725 0.0019975 0.0649295
v 0.0224535 0.0017115 0.0639465
v 0.0213815 0.0006575 0.0656145
v 0.0213815 0.0006575 0.0656145
v 0.0203715 0.0019395 0.0660745
v 0.0203715 0.0019395 0.0660745
v 0.0206935 -0.0012195 0.0659895
v 0.0224895 -0.0005005 0.0640875
v 0.0219955 -0.0014255 0.0649685
v 0.0219955 -0.0014255 0.0649685
v 0.0213295 -0.0018555 0.0655665
v 0.0203495 -0.0044025 0.0659695
v 0.0216225 -0.0034895 0.0651675
v 0.0223615 -0.0025305 0.0639475
v 0.0219235 -0.0031785 0.0646865
v 0.0212525 -0.0052915 0.0651905
v 0.0158615 -0.0131625 0.0416525
v 0.0166805 -0.0124675 0.0419465
v 0.0187235 -0.0094615 0.0430315
v 0.0182495 -0.0103425 0.0430925
v 0.0164805 -0.0129445 0.0431265
v 0.0161855 -0.0136705 0.0437995
v 0.0168225 -0.0127455 0.0439585
v 0.0165335 -0.0132845 0.0449915
v 0.0175355 -0.0118615 0.0433375
v 0.0050965 -0.0198145 0.0413925
v 0.0060585 -0.0196955 0.0411185
v 0.0053765 -0.0202215 0.0433165
v 0.0042745 -0.0205665 0.0438535
v 0.0053115 -0.0205205 0.0441355
v 0.0049665 -0.0204795 0.0445915
v 0.0107455 -0.0169125 0.0459385
v 0.0107915 -0.0170395 0.0456245
v 0.0113325 -0.0167625 0.0456435
v 0.0114915 -0.0165605 0.0461565
v 0.0107535 -0.0170815 0.0463465
v 0.0047165 -0.0201195 0.0452525
v 0.0060045 -0.0206065 0.0451945
v 0.0067445 -0.0205765 0.0447185
v 0.0066375 -0.0205215 0.0454505
v 0.0059555 -0.0191995 0.0463345
v 0.0056035 -0.0189195 0.0468045
v 0.0060925 -0.0189695 0.0466295
v 0.0064855 -0.0201105 0.0459725
v 0.0072405 -0.0198945 0.0460595
v 0.0065645 -0.0190585 0.0464105
v 0.0075235 -0.0184615 0.0462585
v 0.0087045 -0.0190485 0.0433975
v 0.0087125 -0.0195385 0.0443295
v 0.0101235 -0.0183175 0.0428345
v 0.0097585 -0.0191465 0.0442085
v 0.0096005 -0.0192445 0.0446685
v 0.0079395 -0.0196985 0.0458265
v 0.0094565 -0.0190565 0.0453185
v 0.0075785 -0.0201575 0.0455425
v 0.0073385 -0.0183955 0.0463875
v 0.0073385 -0.0183955 0.0463875
v 0.0066385 -0.0187975 0.0467215
v 0.0073395 -0.0184325 0.0467685
v 0.0078565 -0.0181905 0.0465475
v 0.0080165 -0.0183375 0.0470375
v 0.0061375 -0.0189845 0.0470215
v 0.0066565 -0.0190725 0.0472935
v 0.0085965 -0.0206425 0.0484985
v 0.0057765 -0.0215955 0.0486815
v 0.0069825 -0.0197385 0.0478515
v 0.0082585 -0.0184225 0.0462275
v 0.0086745 -0.0182315 0.0462515
v 0.0082225 -0.0181565 0.0467765
v 0.0091025 -0.0179555 0.0466575
v 0.0098405 -0.0177675 0.0460575
v 0.0109265 -0.0182755 0.0446305
v 0.0106115 -0.0177015 0.0453495
v 0.0099635 -0.0175795 0.0464405
v 0.0082225 -0.0189845 0.0476305
v 0.0098245 -0.0203485 0.0487635
v 0.0139405 -0.0158825 0.0436545
v 0.0111455 -0.0181045 0.0435525
v 0.0128265 -0.0167855 0.0430305
v 0.0132015 -0.0171495 0.0437955
v 0.0124685 -0.0177635 0.0437755
v 0.0110825 -0.0175905 0.0452075
v 0.0119455 -0.0174625 0.0452165
v 0.0119345 -0.0165115 0.0457335
v 0.0141465 -0.0165275 0.0446305
v 0.0132075 -0.0173955 0.0441895
v 0.0126005 -0.0178025 0.0443665
v 0.0134095 -0.0172385 0.0446875
v 0.0129265 -0.0172475 0.0451635
v 0.0141005 -0.0164935 0.0452375
v 0.0123645 -0.0162335 0.0461965
v 0.0128435 -0.0161965 0.0459325
v 0.0129855 -0.0158655 0.0463555
v 0.0128315 -0.0160535 0.0466795
v 0.0118615 -0.0166465 0.0465685
v 0.0140245 -0.0161325 0.0456065
v 0.0137225 -0.0155315 0.0460735
v 0.0160975 -0.0142265 0.0444355
v 0.0149975 -0.0154095 0.0443835
v 0.0160445 -0.0140795 0.0451245
v 0.0151475 -0.0153005 0.0446875
v 0.0152445 -0.0149995 0.0450295
v 0.0146345 -0.0141145 0.0459795
v 0.0110735 -0.0183455 0.0440875
v 0.0192505 0.0074565 0.0417685
v 0.0202815 0.0062975 0.0435905
v 0.0201765 0.0041095 0.0425825
v 0.0209885 0.0033285 0.0438265
v 0.0209915 0.0059265 0.0444635
v 0.0210465 0.0012605 0.0438205
v 0.0216535 -0.0002015 0.0444355
v 0.0212695 0.0026885 0.0448915
v 0.0211255 0.0017045 0.0444575
v 0.0211305 0.0020855 0.0450465
v 0.0216245 0.0004435 0.0447955
v 0.0211615 0.0015075 0.0449915
v 0.0216175 0.0003795 0.0452985
v 0.0213115 -0.0010355 0.0436545
v 0.0217765 -0.0023945 0.0445765
v 0.0218505 -0.0019785 0.0451745
v 0.0214645 -0.0007335 0.0456535
v 0.0216265 -0.0021335 0.0456625
v 0.0181725 0.0096075 0.0460695
v 0.0179215 0.0099605 0.0462865
v 0.0180415 0.0093325 0.0463965
v 0.0179115 0.0106195 0.0469475
v 0.0178395 0.0101705 0.0466055
v 0.0179205 0.0102395 0.0469845
v 0.0203715 0.0075075 0.0444775
v 0.0202365 0.0084515 0.0450405
v 0.0189845 0.0095515 0.0458075
v 0.0186465 0.0087735 0.0465185
v 0.0196555 0.0088845 0.0461315
v 0.0187425 0.0084995 0.0471525
v 0.0189265 0.0080455 0.0467445
v 0.0199955 0.0087445 0.0459895
v 0.0202665 0.0083955 0.0455935
v 0.0195175 0.0071765 0.0461195
v 0.0198105 0.0081755 0.0462325
v 0.0189595 0.0075505 0.0464965
v 0.0202325 0.0079565 0.0458435
v 0.0203835 0.0073285 0.0449115
v 0.0202155 0.0073175 0.0453735
v 0.0200715 0.0068955 0.0454315
v 0.0192135 0.0081695 0.0464335
v 0.0188495 0.0077045 0.0469275
v 0.0189875 0.0072105 0.0469555
v 0.0190365 0.0076615 0.0472435
v 0.0192565 0.0067955 0.0465925
v 0.0198905 0.0060685 0.0458195
v 0.0203465 0.0052245 0.0461665
v 0.0199985 0.0056895 0.0468345
v 0.0202205 0.0057535 0.0474345
v 0.0203045 0.0091625 0.0485365
v 0.0209335 0.0062225 0.0447775
v 0.0209405 0.0052785 0.0453005
v 0.0211405 0.0050575 0.0449055
v 0.0214025 0.0035125 0.0452905
v 0.0212025 0.0044795 0.0456205
v 0.0211095 0.0040095 0.0460055
v 0.0204975 0.0045845 0.0466955
v 0.0203905 0.0048985 0.0470945
v 0.0205805 0.0047695 0.0474595
v 0.0206875 0.0040465 0.0465385
v 0.0220965 0.0047615 0.0486825
v 0.0220055 0.0041575 0.0485055
v 0.0210425 0.0050525 0.0480155
v 0.0201835 0.0030315 0.0467335
v 0.0200245 0.0026985 0.0462135
v 0.0204715 0.0034665 0.0466205
v 0.0197585 0.0022525 0.0464675
v 0.0199705 0.0023935 0.0460435
v 0.0199105 0.0019245 0.0461895
v 0.0201105 0.0025705 0.0469235
v 0.0202235 0.0010135 0.0470105
v 0.0211915 0.0029975 0.0456125
v 0.0208605 0.0023005 0.0455605
v 0.0208385 0.0015175 0.0455125
v 0.0207335 0.0032255 0.0461325
v 0.0201195 0.0011625 0.0462255
v 0.0205425 0.0038875 0.0470295
v 0.0204325 -0.0002585 0.0464725
v 0.0206635 -0.0002505 0.0461835
v 0.0213825 0.0003625 0.0455935
v 0.0210195 -0.0021415 0.0463585
v 0.0208255 -0.0018135 0.0467795
v 0.0223935 0.0008775 0.0485465
v 0.0216055 -0.0015565 0.0479675
v 0.0209395 0.0017465 0.0476855
v 0.0192875 -0.0085945 0.0434365
v 0.0205005 -0.0056505 0.0438525
v 0.0211915 -0.0060405 0.0447915
v 0.0203395 -0.0079625 0.0445035
v 0.0213785 -0.0043435 0.0443885
v 0.0215655 -0.0043505 0.0451445
v 0.0208305 -0.0033465 0.0464095
v 0.0210625 -0.0055535 0.0460635
v 0.0212955 -0.0058295 0.0456275
v 0.0206505 -0.0040445 0.0466155
v 0.0204295 -0.0047295 0.0469155
v 0.0204255 -0.0055185 0.0466535
v 0.0185855 -0.0073895 0.0464735
v 0.0187095 -0.0076295 0.0461225
v 0.0194975 -0.0069155 0.0462495
v 0.0204915 -0.0075885 0.0453795
v 0.0197165 -0.0081015 0.0454565
v 0.0200665 -0.0084265 0.0449125
v 0.0203705 -0.0069105 0.0460335
v 0.0209275 -0.0063885 0.0459575
v 0.0198895 -0.0060475 0.0468635
v 0.0195955 -0.0064685 0.0466435
v 0.0157095 -0.0126605 0.0467815
v 0.0158905 -0.0126805 0.0463455
v 0.0162215 -0.0117345 0.0464125
v 0.0162745 -0.0116025 0.0469085
v 0.0165245 -0.0112755 0.0465585
v 0.0161525 -0.0128095 0.0474755
v 0.0187785 -0.0098275 0.0439245
v 0.0191605 -0.0092085 0.0441025
v 0.0181275 -0.0117565 0.0443305
v 0.0188935 -0.0095495 0.0446765
v 0.0181055 -0.0116305 0.0446515
v 0.0175355 -0.0098755 0.0464435
v 0.0173345 -0.0110895 0.0455725
v 0.0183215 -0.0090405 0.0459435
v 0.0197575 -0.0088015 0.0444585
v 0.0192265 -0.0089055 0.0450475
v 0.0184255 -0.0099295 0.0451815
v 0.0170545 -0.0123925 0.0449705
v 0.0166995 -0.0125185 0.0457175
v 0.0172305 -0.0117935 0.0453055
v 0.0171745 -0.0106825 0.0465325
v 0.0168525 -0.0110095 0.0468925
v 0.0189345 -0.0084285 0.0456555
v 0.0182075 -0.0091665 0.0471655
v 0.0181195 -0.0089695 0.0465535
v 0.0185195 -0.0078885 0.0468595
v 0.0172235 -0.0105815 0.0468695
v 0.0177635 -0.0103575 0.0474495
v 0.0207885 -0.0026515 0.0470135
v 0.0205935 -0.0036245 0.0468785
v 0.0206415 -0.0039485 0.0472705
v 0.0222445 -0.0040475 0.0486775
v 0.0212655 -0.0069765 0.0485635
v 0.0199185 -0.0063805 0.0474735
v 0.0205985 -0.0049405 0.0476135
v 0.0216805 -0.0058545 0.0485885
v 0.0210085 -0.0067725 0.0452855
v 0.0109735 -0.0187265 0.0479895
v 0.0145895 -0.0139235 0.0464695
v 0.0138625 -0.0150565 0.0466165
v 0.0138915 -0.0151155 0.0462085
v 0.0147945 -0.0138865 0.0469695
v 0.0140095 -0.0153745 0.0472175
v 0.0174315 -0.0141585 0.0486765
v 0.0144125 -0.0157725 0.0477995
v 0.0130665 -0.0181225 0.0484845
v 0.0055605 -0.0194055 0.0474535
v 0.0099965 -0.0183085 0.0474395
v 0.0113075 -0.0176075 0.0470105
v 0.0182855 0.0093385 0.0471255
v 0.0191705 0.0087905 0.0476755
v 0.0208085 0.0036825 0.0475905
v 0.0206425 -0.0004865 0.0472255
v 0.0210425 -0.0020715 0.0474835
v 0.0192025 -0.0071325 0.0471665
v 0.0192555 -0.0068995 0.0466055
v 0.0194625 -0.0065465 0.0469305
v 0.0195225 -0.0078255 0.0477795
v 0.0189905 -0.0080245 0.0474625
v 0.0187285 -0.0098125 0.0478805
v 0.0171785 -0.0117495 0.0476395
v 0.0211355 -0.0032765 0.0477365
v 0.0130015 -0.0164955 0.0473435
vt 0.16718200 0.22821800
vt 0.15907600 0.22774500
vt 0.16152900 0.22422500
vt 0.16660500 0.22122700
vt 0.16148900 0.21988500
vt 0.60674100 0.01976400
vt 0.16982200 0.22480700
vt 0.18200200 0.22558200
vt 0.17430100 0.22255900
vt 0.18342500 0.21930400
vt 0.17589600 0.23170700
vt 0.17772600 0.22959300
vt 0.18240600 0.23060700
vt 0.18788200 0.22144500
vt 0.18701900 0.22986400
vt 0.19301000 0.22547200
vt 0.18778300 0.24145100
vt 0.19132500 0.23183600
vt 0.18926200 0.21724700
vt 0.19303400 0.22046300
vt 0.19877500 0.22321300
vt 0.19654000 0.22962500
vt 0.19837300 0.22496100
vt 0.20068200 0.22816900
vt 0.19812800 0.23520000
vt 0.20251600 0.23365500
vt 0.20991000 0.23267400
vt 0.05336300 0.25380800
vt 0.04790300 0.25184200
vt 0.05081500 0.24675200
vt 0.09647700 0.23563700
vt 0.10212600 0.23058900
vt 0.10338900 0.23861700
vt 0.12583300 0.23393400
vt 0.12309700 0.22797300
vt 0.12734100 0.22417600
vt 0.12953300 0.23153600
vt 0.11983600 0.23206300
vt 0.12089000 0.23777900
vt 0.10986600 0.23193600
vt 0.10767500 0.23596800
vt 0.10596200 0.23282500
vt 0.11321600 0.23825500
vt 0.11338000 0.22951000
vt 0.11201200 0.24275200
vt 0.10758300 0.24411800
vt 0.10182800 0.24447700
vt 0.11883500 0.23486600
vt 0.12965800 0.24133800
vt 0.13547200 0.23708400
vt 0.12272400 0.24096700
vt 0.11902700 0.24715500
vt 0.09269800 0.24155400
vt 0.09474200 0.24364900
vt 0.09570000 0.24565200
vt 0.09526600 0.24836400
vt 0.09789600 0.25368400
vt 0.08948000 0.25279400
vt 0.10527200 0.25002500
vt 0.11215800 0.24799200
vt 0.11246600 0.25478900
vt 0.10328400 0.25682500
vt 0.11484600 0.24968500
vt 0.12936100 0.24755300
vt 0.13005600 0.25736900
vt 0.11977100 0.25351900
vt 0.12194700 0.25830700
vt 0.11357000 0.25981500
vt 0.09244800 0.25980300
vt 0.10026700 0.26386500
vt 0.10890300 0.26382500
vt 0.09610400 0.26847100
vt 0.10550200 0.26829900
vt 0.11609100 0.26321100
vt 0.12109600 0.26493800
vt 0.11438600 0.27539100
vt 0.11151200 0.27019600
vt 0.12389000 0.27003300
vt 0.08169000 0.24322000
vt 0.07969100 0.23726900
vt 0.08759700 0.24000000
vt 0.06813200 0.24295600
vt 0.07398800 0.23426400
vt 0.07198600 0.24444000
vt 0.08815100 0.24735100
vt 0.08210200 0.24809400
vt 0.07662800 0.24607500
vt 0.08517000 0.25160100
vt 0.09171800 0.23693800
vt 0.05605400 0.25915100
vt 0.06080700 0.25148500
vt 0.06454400 0.27276600
vt 0.05624400 0.27291600
vt 0.06456300 0.26862200
vt 0.65959800 0.20767300
vt 0.05288400 0.28006800
vt 0.06868200 0.28198200
vt 0.05640600 0.28618600
vt 0.66377100 0.21391500
vt 0.65362100 0.23037000
vt 0.65822900 0.22202300
vt 0.66148200 0.22588800
vt 0.05295400 0.29696300
vt 0.64818900 0.22366100
vt 0.65227200 0.21877800
vt 0.09065900 0.27869600
vt 0.08513100 0.27211400
vt 0.08813700 0.28983900
vt 0.07913400 0.28452300
vt 0.10199900 0.27356500
vt 0.10924500 0.27270000
vt 0.09820500 0.27937100
vt 0.10648300 0.27806700
vt 0.12041500 0.27667300
vt 0.11887300 0.28647800
vt 0.10903000 0.28496500
vt 0.09949900 0.28340200
vt 0.09630100 0.28619800
vt 0.10307200 0.28524900
vt 0.10062600 0.29309100
vt 0.09684200 0.29277200
vt 0.10834000 0.28975500
vt 0.11386100 0.29123600
vt 0.10815900 0.29462500
vt 0.06943700 0.26377900
vt 0.07749600 0.26367500
vt 0.07586200 0.27586800
vt 0.08186200 0.26385300
vt 0.06954800 0.28058100
vt 0.08317700 0.29962300
vt 0.09013300 0.29645300
vt 0.10248800 0.31084200
vt 0.10726800 0.30469300
vt 0.11176600 0.31011700
vt 0.11300500 0.30186500
vt 0.09692000 0.29884600
vt 0.09186000 0.29917900
vt 0.09594700 0.30825200
vt 0.10083900 0.30319000
vt 0.10686800 0.30067000
vt 0.10362700 0.32227800
vt 0.11095300 0.32053500
vt 0.09557800 0.32630100
vt 0.09101100 0.31993100
vt 0.08747600 0.31490900
vt 0.07805600 0.30838500
vt 0.07776700 0.31901200
vt 0.07224200 0.29561200
vt 0.06340100 0.29320200
vt 0.07312200 0.30147600
vt 0.06844300 0.30482100
vt 0.07422100 0.31312300
vt 0.06806600 0.31212800
vt 0.65995300 0.23425700
vt 0.05072900 0.30429200
vt 0.13666900 0.24457400
vt 0.16502800 0.23212300
vt 0.15970000 0.23597200
vt 0.17084800 0.23767000
vt 0.16504500 0.23920500
vt 0.16591800 0.24370600
vt 0.16781700 0.25010800
vt 0.17203800 0.24217900
vt 0.15999400 0.25102000
vt 0.17005100 0.25493400
vt 0.16991700 0.23409200
vt 0.17624000 0.23816700
vt 0.17953200 0.23364900
vt 0.17980700 0.23924800
vt 0.17799200 0.24467100
vt 0.17395800 0.25243100
vt 0.17951500 0.25007400
vt 0.17268400 0.25837700
vt 0.14152900 0.25489700
vt 0.13517000 0.26208500
vt 0.14614200 0.26558200
vt 0.14971800 0.25392100
vt 0.13460900 0.27009600
vt 0.13509800 0.27407800
vt 0.13972300 0.27170500
vt 0.14969700 0.27449500
vt 0.14618800 0.27855600
vt 0.15592300 0.26058500
vt 0.16417600 0.26292400
vt 0.15219900 0.27010500
vt 0.16033600 0.26808700
vt 0.17128300 0.26353900
vt 0.17829600 0.26155600
vt 0.16488600 0.27022500
vt 0.15773400 0.27299300
vt 0.15806400 0.27792900
vt 0.15195000 0.28089900
vt 0.16890100 0.27585100
vt 0.17855400 0.27268800
vt 0.16930500 0.28396100
vt 0.16434200 0.28598300
vt 0.18296600 0.23396300
vt 0.20012500 0.23785000
vt 0.20148800 0.24177600
vt 0.20548400 0.23868200
vt 0.20948000 0.23872700
vt 0.19403000 0.24663700
vt 0.20217700 0.24690900
vt 0.20879900 0.24212800
vt 0.18353100 0.24786100
vt 0.18543200 0.24968500
vt 0.18390700 0.25322600
vt 0.18005700 0.25837300
vt 0.18697200 0.25694600
vt 0.19255000 0.25754400
vt 0.19711900 0.25572300
vt 0.19213700 0.26473400
vt 0.20345700 0.25532500
vt 0.19913600 0.25160500
vt 0.20316800 0.25085100
vt 0.21339300 0.25050400
vt 0.20502900 0.26020500
vt 0.21098800 0.25799900
vt 0.21640200 0.25425500
vt 0.17765900 0.26688500
vt 0.17784500 0.28065100
vt 0.18704600 0.27648600
vt 0.18488900 0.25833700
vt 0.18451400 0.26255300
vt 0.18653800 0.27035800
vt 0.19320600 0.27264700
vt 0.20488700 0.27011200
vt 0.19605600 0.26181300
vt 0.20288800 0.26468300
vt 0.19810700 0.28022400
vt 0.19210400 0.28660000
vt 0.20969000 0.26713300
vt 0.21485700 0.26361700
vt 0.22886800 0.25392500
vt 0.21215700 0.27361000
vt 0.22082500 0.27750200
vt 0.22584700 0.26284600
vt 0.21042500 0.27909800
vt 0.21205100 0.29463600
vt 0.23010800 0.27711400
vt 0.22423900 0.28673800
vt 0.23767100 0.28216800
vt 0.13420200 0.28613300
vt 0.14365200 0.28443100
vt 0.11873400 0.29676000
vt 0.12624000 0.29287500
vt 0.14557300 0.29098700
vt 0.14208600 0.30365700
vt 0.13213800 0.29877800
vt 0.15352900 0.28841500
vt 0.16121800 0.29348300
vt 0.16143800 0.29730200
vt 0.15104100 0.29955400
vt 0.15100800 0.30904900
vt 0.15474900 0.31306000
vt 0.12062100 0.30311700
vt 0.11737400 0.30717500
vt 0.11491200 0.31504600
vt 0.12235100 0.31537600
vt 0.13106400 0.30685300
vt 0.12050100 0.32265900
vt 0.12775700 0.32332100
vt 0.13328200 0.32313900
vt 0.13341900 0.33659300
vt 0.14439800 0.31758600
vt 0.13869400 0.31978900
vt 0.15065200 0.31969300
vt 0.16396700 0.30775200
vt 0.16559900 0.31477800
vt 0.15796800 0.32058200
vt 0.14571100 0.32464100
vt 0.14021400 0.32816100
vt 0.14504400 0.33498500
vt 0.15481700 0.32509100
vt 0.14793100 0.32785000
vt 0.15357000 0.33370800
vt 0.18034900 0.28544900
vt 0.17602400 0.28982000
vt 0.17603000 0.28567200
vt 0.18267900 0.29373100
vt 0.18095800 0.29751900
vt 0.17510100 0.30121500
vt 0.18772400 0.28868100
vt 0.19045500 0.29187600
vt 0.18442800 0.30162100
vt 0.17967100 0.30616600
vt 0.17126600 0.30449700
vt 0.18161300 0.30961000
vt 0.19310300 0.30889200
vt 0.20621200 0.29927800
vt 0.20360600 0.29128500
vt 0.22100900 0.29855000
vt 0.22809100 0.29146600
vt 0.22867600 0.29758700
vt 0.20434100 0.30681900
vt 0.21306300 0.30893200
vt 0.17356800 0.31550800
vt 0.16615100 0.32512700
vt 0.18339000 0.31865600
vt 0.17409900 0.32243200
vt 0.17856900 0.32285000
vt 0.18867500 0.32566800
vt 0.18433900 0.32858800
vt 0.16155200 0.33378400
vt 0.16825800 0.33289800
vt 0.16715700 0.33985900
vt 0.17765800 0.32712000
vt 0.18094200 0.33246300
vt 0.17510200 0.33408500
vt 0.17808100 0.34071200
vt 0.19291300 0.33731700
vt 0.18880500 0.31873200
vt 0.19947000 0.31489100
vt 0.20498900 0.31711200
vt 0.20785900 0.31674800
vt 0.20400300 0.32635800
vt 0.20624400 0.33514500
vt 0.21243900 0.32953500
vt 0.21419500 0.33648100
vt 0.21058900 0.34266800
vt 0.21366900 0.31978200
vt 0.21877500 0.32379200
vt 0.07067900 0.33463600
vt 0.06942500 0.32801400
vt 0.07531700 0.32793100
vt 0.10351100 0.33079600
vt 0.08392100 0.32799100
vt 0.10709900 0.33522800
vt 0.09919500 0.33432900
vt 0.10385100 0.33820100
vt 0.09676100 0.34325800
vt 0.10374400 0.34593700
vt 0.09065000 0.33392700
vt 0.08720000 0.33963000
vt 0.08122000 0.33540500
vt 0.07685900 0.34278800
vt 0.05560400 0.31296100
vt 0.06235400 0.30615100
vt 0.06303100 0.31241500
vt 0.06062100 0.31579000
vt 0.06810600 0.31803300
vt 0.06343800 0.32230700
vt 0.65625000 0.23861600
vt 0.65687000 0.25648100
vt 0.04588500 0.32391800
vt 0.05450800 0.31992500
vt 0.05576400 0.33320700
vt 0.06148100 0.33510900
vt 0.65059000 0.25267300
vt 0.65241300 0.24346700
vt 0.65980400 0.24784500
vt 0.04937700 0.31647100
vt 0.07151400 0.34261500
vt 0.06798100 0.34776900
vt 0.06217600 0.34423900
vt 0.08283000 0.34464500
vt 0.09512500 0.35032900
vt 0.09031200 0.35050300
vt 0.08513300 0.35430800
vt 0.07718300 0.35476600
vt 0.08688500 0.36541500
vt 0.06694000 0.35715300
vt 0.07433700 0.36366000
vt 0.06463400 0.36868900
vt 0.05919800 0.36637100
vt 0.05791100 0.36085200
vt 0.05371600 0.34538400
vt 0.06079100 0.34882500
vt 0.06404400 0.38011400
vt 0.05508600 0.37760900
vt 0.06061100 0.37621300
vt 0.08228400 0.37019800
vt 0.07579000 0.36987300
vt 0.07634100 0.37359600
vt 0.09466100 0.37596500
vt 0.08580300 0.37992900
vt 0.08588500 0.37298600
vt 0.09093400 0.36893400
vt 0.10092500 0.37150000
vt 0.07484700 0.37769400
vt 0.06925100 0.37089400
vt 0.06938600 0.37465200
vt 0.06335400 0.37174200
vt 0.08007500 0.40012500
vt 0.65043600 0.29113200
vt 0.04532800 0.34983000
vt 0.65842600 0.28453300
vt 0.04378500 0.35732800
vt 0.65757200 0.29229500
vt 0.65003900 0.28451300
vt 0.64784800 0.29513700
vt 0.64272300 0.29245500
vt 0.64640300 0.29962800
vt 0.65347100 0.29897900
vt 0.03900700 0.36336600
vt 0.03549300 0.37375700
vt 0.65143000 0.30993700
vt 0.05092700 0.37946700
vt 0.64121200 0.31190200
vt 0.64891300 0.31439500
vt 0.03219500 0.37765200
vt 0.04205200 0.37447000
vt 0.04737300 0.37710300
vt 0.03903600 0.38062500
vt 0.07191800 0.41058700
vt 0.09400300 0.41991700
vt 0.06409800 0.42370400
vt 0.08002400 0.43005500
vt 0.05363900 0.41717500
vt 0.04012500 0.40019000
vt 0.64066500 0.31663100
vt 0.02940600 0.38114200
vt 0.64670400 0.31834200
vt 0.02535900 0.40659900
vt 0.64410800 0.34460700
vt 0.14626400 0.34230400
vt 0.15623500 0.34285000
vt 0.15149100 0.34820300
vt 0.14527400 0.35062300
vt 0.15024100 0.35976000
vt 0.15982900 0.35088800
vt 0.11141400 0.37035200
vt 0.10308400 0.36609700
vt 0.11003800 0.36566400
vt 0.11628800 0.36601700
vt 0.10703400 0.37398800
vt 0.12515700 0.36966700
vt 0.12207700 0.37147000
vt 0.11597900 0.37057600
vt 0.11380400 0.38432500
vt 0.12651000 0.37740700
vt 0.13833900 0.35727100
vt 0.13360800 0.36105000
vt 0.13110600 0.35558000
vt 0.12988700 0.37098300
vt 0.13112400 0.36731100
vt 0.13598700 0.36889100
vt 0.13490000 0.36488900
vt 0.14992500 0.36940500
vt 0.14667600 0.36787300
vt 0.13626100 0.36303100
vt 0.14156100 0.36841200
vt 0.13966200 0.37314900
vt 0.13866900 0.38490300
vt 0.13444300 0.37581200
vt 0.14701400 0.38844200
vt 0.14709200 0.38017400
vt 0.12347800 0.36491900
vt 0.15497500 0.37575400
vt 0.17126000 0.34974600
vt 0.15732900 0.36684500
vt 0.16575300 0.35836100
vt 0.18173000 0.34650500
vt 0.17233300 0.36441900
vt 0.18149300 0.35962000
vt 0.18084700 0.36713600
vt 0.18479300 0.36300900
vt 0.18745300 0.36593000
vt 0.16263000 0.37379300
vt 0.17251900 0.37820400
vt 0.17603700 0.37104700
vt 0.15512600 0.38021800
vt 0.16479400 0.38735800
vt 0.15317200 0.38471300
vt 0.17271100 0.39284900
vt 0.16748700 0.39562400
vt 0.18644200 0.37047600
vt 0.18057000 0.37447600
vt 0.18055900 0.39196800
vt 0.18479000 0.37858400
vt 0.19687900 0.36940500
vt 0.19769200 0.37345900
vt 0.18567400 0.39984500
vt 0.19895700 0.39942900
vt 0.11784000 0.33008900
vt 0.11684700 0.34022800
vt 0.11095500 0.34625300
vt 0.10640800 0.35268100
vt 0.11465400 0.34956800
vt 0.11792200 0.35545500
vt 0.10596700 0.36047400
vt 0.09971700 0.35915900
vt 0.10151000 0.35423700
vt 0.11331200 0.36043900
vt 0.09862800 0.36720600
vt 0.20761600 0.35300300
vt 0.20369200 0.34759000
vt 0.18868600 0.35343600
vt 0.09813200 0.39335800
vt 0.12387700 0.39870900
vt 0.10799700 0.40543800
vt 0.13696600 0.39820700
vt 0.14307800 0.40205800
vt 0.11627600 0.41448800
vt 0.10851600 0.42052800
vt 0.12947500 0.42472200
vt 0.13955300 0.41689700
vt 0.12129800 0.44029400
vt 0.15588500 0.39512500
vt 0.15863600 0.40113600
vt 0.15211100 0.40005100
vt 0.16770200 0.40403100
vt 0.14905600 0.40613100
vt 0.16088200 0.40906100
vt 0.17377700 0.40863600
vt 0.18799800 0.41514900
vt 0.18211500 0.41544600
vt 0.14905100 0.43153000
vt 0.14060300 0.43216100
vt 0.14230100 0.44008700
vt 0.15240400 0.44100900
vt 0.14580700 0.41897700
vt 0.15218000 0.42705200
vt 0.16152800 0.42290600
vt 0.15735700 0.41906000
vt 0.15778900 0.41312100
vt 0.15633100 0.42690100
vt 0.15656900 0.43536500
vt 0.17305800 0.42086500
vt 0.16581900 0.43185200
vt 0.18819200 0.42724000
vt 0.17001300 0.43698600
vt 0.17748100 0.43213400
vt 0.16208000 0.43988300
vt 0.16813000 0.44404800
vt 0.17425800 0.44353600
vt 0.16124700 0.53851800
vt 0.15607400 0.54726100
vt 0.15297300 0.53032400
vt 0.14761400 0.53718300
vt 0.16186500 0.54525500
vt 0.07294000 0.43485000
vt 0.04926100 0.43887500
vt 0.05874900 0.44221800
vt 0.02468700 0.44763900
vt 0.01764000 0.45480100
vt 0.63739200 0.39335100
vt 0.03723700 0.43517500
vt 0.07271100 0.48192900
vt 0.05494700 0.46330600
vt 0.04145300 0.46636600
vt 0.04817400 0.49376100
vt 0.03166300 0.50267500
vt 0.04806100 0.53760600
vt 0.62988800 0.44289300
vt 0.62746400 0.41542400
vt 0.61839500 0.43817300
vt 0.01918400 0.51864700
vt 0.63805900 0.45760800
vt 0.12966600 0.46664800
vt 0.10853400 0.46677500
vt 0.09501800 0.45921500
vt 0.07525000 0.46124200
vt 0.12276700 0.49369600
vt 0.08422800 0.45735400
vt 0.09795800 0.48107400
vt 0.08798800 0.49471100
vt 0.14144500 0.45260400
vt 0.14621800 0.44815100
vt 0.15432300 0.45122700
vt 0.13747700 0.49059200
vt 0.14477300 0.46179800
vt 0.15270900 0.45834700
vt 0.15866000 0.45698600
vt 0.15237900 0.46851300
vt 0.14601800 0.47112100
vt 0.15581600 0.46290400
vt 0.17414500 0.44999200
vt 0.16105900 0.44600800
vt 0.17132700 0.45467000
vt 0.16509000 0.46081700
vt 0.17450800 0.45939700
vt 0.17970000 0.45330700
vt 0.15597100 0.46781400
vt 0.17817100 0.44896600
vt 0.18400300 0.44969400
vt 0.15350000 0.47785400
vt 0.15013400 0.48377300
vt 0.14767600 0.48924900
vt 0.15597000 0.47513000
vt 0.16322000 0.46785300
vt 0.16464500 0.47275000
vt 0.16186900 0.48115800
vt 0.17158800 0.47065000
vt 0.17468100 0.48192500
vt 0.15385300 0.48787600
vt 0.15944700 0.49158500
vt 0.15858000 0.48687000
vt 0.16780100 0.49727400
vt 0.16543600 0.49306300
vt 0.17479900 0.49261500
vt 0.09744600 0.49526600
vt 0.10427600 0.50598400
vt 0.09780200 0.50905200
vt 0.11135400 0.50456800
vt 0.09693500 0.51922300
vt 0.12317000 0.53556600
vt 0.11179000 0.53017600
vt 0.10189400 0.53626400
vt 0.09405300 0.53900100
vt 0.08171400 0.54548700
vt 0.06825600 0.52508800
vt 0.15467200 0.49455200
vt 0.15546200 0.49977400
vt 0.16067100 0.49731800
vt 0.14987000 0.50493900
vt 0.15915400 0.50463000
vt 0.15690300 0.50586300
vt 0.16220400 0.49683900
vt 0.16384900 0.50251800
vt 0.16829700 0.50678000
vt 0.17406500 0.50145300
vt 0.16447300 0.51302800
vt 0.15240400 0.51727200
vt 0.16030100 0.52296900
vt 0.16731800 0.51948900
vt 0.13610700 0.54385900
vt 0.16623100 0.52892900
vt 0.05537400 0.53407900
vt 0.62565100 0.04995500
vt 0.61675900 0.04301400
vt 0.12598300 0.22146100
vt 0.62760900 0.04900100
vt 0.61858700 0.05240400
vt 0.62560500 0.05877400
vt 0.11740100 0.21618100
vt 0.60931300 0.04944400
vt 0.61243800 0.05800200
vt 0.62247000 0.07504100
vt 0.61011800 0.05954700
vt 0.62386800 0.04075900
vt 0.13500900 0.22157900
vt 0.61645800 0.03029300
vt 0.14738700 0.21970200
vt 0.61785100 0.03615000
vt 0.14049100 0.22499700
vt 0.61354800 0.03179700
vt 0.15271500 0.21944200
vt 0.61248900 0.02653200
vt 0.14690600 0.22390300
vt 0.15324800 0.22315200
vt 0.15284200 0.22872100
vt 0.60643300 0.03601400
vt 0.60681500 0.03049500
vt 0.60146600 0.02664700
vt 0.60060500 0.04651700
vt 0.59503300 0.03728700
vt 0.59817800 0.05836900
vt 0.59476500 0.04600000
vt 0.59672700 0.03439200
vt 0.59839800 0.01854100
vt 0.16802600 0.21418300
vt 0.59123100 0.03757600
vt 0.17963300 0.21688900
vt 0.17269800 0.21256500
vt 0.59413400 0.01667800
vt 0.17811000 0.21407000
vt 0.58778700 0.02155200
vt 0.58429700 0.02655700
vt 0.18768100 0.20142100
vt 0.57635800 0.01809900
vt 0.58624500 0.02422100
vt 0.58566500 0.01788500
vt 0.17941300 0.20645700
vt 0.18268300 0.21127200
vt 0.18351600 0.20941400
vt 0.18689500 0.21560600
vt 0.18547600 0.20498100
vt 0.19043500 0.21004200
vt 0.19329300 0.20879300
vt 0.16988800 0.21694700
vt 0.17352700 0.21908800
vt 0.19331900 0.21322300
vt 0.19861900 0.21164100
vt 0.19820100 0.21658200
vt 0.20413500 0.21449300
vt 0.20626400 0.22044200
vt 0.20692300 0.22468900
vt 0.21179100 0.22721700
vt 0.21666700 0.23093800
vt 0.06989600 0.23204000
vt 0.07272900 0.22976800
vt 0.06450700 0.21867700
vt 0.06993100 0.21536100
vt 0.62808300 0.10677900
vt 0.07464200 0.22147300
vt 0.06543000 0.23084700
vt 0.06417200 0.22803000
vt 0.07000000 0.22939800
vt 0.07643600 0.22777900
vt 0.06493400 0.22262100
vt 0.07051100 0.23606400
vt 0.05663200 0.23288200
vt 0.05372500 0.22871100
vt 0.05987700 0.23094100
vt 0.05121600 0.23129200
vt 0.05182400 0.23682600
vt 0.05928600 0.23757000
vt 0.05385000 0.23911300
vt 0.06555700 0.23432400
vt 0.06016000 0.24206600
vt 0.06550600 0.24859000
vt 0.04823800 0.24342700
vt 0.05921600 0.24560600
vt 0.05579900 0.24889600
vt 0.06624500 0.25484100
vt 0.10648200 0.22651000
vt 0.10613600 0.22390400
vt 0.12008200 0.22416100
vt 0.09492800 0.22221800
vt 0.08493900 0.22526700
vt 0.62806700 0.08344300
vt 0.09276200 0.21334000
vt 0.09970100 0.22337600
vt 0.08991500 0.22614300
vt 0.09732100 0.22675300
vt 0.10490600 0.21931100
vt 0.10511400 0.21372200
vt 0.62702200 0.07111400
vt 0.62521800 0.09071600
vt 0.60687000 0.09744200
vt 0.09378400 0.22972400
vt 0.08610600 0.23008700
vt 0.08098800 0.23119400
vt 0.62923900 0.09475300
vt 0.08174200 0.21471900
vt 0.08533400 0.23463500
vt 0.08780500 0.23346100
vt 0.11406900 0.21964400
vt 0.59718600 0.07420800
vt 0.08106100 0.25619400
vt 0.07419900 0.25279100
vt 0.64983800 0.18919000
vt 0.04483600 0.26444300
vt 0.05066700 0.26624600
vt 0.05637400 0.26795200
vt 0.65343000 0.20015200
vt 0.04709600 0.27356200
vt 0.65187500 0.20775500
vt 0.13285500 0.22567000
vt 0.13761400 0.23010800
vt 0.14307300 0.22847700
vt 0.14781000 0.23553500
vt 0.14517400 0.23956900
vt 0.15155300 0.23939400
vt 0.14567000 0.24532600
vt 0.15452500 0.24573000
vt 0.15696300 0.23907900
vt 0.18856700 0.28290300
vt 0.19143000 0.26069800
vt 0.23356100 0.26928400
vt 0.20104600 0.28535100
vt 0.13358500 0.31269100
vt 0.19726800 0.28923000
vt 0.19498800 0.29532900
vt 0.18974500 0.30027200
vt 0.19995200 0.30675000
vt 0.22295200 0.30358200
vt 0.22472600 0.30771000
vt 0.23174700 0.30005600
vt 0.19579900 0.31857700
vt 0.19779300 0.32312600
vt 0.19882400 0.33333000
vt 0.20057700 0.34472800
vt 0.04480600 0.33050300
vt 0.65636900 0.26384200
vt 0.65602200 0.27518700
vt 0.04371300 0.34088200
vt 0.64543100 0.27661700
vt 0.64542300 0.26519800
vt 0.05536000 0.35202100
vt 0.04969000 0.35473900
vt 0.05163900 0.37244700
vt 0.05105800 0.36805100
vt 0.04476600 0.36975700
vt 0.12289900 0.34485400
vt 0.13531400 0.34916100
vt 0.13763900 0.35241400
vt 0.11933000 0.35743200
vt 0.12618900 0.36059600
vt 0.13047400 0.36354900
vt 0.19784900 0.35463200
vt 0.19980900 0.35949400
vt 0.21168300 0.35968800
vt 0.20008800 0.36344300
vt 0.20641300 0.36845800
vt 0.14908300 0.39452900
vt 0.15043900 0.41357100
vt 0.15060300 0.41824000
vt 0.17410200 0.42882600
vt 0.18275200 0.43159500
vt 0.17591100 0.43826600
vt 0.18230200 0.44112100
vt 0.18256000 0.45857300
vt 0.17626400 0.46460100
vt 0.18271200 0.47170000
vt 0.23648200 0.29123000
vt 0.23439900 0.31319500
vt 0.22344000 0.31764200
vt 0.23536800 0.30834800
vt 0.22943700 0.32748600
vt 0.23630600 0.31772300
vt 0.24176800 0.31532100
vt 0.22143900 0.33100600
vt 0.21900900 0.33571800
vt 0.22560900 0.33595400
vt 0.23575500 0.33727600
vt 0.23945900 0.32532400
vt 0.24904000 0.33050500
vt 0.21316800 0.40429100
vt 0.21608200 0.34506200
vt 0.22080500 0.35101300
vt 0.21168700 0.36323200
vt 0.21778900 0.36772300
vt 0.21575500 0.35698100
vt 0.22029200 0.36283500
vt 0.22623400 0.36144700
vt 0.22536900 0.34744300
vt 0.22728300 0.36521100
vt 0.22981300 0.36803500
vt 0.23111100 0.36179100
vt 0.23169500 0.35024900
vt 0.24273700 0.34547300
vt 0.24013300 0.35747400
vt 0.24540900 0.35064500
vt 0.23852900 0.36471400
vt 0.23996400 0.35955300
vt 0.25708300 0.34101400
vt 0.25330500 0.34513600
vt 0.24988300 0.33895700
vt 0.24440700 0.36378800
vt 0.24886100 0.35993800
vt 0.24843800 0.36669100
vt 0.25604300 0.35107400
vt 0.25521000 0.36306300
vt 0.25387600 0.35952300
vt 0.26131800 0.35878800
vt 0.21165000 0.37744900
vt 0.22069700 0.37654200
vt 0.22854700 0.38818200
vt 0.24089600 0.37316900
vt 0.24294900 0.39803900
vt 0.23150300 0.41204500
vt 0.25299300 0.38954600
vt 0.26168400 0.36610200
vt 0.26560100 0.40164400
vt 0.20329500 0.43035500
vt 0.22287000 0.41239000
vt 0.22082700 0.43051700
vt 0.18951200 0.43573500
vt 0.21134900 0.44214000
vt 0.19116400 0.44927500
vt 0.20095400 0.45097100
vt 0.21237600 0.46162600
vt 0.22909000 0.44516300
vt 0.23048300 0.43704500
vt 0.22012500 0.45583100
vt 0.24389600 0.42126200
vt 0.25760800 0.43662900
vt 0.24383500 0.43112600
vt 0.23747100 0.44332300
vt 0.24553300 0.44864500
vt 0.26402200 0.45094000
vt 0.27675600 0.42186300
vt 0.28331300 0.44334800
vt 0.28998700 0.42607200
vt 0.16688500 0.54654300
vt 0.16815800 0.54090500
vt 0.17766000 0.54095100
vt 0.17420700 0.54911900
vt 0.18195700 0.54469500
vt 0.17781400 0.55189900
vt 0.18451300 0.55107000
vt 0.18776400 0.45930800
vt 0.19496400 0.47502800
vt 0.19075900 0.46876700
vt 0.18896900 0.47995300
vt 0.20803600 0.47646400
vt 0.23555000 0.46449700
vt 0.22236900 0.47880500
vt 0.17786100 0.49720200
vt 0.18430500 0.49414400
vt 0.18313000 0.48437700
vt 0.18194500 0.49123900
vt 0.19046600 0.49635700
vt 0.19687600 0.49881200
vt 0.20522400 0.49700100
vt 0.21554300 0.49433400
vt 0.21540900 0.50014600
vt 0.22206100 0.49680100
vt 0.20626800 0.50373700
vt 0.21222400 0.50611900
vt 0.22854000 0.48993800
vt 0.23103700 0.49329300
vt 0.21633100 0.50325500
vt 0.22158000 0.50238100
vt 0.22697400 0.49951900
vt 0.24059400 0.48355000
vt 0.24780400 0.47485500
vt 0.24892100 0.48852800
vt 0.23441700 0.49814400
vt 0.22751000 0.50232900
vt 0.24361800 0.49100700
vt 0.24258700 0.49537500
vt 0.24111000 0.50122300
vt 0.24823500 0.49421500
vt 0.24743100 0.50150200
vt 0.25116700 0.49930600
vt 0.25032600 0.46035700
vt 0.24551900 0.46335700
vt 0.25619300 0.47933200
vt 0.28098600 0.45160200
vt 0.27677400 0.46219200
vt 0.29411200 0.44158800
vt 0.27040500 0.48245500
vt 0.28752900 0.47853400
vt 0.29849100 0.46239500
vt 0.25702700 0.48858300
vt 0.25684900 0.49521400
vt 0.26628900 0.49056900
vt 0.26327500 0.49796200
vt 0.26870000 0.49905300
vt 0.27332300 0.49967000
vt 0.28356700 0.50871700
vt 0.29285900 0.50766600
vt 0.30270000 0.50351800
vt 0.17944000 0.50276100
vt 0.19014500 0.50738000
vt 0.18252000 0.50062200
vt 0.18038700 0.50915000
vt 0.17523200 0.50973000
vt 0.18337000 0.51437500
vt 0.18692600 0.51401100
vt 0.19286400 0.50998500
vt 0.19587500 0.50529700
vt 0.19901200 0.51168300
vt 0.19240100 0.51757300
vt 0.17211100 0.51302100
vt 0.17811400 0.51537100
vt 0.17624000 0.52154300
vt 0.18732800 0.52501500
vt 0.19654600 0.52730700
vt 0.19998400 0.50471200
vt 0.20485700 0.50910800
vt 0.20502100 0.51457300
vt 0.21460800 0.51152800
vt 0.21826700 0.50733500
vt 0.20390900 0.52072600
vt 0.20305800 0.52901300
vt 0.21402400 0.51856600
vt 0.21912200 0.52295300
vt 0.22175200 0.51354800
vt 0.22560800 0.52009300
vt 0.21314300 0.52574900
vt 0.22334000 0.52868700
vt 0.22627300 0.50597500
vt 0.22658700 0.51144000
vt 0.17157400 0.53173700
vt 0.17673000 0.52802600
vt 0.18229400 0.52889800
vt 0.16956800 0.53522700
vt 0.17515800 0.53563900
vt 0.18756300 0.53424900
vt 0.19497200 0.53250500
vt 0.17790900 0.53555200
vt 0.18195400 0.53439600
vt 0.18791500 0.53971900
vt 0.19352100 0.54296000
vt 0.18867700 0.54949100
vt 0.20302200 0.53353200
vt 0.19459300 0.53668900
vt 0.19557900 0.53935300
vt 0.20441100 0.53954500
vt 0.20629700 0.53342700
vt 0.21170700 0.53572100
vt 0.21181700 0.54164500
vt 0.20909300 0.53057000
vt 0.22220900 0.53562300
vt 0.21656900 0.54174500
vt 0.20187400 0.54764400
vt 0.19081600 0.55589700
vt 0.21955100 0.54510900
vt 0.21248000 0.54696900
vt 0.20240300 0.55411900
vt 0.21206300 0.55511100
vt 0.23363900 0.50765400
vt 0.23392100 0.50172200
vt 0.23038100 0.50956700
vt 0.22779700 0.51511800
vt 0.23115800 0.51276900
vt 0.23795400 0.51122500
vt 0.23432300 0.51701300
vt 0.24392000 0.50726500
vt 0.24231000 0.51316200
vt 0.25299700 0.50512900
vt 0.23853700 0.51885000
vt 0.24697700 0.51200300
vt 0.25558200 0.51586900
vt 0.23089600 0.52586800
vt 0.23566000 0.52501200
vt 0.24371000 0.52172400
vt 0.24135300 0.52719300
vt 0.23818300 0.53124400
vt 0.24631300 0.53037500
vt 0.24883200 0.51886800
vt 0.25135000 0.52352700
vt 0.24792500 0.52649000
vt 0.25696100 0.52659000
vt 0.26257000 0.52249800
vt 0.22783200 0.54019400
vt 0.22415900 0.54230300
vt 0.23401000 0.53841100
vt 0.23709000 0.54101200
vt 0.22467300 0.54971300
vt 0.23290600 0.54775900
vt 0.23242300 0.55240200
vt 0.23280300 0.55592600
vt 0.24175400 0.54581500
vt 0.24265600 0.55498600
vt 0.23700300 0.55813500
vt 0.23662000 0.53470000
vt 0.24375900 0.53744400
vt 0.24991800 0.54143700
vt 0.25216500 0.53225100
vt 0.24889800 0.55115000
vt 0.25814700 0.53210700
vt 0.25521300 0.53554600
vt 0.26509300 0.52881100
vt 0.26182600 0.54110400
vt 0.26406900 0.53379200
vt 0.25684100 0.54457700
vt 0.25145400 0.55890900
vt 0.25976500 0.54751100
vt 0.26625100 0.54517400
vt 0.26792300 0.55215900
vt 0.26227000 0.55340200
vt 0.27270200 0.54874300
vt 0.26107000 0.50462000
vt 0.26221100 0.51365100
vt 0.26726000 0.50761000
vt 0.27092800 0.51735500
vt 0.27062900 0.52784300
vt 0.27775500 0.53333900
vt 0.27352500 0.53574700
vt 0.29216200 0.53339700
vt 0.27756400 0.54252000
vt 0.28210300 0.54788600
vt 0.29051600 0.54956700
vt 0.30382800 0.53244300
vt 0.31488200 0.52975400
vt 0.23537800 0.30361600
vt 0.22907200 0.22962300
vt 0.22177900 0.23453600
vt 0.23779800 0.21483300
vt 0.23752800 0.22374700
vt 0.22709200 0.22565800
vt 0.23301400 0.22686700
vt 0.23524000 0.23032900
vt 0.24467500 0.22928200
vt 0.24677100 0.20983800
vt 0.24172500 0.21869100
vt 0.24779500 0.22385600
vt 0.25607700 0.22255500
vt 0.25396000 0.21638900
vt 0.26016100 0.21638800
vt 0.25783400 0.20679700
vt 0.63460000 0.16793000
vt 0.63338800 0.15757000
vt 0.63802800 0.15709600
vt 0.03983700 0.23846200
vt 0.62884000 0.15883800
vt 0.62830800 0.16801000
vt 0.61959000 0.16787800
vt 0.62276800 0.16418600
vt 0.62322000 0.17217800
vt 0.04308100 0.25078900
vt 0.64632000 0.17293200
vt 0.04405300 0.24165100
vt 0.03832900 0.24411800
vt 0.63947700 0.16491100
vt 0.63892200 0.17219900
vt 0.62854000 0.17220700
vt 0.63033700 0.17633600
vt 0.61951200 0.17603700
vt 0.62894500 0.18526400
vt 0.62133600 0.18169400
vt 0.64327900 0.17695500
vt 0.64846000 0.18079300
vt 0.04442200 0.25755700
vt 0.64001100 0.18031400
vt 0.64548400 0.18753300
vt 0.63583000 0.18718300
vt 0.63471200 0.17978000
vt 0.64004100 0.19794100
vt 0.64790100 0.19755600
vt 0.64595600 0.20218300
vt 0.62834800 0.19382600
vt 0.63434400 0.19291500
vt 0.62487500 0.19134600
vt 0.63193700 0.20341100
vt 0.62559200 0.19627500
vt 0.61599100 0.17117900
vt 0.61461000 0.18172500
vt 0.61876500 0.18904400
vt 0.61288100 0.17783700
vt 0.61003700 0.18143700
vt 0.60831900 0.18713800
vt 0.61728300 0.19571700
vt 0.61102100 0.19142000
vt 0.61236000 0.19818900
vt 0.59987200 0.19004100
vt 0.60278400 0.18144300
vt 0.60607700 0.19959100
vt 0.61071700 0.20097900
vt 0.62280700 0.20283300
vt 0.61880700 0.20412300
vt 0.64140000 0.20488500
vt 0.64659900 0.21411500
vt 0.63926400 0.21697400
vt 0.62743700 0.21783500
vt 0.62416500 0.20996100
vt 0.63534600 0.21322200
vt 0.63152000 0.22242000
vt 0.63965500 0.22339200
vt 0.64285000 0.23212500
vt 0.61969400 0.22708500
vt 0.62686200 0.22650400
vt 0.63606100 0.22546700
vt 0.63133200 0.23087900
vt 0.63390100 0.23307300
vt 0.60663000 0.20503300
vt 0.61805500 0.20849000
vt 0.61471000 0.20374000
vt 0.61362300 0.21149800
vt 0.62060600 0.21625100
vt 0.61204900 0.21716500
vt 0.60570500 0.21320200
vt 0.62035700 0.22016300
vt 0.61397100 0.22335700
vt 0.61479500 0.23312900
vt 0.60458200 0.22166300
vt 0.60221900 0.21810400
vt 0.59631300 0.22409800
vt 0.60753100 0.22896300
vt 0.59978400 0.23031500
vt 0.59193200 0.19593300
vt 0.58807000 0.20493400
vt 0.58337900 0.19603000
vt 0.58347500 0.20106000
vt 0.57851700 0.19943100
vt 0.57983300 0.20305300
vt 0.57695300 0.19490100
vt 0.56967300 0.19746500
vt 0.57010600 0.19175800
vt 0.57000700 0.20169200
vt 0.56273300 0.19501600
vt 0.56324200 0.20368100
vt 0.55699700 0.19735600
vt 0.55905100 0.19397500
vt 0.55097000 0.19276800
vt 0.56121800 0.20219800
vt 0.55384500 0.20118100
vt 0.59094400 0.21173800
vt 0.59474100 0.20556000
vt 0.59872100 0.20907700
vt 0.59294300 0.21661500
vt 0.58496700 0.21389900
vt 0.59205500 0.22043100
vt 0.59789200 0.22686700
vt 0.59129800 0.23287300
vt 0.59029100 0.22785500
vt 0.58513700 0.22381800
vt 0.57610800 0.21829600
vt 0.57646700 0.21452100
vt 0.57482500 0.22546900
vt 0.57648600 0.20543000
vt 0.57338700 0.20580600
vt 0.57321900 0.20916600
vt 0.57909700 0.21020300
vt 0.56550500 0.20716800
vt 0.56709000 0.21328500
vt 0.57399400 0.21213900
vt 0.55704600 0.20507900
vt 0.56019000 0.20797700
vt 0.56045800 0.21234300
vt 0.55102200 0.20496000
vt 0.55286500 0.20958500
vt 0.57107300 0.21830600
vt 0.56198900 0.22092700
vt 0.55591700 0.21398300
vt 0.55097400 0.21539900
vt 0.55552800 0.21894500
vt 0.55141900 0.22093300
vt 0.57357700 0.22135000
vt 0.56834900 0.22659600
vt 0.56784200 0.22263300
vt 0.57235900 0.22970000
vt 0.56697200 0.22998700
vt 0.56076600 0.22622500
vt 0.56187500 0.23036800
vt 0.55425400 0.23407400
vt 0.21713000 0.23772600
vt 0.22725900 0.24546200
vt 0.22850600 0.24053000
vt 0.23289600 0.23834100
vt 0.23877500 0.24006000
vt 0.24106500 0.23449300
vt 0.23725800 0.24574600
vt 0.24754700 0.24166900
vt 0.21782500 0.24820900
vt 0.23298600 0.26006300
vt 0.24072500 0.24431300
vt 0.24055900 0.25181900
vt 0.24609900 0.24528400
vt 0.24728900 0.25080800
vt 0.24552000 0.25732500
vt 0.24913100 0.23260600
vt 0.25414800 0.23849800
vt 0.25426400 0.24471600
vt 0.25524400 0.24173000
vt 0.23876300 0.26492800
vt 0.23970500 0.25991500
vt 0.24785500 0.26778200
vt 0.54754900 0.19454400
vt 0.54559400 0.20156900
vt 0.54162300 0.19601100
vt 0.53851400 0.19954800
vt 0.53457600 0.20709300
vt 0.51788900 0.20173900
vt 0.51606300 0.20576900
vt 0.51094400 0.20247600
vt 0.50749700 0.19736500
vt 0.51620500 0.19435300
vt 0.50583200 0.20340500
vt 0.51265300 0.20926700
vt 0.54420300 0.21070000
vt 0.54187900 0.20731700
vt 0.54582400 0.21424900
vt 0.53975100 0.21557000
vt 0.53852200 0.21234600
vt 0.54636800 0.22026300
vt 0.52855900 0.20564300
vt 0.53178700 0.19680500
vt 0.53753100 0.21975400
vt 0.52941400 0.21743000
vt 0.54356000 0.22489100
vt 0.53348100 0.22543100
vt 0.53814500 0.22924300
vt 0.52847700 0.21908700
vt 0.52398200 0.22712000
vt 0.52187300 0.22043600
vt 0.52173500 0.20876200
vt 0.51606800 0.21082300
vt 0.51307300 0.21566600
vt 0.52022100 0.21502200
vt 0.50198300 0.19471600
vt 0.49599100 0.19992200
vt 0.49575500 0.19179800
vt 0.49690600 0.20611700
vt 0.50780600 0.21154000
vt 0.50767800 0.21828700
vt 0.50094200 0.21060300
vt 0.49652500 0.22019200
vt 0.48870300 0.20651300
vt 0.49075300 0.21827100
vt 0.48043700 0.21471300
vt 0.48909000 0.22286500
vt 0.51607600 0.22243100
vt 0.51015900 0.22985500
vt 0.51989800 0.22918600
vt 0.51457100 0.23685600
vt 0.50445600 0.22596800
vt 0.50229300 0.23501900
vt 0.49656500 0.22984700
vt 0.47976300 0.22395100
vt 0.48703200 0.22779400
vt 0.47474700 0.22777100
vt 0.48345000 0.23204500
vt 0.49186300 0.23453100
vt 0.47817700 0.23778900
vt 0.48976300 0.23779600
vt 0.46863900 0.23285600
vt 0.47313400 0.24270500
vt 0.48987500 0.19500600
vt 0.48460900 0.19496100
vt 0.48561300 0.20105200
vt 0.47569400 0.19574800
vt 0.47514600 0.19078300
vt 0.46664100 0.19052600
vt 0.46224300 0.19390800
vt 0.45727900 0.19872700
vt 0.45966200 0.18818200
vt 0.48117100 0.20646900
vt 0.47811100 0.20760300
vt 0.46592900 0.19924100
vt 0.47028100 0.20864400
vt 0.46334200 0.20912100
vt 0.45330100 0.21427300
vt 0.47554700 0.21430700
vt 0.47107300 0.21295400
vt 0.47055000 0.21571000
vt 0.46769600 0.22110200
vt 0.46826400 0.21531900
vt 0.46372300 0.21749400
vt 0.46467700 0.21927800
vt 0.45639000 0.21934900
vt 0.46138200 0.22947900
vt 0.32358900 0.21279100
vt 0.32710700 0.20481200
vt 0.32722200 0.21693600
vt 0.33790700 0.21937900
vt 0.33287000 0.22198300
vt 0.33284200 0.21373500
vt 0.34065500 0.22516000
vt 0.33920600 0.21302200
vt 0.34634300 0.22123800
vt 0.35090400 0.21240000
vt 0.34680600 0.21239400
vt 0.34050100 0.20753700
vt 0.33362000 0.22827800
vt 0.33448600 0.23298500
vt 0.33005300 0.23179900
vt 0.33885600 0.22930100
vt 0.33432800 0.24027200
vt 0.33870400 0.23787100
vt 0.34688900 0.22788700
vt 0.34630800 0.23692100
vt 0.35120100 0.22404500
vt 0.35313700 0.23724500
vt 0.35754300 0.22814600
vt 0.33738800 0.24389300
vt 0.34308800 0.24022100
vt 0.34672000 0.24315000
vt 0.34227300 0.24812900
vt 0.34864300 0.24112300
vt 0.35170900 0.24874700
vt 0.35557100 0.24384700
vt 0.35708800 0.22281600
vt 0.36267600 0.22611200
vt 0.36243100 0.21767600
vt 0.35237900 0.21784500
vt 0.35318700 0.22115100
vt 0.35859900 0.23291700
vt 0.36528100 0.23037600
vt 0.37053200 0.24008100
vt 0.37430200 0.23593200
vt 0.36287100 0.23971400
vt 0.40098100 0.20096200
vt 0.39237000 0.20177300
vt 0.39515900 0.19809800
vt 0.41765400 0.20367400
vt 0.41973400 0.19933700
vt 0.42502000 0.20164200
vt 0.41440700 0.21234900
vt 0.41129100 0.20511400
vt 0.40344700 0.20734400
vt 0.39711200 0.20617900
vt 0.40607600 0.21339500
vt 0.38887200 0.19366100
vt 0.38840100 0.20451100
vt 0.38384800 0.21175900
vt 0.38305700 0.20612400
vt 0.37249200 0.20592300
vt 0.37809000 0.20277400
vt 0.39265700 0.21579300
vt 0.38592800 0.21964600
vt 0.38918400 0.21226200
vt 0.39651100 0.21226500
vt 0.39899400 0.22285700
vt 0.39990000 0.21850000
vt 0.39312500 0.22583500
vt 0.35781000 0.25665700
vt 0.35965100 0.25007500
vt 0.36545600 0.25413400
vt 0.36401200 0.26173800
vt 0.40033600 0.23288100
vt 0.38919800 0.23594000
vt 0.38603300 0.22681600
vt 0.37920400 0.23333900
vt 0.38592400 0.23971900
vt 0.39656800 0.23960200
vt 0.40288600 0.24139300
vt 0.40777600 0.23193500
vt 0.38008900 0.24390400
vt 0.38974200 0.24340100
vt 0.38405500 0.24684500
vt 0.39196800 0.24591100
vt 0.38892100 0.24950400
vt 0.38402000 0.25370600
vt 0.39356800 0.25208800
vt 0.39738000 0.24613000
vt 0.40479400 0.24619500
vt 0.37694300 0.25088200
vt 0.36660900 0.24771000
vt 0.36850400 0.25890900
vt 0.36766500 0.26589200
vt 0.37530200 0.26388800
vt 0.38247600 0.26116200
vt 0.36833700 0.27113000
vt 0.36074700 0.26681500
vt 0.36606700 0.27987100
vt 0.37357300 0.27759700
vt 0.36765500 0.28474600
vt 0.37372700 0.28617400
vt 0.41499500 0.24854700
vt 0.40863100 0.25271200
vt 0.40094400 0.25185700
vt 0.39999900 0.25741400
vt 0.39235300 0.25993300
vt 0.39085800 0.26376700
vt 0.42062000 0.26497900
vt 0.42895500 0.25526600
vt 0.41109500 0.26347800
vt 0.40500100 0.26769000
vt 0.39980600 0.26838400
vt 0.41211700 0.27326500
vt 0.40034900 0.27407200
vt 0.38504700 0.27049300
vt 0.37429700 0.26982300
vt 0.39497600 0.27442300
vt 0.39159700 0.27876400
vt 0.37959800 0.28206800
vt 0.38395200 0.28691900
vt 0.43861500 0.20361300
vt 0.45163800 0.19472200
vt 0.45072900 0.20270000
vt 0.43035000 0.20304800
vt 0.42723300 0.19860600
vt 0.43322600 0.20632600
vt 0.42792700 0.20941900
vt 0.43328700 0.21078300
vt 0.43994100 0.20849200
vt 0.42864900 0.21621900
vt 0.43434200 0.21664200
vt 0.43858400 0.21998900
vt 0.43845900 0.21390800
vt 0.44278200 0.21262700
vt 0.42922400 0.22277500
vt 0.44834900 0.20744000
vt 0.42146400 0.21750500
vt 0.42155100 0.21066900
vt 0.41109300 0.22366200
vt 0.40553100 0.22443400
vt 0.40498800 0.21995100
vt 0.41307700 0.22005100
vt 0.41690300 0.22386400
vt 0.44197600 0.22984600
vt 0.42853400 0.22994800
vt 0.41306400 0.22737900
vt 0.42105000 0.22491200
vt 0.41931200 0.23305700
vt 0.42451100 0.23502800
vt 0.45656700 0.22447800
vt 0.45081200 0.21800000
vt 0.44933900 0.22986300
vt 0.44890000 0.23488600
vt 0.43972300 0.23746700
vt 0.45657300 0.23681500
vt 0.46623100 0.24485900
vt 0.45695500 0.24098000
vt 0.44924200 0.23943700
vt 0.44497700 0.24506200
vt 0.45391300 0.24678100
vt 0.42725500 0.24120100
vt 0.43465100 0.24143800
vt 0.42086900 0.24110700
vt 0.41324600 0.24053600
vt 0.42286400 0.24671500
vt 0.43884500 0.25140000
vt 0.43081100 0.24821400
vt 0.44866400 0.25788300
vt 0.39944400 0.22583100
vt 0.64581300 0.23831100
vt 0.63663900 0.23804000
vt 0.64475800 0.25040500
vt 0.63856100 0.24283700
vt 0.62523500 0.23407300
vt 0.63707700 0.23373400
vt 0.62781000 0.24202700
vt 0.63214100 0.23668700
vt 0.63690100 0.24932400
vt 0.63640300 0.25644800
vt 0.64563500 0.25708200
vt 0.62946600 0.24951900
vt 0.62882500 0.25414500
vt 0.63158500 0.26063800
vt 0.62030600 0.24132600
vt 0.61181100 0.24055000
vt 0.59927100 0.23413200
vt 0.60336700 0.23737100
vt 0.60646300 0.24252900
vt 0.59519000 0.24009800
vt 0.59360600 0.24660600
vt 0.60948600 0.24501800
vt 0.61124500 0.24802300
vt 0.62074800 0.24692300
vt 0.61993900 0.25537100
vt 0.61371500 0.25424800
vt 0.61562900 0.25576900
vt 0.60425200 0.24971600
vt 0.59838700 0.25012500
vt 0.63233300 0.26547900
vt 0.62232000 0.26990900
vt 0.62279200 0.26155000
vt 0.62789900 0.27139700
vt 0.63138000 0.27096300
vt 0.61935200 0.27549100
vt 0.62653000 0.27627200
vt 0.62202000 0.28220100
vt 0.61649500 0.26277500
vt 0.61220000 0.25990400
vt 0.61779800 0.27081100
vt 0.61110100 0.26513400
vt 0.60929800 0.26934500
vt 0.60560300 0.25512000
vt 0.60304000 0.26059100
vt 0.59388600 0.25541100
vt 0.59874900 0.26566900
vt 0.61341200 0.27707400
vt 0.61489600 0.28080000
vt 0.60360800 0.27813900
vt 0.60944800 0.28470800
vt 0.60001100 0.28523800
vt 0.59335900 0.28395600
vt 0.59347400 0.27338200
vt 0.64061000 0.27632700
vt 0.63759100 0.26901000
vt 0.63391500 0.27591600
vt 0.63718600 0.28432300
vt 0.64272400 0.28543800
vt 0.62895800 0.27393200
vt 0.63157200 0.27943700
vt 0.63356700 0.28664200
vt 0.58093200 0.23031100
vt 0.58496500 0.23351300
vt 0.58525300 0.23855900
vt 0.57434400 0.23440500
vt 0.57685200 0.24245700
vt 0.58964100 0.25096300
vt 0.58156700 0.24999700
vt 0.58368100 0.25556300
vt 0.58128800 0.24481700
vt 0.57177400 0.24696400
vt 0.57372600 0.25257500
vt 0.56745700 0.23470900
vt 0.56375800 0.23326200
vt 0.56682000 0.23941200
vt 0.56216200 0.23862800
vt 0.56906200 0.24255100
vt 0.56389700 0.24433400
vt 0.55721700 0.23936200
vt 0.54695000 0.23378100
vt 0.55019800 0.24028100
vt 0.56125500 0.24752000
vt 0.56430800 0.25572800
vt 0.55566200 0.24335000
vt 0.55500700 0.24850800
vt 0.54516000 0.24342000
vt 0.54650600 0.25134000
vt 0.55507500 0.25615900
vt 0.58837300 0.26140500
vt 0.59211600 0.26596800
vt 0.58641100 0.26707500
vt 0.57570400 0.25898200
vt 0.57392900 0.26561000
vt 0.58029100 0.26491000
vt 0.56998100 0.26372400
vt 0.57578100 0.26882900
vt 0.58293500 0.27754500
vt 0.57739700 0.27386900
vt 0.56877600 0.26980400
vt 0.57689500 0.28170900
vt 0.57262400 0.27571300
vt 0.56311800 0.26055900
vt 0.56360300 0.26605400
vt 0.55139900 0.26258400
vt 0.55303100 0.26640200
vt 0.55749500 0.27680100
vt 0.56410300 0.27841800
vt 0.54318600 0.25957400
vt 0.54732500 0.26625000
vt 0.56975600 0.28379600
vt 0.61440000 0.28869400
vt 0.60836700 0.29003000
vt 0.60009700 0.29003000
vt 0.63740200 0.28855000
vt 0.63875900 0.29211700
vt 0.64065100 0.29589400
vt 0.63371300 0.29439000
vt 0.63931400 0.29964200
vt 0.62721700 0.29704300
vt 0.64087900 0.30383800
vt 0.63615500 0.30482100
vt 0.63517700 0.30952200
vt 0.62143500 0.30203300
vt 0.61988800 0.29613100
vt 0.61560500 0.30415700
vt 0.62114300 0.29075900
vt 0.61305700 0.29408500
vt 0.60545200 0.29579200
vt 0.59103900 0.29092500
vt 0.59742100 0.29407800
vt 0.60923300 0.29962100
vt 0.61480700 0.31042500
vt 0.60973400 0.30415400
vt 0.59890700 0.30059700
vt 0.59903000 0.30566600
vt 0.59370500 0.30193300
vt 0.59259800 0.29858900
vt 0.60800900 0.30890800
vt 0.63618300 0.32034700
vt 0.62756600 0.31463100
vt 0.62882600 0.31310700
vt 0.63126300 0.31853200
vt 0.62844000 0.32969500
vt 0.62491600 0.32005300
vt 0.61551600 0.31633500
vt 0.62058700 0.31607200
vt 0.61506400 0.32523200
vt 0.60876400 0.31276100
vt 0.60982100 0.32217100
vt 0.60540400 0.31828200
vt 0.59956600 0.31552800
vt 0.59435200 0.31126600
vt 0.58896300 0.31546300
vt 0.59748800 0.31968900
vt 0.58958500 0.32005100
vt 0.59745500 0.32417000
vt 0.59963200 0.32750200
vt 0.60207200 0.34181200
vt 0.59027300 0.32495100
vt 0.59136800 0.33154900
vt 0.58593600 0.28087600
vt 0.58338700 0.28713200
vt 0.57749000 0.29367500
vt 0.57409900 0.28578800
vt 0.56565900 0.28929100
vt 0.57271400 0.29162100
vt 0.59013700 0.29966300
vt 0.58810500 0.29505700
vt 0.58418800 0.29683900
vt 0.58666500 0.30055000
vt 0.58124800 0.30114700
vt 0.58183200 0.29531500
vt 0.59096000 0.30277800
vt 0.58485900 0.30306800
vt 0.58414000 0.30736400
vt 0.58817500 0.30898500
vt 0.57894100 0.30546500
vt 0.57261000 0.29907000
vt 0.56531000 0.30033100
vt 0.56489700 0.29498600
vt 0.57039100 0.30600800
vt 0.57490200 0.30855700
vt 0.56185000 0.30894700
vt 0.55950100 0.28205900
vt 0.55522600 0.29175100
vt 0.54543100 0.28537200
vt 0.54582700 0.28001100
vt 0.54944000 0.28902400
vt 0.54025500 0.28474000
vt 0.53837800 0.28758000
vt 0.54504700 0.29663400
vt 0.55242500 0.29593100
vt 0.55622400 0.29898100
vt 0.54918000 0.30293300
vt 0.53922300 0.30178300
vt 0.54276600 0.30862100
vt 0.54791600 0.31665800
vt 0.53254400 0.30972400
vt 0.57955700 0.31124500
vt 0.58234300 0.31397600
vt 0.58382900 0.32225600
vt 0.56632700 0.31192600
vt 0.57232300 0.31373400
vt 0.57611400 0.32210400
vt 0.56422300 0.31753400
vt 0.58139400 0.32920700
vt 0.58129500 0.34549700
vt 0.56961400 0.33048700
vt 0.57445900 0.32718400
vt 0.56911900 0.32510600
vt 0.55777700 0.32633500
vt 0.55914500 0.31628600
vt 0.53703100 0.31817500
vt 0.55816700 0.32949000
vt 0.56076300 0.33701200
vt 0.54811100 0.32650800
vt 0.54914000 0.33561900
vt 0.54509200 0.33188400
vt 0.53660600 0.32794200
vt 0.53295700 0.33361600
vt 0.53918200 0.34262500
vt 0.53709200 0.23784300
vt 0.53915600 0.25208900
vt 0.53576600 0.24333900
vt 0.52573500 0.23989300
vt 0.53323500 0.24632300
vt 0.52163500 0.24472200
vt 0.52849600 0.25545700
vt 0.51738600 0.24861100
vt 0.51202700 0.24446200
vt 0.52047500 0.25548500
vt 0.52197500 0.25299400
vt 0.52659000 0.26065600
vt 0.51403200 0.25409400
vt 0.50791700 0.23810500
vt 0.49639600 0.23996100
vt 0.50514400 0.24184300
vt 0.50819000 0.24863100
vt 0.49796400 0.24649900
vt 0.50410800 0.24991300
vt 0.50687000 0.25988300
vt 0.51170400 0.26552100
vt 0.48846100 0.24095800
vt 0.48494000 0.24340000
vt 0.49059500 0.24610000
vt 0.48019000 0.24641200
vt 0.48467600 0.24982100
vt 0.47591900 0.24810500
vt 0.47512400 0.25279500
vt 0.46647600 0.25078500
vt 0.49654300 0.25833900
vt 0.48911600 0.25806400
vt 0.50207800 0.26799700
vt 0.49235300 0.26632300
vt 0.48268100 0.26136400
vt 0.47615600 0.25814000
vt 0.48601800 0.26667400
vt 0.47263800 0.26329000
vt 0.53671900 0.26717200
vt 0.54325600 0.26832000
vt 0.53207600 0.26916700
vt 0.52210400 0.26700900
vt 0.51619400 0.27210800
vt 0.50841300 0.26987900
vt 0.53932100 0.27954600
vt 0.52522800 0.27373500
vt 0.51775100 0.27801100
vt 0.52375000 0.28181800
vt 0.51158800 0.27396400
vt 0.50682200 0.27649200
vt 0.50326700 0.28452900
vt 0.50277800 0.28067300
vt 0.51183500 0.28280600
vt 0.50557600 0.28954400
vt 0.50175400 0.27281700
vt 0.48753900 0.27362700
vt 0.49303000 0.27329600
vt 0.49779100 0.27745200
vt 0.49625600 0.28251600
vt 0.50060600 0.29605800
vt 0.49051800 0.29326800
vt 0.49472500 0.29896500
vt 0.52428800 0.29661500
vt 0.51640200 0.29372400
vt 0.52711000 0.29357000
vt 0.52759900 0.30019100
vt 0.53146400 0.29628700
vt 0.52290300 0.28778800
vt 0.51513000 0.28860900
vt 0.50848900 0.29464200
vt 0.51569500 0.30097600
vt 0.50710400 0.29855500
vt 0.50722700 0.30927700
vt 0.52341100 0.30344500
vt 0.51816900 0.30867100
vt 0.51359000 0.31541600
vt 0.50176100 0.30470400
vt 0.53125100 0.31885800
vt 0.52874300 0.32857600
vt 0.52230900 0.33362500
vt 0.52270900 0.33036700
vt 0.51988800 0.32752400
vt 0.52468700 0.33839700
vt 0.51310600 0.33504000
vt 0.51519000 0.33081500
vt 0.50956500 0.33808200
vt 0.45980400 0.25881100
vt 0.46282500 0.26527900
vt 0.45226000 0.26629900
vt 0.45564200 0.27339600
vt 0.42367500 0.27141900
vt 0.43900400 0.26903200
vt 0.43342800 0.26444800
vt 0.44295800 0.26484900
vt 0.43494300 0.27147000
vt 0.44396300 0.27141700
vt 0.43958400 0.27665100
vt 0.43187700 0.27648300
vt 0.45593400 0.28589200
vt 0.44839600 0.27714800
vt 0.43443300 0.28411000
vt 0.48354100 0.27626400
vt 0.47075000 0.27443700
vt 0.47667100 0.28453700
vt 0.47913600 0.29948300
vt 0.47246200 0.29293000
vt 0.46295400 0.28082400
vt 0.46660100 0.28819800
vt 0.44294400 0.29117500
vt 0.46171200 0.29822700
vt 0.45818600 0.29530900
vt 0.45818600 0.29530900
vt 0.44603600 0.29665900
vt 0.46711500 0.30304900
vt 0.45891600 0.29501000
vt 0.45891600 0.29501000
vt 0.45954100 0.29471700
vt 0.45954100 0.29471700
vt 0.45618100 0.30717600
vt 0.37943700 0.29085600
vt 0.37286400 0.29304600
vt 0.38789200 0.30619200
vt 0.38280800 0.30878000
vt 0.38630600 0.29980400
vt 0.42518100 0.28350600
vt 0.40856700 0.27496500
vt 0.40923800 0.28039700
vt 0.40418500 0.27598000
vt 0.40302600 0.28027100
vt 0.42680700 0.29124700
vt 0.41618100 0.28700900
vt 0.41097200 0.29173300
vt 0.39665500 0.28607700
vt 0.38907600 0.29167300
vt 0.37436600 0.29869600
vt 0.39940200 0.30558900
vt 0.39812700 0.30105800
vt 0.40478300 0.30295600
vt 0.39373200 0.30360500
vt 0.39373000 0.31921700
vt 0.39135000 0.31627600
vt 0.39259300 0.31388200
vt 0.40205100 0.33154300
vt 0.38900700 0.32943400
vt 0.43243300 0.29681700
vt 0.40072000 0.30876000
vt 0.40420700 0.31213600
vt 0.40774900 0.31011200
vt 0.40926000 0.31426500
vt 0.41498200 0.31086300
vt 0.41176200 0.30653700
vt 0.41882400 0.31151700
vt 0.42408600 0.30200900
vt 0.40031200 0.31461900
vt 0.40218300 0.31950000
vt 0.40665700 0.31732200
vt 0.41315200 0.31754700
vt 0.40525000 0.32576700
vt 0.41340000 0.32503100
vt 0.42279000 0.31572000
vt 0.42252700 0.32261900
vt 0.49366300 0.31345700
vt 0.49413400 0.31948600
vt 0.50561200 0.32145100
vt 0.49190500 0.30590800
vt 0.47773400 0.30768500
vt 0.48517700 0.31210100
vt 0.48471500 0.31698300
vt 0.47149900 0.31660100
vt 0.48282500 0.32610500
vt 0.45298900 0.31612700
vt 0.46403200 0.32072000
vt 0.47419800 0.32922300
vt 0.44995100 0.32773800
vt 0.44778000 0.32051500
vt 0.46255900 0.33017400
vt 0.48959500 0.32396500
vt 0.49868500 0.32748200
vt 0.50225100 0.33209200
vt 0.49332100 0.33166300
vt 0.48493000 0.33310300
vt 0.49529200 0.33571200
vt 0.50406900 0.33647500
vt 0.49887900 0.34062700
vt 0.48907100 0.33729600
vt 0.48808300 0.34191800
vt 0.49088400 0.37444300
vt 0.47617600 0.33489500
vt 0.46896400 0.33399800
vt 0.46888800 0.33824700
vt 0.48055900 0.33859300
vt 0.46103900 0.33626800
vt 0.45398300 0.33111800
vt 0.46702500 0.34197900
vt 0.45752000 0.34120000
vt 0.47668100 0.34333700
vt 0.46824000 0.36581000
vt 0.45828600 0.34938600
vt 0.40734500 0.33715100
vt 0.40135800 0.33771700
vt 0.39793900 0.34335400
vt 0.40461500 0.34292100
vt 0.41283900 0.34164200
vt 0.40862700 0.34659200
vt 0.40354700 0.34648500
vt 0.44078800 0.31783300
vt 0.44242200 0.32314200
vt 0.42906300 0.31956000
vt 0.43131600 0.32410300
vt 0.42214300 0.32781100
vt 0.43208200 0.31043400
vt 0.45143600 0.33650200
vt 0.43307900 0.33015400
vt 0.44172500 0.33315100
vt 0.43270500 0.33791800
vt 0.44186200 0.33822200
vt 0.42183600 0.33869100
vt 0.44036000 0.34332700
vt 0.42739600 0.34365400
vt 0.40998000 0.32992800
vt 0.41715200 0.33875800
vt 0.41373700 0.34552900
vt 0.42105000 0.34878400
vt 0.41202800 0.35120300
vt 0.41342800 0.38478500
vt 0.44835300 0.34275400
vt 0.44263900 0.35892500
vt 0.43244100 0.34736800
vt 0.45422200 0.36221800
vt 0.43467100 0.37532700
vt 0.62426800 0.37562200
vt 0.61462800 0.36239500
vt 0.60373700 0.40154900
vt 0.59167400 0.38115800
vt 0.56581000 0.36087100
vt 0.58091900 0.39202900
vt 0.53303000 0.37113300
vt 0.55292400 0.36824900
vt 0.54320900 0.36489600
vt 0.57353400 0.39897200
vt 0.56303400 0.39739100
vt 0.54957100 0.38679500
vt 0.61745400 0.41333600
vt 0.59496400 0.42559500
vt 0.57178100 0.43102600
vt 0.58700000 0.44846200
vt 0.55226800 0.41505100
vt 0.54448100 0.42611300
vt 0.56304600 0.41875000
vt 0.52965700 0.39325000
vt 0.53115900 0.43255600
vt 0.51761100 0.37062300
vt 0.51096400 0.40939800
vt 0.55597800 0.43836900
vt 0.51725200 0.45038300
vt 0.50447400 0.45145900
vt 0.50479700 0.36856700
vt 0.47847000 0.36470500
vt 0.47825900 0.39565200
vt 0.49163000 0.41469800
vt 0.45605000 0.39736200
vt 0.44744600 0.37855000
vt 0.46492900 0.38217200
vt 0.42861800 0.40440800
vt 0.44424800 0.40470600
vt 0.48122900 0.42233500
vt 0.46902400 0.40642100
vt 0.46308100 0.41308500
vt 0.46055800 0.43878400
vt 0.47094400 0.44440000
vt 0.44938600 0.44058600
vt 0.49276900 0.46199100
vt 0.47959400 0.45245100
vt 0.59427800 0.06249400
vt 0.59291400 0.07005500
vt 0.59196500 0.05315900
vt 0.58678000 0.05943700
vt 0.58078100 0.05936100
vt 0.58625400 0.04691600
vt 0.58213500 0.03094300
vt 0.57416800 0.04469900
vt 0.57842400 0.02841200
vt 0.57537100 0.02211300
vt 0.55683300 0.02322900
vt 0.19905600 0.19941000
vt 0.56548300 0.01533100
vt 0.53085200 0.02739100
vt 0.57030700 0.03681500
vt 0.54800500 0.05433300
vt 0.52535700 0.05019700
vt 0.20049900 0.20725100
vt 0.20692500 0.21133200
vt 0.20865700 0.19451100
vt 0.55517800 0.01698600
vt 0.20924100 0.20923100
vt 0.21458800 0.19944500
vt 0.21640200 0.20519000
vt 0.21239800 0.21381700
vt 0.21213500 0.21728700
vt 0.21490900 0.21142700
vt 0.21570400 0.21523500
vt 0.21938100 0.21361200
vt 0.21860500 0.21063900
vt 0.21499100 0.21992900
vt 0.54577600 0.01499600
vt 0.21891600 0.19401500
vt 0.22669700 0.21161400
vt 0.22575500 0.20192400
vt 0.21302200 0.22262600
vt 0.22144900 0.21862500
vt 0.22603900 0.21408100
vt 0.22600500 0.22141200
vt 0.23257100 0.21643700
vt 0.23369800 0.20623000
vt 0.23275700 0.21304000
vt 0.22021600 0.22293900
vt 0.21996100 0.22714000
vt 0.22756600 0.19039800
vt 0.53723000 0.01709600
vt 0.50327900 0.02198700
vt 0.23324000 0.19586200
vt 0.51816800 0.01449000
vt 0.24771500 0.19182200
vt 0.23839200 0.20284600
vt 0.23737100 0.20931100
vt 0.24473300 0.20827400
vt 0.24272500 0.20368400
vt 0.25077300 0.20447100
vt 0.25808100 0.20321000
vt 0.25084500 0.21100400
vt 0.49589000 0.03281300
vt 0.50973200 0.04985100
vt 0.49754400 0.03889900
vt 0.50185400 0.04822100
vt 0.50549600 0.00857000
vt 0.26075200 0.19933600
vt 0.26759000 0.19804400
vt 0.49937800 0.01096500
vt 0.26918900 0.20405100
vt 0.26374100 0.20695800
vt 0.26188800 0.20820300
vt 0.26721400 0.21025400
vt 0.27170200 0.20606300
vt 0.49049800 0.01759800
vt 0.27540200 0.19886600
vt 0.49193300 0.01214700
vt 0.26483600 0.21182200
vt 0.26422000 0.21924400
vt 0.27321500 0.20896200
vt 0.49141100 0.02821100
vt 0.48963800 0.02606100
vt 0.27908000 0.20407400
vt 0.27843600 0.20670900
vt 0.28398400 0.20189700
vt 0.48374400 0.01110400
vt 0.48298200 0.01930400
vt 0.28361700 0.20530300
vt 0.48581100 0.03317800
vt 0.47493600 0.06891500
vt 0.47046600 0.06321300
vt 0.46939700 0.04496200
vt 0.31961000 0.18261000
vt 0.48244200 0.03019000
vt 0.47643400 0.02373700
vt 0.29848900 0.19455300
vt 0.30368200 0.18880600
vt 0.47612800 0.03035400
vt 0.48052700 0.01766300
vt 0.29079800 0.19779900
vt 0.28964300 0.20497800
vt 0.29576500 0.20572700
vt 0.29696600 0.20118700
vt 0.30276700 0.19598300
vt 0.30239800 0.20362700
vt 0.47381100 0.03681900
vt 0.31038500 0.18513700
vt 0.31078100 0.19205200
vt 0.31542800 0.19880100
vt 0.31131600 0.20301400
vt 0.33343300 0.19084100
vt 0.35131700 0.17665400
vt 0.45736000 0.07220100
vt 0.32163400 0.19640200
vt 0.31639000 0.20373800
vt 0.32335000 0.20264900
vt 0.05531300 0.21949800
vt 0.62812300 0.12367500
vt 0.62018600 0.11736500
vt 0.62215300 0.13059300
vt 0.62040000 0.13671600
vt 0.61233300 0.14680800
vt 0.60791200 0.14191700
vt 0.59536000 0.11837300
vt 0.59475200 0.15269700
vt 0.59034900 0.13280300
vt 0.62486600 0.15517200
vt 0.62357500 0.14348500
vt 0.03860900 0.23423800
vt 0.63392300 0.15207900
vt 0.61947000 0.15648000
vt 0.61843900 0.14451500
vt 0.62064700 0.16179700
vt 0.61531900 0.16153400
vt 0.04646100 0.22674500
vt 0.63144900 0.13733700
vt 0.04747600 0.23371600
vt 0.61337200 0.15299000
vt 0.61213300 0.15783800
vt 0.60727100 0.15484400
vt 0.60222400 0.15850700
vt 0.60652800 0.15225900
vt 0.59269500 0.15962100
vt 0.58909400 0.15881200
vt 0.61690800 0.16474700
vt 0.61348500 0.16769200
vt 0.60778800 0.16693600
vt 0.60762200 0.17000500
vt 0.60001800 0.17446100
vt 0.60443100 0.17683100
vt 0.59536400 0.17344700
vt 0.59747800 0.17652600
vt 0.60047800 0.16605600
vt 0.59083800 0.17116800
vt 0.58946000 0.14990100
vt 0.59490700 0.09468700
vt 0.59297100 0.08381800
vt 0.59196200 0.09565800
vt 0.59090600 0.07736100
vt 0.57852800 0.06991300
vt 0.58057200 0.09520700
vt 0.59024200 0.11766300
vt 0.57408900 0.07888000
vt 0.56841300 0.08586000
vt 0.56490600 0.09580700
vt 0.55930800 0.08786400
vt 0.57912400 0.13577900
vt 0.57178600 0.11766200
vt 0.56002300 0.10190700
vt 0.58674400 0.17722500
vt 0.58395300 0.17496400
vt 0.58165400 0.16302800
vt 0.58487400 0.15912100
vt 0.58004800 0.16106000
vt 0.57803600 0.17052700
vt 0.58261100 0.16732200
vt 0.57122800 0.16664700
vt 0.57386100 0.17365100
vt 0.57819900 0.18071300
vt 0.58201700 0.14951500
vt 0.57891800 0.14360900
vt 0.57446300 0.13847900
vt 0.57273300 0.13151800
vt 0.57552900 0.14799900
vt 0.56249400 0.13627000
vt 0.56160700 0.16252300
vt 0.55226500 0.14619400
vt 0.56674800 0.17772800
vt 0.55615600 0.17110000
vt 0.55766900 0.17792700
vt 0.55132300 0.17923200
vt 0.54640700 0.17017300
vt 0.54935100 0.17223900
vt 0.52218700 0.14631900
vt 0.52938600 0.16975900
vt 0.56274900 0.11506800
vt 0.54660300 0.11826100
vt 0.55107600 0.11020900
vt 0.55385000 0.09458800
vt 0.55315100 0.10174700
vt 0.55161900 0.09725900
vt 0.54656200 0.10631200
vt 0.54459700 0.10456100
vt 0.54795700 0.09961700
vt 0.54482600 0.10047400
vt 0.54151500 0.11203500
vt 0.54048600 0.10053400
vt 0.54075300 0.10649400
vt 0.53655200 0.10312300
vt 0.53381400 0.10946100
vt 0.53226300 0.10497500
vt 0.53304900 0.12256600
vt 0.53536100 0.11527100
vt 0.53420700 0.11295800
vt 0.53047400 0.10963300
vt 0.52680300 0.11152300
vt 0.52365000 0.11700400
vt 0.51951300 0.11342600
vt 0.51668700 0.14993200
vt 0.51983200 0.12762200
vt 0.59897700 0.17975300
vt 0.59579800 0.18515100
vt 0.60475500 0.19267400
vt 0.59740800 0.19500100
vt 0.59899800 0.19972700
vt 0.59278500 0.18020000
vt 0.58504500 0.18290400
vt 0.58655800 0.18552700
vt 0.57874400 0.18442500
vt 0.57922500 0.18781000
vt 0.57234000 0.18051400
vt 0.58837800 0.19308900
vt 0.59325800 0.20175100
vt 0.57339900 0.18687400
vt 0.56926700 0.18198300
vt 0.56845000 0.18596300
vt 0.56831300 0.18940800
vt 0.56168300 0.19036100
vt 0.55926200 0.18292100
vt 0.55425100 0.18485300
vt 0.55736800 0.18670300
vt 0.55160300 0.19054600
vt 0.57133400 0.07102600
vt 0.56164600 0.05021300
vt 0.55451500 0.07913000
vt 0.54555900 0.06794200
vt 0.52868900 0.06745700
vt 0.51725000 0.07114900
vt 0.50190600 0.08578100
vt 0.53404900 0.07438000
vt 0.52549000 0.07844000
vt 0.52634300 0.08498800
vt 0.51830100 0.08068200
vt 0.51891600 0.08914100
vt 0.52030100 0.07563600
vt 0.54885300 0.08922500
vt 0.54672500 0.09137500
vt 0.54219100 0.08499100
vt 0.54532000 0.09574900
vt 0.54385600 0.09162000
vt 0.54110000 0.09568300
vt 0.54054500 0.08745400
vt 0.53936600 0.09350400
vt 0.53473700 0.09116800
vt 0.53672100 0.08287200
vt 0.53050000 0.08669900
vt 0.53976500 0.09729600
vt 0.53302800 0.09205800
vt 0.53676000 0.09835900
vt 0.52850500 0.10188300
vt 0.52879700 0.09611300
vt 0.53106900 0.10210900
vt 0.52561600 0.08963700
vt 0.52084900 0.09165500
vt 0.52324500 0.10108900
vt 0.52331700 0.09576300
vt 0.51953200 0.09536400
vt 0.52643400 0.10602400
vt 0.52168900 0.10637400
vt 0.52063900 0.10057600
vt 0.51638300 0.10073000
vt 0.50380200 0.11375500
vt 0.47325800 0.11085300
vt 0.52884800 0.17489300
vt 0.53625900 0.18140000
vt 0.51504800 0.17073100
vt 0.51169300 0.17321600
vt 0.50257300 0.16521900
vt 0.48919900 0.13759500
vt 0.49947200 0.11878800
vt 0.52403700 0.18312700
vt 0.50230200 0.17022100
vt 0.50136300 0.17974700
vt 0.49331000 0.17345300
vt 0.49071600 0.18297900
vt 0.47757200 0.14994400
vt 0.48006300 0.16409200
vt 0.47921500 0.17214900
vt 0.48220200 0.17822100
vt 0.48742500 0.15251700
vt 0.47048600 0.15570400
vt 0.47247500 0.16870200
vt 0.47301600 0.17780600
vt 0.46402100 0.16261900
vt 0.46021600 0.14780500
vt 0.45087200 0.18354000
vt 0.45891400 0.17398100
vt 0.45500700 0.15625800
vt 0.43713000 0.18073900
vt 0.44574200 0.18683600
vt 0.54450000 0.18357800
vt 0.54033000 0.18951700
vt 0.54230100 0.19282300
vt 0.53646600 0.18999800
vt 0.53755100 0.19282100
vt 0.52806500 0.18660000
vt 0.53269500 0.19441000
vt 0.53173800 0.19200800
vt 0.52539000 0.19088400
vt 0.51412900 0.19148600
vt 0.51083600 0.18673300
vt 0.50126100 0.18977200
vt 0.51005800 0.19172000
vt 0.52357400 0.19514300
vt 0.52242500 0.19979900
vt 0.52798100 0.21070200
vt 0.49635900 0.18562200
vt 0.48976000 0.19159700
vt 0.48290600 0.18243900
vt 0.48275000 0.19100600
vt 0.47839100 0.18813700
vt 0.47610300 0.18267400
vt 0.46908400 0.18658700
vt 0.46787900 0.18297100
vt 0.45693100 0.18665600
vt 0.45947600 0.18368600
vt 0.45009900 0.18981500
vt 0.37750400 0.17417200
vt 0.45402900 0.09703100
vt 0.45887300 0.11342700
vt 0.45250900 0.12156100
vt 0.40353900 0.17341400
vt 0.38728700 0.17851600
vt 0.38739700 0.18476700
vt 0.37935300 0.18430200
vt 0.37945100 0.19008700
vt 0.49005400 0.11936300
vt 0.48136700 0.12629600
vt 0.48035100 0.11974800
vt 0.46979400 0.12525900
vt 0.46432400 0.14034200
vt 0.45977300 0.12856600
vt 0.45512800 0.13191700
vt 0.41398400 0.17272200
vt 0.35188000 0.17975900
vt 0.31736500 0.20764700
vt 0.33446000 0.19866200
vt 0.34483800 0.19485600
vt 0.34113100 0.19886000
vt 0.33495700 0.20790800
vt 0.35584500 0.19236000
vt 0.36020000 0.18909700
vt 0.37271300 0.18984300
vt 0.36481800 0.19445400
vt 0.37926700 0.19261000
vt 0.35729800 0.19727200
vt 0.36517300 0.19897500
vt 0.35920600 0.20129800
vt 0.37672900 0.19856100
vt 0.36961000 0.20134600
vt 0.36535200 0.20430000
vt 0.36652600 0.20856100
vt 0.34778800 0.19816100
vt 0.34534800 0.20122900
vt 0.35342100 0.19920700
vt 0.35447000 0.20276900
vt 0.35722100 0.20647300
vt 0.35675800 0.21283600
vt 0.36240900 0.21115300
vt 0.37064800 0.21173100
vt 0.37789100 0.21291500
vt 0.37708800 0.21773900
vt 0.37507300 0.22203400
vt 0.37848800 0.22717800
vt 0.37002400 0.22066800
vt 0.37224800 0.22645900
vt 0.39918700 0.18143200
vt 0.39552500 0.18623500
vt 0.39425500 0.19184000
vt 0.40921400 0.18187300
vt 0.42548700 0.18141100
vt 0.44961200 0.14553800
vt 0.45569400 0.15168000
vt 0.41837900 0.18546800
vt 0.42901700 0.18557900
vt 0.43890600 0.18604200
vt 0.43312300 0.19012000
vt 0.44162200 0.19100000
vt 0.43683100 0.19383700
vt 0.42479700 0.19087400
vt 0.42927800 0.19203500
vt 0.41689000 0.18960500
vt 0.41884800 0.19394200
vt 0.43287400 0.19722800
vt 0.40433400 0.18994700
vt 0.40061900 0.19360800
vt 0.40802800 0.19219700
vt 0.41006600 0.19736100
vt 0.41001000 0.20179500
vt 0.38276400 0.19675200
vt 0.34905300 0.25778100
vt 0.35225700 0.26096100
vt 0.35737900 0.27181800
vt 0.39337700 0.26780500
vt 0.44192100 0.19441600
vt 0.54935100 0.27063700
vt 0.62807300 0.30722800
vt 0.57908400 0.31772800
vt 0.53203300 0.27799800
vt 0.53250000 0.28411900
vt 0.52711200 0.28498100
vt 0.52933900 0.28885100
vt 0.52472500 0.32117700
vt 0.51755700 0.32431300
vt 0.51071900 0.33001000
vt 0.45889100 0.29499700
vt 0.40364700 0.29406800
vt 0.38657600 0.31574300
vt 0.50472200 0.32875800
vt 0.50986100 0.33095500
vt 0.50527400 0.33389900
vt 0.43606600 0.32259700
vt 0.54354000 0.08017800
vt 0.53804800 0.07808900
vt 0.53436500 0.07903500
vt 0.26009200 0.22779000
vt 0.26526900 0.22322300
vt 0.26740800 0.21361100
vt 0.27149400 0.21445600
vt 0.27143800 0.22180800
vt 0.27758800 0.22010700
vt 0.27787900 0.21480700
vt 0.25205600 0.25061000
vt 0.25818600 0.23646800
vt 0.26464600 0.23432800
vt 0.27311500 0.22589100
vt 0.27228000 0.23034800
vt 0.26500000 0.23893100
vt 0.27260200 0.23884100
vt 0.26025800 0.24532300
vt 0.25891900 0.24932200
vt 0.27129700 0.24357300
vt 0.26768600 0.24548500
vt 0.26209000 0.24704400
vt 0.26925100 0.24889500
vt 0.27595300 0.24687400
vt 0.24127900 0.27148500
vt 0.25106100 0.25910500
vt 0.24310700 0.28055600
vt 0.24503700 0.28274000
vt 0.25118100 0.27822500
vt 0.26285000 0.28081400
vt 0.25855600 0.28372300
vt 0.25876500 0.25987500
vt 0.25654100 0.26371200
vt 0.26844700 0.25407500
vt 0.26772700 0.25920500
vt 0.25933800 0.27086100
vt 0.26579200 0.26598900
vt 0.27520600 0.25252100
vt 0.27365600 0.25681500
vt 0.28117800 0.25441100
vt 0.27447700 0.26217600
vt 0.26937900 0.27382900
vt 0.27814700 0.26679900
vt 0.27738300 0.27142400
vt 0.28056900 0.26308900
vt 0.27816400 0.27794900
vt 0.28210700 0.27045800
vt 0.28042900 0.27505200
vt 0.28226500 0.22300600
vt 0.28178700 0.23222300
vt 0.28277500 0.21568500
vt 0.28601200 0.21653200
vt 0.28885900 0.22606800
vt 0.28905200 0.23243700
vt 0.27975700 0.24134700
vt 0.28095800 0.24465300
vt 0.28622000 0.24244700
vt 0.29448100 0.24584700
vt 0.29553500 0.23551900
vt 0.29863000 0.24235900
vt 0.29940400 0.21525800
vt 0.29884800 0.22009400
vt 0.29455200 0.21705000
vt 0.29900400 0.21079500
vt 0.30471200 0.21647100
vt 0.29923000 0.22221700
vt 0.29215200 0.22177900
vt 0.29993500 0.23276100
vt 0.29877900 0.22707600
vt 0.30636300 0.22802100
vt 0.30031500 0.23672200
vt 0.30789700 0.23471700
vt 0.30580800 0.24015100
vt 0.31519500 0.23173000
vt 0.31574200 0.22390500
vt 0.32181700 0.22677100
vt 0.28726100 0.24995200
vt 0.28270600 0.24769700
vt 0.28796800 0.25648200
vt 0.29438300 0.25138500
vt 0.30130500 0.24719300
vt 0.28802400 0.26598200
vt 0.28962300 0.27478700
vt 0.29518300 0.26776900
vt 0.29746600 0.25726700
vt 0.29422100 0.27230400
vt 0.29789700 0.26034900
vt 0.30715200 0.25954200
vt 0.30753400 0.26391600
vt 0.31355500 0.24083900
vt 0.31102600 0.24574400
vt 0.30527400 0.25101000
vt 0.31463900 0.23564300
vt 0.32430100 0.23179100
vt 0.32352200 0.23445200
vt 0.32222300 0.23792200
vt 0.31758700 0.24667000
vt 0.32305600 0.24214500
vt 0.32721900 0.23947500
vt 0.31212800 0.25523000
vt 0.31529900 0.25207600
vt 0.31756300 0.25771500
vt 0.31203600 0.26398500
vt 0.32457900 0.25451600
vt 0.32701400 0.25078500
vt 0.32138800 0.26115700
vt 0.23984700 0.28609700
vt 0.24811700 0.28788200
vt 0.24077800 0.29510100
vt 0.25037300 0.29140900
vt 0.24895300 0.29459000
vt 0.24807900 0.29878900
vt 0.25805600 0.28776000
vt 0.25859300 0.29312800
vt 0.24302700 0.30339900
vt 0.24575700 0.31064900
vt 0.25110400 0.30426500
vt 0.25086600 0.31290300
vt 0.26015900 0.30285700
vt 0.26819000 0.29428100
vt 0.26547400 0.30325000
vt 0.26617300 0.30886700
vt 0.27324200 0.29033600
vt 0.27396500 0.27954800
vt 0.28719300 0.28366400
vt 0.28283000 0.29247600
vt 0.28115800 0.30116900
vt 0.27689300 0.30571100
vt 0.27131000 0.30957600
vt 0.28688800 0.29457200
vt 0.29187800 0.29003100
vt 0.29204300 0.29871700
vt 0.28652600 0.29920400
vt 0.25982500 0.31183700
vt 0.24918000 0.32092700
vt 0.25658300 0.31992800
vt 0.25782200 0.33610000
vt 0.26151900 0.33287500
vt 0.26622100 0.32348600
vt 0.27164800 0.33163200
vt 0.26846400 0.31442000
vt 0.28322200 0.31270600
vt 0.27528300 0.31818500
vt 0.28863500 0.30784500
vt 0.29761800 0.30484800
vt 0.29452800 0.31183600
vt 0.27760400 0.32309500
vt 0.28290000 0.32035100
vt 0.28770500 0.31577400
vt 0.28708300 0.32327300
vt 0.29189700 0.31878100
vt 0.29143600 0.28089600
vt 0.29851600 0.28343900
vt 0.29706500 0.27883200
vt 0.30332100 0.28021900
vt 0.30726200 0.27195400
vt 0.31258300 0.28011900
vt 0.30255100 0.29008700
vt 0.30046700 0.29712200
vt 0.30956900 0.28808300
vt 0.31432800 0.28823000
vt 0.31301600 0.26871100
vt 0.31768900 0.26286200
vt 0.32050500 0.26795600
vt 0.31511100 0.27404400
vt 0.32032600 0.27415700
vt 0.32370100 0.27101000
vt 0.32677000 0.26567800
vt 0.33162000 0.25919900
vt 0.32556800 0.27570100
vt 0.32267300 0.28179000
vt 0.32126400 0.28796500
vt 0.34205100 0.27251000
vt 0.33138700 0.27234700
vt 0.33434600 0.27031200
vt 0.33170100 0.27736800
vt 0.33866100 0.27804000
vt 0.33851600 0.28808900
vt 0.31167200 0.29443300
vt 0.30881300 0.29510700
vt 0.31950200 0.29281700
vt 0.31695800 0.29585800
vt 0.32135900 0.29877900
vt 0.30920500 0.29826300
vt 0.30473000 0.30212300
vt 0.30584900 0.30720200
vt 0.31255300 0.30777600
vt 0.32725300 0.28758800
vt 0.32132200 0.29402200
vt 0.32756300 0.29552700
vt 0.33000500 0.29242300
vt 0.33470600 0.29469500
vt 0.33454800 0.29074400
vt 0.33991200 0.28203400
vt 0.34243100 0.28391000
vt 0.33829000 0.29227900
vt 0.34275100 0.29080800
vt 0.34516400 0.28562800
vt 0.32667500 0.30394400
vt 0.33332400 0.30146100
vt 0.33413700 0.30604700
vt 0.33987400 0.29992700
vt 0.34185300 0.30980200
vt 0.34748100 0.29811300
vt 0.34451400 0.29379000
vt 0.32838700 0.31177100
vt 0.32438500 0.31443100
vt 0.33439500 0.31395700
vt 0.31041400 0.22115700
vt 0.31930700 0.21395500
vt 0.32723100 0.22505600
vt 0.33091600 0.24153200
vt 0.33078600 0.24516800
vt 0.32709100 0.24410800
vt 0.33772700 0.25385000
vt 0.33826400 0.25851800
vt 0.34575300 0.25326400
vt 0.34560900 0.25877000
vt 0.34025600 0.26819000
vt 0.33579900 0.26582400
vt 0.33930300 0.26452200
vt 0.34370700 0.26416300
vt 0.34578600 0.27989200
vt 0.35834900 0.27700300
vt 0.35622000 0.28088500
vt 0.35402900 0.28929300
vt 0.35865400 0.29314200
vt 0.35360900 0.29269900
vt 0.36297600 0.28993700
vt 0.36172600 0.29663500
vt 0.26813400 0.33859900
vt 0.26881200 0.34732000
vt 0.26331600 0.34679800
vt 0.28181800 0.34620100
vt 0.28433100 0.34080800
vt 0.26132500 0.35607200
vt 0.26982300 0.35351600
vt 0.26681000 0.35728000
vt 0.26748000 0.36210800
vt 0.27830700 0.33034900
vt 0.28395000 0.33404300
vt 0.28824400 0.32931900
vt 0.29243900 0.33633400
vt 0.29784300 0.33127200
vt 0.30138300 0.34014500
vt 0.31102000 0.33434100
vt 0.29235400 0.34539700
vt 0.30015200 0.35366600
vt 0.29903100 0.34309100
vt 0.30824400 0.34251400
vt 0.30471100 0.34376400
vt 0.30410900 0.34924300
vt 0.31003700 0.34688900
vt 0.27409300 0.36550800
vt 0.28225100 0.36558800
vt 0.27983600 0.36006500
vt 0.28557000 0.35499900
vt 0.29268000 0.35956800
vt 0.29260300 0.35535800
vt 0.29658000 0.37384900
vt 0.30077000 0.35835800
vt 0.30825400 0.36216700
vt 0.30796100 0.35387500
vt 0.31130200 0.35014500
vt 0.31548100 0.35655400
vt 0.32097200 0.36529200
vt 0.31323400 0.37619200
vt 0.29777000 0.40485300
vt 0.30636100 0.38586100
vt 0.30420700 0.32586200
vt 0.31185500 0.32849300
vt 0.31535100 0.32472100
vt 0.32783400 0.32252600
vt 0.32534300 0.33146200
vt 0.31844600 0.33971500
vt 0.31591900 0.34487800
vt 0.32466700 0.34418200
vt 0.32056200 0.33475700
vt 0.32485700 0.33737900
vt 0.33212900 0.32665300
vt 0.33292200 0.33828300
vt 0.34147000 0.31581800
vt 0.34879000 0.30356500
vt 0.34822300 0.30924600
vt 0.33573200 0.32088500
vt 0.34106000 0.31944400
vt 0.33933900 0.32570700
vt 0.33468300 0.33112300
vt 0.34182900 0.32321500
vt 0.33785700 0.33517800
vt 0.34013100 0.33081800
vt 0.34368100 0.33355700
vt 0.34974000 0.33491600
vt 0.31809400 0.35110500
vt 0.32259300 0.34932700
vt 0.32798800 0.35488300
vt 0.33040800 0.35847800
vt 0.32714900 0.34216600
vt 0.33159300 0.34314300
vt 0.33403800 0.35114200
vt 0.33968500 0.34490400
vt 0.32641300 0.34923900
vt 0.33619300 0.35420900
vt 0.34105200 0.35769600
vt 0.33052600 0.37931500
vt 0.33958100 0.33828400
vt 0.34459400 0.34007500
vt 0.34365400 0.34900400
vt 0.34490800 0.35340100
vt 0.35162600 0.35633400
vt 0.35934300 0.34731300
vt 0.35725800 0.34340600
vt 0.36087100 0.34129800
vt 0.36613900 0.34585700
vt 0.35521100 0.35211100
vt 0.36420900 0.35440000
vt 0.36499700 0.35127300
vt 0.31315300 0.40102800
vt 0.33035800 0.39708800
vt 0.30641500 0.43725900
vt 0.31337900 0.43252100
vt 0.31129300 0.41489300
vt 0.32299200 0.42310200
vt 0.34390700 0.39183500
vt 0.35762200 0.37708400
vt 0.37164400 0.37176500
vt 0.36914800 0.40427400
vt 0.38017000 0.38953100
vt 0.35627300 0.40797100
vt 0.38107100 0.40737600
vt 0.34013900 0.41894000
vt 0.34582100 0.43263500
vt 0.36713300 0.29514800
vt 0.36647600 0.30103700
vt 0.37280500 0.31623000
vt 0.36414200 0.30948000
vt 0.37557800 0.31021300
vt 0.35602500 0.31885500
vt 0.35740200 0.30823200
vt 0.36229600 0.32042500
vt 0.36546100 0.32730300
vt 0.35618800 0.32586500
vt 0.37293700 0.33082000
vt 0.37138400 0.32578600
vt 0.37839600 0.32939100
vt 0.37590100 0.32308800
vt 0.38300700 0.31884700
vt 0.37854600 0.31856400
vt 0.38475100 0.32366000
vt 0.37491100 0.33478900
vt 0.38040300 0.33862100
vt 0.37641000 0.34411700
vt 0.37051600 0.34011500
vt 0.38213800 0.34475800
vt 0.37617600 0.34652100
vt 0.37181800 0.34611100
vt 0.39328300 0.33694000
vt 0.38705300 0.33513100
vt 0.37387600 0.35061900
vt 0.38634300 0.34407000
vt 0.38406100 0.34873800
vt 0.38799300 0.35238800
vt 0.37821100 0.36191700
vt 0.39269200 0.34197600
vt 0.38998100 0.34046500
vt 0.39237800 0.34718300
vt 0.39701300 0.34751500
vt 0.38896900 0.37434900
vt 0.40007700 0.35174400
vt 0.39786900 0.37704700
vt 0.39061700 0.40093100
vt 0.31181100 0.44783100
vt 0.31050700 0.46647600
vt 0.32306000 0.45511000
vt 0.32359000 0.43935100
vt 0.33382400 0.43864200
vt 0.31030500 0.48551600
vt 0.32039000 0.47897300
vt 0.32088600 0.47151000
vt 0.33011000 0.47481500
vt 0.32803800 0.48725300
vt 0.33586600 0.46143600
vt 0.34598700 0.45366700
vt 0.33863800 0.47384800
vt 0.35270000 0.48009900
vt 0.38089700 0.42706300
vt 0.38929300 0.42095800
vt 0.39891700 0.42047100
vt 0.39344900 0.42852700
vt 0.39600700 0.44163800
vt 0.40985000 0.43227100
vt 0.36022400 0.42457500
vt 0.35782700 0.43374100
vt 0.36154200 0.45537000
vt 0.37016600 0.43804200
vt 0.37865800 0.47045000
vt 0.38043200 0.44552200
vt 0.37725900 0.43543200
vt 0.38722600 0.44900600
vt 0.31569800 0.50496000
vt 0.32244000 0.49659000
vt 0.33241300 0.49725100
vt 0.32107700 0.50303600
vt 0.32816700 0.50944900
vt 0.33444900 0.50733600
vt 0.33956100 0.48963900
vt 0.35010400 0.50325900
vt 0.35873300 0.48759400
vt 0.36326900 0.49686600
vt 0.32852200 0.52495300
vt 0.34681500 0.52209100
vt 0.34098600 0.53360400
vt 0.36161700 0.51358000
vt 0.40038800 0.45660600
vt 0.41515600 0.45254500
vt 0.42617100 0.44181400
vt 0.42147800 0.46939100
vt 0.40743800 0.46848000
vt 0.42987300 0.47969600
vt 0.43643200 0.46393700
vt 0.41151900 0.47647100
vt 0.41845300 0.48027700
vt 0.41763700 0.48547300
vt 0.40840300 0.48964400
vt 0.41007700 0.48332500
vt 0.41855700 0.48911500
vt 0.41789500 0.49164800
vt 0.43452000 0.48498800
vt 0.42532400 0.48614000
vt 0.43406800 0.48956400
vt 0.40671100 0.47897600
vt 0.42099600 0.48640500
vt 0.42522000 0.48984200
vt 0.37035100 0.47523200
vt 0.36369800 0.47614300
vt 0.36765500 0.47984500
vt 0.36875900 0.48339100
vt 0.37539800 0.48236100
vt 0.37054900 0.48722600
vt 0.37270700 0.49131400
vt 0.38051100 0.47756500
vt 0.38396800 0.48176500
vt 0.39428200 0.47583400
vt 0.36530800 0.48350000
vt 0.36700700 0.48857200
vt 0.38922400 0.46795100
vt 0.40099000 0.47356200
vt 0.39246600 0.47987100
vt 0.37418300 0.49649200
vt 0.37907800 0.49502400
vt 0.37740100 0.49902300
vt 0.38023200 0.48935400
vt 0.38409800 0.48654600
vt 0.39115700 0.48660600
vt 0.39110500 0.49254000
vt 0.38582400 0.49777900
vt 0.38514800 0.49165900
vt 0.39692400 0.48711400
vt 0.38299500 0.49932200
vt 0.37865100 0.50232200
vt 0.39803300 0.49302800
vt 0.40244000 0.49659600
vt 0.39427100 0.49478900
vt 0.38334900 0.50387500
vt 0.39226000 0.49973900
vt 0.39599000 0.50045300
vt 0.38978500 0.50542500
vt 0.38237900 0.51043800
vt 0.39751000 0.50679600
vt 0.40180700 0.50282000
vt 0.37144700 0.49538500
vt 0.36667000 0.51521000
vt 0.37219600 0.50492000
vt 0.37759200 0.50656200
vt 0.37252300 0.51076000
vt 0.37653900 0.50333800
vt 0.37595900 0.51155600
vt 0.37104400 0.52649700
vt 0.37749000 0.51627000
vt 0.39889500 0.48085300
vt 0.40238800 0.48534300
vt 0.40076300 0.48880000
vt 0.40525000 0.49469500
vt 0.40673900 0.49870700
vt 0.41195900 0.49661700
vt 0.33260800 0.55081800
vt 0.40038300 0.39651600
vt 0.40907700 0.40670400
vt 0.43756400 0.43508000
vt 0.44497600 0.48359100
vt 0.46034600 0.48868600
vt 0.28367300 0.21216900
vt 0.28839000 0.21151600
vt 0.29709000 0.20838200
vt 0.29388000 0.21245600
vt 0.30098200 0.20548400
vt 0.30329800 0.20740100
vt 0.30896300 0.20935100
vt 0.30546100 0.21286200
vt 0.31345700 0.22651400
vt 0.30304200 0.31463700
vt 0.31576300 0.31518500
vt 0.34689900 0.28857100
vt 0.35058000 0.26473400
vt 0.35038900 0.27047700
vt 0.35098000 0.28267500
vt 0.35734500 0.29754200
vt 0.35322200 0.30128500
vt 0.27403500 0.35688700
vt 0.34792800 0.31868800
vt 0.35169000 0.32428400
vt 0.34870300 0.32753000
vt 0.35369700 0.32991800
vt 0.35917900 0.33048900
vt 0.35657000 0.33419500
vt 0.36249100 0.33452700
vt 0.35452900 0.33924900
vt 0.34584800 0.34471000
vt 0.35149800 0.34360500
vt 0.35040200 0.34612200
vt 0.35358400 0.34911500
vt 0.38048200 0.31120400
vt 0.37696600 0.31595300
vt 0.36641100 0.33227700
vt 0.16249600 0.55577400
vt 0.15609700 0.56022500
vt 0.15952400 0.57757300
vt 0.14573800 0.57973000
vt 0.11593900 0.57778100
vt 0.13182300 0.58221600
vt 0.12194500 0.59679100
vt 0.13943500 0.59761400
vt 0.14647600 0.59577100
vt 0.11914600 0.60307000
vt 0.11035300 0.60207400
vt 0.12552200 0.60189100
vt 0.10822400 0.60880900
vt 0.11536200 0.60748000
vt 0.11953200 0.60724600
vt 0.11256000 0.61191700
vt 0.11740900 0.61189500
vt 0.13890000 0.60015300
vt 0.15420700 0.59919900
vt 0.15378700 0.60291900
vt 0.13249500 0.59851800
vt 0.13410500 0.60473300
vt 0.12975100 0.60641200
vt 0.14125500 0.60362200
vt 0.14107200 0.60765300
vt 0.15102600 0.60799300
vt 0.12478300 0.60653500
vt 0.13450700 0.61523900
vt 0.12504100 0.61716700
vt 0.12190700 0.61091400
vt 0.14496500 0.61175000
vt 0.13940400 0.61667500
vt 0.15009800 0.61379700
vt 0.11528500 0.61838100
vt 0.11237200 0.63459500
vt 0.10696800 0.62927500
vt 0.11190000 0.62229500
vt 0.10561200 0.63842800
vt 0.14138800 0.62487900
vt 0.14442000 0.63469600
vt 0.13297800 0.62543800
vt 0.12095100 0.62053400
vt 0.12555900 0.62431600
vt 0.11770000 0.62822700
vt 0.12984400 0.62018700
vt 0.12714500 0.63231400
vt 0.13374600 0.63844300
vt 0.12620000 0.63971200
vt 0.13817200 0.64434100
vt 0.13310400 0.64809600
vt 0.11895400 0.63577100
vt 0.12154800 0.64466000
vt 0.62734800 0.46018000
vt 0.10931400 0.55573900
vt 0.10607600 0.57387400
vt 0.09291900 0.57823400
vt 0.06839400 0.57098100
vt 0.01977100 0.53751100
vt 0.63810700 0.47658100
vt 0.03709400 0.56968600
vt 0.02544400 0.56324100
vt 0.01662300 0.56728200
vt 0.63414700 0.50641800
vt 0.62022000 0.50158400
vt 0.08275400 0.60164200
vt 0.09447200 0.60335700
vt 0.06864800 0.60225000
vt 0.05145500 0.60405000
vt 0.04491500 0.59685700
vt 0.06222400 0.60706400
vt 0.08628500 0.60657900
vt 0.07871700 0.60733700
vt 0.08096400 0.61129300
vt 0.07373200 0.60751500
vt 0.06929200 0.61358600
vt 0.07928800 0.61463000
vt 0.06511800 0.60857000
vt 0.05562300 0.61067000
vt 0.05924400 0.61341600
vt 0.07240100 0.62202500
vt 0.06181000 0.61970400
vt 0.04682100 0.61081600
vt 0.05655600 0.61298800
vt 0.05160200 0.61426100
vt 0.04646400 0.61499500
vt 0.05033600 0.61594300
vt 0.04619600 0.62046300
vt 0.05530200 0.61814000
vt 0.05455900 0.62477900
vt 0.10361800 0.59537700
vt 0.10141400 0.60363000
vt 0.09950500 0.60841800
vt 0.09132600 0.60904900
vt 0.09524800 0.61590600
vt 0.10408100 0.61499200
vt 0.10426000 0.62218800
vt 0.08711500 0.62075400
vt 0.09417800 0.62326600
vt 0.09572900 0.62812800
vt 0.10327800 0.62669800
vt 0.09921300 0.63209700
vt 0.08057500 0.62749400
vt 0.08677000 0.63451700
vt 0.07065900 0.62785200
vt 0.02903300 0.59074900
vt 0.03783800 0.61120400
vt 0.03195400 0.60840600
vt 0.03885000 0.61559000
vt 0.04183800 0.61930400
vt 0.02884000 0.61420100
vt 0.01979400 0.61111800
vt 0.00857000 0.61108600
vt 0.62390700 0.55003900
vt 0.61126100 0.52129700
vt 0.61220900 0.55329000
vt 0.10132500 0.64759700
vt 0.11143000 0.64641500
vt 0.10954100 0.65607800
vt 0.10225500 0.65654600
vt 0.12900500 0.64922800
vt 0.12355500 0.65409300
vt 0.13194300 0.65469900
vt 0.12710700 0.65569200
vt 0.12228700 0.65984100
vt 0.12900400 0.66248200
vt 0.14030500 0.65238500
vt 0.11835300 0.66437900
vt 0.11461800 0.65416500
vt 0.12398400 0.66771100
vt 0.13505000 0.66595800
vt 0.13007100 0.67077200
vt 0.11112400 0.66144300
vt 0.09877200 0.66312100
vt 0.11473200 0.67375800
vt 0.11885800 0.67549900
vt 0.12290700 0.67516300
vt 0.12952700 0.67923900
vt 0.12163400 0.68039600
vt 0.10840700 0.66693500
vt 0.10063100 0.66674600
vt 0.10763500 0.67427500
vt 0.10546900 0.67069300
vt 0.11001600 0.67753700
vt 0.09557000 0.67408500
vt 0.10232500 0.67567700
vt 0.11794000 0.68234600
vt 0.11093400 0.68520500
vt 0.12513400 0.68677800
vt 0.11668400 0.68736900
vt 0.12156600 0.69208700
vt 0.11584200 0.69448400
vt 0.10597100 0.67911400
vt 0.10784700 0.68903800
vt 0.10088900 0.67929500
vt 0.10321300 0.68633800
vt 0.09206400 0.67931600
vt 0.09617400 0.68312600
vt 0.11008700 0.69570800
vt 0.12035600 0.69759300
vt 0.11209300 0.70269500
vt 0.11794000 0.70814800
vt 0.10618700 0.70056300
vt 0.09934900 0.69226200
vt 0.09786200 0.70185500
vt 0.08980300 0.69935400
vt 0.08727300 0.69279300
vt 0.10721100 0.70695900
vt 0.11685600 0.71301300
vt 0.11614500 0.71966200
vt 0.11078600 0.71839200
vt 0.10864800 0.71340700
vt 0.10015200 0.71172800
vt 0.09396000 0.70920300
vt 0.08568000 0.70436700
vt 0.10254800 0.71622100
vt 0.10158600 0.72372100
vt 0.10856100 0.72318800
vt 0.11605900 0.72412400
vt 0.11284100 0.72848200
vt 0.09732700 0.71527200
vt 0.08803300 0.71380400
vt 0.09740500 0.72505700
vt 0.08721700 0.71906300
vt 0.09144300 0.72451200
vt 0.08449700 0.72559100
vt 0.08951600 0.72996500
vt 0.06313600 0.62725500
vt 0.06157700 0.63472800
vt 0.06629100 0.63488800
vt 0.07089300 0.63631300
vt 0.05612600 0.63235000
vt 0.04223500 0.62701100
vt 0.04941100 0.63070900
vt 0.05218400 0.63457700
vt 0.04582500 0.63468300
vt 0.06662500 0.63891400
vt 0.06212500 0.64009300
vt 0.05430600 0.63633300
vt 0.05746300 0.63891000
vt 0.05901700 0.64223500
vt 0.06091100 0.64504900
vt 0.05475400 0.64493300
vt 0.05160700 0.64065200
vt 0.04397600 0.63979700
vt 0.04825100 0.64270400
vt 0.05053700 0.64729700
vt 0.04573300 0.64549100
vt 0.05365000 0.65316100
vt 0.04706100 0.64960900
vt 0.04218200 0.64501600
vt 0.04112700 0.64864600
vt 0.04666300 0.65587300
vt 0.05676200 0.65872000
vt 0.04207400 0.65548200
vt 0.04949700 0.66344300
vt 0.04202800 0.66421800
vt 0.09391700 0.63923000
vt 0.08902300 0.64017800
vt 0.08529800 0.64680800
vt 0.08214400 0.63673700
vt 0.07519900 0.63189400
vt 0.07801900 0.64125500
vt 0.09117600 0.64810500
vt 0.09393100 0.65771200
vt 0.08711000 0.65408600
vt 0.07846000 0.64717800
vt 0.08065000 0.64928400
vt 0.07074200 0.64192700
vt 0.07430300 0.64714600
vt 0.07067300 0.64993300
vt 0.07547300 0.65307200
vt 0.06628500 0.64338500
vt 0.06324500 0.65261700
vt 0.09078900 0.66268000
vt 0.08304700 0.66602500
vt 0.07971000 0.66170300
vt 0.09003300 0.66890200
vt 0.08246400 0.67019700
vt 0.06732600 0.65332900
vt 0.06758700 0.65774100
vt 0.06924000 0.66145200
vt 0.08613500 0.67612300
vt 0.08772400 0.68441800
vt 0.07293700 0.66826300
vt 0.07690500 0.67857600
vt 0.06437900 0.66748000
vt 0.06711100 0.67161300
vt 0.05655400 0.66320500
vt 0.05938000 0.66708000
vt 0.05533500 0.67220500
vt 0.06243300 0.67488000
vt 0.04755900 0.66810900
vt 0.04179500 0.67157300
vt 0.03681900 0.62052200
vt 0.03343700 0.62010300
vt 0.02759500 0.62060500
vt 0.03105400 0.62301800
vt 0.03543600 0.62646600
vt 0.03813300 0.63125500
vt 0.62518500 0.55527700
vt 0.01046100 0.61615500
vt 0.02023600 0.62052100
vt 0.02654300 0.62804100
vt 0.03227000 0.62921800
vt 0.01782400 0.62750300
vt 0.04250600 0.63416100
vt 0.04053800 0.63760600
vt 0.03123300 0.64006700
vt 0.03044400 0.63316600
vt 0.03571600 0.64419900
vt 0.02342000 0.63332900
vt 0.01537200 0.63277600
vt 0.62808300 0.57227800
vt 0.01261200 0.61987600
vt 0.62663600 0.55929400
vt 0.01170300 0.62444200
vt 0.62511900 0.56372200
vt 0.61995000 0.55988300
vt 0.61817600 0.56235000
vt 0.61673100 0.55679200
vt 0.61406100 0.56071500
vt 0.61033400 0.56444100
vt 0.61000200 0.55671500
vt 0.60982700 0.56104000
vt 0.60534400 0.56080500
vt 0.61943500 0.57380000
vt 0.63034500 0.58383700
vt 0.01841300 0.64419600
vt 0.62347800 0.58152500
vt 0.60518200 0.56965900
vt 0.61569400 0.57677200
vt 0.03503000 0.65196700
vt 0.03264500 0.66043900
vt 0.02774200 0.65021100
vt 0.02613600 0.65516200
vt 0.02050200 0.65115500
vt 0.63214300 0.59088700
vt 0.62250200 0.58825600
vt 0.62065200 0.59729400
vt 0.63341000 0.59830800
vt 0.02198700 0.65837500
vt 0.03309200 0.66568200
vt 0.02692700 0.66477800
vt 0.63303300 0.60988800
vt 0.02184900 0.66996200
vt 0.62759600 0.59961200
vt 0.02119000 0.66341800
vt 0.63248400 0.60332600
vt 0.62652800 0.60831800
vt 0.62380500 0.60386900
vt 0.61549900 0.58349400
vt 0.61511800 0.58915500
vt 0.60852900 0.58126300
vt 0.60910000 0.58479400
vt 0.60462500 0.58463700
vt 0.60079300 0.57626700
vt 0.60732900 0.59072800
vt 0.59843600 0.59124300
vt 0.59545700 0.58468900
vt 0.61070500 0.59466400
vt 0.61436900 0.59933700
vt 0.60496900 0.59716100
vt 0.59351500 0.59790100
vt 0.60651500 0.60236300
vt 0.61268000 0.60778400
vt 0.60130300 0.60025100
vt 0.59854000 0.60435200
vt 0.07790700 0.68407000
vt 0.07876800 0.68998100
vt 0.06762400 0.68119100
vt 0.06925300 0.68563700
vt 0.06114300 0.68492100
vt 0.06816200 0.69271900
vt 0.07922900 0.69498300
vt 0.08272000 0.70093300
vt 0.07535300 0.69924200
vt 0.07780300 0.70393400
vt 0.05990700 0.69154800
vt 0.06575600 0.70061300
vt 0.07956300 0.70743300
vt 0.05973500 0.68060700
vt 0.05278500 0.67780100
vt 0.05408000 0.68523400
vt 0.05062700 0.68334100
vt 0.04603600 0.68046000
vt 0.03807000 0.67662700
vt 0.04150300 0.68681100
vt 0.04953300 0.69192600
vt 0.05690000 0.69853700
vt 0.04577700 0.69314500
vt 0.03647000 0.69451500
vt 0.03450600 0.68673400
vt 0.07385300 0.70781200
vt 0.07607800 0.71595400
vt 0.06907000 0.71480200
vt 0.06386800 0.71387100
vt 0.05898100 0.71132700
vt 0.06536600 0.72003700
vt 0.05996800 0.71715700
vt 0.06916100 0.72359900
vt 0.05207900 0.71161100
vt 0.06343000 0.72377100
vt 0.05568400 0.72426900
vt 0.06568700 0.72890600
vt 0.05980800 0.72775900
vt 0.05888500 0.72118100
vt 0.08312200 0.71181100
vt 0.07633400 0.72847700
vt 0.05128700 0.70374000
vt 0.04195000 0.70877800
vt 0.03971100 0.70078000
vt 0.03313100 0.70236300
vt 0.03609800 0.70849800
vt 0.03026000 0.70812500
vt 0.04723200 0.71741900
vt 0.05247700 0.71578400
vt 0.05430500 0.71904700
vt 0.04088500 0.71483500
vt 0.05000500 0.72125000
vt 0.04851200 0.72753000
vt 0.04149800 0.72063000
vt 0.03414300 0.71365200
vt 0.03098300 0.72115200
vt 0.02436400 0.67497400
vt 0.61767900 0.60676200
vt 0.03090400 0.67286000
vt 0.03154700 0.67878100
vt 0.02576800 0.68020400
vt 0.62051800 0.61193300
vt 0.01994000 0.68061400
vt 0.63122400 0.62061900
vt 0.62244700 0.61642400
vt 0.02642900 0.68745200
vt 0.02958900 0.69325800
vt 0.63212400 0.63005800
vt 0.02056800 0.69029600
vt 0.02181400 0.69599200
vt 0.63363600 0.63556800
vt 0.62425000 0.62417400
vt 0.62242700 0.63405400
vt 0.61014200 0.61548800
vt 0.61487700 0.61896400
vt 0.60466200 0.61033500
vt 0.60051100 0.61648500
vt 0.60532300 0.61831700
vt 0.59254100 0.60895700
vt 0.61398900 0.62415900
vt 0.62003200 0.62651300
vt 0.61562000 0.63202300
vt 0.60964100 0.62945400
vt 0.60519000 0.62473400
vt 0.59304000 0.62195500
vt 0.59980600 0.62438200
vt 0.60567700 0.63188200
vt 0.02972600 0.69899200
vt 0.02615800 0.70148700
vt 0.63797000 0.64987900
vt 0.02512000 0.71073700
vt 0.62571700 0.63860100
vt 0.61979400 0.64400900
vt 0.62705600 0.64404200
vt 0.64063600 0.65621600
vt 0.02709600 0.71741600
vt 0.63773900 0.65636500
vt 0.63154600 0.65001800
vt 0.62589000 0.65508400
vt 0.63358500 0.66118900
vt 0.62457300 0.65004200
vt 0.61783300 0.64880900
vt 0.61932000 0.65383500
vt 0.61071100 0.63598300
vt 0.61730100 0.63819000
vt 0.61541000 0.64502500
vt 0.60615300 0.64224800
vt 0.60661000 0.63838000
vt 0.60709500 0.64592700
vt 0.60138500 0.63638200
vt 0.59326100 0.63094400
vt 0.59702400 0.64253500
vt 0.59469700 0.63791300
vt 0.59166700 0.64248400
vt 0.61000200 0.65179400
vt 0.61790400 0.65959200
vt 0.61304400 0.65614200
vt 0.60594400 0.65753000
vt 0.59833600 0.64920900
vt 0.59217600 0.64922900
vt 0.60275800 0.66123800
vt 0.59556100 0.65562100
vt 0.09797500 0.76681700
vt 0.11020800 0.76294300
vt 0.10519200 0.78384700
vt 0.09207900 0.76366200
vt 0.10252300 0.76254900
vt 0.08658700 0.76723100
vt 0.09235500 0.80120400
vt 0.08031400 0.79585000
vt 0.07500100 0.77525000
vt 0.07483500 0.76724200
vt 0.06182800 0.76763700
vt 0.06890500 0.80333700
vt 0.08460900 0.82684400
vt 0.05610600 0.83020700
vt 0.05293200 0.80971100
vt 0.06660600 0.83240400
vt 0.07465100 0.82975200
vt 0.06107200 0.83393200
vt 0.06885500 0.83829700
vt 0.05759400 0.83833300
vt 0.05977300 0.73263400
vt 0.04096800 0.72682000
vt 0.03715300 0.72416500
vt 0.02777800 0.72265500
vt 0.64203700 0.66155000
vt 0.05361300 0.78399700
vt 0.05081600 0.76718000
vt 0.04261700 0.76970500
vt 0.04377500 0.76532700
vt 0.06491100 0.76684100
vt 0.05702400 0.76438700
vt 0.06201800 0.79894900
vt 0.04132800 0.79259100
vt 0.03128500 0.76838900
vt 0.64352000 0.70939000
vt 0.01841600 0.76719900
vt 0.01723500 0.77082400
vt 0.64325100 0.71338700
vt 0.63839700 0.66390100
vt 0.03395800 0.72737200
vt 0.02575400 0.72792300
vt 0.64113300 0.66746000
vt 0.63543800 0.66653700
vt 0.62378400 0.65993400
vt 0.62120700 0.66239500
vt 0.62818200 0.66684400
vt 0.61873100 0.66758200
vt 0.61088500 0.66225500
vt 0.60704800 0.66761300
vt 0.61160700 0.67161700
vt 0.59522100 0.66512400
vt 0.58954100 0.65754700
vt 0.59982700 0.66988200
vt 0.59109600 0.67268300
vt 0.60445700 0.67291600
vt 0.59759800 0.67517800
vt 0.63145000 0.71491600
vt 0.63487300 0.71160200
vt 0.03985400 0.80947800
vt 0.03092600 0.79540400
vt 0.64968900 0.74003100
vt 0.02073900 0.79724900
vt 0.64251600 0.74318000
vt 0.04391800 0.82686000
vt 0.02886900 0.82278400
vt 0.65705900 0.76628500
vt 0.05132100 0.83665500
vt 0.04227500 0.83402400
vt 0.65004000 0.77617300
vt 0.63698200 0.77546500
vt 0.62909700 0.75673900
vt 0.62598900 0.73712600
vt 0.61019500 0.73718600
vt 0.61831800 0.71624600
vt 0.61586700 0.75254700
vt 0.60125600 0.71620200
vt 0.59147900 0.71823000
vt 0.59021000 0.71447200
vt 0.59779600 0.74330700
vt 0.58886000 0.74398000
vt 0.62775900 0.77628900
vt 0.60598700 0.77883200
vt 0.61845800 0.77550900
vt 0.04974300 0.83964100
vt 0.05080400 0.84278600
vt 0.04320400 0.83922000
vt 0.03451400 0.83679900
vt 0.66085300 0.78154200
vt 0.66378500 0.79075700
vt 0.52889300 0.95394100
vt 0.03993600 0.84463400
vt 0.66013400 0.78676700
vt 0.03517700 0.84182300
vt 0.65252000 0.78952200
vt 0.64302000 0.78067400
vt 0.64933000 0.78578200
vt 0.63527900 0.78552300
vt 0.62821900 0.78084000
vt 0.10769700 0.73937900
vt 0.10874900 0.73636800
vt 0.11508100 0.73816400
vt 0.11183300 0.73230800
vt 0.10051100 0.73134800
vt 0.10381700 0.74049400
vt 0.09948800 0.73633300
vt 0.10763300 0.74144000
vt 0.09401200 0.73920700
vt 0.09089200 0.73606400
vt 0.07734400 0.72306100
vt 0.08239700 0.72977600
vt 0.08321900 0.73561200
vt 0.07668300 0.73216400
vt 0.10953500 0.75977000
vt 0.09855400 0.76066600
vt 0.09603000 0.74165700
vt 0.10011500 0.74546700
vt 0.10539500 0.74644100
vt 0.10218100 0.74869100
vt 0.09917700 0.74862700
vt 0.09203900 0.74726200
vt 0.09601000 0.74724200
vt 0.08506300 0.73802500
vt 0.08579400 0.74181600
vt 0.08059000 0.74126800
vt 0.07662100 0.73946500
vt 0.08036200 0.74675000
vt 0.08585000 0.74771600
vt 0.07499500 0.74304500
vt 0.08751800 0.74547700
vt 0.08994500 0.74876100
vt 0.09568100 0.74888500
vt 0.09458000 0.74981200
vt 0.08194000 0.74932100
vt 0.08032500 0.76413900
vt 0.08491500 0.76145300
vt 0.07291200 0.76360300
vt 0.05849100 0.73904200
vt 0.05201300 0.73798000
vt 0.04590900 0.73263200
vt 0.06191200 0.74149700
vt 0.05108100 0.74039000
vt 0.05954800 0.74264600
vt 0.05196500 0.74285700
vt 0.04843800 0.74244000
vt 0.07185000 0.73661500
vt 0.07222300 0.74075200
vt 0.07451700 0.74179100
vt 0.07512300 0.74759100
vt 0.07720400 0.74835300
vt 0.06778900 0.73968200
vt 0.06408500 0.74035800
vt 0.06709300 0.74237100
vt 0.06760900 0.74860700
vt 0.07375700 0.75043100
vt 0.06679700 0.74436100
vt 0.07030200 0.74931900
vt 0.05960700 0.74684800
vt 0.05841900 0.74965400
vt 0.06353400 0.75093300
vt 0.05250200 0.74808300
vt 0.05165900 0.74986500
vt 0.05858000 0.75287400
vt 0.04943000 0.75252500
vt 0.04339100 0.73870500
vt 0.03816600 0.73227500
vt 0.03355100 0.73320700
vt 0.04476800 0.74168600
vt 0.04349800 0.74483600
vt 0.03683000 0.74106200
vt 0.03382600 0.73845200
vt 0.03649300 0.74488700
vt 0.03879700 0.74994600
vt 0.04254100 0.74984500
vt 0.03500700 0.75054600
vt 0.02408800 0.73930000
vt 0.02876800 0.74090000
vt 0.02956400 0.74878100
vt 0.03050500 0.74496000
vt 0.02392200 0.74194100
vt 0.02321400 0.74405300
vt 0.04692000 0.74917500
vt 0.04764500 0.75140100
vt 0.04158900 0.75167800
vt 0.04215100 0.75883400
vt 0.03580700 0.76489800
vt 0.02333100 0.74954600
vt 0.02780500 0.76626500
vt 0.02908200 0.76003800
vt 0.01960700 0.76387800
vt 0.64354600 0.70571100
vt 0.02633200 0.75047500
vt 0.03448300 0.75316700
vt 0.02350300 0.75156200
vt 0.63486600 0.66868900
vt 0.63404400 0.67034100
vt 0.62582200 0.67147900
vt 0.62254100 0.67457100
vt 0.63763400 0.67403300
vt 0.02043600 0.73336100
vt 0.62887900 0.67470000
vt 0.01733200 0.73881400
vt 0.63730900 0.67998200
vt 0.01923100 0.74269900
vt 0.01746800 0.74115500
vt 0.62933500 0.67817100
vt 0.63543100 0.68203800
vt 0.01430100 0.74059500
vt 0.63113100 0.68257400
vt 0.62590100 0.68331900
vt 0.61784500 0.67883900
vt 0.62066900 0.68165800
vt 0.61820800 0.68466300
vt 0.61179500 0.68067900
vt 0.61361400 0.68475900
vt 0.60899700 0.68244400
vt 0.60399900 0.67771500
vt 0.60398200 0.68532300
vt 0.59436600 0.68059800
vt 0.59771800 0.68650900
vt 0.58796600 0.67802800
vt 0.58635200 0.68247000
vt 0.01723100 0.74583400
vt 0.01629300 0.74308400
vt 0.63638500 0.68478100
vt 0.01439000 0.74461700
vt 0.63162800 0.68596100
vt 0.63730500 0.69314000
vt 0.63635600 0.69029500
vt 0.01649900 0.75067300
vt 0.63501800 0.70867800
vt 0.02032800 0.75089100
vt 0.63356600 0.68947800
vt 0.63052100 0.69047000
vt 0.63204200 0.69213000
vt 0.62700000 0.68566500
vt 0.62467400 0.68930500
vt 0.61534000 0.68726800
vt 0.62497800 0.69163900
vt 0.61829800 0.69172000
vt 0.62711300 0.70033100
vt 0.62170100 0.71142300
vt 0.61499200 0.69175900
vt 0.60843200 0.68719400
vt 0.61526400 0.69340400
vt 0.60928700 0.69367700
vt 0.60419000 0.69035400
vt 0.60264200 0.69501800
vt 0.61131300 0.69554500
vt 0.61740900 0.69513500
vt 0.60928800 0.69539100
vt 0.60605100 0.69648200
vt 0.60812200 0.69762700
vt 0.60312500 0.69773300
vt 0.60217200 0.68779800
vt 0.59784700 0.68889800
vt 0.59975300 0.69007300
vt 0.58993700 0.68760100
vt 0.59348100 0.69051200
vt 0.58998900 0.69144300
vt 0.59951500 0.69198100
vt 0.59577600 0.69190100
vt 0.59693200 0.69599500
vt 0.59048100 0.69386100
vt 0.59755000 0.69793000
vt 0.59715600 0.69989600
vt 0.60104500 0.69931800
vt 0.59922900 0.70148000
vt 0.59190000 0.70146700
vt 0.59296000 0.69808400
vt 0.58913700 0.69818100
vt 0.59151400 0.69997200
vt 0.61281300 0.71362200
vt 0.61481900 0.71018300
vt 0.59745500 0.71288300
vt 0.60215900 0.70551100
vt 0.59146100 0.70527000
vt 0.10145700 0.75248000
vt 0.09162400 0.75468900
vt 0.08707900 0.75097600
vt 0.09036700 0.75222000
vt 0.07607300 0.75493900
vt 0.08528300 0.75406900
vt 0.08082400 0.75230000
vt 0.06994300 0.75377300
vt 0.06655000 0.75185800
vt 0.06242700 0.75503500
vt 0.05432400 0.75579400
vt 0.04363700 0.75519600
vt 0.03887000 0.75407400
vt 0.03262800 0.75649600
vt 0.02205500 0.75412600
vt 0.01742500 0.75657800
vt 0.63878800 0.69874400
vt 0.01898000 0.75351300
vt 0.63609600 0.69545600
vt 0.01577300 0.75304500
vt 0.63609600 0.69545600
vt 0.01577300 0.75304500
vt 0.63316600 0.69514600
vt 0.63519700 0.69306400
vt 0.63456300 0.69107100
vt 0.62897300 0.69509900
vt 0.63268900 0.69830800
vt 0.62489900 0.69501600
vt 0.61022500 0.70090600
vt 0.61172900 0.69854800
vt 0.60483400 0.70082400
vt 0.17024900 0.55766700
vt 0.16592000 0.56514800
vt 0.18321200 0.56124200
vt 0.17589900 0.56414900
vt 0.17152300 0.56388300
vt 0.17025800 0.56893200
vt 0.16660300 0.57694100
vt 0.17019800 0.57415200
vt 0.17388800 0.56874200
vt 0.17998900 0.56679800
vt 0.18693200 0.57084600
vt 0.17792300 0.57302100
vt 0.19171100 0.55998600
vt 0.19694000 0.56427000
vt 0.19829600 0.56964500
vt 0.18152400 0.57649100
vt 0.18753600 0.57649000
vt 0.19319500 0.57351300
vt 0.19807900 0.57817600
vt 0.20561800 0.56983400
vt 0.20651400 0.57619400
vt 0.20449800 0.58227700
vt 0.16525800 0.58985900
vt 0.17426100 0.57800100
vt 0.17197600 0.58020000
vt 0.17118800 0.58331600
vt 0.17626600 0.57948500
vt 0.18283600 0.58202300
vt 0.17184400 0.58896200
vt 0.18002800 0.58559200
vt 0.17719800 0.58847900
vt 0.15885200 0.59484600
vt 0.16259900 0.59987900
vt 0.16738200 0.59622200
vt 0.16882700 0.60336900
vt 0.17522300 0.60452100
vt 0.17617300 0.59305000
vt 0.18994600 0.58267900
vt 0.18620400 0.58758100
vt 0.18226300 0.59055800
vt 0.19453200 0.58895600
vt 0.19729500 0.59186200
vt 0.18637900 0.59299000
vt 0.19696000 0.58402700
vt 0.19982700 0.58600900
vt 0.20564600 0.58849400
vt 0.17932800 0.59967600
vt 0.18318300 0.60122700
vt 0.18463400 0.59683700
vt 0.19316600 0.59694000
vt 0.19101400 0.59969400
vt 0.20035000 0.60114800
vt 0.20545400 0.59593200
vt 0.18974500 0.60400400
vt 0.19489200 0.60591000
vt 0.18130500 0.60629300
vt 0.20346300 0.60637600
vt 0.21080900 0.58814500
vt 0.21392200 0.59496400
vt 0.21793700 0.59188700
vt 0.20702600 0.60323500
vt 0.21299000 0.60075600
vt 0.21845800 0.60077900
vt 0.21823800 0.60645000
vt 0.21030000 0.60860900
vt 0.22419100 0.60285100
vt 0.22870300 0.61189000
vt 0.21747200 0.61197300
vt 0.15596800 0.61141700
vt 0.15976500 0.61099800
vt 0.16638500 0.61210300
vt 0.17161600 0.61182500
vt 0.16038300 0.61553100
vt 0.15112300 0.62247500
vt 0.16582800 0.62190100
vt 0.15703900 0.62780600
vt 0.16827000 0.61767900
vt 0.17747700 0.61067600
vt 0.17364600 0.61746800
vt 0.18519000 0.60997000
vt 0.18159500 0.61629900
vt 0.18786200 0.61168200
vt 0.19323600 0.60958600
vt 0.18739600 0.61955400
vt 0.19280800 0.61311500
vt 0.19911800 0.60929100
vt 0.20003400 0.61359100
vt 0.19629100 0.61499700
vt 0.19736200 0.61599900
vt 0.19690000 0.61963700
vt 0.18002100 0.62190000
vt 0.17682200 0.62555400
vt 0.16977500 0.62886800
vt 0.18060700 0.62911100
vt 0.18746500 0.62654700
vt 0.19160400 0.62374800
vt 0.19879500 0.62470900
vt 0.18807300 0.63467800
vt 0.19411000 0.62801300
vt 0.19287600 0.63246300
vt 0.18168000 0.65881000
vt 0.17457300 0.65397100
vt 0.18003000 0.65193600
vt 0.15107900 0.63097000
vt 0.15514900 0.63184800
vt 0.15962400 0.63118900
vt 0.16588500 0.63240900
vt 0.15632600 0.63538200
vt 0.15058300 0.63779600
vt 0.16271100 0.63793900
vt 0.14551100 0.64692600
vt 0.15355400 0.64581800
vt 0.15888500 0.64227700
vt 0.16765800 0.64317800
vt 0.17007000 0.63912400
vt 0.16853100 0.64862700
vt 0.16162400 0.64591200
vt 0.15129400 0.64996200
vt 0.15521800 0.65312400
vt 0.16261500 0.65269000
vt 0.17191700 0.63418100
vt 0.17839300 0.63157800
vt 0.17573900 0.63615000
vt 0.17646700 0.64375400
vt 0.18533600 0.63925100
vt 0.19047800 0.63950300
vt 0.18545900 0.64571900
vt 0.18798200 0.64471800
vt 0.19536700 0.64713000
vt 0.18875800 0.65451600
vt 0.18769400 0.66057800
vt 0.20496200 0.61079900
vt 0.20196000 0.61398800
vt 0.20624000 0.61411600
vt 0.20476900 0.61952200
vt 0.20806300 0.61723000
vt 0.20358000 0.62349900
vt 0.20734200 0.62347300
vt 0.21339600 0.61514300
vt 0.21913200 0.61674800
vt 0.22315100 0.61659100
vt 0.22912300 0.61527600
vt 0.21609000 0.62366300
vt 0.22841100 0.61966600
vt 0.20132600 0.63020800
vt 0.20670600 0.62768700
vt 0.19694800 0.63999500
vt 0.20789700 0.63656200
vt 0.21242700 0.63268900
vt 0.22212600 0.62556300
vt 0.21793800 0.62822300
vt 0.22260000 0.62992600
vt 0.21861000 0.63392900
vt 0.21698400 0.63767400
vt 0.22710800 0.62437200
vt 0.23301300 0.61919200
vt 0.23122600 0.63170600
vt 0.23509400 0.62754000
vt 0.22374000 0.63561200
vt 0.23849900 0.63326700
vt 0.23301000 0.63669100
vt 0.20326800 0.63875000
vt 0.20137600 0.64434700
vt 0.21275900 0.63962900
vt 0.21529700 0.64361600
vt 0.20866800 0.64465000
vt 0.20304300 0.65229400
vt 0.21430200 0.64992000
vt 0.21980800 0.64384700
vt 0.19465400 0.65071900
vt 0.20613400 0.65813200
vt 0.19678000 0.65890500
vt 0.20230100 0.65984800
vt 0.21140000 0.66194500
vt 0.21370500 0.65655800
vt 0.22721200 0.64086300
vt 0.23353200 0.64427900
vt 0.22729200 0.65000300
vt 0.24337100 0.64135800
vt 0.23469300 0.65407600
vt 0.23951600 0.64765600
vt 0.22761000 0.65549300
vt 0.22324800 0.66087700
vt 0.23937200 0.65551000
vt 0.24536700 0.65182600
vt 0.24715900 0.65597500
vt 0.23728600 0.66083400
vt 0.23102900 0.66695200
vt 0.24025300 0.66621900
vt 0.24236800 0.66059400
vt 0.24544400 0.66582600
vt 0.24946600 0.66088900
vt 0.19933100 0.55898400
vt 0.20394000 0.56062100
vt 0.21526600 0.56411500
vt 0.20689600 0.56372400
vt 0.22411300 0.56115900
vt 0.22045500 0.56713100
vt 0.22835800 0.56748100
vt 0.23121300 0.56349300
vt 0.21966600 0.57670800
vt 0.24628600 0.56623600
vt 0.23581800 0.57066700
vt 0.24275100 0.56887100
vt 0.21313900 0.57284000
vt 0.21172400 0.57796200
vt 0.21990300 0.58426600
vt 0.23084500 0.57794800
vt 0.22390300 0.58232000
vt 0.23201400 0.58499100
vt 0.24467500 0.57680800
vt 0.24906200 0.57358500
vt 0.23804900 0.58113300
vt 0.24251900 0.58113700
vt 0.24206400 0.58695800
vt 0.25133600 0.58048000
vt 0.25924600 0.55691100
vt 0.25941300 0.56031000
vt 0.25752700 0.56740500
vt 0.26391000 0.56768900
vt 0.26949600 0.55934800
vt 0.26951200 0.56485700
vt 0.27300400 0.56246100
vt 0.27646200 0.56709000
vt 0.25414700 0.57533400
vt 0.25982800 0.57577300
vt 0.26521100 0.57511200
vt 0.25987800 0.58020800
vt 0.25488100 0.58338000
vt 0.27156800 0.57070000
vt 0.27359700 0.57516800
vt 0.27197600 0.57997200
vt 0.26694900 0.58537900
vt 0.27725200 0.57339400
vt 0.28206500 0.56998700
vt 0.23090700 0.59026200
vt 0.22485900 0.59447300
vt 0.22698700 0.59780400
vt 0.21700000 0.59879700
vt 0.23242500 0.59738400
vt 0.23063300 0.60310800
vt 0.23689900 0.59408000
vt 0.24839700 0.58361800
vt 0.25062800 0.58742400
vt 0.24188500 0.59372900
vt 0.24600900 0.59610100
vt 0.24194800 0.59770500
vt 0.25611000 0.58839000
vt 0.25183000 0.59533600
vt 0.23730500 0.59779000
vt 0.23347000 0.60416700
vt 0.24069900 0.60210400
vt 0.23337400 0.61225900
vt 0.23715700 0.60945000
vt 0.25011700 0.60192900
vt 0.24525000 0.60862000
vt 0.24222500 0.61292000
vt 0.24762000 0.61279700
vt 0.26189100 0.59655200
vt 0.25388700 0.60638800
vt 0.26135300 0.58522300
vt 0.26052400 0.59173100
vt 0.26542200 0.59393700
vt 0.27173800 0.58897400
vt 0.27481100 0.58668700
vt 0.28071000 0.57930300
vt 0.26766100 0.60313400
vt 0.27689100 0.55243600
vt 0.28041800 0.55849200
vt 0.28864700 0.55391700
vt 0.28635300 0.55771600
vt 0.28660500 0.56251300
vt 0.23895000 0.61794000
vt 0.24061300 0.62708700
vt 0.24427500 0.61846000
vt 0.25407700 0.62015500
vt 0.24590500 0.62939100
vt 0.26083800 0.61261300
vt 0.25544200 0.63371500
vt 0.24347800 0.63391500
vt 0.25006600 0.63814600
vt 0.25724900 0.62623100
vt 0.25748500 0.62142400
vt 0.24888300 0.64492800
vt 0.28296200 0.57527000
vt 0.27979400 0.58673000
vt 0.28808300 0.58668100
vt 0.28202400 0.59162300
vt 0.27729300 0.59911600
vt 0.27255500 0.61212400
vt 0.28137000 0.60642500
vt 0.28190200 0.59618600
vt 0.29511100 0.59643900
vt 0.28230300 0.60159600
vt 0.28975600 0.60304700
vt 0.30752800 0.55601000
vt 0.29332300 0.55963200
vt 0.30008600 0.55924000
vt 0.29799000 0.56314600
vt 0.28830400 0.56524200
vt 0.28643200 0.57287000
vt 0.29050800 0.56694100
vt 0.29142800 0.57618600
vt 0.29663900 0.56679500
vt 0.30570300 0.56640800
vt 0.30043800 0.57437400
vt 0.30548300 0.57011000
vt 0.32528000 0.55791600
vt 0.31056400 0.56237000
vt 0.32160400 0.56158500
vt 0.31603800 0.56835300
vt 0.31247400 0.56967900
vt 0.32054800 0.56738800
vt 0.32480600 0.56494000
vt 0.33372400 0.56043200
vt 0.28910100 0.58093900
vt 0.29903500 0.57984800
vt 0.29584800 0.58642100
vt 0.29019400 0.59106100
vt 0.30232400 0.57905800
vt 0.30823200 0.57721400
vt 0.30081400 0.58691000
vt 0.30522100 0.58362900
vt 0.31158800 0.58067500
vt 0.30750500 0.58784200
vt 0.29675700 0.58993000
vt 0.30331600 0.59282700
vt 0.31622900 0.58507300
vt 0.30720200 0.59718500
vt 0.30904600 0.60200200
vt 0.31308800 0.58893900
vt 0.31602600 0.59523900
vt 0.31314700 0.59948600
vt 0.31871200 0.57446400
vt 0.32144500 0.57145000
vt 0.32035900 0.58164400
vt 0.32368900 0.57543300
vt 0.32553800 0.58070900
vt 0.32448700 0.56811200
vt 0.32769800 0.57265100
vt 0.33023600 0.56525300
vt 0.33785700 0.57135000
vt 0.33323000 0.57369300
vt 0.33119200 0.57715000
vt 0.32071900 0.59537500
vt 0.32902100 0.59071500
vt 0.32666300 0.59398900
vt 0.33819500 0.57799700
vt 0.34103600 0.58554300
vt 0.26823900 0.61992500
vt 0.26163700 0.62687700
vt 0.26683200 0.62763700
vt 0.27450500 0.62539900
vt 0.27202400 0.63152400
vt 0.26871400 0.63522500
vt 0.27580800 0.63887100
vt 0.27604300 0.61841700
vt 0.28268700 0.61207500
vt 0.29104100 0.61010400
vt 0.28622300 0.61644400
vt 0.27860100 0.62340600
vt 0.28561600 0.62002500
vt 0.29179700 0.61749700
vt 0.28211100 0.62373400
vt 0.28273100 0.63215200
vt 0.28365800 0.62767100
vt 0.28626700 0.62351700
vt 0.29447200 0.62106400
vt 0.29034800 0.62340800
vt 0.29822000 0.61755400
vt 0.29290000 0.62894700
vt 0.29656400 0.62462100
vt 0.30174500 0.63104800
vt 0.29897500 0.63209800
vt 0.25892900 0.64351200
vt 0.25327200 0.64933700
vt 0.26092700 0.65106300
vt 0.26464200 0.64073300
vt 0.26915700 0.64671000
vt 0.27372600 0.64205900
vt 0.26844800 0.65190300
vt 0.27318300 0.64614200
vt 0.27869400 0.64480600
vt 0.27821700 0.64850300
vt 0.25499700 0.65594200
vt 0.26071700 0.65550100
vt 0.25630100 0.66148400
vt 0.26061800 0.66036300
vt 0.25151600 0.66450900
vt 0.25529000 0.66686900
vt 0.26364500 0.66449800
vt 0.26585300 0.65720500
vt 0.26791700 0.66112300
vt 0.27083900 0.65795200
vt 0.27573400 0.65286900
vt 0.27057700 0.66399300
vt 0.27665500 0.66148100
vt 0.27961300 0.66000000
vt 0.27959100 0.65418600
vt 0.28257200 0.65658900
vt 0.28500200 0.63954500
vt 0.28941100 0.63763200
vt 0.28373700 0.64634400
vt 0.29593400 0.64122200
vt 0.29350300 0.64468800
vt 0.29387900 0.63415300
vt 0.30181400 0.64080400
vt 0.28261500 0.65507900
vt 0.28759400 0.65477000
vt 0.30799500 0.63501100
vt 0.29598500 0.64964500
vt 0.29074700 0.65340700
vt 0.28425100 0.66197900
vt 0.29130800 0.65849900
vt 0.29642700 0.65320500
vt 0.29707400 0.65554500
vt 0.30197500 0.65175900
vt 0.30222400 0.65674900
vt 0.30651000 0.64844400
vt 0.30858100 0.65515000
vt 0.30073300 0.60639500
vt 0.29844900 0.61065600
vt 0.29748800 0.61489400
vt 0.30362100 0.61166400
vt 0.30725400 0.60710500
vt 0.31476900 0.60608000
vt 0.31028200 0.61180600
vt 0.30493700 0.61660600
vt 0.30037700 0.61974000
vt 0.30466600 0.62633900
vt 0.30828700 0.62348100
vt 0.31298700 0.62443100
vt 0.31208600 0.61641800
vt 0.30880000 0.62895700
vt 0.31621600 0.61316700
vt 0.32401800 0.60934800
vt 0.32392500 0.61446100
vt 0.31903800 0.62061700
vt 0.32092300 0.62446800
vt 0.32093700 0.60104900
vt 0.32136000 0.60556100
vt 0.33065500 0.60119100
vt 0.32737300 0.60595800
vt 0.33690800 0.59444600
vt 0.34361900 0.58983900
vt 0.33909300 0.60092300
vt 0.34396800 0.59433000
vt 0.33312400 0.60501500
vt 0.33528100 0.60859600
vt 0.33172800 0.61033000
vt 0.32915500 0.61968200
vt 0.33424100 0.61442400
vt 0.34155300 0.60803600
vt 0.34623300 0.60231000
vt 0.34068600 0.61108500
vt 0.34078700 0.61618700
vt 0.30827200 0.64325400
vt 0.31534300 0.63421500
vt 0.31369200 0.64070100
vt 0.31816600 0.62714900
vt 0.31875200 0.63644000
vt 0.32097800 0.63176700
vt 0.32757100 0.62570900
vt 0.32735400 0.63097100
vt 0.31395600 0.64578400
vt 0.31697500 0.64229200
vt 0.31197600 0.65037400
vt 0.31825900 0.64889500
vt 0.32123700 0.63696700
vt 0.32410900 0.64115900
vt 0.32912600 0.63706000
vt 0.32938900 0.64005600
vt 0.32474600 0.65221400
vt 0.32996600 0.64454100
vt 0.33701100 0.62137400
vt 0.33301700 0.62917600
vt 0.33987700 0.62522400
vt 0.34021400 0.63034900
vt 0.34912100 0.61767400
vt 0.35489000 0.62311800
vt 0.35050300 0.62988300
vt 0.33530600 0.63801400
vt 0.34175900 0.63721300
vt 0.34027800 0.64313400
vt 0.33836500 0.64530100
vt 0.34413700 0.64005200
vt 0.34664000 0.63499800
vt 0.34905800 0.63738100
vt 0.35457900 0.63775700
vt 0.16048500 0.66445700
vt 0.15135300 0.66087900
vt 0.15940600 0.65862800
vt 0.15307200 0.66603100
vt 0.15799200 0.66805400
vt 0.15131500 0.67025800
vt 0.15604000 0.67104700
vt 0.15132100 0.67484600
vt 0.14693800 0.67318900
vt 0.15715000 0.67422800
vt 0.16691600 0.65973500
vt 0.17520600 0.66067000
vt 0.16816600 0.66401100
vt 0.16783700 0.66768600
vt 0.17826400 0.66594000
vt 0.18219500 0.66408600
vt 0.17858100 0.66916300
vt 0.18959000 0.66904100
vt 0.16253600 0.66892500
vt 0.16564100 0.67135900
vt 0.17996300 0.67515400
vt 0.16994400 0.67536600
vt 0.16208100 0.67498600
vt 0.16077100 0.67777500
vt 0.16494700 0.67749200
vt 0.16955100 0.68008800
vt 0.16297900 0.68323600
vt 0.18697500 0.67195500
vt 0.18273900 0.68140400
vt 0.17554600 0.68386300
vt 0.14654800 0.65111500
vt 0.14741300 0.65882500
vt 0.15645200 0.65717900
vt 0.14350400 0.66521600
vt 0.14874500 0.66523200
vt 0.14388500 0.66870100
vt 0.13763000 0.67184100
vt 0.14142100 0.67180900
vt 0.14765300 0.68131900
vt 0.15662900 0.68295700
vt 0.15102500 0.68814700
vt 0.14341700 0.68757700
vt 0.13411600 0.69602100
vt 0.13947500 0.68957400
vt 0.14058300 0.69506200
vt 0.13681300 0.70037800
vt 0.15034100 0.69191400
vt 0.14460600 0.70036100
vt 0.17171500 0.68500800
vt 0.16769100 0.68662400
vt 0.15905900 0.68886800
vt 0.16520100 0.69078200
vt 0.16036900 0.69202400
vt 0.16225800 0.68692800
vt 0.17555600 0.68832300
vt 0.18141400 0.68608600
vt 0.17234200 0.69294000
vt 0.17902400 0.69382300
vt 0.18444800 0.69269500
vt 0.15279100 0.70057200
vt 0.16195200 0.69987200
vt 0.16579400 0.69683800
vt 0.15993700 0.70372400
vt 0.17463100 0.69769300
vt 0.17073200 0.70088600
vt 0.17386400 0.70552000
vt 0.16875100 0.70479700
vt 0.17003600 0.71113500
vt 0.13364500 0.67469500
vt 0.13678200 0.68020400
vt 0.13412900 0.68437200
vt 0.12997000 0.69187100
vt 0.12813300 0.69537500
vt 0.19022900 0.66586800
vt 0.19419800 0.66616900
vt 0.19222200 0.67012000
vt 0.19754900 0.67260200
vt 0.19571600 0.66326400
vt 0.19269100 0.67593200
vt 0.18777800 0.67967200
vt 0.18776600 0.68570900
vt 0.19161600 0.68381000
vt 0.19559700 0.67970800
vt 0.19751000 0.67654000
vt 0.20183600 0.67472800
vt 0.20245100 0.67952400
vt 0.20577500 0.68261000
vt 0.20782700 0.67987600
vt 0.19729100 0.68348200
vt 0.20144100 0.68367600
vt 0.19912400 0.69137200
vt 0.20499900 0.68765200
vt 0.20824200 0.68723500
vt 0.21322600 0.68479500
vt 0.21785800 0.69218700
vt 0.19920600 0.66429400
vt 0.20337100 0.66351700
vt 0.20723400 0.66339600
vt 0.20239900 0.66969200
vt 0.20576700 0.66892300
vt 0.21305900 0.66683800
vt 0.20632100 0.67555400
vt 0.20907700 0.67191600
vt 0.20923100 0.67591700
vt 0.21170600 0.67429100
vt 0.21800800 0.66698500
vt 0.22590800 0.66746700
vt 0.21878200 0.67238100
vt 0.21555200 0.67807800
vt 0.22553800 0.67142700
vt 0.22327700 0.67958300
vt 0.22846700 0.66955400
vt 0.23646500 0.66991000
vt 0.23099200 0.67326200
vt 0.22772000 0.67700600
vt 0.23714700 0.67591600
vt 0.23680400 0.67971800
vt 0.23634200 0.66592000
vt 0.21240000 0.68098600
vt 0.21843800 0.68177800
vt 0.22091900 0.68861700
vt 0.22585700 0.68608200
vt 0.23573000 0.68571300
vt 0.22432000 0.69177400
vt 0.23097600 0.68880000
vt 0.23588600 0.68885700
vt 0.18826600 0.69147200
vt 0.19541500 0.68899500
vt 0.18686600 0.69847200
vt 0.19014300 0.69585100
vt 0.19424900 0.69350000
vt 0.20468500 0.69692000
vt 0.19538200 0.69848900
vt 0.19880100 0.69600200
vt 0.20417400 0.70145400
vt 0.20149500 0.70288700
vt 0.21082900 0.69479900
vt 0.18078400 0.69948200
vt 0.18982400 0.70470000
vt 0.18105900 0.70585200
vt 0.18189600 0.71454300
vt 0.18597400 0.71255000
vt 0.19490000 0.70727900
vt 0.21371500 0.70027700
vt 0.21768000 0.70219100
vt 0.20893800 0.70367300
vt 0.20463300 0.70814600
vt 0.21356000 0.70476400
vt 0.21082100 0.70943000
vt 0.21421000 0.71443800
vt 0.20448100 0.71142000
vt 0.22869100 0.70987800
vt 0.22379500 0.71381600
vt 0.22462700 0.70743600
vt 0.23157900 0.71399700
vt 0.22355600 0.71907100
vt 0.22411600 0.69886900
vt 0.23124400 0.69657700
vt 0.23777500 0.69456300
vt 0.22931800 0.70273700
vt 0.23412700 0.70618400
vt 0.14549800 0.76776400
vt 0.14680000 0.76065900
vt 0.15458100 0.76138900
vt 0.15654400 0.75794000
vt 0.16455500 0.76204200
vt 0.17392700 0.75889500
vt 0.15609200 0.77046800
vt 0.17452200 0.75538700
vt 0.18654300 0.75722500
vt 0.16897900 0.78555900
vt 0.18387500 0.78626700
vt 0.20374000 0.75777200
vt 0.19581000 0.76151500
vt 0.20951700 0.78241300
vt 0.20897500 0.75399400
vt 0.21303900 0.75684500
vt 0.19879600 0.75358600
vt 0.22224100 0.78451300
vt 0.19936700 0.78505200
vt 0.13378200 0.70150400
vt 0.12916600 0.70213100
vt 0.13719900 0.70493400
vt 0.13496400 0.70809000
vt 0.13299400 0.71155900
vt 0.12468200 0.71024000
vt 0.14597900 0.70464200
vt 0.14230500 0.71123400
vt 0.14922800 0.71340600
vt 0.12810500 0.71483600
vt 0.13022800 0.72055800
vt 0.12679600 0.72061800
vt 0.13411600 0.72290700
vt 0.14100400 0.72207400
vt 0.12828000 0.72475100
vt 0.16699400 0.71657500
vt 0.17499700 0.71727900
vt 0.15269200 0.70447700
vt 0.15848600 0.70750400
vt 0.16297100 0.71297200
vt 0.12085000 0.71614800
vt 0.12425300 0.71738600
vt 0.12080000 0.72012700
vt 0.12388500 0.72351200
vt 0.12075400 0.73035300
vt 0.12003400 0.72333800
vt 0.18905800 0.71878400
vt 0.19550900 0.71591200
vt 0.19244600 0.72050400
vt 0.21638200 0.75269000
vt 0.22380400 0.75664700
vt 0.24504000 0.67107300
vt 0.25098000 0.67087000
vt 0.24458700 0.67801400
vt 0.25451400 0.67315500
vt 0.24175200 0.68349300
vt 0.24069400 0.68785100
vt 0.24254200 0.69455800
vt 0.24385600 0.68696400
vt 0.25168700 0.68335000
vt 0.25710100 0.68352900
vt 0.24241200 0.68644400
vt 0.24890700 0.68674200
vt 0.25076400 0.69189500
vt 0.25899700 0.67640900
vt 0.26154800 0.68274600
vt 0.25550500 0.68878100
vt 0.26073600 0.68703200
vt 0.26260400 0.69225700
vt 0.23128100 0.71910200
vt 0.23841400 0.69960900
vt 0.24724400 0.69699500
vt 0.24841800 0.70355100
vt 0.24395700 0.70682000
vt 0.25399900 0.69591900
vt 0.25344900 0.70042700
vt 0.25751800 0.69648100
vt 0.26161900 0.69828600
vt 0.26596700 0.69807500
vt 0.25440000 0.70330900
vt 0.25807300 0.70171600
vt 0.25734300 0.70546100
vt 0.26195800 0.70714700
vt 0.26740000 0.70327400
vt 0.24239300 0.71011900
vt 0.23731600 0.70993300
vt 0.24571000 0.70939100
vt 0.24675200 0.71156300
vt 0.23776300 0.71184600
vt 0.24180700 0.71426400
vt 0.25067000 0.70921200
vt 0.25544800 0.70685900
vt 0.26164100 0.71021000
vt 0.25624900 0.71385900
vt 0.26565900 0.71451200
vt 0.26778400 0.70740600
vt 0.27286700 0.71163300
vt 0.22454700 0.75314300
vt 0.23033900 0.75498400
vt 0.24218800 0.75513800
vt 0.24632600 0.75212900
vt 0.25146900 0.75500800
vt 0.25167400 0.74904800
vt 0.25442300 0.75109200
vt 0.25898400 0.75002300
vt 0.26567500 0.75105900
vt 0.23619900 0.78577700
vt 0.24725400 0.78593200
vt 0.25750400 0.77886700
vt 0.27035600 0.77934100
vt 0.27798700 0.76042800
vt 0.27409300 0.74885500
vt 0.28458500 0.74787500
vt 0.29293900 0.77444300
vt 0.29454000 0.74743200
vt 0.28273600 0.78061600
vt 0.26198800 0.66934600
vt 0.26588800 0.66701200
vt 0.26711800 0.67403900
vt 0.26901400 0.66869600
vt 0.27531900 0.66838400
vt 0.26639000 0.67922100
vt 0.27229400 0.67452400
vt 0.28142700 0.66471100
vt 0.27504200 0.67194700
vt 0.27742400 0.67243500
vt 0.27237400 0.67811300
vt 0.27002000 0.68155100
vt 0.26579300 0.68636000
vt 0.26763500 0.68893700
vt 0.27313000 0.68700800
vt 0.27212200 0.68978600
vt 0.28185800 0.66944400
vt 0.28552300 0.66700600
vt 0.28619100 0.66949300
vt 0.28345100 0.67281200
vt 0.27587000 0.68273100
vt 0.28204300 0.67997900
vt 0.28104000 0.67538300
vt 0.28915700 0.67200200
vt 0.28753900 0.67733800
vt 0.28480300 0.68439200
vt 0.27844600 0.68836300
vt 0.28436500 0.68803900
vt 0.29071900 0.68191900
vt 0.29460500 0.68539000
vt 0.29372200 0.66604800
vt 0.29773700 0.66281500
vt 0.29232600 0.66928100
vt 0.29506800 0.67453800
vt 0.30090500 0.67009300
vt 0.30223700 0.66168900
vt 0.30689200 0.66005400
vt 0.31183400 0.65765400
vt 0.31194400 0.66103200
vt 0.30486400 0.67081500
vt 0.31120300 0.66703700
vt 0.29312100 0.67659800
vt 0.29973400 0.67445000
vt 0.29721100 0.68229400
vt 0.30097600 0.67847900
vt 0.30754100 0.68555400
vt 0.30514800 0.67461900
vt 0.31161800 0.67667900
vt 0.31151000 0.68068100
vt 0.31796600 0.67026300
vt 0.31700000 0.67773300
vt 0.31471100 0.68278600
vt 0.26738600 0.69336100
vt 0.27169100 0.69565500
vt 0.27554700 0.69214000
vt 0.27982900 0.69066300
vt 0.27365100 0.69754100
vt 0.28130300 0.69791300
vt 0.27652500 0.70336300
vt 0.28425400 0.70169900
vt 0.28342500 0.69068700
vt 0.28527000 0.69145400
vt 0.28239400 0.69301400
vt 0.28650000 0.69577400
vt 0.29133700 0.68995100
vt 0.28812200 0.69489600
vt 0.29028700 0.69792000
vt 0.29528200 0.69457100
vt 0.27395300 0.70603900
vt 0.28212000 0.70504700
vt 0.27999200 0.71108500
vt 0.28559400 0.70678800
vt 0.28769400 0.71357900
vt 0.28991400 0.70926900
vt 0.28959200 0.70401000
vt 0.29781100 0.70810500
vt 0.29786500 0.70382400
vt 0.30119800 0.69043200
vt 0.30952700 0.68643900
vt 0.31486900 0.68769600
vt 0.32172000 0.68658900
vt 0.30631800 0.69131300
vt 0.31083400 0.68964100
vt 0.31734700 0.68975200
vt 0.31538300 0.65453300
vt 0.31454400 0.65938700
vt 0.31815400 0.65584600
vt 0.32341800 0.65581800
vt 0.32040400 0.65900900
vt 0.31798500 0.66118700
vt 0.32427300 0.65952800
vt 0.31976700 0.66566900
vt 0.33403400 0.65200400
vt 0.33591700 0.64864100
vt 0.33077600 0.65733300
vt 0.32652200 0.66515800
vt 0.32410000 0.67011300
vt 0.31929600 0.67304100
vt 0.32727100 0.67517100
vt 0.32231700 0.67956200
vt 0.33009600 0.67100100
vt 0.33172800 0.66449700
vt 0.33976700 0.65907500
vt 0.33767200 0.66897800
vt 0.33651200 0.67327000
vt 0.34023600 0.64885100
vt 0.34684200 0.64500300
vt 0.34545700 0.64980600
vt 0.35375100 0.65058600
vt 0.35097300 0.64163500
vt 0.35179000 0.64615800
vt 0.35865500 0.64115900
vt 0.36286000 0.64748500
vt 0.34893400 0.66779500
vt 0.34778100 0.65986600
vt 0.34496600 0.67276200
vt 0.35533400 0.66827300
vt 0.35195100 0.65768800
vt 0.35476300 0.65535400
vt 0.35543800 0.65874400
vt 0.35943100 0.65552400
vt 0.36596500 0.65398000
vt 0.36456700 0.66233700
vt 0.35746500 0.66447500
vt 0.32371600 0.68204400
vt 0.32787900 0.68150700
vt 0.33408600 0.67726700
vt 0.33597100 0.68222500
vt 0.32514700 0.68702300
vt 0.32622800 0.68394900
vt 0.32341200 0.68853400
vt 0.32086200 0.69280900
vt 0.33241800 0.68575100
vt 0.34205600 0.67789500
vt 0.34261700 0.68437200
vt 0.33752800 0.69119200
vt 0.32805600 0.69177400
vt 0.32054700 0.69621300
vt 0.32649200 0.69772600
vt 0.33129900 0.69028700
vt 0.33258200 0.69624300
vt 0.33521700 0.69064500
vt 0.32212500 0.70127600
vt 0.32789400 0.69963100
vt 0.34186700 0.69231600
vt 0.34575600 0.68819500
vt 0.35068700 0.68442500
vt 0.34793400 0.69163100
vt 0.34990600 0.68852300
vt 0.34643900 0.69870800
vt 0.35258700 0.69596200
vt 0.36084100 0.67756000
vt 0.34895400 0.67761500
vt 0.35418800 0.67571500
vt 0.35775700 0.68026400
vt 0.36323500 0.66997300
vt 0.37408400 0.66538500
vt 0.37006700 0.67250300
vt 0.35686600 0.68766000
vt 0.35594800 0.69119600
vt 0.36281900 0.69032300
vt 0.36768700 0.67611600
vt 0.36940500 0.68261700
vt 0.32551800 0.70573500
vt 0.33167600 0.70267600
vt 0.33577100 0.70244100
vt 0.33953000 0.70140200
vt 0.29049900 0.74432000
vt 0.29985300 0.74465700
vt 0.30843000 0.74825500
vt 0.30816200 0.74444700
vt 0.32312000 0.74177600
vt 0.32466800 0.74504200
vt 0.31407700 0.74436600
vt 0.32941000 0.74219900
vt 0.33709500 0.74167200
vt 0.33384600 0.73897000
vt 0.30240500 0.77084200
vt 0.31664900 0.77473900
vt 0.33937700 0.76780200
vt 0.32684500 0.77030900
vt 0.33684900 0.73987500
vt 0.34192500 0.73869500
vt 0.35854300 0.69517500
vt 0.35382600 0.70055300
vt 0.36451900 0.69798700
vt 0.35913100 0.69898200
vt 0.36985600 0.69009400
vt 0.36940900 0.69771500
vt 0.37457200 0.68624800
vt 0.37441000 0.69543500
vt 0.68092500 0.02939500
vt 0.34957100 0.73953000
vt 0.68370600 0.02416500
vt 0.35116000 0.73444800
vt 0.35366700 0.76773500
vt 0.68541700 0.06084500
vt 0.35547700 0.78062400
vt 0.69474600 0.05651200
vt 0.69442600 0.02432200
vt 0.35515700 0.74843300
vt 0.36027800 0.74782400
vt 0.36796300 0.77943300
vt 0.36345400 0.74418400
vt 0.37089900 0.74403900
vt 0.36929800 0.75053900
vt 0.38477100 0.75713600
vt 0.38166900 0.74384400
vt 0.15748800 0.80034100
vt 0.15011500 0.80532500
vt 0.13699300 0.79230900
vt 0.18344100 0.81206500
vt 0.20079500 0.81130300
vt 0.16998000 0.81483000
vt 0.17436300 0.82432000
vt 0.39574700 0.98421400
vt 0.39511800 0.98827800
vt 0.18359700 0.82542500
vt 0.38484500 0.98233200
vt 0.19514500 0.82406900
vt 0.20378300 0.82367100
vt 0.38790000 0.97868200
vt 0.20451000 0.82711000
vt 0.37986900 0.97375800
vt 0.38424800 0.97146600
vt 0.11988900 0.76403000
vt 0.11795200 0.76004000
vt 0.12558500 0.76112900
vt 0.13164000 0.76258700
vt 0.12253000 0.78245100
vt 0.11409400 0.80028600
vt 0.12318900 0.80747200
vt 0.10278000 0.80415300
vt 0.13610200 0.82550700
vt 0.14732800 0.82397700
vt 0.14516500 0.82834600
vt 0.12546900 0.82742500
vt 0.12828800 0.83099100
vt 0.12221600 0.83203100
vt 0.12822200 0.83511000
vt 0.13843100 0.83221600
vt 0.15162800 0.83054600
vt 0.14959600 0.83392500
vt 0.13748300 0.83676600
vt 0.11661100 0.83528200
vt 0.12074000 0.83874400
vt 0.12831200 0.84274200
vt 0.43838600 0.98752000
vt 0.14222800 0.84278400
vt 0.13237500 0.84769300
vt 0.44787200 0.98359100
vt 0.15989000 0.82621900
vt 0.16470000 0.83247800
vt 0.41490000 0.99143000
vt 0.17022400 0.83013800
vt 0.40902000 0.99112200
vt 0.41591800 0.98616800
vt 0.40465800 0.98337500
vt 0.42587400 0.98971400
vt 0.15461500 0.83784200
vt 0.42667900 0.98451300
vt 0.41931900 0.97612700
vt 0.40981100 0.97890100
vt 0.39555100 0.97931400
vt 0.40087800 0.97797600
vt 0.39872200 0.97135600
vt 0.38792900 0.96907300
vt 0.38766000 0.96207400
vt 0.38971400 0.94733800
vt 0.11768100 0.82812900
vt 0.10488800 0.82675600
vt 0.11254700 0.83168700
vt 0.10266700 0.83096500
vt 0.10376600 0.83474800
vt 0.10764800 0.83921800
vt 0.09623300 0.83811400
vt 0.09254800 0.82887000
vt 0.09380700 0.83469400
vt 0.08522600 0.83279200
vt 0.08272000 0.83689400
vt 0.09916400 0.84244200
vt 0.10995200 0.84385500
vt 0.09796300 0.84650600
vt 0.08603200 0.84153600
vt 0.11671200 0.84913500
vt 0.46240400 0.98191400
vt 0.46029400 0.96696400
vt 0.45025700 0.96786100
vt 0.46981700 0.96477000
vt 0.46057800 0.96072100
vt 0.08780400 0.85220200
vt 0.48775700 0.97249500
vt 0.07732600 0.83399700
vt 0.07458900 0.84285400
vt 0.07830000 0.84704000
vt 0.06143000 0.84296900
vt 0.47762700 0.96378900
vt 0.48702000 0.95710400
vt 0.47369700 0.95818000
vt 0.47793300 0.96010900
vt 0.47241000 0.95544600
vt 0.49820700 0.94963500
vt 0.48359600 0.95348400
vt 0.45945200 0.95212500
vt 0.48623900 0.94027000
vt 0.47578100 0.94782100
vt 0.48808900 0.94731100
vt 0.43316800 0.96555900
vt 0.43255300 0.97003700
vt 0.41869600 0.96187000
vt 0.42585800 0.95868800
vt 0.41152500 0.95165700
vt 0.41868100 0.95287400
vt 0.40531400 0.95448600
vt 0.43009500 0.95643900
vt 0.42792000 0.94968500
vt 0.41492500 0.94346500
vt 0.40220700 0.94151200
vt 0.43716900 0.92728600
vt 0.41578000 0.89746900
vt 0.44181600 0.96226700
vt 0.44919600 0.95996000
vt 0.44247800 0.95372600
vt 0.45504100 0.91284300
vt 0.21985200 0.80701700
vt 0.21529100 0.81757400
vt 0.23039500 0.81752300
vt 0.22339300 0.82285100
vt 0.21097400 0.82192800
vt 0.21049000 0.82862800
vt 0.37694400 0.96834000
vt 0.21158000 0.82531000
vt 0.37571000 0.96311000
vt 0.21534500 0.83098800
vt 0.22193700 0.82743900
vt 0.23312500 0.82614300
vt 0.22914300 0.83064800
vt 0.36757000 0.95208700
vt 0.37525200 0.95638700
vt 0.24030100 0.81825200
vt 0.23613300 0.82221600
vt 0.24827900 0.82065900
vt 0.25003000 0.81527300
vt 0.25488300 0.82359400
vt 0.24348900 0.82537900
vt 0.36005300 0.93946500
vt 0.24416700 0.82958300
vt 0.37091800 0.94663700
vt 0.36283700 0.93331600
vt 0.26371800 0.80166600
vt 0.25956400 0.81690500
vt 0.36801600 0.93007300
vt 0.35467500 0.92620900
vt 0.25879400 0.82844600
vt 0.35835200 0.91830400
vt 0.27843900 0.79781900
vt 0.30551700 0.80309700
vt 0.29419900 0.80571600
vt 0.28169100 0.81136000
vt 0.28870500 0.81236100
vt 0.27320800 0.81437900
vt 0.26648200 0.82057800
vt 0.26464800 0.82509800
vt 0.27443500 0.81815100
vt 0.27435400 0.82285100
vt 0.27951700 0.81806700
vt 0.28424300 0.81708700
vt 0.28144800 0.82216000
vt 0.27462300 0.82819000
vt 0.35194000 0.91105800
vt 0.35612600 0.89903600
vt 0.28774500 0.82068900
vt 0.35004200 0.89249400
vt 0.29320100 0.82604500
vt 0.29975900 0.81160800
vt 0.29029400 0.81668200
vt 0.29215300 0.82109800
vt 0.30106400 0.81687300
vt 0.34704100 0.87994100
vt 0.30458600 0.82108600
vt 0.36097000 0.87295600
vt 0.37237700 0.90151600
vt 0.35480200 0.88148200
vt 0.35167900 0.87672000
vt 0.31135300 0.81049800
vt 0.30990900 0.81680100
vt 0.34433100 0.87334900
vt 0.35074200 0.86852700
vt 0.34696600 0.86509500
vt 0.37823500 0.95394500
vt 0.38080100 0.92721000
vt 0.39153700 0.94161500
vt 0.39264300 0.93422400
vt 0.39929300 0.94322300
vt 0.38378700 0.92067800
vt 0.38941800 0.92577200
vt 0.40033400 0.93088500
vt 0.37623600 0.91550400
vt 0.39153500 0.91512000
vt 0.38730400 0.89535900
vt 0.38421000 0.91203000
vt 0.38662000 0.90298200
vt 0.38016000 0.90925300
vt 0.38141600 0.89992400
vt 0.37746600 0.90032200
vt 0.37781100 0.88879100
vt 0.38178500 0.88108200
vt 0.37253000 0.89172400
vt 0.37369800 0.87800100
vt 0.48263200 0.90068900
vt 0.49892300 0.92819800
vt 0.44012900 0.90285900
vt 0.44765700 0.90175800
vt 0.44165200 0.89555100
vt 0.44765700 0.89652000
vt 0.45793500 0.89970000
vt 0.44881400 0.89307300
vt 0.45220800 0.88460900
vt 0.44320400 0.88572000
vt 0.45980000 0.89058800
vt 0.44706200 0.86514300
vt 0.59168000 0.77873900
vt 0.57951400 0.77874900
vt 0.50021700 0.85774300
vt 0.47901800 0.84108900
vt 0.33242200 0.79256800
vt 0.32143500 0.80452100
vt 0.34716400 0.79084100
vt 0.34630300 0.81424300
vt 0.68557200 0.09013200
vt 0.35059000 0.83433600
vt 0.34287400 0.80562900
vt 0.69774200 0.08409200
vt 0.35847300 0.80820300
vt 0.34281300 0.86038200
vt 0.32086500 0.81097800
vt 0.34869700 0.85514300
vt 0.33480700 0.80808600
vt 0.34724400 0.84473900
vt 0.35243800 0.85507100
vt 0.35753600 0.85384800
vt 0.36140400 0.85779400
vt 0.35874600 0.84197100
vt 0.36487500 0.84117400
vt 0.35259800 0.84712100
vt 0.35648600 0.83727600
vt 0.36081400 0.82426700
vt 0.36750800 0.81765800
vt 0.36314100 0.82915900
vt 0.36825300 0.82899700
vt 0.37147000 0.83414900
vt 0.36937500 0.82203700
vt 0.37626800 0.82191800
vt 0.37266400 0.80992500
vt 0.38149300 0.77732400
vt 0.39193100 0.77396700
vt 0.39502100 0.79799900
vt 0.38121600 0.80818500
vt 0.38766200 0.80234300
vt 0.37549300 0.81677400
vt 0.38912800 0.80845600
vt 0.40480000 0.79429200
vt 0.40691600 0.77103400
vt 0.39765200 0.80483600
vt 0.38780000 0.87960000
vt 0.39395700 0.86683500
vt 0.41503500 0.84633500
vt 0.43524900 0.89065000
vt 0.38055000 0.87467300
vt 0.37735700 0.86466600
vt 0.38552500 0.86887000
vt 0.38698200 0.85935200
vt 0.38385800 0.85351900
vt 0.37107800 0.84448700
vt 0.39067500 0.85951200
vt 0.38296200 0.83373300
vt 0.39859000 0.83688700
vt 0.40236000 0.85412700
vt 0.39721700 0.85152900
vt 0.39887100 0.84577500
vt 0.40781600 0.84321400
vt 0.39697700 0.84238400
vt 0.38025900 0.82662700
vt 0.43914000 0.83771100
vt 0.45239800 0.83637100
vt 0.46670500 0.83724700
vt 0.42714300 0.84002800
vt 0.42208100 0.83654000
vt 0.43525700 0.83257700
vt 0.43011000 0.83157800
vt 0.46095100 0.83099400
vt 0.47445100 0.83345600
vt 0.48507800 0.83773600
vt 0.48142400 0.83269400
vt 0.49163800 0.83072400
vt 0.47880000 0.82656800
vt 0.46930300 0.82992700
vt 0.45731600 0.82819200
vt 0.46126600 0.82296600
vt 0.44660900 0.83102900
vt 0.42625500 0.82787100
vt 0.43614900 0.82477600
vt 0.42668000 0.81696900
vt 0.44514300 0.82858500
vt 0.44571000 0.82478500
vt 0.44271000 0.82208900
vt 0.44967400 0.81023500
vt 0.40852400 0.83996300
vt 0.42058300 0.83402700
vt 0.40700300 0.83480000
vt 0.39932500 0.82383600
vt 0.41526100 0.83077700
vt 0.39152400 0.81666700
vt 0.38771000 0.82470600
vt 0.38921700 0.81313500
vt 0.39798300 0.81938100
vt 0.39828800 0.81220400
vt 0.40233600 0.81298100
vt 0.41340600 0.81339200
vt 0.41794200 0.80835400
vt 0.41346300 0.79623300
vt 0.41988800 0.79837600
vt 0.41189400 0.80204900
vt 0.42180900 0.80301200
vt 0.41259300 0.80642900
vt 0.42799300 0.80169900
vt 0.43221700 0.80588300
vt 0.40433500 0.80121300
vt 0.40165100 0.80650000
vt 0.43321500 0.80936500
vt 0.50970800 0.96518000
vt 0.06301200 0.84881000
vt 0.51544300 0.95425800
vt 0.52106600 0.95748500
vt 0.04842100 0.84749600
vt 0.65979200 0.79546500
vt 0.52680900 0.94831000
vt 0.52925100 0.93343000
vt 0.64458100 0.80051900
vt 0.49494100 0.94468700
vt 0.50054800 0.93609500
vt 0.50611600 0.93490400
vt 0.51145200 0.93368100
vt 0.51381600 0.91981200
vt 0.64481000 0.79431700
vt 0.64352600 0.78967600
vt 0.51898500 0.92041200
vt 0.52550600 0.90950400
vt 0.62160100 0.81126100
vt 0.63415100 0.79109600
vt 0.62324100 0.79512300
vt 0.50957600 0.92106400
vt 0.50819100 0.90678300
vt 0.51662300 0.90026000
vt 0.52219000 0.90711900
vt 0.51824200 0.90237200
vt 0.61506600 0.78221100
vt 0.62331600 0.78562100
vt 0.62321300 0.78988000
vt 0.61230800 0.80053200
vt 0.60784900 0.78672900
vt 0.60874000 0.79100700
vt 0.60255300 0.79635800
vt 0.59784600 0.78852000
vt 0.60036100 0.81541100
vt 0.52492500 0.88910900
vt 0.51081700 0.88700800
vt 0.51871600 0.88740600
vt 0.51522500 0.88045400
vt 0.52363100 0.87537000
vt 0.58639600 0.81754500
vt 0.51708300 0.87259500
vt 0.59734400 0.78207500
vt 0.60034600 0.78376700
vt 0.59113000 0.78546500
vt 0.58521600 0.78593400
vt 0.59232700 0.79344600
vt 0.58425300 0.79174400
vt 0.58282100 0.80304500
vt 0.58131900 0.79742800
vt 0.57247200 0.78525600
vt 0.57397800 0.79027600
vt 0.57033100 0.79542200
vt 0.52675600 0.84404600
vt 0.55624600 0.81020000
vt 0.56666600 0.80329000
vt 0.50716300 0.87233600
vt 0.51277600 0.87058400
vt 0.50930300 0.85364100
vt 0.51926200 0.86085200
vt 0.50690600 0.85617100
vt 0.51211100 0.84915500
vt 0.51444700 0.84448000
vt 0.49012200 0.84767900
vt 0.49712700 0.84523400
vt 0.49531800 0.83952800
vt 0.50392200 0.83867100
vt 0.20622200 0.72168100
vt 0.21538000 0.71166500
vt 0.22047500 0.71110500
vt 0.18384100 0.75371400
vt 0.14677900 0.71998700
vt 0.14547500 0.72722600
vt 0.13883100 0.72848800
vt 0.16566300 0.71849600
vt 0.15878000 0.72127200
vt 0.15133900 0.72794500
vt 0.15855700 0.73055500
vt 0.16929300 0.72711000
vt 0.17449800 0.72238200
vt 0.16058900 0.73465600
vt 0.17116800 0.73018600
vt 0.16788800 0.73571500
vt 0.14590000 0.73185300
vt 0.13887100 0.73338400
vt 0.14226200 0.73549800
vt 0.13720000 0.73511500
vt 0.13558100 0.73787600
vt 0.14535400 0.73767600
vt 0.13117400 0.73206400
vt 0.12096600 0.73328600
vt 0.12798000 0.73533700
vt 0.13403500 0.73958800
vt 0.13747100 0.74122700
vt 0.14303200 0.74300300
vt 0.11933700 0.73823000
vt 0.12868500 0.73862500
vt 0.12115200 0.74117500
vt 0.11575100 0.74130900
vt 0.11652400 0.74599600
vt 0.11050200 0.74721300
vt 0.11956100 0.74586800
vt 0.11959700 0.74804200
vt 0.12419000 0.74668500
vt 0.12538800 0.74981200
vt 0.13224600 0.74381700
vt 0.12848500 0.74446500
vt 0.13146800 0.74542600
vt 0.13761900 0.74515200
vt 0.13727300 0.74698900
vt 0.15099200 0.73445300
vt 0.15433200 0.73641700
vt 0.14886500 0.74353900
vt 0.15786500 0.73757800
vt 0.15303500 0.74289000
vt 0.15393900 0.74506500
vt 0.16330500 0.73689900
vt 0.16532500 0.74213900
vt 0.15792600 0.74198400
vt 0.15702200 0.74367200
vt 0.16076900 0.74415600
vt 0.15675200 0.74622600
vt 0.14630100 0.74668600
vt 0.14903800 0.74538000
vt 0.15158800 0.74807400
vt 0.14057200 0.75815100
vt 0.14172400 0.74505700
vt 0.14301400 0.74599800
vt 0.14231900 0.74864900
vt 0.18132400 0.72313500
vt 0.18695800 0.72417200
vt 0.19808000 0.71999300
vt 0.19855600 0.72976200
vt 0.18648000 0.73306600
vt 0.19815600 0.72384300
vt 0.18111000 0.72989900
vt 0.18911700 0.72798000
vt 0.17558500 0.73106800
vt 0.17944500 0.73260700
vt 0.17516900 0.73416500
vt 0.17342300 0.73847400
vt 0.17789200 0.74001000
vt 0.18495000 0.73655200
vt 0.18354700 0.74087100
vt 0.19316700 0.73444400
vt 0.19117700 0.74005800
vt 0.19575300 0.73779800
vt 0.19825500 0.73982200
vt 0.19154500 0.74247600
vt 0.20290900 0.72622600
vt 0.21134700 0.72798700
vt 0.20866500 0.73097300
vt 0.21300000 0.72168800
vt 0.21795300 0.72339900
vt 0.21993300 0.72818000
vt 0.21532900 0.73117300
vt 0.22153500 0.73008000
vt 0.21595500 0.73292100
vt 0.22223000 0.73312300
vt 0.21826600 0.71877300
vt 0.22868100 0.72366300
vt 0.20003100 0.73232300
vt 0.20341900 0.73451700
vt 0.20479500 0.73209800
vt 0.20231500 0.73765400
vt 0.20862000 0.73477100
vt 0.21003400 0.73287100
vt 0.20890500 0.73842100
vt 0.20515400 0.73963300
vt 0.20352600 0.74118300
vt 0.19921800 0.74200800
vt 0.19484900 0.74368300
vt 0.20096900 0.74552600
vt 0.20884600 0.74035300
vt 0.20884600 0.74035300
vt 0.20829700 0.74166700
vt 0.21186800 0.73563700
vt 0.21225800 0.73921600
vt 0.21620000 0.73957800
vt 0.21620000 0.73957800
vt 0.22038000 0.73754100
vt 0.21183300 0.74240700
vt 0.21885200 0.74980600
vt 0.22335200 0.73708600
vt 0.21940800 0.73987800
vt 0.21940800 0.73987800
vt 0.17457100 0.74157700
vt 0.16971000 0.74270700
vt 0.16901900 0.74602600
vt 0.17740500 0.74175300
vt 0.18231000 0.74374000
vt 0.19985300 0.74870400
vt 0.24228300 0.71771500
vt 0.23700800 0.71943100
vt 0.25301800 0.71880300
vt 0.25903300 0.71739300
vt 0.25764900 0.72342000
vt 0.26627200 0.72289700
vt 0.27172100 0.71965000
vt 0.27582300 0.71659500
vt 0.27343100 0.72293900
vt 0.27829200 0.72121900
vt 0.23494400 0.72408500
vt 0.22760000 0.72749100
vt 0.24302200 0.72124000
vt 0.23488200 0.72729500
vt 0.23832900 0.72463400
vt 0.23681200 0.72713400
vt 0.22800700 0.72928200
vt 0.22793000 0.73112400
vt 0.23065800 0.73562100
vt 0.23811300 0.72837300
vt 0.23480300 0.73387400
vt 0.24229000 0.72438800
vt 0.25110600 0.72320900
vt 0.24225900 0.72603300
vt 0.23012100 0.75121100
vt 0.22293500 0.74386300
vt 0.23590500 0.75166000
vt 0.22649300 0.73744800
vt 0.23071400 0.73786100
vt 0.23587400 0.74436200
vt 0.24230600 0.73211500
vt 0.24051700 0.73242900
vt 0.23903500 0.73038900
vt 0.23902100 0.73402200
vt 0.24088000 0.73382900
vt 0.24522100 0.73356600
vt 0.24903400 0.72653400
vt 0.25221200 0.72555900
vt 0.24277100 0.72798600
vt 0.24840300 0.73181100
vt 0.24949800 0.73351600
vt 0.25293900 0.73174700
vt 0.25608300 0.72991800
vt 0.25480800 0.73366100
vt 0.24048800 0.73543700
vt 0.24292500 0.73511100
vt 0.24242400 0.73661100
vt 0.24856400 0.73682700
vt 0.24940200 0.73487600
vt 0.25799200 0.72587600
vt 0.25927300 0.72881400
vt 0.26335900 0.72730500
vt 0.26258300 0.73433400
vt 0.25928400 0.73432500
vt 0.26802800 0.72709900
vt 0.26668500 0.73271200
vt 0.27101300 0.73243200
vt 0.27431700 0.72672900
vt 0.26891300 0.73623200
vt 0.27948100 0.72400600
vt 0.27917900 0.72695100
vt 0.27358700 0.73466600
vt 0.27699300 0.73140900
vt 0.27956200 0.73097100
vt 0.27915600 0.73271700
vt 0.26423100 0.74677400
vt 0.26285900 0.74073200
vt 0.27962100 0.74477100
vt 0.26884000 0.74066300
vt 0.28251000 0.73659600
vt 0.27505100 0.73793000
vt 0.29084700 0.74046800
vt 0.28392800 0.71919600
vt 0.28982400 0.71873500
vt 0.29990900 0.69675100
vt 0.29549600 0.71336000
vt 0.30711200 0.71229300
vt 0.30074000 0.71536200
vt 0.30255500 0.69563300
vt 0.30715300 0.69948900
vt 0.30633300 0.69584800
vt 0.31262700 0.69720400
vt 0.30495400 0.70445900
vt 0.31439600 0.70194200
vt 0.31036400 0.70824900
vt 0.31707100 0.70629100
vt 0.28242500 0.72715400
vt 0.28518300 0.72324900
vt 0.28908600 0.72594500
vt 0.28869600 0.72178700
vt 0.29537600 0.72287500
vt 0.28375600 0.73061700
vt 0.28503600 0.73209900
vt 0.29240000 0.73042400
vt 0.29518900 0.71830300
vt 0.29794100 0.71922900
vt 0.30033000 0.72163000
vt 0.29620600 0.72758100
vt 0.30207200 0.72584200
vt 0.30178500 0.72779500
vt 0.30538500 0.72668800
vt 0.29035000 0.73296500
vt 0.29577000 0.73168800
vt 0.29933200 0.73424300
vt 0.30555900 0.72852700
vt 0.30316500 0.71929300
vt 0.30662200 0.72101800
vt 0.30168100 0.74193800
vt 0.30910700 0.73485000
vt 0.31463500 0.74111500
vt 0.31256200 0.71546100
vt 0.31284800 0.71741200
vt 0.31733800 0.70989400
vt 0.31931700 0.71532300
vt 0.31066100 0.72094300
vt 0.30922600 0.72558400
vt 0.31294900 0.72571200
vt 0.31708900 0.71786700
vt 0.31793400 0.72082600
vt 0.31937000 0.71741600
vt 0.31932000 0.71269500
vt 0.32222900 0.71409000
vt 0.32383400 0.71002400
vt 0.32878400 0.70860600
vt 0.32372400 0.71719400
vt 0.32622400 0.71831800
vt 0.32634900 0.71483900
vt 0.32801300 0.71588300
vt 0.33291100 0.71278100
vt 0.33458300 0.71657100
vt 0.30939900 0.72731700
vt 0.31125600 0.72979600
vt 0.31243500 0.72789200
vt 0.31753700 0.72565700
vt 0.31742500 0.72720100
vt 0.32281500 0.72645100
vt 0.31990000 0.72925500
vt 0.32244600 0.73331000
vt 0.33395200 0.73708200
vt 0.32270400 0.72430200
vt 0.32568600 0.72378600
vt 0.32451400 0.72798800
vt 0.33044300 0.72242000
vt 0.32824300 0.72475300
vt 0.32964600 0.72626900
vt 0.33136100 0.72400000
vt 0.33135500 0.72243300
vt 0.33332800 0.72519000
vt 0.33334800 0.71849700
vt 0.33071200 0.73004300
vt 0.33650600 0.74003300
vt 0.37640800 0.69321300
vt 0.37018200 0.70167600
vt 0.36057700 0.72195900
vt 0.36079100 0.72023600
vt 0.36438100 0.72151800
vt 0.36876400 0.71979300
vt 0.36757400 0.72080800
vt 0.35919500 0.71704900
vt 0.36375400 0.71926400
vt 0.36624000 0.71584700
vt 0.37393800 0.71775900
vt 0.37076400 0.71232600
vt 0.38214500 0.69894700
vt 0.37712700 0.70355800
vt 0.37822500 0.70829600
vt 0.37314600 0.70715200
vt 0.38172300 0.70465300
vt 0.38316200 0.70854200
vt 0.37849600 0.71182200
vt 0.36439200 0.72315700
vt 0.36243700 0.72454600
vt 0.71812100 0.01258500
vt 0.72286300 0.01247900
vt 0.36718000 0.72444000
vt 0.72643000 0.01052400
vt 0.37074600 0.72248500
vt 0.37003000 0.72138900
vt 0.37159800 0.72056200
vt 0.72812400 0.00965900
vt 0.37244100 0.72162000
vt 0.72896500 0.01121500
vt 0.36861600 0.72211200
vt 0.72259600 0.01538000
vt 0.36483000 0.72625400
vt 0.37260600 0.72304300
vt 0.73019800 0.01316300
vt 0.37401000 0.72017400
vt 0.37401000 0.72017400
vt 0.37401000 0.72017400
vt 0.37422700 0.72053100
vt 0.37422700 0.72053100
vt 0.72991000 0.00857000
vt 0.73043000 0.00902300
vt 0.73043000 0.00902300
vt 0.37474600 0.72098400
vt 0.37545600 0.71866500
vt 0.37683100 0.71673300
vt 0.37342000 0.71074300
vt 0.37675100 0.71986400
vt 0.37965100 0.71793600
vt 0.37686200 0.72174900
vt 0.38049700 0.71939600
vt 0.38465400 0.71817500
vt 0.38302500 0.71222700
vt 0.38178500 0.72101800
vt 0.38778400 0.71995000
vt 0.38850800 0.71797300
vt 0.38719800 0.72223100
vt 0.33538400 0.70808700
vt 0.34107400 0.71252000
vt 0.33494900 0.71458000
vt 0.33967900 0.71622300
vt 0.35082800 0.70465200
vt 0.34533200 0.70800700
vt 0.34949500 0.71072100
vt 0.35475500 0.70756100
vt 0.33647600 0.72134900
vt 0.33891800 0.71854800
vt 0.33790000 0.72369900
vt 0.34530400 0.71558700
vt 0.34133000 0.72223800
vt 0.34425400 0.72147400
vt 0.34748800 0.71984700
vt 0.34537100 0.72373500
vt 0.34165900 0.72986800
vt 0.35247300 0.71834400
vt 0.34879400 0.71488700
vt 0.35407500 0.71760600
vt 0.35199600 0.71321000
vt 0.35444400 0.71010900
vt 0.35383100 0.71989600
vt 0.35796100 0.71946400
vt 0.35715900 0.70277500
vt 0.35951000 0.70703900
vt 0.36183200 0.70323100
vt 0.35802300 0.70916300
vt 0.36074500 0.70814600
vt 0.35854100 0.71132200
vt 0.36398900 0.70666400
vt 0.36488100 0.70882200
vt 0.36204200 0.71388500
vt 0.36708800 0.71069300
vt 0.37077900 0.70605200
vt 0.36832100 0.70775000
vt 0.37043900 0.70906000
vt 0.37362200 0.70868000
vt 0.35167800 0.74586100
vt 0.69094800 0.02175000
vt 0.37254100 0.73735100
vt 0.69822200 0.01191800
vt 0.35895300 0.73603000
vt 0.37259000 0.74125600
vt 0.38219800 0.73863900
vt 0.38175300 0.74090500
vt 0.12767900 0.75921300
vt 0.11588600 0.74791500
vt 0.11441900 0.75388500
vt 0.11216200 0.74947900
vt 0.10821300 0.74860100
vt 0.10608800 0.75089200
vt 0.13017400 0.75228300
vt 0.13864100 0.75122000
vt 0.12968800 0.74781800
vt 0.13387100 0.74928800
vt 0.16201400 0.74857300
vt 0.14716200 0.75058400
vt 0.15113100 0.74586300
vt 0.15435200 0.75075800
vt 0.17100800 0.74973600
vt 0.21014200 0.74017200
vt 0.21513400 0.74224600
vt 0.21513400 0.74224600
vt 0.21721400 0.74260800
vt 0.22257800 0.74026600
vt 0.22257800 0.74026600
vt 0.18220800 0.74782500
vt 0.18990400 0.74666200
vt 0.22580600 0.74115900
vt 0.22824900 0.74178900
vt 0.23312200 0.74105900
vt 0.23521800 0.73768200
vt 0.23521800 0.73768200
vt 0.23767400 0.73654500
vt 0.23841700 0.73749900
vt 0.23858700 0.74131500
vt 0.24812800 0.74357500
vt 0.23963100 0.73579200
vt 0.24494000 0.73939000
vt 0.25481000 0.73896800
vt 0.25565500 0.73645700
vt 0.26024700 0.73889700
vt 0.26340300 0.73690500
vt 0.28635000 0.73335900
vt 0.28671700 0.73658800
vt 0.33547300 0.72763100
vt 0.33356100 0.73176500
vt 0.37591900 0.72975900
vt 0.37506400 0.72106900
vt 0.73074800 0.00910800
vt 0.37506400 0.72106900
vt 0.37808700 0.72472600
vt 0.37865900 0.72273600
vt 0.34022200 0.72585800
vt 0.34903800 0.72644400
vt 0.68473100 0.01451200
vt 0.35281700 0.72407400
vt 0.35640600 0.72273700
vt 0.69475100 0.00857000
vt 0.35705800 0.72675000
vt 0.35548200 0.73268100
vt 0.35967800 0.72672500
vt 0.35798900 0.73022200
vt 0.71536200 0.01476400
vt 0.12201100 0.75223000
vt 0.11701800 0.75082300
vt 0.60504800 0.46445700
vt 0.58040500 0.46313200
vt 0.59908200 0.50004100
vt 0.59089300 0.50461900
vt 0.57753500 0.52974700
vt 0.56322800 0.47061900
vt 0.55408700 0.45134800
vt 0.54976000 0.47350900
vt 0.54095300 0.45836300
vt 0.53791000 0.47442500
vt 0.52905400 0.49262100
vt 0.56028600 0.51043900
vt 0.54489400 0.50253000
vt 0.51673200 0.50037000
vt 0.48468400 0.50301400
vt 0.48290700 0.47910000
vt 0.50400100 0.53168800
vt 0.47442300 0.48960200
vt 0.49280800 0.51537400
vt 0.56928500 0.51279600
vt 0.59139800 0.55000600
vt 0.58081600 0.55547000
vt 0.56988500 0.54215500
vt 0.55307900 0.54872200
vt 0.53979500 0.53494800
vt 0.48135300 0.52098900
vt 0.48756500 0.53994400
vt 0.54564600 0.55745200
vt 0.53296600 0.55922600
vt 0.51973900 0.56026100
vt 0.51031500 0.56654300
vt 0.60256400 0.55682300
vt 0.59976800 0.56229000
vt 0.59435700 0.55771500
vt 0.59469400 0.56275000
vt 0.58080800 0.55998100
vt 0.59878200 0.56907900
vt 0.59042800 0.56836100
vt 0.58678500 0.57216000
vt 0.59095800 0.57810000
vt 0.58608000 0.56509000
vt 0.57261500 0.56366200
vt 0.57753200 0.56832500
vt 0.57964200 0.57415000
vt 0.57243700 0.56016500
vt 0.56621300 0.56055400
vt 0.58284100 0.58165500
vt 0.56380200 0.56666500
vt 0.55422500 0.56211100
vt 0.55126400 0.56630600
vt 0.54432300 0.56424100
vt 0.57159100 0.57015900
vt 0.57512300 0.57357800
vt 0.57285800 0.57634200
vt 0.56809500 0.57563200
vt 0.55870200 0.57267900
vt 0.55596100 0.56780300
vt 0.55159500 0.57063000
vt 0.54633700 0.56798100
vt 0.54552700 0.57359200
vt 0.55072900 0.57954500
vt 0.54486900 0.57708100
vt 0.54782400 0.58524600
vt 0.58754800 0.59151700
vt 0.57924500 0.58787900
vt 0.57426500 0.58413700
vt 0.58668600 0.59775600
vt 0.59000600 0.60442600
vt 0.58041200 0.59587500
vt 0.57586200 0.59418200
vt 0.57136600 0.60307100
vt 0.58124300 0.60419700
vt 0.56132600 0.57912400
vt 0.56563800 0.58618800
vt 0.56868700 0.59168400
vt 0.55848400 0.58579600
vt 0.55273800 0.59252500
vt 0.54348200 0.59213800
vt 0.56490200 0.59689900
vt 0.55661600 0.59878100
vt 0.56660800 0.61020800
vt 0.54774100 0.59885700
vt 0.53699700 0.59730200
vt 0.54479700 0.60486900
vt 0.55497900 0.60524100
vt 0.55131100 0.61221600
vt 0.53788800 0.60939900
vt 0.53246900 0.60153000
vt 0.54552100 0.61019800
vt 0.53362900 0.61054900
vt 0.53628700 0.61273000
vt 0.53838400 0.56380000
vt 0.53717700 0.56684700
vt 0.54220700 0.56806500
vt 0.53417300 0.57090300
vt 0.54244400 0.56963700
vt 0.53903500 0.57603600
vt 0.54056600 0.56949200
vt 0.52563400 0.56593800
vt 0.52742800 0.57034500
vt 0.52010400 0.56954600
vt 0.51431100 0.57064000
vt 0.51521700 0.57528800
vt 0.50933200 0.57240700
vt 0.50825800 0.56942300
vt 0.53833800 0.57319100
vt 0.53345800 0.57421400
vt 0.53425100 0.57562600
vt 0.53147500 0.57501600
vt 0.52470200 0.57604300
vt 0.53113700 0.58171000
vt 0.53745800 0.58634700
vt 0.52484600 0.58116400
vt 0.52071200 0.58608200
vt 0.51750900 0.58183500
vt 0.52677800 0.58478800
vt 0.51082600 0.57690700
vt 0.53720800 0.59115000
vt 0.53414700 0.59237700
vt 0.53062700 0.58937700
vt 0.52923300 0.59269400
vt 0.52505100 0.59311200
vt 0.52719000 0.58954200
vt 0.51891500 0.59212100
vt 0.53020100 0.59728500
vt 0.52650100 0.59895700
vt 0.52219400 0.59913600
vt 0.52597300 0.60223500
vt 0.52789800 0.60646300
vt 0.52059900 0.60659100
vt 0.51869500 0.60239500
vt 0.52626700 0.61104800
vt 0.58562800 0.60829100
vt 0.58629900 0.61436800
vt 0.57253400 0.61293500
vt 0.58006800 0.61520600
vt 0.58534200 0.62020000
vt 0.57544100 0.62013700
vt 0.57073200 0.61847400
vt 0.58358100 0.62918200
vt 0.57056200 0.62265500
vt 0.58041000 0.63258500
vt 0.57316000 0.63118800
vt 0.56855300 0.62920800
vt 0.56077200 0.61193200
vt 0.56371200 0.61760500
vt 0.55593800 0.61310200
vt 0.55908500 0.61996700
vt 0.55537700 0.61728900
vt 0.55011900 0.61825700
vt 0.55416400 0.62114400
vt 0.54748500 0.61556900
vt 0.54166400 0.61385100
vt 0.54126200 0.61951900
vt 0.53150000 0.61528500
vt 0.53322700 0.62250000
vt 0.54472800 0.62568300
vt 0.53945000 0.62925500
vt 0.56418300 0.62220100
vt 0.56389600 0.62679100
vt 0.55687900 0.62532300
vt 0.55228500 0.62495700
vt 0.55156100 0.62893000
vt 0.55621200 0.62905800
vt 0.56349300 0.63017900
vt 0.56546200 0.63467900
vt 0.55922600 0.63081500
vt 0.55500600 0.63601900
vt 0.54813300 0.63563600
vt 0.53703500 0.63133900
vt 0.54166100 0.63672300
vt 0.58959200 0.63383200
vt 0.58585300 0.63595600
vt 0.58583200 0.64712400
vt 0.58277900 0.63976700
vt 0.57937100 0.63698000
vt 0.58184400 0.64422100
vt 0.57721800 0.63930400
vt 0.56893000 0.63840100
vt 0.57277200 0.64799200
vt 0.56878700 0.64330000
vt 0.57533400 0.65200900
vt 0.58548900 0.65393300
vt 0.58220000 0.65972400
vt 0.56353200 0.65598500
vt 0.56414700 0.64816100
vt 0.56059100 0.65112200
vt 0.57079800 0.65706800
vt 0.56542900 0.65796600
vt 0.55816900 0.66094800
vt 0.56536000 0.66189600
vt 0.55724800 0.65985200
vt 0.56185000 0.63821500
vt 0.55496500 0.64399900
vt 0.54828400 0.64214400
vt 0.55066600 0.64789500
vt 0.54103700 0.64154600
vt 0.54730600 0.65486600
vt 0.55720700 0.65535300
vt 0.54194200 0.64697000
vt 0.55232000 0.65756500
vt 0.55006000 0.66179100
vt 0.55568500 0.66581100
vt 0.52640200 0.61384800
vt 0.58136600 0.66888800
vt 0.57703300 0.66358200
vt 0.58566600 0.67415200
vt 0.58092800 0.67287800
vt 0.57034600 0.66597500
vt 0.56491600 0.66702000
vt 0.55856600 0.66993700
vt 0.56828700 0.67487800
vt 0.56276500 0.67124600
vt 0.56412500 0.67520300
vt 0.56022000 0.67515700
vt 0.58110400 0.67964100
vt 0.56450400 0.67947800
vt 0.55332800 0.66889300
vt 0.58254200 0.71812300
vt 0.57708100 0.68206600
vt 0.58100400 0.68770900
vt 0.56931800 0.68105300
vt 0.56870300 0.68600200
vt 0.58675500 0.69189000
vt 0.58043200 0.69226400
vt 0.56980700 0.68975600
vt 0.57457500 0.69233300
vt 0.58278800 0.69482900
vt 0.58498100 0.70242400
vt 0.58266100 0.69965500
vt 0.58155200 0.70186200
vt 0.57793500 0.69559900
vt 0.57820800 0.69979500
vt 0.57862800 0.70277800
vt 0.57316400 0.69527100
vt 0.57558900 0.69888000
vt 0.56639900 0.69427100
vt 0.57181700 0.69743400
vt 0.56888900 0.69561600
vt 0.58759400 0.70893500
vt 0.58079200 0.70953000
vt 0.57711200 0.71466700
vt 0.57649800 0.70823300
vt 0.56672500 0.71840000
vt 0.58441900 0.70533400
vt 0.57958700 0.70606600
vt 0.35248100 0.53599500
vt 0.36219100 0.53517000
vt 0.35328300 0.54722000
vt 0.36734600 0.53476500
vt 0.35874500 0.54578300
vt 0.36560800 0.54258400
vt 0.36575300 0.54835500
vt 0.36126700 0.55001700
vt 0.37074800 0.53854300
vt 0.37532100 0.53497300
vt 0.37832700 0.53299300
vt 0.36951000 0.54595200
vt 0.37318300 0.55029000
vt 0.37991800 0.54404700
vt 0.38477700 0.53729200
vt 0.36606300 0.55162600
vt 0.36889000 0.54951600
vt 0.36992100 0.55534200
vt 0.35932000 0.55292500
vt 0.37670900 0.55096700
vt 0.37416600 0.55674600
vt 0.38491600 0.55812000
vt 0.38550300 0.54818400
vt 0.38633700 0.55282400
vt 0.38316200 0.56334500
vt 0.37356200 0.56673100
vt 0.36736400 0.56014100
vt 0.38824200 0.55459900
vt 0.39378000 0.55735000
vt 0.37792500 0.56603000
vt 0.37776900 0.57273300
vt 0.38602600 0.56718200
vt 0.39181400 0.56273400
vt 0.45230500 0.50639100
vt 0.44452500 0.49536100
vt 0.41952900 0.49777300
vt 0.42034800 0.50199800
vt 0.42685200 0.49942500
vt 0.42496000 0.50226100
vt 0.44038200 0.48866700
vt 0.43621000 0.49816900
vt 0.42275700 0.49393000
vt 0.42766800 0.50787400
vt 0.44773500 0.50546500
vt 0.43767100 0.50713600
vt 0.43090600 0.50114700
vt 0.43017000 0.51042600
vt 0.46924600 0.54106800
vt 0.43325000 0.51829400
vt 0.42736100 0.51601000
vt 0.42218400 0.52145700
vt 0.43007000 0.52462700
vt 0.44063700 0.52012100
vt 0.44243300 0.51279600
vt 0.44801000 0.51852700
vt 0.44053500 0.52878600
vt 0.44606900 0.52777600
vt 0.43203800 0.53199700
vt 0.44410200 0.53347700
vt 0.43956600 0.53271300
vt 0.45101700 0.52996100
vt 0.45032800 0.53504000
vt 0.43609600 0.53898600
vt 0.44320000 0.53944900
vt 0.45546400 0.54180700
vt 0.39048800 0.51559000
vt 0.39688400 0.51272200
vt 0.40011600 0.51723200
vt 0.39603300 0.52071600
vt 0.39945600 0.52462300
vt 0.38938800 0.52514100
vt 0.40465300 0.51770000
vt 0.40559900 0.51210000
vt 0.41181500 0.51576600
vt 0.40647600 0.53021900
vt 0.39668200 0.52966400
vt 0.40880800 0.52219400
vt 0.38145900 0.52202200
vt 0.38646800 0.51516100
vt 0.38338200 0.52843700
vt 0.38804800 0.53300200
vt 0.39332000 0.53276100
vt 0.38850600 0.53781100
vt 0.40166400 0.53242200
vt 0.40873700 0.50739400
vt 0.41137400 0.50201700
vt 0.40461600 0.50728300
vt 0.41549800 0.50063300
vt 0.41343700 0.50972400
vt 0.41739500 0.51247700
vt 0.41486600 0.52047300
vt 0.41089800 0.52767500
vt 0.41254000 0.53265700
vt 0.41034500 0.53785600
vt 0.40407400 0.53977300
vt 0.41686200 0.52711900
vt 0.41432000 0.53734400
vt 0.42276900 0.53234500
vt 0.40665300 0.54552700
vt 0.41120200 0.54307800
vt 0.41304800 0.54720600
vt 0.42105900 0.53674300
vt 0.41445900 0.54087500
vt 0.41872300 0.53937600
vt 0.42019500 0.54505000
vt 0.42242300 0.54173200
vt 0.42175600 0.55231300
vt 0.38628100 0.54207500
vt 0.39104600 0.54245200
vt 0.39228200 0.54731700
vt 0.39616300 0.53606200
vt 0.39531200 0.54032600
vt 0.40047900 0.54243700
vt 0.40161200 0.54625300
vt 0.39486600 0.55268800
vt 0.40266300 0.55166600
vt 0.39910700 0.55658200
vt 0.40674500 0.55493100
vt 0.40384600 0.55959300
vt 0.42512100 0.52802100
vt 0.43074100 0.53684300
vt 0.43023100 0.54351500
vt 0.42746400 0.54107100
vt 0.39759400 0.56452700
vt 0.38984200 0.57395900
vt 0.39359800 0.57064000
vt 0.39539900 0.57773800
vt 0.39028900 0.58453600
vt 0.40220700 0.58369100
vt 0.39745600 0.59134300
vt 0.40304200 0.59297300
vt 0.40207700 0.59774800
vt 0.41069500 0.59519100
vt 0.40288100 0.60045400
vt 0.40581000 0.60366000
vt 0.41168400 0.60062100
vt 0.41054100 0.60895100
vt 0.40313900 0.60898700
vt 0.40366700 0.61300100
vt 0.45010900 0.54259900
vt 0.44179200 0.54500100
vt 0.43481200 0.54421200
vt 0.44436000 0.54877500
vt 0.43479300 0.55158900
vt 0.44377800 0.55382700
vt 0.45191100 0.55256700
vt 0.44753000 0.55936600
vt 0.46578600 0.58618700
vt 0.45778200 0.57919300
vt 0.46370000 0.57927300
vt 0.45581300 0.58415500
vt 0.49958700 0.56813500
vt 0.48749100 0.56751400
vt 0.46852200 0.56925300
vt 0.47879100 0.57129600
vt 0.48668100 0.57128300
vt 0.45315200 0.56403400
vt 0.44894600 0.56700200
vt 0.45887200 0.56787000
vt 0.45402300 0.56939800
vt 0.47807800 0.57552000
vt 0.47388300 0.57599800
vt 0.46995800 0.57277000
vt 0.46338300 0.57348900
vt 0.46984300 0.57812000
vt 0.45651400 0.57268200
vt 0.45931900 0.57659300
vt 0.45312000 0.57598900
vt 0.43084500 0.55791100
vt 0.42841300 0.55251600
vt 0.41072900 0.55670400
vt 0.41850800 0.55486600
vt 0.41622500 0.56065700
vt 0.42899300 0.54851200
vt 0.42314400 0.55979800
vt 0.42133100 0.56324800
vt 0.43714900 0.56045300
vt 0.43954200 0.55753700
vt 0.43184100 0.56139900
vt 0.43151800 0.56452400
vt 0.42755700 0.56221900
vt 0.42215200 0.56618500
vt 0.42418400 0.57177200
vt 0.41897100 0.57076300
vt 0.43730300 0.56787500
vt 0.42941100 0.56929000
vt 0.43190400 0.57534200
vt 0.40760700 0.56146500
vt 0.40594800 0.56625500
vt 0.40051300 0.57401300
vt 0.39707000 0.56867500
vt 0.40420800 0.57079600
vt 0.41202800 0.56815400
vt 0.40544800 0.57522300
vt 0.41084100 0.57274300
vt 0.40749600 0.57793400
vt 0.41612700 0.57395500
vt 0.41445100 0.57734400
vt 0.41064600 0.58384900
vt 0.40628300 0.58231500
vt 0.42108600 0.57601000
vt 0.44292300 0.56742700
vt 0.44240700 0.57110700
vt 0.44868600 0.57625900
vt 0.44321600 0.57906600
vt 0.43830200 0.57524500
vt 0.43406300 0.57235400
vt 0.42644700 0.57510500
vt 0.42799700 0.57788600
vt 0.43556000 0.57818700
vt 0.43572400 0.58408200
vt 0.43146300 0.58288500
vt 0.42663600 0.58421400
vt 0.44961400 0.58002100
vt 0.44743100 0.58531200
vt 0.44982000 0.59040700
vt 0.43993800 0.58435100
vt 0.43202900 0.58827900
vt 0.43933300 0.59022200
vt 0.43760800 0.59678200
vt 0.43117800 0.59895800
vt 0.42048700 0.58030500
vt 0.41531900 0.58623600
vt 0.41257800 0.59091900
vt 0.42271000 0.58826000
vt 0.41833800 0.58986200
vt 0.41648900 0.59344100
vt 0.40638200 0.58909400
vt 0.42401300 0.59317300
vt 0.41794000 0.59779700
vt 0.41990500 0.60423100
vt 0.43042100 0.60546400
vt 0.41503900 0.60901500
vt 0.34346300 0.54343500
vt 0.34598400 0.55363000
vt 0.34082400 0.56217300
vt 0.34947700 0.55615200
vt 0.33567600 0.56402000
vt 0.34413900 0.56055900
vt 0.34471100 0.56679200
vt 0.35269100 0.56369300
vt 0.35651400 0.56813700
vt 0.34691100 0.57372100
vt 0.35598200 0.55955200
vt 0.35933300 0.56313500
vt 0.34580000 0.57936800
vt 0.35144400 0.58433500
vt 0.35291200 0.57363400
vt 0.35715900 0.57163500
vt 0.35473300 0.58040700
vt 0.36634800 0.57480300
vt 0.36119900 0.58046100
vt 0.36447100 0.56569000
vt 0.36806600 0.56925400
vt 0.37392100 0.57516900
vt 0.35079100 0.58866600
vt 0.35309100 0.59328300
vt 0.35316000 0.60042900
vt 0.36603500 0.58388400
vt 0.35801200 0.58906200
vt 0.36148300 0.59619700
vt 0.35221000 0.61121200
vt 0.36153200 0.60317100
vt 0.35625400 0.60904000
vt 0.36823000 0.59277600
vt 0.36892200 0.58983600
vt 0.37601700 0.59062000
vt 0.36921900 0.59986300
vt 0.36600500 0.60495100
vt 0.37244100 0.57863200
vt 0.38094900 0.57820500
vt 0.37389600 0.58485800
vt 0.38007500 0.58470400
vt 0.38054300 0.59401100
vt 0.38397700 0.58960200
vt 0.38638700 0.59689800
vt 0.37518900 0.60415100
vt 0.39116200 0.59268400
vt 0.36151000 0.61259900
vt 0.36192800 0.62065200
vt 0.36802300 0.61122600
vt 0.37602400 0.60903500
vt 0.36787200 0.61576300
vt 0.37128100 0.62246000
vt 0.37222500 0.61660300
vt 0.37497300 0.61320300
vt 0.36400000 0.63102800
vt 0.36471100 0.62628300
vt 0.36968100 0.62769500
vt 0.38450900 0.61429000
vt 0.37979400 0.62115400
vt 0.38338400 0.61792000
vt 0.36585700 0.63447600
vt 0.37276700 0.63040000
vt 0.37750300 0.62656300
vt 0.38075800 0.62811600
vt 0.35742800 0.62975400
vt 0.35655400 0.63323200
vt 0.38213400 0.60098900
vt 0.38770600 0.60299600
vt 0.38692100 0.60987300
vt 0.39640300 0.60051900
vt 0.38794000 0.61837400
vt 0.39383900 0.61575400
vt 0.39622800 0.61214800
vt 0.39593800 0.62033200
vt 0.38685600 0.62355500
vt 0.41416100 0.61423400
vt 0.40880700 0.61878700
vt 0.41514800 0.62082900
vt 0.41807000 0.61632300
vt 0.42146400 0.61707300
vt 0.41681400 0.62455100
vt 0.41242600 0.62518500
vt 0.41974800 0.62382300
vt 0.41689600 0.62690000
vt 0.41406900 0.62919400
vt 0.41921100 0.63232700
vt 0.42276400 0.62940000
vt 0.41867000 0.63395400
vt 0.42392400 0.63489800
vt 0.42798200 0.63325300
vt 0.42797900 0.63474200
vt 0.42302100 0.63766700
vt 0.43081600 0.63712000
vt 0.42010100 0.63974100
vt 0.42452300 0.64386700
vt 0.42929500 0.64060500
vt 0.43136000 0.64455900
vt 0.44043500 0.64343900
vt 0.43651900 0.64282700
vt 0.43015300 0.64795200
vt 0.42334000 0.64969500
vt 0.43838300 0.64938000
vt 0.42678700 0.65188300
vt 0.43504100 0.65343600
vt 0.43191200 0.65533300
vt 0.50287600 0.57198800
vt 0.49690400 0.57386600
vt 0.50595800 0.57230200
vt 0.50513600 0.57565600
vt 0.50010800 0.57953800
vt 0.49295800 0.57388600
vt 0.48585700 0.57490400
vt 0.49154200 0.57801500
vt 0.48445400 0.57994000
vt 0.49682800 0.58395100
vt 0.48762700 0.58504400
vt 0.50906500 0.58068500
vt 0.50672700 0.58669000
vt 0.50242000 0.58401700
vt 0.51281600 0.58997200
vt 0.50541500 0.59306000
vt 0.50006600 0.58923700
vt 0.49581500 0.59070300
vt 0.48762500 0.59365700
vt 0.49732400 0.59617000
vt 0.48114300 0.57618900
vt 0.47459600 0.58655200
vt 0.46834400 0.58143900
vt 0.47095300 0.59669800
vt 0.46357700 0.59449200
vt 0.46012000 0.58979900
vt 0.48020100 0.59327300
vt 0.47591900 0.59887600
vt 0.46326900 0.60092300
vt 0.47118900 0.60420400
vt 0.48558100 0.60300000
vt 0.47698200 0.60814900
vt 0.51761100 0.59667600
vt 0.51158700 0.59764300
vt 0.50576600 0.60232000
vt 0.51106300 0.60577100
vt 0.50008000 0.60259900
vt 0.49233000 0.60717200
vt 0.50475800 0.60757100
vt 0.49673100 0.60832300
vt 0.51497600 0.60755600
vt 0.50890600 0.60999500
vt 0.51965600 0.61036400
vt 0.51389900 0.61204700
vt 0.52108200 0.62015500
vt 0.50316000 0.61314900
vt 0.50879200 0.61804100
vt 0.50133200 0.61704200
vt 0.50093600 0.62479700
vt 0.49190200 0.61363900
vt 0.48543100 0.61000300
vt 0.47175000 0.61087700
vt 0.47988300 0.61609000
vt 0.47604300 0.62029900
vt 0.48715800 0.61708800
vt 0.48826000 0.62249500
vt 0.49511500 0.62143300
vt 0.49094300 0.62795500
vt 0.48160400 0.62195000
vt 0.47890600 0.62746500
vt 0.48795300 0.62793200
vt 0.48059900 0.63334000
vt 0.45609100 0.59254400
vt 0.45354300 0.59586400
vt 0.44537100 0.59458000
vt 0.45757400 0.59822800
vt 0.45379100 0.60249000
vt 0.45078000 0.59647400
vt 0.44532900 0.59901300
vt 0.44041100 0.59989400
vt 0.43723700 0.60277300
vt 0.44889800 0.60231000
vt 0.44275300 0.60314600
vt 0.44612600 0.60616600
vt 0.43720400 0.60971700
vt 0.44484500 0.61230300
vt 0.44787200 0.61653700
vt 0.44342300 0.61659500
vt 0.44716000 0.62040500
vt 0.46018500 0.60413800
vt 0.45378800 0.60803800
vt 0.46426100 0.60783800
vt 0.46105100 0.61132600
vt 0.44850400 0.60920600
vt 0.45121500 0.61368600
vt 0.42694600 0.61072100
vt 0.42755600 0.61502100
vt 0.43483800 0.61397800
vt 0.42011500 0.61341000
vt 0.42969700 0.61819000
vt 0.43633800 0.61802000
vt 0.43244000 0.62693000
vt 0.44494200 0.62487500
vt 0.43818100 0.62439000
vt 0.42640100 0.61981000
vt 0.42515000 0.62563900
vt 0.45311200 0.61924000
vt 0.45180600 0.62308400
vt 0.45093800 0.62843600
vt 0.45433300 0.62499600
vt 0.45947800 0.62049500
vt 0.45863800 0.62638600
vt 0.45640700 0.62728200
vt 0.46608300 0.61298300
vt 0.46302400 0.61716700
vt 0.47104200 0.62463800
vt 0.46724900 0.62599200
vt 0.46441100 0.63143900
vt 0.46221300 0.63004400
vt 0.47125100 0.62944900
vt 0.46772600 0.63431200
vt 0.47290000 0.63305500
vt 0.46083600 0.63071700
vt 0.45704300 0.63542300
vt 0.45285100 0.63651800
vt 0.45784200 0.64164100
vt 0.46189700 0.63546800
vt 0.46437300 0.63990600
vt 0.47474500 0.63588900
vt 0.43744400 0.62782000
vt 0.43590100 0.63359800
vt 0.44310500 0.63197400
vt 0.43102900 0.63066300
vt 0.43416200 0.63949400
vt 0.43998000 0.63944500
vt 0.44828000 0.64002800
vt 0.44478100 0.64767300
vt 0.45463900 0.64719600
vt 0.44112200 0.65292500
vt 0.52869900 0.62677000
vt 0.52790100 0.63461300
vt 0.53683100 0.63756000
vt 0.53562500 0.64369400
vt 0.53287000 0.63650100
vt 0.52404000 0.64147300
vt 0.52153300 0.63569000
vt 0.53089600 0.64445200
vt 0.52699700 0.64393000
vt 0.53637000 0.64915900
vt 0.53886200 0.65396800
vt 0.52879300 0.65380100
vt 0.52100300 0.64534800
vt 0.51722200 0.64857800
vt 0.51878900 0.65303500
vt 0.52679600 0.65889600
vt 0.54460600 0.66052200
vt 0.54206000 0.66440600
vt 0.53693000 0.65889700
vt 0.53188800 0.65881300
vt 0.53193400 0.66360400
vt 0.52342300 0.66287600
vt 0.53641600 0.67042500
vt 0.52899400 0.67180000
vt 0.51202100 0.65708100
vt 0.51798500 0.67155700
vt 0.51268500 0.66407800
vt 0.50578800 0.66577400
vt 0.50875300 0.67020400
vt 0.51084600 0.67657900
vt 0.50322200 0.67387300
vt 0.50663600 0.67870500
vt 0.50114900 0.67978000
vt 0.49867600 0.67607700
vt 0.43876800 0.65654100
vt 0.43484800 0.65896000
vt 0.43055400 0.66207500
vt 0.44198300 0.66387100
vt 0.44776700 0.65857600
vt 0.45016500 0.66253000
vt 0.43590100 0.66206100
vt 0.44199500 0.66738600
vt 0.44884000 0.66811500
vt 0.44360000 0.67236500
vt 0.44660200 0.67676100
vt 0.45283100 0.67876400
vt 0.45520600 0.67322000
vt 0.43909500 0.67439400
vt 0.44390000 0.68034200
vt 0.49952000 0.68102300
vt 0.49770100 0.67862800
vt 0.49488100 0.68209700
vt 0.49287800 0.68010100
vt 0.49636500 0.68434600
vt 0.48179400 0.68658800
vt 0.47187400 0.68665500
vt 0.47881700 0.67719700
vt 0.47044600 0.68136100
vt 0.46031700 0.66999100
vt 0.44679900 0.68387700
vt 0.45927500 0.68502900
vt 0.46547600 0.68457600
vt 0.46371900 0.68724900
vt 0.45951900 0.68822700
vt 0.52763100 0.61992700
vt 0.51531700 0.62278100
vt 0.52257400 0.62835100
vt 0.51059700 0.62784500
vt 0.50559900 0.62646500
vt 0.51486500 0.63053100
vt 0.51939900 0.63160700
vt 0.51367800 0.63733000
vt 0.50921100 0.63525500
vt 0.50177800 0.62861200
vt 0.49470800 0.63231400
vt 0.50179400 0.63648000
vt 0.49366200 0.64088300
vt 0.48885900 0.63325400
vt 0.48625900 0.64090200
vt 0.47801600 0.63928700
vt 0.50502300 0.64354100
vt 0.49553800 0.64500800
vt 0.49996600 0.64713600
vt 0.51033700 0.65082300
vt 0.50727600 0.65120900
vt 0.50226000 0.64673600
vt 0.49098300 0.64696400
vt 0.48670500 0.64529800
vt 0.48513600 0.65025000
vt 0.50159200 0.65352500
vt 0.49503000 0.65202300
vt 0.48685400 0.65587000
vt 0.49299800 0.65589400
vt 0.48615300 0.65851800
vt 0.50019900 0.66005600
vt 0.49474000 0.66434600
vt 0.49133100 0.66203800
vt 0.49628500 0.66764300
vt 0.47292000 0.64254800
vt 0.46865200 0.64057700
vt 0.48140900 0.64428100
vt 0.47434300 0.64674800
vt 0.46377100 0.64461300
vt 0.45989800 0.64980300
vt 0.46569300 0.65075200
vt 0.47292300 0.65266400
vt 0.46531900 0.65620000
vt 0.47980100 0.64999500
vt 0.47996200 0.65326700
vt 0.47738400 0.65850900
vt 0.45996000 0.66006200
vt 0.46840400 0.65757500
vt 0.47532500 0.66182600
vt 0.47424900 0.65843700
vt 0.47305500 0.66261200
vt 0.47048000 0.66095100
vt 0.46329700 0.66467500
vt 0.46989600 0.66828000
vt 0.44908700 0.65271300
vt 0.45502600 0.65065100
vt 0.45307400 0.65636800
vt 0.45728500 0.66393100
vt 0.48635700 0.66397900
vt 0.48206900 0.66191700
vt 0.48477400 0.66687500
vt 0.47859600 0.66438300
vt 0.47947700 0.67002000
vt 0.49013300 0.66699900
vt 0.48701800 0.67321600
vt 0.47341100 0.67417900
vt 0.49376600 0.67405900
vt 0.48945200 0.67630900
vt 0.48395800 0.67883300
vt 0.48663800 0.68693500
vt 0.37801900 0.63490600
vt 0.36636800 0.63771400
vt 0.38072800 0.63623700
vt 0.38265400 0.64037300
vt 0.38459300 0.63404500
vt 0.38868400 0.63606900
vt 0.38577600 0.64380900
vt 0.38125200 0.64537400
vt 0.38580500 0.64992300
vt 0.39072600 0.65235700
vt 0.36865400 0.64418100
vt 0.37379000 0.63935000
vt 0.37618600 0.64352200
vt 0.37053400 0.64822800
vt 0.37791400 0.65225800
vt 0.37683100 0.65921100
vt 0.38555400 0.65530100
vt 0.39320700 0.62769000
vt 0.39121700 0.62474600
vt 0.39895500 0.62543000
vt 0.40002700 0.63204200
vt 0.38485600 0.62770100
vt 0.38942700 0.62863400
vt 0.39095300 0.63223900
vt 0.40304300 0.61689600
vt 0.40346900 0.62529400
vt 0.40694500 0.62589000
vt 0.40563500 0.63845400
vt 0.40538800 0.63214600
vt 0.39292500 0.63974200
vt 0.39188100 0.64545400
vt 0.39747100 0.64315000
vt 0.41039900 0.62963800
vt 0.41333400 0.63623600
vt 0.40019200 0.65224100
vt 0.39065300 0.65955300
vt 0.39492100 0.66373200
vt 0.39929500 0.65847000
vt 0.39994300 0.66446000
vt 0.39658200 0.66937900
vt 0.40469300 0.66887900
vt 0.38025000 0.66484700
vt 0.37823800 0.66960200
vt 0.38462500 0.66133800
vt 0.38928400 0.66816200
vt 0.38638100 0.67149700
vt 0.37750700 0.67914300
vt 0.37904700 0.68418400
vt 0.39291200 0.67826400
vt 0.38703800 0.67743700
vt 0.39262100 0.67320200
vt 0.40330600 0.67375300
vt 0.40603600 0.64382900
vt 0.40591400 0.65285900
vt 0.41223300 0.64876200
vt 0.41130400 0.65665000
vt 0.41311300 0.64360500
vt 0.42001600 0.64283600
vt 0.41887500 0.64962600
vt 0.40633300 0.66027000
vt 0.40946900 0.66820000
vt 0.41322400 0.66461000
vt 0.41503300 0.66191500
vt 0.41585200 0.65690200
vt 0.42401100 0.65756700
vt 0.42159400 0.66293100
vt 0.38774900 0.68125900
vt 0.38203400 0.68970800
vt 0.38886200 0.68571800
vt 0.38272800 0.69444600
vt 0.39992000 0.67835300
vt 0.39752900 0.67837700
vt 0.40407700 0.67851700
vt 0.39647100 0.68598400
vt 0.40970600 0.68347900
vt 0.40762500 0.67759500
vt 0.40627000 0.68778500
vt 0.40236200 0.69130400
vt 0.39692400 0.69067800
vt 0.39957000 0.69601900
vt 0.39855600 0.70022400
vt 0.40571100 0.69589100
vt 0.40634200 0.69331800
vt 0.41292300 0.69356700
vt 0.41829800 0.66565800
vt 0.41656600 0.67391800
vt 0.41620500 0.67984800
vt 0.42394900 0.66753400
vt 0.42249200 0.67773800
vt 0.43175900 0.66858500
vt 0.42731900 0.67154800
vt 0.42937700 0.67576500
vt 0.41542100 0.68591700
vt 0.42309800 0.68572700
vt 0.42007100 0.69394700
vt 0.43642000 0.67225200
vt 0.43491900 0.68211200
vt 0.44066000 0.68000000
vt 0.40283000 0.73916000
vt 0.40193200 0.73540300
vt 0.41192900 0.73460200
vt 0.43596400 0.69105000
vt 0.43051400 0.68838000
vt 0.43780500 0.68818000
vt 0.42924800 0.69207200
vt 0.42327900 0.69246800
vt 0.42477200 0.69496600
vt 0.44021200 0.68434200
vt 0.44557000 0.69054900
vt 0.44633000 0.69581200
vt 0.39352200 0.73957800
vt 0.54520000 0.67338000
vt 0.55016700 0.67527700
vt 0.55550300 0.67688800
vt 0.54402800 0.67772700
vt 0.53870000 0.68092700
vt 0.53526400 0.68320200
vt 0.52901400 0.67637100
vt 0.52934600 0.68470800
vt 0.54705600 0.68377800
vt 0.54438100 0.68158800
vt 0.54923100 0.68071300
vt 0.53294300 0.68814700
vt 0.51823200 0.67738300
vt 0.52199300 0.68115800
vt 0.51496600 0.68662200
vt 0.51666400 0.68356800
vt 0.52279200 0.68890500
vt 0.50540200 0.68209800
vt 0.50893500 0.68445100
vt 0.52980100 0.72280600
vt 0.54052900 0.72346800
vt 0.53326100 0.72615600
vt 0.51967900 0.72546000
vt 0.52706500 0.74060300
vt 0.50331900 0.68398600
vt 0.50442700 0.69109800
vt 0.49525400 0.69036900
vt 0.48947800 0.69425900
vt 0.51737500 0.72234100
vt 0.50849100 0.72496800
vt 0.51169800 0.74222700
vt 0.50193500 0.73252700
vt 0.49527300 0.76524900
vt 0.48226800 0.72763100
vt 0.49291000 0.72642700
vt 0.47088500 0.72859000
vt 0.47656800 0.73298600
vt 0.46986400 0.74205000
vt 0.48220300 0.76033000
vt 0.48088200 0.72487700
vt 0.56922800 0.72275000
vt 0.55652600 0.72104700
vt 0.55844100 0.71790200
vt 0.55820200 0.73619500
vt 0.57502800 0.74317300
vt 0.54743100 0.72302900
vt 0.54167600 0.74218800
vt 0.53388800 0.76520100
vt 0.55230700 0.75729000
vt 0.54207000 0.76342700
vt 0.52373600 0.76522000
vt 0.56550300 0.76095500
vt 0.55204200 0.78361500
vt 0.56785300 0.78057000
vt 0.55940900 0.78554600
vt 0.54335700 0.78618800
vt 0.51113900 0.76295000
vt 0.50983000 0.77528800
vt 0.52884000 0.78887100
vt 0.51692200 0.79164400
vt 0.50398500 0.78815700
vt 0.49350000 0.79261300
vt 0.48443400 0.78661300
vt 0.51587900 0.79582000
vt 0.51008700 0.79933900
vt 0.50311900 0.79516700
vt 0.50266600 0.79796100
vt 0.49409300 0.79855000
vt 0.41896300 0.73477100
vt 0.41971900 0.74868200
vt 0.40677000 0.75202500
vt 0.46638200 0.72575700
vt 0.46132700 0.72888700
vt 0.45529100 0.73277700
vt 0.44078400 0.73164300
vt 0.44826800 0.72844100
vt 0.45014100 0.74734700
vt 0.43979600 0.75732900
vt 0.42750300 0.73169200
vt 0.43760500 0.72790200
vt 0.41865900 0.73132600
vt 0.42797400 0.76416600
vt 0.41823800 0.76428500
vt 0.43722800 0.78156900
vt 0.46012900 0.76153600
vt 0.47204800 0.76696800
vt 0.44786800 0.76748600
vt 0.42093000 0.79133000
vt 0.42909300 0.78520700
vt 0.44180700 0.79229900
vt 0.44725000 0.78775600
vt 0.46719500 0.78870600
vt 0.45595700 0.78776900
vt 0.47866500 0.82190100
vt 0.47691200 0.80378900
vt 0.48955100 0.80602000
vt 0.48612400 0.81084600
vt 0.46595600 0.80173500
vt 0.46700900 0.80722800
vt 0.48471700 0.80150900
vt 0.44692500 0.80461000
vt 0.45617700 0.80534900
vt 0.44427900 0.79918200
vt 0.43866800 0.80125900
vt 0.46135800 0.79702700
vt 0.45144100 0.79362000
vt 0.46239700 0.79347000
vt 0.45496600 0.80093600
vt 0.44992600 0.79730600
vt 0.47601300 0.79885600
vt 0.47499300 0.79015200
vt 0.48468700 0.79248600
vt 0.48164800 0.79591800
vt 0.49468100 0.80304000
vt 0.47052100 0.79500100
vt 0.42821300 0.79383700
vt 0.43626800 0.79322700
vt 0.43315600 0.79558600
vt 0.42803800 0.79692800
vt 0.43683400 0.79771100
vt 0.44102700 0.79513600
vt 0.56500700 0.79143100
vt 0.55592300 0.79112100
vt 0.54819300 0.79194600
vt 0.55421300 0.79458100
vt 0.56301200 0.80026100
vt 0.56232800 0.79543000
vt 0.54878800 0.80105000
vt 0.50955400 0.82154900
vt 0.54319400 0.79778800
vt 0.54042900 0.79314300
vt 0.52624100 0.82490600
vt 0.53824200 0.80351700
vt 0.54662700 0.80689700
vt 0.52667400 0.83365800
vt 0.51761800 0.82056700
vt 0.53013300 0.79620300
vt 0.52683100 0.80186200
vt 0.52217000 0.81337800
vt 0.51778100 0.81504700
vt 0.50556200 0.81152200
vt 0.51347700 0.80662000
vt 0.52007600 0.79804900
vt 0.51638300 0.80426900
vt 0.50478600 0.80416600
vt 0.45085600 0.68766900
vt 0.45609300 0.68861900
vt 0.47412400 0.69218200
vt 0.46941300 0.69282400
vt 0.45418600 0.69433200
vt 0.45090800 0.69787100
vt 0.45631400 0.69810700
vt 0.45383800 0.70314300
vt 0.46144500 0.69465800
vt 0.38868300 0.69153300
vt 0.39310200 0.69002500
vt 0.38990300 0.70060900
vt 0.38467600 0.70378100
vt 0.38950300 0.70471000
vt 0.38804700 0.70717400
vt 0.42088100 0.71376000
vt 0.42066400 0.71230600
vt 0.42352900 0.71218300
vt 0.42494500 0.71428400
vt 0.42054200 0.71561000
vt 0.38714900 0.71109600
vt 0.39293900 0.70900600
vt 0.39597500 0.70655100
vt 0.39576400 0.70977700
vt 0.39381200 0.71761200
vt 0.39228600 0.72053200
vt 0.39477900 0.71935200
vt 0.39562000 0.71282000
vt 0.39901400 0.71270900
vt 0.39709800 0.71770400
vt 0.40270600 0.71718500
vt 0.40661900 0.69948800
vt 0.40594500 0.70428800
vt 0.41406300 0.69647200
vt 0.41107300 0.70362300
vt 0.41021000 0.70577600
vt 0.40241600 0.71148800
vt 0.41001400 0.70902100
vt 0.40010600 0.70995600
vt 0.40197500 0.71800600
vt 0.40197500 0.71800600
vt 0.39786500 0.71948700
vt 0.40195800 0.71938000
vt 0.40474000 0.71805500
vt 0.40540200 0.72004000
vt 0.39505600 0.72133100
vt 0.39764700 0.72256600
vt 0.40532800 0.73221800
vt 0.39199700 0.73598500
vt 0.39870800 0.72659300
vt 0.40621900 0.71588400
vt 0.40852700 0.71583300
vt 0.40658600 0.71863400
vt 0.41104800 0.71767300
vt 0.41480800 0.71434900
vt 0.41791300 0.70549500
vt 0.41814200 0.71022400
vt 0.41585300 0.71625800
vt 0.40551900 0.72388200
vt 0.41120400 0.73271400
vt 0.43595600 0.69815700
vt 0.41894800 0.69996200
vt 0.42887400 0.69607300
vt 0.42951300 0.70015500
vt 0.42521900 0.70069900
vt 0.42031000 0.70905000
vt 0.42426600 0.70790900
vt 0.42672700 0.71218100
vt 0.43492200 0.70340000
vt 0.42901300 0.70213400
vt 0.42585100 0.70323600
vt 0.43036000 0.70417100
vt 0.42878400 0.70676500
vt 0.43506500 0.70612700
vt 0.42966200 0.71381200
vt 0.43163800 0.71198200
vt 0.43357900 0.71387200
vt 0.43257800 0.71558900
vt 0.42668300 0.71610200
vt 0.43609400 0.70822900
vt 0.43739200 0.71157800
vt 0.44878000 0.70112000
vt 0.44124900 0.70165800
vt 0.44949800 0.70416600
vt 0.44219800 0.70299900
vt 0.44370500 0.70448900
vt 0.44567200 0.71062400
vt 0.41825400 0.70274900
vt 0.55619900 0.67865100
vt 0.55068700 0.68818400
vt 0.54024700 0.68400800
vt 0.53672500 0.69092300
vt 0.54883600 0.69333600
vt 0.52693700 0.69159800
vt 0.52006400 0.69556500
vt 0.53429100 0.69631900
vt 0.52931100 0.69461300
vt 0.53147100 0.69731400
vt 0.52314100 0.69676500
vt 0.52860700 0.69732600
vt 0.52302400 0.69902500
vt 0.51597900 0.69195200
vt 0.51043700 0.69753300
vt 0.51258200 0.70019700
vt 0.51841100 0.70183700
vt 0.51208900 0.70278900
vt 0.57081600 0.70072500
vt 0.57272100 0.70157600
vt 0.57017000 0.70238700
vt 0.57625900 0.70380300
vt 0.57398800 0.70268200
vt 0.57445300 0.70422200
vt 0.55644600 0.69212100
vt 0.56117000 0.69400500
vt 0.56876800 0.69800100
vt 0.56648200 0.70281300
vt 0.56456300 0.69854400
vt 0.56537500 0.70584600
vt 0.56284500 0.70405700
vt 0.56326700 0.69760100
vt 0.56130400 0.69618100
vt 0.55739600 0.70132800
vt 0.56155200 0.69959400
vt 0.56024800 0.70344700
vt 0.55982200 0.69760600
vt 0.55595000 0.69438000
vt 0.55654000 0.69663500
vt 0.55489500 0.69780900
vt 0.56270500 0.70199100
vt 0.56126800 0.70501800
vt 0.55906200 0.70535200
vt 0.56118200 0.70658100
vt 0.55657600 0.70415500
vt 0.55199200 0.70102500
vt 0.54770200 0.70299500
vt 0.55066600 0.70609600
vt 0.55096600 0.70924000
vt 0.56659300 0.71561700
vt 0.55031800 0.69451100
vt 0.54655000 0.69780100
vt 0.54514500 0.69574600
vt 0.53837800 0.69800600
vt 0.54291300 0.69938800
vt 0.54112400 0.70152400
vt 0.54462300 0.70573300
vt 0.54645100 0.70766700
vt 0.54580500 0.70969800
vt 0.54178600 0.70492700
vt 0.54537200 0.71904100
vt 0.54271000 0.71822400
vt 0.54704000 0.71325800
vt 0.53681600 0.70666200
vt 0.53477700 0.70464500
vt 0.53898300 0.70571800
vt 0.53303500 0.70586000
vt 0.53334900 0.70402500
vt 0.53154700 0.70491000
vt 0.53484500 0.70777400
vt 0.52794200 0.70868700
vt 0.53628500 0.69960500
vt 0.53281200 0.69998100
vt 0.52906700 0.70021900
vt 0.53766900 0.70286200
vt 0.52827000 0.70511900
vt 0.54123000 0.70776200
vt 0.52190600 0.70710000
vt 0.52156600 0.70545900
vt 0.52327000 0.70061700
vt 0.51256400 0.70722100
vt 0.51444600 0.70925400
vt 0.52802300 0.72044000
vt 0.51647900 0.71637400
vt 0.53159000 0.71279100
vt 0.47919000 0.69363300
vt 0.49437900 0.69414500
vt 0.49417700 0.69950700
vt 0.48473900 0.69861100
vt 0.50147500 0.69717800
vt 0.50190700 0.70079300
vt 0.50670900 0.70804300
vt 0.49664000 0.70576100
vt 0.49553500 0.70330000
vt 0.50346000 0.70937800
vt 0.49998400 0.71110400
vt 0.49612200 0.70969500
vt 0.48359400 0.71027900
vt 0.48275500 0.70862500
vt 0.48763200 0.70877800
vt 0.48697900 0.70235500
vt 0.48310000 0.70354200
vt 0.48255600 0.70047900
vt 0.48973200 0.70582500
vt 0.49288600 0.70486600
vt 0.49278600 0.71141600
vt 0.49007600 0.71063300
vt 0.45496700 0.71288500
vt 0.45511300 0.71067500
vt 0.45992700 0.71080900
vt 0.46080400 0.71279000
vt 0.46262300 0.71124900
vt 0.45612900 0.71657900
vt 0.47314100 0.69671800
vt 0.47665500 0.69724100
vt 0.46391400 0.69911900
vt 0.47483700 0.70027300
vt 0.46445600 0.70052200
vt 0.47100000 0.71027600
vt 0.46514300 0.70614500
vt 0.47608200 0.70740700
vt 0.48006000 0.69872900
vt 0.47839300 0.70194500
vt 0.47240300 0.70316600
vt 0.45875600 0.70273800
vt 0.45751300 0.70636300
vt 0.46178900 0.70451100
vt 0.46679000 0.71080600
vt 0.46476500 0.71260500
vt 0.47984400 0.70552500
vt 0.47590100 0.71343600
vt 0.47619600 0.71043500
vt 0.48163400 0.71182400
vt 0.46746100 0.71240400
vt 0.47008800 0.71535900
vt 0.51042000 0.71077400
vt 0.50554500 0.71056800
vt 0.50418000 0.71257300
vt 0.50631700 0.72264100
vt 0.49255300 0.72299600
vt 0.49175300 0.71455900
vt 0.49961300 0.71471800
vt 0.49795200 0.72278200
vt 0.49115600 0.70179700
vt 0.41860300 0.72574900
vt 0.44653800 0.71272400
vt 0.43998600 0.71418600
vt 0.43963700 0.71225700
vt 0.44762300 0.71481200
vt 0.43978500 0.71742700
vt 0.45605700 0.72641600
vt 0.44024700 0.72108900
vt 0.42891300 0.72778600
vt 0.39202000 0.72462300
vt 0.41471000 0.72197300
vt 0.42216400 0.71973000
vt 0.56987800 0.70531900
vt 0.56626100 0.70913500
vt 0.54054000 0.71109700
vt 0.52106900 0.71072200
vt 0.51361900 0.71301800
vt 0.48664800 0.71312900
vt 0.48733300 0.71057100
vt 0.48955300 0.71190900
vt 0.48491900 0.71691900
vt 0.48260100 0.71492900
vt 0.47501700 0.71816000
vt 0.46323900 0.71726500
vt 0.50813600 0.71510400
vt 0.43239600 0.71933900
f 1/1 2/2 3/3
f 4/4 3/3 5/5
f 7/7 3/3 4/4
f 1/1 3/3 7/7
f 8/8 9/9 10/10
f 1/1 7/7 11/11
f 7/7 9/9 12/12
f 12/12 9/9 8/8
f 12/12 8/8 13/13
f 11/11 7/7 12/12
f 8/8 10/10 14/14
f 15/15 13/13 8/8
f 14/14 15/15 8/8
f 16/16 15/15 14/14
f 17/17 15/15 18/18
f 15/15 16/16 18/18
f 14/14 19/19 20/20
f 20/20 16/16 14/14
f 20/20 21/21 16/16
f 18/18 16/16 22/22
f 22/22 16/16 23/23
f 24/24 22/22 23/23
f 25/25 22/22 26/26
f 24/24 26/26 22/22
f 26/26 24/24 27/27
f 28/28 29/29 30/30
f 31/31 32/32 33/33
f 34/34 35/35 36/36
f 34/34 36/36 37/37
f 38/38 35/35 34/34
f 39/39 38/38 34/34
f 40/40 41/41 42/42
f 42/42 41/41 33/33
f 32/32 42/42 33/33
f 43/43 41/41 40/40
f 43/43 40/40 44/44
f 45/45 46/46 43/43
f 33/33 41/41 46/46
f 47/47 33/33 46/46
f 46/46 41/41 43/43
f 48/48 38/38 39/39
f 48/48 39/39 43/43
f 49/49 34/34 50/50
f 39/39 34/34 49/49
f 51/51 39/39 49/49
f 44/44 38/38 48/48
f 48/48 43/43 44/44
f 51/51 43/43 39/39
f 45/45 43/43 51/51
f 45/45 51/51 52/52
f 53/53 54/54 55/55
f 55/55 54/54 47/47
f 56/56 55/55 47/47
f 56/56 57/57 58/58
f 33/33 47/47 54/54
f 59/59 47/47 46/46
f 59/59 46/46 60/60
f 60/60 46/46 45/45
f 61/61 59/59 60/60
f 56/56 47/47 59/59
f 59/59 57/57 56/56
f 62/62 57/57 59/59
f 62/62 59/59 61/61
f 52/52 63/63 45/45
f 60/60 45/45 63/63
f 63/63 61/61 60/60
f 64/64 65/65 52/52
f 63/63 52/52 66/66
f 65/65 66/66 52/52
f 67/67 68/68 61/61
f 61/61 63/63 66/66
f 66/66 67/67 61/61
f 65/65 67/67 66/66
f 57/57 62/62 69/69
f 62/62 70/70 69/69
f 70/70 62/62 71/71
f 72/72 69/69 70/70
f 73/73 70/70 71/71
f 61/61 68/68 62/62
f 71/71 62/62 68/68
f 67/67 74/74 68/68
f 74/74 67/67 75/75
f 76/76 71/71 74/74
f 75/75 76/76 74/74
f 76/76 77/77 71/71
f 75/75 78/78 76/76
f 71/71 68/68 74/74
f 71/71 77/77 73/73
f 79/79 80/80 81/81
f 82/82 83/83 80/80
f 80/80 84/84 82/82
f 85/85 79/79 81/81
f 86/86 79/79 85/85
f 87/87 79/79 86/86
f 88/88 86/86 85/85
f 53/53 89/89 54/54
f 81/81 89/89 53/53
f 53/53 55/55 81/81
f 85/85 81/81 55/55
f 58/58 88/88 85/85
f 90/90 28/28 91/91
f 92/92 93/93 94/94
f 92/92 96/96 93/93
f 97/97 98/98 96/96
f 100/100 101/101 102/102
f 104/104 105/105 101/101
f 101/101 100/100 104/104
f 106/106 107/107 72/72
f 108/108 109/109 106/106
f 72/72 70/70 73/73
f 110/110 73/73 111/111
f 72/72 73/73 110/110
f 106/106 72/72 110/110
f 112/112 106/106 110/110
f 113/113 112/112 110/110
f 77/77 76/76 111/111
f 113/113 111/111 76/76
f 114/114 76/76 78/78
f 111/111 73/73 77/77
f 111/111 113/113 110/110
f 76/76 115/115 113/113
f 116/116 113/113 115/115
f 117/117 112/112 113/113
f 112/112 117/117 118/118
f 119/119 118/118 117/117
f 119/119 120/120 121/121
f 118/118 119/119 121/121
f 119/119 113/113 116/116
f 119/119 117/117 113/113
f 122/122 119/119 116/116
f 122/122 116/116 123/123
f 123/123 116/116 115/115
f 120/120 119/119 122/122
f 120/120 122/122 124/124
f 124/124 122/122 123/123
f 94/94 125/125 126/126
f 94/94 126/126 127/127
f 92/92 94/94 127/127
f 107/107 128/128 69/69
f 107/107 69/69 72/72
f 127/127 126/126 128/128
f 107/107 127/127 128/128
f 127/127 129/129 92/92
f 97/97 92/92 129/129
f 109/109 127/127 107/107
f 130/130 109/109 108/108
f 131/131 130/130 108/108
f 132/132 133/133 134/134
f 133/133 135/135 134/134
f 136/136 121/121 120/120
f 131/131 121/121 136/136
f 137/137 131/131 136/136
f 138/138 137/137 136/136
f 130/130 137/137 138/138
f 136/136 139/139 138/138
f 137/137 130/130 131/131
f 124/124 140/140 120/120
f 139/139 120/120 140/140
f 136/136 120/120 139/139
f 123/123 135/135 124/124
f 140/140 124/124 135/135
f 133/133 139/139 140/140
f 139/139 133/133 132/132
f 133/133 140/140 135/135
f 141/141 132/132 142/142
f 143/143 132/132 141/141
f 138/138 132/132 144/144
f 145/145 146/146 130/130
f 147/147 146/146 145/145
f 138/138 139/139 132/132
f 144/144 132/132 143/143
f 97/97 148/148 149/149
f 97/97 109/109 130/130
f 130/130 148/148 97/97
f 150/150 149/149 148/148
f 151/151 149/149 150/150
f 150/150 148/148 130/130
f 146/146 150/150 130/130
f 151/151 150/150 146/146
f 152/152 151/151 146/146
f 153/153 151/151 152/152
f 102/102 154/154 100/100
f 50/50 34/34 37/37
f 64/64 51/51 49/49
f 50/50 156/156 49/49
f 64/64 49/49 156/156
f 64/64 52/52 51/51
f 1/1 157/157 2/2
f 157/157 158/158 2/2
f 158/158 157/157 159/159
f 158/158 159/159 160/160
f 161/161 160/160 159/159
f 162/162 161/161 163/163
f 164/164 161/161 162/162
f 165/165 164/164 162/162
f 1/1 11/11 166/166
f 157/157 1/1 166/166
f 166/166 159/159 157/157
f 167/167 159/159 166/166
f 166/166 11/11 168/168
f 11/11 12/12 168/168
f 13/13 168/168 12/12
f 168/168 167/167 166/166
f 161/161 159/159 163/163
f 167/167 163/163 159/159
f 167/167 169/169 163/163
f 170/170 163/163 169/169
f 170/170 169/169 17/17
f 162/162 163/163 170/170
f 171/171 162/162 170/170
f 172/172 171/171 170/170
f 165/165 162/162 171/171
f 173/173 165/165 171/171
f 174/174 175/175 65/65
f 176/176 174/174 177/177
f 175/175 174/174 176/176
f 75/75 65/65 175/175
f 178/178 75/75 175/175
f 178/178 78/78 75/75
f 179/179 78/78 178/178
f 176/176 178/178 175/175
f 180/180 178/178 176/176
f 180/180 176/176 181/181
f 180/180 179/179 178/178
f 179/179 180/180 182/182
f 177/177 164/164 183/183
f 183/183 164/164 184/184
f 176/176 177/177 183/183
f 176/176 183/183 185/185
f 185/185 183/183 186/186
f 183/183 184/184 186/186
f 184/184 164/164 165/165
f 187/187 165/165 173/173
f 187/187 173/173 188/188
f 186/186 184/184 189/189
f 181/181 176/176 185/185
f 185/185 186/186 190/190
f 182/182 180/180 181/181
f 181/181 190/190 191/191
f 190/190 181/181 185/185
f 181/181 192/192 182/182
f 190/190 186/186 189/189
f 193/193 190/190 189/189
f 187/187 193/193 189/189
f 194/194 193/193 187/187
f 190/190 193/193 191/191
f 191/191 193/193 195/195
f 195/195 196/196 191/191
f 168/168 13/13 197/197
f 169/169 167/167 168/168
f 169/169 168/168 197/197
f 169/169 197/197 17/17
f 15/15 197/197 13/13
f 15/15 17/17 197/197
f 18/18 22/22 25/25
f 17/17 18/18 25/25
f 198/198 17/17 25/25
f 198/198 25/25 26/26
f 26/26 199/199 198/198
f 200/200 26/26 201/201
f 201/201 26/26 27/27
f 199/199 26/26 200/200
f 17/17 199/199 202/202
f 199/199 17/17 198/198
f 202/202 199/199 203/203
f 203/203 199/199 204/204
f 204/204 199/199 200/200
f 172/172 170/170 205/205
f 206/206 172/172 205/205
f 170/170 17/17 205/205
f 206/206 205/205 17/17
f 206/206 17/17 202/202
f 207/207 171/171 172/172
f 207/207 172/172 206/206
f 208/208 171/171 207/207
f 206/206 209/209 207/207
f 210/210 206/206 202/202
f 210/210 202/202 211/211
f 210/210 211/211 212/212
f 212/212 211/211 213/213
f 211/211 202/202 214/214
f 214/214 202/202 203/203
f 203/203 215/215 214/214
f 213/213 215/215 216/216
f 214/214 213/213 211/211
f 213/213 214/214 215/215
f 217/217 213/213 218/218
f 218/218 213/213 219/219
f 219/219 213/213 216/216
f 220/220 187/187 188/188
f 194/194 187/187 220/220
f 193/193 194/194 221/221
f 221/221 194/194 222/222
f 195/195 193/193 221/221
f 208/208 188/188 173/173
f 171/171 208/208 173/173
f 188/188 208/208 223/223
f 220/220 188/188 224/224
f 223/223 224/224 188/188
f 194/194 220/220 225/225
f 225/225 220/220 212/212
f 226/226 225/225 212/212
f 227/227 228/228 229/229
f 217/217 228/228 213/213
f 222/222 194/194 225/225
f 226/226 222/222 225/225
f 222/222 226/226 230/230
f 231/231 222/222 230/230
f 229/229 228/228 217/217
f 229/229 217/217 232/232
f 232/232 217/217 218/218
f 218/218 219/219 233/233
f 233/233 219/219 234/234
f 232/232 218/218 233/233
f 227/227 229/229 232/232
f 227/227 232/232 235/235
f 235/235 232/232 236/236
f 236/236 232/232 233/233
f 236/236 233/233 237/237
f 227/227 238/238 230/230
f 239/239 230/230 238/238
f 235/235 238/238 227/227
f 239/239 238/238 236/236
f 236/236 238/238 235/235
f 240/240 241/241 236/236
f 241/241 240/240 242/242
f 179/179 243/243 115/115
f 76/76 114/114 115/115
f 182/182 244/244 179/179
f 244/244 243/243 179/179
f 123/123 115/115 245/245
f 135/135 123/123 245/245
f 245/245 115/115 246/246
f 115/115 243/243 246/246
f 247/247 248/248 243/243
f 249/249 243/243 248/248
f 244/244 250/250 247/247
f 244/244 247/247 243/243
f 250/250 251/251 252/252
f 244/244 182/182 192/192
f 192/192 250/250 244/244
f 250/250 192/192 196/196
f 250/250 196/196 251/251
f 248/248 247/247 253/253
f 253/253 247/247 250/250
f 254/254 248/248 253/253
f 253/253 250/250 252/252
f 254/254 253/253 255/255
f 256/256 135/135 245/245
f 257/257 135/135 256/256
f 134/134 135/135 257/257
f 258/258 257/257 259/259
f 260/260 249/249 248/248
f 257/257 258/258 134/134
f 134/134 142/142 132/132
f 142/142 134/134 258/258
f 142/142 258/258 261/261
f 259/259 262/262 261/261
f 262/262 263/263 264/264
f 265/265 248/248 254/254
f 248/248 265/265 266/266
f 265/265 254/254 267/267
f 255/255 253/253 268/268
f 269/269 255/255 268/268
f 267/267 254/254 255/255
f 267/267 255/255 270/270
f 270/270 255/255 269/269
f 265/265 267/267 271/271
f 263/263 272/272 264/264
f 266/266 272/272 263/263
f 273/273 272/272 271/271
f 271/271 267/267 274/274
f 275/275 271/271 274/274
f 275/275 273/273 271/271
f 276/276 275/275 274/274
f 277/277 278/278 279/279
f 280/280 278/278 277/277
f 278/278 281/281 282/282
f 281/281 278/278 280/280
f 280/280 283/283 284/284
f 282/282 281/281 285/285
f 286/286 282/282 285/285
f 287/287 282/282 286/286
f 288/288 287/287 286/286
f 286/286 285/285 288/288
f 288/288 285/285 289/289
f 290/290 291/291 239/239
f 290/290 239/239 292/292
f 241/241 239/239 236/236
f 292/292 293/293 294/294
f 290/290 292/292 295/295
f 296/296 295/295 292/292
f 269/269 287/287 297/297
f 288/288 297/297 287/287
f 270/270 269/269 298/298
f 297/297 288/288 299/299
f 299/299 300/300 297/297
f 301/301 300/300 299/299
f 302/302 303/303 299/299
f 299/299 288/288 289/289
f 274/274 270/270 298/298
f 276/276 274/274 304/304
f 304/304 274/274 305/305
f 306/306 304/304 305/305
f 298/298 300/300 307/307
f 300/300 301/301 307/307
f 307/307 301/301 303/303
f 303/303 301/301 299/299
f 307/307 303/303 308/308
f 309/309 307/307 308/308
f 309/309 305/305 307/307
f 308/308 310/310 309/309
f 311/311 310/310 308/308
f 289/289 312/312 299/299
f 313/313 312/312 289/289
f 299/299 312/312 302/302
f 314/314 315/315 316/316
f 311/311 308/308 303/303
f 317/317 316/316 318/318
f 318/318 319/319 317/317
f 320/320 317/317 319/319
f 321/321 315/315 296/296
f 321/321 296/296 322/322
f 316/316 315/315 321/321
f 316/316 321/321 322/322
f 322/322 318/318 316/316
f 147/147 152/152 146/146
f 323/323 324/324 325/325
f 326/326 141/141 142/142
f 143/143 141/141 326/326
f 144/144 327/327 145/145
f 325/325 147/147 145/145
f 324/324 147/147 325/325
f 326/326 328/328 329/329
f 328/328 330/330 329/329
f 331/331 329/329 330/330
f 331/331 330/330 332/332
f 333/333 327/327 143/143
f 334/334 335/335 333/333
f 336/336 323/323 335/335
f 336/336 335/335 334/334
f 337/337 338/338 339/339
f 340/340 337/337 339/339
f 339/339 153/153 341/341
f 341/341 153/153 152/152
f 151/151 153/153 338/338
f 339/339 338/338 153/153
f 341/341 152/152 147/147
f 147/147 324/324 342/342
f 342/342 341/341 147/147
f 340/340 339/339 341/341
f 341/341 342/342 340/340
f 337/337 155/155 338/338
f 343/343 100/100 154/154
f 345/345 346/346 347/347
f 348/348 342/342 324/324
f 348/348 324/324 323/323
f 342/342 348/348 347/347
f 346/346 342/342 347/347
f 343/343 349/349 350/350
f 344/344 349/349 351/351
f 323/323 353/353 348/348
f 354/354 355/355 353/353
f 356/356 357/357 358/358
f 357/357 359/359 358/358
f 356/356 336/336 334/334
f 323/323 336/336 353/353
f 359/359 360/360 356/356
f 359/359 356/356 358/358
f 360/360 336/336 356/356
f 360/360 353/353 336/336
f 353/353 360/360 354/354
f 361/361 360/360 359/359
f 362/362 354/354 360/360
f 363/363 362/362 360/360
f 363/363 360/360 361/361
f 364/364 362/362 363/363
f 365/365 366/366 362/362
f 367/367 348/348 355/355
f 355/355 348/348 353/353
f 355/355 354/354 368/368
f 355/355 368/368 367/367
f 369/369 370/370 371/371
f 372/372 363/363 361/361
f 363/363 372/372 373/373
f 374/374 373/373 372/372
f 375/375 376/376 377/377
f 377/377 378/378 379/379
f 379/379 375/375 377/377
f 374/374 372/372 377/377
f 380/380 374/374 377/377
f 380/380 377/377 376/376
f 363/363 373/373 364/364
f 381/381 364/364 373/373
f 364/364 365/365 362/362
f 382/382 381/381 374/374
f 373/373 374/374 381/381
f 374/374 380/380 382/382
f 364/364 381/381 383/383
f 383/383 381/381 382/382
f 380/380 384/384 369/369
f 376/376 384/384 380/380
f 385/385 387/387 389/389
f 385/385 390/390 387/387
f 385/385 391/391 392/392
f 393/393 391/391 394/394
f 394/394 391/391 385/385
f 393/393 394/394 397/397
f 398/398 370/370 369/369
f 399/399 393/393 397/397
f 401/401 402/402 403/403
f 401/401 403/403 404/404
f 401/401 396/396 402/402
f 369/369 384/384 405/405
f 384/384 376/376 406/406
f 407/407 369/369 405/405
f 405/405 384/384 408/408
f 409/409 398/398 369/369
f 407/407 409/409 369/369
f 410/410 398/398 409/409
f 410/410 404/404 398/398
f 400/400 399/399 397/397
f 411/411 400/400 413/413
f 404/404 412/412 401/401
f 410/410 412/412 404/404
f 410/410 414/414 412/412
f 416/416 273/273 417/417
f 417/417 418/418 416/416
f 419/419 416/416 418/418
f 420/420 418/418 421/421
f 422/422 423/423 424/424
f 422/422 424/424 425/425
f 379/379 423/423 422/422
f 379/379 422/422 426/426
f 427/427 428/428 429/429
f 429/429 422/422 425/425
f 426/426 422/422 429/429
f 426/426 429/429 428/428
f 428/428 430/430 426/426
f 430/430 428/428 431/431
f 432/432 433/433 434/434
f 435/435 436/436 437/437
f 437/437 436/436 438/438
f 420/420 439/439 440/440
f 438/438 441/441 442/442
f 442/442 441/441 440/440
f 437/437 442/442 443/443
f 437/437 438/438 442/442
f 443/443 444/444 445/445
f 446/446 444/444 447/447
f 427/427 448/448 436/436
f 431/431 428/428 435/435
f 428/428 427/427 435/435
f 436/436 435/435 427/427
f 437/437 445/445 435/435
f 445/445 431/431 435/435
f 445/445 437/437 443/443
f 440/440 443/443 442/442
f 443/443 440/440 447/447
f 447/447 439/439 449/449
f 447/447 440/440 439/439
f 444/444 443/443 447/447
f 421/421 306/306 450/450
f 420/420 421/421 451/451
f 451/451 421/421 452/452
f 421/421 450/450 452/452
f 450/450 453/453 452/452
f 451/451 452/452 454/454
f 453/453 454/454 452/452
f 455/455 454/454 453/453
f 456/456 455/455 457/457
f 457/457 458/458 456/456
f 439/439 420/420 451/451
f 449/449 439/439 451/451
f 449/449 451/451 459/459
f 451/451 460/460 459/459
f 460/460 451/451 461/461
f 449/449 462/462 447/447
f 459/459 462/462 449/449
f 462/462 459/459 463/463
f 464/464 447/447 462/462
f 464/464 462/462 463/463
f 463/463 460/460 465/465
f 466/466 463/463 465/465
f 461/461 454/454 456/456
f 455/455 456/456 454/454
f 458/458 467/467 456/456
f 467/467 468/468 456/456
f 460/460 461/461 468/468
f 469/469 468/468 470/470
f 460/460 468/468 469/469
f 456/456 468/468 461/461
f 470/470 468/468 467/467
f 467/467 458/458 471/471
f 470/470 467/467 472/472
f 465/465 460/460 469/469
f 473/473 469/469 470/470
f 470/470 472/472 474/474
f 474/474 473/473 470/470
f 326/326 142/142 261/261
f 328/328 475/475 476/476
f 328/328 326/326 475/475
f 330/330 328/328 476/476
f 477/477 330/330 476/476
f 332/332 330/330 477/477
f 273/273 275/275 276/276
f 478/478 477/477 479/479
f 478/478 479/479 480/480
f 481/481 482/482 483/483
f 481/481 483/483 478/478
f 481/481 478/478 480/480
f 484/484 481/481 480/480
f 423/423 379/379 485/485
f 304/304 306/306 276/276
f 450/450 306/306 310/310
f 450/450 310/310 453/453
f 310/310 311/311 453/453
f 486/486 487/487 320/320
f 457/457 455/455 488/488
f 375/375 379/379 426/426
f 489/489 426/426 430/430
f 375/375 426/426 489/489
f 431/431 490/490 430/430
f 490/490 491/491 430/430
f 489/489 376/376 375/375
f 491/491 489/489 430/430
f 490/490 431/431 445/445
f 445/445 444/444 492/492
f 490/490 445/445 492/492
f 492/492 444/444 493/493
f 491/491 490/490 494/494
f 495/495 491/491 494/494
f 406/406 489/489 491/491
f 406/406 376/376 489/489
f 495/495 406/406 491/491
f 408/408 384/384 406/406
f 496/496 494/494 490/490
f 496/496 490/490 492/492
f 492/492 497/497 496/496
f 498/498 494/494 496/496
f 495/495 494/494 498/498
f 446/446 447/447 464/464
f 499/499 463/463 466/466
f 499/499 466/466 500/500
f 501/501 499/499 500/500
f 465/465 502/502 466/466
f 502/502 500/500 466/466
f 500/500 503/503 501/501
f 492/492 493/493 497/497
f 497/497 493/493 503/503
f 504/504 503/503 500/500
f 504/504 500/500 502/502
f 465/465 469/469 505/505
f 473/473 474/474 506/506
f 505/505 502/502 465/465
f 469/469 507/507 505/505
f 469/469 473/473 507/507
f 507/507 473/473 506/506
f 508/508 509/509 497/497
f 509/509 508/508 510/510
f 508/508 511/511 510/510
f 512/512 497/497 503/503
f 508/508 512/512 513/513
f 514/514 515/515 516/516
f 497/497 509/509 496/496
f 497/497 512/512 508/508
f 508/508 513/513 517/517
f 508/508 517/517 518/518
f 511/511 508/508 518/518
f 514/514 516/516 519/519
f 520/520 514/514 519/519
f 507/507 506/506 521/521
f 518/518 517/517 520/520
f 522/522 520/520 523/523
f 520/520 524/524 518/518
f 524/524 520/520 522/522
f 525/525 522/522 526/526
f 527/527 528/528 529/529
f 528/528 530/530 529/529
f 527/527 531/531 528/528
f 532/532 405/405 408/408
f 407/407 405/405 532/532
f 409/409 407/407 533/533
f 534/534 407/407 532/532
f 534/534 533/533 407/407
f 535/535 536/536 414/414
f 533/533 410/410 409/409
f 538/538 410/410 533/533
f 539/539 534/534 532/532
f 540/540 534/534 539/539
f 533/533 534/534 540/540
f 541/541 538/538 533/533
f 541/541 533/533 540/540
f 538/538 541/541 535/535
f 542/542 541/541 540/540
f 541/541 542/542 543/543
f 543/543 535/535 541/541
f 536/536 535/535 543/543
f 544/544 543/543 542/542
f 545/545 546/546 537/537
f 545/545 547/547 546/546
f 543/543 548/548 536/536
f 549/549 545/545 537/537
f 550/550 498/498 496/496
f 551/551 406/406 495/495
f 552/552 406/406 551/551
f 552/552 408/408 406/406
f 553/553 532/532 408/408
f 551/551 495/495 498/498
f 554/554 551/551 498/498
f 554/554 498/498 550/550
f 408/408 552/552 555/555
f 553/553 408/408 555/555
f 552/552 556/556 557/557
f 557/557 555/555 552/552
f 553/553 555/555 557/557
f 539/539 553/553 557/557
f 552/552 551/551 556/556
f 496/496 509/509 510/510
f 550/550 496/496 510/510
f 510/510 558/558 550/550
f 558/558 510/510 559/559
f 510/510 511/511 559/559
f 511/511 560/560 559/559
f 550/550 558/558 561/561
f 561/561 558/558 562/562
f 559/559 562/562 558/558
f 563/563 559/559 560/560
f 564/564 563/563 560/560
f 562/562 559/559 563/563
f 565/565 562/562 563/563
f 566/566 562/562 565/565
f 565/565 563/563 567/567
f 568/568 525/525 526/526
f 568/568 569/569 525/525
f 570/570 569/569 568/568
f 571/571 570/570 572/572
f 570/570 568/568 573/573
f 565/565 567/567 574/574
f 573/573 575/575 576/576
f 562/562 566/566 561/561
f 577/577 566/566 565/565
f 578/578 566/566 577/577
f 561/561 566/566 579/579
f 579/579 566/566 578/578
f 580/580 565/565 574/574
f 574/574 581/581 580/580
f 582/582 580/580 581/581
f 577/577 565/565 580/580
f 582/582 583/583 580/580
f 582/582 581/581 584/584
f 582/582 584/584 583/583
f 584/584 585/585 583/583
f 578/578 577/577 586/586
f 579/579 578/578 586/586
f 587/587 586/586 588/588
f 589/589 590/590 591/591
f 577/577 580/580 583/583
f 588/588 586/586 577/577
f 588/588 577/577 583/583
f 588/588 583/583 585/585
f 590/590 587/587 588/588
f 588/588 585/585 591/591
f 590/590 588/588 591/591
f 539/539 532/532 553/553
f 592/592 556/556 551/551
f 592/592 593/593 594/594
f 595/595 551/551 554/554
f 551/551 595/595 592/592
f 593/593 592/592 595/595
f 592/592 557/557 556/556
f 594/594 557/557 592/592
f 596/596 557/557 594/594
f 595/595 597/597 598/598
f 594/594 593/593 595/595
f 598/598 594/594 595/595
f 596/596 594/594 598/598
f 598/598 599/599 596/596
f 600/600 596/596 599/599
f 601/601 539/539 557/557
f 601/601 602/602 539/539
f 596/596 601/601 557/557
f 601/601 596/596 600/600
f 554/554 550/550 561/561
f 595/595 554/554 597/597
f 579/579 586/586 603/603
f 579/579 603/603 604/604
f 587/587 603/603 586/586
f 605/605 604/604 603/603
f 561/561 579/579 606/606
f 606/606 579/579 604/604
f 604/604 607/607 608/608
f 607/607 604/604 605/605
f 604/604 608/608 606/606
f 590/590 589/589 609/609
f 610/610 609/609 589/589
f 610/610 607/607 605/605
f 611/611 589/589 612/612
f 589/589 611/611 610/610
f 610/610 611/611 613/613
f 614/614 606/606 608/608
f 530/530 561/561 606/606
f 530/530 606/606 614/614
f 613/613 614/614 608/608
f 607/607 610/610 613/613
f 608/608 607/607 613/613
f 614/614 613/613 615/615
f 613/613 616/616 615/615
f 554/554 617/617 597/597
f 530/530 617/617 561/561
f 561/561 617/617 554/554
f 529/529 530/530 614/614
f 614/614 615/615 527/527
f 529/529 614/614 527/527
f 618/618 615/615 616/616
f 618/618 527/527 615/615
f 602/602 540/540 539/539
f 542/542 540/540 602/602
f 544/544 542/542 619/619
f 619/619 542/542 602/602
f 620/620 621/621 623/623
f 624/624 620/620 625/625
f 624/624 621/621 620/620
f 627/627 621/621 624/624
f 628/628 624/624 625/625
f 628/628 629/629 630/630
f 36/36 622/622 632/632
f 633/633 631/631 635/635
f 635/635 631/631 623/623
f 632/632 634/634 636/636
f 637/637 633/633 635/635
f 633/633 637/637 639/639
f 634/634 640/640 636/636
f 634/634 641/641 640/640
f 638/638 641/641 634/634
f 641/641 638/638 5/5
f 5/5 3/3 641/641
f 640/640 641/641 642/642
f 642/642 641/641 2/2
f 2/2 641/641 3/3
f 643/643 637/637 621/621
f 635/635 623/623 621/621
f 628/628 627/627 624/624
f 621/621 627/627 643/643
f 635/635 621/621 637/637
f 637/637 643/643 644/644
f 644/644 639/639 637/637
f 639/639 644/644 6/6
f 643/643 645/645 644/644
f 645/645 6/6 644/644
f 646/646 627/627 630/630
f 647/647 627/627 646/646
f 648/648 649/649 630/630
f 646/646 630/630 649/649
f 627/627 628/628 630/630
f 650/650 651/651 645/645
f 649/649 647/647 646/646
f 653/653 647/647 649/649
f 654/654 655/655 657/657
f 658/658 656/656 651/651
f 653/653 659/659 647/647
f 661/661 662/662 659/659
f 664/664 657/657 655/655
f 657/657 664/664 665/665
f 656/656 658/658 663/663
f 664/664 666/666 665/665
f 666/666 667/667 665/665
f 658/658 662/662 661/661
f 663/663 658/658 661/661
f 664/664 660/660 668/668
f 668/668 666/666 664/664
f 660/660 669/669 668/668
f 660/660 670/670 669/669
f 669/669 666/666 668/668
f 669/669 667/667 666/666
f 6/6 645/645 651/651
f 671/671 4/4 5/5
f 5/5 652/652 671/671
f 655/655 671/671 652/652
f 4/4 672/672 9/9
f 4/4 9/9 7/7
f 654/654 671/671 655/655
f 654/654 672/672 671/671
f 671/671 672/672 4/4
f 654/654 9/9 672/672
f 654/654 10/10 9/9
f 654/654 657/657 665/665
f 667/667 10/10 654/654
f 667/667 654/654 665/665
f 667/667 669/669 19/19
f 19/19 673/673 20/20
f 673/673 669/669 670/670
f 673/673 670/670 674/674
f 669/669 673/673 19/19
f 20/20 673/673 675/675
f 675/675 673/673 674/674
f 674/674 676/676 675/675
f 19/19 14/14 10/10
f 10/10 667/667 19/19
f 21/21 20/20 675/675
f 16/16 21/21 23/23
f 676/676 21/21 675/675
f 21/21 676/676 677/677
f 24/24 23/23 21/21
f 21/21 677/677 678/678
f 24/24 21/21 678/678
f 27/27 24/24 678/678
f 27/27 678/678 679/679
f 679/679 680/680 27/27
f 83/83 681/681 682/682
f 683/683 684/684 686/686
f 687/687 688/688 689/689
f 689/689 686/686 682/682
f 690/690 682/682 686/686
f 689/689 691/691 686/686
f 681/681 689/689 682/682
f 687/687 689/689 681/681
f 688/688 691/691 689/689
f 686/686 691/691 683/683
f 692/692 681/681 83/83
f 83/83 82/82 692/692
f 693/693 694/694 695/695
f 696/696 694/694 693/693
f 697/697 693/693 698/698
f 693/693 697/697 696/696
f 699/699 697/697 698/698
f 695/695 687/687 700/700
f 700/700 687/687 681/681
f 681/681 692/692 700/700
f 82/82 700/700 692/692
f 687/687 695/695 688/688
f 688/688 695/695 691/691
f 695/695 694/694 691/691
f 695/695 700/700 693/693
f 698/698 693/693 700/700
f 698/698 700/700 82/82
f 701/701 699/699 698/698
f 701/701 698/698 82/82
f 84/84 702/702 82/82
f 697/697 699/699 703/703
f 703/703 699/699 30/30
f 702/702 701/701 82/82
f 704/704 701/701 702/702
f 91/91 704/704 702/702
f 30/30 699/699 701/701
f 704/704 30/30 701/701
f 705/705 704/704 91/91
f 702/702 706/706 91/91
f 704/704 705/705 30/30
f 28/28 30/30 705/705
f 705/705 91/91 28/28
f 54/54 31/31 33/33
f 44/44 707/707 708/708
f 40/40 707/707 44/44
f 709/709 44/44 708/708
f 35/35 709/709 36/36
f 36/36 709/709 622/622
f 38/38 709/709 35/35
f 44/44 709/709 38/38
f 42/42 32/32 707/707
f 42/42 707/707 40/40
f 710/710 711/711 713/713
f 710/710 714/714 715/715
f 716/716 715/715 714/714
f 710/710 717/717 714/714
f 708/708 707/707 716/716
f 708/708 716/716 714/714
f 32/32 716/716 707/707
f 713/713 717/717 710/710
f 718/718 717/717 713/713
f 719/719 712/712 629/629
f 629/629 712/712 720/720
f 721/721 629/629 720/720
f 722/722 723/723 715/715
f 690/690 711/711 724/724
f 686/686 711/711 690/690
f 711/711 710/710 715/715
f 711/711 726/726 713/713
f 724/724 711/711 723/723
f 715/715 723/723 711/711
f 727/727 724/724 723/723
f 727/727 723/723 728/728
f 728/728 723/723 722/722
f 80/80 724/724 727/727
f 682/682 690/690 724/724
f 83/83 724/724 80/80
f 83/83 682/682 724/724
f 722/722 715/715 716/716
f 716/716 32/32 722/722
f 31/31 722/722 32/32
f 728/728 722/722 89/89
f 89/89 722/722 31/31
f 728/728 89/89 81/81
f 89/89 31/31 54/54
f 726/726 711/711 686/686
f 684/684 726/726 686/686
f 685/685 720/720 725/725
f 729/729 708/708 717/717
f 714/714 717/717 708/708
f 729/729 626/626 622/622
f 717/717 718/718 729/729
f 622/622 709/709 729/729
f 709/709 708/708 729/729
f 718/718 626/626 729/729
f 628/628 625/625 719/719
f 625/625 620/620 623/623
f 629/629 628/628 719/719
f 629/629 730/730 630/630
f 85/85 55/55 56/56
f 727/727 728/728 81/81
f 80/80 727/727 81/81
f 80/80 79/79 84/84
f 79/79 87/87 84/84
f 58/58 85/85 56/56
f 86/86 88/88 731/731
f 84/84 87/87 732/732
f 702/702 84/84 732/732
f 706/706 702/702 732/732
f 732/732 87/87 86/86
f 86/86 731/731 732/732
f 706/706 732/732 126/126
f 126/126 732/732 731/731
f 731/731 128/128 126/126
f 128/128 88/88 69/69
f 88/88 58/58 69/69
f 58/58 57/57 69/69
f 128/128 731/731 88/88
f 90/90 91/91 706/706
f 706/706 125/125 90/90
f 734/734 90/90 735/735
f 736/736 90/90 94/94
f 735/735 90/90 736/736
f 94/94 93/93 736/736
f 93/93 735/735 736/736
f 93/93 738/738 735/735
f 93/93 96/96 738/738
f 739/739 737/737 95/95
f 105/105 95/95 99/99
f 105/105 99/99 101/101
f 106/106 112/112 108/108
f 108/108 112/112 118/118
f 108/108 118/118 121/121
f 706/706 126/126 125/125
f 94/94 90/90 125/125
f 129/129 127/127 109/109
f 106/106 109/109 107/107
f 96/96 92/92 97/97
f 108/108 121/121 131/131
f 130/130 138/138 145/145
f 145/145 138/138 144/144
f 129/129 109/109 97/97
f 149/149 98/98 97/97
f 101/101 99/99 102/102
f 103/103 98/98 149/149
f 151/151 338/338 103/103
f 151/151 103/103 149/149
f 103/103 338/338 155/155
f 740/740 36/36 632/632
f 37/37 740/740 741/741
f 636/636 740/740 632/632
f 740/740 636/636 741/741
f 636/636 742/742 741/741
f 741/741 50/50 37/37
f 740/740 37/37 36/36
f 742/742 636/636 640/640
f 742/742 640/640 642/642
f 743/743 742/742 642/642
f 743/743 642/642 158/158
f 50/50 741/741 742/742
f 743/743 50/50 742/742
f 744/744 50/50 743/743
f 745/745 743/743 158/158
f 744/744 743/743 745/745
f 156/156 174/174 64/64
f 50/50 744/744 746/746
f 156/156 50/50 746/746
f 746/746 744/744 745/745
f 174/174 156/156 746/746
f 177/177 746/746 747/747
f 174/174 746/746 177/177
f 158/158 642/642 2/2
f 748/748 745/745 158/158
f 748/748 747/747 745/745
f 160/160 748/748 158/158
f 161/161 748/748 160/160
f 745/745 747/747 746/746
f 161/161 747/747 748/748
f 164/164 747/747 161/161
f 177/177 747/747 164/164
f 64/64 174/174 65/65
f 75/75 67/67 65/65
f 187/187 184/184 165/165
f 187/187 189/189 184/184
f 181/181 191/191 192/192
f 204/204 200/200 201/201
f 223/223 208/208 207/207
f 209/209 223/223 207/207
f 206/206 210/210 209/209
f 215/215 203/203 216/216
f 216/216 203/203 204/204
f 195/195 221/221 279/279
f 221/221 222/222 277/277
f 279/279 221/221 277/277
f 222/222 749/749 277/277
f 212/212 220/220 224/224
f 210/210 223/223 209/209
f 210/210 750/750 223/223
f 224/224 223/223 750/750
f 212/212 224/224 750/750
f 750/750 210/210 212/212
f 228/228 212/212 213/213
f 226/226 212/212 228/228
f 227/227 226/226 228/228
f 222/222 231/231 749/749
f 230/230 226/226 227/227
f 237/237 751/751 236/236
f 752/752 231/231 230/230
f 752/752 230/230 239/239
f 179/179 114/114 78/78
f 115/115 114/114 179/179
f 246/246 249/249 256/256
f 256/256 245/245 246/246
f 249/249 246/246 243/243
f 196/196 252/252 251/251
f 196/196 192/192 191/191
f 252/252 196/196 287/287
f 268/268 253/253 252/252
f 260/260 257/257 256/256
f 260/260 259/259 257/257
f 753/753 248/248 266/266
f 260/260 256/256 249/249
f 753/753 260/260 248/248
f 259/259 260/260 753/753
f 259/259 261/261 258/258
f 753/753 262/262 259/259
f 262/262 753/753 266/266
f 263/263 262/262 266/266
f 271/271 266/266 265/265
f 271/271 272/272 266/266
f 267/267 270/270 274/274
f 279/279 278/278 195/195
f 287/287 196/196 195/195
f 287/287 195/195 278/278
f 278/278 282/282 287/287
f 283/283 277/277 749/749
f 283/283 280/280 277/277
f 283/283 749/749 231/231
f 284/284 283/283 231/231
f 284/284 231/231 754/754
f 284/284 755/755 280/280
f 280/280 755/755 281/281
f 284/284 754/754 755/755
f 755/755 756/756 281/281
f 268/268 252/252 287/287
f 756/756 285/285 281/281
f 756/756 755/755 757/757
f 289/289 285/285 756/756
f 757/757 289/289 756/756
f 757/757 313/313 289/289
f 313/313 757/757 295/295
f 754/754 231/231 752/752
f 752/752 239/239 291/291
f 752/752 291/291 754/754
f 755/755 754/754 291/291
f 290/290 755/755 291/291
f 293/293 239/239 241/241
f 292/292 239/239 293/293
f 757/757 755/755 290/290
f 290/290 295/295 757/757
f 296/296 292/292 758/758
f 759/759 296/296 758/758
f 760/760 758/758 292/292
f 269/269 268/268 287/287
f 300/300 269/269 297/297
f 298/298 269/269 300/300
f 298/298 305/305 274/274
f 305/305 298/298 307/307
f 305/305 309/309 306/306
f 312/312 313/313 761/761
f 313/313 295/295 314/314
f 761/761 313/313 314/314
f 314/314 762/762 761/761
f 302/302 312/312 761/761
f 762/762 302/302 761/761
f 295/295 315/315 314/314
f 316/316 762/762 314/314
f 311/311 303/303 302/302
f 762/762 311/311 302/302
f 763/763 311/311 762/762
f 311/311 763/763 764/764
f 763/763 762/762 316/316
f 317/317 763/763 316/316
f 764/764 763/763 317/317
f 296/296 315/315 295/295
f 143/143 326/326 329/329
f 327/327 144/144 143/143
f 327/327 325/325 145/145
f 329/329 333/333 143/143
f 333/333 331/331 334/334
f 333/333 329/329 331/331
f 335/335 327/327 333/333
f 335/335 325/325 327/327
f 323/323 325/325 335/335
f 340/340 342/342 346/346
f 352/352 155/155 337/337
f 343/343 154/154 351/351
f 346/346 337/337 340/340
f 346/346 352/352 337/337
f 345/345 352/352 346/346
f 349/349 343/343 351/351
f 356/356 334/334 357/357
f 357/357 334/334 331/331
f 332/332 357/357 331/331
f 482/482 357/357 483/483
f 359/359 357/357 361/361
f 378/378 485/485 379/379
f 378/378 361/361 485/485
f 367/367 347/347 348/348
f 347/347 765/765 345/345
f 367/367 765/765 347/347
f 768/768 765/765 367/367
f 769/769 770/770 766/766
f 767/767 769/769 766/766
f 362/362 368/368 354/354
f 771/771 386/386 367/367
f 771/771 368/368 366/366
f 366/366 368/368 362/362
f 771/771 367/367 368/368
f 772/772 386/386 771/771
f 771/771 366/366 772/772
f 390/390 767/767 387/387
f 769/769 767/767 390/390
f 367/367 386/386 768/768
f 388/388 386/386 772/772
f 377/377 372/372 378/378
f 378/378 372/372 361/361
f 371/371 383/383 382/382
f 773/773 364/364 383/383
f 369/369 382/382 380/380
f 369/369 371/371 382/382
f 773/773 383/383 371/371
f 365/365 774/774 366/366
f 388/388 772/772 366/366
f 365/365 364/364 774/774
f 773/773 774/774 364/364
f 388/388 366/366 774/774
f 775/775 388/388 774/774
f 394/394 385/385 389/389
f 775/775 395/395 388/388
f 775/775 396/396 395/395
f 371/371 370/370 773/773
f 773/773 370/370 403/403
f 402/402 775/775 773/773
f 774/774 773/773 775/775
f 402/402 773/773 403/403
f 370/370 398/398 403/403
f 404/404 403/403 398/398
f 775/775 402/402 396/396
f 776/776 480/480 479/479
f 480/480 776/776 434/434
f 273/273 416/416 264/264
f 273/273 276/276 417/417
f 264/264 777/777 776/776
f 777/777 264/264 416/416
f 416/416 419/419 777/777
f 777/777 434/434 776/776
f 777/777 778/778 434/434
f 434/434 778/778 432/432
f 432/432 778/778 419/419
f 778/778 777/777 419/419
f 420/420 419/419 418/418
f 779/779 480/480 434/434
f 780/780 779/779 434/434
f 484/484 480/480 779/779
f 484/484 779/779 425/425
f 779/779 448/448 425/425
f 780/780 448/448 779/779
f 484/484 425/425 424/424
f 425/425 427/427 429/429
f 427/427 425/425 448/448
f 781/781 434/434 433/433
f 433/433 432/432 441/441
f 448/448 781/781 436/436
f 436/436 781/781 438/438
f 781/781 780/780 434/434
f 448/448 780/780 781/781
f 433/433 438/438 781/781
f 441/441 438/438 433/433
f 441/441 420/420 440/440
f 419/419 420/420 432/432
f 441/441 432/432 420/420
f 276/276 306/306 417/417
f 306/306 421/421 417/417
f 421/421 418/418 417/417
f 461/461 451/451 454/454
f 460/460 463/463 459/459
f 472/472 467/467 471/471
f 475/475 326/326 261/261
f 475/475 261/261 262/262
f 262/262 264/264 475/475
f 476/476 475/475 264/264
f 477/477 476/476 776/776
f 479/479 477/477 776/776
f 776/776 476/476 264/264
f 273/273 264/264 272/272
f 478/478 332/332 477/477
f 483/483 332/332 478/478
f 357/357 332/332 483/483
f 423/423 482/482 481/481
f 357/357 482/482 361/361
f 485/485 482/482 423/423
f 482/482 485/485 361/361
f 424/424 481/481 484/484
f 424/424 423/423 481/481
f 309/309 310/310 306/306
f 453/453 311/311 764/764
f 453/453 764/764 488/488
f 320/320 764/764 317/317
f 320/320 487/487 764/764
f 455/455 453/453 488/488
f 782/782 488/488 764/764
f 457/457 488/488 458/458
f 488/488 782/782 783/783
f 782/782 764/764 487/487
f 782/782 487/487 486/486
f 783/783 782/782 486/486
f 784/784 783/783 486/486
f 458/458 488/488 783/783
f 458/458 783/783 785/785
f 458/458 785/785 471/471
f 785/785 786/786 471/471
f 787/787 446/446 464/464
f 444/444 446/446 787/787
f 493/493 444/444 787/787
f 493/493 787/787 503/503
f 499/499 787/787 464/464
f 501/501 787/787 499/499
f 503/503 787/787 501/501
f 499/499 464/464 463/463
f 504/504 516/516 503/503
f 516/516 788/788 503/503
f 505/505 504/504 502/502
f 519/519 504/504 505/505
f 504/504 519/519 516/516
f 519/519 505/505 507/507
f 518/518 524/524 511/511
f 512/512 503/503 788/788
f 789/789 512/512 788/788
f 512/512 789/789 513/513
f 516/516 789/789 788/788
f 789/789 516/516 515/515
f 513/513 789/789 515/515
f 513/513 515/515 517/517
f 517/517 515/515 514/514
f 514/514 520/520 517/517
f 519/519 790/790 520/520
f 507/507 790/790 519/519
f 507/507 523/523 790/790
f 791/791 523/523 507/507
f 521/521 791/791 507/507
f 790/790 523/523 520/520
f 525/525 524/524 522/522
f 522/522 523/523 792/792
f 793/793 792/792 523/523
f 793/793 523/523 791/791
f 526/526 792/792 793/793
f 792/792 526/526 522/522
f 538/538 414/414 410/410
f 535/535 414/414 538/538
f 569/569 511/511 524/524
f 511/511 569/569 560/560
f 569/569 564/564 560/560
f 569/569 524/524 525/525
f 570/570 573/573 572/572
f 573/573 794/794 572/572
f 564/564 569/569 570/570
f 564/564 570/570 571/571
f 574/574 567/567 581/581
f 564/564 567/567 563/563
f 571/571 567/567 564/564
f 581/581 567/567 571/571
f 584/584 571/571 572/572
f 794/794 795/795 572/572
f 584/584 572/572 795/795
f 581/581 571/571 584/584
f 584/584 795/795 796/796
f 575/575 526/526 793/793
f 576/576 575/575 793/793
f 526/526 575/575 568/568
f 575/575 573/573 568/568
f 585/585 584/584 796/796
f 587/587 605/605 603/603
f 605/605 587/587 609/609
f 609/609 587/587 590/590
f 605/605 609/609 610/610
f 627/627 650/650 643/643
f 650/650 627/627 647/647
f 643/643 650/650 645/645
f 662/662 651/651 650/650
f 662/662 658/658 651/651
f 662/662 650/650 647/647
f 662/662 647/647 659/659
f 725/725 720/720 712/712
f 294/294 293/293 797/797
f 760/760 294/294 797/797
f 760/760 292/292 294/294
f 798/798 799/799 800/800
f 322/322 296/296 799/799
f 322/322 799/799 801/801
f 802/802 799/799 798/798
f 802/802 798/798 803/803
f 801/801 799/799 802/802
f 318/318 322/322 804/804
f 804/804 805/805 318/318
f 801/801 804/804 322/322
f 804/804 801/801 806/806
f 319/319 318/318 805/805
f 805/805 804/804 806/806
f 806/806 801/801 807/807
f 801/801 808/808 807/807
f 807/807 808/808 809/809
f 474/474 472/472 810/810
f 320/320 319/319 811/811
f 811/811 319/319 805/805
f 812/812 811/811 805/805
f 812/812 486/486 320/320
f 811/811 812/812 320/320
f 785/785 783/783 784/784
f 785/785 784/784 813/813
f 786/786 785/785 813/813
f 786/786 813/813 814/814
f 784/784 486/486 815/815
f 816/816 815/815 812/812
f 816/816 813/813 784/784
f 816/816 784/784 815/815
f 816/816 814/814 813/813
f 817/817 812/812 818/818
f 816/816 812/812 817/817
f 816/816 819/819 814/814
f 819/819 820/820 814/814
f 819/819 817/817 821/821
f 817/817 819/819 816/816
f 818/818 805/805 806/806
f 818/818 806/806 807/807
f 818/818 812/812 805/805
f 822/822 818/818 807/807
f 822/822 807/807 823/823
f 822/822 817/817 818/818
f 821/821 817/817 822/822
f 821/821 822/822 824/824
f 822/822 823/823 824/824
f 824/824 823/823 825/825
f 821/821 824/824 826/826
f 826/826 819/819 821/821
f 826/826 820/820 819/819
f 827/827 826/826 824/824
f 828/828 829/829 830/830
f 831/831 827/827 832/832
f 832/832 827/827 824/824
f 826/826 831/831 833/833
f 824/824 825/825 832/832
f 832/832 825/825 834/834
f 834/834 825/825 829/829
f 835/835 831/831 832/832
f 833/833 831/831 835/835
f 836/836 832/832 834/834
f 836/836 835/835 832/832
f 835/835 836/836 837/837
f 472/472 471/471 786/786
f 472/472 786/786 838/838
f 838/838 786/786 814/814
f 814/814 839/839 838/838
f 839/839 814/814 820/820
f 839/839 820/820 840/840
f 838/838 810/810 472/472
f 810/810 838/838 839/839
f 840/840 810/810 839/839
f 840/840 820/820 841/841
f 842/842 840/840 841/841
f 843/843 840/840 842/842
f 820/820 826/826 841/841
f 841/841 826/826 833/833
f 841/841 833/833 844/844
f 845/845 844/844 833/833
f 845/845 833/833 835/835
f 846/846 844/844 845/845
f 842/842 841/841 844/844
f 847/847 506/506 474/474
f 810/810 848/848 849/849
f 506/506 847/847 521/521
f 791/791 521/521 850/850
f 521/521 847/847 850/850
f 847/847 474/474 810/810
f 849/849 847/847 810/810
f 849/849 851/851 847/847
f 793/793 791/791 850/850
f 793/793 850/850 852/852
f 852/852 850/850 853/853
f 853/853 850/850 847/847
f 853/853 847/847 851/851
f 854/854 853/853 851/851
f 855/855 849/849 856/856
f 851/851 849/849 857/857
f 857/857 849/849 855/855
f 840/840 848/848 810/810
f 840/840 843/843 848/848
f 858/858 843/843 842/842
f 859/859 858/858 842/842
f 842/842 844/844 859/859
f 844/844 846/846 859/859
f 849/849 848/848 843/843
f 860/860 843/843 858/858
f 856/856 849/849 843/843
f 856/856 843/843 860/860
f 859/859 860/860 858/858
f 861/861 856/856 860/860
f 861/861 855/855 856/856
f 862/862 861/861 860/860
f 862/862 860/860 859/859
f 863/863 846/846 864/864
f 859/859 846/846 863/863
f 865/865 864/864 866/866
f 867/867 527/527 868/868
f 867/867 531/531 527/527
f 867/867 869/869 870/870
f 870/870 871/871 872/872
f 871/871 873/873 872/872
f 794/794 576/576 874/874
f 874/874 852/852 875/875
f 795/795 794/794 796/796
f 796/796 794/794 874/874
f 874/874 876/876 796/796
f 876/876 874/874 875/875
f 877/877 796/796 876/876
f 576/576 793/793 852/852
f 573/573 576/576 794/794
f 852/852 874/874 576/576
f 875/875 852/852 853/853
f 878/878 875/875 853/853
f 857/857 854/854 851/851
f 854/854 878/878 853/853
f 879/879 857/857 855/855
f 880/880 878/878 854/854
f 880/880 854/854 857/857
f 880/880 857/857 879/879
f 876/876 875/875 877/877
f 589/589 591/591 881/881
f 882/882 883/883 877/877
f 591/591 883/883 884/884
f 881/881 591/591 884/884
f 884/884 882/882 881/881
f 877/877 875/875 885/885
f 885/885 882/882 877/877
f 875/875 886/886 885/885
f 875/875 878/878 887/887
f 875/875 887/887 886/886
f 887/887 878/878 888/888
f 889/889 888/888 890/890
f 891/891 887/887 888/888
f 889/889 891/891 888/888
f 892/892 891/891 889/889
f 888/888 878/878 880/880
f 893/893 880/880 879/879
f 888/888 880/880 893/893
f 890/890 888/888 893/893
f 894/894 890/890 893/893
f 895/895 889/889 896/896
f 896/896 889/889 890/890
f 896/896 890/890 897/897
f 897/897 890/890 894/894
f 898/898 893/893 879/879
f 898/898 899/899 900/900
f 894/894 901/901 897/897
f 901/901 902/902 897/897
f 894/894 893/893 898/898
f 894/894 898/898 903/903
f 904/904 894/894 903/903
f 901/901 894/894 904/904
f 904/904 905/905 901/901
f 905/905 904/904 906/906
f 900/900 903/903 898/898
f 906/906 903/903 900/900
f 904/904 903/903 906/906
f 907/907 905/905 906/906
f 908/908 907/907 906/906
f 861/861 879/879 855/855
f 862/862 879/879 861/861
f 909/909 859/859 863/863
f 910/910 879/879 862/862
f 899/899 910/910 909/909
f 898/898 879/879 910/910
f 898/898 910/910 899/899
f 911/911 899/899 909/909
f 911/911 909/909 863/863
f 912/912 863/863 864/864
f 913/913 863/863 912/912
f 912/912 864/864 865/865
f 914/914 865/865 866/866
f 865/865 914/914 912/912
f 915/915 863/863 913/913
f 916/916 913/913 912/912
f 917/917 916/916 912/912
f 900/900 899/899 911/911
f 900/900 911/911 918/918
f 911/911 915/915 918/918
f 915/915 911/911 863/863
f 906/906 900/900 918/918
f 919/919 906/906 918/918
f 919/919 918/918 920/920
f 919/919 908/908 906/906
f 920/920 918/918 915/915
f 921/921 919/919 920/920
f 921/921 920/920 922/922
f 923/923 915/915 916/916
f 920/920 923/923 922/922
f 923/923 920/920 915/915
f 913/913 916/916 915/915
f 924/924 916/916 925/925
f 926/926 916/916 917/917
f 589/589 881/881 612/612
f 612/612 881/881 927/927
f 928/928 927/927 929/929
f 930/930 612/612 927/927
f 931/931 612/612 930/930
f 932/932 930/930 928/928
f 933/933 928/928 934/934
f 929/929 881/881 882/882
f 927/927 881/881 929/929
f 928/928 882/882 885/885
f 928/928 885/885 935/935
f 885/885 886/886 935/935
f 935/935 934/934 928/928
f 934/934 936/936 937/937
f 611/611 612/612 931/931
f 613/613 611/611 938/938
f 931/931 938/938 611/611
f 938/938 931/931 930/930
f 938/938 930/930 939/939
f 939/939 930/930 932/932
f 940/940 938/938 939/939
f 616/616 613/613 938/938
f 616/616 938/938 940/940
f 933/933 932/932 928/928
f 932/932 933/933 937/937
f 933/933 934/934 937/937
f 940/940 939/939 932/932
f 941/941 932/932 937/937
f 940/940 932/932 941/941
f 941/941 937/937 942/942
f 943/943 886/886 887/887
f 935/935 886/886 943/943
f 891/891 943/943 887/887
f 944/944 891/891 892/892
f 934/934 935/935 936/936
f 936/936 935/935 943/943
f 936/936 943/943 891/891
f 891/891 944/944 936/936
f 944/944 945/945 936/936
f 945/945 944/944 946/946
f 892/892 946/946 944/944
f 892/892 889/889 895/895
f 895/895 947/947 892/892
f 892/892 947/947 946/946
f 942/942 937/937 948/948
f 948/948 949/949 942/942
f 945/945 948/948 936/936
f 937/937 936/936 948/948
f 945/945 946/946 950/950
f 948/948 945/945 950/950
f 950/950 946/946 951/951
f 951/951 946/946 952/952
f 951/951 952/952 953/953
f 948/948 950/950 954/954
f 949/949 948/948 954/954
f 954/954 950/950 951/951
f 951/951 953/953 955/955
f 896/896 947/947 895/895
f 947/947 896/896 902/902
f 897/897 902/902 896/896
f 956/956 947/947 902/902
f 952/952 947/947 957/957
f 952/952 946/946 947/947
f 618/618 616/616 940/940
f 958/958 618/618 940/940
f 959/959 940/940 960/960
f 958/958 940/940 959/959
f 961/961 618/618 958/958
f 958/958 959/959 962/962
f 961/961 958/958 962/962
f 963/963 960/960 941/941
f 960/960 940/940 941/941
f 941/941 964/964 963/963
f 965/965 959/959 960/960
f 962/962 959/959 965/965
f 966/966 965/965 960/960
f 966/966 960/960 963/963
f 618/618 961/961 527/527
f 868/868 527/527 961/961
f 962/962 868/868 961/961
f 868/868 962/962 869/869
f 869/869 867/867 868/868
f 869/869 962/962 965/965
f 869/869 965/965 967/967
f 967/967 965/965 966/966
f 967/967 966/966 963/963
f 869/869 967/967 871/871
f 871/871 967/967 968/968
f 871/871 968/968 969/969
f 870/870 869/869 871/871
f 873/873 871/871 969/969
f 964/964 941/941 942/942
f 942/942 949/949 964/964
f 964/964 949/949 970/970
f 971/971 967/967 963/963
f 967/967 971/971 972/972
f 964/964 971/971 963/963
f 970/970 971/971 964/964
f 971/971 970/970 973/973
f 970/970 949/949 974/974
f 973/973 970/970 974/974
f 973/973 974/974 975/975
f 973/973 975/975 976/976
f 977/977 949/949 954/954
f 949/949 977/977 974/974
f 977/977 975/975 974/974
f 975/975 977/977 954/954
f 978/978 954/954 955/955
f 975/975 954/954 978/978
f 976/976 975/975 979/979
f 978/978 979/979 975/975
f 972/972 968/968 967/967
f 968/968 972/972 980/980
f 980/980 972/972 973/973
f 973/973 972/972 971/971
f 969/969 968/968 980/980
f 969/969 980/980 981/981
f 976/976 980/980 973/973
f 979/979 982/982 976/976
f 983/983 980/980 976/976
f 983/983 976/976 982/982
f 984/984 980/980 985/985
f 985/985 980/980 983/983
f 986/986 902/902 987/987
f 987/987 902/902 901/901
f 986/986 956/956 902/902
f 957/957 947/947 956/956
f 988/988 957/957 956/956
f 952/952 957/957 989/989
f 989/989 957/957 990/990
f 986/986 988/988 956/956
f 988/988 990/990 957/957
f 991/991 988/988 986/986
f 990/990 988/988 991/991
f 992/992 990/990 991/991
f 905/905 987/987 901/901
f 905/905 986/986 987/987
f 905/905 993/993 986/986
f 991/991 986/986 993/993
f 991/991 993/993 994/994
f 993/993 905/905 907/907
f 907/907 908/908 995/995
f 993/993 907/907 995/995
f 996/996 991/991 994/994
f 997/997 994/994 993/993
f 997/997 993/993 995/995
f 997/997 995/995 998/998
f 953/953 952/952 989/989
f 990/990 992/992 989/989
f 953/953 989/989 992/992
f 992/992 999/999 953/953
f 992/992 991/991 996/996
f 1000/1000 999/999 992/992
f 1000/1000 992/992 996/996
f 955/955 953/953 999/999
f 1000/1000 996/996 1001/1001
f 1000/1000 1001/1001 1002/1002
f 1003/1003 1000/1000 1002/1002
f 1001/1001 1004/1004 1002/1002
f 996/996 994/994 1005/1005
f 1005/1005 994/994 997/997
f 1001/1001 996/996 1005/1005
f 1006/1006 1001/1001 1005/1005
f 1005/1005 997/997 998/998
f 1004/1004 1001/1001 1007/1007
f 1007/1007 1001/1001 1006/1006
f 1008/1008 1007/1007 1006/1006
f 1009/1009 1006/1006 1005/1005
f 998/998 1009/1009 1005/1005
f 1008/1008 1006/1006 1009/1009
f 951/951 955/955 954/954
f 978/978 955/955 999/999
f 1010/1010 1011/1011 978/978
f 1010/1010 978/978 1012/1012
f 1010/1010 1012/1012 1013/1013
f 982/982 979/979 978/978
f 982/982 978/978 1011/1011
f 1014/1014 982/982 1011/1011
f 1011/1011 1010/1010 1014/1014
f 985/985 983/983 982/982
f 985/985 982/982 1014/1014
f 1014/1014 1010/1010 1015/1015
f 1015/1015 1010/1010 1013/1013
f 985/985 1014/1014 1016/1016
f 1017/1017 985/985 1016/1016
f 1014/1014 1015/1015 1016/1016
f 1018/1018 1016/1016 1015/1015
f 1017/1017 1016/1016 1018/1018
f 1017/1017 1019/1019 1020/1020
f 1021/1021 999/999 1003/1003
f 999/999 1000/1000 1003/1003
f 1003/1003 1002/1002 1004/1004
f 1004/1004 1022/1022 1003/1003
f 978/978 999/999 1021/1021
f 1012/1012 978/978 1021/1021
f 1021/1021 1013/1013 1012/1012
f 1013/1013 1021/1021 1022/1022
f 1018/1018 1013/1013 1022/1022
f 1021/1021 1003/1003 1022/1022
f 1023/1023 1022/1022 1004/1004
f 1018/1018 1022/1022 1023/1023
f 1004/1004 1007/1007 1008/1008
f 1008/1008 1024/1024 1004/1004
f 1018/1018 1015/1015 1013/1013
f 1018/1018 1023/1023 1025/1025
f 1019/1019 1018/1018 1025/1025
f 1019/1019 1017/1017 1018/1018
f 1024/1024 1008/1008 1026/1026
f 1024/1024 1026/1026 1027/1027
f 1008/1008 1009/1009 1028/1028
f 1028/1028 1026/1026 1008/1008
f 1004/1004 1024/1024 1027/1027
f 1023/1023 1004/1004 1027/1027
f 1023/1023 1027/1027 1029/1029
f 1030/1030 1027/1027 1026/1026
f 1029/1029 1027/1027 1030/1030
f 1026/1026 1028/1028 1030/1030
f 1031/1031 1025/1025 1023/1023
f 1019/1019 1025/1025 1032/1032
f 1025/1025 1031/1031 1033/1033
f 1029/1029 1031/1031 1023/1023
f 1029/1029 1033/1033 1031/1031
f 1029/1029 1034/1034 1033/1033
f 1035/1035 1036/1036 1033/1033
f 1035/1035 1033/1033 1034/1034
f 1035/1035 1034/1034 1037/1037
f 995/995 908/908 919/919
f 995/995 919/919 1038/1038
f 1038/1038 919/919 921/921
f 1039/1039 995/995 1038/1038
f 998/998 995/995 1039/1039
f 1038/1038 921/921 922/922
f 1038/1038 922/922 1040/1040
f 1039/1039 1038/1038 1040/1040
f 923/923 1040/1040 922/922
f 923/923 916/916 924/924
f 1040/1040 923/923 1041/1041
f 1009/1009 998/998 1039/1039
f 1041/1041 1039/1039 1040/1040
f 1009/1009 1039/1039 1041/1041
f 1009/1009 1041/1041 1042/1042
f 1042/1042 1028/1028 1009/1009
f 1041/1041 1043/1043 1042/1042
f 924/924 1041/1041 923/923
f 1043/1043 1041/1041 924/924
f 1030/1030 1028/1028 1042/1042
f 1030/1030 1044/1044 1029/1029
f 1030/1030 1042/1042 1044/1044
f 1043/1043 1044/1044 1042/1042
f 924/924 1045/1045 1043/1043
f 1045/1045 924/924 925/925
f 1046/1046 1029/1029 1044/1044
f 1046/1046 1044/1044 1043/1043
f 1034/1034 1029/1029 1046/1046
f 1037/1037 1034/1034 1046/1046
f 1037/1037 1046/1046 1047/1047
f 1047/1047 1046/1046 1043/1043
f 1047/1047 1043/1043 1048/1048
f 1048/1048 1043/1043 1045/1045
f 1049/1049 925/925 926/926
f 926/926 1050/1050 1049/1049
f 799/799 296/296 759/759
f 759/759 758/758 760/760
f 759/759 800/800 799/799
f 759/759 760/760 1051/1051
f 800/800 759/759 1051/1051
f 808/808 801/801 802/802
f 802/802 803/803 808/808
f 807/807 809/809 823/823
f 823/823 809/809 830/830
f 812/812 815/815 486/486
f 823/823 830/830 829/829
f 825/825 823/823 829/829
f 826/826 827/827 831/831
f 585/585 796/796 883/883
f 877/877 883/883 796/796
f 883/883 591/591 585/585
f 884/884 883/883 882/882
f 909/909 910/910 862/862
f 862/862 859/859 909/909
f 916/916 926/926 925/925
f 928/928 930/930 927/927
f 882/882 928/928 929/929
f 925/925 1049/1049 1045/1045
f 680/680 1052/1052 1053/1053
f 1054/1054 1055/1055 1056/1056
f 1057/1057 1056/1056 1055/1055
f 1052/1052 1056/1056 1057/1057
f 1052/1052 1057/1057 1058/1058
f 1058/1058 1057/1057 1055/1055
f 1059/1059 1058/1058 1055/1055
f 1060/1060 1061/1061 1054/1054
f 1061/1061 1055/1055 1054/1054
f 1055/1055 1061/1061 1062/1062
f 1055/1055 1062/1062 1059/1059
f 1063/1063 1062/1062 1064/1064
f 1065/1065 1064/1064 1066/1066
f 1065/1065 1063/1063 1064/1064
f 1067/1067 1068/1068 1069/1069
f 1068/1068 1067/1067 1071/1071
f 1072/1072 1071/1071 1067/1067
f 1073/1073 1074/1074 1075/1075
f 30/30 1076/1076 1078/1078
f 1076/1076 30/30 29/29
f 1067/1067 1069/1069 1080/1080
f 1077/1077 1081/1081 1080/1080
f 1081/1081 1067/1067 1080/1080
f 1081/1081 1082/1082 1067/1067
f 1081/1081 1083/1083 1082/1082
f 1084/1084 1073/1073 1075/1075
f 1075/1075 1082/1082 1083/1083
f 1083/1083 1084/1084 1075/1075
f 1083/1083 1085/1085 1086/1086
f 1077/1077 1087/1087 1081/1081
f 28/28 1089/1089 29/29
f 1076/1076 29/29 1089/1089
f 1087/1087 1077/1077 1088/1088
f 1081/1081 1087/1087 1090/1090
f 1091/1091 1087/1087 1088/1088
f 1090/1090 1087/1087 1091/1091
f 1092/1092 1090/1090 1091/1091
f 734/734 28/28 90/90
f 1089/1089 28/28 734/734
f 1088/1088 733/733 1091/1091
f 1083/1083 1081/1081 1093/1093
f 1090/1090 1093/1093 1081/1081
f 1093/1093 1090/1090 1092/1092
f 1085/1085 1083/1083 1093/1093
f 1092/1092 1085/1085 1093/1093
f 1094/1094 1091/1091 733/733
f 738/738 734/734 735/735
f 1095/1095 733/733 737/737
f 1094/1094 733/733 1095/1095
f 1096/1096 1095/1095 737/737
f 1096/1096 1094/1094 1095/1095
f 1097/1097 1092/1092 1098/1098
f 1098/1098 1092/1092 1091/1091
f 1092/1092 1099/1099 1085/1085
f 1097/1097 1099/1099 1092/1092
f 1094/1094 1098/1098 1091/1091
f 1098/1098 1094/1094 1100/1100
f 1100/1100 1097/1097 1098/1098
f 1097/1097 1100/1100 1101/1101
f 1102/1102 1073/1073 1084/1084
f 1083/1083 1086/1086 1084/1084
f 1086/1086 1103/1103 1084/1084
f 1104/1104 1103/1103 1086/1086
f 1104/1104 1086/1086 1085/1085
f 1103/1103 1105/1105 1084/1084
f 1103/1103 1106/1106 1105/1105
f 1107/1107 1106/1106 1103/1103
f 1085/1085 1099/1099 1104/1104
f 1108/1108 1104/1104 1099/1099
f 1107/1107 1103/1103 1104/1104
f 1109/1109 1107/1107 1104/1104
f 1108/1108 1109/1109 1104/1104
f 1109/1109 1108/1108 1110/1110
f 1111/1111 1112/1112 1107/1107
f 1110/1110 1113/1113 1109/1109
f 1110/1110 1108/1108 1114/1114
f 1101/1101 1099/1099 1097/1097
f 1108/1108 1099/1099 1101/1101
f 1115/1115 1108/1108 1101/1101
f 1108/1108 1115/1115 1116/1116
f 1117/1117 1094/1094 1096/1096
f 1117/1117 1096/1096 739/739
f 739/739 105/105 1118/1118
f 1118/1118 1117/1117 739/739
f 1119/1119 1117/1117 1118/1118
f 1117/1117 1100/1100 1094/1094
f 1100/1100 1120/1120 1121/1121
f 1122/1122 1120/1120 1100/1100
f 1117/1117 1119/1119 1122/1122
f 1123/1123 1122/1122 1119/1119
f 104/104 1118/1118 105/105
f 1124/1124 1119/1119 1118/1118
f 104/104 1124/1124 1118/1118
f 104/104 100/100 1125/1125
f 1122/1122 1123/1123 1120/1120
f 1126/1126 1123/1123 1127/1127
f 1128/1128 1119/1119 1124/1124
f 1123/1123 1119/1119 1128/1128
f 1129/1129 1123/1123 1128/1128
f 1130/1130 1129/1129 1128/1128
f 1127/1127 1123/1123 1129/1129
f 1114/1114 1131/1131 1113/1113
f 1100/1100 1115/1115 1101/1101
f 1121/1121 1115/1115 1100/1100
f 1132/1132 1116/1116 1115/1115
f 1115/1115 1121/1121 1132/1132
f 1133/1133 1108/1108 1116/1116
f 1133/1133 1116/1116 1132/1132
f 1134/1134 1133/1133 1132/1132
f 1132/1132 1121/1121 1135/1135
f 1134/1134 1132/1132 1135/1135
f 1136/1136 1134/1134 1135/1135
f 1133/1133 1114/1114 1108/1108
f 1136/1136 1137/1137 1134/1134
f 1135/1135 1121/1121 1120/1120
f 1138/1138 1135/1135 1120/1120
f 1138/1138 1120/1120 1123/1123
f 1138/1138 1136/1136 1135/1135
f 1139/1139 1136/1136 1138/1138
f 1126/1126 1138/1138 1123/1123
f 1126/1126 1139/1139 1138/1138
f 1140/1140 1139/1139 1126/1126
f 1141/1141 1136/1136 1139/1139
f 1137/1137 1136/1136 1142/1142
f 1141/1141 1142/1142 1136/1136
f 1142/1142 1141/1141 1143/1143
f 1141/1141 1139/1139 1144/1144
f 1145/1145 1141/1141 1144/1144
f 1146/1146 1147/1147 1148/1148
f 1149/1149 1150/1150 1148/1148
f 1148/1148 1147/1147 1149/1149
f 1151/1151 1150/1150 1149/1149
f 1152/1152 1153/1153 1154/1154
f 1155/1155 1153/1153 1150/1150
f 1153/1153 1156/1156 1154/1154
f 1153/1153 1155/1155 1157/1157
f 1158/1158 1159/1159 1156/1156
f 1160/1160 1159/1159 1158/1158
f 1161/1161 1156/1156 1153/1153
f 1161/1161 1158/1158 1156/1156
f 1153/1153 1157/1157 1161/1161
f 1158/1158 1161/1161 1162/1162
f 1163/1163 1164/1164 1165/1165
f 1166/1166 1163/1163 1165/1165
f 1147/1147 1164/1164 1163/1163
f 1151/1151 1149/1149 1147/1147
f 1142/1142 1166/1166 1137/1137
f 1166/1166 1167/1167 1163/1163
f 1168/1168 1166/1166 1142/1142
f 1168/1168 1142/1142 1143/1143
f 1169/1169 1143/1143 1141/1141
f 1170/1170 1143/1143 1169/1169
f 1170/1170 1171/1171 1143/1143
f 1171/1171 1168/1168 1143/1143
f 1168/1168 1172/1172 1166/1166
f 1166/1166 1172/1172 1173/1173
f 1173/1173 1174/1174 1167/1167
f 1175/1175 1173/1173 1172/1172
f 1176/1176 1150/1150 1151/1151
f 1155/1155 1150/1150 1176/1176
f 1177/1177 1155/1155 1176/1176
f 1178/1178 1177/1177 1176/1176
f 1178/1178 1176/1176 1179/1179
f 1155/1155 1180/1180 1157/1157
f 1155/1155 1177/1177 1180/1180
f 1178/1178 1180/1180 1177/1177
f 1181/1181 1180/1180 1178/1178
f 1182/1182 1178/1178 1179/1179
f 1174/1174 1182/1182 1179/1179
f 1181/1181 1178/1178 1182/1182
f 1161/1161 1157/1157 1183/1183
f 1183/1183 1157/1157 1184/1184
f 1184/1184 1157/1157 1180/1180
f 1184/1184 1180/1180 1181/1181
f 1185/1185 1184/1184 1181/1181
f 1161/1161 1183/1183 1162/1162
f 1186/1186 1162/1162 1183/1183
f 1184/1184 1187/1187 1183/1183
f 1183/1183 1187/1187 1186/1186
f 1188/1188 1182/1182 1174/1174
f 1174/1174 1173/1173 1188/1188
f 1182/1182 1188/1188 1181/1181
f 1181/1181 1188/1188 1189/1189
f 1189/1189 1185/1185 1181/1181
f 1190/1190 1184/1184 1185/1185
f 1184/1184 1190/1190 1187/1187
f 1190/1190 1191/1191 1187/1187
f 1192/1192 1190/1190 1185/1185
f 1185/1185 1189/1189 1192/1192
f 1192/1192 1191/1191 1190/1190
f 1191/1191 1192/1192 1193/1193
f 1194/1194 1188/1188 1173/1173
f 1175/1175 1194/1194 1173/1173
f 1195/1195 1194/1194 1175/1175
f 1196/1196 1188/1188 1194/1194
f 1194/1194 1195/1195 1196/1196
f 1188/1188 1196/1196 1189/1189
f 1195/1195 1175/1175 1197/1197
f 1198/1198 1195/1195 1197/1197
f 1199/1199 1196/1196 1195/1195
f 1200/1200 1199/1199 1195/1195
f 1198/1198 1200/1200 1195/1195
f 1199/1199 1189/1189 1196/1196
f 1192/1192 1189/1189 1199/1199
f 1199/1199 1200/1200 1201/1201
f 1201/1201 1193/1193 1192/1192
f 1201/1201 1192/1192 1199/1199
f 1202/1202 680/680 1053/1053
f 1203/1203 1053/1053 1204/1204
f 1205/1205 1052/1052 1058/1058
f 1205/1205 1058/1058 1206/1206
f 1207/1207 1058/1058 1059/1059
f 1206/1206 1058/1058 1207/1207
f 1204/1204 1053/1053 1205/1205
f 1204/1204 1205/1205 1208/1208
f 1208/1208 1205/1205 1206/1206
f 1207/1207 1209/1209 1206/1206
f 219/219 216/216 1210/1210
f 219/219 1210/1210 1203/1203
f 219/219 1203/1203 234/234
f 234/234 1203/1203 1208/1208
f 1211/1211 237/237 234/234
f 1203/1203 1204/1204 1208/1208
f 1206/1206 1212/1212 1208/1208
f 1206/1206 1209/1209 1212/1212
f 1213/1213 1208/1208 1212/1212
f 1214/1214 1213/1213 1212/1212
f 234/234 1208/1208 1213/1213
f 1211/1211 234/234 1213/1213
f 1215/1215 1213/1213 1214/1214
f 1215/1215 1216/1216 1213/1213
f 1207/1207 1059/1059 1217/1217
f 1207/1207 1217/1217 1209/1209
f 1218/1218 1209/1209 1217/1217
f 1212/1212 1209/1209 1214/1214
f 1214/1214 1209/1209 1219/1219
f 1209/1209 1218/1218 1220/1220
f 1219/1219 1209/1209 1220/1220
f 237/237 233/233 234/234
f 1211/1211 751/751 237/237
f 751/751 1211/1211 1221/1221
f 1211/1211 1213/1213 1222/1222
f 1222/1222 1213/1213 1216/1216
f 1221/1221 1211/1211 1222/1222
f 1223/1223 1221/1221 1222/1222
f 1223/1223 1222/1222 1216/1216
f 751/751 240/240 236/236
f 751/751 242/242 240/240
f 1162/1162 1160/1160 1158/1158
f 1162/1162 1224/1224 1160/1160
f 1225/1225 1162/1162 1186/1186
f 1225/1225 1224/1224 1162/1162
f 1226/1226 1224/1224 1225/1225
f 1225/1225 1227/1227 1226/1226
f 1228/1228 1227/1227 1225/1225
f 1229/1229 1230/1230 1231/1231
f 1231/1231 1232/1232 1233/1233
f 1234/1234 1232/1232 1231/1231
f 1231/1231 1235/1235 1234/1234
f 1186/1186 1187/1187 1236/1236
f 1237/1237 1225/1225 1186/1186
f 1236/1236 1237/1237 1186/1186
f 1238/1238 1187/1187 1191/1191
f 1187/1187 1238/1238 1236/1236
f 1193/1193 1238/1238 1191/1191
f 1239/1239 1240/1240 1238/1238
f 1240/1240 1236/1236 1238/1238
f 1241/1241 1239/1239 1238/1238
f 1225/1225 1237/1237 1228/1228
f 1237/1237 1236/1236 1228/1228
f 1240/1240 1228/1228 1236/1236
f 1228/1228 1242/1242 1243/1243
f 1244/1244 1245/1245 1239/1239
f 1239/1239 1245/1245 1240/1240
f 1193/1193 1241/1241 1238/1238
f 1201/1201 1241/1241 1193/1193
f 1246/1246 1241/1241 1201/1201
f 1246/1246 1247/1247 1244/1244
f 1246/1246 1248/1248 1247/1247
f 1247/1247 1245/1245 1244/1244
f 1247/1247 1249/1249 1245/1245
f 1250/1250 1249/1249 1247/1247
f 1250/1250 1251/1251 1249/1249
f 1252/1252 1230/1230 1229/1229
f 1252/1252 1253/1253 1230/1230
f 1235/1235 1230/1230 1253/1253
f 1254/1254 1253/1253 1255/1255
f 1253/1253 1254/1254 1235/1235
f 1230/1230 1235/1235 1231/1231
f 1256/1256 1257/1257 1258/1258
f 1257/1257 1256/1256 1232/1232
f 1257/1257 1232/1232 1234/1234
f 1257/1257 1234/1234 1259/1259
f 1260/1260 1254/1254 1261/1261
f 1235/1235 1260/1260 1234/1234
f 1254/1254 1260/1260 1235/1235
f 1260/1260 1262/1262 1234/1234
f 1259/1259 1234/1234 1262/1262
f 1260/1260 1261/1261 1262/1262
f 1261/1261 1263/1263 1262/1262
f 1263/1263 1264/1264 1259/1259
f 1263/1263 1259/1259 1262/1262
f 1264/1264 1263/1263 1265/1265
f 1265/1265 1266/1266 1264/1264
f 1263/1263 1267/1267 1265/1265
f 1251/1251 1254/1254 1255/1255
f 1268/1268 1254/1254 1251/1251
f 1268/1268 1261/1261 1254/1254
f 1250/1250 1268/1268 1251/1251
f 1268/1268 1269/1269 1261/1261
f 1268/1268 1250/1250 1270/1270
f 1269/1269 1268/1268 1270/1270
f 1271/1271 1269/1269 1270/1270
f 1269/1269 1272/1272 1261/1261
f 1273/1273 1274/1274 1272/1272
f 1273/1273 1272/1272 1269/1269
f 1263/1263 1261/1261 1272/1272
f 1267/1267 1263/1263 1272/1272
f 1272/1272 1274/1274 1267/1267
f 1265/1265 1267/1267 1266/1266
f 1275/1275 1266/1266 1267/1267
f 1267/1267 1274/1274 1276/1276
f 1276/1276 1275/1275 1267/1267
f 1275/1275 1277/1277 1266/1266
f 1276/1276 1278/1278 1275/1275
f 1278/1278 1277/1277 1275/1275
f 1276/1276 1274/1274 1279/1279
f 1279/1279 1278/1278 1276/1276
f 1280/1280 1278/1278 1281/1281
f 1278/1278 1280/1280 1277/1277
f 1280/1280 1282/1282 1277/1277
f 1283/1283 1282/1282 1280/1280
f 1257/1257 1284/1284 1258/1258
f 1264/1264 1257/1257 1259/1259
f 1257/1257 1285/1285 1284/1284
f 1286/1286 1285/1285 1257/1257
f 1287/1287 1288/1288 1285/1285
f 1286/1286 1287/1287 1285/1285
f 1257/1257 1264/1264 1286/1286
f 1287/1287 1289/1289 1288/1288
f 1290/1290 1291/1291 1292/1292
f 1293/1293 1287/1287 1286/1286
f 1294/1294 1287/1287 1293/1293
f 1294/1294 1295/1295 1287/1287
f 1296/1296 1295/1295 1294/1294
f 1295/1295 1296/1296 1297/1297
f 1298/1298 1295/1295 1297/1297
f 1287/1287 1295/1295 1289/1289
f 1295/1295 1290/1290 1289/1289
f 1295/1295 1291/1291 1290/1290
f 1266/1266 1293/1293 1264/1264
f 1286/1286 1264/1264 1293/1293
f 1266/1266 1294/1294 1293/1293
f 1294/1294 1266/1266 1299/1299
f 1294/1294 1299/1299 1296/1296
f 1296/1296 1299/1299 1300/1300
f 1300/1300 1299/1299 1301/1301
f 1266/1266 1302/1302 1299/1299
f 1300/1300 1301/1301 1303/1303
f 1296/1296 1300/1300 1303/1303
f 1299/1299 1302/1302 1301/1301
f 1301/1301 1302/1302 1303/1303
f 1297/1297 1303/1303 1304/1304
f 1304/1304 1303/1303 1305/1305
f 1303/1303 1302/1302 1305/1305
f 1304/1304 1306/1306 1297/1297
f 1305/1305 1306/1306 1304/1304
f 1297/1297 1296/1296 1303/1303
f 1277/1277 1302/1302 1266/1266
f 1282/1282 1302/1302 1277/1277
f 1282/1282 1307/1307 1302/1302
f 1308/1308 1309/1309 1310/1310
f 1311/1311 1312/1312 1313/1313
f 1314/1314 1312/1312 1311/1311
f 1311/1311 1313/1313 1315/1315
f 1316/1316 1311/1311 1315/1315
f 1317/1317 1318/1318 1319/1319
f 1320/1320 1321/1321 1322/1322
f 1321/1321 1320/1320 1323/1323
f 1321/1321 1324/1324 1322/1322
f 1324/1324 1321/1321 1325/1325
f 1312/1312 1323/1323 1320/1320
f 1312/1312 1314/1314 1323/1323
f 1314/1314 1316/1316 1326/1326
f 1316/1316 1314/1314 1311/1311
f 1325/1325 1321/1321 1323/1323
f 1323/1323 1314/1314 1326/1326
f 1327/1327 1323/1323 1326/1326
f 1326/1326 1316/1316 1328/1328
f 1329/1329 1326/1326 1330/1330
f 1330/1330 1326/1326 1328/1328
f 1331/1331 1324/1324 1325/1325
f 1331/1331 1325/1325 1332/1332
f 1331/1331 1333/1333 1334/1334
f 1325/1325 1323/1323 1332/1332
f 1327/1327 1332/1332 1323/1323
f 1332/1332 1327/1327 1335/1335
f 1329/1329 1327/1327 1326/1326
f 1332/1332 1335/1335 1333/1333
f 1333/1333 1331/1331 1332/1332
f 1336/1336 1333/1333 1335/1335
f 1335/1335 1327/1327 1329/1329
f 1335/1335 1329/1329 1337/1337
f 1330/1330 1338/1338 1339/1339
f 1339/1339 1338/1338 1340/1340
f 1341/1341 1316/1316 1315/1315
f 1342/1342 1316/1316 1341/1341
f 1328/1328 1316/1316 1342/1342
f 1328/1328 1342/1342 1338/1338
f 1330/1330 1328/1328 1338/1338
f 1343/1343 1330/1330 1339/1339
f 1344/1344 1343/1343 1339/1339
f 1345/1345 1344/1344 1346/1346
f 1347/1347 1343/1343 1344/1344
f 1347/1347 1329/1329 1343/1343
f 1348/1348 1349/1349 1350/1350
f 1351/1351 1352/1352 1353/1353
f 1354/1354 1355/1355 1351/1351
f 1348/1348 1356/1356 1357/1357
f 1356/1356 1355/1355 1354/1354
f 1354/1354 1358/1358 1356/1356
f 1348/1348 1355/1355 1356/1356
f 1349/1349 1359/1359 1350/1350
f 1360/1360 1349/1349 1357/1357
f 1357/1357 1349/1349 1348/1348
f 1361/1361 1362/1362 1360/1360
f 1363/1363 1364/1364 1362/1362
f 1365/1365 1366/1366 1367/1367
f 1357/1357 1356/1356 1368/1368
f 1360/1360 1357/1357 1368/1368
f 1367/1367 1361/1361 1360/1360
f 1368/1368 1367/1367 1360/1360
f 1365/1365 1367/1367 1368/1368
f 1369/1369 1365/1365 1370/1370
f 1371/1371 1366/1366 1365/1365
f 1370/1370 1365/1365 1368/1368
f 1358/1358 1368/1368 1356/1356
f 1336/1336 1335/1335 1337/1337
f 1372/1372 1336/1336 1373/1373
f 1373/1373 1374/1374 1372/1372
f 1372/1372 1374/1374 1375/1375
f 1376/1376 1377/1377 1371/1371
f 1377/1377 1378/1378 1371/1371
f 1379/1379 1380/1380 1346/1346
f 1381/1381 1377/1377 1376/1376
f 1382/1382 1376/1376 1383/1383
f 1376/1376 1382/1382 1381/1381
f 1384/1384 1385/1385 1386/1386
f 1385/1385 1384/1384 1380/1380
f 1385/1385 1377/1377 1381/1381
f 1385/1385 1380/1380 1377/1377
f 1385/1385 1387/1387 1386/1386
f 1386/1386 1387/1387 1388/1388
f 1389/1389 1388/1388 1390/1390
f 1390/1390 1388/1388 1387/1387
f 1391/1391 1381/1381 1382/1382
f 1392/1392 1391/1391 1382/1382
f 1387/1387 1385/1385 1381/1381
f 1391/1391 1387/1387 1381/1381
f 1387/1387 1391/1391 1390/1390
f 1345/1345 1347/1347 1344/1344
f 1393/1393 1394/1394 1345/1345
f 1384/1384 1345/1345 1346/1346
f 1384/1384 1346/1346 1380/1380
f 1386/1386 1393/1393 1384/1384
f 1374/1374 1394/1394 1393/1393
f 1373/1373 1394/1394 1374/1374
f 1375/1375 1374/1374 1395/1395
f 1395/1395 1374/1374 1393/1393
f 1396/1396 1375/1375 1395/1395
f 1395/1395 1397/1397 1396/1396
f 1398/1398 1395/1395 1393/1393
f 1398/1398 1397/1397 1395/1395
f 1393/1393 1386/1386 1389/1389
f 1389/1389 1386/1386 1388/1388
f 1399/1399 1400/1400 1396/1396
f 1401/1401 1399/1399 1402/1402
f 1403/1403 1401/1401 1404/1404
f 1404/1404 1401/1401 1402/1402
f 1405/1405 1392/1392 1382/1382
f 1392/1392 1406/1406 1407/1407
f 1406/1406 1392/1392 1405/1405
f 1390/1390 1391/1391 1407/1407
f 1408/1408 1390/1390 1407/1407
f 1392/1392 1407/1407 1391/1391
f 1409/1409 1390/1390 1408/1408
f 1408/1408 1410/1410 1409/1409
f 1408/1408 1407/1407 1406/1406
f 1411/1411 1405/1405 1412/1412
f 1411/1411 1406/1406 1405/1405
f 1413/1413 1408/1408 1406/1406
f 1406/1406 1411/1411 1413/1413
f 1414/1414 1415/1415 1408/1408
f 1414/1414 1408/1408 1413/1413
f 1416/1416 1414/1414 1413/1413
f 1417/1417 1415/1415 1414/1414
f 1398/1398 1418/1418 1397/1397
f 1418/1418 1398/1398 1410/1410
f 1419/1419 1396/1396 1397/1397
f 1419/1419 1399/1399 1396/1396
f 1418/1418 1419/1419 1397/1397
f 1402/1402 1399/1399 1419/1419
f 1398/1398 1389/1389 1409/1409
f 1409/1409 1389/1389 1390/1390
f 1410/1410 1398/1398 1409/1409
f 1420/1420 1421/1421 1418/1418
f 1402/1402 1419/1419 1422/1422
f 1422/1422 1419/1419 1418/1418
f 1423/1423 1422/1422 1421/1421
f 1404/1404 1402/1402 1422/1422
f 1404/1404 1422/1422 1423/1423
f 1422/1422 1418/1418 1421/1421
f 1424/1424 1425/1425 1426/1426
f 1427/1427 1353/1353 1428/1428
f 1429/1429 1427/1427 1424/1424
f 1429/1429 1430/1430 1427/1427
f 1431/1431 1429/1429 1432/1432
f 1431/1431 1430/1430 1429/1429
f 1433/1433 1431/1431 1434/1434
f 1435/1435 1434/1434 1436/1436
f 1435/1435 1436/1436 1437/1437
f 1434/1434 1435/1435 1438/1438
f 1291/1291 1426/1426 1425/1425
f 1298/1298 1426/1426 1291/1291
f 1291/1291 1295/1295 1298/1298
f 1426/1426 1298/1298 1439/1439
f 1424/1424 1439/1439 1432/1432
f 1439/1439 1424/1424 1426/1426
f 1437/1437 1432/1432 1439/1439
f 1432/1432 1429/1429 1424/1424
f 1436/1436 1432/1432 1437/1437
f 1434/1434 1431/1431 1432/1432
f 1432/1432 1436/1436 1434/1434
f 1433/1433 1440/1440 1441/1441
f 1442/1442 1443/1443 1444/1444
f 1445/1445 1354/1354 1440/1440
f 1446/1446 1445/1445 1440/1440
f 1445/1445 1446/1446 1442/1442
f 1442/1442 1444/1444 1445/1445
f 1358/1358 1445/1445 1444/1444
f 1445/1445 1358/1358 1354/1354
f 1441/1441 1351/1351 1353/1353
f 1430/1430 1353/1353 1427/1427
f 1353/1353 1430/1430 1441/1441
f 1441/1441 1354/1354 1351/1351
f 1433/1433 1441/1441 1430/1430
f 1431/1431 1433/1433 1430/1430
f 1440/1440 1354/1354 1441/1441
f 1438/1438 1440/1440 1433/1433
f 1438/1438 1433/1433 1434/1434
f 1435/1435 1447/1447 1448/1448
f 1442/1442 1446/1446 1449/1449
f 1449/1449 1450/1450 1451/1451
f 1449/1449 1383/1383 1443/1443
f 1442/1442 1449/1449 1443/1443
f 1440/1440 1450/1450 1446/1446
f 1450/1450 1449/1449 1446/1446
f 1451/1451 1448/1448 1452/1452
f 1305/1305 1453/1453 1306/1306
f 1453/1453 1454/1454 1306/1306
f 1454/1454 1298/1298 1306/1306
f 1305/1305 1302/1302 1453/1453
f 1302/1302 1307/1307 1453/1453
f 1455/1455 1454/1454 1453/1453
f 1455/1455 1453/1453 1307/1307
f 1435/1435 1454/1454 1447/1447
f 1447/1447 1454/1454 1455/1455
f 1455/1455 1456/1456 1457/1457
f 1455/1455 1457/1457 1447/1447
f 1458/1458 1455/1455 1307/1307
f 1459/1459 1458/1458 1282/1282
f 1460/1460 1458/1458 1459/1459
f 1458/1458 1456/1456 1455/1455
f 1460/1460 1456/1456 1458/1458
f 1456/1456 1460/1460 1461/1461
f 1461/1461 1457/1457 1456/1456
f 1462/1462 1457/1457 1461/1461
f 1463/1463 1461/1461 1460/1460
f 1462/1462 1461/1461 1463/1463
f 1464/1464 1452/1452 1448/1448
f 1465/1465 1464/1464 1448/1448
f 1457/1457 1448/1448 1447/1447
f 1466/1466 1451/1451 1452/1452
f 1466/1466 1452/1452 1464/1464
f 1405/1405 1467/1467 1466/1466
f 1468/1468 1466/1466 1464/1464
f 1405/1405 1466/1466 1468/1468
f 1469/1469 1457/1457 1462/1462
f 1465/1465 1457/1457 1469/1469
f 1464/1464 1465/1465 1470/1470
f 1471/1471 1469/1469 1462/1462
f 1470/1470 1468/1468 1464/1464
f 1412/1412 1468/1468 1470/1470
f 1412/1412 1405/1405 1468/1468
f 1370/1370 1444/1444 1369/1369
f 1443/1443 1369/1369 1444/1444
f 1371/1371 1365/1365 1369/1369
f 1371/1371 1369/1369 1472/1472
f 1368/1368 1358/1358 1370/1370
f 1444/1444 1370/1370 1358/1358
f 1443/1443 1472/1472 1369/1369
f 1376/1376 1371/1371 1472/1472
f 1366/1366 1371/1371 1378/1378
f 1383/1383 1376/1376 1472/1472
f 1449/1449 1467/1467 1383/1383
f 1383/1383 1467/1467 1382/1382
f 1405/1405 1382/1382 1467/1467
f 1473/1473 100/100 343/343
f 350/350 1473/1473 343/343
f 1125/1125 1128/1128 1124/1124
f 1474/1474 1125/1125 1473/1473
f 1475/1475 1473/1473 350/350
f 1476/1476 1474/1474 1473/1473
f 1476/1476 1473/1473 1475/1475
f 1129/1129 1477/1477 1127/1127
f 1478/1478 1128/1128 1125/1125
f 1474/1474 1478/1478 1125/1125
f 1479/1479 1474/1474 1476/1476
f 1479/1479 1477/1477 1480/1480
f 1481/1481 1476/1476 1475/1475
f 1482/1482 1481/1481 1475/1475
f 1483/1483 1482/1482 1475/1475
f 770/770 1482/1482 1483/1483
f 1476/1476 1484/1484 1479/1479
f 1481/1481 1484/1484 1476/1476
f 1484/1484 1481/1481 1485/1485
f 1485/1485 1481/1481 1482/1482
f 1486/1486 1485/1485 1482/1482
f 1477/1477 1126/1126 1127/1127
f 1477/1477 1140/1140 1126/1126
f 1487/1487 1140/1140 1477/1477
f 1488/1488 1140/1140 1487/1487
f 1487/1487 1477/1477 1479/1479
f 1139/1139 1140/1140 1144/1144
f 1489/1489 1145/1145 1144/1144
f 1490/1490 1489/1489 1144/1144
f 1490/1490 1144/1144 1140/1140
f 1490/1490 1140/1140 1488/1488
f 1490/1490 1488/1488 1491/1491
f 1492/1492 1489/1489 1490/1490
f 1493/1493 1490/1490 1491/1491
f 1493/1493 1492/1492 1490/1490
f 1494/1494 1487/1487 1495/1495
f 1496/1496 1487/1487 1479/1479
f 1487/1487 1494/1494 1488/1488
f 1497/1497 1496/1496 1485/1485
f 1497/1497 1498/1498 1496/1496
f 1498/1498 1487/1487 1496/1496
f 1499/1499 1498/1498 1497/1497
f 1494/1494 1491/1491 1488/1488
f 1494/1494 1500/1500 1493/1493
f 1494/1494 1493/1493 1491/1491
f 1494/1494 1495/1495 1500/1500
f 1501/1501 1493/1493 1500/1500
f 1486/1486 1482/1482 770/770
f 770/770 1502/1502 1486/1486
f 1503/1503 1504/1504 1486/1486
f 1505/1505 1502/1502 1506/1506
f 1503/1503 1502/1502 1505/1505
f 1507/1507 1503/1503 1505/1505
f 1508/1508 1507/1507 1505/1505
f 1508/1508 1509/1509 1507/1507
f 1510/1510 1499/1499 1497/1497
f 1511/1511 1498/1498 1499/1499
f 1511/1511 1499/1499 1510/1510
f 1504/1504 1503/1503 1512/1512
f 1513/1513 1511/1511 1510/1510
f 1514/1514 1510/1510 1512/1512
f 1514/1514 1513/1513 1510/1510
f 1511/1511 1515/1515 1498/1498
f 1511/1511 1516/1516 1515/1515
f 1515/1515 1516/1516 1517/1517
f 1516/1516 1511/1511 1513/1513
f 1516/1516 1513/1513 1514/1514
f 1516/1516 1514/1514 1518/1518
f 1503/1503 1507/1507 1512/1512
f 1512/1512 1507/1507 1519/1519
f 1514/1514 1512/1512 1519/1519
f 1507/1507 1520/1520 1519/1519
f 1509/1509 1520/1520 1507/1507
f 1521/1521 1514/1514 1519/1519
f 1522/1522 1521/1521 1519/1519
f 1522/1522 1519/1519 1520/1520
f 1521/1521 1522/1522 1523/1523
f 1524/1524 1525/1525 1521/1521
f 349/349 1475/1475 350/350
f 344/344 1483/1483 349/349
f 1483/1483 1475/1475 349/349
f 344/344 766/766 1483/1483
f 766/766 770/770 1483/1483
f 1526/1526 1527/1527 770/770
f 1502/1502 770/770 1527/1527
f 1506/1506 1502/1502 1527/1527
f 769/769 1526/1526 770/770
f 1528/1528 1527/1527 1526/1526
f 1506/1506 1527/1527 1528/1528
f 1529/1529 1526/1526 769/769
f 1530/1530 769/769 390/390
f 1530/1530 1529/1529 769/769
f 1529/1529 1528/1528 1526/1526
f 1531/1531 1506/1506 1528/1528
f 1531/1531 1505/1505 1506/1506
f 1508/1508 1505/1505 1531/1531
f 1532/1532 1508/1508 1531/1531
f 1532/1532 1528/1528 1529/1529
f 1532/1532 1531/1531 1528/1528
f 1533/1533 1532/1532 1529/1529
f 1145/1145 1169/1169 1141/1141
f 1170/1170 1169/1169 1145/1145
f 1145/1145 1489/1489 1170/1170
f 1492/1492 1170/1170 1489/1489
f 1534/1534 1535/1535 1536/1536
f 1534/1534 1537/1537 1197/1197
f 1534/1534 1536/1536 1538/1538
f 1493/1493 1501/1501 1539/1539
f 1517/1517 1539/1539 1501/1501
f 1539/1539 1536/1536 1493/1493
f 1540/1540 1536/1536 1539/1539
f 1541/1541 1540/1540 1539/1539
f 1539/1539 1517/1517 1541/1541
f 1538/1538 1536/1536 1542/1542
f 1542/1542 1543/1543 1538/1538
f 1542/1542 1540/1540 1543/1543
f 1544/1544 1543/1543 1540/1540
f 1541/1541 1544/1544 1540/1540
f 1545/1545 1197/1197 1537/1537
f 1545/1545 1198/1198 1197/1197
f 1198/1198 1546/1546 1200/1200
f 1546/1546 1198/1198 1545/1545
f 1547/1547 1546/1546 1545/1545
f 1546/1546 1547/1547 1548/1548
f 1546/1546 1548/1548 1200/1200
f 1547/1547 1537/1537 1538/1538
f 1538/1538 1537/1537 1534/1534
f 1537/1537 1547/1547 1545/1545
f 1549/1549 1547/1547 1538/1538
f 1550/1550 1547/1547 1549/1549
f 1550/1550 1548/1548 1547/1547
f 1548/1548 1201/1201 1200/1200
f 1548/1548 1551/1551 1201/1201
f 1552/1552 1246/1246 1201/1201
f 1553/1553 1552/1552 1201/1201
f 1550/1550 1551/1551 1548/1548
f 1553/1553 1201/1201 1551/1551
f 1549/1549 1538/1538 1543/1543
f 1549/1549 1543/1543 1550/1550
f 1554/1554 1550/1550 1543/1543
f 1555/1555 1543/1543 1544/1544
f 1555/1555 1554/1554 1543/1543
f 1554/1554 1551/1551 1550/1550
f 1556/1556 1551/1551 1554/1554
f 1557/1557 1556/1556 1554/1554
f 1556/1556 1553/1553 1551/1551
f 1557/1557 1553/1553 1556/1556
f 1558/1558 1553/1553 1557/1557
f 1559/1559 1558/1558 1557/1557
f 1555/1555 1560/1560 1554/1554
f 1560/1560 1557/1557 1554/1554
f 1557/1557 1560/1560 1559/1559
f 1517/1517 1516/1516 1518/1518
f 1517/1517 1518/1518 1561/1561
f 1562/1562 1561/1561 1518/1518
f 1563/1563 1561/1561 1562/1562
f 1564/1564 1541/1541 1561/1561
f 1564/1564 1544/1544 1541/1541
f 1555/1555 1544/1544 1564/1564
f 1565/1565 1564/1564 1566/1566
f 1567/1567 1564/1564 1565/1565
f 1568/1568 1565/1565 1566/1566
f 1525/1525 1562/1562 1518/1518
f 1525/1525 1563/1563 1562/1562
f 1569/1569 1563/1563 1525/1525
f 1570/1570 1568/1568 1563/1563
f 1563/1563 1569/1569 1570/1570
f 1568/1568 1570/1570 1571/1571
f 1572/1572 1570/1570 1569/1569
f 1573/1573 1570/1570 1572/1572
f 1573/1573 1571/1571 1570/1570
f 1564/1564 1574/1574 1555/1555
f 1567/1567 1574/1574 1564/1564
f 1574/1574 1560/1560 1555/1555
f 1568/1568 1567/1567 1565/1565
f 1571/1571 1575/1575 1567/1567
f 1567/1567 1575/1575 1574/1574
f 1574/1574 1575/1575 1576/1576
f 1576/1576 1559/1559 1560/1560
f 1574/1574 1576/1576 1560/1560
f 1577/1577 1576/1576 1575/1575
f 1571/1571 1567/1567 1568/1568
f 1578/1578 1577/1577 1575/1575
f 1571/1571 1578/1578 1575/1575
f 1579/1579 1571/1571 1573/1573
f 1571/1571 1579/1579 1578/1578
f 1580/1580 1559/1559 1576/1576
f 1581/1581 1580/1580 1576/1576
f 1582/1582 1579/1579 1573/1573
f 1520/1520 1583/1583 1522/1522
f 1584/1584 1522/1522 1583/1583
f 1585/1585 1523/1523 1522/1522
f 1524/1524 1521/1521 1523/1523
f 1522/1522 1584/1584 1585/1585
f 385/385 1530/1530 390/390
f 392/392 1530/1530 385/385
f 392/392 1586/1586 1530/1530
f 1586/1586 1529/1529 1530/1530
f 1533/1533 1529/1529 1586/1586
f 1587/1587 1586/1586 392/392
f 393/393 392/392 391/391
f 393/393 1588/1588 392/392
f 1587/1587 1589/1589 1586/1586
f 1586/1586 1589/1589 1533/1533
f 1588/1588 1587/1587 392/392
f 1589/1589 1587/1587 1588/1588
f 1590/1590 1589/1589 1588/1588
f 1533/1533 1589/1589 1591/1591
f 1591/1591 1589/1589 1590/1590
f 1590/1590 393/393 1592/1592
f 393/393 399/399 1592/1592
f 1592/1592 1593/1593 1590/1590
f 1592/1592 399/399 1593/1593
f 1594/1594 1593/1593 399/399
f 1593/1593 1591/1591 1590/1590
f 1591/1591 1595/1595 1596/1596
f 1597/1597 1596/1596 1595/1595
f 1598/1598 1599/1599 1583/1583
f 1599/1599 1598/1598 1596/1596
f 1599/1599 1584/1584 1583/1583
f 1599/1599 1600/1600 1584/1584
f 1600/1600 1585/1585 1584/1584
f 1601/1601 1585/1585 1602/1602
f 1597/1597 1599/1599 1596/1596
f 1603/1603 1600/1600 1599/1599
f 1599/1599 1597/1597 1603/1603
f 1604/1604 1597/1597 1595/1595
f 1604/1604 1605/1605 1597/1597
f 1605/1605 1603/1603 1597/1597
f 1600/1600 1603/1603 1606/1606
f 1606/1606 1602/1602 1600/1600
f 1603/1603 1607/1607 1606/1606
f 1608/1608 1602/1602 1606/1606
f 1609/1609 1602/1602 1608/1608
f 1607/1607 1603/1603 1605/1605
f 1610/1610 1607/1607 1605/1605
f 1606/1606 1607/1607 1608/1608
f 411/411 399/399 400/400
f 1611/1611 411/411 413/413
f 1612/1612 1613/1613 399/399
f 1612/1612 399/399 411/411
f 415/415 1611/1611 413/413
f 1611/1611 1614/1614 411/411
f 1615/1615 1616/1616 1611/1611
f 1617/1617 1604/1604 1618/1618
f 1612/1612 1616/1616 1618/1618
f 1616/1616 1617/1617 1618/1618
f 1615/1615 1611/1611 415/415
f 1615/1615 1619/1619 1616/1616
f 1595/1595 1618/1618 1604/1604
f 1620/1620 1604/1604 1617/1617
f 1620/1620 1610/1610 1604/1604
f 1621/1621 1617/1617 1616/1616
f 1620/1620 1617/1617 1622/1622
f 1621/1621 1616/1616 1619/1619
f 1617/1617 1621/1621 1622/1622
f 1610/1610 1623/1623 1607/1607
f 1624/1624 1607/1607 1623/1623
f 1625/1625 1624/1624 1623/1623
f 1626/1626 1625/1625 1623/1623
f 1627/1627 1625/1625 1626/1626
f 1628/1628 1627/1627 1626/1626
f 1629/1629 1621/1621 1619/1619
f 1630/1630 1629/1629 1619/1619
f 1621/1621 1626/1626 1622/1622
f 1626/1626 1621/1621 1628/1628
f 1621/1621 1629/1629 1628/1628
f 1631/1631 1627/1627 1628/1628
f 1629/1629 1631/1631 1628/1628
f 1629/1629 1632/1632 1631/1631
f 1524/1524 1633/1633 1525/1525
f 1634/1634 1633/1633 1524/1524
f 1634/1634 1572/1572 1633/1633
f 1523/1523 1601/1601 1524/1524
f 1585/1585 1601/1601 1523/1523
f 1633/1633 1572/1572 1569/1569
f 1601/1601 1634/1634 1524/1524
f 1634/1634 1601/1601 1635/1635
f 1582/1582 1572/1572 1636/1636
f 1573/1573 1572/1572 1582/1582
f 1637/1637 1582/1582 1636/1636
f 1638/1638 1636/1636 1572/1572
f 1638/1638 1572/1572 1634/1634
f 1638/1638 1637/1637 1636/1636
f 1639/1639 1609/1609 1608/1608
f 1639/1639 1640/1640 1609/1609
f 1640/1640 1639/1639 1641/1641
f 1641/1641 1639/1639 1642/1642
f 1641/1641 1642/1642 1643/1643
f 1643/1643 1644/1644 1641/1641
f 1608/1608 1645/1645 1639/1639
f 1645/1645 1642/1642 1639/1639
f 1607/1607 1624/1624 1608/1608
f 1646/1646 1642/1642 1645/1645
f 1646/1646 1643/1643 1642/1642
f 1643/1643 1646/1646 1647/1647
f 1648/1648 1646/1646 1645/1645
f 1649/1649 1643/1643 1647/1647
f 1646/1646 1648/1648 1647/1647
f 1643/1643 1635/1635 1644/1644
f 1650/1650 1638/1638 1635/1635
f 1638/1638 1650/1650 1651/1651
f 1651/1651 1652/1652 1638/1638
f 1650/1650 1635/1635 1643/1643
f 1650/1650 1643/1643 1649/1649
f 1653/1653 1650/1650 1649/1649
f 1653/1653 1649/1649 1654/1654
f 1650/1650 1653/1653 1651/1651
f 1653/1653 1655/1655 1651/1651
f 1637/1637 1656/1656 1582/1582
f 1656/1656 1579/1579 1582/1582
f 1656/1656 1578/1578 1579/1579
f 1657/1657 1578/1578 1656/1656
f 1657/1657 1656/1656 1637/1637
f 1652/1652 1637/1637 1638/1638
f 1652/1652 1657/1657 1637/1637
f 1658/1658 1659/1659 1578/1578
f 1660/1660 1658/1658 1578/1578
f 1660/1660 1578/1578 1657/1657
f 1661/1661 1659/1659 1658/1658
f 1662/1662 1661/1661 1658/1658
f 1663/1663 1660/1660 1664/1664
f 1663/1663 1658/1658 1660/1660
f 1663/1663 1662/1662 1658/1658
f 1651/1651 1665/1665 1652/1652
f 1652/1652 1665/1665 1657/1657
f 1655/1655 1665/1665 1651/1651
f 1655/1655 1666/1666 1665/1665
f 1666/1666 1663/1663 1664/1664
f 1664/1664 1665/1665 1666/1666
f 1667/1667 1663/1663 1666/1666
f 1668/1668 1667/1667 1666/1666
f 1666/1666 1669/1669 1668/1668
f 1668/1668 1670/1670 1667/1667
f 1648/1648 1608/1608 1624/1624
f 1648/1648 1645/1645 1608/1608
f 1625/1625 1648/1648 1624/1624
f 1671/1671 1649/1649 1647/1647
f 1671/1671 1647/1647 1648/1648
f 1672/1672 1648/1648 1625/1625
f 1672/1672 1671/1671 1648/1648
f 1673/1673 1672/1672 1625/1625
f 1674/1674 1653/1653 1654/1654
f 1654/1654 1649/1649 1671/1671
f 1654/1654 1671/1671 1675/1675
f 1674/1674 1654/1654 1675/1675
f 1671/1671 1676/1676 1675/1675
f 1675/1675 1677/1677 1674/1674
f 1677/1677 1675/1675 1676/1676
f 1627/1627 1673/1673 1625/1625
f 1678/1678 1631/1631 1632/1632
f 1679/1679 1680/1680 1678/1678
f 1680/1680 1681/1681 1678/1678
f 1682/1682 1676/1676 1681/1681
f 1682/1682 1677/1677 1676/1676
f 1683/1683 1677/1677 1682/1682
f 1680/1680 1682/1682 1681/1681
f 1674/1674 1655/1655 1653/1653
f 1684/1684 1669/1669 1655/1655
f 1674/1674 1684/1684 1655/1655
f 1684/1684 1674/1674 1677/1677
f 1685/1685 1670/1670 1668/1668
f 1668/1668 1669/1669 1685/1685
f 1684/1684 1677/1677 1683/1683
f 1686/1686 1683/1683 1682/1682
f 1680/1680 1686/1686 1682/1682
f 1687/1687 1686/1686 1680/1680
f 1686/1686 1688/1688 1683/1683
f 1689/1689 1686/1686 1687/1687
f 1689/1689 1690/1690 1686/1686
f 1691/1691 1690/1690 1692/1692
f 1692/1692 1690/1690 1693/1693
f 1558/1558 1552/1552 1553/1553
f 1558/1558 1694/1694 1552/1552
f 1695/1695 1694/1694 1558/1558
f 1696/1696 1697/1697 1694/1694
f 1694/1694 1247/1247 1248/1248
f 1250/1250 1247/1247 1694/1694
f 1697/1697 1250/1250 1694/1694
f 1695/1695 1696/1696 1694/1694
f 1559/1559 1695/1695 1558/1558
f 1695/1695 1559/1559 1580/1580
f 1697/1697 1270/1270 1250/1250
f 1697/1697 1271/1271 1270/1270
f 1696/1696 1698/1698 1697/1697
f 1699/1699 1271/1271 1697/1697
f 1696/1696 1695/1695 1698/1698
f 1695/1695 1700/1700 1698/1698
f 1700/1700 1697/1697 1698/1698
f 1699/1699 1697/1697 1700/1700
f 1701/1701 1702/1702 1699/1699
f 1703/1703 1704/1704 1705/1705
f 1703/1703 1706/1706 1701/1701
f 1702/1702 1271/1271 1699/1699
f 1702/1702 1707/1707 1271/1271
f 1707/1707 1269/1269 1271/1271
f 1269/1269 1707/1707 1273/1273
f 1708/1708 1274/1274 1273/1273
f 1708/1708 1273/1273 1709/1709
f 1709/1709 1707/1707 1702/1702
f 1702/1702 1710/1710 1709/1709
f 1709/1709 1273/1273 1707/1707
f 1711/1711 1708/1708 1709/1709
f 1708/1708 1279/1279 1274/1274
f 1712/1712 1709/1709 1710/1710
f 1710/1710 1706/1706 1712/1712
f 1712/1712 1711/1711 1709/1709
f 1706/1706 1713/1713 1712/1712
f 1714/1714 1713/1713 1706/1706
f 1279/1279 1281/1281 1278/1278
f 1708/1708 1281/1281 1279/1279
f 1708/1708 1715/1715 1281/1281
f 1280/1280 1281/1281 1715/1715
f 1716/1716 1280/1280 1715/1715
f 1715/1715 1717/1717 1716/1716
f 1717/1717 1715/1715 1708/1708
f 1708/1708 1711/1711 1717/1717
f 1280/1280 1716/1716 1718/1718
f 1283/1283 1280/1280 1718/1718
f 1716/1716 1719/1719 1718/1718
f 1720/1720 1718/1718 1719/1719
f 1721/1721 1720/1720 1719/1719
f 1720/1720 1283/1283 1718/1718
f 1722/1722 1283/1283 1720/1720
f 1723/1723 1711/1711 1712/1712
f 1723/1723 1717/1717 1711/1711
f 1723/1723 1724/1724 1717/1717
f 1713/1713 1723/1723 1712/1712
f 1725/1725 1723/1723 1713/1713
f 1726/1726 1724/1724 1723/1723
f 1727/1727 1719/1719 1724/1724
f 1728/1728 1721/1721 1719/1719
f 1727/1727 1728/1728 1719/1719
f 1729/1729 1728/1728 1727/1727
f 1726/1726 1727/1727 1724/1724
f 1729/1729 1727/1727 1726/1726
f 1730/1730 1728/1728 1729/1729
f 1731/1731 1695/1695 1580/1580
f 1700/1700 1695/1695 1731/1731
f 1705/1705 1700/1700 1731/1731
f 1732/1732 1580/1580 1581/1581
f 1732/1732 1731/1731 1580/1580
f 1733/1733 1705/1705 1731/1731
f 1705/1705 1734/1734 1703/1703
f 1734/1734 1706/1706 1703/1703
f 1714/1714 1706/1706 1734/1734
f 1734/1734 1705/1705 1733/1733
f 1735/1735 1714/1714 1734/1734
f 1735/1735 1736/1736 1714/1714
f 1733/1733 1731/1731 1737/1737
f 1734/1734 1733/1733 1738/1738
f 1735/1735 1734/1734 1738/1738
f 1739/1739 1735/1735 1738/1738
f 1740/1740 1739/1739 1738/1738
f 1741/1741 1736/1736 1735/1735
f 1742/1742 1736/1736 1741/1741
f 1739/1739 1741/1741 1735/1735
f 1739/1739 1742/1742 1741/1741
f 1743/1743 1744/1744 1745/1745
f 1746/1746 1743/1743 1745/1745
f 1725/1725 1713/1713 1714/1714
f 1726/1726 1723/1723 1725/1725
f 1736/1736 1725/1725 1714/1714
f 1747/1747 1736/1736 1742/1742
f 1736/1736 1747/1747 1725/1725
f 1747/1747 1726/1726 1725/1725
f 1748/1748 1729/1729 1726/1726
f 1749/1749 1726/1726 1747/1747
f 1748/1748 1726/1726 1749/1749
f 1750/1750 1749/1749 1747/1747
f 1748/1748 1749/1749 1750/1750
f 1742/1742 1750/1750 1747/1747
f 1745/1745 1744/1744 1742/1742
f 1742/1742 1744/1744 1750/1750
f 1750/1750 1744/1744 1751/1751
f 1748/1748 1750/1750 1751/1751
f 1751/1751 1744/1744 1743/1743
f 1746/1746 1751/1751 1743/1743
f 1752/1752 1751/1751 1746/1746
f 1753/1753 1748/1748 1751/1751
f 1754/1754 1753/1753 1751/1751
f 1737/1737 1659/1659 1661/1661
f 1755/1755 1756/1756 1757/1757
f 1758/1758 1757/1757 1759/1759
f 1755/1755 1757/1757 1758/1758
f 1760/1760 1756/1756 1761/1761
f 1746/1746 1745/1745 1761/1761
f 1762/1762 1746/1746 1761/1761
f 1756/1756 1762/1762 1761/1761
f 1756/1756 1755/1755 1763/1763
f 1756/1756 1763/1763 1762/1762
f 1752/1752 1762/1762 1764/1764
f 1762/1762 1763/1763 1764/1764
f 1765/1765 1764/1764 1763/1763
f 1667/1667 1758/1758 1759/1759
f 1758/1758 1766/1766 1755/1755
f 1766/1766 1763/1763 1755/1755
f 1758/1758 1667/1667 1670/1670
f 1766/1766 1767/1767 1763/1763
f 1768/1768 1765/1765 1767/1767
f 1762/1762 1752/1752 1746/1746
f 1754/1754 1751/1751 1752/1752
f 1769/1769 1754/1754 1752/1752
f 1768/1768 1767/1767 1770/1770
f 1692/1692 1771/1771 1691/1691
f 1772/1772 1771/1771 1692/1692
f 1773/1773 1774/1774 1771/1771
f 1771/1771 1772/1772 1773/1773
f 1775/1775 1772/1772 1692/1692
f 1773/1773 1772/1772 1776/1776
f 1776/1776 1777/1777 1773/1773
f 1775/1775 1776/1776 1772/1772
f 1775/1775 1778/1778 1776/1776
f 1722/1722 1459/1459 1283/1283
f 1460/1460 1722/1722 1463/1463
f 1779/1779 1463/1463 1722/1722
f 1779/1779 1471/1471 1463/1463
f 1730/1730 1779/1779 1722/1722
f 1779/1779 1730/1730 1780/1780
f 1781/1781 1471/1471 1779/1779
f 1780/1780 1781/1781 1779/1779
f 1782/1782 1781/1781 1780/1780
f 1783/1783 1411/1411 1412/1412
f 1784/1784 1785/1785 1786/1786
f 1784/1784 1787/1787 1785/1785
f 1787/1787 1783/1783 1785/1785
f 1781/1781 1786/1786 1471/1471
f 1788/1788 1781/1781 1782/1782
f 1781/1781 1788/1788 1786/1786
f 1784/1784 1786/1786 1788/1788
f 1789/1789 1787/1787 1784/1784
f 1788/1788 1789/1789 1784/1784
f 1787/1787 1789/1789 1790/1790
f 1790/1790 1783/1783 1787/1787
f 1791/1791 1789/1789 1792/1792
f 1790/1790 1789/1789 1793/1793
f 1748/1748 1730/1730 1729/1729
f 1794/1794 1795/1795 1730/1730
f 1794/1794 1730/1730 1748/1748
f 1794/1794 1796/1796 1795/1795
f 1748/1748 1753/1753 1794/1794
f 1796/1796 1794/1794 1753/1753
f 1796/1796 1797/1797 1798/1798
f 1799/1799 1795/1795 1800/1800
f 1795/1795 1796/1796 1800/1800
f 1798/1798 1800/1800 1796/1796
f 1792/1792 1782/1782 1791/1791
f 1800/1800 1791/1791 1799/1799
f 1793/1793 1789/1789 1801/1801
f 1801/1801 1789/1789 1791/1791
f 1802/1802 1791/1791 1800/1800
f 1791/1791 1803/1803 1805/1805
f 1800/1800 1798/1798 1802/1802
f 1806/1806 1802/1802 1798/1798
f 1802/1802 1808/1808 1809/1809
f 1802/1802 1809/1809 1791/1791
f 1802/1802 1803/1803 1808/1808
f 1802/1802 1805/1805 1803/1803
f 1811/1811 1805/1805 1802/1802
f 1805/1805 1801/1801 1791/1791
f 1812/1812 1813/1813 1404/1404
f 1814/1814 1815/1815 1816/1816
f 1817/1817 1416/1416 1783/1783
f 1818/1818 1414/1414 1416/1416
f 1819/1819 1818/1818 1416/1416
f 1820/1820 1417/1417 1414/1414
f 1818/1818 1820/1820 1414/1414
f 1819/1819 1820/1820 1818/1818
f 1416/1416 1413/1413 1411/1411
f 1819/1819 1416/1416 1817/1817
f 1819/1819 1821/1821 1820/1820
f 1822/1822 1823/1823 1817/1817
f 1823/1823 1819/1819 1817/1817
f 1823/1823 1824/1824 1819/1819
f 1417/1417 1820/1820 1420/1420
f 1821/1821 1420/1420 1820/1820
f 1421/1421 1420/1420 1825/1825
f 1423/1423 1421/1421 1825/1825
f 1420/1420 1821/1821 1825/1825
f 1826/1826 1812/1812 1423/1423
f 1812/1812 1404/1404 1423/1423
f 1825/1825 1826/1826 1423/1423
f 1827/1827 1812/1812 1826/1826
f 1827/1827 1826/1826 1816/1816
f 1821/1821 1819/1819 1825/1825
f 1828/1828 1829/1829 1830/1830
f 1826/1826 1829/1829 1816/1816
f 1831/1831 1816/1816 1829/1829
f 1828/1828 1831/1831 1829/1829
f 1814/1814 1816/1816 1831/1831
f 1832/1832 1833/1833 1834/1834
f 1835/1835 1836/1836 1832/1832
f 1805/1805 1837/1837 1801/1801
f 1828/1828 1830/1830 1838/1838
f 1839/1839 1838/1838 1840/1840
f 1841/1841 1839/1839 1840/1840
f 1842/1842 1843/1843 1844/1844
f 1842/1842 1840/1840 1843/1843
f 1844/1844 1843/1843 1845/1845
f 1840/1840 1838/1838 1830/1830
f 1838/1838 1846/1846 1834/1834
f 1839/1839 1846/1846 1838/1838
f 1847/1847 1846/1846 1839/1839
f 1847/1847 1834/1834 1846/1846
f 1848/1848 1839/1839 1841/1841
f 1840/1840 1842/1842 1841/1841
f 1849/1849 1841/1841 1842/1842
f 1849/1849 1842/1842 1844/1844
f 1849/1849 1848/1848 1841/1841
f 1849/1849 1850/1850 1848/1848
f 1850/1850 1847/1847 1848/1848
f 1851/1851 1850/1850 1849/1849
f 1851/1851 1849/1849 1844/1844
f 1852/1852 1851/1851 1844/1844
f 1853/1853 1851/1851 1852/1852
f 1848/1848 1847/1847 1839/1839
f 1847/1847 1850/1850 1832/1832
f 1835/1835 1832/1832 1850/1850
f 1765/1765 1854/1854 1769/1769
f 1855/1855 1765/1765 1856/1856
f 1855/1855 1854/1854 1765/1765
f 1797/1797 1796/1796 1753/1753
f 1857/1857 1754/1754 1769/1769
f 1754/1754 1797/1797 1753/1753
f 1857/1857 1858/1858 1754/1754
f 1858/1858 1797/1797 1754/1754
f 1806/1806 1798/1798 1797/1797
f 1806/1806 1797/1797 1858/1858
f 1854/1854 1857/1857 1769/1769
f 1859/1859 1858/1858 1857/1857
f 1854/1854 1859/1859 1857/1857
f 1854/1854 1860/1860 1859/1859
f 1858/1858 1859/1859 1861/1861
f 1860/1860 1861/1861 1859/1859
f 1855/1855 1860/1860 1854/1854
f 1860/1860 1862/1862 1861/1861
f 1806/1806 1858/1858 1861/1861
f 1806/1806 1861/1861 1811/1811
f 1802/1802 1806/1806 1811/1811
f 1863/1863 1837/1837 1811/1811
f 1864/1864 1811/1811 1861/1861
f 1864/1864 1861/1861 1865/1865
f 1866/1866 1867/1867 1863/1863
f 1864/1864 1865/1865 1868/1868
f 1869/1869 1855/1855 1870/1870
f 1870/1870 1871/1871 1872/1872
f 1870/1870 1872/1872 1869/1869
f 1873/1873 1869/1869 1872/1872
f 1874/1874 1871/1871 1875/1875
f 1778/1778 1875/1875 1776/1776
f 1876/1876 1874/1874 1875/1875
f 1876/1876 1875/1875 1778/1778
f 1874/1874 1872/1872 1871/1871
f 1872/1872 1874/1874 1873/1873
f 1877/1877 1873/1873 1874/1874
f 1876/1876 1877/1877 1874/1874
f 1878/1878 1877/1877 1876/1876
f 1879/1879 1878/1878 1876/1876
f 1869/1869 1860/1860 1855/1855
f 1869/1869 1862/1862 1860/1860
f 1873/1873 1862/1862 1869/1869
f 1873/1873 1865/1865 1862/1862
f 1880/1880 1865/1865 1873/1873
f 1880/1880 1881/1881 1865/1865
f 1882/1882 1880/1880 1883/1883
f 1884/1884 1885/1885 1868/1868
f 1882/1882 1881/1881 1880/1880
f 1886/1886 1884/1884 1882/1882
f 1884/1884 1886/1886 1887/1887
f 1873/1873 1877/1877 1883/1883
f 1883/1883 1880/1880 1873/1873
f 1878/1878 1883/1883 1877/1877
f 1888/1888 1882/1882 1883/1883
f 1878/1878 1888/1888 1883/1883
f 1888/1888 1878/1878 1879/1879
f 1882/1882 1888/1888 1886/1886
f 1889/1889 1886/1886 1888/1888
f 1890/1890 1887/1887 1886/1886
f 1890/1890 1886/1886 1889/1889
f 1835/1835 1891/1891 1892/1892
f 1893/1893 1892/1892 1894/1894
f 1892/1892 1891/1891 1894/1894
f 1895/1895 1894/1894 1891/1891
f 1896/1896 1897/1897 1894/1894
f 1894/1894 1895/1895 1896/1896
f 1867/1867 1898/1898 1863/1863
f 1899/1899 1898/1898 1867/1867
f 1852/1852 1900/1900 1853/1853
f 1901/1901 1853/1853 1900/1900
f 1902/1902 1853/1853 1901/1901
f 1837/1837 1863/1863 1898/1898
f 1898/1898 1903/1903 1837/1837
f 1866/1866 1899/1899 1867/1867
f 1904/1904 1866/1866 1885/1885
f 1905/1905 1906/1906 1907/1907
f 1906/1906 1908/1908 1907/1907
f 1905/1905 1907/1907 1909/1909
f 1910/1910 1907/1907 1908/1908
f 1910/1910 1911/1911 1907/1907
f 1912/1912 1850/1850 1851/1851
f 1913/1913 1912/1912 1851/1851
f 1902/1902 1851/1851 1853/1853
f 1851/1851 1902/1902 1913/1913
f 1912/1912 1835/1835 1850/1850
f 1912/1912 1891/1891 1835/1835
f 1913/1913 1891/1891 1912/1912
f 1895/1895 1891/1891 1913/1913
f 1913/1913 1909/1909 1895/1895
f 1911/1911 1895/1895 1909/1909
f 1914/1914 1895/1895 1911/1911
f 1914/1914 1896/1896 1895/1895
f 1915/1915 1916/1916 1914/1914
f 1914/1914 1911/1911 1915/1915
f 1916/1916 1896/1896 1914/1914
f 1915/1915 1917/1917 1916/1916
f 1885/1885 1884/1884 1904/1904
f 1887/1887 1918/1918 1904/1904
f 1918/1918 1908/1908 1904/1904
f 1887/1887 1904/1904 1884/1884
f 1918/1918 1887/1887 1890/1890
f 1919/1919 1910/1910 1918/1918
f 1919/1919 1920/1920 1910/1910
f 1921/1921 1919/1919 1890/1890
f 1919/1919 1918/1918 1890/1890
f 1922/1922 1920/1920 1919/1919
f 1915/1915 1920/1920 1922/1922
f 537/537 1615/1615 415/415
f 1923/1923 1619/1619 1615/1615
f 1619/1619 1923/1923 1924/1924
f 537/537 1923/1923 1615/1615
f 1619/1619 1924/1924 1630/1630
f 1632/1632 1629/1629 1630/1630
f 1925/1925 1679/1679 1632/1632
f 1630/1630 1925/1925 1632/1632
f 1925/1925 1630/1630 1924/1924
f 1926/1926 1679/1679 1925/1925
f 1679/1679 1678/1678 1632/1632
f 1927/1927 1680/1680 1679/1679
f 1927/1927 1687/1687 1680/1680
f 1927/1927 1679/1679 1928/1928
f 1689/1689 1693/1693 1690/1690
f 1929/1929 1775/1775 1693/1693
f 1687/1687 1930/1930 1689/1689
f 1927/1927 1930/1930 1687/1687
f 1930/1930 1693/1693 1689/1689
f 1930/1930 1931/1931 1693/1693
f 1931/1931 1929/1929 1693/1693
f 1928/1928 1679/1679 1926/1926
f 1932/1932 1927/1927 1928/1928
f 1933/1933 1927/1927 1932/1932
f 1933/1933 1930/1930 1927/1927
f 1934/1934 1931/1931 1930/1930
f 1929/1929 1931/1931 1934/1934
f 1935/1935 1924/1924 1923/1923
f 1925/1925 1924/1924 1935/1935
f 546/546 1923/1923 537/537
f 1935/1935 1923/1923 546/546
f 1925/1925 1936/1936 1926/1926
f 1928/1928 1926/1926 1936/1936
f 1935/1935 546/546 547/547
f 547/547 1925/1925 1935/1935
f 1937/1937 1928/1928 1938/1938
f 1938/1938 1928/1928 1936/1936
f 1933/1933 1934/1934 1930/1930
f 1939/1939 1934/1934 1933/1933
f 1939/1939 1940/1940 1934/1934
f 1937/1937 1932/1932 1928/1928
f 1933/1933 1932/1932 1941/1941
f 1937/1937 1941/1941 1932/1932
f 1941/1941 1939/1939 1933/1933
f 1940/1940 1929/1929 1934/1934
f 1940/1940 1942/1942 1929/1929
f 1943/1943 1944/1944 1942/1942
f 1945/1945 1944/1944 1943/1943
f 1940/1940 1943/1943 1942/1942
f 1937/1937 1939/1939 1941/1941
f 1946/1946 1939/1939 1937/1937
f 1940/1940 1939/1939 1946/1946
f 1947/1947 1948/1948 1945/1945
f 1943/1943 1947/1947 1945/1945
f 1692/1692 1693/1693 1775/1775
f 1775/1775 1944/1944 1778/1778
f 1949/1949 1876/1876 1778/1778
f 1949/1949 1778/1778 1944/1944
f 1949/1949 1879/1879 1876/1876
f 1944/1944 1775/1775 1929/1929
f 1950/1950 1888/1888 1879/1879
f 1950/1950 1889/1889 1888/1888
f 1942/1942 1944/1944 1929/1929
f 1950/1950 1879/1879 1951/1951
f 1879/1879 1952/1952 1951/1951
f 1945/1945 1949/1949 1944/1944
f 1879/1879 1949/1949 1945/1945
f 1889/1889 1950/1950 1951/1951
f 1953/1953 1954/1954 1955/1955
f 1956/1956 1915/1915 1922/1922
f 1957/1957 1922/1922 1954/1954
f 1953/1953 1957/1957 1954/1954
f 1956/1956 1922/1922 1957/1957
f 1921/1921 1890/1890 1889/1889
f 1921/1921 1889/1889 1955/1955
f 1954/1954 1919/1919 1921/1921
f 1955/1955 1954/1954 1921/1921
f 1922/1922 1919/1919 1954/1954
f 1955/1955 1889/1889 1951/1951
f 1951/1951 1958/1958 1959/1959
f 1955/1955 1951/1951 1959/1959
f 1955/1955 1959/1959 1953/1953
f 1953/1953 1959/1959 1960/1960
f 1960/1960 1957/1957 1953/1953
f 1961/1961 1957/1957 1960/1960
f 1948/1948 1879/1879 1945/1945
f 1948/1948 1952/1952 1879/1879
f 1958/1958 1951/1951 1952/1952
f 1960/1960 1959/1959 1962/1962
f 1962/1962 1959/1959 1958/1958
f 1960/1960 1962/1962 1961/1961
f 1963/1963 1957/1957 1961/1961
f 1964/1964 1952/1952 1948/1948
f 1958/1958 1952/1952 1964/1964
f 1962/1962 1958/1958 1965/1965
f 1964/1964 1965/1965 1958/1958
f 630/630 730/730 648/648
f 1966/1966 648/648 730/730
f 730/730 1967/1967 1966/1966
f 1968/1968 649/649 648/648
f 648/648 1966/1966 1968/1968
f 1969/1969 1968/1968 1966/1966
f 1966/1966 1967/1967 1969/1969
f 1968/1968 1970/1970 1971/1971
f 1968/1968 1969/1969 1970/1970
f 1968/1968 653/653 649/649
f 1968/1968 1971/1971 653/653
f 1972/1972 653/653 1971/1971
f 1973/1973 1972/1972 1971/1971
f 1970/1970 1973/1973 1971/1971
f 1972/1972 1974/1974 659/659
f 659/659 653/653 1972/1972
f 1975/1975 661/661 659/659
f 659/659 1974/1974 1975/1975
f 1974/1974 1976/1976 1975/1975
f 1978/1978 661/661 1975/1975
f 1976/1976 1974/1974 1979/1979
f 1973/1973 1980/1980 1972/1972
f 1972/1972 1980/1980 1974/1974
f 1979/1979 1974/1974 1980/1980
f 1981/1981 1979/1979 1980/1980
f 1979/1979 1981/1981 1982/1982
f 670/670 660/660 1977/1977
f 670/670 1977/1977 1983/1983
f 670/670 1983/1983 674/674
f 674/674 1983/1983 1984/1984
f 1984/1984 676/676 674/674
f 1976/1976 1978/1978 1975/1975
f 1985/1985 1987/1987 1977/1977
f 1987/1987 1983/1983 1977/1977
f 1987/1987 1984/1984 1983/1983
f 1987/1987 1985/1985 1988/1988
f 1987/1987 1988/1988 1989/1989
f 676/676 1984/1984 1990/1990
f 676/676 1990/1990 1991/1991
f 676/676 1991/1991 677/677
f 1984/1984 1987/1987 1990/1990
f 1990/1990 1987/1987 1992/1992
f 1993/1993 1990/1990 1992/1992
f 1987/1987 1989/1989 1992/1992
f 1992/1992 1994/1994 1993/1993
f 1994/1994 1992/1992 1995/1995
f 1990/1990 1993/1993 1991/1991
f 1991/1991 1993/1993 1996/1996
f 1978/1978 1976/1976 1986/1986
f 1998/1998 1988/1988 1985/1985
f 1986/1986 1976/1976 1997/1997
f 1995/1995 1992/1992 1989/1989
f 1999/1999 1995/1995 1989/1989
f 2000/2000 1989/1989 1988/1988
f 1998/1998 2000/2000 1988/1988
f 2000/2000 1999/1999 1989/1989
f 677/677 1991/1991 2001/2001
f 678/678 677/677 2001/2001
f 1996/1996 2001/2001 1991/1991
f 679/679 678/678 2001/2001
f 1994/1994 2002/2002 1993/1993
f 1999/1999 1994/1994 1995/1995
f 1994/1994 1999/1999 2003/2003
f 2002/2002 1994/1994 2003/2003
f 2004/2004 2003/2003 2005/2005
f 1999/1999 2000/2000 2006/2006
f 2007/2007 2003/2003 1999/1999
f 2005/2005 2003/2003 2007/2007
f 2005/2005 2007/2007 1054/1054
f 1996/1996 2008/2008 2001/2001
f 2009/2009 2001/2001 2008/2008
f 679/679 2001/2001 2009/2009
f 1996/1996 1993/1993 2002/2002
f 2008/2008 1996/1996 2002/2002
f 2004/2004 2008/2008 2002/2002
f 2004/2004 2009/2009 2008/2008
f 1056/1056 2009/2009 2004/2004
f 680/680 679/679 2009/2009
f 2009/2009 1052/1052 680/680
f 1052/1052 2009/2009 1056/1056
f 2002/2002 2003/2003 2004/2004
f 2004/2004 2005/2005 1056/1056
f 1054/1054 1056/1056 2005/2005
f 2011/2011 1997/1997 1976/1976
f 1976/1976 1979/1979 2012/2012
f 1998/1998 2010/2010 2000/2000
f 2000/2000 2010/2010 2013/2013
f 1976/1976 2012/2012 2011/2011
f 2015/2015 2013/2013 2010/2010
f 2014/2014 2011/2011 2012/2012
f 2000/2000 2013/2013 2016/2016
f 2016/2016 2006/2006 2000/2000
f 2006/2006 2007/2007 1999/1999
f 2006/2006 2017/2017 2007/2007
f 2017/2017 2006/2006 2018/2018
f 2007/2007 2017/2017 1054/1054
f 2019/2019 2018/2018 2006/2006
f 2006/2006 2016/2016 2019/2019
f 1054/1054 2017/2017 2018/2018
f 2018/2018 1060/1060 1054/1054
f 2015/2015 2016/2016 2013/2013
f 2016/2016 2015/2015 2019/2019
f 2018/2018 2019/2019 2020/2020
f 2015/2015 2020/2020 2019/2019
f 2021/2021 2020/2020 2015/2015
f 2020/2020 1060/1060 2018/2018
f 2021/2021 1060/1060 2020/2020
f 2021/2021 2022/2022 1060/1060
f 2021/2021 1066/1066 2022/2022
f 1066/1066 1064/1064 2022/2022
f 1061/1061 1060/1060 2022/2022
f 1061/1061 2022/2022 1064/1064
f 1062/1062 1061/1061 1064/1064
f 2023/2023 1979/1979 1982/1982
f 2024/2024 2025/2025 1982/1982
f 2025/2025 2024/2024 2026/2026
f 2025/2025 2023/2023 1982/1982
f 2015/2015 2028/2028 2021/2021
f 2012/2012 2027/2027 2014/2014
f 2027/2027 2012/2012 2030/2030
f 2031/2031 2021/2021 2028/2028
f 2021/2021 2031/2031 2032/2032
f 2033/2033 1066/1066 2021/2021
f 2032/2032 2033/2033 2021/2021
f 2032/2032 2034/2034 2033/2033
f 2029/2029 2031/2031 2028/2028
f 2035/2035 2032/2032 2031/2031
f 2012/2012 2036/2036 2030/2030
f 2037/2037 2031/2031 2029/2029
f 2036/2036 2038/2038 2030/2030
f 2033/2033 2039/2039 1066/1066
f 2039/2039 2033/2033 2034/2034
f 1066/1066 2039/2039 1065/1065
f 2040/2040 1065/1065 2039/2039
f 2035/2035 2034/2034 2032/2032
f 2041/2041 2034/2034 2035/2035
f 2012/2012 1979/1979 2042/2042
f 2012/2012 2042/2042 2043/2043
f 2023/2023 2042/2042 1979/1979
f 2012/2012 2043/2043 2036/2036
f 2031/2031 2037/2037 2044/2044
f 2035/2035 2031/2031 2044/2044
f 2035/2035 2045/2045 2041/2041
f 2045/2045 2035/2035 2044/2044
f 2046/2046 2044/2044 2037/2037
f 2047/2047 2038/2038 2036/2036
f 2048/2048 2047/2047 2036/2036
f 2036/2036 2043/2043 2048/2048
f 2044/2044 2049/2049 2045/2045
f 2046/2046 2049/2049 2044/2044
f 2023/2023 2025/2025 2050/2050
f 2050/2050 2025/2025 2051/2051
f 2025/2025 2026/2026 2051/2051
f 2052/2052 2050/2050 2051/2051
f 2052/2052 2053/2053 2050/2050
f 2043/2043 2042/2042 2050/2050
f 2042/2042 2023/2023 2050/2050
f 2055/2055 2043/2043 2050/2050
f 2056/2056 2048/2048 2055/2055
f 2059/2059 2056/2056 2055/2055
f 2043/2043 2055/2055 2048/2048
f 2060/2060 2047/2047 2048/2048
f 2046/2046 2062/2062 2049/2049
f 2061/2061 2063/2063 2046/2046
f 2061/2061 2064/2064 2063/2063
f 2063/2063 2062/2062 2046/2046
f 2056/2056 2060/2060 2048/2048
f 2061/2061 2057/2057 2064/2064
f 2065/2065 2064/2064 2057/2057
f 2063/2063 2064/2064 2066/2066
f 2055/2055 2050/2050 2067/2067
f 2050/2050 2053/2053 2067/2067
f 2059/2059 2055/2055 2067/2067
f 2069/2069 2058/2058 2068/2068
f 2058/2058 2069/2069 2065/2065
f 2065/2065 2057/2057 2058/2058
f 2066/2066 2064/2064 2065/2065
f 2065/2065 2069/2069 2070/2070
f 2066/2066 2065/2065 2070/2070
f 2071/2071 2066/2066 2070/2070
f 2072/2072 2054/2054 2073/2073
f 2054/2054 2072/2072 2068/2068
f 2068/2068 2072/2072 2069/2069
f 2072/2072 2075/2075 2069/2069
f 2069/2069 2075/2075 2070/2070
f 2070/2070 2076/2076 2071/2071
f 2075/2075 2077/2077 2070/2070
f 2076/2076 2070/2070 2077/2077
f 684/684 683/683 2078/2078
f 685/685 2079/2079 2080/2080
f 2078/2078 683/683 691/691
f 2079/2079 2081/2081 2080/2080
f 2082/2082 2083/2083 2080/2080
f 2080/2080 2083/2083 2084/2084
f 2084/2084 721/721 2080/2080
f 721/721 2084/2084 2085/2085
f 2084/2084 2086/2086 2085/2085
f 2086/2086 2087/2087 2085/2085
f 2088/2088 2089/2089 2091/2091
f 2092/2092 2093/2093 2088/2088
f 2091/2091 1069/1069 1068/1068
f 1068/1068 2088/2088 2091/2091
f 1068/1068 1071/1071 2088/2088
f 1073/1073 2094/2094 1074/1074
f 2094/2094 2092/2092 2088/2088
f 2094/2094 2088/2088 1071/1071
f 2095/2095 2092/2092 2094/2094
f 1074/1074 2094/2094 1071/1071
f 1082/1082 1072/1072 1067/1067
f 1072/1072 1074/1074 1071/1071
f 1075/1075 1074/1074 1072/1072
f 694/694 2078/2078 691/691
f 2096/2096 2078/2078 694/694
f 694/694 696/696 2096/2096
f 2079/2079 2097/2097 2081/2081
f 2098/2098 2096/2096 696/696
f 2090/2090 2096/2096 2098/2098
f 2098/2098 697/697 2090/2090
f 1070/1070 2090/2090 697/697
f 2098/2098 696/696 697/697
f 2089/2089 2097/2097 2091/2091
f 2097/2097 2082/2082 2081/2081
f 2089/2089 2082/2082 2097/2097
f 2093/2093 2082/2082 2089/2089
f 2083/2083 2082/2082 2093/2093
f 2093/2093 2089/2089 2088/2088
f 697/697 703/703 1078/1078
f 1078/1078 1070/1070 697/697
f 1079/1079 1070/1070 1078/1078
f 1078/1078 703/703 30/30
f 1078/1078 1076/1076 1079/1079
f 2099/2099 2083/2083 2093/2093
f 2092/2092 2099/2099 2093/2093
f 2100/2100 2099/2099 2095/2095
f 2100/2100 2101/2101 2099/2099
f 2101/2101 2100/2100 2102/2102
f 2086/2086 2084/2084 2103/2103
f 2102/2102 2103/2103 2101/2101
f 2104/2104 2086/2086 2103/2103
f 2104/2104 2105/2105 2086/2086
f 2095/2095 2094/2094 2106/2106
f 2107/2107 2095/2095 2106/2106
f 2095/2095 2099/2099 2092/2092
f 2100/2100 2095/2095 2108/2108
f 2107/2107 2108/2108 2095/2095
f 2108/2108 2102/2102 2100/2100
f 1073/1073 2106/2106 2094/2094
f 2107/2107 2106/2106 1073/1073
f 1102/1102 2107/2107 1073/1073
f 2109/2109 2108/2108 2107/2107
f 1102/1102 2109/2109 2107/2107
f 1105/1105 2109/2109 1102/1102
f 2110/2110 2108/2108 2109/2109
f 2110/2110 2109/2109 2111/2111
f 2110/2110 2112/2112 2108/2108
f 2113/2113 2112/2112 2110/2110
f 2108/2108 2114/2114 2102/2102
f 2114/2114 2108/2108 2112/2112
f 2115/2115 2114/2114 2112/2112
f 2116/2116 2087/2087 2086/2086
f 720/720 2080/2080 721/721
f 2080/2080 720/720 685/685
f 721/721 2085/2085 2117/2117
f 730/730 629/629 721/721
f 730/730 721/721 2117/2117
f 730/730 2117/2117 2118/2118
f 2119/2119 2118/2118 2117/2117
f 2119/2119 2120/2120 2118/2118
f 2120/2120 730/730 2118/2118
f 1967/1967 730/730 2120/2120
f 2120/2120 1969/1969 1967/1967
f 2121/2121 1969/1969 2120/2120
f 2120/2120 2119/2119 2122/2122
f 2123/2123 2085/2085 2087/2087
f 2123/2123 2119/2119 2085/2085
f 2085/2085 2119/2119 2117/2117
f 2119/2119 2123/2123 2122/2122
f 2120/2120 2122/2122 2121/2121
f 2121/2121 2122/2122 2124/2124
f 2124/2124 2122/2122 2125/2125
f 2125/2125 2126/2126 2127/2127
f 2128/2128 2123/2123 2087/2087
f 2129/2129 2122/2122 2123/2123
f 2122/2122 2129/2129 2130/2130
f 2122/2122 2130/2130 2126/2126
f 2115/2115 2112/2112 2131/2131
f 2131/2131 2132/2132 2115/2115
f 2115/2115 2104/2104 2114/2114
f 2104/2104 2133/2133 2134/2134
f 2134/2134 2133/2133 2135/2135
f 2132/2132 2136/2136 2115/2115
f 2133/2133 2137/2137 2136/2136
f 2133/2133 2136/2136 2138/2138
f 2135/2135 2133/2133 2138/2138
f 2136/2136 2137/2137 2115/2115
f 2132/2132 2139/2139 2136/2136
f 2139/2139 2132/2132 2140/2140
f 2138/2138 2136/2136 2139/2139
f 2105/2105 2134/2134 2116/2116
f 2141/2141 2087/2087 2116/2116
f 2141/2141 2116/2116 2134/2134
f 2087/2087 2141/2141 2142/2142
f 2142/2142 2128/2128 2087/2087
f 2143/2143 2128/2128 2142/2142
f 2143/2143 2144/2144 2128/2128
f 2145/2145 2143/2143 2142/2142
f 2145/2145 2141/2141 2134/2134
f 2135/2135 2145/2145 2134/2134
f 2145/2145 2142/2142 2141/2141
f 2146/2146 2143/2143 2145/2145
f 2146/2146 2144/2144 2143/2143
f 2145/2145 2135/2135 2147/2147
f 2135/2135 2138/2138 2147/2147
f 2148/2148 2145/2145 2147/2147
f 2145/2145 2148/2148 2146/2146
f 2138/2138 2139/2139 2149/2149
f 2150/2150 2138/2138 2149/2149
f 2151/2151 2150/2150 2149/2149
f 2151/2151 2152/2152 2150/2150
f 2147/2147 2138/2138 2150/2150
f 2153/2153 2147/2147 2150/2150
f 2153/2153 2150/2150 2154/2154
f 2150/2150 2152/2152 2154/2154
f 2148/2148 2147/2147 2155/2155
f 2147/2147 2156/2156 2155/2155
f 2144/2144 2123/2123 2128/2128
f 2144/2144 2129/2129 2123/2123
f 2157/2157 2129/2129 2144/2144
f 2144/2144 2146/2146 2157/2157
f 2146/2146 2158/2158 2159/2159
f 2129/2129 2157/2157 2130/2130
f 2160/2160 2161/2161 2162/2162
f 2159/2159 2161/2161 2157/2157
f 2163/2163 2161/2161 2159/2159
f 2164/2164 2165/2165 2162/2162
f 2166/2166 2165/2165 2164/2164
f 2162/2162 2161/2161 2163/2163
f 2162/2162 2163/2163 2164/2164
f 2167/2167 2159/2159 2158/2158
f 2167/2167 2163/2163 2159/2159
f 2164/2164 2168/2168 2166/2166
f 2168/2168 2164/2164 2169/2169
f 2169/2169 2170/2170 2168/2168
f 2163/2163 2169/2169 2164/2164
f 2171/2171 2170/2170 2169/2169
f 2171/2171 2172/2172 2170/2170
f 2163/2163 2171/2171 2169/2169
f 2173/2173 2158/2158 2146/2146
f 2174/2174 2167/2167 2158/2158
f 2175/2175 2163/2163 2167/2167
f 2167/2167 2174/2174 2175/2175
f 2171/2171 2163/2163 2175/2175
f 2148/2148 2155/2155 2173/2173
f 2176/2176 2172/2172 2171/2171
f 2146/2146 2148/2148 2173/2173
f 2173/2173 2174/2174 2158/2158
f 2175/2175 2176/2176 2171/2171
f 2175/2175 2174/2174 2177/2177
f 2177/2177 2176/2176 2175/2175
f 2174/2174 2173/2173 2178/2178
f 2174/2174 2178/2178 2177/2177
f 2179/2179 2177/2177 2178/2178
f 2180/2180 2181/2181 2173/2173
f 2181/2181 2178/2178 2173/2173
f 2179/2179 2178/2178 2181/2181
f 1072/1072 1082/1082 1075/1075
f 1096/1096 737/737 739/739
f 1102/1102 1084/1084 1105/1105
f 2111/2111 2109/2109 1105/1105
f 2111/2111 1106/1106 1112/1112
f 2111/2111 2113/2113 2110/2110
f 1112/1112 2182/2182 2111/2111
f 2182/2182 2113/2113 2111/2111
f 1107/1107 1112/1112 1106/1106
f 2183/2183 2182/2182 1112/1112
f 2111/2111 1105/1105 1106/1106
f 1107/1107 1109/1109 2184/2184
f 1111/1111 2183/2183 1112/1112
f 2184/2184 1111/1111 1107/1107
f 2184/2184 2185/2185 1111/1111
f 1113/1113 2184/2184 1109/1109
f 1114/1114 1113/1113 1110/1110
f 2186/2186 2185/2185 2184/2184
f 1113/1113 2186/2186 2184/2184
f 1165/1165 2186/2186 1113/1113
f 105/105 739/739 95/95
f 1100/1100 1117/1117 1122/1122
f 1124/1124 104/104 1125/1125
f 1114/1114 1133/1133 1131/1131
f 1165/1165 1113/1113 1131/1131
f 1137/1137 1165/1165 1131/1131
f 1134/1134 1131/1131 1133/1133
f 1137/1137 1131/1131 1134/1134
f 2112/2112 2113/2113 2187/2187
f 2113/2113 2182/2182 2187/2187
f 2187/2187 2182/2182 2183/2183
f 2112/2112 2187/2187 2131/2131
f 2131/2131 2187/2187 2188/2188
f 2189/2189 2188/2188 2187/2187
f 2187/2187 2183/2183 2189/2189
f 2132/2132 2131/2131 2140/2140
f 2188/2188 2140/2140 2131/2131
f 2190/2190 2140/2140 2188/2188
f 2191/2191 2188/2188 2189/2189
f 2191/2191 2190/2190 2188/2188
f 2192/2192 2139/2139 2140/2140
f 1111/1111 1146/1146 2183/2183
f 2193/2193 2189/2189 2183/2183
f 2183/2183 1146/1146 2193/2193
f 2185/2185 1146/1146 1111/1111
f 1164/1164 2186/2186 1165/1165
f 2194/2194 1146/1146 2185/2185
f 2194/2194 2185/2185 2186/2186
f 2189/2189 2193/2193 1152/1152
f 1148/1148 1152/1152 2193/2193
f 1152/1152 2191/2191 2189/2189
f 1148/1148 2193/2193 1146/1146
f 1150/1150 1152/1152 1148/1148
f 2195/2195 2196/2196 2192/2192
f 2197/2197 2196/2196 2195/2195
f 2140/2140 2195/2195 2192/2192
f 2190/2190 2195/2195 2140/2140
f 2190/2190 2191/2191 2195/2195
f 2197/2197 2195/2195 2198/2198
f 2195/2195 1154/1154 2198/2198
f 2199/2199 2197/2197 2198/2198
f 2192/2192 2149/2149 2139/2139
f 2149/2149 2192/2192 2196/2196
f 2200/2200 2149/2149 2196/2196
f 2200/2200 2196/2196 2197/2197
f 2200/2200 2151/2151 2149/2149
f 2200/2200 2152/2152 2151/2151
f 2200/2200 2201/2201 2152/2152
f 2199/2199 2200/2200 2197/2197
f 2199/2199 2202/2202 2200/2200
f 2202/2202 2201/2201 2200/2200
f 2199/2199 2203/2203 2202/2202
f 2202/2202 2203/2203 2201/2201
f 1152/1152 2195/2195 2191/2191
f 1152/1152 1154/1154 2195/2195
f 1150/1150 1153/1153 1152/1152
f 1156/1156 2198/2198 1154/1154
f 1156/1156 2199/2199 2198/2198
f 1159/1159 2199/2199 1156/1156
f 1160/1160 2199/2199 1159/1159
f 1160/1160 2203/2203 2199/2199
f 2194/2194 1147/1147 1146/1146
f 1164/1164 2194/2194 2186/2186
f 1147/1147 2194/2194 1164/1164
f 1165/1165 1137/1137 1166/1166
f 1179/1179 1151/1151 1147/1147
f 1176/1176 1151/1151 1179/1179
f 1147/1147 1163/1163 1167/1167
f 1179/1179 1147/1147 1167/1167
f 1173/1173 1167/1167 1166/1166
f 1179/1179 1167/1167 1174/1174
f 1171/1171 1172/1172 1168/1168
f 1535/1535 1172/1172 1171/1171
f 1535/1535 1534/1534 1172/1172
f 1534/1534 1175/1175 1172/1172
f 1197/1197 1175/1175 1534/1534
f 2204/2204 1970/1970 2121/2121
f 2204/2204 1973/1973 1970/1970
f 2205/2205 1973/1973 2204/2204
f 2121/2121 2124/2124 2204/2204
f 2205/2205 2204/2204 2206/2206
f 2124/2124 2125/2125 2204/2204
f 2125/2125 2127/2127 2204/2204
f 2127/2127 2206/2206 2204/2204
f 2205/2205 2206/2206 2207/2207
f 1981/1981 2205/2205 2207/2207
f 27/27 680/680 1202/1202
f 27/27 1202/1202 201/201
f 204/204 201/201 1202/1202
f 1203/1203 1202/1202 1053/1053
f 1210/1210 204/204 1202/1202
f 216/216 204/204 1210/1210
f 1210/1210 1202/1202 1203/1203
f 1053/1053 1052/1052 1205/1205
f 2208/2208 1982/1982 1981/1981
f 2208/2208 2024/2024 1982/1982
f 2209/2209 2026/2026 2024/2024
f 2024/2024 2208/2208 2209/2209
f 2026/2026 2209/2209 2210/2210
f 2207/2207 2211/2211 1981/1981
f 1981/1981 2211/2211 2208/2208
f 2212/2212 2213/2213 2214/2214
f 2215/2215 2214/2214 2213/2213
f 2210/2210 2214/2214 2215/2215
f 2209/2209 2216/2216 2214/2214
f 2210/2210 2209/2209 2214/2214
f 2160/2160 2162/2162 2217/2217
f 2165/2165 2218/2218 2162/2162
f 2162/2162 2218/2218 2217/2217
f 2217/2217 2218/2218 2219/2219
f 2165/2165 2220/2220 2218/2218
f 2220/2220 2221/2221 2218/2218
f 2166/2166 2222/2222 2220/2220
f 2221/2221 2220/2220 2222/2222
f 2221/2221 2223/2223 2218/2218
f 2221/2221 2224/2224 2223/2223
f 2223/2223 2219/2219 2218/2218
f 2222/2222 2224/2224 2221/2221
f 2225/2225 2223/2223 2224/2224
f 2220/2220 2165/2165 2166/2166
f 2219/2219 2223/2223 2226/2226
f 2226/2226 2223/2223 2227/2227
f 2224/2224 2222/2222 2228/2228
f 2229/2229 2224/2224 2228/2228
f 2228/2228 2230/2230 2229/2229
f 2168/2168 2228/2228 2166/2166
f 2166/2166 2228/2228 2222/2222
f 2229/2229 2225/2225 2224/2224
f 2231/2231 2232/2232 2233/2233
f 2225/2225 2227/2227 2223/2223
f 2213/2213 2226/2226 2227/2227
f 2229/2229 2227/2227 2225/2225
f 2234/2234 2227/2227 2229/2229
f 2229/2229 2232/2232 2234/2234
f 2234/2234 2213/2213 2227/2227
f 2235/2235 2234/2234 2232/2232
f 2236/2236 2237/2237 2231/2231
f 2232/2232 2231/2231 2237/2237
f 2238/2238 2237/2237 2236/2236
f 2172/2172 2231/2231 2233/2233
f 2239/2239 2231/2231 2172/2172
f 2236/2236 2231/2231 2239/2239
f 2176/2176 2239/2239 2172/2172
f 2176/2176 2240/2240 2239/2239
f 2239/2239 2240/2240 2236/2236
f 2240/2240 2241/2241 2236/2236
f 2238/2238 2236/2236 2241/2241
f 2240/2240 2242/2242 2241/2241
f 2242/2242 2240/2240 2243/2243
f 2232/2232 2237/2237 2235/2235
f 2235/2235 2237/2237 2238/2238
f 2215/2215 2213/2213 2234/2234
f 2234/2234 2235/2235 2215/2215
f 2215/2215 2235/2235 2238/2238
f 2238/2238 2241/2241 2242/2242
f 2238/2238 2242/2242 2215/2215
f 2179/2179 2243/2243 2240/2240
f 2243/2243 2244/2244 2242/2242
f 2215/2215 2242/2242 2210/2210
f 2244/2244 2210/2210 2242/2242
f 2176/2176 2177/2177 2240/2240
f 2177/2177 2179/2179 2240/2240
f 2051/2051 2026/2026 2210/2210
f 2245/2245 2153/2153 2154/2154
f 2245/2245 2156/2156 2153/2153
f 2154/2154 2246/2246 2245/2245
f 2153/2153 2156/2156 2147/2147
f 2156/2156 2245/2245 2247/2247
f 2247/2247 2245/2245 2248/2248
f 2247/2247 2155/2155 2156/2156
f 2180/2180 2173/2173 2155/2155
f 2181/2181 2180/2180 2249/2249
f 2180/2180 2155/2155 2247/2247
f 2181/2181 2250/2250 2251/2251
f 2179/2179 2181/2181 2251/2251
f 2247/2247 2248/2248 2249/2249
f 2245/2245 2252/2252 2248/2248
f 2249/2249 2180/2180 2247/2247
f 2249/2249 2248/2248 2253/2253
f 2248/2248 2254/2254 2253/2253
f 2254/2254 2255/2255 2253/2253
f 2256/2256 2255/2255 2254/2254
f 2253/2253 2257/2257 2249/2249
f 2258/2258 2257/2257 2253/2253
f 2255/2255 2258/2258 2253/2253
f 2259/2259 2258/2258 2255/2255
f 2256/2256 2260/2260 2255/2255
f 2260/2260 2259/2259 2255/2255
f 2261/2261 2257/2257 2250/2250
f 2181/2181 2249/2249 2261/2261
f 2250/2250 2181/2181 2261/2261
f 2257/2257 2261/2261 2249/2249
f 2262/2262 2257/2257 2258/2258
f 2263/2263 2258/2258 2259/2259
f 2264/2264 2263/2263 2259/2259
f 2258/2258 2263/2263 2262/2262
f 2262/2262 2263/2263 2265/2265
f 2265/2265 2266/2266 2262/2262
f 2263/2263 2264/2264 2265/2265
f 2268/2268 2265/2265 2264/2264
f 2265/2265 2268/2268 2269/2269
f 2271/2271 2270/2270 2267/2267
f 2152/2152 2201/2201 2272/2272
f 2203/2203 2272/2272 2201/2201
f 2272/2272 2203/2203 2273/2273
f 2274/2274 2273/2273 2203/2203
f 2274/2274 2275/2275 2273/2273
f 2276/2276 2275/2275 2274/2274
f 2274/2274 2203/2203 1160/1160
f 1160/1160 1224/1224 2274/2274
f 1226/1226 2274/2274 1224/1224
f 1226/1226 2276/2276 2274/2274
f 2272/2272 2154/2154 2152/2152
f 2272/2272 2246/2246 2154/2154
f 2246/2246 2252/2252 2245/2245
f 2277/2277 2252/2252 2246/2246
f 2275/2275 2277/2277 2246/2246
f 2273/2273 2246/2246 2272/2272
f 2273/2273 2275/2275 2246/2246
f 2278/2278 2275/2275 2276/2276
f 2279/2279 2275/2275 2278/2278
f 2279/2279 2277/2277 2275/2275
f 1226/1226 2278/2278 2276/2276
f 1243/1243 2278/2278 1226/1226
f 1227/1227 1243/1243 1226/1226
f 1228/1228 1243/1243 1227/1227
f 2280/2280 2277/2277 2279/2279
f 2280/2280 2281/2281 2277/2277
f 1233/1233 2281/2281 2280/2280
f 2282/2282 2252/2252 2277/2277
f 2281/2281 2282/2282 2277/2277
f 2283/2283 2282/2282 2284/2284
f 2282/2282 2281/2281 2284/2284
f 2278/2278 2280/2280 2279/2279
f 2285/2285 2280/2280 2278/2278
f 1243/1243 2285/2285 2278/2278
f 1233/1233 2280/2280 2285/2285
f 2286/2286 1233/1233 2285/2285
f 2286/2286 2285/2285 1243/1243
f 1242/1242 2286/2286 1243/1243
f 1242/1242 1252/1252 2286/2286
f 2286/2286 1229/1229 1233/1233
f 1233/1233 1229/1229 1231/1231
f 1252/1252 1229/1229 2286/2286
f 1233/1233 2284/2284 2281/2281
f 1232/1232 2284/2284 1233/1233
f 1256/1256 2283/2283 2284/2284
f 1256/1256 2284/2284 1232/1232
f 2287/2287 1242/1242 1228/1228
f 1228/1228 1240/1240 2287/2287
f 1240/1240 1245/1245 2287/2287
f 1245/1245 1255/1255 2287/2287
f 1251/1251 1255/1255 1245/1245
f 1246/1246 1239/1239 1241/1241
f 1244/1244 1239/1239 1246/1246
f 1246/1246 1552/1552 1248/1248
f 1249/1249 1251/1251 1245/1245
f 1252/1252 1242/1242 2287/2287
f 1255/1255 1252/1252 2287/2287
f 1255/1255 1253/1253 1252/1252
f 2252/2252 2254/2254 2248/2248
f 2254/2254 2252/2252 2282/2282
f 2288/2288 2254/2254 2282/2282
f 2282/2282 2283/2283 2288/2288
f 2254/2254 2288/2288 2256/2256
f 1256/1256 1258/1258 2283/2283
f 2288/2288 2283/2283 1258/1258
f 1258/1258 2289/2289 2288/2288
f 2290/2290 2260/2260 2256/2256
f 2290/2290 2291/2291 2292/2292
f 2292/2292 2293/2293 2290/2290
f 2289/2289 2256/2256 2288/2288
f 2291/2291 2256/2256 2289/2289
f 2256/2256 2291/2291 2290/2290
f 1288/1288 2292/2292 2291/2291
f 1284/1284 2289/2289 1258/1258
f 1285/1285 2291/2291 2289/2289
f 1284/1284 1285/1285 2289/2289
f 1288/1288 2291/2291 1285/1285
f 2293/2293 2260/2260 2290/2290
f 2260/2260 2293/2293 2264/2264
f 2264/2264 2259/2259 2260/2260
f 2292/2292 2294/2294 2293/2293
f 1288/1288 2294/2294 2292/2292
f 2295/2295 2268/2268 2264/2264
f 2295/2295 2264/2264 2293/2293
f 2294/2294 2295/2295 2293/2293
f 2294/2294 2297/2297 2295/2295
f 2295/2295 2297/2297 2268/2268
f 1289/1289 2294/2294 1288/1288
f 1292/1292 2297/2297 2294/2294
f 1289/1289 1292/1292 2294/2294
f 2271/2271 2267/2267 2296/2296
f 2298/2298 2271/2271 2296/2296
f 1292/1292 2298/2298 2296/2296
f 1292/1292 1289/1289 1290/1290
f 2298/2298 1292/1292 1425/1425
f 1291/1291 1425/1425 1292/1292
f 2052/2052 2051/2051 2300/2300
f 2301/2301 2051/2051 2244/2244
f 2301/2301 2300/2300 2051/2051
f 2300/2300 2301/2301 2302/2302
f 2299/2299 2304/2304 2073/2073
f 2304/2304 2299/2299 2303/2303
f 2305/2305 2306/2306 2304/2304
f 2306/2306 2305/2305 2307/2307
f 2243/2243 2179/2179 2251/2251
f 2250/2250 2308/2308 2251/2251
f 2243/2243 2308/2308 2244/2244
f 2251/2251 2308/2308 2243/2243
f 2309/2309 2308/2308 2250/2250
f 2244/2244 2308/2308 2310/2310
f 2310/2310 2308/2308 2309/2309
f 2257/2257 2309/2309 2250/2250
f 2311/2311 2310/2310 2309/2309
f 2244/2244 2310/2310 2311/2311
f 2309/2309 2257/2257 2311/2311
f 2312/2312 2257/2257 2262/2262
f 2313/2313 2301/2301 2244/2244
f 2313/2313 2244/2244 2311/2311
f 2257/2257 2313/2313 2311/2311
f 2257/2257 2312/2312 2313/2313
f 2314/2314 2313/2313 2312/2312
f 2301/2301 2313/2313 2314/2314
f 2301/2301 2314/2314 2302/2302
f 2053/2053 2052/2052 2074/2074
f 2073/2073 2316/2316 2072/2072
f 1309/1309 2317/2317 2076/2076
f 2077/2077 2075/2075 2318/2318
f 1309/1309 2076/2076 2077/2077
f 1308/1308 2317/2317 1309/1309
f 2318/2318 2075/2075 2072/2072
f 2072/2072 2319/2319 2318/2318
f 2320/2320 2318/2318 2319/2319
f 2318/2318 1309/1309 2077/2077
f 1309/1309 2318/2318 2320/2320
f 1313/1313 1309/1309 2321/2321
f 1309/1309 1313/1313 1310/1310
f 1315/1315 1313/1313 2321/2321
f 1319/1319 1309/1309 2320/2320
f 1309/1309 1319/1319 2321/2321
f 1315/1315 2321/2321 1319/1319
f 1318/1318 1315/1315 1319/1319
f 2074/2074 2052/2052 2300/2300
f 2316/2316 2319/2319 2072/2072
f 2322/2322 2319/2319 2316/2316
f 2323/2323 2316/2316 2073/2073
f 2316/2316 2323/2323 2322/2322
f 2324/2324 2323/2323 2073/2073
f 2322/2322 2323/2323 2325/2325
f 2073/2073 2304/2304 2306/2306
f 2324/2324 2073/2073 2306/2306
f 2307/2307 2324/2324 2306/2306
f 2324/2324 2307/2307 2326/2326
f 2323/2323 2324/2324 2325/2325
f 2325/2325 2327/2327 2322/2322
f 2325/2325 2328/2328 2327/2327
f 2329/2329 2327/2327 2328/2328
f 2324/2324 2326/2326 2325/2325
f 2330/2330 2328/2328 2325/2325
f 2331/2331 2328/2328 2330/2330
f 2332/2332 2328/2328 2331/2331
f 2332/2332 2329/2329 2328/2328
f 2333/2333 2332/2332 2331/2331
f 1363/1363 2331/2331 2330/2330
f 1363/1363 2333/2333 2331/2331
f 2334/2334 2320/2320 2319/2319
f 2335/2335 2320/2320 2334/2334
f 2334/2334 2319/2319 2322/2322
f 2336/2336 2334/2334 2322/2322
f 2327/2327 2336/2336 2322/2322
f 1319/1319 2320/2320 2335/2335
f 1317/1317 1319/1319 2335/2335
f 2329/2329 2336/2336 2327/2327
f 2337/2337 2334/2334 2336/2336
f 2337/2337 2336/2336 2329/2329
f 1317/1317 2335/2335 2337/2337
f 2337/2337 2335/2335 2334/2334
f 2337/2337 2338/2338 1317/1317
f 1317/1317 2338/2338 2339/2339
f 1341/1341 1315/1315 1318/1318
f 1341/1341 1318/1318 1317/1317
f 2338/2338 2337/2337 2329/2329
f 2340/2340 2338/2338 2333/2333
f 2332/2332 2333/2333 2329/2329
f 2333/2333 2338/2338 2329/2329
f 2338/2338 2340/2340 2339/2339
f 1347/1347 1337/1337 1329/1329
f 2341/2341 2333/2333 1363/1363
f 2342/2342 2341/2341 1363/1363
f 2343/2343 1366/1366 2344/2344
f 2345/2345 2344/2344 1366/1366
f 2345/2345 1366/1366 1378/1378
f 1341/1341 1317/1317 2339/2339
f 1341/1341 1338/1338 1342/1342
f 1338/1338 1341/1341 2339/2339
f 2339/2339 1340/1340 1338/1338
f 2339/2339 2340/2340 1340/1340
f 2333/2333 2341/2341 2340/2340
f 2346/2346 1339/1339 1340/1340
f 2341/2341 1340/1340 2340/2340
f 2346/2346 1340/1340 2341/2341
f 2343/2343 2346/2346 2341/2341
f 2343/2343 2341/2341 2342/2342
f 1339/1339 2347/2347 1344/1344
f 1343/1343 1329/1329 1330/1330
f 2347/2347 1339/1339 2346/2346
f 2347/2347 2346/2346 2344/2344
f 2344/2344 2346/2346 2343/2343
f 2347/2347 2344/2344 2345/2345
f 1344/1344 2345/2345 1346/1346
f 1344/1344 2347/2347 2345/2345
f 2348/2348 2304/2304 2303/2303
f 2305/2305 2304/2304 2348/2348
f 2349/2349 2305/2305 2348/2348
f 2350/2350 2305/2305 2349/2349
f 2307/2307 2305/2305 2350/2350
f 2307/2307 2350/2350 1359/1359
f 2266/2266 2312/2312 2262/2262
f 2303/2303 2315/2315 2351/2351
f 2351/2351 2315/2315 2352/2352
f 2266/2266 2314/2314 2312/2312
f 2353/2353 2314/2314 2266/2266
f 2354/2354 2353/2353 2266/2266
f 2351/2351 2352/2352 2355/2355
f 2266/2266 2265/2265 2354/2354
f 2269/2269 2354/2354 2265/2265
f 2354/2354 2269/2269 2353/2353
f 2356/2356 2352/2352 2270/2270
f 2270/2270 2357/2357 2356/2356
f 2357/2357 2358/2358 2356/2356
f 2271/2271 2357/2357 2270/2270
f 2359/2359 2357/2357 2271/2271
f 2357/2357 2359/2359 2358/2358
f 2359/2359 2360/2360 2358/2358
f 2356/2356 2355/2355 2352/2352
f 2356/2356 2358/2358 2361/2361
f 2358/2358 2362/2362 2361/2361
f 2356/2356 2363/2363 2355/2355
f 2356/2356 2361/2361 2363/2363
f 2364/2364 2363/2363 2361/2361
f 2358/2358 2360/2360 2365/2365
f 2358/2358 2365/2365 2362/2362
f 2365/2365 1428/1428 2362/2362
f 2361/2361 2362/2362 1428/1428
f 1428/1428 2364/2364 2361/2361
f 2351/2351 2348/2348 2303/2303
f 2366/2366 2348/2348 2351/2351
f 2350/2350 2349/2349 2348/2348
f 2348/2348 2366/2366 2350/2350
f 2350/2350 2367/2367 1359/1359
f 2350/2350 2366/2366 2367/2367
f 1350/1350 1359/1359 2367/2367
f 1348/1348 1350/1350 2367/2367
f 2351/2351 2355/2355 2366/2366
f 2363/2363 2366/2366 2355/2355
f 2368/2368 2366/2366 2363/2363
f 2364/2364 2368/2368 2363/2363
f 2366/2366 2368/2368 2367/2367
f 2367/2367 2368/2368 1348/1348
f 2369/2369 2368/2368 2364/2364
f 2370/2370 2369/2369 2364/2364
f 1428/1428 1352/1352 2364/2364
f 1352/1352 1428/1428 1353/1353
f 1352/1352 2370/2370 2364/2364
f 2370/2370 1352/1352 1351/1351
f 2370/2370 1351/1351 1355/1355
f 2368/2368 2369/2369 1348/1348
f 2369/2369 2370/2370 1348/1348
f 1348/1348 2370/2370 1355/1355
f 1359/1359 2326/2326 2307/2307
f 2371/2371 2326/2326 1359/1359
f 2326/2326 2371/2371 2330/2330
f 2326/2326 2330/2330 2325/2325
f 1362/1362 2371/2371 1359/1359
f 1359/1359 1349/1349 1360/1360
f 1360/1360 1362/1362 1359/1359
f 2330/2330 2371/2371 1364/1364
f 1362/1362 1364/1364 2371/2371
f 1363/1363 2330/2330 1364/1364
f 1363/1363 1362/1362 1361/1361
f 2342/2342 1363/1363 1361/1361
f 2343/2343 1361/1361 1366/1366
f 1367/1367 1366/1366 1361/1361
f 2342/2342 1361/1361 2343/2343
f 1333/1333 1336/1336 1334/1334
f 1373/1373 1336/1336 1337/1337
f 2372/2372 1336/1336 1372/1372
f 1372/1372 2373/2373 2372/2372
f 1375/1375 2373/2373 1372/1372
f 1400/1400 2373/2373 1375/1375
f 1400/1400 1375/1375 1396/1396
f 1379/1379 2345/2345 1378/1378
f 1378/1378 1380/1380 1379/1379
f 1377/1377 1380/1380 1378/1378
f 1345/1345 1394/1394 1347/1347
f 1393/1393 1345/1345 1384/1384
f 1373/1373 1337/1337 1347/1347
f 1373/1373 1347/1347 1394/1394
f 1379/1379 1346/1346 2345/2345
f 2374/2374 1400/1400 1399/1399
f 1410/1410 1408/1408 2375/2375
f 1408/1408 1415/1415 2375/2375
f 1417/1417 1420/1420 1415/1415
f 1398/1398 1393/1393 1389/1389
f 1410/1410 2375/2375 1418/1418
f 1420/1420 1418/1418 2375/2375
f 2375/2375 1415/1415 1420/1420
f 2359/2359 2271/2271 2298/2298
f 2376/2376 2359/2359 2298/2298
f 1425/1425 2376/2376 2298/2298
f 2376/2376 2360/2360 2359/2359
f 2360/2360 2376/2376 1424/1424
f 2376/2376 1425/1425 1424/1424
f 1424/1424 2365/2365 2360/2360
f 1427/1427 1428/1428 2365/2365
f 1427/1427 2365/2365 1424/1424
f 1454/1454 1437/1437 1298/1298
f 1298/1298 1437/1437 1439/1439
f 1454/1454 1435/1435 1437/1437
f 1440/1440 1438/1438 1450/1450
f 1448/1448 1438/1438 1435/1435
f 1448/1448 1450/1450 1438/1438
f 1467/1467 1449/1449 1451/1451
f 1448/1448 1451/1451 1450/1450
f 1306/1306 1298/1298 1297/1297
f 1307/1307 1282/1282 1458/1458
f 1459/1459 1282/1282 1283/1283
f 1465/1465 1448/1448 1457/1457
f 1451/1451 1466/1466 1467/1467
f 1469/1469 1470/1470 1465/1465
f 1785/1785 1412/1412 1470/1470
f 1785/1785 1470/1470 1469/1469
f 1383/1383 1472/1472 1443/1443
f 1473/1473 1125/1125 100/100
f 1478/1478 1130/1130 1128/1128
f 1478/1478 1474/1474 1130/1130
f 1477/1477 1129/1129 1480/1480
f 1129/1129 1130/1130 1480/1480
f 1480/1480 1130/1130 1474/1474
f 1480/1480 1474/1474 1479/1479
f 1496/1496 1479/1479 1484/1484
f 1485/1485 1496/1496 1484/1484
f 1498/1498 1495/1495 1487/1487
f 1515/1515 1500/1500 1495/1495
f 1495/1495 1498/1498 1515/1515
f 1515/1515 1501/1501 1500/1500
f 1485/1485 1504/1504 1497/1497
f 1504/1504 1485/1485 1486/1486
f 1486/1486 1502/1502 1503/1503
f 1504/1504 1510/1510 1497/1497
f 1504/1504 1512/1512 1510/1510
f 1514/1514 1521/1521 1525/1525
f 1514/1514 1525/1525 1518/1518
f 1533/1533 1509/1509 1532/1532
f 1509/1509 1508/1508 1532/1532
f 1170/1170 1535/1535 1171/1171
f 1536/1536 1535/1535 1170/1170
f 1492/1492 1536/1536 1170/1170
f 1493/1493 1536/1536 1492/1492
f 1542/1542 1536/1536 1540/1540
f 1515/1515 1517/1517 1501/1501
f 1541/1541 1517/1517 1561/1561
f 1563/1563 1566/1566 1561/1561
f 1566/1566 1564/1564 1561/1561
f 1633/1633 1569/1569 1525/1525
f 1568/1568 1566/1566 1563/1563
f 1577/1577 1581/1581 1576/1576
f 2377/2377 1581/1581 1577/1577
f 1578/1578 2377/2377 1577/1577
f 2377/2377 1732/1732 1581/1581
f 2377/2377 1731/1731 1732/1732
f 1659/1659 2377/2377 1578/1578
f 1659/1659 1731/1731 2377/2377
f 1583/1583 1520/1520 1509/1509
f 393/393 1590/1590 1588/1588
f 1598/1598 1509/1509 1533/1533
f 1509/1509 1598/1598 1583/1583
f 1591/1591 1598/1598 1533/1533
f 1598/1598 1591/1591 1596/1596
f 1593/1593 1594/1594 2378/2378
f 1595/1595 1591/1591 1593/1593
f 2378/2378 1595/1595 1593/1593
f 1600/1600 1602/1602 1585/1585
f 1594/1594 399/399 1613/1613
f 1613/1613 2378/2378 1594/1594
f 1614/1614 1612/1612 411/411
f 1612/1612 2378/2378 1613/1613
f 2378/2378 1612/1612 1618/1618
f 1595/1595 2378/2378 1618/1618
f 1614/1614 1611/1611 1616/1616
f 1614/1614 1616/1616 1612/1612
f 1605/1605 1604/1604 1610/1610
f 1620/1620 1623/1623 1610/1610
f 1620/1620 1622/1622 1623/1623
f 1622/1622 1626/1626 1623/1623
f 1601/1601 1644/1644 1635/1635
f 1635/1635 1638/1638 1634/1634
f 1640/1640 1602/1602 1609/1609
f 1602/1602 1640/1640 1601/1601
f 1644/1644 1640/1640 1641/1641
f 1601/1601 1640/1640 1644/1644
f 1665/1665 1664/1664 1657/1657
f 1664/1664 1660/1660 1657/1657
f 1669/1669 1666/1666 1655/1655
f 1671/1671 1672/1672 2379/2379
f 1676/1676 2379/2379 1673/1673
f 1673/1673 2379/2379 1672/1672
f 1671/1671 2379/2379 1676/1676
f 1631/1631 1673/1673 1627/1627
f 1673/1673 1631/1631 1681/1681
f 1681/1681 1676/1676 1673/1673
f 1681/1681 1631/1631 1678/1678
f 1669/1669 1684/1684 1683/1683
f 1683/1683 1688/1688 1669/1669
f 1688/1688 1685/1685 1669/1669
f 1690/1690 1688/1688 1686/1686
f 1691/1691 1770/1770 1685/1685
f 1685/1685 1688/1688 1691/1691
f 1691/1691 1688/1688 1690/1690
f 1552/1552 1694/1694 1248/1248
f 1704/1704 1701/1701 1699/1699
f 1704/1704 1699/1699 1700/1700
f 1700/1700 1705/1705 1704/1704
f 1703/1703 1701/1701 1704/1704
f 1701/1701 1706/1706 1710/1710
f 1702/1702 1701/1701 1710/1710
f 1717/1717 1719/1719 1716/1716
f 1724/1724 1719/1719 1717/1717
f 1659/1659 1737/1737 1731/1731
f 2380/2380 1738/1738 1733/1733
f 2380/2380 1733/1733 1737/1737
f 2381/2381 2380/2380 1737/1737
f 2381/2381 1740/1740 2380/2380
f 2382/2382 1740/1740 2381/2381
f 1740/1740 1738/1738 2380/2380
f 1761/1761 1740/1740 1760/1760
f 1740/1740 1761/1761 1739/1739
f 1742/1742 1739/1739 1745/1745
f 1761/1761 1745/1745 1739/1739
f 2381/2381 1737/1737 1661/1661
f 1662/1662 2381/2381 1661/1661
f 2383/2383 2381/2381 1662/1662
f 2383/2383 2382/2382 2381/2381
f 2383/2383 1760/1760 2382/2382
f 1759/1759 1662/1662 1663/1663
f 1759/1759 2383/2383 1662/1662
f 1757/1757 2383/2383 1759/1759
f 1760/1760 1740/1740 2382/2382
f 1667/1667 1759/1759 1663/1663
f 1757/1757 1760/1760 2383/2383
f 1757/1757 1756/1756 1760/1760
f 1769/1769 1752/1752 1764/1764
f 1766/1766 1758/1758 1670/1670
f 1770/1770 1766/1766 1670/1670
f 1767/1767 1766/1766 1770/1770
f 1765/1765 1769/1769 1764/1764
f 1767/1767 1765/1765 1763/1763
f 1685/1685 1770/1770 1670/1670
f 1770/1770 2384/2384 1768/1768
f 2384/2384 2385/2385 1768/1768
f 1774/1774 2385/2385 2384/2384
f 1856/1856 1765/1765 1768/1768
f 1856/1856 1768/1768 2385/2385
f 1771/1771 1770/1770 1691/1691
f 1774/1774 2384/2384 1770/1770
f 1774/1774 1770/1770 1771/1771
f 1774/1774 2386/2386 2385/2385
f 1773/1773 1777/1777 1774/1774
f 1856/1856 2385/2385 2386/2386
f 1722/1722 1460/1460 1459/1459
f 1720/1720 1721/1721 1722/1722
f 1722/1722 1721/1721 1728/1728
f 1730/1730 1722/1722 1728/1728
f 1412/1412 1785/1785 1783/1783
f 1788/1788 1782/1782 1792/1792
f 1788/1788 1792/1792 1789/1789
f 1795/1795 1799/1799 1780/1780
f 1780/1780 1730/1730 1795/1795
f 1799/1799 1782/1782 1780/1780
f 1799/1799 1791/1791 1782/1782
f 1803/1803 1791/1791 2387/2387
f 1791/1791 1809/1809 2387/2387
f 1809/1809 1803/1803 2387/2387
f 1804/1804 1810/1810 1807/1807
f 1811/1811 1837/1837 1805/1805
f 1827/1827 1813/1813 1812/1812
f 1783/1783 1416/1416 1411/1411
f 1790/1790 1817/1817 1783/1783
f 1822/1822 1817/1817 1793/1793
f 1817/1817 1790/1790 1793/1793
f 1824/1824 1825/1825 1819/1819
f 1822/1822 1824/1824 1823/1823
f 1826/1826 1830/1830 1829/1829
f 1825/1825 1824/1824 2388/2388
f 2388/2388 1830/1830 1825/1825
f 1825/1825 1830/1830 1826/1826
f 1830/1830 2388/2388 1824/1824
f 1834/1834 2389/2389 1815/1815
f 1834/1834 1815/1815 1814/1814
f 1834/1834 1833/1833 2389/2389
f 1824/1824 1845/1845 1830/1830
f 1822/1822 1793/1793 1837/1837
f 1837/1837 1793/1793 1801/1801
f 1824/1824 1822/1822 1845/1845
f 1837/1837 1845/1845 1822/1822
f 1852/1852 1844/1844 1903/1903
f 1900/1900 1852/1852 1903/1903
f 1903/1903 1845/1845 1837/1837
f 1903/1903 1844/1844 1845/1845
f 1845/1845 1843/1843 1830/1830
f 1830/1830 1843/1843 1840/1840
f 1838/1838 1814/1814 1831/1831
f 1831/1831 1828/1828 1838/1838
f 1834/1834 1814/1814 1838/1838
f 1847/1847 1832/1832 1834/1834
f 1471/1471 1462/1462 1463/1463
f 1786/1786 1785/1785 1469/1469
f 1786/1786 1469/1469 1471/1471
f 1864/1864 1863/1863 1811/1811
f 1864/1864 1866/1866 1863/1863
f 1885/1885 1866/1866 1864/1864
f 1868/1868 1885/1885 1864/1864
f 1855/1855 1856/1856 1870/1870
f 2390/2390 1856/1856 2386/2386
f 1870/1870 1856/1856 2390/2390
f 1777/1777 2391/2391 2386/2386
f 1777/1777 2386/2386 1774/1774
f 2391/2391 2390/2390 2386/2386
f 1776/1776 2391/2391 1777/1777
f 1776/1776 2392/2392 2391/2391
f 2390/2390 2391/2391 1871/1871
f 2392/2392 1871/1871 2391/2391
f 1871/1871 1870/1870 2390/2390
f 2392/2392 1875/1875 1871/1871
f 1875/1875 2392/2392 1776/1776
f 1865/1865 1861/1861 1862/1862
f 1865/1865 1881/1881 1868/1868
f 1882/1882 1868/1868 1881/1881
f 1882/1882 1884/1884 1868/1868
f 2393/2393 1898/1898 1899/1899
f 1905/1905 2393/2393 1899/1899
f 1900/1900 1903/1903 1898/1898
f 2393/2393 1900/1900 1898/1898
f 1900/1900 2393/2393 1901/1901
f 2393/2393 1905/1905 1901/1901
f 1901/1901 1905/1905 1902/1902
f 1906/1906 1905/1905 1899/1899
f 1906/1906 1899/1899 1866/1866
f 1906/1906 1866/1866 1904/1904
f 1904/1904 1908/1908 1906/1906
f 1909/1909 1902/1902 1905/1905
f 1909/1909 1913/1913 1902/1902
f 1911/1911 1909/1909 1907/1907
f 1910/1910 1908/1908 1918/1918
f 1911/1911 1910/1910 1920/1920
f 1915/1915 1911/1911 1920/1920
f 1973/1973 2205/2205 1980/1980
f 1980/1980 2205/2205 1981/1981
f 2081/2081 2082/2082 2080/2080
f 2101/2101 2103/2103 2099/2099
f 2103/2103 2083/2083 2099/2099
f 2103/2103 2102/2102 2104/2104
f 2102/2102 2114/2114 2104/2104
f 2083/2083 2103/2103 2084/2084
f 2126/2126 2125/2125 2122/2122
f 2130/2130 2160/2160 2126/2126
f 2127/2127 2126/2126 2160/2160
f 2105/2105 2104/2104 2134/2134
f 2115/2115 2133/2133 2104/2104
f 2133/2133 2115/2115 2137/2137
f 2086/2086 2105/2105 2116/2116
f 2159/2159 2157/2157 2146/2146
f 2130/2130 2157/2157 2161/2161
f 2160/2160 2130/2130 2161/2161
f 2121/2121 1970/1970 1969/1969
f 2206/2206 2394/2394 2207/2207
f 2394/2394 2395/2395 2207/2207
f 2160/2160 2217/2217 2127/2127
f 2127/2127 2217/2217 2206/2206
f 2217/2217 2394/2394 2206/2206
f 2211/2211 2207/2207 2395/2395
f 2395/2395 2396/2396 2211/2211
f 2212/2212 2396/2396 2213/2213
f 2213/2213 2396/2396 2226/2226
f 2212/2212 2211/2211 2396/2396
f 2212/2212 2216/2216 2211/2211
f 2209/2209 2208/2208 2211/2211
f 2211/2211 2216/2216 2209/2209
f 2212/2212 2214/2214 2216/2216
f 2394/2394 2217/2217 2219/2219
f 2394/2394 2219/2219 2395/2395
f 2395/2395 2219/2219 2226/2226
f 2226/2226 2396/2396 2395/2395
f 2228/2228 2168/2168 2230/2230
f 2168/2168 2170/2170 2230/2230
f 2232/2232 2229/2229 2230/2230
f 2233/2233 2230/2230 2170/2170
f 2230/2230 2233/2233 2232/2232
f 2233/2233 2170/2170 2172/2172
f 2051/2051 2210/2210 2244/2244
f 2397/2397 1062/1062 1063/1063
f 2398/2398 2397/2397 1063/1063
f 1065/1065 2040/2040 2398/2398
f 2398/2398 1063/1063 1065/1065
f 2040/2040 2399/2399 2400/2400
f 2401/2401 2398/2398 2040/2040
f 2401/2401 2040/2040 2400/2400
f 2402/2402 2401/2401 2400/2400
f 2402/2402 2400/2400 2403/2403
f 2404/2404 1216/1216 1215/1215
f 1059/1059 1062/1062 2397/2397
f 2405/2405 1059/1059 2397/2397
f 1217/1217 1059/1059 2405/2405
f 1218/1218 1217/1217 2405/2405
f 2405/2405 2397/2397 2406/2406
f 2397/2397 2398/2398 2407/2407
f 2406/2406 2397/2397 2408/2408
f 2407/2407 2408/2408 2397/2397
f 2409/2409 2405/2405 2406/2406
f 2406/2406 2408/2408 2410/2410
f 1215/1215 1214/1214 2404/2404
f 2404/2404 1214/1214 1219/1219
f 1220/1220 1218/1218 2405/2405
f 2411/2411 1220/1220 2405/2405
f 1219/1219 1220/1220 2411/2411
f 1219/1219 2412/2412 2404/2404
f 2412/2412 1219/1219 2411/2411
f 2411/2411 2405/2405 2409/2409
f 2409/2409 2406/2406 2410/2410
f 2411/2411 2409/2409 2413/2413
f 2413/2413 2414/2414 2411/2411
f 2413/2413 2409/2409 2410/2410
f 2415/2415 2411/2411 2414/2414
f 2415/2415 2412/2412 2411/2411
f 2416/2416 2415/2415 2414/2414
f 2412/2412 2415/2415 2416/2416
f 2417/2417 2416/2416 2414/2414
f 1221/1221 1223/1223 2418/2418
f 2419/2419 1223/1223 1216/1216
f 242/242 751/751 2418/2418
f 2418/2418 2420/2420 242/242
f 242/242 2420/2420 2421/2421
f 2418/2418 751/751 1221/1221
f 2422/2422 2418/2418 1223/1223
f 2421/2421 2420/2420 2422/2422
f 2422/2422 1223/1223 2423/2423
f 2424/2424 2422/2422 2423/2423
f 2419/2419 1216/1216 2404/2404
f 2404/2404 2425/2425 2419/2419
f 2404/2404 2412/2412 2425/2425
f 2426/2426 2419/2419 2425/2425
f 2425/2425 2412/2412 2427/2427
f 2428/2428 2425/2425 2427/2427
f 1223/1223 2419/2419 2426/2426
f 2426/2426 2425/2425 2429/2429
f 2430/2430 2425/2425 2428/2428
f 2429/2429 2425/2425 2430/2430
f 2427/2427 2412/2412 2416/2416
f 2416/2416 2431/2431 2427/2427
f 2431/2431 2416/2416 2417/2417
f 2427/2427 2431/2431 2432/2432
f 2432/2432 2428/2428 2427/2427
f 2431/2431 2433/2433 2432/2432
f 2428/2428 2432/2432 2434/2434
f 2434/2434 2432/2432 2433/2433
f 2426/2426 2429/2429 1223/1223
f 2423/2423 1223/1223 2429/2429
f 2435/2435 2429/2429 2430/2430
f 2435/2435 2423/2423 2429/2429
f 2434/2434 2430/2430 2428/2428
f 2436/2436 2430/2430 2434/2434
f 2430/2430 2436/2436 2437/2437
f 2436/2436 2434/2434 2438/2438
f 2435/2435 2430/2430 2437/2437
f 2439/2439 2435/2435 2437/2437
f 2436/2436 2440/2440 2437/2437
f 2437/2437 2441/2441 2439/2439
f 2437/2437 2440/2440 2441/2441
f 2407/2407 2398/2398 2401/2401
f 2402/2402 2407/2407 2401/2401
f 2407/2407 2402/2402 2442/2442
f 2442/2442 2443/2443 2407/2407
f 2407/2407 2443/2443 2408/2408
f 2442/2442 2402/2402 2444/2444
f 2445/2445 2442/2442 2444/2444
f 2446/2446 2442/2442 2445/2445
f 2446/2446 2443/2443 2442/2442
f 2443/2443 2446/2446 2447/2447
f 2410/2410 2408/2408 2443/2443
f 2448/2448 2410/2410 2443/2443
f 2448/2448 2443/2443 2447/2447
f 2417/2417 2413/2413 2448/2448
f 2413/2413 2410/2410 2448/2448
f 2414/2414 2413/2413 2417/2417
f 2417/2417 2448/2448 2449/2449
f 2448/2448 2450/2450 2449/2449
f 2448/2448 2447/2447 2450/2450
f 2447/2447 2451/2451 2450/2450
f 2451/2451 2447/2447 2452/2452
f 2453/2453 2451/2451 2452/2452
f 2454/2454 2455/2455 2456/2456
f 2454/2454 2457/2457 2458/2458
f 2455/2455 2459/2459 2460/2460
f 2454/2454 2458/2458 2455/2455
f 2455/2455 2458/2458 2459/2459
f 2461/2461 2446/2446 2462/2462
f 2452/2452 2447/2447 2461/2461
f 2459/2459 2463/2463 2462/2462
f 2464/2464 2452/2452 2461/2461
f 2453/2453 2452/2452 2464/2464
f 2465/2465 2464/2464 2461/2461
f 2466/2466 2464/2464 2465/2465
f 2461/2461 2462/2462 2465/2465
f 2467/2467 2468/2468 2469/2469
f 2431/2431 2417/2417 2470/2470
f 2471/2471 2417/2417 2449/2449
f 2470/2470 2417/2417 2471/2471
f 2470/2470 2433/2433 2431/2431
f 2433/2433 2438/2438 2434/2434
f 2472/2472 2433/2433 2470/2470
f 2472/2472 2470/2470 2473/2473
f 2451/2451 2473/2473 2470/2470
f 2473/2473 2451/2451 2474/2474
f 2433/2433 2475/2475 2438/2438
f 2440/2440 2436/2436 2438/2438
f 2475/2475 2440/2440 2438/2438
f 2440/2440 2476/2476 2441/2441
f 2477/2477 2475/2475 2478/2478
f 2475/2475 2477/2477 2479/2479
f 2480/2480 2478/2478 2481/2481
f 2481/2481 2482/2482 2480/2480
f 2453/2453 2464/2464 2466/2466
f 2453/2453 2466/2466 2474/2474
f 2483/2483 2466/2466 2465/2465
f 2474/2474 2466/2466 2483/2483
f 2484/2484 2485/2485 2474/2474
f 2465/2465 2467/2467 2486/2486
f 2483/2483 2465/2465 2486/2486
f 2487/2487 2467/2467 2469/2469
f 2467/2467 2488/2488 2486/2486
f 2467/2467 2487/2487 2488/2488
f 2489/2489 2486/2486 2488/2488
f 2490/2490 2484/2484 2483/2483
f 2490/2490 2483/2483 2491/2491
f 2489/2489 2483/2483 2486/2486
f 2491/2491 2483/2483 2489/2489
f 1324/1324 2492/2492 2489/2489
f 2489/2489 2492/2492 2491/2491
f 2481/2481 2478/2478 2485/2485
f 2493/2493 2481/2481 2485/2485
f 2493/2493 2485/2485 2484/2484
f 2493/2493 2484/2484 2494/2494
f 2495/2495 2493/2493 2494/2494
f 2482/2482 2481/2481 2496/2496
f 2494/2494 2484/2484 2490/2490
f 2497/2497 2494/2494 2490/2490
f 2497/2497 2490/2490 2498/2498
f 2498/2498 2490/2490 2491/2491
f 2495/2495 2494/2494 2497/2497
f 2499/2499 2495/2495 2497/2497
f 293/293 241/241 242/242
f 242/242 797/797 293/293
f 797/797 242/242 2500/2500
f 2421/2421 2500/2500 242/242
f 797/797 2500/2500 2501/2501
f 2501/2501 2500/2500 2421/2421
f 760/760 797/797 2502/2502
f 797/797 2501/2501 2502/2502
f 2502/2502 2501/2501 2503/2503
f 2502/2502 2503/2503 2504/2504
f 2504/2504 2505/2505 2502/2502
f 2424/2424 2501/2501 2421/2421
f 2424/2424 2421/2421 2422/2422
f 2506/2506 2501/2501 2424/2424
f 2503/2503 2501/2501 2506/2506
f 2507/2507 2503/2503 2506/2506
f 2507/2507 2504/2504 2503/2503
f 1051/1051 760/760 2502/2502
f 2508/2508 800/800 1051/1051
f 1051/1051 2502/2502 2508/2508
f 2502/2502 2505/2505 2508/2508
f 2508/2508 2509/2509 800/800
f 798/798 800/800 2509/2509
f 2508/2508 2505/2505 2510/2510
f 2509/2509 2508/2508 2510/2510
f 2509/2509 2510/2510 2511/2511
f 2507/2507 2505/2505 2504/2504
f 2510/2510 2505/2505 2507/2507
f 2510/2510 2507/2507 2512/2512
f 2512/2512 2507/2507 2513/2513
f 2514/2514 2512/2512 2513/2513
f 2511/2511 2510/2510 2512/2512
f 2515/2515 2512/2512 2514/2514
f 2506/2506 2424/2424 2423/2423
f 2516/2516 2506/2506 2423/2423
f 2507/2507 2506/2506 2516/2516
f 2435/2435 2439/2439 2517/2517
f 2435/2435 2516/2516 2423/2423
f 2441/2441 2476/2476 2439/2439
f 2439/2439 2476/2476 2518/2518
f 2519/2519 2439/2439 2518/2518
f 2513/2513 2507/2507 2516/2516
f 2520/2520 2513/2513 2516/2516
f 2513/2513 2521/2521 2514/2514
f 2522/2522 2514/2514 2521/2521
f 2521/2521 2513/2513 2520/2520
f 2516/2516 2519/2519 2520/2520
f 2523/2523 2519/2519 2524/2524
f 2523/2523 2520/2520 2519/2519
f 2523/2523 2525/2525 2526/2526
f 2511/2511 2512/2512 2527/2527
f 2527/2527 2512/2512 2515/2515
f 809/809 808/808 2528/2528
f 2528/2528 2529/2529 809/809
f 809/809 2530/2530 830/830
f 2531/2531 2530/2530 809/809
f 2531/2531 809/809 2529/2529
f 2532/2532 2531/2531 2529/2529
f 2533/2533 2531/2531 2532/2532
f 2514/2514 2522/2522 2515/2515
f 2515/2515 2522/2522 2534/2534
f 2523/2523 2526/2526 2520/2520
f 2534/2534 2522/2522 2535/2535
f 2536/2536 2534/2534 2535/2535
f 2522/2522 2521/2521 2535/2535
f 2535/2535 2521/2521 2537/2537
f 2537/2537 2520/2520 2526/2526
f 2520/2520 2537/2537 2521/2521
f 2537/2537 2526/2526 2525/2525
f 2538/2538 2537/2537 2525/2525
f 2538/2538 2539/2539 2537/2537
f 2536/2536 2540/2540 2532/2532
f 2540/2540 2536/2536 2541/2541
f 2535/2535 2541/2541 2536/2536
f 2541/2541 2535/2535 2542/2542
f 2543/2543 2541/2541 2542/2542
f 2543/2543 2542/2542 2544/2544
f 2440/2440 2475/2475 2476/2476
f 2476/2476 2475/2475 2479/2479
f 2545/2545 2518/2518 2476/2476
f 2524/2524 2518/2518 2545/2545
f 2524/2524 2545/2545 2546/2546
f 2546/2546 2545/2545 2476/2476
f 2546/2546 2476/2476 2547/2547
f 2547/2547 2476/2476 2479/2479
f 2479/2479 2548/2548 2547/2547
f 2548/2548 2546/2546 2547/2547
f 2548/2548 2479/2479 2549/2549
f 2550/2550 2548/2548 2549/2549
f 2524/2524 2519/2519 2518/2518
f 2524/2524 2546/2546 2551/2551
f 2525/2525 2523/2523 2524/2524
f 2525/2525 2524/2524 2552/2552
f 2552/2552 2524/2524 2551/2551
f 2548/2548 2551/2551 2546/2546
f 2548/2548 2553/2553 2551/2551
f 2553/2553 2548/2548 2550/2550
f 2553/2553 2550/2550 2554/2554
f 2549/2549 2482/2482 2496/2496
f 2555/2555 2549/2549 2496/2496
f 2555/2555 2496/2496 2556/2556
f 2555/2555 2556/2556 2557/2557
f 2549/2549 2555/2555 2558/2558
f 2558/2558 2555/2555 2557/2557
f 2558/2558 2557/2557 2559/2559
f 2559/2559 2557/2557 2560/2560
f 2499/2499 2497/2497 2561/2561
f 2562/2562 2497/2497 2498/2498
f 2562/2562 2561/2561 2497/2497
f 2556/2556 2495/2495 2499/2499
f 2557/2557 2556/2556 2499/2499
f 2557/2557 2499/2499 2561/2561
f 2560/2560 2557/2557 2561/2561
f 2550/2550 2549/2549 2558/2558
f 2558/2558 2559/2559 2550/2550
f 2563/2563 2559/2559 2560/2560
f 2564/2564 2550/2550 2559/2559
f 2564/2564 2559/2559 2563/2563
f 2554/2554 2550/2550 2564/2564
f 2565/2565 2554/2554 2564/2564
f 2566/2566 2567/2567 2568/2568
f 2569/2569 2567/2567 2566/2566
f 2570/2570 2569/2569 2566/2566
f 2563/2563 2560/2560 2567/2567
f 2567/2567 2560/2560 2561/2561
f 2569/2569 2563/2563 2567/2567
f 2564/2564 2563/2563 2569/2569
f 2569/2569 2571/2571 2564/2564
f 2572/2572 2573/2573 2553/2553
f 2554/2554 2574/2574 2572/2572
f 2575/2575 2572/2572 2574/2574
f 2576/2576 2577/2577 2575/2575
f 2575/2575 2577/2577 2572/2572
f 2525/2525 2552/2552 2538/2538
f 2538/2538 2552/2552 2578/2578
f 2579/2579 2578/2578 2577/2577
f 2578/2578 2579/2579 2538/2538
f 2577/2577 2573/2573 2572/2572
f 2577/2577 2580/2580 2579/2579
f 2574/2574 2554/2554 2565/2565
f 2565/2565 2564/2564 2581/2581
f 2575/2575 2574/2574 2582/2582
f 2576/2576 2575/2575 2582/2582
f 2583/2583 2582/2582 2565/2565
f 2584/2584 2565/2565 2581/2581
f 2565/2565 2584/2584 2583/2583
f 2585/2585 2583/2583 2584/2584
f 2571/2571 2581/2581 2564/2564
f 2571/2571 2586/2586 2581/2581
f 2587/2587 2569/2569 2570/2570
f 2587/2587 2571/2571 2569/2569
f 2571/2571 2587/2587 2588/2588
f 2586/2586 2584/2584 2581/2581
f 2589/2589 2586/2586 2571/2571
f 2586/2586 2589/2589 2585/2585
f 2585/2585 2584/2584 2586/2586
f 2590/2590 2589/2589 2571/2571
f 2590/2590 2571/2571 2591/2591
f 2592/2592 2583/2583 2593/2593
f 2585/2585 2593/2593 2583/2583
f 2594/2594 2592/2592 2593/2593
f 2595/2595 2593/2593 2585/2585
f 2593/2593 2595/2595 2594/2594
f 2596/2596 2594/2594 2595/2595
f 2597/2597 2595/2595 2598/2598
f 2597/2597 2596/2596 2595/2595
f 2594/2594 2599/2599 2592/2592
f 2599/2599 2600/2600 2592/2592
f 2601/2601 2599/2599 2594/2594
f 1310/1310 2602/2602 2603/2603
f 1308/1308 1310/1310 2603/2603
f 1310/1310 2604/2604 2469/2469
f 1312/1312 2604/2604 1310/1310
f 1322/1322 2469/2469 2604/2604
f 1320/1320 2604/2604 1312/1312
f 1312/1312 1310/1310 1313/1313
f 2469/2469 1322/1322 2487/2487
f 2488/2488 2487/2487 1324/1324
f 1324/1324 2487/2487 1322/1322
f 1320/1320 1322/1322 2604/2604
f 2488/2488 1324/1324 2489/2489
f 2605/2605 2492/2492 1324/1324
f 2606/2606 2605/2605 1331/1331
f 2607/2607 2491/2491 2492/2492
f 2607/2607 2492/2492 2605/2605
f 2607/2607 2605/2605 2606/2606
f 1331/1331 2605/2605 1324/1324
f 1334/1334 2498/2498 2606/2606
f 1334/1334 2606/2606 1331/1331
f 2608/2608 2498/2498 1334/1334
f 2562/2562 2498/2498 2608/2608
f 2609/2609 2608/2608 2610/2610
f 2608/2608 1334/1334 2610/2610
f 2610/2610 2372/2372 2611/2611
f 2612/2612 2568/2568 2613/2613
f 2612/2612 2613/2613 2614/2614
f 2612/2612 2614/2614 2615/2615
f 2566/2566 2568/2568 2612/2612
f 2587/2587 2570/2570 2566/2566
f 2616/2616 2587/2587 2566/2566
f 2617/2617 1401/1401 2618/2618
f 2619/2619 2620/2620 2621/2621
f 2619/2619 2622/2622 2620/2620
f 2623/2623 2620/2620 2622/2622
f 828/828 830/830 2530/2530
f 2624/2624 2530/2530 2531/2531
f 828/828 2530/2530 2624/2624
f 828/828 2624/2624 2625/2625
f 829/829 2626/2626 834/834
f 829/829 828/828 2626/2626
f 2625/2625 2626/2626 828/828
f 2531/2531 2533/2533 2624/2624
f 2627/2627 2533/2533 2628/2628
f 2629/2629 834/834 2630/2630
f 834/834 2626/2626 2630/2630
f 2630/2630 2626/2626 2625/2625
f 836/836 834/834 2629/2629
f 837/837 836/836 2629/2629
f 837/837 2629/2629 2631/2631
f 835/835 837/837 2632/2632
f 2629/2629 2630/2630 2631/2631
f 845/845 835/835 2632/2632
f 2633/2633 2634/2634 2533/2533
f 2635/2635 2634/2634 2633/2633
f 2636/2636 2634/2634 2635/2635
f 2533/2533 2634/2634 2628/2628
f 2634/2634 2636/2636 2628/2628
f 2637/2637 2638/2638 2636/2636
f 2638/2638 2637/2637 2639/2639
f 2627/2627 2628/2628 2640/2640
f 2627/2627 2640/2640 2641/2641
f 2636/2636 2638/2638 2642/2642
f 2642/2642 2640/2640 2636/2636
f 2638/2638 2643/2643 2644/2644
f 2641/2641 2640/2640 2642/2642
f 2641/2641 2642/2642 2645/2645
f 2645/2645 2642/2642 2644/2644
f 2638/2638 2644/2644 2642/2642
f 2645/2645 2644/2644 2646/2646
f 845/845 2632/2632 2647/2647
f 846/846 845/845 2647/2647
f 864/864 846/846 2647/2647
f 864/864 2647/2647 2648/2648
f 2649/2649 2647/2647 2632/2632
f 2647/2647 2649/2649 2648/2648
f 2650/2650 2651/2651 2649/2649
f 2649/2649 2651/2651 2648/2648
f 2651/2651 2650/2650 2652/2652
f 2651/2651 2652/2652 2641/2641
f 2651/2651 2653/2653 2648/2648
f 2653/2653 2651/2651 2654/2654
f 2655/2655 2653/2653 2654/2654
f 2641/2641 2654/2654 2651/2651
f 2641/2641 2645/2645 2656/2656
f 2657/2657 2645/2645 2646/2646
f 2654/2654 2641/2641 2656/2656
f 2655/2655 2654/2654 2658/2658
f 2654/2654 2656/2656 2658/2658
f 2659/2659 2660/2660 2655/2655
f 2661/2661 2648/2648 2653/2653
f 2662/2662 2653/2653 2660/2660
f 2660/2660 2653/2653 2655/2655
f 2637/2637 2663/2663 2664/2664
f 2639/2639 2637/2637 2664/2664
f 2665/2665 2666/2666 2667/2667
f 2664/2664 2668/2668 2639/2639
f 2639/2639 2643/2643 2638/2638
f 2639/2639 2668/2668 2643/2643
f 2646/2646 2643/2643 2669/2669
f 2669/2669 2643/2643 2668/2668
f 2670/2670 2669/2669 2668/2668
f 2671/2671 2667/2667 2672/2672
f 2667/2667 2666/2666 2673/2673
f 2672/2672 2667/2667 2674/2674
f 2596/2596 2601/2601 2594/2594
f 2596/2596 2675/2675 2601/2601
f 2676/2676 2596/2596 2597/2597
f 2677/2677 2596/2596 2676/2676
f 2596/2596 2677/2677 2675/2675
f 2600/2600 2599/2599 2601/2601
f 2666/2666 2600/2600 2601/2601
f 2673/2673 2666/2666 2678/2678
f 2678/2678 2666/2666 2601/2601
f 2679/2679 2601/2601 2675/2675
f 2678/2678 2601/2601 2679/2679
f 2680/2680 2673/2673 2678/2678
f 2667/2667 2673/2673 2681/2681
f 2682/2682 2680/2680 2678/2678
f 2682/2682 2678/2678 2679/2679
f 2681/2681 2674/2674 2667/2667
f 2683/2683 2674/2674 2681/2681
f 2684/2684 2681/2681 2680/2680
f 2681/2681 2684/2684 2683/2683
f 2685/2685 2683/2683 2684/2684
f 2680/2680 2685/2685 2684/2684
f 2685/2685 2680/2680 2686/2686
f 2657/2657 2646/2646 2669/2669
f 2656/2656 2645/2645 2657/2657
f 2657/2657 2687/2687 2656/2656
f 2687/2687 2657/2657 2669/2669
f 2688/2688 2669/2669 2670/2670
f 2687/2687 2669/2669 2688/2688
f 2687/2687 2658/2658 2656/2656
f 2655/2655 2658/2658 2659/2659
f 2658/2658 2687/2687 2688/2688
f 2689/2689 2658/2658 2688/2688
f 2690/2690 2658/2658 2689/2689
f 2670/2670 2672/2672 2691/2691
f 2691/2691 2672/2672 2674/2674
f 2674/2674 2692/2692 2691/2691
f 2693/2693 2692/2692 2694/2694
f 2692/2692 2670/2670 2691/2691
f 2688/2688 2670/2670 2692/2692
f 2688/2688 2692/2692 2695/2695
f 2695/2695 2692/2692 2693/2693
f 2659/2659 2658/2658 2690/2690
f 2693/2693 2696/2696 2689/2689
f 2690/2690 2689/2689 2696/2696
f 2697/2697 2690/2690 2696/2696
f 2698/2698 2659/2659 2690/2690
f 2674/2674 2683/2683 2699/2699
f 2699/2699 2692/2692 2674/2674
f 2700/2700 2692/2692 2699/2699
f 2685/2685 2699/2699 2683/2683
f 2700/2700 2699/2699 2685/2685
f 2694/2694 2692/2692 2700/2700
f 2701/2701 2696/2696 2693/2693
f 2702/2702 2696/2696 2701/2701
f 2697/2697 2696/2696 2702/2702
f 2703/2703 2697/2697 2702/2702
f 2704/2704 2705/2705 2706/2706
f 2704/2704 2706/2706 2707/2707
f 2703/2703 2708/2708 2709/2709
f 2709/2709 2708/2708 2710/2710
f 2648/2648 866/866 864/864
f 2661/2661 866/866 2648/2648
f 2662/2662 2661/2661 2653/2653
f 2662/2662 2711/2711 2661/2661
f 2660/2660 2711/2711 2662/2662
f 2711/2711 2660/2660 2712/2712
f 2661/2661 2713/2713 866/866
f 2713/2713 2661/2661 2714/2714
f 2714/2714 2661/2661 2715/2715
f 866/866 2713/2713 914/914
f 2715/2715 2661/2661 2711/2711
f 2711/2711 2716/2716 2715/2715
f 2715/2715 2716/2716 2714/2714
f 2712/2712 2716/2716 2711/2711
f 2698/2698 2690/2690 2717/2717
f 2717/2717 2690/2690 2697/2697
f 2717/2717 2697/2697 2703/2703
f 2717/2717 2703/2703 2718/2718
f 2718/2718 2703/2703 2709/2709
f 2719/2719 2718/2718 2709/2709
f 2718/2718 2719/2719 2720/2720
f 2720/2720 2719/2719 2721/2721
f 2722/2722 2718/2718 2720/2720
f 2723/2723 2720/2720 2721/2721
f 2660/2660 2659/2659 2698/2698
f 2712/2712 2698/2698 2717/2717
f 2712/2712 2660/2660 2698/2698
f 2712/2712 2717/2717 2724/2724
f 2724/2724 2716/2716 2712/2712
f 2717/2717 2722/2722 2724/2724
f 2725/2725 2724/2724 2722/2722
f 2722/2722 2717/2717 2718/2718
f 2726/2726 2622/2622 1813/1813
f 1827/1827 2726/2726 1813/1813
f 2727/2727 2726/2726 1827/1827
f 2623/2623 2622/2622 2726/2726
f 2727/2727 2623/2623 2726/2726
f 2728/2728 2729/2729 2730/2730
f 2729/2729 2731/2731 2732/2732
f 2729/2729 2733/2733 2731/2731
f 2731/2731 2733/2733 2734/2734
f 2728/2728 2733/2733 2729/2729
f 1827/1827 1816/1816 2730/2730
f 1815/1815 2730/2730 1816/1816
f 2735/2735 2731/2731 2734/2734
f 2736/2736 2737/2737 2738/2738
f 2738/2738 2737/2737 2739/2739
f 2740/2740 2739/2739 2741/2741
f 2740/2740 2389/2389 1833/1833
f 2742/2742 2740/2740 1833/1833
f 1836/1836 2742/2742 1833/1833
f 2742/2742 2739/2739 2740/2740
f 2738/2738 2739/2739 1836/1836
f 1836/1836 2739/2739 2742/2742
f 1836/1836 1833/1833 1832/1832
f 2743/2743 2736/2736 2738/2738
f 2743/2743 2738/2738 2744/2744
f 2745/2745 2743/2743 2744/2744
f 2745/2745 2746/2746 2743/2743
f 2747/2747 2745/2745 2744/2744
f 2748/2748 2749/2749 2745/2745
f 2750/2750 2751/2751 1836/1836
f 2744/2744 2738/2738 2751/2751
f 2751/2751 2738/2738 1836/1836
f 2752/2752 2749/2749 2748/2748
f 2748/2748 2745/2745 2747/2747
f 2744/2744 2753/2753 2747/2747
f 2754/2754 2747/2747 2753/2753
f 2754/2754 2748/2748 2747/2747
f 2754/2754 2752/2752 2748/2748
f 2755/2755 2752/2752 2754/2754
f 2756/2756 2752/2752 2755/2755
f 2757/2757 2758/2758 2750/2750
f 2758/2758 2744/2744 2751/2751
f 2753/2753 2744/2744 2758/2758
f 2758/2758 2751/2751 2750/2750
f 2758/2758 2757/2757 2753/2753
f 1892/1892 1836/1836 1835/1835
f 1892/1892 2750/2750 1836/1836
f 2757/2757 2750/2750 1892/1892
f 2759/2759 2757/2757 1893/1893
f 2759/2759 2753/2753 2757/2757
f 2754/2754 2753/2753 2759/2759
f 1893/1893 2760/2760 2759/2759
f 2759/2759 2760/2760 2755/2755
f 2757/2757 1892/1892 1893/1893
f 2754/2754 2759/2759 2755/2755
f 2761/2761 2756/2756 2755/2755
f 2762/2762 2755/2755 2760/2760
f 1897/1897 1893/1893 1894/1894
f 2760/2760 1893/1893 1897/1897
f 2762/2762 2760/2760 1897/1897
f 1896/1896 1916/1916 2762/2762
f 2762/2762 1897/1897 1896/1896
f 2755/2755 2762/2762 2763/2763
f 2762/2762 1916/1916 1917/1917
f 2763/2763 2762/2762 1917/1917
f 2755/2755 2763/2763 2761/2761
f 2749/2749 2752/2752 2710/2710
f 2710/2710 2752/2752 2709/2709
f 2756/2756 2709/2709 2752/2752
f 2756/2756 2719/2719 2709/2709
f 2756/2756 2761/2761 2719/2719
f 2721/2721 2719/2719 2761/2761
f 2721/2721 2761/2761 2764/2764
f 2761/2761 2763/2763 2764/2764
f 917/917 914/914 2713/2713
f 2765/2765 2713/2713 2714/2714
f 914/914 917/917 912/912
f 2765/2765 917/917 2713/2713
f 2766/2766 917/917 2765/2765
f 2765/2765 2767/2767 2766/2766
f 2768/2768 2714/2714 2716/2716
f 2765/2765 2714/2714 2768/2768
f 2769/2769 2716/2716 2724/2724
f 2768/2768 2716/2716 2769/2769
f 2767/2767 2768/2768 2769/2769
f 2767/2767 2765/2765 2768/2768
f 2770/2770 917/917 2766/2766
f 2771/2771 2766/2766 2772/2772
f 2772/2772 2766/2766 2767/2767
f 917/917 2770/2770 926/926
f 2770/2770 2766/2766 2771/2771
f 2771/2771 2772/2772 2773/2773
f 2774/2774 2771/2771 2773/2773
f 2775/2775 2769/2769 2776/2776
f 2773/2773 2772/2772 2767/2767
f 2773/2773 2767/2767 2775/2775
f 2777/2777 2773/2773 2775/2775
f 2778/2778 2775/2775 2776/2776
f 2778/2778 2777/2777 2775/2775
f 2764/2764 2723/2723 2721/2721
f 2779/2779 2720/2720 2723/2723
f 2780/2780 2779/2779 2723/2723
f 2780/2780 2723/2723 2764/2764
f 2780/2780 2764/2764 2781/2781
f 2781/2781 2782/2782 2780/2780
f 2780/2780 2782/2782 2779/2779
f 2779/2779 2782/2782 2783/2783
f 2781/2781 2783/2783 2782/2782
f 2784/2784 2783/2783 2781/2781
f 2769/2769 2724/2724 2725/2725
f 2785/2785 2725/2725 2722/2722
f 2725/2725 2785/2785 2786/2786
f 2769/2769 2725/2725 2776/2776
f 2787/2787 2776/2776 2725/2725
f 2788/2788 2786/2786 2785/2785
f 2785/2785 2722/2722 2720/2720
f 2788/2788 2785/2785 2720/2720
f 2720/2720 2779/2779 2788/2788
f 2787/2787 2725/2725 2786/2786
f 2786/2786 2788/2788 2787/2787
f 2787/2787 2788/2788 2789/2789
f 2778/2778 2776/2776 2787/2787
f 2790/2790 2791/2791 2779/2779
f 2788/2788 2791/2791 2790/2790
f 2791/2791 2788/2788 2779/2779
f 2790/2790 2779/2779 2783/2783
f 2790/2790 2783/2783 2792/2792
f 2789/2789 2788/2788 2790/2790
f 926/926 2770/2770 2793/2793
f 2793/2793 2770/2770 2794/2794
f 2794/2794 2770/2770 2771/2771
f 2795/2795 2794/2794 2774/2774
f 2794/2794 2796/2796 2793/2793
f 1050/1050 926/926 2793/2793
f 2793/2793 2796/2796 2797/2797
f 2796/2796 2794/2794 2797/2797
f 2794/2794 2795/2795 2797/2797
f 2795/2795 2798/2798 2797/2797
f 2773/2773 2777/2777 2799/2799
f 2774/2774 2773/2773 2799/2799
f 2799/2799 2777/2777 2778/2778
f 2800/2800 2799/2799 2778/2778
f 2795/2795 2774/2774 2799/2799
f 2795/2795 2799/2799 2798/2798
f 2798/2798 2799/2799 2800/2800
f 2800/2800 2778/2778 2801/2801
f 2800/2800 2801/2801 2802/2802
f 1050/1050 2793/2793 2797/2797
f 2797/2797 2803/2803 1050/1050
f 2803/2803 2797/2797 2798/2798
f 2803/2803 2798/2798 2804/2804
f 2804/2804 2805/2805 2803/2803
f 2798/2798 2800/2800 2804/2804
f 2802/2802 2806/2806 2800/2800
f 2804/2804 2800/2800 2806/2806
f 2807/2807 2783/2783 2784/2784
f 2807/2807 2784/2784 2808/2808
f 2808/2808 2809/2809 2810/2810
f 2808/2808 2811/2811 2807/2807
f 2812/2812 2810/2810 2813/2813
f 2811/2811 2810/2810 2814/2814
f 2808/2808 2810/2810 2811/2811
f 2810/2810 2815/2815 2814/2814
f 2816/2816 2817/2817 2818/2818
f 2816/2816 2819/2819 2817/2817
f 2820/2820 2817/2817 2819/2819
f 2815/2815 2812/2812 2821/2821
f 2822/2822 2815/2815 2821/2821
f 2821/2821 2823/2823 2822/2822
f 2815/2815 2818/2818 2824/2824
f 2815/2815 2824/2824 2814/2814
f 2816/2816 2818/2818 2815/2815
f 2812/2812 2815/2815 2810/2810
f 2825/2825 2815/2815 2822/2822
f 2825/2825 2816/2816 2815/2815
f 2826/2826 2819/2819 2825/2825
f 2826/2826 2825/2825 2822/2822
f 2816/2816 2825/2825 2819/2819
f 2819/2819 2826/2826 2820/2820
f 2827/2827 2787/2787 2789/2789
f 2828/2828 2787/2787 2827/2827
f 2829/2829 2828/2828 2827/2827
f 2830/2830 2829/2829 2831/2831
f 2832/2832 2830/2830 2831/2831
f 2833/2833 2832/2832 2831/2831
f 2827/2827 2834/2834 2829/2829
f 2831/2831 2829/2829 2834/2834
f 2834/2834 2827/2827 2789/2789
f 2835/2835 2831/2831 2834/2834
f 2835/2835 2834/2834 2836/2836
f 2828/2828 2778/2778 2787/2787
f 2801/2801 2778/2778 2828/2828
f 2801/2801 2828/2828 2837/2837
f 2837/2837 2828/2828 2829/2829
f 2830/2830 2837/2837 2829/2829
f 2838/2838 2801/2801 2837/2837
f 2802/2802 2801/2801 2838/2838
f 2838/2838 2837/2837 2830/2830
f 2832/2832 2838/2838 2830/2830
f 2792/2792 2789/2789 2790/2790
f 2839/2839 2792/2792 2807/2807
f 2789/2789 2792/2792 2839/2839
f 2807/2807 2792/2792 2783/2783
f 2840/2840 2839/2839 2807/2807
f 2836/2836 2839/2839 2840/2840
f 2836/2836 2789/2789 2839/2839
f 2836/2836 2834/2834 2789/2789
f 2835/2835 2836/2836 2841/2841
f 2807/2807 2811/2811 2840/2840
f 2842/2842 2843/2843 2844/2844
f 2833/2833 2831/2831 2845/2845
f 2846/2846 2831/2831 2835/2835
f 2845/2845 2831/2831 2846/2846
f 2843/2843 2833/2833 2845/2845
f 2847/2847 2835/2835 2841/2841
f 2846/2846 2835/2835 2847/2847
f 2848/2848 2849/2849 2850/2850
f 2850/2850 2843/2843 2845/2845
f 2850/2850 2845/2845 2846/2846
f 2850/2850 2846/2846 2847/2847
f 2850/2850 2847/2847 2848/2848
f 2848/2848 2847/2847 2851/2851
f 2852/2852 2844/2844 2843/2843
f 2853/2853 2844/2844 2852/2852
f 2848/2848 2851/2851 2854/2854
f 2855/2855 2856/2856 2854/2854
f 2849/2849 2852/2852 2843/2843
f 2843/2843 2850/2850 2849/2849
f 2852/2852 2857/2857 2853/2853
f 2849/2849 2857/2857 2852/2852
f 2858/2858 2849/2849 2848/2848
f 2848/2848 2854/2854 2856/2856
f 2856/2856 2858/2858 2848/2848
f 2858/2858 2856/2856 2859/2859
f 2860/2860 2849/2849 2858/2858
f 2849/2849 2860/2860 2857/2857
f 2857/2857 2860/2860 2861/2861
f 2859/2859 2856/2856 2855/2855
f 2862/2862 2858/2858 2859/2859
f 2863/2863 2859/2859 2855/2855
f 2862/2862 2860/2860 2858/2858
f 2864/2864 2802/2802 2838/2838
f 2864/2864 2838/2838 2832/2832
f 2833/2833 2864/2864 2832/2832
f 2864/2864 2833/2833 2842/2842
f 2865/2865 2802/2802 2864/2864
f 2865/2865 2806/2806 2802/2802
f 2866/2866 2865/2865 2864/2864
f 2843/2843 2842/2842 2833/2833
f 2842/2842 2844/2844 2864/2864
f 2866/2866 2867/2867 2868/2868
f 2868/2868 2865/2865 2866/2866
f 2853/2853 2869/2869 2844/2844
f 2844/2844 2866/2866 2864/2864
f 2869/2869 2866/2866 2844/2844
f 2867/2867 2869/2869 2853/2853
f 2867/2867 2866/2866 2869/2869
f 2867/2867 2853/2853 2857/2857
f 2870/2870 2868/2868 2867/2867
f 2871/2871 2865/2865 2868/2868
f 2872/2872 2868/2868 2870/2870
f 2857/2857 2861/2861 2867/2867
f 2861/2861 2870/2870 2867/2867
f 2841/2841 2851/2851 2847/2847
f 2841/2841 2836/2836 2873/2873
f 2873/2873 2836/2836 2824/2824
f 2824/2824 2836/2836 2840/2840
f 2851/2851 2841/2841 2873/2873
f 2874/2874 2851/2851 2873/2873
f 2875/2875 2851/2851 2874/2874
f 2818/2818 2873/2873 2824/2824
f 2874/2874 2873/2873 2818/2818
f 2814/2814 2840/2840 2811/2811
f 2840/2840 2814/2814 2824/2824
f 2875/2875 2854/2854 2851/2851
f 2817/2817 2874/2874 2818/2818
f 2875/2875 2874/2874 2817/2817
f 2855/2855 2854/2854 2875/2875
f 2875/2875 2876/2876 2855/2855
f 2877/2877 2855/2855 2876/2876
f 2877/2877 2876/2876 2878/2878
f 2878/2878 2876/2876 2817/2817
f 2817/2817 2876/2876 2875/2875
f 2879/2879 1050/1050 2803/2803
f 2880/2880 2764/2764 2763/2763
f 2763/2763 2881/2881 2880/2880
f 1956/1956 1917/1917 1915/1915
f 2881/2881 2763/2763 1917/1917
f 2781/2781 2764/2764 2880/2880
f 2880/2880 2881/2881 2781/2781
f 2881/2881 1917/1917 2784/2784
f 2882/2882 1956/1956 1957/1957
f 2809/2809 1917/1917 1956/1956
f 1917/1917 2809/2809 2784/2784
f 2882/2882 2809/2809 1956/1956
f 2882/2882 1957/1957 1963/1963
f 2881/2881 2784/2784 2781/2781
f 2808/2808 2784/2784 2809/2809
f 2809/2809 2882/2882 2813/2813
f 1963/1963 2813/2813 2882/2882
f 2883/2883 2813/2813 1963/1963
f 2883/2883 1963/1963 1961/1961
f 2883/2883 1961/1961 2884/2884
f 2813/2813 2810/2810 2809/2809
f 2883/2883 2812/2812 2813/2813
f 2399/2399 2039/2039 2034/2034
f 2040/2040 2039/2039 2399/2399
f 2399/2399 2034/2034 2400/2400
f 2400/2400 2034/2034 2041/2041
f 2041/2041 2403/2403 2400/2400
f 2045/2045 2403/2403 2041/2041
f 2403/2403 2045/2045 2885/2885
f 2045/2045 2049/2049 2885/2885
f 2886/2886 2049/2049 2062/2062
f 2402/2402 2403/2403 2444/2444
f 2444/2444 2403/2403 2885/2885
f 2444/2444 2885/2885 2886/2886
f 2885/2885 2049/2049 2886/2886
f 2445/2445 2444/2444 2886/2886
f 2886/2886 2062/2062 2887/2887
f 2445/2445 2886/2886 2888/2888
f 2888/2888 2886/2886 2887/2887
f 2888/2888 2887/2887 2457/2457
f 2063/2063 2887/2887 2062/2062
f 2066/2066 2889/2889 2063/2063
f 2887/2887 2063/2063 2889/2889
f 2887/2887 2889/2889 2890/2890
f 2066/2066 2890/2890 2889/2889
f 2890/2890 2066/2066 2071/2071
f 2457/2457 2887/2887 2890/2890
f 2891/2891 2890/2890 2071/2071
f 2891/2891 2071/2071 2076/2076
f 2420/2420 2418/2418 2422/2422
f 2446/2446 2445/2445 2460/2460
f 2445/2445 2456/2456 2460/2460
f 2456/2456 2445/2445 2888/2888
f 2456/2456 2888/2888 2454/2454
f 2454/2454 2888/2888 2457/2457
f 2460/2460 2459/2459 2446/2446
f 2456/2456 2455/2455 2460/2460
f 2462/2462 2446/2446 2459/2459
f 2890/2890 2892/2892 2457/2457
f 2892/2892 2458/2458 2457/2457
f 2892/2892 2890/2890 2891/2891
f 2892/2892 2602/2602 2458/2458
f 2602/2602 2892/2892 2891/2891
f 2602/2602 2891/2891 2603/2603
f 2459/2459 2458/2458 2602/2602
f 2447/2447 2446/2446 2461/2461
f 2462/2462 2463/2463 2465/2465
f 2463/2463 2459/2459 2602/2602
f 2463/2463 2602/2602 2893/2893
f 2602/2602 2468/2468 2893/2893
f 2467/2467 2463/2463 2893/2893
f 2463/2463 2467/2467 2465/2465
f 2893/2893 2468/2468 2467/2467
f 2471/2471 2449/2449 2450/2450
f 2470/2470 2471/2471 2450/2450
f 2450/2450 2451/2451 2470/2470
f 2451/2451 2453/2453 2474/2474
f 2473/2473 2474/2474 2478/2478
f 2478/2478 2474/2474 2485/2485
f 2473/2473 2478/2478 2472/2472
f 2475/2475 2433/2433 2472/2472
f 2472/2472 2478/2478 2475/2475
f 2477/2477 2478/2478 2480/2480
f 2474/2474 2483/2483 2484/2484
f 2481/2481 2493/2493 2496/2496
f 2496/2496 2493/2493 2495/2495
f 2517/2517 2516/2516 2435/2435
f 2517/2517 2439/2439 2516/2516
f 2519/2519 2516/2516 2439/2439
f 803/803 798/798 2509/2509
f 2511/2511 803/803 2509/2509
f 2528/2528 803/803 2511/2511
f 2511/2511 2529/2529 2528/2528
f 808/808 803/803 2528/2528
f 2527/2527 2529/2529 2511/2511
f 2534/2534 2527/2527 2515/2515
f 2527/2527 2532/2532 2529/2529
f 2534/2534 2532/2532 2527/2527
f 2536/2536 2532/2532 2534/2534
f 2537/2537 2539/2539 2535/2535
f 2533/2533 2532/2532 2540/2540
f 2543/2543 2540/2540 2541/2541
f 2633/2633 2533/2533 2540/2540
f 2633/2633 2540/2540 2543/2543
f 2543/2543 2635/2635 2633/2633
f 2535/2535 2539/2539 2542/2542
f 2539/2539 2544/2544 2542/2542
f 2544/2544 2539/2539 2894/2894
f 2637/2637 2543/2543 2544/2544
f 2479/2479 2477/2477 2549/2549
f 2480/2480 2549/2549 2477/2477
f 2482/2482 2549/2549 2480/2480
f 2573/2573 2551/2551 2553/2553
f 2554/2554 2572/2572 2553/2553
f 2495/2495 2556/2556 2496/2496
f 2562/2562 2613/2613 2561/2561
f 2567/2567 2561/2561 2568/2568
f 2613/2613 2568/2568 2561/2561
f 2573/2573 2552/2552 2551/2551
f 2578/2578 2552/2552 2577/2577
f 2552/2552 2573/2573 2577/2577
f 2580/2580 2577/2577 2576/2576
f 2579/2579 2894/2894 2538/2538
f 2539/2539 2538/2538 2894/2894
f 2894/2894 2579/2579 2580/2580
f 2895/2895 2894/2894 2580/2580
f 2665/2665 2894/2894 2895/2895
f 2592/2592 2580/2580 2576/2576
f 2600/2600 2580/2580 2592/2592
f 2895/2895 2580/2580 2600/2600
f 2574/2574 2565/2565 2582/2582
f 2583/2583 2576/2576 2582/2582
f 2576/2576 2583/2583 2592/2592
f 2588/2588 2591/2591 2571/2571
f 2896/2896 2590/2590 2591/2591
f 2595/2595 2585/2585 2589/2589
f 2598/2598 2589/2589 2590/2590
f 2595/2595 2589/2589 2598/2598
f 2891/2891 2076/2076 2317/2317
f 2603/2603 2891/2891 2317/2317
f 2603/2603 2317/2317 1308/1308
f 2468/2468 2602/2602 1310/1310
f 2468/2468 1310/1310 2469/2469
f 2491/2491 2607/2607 2498/2498
f 2607/2607 2606/2606 2498/2498
f 2608/2608 2609/2609 2562/2562
f 2614/2614 2609/2609 2615/2615
f 2613/2613 2562/2562 2609/2609
f 2609/2609 2614/2614 2613/2613
f 2611/2611 2609/2609 2610/2610
f 2615/2615 2609/2609 2611/2611
f 1334/1334 1336/1336 2610/2610
f 1336/1336 2372/2372 2610/2610
f 2897/2897 2611/2611 2372/2372
f 2897/2897 2615/2615 2611/2611
f 2898/2898 2566/2566 2615/2615
f 2898/2898 2615/2615 2897/2897
f 2612/2612 2615/2615 2566/2566
f 2373/2373 2897/2897 2372/2372
f 1400/1400 2374/2374 2373/2373
f 2898/2898 2897/2897 2373/2373
f 2374/2374 2898/2898 2373/2373
f 2616/2616 2566/2566 2898/2898
f 2618/2618 2898/2898 2374/2374
f 2616/2616 2898/2898 2618/2618
f 2591/2591 2588/2588 2616/2616
f 2616/2616 2899/2899 2591/2591
f 2899/2899 2896/2896 2591/2591
f 2899/2899 2616/2616 2618/2618
f 2622/2622 2899/2899 2618/2618
f 2616/2616 2588/2588 2587/2587
f 2618/2618 2374/2374 2617/2617
f 2374/2374 1399/1399 2617/2617
f 1401/1401 2617/2617 1399/1399
f 2899/2899 2619/2619 2896/2896
f 2621/2621 2590/2590 2896/2896
f 2621/2621 2896/2896 2619/2619
f 2619/2619 2899/2899 2622/2622
f 2900/2900 2621/2621 2620/2620
f 2623/2623 2900/2900 2620/2620
f 2621/2621 2598/2598 2590/2590
f 2598/2598 2621/2621 2597/2597
f 2901/2901 2597/2597 2621/2621
f 1401/1401 1403/1403 2618/2618
f 1403/1403 2622/2622 2618/2618
f 2622/2622 1403/1403 1404/1404
f 1813/1813 2622/2622 1404/1404
f 2627/2627 2625/2625 2624/2624
f 2624/2624 2533/2533 2627/2627
f 2902/2902 2631/2631 2630/2630
f 2631/2631 2632/2632 837/837
f 2631/2631 2902/2902 2632/2632
f 2630/2630 2625/2625 2627/2627
f 2902/2902 2649/2649 2632/2632
f 2902/2902 2650/2650 2649/2649
f 2650/2650 2902/2902 2630/2630
f 2635/2635 2543/2543 2637/2637
f 2637/2637 2636/2636 2635/2635
f 2663/2663 2637/2637 2544/2544
f 2628/2628 2636/2636 2640/2640
f 2650/2650 2630/2630 2627/2627
f 2627/2627 2641/2641 2650/2650
f 2652/2652 2650/2650 2641/2641
f 2663/2663 2544/2544 2894/2894
f 2894/2894 2665/2665 2663/2663
f 2663/2663 2665/2665 2664/2664
f 2666/2666 2665/2665 2895/2895
f 2666/2666 2895/2895 2600/2600
f 2671/2671 2668/2668 2664/2664
f 2643/2643 2646/2646 2644/2644
f 2671/2671 2664/2664 2665/2665
f 2671/2671 2665/2665 2667/2667
f 2668/2668 2671/2671 2672/2672
f 2670/2670 2668/2668 2672/2672
f 2903/2903 2675/2675 2677/2677
f 2677/2677 2732/2732 2903/2903
f 2679/2679 2675/2675 2903/2903
f 2679/2679 2903/2903 2682/2682
f 2904/2904 2682/2682 2903/2903
f 2731/2731 2903/2903 2732/2732
f 2903/2903 2731/2731 2904/2904
f 2731/2731 2735/2735 2904/2904
f 2681/2681 2673/2673 2680/2680
f 2905/2905 2680/2680 2682/2682
f 2905/2905 2682/2682 2904/2904
f 2686/2686 2680/2680 2905/2905
f 2688/2688 2695/2695 2689/2689
f 2689/2689 2695/2695 2693/2693
f 2906/2906 2904/2904 2735/2735
f 2735/2735 2907/2907 2906/2906
f 2908/2908 2906/2906 2907/2907
f 2907/2907 2735/2735 2734/2734
f 2909/2909 2908/2908 2907/2907
f 2910/2910 2908/2908 2909/2909
f 2706/2706 2910/2910 2909/2909
f 2909/2909 2746/2746 2706/2706
f 2707/2707 2706/2706 2746/2746
f 2701/2701 2693/2693 2694/2694
f 2694/2694 2700/2700 2911/2911
f 2701/2701 2694/2694 2911/2911
f 2912/2912 2911/2911 2700/2700
f 2906/2906 2905/2905 2904/2904
f 2686/2686 2905/2905 2906/2906
f 2700/2700 2685/2685 2686/2686
f 2906/2906 2910/2910 2686/2686
f 2686/2686 2910/2910 2700/2700
f 2910/2910 2906/2906 2908/2908
f 2910/2910 2912/2912 2700/2700
f 2911/2911 2913/2913 2701/2701
f 2913/2913 2911/2911 2912/2912
f 2701/2701 2913/2913 2914/2914
f 2914/2914 2708/2708 2701/2701
f 2708/2708 2702/2702 2701/2701
f 2703/2703 2702/2702 2708/2708
f 2705/2705 2913/2913 2912/2912
f 2705/2705 2912/2912 2910/2910
f 2914/2914 2913/2913 2705/2705
f 2705/2705 2910/2910 2706/2706
f 2704/2704 2914/2914 2705/2705
f 2708/2708 2914/2914 2704/2704
f 2710/2710 2708/2708 2704/2704
f 2707/2707 2710/2710 2704/2704
f 2710/2710 2707/2707 2749/2749
f 2727/2727 2901/2901 2900/2900
f 2623/2623 2727/2727 2900/2900
f 2729/2729 2732/2732 2727/2727
f 2676/2676 2597/2597 2901/2901
f 2901/2901 2732/2732 2676/2676
f 2901/2901 2621/2621 2900/2900
f 2677/2677 2676/2676 2732/2732
f 2732/2732 2901/2901 2727/2727
f 2730/2730 2727/2727 1827/1827
f 2729/2729 2727/2727 2730/2730
f 2915/2915 2730/2730 1815/1815
f 2916/2916 2730/2730 2915/2915
f 2728/2728 2730/2730 2916/2916
f 2733/2733 2737/2737 2734/2734
f 2728/2728 2739/2739 2733/2733
f 2737/2737 2733/2733 2739/2739
f 2734/2734 2736/2736 2917/2917
f 2917/2917 2736/2736 2743/2743
f 2917/2917 2907/2907 2734/2734
f 2909/2909 2907/2907 2917/2917
f 2743/2743 2909/2909 2917/2917
f 2736/2736 2734/2734 2737/2737
f 2741/2741 2916/2916 2740/2740
f 2740/2740 2916/2916 2915/2915
f 2740/2740 2915/2915 2389/2389
f 2741/2741 2728/2728 2916/2916
f 2739/2739 2728/2728 2741/2741
f 1815/1815 2389/2389 2915/2915
f 2746/2746 2909/2909 2743/2743
f 2707/2707 2746/2746 2749/2749
f 2745/2745 2749/2749 2746/2746
f 2775/2775 2767/2767 2769/2769
f 2794/2794 2771/2771 2774/2774
f 528/528 531/531 2918/2918
f 2919/2919 530/530 528/528
f 2919/2919 528/528 2918/2918
f 2920/2920 2919/2919 2918/2918
f 2921/2921 617/617 530/530
f 530/530 2919/2919 2921/2921
f 2922/2922 597/597 2923/2923
f 2924/2924 2922/2922 2923/2923
f 617/617 2921/2921 2923/2923
f 2923/2923 597/597 617/617
f 2925/2925 2923/2923 2921/2921
f 2925/2925 2921/2921 2926/2926
f 2927/2927 2928/2928 2924/2924
f 2927/2927 2924/2924 2929/2929
f 2928/2928 2927/2927 2930/2930
f 2930/2930 2927/2927 2931/2931
f 2927/2927 2932/2932 2931/2931
f 2933/2933 2930/2930 2931/2931
f 2932/2932 2934/2934 2931/2931
f 2931/2931 2934/2934 2933/2933
f 2935/2935 2926/2926 2936/2936
f 2937/2937 2935/2935 2936/2936
f 2923/2923 2938/2938 2924/2924
f 2924/2924 2938/2938 2929/2929
f 2929/2929 2938/2938 2935/2935
f 2939/2939 2940/2940 2935/2935
f 2938/2938 2923/2923 2925/2925
f 2935/2935 2925/2925 2926/2926
f 2938/2938 2925/2925 2935/2935
f 2939/2939 2935/2935 2941/2941
f 2941/2941 2935/2935 2937/2937
f 2942/2942 2941/2941 2937/2937
f 2942/2942 2937/2937 2943/2943
f 2927/2927 2929/2929 2944/2944
f 2935/2935 2940/2940 2929/2929
f 2944/2944 2929/2929 2940/2940
f 2944/2944 2932/2932 2927/2927
f 2940/2940 2945/2945 2946/2946
f 2947/2947 2944/2944 2940/2940
f 2944/2944 2947/2947 2932/2932
f 2934/2934 2932/2932 2947/2947
f 2946/2946 2947/2947 2940/2940
f 2947/2947 2946/2946 2934/2934
f 2942/2942 2939/2939 2941/2941
f 2942/2942 2943/2943 2948/2948
f 2945/2945 2939/2939 2942/2942
f 2939/2939 2945/2945 2940/2940
f 2942/2942 2949/2949 2945/2945
f 2949/2949 2942/2942 2948/2948
f 2948/2948 2950/2950 2949/2949
f 2933/2933 2934/2934 2951/2951
f 2952/2952 2953/2953 2954/2954
f 2955/2955 2953/2953 2952/2952
f 2956/2956 2949/2949 2950/2950
f 2956/2956 2957/2957 2958/2958
f 2951/2951 2934/2934 2946/2946
f 2959/2959 2951/2951 2946/2946
f 2946/2946 2960/2960 2959/2959
f 2959/2959 2960/2960 2961/2961
f 2960/2960 2946/2946 2962/2962
f 2959/2959 2961/2961 2951/2951
f 2951/2951 2961/2961 2954/2954
f 2962/2962 2946/2946 2945/2945
f 2945/2945 2956/2956 2962/2962
f 2962/2962 2956/2956 2958/2958
f 2949/2949 2956/2956 2945/2945
f 2958/2958 2960/2960 2962/2962
f 2963/2963 2957/2957 2964/2964
f 2963/2963 2964/2964 2965/2965
f 2966/2966 2967/2967 2964/2964
f 2963/2963 2960/2960 2958/2958
f 2961/2961 2960/2960 2963/2963
f 2968/2968 2961/2961 2963/2963
f 2961/2961 2952/2952 2954/2954
f 2968/2968 2963/2963 2965/2965
f 2969/2969 2968/2968 2965/2965
f 2968/2968 2952/2952 2961/2961
f 2968/2968 2969/2969 2952/2952
f 2963/2963 2958/2958 2957/2957
f 549/549 2970/2970 545/545
f 600/600 599/599 2971/2971
f 2971/2971 2972/2972 600/600
f 2973/2973 600/600 2972/2972
f 600/600 2973/2973 601/601
f 2974/2974 619/619 602/602
f 544/544 619/619 2974/2974
f 601/601 2974/2974 602/602
f 599/599 598/598 2971/2971
f 598/598 597/597 2971/2971
f 2922/2922 2971/2971 597/597
f 2971/2971 2922/2922 2972/2972
f 543/543 2975/2975 548/548
f 2976/2976 2970/2970 549/549
f 543/543 544/544 2977/2977
f 2978/2978 2975/2975 543/543
f 2978/2978 543/543 2977/2977
f 2980/2980 2970/2970 2976/2976
f 2980/2980 2981/2981 2970/2970
f 2979/2979 2975/2975 2978/2978
f 2982/2982 601/601 2973/2973
f 2973/2973 2983/2983 2982/2982
f 2974/2974 601/601 2982/2982
f 2982/2982 2984/2984 2974/2974
f 2984/2984 544/544 2974/2974
f 2985/2985 2986/2986 544/544
f 2987/2987 544/544 2984/2984
f 2982/2982 2988/2988 2989/2989
f 2988/2988 2990/2990 2989/2989
f 2991/2991 2989/2989 2990/2990
f 2992/2992 2990/2990 2993/2993
f 2991/2991 2984/2984 2982/2982
f 2989/2989 2991/2991 2982/2982
f 2984/2984 2991/2991 2994/2994
f 2992/2992 2994/2994 2991/2991
f 2992/2992 2991/2991 2990/2990
f 2994/2994 2987/2987 2984/2984
f 2985/2985 544/544 2987/2987
f 2995/2995 2987/2987 2994/2994
f 2992/2992 2996/2996 2994/2994
f 2994/2994 2996/2996 2995/2995
f 2997/2997 2992/2992 2993/2993
f 2992/2992 2998/2998 2996/2996
f 2998/2998 2992/2992 2997/2997
f 2999/2999 2987/2987 2995/2995
f 3000/3000 3001/3001 2995/2995
f 2995/2995 3001/3001 2999/2999
f 2999/2999 2985/2985 2987/2987
f 2999/2999 3001/3001 3002/3002
f 3002/3002 3001/3001 3003/3003
f 3002/3002 3003/3003 3004/3004
f 3000/3000 2995/2995 2996/2996
f 2998/2998 3000/3000 2996/2996
f 3005/3005 3001/3001 3000/3000
f 2998/2998 3005/3005 3000/3000
f 3006/3006 3005/3005 2998/2998
f 3005/3005 3003/3003 3001/3001
f 3004/3004 3003/3003 3005/3005
f 2928/2928 2972/2972 2922/2922
f 2972/2972 3007/3007 2973/2973
f 2972/2972 2928/2928 3007/3007
f 2928/2928 2922/2922 2924/2924
f 2983/2983 2973/2973 3007/3007
f 2928/2928 3008/3008 3007/3007
f 3008/3008 2983/2983 3007/3007
f 3009/3009 2983/2983 3008/3008
f 2928/2928 2930/2930 3008/3008
f 2982/2982 2983/2983 2988/2988
f 2983/2983 3010/3010 2988/2988
f 2983/2983 3009/3009 3010/3010
f 3011/3011 3010/3010 3009/3009
f 2933/2933 3012/3012 2930/2930
f 3009/3009 3008/3008 2930/2930
f 3012/3012 3009/3009 2930/2930
f 3011/3011 3009/3009 3012/3012
f 3013/3013 3011/3011 3012/3012
f 3012/3012 2933/2933 2951/2951
f 2954/2954 3012/3012 2951/2951
f 2990/2990 3010/3010 3011/3011
f 2990/2990 2988/2988 3010/3010
f 3014/3014 2990/2990 3011/3011
f 2993/2993 2990/2990 3014/3014
f 3015/3015 3014/3014 3011/3011
f 3016/3016 3014/3014 3015/3015
f 3011/3011 3013/3013 3015/3015
f 3017/3017 3015/3015 3013/3013
f 3013/3013 3012/3012 2954/2954
f 2954/2954 2953/2953 3013/3013
f 2953/2953 3017/3017 3013/3013
f 3017/3017 3016/3016 3015/3015
f 3016/3016 3017/3017 2953/2953
f 3018/3018 3016/3016 2953/2953
f 3018/3018 2953/2953 2955/2955
f 3019/3019 2997/2997 2993/2993
f 3014/3014 3019/3019 2993/2993
f 3019/3019 3014/3014 3020/3020
f 3020/3020 3014/3014 3016/3016
f 3021/3021 2997/2997 3019/3019
f 544/544 2986/2986 2977/2977
f 2986/2986 3022/3022 2977/2977
f 3022/3022 2978/2978 2977/2977
f 2979/2979 2978/2978 3022/3022
f 2985/2985 2999/2999 2986/2986
f 3023/3023 2986/2986 2999/2999
f 3024/3024 3022/3022 2986/2986
f 2986/2986 3023/3023 3024/3024
f 2999/2999 3002/3002 3025/3025
f 3023/3023 2999/2999 3025/3025
f 3026/3026 3002/3002 3004/3004
f 3026/3026 3025/3025 3002/3002
f 3025/3025 3027/3027 3023/3023
f 3024/3024 3023/3023 3027/3027
f 3024/3024 3028/3028 3022/3022
f 3027/3027 3028/3028 3024/3024
f 3028/3028 2979/2979 3022/3022
f 3028/3028 3029/3029 2979/2979
f 2981/2981 2980/2980 3030/3030
f 3031/3031 2981/2981 3030/3030
f 3032/3032 3031/3031 3030/3030
f 3033/3033 2955/2955 3034/3034
f 3035/3035 3033/3033 3034/3034
f 3036/3036 3033/3033 3035/3035
f 2965/2965 2967/2967 2969/2969
f 3037/3037 2969/2969 2967/2967
f 2964/2964 2967/2967 2965/2965
f 3038/3038 2969/2969 3037/3037
f 3037/3037 3039/3039 3040/3040
f 3040/3040 3038/3038 3037/3037
f 3037/3037 2967/2967 3039/3039
f 2955/2955 2952/2952 2969/2969
f 2955/2955 2969/2969 3034/3034
f 3034/3034 2969/2969 3038/3038
f 3041/3041 3038/3038 3040/3040
f 3041/3041 3040/3040 3042/3042
f 3042/3042 3040/3040 3039/3039
f 3042/3042 3039/3039 3043/3043
f 3041/3041 3044/3044 3045/3045
f 3041/3041 3046/3046 3044/3044
f 3046/3046 3041/3041 3042/3042
f 3042/3042 3047/3047 3048/3048
f 3046/3046 3042/3042 3048/3048
f 3045/3045 3034/3034 3038/3038
f 3034/3034 3045/3045 3035/3035
f 3045/3045 3044/3044 3049/3049
f 3049/3049 3035/3035 3045/3045
f 3050/3050 3036/3036 3049/3049
f 3035/3035 3049/3049 3036/3036
f 3041/3041 3045/3045 3038/3038
f 3051/3051 3044/3044 3052/3052
f 3052/3052 3044/3044 3046/3046
f 3048/3048 3053/3053 3046/3046
f 3053/3053 3052/3052 3046/3046
f 3048/3048 3054/3054 3053/3053
f 3054/3054 3055/3055 3053/3053
f 3055/3055 3052/3052 3053/3053
f 3051/3051 3056/3056 3044/3044
f 3049/3049 3044/3044 3056/3056
f 3056/3056 3050/3050 3049/3049
f 3057/3057 3050/3050 3056/3056
f 3051/3051 3058/3058 3056/3056
f 3056/3056 3058/3058 3059/3059
f 3051/3051 3060/3060 3058/3058
f 3057/3057 3056/3056 3059/3059
f 3061/3061 3057/3057 3059/3059
f 3062/3062 3061/3061 3059/3059
f 3061/3061 3050/3050 3057/3057
f 3055/3055 3051/3051 3052/3052
f 3055/3055 3063/3063 3051/3051
f 3064/3064 3051/3051 3063/3063
f 3065/3065 3055/3055 3054/3054
f 3065/3065 3066/3066 3055/3055
f 3066/3066 3063/3063 3055/3055
f 3066/3066 3064/3064 3063/3063
f 3067/3067 3066/3066 3065/3065
f 3068/3068 3066/3066 3067/3067
f 3058/3058 3060/3060 3069/3069
f 3060/3060 3051/3051 3064/3064
f 3069/3069 3060/3060 3064/3064
f 3070/3070 3069/3069 3064/3064
f 3062/3062 3059/3059 3058/3058
f 3071/3071 3061/3061 3062/3062
f 3069/3069 3062/3062 3058/3058
f 3071/3071 3062/3062 3069/3069
f 3071/3071 3070/3070 3072/3072
f 3073/3073 3061/3061 3071/3071
f 3074/3074 3073/3073 3071/3071
f 3074/3074 3071/3071 3072/3072
f 3070/3070 3071/3071 3069/3069
f 3064/3064 3066/3066 3070/3070
f 3066/3066 3068/3068 3070/3070
f 3068/3068 3075/3075 3070/3070
f 3068/3068 3067/3067 3076/3076
f 3077/3077 3076/3076 3078/3078
f 3079/3079 3075/3075 3077/3077
f 3077/3077 3068/3068 3076/3076
f 3077/3077 3075/3075 3068/3068
f 3080/3080 3072/3072 3070/3070
f 3070/3070 3075/3075 3080/3080
f 3080/3080 3074/3074 3072/3072
f 3081/3081 3080/3080 3079/3079
f 3082/3082 3083/3083 3080/3080
f 3079/3079 3080/3080 3075/3075
f 3078/3078 3084/3084 3077/3077
f 3085/3085 3086/3086 3087/3087
f 3084/3084 3088/3088 3089/3089
f 3088/3088 3078/3078 3085/3085
f 3088/3088 3084/3084 3078/3078
f 3081/3081 3082/3082 3080/3080
f 3090/3090 3081/3081 3089/3089
f 3091/3091 3082/3082 3090/3090
f 3090/3090 3082/3082 3081/3081
f 3084/3084 3079/3079 3077/3077
f 3079/3079 3084/3084 3081/3081
f 3089/3089 3081/3081 3084/3084
f 3088/3088 3087/3087 3092/3092
f 3092/3092 3089/3089 3088/3088
f 3093/3093 3092/3092 3087/3087
f 3094/3094 3087/3087 3086/3086
f 3086/3086 3095/3095 3094/3094
f 3094/3094 3095/3095 3096/3096
f 3094/3094 3093/3093 3087/3087
f 3097/3097 3090/3090 3089/3089
f 3098/3098 3090/3090 3097/3097
f 3099/3099 3100/3100 3097/3097
f 3097/3097 3100/3100 3098/3098
f 3101/3101 3100/3100 3099/3099
f 3097/3097 3089/3089 3092/3092
f 3099/3099 3092/3092 3093/3093
f 3099/3099 3097/3097 3092/3092
f 3102/3102 3100/3100 3101/3101
f 3103/3103 3101/3101 3099/3099
f 3104/3104 2997/2997 3021/3021
f 2998/2998 2997/2997 3104/3104
f 3006/3006 2998/2998 3104/3104
f 3105/3105 3104/3104 3021/3021
f 3105/3105 3021/3021 3106/3106
f 3106/3106 3021/3021 3107/3107
f 3108/3108 3104/3104 3105/3105
f 3006/3006 3004/3004 3005/3005
f 3109/3109 3004/3004 3006/3006
f 3104/3104 3108/3108 3006/3006
f 3110/3110 3006/3006 3108/3108
f 3111/3111 3110/3110 3108/3108
f 3109/3109 3006/3006 3110/3110
f 3112/3112 3109/3109 3110/3110
f 3113/3113 3106/3106 3107/3107
f 3114/3114 3106/3106 3113/3113
f 3114/3114 3105/3105 3106/3106
f 3115/3115 3108/3108 3105/3105
f 3105/3105 3114/3114 3116/3116
f 3116/3116 3115/3115 3105/3105
f 3116/3116 3114/3114 3117/3117
f 3118/3118 3117/3117 3114/3114
f 3119/3119 3117/3117 3118/3118
f 3115/3115 3111/3111 3108/3108
f 3116/3116 3120/3120 3115/3115
f 3112/3112 3110/3110 3111/3111
f 3121/3121 3112/3112 3115/3115
f 3112/3112 3111/3111 3115/3115
f 3119/3119 3120/3120 3116/3116
f 3119/3119 3116/3116 3117/3117
f 3122/3122 3120/3120 3119/3119
f 3123/3123 3122/3122 3119/3119
f 3120/3120 3121/3121 3115/3115
f 3120/3120 3122/3122 3121/3121
f 3121/3121 3122/3122 3124/3124
f 3119/3119 3118/3118 3125/3125
f 3123/3123 3119/3119 3125/3125
f 3125/3125 3126/3126 3123/3123
f 3124/3124 3122/3122 3123/3123
f 3126/3126 3124/3124 3123/3123
f 3127/3127 3124/3124 3126/3126
f 3128/3128 3127/3127 3126/3126
f 3126/3126 3129/3129 3128/3128
f 3129/3129 3126/3126 3125/3125
f 3130/3130 3129/3129 3125/3125
f 3131/3131 3128/3128 3129/3129
f 3132/3132 3129/3129 3130/3130
f 3131/3131 3129/3129 3133/3133
f 3020/3020 3016/3016 3018/3018
f 3020/3020 3134/3134 3135/3135
f 3136/3136 3137/3137 3135/3135
f 3018/3018 3134/3134 3020/3020
f 2955/2955 3134/3134 3018/3018
f 3134/3134 2955/2955 3033/3033
f 3137/3137 3019/3019 3020/3020
f 3138/3138 3021/3021 3019/3019
f 3138/3138 3019/3019 3137/3137
f 3135/3135 3137/3137 3020/3020
f 3107/3107 3138/3138 3137/3137
f 3107/3107 3137/3137 3139/3139
f 3140/3140 3136/3136 3135/3135
f 3140/3140 3134/3134 3033/3033
f 3140/3140 3135/3135 3134/3134
f 3141/3141 3140/3140 3033/3033
f 3141/3141 3033/3033 3036/3036
f 3142/3142 3136/3136 3140/3140
f 3140/3140 3141/3141 3142/3142
f 3137/3137 3136/3136 3139/3139
f 3143/3143 3139/3139 3136/3136
f 3144/3144 3143/3143 3136/3136
f 3145/3145 3107/3107 3139/3139
f 3146/3146 3145/3145 3139/3139
f 3142/3142 3144/3144 3136/3136
f 3147/3147 3145/3145 3146/3146
f 3146/3146 3139/3139 3143/3143
f 3144/3144 3146/3146 3143/3143
f 3146/3146 3144/3144 3148/3148
f 3148/3148 3147/3147 3146/3146
f 3107/3107 3021/3021 3138/3138
f 3145/3145 3113/3113 3107/3107
f 3113/3113 3145/3145 3149/3149
f 3114/3114 3113/3113 3149/3149
f 3118/3118 3114/3114 3149/3149
f 3147/3147 3149/3149 3145/3145
f 3147/3147 3150/3150 3149/3149
f 3150/3150 3118/3118 3149/3149
f 3036/3036 3050/3050 3141/3141
f 3151/3151 3142/3142 3141/3141
f 3151/3151 3141/3141 3050/3050
f 3152/3152 3153/3153 3142/3142
f 3152/3152 3142/3142 3151/3151
f 3154/3154 3151/3151 3050/3050
f 3154/3154 3050/3050 3061/3061
f 3155/3155 3152/3152 3154/3154
f 3151/3151 3154/3154 3152/3152
f 3148/3148 3142/3142 3153/3153
f 3144/3144 3142/3142 3148/3148
f 3156/3156 3150/3150 3147/3147
f 3147/3147 3148/3148 3156/3156
f 3157/3157 3156/3156 3148/3148
f 3148/3148 3153/3153 3157/3157
f 3158/3158 3157/3157 3153/3153
f 3159/3159 3155/3155 3154/3154
f 3159/3159 3154/3154 3061/3061
f 3073/3073 3159/3159 3061/3061
f 3160/3160 3159/3159 3073/3073
f 3161/3161 3153/3153 3152/3152
f 3162/3162 3161/3161 3155/3155
f 3163/3163 3158/3158 3161/3161
f 3161/3161 3158/3158 3153/3153
f 3161/3161 3164/3164 3163/3163
f 3164/3164 3161/3161 3162/3162
f 3152/3152 3155/3155 3161/3161
f 3162/3162 3155/3155 3159/3159
f 3156/3156 3157/3157 3150/3150
f 3125/3125 3118/3118 3150/3150
f 3157/3157 3130/3130 3150/3150
f 3165/3165 3157/3157 3158/3158
f 3157/3157 3165/3165 3130/3130
f 3130/3130 3125/3125 3150/3150
f 3163/3163 3166/3166 3165/3165
f 3158/3158 3163/3163 3165/3165
f 3167/3167 3166/3166 3163/3163
f 3167/3167 3163/3163 3164/3164
f 3167/3167 3164/3164 3168/3168
f 3166/3166 3132/3132 3165/3165
f 3167/3167 3132/3132 3166/3166
f 3132/3132 3130/3130 3165/3165
f 3132/3132 3133/3133 3129/3129
f 3132/3132 3167/3167 3169/3169
f 3169/3169 3133/3133 3132/3132
f 3170/3170 3133/3133 3169/3169
f 3109/3109 3026/3026 3004/3004
f 3171/3171 3026/3026 3109/3109
f 3025/3025 3171/3171 3172/3172
f 3171/3171 3025/3025 3026/3026
f 3173/3173 3025/3025 3172/3172
f 3174/3174 3172/3172 3171/3171
f 3175/3175 3171/3171 3109/3109
f 3175/3175 3174/3174 3171/3171
f 3176/3176 3175/3175 3109/3109
f 3027/3027 3025/3025 3173/3173
f 3172/3172 3174/3174 3173/3173
f 3028/3028 3027/3027 3178/3178
f 3179/3179 3178/3178 3027/3027
f 3173/3173 3179/3179 3027/3027
f 3173/3173 3174/3174 3180/3180
f 3174/3174 3175/3175 3180/3180
f 3175/3175 3181/3181 3180/3180
f 3180/3180 3179/3179 3173/3173
f 3182/3182 3179/3179 3180/3180
f 3183/3183 3109/3109 3112/3112
f 3176/3176 3109/3109 3183/3183
f 3176/3176 3183/3183 3184/3184
f 3184/3184 3183/3183 3112/3112
f 3121/3121 3184/3184 3112/3112
f 3185/3185 3176/3176 3184/3184
f 3176/3176 3181/3181 3175/3175
f 3186/3186 3181/3181 3176/3176
f 3185/3185 3186/3186 3176/3176
f 3187/3187 3185/3185 3184/3184
f 3127/3127 3184/3184 3121/3121
f 3187/3187 3184/3184 3127/3127
f 3124/3124 3127/3127 3121/3121
f 3188/3188 3182/3182 3180/3180
f 3189/3189 3182/3182 3188/3188
f 3181/3181 3186/3186 3180/3180
f 3188/3188 3180/3180 3186/3186
f 3186/3186 3185/3185 3188/3188
f 3191/3191 3178/3178 3179/3179
f 3178/3178 3029/3029 3028/3028
f 3193/3193 3191/3191 3179/3179
f 3195/3195 3177/3177 3192/3192
f 3194/3194 3195/3195 3192/3192
f 3196/3196 3195/3195 3194/3194
f 3032/3032 3030/3030 3177/3177
f 3177/3177 3197/3197 3032/3032
f 3177/3177 3195/3195 3197/3197
f 3197/3197 3195/3195 3196/3196
f 3197/3197 3196/3196 3198/3198
f 3199/3199 3198/3198 3196/3196
f 3200/3200 3032/3032 3197/3197
f 3197/3197 3198/3198 3200/3200
f 3201/3201 3200/3200 3198/3198
f 3199/3199 3201/3201 3198/3198
f 3201/3201 3202/3202 3200/3200
f 3199/3199 3202/3202 3201/3201
f 3182/3182 3193/3193 3179/3179
f 3182/3182 3189/3189 3193/3193
f 3190/3190 3203/3203 3194/3194
f 3188/3188 3205/3205 3189/3189
f 3190/3190 3206/3206 3203/3203
f 3194/3194 3203/3203 3196/3196
f 3196/3196 3203/3203 3199/3199
f 3207/3207 3199/3199 3203/3203
f 3208/3208 3207/3207 3203/3203
f 3128/3128 3187/3187 3127/3127
f 3128/3128 3131/3131 3209/3209
f 3187/3187 3128/3128 3209/3209
f 3210/3210 3209/3209 3131/3131
f 3211/3211 3185/3185 3187/3187
f 3209/3209 3211/3211 3187/3187
f 3212/3212 3211/3211 3209/3209
f 3213/3213 3205/3205 3185/3185
f 3205/3205 3188/3188 3185/3185
f 3213/3213 3185/3185 3211/3211
f 3213/3213 3211/3211 3212/3212
f 3204/3204 3215/3215 3206/3206
f 3214/3214 3215/3215 3204/3204
f 3216/3216 3215/3215 3214/3214
f 3131/3131 3133/3133 3210/3210
f 3210/3210 3212/3212 3209/3209
f 3218/3218 3212/3212 3210/3210
f 3219/3219 3210/3210 3133/3133
f 3210/3210 3219/3219 3220/3220
f 3222/3222 3220/3220 3219/3219
f 3212/3212 3218/3218 3213/3213
f 3217/3217 3216/3216 3214/3214
f 3223/3223 3216/3216 3217/3217
f 3220/3220 3218/3218 3210/3210
f 3224/3224 3218/3218 3220/3220
f 3222/3222 3224/3224 3220/3220
f 3217/3217 3225/3225 3223/3223
f 3221/3221 3226/3226 3225/3225
f 3227/3227 3223/3223 3225/3225
f 3225/3225 3226/3226 3227/3227
f 3206/3206 3190/3190 3204/3204
f 3206/3206 3208/3208 3203/3203
f 3206/3206 3228/3228 3208/3208
f 3215/3215 3228/3228 3206/3206
f 3229/3229 3228/3228 3215/3215
f 3230/3230 3207/3207 3208/3208
f 3208/3208 3228/3228 3230/3230
f 3231/3231 3230/3230 3228/3228
f 3232/3232 3230/3230 3231/3231
f 3232/3232 3233/3233 3230/3230
f 3229/3229 3231/3231 3228/3228
f 3229/3229 3234/3234 3231/3231
f 3234/3234 3232/3232 3231/3231
f 3232/3232 3235/3235 3236/3236
f 3232/3232 3234/3234 3235/3235
f 3216/3216 3229/3229 3215/3215
f 3229/3229 3216/3216 3237/3237
f 3223/3223 3227/3227 3216/3216
f 3216/3216 3227/3227 3238/3238
f 3238/3238 3237/3237 3216/3216
f 3234/3234 3229/3229 3237/3237
f 3237/3237 3235/3235 3234/3234
f 3239/3239 3240/3240 3235/3235
f 3239/3239 3237/3237 3238/3238
f 3239/3239 3235/3235 3237/3237
f 3238/3238 3241/3241 3239/3239
f 3170/3170 3219/3219 3133/3133
f 3242/3242 3241/3241 3238/3238
f 3243/3243 3240/3240 3239/3239
f 3243/3243 3239/3239 3241/3241
f 3244/3244 3243/3243 3241/3241
f 3160/3160 3073/3073 3074/3074
f 3245/3245 3162/3162 3159/3159
f 3160/3160 3245/3245 3159/3159
f 3083/3083 3245/3245 3160/3160
f 3245/3245 3083/3083 3246/3246
f 3168/3168 3164/3164 3247/3247
f 3162/3162 3248/3248 3247/3247
f 3248/3248 3162/3162 3245/3245
f 3247/3247 3164/3164 3162/3162
f 3248/3248 3245/3245 3246/3246
f 3249/3249 3247/3247 3248/3248
f 3248/3248 3250/3250 3249/3249
f 3251/3251 3246/3246 3083/3083
f 3082/3082 3251/3251 3083/3083
f 3252/3252 3251/3251 3082/3082
f 3253/3253 3251/3251 3252/3252
f 3253/3253 3252/3252 3254/3254
f 3251/3251 3248/3248 3246/3246
f 3251/3251 3250/3250 3248/3248
f 3255/3255 3249/3249 3250/3250
f 3255/3255 3250/3250 3256/3256
f 3251/3251 3253/3253 3250/3250
f 3253/3253 3256/3256 3250/3250
f 3080/3080 3160/3160 3074/3074
f 3083/3083 3160/3160 3080/3080
f 3091/3091 3252/3252 3082/3082
f 3254/3254 3252/3252 3091/3091
f 3257/3257 3254/3254 3091/3091
f 3168/3168 3258/3258 3167/3167
f 3247/3247 3258/3258 3168/3168
f 3167/3167 3258/3258 3259/3259
f 3247/3247 3249/3249 3258/3258
f 3260/3260 3258/3258 3249/3249
f 3260/3260 3249/3249 3255/3255
f 3261/3261 3262/3262 3259/3259
f 3260/3260 3259/3259 3258/3258
f 3261/3261 3259/3259 3260/3260
f 3167/3167 3170/3170 3169/3169
f 3259/3259 3170/3170 3167/3167
f 3259/3259 3262/3262 3170/3170
f 3170/3170 3262/3262 3263/3263
f 3264/3264 3263/3263 3262/3262
f 3265/3265 3255/3255 3266/3266
f 3260/3260 3265/3265 3261/3261
f 3265/3265 3260/3260 3255/3255
f 3266/3266 3255/3255 3256/3256
f 3264/3264 3262/3262 3261/3261
f 3261/3261 3265/3265 3264/3264
f 3265/3265 3267/3267 3264/3264
f 3267/3267 3268/3268 3264/3264
f 3264/3264 3268/3268 3269/3269
f 3254/3254 3270/3270 3253/3253
f 3257/3257 3271/3271 3270/3270
f 3272/3272 3270/3270 3271/3271
f 3270/3270 3256/3256 3253/3253
f 3272/3272 3256/3256 3270/3270
f 3273/3273 3256/3256 3272/3272
f 3266/3266 3256/3256 3274/3274
f 3274/3274 3256/3256 3273/3273
f 3275/3275 3273/3273 3272/3272
f 3276/3276 3273/3273 3275/3275
f 3277/3277 3275/3275 3272/3272
f 3276/3276 3274/3274 3273/3273
f 3276/3276 3278/3278 3274/3274
f 3279/3279 3275/3275 3277/3277
f 3280/3280 3279/3279 3281/3281
f 3282/3282 3280/3280 3281/3281
f 3275/3275 3279/3279 3283/3283
f 3283/3283 3276/3276 3275/3275
f 3280/3280 3283/3283 3279/3279
f 3284/3284 3091/3091 3090/3090
f 3284/3284 3257/3257 3091/3091
f 3098/3098 3284/3284 3090/3090
f 3098/3098 3100/3100 3284/3284
f 3284/3284 3100/3100 3271/3271
f 3270/3270 3254/3254 3257/3257
f 3257/3257 3284/3284 3271/3271
f 3277/3277 3272/3272 3271/3271
f 3281/3281 3277/3277 3285/3285
f 3279/3279 3277/3277 3281/3281
f 3286/3286 3265/3265 3266/3266
f 3286/3286 3266/3266 3274/3274
f 3278/3278 3286/3286 3274/3274
f 3287/3287 3286/3286 3278/3278
f 3267/3267 3265/3265 3288/3288
f 3265/3265 3286/3286 3288/3288
f 3288/3288 3268/3268 3267/3267
f 3268/3268 3288/3288 3289/3289
f 3288/3288 3286/3286 3287/3287
f 3288/3288 3287/3287 3290/3290
f 3290/3290 3289/3289 3288/3288
f 3289/3289 3290/3290 3291/3291
f 3292/3292 3293/3293 3294/3294
f 3278/3278 3276/3276 3294/3294
f 3294/3294 3276/3276 3283/3283
f 3293/3293 3278/3278 3294/3294
f 3295/3295 3287/3287 3278/3278
f 3292/3292 3295/3295 3278/3278
f 3292/3292 3278/3278 3293/3293
f 3280/3280 3294/3294 3283/3283
f 3296/3296 3294/3294 3280/3280
f 3280/3280 3297/3297 3296/3296
f 3296/3296 3292/3292 3294/3294
f 3292/3292 3298/3298 3295/3295
f 3292/3292 3296/3296 3298/3298
f 3291/3291 3290/3290 3299/3299
f 3287/3287 3295/3295 3290/3290
f 3299/3299 3290/3290 3295/3295
f 3298/3298 3299/3299 3295/3295
f 3298/3298 3300/3300 3299/3299
f 3222/3222 3219/3219 3301/3301
f 3227/3227 3226/3226 3302/3302
f 3302/3302 3238/3238 3227/3227
f 3302/3302 3242/3242 3238/3238
f 3303/3303 3219/3219 3170/3170
f 3303/3303 3170/3170 3263/3263
f 3303/3303 3263/3263 3304/3304
f 3219/3219 3303/3303 3301/3301
f 3263/3263 3264/3264 3304/3304
f 3305/3305 3301/3301 3304/3304
f 3303/3303 3304/3304 3301/3301
f 3306/3306 3226/3226 3221/3221
f 3307/3307 3222/3222 3301/3301
f 3305/3305 3307/3307 3301/3301
f 3309/3309 3221/3221 3308/3308
f 3309/3309 3306/3306 3221/3221
f 3304/3304 3264/3264 3269/3269
f 3304/3304 3310/3310 3305/3305
f 3310/3310 3304/3304 3269/3269
f 3311/3311 3269/3269 3268/3268
f 3311/3311 3310/3310 3269/3269
f 3313/3313 3310/3310 3311/3311
f 3314/3314 3313/3313 3311/3311
f 3310/3310 3307/3307 3305/3305
f 3308/3308 3316/3316 3309/3309
f 3313/3313 3307/3307 3310/3310
f 3312/3312 3316/3316 3308/3308
f 3312/3312 3317/3317 3316/3316
f 3226/3226 3306/3306 3302/3302
f 3309/3309 3318/3318 3306/3306
f 3242/3242 3302/3302 3306/3306
f 3318/3318 3242/3242 3306/3306
f 3318/3318 3309/3309 3319/3319
f 3241/3241 3242/3242 3320/3320
f 3320/3320 3244/3244 3241/3241
f 3242/3242 3318/3318 3320/3320
f 3320/3320 3318/3318 3321/3321
f 3318/3318 3322/3322 3321/3321
f 3320/3320 3323/3323 3244/3244
f 3321/3321 3323/3323 3320/3320
f 3324/3324 3309/3309 3316/3316
f 3324/3324 3319/3319 3309/3309
f 3325/3325 3324/3324 3316/3316
f 3325/3325 3316/3316 3317/3317
f 3326/3326 3324/3324 3325/3325
f 3326/3326 3327/3327 3324/3324
f 3322/3322 3318/3318 3319/3319
f 3324/3324 3322/3322 3319/3319
f 3321/3321 3322/3322 3328/3328
f 3329/3329 3321/3321 3330/3330
f 3324/3324 3328/3328 3322/3322
f 3328/3328 3324/3324 3327/3327
f 3328/3328 3327/3327 3331/3331
f 3330/3330 3321/3321 3328/3328
f 3328/3328 3331/3331 3330/3330
f 3332/3332 3311/3311 3268/3268
f 3268/3268 3289/3289 3332/3332
f 3332/3332 3314/3314 3311/3311
f 3314/3314 3332/3332 3333/3333
f 3289/3289 3333/3333 3332/3332
f 3291/3291 3333/3333 3289/3289
f 3335/3335 3314/3314 3333/3333
f 3315/3315 3317/3317 3312/3312
f 3326/3326 3325/3325 3317/3317
f 3317/3317 3315/3315 3336/3336
f 3315/3315 3334/3334 3336/3336
f 3337/3337 3336/3336 3338/3338
f 3291/3291 3335/3335 3333/3333
f 3335/3335 3291/3291 3299/3299
f 3300/3300 3335/3335 3299/3299
f 3335/3335 3300/3300 3340/3340
f 3334/3334 3339/3339 3341/3341
f 3341/3341 3342/3342 3334/3334
f 3343/3343 3342/3342 3341/3341
f 3344/3344 3343/3343 3341/3341
f 3338/3338 3336/3336 3334/3334
f 3342/3342 3338/3338 3334/3334
f 3337/3337 3317/3317 3336/3336
f 3337/3337 3345/3345 3346/3346
f 3345/3345 3338/3338 3342/3342
f 3345/3345 3337/3337 3338/3338
f 3343/3343 3345/3345 3342/3342
f 3345/3345 3343/3343 3347/3347
f 3347/3347 3346/3346 3345/3345
f 3348/3348 3327/3327 3326/3326
f 3348/3348 3326/3326 3349/3349
f 3331/3331 3327/3327 3348/3348
f 3349/3349 3326/3326 3317/3317
f 3337/3337 3349/3349 3317/3317
f 3350/3350 3349/3349 3337/3337
f 3349/3349 3350/3350 3348/3348
f 3351/3351 3352/3352 3348/3348
f 3350/3350 3353/3353 3348/3348
f 3353/3353 3351/3351 3348/3348
f 3330/3330 3331/3331 3354/3354
f 3330/3330 3354/3354 3355/3355
f 3348/3348 3352/3352 3331/3331
f 3354/3354 3331/3331 3352/3352
f 3351/3351 3354/3354 3352/3352
f 3356/3356 3357/3357 3354/3354
f 3356/3356 3354/3354 3351/3351
f 3356/3356 3358/3358 3357/3357
f 3346/3346 3350/3350 3337/3337
f 3359/3359 3353/3353 3350/3350
f 3359/3359 3346/3346 3347/3347
f 3360/3360 3361/3361 3347/3347
f 3347/3347 3361/3361 3359/3359
f 3346/3346 3359/3359 3350/3350
f 3362/3362 3359/3359 3361/3361
f 3359/3359 3363/3363 3353/3353
f 3363/3363 3351/3351 3353/3353
f 3363/3363 3356/3356 3351/3351
f 3364/3364 3358/3358 3356/3356
f 3364/3364 3356/3356 3363/3363
f 3362/3362 3363/3363 3359/3359
f 3365/3365 3366/3366 3362/3362
f 3362/3362 3366/3366 3363/3363
f 3367/3367 3368/3368 3369/3369
f 3367/3367 3370/3370 3371/3371
f 3372/3372 3370/3370 3367/3367
f 3373/3373 3372/3372 3367/3367
f 3369/3369 3373/3373 3367/3367
f 3373/3373 3374/3374 3372/3372
f 3375/3375 3376/3376 3372/3372
f 3375/3375 3372/3372 3374/3374
f 3377/3377 3376/3376 3375/3375
f 3378/3378 3375/3375 3374/3374
f 3375/3375 3378/3378 3377/3377
f 3378/3378 3374/3374 3379/3379
f 3380/3380 3381/3381 3378/3378
f 3382/3382 3378/3378 3383/3383
f 3380/3380 3378/3378 3382/3382
f 3384/3384 3380/3380 3382/3382
f 3384/3384 3385/3385 3386/3386
f 3387/3387 3282/3282 3281/3281
f 3387/3387 3280/3280 3282/3282
f 3387/3387 3297/3297 3280/3280
f 3296/3296 3297/3297 3298/3298
f 3298/3298 3297/3297 3388/3388
f 3388/3388 3389/3389 3298/3298
f 3298/3298 3389/3389 3300/3300
f 3389/3389 3390/3390 3300/3300
f 3377/3377 3392/3392 3393/3393
f 3394/3394 3395/3395 3393/3393
f 3392/3392 3394/3394 3393/3393
f 3376/3376 3377/3377 3396/3396
f 3377/3377 3397/3397 3396/3396
f 3398/3398 3392/3392 3377/3377
f 3392/3392 3399/3399 3394/3394
f 3394/3394 3400/3400 3395/3395
f 3399/3399 3400/3400 3394/3394
f 3402/3402 3400/3400 3403/3403
f 3390/3390 3340/3340 3300/3300
f 3341/3341 3339/3339 3391/3391
f 3344/3344 3341/3341 3391/3391
f 3405/3405 3344/3344 3391/3391
f 3390/3390 3406/3406 3407/3407
f 3391/3391 3408/3408 3405/3405
f 3409/3409 3405/3405 3408/3408
f 3344/3344 3405/3405 3409/3409
f 3410/3410 3343/3343 3344/3344
f 3360/3360 3347/3347 3343/3343
f 3410/3410 3360/3360 3343/3343
f 3411/3411 3360/3360 3410/3410
f 3344/3344 3409/3409 3412/3412
f 3412/3412 3410/3410 3344/3344
f 3412/3412 3411/3411 3410/3410
f 3413/3413 3411/3411 3412/3412
f 3414/3414 3361/3361 3360/3360
f 3414/3414 3362/3362 3361/3361
f 3414/3414 3360/3360 3411/3411
f 3365/3365 3362/3362 3414/3414
f 3415/3415 3365/3365 3414/3414
f 3413/3413 3414/3414 3411/3411
f 3416/3416 3415/3415 3414/3414
f 3417/3417 3366/3366 3365/3365
f 3417/3417 3418/3418 3366/3366
f 3417/3417 3365/3365 3415/3415
f 3419/3419 3417/3417 3415/3415
f 3420/3420 3417/3417 3419/3419
f 3421/3421 3419/3419 3415/3415
f 3421/3421 3422/3422 3419/3419
f 3422/3422 3420/3420 3419/3419
f 3423/3423 3424/3424 3404/3404
f 3378/3378 3398/3398 3377/3377
f 3392/3392 3398/3398 3381/3381
f 3381/3381 3399/3399 3392/3392
f 3425/3425 3399/3399 3381/3381
f 3426/3426 3400/3400 3399/3399
f 3400/3400 3426/3426 3428/3428
f 3428/3428 3403/3403 3400/3400
f 3429/3429 3404/3404 3427/3427
f 3425/3425 3426/3426 3399/3399
f 3381/3381 3398/3398 3378/3378
f 3425/3425 3381/3381 3430/3430
f 3430/3430 3431/3431 3425/3425
f 3430/3430 3381/3381 3380/3380
f 3386/3386 3433/3433 3384/3384
f 3384/3384 3433/3433 3380/3380
f 3434/3434 3380/3380 3433/3433
f 3380/3380 3434/3434 3430/3430
f 3434/3434 3431/3431 3430/3430
f 3425/3425 3431/3431 3426/3426
f 3426/3426 3431/3431 3428/3428
f 3435/3435 3429/3429 3427/3427
f 3432/3432 3435/3435 3427/3427
f 3436/3436 3437/3437 3429/3429
f 3435/3435 3436/3436 3429/3429
f 3429/3429 3423/3423 3404/3404
f 3438/3438 3439/3439 3440/3440
f 3423/3423 3429/3429 3438/3438
f 3438/3438 3440/3440 3423/3423
f 3439/3439 3438/3438 3441/3441
f 3439/3439 3442/3442 3440/3440
f 3443/3443 3444/3444 3442/3442
f 3439/3439 3445/3445 3442/3442
f 3445/3445 3443/3443 3442/3442
f 3446/3446 3443/3443 3445/3445
f 3437/3437 3438/3438 3429/3429
f 3437/3437 3441/3441 3438/3438
f 3436/3436 3447/3447 3437/3437
f 3448/3448 3441/3441 3449/3449
f 3439/3439 3441/3441 3445/3445
f 3386/3386 3450/3450 3433/3433
f 3451/3451 3450/3450 3386/3386
f 3434/3434 3433/3433 3450/3450
f 3452/3452 3434/3434 3450/3450
f 3452/3452 3450/3450 3451/3451
f 3453/3453 3434/3434 3452/3452
f 3457/3457 3452/3452 3451/3451
f 3457/3457 3459/3459 3452/3452
f 3459/3459 3453/3453 3452/3452
f 3460/3460 3458/3458 3455/3455
f 3453/3453 3431/3431 3434/3434
f 3432/3432 3454/3454 3435/3435
f 3461/3461 3435/3435 3454/3454
f 3458/3458 3460/3460 3462/3462
f 3462/3462 3454/3454 3458/3458
f 3461/3461 3454/3454 3462/3462
f 3461/3461 3436/3436 3435/3435
f 3461/3461 3462/3462 3463/3463
f 3464/3464 3436/3436 3461/3461
f 3463/3463 3464/3464 3461/3461
f 3436/3436 3464/3464 3447/3447
f 3464/3464 3449/3449 3447/3447
f 3437/3437 3447/3447 3441/3441
f 3449/3449 3441/3441 3447/3447
f 3085/3085 3087/3087 3088/3088
f 3465/3465 3466/3466 3467/3467
f 3094/3094 3468/3468 3469/3469
f 3468/3468 3094/3094 3096/3096
f 3469/3469 3468/3468 3466/3466
f 3093/3093 3469/3469 3099/3099
f 3469/3469 3093/3093 3094/3094
f 3470/3470 3471/3471 3465/3465
f 3470/3470 3465/3465 3472/3472
f 3465/3465 3471/3471 3466/3466
f 3471/3471 3469/3469 3466/3466
f 3473/3473 3471/3471 3470/3470
f 3474/3474 3471/3471 3473/3473
f 3475/3475 3100/3100 3102/3102
f 3101/3101 3103/3103 3102/3102
f 3476/3476 3102/3102 3103/3103
f 3477/3477 3103/3103 3474/3474
f 3478/3478 3476/3476 3477/3477
f 3477/3477 3476/3476 3103/3103
f 3099/3099 3469/3469 3103/3103
f 3471/3471 3474/3474 3469/3469
f 3469/3469 3474/3474 3103/3103
f 3475/3475 3271/3271 3100/3100
f 3277/3277 3271/3271 3475/3475
f 3285/3285 3475/3475 3102/3102
f 3102/3102 3476/3476 3285/3285
f 3478/3478 3285/3285 3476/3476
f 3475/3475 3285/3285 3277/3277
f 3281/3281 3285/3285 3478/3478
f 3371/3371 3479/3479 3368/3368
f 3371/3371 3480/3480 3479/3479
f 3371/3371 3368/3368 3367/3367
f 3472/3472 3473/3473 3470/3470
f 3472/3472 3481/3481 3473/3473
f 3472/3472 3482/3482 3481/3481
f 3482/3482 3472/3472 3483/3483
f 3484/3484 3482/3482 3483/3483
f 3484/3484 3485/3485 3482/3482
f 3486/3486 3481/3481 3487/3487
f 3487/3487 3481/3481 3482/3482
f 3485/3485 3487/3487 3482/3482
f 3488/3488 3474/3474 3473/3473
f 3489/3489 3488/3488 3473/3473
f 3488/3488 3477/3477 3474/3474
f 3489/3489 3490/3490 3488/3488
f 3490/3490 3477/3477 3488/3488
f 3491/3491 3477/3477 3490/3490
f 3492/3492 3490/3490 3489/3489
f 3492/3492 3489/3489 3493/3493
f 3494/3494 3490/3490 3492/3492
f 3489/3489 3473/3473 3481/3481
f 3481/3481 3495/3495 3489/3489
f 3495/3495 3481/3481 3486/3486
f 3486/3486 3493/3493 3495/3495
f 3496/3496 3493/3493 3486/3486
f 3497/3497 3486/3486 3487/3487
f 3498/3498 3486/3486 3497/3497
f 3496/3496 3486/3486 3498/3498
f 3493/3493 3489/3489 3495/3495
f 3499/3499 3492/3492 3493/3493
f 3500/3500 3370/3370 3372/3372
f 3371/3371 3370/3370 3480/3480
f 3370/3370 3501/3501 3480/3480
f 3500/3500 3501/3501 3370/3370
f 3500/3500 3502/3502 3501/3501
f 3372/3372 3376/3376 3500/3500
f 3502/3502 3500/3500 3376/3376
f 3387/3387 3503/3503 3504/3504
f 3504/3504 3505/3505 3387/3387
f 3503/3503 3506/3506 3507/3507
f 3508/3508 3507/3507 3506/3506
f 3507/3507 3504/3504 3503/3503
f 3507/3507 3508/3508 3509/3509
f 3510/3510 3507/3507 3509/3509
f 3511/3511 3478/3478 3477/3477
f 3477/3477 3491/3491 3511/3511
f 3511/3511 3281/3281 3478/3478
f 3512/3512 3491/3491 3513/3513
f 3512/3512 3511/3511 3491/3491
f 3494/3494 3512/3512 3513/3513
f 3513/3513 3491/3491 3490/3490
f 3513/3513 3490/3490 3494/3494
f 3514/3514 3494/3494 3492/3492
f 3492/3492 3515/3515 3514/3514
f 3516/3516 3511/3511 3512/3512
f 3511/3511 3516/3516 3281/3281
f 3517/3517 3281/3281 3516/3516
f 3512/3512 3518/3518 3516/3516
f 3518/3518 3512/3512 3494/3494
f 3516/3516 3518/3518 3517/3517
f 3499/3499 3515/3515 3492/3492
f 3281/3281 3517/3517 3387/3387
f 3503/3503 3387/3387 3517/3517
f 3514/3514 3519/3519 3494/3494
f 3520/3520 3514/3514 3515/3515
f 3518/3518 3494/3494 3521/3521
f 3506/3506 3517/3517 3518/3518
f 3506/3506 3518/3518 3521/3521
f 3521/3521 3494/3494 3519/3519
f 3514/3514 3522/3522 3519/3519
f 3520/3520 3522/3522 3514/3514
f 3506/3506 3503/3503 3517/3517
f 3508/3508 3506/3506 3521/3521
f 3521/3521 3523/3523 3508/3508
f 3523/3523 3521/3521 3519/3519
f 3519/3519 3524/3524 3523/3523
f 3525/3525 3524/3524 3519/3519
f 3508/3508 3526/3526 3509/3509
f 3526/3526 3508/3508 3523/3523
f 3526/3526 3523/3523 3524/3524
f 3527/3527 3526/3526 3524/3524
f 3527/3527 3528/3528 3529/3529
f 3505/3505 3388/3388 3297/3297
f 3505/3505 3297/3297 3387/3387
f 3530/3530 3505/3505 3504/3504
f 3505/3505 3531/3531 3388/3388
f 3406/3406 3389/3389 3388/3388
f 3531/3531 3406/3406 3388/3388
f 3532/3532 3406/3406 3531/3531
f 3389/3389 3406/3406 3390/3390
f 3406/3406 3532/3532 3407/3407
f 3507/3507 3530/3530 3504/3504
f 3510/3510 3533/3533 3507/3507
f 3534/3534 3533/3533 3510/3510
f 3533/3533 3530/3530 3507/3507
f 3535/3535 3536/3536 3530/3530
f 3530/3530 3531/3531 3505/3505
f 3530/3530 3533/3533 3535/3535
f 3537/3537 3533/3533 3534/3534
f 3533/3533 3537/3537 3535/3535
f 3537/3537 3534/3534 3538/3538
f 3534/3534 3539/3539 3538/3538
f 3540/3540 3537/3537 3538/3538
f 3536/3536 3531/3531 3530/3530
f 3531/3531 3536/3536 3532/3532
f 3536/3536 3541/3541 3532/3532
f 3536/3536 3535/3535 3542/3542
f 3542/3542 3535/3535 3537/3537
f 3543/3543 3537/3537 3540/3540
f 3542/3542 3537/3537 3544/3544
f 3543/3543 3544/3544 3537/3537
f 3541/3541 3536/3536 3542/3542
f 3542/3542 3544/3544 3545/3545
f 3546/3546 3544/3544 3543/3543
f 3545/3545 3541/3541 3542/3542
f 3546/3546 3545/3545 3544/3544
f 3510/3510 3509/3509 3526/3526
f 3526/3526 3547/3547 3510/3510
f 3547/3547 3526/3526 3527/3527
f 3548/3548 3547/3547 3527/3527
f 3548/3548 3527/3527 3529/3529
f 3539/3539 3534/3534 3547/3547
f 3547/3547 3534/3534 3510/3510
f 3539/3539 3547/3547 3548/3548
f 3549/3549 3539/3539 3548/3548
f 3549/3549 3548/3548 3529/3529
f 3539/3539 3549/3549 3538/3538
f 3397/3397 3377/3377 3393/3393
f 3393/3393 3395/3395 3397/3397
f 3376/3376 3396/3396 3502/3502
f 3397/3397 3502/3502 3396/3396
f 3550/3550 3397/3397 3395/3395
f 3551/3551 3550/3550 3395/3395
f 3551/3551 3395/3395 3400/3400
f 3543/3543 3552/3552 3546/3546
f 3553/3553 3551/3551 3400/3400
f 3554/3554 3551/3551 3553/3553
f 3553/3553 3555/3555 3554/3554
f 3553/3553 3400/3400 3402/3402
f 3555/3555 3553/3553 3402/3402
f 3557/3557 3543/3543 3540/3540
f 3558/3558 3557/3557 3540/3540
f 3557/3557 3552/3552 3543/3543
f 3559/3559 3552/3552 3557/3557
f 3560/3560 3409/3409 3408/3408
f 3560/3560 3408/3408 3561/3561
f 3409/3409 3560/3560 3412/3412
f 3560/3560 3561/3561 3412/3412
f 3412/3412 3562/3562 3413/3413
f 3562/3562 3563/3563 3413/3413
f 3407/3407 3532/3532 3565/3565
f 3541/3541 3565/3565 3532/3532
f 3564/3564 3561/3561 3408/3408
f 3566/3566 3561/3561 3564/3564
f 3567/3567 3565/3565 3541/3541
f 3569/3569 3541/3541 3545/3545
f 3570/3570 3567/3567 3541/3541
f 3541/3541 3569/3569 3570/3570
f 3568/3568 3566/3566 3564/3564
f 3568/3568 3571/3571 3566/3566
f 3573/3573 3567/3567 3570/3570
f 3572/3572 3571/3571 3568/3568
f 3572/3572 3574/3574 3571/3571
f 3412/3412 3561/3561 3562/3562
f 3566/3566 3562/3562 3561/3561
f 3571/3571 3563/3563 3566/3566
f 3566/3566 3563/3563 3562/3562
f 3571/3571 3574/3574 3575/3575
f 3576/3576 3563/3563 3571/3571
f 3571/3571 3577/3577 3576/3576
f 3575/3575 3577/3577 3571/3571
f 3578/3578 3577/3577 3575/3575
f 3578/3578 3576/3576 3577/3577
f 3416/3416 3414/3414 3413/3413
f 3416/3416 3413/3413 3563/3563
f 3576/3576 3416/3416 3563/3563
f 3416/3416 3421/3421 3415/3415
f 3421/3421 3416/3416 3579/3579
f 3579/3579 3416/3416 3576/3576
f 3579/3579 3576/3576 3578/3578
f 3580/3580 3579/3579 3578/3578
f 3580/3580 3581/3581 3579/3579
f 3581/3581 3421/3421 3579/3579
f 3421/3421 3581/3581 3582/3582
f 3581/3581 3583/3583 3582/3582
f 3422/3422 3421/3421 3582/3582
f 3584/3584 3420/3420 3422/3422
f 3584/3584 3422/3422 3582/3582
f 3585/3585 3584/3584 3582/3582
f 3584/3584 3586/3586 3420/3420
f 3587/3587 3586/3586 3584/3584
f 3546/3546 3569/3569 3545/3545
f 3588/3588 3569/3569 3546/3546
f 3589/3589 3570/3570 3569/3569
f 3589/3589 3569/3569 3588/3588
f 3570/3570 3589/3589 3573/3573
f 3591/3591 3573/3573 3589/3589
f 3572/3572 3590/3590 3574/3574
f 3574/3574 3590/3590 3592/3592
f 3589/3589 3588/3588 3591/3591
f 3591/3591 3588/3588 3595/3595
f 3596/3596 3556/3556 3401/3401
f 3404/3404 3424/3424 3401/3401
f 3596/3596 3401/3401 3424/3424
f 3588/3588 3546/3546 3552/3552
f 3588/3588 3552/3552 3597/3597
f 3552/3552 3559/3559 3597/3597
f 3590/3590 3598/3598 3592/3592
f 3598/3598 3599/3599 3592/3592
f 3599/3599 3598/3598 3600/3600
f 3601/3601 3592/3592 3599/3599
f 3594/3594 3598/3598 3590/3590
f 3574/3574 3592/3592 3601/3601
f 3575/3575 3574/3574 3601/3601
f 3599/3599 3602/3602 3601/3601
f 3601/3601 3602/3602 3603/3603
f 3604/3604 3599/3599 3600/3600
f 3604/3604 3602/3602 3599/3599
f 3575/3575 3601/3601 3578/3578
f 3603/3603 3578/3578 3601/3601
f 3603/3603 3602/3602 3605/3605
f 3605/3605 3602/3602 3604/3604
f 3606/3606 3596/3596 3607/3607
f 3424/3424 3607/3607 3596/3596
f 3423/3423 3607/3607 3424/3424
f 3607/3607 3423/3423 3440/3440
f 3578/3578 3603/3603 3580/3580
f 3605/3605 3608/3608 3603/3603
f 3580/3580 3603/3603 3609/3609
f 3610/3610 3611/3611 3608/3608
f 3608/3608 3611/3611 3603/3603
f 3580/3580 3583/3583 3581/3581
f 3609/3609 3583/3583 3580/3580
f 3609/3609 3603/3603 3612/3612
f 3612/3612 3603/3603 3611/3611
f 3612/3612 3611/3611 3613/3613
f 3614/3614 3610/3610 3615/3615
f 3614/3614 3611/3611 3610/3610
f 3616/3616 3611/3611 3614/3614
f 3617/3617 3611/3611 3616/3616
f 3618/3618 3617/3617 3616/3616
f 3611/3611 3617/3617 3613/3613
f 3619/3619 3617/3617 3618/3618
f 3619/3619 3613/3613 3617/3617
f 3582/3582 3583/3583 3585/3585
f 3620/3620 3583/3583 3609/3609
f 3621/3621 3585/3585 3620/3620
f 3620/3620 3585/3585 3583/3583
f 3622/3622 3620/3620 3612/3612
f 3612/3612 3620/3620 3609/3609
f 3622/3622 3621/3621 3620/3620
f 3623/3623 3584/3584 3585/3585
f 3624/3624 3623/3623 3585/3585
f 3624/3624 3585/3585 3621/3621
f 3625/3625 3623/3623 3624/3624
f 3612/3612 3626/3626 3622/3622
f 3626/3626 3612/3612 3613/3613
f 3627/3627 3621/3621 3622/3622
f 3627/3627 3622/3622 3626/3626
f 3613/3613 3628/3628 3626/3626
f 3627/3627 3626/3626 3628/3628
f 3621/3621 3627/3627 3624/3624
f 3627/3627 3629/3629 3624/3624
f 3625/3625 3624/3624 3629/3629
f 3619/3619 3628/3628 3613/3613
f 3630/3630 3628/3628 3619/3619
f 3631/3631 3630/3630 3632/3632
f 3633/3633 3631/3631 3632/3632
f 3631/3631 3633/3633 3634/3634
f 3635/3635 3628/3628 3630/3630
f 3627/3627 3628/3628 3629/3629
f 3629/3629 3628/3628 3635/3635
f 3629/3629 3635/3635 3636/3636
f 3631/3631 3635/3635 3630/3630
f 3637/3637 3635/3635 3631/3631
f 3634/3634 3637/3637 3631/3631
f 3635/3635 3637/3637 3636/3636
f 3607/3607 3440/3440 3638/3638
f 3638/3638 3639/3639 3607/3607
f 3640/3640 3638/3638 3442/3442
f 3638/3638 3440/3440 3442/3442
f 3640/3640 3639/3639 3638/3638
f 3640/3640 3641/3641 3639/3639
f 3641/3641 3640/3640 3642/3642
f 3444/3444 3642/3642 3640/3640
f 3442/3442 3444/3444 3640/3640
f 3480/3480 3643/3643 3479/3479
f 3643/3643 3485/3485 3484/3484
f 3498/3498 3497/3497 3485/3485
f 3497/3497 3487/3487 3485/3485
f 3643/3643 3498/3498 3485/3485
f 3643/3643 3480/3480 3644/3644
f 3643/3643 3644/3644 3498/3498
f 3645/3645 3493/3493 3496/3496
f 3496/3496 3646/3646 3645/3645
f 3644/3644 3646/3646 3498/3498
f 3496/3496 3498/3498 3646/3646
f 3645/3645 3499/3499 3493/3493
f 3501/3501 3502/3502 3647/3647
f 3648/3648 3645/3645 3644/3644
f 3644/3644 3645/3645 3646/3646
f 3644/3644 3480/3480 3501/3501
f 3501/3501 3648/3648 3644/3644
f 3649/3649 3499/3499 3648/3648
f 3645/3645 3648/3648 3499/3499
f 3647/3647 3649/3649 3648/3648
f 3647/3647 3648/3648 3501/3501
f 3647/3647 3650/3650 3520/3520
f 3520/3520 3650/3650 3522/3522
f 3650/3650 3651/3651 3522/3522
f 3522/3522 3651/3651 3519/3519
f 3647/3647 3502/3502 3650/3650
f 3652/3652 3651/3651 3650/3650
f 3650/3650 3502/3502 3652/3652
f 3499/3499 3649/3649 3515/3515
f 3649/3649 3520/3520 3515/3515
f 3649/3649 3647/3647 3520/3520
f 3525/3525 3519/3519 3651/3651
f 3528/3528 3524/3524 3525/3525
f 3651/3651 3652/3652 3525/3525
f 3652/3652 3528/3528 3525/3525
f 3528/3528 3652/3652 3653/3653
f 3528/3528 3653/3653 3529/3529
f 3527/3527 3524/3524 3528/3528
f 3397/3397 3652/3652 3502/3502
f 3652/3652 3397/3397 3653/3653
f 3550/3550 3653/3653 3397/3397
f 3550/3550 3551/3551 3554/3554
f 3653/3653 3654/3654 3529/3529
f 3549/3549 3529/3529 3654/3654
f 3654/3654 3653/3653 3550/3550
f 3655/3655 3538/3538 3549/3549
f 3654/3654 3655/3655 3549/3549
f 3558/3558 3540/3540 3538/3538
f 3558/3558 3538/3538 3655/3655
f 3550/3550 3655/3655 3654/3654
f 3656/3656 3558/3558 3655/3655
f 3655/3655 3550/3550 3656/3656
f 3554/3554 3656/3656 3550/3550
f 3558/3558 3559/3559 3557/3557
f 3656/3656 3559/3559 3558/3558
f 3656/3656 3657/3657 3559/3559
f 3554/3554 3658/3658 3656/3656
f 3657/3657 3656/3656 3658/3658
f 3658/3658 3554/3554 3555/3555
f 3559/3559 3657/3657 3597/3597
f 3657/3657 3660/3660 3597/3597
f 3597/3597 3595/3595 3588/3588
f 3662/3662 3595/3595 3660/3660
f 3660/3660 3595/3595 3597/3597
f 3665/3665 3600/3600 3666/3666
f 3600/3600 3598/3598 3667/3667
f 3598/3598 3594/3594 3667/3667
f 3593/3593 3663/3663 3666/3666
f 3663/3663 3665/3665 3666/3666
f 3665/3665 3668/3668 3600/3600
f 3657/3657 3658/3658 3660/3660
f 3658/3658 3664/3664 3660/3660
f 3596/3596 3659/3659 3556/3556
f 3669/3669 3665/3665 3661/3661
f 3669/3669 3661/3661 3659/3659
f 3596/3596 3606/3606 3659/3659
f 3669/3669 3659/3659 3606/3606
f 3669/3669 3668/3668 3665/3665
f 3600/3600 3668/3668 3604/3604
f 3668/3668 3670/3670 3604/3604
f 3615/3615 3605/3605 3604/3604
f 3670/3670 3615/3615 3604/3604
f 3615/3615 3610/3610 3605/3605
f 3610/3610 3608/3608 3605/3605
f 3606/3606 3670/3670 3668/3668
f 3668/3668 3669/3669 3606/3606
f 3671/3671 3615/3615 3606/3606
f 3606/3606 3615/3615 3670/3670
f 3671/3671 3672/3672 3615/3615
f 3607/3607 3639/3639 3606/3606
f 3671/3671 3606/3606 3639/3639
f 3672/3672 3614/3614 3615/3615
f 3672/3672 3618/3618 3614/3614
f 3618/3618 3616/3616 3614/3614
f 3672/3672 3671/3671 3618/3618
f 3619/3619 3618/3618 3673/3673
f 3618/3618 3671/3671 3673/3673
f 3630/3630 3619/3619 3632/3632
f 3619/3619 3673/3673 3632/3632
f 3673/3673 3633/3633 3632/3632
f 3671/3671 3639/3639 3641/3641
f 3641/3641 3673/3673 3671/3671
f 3641/3641 3633/3633 3673/3673
f 3642/3642 3634/3634 3633/3633
f 3641/3641 3642/3642 3633/3633
f 2918/2918 531/531 867/867
f 867/867 870/870 3674/3674
f 2918/2918 867/867 3674/3674
f 3675/3675 2918/2918 3674/3674
f 872/872 3674/3674 870/870
f 873/873 3676/3676 872/872
f 3676/3676 873/873 981/981
f 872/872 3676/3676 3674/3674
f 3677/3677 3674/3674 3676/3676
f 3675/3675 2920/2920 2918/2918
f 3675/3675 3674/3674 3678/3678
f 3679/3679 3675/3675 3678/3678
f 3675/3675 3680/3680 2920/2920
f 3680/3680 3675/3675 3679/3679
f 3681/3681 3680/3680 3679/3679
f 3678/3678 3674/3674 3677/3677
f 3682/3682 3678/3678 3677/3677
f 3679/3679 3678/3678 3682/3682
f 3683/3683 3677/3677 3676/3676
f 3684/3684 3683/3683 3676/3676
f 3682/3682 3677/3677 3683/3683
f 3683/3683 3684/3684 3685/3685
f 3682/3682 3681/3681 3679/3679
f 3681/3681 3682/3682 3685/3685
f 3683/3683 3685/3685 3682/3682
f 3676/3676 981/981 3686/3686
f 3684/3684 3676/3676 3686/3686
f 3684/3684 3686/3686 3687/3687
f 3687/3687 3688/3688 3684/3684
f 3684/3684 3689/3689 3685/3685
f 3684/3684 3690/3690 3689/3689
f 3690/3690 3684/3684 3691/3691
f 3692/3692 3690/3690 3691/3691
f 3691/3691 3684/3684 3688/3688
f 3692/3692 3688/3688 3693/3693
f 3692/3692 3693/3693 3694/3694
f 3692/3692 3691/3691 3688/3688
f 3695/3695 3692/3692 3694/3694
f 2919/2919 2920/2920 2921/2921
f 2920/2920 3680/3680 3696/3696
f 3681/3681 3685/3685 3697/3697
f 3698/3698 3681/3681 3697/3697
f 3681/3681 3698/3698 3680/3680
f 3698/3698 3699/3699 3680/3680
f 3685/3685 3689/3689 3697/3697
f 3697/3697 3689/3689 3700/3700
f 3698/3698 3697/3697 3700/3700
f 3700/3700 3689/3689 3701/3701
f 3699/3699 3696/3696 3680/3680
f 3702/3702 3696/3696 3699/3699
f 3700/3700 3699/3699 3698/3698
f 3699/3699 3700/3700 3701/3701
f 3701/3701 3703/3703 3699/3699
f 3699/3699 3704/3704 3702/3702
f 3704/3704 3699/3699 3703/3703
f 2920/2920 3705/3705 2921/2921
f 3705/3705 2920/2920 3696/3696
f 2926/2926 2921/2921 3705/3705
f 2936/2936 2926/2926 3705/3705
f 3705/3705 3706/3706 2936/2936
f 3705/3705 3696/3696 3707/3707
f 3707/3707 3706/3706 3705/3705
f 3707/3707 3708/3708 3706/3706
f 3708/3708 3707/3707 3709/3709
f 3707/3707 3696/3696 3702/3702
f 3710/3710 3702/3702 3704/3704
f 3707/3707 3702/3702 3710/3710
f 3707/3707 3710/3710 3709/3709
f 3701/3701 3689/3689 3690/3690
f 3711/3711 3690/3690 3692/3692
f 3701/3701 3690/3690 3711/3711
f 3712/3712 3703/3703 3701/3701
f 3713/3713 3704/3704 3703/3703
f 3713/3713 3703/3703 3712/3712
f 3712/3712 3701/3701 3711/3711
f 3712/3712 3711/3711 3714/3714
f 3715/3715 3712/3712 3714/3714
f 3713/3713 3712/3712 3716/3716
f 3716/3716 3712/3712 3715/3715
f 3711/3711 3692/3692 3717/3717
f 3714/3714 3711/3711 3717/3717
f 3695/3695 3717/3717 3692/3692
f 3718/3718 3717/3717 3695/3695
f 3718/3718 3695/3695 3719/3719
f 3714/3714 3717/3717 3718/3718
f 3714/3714 3718/3718 3719/3719
f 3719/3719 3715/3715 3714/3714
f 3709/3709 3720/3720 3721/3721
f 3710/3710 3704/3704 3713/3713
f 3710/3710 3713/3713 3722/3722
f 3710/3710 3720/3720 3709/3709
f 3722/3722 3720/3720 3710/3710
f 3722/3722 3713/3713 3716/3716
f 3721/3721 3720/3720 3722/3722
f 3715/3715 3723/3723 3716/3716
f 3722/3722 3716/3716 3723/3723
f 3724/3724 3722/3722 3723/3723
f 3725/3725 3723/3723 3715/3715
f 3725/3725 3715/3715 3726/3726
f 3721/3721 3722/3722 3724/3724
f 3721/3721 3724/3724 3727/3727
f 3727/3727 3724/3724 3728/3728
f 3729/3729 3721/3721 3727/3727
f 3724/3724 3723/3723 3725/3725
f 3725/3725 3728/3728 3724/3724
f 3728/3728 3725/3725 3730/3730
f 3731/3731 3695/3695 3694/3694
f 3719/3719 3695/3695 3731/3731
f 3719/3719 3731/3731 3726/3726
f 3732/3732 3726/3726 3731/3731
f 3733/3733 3732/3732 3731/3731
f 3725/3725 3726/3726 3734/3734
f 3726/3726 3715/3715 3719/3719
f 3735/3735 3726/3726 3732/3732
f 3734/3734 3726/3726 3735/3735
f 3730/3730 3725/3725 3734/3734
f 3735/3735 3736/3736 3737/3737
f 3734/3734 3735/3735 3738/3738
f 3738/3738 3735/3735 3737/3737
f 3739/3739 3737/3737 3736/3736
f 3737/3737 3739/3739 3740/3740
f 3741/3741 3737/3737 3740/3740
f 3706/3706 2937/2937 2936/2936
f 3706/3706 3708/3708 2937/2937
f 2943/2943 2937/2937 3708/3708
f 3708/3708 3742/3742 2943/2943
f 3742/3742 3708/3708 3743/3743
f 3743/3743 3708/3708 3744/3744
f 3744/3744 3708/3708 3745/3745
f 2948/2948 2943/2943 2950/2950
f 2943/2943 3742/3742 2950/2950
f 2950/2950 3746/3746 3747/3747
f 2950/2950 3742/3742 3746/3746
f 3746/3746 3742/3742 3743/3743
f 3748/3748 3749/3749 3747/3747
f 3744/3744 3746/3746 3743/3743
f 3744/3744 3750/3750 3746/3746
f 3748/3748 3747/3747 3746/3746
f 3748/3748 3746/3746 3750/3750
f 3751/3751 3709/3709 3729/3729
f 3721/3721 3729/3729 3709/3709
f 3709/3709 3745/3745 3708/3708
f 3745/3745 3709/3709 3751/3751
f 3745/3745 3752/3752 3744/3744
f 3745/3745 3751/3751 3752/3752
f 3729/3729 3753/3753 3751/3751
f 3751/3751 3753/3753 3754/3754
f 3754/3754 3753/3753 3755/3755
f 3753/3753 3729/3729 3727/3727
f 3755/3755 3753/3753 3727/3727
f 3755/3755 3728/3728 3756/3756
f 3757/3757 3755/3755 3758/3758
f 3757/3757 3754/3754 3755/3755
f 3728/3728 3755/3755 3727/3727
f 3758/3758 3755/3755 3756/3756
f 3756/3756 3728/3728 3759/3759
f 3759/3759 3728/3728 3730/3730
f 3756/3756 3760/3760 3758/3758
f 3759/3759 3760/3760 3756/3756
f 3760/3760 3761/3761 3758/3758
f 3758/3758 3761/3761 3757/3757
f 3762/3762 3763/3763 3761/3761
f 3754/3754 3752/3752 3751/3751
f 3744/3744 3752/3752 3750/3750
f 3748/3748 3750/3750 3752/3752
f 3764/3764 3752/3752 3754/3754
f 3765/3765 3752/3752 3764/3764
f 3764/3764 3754/3754 3757/3757
f 3766/3766 3748/3748 3765/3765
f 3765/3765 3748/3748 3752/3752
f 3764/3764 3757/3757 3767/3767
f 3764/3764 3767/3767 3765/3765
f 3768/3768 3757/3757 3769/3769
f 3769/3769 3761/3761 3763/3763
f 3761/3761 3769/3769 3757/3757
f 3770/3770 3769/3769 3763/3763
f 3767/3767 3757/3757 3768/3768
f 3771/3771 3767/3767 3768/3768
f 3768/3768 3769/3769 3772/3772
f 3772/3772 3769/3769 3770/3770
f 3768/3768 3772/3772 3773/3773
f 3771/3771 3768/3768 3773/3773
f 3774/3774 3775/3775 3776/3776
f 2956/2956 2950/2950 3747/3747
f 3777/3777 3747/3747 3749/3749
f 3747/3747 2957/2957 2956/2956
f 3777/3777 2957/2957 3747/3747
f 3778/3778 3777/3777 3749/3749
f 3749/3749 3748/3748 3766/3766
f 3766/3766 3779/3779 3749/3749
f 3766/3766 3780/3780 3779/3779
f 3779/3779 3778/3778 3749/3749
f 3778/3778 3781/3781 3777/3777
f 3782/3782 3777/3777 3781/3781
f 3781/3781 3778/3778 3779/3779
f 3779/3779 3783/3783 3781/3781
f 3783/3783 3779/3779 3780/3780
f 2957/2957 3777/3777 3782/3782
f 3784/3784 2957/2957 3782/3782
f 3784/3784 3782/3782 3785/3785
f 2966/2966 2964/2964 2957/2957
f 2966/2966 2957/2957 3784/3784
f 3781/3781 3786/3786 3782/3782
f 3786/3786 3781/3781 3783/3783
f 3786/3786 3785/3785 3782/3782
f 3783/3783 3787/3787 3786/3786
f 3787/3787 3783/3783 3788/3788
f 3789/3789 3790/3790 3787/3787
f 3786/3786 3787/3787 3790/3790
f 3790/3790 3785/3785 3786/3786
f 3791/3791 3784/3784 3785/3785
f 3792/3792 3785/3785 3790/3790
f 3793/3793 3790/3790 3789/3789
f 3790/3790 3793/3793 3792/3792
f 3794/3794 3780/3780 3766/3766
f 3795/3795 3766/3766 3765/3765
f 3765/3765 3767/3767 3795/3795
f 3794/3794 3766/3766 3795/3795
f 3796/3796 3794/3794 3795/3795
f 3783/3783 3780/3780 3788/3788
f 3788/3788 3780/3780 3794/3794
f 3794/3794 3796/3796 3788/3788
f 3788/3788 3796/3796 3797/3797
f 3797/3797 3796/3796 3798/3798
f 3795/3795 3767/3767 3771/3771
f 3795/3795 3771/3771 3798/3798
f 3798/3798 3771/3771 3799/3799
f 3799/3799 3771/3771 3773/3773
f 3798/3798 3796/3796 3795/3795
f 3798/3798 3800/3800 3797/3797
f 3798/3798 3801/3801 3800/3800
f 3801/3801 3798/3798 3799/3799
f 3801/3801 3799/3799 3802/3802
f 3787/3787 3788/3788 3797/3797
f 3797/3797 3789/3789 3787/3787
f 3797/3797 3776/3776 3789/3789
f 3775/3775 3789/3789 3776/3776
f 3789/3789 3775/3775 3793/3793
f 3776/3776 3797/3797 3800/3800
f 3803/3803 3776/3776 3800/3800
f 3774/3774 3776/3776 3803/3803
f 3803/3803 3804/3804 3774/3774
f 3759/3759 3730/3730 3805/3805
f 3730/3730 3734/3734 3805/3805
f 3760/3760 3759/3759 3806/3806
f 3806/3806 3759/3759 3805/3805
f 3806/3806 3805/3805 3807/3807
f 3805/3805 3734/3734 3738/3738
f 3807/3807 3805/3805 3738/3738
f 3807/3807 3738/3738 3741/3741
f 3762/3762 3761/3761 3760/3760
f 3760/3760 3806/3806 3762/3762
f 3763/3763 3762/3762 3806/3806
f 3763/3763 3806/3806 3808/3808
f 3808/3808 3806/3806 3807/3807
f 3808/3808 3807/3807 3809/3809
f 3808/3808 3810/3810 3763/3763
f 3808/3808 3809/3809 3811/3811
f 3807/3807 3741/3741 3812/3812
f 3738/3738 3737/3737 3741/3741
f 3812/3812 3741/3741 3813/3813
f 3814/3814 3741/3741 3740/3740
f 3740/3740 3815/3815 3814/3814
f 3809/3809 3807/3807 3812/3812
f 3816/3816 3809/3809 3812/3812
f 3811/3811 3809/3809 3816/3816
f 3813/3813 3741/3741 3814/3814
f 3814/3814 3815/3815 3817/3817
f 3813/3813 3816/3816 3812/3812
f 3814/3814 3816/3816 3813/3813
f 3818/3818 3770/3770 3810/3810
f 3819/3819 3810/3810 3811/3811
f 3772/3772 3770/3770 3818/3818
f 3818/3818 3773/3773 3772/3772
f 3773/3773 3818/3818 3820/3820
f 3818/3818 3810/3810 3819/3819
f 3821/3821 3818/3818 3819/3819
f 3821/3821 3819/3819 3822/3822
f 3763/3763 3810/3810 3770/3770
f 3810/3810 3808/3808 3811/3811
f 3816/3816 3819/3819 3811/3811
f 3822/3822 3819/3819 3816/3816
f 3816/3816 3823/3823 3824/3824
f 3822/3822 3816/3816 3824/3824
f 3824/3824 3823/3823 3825/3825
f 3822/3822 3824/3824 3826/3826
f 3825/3825 3826/3826 3824/3824
f 3827/3827 3822/3822 3826/3826
f 3816/3816 3814/3814 3817/3817
f 3828/3828 3816/3816 3817/3817
f 3817/3817 3829/3829 3828/3828
f 3823/3823 3816/3816 3828/3828
f 3828/3828 3825/3825 3823/3823
f 3825/3825 3828/3828 3830/3830
f 3828/3828 3829/3829 3831/3831
f 3830/3830 3828/3828 3831/3831
f 3826/3826 3825/3825 3832/3832
f 3825/3825 3830/3830 3832/3832
f 3831/3831 3833/3833 3830/3830
f 3833/3833 3834/3834 3830/3830
f 3799/3799 3773/3773 3820/3820
f 3835/3835 3820/3820 3818/3818
f 3802/3802 3799/3799 3820/3820
f 3836/3836 3802/3802 3820/3820
f 3835/3835 3836/3836 3820/3820
f 3835/3835 3818/3818 3821/3821
f 3837/3837 3821/3821 3822/3822
f 3835/3835 3821/3821 3837/3837
f 3837/3837 3827/3827 3838/3838
f 3837/3837 3839/3839 3835/3835
f 3840/3840 3836/3836 3835/3835
f 3840/3840 3835/3835 3839/3839
f 3839/3839 3837/3837 3838/3838
f 3841/3841 3839/3839 3838/3838
f 3842/3842 3841/3841 3838/3838
f 3837/3837 3822/3822 3827/3827
f 3838/3838 3827/3827 3842/3842
f 3800/3800 3802/3802 3843/3843
f 3800/3800 3801/3801 3802/3802
f 3800/3800 3843/3843 3803/3803
f 3843/3843 3802/3802 3840/3840
f 3840/3840 3802/3802 3836/3836
f 3841/3841 3840/3840 3839/3839
f 3844/3844 3840/3840 3841/3841
f 3845/3845 3843/3843 3840/3840
f 3846/3846 3845/3845 3840/3840
f 3846/3846 3840/3840 3844/3844
f 3847/3847 3844/3844 3848/3848
f 3844/3844 3841/3841 3848/3848
f 3827/3827 3826/3826 3832/3832
f 3849/3849 3832/3832 3830/3830
f 3832/3832 3842/3842 3827/3827
f 3842/3842 3832/3832 3849/3849
f 3830/3830 3834/3834 3849/3849
f 3850/3850 3849/3849 3834/3834
f 3851/3851 3842/3842 3849/3849
f 3841/3841 3842/3842 3851/3851
f 3851/3851 3849/3849 3850/3850
f 3834/3834 3833/3833 3852/3852
f 3852/3852 3850/3850 3834/3834
f 3851/3851 3850/3850 3853/3853
f 3850/3850 3852/3852 3854/3854
f 3853/3853 3850/3850 3854/3854
f 3855/3855 3841/3841 3851/3851
f 3848/3848 3841/3841 3855/3855
f 3856/3856 3847/3847 3848/3848
f 3855/3855 3856/3856 3848/3848
f 3855/3855 3851/3851 3853/3853
f 3857/3857 3853/3853 3854/3854
f 3858/3858 3857/3857 3854/3854
f 3859/3859 3857/3857 3858/3858
f 3860/3860 3855/3855 3853/3853
f 3855/3855 3860/3860 3861/3861
f 3861/3861 3856/3856 3855/3855
f 3860/3860 3853/3853 3857/3857
f 3862/3862 3860/3860 3863/3863
f 3860/3860 3857/3857 3863/3863
f 3863/3863 3857/3857 3859/3859
f 3863/3863 3864/3864 3862/3862
f 3863/3863 3865/3865 3864/3864
f 3865/3865 3863/3863 3859/3859
f 981/981 873/873 969/969
f 981/981 980/980 984/984
f 3866/3866 981/981 984/984
f 3686/3686 981/981 3866/3866
f 3687/3687 3686/3686 3866/3866
f 3866/3866 984/984 3867/3867
f 3867/3867 984/984 985/985
f 3868/3868 3867/3867 985/985
f 3687/3687 3866/3866 3867/3867
f 3687/3687 3867/3867 3693/3693
f 3693/3693 3867/3867 3869/3869
f 3693/3693 3688/3688 3687/3687
f 3869/3869 3867/3867 3868/3868
f 3693/3693 3869/3869 3868/3868
f 3870/3870 3868/3868 985/985
f 3868/3868 3870/3870 3871/3871
f 3872/3872 3870/3870 3873/3873
f 3872/3872 3871/3871 3870/3870
f 3874/3874 3871/3871 3872/3872
f 985/985 3873/3873 3870/3870
f 3873/3873 985/985 1017/1017
f 1020/1020 3873/3873 1017/1017
f 3873/3873 1020/1020 3875/3875
f 3875/3875 1020/1020 1019/1019
f 3876/3876 3872/3872 3873/3873
f 3875/3875 3877/3877 3873/3873
f 3693/3693 3868/3868 3878/3878
f 3878/3878 3868/3868 3871/3871
f 3694/3694 3693/3693 3878/3878
f 3878/3878 3879/3879 3694/3694
f 3879/3879 3878/3878 3874/3874
f 3878/3878 3871/3871 3874/3874
f 3879/3879 3874/3874 3880/3880
f 3881/3881 3874/3874 3872/3872
f 3882/3882 3880/3880 3874/3874
f 3882/3882 3874/3874 3881/3881
f 3882/3882 3881/3881 3883/3883
f 3881/3881 3872/3872 3876/3876
f 3877/3877 3876/3876 3873/3873
f 3877/3877 3884/3884 3876/3876
f 3885/3885 3884/3884 3877/3877
f 3885/3885 3877/3877 3875/3875
f 3881/3881 3876/3876 3886/3886
f 3886/3886 3876/3876 3887/3887
f 3888/3888 3886/3886 3887/3887
f 3887/3887 3876/3876 3884/3884
f 3884/3884 3885/3885 3889/3889
f 3889/3889 3887/3887 3884/3884
f 3875/3875 1019/1019 1032/1032
f 3890/3890 1025/1025 1033/1033
f 3890/3890 1032/1032 1025/1025
f 3891/3891 1032/1032 3890/3890
f 3875/3875 1032/1032 3892/3892
f 3892/3892 1032/1032 3891/3891
f 3893/3893 3892/3892 3894/3894
f 1036/1036 3890/3890 1033/1033
f 3891/3891 3890/3890 1036/1036
f 1036/1036 1035/1035 3894/3894
f 3891/3891 1036/1036 3894/3894
f 3892/3892 3891/3891 3894/3894
f 3893/3893 3894/3894 3895/3895
f 3895/3895 3894/3894 3896/3896
f 3895/3895 3896/3896 3897/3897
f 3898/3898 3885/3885 3875/3875
f 3889/3889 3885/3885 3898/3898
f 3899/3899 3898/3898 3875/3875
f 3892/3892 3899/3899 3875/3875
f 3900/3900 3899/3899 3892/3892
f 3893/3893 3900/3900 3892/3892
f 3898/3898 3899/3899 3901/3901
f 3889/3889 3898/3898 3901/3901
f 3901/3901 3902/3902 3889/3889
f 3900/3900 3901/3901 3899/3899
f 3895/3895 3903/3903 3893/3893
f 3900/3900 3893/3893 3903/3903
f 3895/3895 3897/3897 3903/3903
f 3904/3904 3900/3900 3903/3903
f 3901/3901 3900/3900 3905/3905
f 3905/3905 3900/3900 3904/3904
f 3905/3905 3906/3906 3901/3901
f 3907/3907 3904/3904 3903/3903
f 3907/3907 3903/3903 3897/3897
f 3897/3897 3908/3908 3907/3907
f 3694/3694 3879/3879 3731/3731
f 3880/3880 3731/3731 3879/3879
f 3733/3733 3731/3731 3880/3880
f 3882/3882 3909/3909 3880/3880
f 3883/3883 3909/3909 3882/3882
f 3733/3733 3880/3880 3910/3910
f 3910/3910 3880/3880 3909/3909
f 3911/3911 3912/3912 3910/3910
f 3913/3913 3911/3911 3910/3910
f 3911/3911 3739/3739 3736/3736
f 3739/3739 3911/3911 3914/3914
f 3740/3740 3739/3739 3914/3914
f 3883/3883 3881/3881 3886/3886
f 3909/3909 3883/3883 3888/3888
f 3909/3909 3888/3888 3915/3915
f 3915/3915 3910/3910 3909/3909
f 3886/3886 3888/3888 3883/3883
f 3916/3916 3888/3888 3887/3887
f 3916/3916 3887/3887 3889/3889
f 3916/3916 3889/3889 3917/3917
f 3888/3888 3916/3916 3917/3917
f 3918/3918 3915/3915 3888/3888
f 3919/3919 3918/3918 3888/3888
f 3920/3920 3915/3915 3918/3918
f 3919/3919 3888/3888 3917/3917
f 3917/3917 3889/3889 3902/3902
f 3917/3917 3902/3902 3921/3921
f 3922/3922 3919/3919 3917/3917
f 3922/3922 3917/3917 3921/3921
f 3914/3914 3911/3911 3913/3913
f 3913/3913 3910/3910 3915/3915
f 3913/3913 3915/3915 3923/3923
f 3924/3924 3914/3914 3913/3913
f 3923/3923 3924/3924 3913/3913
f 3924/3924 3923/3923 3925/3925
f 3923/3923 3915/3915 3920/3920
f 3920/3920 3925/3925 3923/3923
f 3924/3924 3926/3926 3740/3740
f 3924/3924 3740/3740 3914/3914
f 3927/3927 3924/3924 3925/3925
f 3927/3927 3925/3925 3928/3928
f 3929/3929 3927/3927 3928/3928
f 3930/3930 3929/3929 3931/3931
f 3920/3920 3918/3918 3919/3919
f 3925/3925 3920/3920 3919/3919
f 3928/3928 3925/3925 3919/3919
f 3928/3928 3919/3919 3922/3922
f 3932/3932 3928/3928 3922/3922
f 3929/3929 3928/3928 3933/3933
f 3931/3931 3929/3929 3933/3933
f 3933/3933 3928/3928 3932/3932
f 3902/3902 3901/3901 3934/3934
f 3921/3921 3902/3902 3934/3934
f 3934/3934 3901/3901 3906/3906
f 3935/3935 3922/3922 3921/3921
f 3935/3935 3921/3921 3934/3934
f 3935/3935 3936/3936 3922/3922
f 3935/3935 3934/3934 3906/3906
f 3906/3906 3937/3937 3935/3935
f 3936/3936 3935/3935 3937/3937
f 3906/3906 3905/3905 3938/3938
f 3939/3939 3905/3905 3904/3904
f 3937/3937 3906/3906 3938/3938
f 3932/3932 3922/3922 3936/3936
f 3940/3940 3933/3933 3932/3932
f 1035/1035 1037/1037 3941/3941
f 1035/1035 3941/3941 3894/3894
f 3941/3941 1037/1037 1047/1047
f 3894/3894 3941/3941 3942/3942
f 3943/3943 3941/3941 1047/1047
f 3943/3943 1047/1047 1048/1048
f 3941/3941 3944/3944 3942/3942
f 3944/3944 3941/3941 3943/3943
f 3896/3896 3894/3894 3942/3942
f 3897/3897 3896/3896 3942/3942
f 3942/3942 3944/3944 3945/3945
f 3908/3908 3897/3897 3942/3942
f 3908/3908 3942/3942 3945/3945
f 3926/3926 3924/3924 3927/3927
f 3815/3815 3740/3740 3926/3926
f 3815/3815 3926/3926 3829/3829
f 3946/3946 3829/3829 3926/3926
f 3926/3926 3930/3930 3946/3946
f 3927/3927 3929/3929 3930/3930
f 3926/3926 3927/3927 3930/3930
f 3817/3817 3815/3815 3829/3829
f 3946/3946 3947/3947 3829/3829
f 3946/3946 3930/3930 3948/3948
f 3931/3931 3948/3948 3930/3930
f 3947/3947 3946/3946 3948/3948
f 3948/3948 3931/3931 3949/3949
f 3950/3950 3948/3948 3949/3949
f 3949/3949 3931/3931 3933/3933
f 3949/3949 3933/3933 3951/3951
f 3831/3831 3829/3829 3947/3947
f 3947/3947 3948/3948 3950/3950
f 3952/3952 3950/3950 3949/3949
f 3833/3833 3831/3831 3947/3947
f 3947/3947 3953/3953 3833/3833
f 3953/3953 3947/3947 3950/3950
f 3953/3953 3950/3950 3954/3954
f 3852/3852 3953/3953 3954/3954
f 3954/3954 3950/3950 3952/3952
f 3955/3955 3949/3949 3956/3956
f 3833/3833 3953/3953 3852/3852
f 3854/3854 3852/3852 3957/3957
f 3858/3858 3854/3854 3957/3957
f 3939/3939 3904/3904 3907/3907
f 3939/3939 3907/3907 3958/3958
f 3933/3933 3940/3940 3951/3951
f 3938/3938 3905/3905 3939/3939
f 3959/3959 3939/3939 3960/3960
f 3959/3959 3937/3937 3938/3938
f 3938/3938 3939/3939 3959/3959
f 3937/3937 3959/3959 3961/3961
f 3961/3961 3959/3959 3960/3960
f 3932/3932 3936/3936 3962/3962
f 3940/3940 3932/3932 3962/3962
f 3963/3963 3940/3940 3964/3964
f 3962/3962 3936/3936 3937/3937
f 3965/3965 3962/3962 3937/3937
f 3965/3965 3937/3937 3961/3961
f 3965/3965 3961/3961 3966/3966
f 3967/3967 3962/3962 3965/3965
f 3964/3964 3940/3940 3962/3962
f 3964/3964 3962/3962 3967/3967
f 3965/3965 3966/3966 3968/3968
f 3967/3967 3965/3965 3968/3968
f 3964/3964 3967/3967 3968/3968
f 1048/1048 1045/1045 3969/3969
f 3970/3970 3944/3944 3943/3943
f 3971/3971 3970/3970 3943/3943
f 3971/3971 3943/3943 1048/1048
f 3972/3972 3970/3970 3971/3971
f 3971/3971 1048/1048 3969/3969
f 3908/3908 3945/3945 3973/3973
f 3958/3958 3907/3907 3908/3908
f 3974/3974 3958/3958 3908/3908
f 3973/3973 3974/3974 3908/3908
f 3974/3974 3973/3973 3975/3975
f 3975/3975 3976/3976 3974/3974
f 3944/3944 3970/3970 3945/3945
f 3970/3970 3972/3972 3945/3945
f 3945/3945 3972/3972 3973/3973
f 3975/3975 3973/3973 3972/3972
f 3975/3975 3972/3972 3977/3977
f 3971/3971 3978/3978 3972/3972
f 3976/3976 3977/3977 3979/3979
f 3977/3977 3972/3972 3978/3978
f 3977/3977 3980/3980 3979/3979
f 3980/3980 3977/3977 3978/3978
f 1049/1049 3969/3969 1045/1045
f 3969/3969 1049/1049 1050/1050
f 3969/3969 1050/1050 3981/3981
f 3969/3969 3982/3982 3971/3971
f 3978/3978 3971/3971 3982/3982
f 3969/3969 3983/3983 3982/3982
f 3984/3984 3982/3982 3983/3983
f 3985/3985 3978/3978 3982/3982
f 3985/3985 3982/3982 3984/3984
f 3983/3983 3969/3969 3981/3981
f 1050/1050 2879/2879 3981/3981
f 3986/3986 3984/3984 3983/3983
f 3987/3987 3986/3986 3983/3983
f 3987/3987 3983/3983 3988/3988
f 3988/3988 3983/3983 3981/3981
f 3989/3989 3939/3939 3958/3958
f 3958/3958 3974/3974 3989/3989
f 3960/3960 3939/3939 3989/3989
f 3989/3989 3974/3974 3976/3976
f 3976/3976 3990/3990 3989/3989
f 3991/3991 3989/3989 3990/3990
f 3960/3960 3992/3992 3961/3961
f 3991/3991 3992/3992 3960/3960
f 3960/3960 3989/3989 3991/3991
f 3990/3990 3976/3976 3979/3979
f 3979/3979 3993/3993 3990/3990
f 3993/3993 3979/3979 3994/3994
f 3995/3995 3991/3991 3990/3990
f 3996/3996 3995/3995 3990/3990
f 3996/3996 3990/3990 3993/3993
f 3996/3996 3993/3993 3994/3994
f 3997/3997 3998/3998 3996/3996
f 3997/3997 3996/3996 3994/3994
f 3966/3966 3961/3961 3992/3992
f 3999/3999 3992/3992 3991/3991
f 3999/3999 3991/3991 3995/3995
f 3966/3966 3992/3992 3999/3999
f 3998/3998 3995/3995 3996/3996
f 3966/3966 3999/3999 3995/3995
f 3966/3966 3995/3995 4000/4000
f 4000/4000 3995/3995 3998/3998
f 3998/3998 3997/3997 4001/4001
f 3966/3966 4000/4000 4002/4002
f 4002/4002 4000/4000 3998/3998
f 3966/3966 4002/4002 4003/4003
f 4002/4002 3998/3998 4004/4004
f 4002/4002 4005/4005 4006/4006
f 4002/4002 4004/4004 4005/4005
f 3994/3994 3979/3979 3980/3980
f 3980/3980 3978/3978 3985/3985
f 3980/3980 3985/3985 3994/3994
f 4007/4007 3985/3985 3984/3984
f 4007/4007 3984/3984 4008/4008
f 3985/3985 4007/4007 3994/3994
f 3994/3994 4007/4007 3997/3997
f 4007/4007 4009/4009 3997/3997
f 4009/4009 4007/4007 4010/4010
f 4010/4010 4011/4011 4009/4009
f 3986/3986 4008/4008 3984/3984
f 4012/4012 3986/3986 3987/3987
f 4008/4008 3986/3986 4012/4012
f 4008/4008 4012/4012 4013/4013
f 4012/4012 3987/3987 4014/4014
f 4014/4014 3987/3987 3988/3988
f 4013/4013 4012/4012 4014/4014
f 4014/4014 4015/4015 4016/4016
f 4016/4016 4013/4013 4014/4014
f 4010/4010 4007/4007 4008/4008
f 4010/4010 4008/4008 4013/4013
f 4010/4010 4013/4013 4011/4011
f 4017/4017 4013/4013 4016/4016
f 4011/4011 4013/4013 4017/4017
f 4004/4004 3998/3998 4001/4001
f 4001/4001 3997/3997 4009/4009
f 4001/4001 4009/4009 4011/4011
f 4004/4004 4001/4001 4018/4018
f 4004/4004 4018/4018 4005/4005
f 4001/4001 4019/4019 4018/4018
f 4020/4020 4018/4018 4019/4019
f 4001/4001 4011/4011 4019/4019
f 4019/4019 4011/4011 4017/4017
f 4021/4021 4017/4017 4016/4016
f 4022/4022 4019/4019 4017/4017
f 3951/3951 3956/3956 3949/3949
f 3956/3956 3951/3951 4023/4023
f 3949/3949 3955/3955 3952/3952
f 3955/3955 3956/3956 4024/4024
f 3956/3956 4023/4023 4024/4024
f 4024/4024 4023/4023 4025/4025
f 4025/4025 4023/4023 4026/4026
f 4025/4025 4026/4026 4027/4027
f 3952/3952 3955/3955 4024/4024
f 3952/3952 4024/4024 4025/4025
f 4025/4025 4028/4028 3952/3952
f 4028/4028 4025/4025 4027/4027
f 4028/4028 4027/4027 4029/4029
f 3951/3951 3940/3940 3963/3963
f 3963/3963 4023/4023 3951/3951
f 4023/4023 3963/3963 4030/4030
f 3964/3964 4031/4031 3963/3963
f 4032/4032 4031/4031 3964/3964
f 4031/4031 4030/4030 3963/3963
f 3968/3968 4032/4032 3964/3964
f 4030/4030 4031/4031 4033/4033
f 4033/4033 4034/4034 4030/4030
f 4035/4035 4034/4034 4033/4033
f 4032/4032 4033/4033 4031/4031
f 4032/4032 4036/4036 4033/4033
f 4030/4030 4026/4026 4023/4023
f 4030/4030 4034/4034 4026/4026
f 4037/4037 4034/4034 4035/4035
f 4038/4038 4027/4027 4026/4026
f 4029/4029 4027/4027 4038/4038
f 4038/4038 4026/4026 4034/4034
f 4034/4034 4037/4037 4039/4039
f 4039/4039 4038/4038 4034/4034
f 4037/4037 4035/4035 4040/4040
f 4040/4040 4035/4035 4041/4041
f 4042/4042 4040/4040 4041/4041
f 4041/4041 4035/4035 4036/4036
f 4036/4036 4035/4035 4033/4033
f 4043/4043 4036/4036 4032/4032
f 4041/4041 4036/4036 4043/4043
f 4037/4037 4040/4040 4039/4039
f 4044/4044 4039/4039 4040/4040
f 4042/4042 4044/4044 4040/4040
f 4038/4038 4039/4039 4044/4044
f 4042/4042 4045/4045 4044/4044
f 4045/4045 4042/4042 4041/4041
f 4046/4046 4047/4047 4044/4044
f 4046/4046 4044/4044 4045/4045
f 3957/3957 3852/3852 3954/3954
f 3952/3952 4048/4048 3954/3954
f 3954/3954 4048/4048 3957/3957
f 4048/4048 4049/4049 3957/3957
f 4049/4049 4048/4048 4050/4050
f 4048/4048 3952/3952 4051/4051
f 4028/4028 4051/4051 3952/3952
f 4050/4050 4048/4048 4051/4051
f 4052/4052 4050/4050 4051/4051
f 4053/4053 4051/4051 4028/4028
f 4052/4052 4051/4051 4053/4053
f 4029/4029 4053/4053 4028/4028
f 4054/4054 4050/4050 4052/4052
f 4055/4055 4052/4052 4053/4053
f 4055/4055 4053/4053 4056/4056
f 4056/4056 4057/4057 4055/4055
f 4049/4049 3858/3858 3957/3957
f 3859/3859 3858/3858 4049/4049
f 3859/3859 4049/4049 4058/4058
f 4058/4058 4049/4049 4050/4050
f 4059/4059 4058/4058 4050/4050
f 3865/3865 3859/3859 4058/4058
f 3865/3865 4058/4058 4060/4060
f 4060/4060 4058/4058 4059/4059
f 4060/4060 4059/4059 4061/4061
f 4062/4062 3865/3865 4060/4060
f 4062/4062 4060/4060 4063/4063
f 4064/4064 4060/4060 4061/4061
f 4065/4065 4059/4059 4050/4050
f 4061/4061 4059/4059 4065/4065
f 4064/4064 4061/4061 4065/4065
f 4066/4066 4064/4064 4065/4065
f 4065/4065 4050/4050 4054/4054
f 4065/4065 4054/4054 4067/4067
f 4052/4052 4055/4055 4068/4068
f 4068/4068 4055/4055 4057/4057
f 4054/4054 4052/4052 4068/4068
f 4067/4067 4054/4054 4068/4068
f 4066/4066 4065/4065 4067/4067
f 4069/4069 4066/4066 4067/4067
f 4067/4067 4068/4068 4070/4070
f 4071/4071 4072/4072 4073/4073
f 4070/4070 4068/4068 4072/4072
f 4070/4070 4072/4072 4071/4071
f 4074/4074 4029/4029 4038/4038
f 4074/4074 4038/4038 4075/4075
f 4056/4056 4053/4053 4029/4029
f 4056/4056 4029/4029 4074/4074
f 4074/4074 4076/4076 4056/4056
f 4074/4074 4075/4075 4077/4077
f 4078/4078 4076/4076 4074/4074
f 4038/4038 4079/4079 4075/4075
f 4079/4079 4038/4038 4044/4044
f 4047/4047 4079/4079 4044/4044
f 4077/4077 4075/4075 4079/4079
f 4078/4078 4074/4074 4077/4077
f 4077/4077 4079/4079 4080/4080
f 4076/4076 4057/4057 4056/4056
f 4068/4068 4057/4057 4072/4072
f 4072/4072 4057/4057 4076/4076
f 4073/4073 4072/4072 4081/4081
f 4076/4076 4081/4081 4072/4072
f 4081/4081 4076/4076 4082/4082
f 4081/4081 4082/4082 4073/4073
f 4080/4080 4047/4047 4083/4083
f 4079/4079 4047/4047 4080/4080
f 4084/4084 4076/4076 4078/4078
f 4076/4076 4084/4084 4085/4085
f 4073/4073 4082/4082 4086/4086
f 4087/4087 4086/4086 4082/4082
f 4076/4076 4085/4085 4082/4082
f 4088/4088 4085/4085 4084/4084
f 4087/4087 4082/4082 4085/4085
f 4088/4088 4089/4089 4085/4085
f 4087/4087 4085/4085 4089/4089
f 4084/4084 4078/4078 4080/4080
f 4080/4080 4078/4078 4077/4077
f 4084/4084 4090/4090 4088/4088
f 4089/4089 4088/4088 4091/4091
f 4091/4091 4088/4088 4090/4090
f 4090/4090 4084/4084 4080/4080
f 4080/4080 4092/4092 4090/4090
f 4091/4091 4090/4090 4093/4093
f 4093/4093 4090/4090 4092/4092
f 3966/3966 4094/4094 3968/3968
f 3968/3968 4094/4094 4032/4032
f 4095/4095 4032/4032 4094/4094
f 4096/4096 4032/4032 4095/4095
f 4097/4097 4095/4095 4094/4094
f 4096/4096 4095/4095 4097/4097
f 4094/4094 3966/3966 4003/4003
f 4098/4098 4094/4094 4003/4003
f 4003/4003 4002/4002 4006/4006
f 4006/4006 4099/4099 4003/4003
f 4094/4094 4098/4098 4097/4097
f 4100/4100 4097/4097 4098/4098
f 4099/4099 4098/4098 4003/4003
f 4100/4100 4098/4098 4099/4099
f 4043/4043 4032/4032 4096/4096
f 4101/4101 4043/4043 4096/4096
f 4102/4102 4041/4041 4043/4043
f 4097/4097 4101/4101 4096/4096
f 4102/4102 4043/4043 4101/4101
f 4097/4097 4100/4100 4101/4101
f 4041/4041 4102/4102 4045/4045
f 4045/4045 4102/4102 4103/4103
f 4102/4102 4101/4101 4104/4104
f 4103/4103 4102/4102 4104/4104
f 4105/4105 4104/4104 4106/4106
f 4103/4103 4104/4104 4107/4107
f 4100/4100 4106/4106 4101/4101
f 4106/4106 4100/4100 4108/4108
f 4100/4100 4099/4099 4108/4108
f 4108/4108 4099/4099 4109/4109
f 4109/4109 4110/4110 4108/4108
f 4110/4110 4106/4106 4108/4108
f 4106/4106 4104/4104 4101/4101
f 4111/4111 4105/4105 4106/4106
f 4111/4111 4106/4106 4110/4110
f 4111/4111 4112/4112 4105/4105
f 4005/4005 4018/4018 4006/4006
f 4113/4113 4006/4006 4018/4018
f 4099/4099 4006/4006 4113/4113
f 4113/4113 4018/4018 4020/4020
f 4114/4114 4099/4099 4113/4113
f 4109/4109 4099/4099 4114/4114
f 4115/4115 4113/4113 4020/4020
f 4114/4114 4113/4113 4116/4116
f 4113/4113 4115/4115 4116/4116
f 4117/4117 4020/4020 4019/4019
f 4117/4117 4019/4019 4118/4118
f 4115/4115 4020/4020 4117/4117
f 4115/4115 4117/4117 4119/4119
f 4119/4119 4117/4117 4120/4120
f 4121/4121 4115/4115 4119/4119
f 4109/4109 4114/4114 4116/4116
f 4115/4115 4121/4121 4116/4116
f 4116/4116 4122/4122 4123/4123
f 4122/4122 4116/4116 4121/4121
f 4124/4124 4109/4109 4123/4123
f 4109/4109 4116/4116 4123/4123
f 4109/4109 4124/4124 4110/4110
f 4125/4125 4124/4124 4123/4123
f 4125/4125 4123/4123 4122/4122
f 4122/4122 4121/4121 4126/4126
f 4126/4126 4121/4121 4119/4119
f 4126/4126 4119/4119 4127/4127
f 4125/4125 4122/4122 4128/4128
f 4128/4128 4122/4122 4126/4126
f 4129/4129 4125/4125 4128/4128
f 4124/4124 4111/4111 4110/4110
f 4046/4046 4045/4045 4103/4103
f 4103/4103 4107/4107 4046/4046
f 4083/4083 4047/4047 4046/4046
f 4083/4083 4046/4046 4107/4107
f 4104/4104 4105/4105 4107/4107
f 4083/4083 4130/4130 4080/4080
f 4107/4107 4131/4131 4083/4083
f 4131/4131 4132/4132 4083/4083
f 4131/4131 4107/4107 4133/4133
f 4134/4134 4132/4132 4131/4131
f 4107/4107 4105/4105 4133/4133
f 4133/4133 4105/4105 4112/4112
f 4112/4112 4111/4111 4124/4124
f 4135/4135 4133/4133 4112/4112
f 4136/4136 4112/4112 4124/4124
f 4135/4135 4112/4112 4136/4136
f 4134/4134 4131/4131 4135/4135
f 4136/4136 4137/4137 4135/4135
f 4092/4092 4080/4080 4130/4130
f 4130/4130 4083/4083 4132/4132
f 4130/4130 4138/4138 4092/4092
f 4139/4139 4132/4132 4134/4134
f 4138/4138 4130/4130 4132/4132
f 4138/4138 4132/4132 4139/4139
f 4140/4140 4093/4093 4092/4092
f 4140/4140 4092/4092 4138/4138
f 4141/4141 4138/4138 4139/4139
f 4140/4140 4138/4138 4141/4141
f 4135/4135 4142/4142 4134/4134
f 4142/4142 4143/4143 4139/4139
f 4142/4142 4135/4135 4137/4137
f 4142/4142 4137/4137 4144/4144
f 4145/4145 4142/4142 4144/4144
f 4146/4146 4141/4141 4139/4139
f 4146/4146 4139/4139 4147/4147
f 4143/4143 4147/4147 4139/4139
f 4143/4143 4145/4145 4147/4147
f 4142/4142 4145/4145 4143/4143
f 4136/4136 4124/4124 4148/4148
f 4148/4148 4124/4124 4125/4125
f 4137/4137 4136/4136 4149/4149
f 4137/4137 4149/4149 4144/4144
f 4150/4150 4136/4136 4148/4148
f 4136/4136 4150/4150 4149/4149
f 4150/4150 4151/4151 4149/4149
f 4129/4129 4148/4148 4125/4125
f 4148/4148 4129/4129 4150/4150
f 4129/4129 4128/4128 4152/4152
f 4150/4150 4129/4129 4152/4152
f 4150/4150 4152/4152 4153/4153
f 4153/4153 4154/4154 4150/4150
f 4149/4149 4155/4155 4144/4144
f 4145/4145 4144/4144 4155/4155
f 4155/4155 4149/4149 4151/4151
f 4156/4156 4155/4155 4151/4151
f 4147/4147 4145/4145 4155/4155
f 4157/4157 4158/4158 4155/4155
f 4157/4157 4155/4155 4156/4156
f 4156/4156 4159/4159 4157/4157
f 4151/4151 4150/4150 4154/4154
f 4156/4156 4151/4151 4160/4160
f 4160/4160 4151/4151 4154/4154
f 4160/4160 4161/4161 4159/4159
f 4159/4159 4156/4156 4160/4160
f 4161/4161 4160/4160 4154/4154
f 4154/4154 4162/4162 4161/4161
f 4163/4163 4164/4164 4165/4165
f 4166/4166 4163/4163 4167/4167
f 4168/4168 4167/4167 4169/4169
f 4170/4170 4171/4171 4168/4168
f 4168/4168 4169/4169 4170/4170
f 4170/4170 4169/4169 4172/4172
f 4173/4173 3793/3793 3775/3775
f 3775/3775 3774/3774 4174/4174
f 4174/4174 4173/4173 3775/3775
f 4165/4165 4173/4173 4163/4163
f 4163/4163 4173/4173 4175/4175
f 4163/4163 4175/4175 4176/4176
f 4175/4175 4173/4173 4174/4174
f 4175/4175 4174/4174 4177/4177
f 4176/4176 4175/4175 4177/4177
f 4178/4178 3774/3774 3804/3804
f 4177/4177 4174/4174 3774/3774
f 4176/4176 4177/4177 4179/4179
f 3774/3774 4178/4178 4177/4177
f 4179/4179 4177/4177 4178/4178
f 4179/4179 4178/4178 4180/4180
f 4167/4167 4163/4163 4181/4181
f 4181/4181 4163/4163 4176/4176
f 4169/4169 4167/4167 4181/4181
f 4181/4181 4182/4182 4172/4172
f 4179/4179 4183/4183 4176/4176
f 4183/4183 4184/4184 4176/4176
f 4181/4181 4176/4176 4182/4182
f 4184/4184 4182/4182 4176/4176
f 4185/4185 4172/4172 4182/4182
f 4169/4169 4181/4181 4172/4172
f 4186/4186 4172/4172 4185/4185
f 4186/4186 4185/4185 4187/4187
f 4184/4184 4185/4185 4182/4182
f 4187/4187 4185/4185 4184/4184
f 4184/4184 4188/4188 4187/4187
f 4187/4187 4189/4189 4186/4186
f 4183/4183 4179/4179 4190/4190
f 4183/4183 4191/4191 4184/4184
f 4188/4188 4184/4184 4191/4191
f 4191/4191 4192/4192 4188/4188
f 3043/3043 3784/3784 4193/4193
f 4194/4194 4193/4193 3791/3791
f 2967/2967 2966/2966 3784/3784
f 2967/2967 3784/3784 3043/3043
f 4193/4193 4194/4194 3043/3043
f 3043/3043 3039/3039 2967/2967
f 3791/3791 4193/4193 3784/3784
f 3791/3791 3785/3785 3792/3792
f 3792/3792 3793/3793 4195/4195
f 4165/4165 4195/4195 3793/3793
f 4194/4194 3792/3792 4164/4164
f 4164/4164 3792/3792 4195/4195
f 4165/4165 4164/4164 4195/4195
f 3047/3047 3042/3042 3043/3043
f 3047/3047 3043/3043 4196/4196
f 3043/3043 4194/4194 4196/4196
f 4194/4194 4197/4197 4196/4196
f 3047/3047 4196/4196 4198/4198
f 3048/3048 3047/3047 4199/4199
f 4199/4199 3047/3047 4198/4198
f 4199/4199 4198/4198 4200/4200
f 4194/4194 4164/4164 4197/4197
f 4166/4166 4197/4197 4164/4164
f 4196/4196 4197/4197 4168/4168
f 4168/4168 4197/4197 4166/4166
f 4166/4166 4164/4164 4163/4163
f 4168/4168 4166/4166 4167/4167
f 4168/4168 4198/4198 4196/4196
f 4171/4171 4198/4198 4168/4168
f 4200/4200 4198/4198 4171/4171
f 3793/3793 4173/4173 4165/4165
f 4201/4201 4171/4171 4170/4170
f 4170/4170 4172/4172 4202/4202
f 4201/4201 4170/4170 4202/4202
f 4201/4201 4203/4203 4204/4204
f 4203/4203 4201/4201 4202/4202
f 4205/4205 4206/4206 4207/4207
f 4208/4208 4205/4205 4207/4207
f 4207/4207 4206/4206 4209/4209
f 4206/4206 4204/4204 4209/4209
f 4204/4204 4203/4203 4209/4209
f 4210/4210 4207/4207 4209/4209
f 4202/4202 4172/4172 4186/4186
f 4202/4202 4186/4186 4189/4189
f 4188/4188 4189/4189 4187/4187
f 4188/4188 4211/4211 4189/4189
f 4211/4211 4212/4212 4189/4189
f 4213/4213 4214/4214 4215/4215
f 4202/4202 4189/4189 4216/4216
f 4213/4213 4202/4202 4216/4216
f 4203/4203 4202/4202 4213/4213
f 4216/4216 4189/4189 4212/4212
f 4213/4213 4216/4216 4214/4214
f 4216/4216 4212/4212 4214/4214
f 4217/4217 4192/4192 4218/4218
f 4192/4192 4211/4211 4188/4188
f 4217/4217 4211/4211 4192/4192
f 4191/4191 4218/4218 4192/4192
f 4212/4212 4211/4211 4219/4219
f 4211/4211 4217/4217 4219/4219
f 4212/4212 4219/4219 4214/4214
f 4220/4220 4217/4217 4221/4221
f 4217/4217 4220/4220 4219/4219
f 4209/4209 4203/4203 4215/4215
f 4222/4222 4210/4210 4209/4209
f 4222/4222 4209/4209 4215/4215
f 4223/4223 4222/4222 4215/4215
f 4214/4214 4224/4224 4215/4215
f 4224/4224 4223/4223 4215/4215
f 4203/4203 4213/4213 4215/4215
f 4223/4223 4225/4225 4222/4222
f 4224/4224 4214/4214 4219/4219
f 4219/4219 4226/4226 4224/4224
f 4227/4227 4224/4224 4226/4226
f 4226/4226 4219/4219 4220/4220
f 4228/4228 4227/4227 4226/4226
f 4227/4227 4229/4229 4223/4223
f 4223/4223 4224/4224 4227/4227
f 4225/4225 4223/4223 4229/4229
f 4228/4228 4229/4229 4227/4227
f 4228/4228 4230/4230 4229/4229
f 4231/4231 4199/4199 4232/4232
f 4199/4199 4231/4231 3048/3048
f 4231/4231 3054/3054 3048/3048
f 4199/4199 4200/4200 4232/4232
f 4200/4200 4201/4201 4232/4232
f 4232/4232 3054/3054 4231/4231
f 4233/4233 3054/3054 4232/4232
f 4204/4204 4232/4232 4201/4201
f 4171/4171 4201/4201 4200/4200
f 3065/3065 3054/3054 4233/4233
f 4234/4234 3065/3065 4233/4233
f 4206/4206 4233/4233 4204/4204
f 4232/4232 4204/4204 4233/4233
f 4234/4234 4233/4233 4206/4206
f 4235/4235 4234/4234 4205/4205
f 4235/4235 3067/3067 3065/3065
f 4235/4235 3065/3065 4234/4234
f 4205/4205 4234/4234 4206/4206
f 3804/3804 4236/4236 4178/4178
f 4236/4236 3804/3804 3845/3845
f 3845/3845 4237/4237 4236/4236
f 4236/4236 4180/4180 4178/4178
f 4190/4190 4179/4179 4180/4180
f 4238/4238 4190/4190 4180/4180
f 4180/4180 4236/4236 4237/4237
f 4239/4239 4237/4237 4240/4240
f 4238/4238 4237/4237 4239/4239
f 4190/4190 4238/4238 4241/4241
f 4190/4190 4241/4241 4242/4242
f 4241/4241 4238/4238 4239/4239
f 4191/4191 4183/4183 4242/4242
f 4242/4242 4183/4183 4190/4190
f 4243/4243 4242/4242 4244/4244
f 4242/4242 4241/4241 4245/4245
f 4245/4245 4244/4244 4242/4242
f 4246/4246 4239/4239 4247/4247
f 4241/4241 4239/4239 4246/4246
f 4245/4245 4241/4241 4246/4246
f 4245/4245 4246/4246 4248/4248
f 4246/4246 4247/4247 4248/4248
f 4249/4249 4248/4248 4250/4250
f 4244/4244 4245/4245 4251/4251
f 4248/4248 4251/4251 4245/4245
f 4248/4248 4252/4252 4251/4251
f 4253/4253 4252/4252 4254/4254
f 4252/4252 4253/4253 4251/4251
f 4252/4252 4248/4248 4249/4249
f 4254/4254 4252/4252 4249/4249
f 4255/4255 4254/4254 4249/4249
f 4255/4255 4249/4249 4256/4256
f 4255/4255 4256/4256 4257/4257
f 3845/3845 3804/3804 3803/3803
f 4240/4240 3845/3845 4258/4258
f 4237/4237 3845/3845 4240/4240
f 4238/4238 4180/4180 4237/4237
f 4258/4258 3845/3845 3846/3846
f 4258/4258 3846/3846 4259/4259
f 4259/4259 3846/3846 3844/3844
f 4259/4259 3844/3844 4260/4260
f 4240/4240 4258/4258 4261/4261
f 4258/4258 4259/4259 4262/4262
f 4260/4260 3844/3844 3847/3847
f 4262/4262 4259/4259 4260/4260
f 4260/4260 3847/3847 4263/4263
f 4260/4260 4263/4263 4262/4262
f 4239/4239 4240/4240 4261/4261
f 4261/4261 4258/4258 4262/4262
f 4261/4261 4247/4247 4239/4239
f 4264/4264 4247/4247 4261/4261
f 4263/4263 4265/4265 4262/4262
f 4261/4261 4262/4262 4265/4265
f 4264/4264 4261/4261 4265/4265
f 4264/4264 4248/4248 4247/4247
f 4264/4264 4265/4265 4266/4266
f 4266/4266 4265/4265 4267/4267
f 4266/4266 4250/4250 4264/4264
f 4248/4248 4264/4264 4250/4250
f 4263/4263 3847/3847 3856/3856
f 4268/4268 4263/4263 3856/3856
f 4268/4268 3856/3856 4269/4269
f 4269/4269 3856/3856 3861/3861
f 4270/4270 4263/4263 4268/4268
f 4263/4263 4267/4267 4265/4265
f 4263/4263 4270/4270 4267/4267
f 4270/4270 4271/4271 4267/4267
f 4268/4268 4269/4269 4270/4270
f 4272/4272 4270/4270 4269/4269
f 4271/4271 4270/4270 4273/4273
f 4272/4272 4269/4269 4274/4274
f 4274/4274 4269/4269 3861/3861
f 3861/3861 4275/4275 4274/4274
f 4272/4272 4274/4274 4276/4276
f 4276/4276 4274/4274 4275/4275
f 4270/4270 4272/4272 4277/4277
f 4273/4273 4270/4270 4277/4277
f 4276/4276 4277/4277 4272/4272
f 4276/4276 4278/4278 4279/4279
f 4280/4280 3861/3861 3860/3860
f 3860/3860 3862/3862 4280/4280
f 4275/4275 3861/3861 4280/4280
f 3862/3862 4275/4275 4280/4280
f 4276/4276 4275/4275 4278/4278
f 4266/4266 4267/4267 4271/4271
f 4250/4250 4266/4266 4281/4281
f 4281/4281 4266/4266 4271/4271
f 4273/4273 4282/4282 4271/4271
f 4281/4281 4271/4271 4282/4282
f 4250/4250 4281/4281 4249/4249
f 4249/4249 4281/4281 4256/4256
f 4256/4256 4281/4281 4282/4282
f 4283/4283 4282/4282 4273/4273
f 4282/4282 4283/4283 4256/4256
f 4257/4257 4256/4256 4283/4283
f 4284/4284 4273/4273 4277/4277
f 4284/4284 4277/4277 4279/4279
f 4277/4277 4276/4276 4279/4279
f 4285/4285 4284/4284 4279/4279
f 4283/4283 4273/4273 4284/4284
f 4286/4286 4283/4283 4284/4284
f 4286/4286 4284/4284 4287/4287
f 4284/4284 4285/4285 4287/4287
f 4287/4287 4285/4285 4288/4288
f 4218/4218 4221/4221 4217/4217
f 4218/4218 4243/4243 4289/4289
f 4221/4221 4218/4218 4289/4289
f 4218/4218 4191/4191 4242/4242
f 4242/4242 4243/4243 4218/4218
f 4243/4243 4244/4244 4251/4251
f 4243/4243 4251/4251 4290/4290
f 4289/4289 4243/4243 4290/4290
f 4291/4291 4220/4220 4221/4221
f 4289/4289 4290/4290 4292/4292
f 4289/4289 4292/4292 4221/4221
f 4291/4291 4221/4221 4292/4292
f 4290/4290 4251/4251 4253/4253
f 4292/4292 4290/4290 4293/4293
f 4253/4253 4254/4254 4294/4294
f 4295/4295 4292/4292 4293/4293
f 4296/4296 4295/4295 4293/4293
f 4297/4297 4295/4295 4296/4296
f 4298/4298 4295/4295 4297/4297
f 4293/4293 4290/4290 4253/4253
f 4293/4293 4253/4253 4296/4296
f 4296/4296 4253/4253 4294/4294
f 4294/4294 4254/4254 4299/4299
f 4297/4297 4296/4296 4294/4294
f 4300/4300 4226/4226 4220/4220
f 4300/4300 4220/4220 4291/4291
f 4291/4291 4301/4301 4300/4300
f 4291/4291 4292/4292 4295/4295
f 4301/4301 4291/4291 4295/4295
f 4226/4226 4302/4302 4228/4228
f 4302/4302 4226/4226 4300/4300
f 4302/4302 4300/4300 4301/4301
f 4302/4302 4303/4303 4228/4228
f 4302/4302 4304/4304 4303/4303
f 4305/4305 4304/4304 4301/4301
f 4304/4304 4302/4302 4301/4301
f 4295/4295 4298/4298 4301/4301
f 4298/4298 4305/4305 4301/4301
f 4254/4254 4255/4255 4299/4299
f 4299/4299 4255/4255 4257/4257
f 4294/4294 4299/4299 4306/4306
f 4297/4297 4294/4294 4306/4306
f 4306/4306 4299/4299 4257/4257
f 4306/4306 4257/4257 4307/4307
f 4308/4308 4297/4297 4306/4306
f 4297/4297 4308/4308 4298/4298
f 4309/4309 4298/4298 4308/4308
f 4309/4309 4308/4308 4310/4310
f 4310/4310 4308/4308 4306/4306
f 4310/4310 4306/4306 4307/4307
f 4309/4309 4310/4310 4311/4311
f 4312/4312 4313/4313 4311/4311
f 4314/4314 4315/4315 4316/4316
f 4317/4317 4315/4315 4314/4314
f 4317/4317 4318/4318 4315/4315
f 4283/4283 4286/4286 4257/4257
f 4307/4307 4257/4257 4286/4286
f 4319/4319 4286/4286 4320/4320
f 4320/4320 4286/4286 4287/4287
f 4320/4320 4287/4287 4288/4288
f 4321/4321 4320/4320 4288/4288
f 4307/4307 4286/4286 4319/4319
f 4322/4322 4319/4319 4320/4320
f 4316/4316 4319/4319 4322/4322
f 4316/4316 4322/4322 4323/4323
f 4316/4316 4323/4323 4314/4314
f 4324/4324 4325/4325 4326/4326
f 4326/4326 4327/4327 4328/4328
f 4328/4328 4327/4327 4329/4329
f 4326/4326 4328/4328 4330/4330
f 4329/4329 4331/4331 4332/4332
f 4328/4328 4329/4329 4333/4333
f 4332/4332 4334/4334 4329/4329
f 4335/4335 4336/4336 4332/4332
f 4337/4337 4336/4336 4335/4335
f 4338/4338 4339/4339 4335/4335
f 4335/4335 4340/4340 4338/4338
f 4339/4339 4337/4337 4335/4335
f 4337/4337 4339/4339 4341/4341
f 4334/4334 4332/4332 4336/4336
f 4342/4342 4336/4336 4337/4337
f 4334/4334 4336/4336 4342/4342
f 4343/4343 4205/4205 4208/4208
f 4205/4205 4343/4343 4344/4344
f 4345/4345 4343/4343 4208/4208
f 4343/4343 4346/4346 4344/4344
f 4346/4346 4343/4343 4345/4345
f 4344/4344 4347/4347 4348/4348
f 4347/4347 4344/4344 4346/4346
f 4349/4349 4210/4210 4222/4222
f 4207/4207 4210/4210 4208/4208
f 4345/4345 4208/4208 4210/4210
f 4345/4345 4210/4210 4349/4349
f 4346/4346 4345/4345 4349/4349
f 4350/4350 4346/4346 4349/4349
f 4351/4351 4350/4350 4349/4349
f 4352/4352 4348/4348 4347/4347
f 4353/4353 4354/4354 4352/4352
f 4347/4347 4346/4346 4350/4350
f 4353/4353 4352/4352 4347/4347
f 4347/4347 4355/4355 4353/4353
f 4347/4347 4356/4356 4355/4355
f 4357/4357 4353/4353 4355/4355
f 4358/4358 4230/4230 4359/4359
f 4349/4349 4222/4222 4360/4360
f 4360/4360 4222/4222 4225/4225
f 4361/4361 4360/4360 4225/4225
f 4225/4225 4362/4362 4361/4361
f 4230/4230 4225/4225 4229/4229
f 4225/4225 4230/4230 4362/4362
f 4230/4230 4358/4358 4362/4362
f 3076/3076 3067/3067 4235/4235
f 4344/4344 3076/3076 4235/4235
f 4344/4344 4235/4235 4205/4205
f 4348/4348 3078/3078 4344/4344
f 4344/4344 3078/3078 3076/3076
f 3085/3085 3078/3078 4348/4348
f 4348/4348 4363/4363 3085/3085
f 4364/4364 4363/4363 4348/4348
f 4364/4364 4348/4348 4352/4352
f 4354/4354 4364/4364 4352/4352
f 4364/4364 4354/4354 4365/4365
f 4365/4365 4363/4363 4364/4364
f 4357/4357 4354/4354 4353/4353
f 4366/4366 4354/4354 4357/4357
f 4367/4367 4368/4368 4366/4366
f 4368/4368 3086/3086 4365/4365
f 3086/3086 3085/3085 4363/4363
f 3086/3086 4363/4363 4365/4365
f 3095/3095 3086/3086 4368/4368
f 4354/4354 4366/4366 4365/4365
f 4366/4366 4368/4368 4365/4365
f 4367/4367 3095/3095 4368/4368
f 4303/4303 4359/4359 4230/4230
f 4303/4303 4304/4304 4369/4369
f 4369/4369 4304/4304 4370/4370
f 4369/4369 4370/4370 4371/4371
f 4303/4303 4230/4230 4228/4228
f 4304/4304 4305/4305 4370/4370
f 4339/4339 4372/4372 4373/4373
f 4275/4275 3862/3862 4374/4374
f 4062/4062 3864/3864 3865/3865
f 3864/3864 4374/4374 3862/3862
f 4374/4374 3864/3864 4375/4375
f 4375/4375 3864/3864 4062/4062
f 4275/4275 4374/4374 4376/4376
f 4278/4278 4275/4275 4376/4376
f 4376/4376 4374/4374 4375/4375
f 4376/4376 4375/4375 4377/4377
f 4378/4378 4285/4285 4279/4279
f 4288/4288 4285/4285 4379/4379
f 4379/4379 4285/4285 4378/4378
f 4380/4380 4288/4288 4379/4379
f 4380/4380 4379/4379 4381/4381
f 4279/4279 4278/4278 4376/4376
f 4378/4378 4279/4279 4376/4376
f 4378/4378 4376/4376 4382/4382
f 4382/4382 4377/4377 4383/4383
f 4382/4382 4376/4376 4377/4377
f 4379/4379 4378/4378 4384/4384
f 4379/4379 4384/4384 4381/4381
f 4381/4381 4384/4384 4378/4378
f 4382/4382 4381/4381 4378/4378
f 4381/4381 4382/4382 4385/4385
f 4380/4380 4381/4381 4385/4385
f 4380/4380 4385/4385 4386/4386
f 4387/4387 4383/4383 4377/4377
f 4387/4387 4388/4388 4383/4383
f 4389/4389 4382/4382 4383/4383
f 4390/4390 4383/4383 4388/4388
f 4385/4385 4382/4382 4389/4389
f 4389/4389 4386/4386 4385/4385
f 4389/4389 4383/4383 4390/4390
f 4391/4391 4389/4389 4390/4390
f 4392/4392 4318/4318 4317/4317
f 4321/4321 4288/4288 4380/4380
f 4320/4320 4321/4321 4393/4393
f 4393/4393 4321/4321 4380/4380
f 4393/4393 4380/4380 4394/4394
f 4320/4320 4393/4393 4322/4322
f 4393/4393 4394/4394 4395/4395
f 4396/4396 4393/4393 4395/4395
f 4394/4394 4380/4380 4386/4386
f 4386/4386 4389/4389 4397/4397
f 4398/4398 4394/4394 4397/4397
f 4394/4394 4386/4386 4397/4397
f 4397/4397 4389/4389 4399/4399
f 4391/4391 4399/4399 4389/4389
f 4400/4400 4399/4399 4391/4391
f 4400/4400 4391/4391 4401/4401
f 4398/4398 4395/4395 4394/4394
f 4395/4395 4398/4398 4402/4402
f 4402/4402 4398/4398 4403/4403
f 4403/4403 4404/4404 4402/4402
f 4398/4398 4397/4397 4399/4399
f 4403/4403 4398/4398 4399/4399
f 4403/4403 4399/4399 4400/4400
f 4403/4403 4400/4400 4405/4405
f 4401/4401 4406/4406 4400/4400
f 4404/4404 4403/4403 4405/4405
f 4405/4405 4400/4400 4406/4406
f 4396/4396 4407/4407 4408/4408
f 4396/4396 4409/4409 4407/4407
f 4410/4410 4407/4407 4409/4409
f 4411/4411 4408/4408 4407/4407
f 4407/4407 4412/4412 4411/4411
f 4410/4410 4412/4412 4407/4407
f 4413/4413 4396/4396 4395/4395
f 4395/4395 4402/4402 4413/4413
f 4402/4402 4414/4414 4413/4413
f 4414/4414 4402/4402 4404/4404
f 4414/4414 4404/4404 4415/4415
f 4414/4414 4415/4415 4416/4416
f 4415/4415 4404/4404 4405/4405
f 4417/4417 4416/4416 4415/4415
f 4405/4405 4406/4406 4418/4418
f 4415/4415 4405/4405 4418/4418
f 4418/4418 4417/4417 4415/4415
f 4419/4419 4417/4417 4418/4418
f 4373/4373 4420/4420 4421/4421
f 4422/4422 4423/4423 4424/4424
f 4423/4423 4425/4425 4426/4426
f 4424/4424 4423/4423 4426/4426
f 4424/4424 4426/4426 4427/4427
f 4427/4427 4428/4428 4424/4424
f 4373/4373 4341/4341 4339/4339
f 4373/4373 4421/4421 4429/4429
f 4429/4429 4421/4421 4422/4422
f 4422/4422 4430/4430 4429/4429
f 4341/4341 4373/4373 4429/4429
f 4430/4430 4422/4422 4424/4424
f 4424/4424 4428/4428 4431/4431
f 4431/4431 4428/4428 4432/4432
f 4430/4430 4424/4424 4431/4431
f 4428/4428 4433/4433 4432/4432
f 4434/4434 4433/4433 4428/4428
f 4433/4433 4434/4434 4435/4435
f 4436/4436 4433/4433 4435/4435
f 4436/4436 4435/4435 4437/4437
f 4438/4438 4432/4432 4433/4433
f 4438/4438 4433/4433 4436/4436
f 4375/4375 4062/4062 4063/4063
f 4375/4375 4063/4063 4377/4377
f 4063/4063 4060/4060 4064/4064
f 4064/4064 4439/4439 4063/4063
f 4439/4439 4377/4377 4063/4063
f 4440/4440 4064/4064 4066/4066
f 4439/4439 4064/4064 4440/4440
f 4387/4387 4377/4377 4439/4439
f 4439/4439 4440/4440 4387/4387
f 4441/4441 4440/4440 4442/4442
f 4441/4441 4442/4442 4443/4443
f 4387/4387 4440/4440 4441/4441
f 4444/4444 4441/4441 4445/4445
f 4069/4069 4067/4067 4070/4070
f 4069/4069 4440/4440 4066/4066
f 4443/4443 4440/4440 4069/4069
f 4443/4443 4069/4069 4070/4070
f 4442/4442 4440/4440 4443/4443
f 4446/4446 4070/4070 4071/4071
f 4446/4446 4443/4443 4070/4070
f 4441/4441 4443/4443 4445/4445
f 4447/4447 4445/4445 4443/4443
f 4448/4448 4447/4447 4443/4443
f 4447/4447 4448/4448 4445/4445
f 4449/4449 4445/4445 4448/4448
f 4388/4388 4387/4387 4444/4444
f 4444/4444 4387/4387 4441/4441
f 4449/4449 4444/4444 4445/4445
f 4388/4388 4444/4444 4450/4450
f 4450/4450 4444/4444 4449/4449
f 4390/4390 4388/4388 4451/4451
f 4451/4451 4388/4388 4450/4450
f 4451/4451 4391/4391 4390/4390
f 4452/4452 4391/4391 4451/4451
f 4453/4453 4451/4451 4450/4450
f 4452/4452 4451/4451 4453/4453
f 4452/4452 4453/4453 4454/4454
f 4071/4071 4086/4086 4446/4446
f 4455/4455 4446/4446 4456/4456
f 4455/4455 4443/4443 4446/4446
f 4455/4455 4448/4448 4443/4443
f 4457/4457 4455/4455 4456/4456
f 4458/4458 4448/4448 4455/4455
f 4458/4458 4455/4455 4457/4457
f 4449/4449 4459/4459 4450/4450
f 4453/4453 4450/4450 4459/4459
f 4459/4459 4449/4449 4460/4460
f 4461/4461 4460/4460 4449/4449
f 4458/4458 4461/4461 4448/4448
f 4448/4448 4461/4461 4449/4449
f 4462/4462 4461/4461 4458/4458
f 4460/4460 4461/4461 4462/4462
f 4463/4463 4460/4460 4462/4462
f 4464/4464 4459/4459 4460/4460
f 4453/4453 4459/4459 4465/4465
f 4464/4464 4465/4465 4459/4459
f 4466/4466 4465/4465 4464/4464
f 4463/4463 4464/4464 4460/4460
f 4464/4464 4463/4463 4467/4467
f 4466/4466 4464/4464 4468/4468
f 4464/4464 4467/4467 4468/4468
f 4073/4073 4086/4086 4071/4071
f 4086/4086 4456/4456 4446/4446
f 4469/4469 4086/4086 4087/4087
f 4469/4469 4087/4087 4470/4470
f 4469/4469 4456/4456 4086/4086
f 4456/4456 4471/4471 4457/4457
f 4458/4458 4457/4457 4462/4462
f 4462/4462 4457/4457 4471/4471
f 4471/4471 4456/4456 4469/4469
f 4462/4462 4471/4471 4472/4472
f 4469/4469 4470/4470 4473/4473
f 4471/4471 4469/4469 4473/4473
f 4470/4470 4087/4087 4474/4474
f 4474/4474 4087/4087 4089/4089
f 4474/4474 4089/4089 4091/4091
f 4475/4475 4474/4474 4091/4091
f 4475/4475 4091/4091 4093/4093
f 4476/4476 4475/4475 4093/4093
f 4476/4476 4477/4477 4475/4475
f 4474/4474 4478/4478 4470/4470
f 4473/4473 4470/4470 4478/4478
f 4474/4474 4475/4475 4478/4478
f 4479/4479 4475/4475 4477/4477
f 4478/4478 4475/4475 4479/4479
f 4463/4463 4462/4462 4480/4480
f 4480/4480 4462/4462 4472/4472
f 4480/4480 4467/4467 4463/4463
f 4471/4471 4473/4473 4472/4472
f 4473/4473 4481/4481 4472/4472
f 4467/4467 4480/4480 4482/4482
f 4468/4468 4467/4467 4482/4482
f 4480/4480 4483/4483 4482/4482
f 4483/4483 4480/4480 4472/4472
f 4481/4481 4483/4483 4472/4472
f 4484/4484 4482/4482 4483/4483
f 4473/4473 4478/4478 4481/4481
f 4481/4481 4478/4478 4485/4485
f 4483/4483 4481/4481 4485/4485
f 4485/4485 4478/4478 4479/4479
f 4485/4485 4486/4486 4483/4483
f 4484/4484 4483/4483 4487/4487
f 4485/4485 4488/4488 4486/4486
f 4487/4487 4483/4483 4486/4486
f 4487/4487 4486/4486 4489/4489
f 4489/4489 4490/4490 4487/4487
f 4491/4491 4391/4391 4452/4452
f 4454/4454 4491/4491 4452/4452
f 4401/4401 4391/4391 4491/4491
f 4492/4492 4491/4491 4454/4454
f 4401/4401 4491/4491 4492/4492
f 4454/4454 4453/4453 4493/4493
f 4493/4493 4492/4492 4454/4454
f 4493/4493 4453/4453 4465/4465
f 4493/4493 4465/4465 4494/4494
f 4492/4492 4493/4493 4495/4495
f 4493/4493 4494/4494 4496/4496
f 4495/4495 4493/4493 4496/4496
f 4406/4406 4401/4401 4495/4495
f 4492/4492 4495/4495 4401/4401
f 4495/4495 4497/4497 4406/4406
f 4496/4496 4497/4497 4495/4495
f 4497/4497 4496/4496 4498/4498
f 4494/4494 4465/4465 4466/4466
f 4494/4494 4466/4466 4499/4499
f 4499/4499 4466/4466 4500/4500
f 4501/4501 4496/4496 4494/4494
f 4501/4501 4494/4494 4499/4499
f 4501/4501 4499/4499 4500/4500
f 4502/4502 4501/4501 4500/4500
f 4503/4503 4466/4466 4468/4468
f 4504/4504 4500/4500 4466/4466
f 4503/4503 4504/4504 4466/4466
f 4501/4501 4502/4502 4496/4496
f 4498/4498 4496/4496 4502/4502
f 4502/4502 4505/4505 4498/4498
f 4504/4504 4502/4502 4500/4500
f 4505/4505 4502/4502 4504/4504
f 4504/4504 4503/4503 4506/4506
f 4505/4505 4504/4504 4506/4506
f 4418/4418 4406/4406 4507/4507
f 4507/4507 4406/4406 4497/4497
f 4419/4419 4418/4418 4507/4507
f 4497/4497 4508/4508 4507/4507
f 4508/4508 4497/4497 4498/4498
f 4509/4509 4507/4507 4508/4508
f 4510/4510 4509/4509 4508/4508
f 4511/4511 4509/4509 4510/4510
f 4511/4511 4510/4510 4512/4512
f 4498/4498 4510/4510 4508/4508
f 4513/4513 4498/4498 4505/4505
f 4498/4498 4513/4513 4510/4510
f 4510/4510 4513/4513 4512/4512
f 4514/4514 4512/4512 4513/4513
f 4515/4515 4514/4514 4513/4513
f 4468/4468 4506/4506 4503/4503
f 4516/4516 4468/4468 4482/4482
f 4516/4516 4482/4482 4484/4484
f 4487/4487 4490/4490 4484/4484
f 4517/4517 4484/4484 4490/4490
f 4490/4490 4518/4518 4517/4517
f 4519/4519 4518/4518 4490/4490
f 4520/4520 4517/4517 4521/4521
f 4518/4518 4521/4521 4517/4517
f 4518/4518 4522/4522 4521/4521
f 4140/4140 4523/4523 4093/4093
f 4524/4524 4477/4477 4476/4476
f 4093/4093 4523/4523 4476/4476
f 4524/4524 4476/4476 4525/4525
f 4523/4523 4140/4140 4141/4141
f 4525/4525 4523/4523 4141/4141
f 4525/4525 4141/4141 4146/4146
f 4523/4523 4525/4525 4476/4476
f 4525/4525 4146/4146 4526/4526
f 4527/4527 4525/4525 4526/4526
f 4528/4528 4477/4477 4524/4524
f 4527/4527 4524/4524 4525/4525
f 4528/4528 4524/4524 4527/4527
f 4527/4527 4526/4526 4529/4529
f 4527/4527 4529/4529 4528/4528
f 4530/4530 4528/4528 4529/4529
f 4477/4477 4528/4528 4530/4530
f 4531/4531 4146/4146 4147/4147
f 4531/4531 4147/4147 4532/4532
f 4526/4526 4146/4146 4533/4533
f 4533/4533 4529/4529 4526/4526
f 4533/4533 4146/4146 4531/4531
f 4529/4529 4533/4533 4534/4534
f 4485/4485 4479/4479 4488/4488
f 4477/4477 4530/4530 4479/4479
f 4488/4488 4479/4479 4530/4530
f 4529/4529 4534/4534 4530/4530
f 4488/4488 4530/4530 4534/4534
f 4534/4534 4535/4535 4488/4488
f 4486/4486 4488/4488 4536/4536
f 4536/4536 4488/4488 4535/4535
f 4489/4489 4536/4536 4537/4537
f 4489/4489 4486/4486 4536/4536
f 4538/4538 4489/4489 4537/4537
f 4535/4535 4537/4537 4536/4536
f 4539/4539 4535/4535 4534/4534
f 4535/4535 4539/4539 4537/4537
f 4540/4540 4534/4534 4533/4533
f 4541/4541 4540/4540 4533/4533
f 4540/4540 4539/4539 4534/4534
f 4540/4540 4542/4542 4539/4539
f 4539/4539 4543/4543 4537/4537
f 4542/4542 4540/4540 4541/4541
f 4539/4539 4542/4542 4543/4543
f 4147/4147 4155/4155 4158/4158
f 4532/4532 4147/4147 4158/4158
f 4544/4544 4532/4532 4158/4158
f 4531/4531 4532/4532 4544/4544
f 4157/4157 4544/4544 4158/4158
f 4157/4157 4545/4545 4544/4544
f 4541/4541 4531/4531 4544/4544
f 4541/4541 4544/4544 4546/4546
f 4547/4547 4541/4541 4546/4546
f 4533/4533 4531/4531 4541/4541
f 4159/4159 4161/4161 4157/4157
f 4545/4545 4157/4157 4161/4161
f 4548/4548 4545/4545 4161/4161
f 4546/4546 4544/4544 4545/4545
f 4549/4549 4545/4545 4548/4548
f 4548/4548 4161/4161 4162/4162
f 4548/4548 4162/4162 4550/4550
f 4549/4549 4548/4548 4550/4550
f 4549/4549 4546/4546 4545/4545
f 4546/4546 4549/4549 4547/4547
f 4550/4550 4547/4547 4549/4549
f 4551/4551 4547/4547 4550/4550
f 4552/4552 4541/4541 4553/4553
f 4547/4547 4553/4553 4541/4541
f 4542/4542 4541/4541 4552/4552
f 4542/4542 4552/4552 4554/4554
f 4552/4552 4553/4553 4555/4555
f 4556/4556 4547/4547 4557/4557
f 4556/4556 4553/4553 4547/4547
f 4558/4558 4556/4556 4557/4557
f 4559/4559 4558/4558 4557/4557
f 4547/4547 4559/4559 4557/4557
f 4560/4560 4559/4559 4547/4547
f 4559/4559 4560/4560 4561/4561
f 4561/4561 4558/4558 4559/4559
f 4555/4555 4556/4556 4558/4558
f 4553/4553 4556/4556 4555/4555
f 4562/4562 4555/4555 4558/4558
f 4558/4558 4561/4561 4562/4562
f 4489/4489 4538/4538 4490/4490
f 4519/4519 4490/4490 4563/4563
f 4537/4537 4564/4564 4538/4538
f 4563/4563 4538/4538 4564/4564
f 4565/4565 4564/4564 4537/4537
f 4565/4565 4566/4566 4564/4564
f 4519/4519 4563/4563 4567/4567
f 4567/4567 4563/4563 4568/4568
f 4569/4569 4570/4570 4522/4522
f 4564/4564 4568/4568 4563/4563
f 4571/4571 4568/4568 4564/4564
f 4571/4571 4564/4564 4566/4566
f 4567/4567 4568/4568 4571/4571
f 4543/4543 4565/4565 4537/4537
f 4543/4543 4542/4542 4554/4554
f 4543/4543 4554/4554 4572/4572
f 4572/4572 4565/4565 4543/4543
f 4566/4566 4565/4565 4572/4572
f 4566/4566 4573/4573 4574/4574
f 4573/4573 4566/4566 4572/4572
f 4575/4575 4570/4570 4569/4569
f 4576/4576 4570/4570 4575/4575
f 4575/4575 4569/4569 4567/4567
f 4577/4577 4576/4576 4575/4575
f 4575/4575 4567/4567 4578/4578
f 4578/4578 4567/4567 4571/4571
f 4579/4579 4575/4575 4578/4578
f 4579/4579 4578/4578 4580/4580
f 4576/4576 4577/4577 4581/4581
f 4582/4582 4581/4581 4577/4577
f 4577/4577 4575/4575 4579/4579
f 4582/4582 4577/4577 4579/4579
f 4580/4580 4578/4578 4571/4571
f 4580/4580 4571/4571 4566/4566
f 4580/4580 4566/4566 4574/4574
f 4573/4573 4583/4583 4574/4574
f 4584/4584 4573/4573 4585/4585
f 4583/4583 4573/4573 4584/4584
f 4586/4586 4583/4583 4584/4584
f 4586/4586 4584/4584 4587/4587
f 4588/4588 4583/4583 4586/4586
f 4586/4586 4589/4589 4588/4588
f 4555/4555 4590/4590 4552/4552
f 4591/4591 4572/4572 4554/4554
f 4592/4592 4591/4591 4554/4554
f 4593/4593 4591/4591 4592/4592
f 4552/4552 4592/4592 4554/4554
f 4592/4592 4552/4552 4590/4590
f 4555/4555 4562/4562 4561/4561
f 4594/4594 4555/4555 4561/4561
f 4590/4590 4555/4555 4594/4594
f 4593/4593 4592/4592 4590/4590
f 4594/4594 4595/4595 4596/4596
f 4590/4590 4594/4594 4596/4596
f 4573/4573 4572/4572 4591/4591
f 4585/4585 4573/4573 4591/4591
f 4593/4593 4585/4585 4591/4591
f 4585/4585 4587/4587 4584/4584
f 4597/4597 4585/4585 4593/4593
f 4598/4598 4586/4586 4587/4587
f 4589/4589 4586/4586 4598/4598
f 4585/4585 4597/4597 4587/4587
f 4599/4599 4597/4597 4593/4593
f 4597/4597 4598/4598 4587/4587
f 4597/4597 4599/4599 4598/4598
f 4600/4600 4590/4590 4596/4596
f 4601/4601 4600/4600 4596/4596
f 4599/4599 4593/4593 4590/4590
f 4599/4599 4590/4590 4601/4601
f 4590/4590 4600/4600 4601/4601
f 4581/4581 4582/4582 4602/4602
f 4580/4580 4574/4574 4579/4579
f 4582/4582 4579/4579 4603/4603
f 4579/4579 4604/4604 4603/4603
f 4604/4604 4579/4579 4605/4605
f 4605/4605 4579/4579 4574/4574
f 4435/4435 4606/4606 4437/4437
f 4606/4606 4607/4607 4437/4437
f 4608/4608 4437/4437 4607/4607
f 4608/4608 4607/4607 4609/4609
f 4610/4610 4611/4611 4612/4612
f 4610/4610 4613/4613 4611/4611
f 4614/4614 4613/4613 4615/4615
f 4616/4616 4436/4436 4437/4437
f 4437/4437 4608/4608 4616/4616
f 4612/4612 4617/4617 4608/4608
f 4617/4617 4616/4616 4608/4608
f 4617/4617 4612/4612 4611/4611
f 4611/4611 4618/4618 4619/4619
f 4617/4617 4611/4611 4619/4619
f 4614/4614 4618/4618 4613/4613
f 4613/4613 4618/4618 4611/4611
f 4614/4614 4620/4620 4621/4621
f 4622/4622 4623/4623 4589/4589
f 4622/4622 4598/4598 4599/4599
f 4589/4589 4598/4598 4622/4622
f 4624/4624 4625/4625 4622/4622
f 4624/4624 4622/4622 4599/4599
f 4624/4624 4599/4599 4626/4626
f 4627/4627 4624/4624 4626/4626
f 4601/4601 4628/4628 4626/4626
f 4601/4601 4626/4626 4599/4599
f 4626/4626 4629/4629 4627/4627
f 4625/4625 4623/4623 4622/4622
f 4631/4631 4614/4614 4621/4621
f 4633/4633 4631/4631 4621/4621
f 4614/4614 4631/4631 4618/4618
f 4634/4634 4618/4618 4631/4631
f 4637/4637 4630/4630 4638/4638
f 4630/4630 4632/4632 4638/4638
f 4636/4636 4639/4639 4640/4640
f 4641/4641 4636/4636 4640/4640
f 4635/4635 4630/4630 4637/4637
f 4640/4640 4639/4639 4642/4642
f 4643/4643 4644/4644 4640/4640
f 4641/4641 4640/4640 4644/4644
f 4645/4645 4644/4644 4646/4646
f 4330/4330 4324/4324 4326/4326
f 4330/4330 4328/4328 4333/4333
f 4330/4330 4333/4333 4647/4647
f 4647/4647 4324/4324 4330/4330
f 4324/4324 4647/4647 4648/4648
f 4649/4649 4324/4324 4648/4648
f 4333/4333 4329/4329 4334/4334
f 4650/4650 4333/4333 4334/4334
f 4651/4651 4342/4342 4337/4337
f 4334/4334 4342/4342 4651/4651
f 4652/4652 4647/4647 4333/4333
f 4650/4650 4652/4652 4333/4333
f 4653/4653 4652/4652 4650/4650
f 4334/4334 4651/4651 4650/4650
f 4654/4654 4655/4655 4657/4657
f 4656/4656 4653/4653 4650/4650
f 4656/4656 4650/4650 4658/4658
f 4658/4658 4650/4650 4651/4651
f 4658/4658 4651/4651 4659/4659
f 4660/4660 4657/4657 4662/4662
f 4661/4661 4658/4658 4659/4659
f 4663/4663 4660/4660 4662/4662
f 4664/4664 4665/4665 4666/4666
f 4325/4325 4324/4324 4667/4667
f 4666/4666 4667/4667 4664/4664
f 4664/4664 3368/3368 4665/4665
f 4668/4668 4664/4664 4667/4667
f 4667/4667 4649/4649 4668/4668
f 3369/3369 3368/3368 4668/4668
f 4668/4668 3368/3368 4664/4664
f 4324/4324 4649/4649 4667/4667
f 4668/4668 4669/4669 3369/3369
f 4649/4649 4670/4670 4668/4668
f 4668/4668 4670/4670 4669/4669
f 4671/4671 3369/3369 4669/4669
f 3373/3373 3369/3369 4671/4671
f 4670/4670 4649/4649 4672/4672
f 4649/4649 4648/4648 4673/4673
f 4672/4672 4649/4649 4673/4673
f 4674/4674 4672/4672 4673/4673
f 4675/4675 4670/4670 4672/4672
f 4672/4672 4676/4676 4675/4675
f 4677/4677 4675/4675 4678/4678
f 4676/4676 4678/4678 4675/4675
f 4679/4679 4672/4672 4674/4674
f 4680/4680 4681/4681 4674/4674
f 4679/4679 4674/4674 4681/4681
f 4678/4678 4679/4679 4682/4682
f 4682/4682 4679/4679 4681/4681
f 4676/4676 4672/4672 4679/4679
f 4679/4679 4678/4678 4676/4676
f 4683/4683 4677/4677 4678/4678
f 4682/4682 4684/4684 4678/4678
f 4685/4685 4684/4684 4682/4682
f 4682/4682 4687/4687 4685/4685
f 4688/4688 4685/4685 4687/4687
f 4673/4673 4647/4647 4690/4690
f 4647/4647 4652/4652 4690/4690
f 4674/4674 4673/4673 4690/4690
f 4690/4690 4680/4680 4674/4674
f 4691/4691 4690/4690 4693/4693
f 4680/4680 4690/4690 4691/4691
f 4653/4653 4690/4690 4652/4652
f 4656/4656 4693/4693 4653/4653
f 4693/4693 4690/4690 4653/4653
f 4695/4695 4692/4692 4696/4696
f 4647/4647 4673/4673 4648/4648
f 4681/4681 4680/4680 4691/4691
f 4681/4681 4691/4691 4698/4698
f 4695/4695 4697/4697 4692/4692
f 4682/4682 4681/4681 4698/4698
f 4698/4698 4687/4687 4682/4682
f 4686/4686 4697/4697 4699/4699
f 4699/4699 4700/4700 4686/4686
f 4695/4695 4699/4699 4697/4697
f 4701/4701 4699/4699 4695/4695
f 4700/4700 4699/4699 4701/4701
f 4655/4655 4654/4654 4694/4694
f 4654/4654 4696/4696 4694/4694
f 4692/4692 4694/4694 4696/4696
f 4654/4654 4702/4702 4696/4696
f 4703/4703 4696/4696 4702/4702
f 4701/4701 4696/4696 4703/4703
f 4703/4703 4704/4704 4701/4701
f 4654/4654 4657/4657 4660/4660
f 4702/4702 4654/4654 4660/4660
f 4702/4702 4660/4660 4663/4663
f 4663/4663 4705/4705 4702/4702
f 4703/4703 4702/4702 4705/4705
f 4704/4704 4703/4703 4705/4705
f 4705/4705 4706/4706 4704/4704
f 4704/4704 4706/4706 4700/4700
f 4700/4700 4706/4706 4707/4707
f 4696/4696 4701/4701 4695/4695
f 4704/4704 4700/4700 4701/4701
f 4686/4686 4700/4700 4689/4689
f 4670/4670 4708/4708 4669/4669
f 4709/4709 4671/4671 4669/4669
f 4709/4709 4669/4669 4708/4708
f 4709/4709 3373/3373 4671/4671
f 4675/4675 4708/4708 4670/4670
f 4708/4708 4675/4675 4677/4677
f 3374/3374 3373/3373 3379/3379
f 4709/4709 4708/4708 4710/4710
f 4710/4710 4711/4711 4709/4709
f 4712/4712 4711/4711 4710/4710
f 4710/4710 4683/4683 4712/4712
f 4712/4712 4683/4683 4713/4713
f 4713/4713 4714/4714 4712/4712
f 3379/3379 3373/3373 4715/4715
f 4715/4715 3373/3373 4709/4709
f 4716/4716 4715/4715 4711/4711
f 4715/4715 4716/4716 4717/4717
f 3379/3379 4715/4715 4717/4717
f 4709/4709 4711/4711 4715/4715
f 4712/4712 4716/4716 4711/4711
f 4716/4716 4712/4712 4714/4714
f 4718/4718 4717/4717 4716/4716
f 4714/4714 4718/4718 4716/4716
f 4719/4719 4714/4714 4713/4713
f 4713/4713 4720/4720 4719/4719
f 4719/4719 4720/4720 4721/4721
f 4722/4722 4714/4714 4719/4719
f 4722/4722 4719/4719 4721/4721
f 4677/4677 4683/4683 4708/4708
f 4708/4708 4683/4683 4710/4710
f 4683/4683 4678/4678 4684/4684
f 4684/4684 4713/4713 4683/4683
f 4720/4720 4713/4713 4684/4684
f 4684/4684 4685/4685 4720/4720
f 4720/4720 4685/4685 4723/4723
f 4688/4688 4723/4723 4685/4685
f 4724/4724 4689/4689 4725/4725
f 4726/4726 4725/4725 4689/4689
f 4727/4727 4724/4724 4725/4725
f 4725/4725 4726/4726 4728/4728
f 4723/4723 4721/4721 4720/4720
f 4729/4729 4721/4721 4723/4723
f 4727/4727 4730/4730 4724/4724
f 3379/3379 3383/3383 3378/3378
f 4717/4717 3383/3383 3379/3379
f 3383/3383 4717/4717 4731/4731
f 4718/4718 4731/4731 4717/4717
f 4714/4714 4722/4722 4718/4718
f 3382/3382 3383/3383 4731/4731
f 3385/3385 3382/3382 4731/4731
f 3385/3385 4731/4731 4718/4718
f 4732/4732 4722/4722 4733/4733
f 4732/4732 4718/4718 4722/4722
f 4733/4733 4722/4722 4721/4721
f 4721/4721 4729/4729 4733/4733
f 3385/3385 3384/3384 3382/3382
f 4718/4718 4732/4732 3385/3385
f 4732/4732 4734/4734 3385/3385
f 4734/4734 3386/3386 3385/3385
f 4730/4730 4727/4727 4735/4735
f 4736/4736 4730/4730 4735/4735
f 4728/4728 4737/4737 4727/4727
f 4725/4725 4728/4728 4727/4727
f 4727/4727 4738/4738 4735/4735
f 4737/4737 4738/4738 4727/4727
f 4728/4728 4739/4739 4737/4737
f 4736/4736 4740/4740 4730/4730
f 4738/4738 4736/4736 4735/4735
f 4736/4736 4738/4738 4741/4741
f 4740/4740 4736/4736 4741/4741
f 4742/4742 4743/4743 4744/4744
f 4741/4741 4738/4738 4737/4737
f 4739/4739 4741/4741 4737/4737
f 4745/4745 4739/4739 4744/4744
f 4741/4741 4739/4739 4745/4745
f 4746/4746 4747/4747 4748/4748
f 4748/4748 4747/4747 4700/4700
f 4749/4749 4746/4746 4748/4748
f 4749/4749 4748/4748 4750/4750
f 4751/4751 4749/4749 4750/4750
f 4748/4748 4700/4700 4752/4752
f 4752/4752 4700/4700 4707/4707
f 4748/4748 4752/4752 4750/4750
f 4753/4753 4751/4751 4754/4754
f 4755/4755 4754/4754 4751/4751
f 4756/4756 4751/4751 4750/4750
f 4751/4751 4756/4756 4755/4755
f 4755/4755 4757/4757 4754/4754
f 4758/4758 4757/4757 4755/4755
f 4700/4700 4726/4726 4689/4689
f 4747/4747 4726/4726 4700/4700
f 4726/4726 4747/4747 4746/4746
f 4728/4728 4726/4726 4759/4759
f 4728/4728 4759/4759 4760/4760
f 4759/4759 4726/4726 4746/4746
f 4749/4749 4759/4759 4746/4746
f 4753/4753 4760/4760 4759/4759
f 4760/4760 4753/4753 4761/4761
f 4749/4749 4753/4753 4759/4759
f 4753/4753 4749/4749 4751/4751
f 4753/4753 4754/4754 4761/4761
f 4761/4761 4742/4742 4760/4760
f 4754/4754 4757/4757 4742/4742
f 4757/4757 4762/4762 4742/4742
f 4739/4739 4728/4728 4760/4760
f 4739/4739 4760/4760 4742/4742
f 4744/4744 4739/4739 4742/4742
f 4754/4754 4742/4742 4761/4761
f 4337/4337 4341/4341 4763/4763
f 4337/4337 4764/4764 4651/4651
f 4764/4764 4337/4337 4763/4763
f 4765/4765 4763/4763 4341/4341
f 4764/4764 4763/4763 4765/4765
f 4766/4766 4764/4764 4765/4765
f 4651/4651 4764/4764 4767/4767
f 4659/4659 4651/4651 4767/4767
f 4768/4768 4659/4659 4767/4767
f 4768/4768 4767/4767 4770/4770
f 4767/4767 4764/4764 4766/4766
f 4770/4770 4767/4767 4766/4766
f 4661/4661 4659/4659 4768/4768
f 4769/4769 4663/4663 4662/4662
f 4769/4769 4771/4771 4663/4663
f 4773/4773 4770/4770 4766/4766
f 4773/4773 4768/4768 4770/4770
f 4772/4772 4768/4768 4773/4773
f 4773/4773 4766/4766 4774/4774
f 4772/4772 4773/4773 4775/4775
f 4777/4777 4771/4771 4776/4776
f 4765/4765 4341/4341 4429/4429
f 4778/4778 4765/4765 4429/4429
f 4778/4778 4779/4779 4765/4765
f 4779/4779 4766/4766 4765/4765
f 4778/4778 4780/4780 4779/4779
f 4781/4781 4778/4778 4429/4429
f 4781/4781 4780/4780 4778/4778
f 4780/4780 4782/4782 4783/4783
f 4774/4774 4766/4766 4779/4779
f 4779/4779 4780/4780 4783/4783
f 4774/4774 4779/4779 4783/4783
f 4785/4785 4774/4774 4783/4783
f 4773/4773 4774/4774 4775/4775
f 4785/4785 4775/4775 4774/4774
f 4786/4786 4776/4776 4784/4784
f 4787/4787 4786/4786 4784/4784
f 4430/4430 4431/4431 4788/4788
f 4788/4788 4431/4431 4432/4432
f 4781/4781 4429/4429 4430/4430
f 4430/4430 4789/4789 4781/4781
f 4780/4780 4781/4781 4789/4789
f 4789/4789 4782/4782 4780/4780
f 4786/4786 4787/4787 4790/4790
f 4785/4785 4783/4783 4782/4782
f 4785/4785 4782/4782 4792/4792
f 4787/4787 4784/4784 4791/4791
f 4787/4787 4791/4791 4793/4793
f 4793/4793 4790/4790 4787/4787
f 4794/4794 4788/4788 4432/4432
f 4789/4789 4430/4430 4788/4788
f 4794/4794 4432/4432 4438/4438
f 4795/4795 4436/4436 4616/4616
f 4796/4796 4797/4797 4794/4794
f 4796/4796 4794/4794 4438/4438
f 4436/4436 4796/4796 4438/4438
f 4798/4798 4797/4797 4796/4796
f 4796/4796 4436/4436 4795/4795
f 4789/4789 4788/4788 4799/4799
f 4789/4789 4800/4800 4782/4782
f 4799/4799 4800/4800 4789/4789
f 4801/4801 4782/4782 4800/4800
f 4802/4802 4800/4800 4799/4799
f 4788/4788 4794/4794 4799/4799
f 4803/4803 4800/4800 4802/4802
f 4799/4799 4794/4794 4797/4797
f 4797/4797 4804/4804 4799/4799
f 4797/4797 4798/4798 4805/4805
f 4804/4804 4797/4797 4805/4805
f 4802/4802 4799/4799 4804/4804
f 4802/4802 4804/4804 4803/4803
f 4806/4806 4804/4804 4805/4805
f 4782/4782 4801/4801 4792/4792
f 4807/4807 4792/4792 4801/4801
f 4800/4800 4803/4803 4801/4801
f 4807/4807 4801/4801 4803/4803
f 4808/4808 4793/4793 4791/4791
f 4790/4790 4793/4793 4809/4809
f 4808/4808 4809/4809 4793/4793
f 4803/4803 4804/4804 4806/4806
f 4803/4803 4806/4806 4807/4807
f 4806/4806 4805/4805 4810/4810
f 4809/4809 4808/4808 4811/4811
f 4796/4796 4813/4813 4798/4798
f 4810/4810 4805/4805 4798/4798
f 4810/4810 4798/4798 4814/4814
f 4810/4810 4814/4814 4815/4815
f 4816/4816 4798/4798 4813/4813
f 4814/4814 4798/4798 4816/4816
f 4815/4815 4814/4814 4816/4816
f 4807/4807 4806/4806 4812/4812
f 4810/4810 4812/4812 4806/4806
f 4812/4812 4810/4810 4815/4815
f 4815/4815 4816/4816 4818/4818
f 4812/4812 4815/4815 4818/4818
f 4809/4809 4819/4819 4820/4820
f 4809/4809 4811/4811 4821/4821
f 4809/4809 4821/4821 4819/4819
f 4821/4821 4811/4811 4822/4822
f 4796/4796 4795/4795 4813/4813
f 4813/4813 4795/4795 4823/4823
f 4816/4816 4813/4813 4823/4823
f 4824/4824 4816/4816 4823/4823
f 4816/4816 4824/4824 4818/4818
f 4811/4811 4817/4817 4822/4822
f 4817/4817 4825/4825 4826/4826
f 4817/4817 4826/4826 4822/4822
f 4826/4826 4825/4825 4827/4827
f 4705/4705 4663/4663 4771/4771
f 4771/4771 4777/4777 4705/4705
f 4706/4706 4705/4705 4777/4777
f 4828/4828 4706/4706 4777/4777
f 4786/4786 4777/4777 4776/4776
f 4828/4828 4707/4707 4706/4706
f 4777/4777 4786/4786 4828/4828
f 4790/4790 4707/4707 4828/4828
f 4786/4786 4790/4790 4828/4828
f 4829/4829 4707/4707 4790/4790
f 4707/4707 4829/4829 4830/4830
f 4831/4831 4832/4832 4830/4830
f 4831/4831 4830/4830 4829/4829
f 4833/4833 4831/4831 4829/4829
f 4834/4834 4831/4831 4833/4833
f 4707/4707 4830/4830 4752/4752
f 4832/4832 4752/4752 4830/4830
f 4750/4750 4752/4752 4832/4832
f 4750/4750 4832/4832 4756/4756
f 4835/4835 4755/4755 4756/4756
f 4832/4832 4831/4831 4756/4756
f 4835/4835 4756/4756 4834/4834
f 4834/4834 4756/4756 4831/4831
f 4833/4833 4829/4829 4836/4836
f 4829/4829 4790/4790 4836/4836
f 4837/4837 4835/4835 4834/4834
f 4755/4755 4835/4835 4758/4758
f 4835/4835 4837/4837 4758/4758
f 4758/4758 4837/4837 4838/4838
f 4839/4839 4834/4834 4833/4833
f 4839/4839 4837/4837 4834/4834
f 4840/4840 4837/4837 4839/4839
f 4790/4790 4820/4820 4836/4836
f 4841/4841 4836/4836 4820/4820
f 4841/4841 4833/4833 4836/4836
f 4833/4833 4841/4841 4839/4839
f 4840/4840 4839/4839 4842/4842
f 4841/4841 4842/4842 4839/4839
f 4841/4841 4820/4820 4843/4843
f 4843/4843 4842/4842 4841/4841
f 4838/4838 4837/4837 4840/4840
f 4838/4838 4840/4840 4842/4842
f 4843/4843 4844/4844 4842/4842
f 4842/4842 4845/4845 4838/4838
f 4790/4790 4809/4809 4820/4820
f 4846/4846 4843/4843 4820/4820
f 4846/4846 4820/4820 4819/4819
f 4846/4846 4819/4819 4847/4847
f 4843/4843 4846/4846 4844/4844
f 4845/4845 4842/4842 4844/4844
f 4743/4743 4745/4745 4744/4744
f 4848/4848 4849/4849 4743/4743
f 4742/4742 4848/4848 4743/4743
f 4742/4742 4762/4762 4848/4848
f 4850/4850 4762/4762 4757/4757
f 4851/4851 4850/4850 4852/4852
f 4851/4851 4852/4852 4853/4853
f 4762/4762 4850/4850 4851/4851
f 4854/4854 4762/4762 4851/4851
f 4853/4853 4854/4854 4851/4851
f 4762/4762 4854/4854 4848/4848
f 4855/4855 4853/4853 4852/4852
f 4854/4854 4853/4853 4855/4855
f 4856/4856 4855/4855 4857/4857
f 4855/4855 4858/4858 4854/4854
f 4856/4856 4858/4858 4855/4855
f 4858/4858 4848/4848 4854/4854
f 4859/4859 4858/4858 4856/4856
f 4859/4859 4848/4848 4858/4858
f 3448/3448 3445/3445 3441/3441
f 3445/3445 3448/3448 4860/4860
f 3445/3445 4860/4860 3446/3446
f 4860/4860 4861/4861 3446/3446
f 4862/4862 4848/4848 4863/4863
f 4848/4848 4859/4859 4863/4863
f 4617/4617 4619/4619 4864/4864
f 4795/4795 4616/4616 4617/4617
f 4795/4795 4617/4617 4865/4865
f 4823/4823 4795/4795 4865/4865
f 4617/4617 4864/4864 4865/4865
f 4619/4619 4618/4618 4864/4864
f 4866/4866 4618/4618 4634/4634
f 4864/4864 4618/4618 4866/4866
f 4870/4870 4864/4864 4866/4866
f 4635/4635 4871/4871 4868/4868
f 4824/4824 4823/4823 4874/4874
f 4827/4827 4825/4825 4873/4873
f 4874/4874 4823/4823 4865/4865
f 4827/4827 4873/4873 4875/4875
f 4875/4875 4873/4873 4877/4877
f 4864/4864 4876/4876 4865/4865
f 4874/4874 4865/4865 4876/4876
f 4876/4876 4864/4864 4870/4870
f 4826/4826 4827/4827 4878/4878
f 4878/4878 4827/4827 4875/4875
f 4879/4879 4826/4826 4878/4878
f 4821/4821 4822/4822 4880/4880
f 4880/4880 4822/4822 4826/4826
f 4821/4821 4880/4880 4819/4819
f 4880/4880 4826/4826 4879/4879
f 4879/4879 4878/4878 4881/4881
f 4880/4880 4879/4879 4882/4882
f 4883/4883 4875/4875 4877/4877
f 4878/4878 4875/4875 4883/4883
f 4881/4881 4878/4878 4883/4883
f 4884/4884 4877/4877 4869/4869
f 4867/4867 4872/4872 4885/4885
f 4869/4869 4867/4867 4885/4885
f 4886/4886 4885/4885 4872/4872
f 4882/4882 4879/4879 4881/4881
f 4883/4883 4877/4877 4884/4884
f 4884/4884 4869/4869 4887/4887
f 4881/4881 4883/4883 4884/4884
f 4869/4869 4885/4885 4887/4887
f 4881/4881 4884/4884 4887/4887
f 4881/4881 4887/4887 4888/4888
f 4888/4888 4882/4882 4881/4881
f 4889/4889 4882/4882 4888/4888
f 4890/4890 4885/4885 4886/4886
f 4888/4888 4887/4887 4885/4885
f 4888/4888 4885/4885 4890/4890
f 4888/4888 4890/4890 4891/4891
f 4871/4871 4635/4635 4637/4637
f 4892/4892 4872/4872 4636/4636
f 4893/4893 4644/4644 4645/4645
f 4893/4893 4641/4641 4644/4644
f 4894/4894 4893/4893 4645/4645
f 4895/4895 4893/4893 4894/4894
f 4892/4892 4886/4886 4872/4872
f 4892/4892 4636/4636 4641/4641
f 4641/4641 4896/4896 4892/4892
f 4896/4896 4641/4641 4897/4897
f 4898/4898 4886/4886 4892/4892
f 4886/4886 4891/4891 4890/4890
f 4891/4891 4886/4886 4898/4898
f 4898/4898 4892/4892 4896/4896
f 4899/4899 4898/4898 4896/4896
f 4897/4897 4899/4899 4896/4896
f 4895/4895 4894/4894 4900/4900
f 4900/4900 4894/4894 4901/4901
f 4897/4897 4893/4893 4895/4895
f 4897/4897 4641/4641 4893/4893
f 4897/4897 4902/4902 4899/4899
f 4902/4902 4897/4897 4895/4895
f 4838/4838 4845/4845 4903/4903
f 4904/4904 4838/4838 4903/4903
f 4758/4758 4838/4838 4904/4904
f 4904/4904 4905/4905 4758/4758
f 4758/4758 4905/4905 4859/4859
f 4757/4757 4758/4758 4850/4850
f 4850/4850 4758/4758 4906/4906
f 4852/4852 4850/4850 4906/4906
f 4857/4857 4852/4852 4906/4906
f 4857/4857 4855/4855 4852/4852
f 4859/4859 4857/4857 4906/4906
f 4906/4906 4758/4758 4859/4859
f 4859/4859 4856/4856 4857/4857
f 4847/4847 4844/4844 4846/4846
f 4844/4844 4847/4847 4907/4907
f 4845/4845 4844/4844 4907/4907
f 4847/4847 4819/4819 4908/4908
f 4845/4845 4909/4909 4903/4903
f 4904/4904 4903/4903 4909/4909
f 4909/4909 4845/4845 4907/4907
f 4909/4909 4907/4907 4910/4910
f 4911/4911 4908/4908 4912/4912
f 4907/4907 4847/4847 4908/4908
f 4907/4907 4908/4908 4910/4910
f 4911/4911 4910/4910 4908/4908
f 4913/4913 4904/4904 4909/4909
f 4909/4909 4910/4910 4913/4913
f 4819/4819 4880/4880 4908/4908
f 4908/4908 4880/4880 4912/4912
f 4911/4911 4914/4914 4915/4915
f 4916/4916 4904/4904 4913/4913
f 4917/4917 4913/4913 4910/4910
f 4913/4913 4917/4917 4916/4916
f 4918/4918 4917/4917 4910/4910
f 4905/4905 4904/4904 4916/4916
f 4917/4917 4919/4919 4916/4916
f 4918/4918 4919/4919 4917/4917
f 4916/4916 4919/4919 4905/4905
f 4910/4910 4911/4911 4918/4918
f 4918/4918 4911/4911 4920/4920
f 4920/4920 4911/4911 4915/4915
f 4882/4882 4912/4912 4880/4880
f 4912/4912 4882/4882 4889/4889
f 4912/4912 4914/4914 4911/4911
f 4889/4889 4914/4914 4912/4912
f 4914/4914 4889/4889 4921/4921
f 4889/4889 4888/4888 4921/4921
f 4921/4921 4888/4888 4891/4891
f 4859/4859 4922/4922 4923/4923
f 4859/4859 4923/4923 4863/4863
f 4924/4924 4863/4863 4923/4923
f 4922/4922 4859/4859 4905/4905
f 4922/4922 4905/4905 4925/4925
f 4905/4905 4926/4926 4925/4925
f 4925/4925 4927/4927 4922/4922
f 4926/4926 4927/4927 4925/4925
f 4926/4926 4928/4928 4927/4927
f 4923/4923 4929/4929 4924/4924
f 4930/4930 4931/4931 4863/4863
f 4930/4930 4932/4932 4931/4931
f 4863/4863 4924/4924 4930/4930
f 4933/4933 4932/4932 4934/4934
f 4930/4930 4935/4935 4932/4932
f 4932/4932 4935/4935 4934/4934
f 4929/4929 4930/4930 4924/4924
f 4935/4935 4929/4929 4936/4936
f 4937/4937 4935/4935 4936/4936
f 4935/4935 4930/4930 4929/4929
f 4937/4937 4934/4934 4935/4935
f 4927/4927 4938/4938 4922/4922
f 4938/4938 4923/4923 4922/4922
f 4928/4928 4939/4939 4940/4940
f 4939/4939 4941/4941 4940/4940
f 4938/4938 4927/4927 4942/4942
f 4927/4927 4928/4928 4942/4942
f 4940/4940 4943/4943 4942/4942
f 4942/4942 4928/4928 4940/4940
f 4942/4942 4943/4943 4937/4937
f 4943/4943 4944/4944 4937/4937
f 4944/4944 4943/4943 4940/4940
f 4940/4940 4941/4941 4944/4944
f 4944/4944 4945/4945 4937/4937
f 4944/4944 4941/4941 4945/4945
f 4929/4929 4923/4923 4938/4938
f 4938/4938 4936/4936 4929/4929
f 4942/4942 4936/4936 4938/4938
f 4936/4936 4942/4942 4937/4937
f 4919/4919 4918/4918 4946/4946
f 4905/4905 4919/4919 4926/4926
f 4926/4926 4919/4919 4947/4947
f 4946/4946 4947/4947 4919/4919
f 4918/4918 4920/4920 4946/4946
f 4946/4946 4920/4920 4948/4948
f 4915/4915 4948/4948 4920/4920
f 4915/4915 4949/4949 4948/4948
f 4949/4949 4915/4915 4914/4914
f 4946/4946 4948/4948 4950/4950
f 4947/4947 4946/4946 4950/4950
f 4950/4950 4948/4948 4949/4949
f 4921/4921 4891/4891 4951/4951
f 4914/4914 4921/4921 4952/4952
f 4914/4914 4952/4952 4949/4949
f 4951/4951 4891/4891 4953/4953
f 4953/4953 4898/4898 4899/4899
f 4952/4952 4954/4954 4949/4949
f 4952/4952 4951/4951 4954/4954
f 4952/4952 4921/4921 4951/4951
f 4951/4951 4953/4953 4955/4955
f 4951/4951 4956/4956 4954/4954
f 4951/4951 4955/4955 4956/4956
f 4891/4891 4898/4898 4953/4953
f 4954/4954 4957/4957 4949/4949
f 4954/4954 4956/4956 4957/4957
f 4950/4950 4941/4941 4939/4939
f 4958/4958 4957/4957 4956/4956
f 4941/4941 4950/4950 4949/4949
f 4941/4941 4949/4949 4957/4957
f 4959/4959 4960/4960 4961/4961
f 4962/4962 4963/4963 4961/4961
f 4960/4960 4962/4962 4961/4961
f 4958/4958 4962/4962 4964/4964
f 4965/4965 4958/4958 4964/4964
f 4958/4958 4963/4963 4962/4962
f 4902/4902 4953/4953 4899/4899
f 4966/4966 4902/4902 4895/4895
f 4956/4956 4955/4955 4967/4967
f 4953/4953 4902/4902 4967/4967
f 4955/4955 4953/4953 4967/4967
f 4967/4967 4966/4966 4961/4961
f 4967/4967 4902/4902 4966/4966
f 4966/4966 4895/4895 4900/4900
f 4900/4900 4959/4959 4966/4966
f 4961/4961 4966/4966 4959/4959
f 4961/4961 4963/4963 4967/4967
f 4967/4967 4963/4963 4956/4956
f 4958/4958 4956/4956 4963/4963
f 4947/4947 4928/4928 4926/4926
f 4947/4947 4950/4950 4939/4939
f 4928/4928 4947/4947 4939/4939
f 4968/4968 4941/4941 4957/4957
f 4945/4945 4941/4941 4968/4968
f 4968/4968 4957/4957 4958/4958
f 4958/4958 4965/4965 4968/4968
f 4970/4970 4734/4734 4732/4732
f 4970/4970 4732/4732 4733/4733
f 4970/4970 4733/4733 4729/4729
f 4969/4969 4730/4730 4971/4971
f 4971/4971 4730/4730 4740/4740
f 3451/3451 3386/3386 4734/4734
f 4973/4973 3451/3451 4734/4734
f 4973/4973 4734/4734 4970/4970
f 4972/4972 4969/4969 4971/4971
f 3457/3457 3451/3451 4973/4973
f 4972/4972 4971/4971 4975/4975
f 4972/4972 4975/4975 3456/3456
f 4974/4974 3460/3460 3455/3455
f 4971/4971 4976/4976 4975/4975
f 4978/4978 4740/4740 4741/4741
f 4978/4978 4741/4741 4745/4745
f 4745/4745 4979/4979 4978/4978
f 4745/4745 4743/4743 4979/4979
f 4979/4979 4743/4743 4849/4849
f 4980/4980 4740/4740 4978/4978
f 4981/4981 4971/4971 4740/4740
f 4981/4981 4740/4740 4980/4980
f 4980/4980 4978/4978 4979/4979
f 4982/4982 4980/4980 4979/4979
f 4974/4974 4983/4983 3460/3460
f 4983/4983 4974/4974 4977/4977
f 4984/4984 3460/3460 4983/4983
f 4984/4984 3462/3462 3460/3460
f 4976/4976 4971/4971 4981/4981
f 4976/4976 4981/4981 4985/4985
f 3462/3462 4984/4984 3463/3463
f 4986/4986 4976/4976 4985/4985
f 4988/4988 3463/3463 4984/4984
f 4984/4984 4983/4983 4988/4988
f 4989/4989 4983/4983 4977/4977
f 4988/4988 4983/4983 4989/4989
f 4979/4979 4849/4849 4990/4990
f 4981/4981 4980/4980 4982/4982
f 4982/4982 4979/4979 4990/4990
f 4982/4982 4985/4985 4981/4981
f 4849/4849 4848/4848 4991/4991
f 4990/4990 4849/4849 4991/4991
f 4990/4990 4992/4992 4982/4982
f 4986/4986 4985/4985 4993/4993
f 4982/4982 4992/4992 4994/4994
f 4985/4985 4982/4982 4993/4993
f 4993/4993 4982/4982 4994/4994
f 4990/4990 4991/4991 4992/4992
f 4995/4995 3449/3449 3464/3464
f 3448/3448 3449/3449 4995/4995
f 3464/3464 3463/3463 4996/4996
f 3463/3463 4988/4988 4997/4997
f 3463/3463 4997/4997 4996/4996
f 4997/4997 4988/4988 4989/4989
f 4995/4995 3464/3464 4996/4996
f 4998/4998 4989/4989 4977/4977
f 4998/4998 4977/4977 4987/4987
f 4999/4999 4995/4995 4996/4996
f 4996/4996 4997/4997 5000/5000
f 4996/4996 5000/5000 4999/4999
f 5000/5000 4997/4997 4989/4989
f 4989/4989 4998/4998 5001/5001
f 5000/5000 4989/4989 5001/5001
f 4999/4999 5000/5000 5002/5002
f 5004/5004 4993/4993 4994/4994
f 4986/4986 4993/4993 5004/5004
f 4992/4992 4991/4991 5005/5005
f 4994/4994 4992/4992 5006/5006
f 5006/5006 4992/4992 5007/5007
f 5005/5005 5007/5007 4992/4992
f 5008/5008 5006/5006 5010/5010
f 5003/5003 4998/4998 4987/4987
f 5004/5004 4994/4994 5006/5006
f 5006/5006 5008/5008 5004/5004
f 5011/5011 3448/3448 5012/5012
f 5011/5011 4860/4860 3448/3448
f 5013/5013 4860/4860 5011/5011
f 5014/5014 4861/4861 4860/4860
f 3448/3448 4995/4995 5012/5012
f 4995/4995 4999/4999 5012/5012
f 4999/4999 5002/5002 5012/5012
f 5000/5000 5001/5001 5015/5015
f 5002/5002 5011/5011 5012/5012
f 5013/5013 5011/5011 5002/5002
f 5002/5002 5000/5000 5015/5015
f 5014/5014 4860/4860 5013/5013
f 5013/5013 5002/5002 5016/5016
f 5016/5016 5014/5014 5013/5013
f 5016/5016 5002/5002 5015/5015
f 5001/5001 4998/4998 5017/5017
f 5003/5003 5017/5017 4998/4998
f 5015/5015 5001/5001 5018/5018
f 5018/5018 5001/5001 5017/5017
f 5017/5017 5003/5003 5009/5009
f 5016/5016 5015/5015 5018/5018
f 5019/5019 4861/4861 5014/5014
f 5020/5020 5019/5019 5014/5014
f 5014/5014 5016/5016 5020/5020
f 5016/5016 5018/5018 5021/5021
f 5023/5023 5017/5017 5009/5009
f 5024/5024 5017/5017 5023/5023
f 5017/5017 5024/5024 5018/5018
f 4991/4991 5025/5025 5005/5005
f 5025/5025 4991/4991 4848/4848
f 5006/5006 5007/5007 5010/5010
f 5005/5005 5026/5026 5007/5007
f 5025/5025 5026/5026 5005/5005
f 4848/4848 4862/4862 5025/5025
f 5010/5010 5007/5007 5026/5026
f 5027/5027 5010/5010 5026/5026
f 5028/5028 5008/5008 5010/5010
f 5028/5028 5010/5010 5027/5027
f 5026/5026 5025/5025 5029/5029
f 4862/4862 5029/5029 5025/5025
f 5027/5027 5026/5026 5029/5029
f 5028/5028 5030/5030 5031/5031
f 5030/5030 5028/5028 5027/5027
f 5022/5022 5028/5028 5031/5031
f 5028/5028 5022/5022 5008/5008
f 4863/4863 5032/5032 4862/4862
f 5029/5029 4862/4862 5033/5033
f 5033/5033 4862/4862 5032/5032
f 5027/5027 5029/5029 5033/5033
f 5027/5027 5033/5033 5034/5034
f 5027/5027 5035/5035 5030/5030
f 5034/5034 5035/5035 5027/5027
f 5030/5030 5035/5035 5031/5031
f 4863/4863 4931/4931 5032/5032
f 5032/5032 4931/4931 5033/5033
f 5034/5034 5033/5033 4931/4931
f 5034/5034 4933/4933 5035/5035
f 5034/5034 4931/4931 4932/4932
f 4933/4933 5034/5034 4932/4932
f 3912/3912 3735/3735 3732/3732
f 3912/3912 3736/3736 3735/3735
f 3843/3843 3845/3845 3803/3803
f 3910/3910 3732/3732 3733/3733
f 3912/3912 3732/3732 3910/3910
f 3911/3911 3736/3736 3912/3912
f 3976/3976 3975/3975 3977/3977
f 4135/4135 4131/4131 4133/4133
f 4139/4139 4134/4134 4142/4142
f 4194/4194 3791/3791 3792/3792
f 4309/4309 4305/4305 4298/4298
f 4370/4370 4305/4305 4313/4313
f 4309/4309 4311/4311 4313/4313
f 4313/4313 4305/4305 4309/4309
f 5036/5036 4313/4313 4312/4312
f 5037/5037 4311/4311 4310/4310
f 5037/5037 4312/4312 4311/4311
f 4319/4319 4316/4316 4307/4307
f 4310/4310 4307/4307 5038/5038
f 5038/5038 4307/4307 4316/4316
f 5037/5037 5038/5038 4312/4312
f 5037/5037 4310/4310 5038/5038
f 4312/4312 5038/5038 4315/4315
f 4315/4315 5038/5038 4316/4316
f 4326/4326 4325/4325 4327/4327
f 4327/4327 4331/4331 4329/4329
f 5039/5039 4332/4332 4331/4331
f 4332/4332 5039/5039 4340/4340
f 4340/4340 4335/4335 4332/4332
f 5040/5040 4350/4350 4351/4351
f 4356/4356 4347/4347 4350/4350
f 4356/4356 4350/4350 5040/5040
f 4356/4356 5040/5040 5041/5041
f 5042/5042 4356/4356 5041/5041
f 5043/5043 4358/4358 4359/4359
f 4351/4351 4349/4349 4360/4360
f 4351/4351 4360/4360 4361/4361
f 4361/4361 5044/5044 4351/4351
f 5044/5044 4361/4361 4362/4362
f 4358/4358 5043/5043 4362/4362
f 4362/4362 5043/5043 5044/5044
f 5045/5045 5044/5044 5046/5046
f 5044/5044 5043/5043 5046/5046
f 5046/5046 5043/5043 5047/5047
f 5043/5043 5048/5048 5047/5047
f 5049/5049 5046/5046 5050/5050
f 5050/5050 5051/5051 5049/5049
f 5046/5046 5047/5047 5050/5050
f 5040/5040 4351/4351 5044/5044
f 5045/5045 5040/5040 5044/5044
f 5041/5041 5040/5040 5045/5045
f 5042/5042 5041/5041 5052/5052
f 5053/5053 5042/5042 5052/5052
f 5053/5053 5052/5052 5054/5054
f 5055/5055 5053/5053 5054/5054
f 5056/5056 5055/5055 5054/5054
f 5056/5056 5054/5054 5057/5057
f 5058/5058 4367/4367 4357/4357
f 4357/4357 4367/4367 4366/4366
f 5059/5059 5058/5058 5060/5060
f 3468/3468 4367/4367 5059/5059
f 5059/5059 4367/4367 5058/5058
f 5042/5042 4357/4357 4355/4355
f 4355/4355 4356/4356 5042/5042
f 4357/4357 5042/5042 5058/5058
f 5053/5053 5058/5058 5042/5042
f 5055/5055 5058/5058 5053/5053
f 5056/5056 5060/5060 5055/5055
f 5060/5060 5058/5058 5055/5055
f 5061/5061 5056/5056 5062/5062
f 5062/5062 5056/5056 5057/5057
f 5057/5057 5063/5063 5062/5062
f 5064/5064 5060/5060 5065/5065
f 5066/5066 5064/5064 5065/5065
f 5060/5060 5064/5064 5059/5059
f 5064/5064 3467/3467 5059/5059
f 3467/3467 3468/3468 5059/5059
f 3467/3467 3466/3466 3468/3468
f 5067/5067 3467/3467 5064/5064
f 5067/5067 5064/5064 5066/5066
f 3465/3465 3467/3467 5067/5067
f 5068/5068 5067/5067 5066/5066
f 5067/5067 3472/3472 3465/3465
f 3472/3472 5067/5067 5068/5068
f 5069/5069 3472/3472 5068/5068
f 5070/5070 5066/5066 5065/5065
f 5066/5066 5070/5070 5068/5068
f 5071/5071 5070/5070 5072/5072
f 5072/5072 5073/5073 5071/5071
f 5065/5065 5060/5060 5056/5056
f 5065/5065 5056/5056 5061/5061
f 5061/5061 5074/5074 5065/5065
f 5074/5074 5075/5075 5065/5065
f 5074/5074 5076/5076 5075/5075
f 5077/5077 5062/5062 5063/5063
f 5062/5062 5077/5077 5061/5061
f 5077/5077 5074/5074 5061/5061
f 5078/5078 5074/5074 5077/5077
f 5076/5076 5074/5074 5078/5078
f 5070/5070 5065/5065 5075/5075
f 5075/5075 5072/5072 5070/5070
f 5052/5052 5041/5041 5045/5045
f 5045/5045 5079/5079 5052/5052
f 5054/5054 5052/5052 5079/5079
f 5079/5079 5045/5045 5046/5046
f 5049/5049 5079/5079 5046/5046
f 5049/5049 5080/5080 5079/5079
f 5079/5079 5057/5057 5054/5054
f 5063/5063 5057/5057 5081/5081
f 5057/5057 5079/5079 5080/5080
f 5080/5080 5082/5082 5057/5057
f 5057/5057 5082/5082 5083/5083
f 5081/5081 5057/5057 5083/5083
f 5084/5084 5081/5081 5083/5083
f 5080/5080 5049/5049 5082/5082
f 5082/5082 5049/5049 5085/5085
f 5085/5085 5049/5049 5051/5051
f 5051/5051 5086/5086 5085/5085
f 5086/5086 5082/5082 5085/5085
f 5082/5082 5087/5087 5083/5083
f 5087/5087 5082/5082 5086/5086
f 5088/5088 5087/5087 5089/5089
f 5087/5087 5088/5088 5083/5083
f 5084/5084 5083/5083 5088/5088
f 5088/5088 5090/5090 5084/5084
f 5086/5086 5089/5089 5087/5087
f 5091/5091 5081/5081 5092/5092
f 5092/5092 5093/5093 5091/5091
f 4327/4327 4325/4325 5094/5094
f 5077/5077 5063/5063 5095/5095
f 5095/5095 5063/5063 5096/5096
f 5096/5096 5063/5063 5081/5081
f 5077/5077 5095/5095 5096/5096
f 5097/5097 5078/5078 5096/5096
f 5096/5096 5078/5078 5077/5077
f 5096/5096 5081/5081 5091/5091
f 3096/3096 3095/3095 4367/4367
f 3468/3468 3096/3096 4367/4367
f 3483/3483 3472/3472 5069/5069
f 5047/5047 5048/5048 5098/5098
f 5048/5048 5043/5043 4359/4359
f 5048/5048 4359/4359 5098/5098
f 5098/5098 4359/4359 4303/4303
f 5098/5098 4303/4303 4369/4369
f 5099/5099 5098/5098 4369/4369
f 4370/4370 5100/5100 4371/4371
f 5101/5101 5102/5102 5103/5103
f 4371/4371 5099/5099 4369/4369
f 5104/5104 5098/5098 5099/5099
f 5105/5105 4371/4371 5103/5103
f 4371/4371 5105/5105 5099/5099
f 5103/5103 4371/4371 5100/5100
f 5103/5103 5102/5102 5105/5105
f 5106/5106 5050/5050 5104/5104
f 5107/5107 5106/5106 5104/5104
f 5104/5104 5102/5102 5107/5107
f 5050/5050 5047/5047 5104/5104
f 5104/5104 5047/5047 5098/5098
f 5051/5051 5050/5050 5106/5106
f 5107/5107 5108/5108 5106/5106
f 5051/5051 5106/5106 5108/5108
f 5108/5108 5109/5109 5051/5051
f 5108/5108 5110/5110 5109/5109
f 5108/5108 5107/5107 5111/5111
f 5111/5111 5107/5107 5102/5102
f 5110/5110 5108/5108 5111/5111
f 5112/5112 5110/5110 5111/5111
f 5105/5105 5102/5102 5104/5104
f 5113/5113 5102/5102 5101/5101
f 5099/5099 5105/5105 5104/5104
f 5111/5111 5102/5102 5113/5113
f 5112/5112 5111/5111 5114/5114
f 5111/5111 5113/5113 5114/5114
f 5114/5114 5113/5113 5115/5115
f 5114/5114 5115/5115 5116/5116
f 5112/5112 5114/5114 5117/5117
f 5117/5117 5114/5114 5116/5116
f 5036/5036 5103/5103 5100/5100
f 5036/5036 5118/5118 5103/5103
f 5101/5101 5103/5103 5118/5118
f 5118/5118 5036/5036 5119/5119
f 5101/5101 5118/5118 5119/5119
f 5120/5120 5101/5101 5119/5119
f 5121/5121 5119/5119 5036/5036
f 5119/5119 5121/5121 5122/5122
f 5119/5119 5122/5122 5123/5123
f 5120/5120 5119/5119 5124/5124
f 5124/5124 5119/5119 5123/5123
f 5125/5125 5124/5124 5123/5123
f 5126/5126 5124/5124 5125/5125
f 5126/5126 5125/5125 5127/5127
f 4370/4370 4313/4313 5100/5100
f 5100/5100 4313/4313 5036/5036
f 5121/5121 5036/5036 4312/4312
f 5128/5128 4312/4312 4315/4315
f 5128/5128 5122/5122 5121/5121
f 5121/5121 4312/4312 5128/5128
f 5128/5128 4315/4315 4318/4318
f 5122/5122 5128/5128 4318/4318
f 4318/4318 5129/5129 5122/5122
f 5129/5129 4318/4318 4392/4392
f 5123/5123 5122/5122 5129/5129
f 5113/5113 5101/5101 5130/5130
f 5115/5115 5113/5113 5130/5130
f 5131/5131 5130/5130 5132/5132
f 5133/5133 5130/5130 5131/5131
f 5133/5133 5115/5115 5130/5130
f 5132/5132 5130/5130 5101/5101
f 5132/5132 5101/5101 5120/5120
f 5132/5132 5134/5134 5131/5131
f 5120/5120 5135/5135 5132/5132
f 5134/5134 5132/5132 5135/5135
f 5133/5133 5131/5131 5136/5136
f 5136/5136 5131/5131 5134/5134
f 5116/5116 5115/5115 5133/5133
f 5133/5133 5137/5137 5116/5116
f 5138/5138 5116/5116 5137/5137
f 5117/5117 5116/5116 5139/5139
f 5140/5140 5117/5117 5139/5139
f 5139/5139 5141/5141 5140/5140
f 5137/5137 5133/5133 5136/5136
f 5137/5137 5136/5136 5143/5143
f 5138/5138 5137/5137 5144/5144
f 5144/5144 5137/5137 5142/5142
f 5135/5135 5120/5120 5124/5124
f 5145/5145 5134/5134 5135/5135
f 5135/5135 5124/5124 5126/5126
f 5145/5145 5135/5135 5126/5126
f 5134/5134 5146/5146 5136/5136
f 5146/5146 5134/5134 5145/5145
f 5146/5146 5145/5145 5148/5148
f 5145/5145 5126/5126 5148/5148
f 5148/5148 5126/5126 5149/5149
f 4338/4338 5150/5150 5151/5151
f 5151/5151 4372/4372 4338/4338
f 5127/5127 5149/5149 5126/5126
f 5152/5152 5149/5149 5127/5127
f 5148/5148 5149/5149 5153/5153
f 5086/5086 5051/5051 5109/5109
f 5155/5155 5109/5109 5110/5110
f 5156/5156 5086/5086 5109/5109
f 5156/5156 5109/5109 5155/5155
f 5157/5157 5156/5156 5155/5155
f 5110/5110 5158/5158 5155/5155
f 5158/5158 5110/5110 5159/5159
f 5159/5159 5110/5110 5112/5112
f 5112/5112 5117/5117 5159/5159
f 4340/4340 5160/5160 4338/4338
f 5150/5150 4338/4338 5160/5160
f 4372/4372 4339/4339 4338/4338
f 4323/4323 4322/4322 4393/4393
f 4317/4317 4314/4314 4323/4323
f 4393/4393 4396/4396 4323/4323
f 4323/4323 4396/4396 4408/4408
f 4408/4408 4317/4317 4323/4323
f 4411/4411 4317/4317 4408/4408
f 4317/4317 4411/4411 4412/4412
f 4317/4317 4412/4412 5161/5161
f 4392/4392 4317/4317 5162/5162
f 5162/5162 4317/4317 5161/5161
f 4409/4409 4396/4396 4413/4413
f 4409/4409 4413/4413 4410/4410
f 5161/5161 4412/4412 4410/4410
f 5161/5161 4410/4410 5163/5163
f 4410/4410 4413/4413 5163/5163
f 4416/4416 5163/5163 4413/4413
f 5163/5163 4416/4416 5164/5164
f 4416/4416 4413/4413 4414/4414
f 5163/5163 5164/5164 5165/5165
f 5164/5164 4416/4416 4417/4417
f 5165/5165 5164/5164 5166/5166
f 4417/4417 5166/5166 5164/5164
f 5167/5167 5166/5166 4417/4417
f 4417/4417 4419/4419 5168/5168
f 5167/5167 4417/4417 5168/5168
f 5169/5169 5167/5167 5168/5168
f 5169/5169 5168/5168 5170/5170
f 5171/5171 5172/5172 5129/5129
f 5162/5162 5171/5171 4392/4392
f 4392/4392 5171/5171 5129/5129
f 5171/5171 5162/5162 5173/5173
f 5172/5172 5171/5171 5174/5174
f 5174/5174 5171/5171 5175/5175
f 5174/5174 5175/5175 5176/5176
f 5172/5172 5123/5123 5129/5129
f 5125/5125 5123/5123 5172/5172
f 5125/5125 5172/5172 5177/5177
f 5178/5178 5125/5125 5177/5177
f 5127/5127 5125/5125 5178/5178
f 5177/5177 5172/5172 5174/5174
f 5178/5178 5177/5177 5174/5174
f 5179/5179 5178/5178 5174/5174
f 5179/5179 5174/5174 5180/5180
f 5179/5179 5180/5180 5181/5181
f 5176/5176 5180/5180 5174/5174
f 5173/5173 5175/5175 5171/5171
f 5175/5175 5173/5173 5182/5182
f 5182/5182 5173/5173 5183/5183
f 5176/5176 5175/5175 5184/5184
f 5184/5184 5175/5175 5182/5182
f 5180/5180 5176/5176 5184/5184
f 4372/4372 5151/5151 4420/4420
f 4373/4373 4372/4372 4420/4420
f 5185/5185 5151/5151 5186/5186
f 5185/5185 4420/4420 5151/5151
f 4421/4421 4420/4420 5185/5185
f 4421/4421 5185/5185 5187/5187
f 5187/5187 4422/4422 4421/4421
f 5152/5152 5127/5127 5178/5178
f 5152/5152 5178/5178 5188/5188
f 5179/5179 5188/5188 5178/5178
f 5189/5189 5188/5188 5179/5179
f 5185/5185 5190/5190 5187/5187
f 4423/4423 4422/4422 5187/5187
f 5187/5187 5190/5190 4425/4425
f 4425/4425 4423/4423 5187/5187
f 4427/4427 4426/4426 4425/4425
f 5191/5191 5192/5192 5193/5193
f 5194/5194 5193/5193 5192/5192
f 5194/5194 5192/5192 5195/5195
f 5191/5191 5195/5195 5192/5192
f 5196/5196 5195/5195 5191/5191
f 5161/5161 5173/5173 5162/5162
f 5163/5163 5173/5173 5161/5161
f 5184/5184 5182/5182 5197/5197
f 5173/5173 5163/5163 5183/5183
f 5182/5182 5183/5183 5198/5198
f 5197/5197 5182/5182 5198/5198
f 5180/5180 5184/5184 5199/5199
f 5199/5199 5193/5193 5180/5180
f 5193/5193 5199/5199 5191/5191
f 5199/5199 5184/5184 5197/5197
f 5199/5199 5200/5200 5191/5191
f 5200/5200 5199/5199 5197/5197
f 5196/5196 5191/5191 5200/5200
f 5201/5201 5196/5196 5200/5200
f 5197/5197 5202/5202 5200/5200
f 5197/5197 5203/5203 5202/5202
f 5200/5200 5202/5202 5201/5201
f 5201/5201 5202/5202 5204/5204
f 5205/5205 5195/5195 5206/5206
f 5196/5196 5206/5206 5195/5195
f 5207/5207 5205/5205 5206/5206
f 5207/5207 5206/5206 5208/5208
f 5196/5196 5209/5209 5206/5206
f 5209/5209 5196/5196 5201/5201
f 5209/5209 5208/5208 5206/5206
f 5165/5165 5183/5183 5163/5163
f 5198/5198 5183/5183 5210/5210
f 5210/5210 5183/5183 5165/5165
f 5198/5198 5210/5210 5211/5211
f 5210/5210 5165/5165 5212/5212
f 5211/5211 5210/5210 5212/5212
f 5197/5197 5198/5198 5203/5203
f 5203/5203 5198/5198 5211/5211
f 5213/5213 5211/5211 5212/5212
f 5213/5213 5214/5214 5211/5211
f 5203/5203 5204/5204 5202/5202
f 5204/5204 5203/5203 5211/5211
f 5211/5211 5214/5214 5204/5204
f 5212/5212 5165/5165 5166/5166
f 5166/5166 5215/5215 5212/5212
f 5215/5215 5166/5166 5169/5169
f 5169/5169 5166/5166 5167/5167
f 5212/5212 5215/5215 5216/5216
f 5215/5215 5217/5217 5216/5216
f 5217/5217 5215/5215 5218/5218
f 5216/5216 5213/5213 5212/5212
f 5219/5219 5213/5213 5216/5216
f 5219/5219 5216/5216 5217/5217
f 5215/5215 5169/5169 5218/5218
f 5220/5220 5169/5169 5170/5170
f 5218/5218 5169/5169 5221/5221
f 5221/5221 5169/5169 5220/5220
f 5222/5222 5219/5219 5217/5217
f 5217/5217 5218/5218 5223/5223
f 5224/5224 5223/5223 5218/5218
f 5224/5224 5218/5218 5221/5221
f 5222/5222 5217/5217 5223/5223
f 5223/5223 5225/5225 5222/5222
f 4425/4425 5226/5226 4427/4427
f 4427/4427 5226/5226 4428/4428
f 4425/4425 5227/5227 5226/5226
f 4434/4434 4428/4428 5226/5226
f 5228/5228 4434/4434 5226/5226
f 5229/5229 5228/5228 5226/5226
f 4434/4434 5228/5228 4435/4435
f 5230/5230 5228/5228 5231/5231
f 5232/5232 5228/5228 5230/5230
f 5228/5228 5232/5232 4606/4606
f 5228/5228 4606/4606 4435/4435
f 4509/4509 4419/4419 4507/4507
f 4509/4509 5168/5168 4419/4419
f 4509/4509 5233/5233 5168/5168
f 5170/5170 5168/5168 5233/5233
f 4511/4511 5233/5233 4509/4509
f 5234/5234 5233/5233 4511/4511
f 4513/4513 4505/4505 5235/5235
f 4513/4513 5235/5235 4515/4515
f 5236/5236 4511/4511 4512/4512
f 5234/5234 4511/4511 5236/5236
f 4512/4512 4514/4514 5236/5236
f 5236/5236 4514/4514 5237/5237
f 5238/5238 5236/5236 5237/5237
f 4506/4506 4468/4468 4516/4516
f 5239/5239 4506/4506 4516/4516
f 5235/5235 4505/4505 4506/4506
f 5235/5235 4506/4506 5239/5239
f 4516/4516 4484/4484 4520/4520
f 5239/5239 4516/4516 4520/4520
f 5240/5240 5239/5239 5241/5241
f 5241/5241 5239/5239 4520/4520
f 4517/4517 4520/4520 4484/4484
f 5241/5241 4520/4520 4521/4521
f 4522/4522 5241/5241 4521/4521
f 4522/4522 5242/5242 5241/5241
f 4518/4518 4519/4519 4522/4522
f 5242/5242 4522/4522 4570/4570
f 5243/5243 4515/4515 5235/5235
f 5235/5235 5239/5239 5240/5240
f 5240/5240 5241/5241 5242/5242
f 5243/5243 5235/5235 5240/5240
f 5240/5240 5244/5244 5243/5243
f 5244/5244 5240/5240 5242/5242
f 4515/4515 5243/5243 4514/4514
f 5237/5237 4514/4514 5243/5243
f 5243/5243 5245/5245 5237/5237
f 5243/5243 5244/5244 5245/5245
f 5244/5244 5242/5242 4576/4576
f 5242/5242 4570/4570 4576/4576
f 5246/5246 5244/5244 4581/4581
f 5244/5244 4576/4576 4581/4581
f 4581/4581 4602/4602 5246/5246
f 5246/5246 5245/5245 5244/5244
f 4538/4538 4563/4563 4490/4490
f 4522/4522 4519/4519 4569/4569
f 4569/4569 4519/4519 4567/4567
f 4588/4588 4574/4574 4583/4583
f 4605/4605 4574/4574 4588/4588
f 5220/5220 5170/5170 5233/5233
f 5221/5221 5220/5220 5247/5247
f 5247/5247 5220/5220 5248/5248
f 5248/5248 5220/5220 5233/5233
f 5247/5247 5248/5248 5249/5249
f 5248/5248 5233/5233 5250/5250
f 5250/5250 5233/5233 5234/5234
f 5248/5248 5250/5250 5249/5249
f 5250/5250 5251/5251 5249/5249
f 5225/5225 5223/5223 5224/5224
f 5224/5224 5221/5221 5252/5252
f 5252/5252 5221/5221 5247/5247
f 5225/5225 5224/5224 5252/5252
f 5252/5252 5253/5253 5225/5225
f 5252/5252 5247/5247 5249/5249
f 5252/5252 5249/5249 5254/5254
f 5254/5254 5249/5249 5251/5251
f 5253/5253 5252/5252 5254/5254
f 5250/5250 5234/5234 5255/5255
f 5255/5255 5234/5234 5236/5236
f 5255/5255 5236/5236 5238/5238
f 5256/5256 5255/5255 5238/5238
f 5251/5251 5250/5250 5255/5255
f 5251/5251 5255/5255 5256/5256
f 5251/5251 5256/5256 5257/5257
f 5258/5258 5254/5254 5251/5251
f 5258/5258 5251/5251 5259/5259
f 5258/5258 5260/5260 5254/5254
f 5260/5260 5258/5258 5259/5259
f 5259/5259 5251/5251 5257/5257
f 5260/5260 5259/5259 5261/5261
f 5262/5262 5253/5253 5254/5254
f 5263/5263 5262/5262 5254/5254
f 5264/5264 5262/5262 5263/5263
f 5260/5260 5263/5263 5254/5254
f 5263/5263 5260/5260 5265/5265
f 5264/5264 5263/5263 5265/5265
f 5265/5265 5260/5260 5261/5261
f 5266/5266 5256/5256 5238/5238
f 5257/5257 5256/5256 5266/5266
f 5266/5266 5267/5267 5257/5257
f 5259/5259 5257/5257 5267/5267
f 5267/5267 5261/5261 5259/5259
f 5268/5268 4606/4606 5232/5232
f 5268/5268 5232/5232 5264/5264
f 4607/4607 4606/4606 5268/5268
f 5268/5268 5264/5264 5269/5269
f 5268/5268 4609/4609 4607/4607
f 4612/4612 4609/4609 5268/5268
f 5268/5268 5270/5270 4612/4612
f 4608/4608 4609/4609 4612/4612
f 5266/5266 5238/5238 5237/5237
f 5266/5266 5237/5237 5271/5271
f 5272/5272 5266/5266 5271/5271
f 5245/5245 5273/5273 5237/5237
f 5271/5271 5237/5237 5273/5273
f 5272/5272 5271/5271 5274/5274
f 5267/5267 5266/5266 5272/5272
f 5272/5272 5275/5275 5267/5267
f 5267/5267 5275/5275 5276/5276
f 5276/5276 5261/5261 5267/5267
f 5276/5276 5275/5275 5277/5277
f 5275/5275 5272/5272 5278/5278
f 5279/5279 5275/5275 5278/5278
f 5279/5279 5278/5278 5280/5280
f 5277/5277 5275/5275 5279/5279
f 5278/5278 5272/5272 5274/5274
f 5273/5273 5245/5245 5246/5246
f 5246/5246 4602/4602 5273/5273
f 5271/5271 5273/5273 5281/5281
f 5274/5274 5271/5271 5281/5281
f 5281/5281 5282/5282 5274/5274
f 4602/4602 5283/5283 5273/5273
f 5281/5281 5273/5273 5283/5283
f 5283/5283 5282/5282 5281/5281
f 5284/5284 5283/5283 4602/4602
f 5282/5282 5283/5283 5284/5284
f 5278/5278 5274/5274 5280/5280
f 5274/5274 5285/5285 5280/5280
f 5279/5279 5280/5280 5285/5285
f 5286/5286 5279/5279 5285/5285
f 5282/5282 5287/5287 5274/5274
f 5285/5285 5274/5274 5287/5287
f 5285/5285 5287/5287 5288/5288
f 5282/5282 5284/5284 5287/5287
f 5289/5289 5287/5287 5284/5284
f 5288/5288 5287/5287 5289/5289
f 5286/5286 5285/5285 5288/5288
f 5286/5286 5288/5288 5290/5290
f 5265/5265 5261/5261 5291/5291
f 5291/5291 5261/5261 5276/5276
f 5292/5292 5265/5265 5291/5291
f 5291/5291 5293/5293 5292/5292
f 5291/5291 5276/5276 5277/5277
f 5293/5293 5291/5291 5277/5277
f 5277/5277 5294/5294 5293/5293
f 5279/5279 5294/5294 5277/5277
f 5294/5294 5295/5295 5293/5293
f 5292/5292 5293/5293 5295/5295
f 5296/5296 5295/5295 5294/5294
f 5295/5295 5296/5296 5297/5297
f 4612/4612 5270/5270 4610/4610
f 5298/5298 5299/5299 5270/5270
f 5299/5299 4610/4610 5270/5270
f 5294/5294 5279/5279 5300/5300
f 5300/5300 5279/5279 5286/5286
f 5300/5300 5286/5286 5301/5301
f 5296/5296 5294/5294 5300/5300
f 5296/5296 5302/5302 5297/5297
f 5296/5296 5300/5300 5301/5301
f 5301/5301 5286/5286 5303/5303
f 5296/5296 5301/5301 5304/5304
f 5303/5303 5304/5304 5301/5301
f 5302/5302 5296/5296 5304/5304
f 5302/5302 5304/5304 5305/5305
f 5304/5304 5303/5303 5306/5306
f 5306/5306 5303/5303 5307/5307
f 5305/5305 5304/5304 5306/5306
f 5306/5306 5308/5308 5305/5305
f 5303/5303 5286/5286 5309/5309
f 5310/5310 5299/5299 5298/5298
f 5299/5299 4615/4615 4610/4610
f 4610/4610 4615/4615 4613/4613
f 4620/4620 4615/4615 5299/5299
f 4620/4620 5299/5299 4621/4621
f 4620/4620 4614/4614 5311/5311
f 4614/4614 4615/4615 5311/5311
f 4615/4615 4620/4620 5311/5311
f 4628/4628 5312/5312 4626/4626
f 5312/5312 4629/4629 4626/4626
f 4627/4627 5313/5313 4624/4624
f 5314/5314 5315/5315 5316/5316
f 5317/5317 5318/5318 5316/5316
f 5315/5315 5319/5319 5320/5320
f 5316/5316 5315/5315 5320/5320
f 5317/5317 5316/5316 5320/5320
f 5321/5321 5317/5317 5320/5320
f 5322/5322 5321/5321 5323/5323
f 4629/4629 5313/5313 4627/4627
f 5324/5324 4629/4629 5312/5312
f 5313/5313 4629/4629 5325/5325
f 5324/5324 5325/5325 4629/4629
f 5326/5326 5327/5327 5328/5328
f 5329/5329 5326/5326 5328/5328
f 5330/5330 5326/5326 5329/5329
f 5314/5314 5331/5331 5332/5332
f 5331/5331 5314/5314 5316/5316
f 5331/5331 5316/5316 5318/5318
f 5332/5332 5331/5331 5335/5335
f 5337/5337 5338/5338 5339/5339
f 5337/5337 5339/5339 5341/5341
f 5340/5340 5342/5342 5336/5336
f 5331/5331 5318/5318 5343/5343
f 5343/5343 5318/5318 5317/5317
f 5343/5343 5317/5317 5338/5338
f 5335/5335 5331/5331 5343/5343
f 5335/5335 5343/5343 5337/5337
f 5337/5337 5343/5343 5338/5338
f 5339/5339 5338/5338 5317/5317
f 5339/5339 5317/5317 5322/5322
f 5322/5322 5317/5317 5321/5321
f 5336/5336 5342/5342 5334/5334
f 5344/5344 5334/5334 5342/5342
f 5344/5344 5333/5333 5334/5334
f 5344/5344 5342/5342 5347/5347
f 5341/5341 5339/5339 5348/5348
f 5342/5342 5340/5340 5353/5353
f 5352/5352 5341/5341 5348/5348
f 5342/5342 5353/5353 5354/5354
f 5348/5348 5339/5339 5322/5322
f 5348/5348 5322/5322 5357/5357
f 5322/5322 5358/5358 5357/5357
f 5322/5322 5323/5323 5358/5358
f 5358/5358 5323/5323 5359/5359
f 5330/5330 5358/5358 5359/5359
f 5360/5360 5357/5357 5358/5358
f 5358/5358 5361/5361 5360/5360
f 5362/5362 5360/5360 5361/5361
f 5361/5361 5363/5363 5362/5362
f 5363/5363 5361/5361 5364/5364
f 5364/5364 5361/5361 5365/5365
f 5329/5329 5365/5365 5330/5330
f 5361/5361 5358/5358 5330/5330
f 5361/5361 5330/5330 5365/5365
f 5366/5366 5363/5363 5364/5364
f 5367/5367 5366/5366 5364/5364
f 5367/5367 5364/5364 5368/5368
f 5369/5369 5366/5366 5367/5367
f 4602/4602 4582/4582 4603/4603
f 4602/4602 4603/4603 5370/5370
f 5370/5370 5284/5284 4602/4602
f 4604/4604 5370/5370 4603/4603
f 5370/5370 4604/4604 5371/5371
f 5371/5371 4604/4604 4605/4605
f 5289/5289 5284/5284 5370/5370
f 5288/5288 5289/5289 5372/5372
f 5290/5290 5288/5288 5372/5372
f 5309/5309 5286/5286 5290/5290
f 5370/5370 5372/5372 5289/5289
f 5371/5371 5372/5372 5370/5370
f 5373/5373 5372/5372 5371/5371
f 5372/5372 5373/5373 5290/5290
f 5374/5374 4605/4605 4588/4588
f 4605/4605 5374/5374 5375/5375
f 4623/4623 5374/5374 4588/4588
f 4605/4605 5375/5375 5371/5371
f 5371/5371 5375/5375 5376/5376
f 5376/5376 5375/5375 5377/5377
f 5377/5377 5375/5375 5374/5374
f 5307/5307 5303/5303 5309/5309
f 5307/5307 5309/5309 5378/5378
f 5378/5378 5309/5309 5290/5290
f 5378/5378 5290/5290 5379/5379
f 5306/5306 5307/5307 5378/5378
f 5308/5308 5306/5306 5378/5378
f 5378/5378 5380/5380 5308/5308
f 5379/5379 5290/5290 5373/5373
f 5373/5373 5371/5371 5381/5381
f 5378/5378 5379/5379 5382/5382
f 5382/5382 5379/5379 5373/5373
f 5380/5380 5378/5378 5382/5382
f 5381/5381 5383/5383 5373/5373
f 5382/5382 5373/5373 5383/5383
f 5383/5383 5381/5381 5384/5384
f 5385/5385 5382/5382 5383/5383
f 4633/4633 5299/5299 5386/5386
f 4621/4621 5299/5299 4633/4633
f 5387/5387 5384/5384 5388/5388
f 5381/5381 5371/5371 5376/5376
f 5388/5388 5381/5381 5376/5376
f 5384/5384 5381/5381 5388/5388
f 5389/5389 5387/5387 5390/5390
f 5388/5388 5390/5390 5387/5387
f 5388/5388 5376/5376 5390/5390
f 5391/5391 5376/5376 5377/5377
f 5390/5390 5376/5376 5391/5391
f 5384/5384 5392/5392 5385/5385
f 5392/5392 5384/5384 5387/5387
f 5385/5385 5383/5383 5384/5384
f 5392/5392 5387/5387 5389/5389
f 5389/5389 5393/5393 5392/5392
f 5393/5393 5389/5389 5319/5319
f 5390/5390 5319/5319 5389/5389
f 4623/4623 4588/4588 4589/4589
f 5374/5374 4623/4623 5394/5394
f 5394/5394 4623/4623 4625/4625
f 5377/5377 5394/5394 5395/5395
f 5394/5394 5377/5377 5374/5374
f 5396/5396 4625/4625 4624/4624
f 5394/5394 4625/4625 5396/5396
f 5313/5313 5396/5396 4624/4624
f 5391/5391 5377/5377 5397/5397
f 5397/5397 5377/5377 5395/5395
f 5397/5397 5395/5395 5398/5398
f 5391/5391 5399/5399 5390/5390
f 5399/5399 5391/5391 5397/5397
f 5399/5399 5397/5397 5398/5398
f 5394/5394 5396/5396 5395/5395
f 5395/5395 5396/5396 5400/5400
f 5398/5398 5395/5395 5400/5400
f 5400/5400 5396/5396 5313/5313
f 5400/5400 5401/5401 5398/5398
f 5399/5399 5398/5398 5401/5401
f 5319/5319 5390/5390 5399/5399
f 5319/5319 5399/5399 5402/5402
f 5315/5315 5393/5393 5319/5319
f 5319/5319 5402/5402 5320/5320
f 5321/5321 5320/5320 5402/5402
f 5402/5402 5399/5399 5401/5401
f 5402/5402 5401/5401 5403/5403
f 5403/5403 5321/5321 5402/5402
f 5321/5321 5403/5403 5323/5323
f 5400/5400 5313/5313 5404/5404
f 5401/5401 5400/5400 5405/5405
f 5404/5404 5405/5405 5400/5400
f 5404/5404 5313/5313 5325/5325
f 5403/5403 5401/5401 5405/5405
f 5403/5403 5405/5405 5406/5406
f 5406/5406 5405/5405 5404/5404
f 5406/5406 5404/5404 5327/5327
f 5327/5327 5407/5407 5406/5406
f 5323/5323 5403/5403 5406/5406
f 5406/5406 5359/5359 5323/5323
f 5406/5406 5407/5407 5359/5359
f 5327/5327 5404/5404 5325/5325
f 5407/5407 5327/5327 5326/5326
f 5359/5359 5407/5407 5330/5330
f 5326/5326 5330/5330 5407/5407
f 5409/5409 4638/4638 4632/4632
f 5410/5410 4642/4642 5412/5412
f 4642/4642 5410/5410 5413/5413
f 5412/5412 4642/4642 5408/5408
f 5408/5408 4642/4642 4639/4639
f 4643/4643 4642/4642 5413/5413
f 4643/4643 4640/4640 4642/4642
f 5413/5413 5410/5410 5414/5414
f 5415/5415 5413/5413 5414/5414
f 4643/4643 5413/5413 5415/5415
f 4646/4646 4643/4643 5415/5415
f 4646/4646 4644/4644 4643/4643
f 4666/4666 4665/4665 5416/5416
f 5094/5094 4325/4325 4667/4667
f 4667/4667 4666/4666 5416/5416
f 4667/4667 5416/5416 5094/5094
f 5068/5068 5417/5417 5069/5069
f 3368/3368 3479/3479 4665/4665
f 3479/3479 5418/5418 4665/4665
f 5419/5419 5069/5069 5417/5417
f 5420/5420 5069/5069 5419/5419
f 5420/5420 3483/3483 5069/5069
f 3484/3484 3483/3483 5420/5420
f 5421/5421 3484/3484 5420/5420
f 5094/5094 5416/5416 5422/5422
f 5094/5094 5422/5422 5423/5423
f 5422/5422 5073/5073 5424/5424
f 5423/5423 5425/5425 5078/5078
f 5078/5078 5425/5425 5076/5076
f 5425/5425 5424/5424 5076/5076
f 5423/5423 5422/5422 5425/5425
f 5422/5422 5424/5424 5425/5425
f 5076/5076 5424/5424 5075/5075
f 5424/5424 5072/5072 5075/5075
f 5424/5424 5073/5073 5072/5072
f 5089/5089 5090/5090 5088/5088
f 5156/5156 5157/5157 5086/5086
f 5157/5157 5089/5089 5086/5086
f 5426/5426 5090/5090 5089/5089
f 5157/5157 5426/5426 5089/5089
f 5097/5097 5091/5091 5427/5427
f 5093/5093 5092/5092 5428/5428
f 5092/5092 5081/5081 5428/5428
f 5081/5081 5084/5084 5428/5428
f 5084/5084 5093/5093 5428/5428
f 5427/5427 5429/5429 5094/5094
f 5429/5429 5427/5427 5093/5093
f 5093/5093 5427/5427 5091/5091
f 5423/5423 5427/5427 5094/5094
f 5427/5427 5423/5423 5097/5097
f 5429/5429 5426/5426 4327/4327
f 5094/5094 5429/5429 4327/4327
f 4327/4327 5430/5430 4331/4331
f 5426/5426 5430/5430 4327/4327
f 5093/5093 5090/5090 5429/5429
f 5090/5090 5426/5426 5429/5429
f 5090/5090 5093/5093 5084/5084
f 5091/5091 5097/5097 5096/5096
f 5097/5097 5423/5423 5078/5078
f 5116/5116 5138/5138 5139/5139
f 5138/5138 5141/5141 5139/5139
f 5141/5141 5138/5138 5144/5144
f 5144/5144 5150/5150 5141/5141
f 5143/5143 5136/5136 5431/5431
f 5136/5136 5146/5146 5431/5431
f 5146/5146 5150/5150 5431/5431
f 5150/5150 5144/5144 5431/5431
f 5144/5144 5142/5142 5431/5431
f 5150/5150 5146/5146 5432/5432
f 5150/5150 5433/5433 5434/5434
f 5434/5434 5186/5186 5151/5151
f 5434/5434 5151/5151 5150/5150
f 5152/5152 5435/5435 5149/5149
f 5435/5435 5153/5153 5149/5149
f 5146/5146 5147/5147 5432/5432
f 5432/5432 5147/5147 5434/5434
f 5147/5147 5154/5154 5434/5434
f 5436/5436 5186/5186 5154/5154
f 5154/5154 5186/5186 5434/5434
f 5158/5158 5159/5159 5155/5155
f 5159/5159 5157/5157 5155/5155
f 5157/5157 5430/5430 5426/5426
f 5430/5430 5437/5437 4331/4331
f 5159/5159 5430/5430 5157/5157
f 5430/5430 5159/5159 5437/5437
f 5437/5437 5438/5438 5039/5039
f 5438/5438 5437/5437 5159/5159
f 5438/5438 5159/5159 5117/5117
f 5438/5438 5117/5117 5140/5140
f 5438/5438 5140/5140 5160/5160
f 4340/4340 5039/5039 5438/5438
f 4340/4340 5438/5438 5160/5160
f 5039/5039 4331/4331 5437/5437
f 5141/5141 5160/5160 5140/5140
f 5141/5141 5150/5150 5160/5160
f 5194/5194 5181/5181 5193/5193
f 5181/5181 5180/5180 5193/5193
f 5435/5435 5152/5152 5439/5439
f 5152/5152 5188/5188 5439/5439
f 5439/5439 5188/5188 5440/5440
f 5188/5188 5189/5189 5440/5440
f 5440/5440 5189/5189 5441/5441
f 5440/5440 5441/5441 5190/5190
f 5181/5181 5443/5443 5179/5179
f 5443/5443 5189/5189 5179/5179
f 5443/5443 5181/5181 5444/5444
f 5444/5444 5181/5181 5194/5194
f 5442/5442 5444/5444 5445/5445
f 5442/5442 5441/5441 5189/5189
f 5446/5446 5190/5190 5441/5441
f 5441/5441 5442/5442 5446/5446
f 5445/5445 5207/5207 5446/5446
f 5445/5445 5446/5446 5442/5442
f 5439/5439 5186/5186 5436/5436
f 5440/5440 5185/5185 5186/5186
f 5439/5439 5440/5440 5186/5186
f 5440/5440 5190/5190 5185/5185
f 5190/5190 5446/5446 5447/5447
f 5190/5190 5447/5447 4425/4425
f 5445/5445 5444/5444 5448/5448
f 5444/5444 5194/5194 5448/5448
f 5194/5194 5195/5195 5448/5448
f 5195/5195 5205/5205 5448/5448
f 5205/5205 5207/5207 5448/5448
f 5207/5207 5445/5445 5448/5448
f 5449/5449 5446/5446 5207/5207
f 5449/5449 5447/5447 5446/5446
f 5208/5208 5449/5449 5207/5207
f 5450/5450 5447/5447 5208/5208
f 5208/5208 5447/5447 5449/5449
f 5209/5209 5451/5451 5208/5208
f 5451/5451 5450/5450 5208/5208
f 5451/5451 5209/5209 5204/5204
f 5209/5209 5201/5201 5204/5204
f 5450/5450 4425/4425 5447/5447
f 4425/4425 5450/5450 5227/5227
f 5450/5450 5451/5451 5452/5452
f 5451/5451 5204/5204 5214/5214
f 5452/5452 5451/5451 5214/5214
f 5452/5452 5227/5227 5450/5450
f 5227/5227 5452/5452 5453/5453
f 5452/5452 5214/5214 5453/5453
f 5214/5214 5213/5213 5453/5453
f 5227/5227 5453/5453 5229/5229
f 5229/5229 5226/5226 5227/5227
f 5219/5219 5453/5453 5213/5213
f 5229/5229 5453/5453 5219/5219
f 5222/5222 5231/5231 5219/5219
f 5231/5231 5229/5229 5219/5219
f 5228/5228 5229/5229 5231/5231
f 5231/5231 5222/5222 5225/5225
f 5231/5231 5225/5225 5230/5230
f 5253/5253 5454/5454 5225/5225
f 5454/5454 5230/5230 5225/5225
f 5455/5455 5230/5230 5454/5454
f 5253/5253 5262/5262 5454/5454
f 5262/5262 5455/5455 5454/5454
f 5262/5262 5264/5264 5455/5455
f 5232/5232 5230/5230 5455/5455
f 5455/5455 5264/5264 5232/5232
f 5292/5292 5264/5264 5265/5265
f 5270/5270 5268/5268 5269/5269
f 5292/5292 5269/5269 5264/5264
f 5269/5269 5292/5292 5297/5297
f 5292/5292 5295/5295 5297/5297
f 5298/5298 5270/5270 5269/5269
f 5297/5297 5298/5298 5269/5269
f 5310/5310 5298/5298 5302/5302
f 5302/5302 5298/5298 5297/5297
f 5305/5305 5310/5310 5302/5302
f 5308/5308 5456/5456 5310/5310
f 5308/5308 5310/5310 5305/5305
f 5456/5456 5457/5457 5310/5310
f 5310/5310 5457/5457 5299/5299
f 5457/5457 5386/5386 5299/5299
f 5346/5346 5458/5458 5345/5345
f 5347/5347 5342/5342 5460/5460
f 5342/5342 5355/5355 5460/5460
f 5356/5356 5351/5351 5459/5459
f 5351/5351 5350/5350 5459/5459
f 5349/5349 5357/5357 5461/5461
f 5357/5357 5360/5360 5461/5461
f 5360/5360 5362/5362 5461/5461
f 5362/5362 5346/5346 5461/5461
f 5362/5362 5462/5462 5346/5346
f 5462/5462 5458/5458 5346/5346
f 5462/5462 5362/5362 5463/5463
f 5362/5362 5363/5363 5463/5463
f 5363/5363 5366/5366 5463/5463
f 5366/5366 5462/5462 5463/5463
f 5366/5366 5369/5369 5462/5462
f 5369/5369 5458/5458 5462/5462
f 5380/5380 5456/5456 5308/5308
f 5457/5457 5456/5456 5386/5386
f 5464/5464 5456/5456 5380/5380
f 5386/5386 5456/5456 5464/5464
f 5385/5385 5464/5464 5382/5382
f 5464/5464 5380/5380 5382/5382
f 5385/5385 5386/5386 5464/5464
f 5465/5465 5386/5386 5385/5385
f 4633/4633 5386/5386 5465/5465
f 5392/5392 5467/5467 5385/5385
f 5465/5465 5385/5385 5467/5467
f 5467/5467 5392/5392 5468/5468
f 5468/5468 5392/5392 5393/5393
f 5315/5315 5314/5314 5393/5393
f 5314/5314 5468/5468 5393/5393
f 5468/5468 5470/5470 5467/5467
f 5314/5314 5472/5472 5468/5468
f 5470/5470 5468/5468 5472/5472
f 5467/5467 5470/5470 5465/5465
f 5466/5466 5469/5469 5411/5411
f 5409/5409 5466/5466 5411/5411
f 5466/5466 5409/5409 4632/4632
f 5472/5472 5314/5314 5332/5332
f 5471/5471 5473/5473 5412/5412
f 5474/5474 5333/5333 5344/5344
f 5458/5458 5473/5473 5345/5345
f 5412/5412 5473/5473 5458/5458
f 5410/5410 5412/5412 5458/5458
f 5414/5414 5410/5410 5458/5458
f 4665/4665 5475/5475 5416/5416
f 5476/5476 5071/5071 5475/5475
f 5071/5071 5073/5073 5475/5475
f 5068/5068 5070/5070 5417/5417
f 5070/5070 5071/5071 5417/5417
f 5071/5071 5476/5476 5417/5417
f 5476/5476 5419/5419 5417/5417
f 5476/5476 5475/5475 5418/5418
f 5475/5475 4665/4665 5418/5418
f 5476/5476 5418/5418 5419/5419
f 5475/5475 5422/5422 5416/5416
f 5475/5475 5073/5073 5422/5422
f 5421/5421 5420/5420 5419/5419
f 5418/5418 5421/5421 5419/5419
f 5418/5418 3479/3479 5421/5421
f 3479/3479 3643/3643 5421/5421
f 5421/5421 3643/3643 3484/3484
f 547/547 545/545 2970/2970
f 2981/2981 547/547 2970/2970
f 2981/2981 1925/1925 547/547
f 1925/1925 2981/2981 5477/5477
f 1936/1936 1925/1925 5477/5477
f 1938/1938 1936/1936 5477/5477
f 1937/1937 1938/1938 5478/5478
f 5477/5477 5479/5479 1938/1938
f 1938/1938 5479/5479 5478/5478
f 3031/3031 5477/5477 2981/2981
f 3031/3031 5479/5479 5477/5477
f 5480/5480 5478/5478 5479/5479
f 5480/5480 5481/5481 5478/5478
f 5482/5482 5478/5478 5481/5481
f 5482/5482 1937/1937 5478/5478
f 1937/1937 5482/5482 1946/1946
f 5482/5482 5483/5483 1946/1946
f 5483/5483 1940/1940 1946/1946
f 5483/5483 5482/5482 5484/5484
f 5485/5485 5483/5483 5484/5484
f 5484/5484 5486/5486 5485/5485
f 5485/5485 1943/1943 1940/1940
f 5487/5487 1943/1943 5485/5485
f 5483/5483 5485/5485 1940/1940
f 1947/1947 1943/1943 5487/5487
f 5486/5486 5487/5487 5485/5485
f 5488/5488 5484/5484 5482/5482
f 5488/5488 5489/5489 5484/5484
f 5489/5489 5486/5486 5484/5484
f 5489/5489 5487/5487 5486/5486
f 5487/5487 5490/5490 1947/1947
f 5490/5490 1948/1948 1947/1947
f 5491/5491 5492/5492 1964/1964
f 5493/5493 1948/1948 5490/5490
f 5492/5492 5491/5491 5494/5494
f 1964/1964 1948/1948 5493/5493
f 1964/1964 5495/5495 5491/5491
f 5481/5481 5496/5496 5482/5482
f 5482/5482 5496/5496 5488/5488
f 5497/5497 5480/5480 5479/5479
f 5479/5479 3031/3031 3032/3032
f 5498/5498 5481/5481 5497/5497
f 5481/5481 5480/5480 5497/5497
f 5499/5499 5496/5496 5481/5481
f 5488/5488 5496/5496 5499/5499
f 5500/5500 5488/5488 5499/5499
f 5501/5501 5487/5487 5489/5489
f 5488/5488 5500/5500 5489/5489
f 1964/1964 5493/5493 5495/5495
f 5495/5495 5502/5502 5491/5491
f 5493/5493 5503/5503 5495/5495
f 5500/5500 5501/5501 5489/5489
f 5500/5500 5504/5504 5501/5501
f 5505/5505 5487/5487 5501/5501
f 5506/5506 5493/5493 5490/5490
f 5506/5506 5490/5490 5487/5487
f 5506/5506 5487/5487 5505/5505
f 5507/5507 5493/5493 5506/5506
f 1964/1964 5492/5492 1965/1965
f 1962/1962 1965/1965 5492/5492
f 1962/1962 5492/5492 5494/5494
f 1962/1962 5494/5494 2884/2884
f 5508/5508 5479/5479 3032/3032
f 5497/5497 5479/5479 5508/5508
f 5508/5508 3032/3032 3200/3200
f 3200/3200 3202/3202 5508/5508
f 5508/5508 3202/3202 5509/5509
f 5510/5510 5497/5497 5508/5508
f 5508/5508 5509/5509 5510/5510
f 5511/5511 5510/5510 5509/5509
f 5498/5498 5497/5497 5510/5510
f 5512/5512 5498/5498 5510/5510
f 3199/3199 3207/3207 3202/3202
f 3202/3202 3207/3207 5509/5509
f 5513/5513 5509/5509 3207/3207
f 5509/5509 5513/5513 5511/5511
f 5514/5514 5511/5511 5513/5513
f 3233/3233 5514/5514 5513/5513
f 3233/3233 5513/5513 3207/3207
f 5515/5515 3233/3233 5516/5516
f 5517/5517 5510/5510 5511/5511
f 5514/5514 5517/5517 5511/5511
f 5517/5517 5512/5512 5510/5510
f 5518/5518 5512/5512 5517/5517
f 5515/5515 5519/5519 5517/5517
f 5518/5518 5517/5517 5519/5519
f 3233/3233 5515/5515 5514/5514
f 5520/5520 5515/5515 5516/5516
f 5515/5515 5517/5517 5514/5514
f 5520/5520 5519/5519 5515/5515
f 5498/5498 5499/5499 5481/5481
f 5521/5521 5498/5498 5512/5512
f 5498/5498 5521/5521 5499/5499
f 5521/5521 5522/5522 5499/5499
f 5518/5518 5521/5521 5512/5512
f 5521/5521 5518/5518 5522/5522
f 3233/3233 3207/3207 3230/3230
f 3236/3236 3233/3233 3232/3232
f 3236/3236 5516/5516 3233/3233
f 5523/5523 5520/5520 5516/5516
f 5522/5522 5500/5500 5499/5499
f 5524/5524 5525/5525 5522/5522
f 5525/5525 5500/5500 5522/5522
f 5500/5500 5525/5525 5504/5504
f 5526/5526 5527/5527 5525/5525
f 5518/5518 5524/5524 5522/5522
f 5528/5528 5518/5518 5519/5519
f 5518/5518 5528/5528 5524/5524
f 5529/5529 5528/5528 5519/5519
f 5530/5530 5528/5528 5529/5529
f 5529/5529 5519/5519 5520/5520
f 5530/5530 5529/5529 5520/5520
f 5530/5530 5531/5531 5528/5528
f 5531/5531 5524/5524 5528/5528
f 5531/5531 5532/5532 5524/5524
f 5533/5533 5524/5524 5532/5532
f 5524/5524 5533/5533 5525/5525
f 5533/5533 5526/5526 5525/5525
f 5534/5534 5535/5535 5526/5526
f 5534/5534 5526/5526 5533/5533
f 5533/5533 5532/5532 5534/5534
f 5536/5536 5534/5534 5532/5532
f 5536/5536 5535/5535 5534/5534
f 5537/5537 5536/5536 5532/5532
f 5537/5537 5538/5538 5536/5536
f 5539/5539 5538/5538 5537/5537
f 5540/5540 3236/3236 3235/3235
f 5540/5540 5516/5516 3236/3236
f 5530/5530 5520/5520 5523/5523
f 5516/5516 5540/5540 5523/5523
f 5540/5540 5541/5541 5523/5523
f 5541/5541 5542/5542 5523/5523
f 3240/3240 5540/5540 3235/3235
f 3240/3240 5543/5543 5540/5540
f 3243/3243 3244/3244 3240/3240
f 5544/5544 3240/3240 3244/3244
f 5544/5544 5543/5543 3240/3240
f 5543/5543 5545/5545 5540/5540
f 5545/5545 5541/5541 5540/5540
f 5545/5545 5546/5546 5541/5541
f 5545/5545 5547/5547 5546/5546
f 5543/5543 5548/5548 5545/5545
f 5548/5548 5547/5547 5545/5545
f 5542/5542 5530/5530 5523/5523
f 5531/5531 5530/5530 5542/5542
f 5549/5549 5532/5532 5531/5531
f 5550/5550 5549/5549 5531/5531
f 5550/5550 5531/5531 5542/5542
f 5546/5546 5542/5542 5541/5541
f 5551/5551 5550/5550 5542/5542
f 5542/5542 5546/5546 5551/5551
f 5552/5552 5549/5549 5550/5550
f 5552/5552 5550/5550 5551/5551
f 5552/5552 5532/5532 5549/5549
f 5532/5532 5552/5552 5537/5537
f 5539/5539 5537/5537 5552/5552
f 5539/5539 5552/5552 5553/5553
f 5553/5553 5554/5554 5539/5539
f 5551/5551 5546/5546 5547/5547
f 5551/5551 5547/5547 5555/5555
f 5555/5555 5552/5552 5551/5551
f 5556/5556 5552/5552 5555/5555
f 5547/5547 5556/5556 5555/5555
f 5547/5547 5557/5557 5556/5556
f 5556/5556 5553/5553 5552/5552
f 5558/5558 5553/5553 5556/5556
f 5553/5553 5558/5558 5554/5554
f 5559/5559 5554/5554 5558/5558
f 5560/5560 5559/5559 5558/5558
f 5561/5561 5558/5558 5556/5556
f 5560/5560 5558/5558 5561/5561
f 5561/5561 5562/5562 5560/5560
f 5563/5563 5564/5564 5560/5560
f 5565/5565 5563/5563 5560/5560
f 5563/5563 5566/5566 5564/5564
f 5566/5566 5563/5563 5567/5567
f 5525/5525 5527/5527 5504/5504
f 5504/5504 5505/5505 5501/5501
f 5568/5568 5504/5504 5527/5527
f 5569/5569 5527/5527 5570/5570
f 5527/5527 5569/5569 5568/5568
f 5568/5568 5505/5505 5504/5504
f 5569/5569 5571/5571 5568/5568
f 5535/5535 5527/5527 5526/5526
f 5527/5527 5535/5535 5570/5570
f 5570/5570 5535/5535 5572/5572
f 5572/5572 5573/5573 5574/5574
f 5570/5570 5574/5574 5569/5569
f 5536/5536 5572/5572 5535/5535
f 5572/5572 5536/5536 5573/5573
f 5538/5538 5573/5573 5536/5536
f 5571/5571 5575/5575 5568/5568
f 5506/5506 5505/5505 5575/5575
f 5505/5505 5568/5568 5575/5575
f 5506/5506 5575/5575 5507/5507
f 5576/5576 5577/5577 5575/5575
f 5577/5577 5578/5578 5575/5575
f 5578/5578 5577/5577 5579/5579
f 5579/5579 5580/5580 5578/5578
f 5507/5507 5575/5575 5578/5578
f 5507/5507 5578/5578 5581/5581
f 5581/5581 5578/5578 5580/5580
f 5574/5574 5582/5582 5569/5569
f 5571/5571 5569/5569 5582/5582
f 5582/5582 5583/5583 5571/5571
f 5584/5584 5583/5583 5582/5582
f 5573/5573 5584/5584 5582/5582
f 5584/5584 5585/5585 5583/5583
f 5571/5571 5576/5576 5575/5575
f 5571/5571 5583/5583 5585/5585
f 5585/5585 5576/5576 5571/5571
f 5585/5585 5586/5586 5576/5576
f 5573/5573 5538/5538 5587/5587
f 5587/5587 5584/5584 5573/5573
f 5584/5584 5587/5587 5585/5585
f 5588/5588 5587/5587 5538/5538
f 5587/5587 5586/5586 5585/5585
f 5579/5579 5586/5586 5589/5589
f 5586/5586 5587/5587 5589/5589
f 5590/5590 5591/5591 5589/5589
f 5592/5592 5589/5589 5587/5587
f 5592/5592 5590/5590 5589/5589
f 5577/5577 5576/5576 5586/5586
f 5579/5579 5577/5577 5586/5586
f 5580/5580 5579/5579 5593/5593
f 5591/5591 5593/5593 5579/5579
f 5579/5579 5589/5589 5591/5591
f 5588/5588 5538/5538 5539/5539
f 5588/5588 5594/5594 5595/5595
f 5595/5595 5596/5596 5588/5588
f 5539/5539 5554/5554 5588/5588
f 5554/5554 5594/5594 5588/5588
f 5554/5554 5559/5559 5594/5594
f 5594/5594 5559/5559 5595/5595
f 5597/5597 5598/5598 5599/5599
f 5588/5588 5592/5592 5587/5587
f 5596/5596 5592/5592 5588/5588
f 5599/5599 5590/5590 5592/5592
f 5596/5596 5599/5599 5592/5592
f 5599/5599 5596/5596 5597/5597
f 5600/5600 5599/5599 5598/5598
f 5590/5590 5599/5599 5600/5600
f 5596/5596 5595/5595 5597/5597
f 5559/5559 5601/5601 5595/5595
f 5598/5598 5602/5602 5600/5600
f 5603/5603 5600/5600 5602/5602
f 5602/5602 5604/5604 5603/5603
f 5564/5564 5601/5601 5559/5559
f 5564/5564 5602/5602 5601/5601
f 5604/5604 5602/5602 5564/5564
f 5605/5605 5606/5606 5604/5604
f 5604/5604 5607/5607 5603/5603
f 5566/5566 5605/5605 5564/5564
f 5608/5608 5605/5605 5566/5566
f 5544/5544 3244/3244 3323/3323
f 5544/5544 5548/5548 5543/5543
f 5609/5609 5548/5548 5544/5544
f 5609/5609 5544/5544 3323/3323
f 3329/3329 3323/3323 3321/3321
f 5610/5610 5609/5609 3323/3323
f 3329/3329 5610/5610 3323/3323
f 5611/5611 5548/5548 5609/5609
f 5611/5611 5547/5547 5548/5548
f 5610/5610 5612/5612 5609/5609
f 5611/5611 5609/5609 5612/5612
f 5613/5613 5612/5612 5610/5610
f 5611/5611 5612/5612 5614/5614
f 5615/5615 5611/5611 5614/5614
f 5613/5613 5610/5610 3329/3329
f 3329/3329 3330/3330 3355/3355
f 3355/3355 5616/5616 3329/3329
f 5616/5616 5613/5613 3329/3329
f 5614/5614 5612/5612 5613/5613
f 5616/5616 5614/5614 5613/5613
f 5614/5614 5617/5617 5615/5615
f 5618/5618 5619/5619 5616/5616
f 5619/5619 5614/5614 5616/5616
f 5619/5619 5617/5617 5614/5614
f 5617/5617 5619/5619 5620/5620
f 5611/5611 5557/5557 5547/5547
f 5556/5556 5557/5557 5561/5561
f 5621/5621 5561/5561 5557/5557
f 5557/5557 5622/5622 5621/5621
f 5611/5611 5622/5622 5557/5557
f 5615/5615 5622/5622 5611/5611
f 5617/5617 5622/5622 5615/5615
f 5623/5623 5561/5561 5621/5621
f 5562/5562 5561/5561 5623/5623
f 5624/5624 5623/5623 5621/5621
f 5623/5623 5624/5624 5625/5625
f 5622/5622 5624/5624 5621/5621
f 5625/5625 5562/5562 5623/5623
f 5625/5625 5626/5626 5562/5562
f 5624/5624 5627/5627 5625/5625
f 5626/5626 5625/5625 5627/5627
f 5562/5562 5565/5565 5560/5560
f 5562/5562 5628/5628 5565/5565
f 5629/5629 5565/5565 5628/5628
f 5626/5626 5628/5628 5562/5562
f 5630/5630 5629/5629 5628/5628
f 5629/5629 5567/5567 5565/5565
f 5565/5565 5567/5567 5563/5563
f 5630/5630 5631/5631 5567/5567
f 5630/5630 5567/5567 5629/5629
f 5632/5632 5631/5631 5630/5630
f 5626/5626 5630/5630 5628/5628
f 5633/5633 5634/5634 5630/5630
f 5632/5632 5630/5630 5634/5634
f 5624/5624 5622/5622 5635/5635
f 5635/5635 5622/5622 5617/5617
f 5635/5635 5617/5617 5620/5620
f 5636/5636 5635/5635 5620/5620
f 5635/5635 5637/5637 5624/5624
f 5637/5637 5635/5635 5636/5636
f 5624/5624 5637/5637 5627/5627
f 5638/5638 5626/5626 5627/5627
f 5639/5639 5637/5637 5640/5640
f 5638/5638 5627/5627 5637/5637
f 5637/5637 5639/5639 5638/5638
f 5636/5636 5620/5620 5641/5641
f 5642/5642 5641/5641 5620/5620
f 5640/5640 5637/5637 5636/5636
f 5641/5641 5640/5640 5636/5636
f 5640/5640 5641/5641 5643/5643
f 5642/5642 5643/5643 5641/5641
f 5642/5642 5644/5644 5643/5643
f 5644/5644 5640/5640 5643/5643
f 5640/5640 5644/5644 5639/5639
f 5645/5645 5639/5639 5644/5644
f 5633/5633 5626/5626 5638/5638
f 5630/5630 5626/5626 5633/5633
f 5633/5633 5638/5638 5639/5639
f 5634/5634 5633/5633 5639/5639
f 5646/5646 5632/5632 5634/5634
f 5639/5639 5645/5645 5634/5634
f 5646/5646 5634/5634 5647/5647
f 5647/5647 5634/5634 5645/5645
f 3357/3357 3355/3355 3354/3354
f 5648/5648 3355/3355 3357/3357
f 5648/5648 5616/5616 3355/3355
f 5649/5649 5616/5616 5648/5648
f 5618/5618 5616/5616 5649/5649
f 5649/5649 5648/5648 3357/3357
f 3358/3358 5649/5649 3357/3357
f 5650/5650 5649/5649 3358/3358
f 5651/5651 5649/5649 5650/5650
f 5651/5651 5618/5618 5649/5649
f 5651/5651 5652/5652 5618/5618
f 5653/5653 5651/5651 5650/5650
f 5651/5651 5653/5653 5654/5654
f 5654/5654 5618/5618 5652/5652
f 5650/5650 3358/3358 3364/3364
f 3366/3366 3364/3364 3363/3363
f 3418/3418 3364/3364 3366/3366
f 5654/5654 5619/5619 5618/5618
f 5654/5654 5655/5655 5619/5619
f 5642/5642 5620/5620 5619/5619
f 5642/5642 5619/5619 5655/5655
f 5654/5654 5652/5652 5651/5651
f 5656/5656 5657/5657 5654/5654
f 5657/5657 5655/5655 5654/5654
f 5658/5658 5650/5650 5659/5659
f 5659/5659 5650/5650 3364/3364
f 5659/5659 3364/3364 3418/3418
f 5660/5660 5658/5658 5659/5659
f 5653/5653 5656/5656 5654/5654
f 5658/5658 5653/5653 5650/5650
f 5656/5656 5653/5653 5658/5658
f 5656/5656 5658/5658 5661/5661
f 5662/5662 5657/5657 5656/5656
f 5661/5661 5662/5662 5656/5656
f 5663/5663 5662/5662 5661/5661
f 5658/5658 5664/5664 5661/5661
f 5660/5660 5664/5664 5658/5658
f 5661/5661 5664/5664 5665/5665
f 5666/5666 5661/5661 5665/5665
f 5667/5667 5666/5666 5665/5665
f 5666/5666 5668/5668 5661/5661
f 5642/5642 5669/5669 5644/5644
f 5655/5655 5669/5669 5642/5642
f 5657/5657 5669/5669 5655/5655
f 5670/5670 5644/5644 5669/5669
f 5671/5671 5644/5644 5670/5670
f 5671/5671 5645/5645 5644/5644
f 5657/5657 5670/5670 5669/5669
f 5670/5670 5657/5657 5662/5662
f 5672/5672 5671/5671 5670/5670
f 5645/5645 5671/5671 5647/5647
f 5673/5673 5647/5647 5671/5671
f 5663/5663 5670/5670 5662/5662
f 5663/5663 5672/5672 5670/5670
f 5663/5663 5674/5674 5672/5672
f 5675/5675 5674/5674 5663/5663
f 5676/5676 5672/5672 5674/5674
f 5661/5661 5675/5675 5663/5663
f 5668/5668 5675/5675 5661/5661
f 5675/5675 5677/5677 5674/5674
f 5675/5675 5668/5668 5677/5677
f 5668/5668 5678/5678 5677/5677
f 5678/5678 5668/5668 5666/5666
f 5679/5679 5678/5678 5666/5666
f 5631/5631 5566/5566 5567/5567
f 5631/5631 5608/5608 5566/5566
f 5608/5608 5631/5631 5680/5680
f 3418/3418 5660/5660 5659/5659
f 5681/5681 5682/5682 5660/5660
f 5681/5681 3418/3418 3417/3417
f 3417/3417 3420/3420 5683/5683
f 5683/5683 5681/5681 3417/3417
f 5684/5684 5681/5681 5683/5683
f 5660/5660 3418/3418 5681/5681
f 5682/5682 5664/5664 5660/5660
f 5664/5664 5682/5682 5685/5685
f 5685/5685 5665/5665 5664/5664
f 5685/5685 5667/5667 5665/5665
f 5686/5686 5667/5667 5685/5685
f 5686/5686 5679/5679 5667/5667
f 5686/5686 5687/5687 5679/5679
f 5681/5681 5685/5685 5682/5682
f 5681/5681 5688/5688 5685/5685
f 5689/5689 5686/5686 5685/5685
f 5688/5688 5689/5689 5685/5685
f 5686/5686 5689/5689 5687/5687
f 5688/5688 5690/5690 5689/5689
f 5689/5689 5690/5690 5691/5691
f 3586/3586 5683/5683 3420/3420
f 5692/5692 5684/5684 5683/5683
f 5681/5681 5684/5684 5688/5688
f 5693/5693 5690/5690 5688/5688
f 5679/5679 5666/5666 5667/5667
f 5687/5687 5694/5694 5679/5679
f 3446/3446 5695/5695 3443/3443
f 5564/5564 5559/5559 5560/5560
f 5572/5572 5574/5574 5570/5570
f 5573/5573 5582/5582 5574/5574
f 5601/5601 5598/5598 5597/5597
f 5595/5595 5601/5601 5597/5597
f 5601/5601 5602/5602 5598/5598
f 5604/5604 5564/5564 5605/5605
f 5692/5692 5683/5683 3586/3586
f 5692/5692 5696/5696 5684/5684
f 5684/5684 5696/5696 5688/5688
f 3587/3587 5692/5692 3586/3586
f 5692/5692 3587/3587 5696/5696
f 5697/5697 5696/5696 3587/3587
f 5696/5696 5698/5698 5688/5688
f 5693/5693 5688/5688 5698/5698
f 5699/5699 5698/5698 5696/5696
f 3623/3623 3587/3587 3584/3584
f 5697/5697 3587/3587 3623/3623
f 5700/5700 3623/3623 3625/3625
f 3623/3623 5700/5700 5701/5701
f 5702/5702 5699/5699 5697/5697
f 5697/5697 5699/5699 5696/5696
f 3623/3623 5701/5701 5697/5697
f 5701/5701 5703/5703 5697/5697
f 3625/3625 3629/3629 5700/5700
f 3636/3636 5700/5700 3629/3629
f 3636/3636 5704/5704 5700/5700
f 3634/3634 5705/5705 3637/3637
f 5706/5706 3636/3636 3637/3637
f 5706/5706 5704/5704 3636/3636
f 5705/5705 5706/5706 3637/3637
f 5707/5707 5706/5706 5705/5705
f 5704/5704 5701/5701 5700/5700
f 5701/5701 5704/5704 5708/5708
f 5708/5708 5703/5703 5701/5701
f 5704/5704 5706/5706 5708/5708
f 5706/5706 5707/5707 5709/5709
f 5709/5709 5708/5708 5706/5706
f 5710/5710 5709/5709 5707/5707
f 5708/5708 5709/5709 5711/5711
f 5711/5711 5709/5709 5712/5712
f 5703/5703 5702/5702 5697/5697
f 5702/5702 5703/5703 5713/5713
f 5703/5703 5708/5708 5711/5711
f 5712/5712 5714/5714 5711/5711
f 5711/5711 5714/5714 5715/5715
f 5711/5711 5715/5715 5703/5703
f 5703/5703 5715/5715 5713/5713
f 3444/3444 5716/5716 3642/3642
f 3444/3444 5717/5717 5716/5716
f 5718/5718 5719/5719 5717/5717
f 5718/5718 5717/5717 3444/3444
f 5695/5695 5718/5718 3444/3444
f 5695/5695 5720/5720 5718/5718
f 3444/3444 3443/3443 5695/5695
f 3634/3634 3642/3642 5705/5705
f 3642/3642 5721/5721 5705/5705
f 5721/5721 5707/5707 5705/5705
f 5707/5707 5721/5721 5722/5722
f 5721/5721 3642/3642 5716/5716
f 5721/5721 5716/5716 5717/5717
f 5717/5717 5722/5722 5721/5721
f 5707/5707 5722/5722 5710/5710
f 5719/5719 5722/5722 5717/5717
f 2805/2805 2804/2804 5723/5723
f 5723/5723 2804/2804 2806/2806
f 5723/5723 2806/2806 5724/5724
f 5723/5723 5724/5724 5725/5725
f 5724/5724 2806/2806 2865/2865
f 2871/2871 5724/5724 2865/2865
f 5726/5726 5724/5724 2871/2871
f 5727/5727 5725/5725 5724/5724
f 5727/5727 5724/5724 5728/5728
f 5729/5729 5730/5730 5727/5727
f 5729/5729 5727/5727 5728/5728
f 5731/5731 5724/5724 5726/5726
f 5728/5728 5724/5724 5731/5731
f 2871/2871 5732/5732 5726/5726
f 5731/5731 5726/5726 5732/5732
f 5732/5732 2871/2871 5733/5733
f 5734/5734 5728/5728 5731/5731
f 5728/5728 5734/5734 5729/5729
f 5731/5731 5735/5735 5734/5734
f 5736/5736 5731/5731 5732/5732
f 5736/5736 5732/5732 5737/5737
f 5729/5729 5738/5738 5730/5730
f 5738/5738 5729/5729 5739/5739
f 5740/5740 5741/5741 5738/5738
f 5740/5740 5738/5738 5735/5735
f 5739/5739 5729/5729 5734/5734
f 5739/5739 5734/5734 5735/5735
f 5735/5735 5738/5738 5739/5739
f 5735/5735 5731/5731 5736/5736
f 5736/5736 5742/5742 5735/5735
f 5735/5735 5743/5743 5740/5740
f 5743/5743 5735/5735 5742/5742
f 5744/5744 5743/5743 5742/5742
f 5742/5742 5736/5736 5745/5745
f 5742/5742 5745/5745 5746/5746
f 5747/5747 5743/5743 5744/5744
f 5748/5748 5749/5749 5743/5743
f 5747/5747 5748/5748 5743/5743
f 5744/5744 5742/5742 5746/5746
f 5744/5744 5746/5746 5750/5750
f 5751/5751 5744/5744 5750/5750
f 5748/5748 5747/5747 5752/5752
f 5753/5753 5752/5752 5747/5747
f 5747/5747 5754/5754 5753/5753
f 5747/5747 5744/5744 5755/5755
f 5754/5754 5747/5747 5755/5755
f 2883/2883 2884/2884 5756/5756
f 5756/5756 5757/5757 2883/2883
f 2878/2878 2820/2820 5758/5758
f 5759/5759 5758/5758 5760/5760
f 5761/5761 5759/5759 5760/5760
f 2821/2821 2812/2812 2883/2883
f 5762/5762 2823/2823 2821/2821
f 5763/5763 2823/2823 5757/5757
f 5762/5762 2821/2821 2883/2883
f 5757/5757 2823/2823 5762/5762
f 2883/2883 5757/5757 5762/5762
f 2826/2826 2822/2822 2823/2823
f 5764/5764 2826/2826 2823/2823
f 5764/5764 2820/2820 2826/2826
f 5764/5764 5758/5758 2820/2820
f 5760/5760 2823/2823 5763/5763
f 5760/5760 5764/5764 2823/2823
f 5760/5760 5758/5758 5764/5764
f 5765/5765 5759/5759 5761/5761
f 5766/5766 5757/5757 5756/5756
f 5766/5766 5767/5767 5757/5757
f 5767/5767 5763/5763 5757/5757
f 5768/5768 5760/5760 5763/5763
f 5763/5763 5765/5765 5768/5768
f 5765/5765 5761/5761 5768/5768
f 5760/5760 5768/5768 5761/5761
f 5769/5769 5763/5763 5767/5767
f 5765/5765 5763/5763 5769/5769
f 5770/5770 2884/2884 5494/5494
f 5770/5770 5756/5756 2884/2884
f 5502/5502 5494/5494 5491/5491
f 5770/5770 5494/5494 5502/5502
f 5767/5767 5771/5771 5769/5769
f 5769/5769 5771/5771 5772/5772
f 5772/5772 5771/5771 5773/5773
f 5774/5774 5773/5773 5771/5771
f 5771/5771 5775/5775 5774/5774
f 5776/5776 5771/5771 5767/5767
f 5766/5766 5776/5776 5767/5767
f 5777/5777 5766/5766 5756/5756
f 5777/5777 5775/5775 5776/5776
f 5777/5777 5776/5776 5766/5766
f 5778/5778 5775/5775 5777/5777
f 5774/5774 5775/5775 5778/5778
f 5777/5777 5779/5779 5778/5778
f 5780/5780 5774/5774 5778/5778
f 5778/5778 5781/5781 5782/5782
f 5778/5778 5779/5779 5781/5781
f 5779/5779 5783/5783 5784/5784
f 5781/5781 5779/5779 5784/5784
f 5782/5782 5780/5780 5778/5778
f 5785/5785 5780/5780 5782/5782
f 5785/5785 5782/5782 5786/5786
f 5786/5786 5782/5782 5781/5781
f 5777/5777 5783/5783 5779/5779
f 5756/5756 5783/5783 5777/5777
f 5787/5787 5756/5756 5770/5770
f 5787/5787 5783/5783 5756/5756
f 5788/5788 2861/2861 2860/2860
f 5788/5788 2860/2860 5789/5789
f 2859/2859 2863/2863 2862/2862
f 5789/5789 2860/2860 2862/2862
f 5790/5790 5789/5789 2862/2862
f 5789/5789 5791/5791 5788/5788
f 5790/5790 5791/5791 5789/5789
f 5792/5792 5793/5793 5791/5791
f 5794/5794 5795/5795 5796/5796
f 5794/5794 5790/5790 5795/5795
f 5792/5792 5791/5791 5790/5790
f 5797/5797 5798/5798 5792/5792
f 5799/5799 5794/5794 5796/5796
f 5794/5794 5799/5799 5790/5790
f 5790/5790 5799/5799 5792/5792
f 5799/5799 5797/5797 5792/5792
f 2872/2872 2871/2871 2868/2868
f 2871/2871 2872/2872 5800/5800
f 2872/2872 2870/2870 2861/2861
f 2861/2861 5801/5801 2872/2872
f 2861/2861 5788/5788 5801/5801
f 5801/5801 5800/5800 2872/2872
f 5800/5800 5802/5802 2871/2871
f 5793/5793 5800/5800 5801/5801
f 5788/5788 5793/5793 5801/5801
f 2871/2871 5802/5802 5733/5733
f 5802/5802 5800/5800 5793/5793
f 5737/5737 5733/5733 5802/5802
f 5802/5802 5803/5803 5737/5737
f 5793/5793 5803/5803 5802/5802
f 5804/5804 5803/5803 5793/5793
f 5804/5804 5793/5793 5798/5798
f 5805/5805 5737/5737 5803/5803
f 5737/5737 5732/5732 5733/5733
f 5788/5788 5791/5791 5793/5793
f 5798/5798 5793/5793 5792/5792
f 5798/5798 5806/5806 5804/5804
f 2863/2863 2855/2855 2877/2877
f 5807/5807 2863/2863 2877/2877
f 5808/5808 2877/2877 2878/2878
f 5809/5809 2863/2863 5807/5807
f 2877/2877 5808/5808 5807/5807
f 2878/2878 2817/2817 2820/2820
f 5810/5810 5808/5808 2878/2878
f 5758/5758 5810/5810 2878/2878
f 5811/5811 5807/5807 5808/5808
f 5759/5759 5808/5808 5810/5810
f 5811/5811 5808/5808 5759/5759
f 5758/5758 5759/5759 5810/5810
f 5811/5811 5759/5759 5812/5812
f 2863/2863 5809/5809 2862/2862
f 5811/5811 5812/5812 5796/5796
f 5759/5759 5765/5765 5812/5812
f 5773/5773 5813/5813 5812/5812
f 5813/5813 5796/5796 5812/5812
f 5812/5812 5765/5765 5769/5769
f 5772/5772 5812/5812 5769/5769
f 5813/5813 5799/5799 5796/5796
f 5806/5806 5798/5798 5797/5797
f 5797/5797 5799/5799 5814/5814
f 5815/5815 5797/5797 5814/5814
f 5797/5797 5816/5816 5817/5817
f 5817/5817 5806/5806 5797/5797
f 5818/5818 5815/5815 5814/5814
f 5819/5819 5816/5816 5815/5815
f 5819/5819 5815/5815 5820/5820
f 5815/5815 5816/5816 5797/5797
f 5821/5821 5817/5817 5822/5822
f 5816/5816 5822/5822 5817/5817
f 5823/5823 5821/5821 5822/5822
f 5819/5819 5820/5820 5824/5824
f 5825/5825 5819/5819 5826/5826
f 5827/5827 5823/5823 5825/5825
f 5826/5826 5819/5819 5824/5824
f 5827/5827 5825/5825 5826/5826
f 5816/5816 5819/5819 5825/5825
f 5822/5822 5816/5816 5825/5825
f 5823/5823 5822/5822 5825/5825
f 5828/5828 5827/5827 5826/5826
f 5829/5829 5823/5823 5827/5827
f 5830/5830 5737/5737 5805/5805
f 5805/5805 5831/5831 5830/5830
f 5832/5832 5736/5736 5830/5830
f 5805/5805 5803/5803 5804/5804
f 5805/5805 5804/5804 5833/5833
f 5805/5805 5833/5833 5834/5834
f 5831/5831 5805/5805 5834/5834
f 5830/5830 5831/5831 5832/5832
f 5833/5833 5835/5835 5834/5834
f 5834/5834 5835/5835 5836/5836
f 5832/5832 5831/5831 5834/5834
f 5736/5736 5737/5737 5830/5830
f 5745/5745 5736/5736 5832/5832
f 5746/5746 5745/5745 5832/5832
f 5833/5833 5804/5804 5806/5806
f 5806/5806 5817/5817 5833/5833
f 5833/5833 5817/5817 5835/5835
f 5837/5837 5746/5746 5832/5832
f 5836/5836 5832/5832 5834/5834
f 5838/5838 5832/5832 5836/5836
f 5832/5832 5838/5838 5837/5837
f 5839/5839 5755/5755 5751/5751
f 5751/5751 5837/5837 5839/5839
f 5839/5839 5837/5837 5838/5838
f 5838/5838 5840/5840 5839/5839
f 5839/5839 5840/5840 5841/5841
f 5751/5751 5750/5750 5837/5837
f 5750/5750 5746/5746 5837/5837
f 5755/5755 5744/5744 5751/5751
f 5821/5821 5835/5835 5817/5817
f 5835/5835 5821/5821 5836/5836
f 5838/5838 5821/5821 5823/5823
f 5821/5821 5838/5838 5836/5836
f 5840/5840 5838/5838 5823/5823
f 5773/5773 5818/5818 5813/5813
f 5813/5813 5818/5818 5799/5799
f 5812/5812 5772/5772 5773/5773
f 5842/5842 5773/5773 5774/5774
f 5818/5818 5773/5773 5842/5842
f 5818/5818 5842/5842 5820/5820
f 5799/5799 5818/5818 5814/5814
f 5820/5820 5815/5815 5818/5818
f 5842/5842 5774/5774 5780/5780
f 5820/5820 5842/5842 5780/5780
f 5820/5820 5780/5780 5843/5843
f 5843/5843 5824/5824 5820/5820
f 5844/5844 5845/5845 5843/5843
f 5845/5845 5824/5824 5843/5843
f 5826/5826 5845/5845 5828/5828
f 5845/5845 5826/5826 5824/5824
f 5843/5843 5780/5780 5785/5785
f 5754/5754 5755/5755 5846/5846
f 5847/5847 5754/5754 5848/5848
f 5847/5847 5753/5753 5754/5754
f 5847/5847 5849/5849 5850/5850
f 5850/5850 5849/5849 5851/5851
f 5850/5850 5851/5851 5852/5852
f 5853/5853 5852/5852 5851/5851
f 5854/5854 5852/5852 5853/5853
f 5854/5854 5853/5853 5855/5855
f 5856/5856 5854/5854 5855/5855
f 5857/5857 5856/5856 5858/5858
f 5857/5857 5859/5859 5860/5860
f 5859/5859 5861/5861 5860/5860
f 5495/5495 5503/5503 5502/5502
f 5770/5770 5502/5502 5503/5503
f 5783/5783 5787/5787 5784/5784
f 5781/5781 5784/5784 5786/5786
f 5786/5786 5784/5784 5862/5862
f 5863/5863 5864/5864 5786/5786
f 5865/5865 5866/5866 5863/5863
f 5863/5863 5786/5786 5862/5862
f 5867/5867 5865/5865 5868/5868
f 5868/5868 5865/5865 5862/5862
f 5787/5787 5862/5862 5784/5784
f 5868/5868 5862/5862 5787/5787
f 5865/5865 5863/5863 5862/5862
f 5868/5868 5869/5869 5867/5867
f 5870/5870 5871/5871 5872/5872
f 5870/5870 5873/5873 5871/5871
f 5503/5503 5493/5493 5874/5874
f 5874/5874 5493/5493 5507/5507
f 5875/5875 5503/5503 5874/5874
f 5770/5770 5875/5875 5876/5876
f 5770/5770 5503/5503 5875/5875
f 5877/5877 5875/5875 5878/5878
f 5868/5868 5879/5879 5869/5869
f 5880/5880 5869/5869 5879/5879
f 5770/5770 5881/5881 5787/5787
f 5881/5881 5770/5770 5876/5876
f 5787/5787 5881/5881 5868/5868
f 5879/5879 5868/5868 5881/5881
f 5882/5882 5880/5880 5879/5879
f 5882/5882 5879/5879 5881/5881
f 5877/5877 5876/5876 5875/5875
f 5877/5877 5883/5883 5884/5884
f 5877/5877 5885/5885 5876/5876
f 5886/5886 5876/5876 5885/5885
f 5884/5884 5885/5885 5877/5877
f 5887/5887 5885/5885 5884/5884
f 5876/5876 5886/5886 5881/5881
f 5881/5881 5888/5888 5882/5882
f 5889/5889 5890/5890 5888/5888
f 5886/5886 5888/5888 5881/5881
f 5872/5872 5886/5886 5887/5887
f 5887/5887 5886/5886 5885/5885
f 5889/5889 5888/5888 5886/5886
f 5886/5886 5872/5872 5889/5889
f 5889/5889 5872/5872 5871/5871
f 5871/5871 5890/5890 5889/5889
f 5891/5891 5892/5892 5866/5866
f 5893/5893 5823/5823 5894/5894
f 5895/5895 5893/5893 5894/5894
f 5827/5827 5896/5896 5829/5829
f 5829/5829 5896/5896 5892/5892
f 5823/5823 5829/5829 5894/5894
f 5894/5894 5829/5829 5892/5892
f 5897/5897 5894/5894 5891/5891
f 5892/5892 5891/5891 5894/5894
f 5897/5897 5895/5895 5894/5894
f 5898/5898 5895/5895 5897/5897
f 5899/5899 5891/5891 5900/5900
f 5901/5901 5891/5891 5899/5899
f 5902/5902 5901/5901 5899/5899
f 5897/5897 5903/5903 5898/5898
f 5891/5891 5903/5903 5897/5897
f 5903/5903 5891/5891 5901/5901
f 5901/5901 5902/5902 5903/5903
f 5903/5903 5902/5902 5898/5898
f 5898/5898 5902/5902 5904/5904
f 5905/5905 5906/5906 5904/5904
f 5902/5902 5907/5907 5908/5908
f 5908/5908 5904/5904 5902/5902
f 5908/5908 5905/5905 5904/5904
f 5909/5909 5905/5905 5908/5908
f 5846/5846 5755/5755 5839/5839
f 5910/5910 5840/5840 5893/5893
f 5846/5846 5839/5839 5841/5841
f 5910/5910 5841/5841 5840/5840
f 5846/5846 5841/5841 5911/5911
f 5912/5912 5913/5913 5914/5914
f 5911/5911 5841/5841 5910/5910
f 5915/5915 5911/5911 5910/5910
f 5914/5914 5913/5913 5911/5911
f 5846/5846 5848/5848 5754/5754
f 5848/5848 5846/5846 5913/5913
f 5846/5846 5911/5911 5913/5913
f 5912/5912 5848/5848 5913/5913
f 5849/5849 5848/5848 5912/5912
f 5849/5849 5847/5847 5848/5848
f 5893/5893 5840/5840 5823/5823
f 5910/5910 5893/5893 5895/5895
f 5895/5895 5915/5915 5910/5910
f 5916/5916 5912/5912 5914/5914
f 5914/5914 5911/5911 5917/5917
f 5914/5914 5917/5917 5916/5916
f 5918/5918 5916/5916 5917/5917
f 5917/5917 5911/5911 5915/5915
f 5919/5919 5917/5917 5915/5915
f 5918/5918 5917/5917 5920/5920
f 5921/5921 5918/5918 5920/5920
f 5920/5920 5917/5917 5919/5919
f 5851/5851 5849/5849 5912/5912
f 5912/5912 5916/5916 5918/5918
f 5912/5912 5922/5922 5851/5851
f 5918/5918 5922/5922 5912/5912
f 5922/5922 5918/5918 5921/5921
f 5906/5906 5915/5915 5895/5895
f 5906/5906 5895/5895 5898/5898
f 5898/5898 5904/5904 5906/5906
f 5919/5919 5915/5915 5906/5906
f 5905/5905 5923/5923 5906/5906
f 5906/5906 5923/5923 5919/5919
f 5864/5864 5843/5843 5785/5785
f 5864/5864 5844/5844 5843/5843
f 5864/5864 5785/5785 5786/5786
f 5844/5844 5828/5828 5845/5845
f 5827/5827 5828/5828 5844/5844
f 5896/5896 5827/5827 5844/5844
f 5864/5864 5896/5896 5844/5844
f 5866/5866 5864/5864 5863/5863
f 5866/5866 5892/5892 5896/5896
f 5867/5867 5866/5866 5865/5865
f 5866/5866 5867/5867 5900/5900
f 5900/5900 5891/5891 5866/5866
f 5869/5869 5900/5900 5867/5867
f 5869/5869 5899/5899 5900/5900
f 5880/5880 5924/5924 5899/5899
f 5924/5924 5925/5925 5907/5907
f 5926/5926 5925/5925 5882/5882
f 5925/5925 5927/5927 5928/5928
f 5927/5927 5925/5925 5926/5926
f 5929/5929 5928/5928 5909/5909
f 5930/5930 5905/5905 5909/5909
f 5931/5931 5930/5930 5909/5909
f 5929/5929 5908/5908 5907/5907
f 5925/5925 5929/5929 5907/5907
f 5929/5929 5909/5909 5908/5908
f 5928/5928 5929/5929 5925/5925
f 5928/5928 5932/5932 5909/5909
f 5932/5932 5933/5933 5934/5934
f 5932/5932 5931/5931 5909/5909
f 5934/5934 5931/5931 5932/5932
f 5934/5934 5935/5935 5931/5931
f 5927/5927 5932/5932 5928/5928
f 5926/5926 5882/5882 5890/5890
f 5936/5936 5926/5926 5890/5890
f 5936/5936 5927/5927 5926/5926
f 5937/5937 5927/5927 5936/5936
f 5873/5873 5890/5890 5871/5871
f 5873/5873 5936/5936 5890/5890
f 5873/5873 5937/5937 5936/5936
f 5938/5938 5937/5937 5873/5873
f 5933/5933 5932/5932 5939/5939
f 5940/5940 5934/5934 5933/5933
f 5935/5935 5934/5934 5940/5940
f 5941/5941 5940/5940 5933/5933
f 5939/5939 5932/5932 5927/5927
f 5937/5937 5939/5939 5927/5927
f 5939/5939 5941/5941 5933/5933
f 5942/5942 5940/5940 5941/5941
f 5943/5943 5940/5940 5942/5942
f 5941/5941 5939/5939 5937/5937
f 5919/5919 5944/5944 5920/5920
f 5920/5920 5945/5945 5921/5921
f 5945/5945 5946/5946 5921/5921
f 5944/5944 5945/5945 5920/5920
f 5945/5945 5944/5944 5947/5947
f 5946/5946 5945/5945 5948/5948
f 5949/5949 5946/5946 5948/5948
f 5947/5947 5948/5948 5945/5945
f 5922/5922 5921/5921 5950/5950
f 5851/5851 5922/5922 5950/5950
f 5950/5950 5853/5853 5851/5851
f 5946/5946 5950/5950 5921/5921
f 5853/5853 5950/5950 5946/5946
f 5855/5855 5853/5853 5946/5946
f 5855/5855 5946/5946 5949/5949
f 5923/5923 5944/5944 5919/5919
f 5923/5923 5931/5931 5944/5944
f 5931/5931 5935/5935 5944/5944
f 5944/5944 5935/5935 5947/5947
f 5948/5948 5947/5947 5951/5951
f 5949/5949 5948/5948 5951/5951
f 5951/5951 5943/5943 5952/5952
f 5952/5952 5949/5949 5951/5951
f 5953/5953 5943/5943 5954/5954
f 5952/5952 5943/5943 5953/5953
f 5858/5858 5856/5856 5855/5855
f 5949/5949 5952/5952 5855/5855
f 5858/5858 5855/5855 5952/5952
f 5953/5953 5955/5955 5858/5858
f 5952/5952 5953/5953 5858/5858
f 5955/5955 5857/5857 5858/5858
f 5859/5859 5857/5857 5955/5955
f 5947/5947 5935/5935 5940/5940
f 5940/5940 5951/5951 5947/5947
f 5951/5951 5940/5940 5943/5943
f 5869/5869 5880/5880 5899/5899
f 5880/5880 5925/5925 5924/5924
f 5925/5925 5880/5880 5882/5882
f 5890/5890 5882/5882 5888/5888
f 2879/2879 2803/2803 2805/2805
f 2879/2879 2805/2805 5956/5956
f 5956/5956 2805/2805 5723/5723
f 5956/5956 5723/5723 5725/5725
f 3988/3988 3981/3981 2879/2879
f 3988/3988 2879/2879 5957/5957
f 3988/3988 5957/5957 5958/5958
f 5957/5957 2879/2879 5956/5956
f 5957/5957 5956/5956 5725/5725
f 5725/5725 5959/5959 5957/5957
f 5725/5725 5741/5741 5959/5959
f 5730/5730 5725/5725 5727/5727
f 5741/5741 5725/5725 5730/5730
f 4014/4014 3988/3988 5960/5960
f 4015/4015 4014/4014 5960/5960
f 5958/5958 5960/5960 3988/3988
f 5961/5961 5958/5958 5957/5957
f 4015/4015 5960/5960 5958/5958
f 5962/5962 4015/4015 5958/5958
f 5957/5957 5959/5959 5961/5961
f 5962/5962 5958/5958 5961/5961
f 5963/5963 5961/5961 5959/5959
f 5963/5963 5962/5962 5961/5961
f 5962/5962 5963/5963 5964/5964
f 5964/5964 5965/5965 5962/5962
f 5963/5963 5959/5959 5966/5966
f 5967/5967 5963/5963 5966/5966
f 4021/4021 4016/4016 4015/4015
f 4015/4015 5962/5962 5965/5965
f 5968/5968 4015/4015 5965/5965
f 4017/4017 4021/4021 4022/4022
f 5968/5968 4021/4021 4015/4015
f 5968/5968 4022/4022 4021/4021
f 4022/4022 5968/5968 5969/5969
f 5970/5970 5965/5965 5964/5964
f 5964/5964 5963/5963 5967/5967
f 5970/5970 5964/5964 5971/5971
f 5968/5968 5965/5965 5970/5970
f 5972/5972 5968/5968 5970/5970
f 5971/5971 5972/5972 5970/5970
f 5971/5971 5973/5973 5974/5974
f 5969/5969 5968/5968 5972/5972
f 5966/5966 5959/5959 5741/5741
f 5730/5730 5738/5738 5741/5741
f 5967/5967 5966/5966 5749/5749
f 5749/5749 5966/5966 5741/5741
f 5975/5975 5967/5967 5749/5749
f 5741/5741 5740/5740 5749/5749
f 5740/5740 5743/5743 5749/5749
f 5975/5975 5964/5964 5967/5967
f 5964/5964 5976/5976 5971/5971
f 5976/5976 5964/5964 5975/5975
f 5973/5973 5971/5971 5976/5976
f 5976/5976 5975/5975 5749/5749
f 5976/5976 5749/5749 5748/5748
f 5973/5973 5976/5976 5977/5977
f 5748/5748 5753/5753 5976/5976
f 5977/5977 5976/5976 5753/5753
f 5752/5752 5753/5753 5748/5748
f 4118/4118 4019/4019 4022/4022
f 4117/4117 4118/4118 4120/4120
f 4022/4022 5978/5978 4118/4118
f 4022/4022 5969/5969 5978/5978
f 5979/5979 4120/4120 4118/4118
f 5980/5980 4127/4127 4120/4120
f 4119/4119 4120/4120 4127/4127
f 5979/5979 4118/4118 5978/5978
f 5980/5980 4120/4120 5979/5979
f 5974/5974 5972/5972 5971/5971
f 5974/5974 5973/5973 5981/5981
f 5981/5981 5972/5972 5974/5974
f 5982/5982 5978/5978 5969/5969
f 5982/5982 5969/5969 5972/5972
f 5972/5972 5981/5981 5982/5982
f 5979/5979 5978/5978 5982/5982
f 5983/5983 5979/5979 5982/5982
f 5983/5983 5982/5982 5981/5981
f 5979/5979 5983/5983 5980/5980
f 5984/5984 4127/4127 5980/5980
f 4128/4128 4126/4126 4127/4127
f 4128/4128 4127/4127 5984/5984
f 5985/5985 5986/5986 5980/5980
f 5980/5980 5986/5986 5984/5984
f 5987/5987 5981/5981 5988/5988
f 5985/5985 5980/5980 5983/5983
f 5987/5987 5983/5983 5981/5981
f 5989/5989 5983/5983 5987/5987
f 5990/5990 5985/5985 5983/5983
f 5991/5991 5985/5985 5990/5990
f 5983/5983 5989/5989 5990/5990
f 5992/5992 5981/5981 5973/5973
f 5992/5992 5973/5973 5977/5977
f 5753/5753 5993/5993 5977/5977
f 5977/5977 5993/5993 5992/5992
f 5994/5994 5981/5981 5992/5992
f 5994/5994 5988/5988 5981/5981
f 5994/5994 5992/5992 5995/5995
f 5993/5993 5995/5995 5992/5992
f 5993/5993 5753/5753 5847/5847
f 5993/5993 5847/5847 5850/5850
f 5994/5994 5989/5989 5988/5988
f 5987/5987 5988/5988 5989/5989
f 5989/5989 5994/5994 5995/5995
f 5996/5996 5990/5990 5989/5989
f 5989/5989 5995/5995 5997/5997
f 5996/5996 5989/5989 5997/5997
f 5996/5996 5997/5997 5998/5998
f 5996/5996 5999/5999 5990/5990
f 5850/5850 5995/5995 5993/5993
f 5995/5995 5850/5850 5997/5997
f 6000/6000 5997/5997 5850/5850
f 4152/4152 4128/4128 5984/5984
f 6001/6001 5984/5984 5986/5986
f 6001/6001 5986/5986 5985/5985
f 5984/5984 6001/6001 4153/4153
f 6001/6001 6002/6002 4153/4153
f 6001/6001 5985/5985 6003/6003
f 5985/5985 5991/5991 6003/6003
f 6004/6004 5991/5991 5990/5990
f 6004/6004 6003/6003 5991/5991
f 6005/6005 6001/6001 6003/6003
f 6002/6002 6001/6001 6005/6005
f 6006/6006 6002/6002 6005/6005
f 6005/6005 6003/6003 6007/6007
f 6007/6007 6003/6003 6008/6008
f 6003/6003 6004/6004 6008/6008
f 6009/6009 6010/6010 6011/6011
f 6005/6005 6007/6007 6006/6006
f 6010/6010 6002/6002 6006/6006
f 6007/6007 6008/6008 6012/6012
f 6013/6013 6006/6006 6007/6007
f 6013/6013 6007/6007 6014/6014
f 6011/6011 6010/6010 6006/6006
f 6015/6015 6009/6009 6011/6011
f 6016/6016 6011/6011 6006/6006
f 6016/6016 6006/6006 6017/6017
f 6006/6006 6013/6013 6017/6017
f 6018/6018 6017/6017 6013/6013
f 4153/4153 4152/4152 5984/5984
f 6019/6019 4154/4154 4153/4153
f 6002/6002 6019/6019 4153/4153
f 6019/6019 6020/6020 4154/4154
f 4162/4162 4154/4154 6020/6020
f 6009/6009 6020/6020 6019/6019
f 6015/6015 6020/6020 6009/6009
f 6010/6010 6019/6019 6002/6002
f 6019/6019 6010/6010 6009/6009
f 5999/5999 5996/5996 6021/6021
f 6022/6022 6021/6021 5998/5998
f 6021/6021 5996/5996 5998/5998
f 6004/6004 5999/5999 6021/6021
f 6004/6004 6021/6021 6022/6022
f 6023/6023 6004/6004 6022/6022
f 6008/6008 6004/6004 6023/6023
f 5998/5998 5997/5997 6000/6000
f 5998/5998 6000/6000 6024/6024
f 5852/5852 6000/6000 5850/5850
f 6024/6024 6000/6000 5852/5852
f 5854/5854 6024/6024 5852/5852
f 6024/6024 6022/6022 5998/5998
f 5856/5856 6024/6024 5854/5854
f 6022/6022 6024/6024 6023/6023
f 6025/6025 6014/6014 6012/6012
f 6025/6025 6012/6012 6026/6026
f 6023/6023 6027/6027 6026/6026
f 6023/6023 6026/6026 6012/6012
f 6028/6028 6025/6025 6026/6026
f 6012/6012 6008/6008 6023/6023
f 6014/6014 6007/6007 6012/6012
f 6014/6014 6029/6029 6013/6013
f 6029/6029 6014/6014 6025/6025
f 6024/6024 5860/5860 6023/6023
f 5860/5860 6027/6027 6023/6023
f 5860/5860 6024/6024 5856/5856
f 5857/5857 5860/5860 5856/5856
f 5861/5861 6027/6027 5860/5860
f 6026/6026 6027/6027 5861/5861
f 1962/1962 2884/2884 1961/1961
f 5955/5955 6030/6030 5859/5859
f 5859/5859 6030/6030 6031/6031
f 6032/6032 6030/6030 6033/6033
f 6032/6032 6031/6031 6030/6030
f 6034/6034 6032/6032 6033/6033
f 6032/6032 6035/6035 6036/6036
f 6032/6032 6037/6037 6035/6035
f 6038/6038 6039/6039 6036/6036
f 6038/6038 6035/6035 6037/6037
f 6038/6038 6036/6036 6035/6035
f 6038/6038 6040/6040 6039/6039
f 6041/6041 6038/6038 6037/6037
f 6041/6041 6040/6040 6038/6038
f 6042/6042 6040/6040 6043/6043
f 6044/6044 6040/6040 6041/6041
f 6043/6043 6040/6040 6044/6044
f 6045/6045 6043/6043 6044/6044
f 6046/6046 6043/6043 6045/6045
f 6047/6047 6046/6046 6045/6045
f 6046/6046 6047/6047 6048/6048
f 6049/6049 6048/6048 6050/6050
f 6050/6050 6051/6051 6049/6049
f 6050/6050 6048/6048 6047/6047
f 6052/6052 6051/6051 6053/6053
f 6054/6054 6049/6049 6051/6051
f 6054/6054 6055/6055 6049/6049
f 6054/6054 6051/6051 6052/6052
f 6056/6056 6054/6054 6052/6052
f 6057/6057 6054/6054 6056/6056
f 6058/6058 6057/6057 6056/6056
f 6059/6059 6057/6057 6058/6058
f 5581/5581 5874/5874 5507/5507
f 5581/5581 6060/6060 5874/5874
f 6061/6061 5874/5874 6060/6060
f 6060/6060 5581/5581 6062/6062
f 5581/5581 5580/5580 6062/6062
f 6063/6063 6062/6062 5580/5580
f 6063/6063 6060/6060 6062/6062
f 5580/5580 5593/5593 6063/6063
f 6060/6060 6063/6063 6061/6061
f 6064/6064 6061/6061 6063/6063
f 5874/5874 6061/6061 6065/6065
f 6066/6066 6065/6065 6067/6067
f 6066/6066 6067/6067 6068/6068
f 6061/6061 6067/6067 6065/6065
f 6064/6064 6067/6067 6061/6061
f 6069/6069 6067/6067 6064/6064
f 6070/6070 6067/6067 6069/6069
f 6068/6068 6067/6067 6070/6070
f 6063/6063 5593/5593 6071/6071
f 5591/5591 6071/6071 5593/5593
f 6072/6072 6071/6071 5591/5591
f 6073/6073 6064/6064 6071/6071
f 6072/6072 6073/6073 6071/6071
f 6064/6064 6063/6063 6071/6071
f 6074/6074 6072/6072 5591/5591
f 5591/5591 5590/5590 6074/6074
f 6075/6075 6073/6073 6072/6072
f 6075/6075 6072/6072 6074/6074
f 6069/6069 6073/6073 6076/6076
f 6069/6069 6064/6064 6073/6073
f 6076/6076 6070/6070 6069/6069
f 6070/6070 6076/6076 6077/6077
f 6078/6078 6070/6070 6077/6077
f 6076/6076 6073/6073 6075/6075
f 6075/6075 6079/6079 6076/6076
f 6079/6079 6077/6077 6076/6076
f 6079/6079 6078/6078 6077/6077
f 6080/6080 6066/6066 6068/6068
f 6080/6080 6068/6068 6081/6081
f 6081/6081 5884/5884 6080/6080
f 6082/6082 5884/5884 6081/6081
f 6070/6070 6081/6081 6068/6068
f 6082/6082 5872/5872 5887/5887
f 5872/5872 6082/6082 5870/5870
f 5870/5870 6082/6082 6081/6081
f 6083/6083 5870/5870 6081/6081
f 6084/6084 6085/6085 5870/5870
f 6078/6078 6086/6086 6070/6070
f 6081/6081 6070/6070 6086/6086
f 6087/6087 6086/6086 6078/6078
f 6081/6081 6086/6086 6087/6087
f 6083/6083 6081/6081 6087/6087
f 6083/6083 6084/6084 5870/5870
f 6088/6088 6083/6083 6089/6089
f 6087/6087 6078/6078 6090/6090
f 6089/6089 6083/6083 6087/6087
f 6087/6087 6091/6091 6089/6089
f 6087/6087 6090/6090 6091/6091
f 5875/5875 5874/5874 5878/5878
f 5878/5878 5874/5874 6065/6065
f 5878/5878 6065/6065 6066/6066
f 6066/6066 5877/5877 5878/5878
f 6066/6066 6080/6080 5877/5877
f 6080/6080 5883/5883 5877/5877
f 6080/6080 5884/5884 5883/5883
f 5884/5884 6082/6082 5887/5887
f 5600/5600 6092/6092 6074/6074
f 5603/5603 6092/6092 5600/5600
f 5607/5607 6092/6092 5603/5603
f 5607/5607 6093/6093 6092/6092
f 6093/6093 5607/5607 6094/6094
f 6094/6094 5607/5607 6095/6095
f 6074/6074 5590/5590 5600/5600
f 6093/6093 6074/6074 6092/6092
f 6093/6093 6075/6075 6074/6074
f 6094/6094 6075/6075 6093/6093
f 6094/6094 6079/6079 6075/6075
f 6096/6096 6079/6079 6094/6094
f 6097/6097 6079/6079 6096/6096
f 6098/6098 6096/6096 6094/6094
f 6099/6099 6097/6097 6096/6096
f 6098/6098 6099/6099 6096/6096
f 5607/5607 5604/5604 5606/5606
f 5607/5607 5606/5606 6100/6100
f 6100/6100 6095/6095 5607/5607
f 6100/6100 6101/6101 6095/6095
f 6102/6102 6100/6100 5606/5606
f 6103/6103 6100/6100 6102/6102
f 6100/6100 6103/6103 6101/6101
f 5606/5606 5605/5605 5608/5608
f 6102/6102 5606/5606 5608/5608
f 5680/5680 6102/6102 5608/5608
f 6104/6104 6103/6103 6102/6102
f 6105/6105 6098/6098 6101/6101
f 6103/6103 6106/6106 6101/6101
f 6106/6106 6105/6105 6101/6101
f 6105/6105 6106/6106 6107/6107
f 6106/6106 6108/6108 6107/6107
f 6101/6101 6094/6094 6095/6095
f 6101/6101 6098/6098 6094/6094
f 6105/6105 6099/6099 6098/6098
f 6097/6097 6090/6090 6079/6079
f 6078/6078 6079/6079 6090/6090
f 6109/6109 6097/6097 6099/6099
f 6090/6090 6097/6097 6110/6110
f 6109/6109 6110/6110 6097/6097
f 6111/6111 6089/6089 6091/6091
f 6110/6110 6091/6091 6090/6090
f 6112/6112 6091/6091 6110/6110
f 6111/6111 6091/6091 6112/6112
f 6113/6113 6111/6111 6112/6112
f 6107/6107 6099/6099 6105/6105
f 6107/6107 6109/6109 6099/6099
f 6114/6114 6110/6110 6109/6109
f 6115/6115 6114/6114 6109/6109
f 6109/6109 6107/6107 6116/6116
f 6108/6108 6116/6116 6107/6107
f 6116/6116 6115/6115 6109/6109
f 6116/6116 6108/6108 6117/6117
f 6117/6117 6115/6115 6116/6116
f 6118/6118 6112/6112 6114/6114
f 6114/6114 6112/6112 6110/6110
f 6118/6118 6114/6114 6115/6115
f 6113/6113 6112/6112 6118/6118
f 6119/6119 6113/6113 6118/6118
f 6115/6115 6119/6119 6118/6118
f 6120/6120 6119/6119 6115/6115
f 6115/6115 6117/6117 6120/6120
f 6121/6121 6119/6119 6120/6120
f 6122/6122 5938/5938 5873/5873
f 5870/5870 6085/6085 5873/5873
f 5873/5873 6085/6085 6122/6122
f 6123/6123 5938/5938 6122/6122
f 6124/6124 5938/5938 6123/6123
f 6123/6123 6125/6125 6126/6126
f 6127/6127 6124/6124 6123/6123
f 6127/6127 6128/6128 6124/6124
f 6126/6126 6127/6127 6123/6123
f 6084/6084 6122/6122 6085/6085
f 6125/6125 6122/6122 6084/6084
f 6088/6088 6125/6125 6084/6084
f 6125/6125 6123/6123 6122/6122
f 6128/6128 6129/6129 6124/6124
f 6130/6130 5943/5943 5942/5942
f 6124/6124 5942/5942 5941/5941
f 6129/6129 5942/5942 6124/6124
f 6129/6129 6130/6130 5942/5942
f 5941/5941 5937/5937 6124/6124
f 5938/5938 6124/6124 5937/5937
f 6131/6131 6128/6128 6127/6127
f 6131/6131 6132/6132 6128/6128
f 6133/6133 6132/6132 6131/6131
f 6126/6126 6131/6131 6127/6127
f 6128/6128 6132/6132 6129/6129
f 6130/6130 6129/6129 6132/6132
f 6133/6133 6130/6130 6132/6132
f 6130/6130 6133/6133 6134/6134
f 6135/6135 6136/6136 6137/6137
f 6138/6138 6137/6137 6136/6136
f 6139/6139 6125/6125 6088/6088
f 6139/6139 6126/6126 6125/6125
f 6140/6140 6126/6126 6139/6139
f 6083/6083 6088/6088 6084/6084
f 6141/6141 6139/6139 6089/6089
f 6111/6111 6141/6141 6089/6089
f 6141/6141 6140/6140 6139/6139
f 6140/6140 6141/6141 6142/6142
f 6089/6089 6139/6139 6088/6088
f 6126/6126 6133/6133 6131/6131
f 6140/6140 6133/6133 6126/6126
f 6140/6140 6143/6143 6133/6133
f 6135/6135 6133/6133 6143/6143
f 6144/6144 6143/6143 6140/6140
f 6140/6140 6142/6142 6144/6144
f 6135/6135 6143/6143 6144/6144
f 6136/6136 6135/6135 6144/6144
f 6145/6145 5953/5953 5954/5954
f 6146/6146 6034/6034 6145/6145
f 5954/5954 6130/6130 6134/6134
f 6147/6147 6145/6145 5954/5954
f 6145/6145 6147/6147 6146/6146
f 6148/6148 6030/6030 5955/5955
f 5953/5953 6145/6145 5955/5955
f 6034/6034 6033/6033 6148/6148
f 6148/6148 5955/5955 6145/6145
f 6034/6034 6148/6148 6145/6145
f 6033/6033 6030/6030 6148/6148
f 5954/5954 5943/5943 6130/6130
f 6134/6134 6133/6133 6135/6135
f 6147/6147 5954/5954 6134/6134
f 6147/6147 6134/6134 6135/6135
f 6149/6149 6146/6146 6147/6147
f 6150/6150 6149/6149 6147/6147
f 6151/6151 6149/6149 6150/6150
f 6137/6137 6147/6147 6135/6135
f 6150/6150 6147/6147 6137/6137
f 6150/6150 6152/6152 6153/6153
f 6138/6138 6150/6150 6137/6137
f 6151/6151 6150/6150 6153/6153
f 6154/6154 6032/6032 6034/6034
f 6146/6146 6149/6149 6154/6154
f 6154/6154 6034/6034 6146/6146
f 6155/6155 6154/6154 6149/6149
f 6037/6037 6032/6032 6154/6154
f 6155/6155 6037/6037 6154/6154
f 6151/6151 6155/6155 6149/6149
f 6041/6041 6037/6037 6155/6155
f 6136/6136 6156/6156 6138/6138
f 6157/6157 6138/6138 6156/6156
f 6152/6152 6157/6157 6158/6158
f 6159/6159 6157/6157 6156/6156
f 6159/6159 6160/6160 6161/6161
f 6161/6161 6162/6162 6159/6159
f 6158/6158 6157/6157 6159/6159
f 6158/6158 6159/6159 6162/6162
f 6163/6163 6142/6142 6141/6141
f 6141/6141 6111/6111 6163/6163
f 6113/6113 6163/6163 6111/6111
f 6142/6142 6164/6164 6160/6160
f 6164/6164 6142/6142 6163/6163
f 6165/6165 6163/6163 6113/6113
f 6166/6166 6164/6164 6165/6165
f 6166/6166 6160/6160 6164/6164
f 6165/6165 6164/6164 6163/6163
f 6160/6160 6144/6144 6142/6142
f 6160/6160 6156/6156 6144/6144
f 6156/6156 6136/6136 6144/6144
f 6160/6160 6159/6159 6156/6156
f 6166/6166 6161/6161 6160/6160
f 6166/6166 6167/6167 6168/6168
f 6166/6166 6169/6169 6167/6167
f 6170/6170 6169/6169 6171/6171
f 6167/6167 6169/6169 6170/6170
f 6172/6172 6161/6161 6168/6168
f 6161/6161 6166/6166 6168/6168
f 6172/6172 6162/6162 6161/6161
f 6167/6167 6172/6172 6168/6168
f 6162/6162 6172/6172 6173/6173
f 6173/6173 6158/6158 6162/6162
f 6174/6174 6158/6158 6173/6173
f 6174/6174 6173/6173 6175/6175
f 6176/6176 6172/6172 6167/6167
f 6176/6176 6173/6173 6172/6172
f 6170/6170 6176/6176 6167/6167
f 6177/6177 6176/6176 6170/6170
f 6177/6177 6175/6175 6176/6176
f 6173/6173 6176/6176 6175/6175
f 6119/6119 6165/6165 6113/6113
f 6169/6169 6166/6166 6165/6165
f 6119/6119 6169/6169 6165/6165
f 6171/6171 6169/6169 6119/6119
f 6119/6119 6121/6121 6178/6178
f 6179/6179 6151/6151 6153/6153
f 6151/6151 6179/6179 6180/6180
f 6150/6150 6138/6138 6152/6152
f 6157/6157 6152/6152 6138/6138
f 6179/6179 6153/6153 6152/6152
f 6180/6180 6179/6179 6181/6181
f 6152/6152 6158/6158 6181/6181
f 6181/6181 6179/6179 6152/6152
f 6155/6155 6182/6182 6041/6041
f 6155/6155 6151/6151 6182/6182
f 6044/6044 6041/6041 6182/6182
f 6180/6180 6044/6044 6182/6182
f 6045/6045 6044/6044 6180/6180
f 6180/6180 6182/6182 6151/6151
f 6047/6047 6045/6045 6180/6180
f 6183/6183 6047/6047 6180/6180
f 6047/6047 6183/6183 6050/6050
f 6184/6184 6183/6183 6180/6180
f 6185/6185 6184/6184 6180/6180
f 6185/6185 6052/6052 6184/6184
f 6174/6174 6181/6181 6158/6158
f 6174/6174 6185/6185 6181/6181
f 6185/6185 6180/6180 6181/6181
f 6052/6052 6186/6186 6056/6056
f 6052/6052 6185/6185 6186/6186
f 6187/6187 6185/6185 6174/6174
f 6053/6053 6183/6183 6184/6184
f 6050/6050 6183/6183 6051/6051
f 6051/6051 6183/6183 6053/6053
f 6052/6052 6053/6053 6184/6184
f 6188/6188 6056/6056 6186/6186
f 6189/6189 5632/5632 5646/5646
f 6190/6190 6189/6189 5646/5646
f 6191/6191 5646/5646 5647/5647
f 6192/6192 6193/6193 6191/6191
f 5646/5646 6193/6193 6190/6190
f 6191/6191 6193/6193 5646/5646
f 6194/6194 6195/6195 6190/6190
f 6196/6196 6190/6190 6193/6193
f 6197/6197 6194/6194 6190/6190
f 5671/5671 5672/5672 5676/5676
f 5673/5673 6191/6191 5647/5647
f 6192/6192 6191/6191 5673/5673
f 5671/5671 5676/5676 5673/5673
f 5676/5676 6192/6192 5673/5673
f 6192/6192 6196/6196 6193/6193
f 6197/6197 6190/6190 6196/6196
f 6192/6192 5676/5676 6198/6198
f 6199/6199 6198/6198 5676/5676
f 6200/6200 6198/6198 6199/6199
f 6198/6198 6196/6196 6192/6192
f 6200/6200 6196/6196 6198/6198
f 6197/6197 6201/6201 6194/6194
f 6200/6200 6201/6201 6197/6197
f 6200/6200 6197/6197 6196/6196
f 6201/6201 6200/6200 6202/6202
f 6203/6203 6202/6202 6200/6200
f 6200/6200 6204/6204 6203/6203
f 6205/6205 6199/6199 5674/5674
f 5678/5678 5674/5674 5677/5677
f 5674/5674 5678/5678 6205/6205
f 6206/6206 6205/6205 5678/5678
f 6207/6207 6199/6199 6205/6205
f 6199/6199 5676/5676 5674/5674
f 6208/6208 6199/6199 6207/6207
f 6206/6206 6207/6207 6205/6205
f 6199/6199 6208/6208 6200/6200
f 6208/6208 6207/6207 6209/6209
f 6209/6209 6204/6204 6208/6208
f 6200/6200 6208/6208 6204/6204
f 6204/6204 6210/6210 6203/6203
f 6210/6210 6204/6204 6209/6209
f 6209/6209 6207/6207 6206/6206
f 6206/6206 6211/6211 6209/6209
f 6211/6211 6212/6212 6209/6209
f 6212/6212 6210/6210 6209/6209
f 6210/6210 6213/6213 6203/6203
f 6214/6214 6215/6215 6210/6210
f 6212/6212 6214/6214 6210/6210
f 6214/6214 6216/6216 6215/6215
f 6217/6217 6216/6216 6214/6214
f 6217/6217 6218/6218 6219/6219
f 6219/6219 6218/6218 6220/6220
f 6221/6221 6222/6222 6220/6220
f 6223/6223 6058/6058 6188/6188
f 6058/6058 6223/6223 6059/6059
f 6224/6224 6059/6059 6223/6223
f 6224/6224 6225/6225 6059/6059
f 6224/6224 6223/6223 6226/6226
f 6223/6223 6227/6227 6226/6226
f 6227/6227 6228/6228 6226/6226
f 6229/6229 6225/6225 6224/6224
f 6224/6224 6226/6226 6229/6229
f 6230/6230 6226/6226 6228/6228
f 6231/6231 6230/6230 6228/6228
f 6230/6230 6229/6229 6226/6226
f 6232/6232 6230/6230 6231/6231
f 6233/6233 6232/6232 6231/6231
f 6234/6234 6233/6233 6231/6231
f 6235/6235 6234/6234 6231/6231
f 6236/6236 6230/6230 6232/6232
f 6237/6237 6232/6232 6233/6233
f 6237/6237 6236/6236 6232/6232
f 6238/6238 6239/6239 6221/6221
f 6222/6222 6221/6221 6239/6239
f 6240/6240 6239/6239 6238/6238
f 6240/6240 6241/6241 6239/6239
f 6240/6240 6242/6242 6241/6241
f 6243/6243 6244/6244 6245/6245
f 6246/6246 6235/6235 6247/6247
f 6234/6234 6235/6235 6246/6246
f 6237/6237 6233/6233 6248/6248
f 6248/6248 6233/6233 6234/6234
f 6234/6234 6246/6246 6249/6249
f 6250/6250 6249/6249 6246/6246
f 6251/6251 6249/6249 6250/6250
f 6251/6251 6252/6252 6249/6249
f 6244/6244 6251/6251 6250/6250
f 6253/6253 5680/5680 5631/5631
f 6104/6104 6102/6102 5680/5680
f 5632/5632 6253/6253 5631/5631
f 6253/6253 6104/6104 5680/5680
f 6103/6103 6104/6104 6254/6254
f 6189/6189 6253/6253 5632/5632
f 6104/6104 6253/6253 6189/6189
f 6255/6255 6104/6104 6189/6189
f 6254/6254 6106/6106 6103/6103
f 6106/6106 6254/6254 6256/6256
f 6106/6106 6257/6257 6108/6108
f 6257/6257 6106/6106 6256/6256
f 6255/6255 6254/6254 6104/6104
f 6258/6258 6256/6256 6254/6254
f 6255/6255 6259/6259 6254/6254
f 6254/6254 6259/6259 6258/6258
f 6256/6256 6258/6258 6260/6260
f 6261/6261 6257/6257 6256/6256
f 6262/6262 6257/6257 6261/6261
f 6260/6260 6261/6261 6256/6256
f 6190/6190 6255/6255 6189/6189
f 6195/6195 6255/6255 6190/6190
f 6195/6195 6259/6259 6255/6255
f 6260/6260 6258/6258 6259/6259
f 6195/6195 6260/6260 6259/6259
f 6201/6201 6260/6260 6195/6195
f 6201/6201 6195/6195 6194/6194
f 6202/6202 6260/6260 6201/6201
f 6262/6262 6108/6108 6257/6257
f 6108/6108 6262/6262 6263/6263
f 6263/6263 6117/6117 6108/6108
f 6264/6264 6262/6262 6261/6261
f 6264/6264 6263/6263 6262/6262
f 6265/6265 6263/6263 6264/6264
f 6121/6121 6120/6120 6266/6266
f 6266/6266 6117/6117 6263/6263
f 6265/6265 6266/6266 6263/6263
f 6265/6265 6267/6267 6266/6266
f 6121/6121 6266/6266 6268/6268
f 6266/6266 6267/6267 6268/6268
f 6120/6120 6117/6117 6266/6266
f 6269/6269 6264/6264 6261/6261
f 6270/6270 6265/6265 6264/6264
f 6269/6269 6270/6270 6264/6264
f 6271/6271 6270/6270 6269/6269
f 6261/6261 6260/6260 6269/6269
f 6269/6269 6260/6260 6272/6272
f 6273/6273 6269/6269 6272/6272
f 6269/6269 6273/6273 6274/6274
f 6271/6271 6269/6269 6274/6274
f 6275/6275 6267/6267 6265/6265
f 6267/6267 6275/6275 6276/6276
f 6275/6275 6265/6265 6270/6270
f 6276/6276 6275/6275 6277/6277
f 6278/6278 6271/6271 6274/6274
f 6270/6270 6271/6271 6279/6279
f 6270/6270 6279/6279 6280/6280
f 6271/6271 6278/6278 6279/6279
f 6280/6280 6275/6275 6270/6270
f 6280/6280 6277/6277 6275/6275
f 6281/6281 6280/6280 6279/6279
f 6282/6282 6280/6280 6281/6281
f 6202/6202 6272/6272 6260/6260
f 6203/6203 6272/6272 6202/6202
f 6213/6213 6273/6273 6272/6272
f 6278/6278 6274/6274 6273/6273
f 6273/6273 6213/6213 6278/6278
f 6213/6213 6272/6272 6203/6203
f 6213/6213 6210/6210 6215/6215
f 6283/6283 6278/6278 6213/6213
f 6283/6283 6281/6281 6278/6278
f 6281/6281 6284/6284 6285/6285
f 6279/6279 6278/6278 6281/6281
f 6283/6283 6284/6284 6281/6281
f 6283/6283 6216/6216 6286/6286
f 6284/6284 6283/6283 6286/6286
f 6215/6215 6283/6283 6213/6213
f 6216/6216 6283/6283 6215/6215
f 6216/6216 6217/6217 6286/6286
f 6219/6219 6286/6286 6217/6217
f 6220/6220 6222/6222 6219/6219
f 6178/6178 6171/6171 6119/6119
f 6268/6268 6178/6178 6121/6121
f 6287/6287 6171/6171 6178/6178
f 6268/6268 6287/6287 6178/6178
f 6287/6287 6288/6288 6171/6171
f 6267/6267 6289/6289 6268/6268
f 6289/6289 6290/6290 6268/6268
f 6290/6290 6287/6287 6268/6268
f 6291/6291 6175/6175 6177/6177
f 6170/6170 6171/6171 6177/6177
f 6288/6288 6177/6177 6171/6171
f 6291/6291 6177/6177 6288/6288
f 6291/6291 6288/6288 6287/6287
f 6175/6175 6291/6291 6187/6187
f 6187/6187 6291/6291 6292/6292
f 6290/6290 6291/6291 6287/6287
f 6290/6290 6293/6293 6291/6291
f 6294/6294 6293/6293 6290/6290
f 6292/6292 6291/6291 6293/6293
f 6295/6295 6292/6292 6293/6293
f 6296/6296 6289/6289 6276/6276
f 6296/6296 6290/6290 6289/6289
f 6267/6267 6276/6276 6289/6289
f 6277/6277 6296/6296 6276/6276
f 6294/6294 6290/6290 6296/6296
f 6297/6297 6294/6294 6296/6296
f 6297/6297 6296/6296 6277/6277
f 6280/6280 6297/6297 6277/6277
f 6298/6298 6294/6294 6297/6297
f 6280/6280 6298/6298 6297/6297
f 6299/6299 6295/6295 6300/6300
f 6300/6300 6295/6295 6294/6294
f 6293/6293 6294/6294 6295/6295
f 6298/6298 6301/6301 6302/6302
f 6303/6303 6304/6304 6301/6301
f 6301/6301 6304/6304 6302/6302
f 6304/6304 6300/6300 6302/6302
f 6300/6300 6304/6304 6299/6299
f 6305/6305 6299/6299 6304/6304
f 6306/6306 6304/6304 6303/6303
f 6306/6306 6305/6305 6304/6304
f 6298/6298 6302/6302 6294/6294
f 6300/6300 6294/6294 6302/6302
f 6186/6186 6307/6307 6188/6188
f 6307/6307 6186/6186 6185/6185
f 6185/6185 6187/6187 6307/6307
f 6187/6187 6308/6308 6307/6307
f 6175/6175 6187/6187 6174/6174
f 6187/6187 6292/6292 6308/6308
f 6299/6299 6308/6308 6292/6292
f 6299/6299 6309/6309 6308/6308
f 6227/6227 6307/6307 6309/6309
f 6309/6309 6307/6307 6308/6308
f 6228/6228 6227/6227 6309/6309
f 6058/6058 6056/6056 6188/6188
f 6227/6227 6188/6188 6307/6307
f 6188/6188 6227/6227 6223/6223
f 6299/6299 6292/6292 6295/6295
f 6310/6310 6228/6228 6309/6309
f 6309/6309 6299/6299 6310/6310
f 6247/6247 6228/6228 6310/6310
f 6310/6310 6299/6299 6305/6305
f 6247/6247 6310/6310 6305/6305
f 6306/6306 6247/6247 6305/6305
f 6231/6231 6228/6228 6247/6247
f 6235/6235 6231/6231 6247/6247
f 6282/6282 6281/6281 6285/6285
f 6311/6311 6282/6282 6285/6285
f 6312/6312 6298/6298 6282/6282
f 6280/6280 6282/6282 6298/6298
f 6312/6312 6301/6301 6298/6298
f 6311/6311 6312/6312 6282/6282
f 6313/6313 6312/6312 6311/6311
f 6312/6312 6313/6313 6314/6314
f 6315/6315 6314/6314 6313/6313
f 6285/6285 6284/6284 6316/6316
f 6316/6316 6311/6311 6285/6285
f 6286/6286 6316/6316 6284/6284
f 6316/6316 6313/6313 6311/6311
f 6317/6317 6313/6313 6316/6316
f 6317/6317 6315/6315 6313/6313
f 6315/6315 6317/6317 6245/6245
f 6301/6301 6314/6314 6303/6303
f 6315/6315 6303/6303 6314/6314
f 6314/6314 6301/6301 6312/6312
f 6306/6306 6303/6303 6315/6315
f 6247/6247 6306/6306 6318/6318
f 6315/6315 6318/6318 6306/6306
f 6318/6318 6315/6315 6245/6245
f 6319/6319 6316/6316 6286/6286
f 6219/6219 6319/6319 6286/6286
f 6317/6317 6316/6316 6319/6319
f 6320/6320 6317/6317 6319/6319
f 6241/6241 6320/6320 6319/6319
f 6241/6241 6319/6319 6222/6222
f 6319/6319 6219/6219 6222/6222
f 6239/6239 6241/6241 6222/6222
f 6241/6241 6321/6321 6320/6320
f 6321/6321 6241/6241 6322/6322
f 6321/6321 6245/6245 6317/6317
f 6317/6317 6320/6320 6321/6321
f 6246/6246 6318/6318 6245/6245
f 6244/6244 6246/6246 6245/6245
f 6322/6322 6245/6245 6321/6321
f 6322/6322 6243/6243 6245/6245
f 6246/6246 6247/6247 6318/6318
f 6016/6016 6015/6015 6011/6011
f 6323/6323 6016/6016 6017/6017
f 6324/6324 6015/6015 6016/6016
f 6324/6324 6016/6016 6323/6323
f 6018/6018 6323/6323 6017/6017
f 6325/6325 6323/6323 6018/6018
f 6326/6326 6323/6323 6325/6325
f 6325/6325 6327/6327 6328/6328
f 6325/6325 6328/6328 6326/6326
f 6326/6326 6328/6328 6329/6329
f 6329/6329 6330/6330 6326/6326
f 6329/6329 6331/6331 6330/6330
f 6332/6332 6331/6331 6329/6329
f 4550/4550 4162/4162 6020/6020
f 4550/4550 6020/6020 6015/6015
f 6324/6324 4550/4550 6015/6015
f 4551/4551 4550/4550 6324/6324
f 4551/4551 6324/6324 6333/6333
f 6333/6333 6324/6324 6334/6334
f 6334/6334 6324/6324 6323/6323
f 6335/6335 6334/6334 6323/6323
f 4551/4551 6333/6333 6336/6336
f 4547/4547 4551/4551 4560/4560
f 4551/4551 6336/6336 4560/4560
f 6335/6335 6336/6336 6333/6333
f 6337/6337 6336/6336 6335/6335
f 6338/6338 6336/6336 6337/6337
f 6338/6338 4560/4560 6336/6336
f 6335/6335 6333/6333 6334/6334
f 6326/6326 6335/6335 6323/6323
f 6330/6330 6335/6335 6326/6326
f 6335/6335 6330/6330 6337/6337
f 6337/6337 6330/6330 6331/6331
f 6337/6337 6331/6331 6339/6339
f 6340/6340 6341/6341 6342/6342
f 6343/6343 6340/6340 6342/6342
f 6018/6018 6013/6013 6344/6344
f 6344/6344 6013/6013 6029/6029
f 6029/6029 6341/6341 6344/6344
f 6345/6345 6344/6344 6341/6341
f 6029/6029 6025/6025 6028/6028
f 6341/6341 6029/6029 6028/6028
f 6028/6028 6342/6342 6341/6341
f 6345/6345 6327/6327 6344/6344
f 6327/6327 6345/6345 6346/6346
f 6328/6328 6327/6327 6346/6346
f 6345/6345 6341/6341 6340/6340
f 6346/6346 6345/6345 6340/6340
f 6346/6346 6340/6340 6343/6343
f 6347/6347 6031/6031 6348/6348
f 6026/6026 6347/6347 6028/6028
f 5861/5861 6347/6347 6026/6026
f 6347/6347 6348/6348 6028/6028
f 6347/6347 5861/5861 5859/5859
f 6031/6031 6347/6347 5859/5859
f 6349/6349 6348/6348 6031/6031
f 6348/6348 6342/6342 6028/6028
f 6031/6031 6032/6032 6036/6036
f 6349/6349 6031/6031 6036/6036
f 6350/6350 6343/6343 6351/6351
f 6343/6343 6328/6328 6346/6346
f 6352/6352 6328/6328 6343/6343
f 6329/6329 6328/6328 6352/6352
f 6353/6353 6352/6352 6354/6354
f 6353/6353 6329/6329 6352/6352
f 6343/6343 6350/6350 6352/6352
f 6354/6354 6352/6352 6350/6350
f 6355/6355 6349/6349 6036/6036
f 6039/6039 6355/6355 6036/6036
f 6351/6351 6348/6348 6349/6349
f 6351/6351 6342/6342 6348/6348
f 6343/6343 6342/6342 6351/6351
f 6349/6349 6355/6355 6351/6351
f 6356/6356 6351/6351 6355/6355
f 6356/6356 6355/6355 6039/6039
f 6356/6356 6350/6350 6351/6351
f 6042/6042 6039/6039 6040/6040
f 6356/6356 6039/6039 6042/6042
f 6048/6048 6356/6356 6042/6042
f 6329/6329 6353/6353 6332/6332
f 6357/6357 6358/6358 6332/6332
f 6359/6359 6358/6358 6360/6360
f 6361/6361 6359/6359 6360/6360
f 6362/6362 6361/6361 6363/6363
f 4560/4560 4595/4595 4561/4561
f 4595/4595 4560/4560 6338/6338
f 4595/4595 4594/4594 4561/4561
f 6364/6364 4595/4595 6338/6338
f 6365/6365 4595/4595 6364/6364
f 6337/6337 6339/6339 6338/6338
f 6366/6366 6338/6338 6339/6339
f 6339/6339 6331/6331 6332/6332
f 6339/6339 6332/6332 6358/6358
f 6364/6364 6338/6338 6366/6366
f 6367/6367 6364/6364 6366/6366
f 6366/6366 6339/6339 6358/6358
f 6365/6365 4596/4596 4595/4595
f 6364/6364 6368/6368 6365/6365
f 4596/4596 6365/6365 6369/6369
f 6369/6369 4601/4601 4596/4596
f 6370/6370 4601/4601 6369/6369
f 6366/6366 6358/6358 6367/6367
f 6367/6367 6368/6368 6364/6364
f 6358/6358 6359/6359 6367/6367
f 6362/6362 6367/6367 6359/6359
f 6361/6361 6362/6362 6359/6359
f 6371/6371 6372/6372 6373/6373
f 6374/6374 6362/6362 6363/6363
f 6373/6373 6362/6362 6374/6374
f 6332/6332 6353/6353 6357/6357
f 6357/6357 6353/6353 6354/6354
f 6375/6375 6354/6354 6350/6350
f 6357/6357 6354/6354 6375/6375
f 6357/6357 6360/6360 6358/6358
f 6376/6376 6357/6357 6375/6375
f 6376/6376 6375/6375 6377/6377
f 6360/6360 6357/6357 6376/6376
f 6378/6378 6376/6376 6377/6377
f 6379/6379 6356/6356 6048/6048
f 6380/6380 6379/6379 6048/6048
f 6375/6375 6350/6350 6356/6356
f 6379/6379 6375/6375 6356/6356
f 6042/6042 6043/6043 6046/6046
f 6048/6048 6042/6042 6046/6046
f 6380/6380 6381/6381 6379/6379
f 6375/6375 6379/6379 6377/6377
f 6377/6377 6379/6379 6381/6381
f 6048/6048 6049/6049 6380/6380
f 6361/6361 6360/6360 6382/6382
f 6382/6382 6360/6360 6376/6376
f 6376/6376 6378/6378 6382/6382
f 6363/6363 6361/6361 6383/6383
f 6384/6384 6382/6382 6385/6385
f 6385/6385 6382/6382 6378/6378
f 6385/6385 6378/6378 6386/6386
f 6382/6382 6383/6383 6361/6361
f 6383/6383 6382/6382 6384/6384
f 6380/6380 6055/6055 6381/6381
f 6387/6387 6381/6381 6055/6055
f 6386/6386 6377/6377 6381/6381
f 6386/6386 6378/6378 6377/6377
f 6387/6387 6386/6386 6381/6381
f 6055/6055 6380/6380 6049/6049
f 6057/6057 6055/6055 6054/6054
f 6057/6057 6387/6387 6055/6055
f 6388/6388 6386/6386 6387/6387
f 6388/6388 6385/6385 6386/6386
f 6387/6387 6057/6057 6059/6059
f 6389/6389 6369/6369 6372/6372
f 4601/4601 6370/6370 4628/4628
f 5312/5312 4628/4628 6370/6370
f 5312/5312 6370/6370 6390/6390
f 6369/6369 6389/6389 6370/6370
f 6389/6389 6390/6390 6370/6370
f 6389/6389 6391/6391 6390/6390
f 6390/6390 6392/6392 5312/5312
f 6389/6389 6372/6372 6371/6371
f 6391/6391 6389/6389 6371/6371
f 6393/6393 6373/6373 6374/6374
f 6393/6393 6394/6394 6373/6373
f 6374/6374 6395/6395 6393/6393
f 6396/6396 6391/6391 6371/6371
f 6371/6371 6394/6394 6396/6396
f 6397/6397 6395/6395 6398/6398
f 6397/6397 6393/6393 6395/6395
f 6396/6396 6394/6394 6393/6393
f 6397/6397 6399/6399 6393/6393
f 6393/6393 6399/6399 6396/6396
f 6400/6400 6396/6396 6399/6399
f 6401/6401 6396/6396 6400/6400
f 6401/6401 6400/6400 6402/6402
f 6403/6403 6402/6402 6404/6404
f 6400/6400 6405/6405 6404/6404
f 6405/6405 6400/6400 6399/6399
f 6405/6405 6399/6399 6406/6406
f 6404/6404 6405/6405 6406/6406
f 6404/6404 6402/6402 6400/6400
f 6407/6407 6385/6385 6388/6388
f 6383/6383 6408/6408 6374/6374
f 6374/6374 6363/6363 6383/6383
f 6408/6408 6383/6383 6384/6384
f 6384/6384 6385/6385 6407/6407
f 6384/6384 6407/6407 6408/6408
f 6398/6398 6374/6374 6408/6408
f 6409/6409 6398/6398 6408/6408
f 6408/6408 6407/6407 6410/6410
f 6411/6411 6409/6409 6408/6408
f 6388/6388 6387/6387 6225/6225
f 6410/6410 6388/6388 6225/6225
f 6410/6410 6407/6407 6388/6388
f 6225/6225 6387/6387 6059/6059
f 6225/6225 6412/6412 6410/6410
f 6413/6413 6410/6410 6412/6412
f 6412/6412 6225/6225 6229/6229
f 6410/6410 6413/6413 6408/6408
f 6411/6411 6408/6408 6414/6414
f 6397/6397 6398/6398 6409/6409
f 6415/6415 6397/6397 6409/6409
f 6415/6415 6399/6399 6397/6397
f 6406/6406 6399/6399 6415/6415
f 6409/6409 6416/6416 6415/6415
f 6417/6417 6415/6415 6416/6416
f 6416/6416 6409/6409 6411/6411
f 6414/6414 6413/6413 6418/6418
f 6412/6412 6418/6418 6413/6413
f 6419/6419 6414/6414 6418/6418
f 6414/6414 6408/6408 6413/6413
f 6411/6411 6414/6414 6416/6416
f 6418/6418 6412/6412 6229/6229
f 6229/6229 6230/6230 6418/6418
f 6236/6236 6418/6418 6230/6230
f 6418/6418 6236/6236 6419/6419
f 6420/6420 6236/6236 6237/6237
f 6420/6420 6419/6419 6236/6236
f 6414/6414 6419/6419 6416/6416
f 6374/6374 6398/6398 6395/6395
f 6421/6421 6422/6422 6423/6423
f 6424/6424 6425/6425 6426/6426
f 6427/6427 6425/6425 6424/6424
f 6428/6428 6417/6417 6416/6416
f 6406/6406 6415/6415 6417/6417
f 6416/6416 6427/6427 6428/6428
f 6425/6425 6416/6416 6419/6419
f 6416/6416 6425/6425 6427/6427
f 6429/6429 6428/6428 6427/6427
f 6430/6430 6420/6420 6237/6237
f 6430/6430 6419/6419 6420/6420
f 6248/6248 6430/6430 6237/6237
f 6430/6430 6426/6426 6419/6419
f 6425/6425 6419/6419 6426/6426
f 6426/6426 6430/6430 6248/6248
f 6431/6431 6426/6426 6248/6248
f 6431/6431 6424/6424 6426/6426
f 6432/6432 6424/6424 6431/6431
f 6421/6421 6433/6433 6422/6422
f 5687/5687 5689/5689 5691/5691
f 5690/5690 5693/5693 5691/5691
f 5694/5694 5678/5678 5679/5679
f 6206/6206 5678/5678 5694/5694
f 6434/6434 6211/6211 6206/6206
f 6434/6434 6206/6206 5694/5694
f 6435/6435 5694/5694 5687/5687
f 6434/6434 5694/5694 6435/6435
f 6436/6436 5687/5687 5691/5691
f 6437/6437 6434/6434 6435/6435
f 6438/6438 6211/6211 6434/6434
f 6437/6437 6438/6438 6434/6434
f 6438/6438 6439/6439 6440/6440
f 6212/6212 6211/6211 6440/6440
f 6438/6438 6440/6440 6211/6211
f 6439/6439 6441/6441 6440/6440
f 6442/6442 6443/6443 6444/6444
f 6441/6441 6439/6439 6445/6445
f 6446/6446 6214/6214 6212/6212
f 6446/6446 6212/6212 6447/6447
f 6214/6214 6446/6446 6217/6217
f 6446/6446 6218/6218 6217/6217
f 6447/6447 6212/6212 6440/6440
f 6448/6448 6449/6449 6450/6450
f 6449/6449 6446/6446 6447/6447
f 6449/6449 6447/6447 6450/6450
f 6449/6449 6220/6220 6218/6218
f 6449/6449 6218/6218 6446/6446
f 6451/6451 6220/6220 6449/6449
f 6238/6238 6221/6221 6220/6220
f 6451/6451 6238/6238 6220/6220
f 6448/6448 6452/6452 6449/6449
f 6453/6453 6454/6454 6455/6455
f 6455/6455 6456/6456 6453/6453
f 6457/6457 6456/6456 6455/6455
f 6242/6242 6238/6238 6458/6458
f 6242/6242 6240/6240 6238/6238
f 6459/6459 6242/6242 6458/6458
f 6241/6241 6242/6242 6322/6322
f 6242/6242 6460/6460 6322/6322
f 6461/6461 6322/6322 6460/6460
f 6462/6462 6456/6456 6463/6463
f 6464/6464 6463/6463 6456/6456
f 6464/6464 6465/6465 6463/6463
f 6466/6466 6467/6467 6468/6468
f 6469/6469 6467/6467 6470/6470
f 6471/6471 6469/6469 6470/6470
f 6466/6466 6468/6468 6465/6465
f 6472/6472 6467/6467 6466/6466
f 6472/6472 6470/6470 6467/6467
f 6472/6472 6471/6471 6470/6470
f 6467/6467 6473/6473 6468/6468
f 5695/5695 6474/6474 5720/5720
f 6475/6475 5720/5720 6474/6474
f 6475/6475 6476/6476 5720/5720
f 6477/6477 6475/6475 6474/6474
f 6478/6478 5695/5695 3446/3446
f 6478/6478 6474/6474 5695/5695
f 6477/6477 6474/6474 6478/6478
f 6475/6475 6477/6477 6479/6479
f 6480/6480 6454/6454 6479/6479
f 6454/6454 6480/6480 6455/6455
f 6480/6480 6479/6479 6477/6477
f 6481/6481 6457/6457 6480/6480
f 6457/6457 6455/6455 6480/6480
f 6482/6482 6480/6480 6477/6477
f 6483/6483 6481/6481 6480/6480
f 6457/6457 6481/6481 6484/6484
f 4861/4861 6478/6478 3446/3446
f 4861/4861 6485/6485 6478/6478
f 6478/6478 6485/6485 6477/6477
f 6477/6477 6485/6485 6482/6482
f 6486/6486 6483/6483 6482/6482
f 6487/6487 6485/6485 4861/4861
f 6482/6482 6485/6485 6486/6486
f 6488/6488 6486/6486 6485/6485
f 6482/6482 6483/6483 6480/6480
f 6486/6486 6489/6489 6483/6483
f 6456/6456 6457/6457 6464/6464
f 6457/6457 6484/6484 6464/6464
f 6464/6464 6484/6484 6490/6490
f 6490/6490 6465/6465 6464/6464
f 6466/6466 6465/6465 6490/6490
f 6466/6466 6490/6490 6491/6491
f 6490/6490 6484/6484 6491/6491
f 6481/6481 6483/6483 6489/6489
f 6492/6492 6484/6484 6481/6481
f 6493/6493 6484/6484 6492/6492
f 6491/6491 6484/6484 6493/6493
f 6494/6494 6466/6466 6491/6491
f 6495/6495 6466/6466 6494/6494
f 6495/6495 6496/6496 6466/6466
f 6494/6494 6491/6491 6493/6493
f 6493/6493 6497/6497 6498/6498
f 6499/6499 6494/6494 6493/6493
f 6493/6493 6498/6498 6499/6499
f 6494/6494 6499/6499 6495/6495
f 6498/6498 6500/6500 6499/6499
f 6495/6495 6499/6499 6501/6501
f 6500/6500 6501/6501 6499/6499
f 6502/6502 6503/6503 6423/6423
f 6503/6503 6504/6504 6423/6423
f 6505/6505 6469/6469 6506/6506
f 6507/6507 6508/6508 6509/6509
f 6508/6508 6507/6507 6510/6510
f 6511/6511 6508/6508 6510/6510
f 6512/6512 6513/6513 6508/6508
f 6502/6502 6423/6423 6514/6514
f 6502/6502 6514/6514 6512/6512
f 6502/6502 6512/6512 6503/6503
f 6511/6511 6512/6512 6508/6508
f 6503/6503 6512/6512 6515/6515
f 6516/6516 6503/6503 6515/6515
f 6517/6517 6515/6515 6511/6511
f 6471/6471 6507/6507 6506/6506
f 6471/6471 6506/6506 6469/6469
f 6518/6518 6510/6510 6507/6507
f 6471/6471 6518/6518 6507/6507
f 6471/6471 6519/6519 6518/6518
f 6512/6512 6511/6511 6515/6515
f 6520/6520 6510/6510 6518/6518
f 6520/6520 6511/6511 6510/6510
f 4645/4645 4646/4646 6433/6433
f 6504/6504 6433/6433 6421/6421
f 6421/6421 6423/6423 6504/6504
f 4901/4901 6433/6433 6504/6504
f 4901/4901 6504/6504 6516/6516
f 4894/4894 4645/4645 6433/6433
f 4901/4901 4894/4894 6433/6433
f 6516/6516 6504/6504 6503/6503
f 4900/4900 4901/4901 4959/4959
f 6521/6521 4901/4901 6516/6516
f 4901/4901 6521/6521 4959/4959
f 6515/6515 6517/6517 6522/6522
f 6521/6521 6516/6516 6515/6515
f 6515/6515 6522/6522 6521/6521
f 6523/6523 6517/6517 6524/6524
f 6525/6525 6518/6518 6519/6519
f 6472/6472 6519/6519 6471/6471
f 6472/6472 6466/6466 6496/6496
f 6496/6496 6519/6519 6472/6472
f 6526/6526 6520/6520 6518/6518
f 6517/6517 6511/6511 6520/6520
f 6526/6526 6524/6524 6520/6520
f 6524/6524 6517/6517 6520/6520
f 6526/6526 6518/6518 6525/6525
f 6527/6527 4934/4934 4937/4937
f 6528/6528 6529/6529 6530/6530
f 6531/6531 6528/6528 6532/6532
f 6527/6527 6532/6532 6530/6530
f 6532/6532 6528/6528 6530/6530
f 6533/6533 6529/6529 6528/6528
f 4945/4945 4968/4968 6534/6534
f 6534/6534 6535/6535 4945/4945
f 6536/6536 6534/6534 6537/6537
f 6538/6538 6539/6539 6540/6540
f 6531/6531 6541/6541 6538/6538
f 6539/6539 6523/6523 6524/6524
f 6542/6542 6536/6536 6539/6539
f 6535/6535 6534/6534 6541/6541
f 6536/6536 6541/6541 6534/6534
f 6541/6541 6536/6536 6542/6542
f 6538/6538 6542/6542 6539/6539
f 6541/6541 6542/6542 6538/6538
f 6527/6527 4937/4937 4945/4945
f 6532/6532 6527/6527 4945/4945
f 6535/6535 6532/6532 4945/4945
f 6532/6532 6535/6535 6531/6531
f 6541/6541 6531/6531 6535/6535
f 6531/6531 6538/6538 6543/6543
f 6543/6543 6528/6528 6531/6531
f 6544/6544 6525/6525 6519/6519
f 6544/6544 6519/6519 6496/6496
f 6544/6544 6496/6496 6545/6545
f 6545/6545 6496/6496 6495/6495
f 6501/6501 6545/6545 6495/6495
f 6545/6545 6501/6501 6546/6546
f 6533/6533 6546/6546 6501/6501
f 6529/6529 6533/6533 6547/6547
f 6501/6501 6547/6547 6533/6533
f 6546/6546 6548/6548 6544/6544
f 6525/6525 6544/6544 6548/6548
f 6546/6546 6543/6543 6548/6548
f 6544/6544 6545/6545 6546/6546
f 6528/6528 6543/6543 6533/6533
f 6533/6533 6543/6543 6546/6546
f 6540/6540 6526/6526 6525/6525
f 6538/6538 6540/6540 6548/6548
f 6525/6525 6548/6548 6540/6540
f 6526/6526 6539/6539 6524/6524
f 6540/6540 6539/6539 6526/6526
f 6538/6538 6548/6548 6543/6543
f 4960/4960 4959/4959 6521/6521
f 6522/6522 6549/6549 6521/6521
f 6549/6549 6550/6550 6551/6551
f 6552/6552 6549/6549 6553/6553
f 6553/6553 6549/6549 6551/6551
f 4964/4964 6552/6552 6553/6553
f 6537/6537 4964/4964 6553/6553
f 4960/4960 6521/6521 6552/6552
f 4962/4962 4960/4960 4964/4964
f 4964/4964 4960/4960 6552/6552
f 6552/6552 6521/6521 6549/6549
f 6550/6550 6522/6522 6517/6517
f 6523/6523 6550/6550 6517/6517
f 6550/6550 6549/6549 6522/6522
f 6554/6554 6550/6550 6523/6523
f 6553/6553 6550/6550 6554/6554
f 6550/6550 6553/6553 6551/6551
f 4965/4965 6534/6534 4968/4968
f 6537/6537 6534/6534 4965/4965
f 4964/4964 6537/6537 4965/4965
f 6536/6536 6537/6537 6553/6553
f 6536/6536 6553/6553 6554/6554
f 6539/6539 6554/6554 6523/6523
f 6539/6539 6536/6536 6554/6554
f 5019/5019 6487/6487 4861/4861
f 6488/6488 6487/6487 5019/5019
f 5020/5020 6555/6555 5019/5019
f 6488/6488 5019/5019 6555/6555
f 6556/6556 6488/6488 6555/6555
f 6488/6488 6485/6485 6487/6487
f 6486/6486 6488/6488 6556/6556
f 6556/6556 6557/6557 6486/6486
f 6558/6558 6557/6557 6556/6556
f 5020/5020 5016/5016 5021/5021
f 6559/6559 5021/5021 5018/5018
f 6559/6559 5018/5018 5024/5024
f 6560/6560 5021/5021 6559/6559
f 5020/5020 5021/5021 6555/6555
f 6560/6560 6555/6555 5021/5021
f 6560/6560 6556/6556 6555/6555
f 6559/6559 6561/6561 6560/6560
f 6558/6558 6560/6560 6561/6561
f 6556/6556 6560/6560 6558/6558
f 5035/5035 6562/6562 5031/5031
f 5031/5031 6562/6562 5022/5022
f 6557/6557 6558/6558 6563/6563
f 6557/6557 6489/6489 6486/6486
f 6557/6557 6564/6564 6489/6489
f 6563/6563 6564/6564 6557/6557
f 6563/6563 6561/6561 6566/6566
f 6561/6561 6567/6567 6566/6566
f 6568/6568 5022/5022 6562/6562
f 6569/6569 6568/6568 6562/6562
f 6568/6568 6569/6569 6565/6565
f 6563/6563 6570/6570 6564/6564
f 6570/6570 6563/6563 6571/6571
f 6563/6563 6566/6566 6571/6571
f 6573/6573 6565/6565 6569/6569
f 6565/6565 6573/6573 6572/6572
f 6559/6559 5024/5024 5023/5023
f 6561/6561 6559/6559 6567/6567
f 6559/6559 5023/5023 6567/6567
f 6558/6558 6561/6561 6563/6563
f 5035/5035 4933/4933 6562/6562
f 4933/4933 6527/6527 6562/6562
f 6562/6562 6574/6574 6569/6569
f 6573/6573 6569/6569 6574/6574
f 6572/6572 6573/6573 6575/6575
f 6575/6575 6573/6573 6574/6574
f 6562/6562 6530/6530 6574/6574
f 6492/6492 6481/6481 6489/6489
f 6564/6564 6492/6492 6489/6489
f 6570/6570 6492/6492 6564/6564
f 6570/6570 6493/6493 6492/6492
f 6570/6570 6571/6571 6576/6576
f 6493/6493 6570/6570 6576/6576
f 6576/6576 6497/6497 6493/6493
f 6497/6497 6577/6577 6498/6498
f 6571/6571 6577/6577 6576/6576
f 6577/6577 6497/6497 6576/6576
f 6498/6498 6577/6577 6575/6575
f 6572/6572 6575/6575 6577/6577
f 6578/6578 6498/6498 6575/6575
f 6578/6578 6500/6500 6498/6498
f 6578/6578 6501/6501 6500/6500
f 6574/6574 6578/6578 6575/6575
f 6574/6574 6547/6547 6578/6578
f 6547/6547 6574/6574 6529/6529
f 6578/6578 6547/6547 6501/6501
f 4934/4934 6527/6527 4933/4933
f 6562/6562 6527/6527 6530/6530
f 6530/6530 6529/6529 6574/6574
f 5775/5775 5771/5771 5776/5776
f 5809/5809 5795/5795 2862/2862
f 5795/5795 5790/5790 2862/2862
f 5795/5795 5809/5809 5807/5807
f 5811/5811 5795/5795 5807/5807
f 5796/5796 5795/5795 5811/5811
f 5902/5902 5899/5899 5907/5907
f 5864/5864 5866/5866 5896/5896
f 5899/5899 5924/5924 5907/5907
f 5923/5923 5905/5905 5930/5930
f 5923/5923 5930/5930 5931/5931
f 6004/6004 5990/5990 5999/5999
f 6431/6431 6248/6248 6579/6579
f 6579/6579 6234/6234 6580/6580
f 6234/6234 6249/6249 6580/6580
f 6248/6248 6234/6234 6579/6579
f 6250/6250 6246/6246 6244/6244
f 6581/6581 6244/6244 6243/6243
f 6582/6582 6244/6244 6581/6581
f 6582/6582 6251/6251 6244/6244
f 6583/6583 6431/6431 6579/6579
f 6584/6584 6431/6431 6583/6583
f 6252/6252 6580/6580 6249/6249
f 6583/6583 6579/6579 6580/6580
f 6583/6583 6585/6585 6584/6584
f 6586/6586 6584/6584 6585/6585
f 6587/6587 6252/6252 6251/6251
f 6252/6252 6587/6587 6580/6580
f 6587/6587 6583/6583 6580/6580
f 6251/6251 6582/6582 6587/6587
f 6585/6585 6583/6583 6587/6587
f 6327/6327 6018/6018 6344/6344
f 6325/6325 6018/6018 6327/6327
f 6369/6369 6365/6365 6368/6368
f 6368/6368 6372/6372 6369/6369
f 6368/6368 6373/6373 6372/6372
f 6373/6373 6368/6368 6367/6367
f 6362/6362 6373/6373 6367/6367
f 6588/6588 6391/6391 6589/6589
f 6390/6390 6588/6588 6392/6392
f 6588/6588 6390/6390 6391/6391
f 6373/6373 6394/6394 6371/6371
f 6396/6396 6589/6589 6391/6391
f 6589/6589 6590/6590 6588/6588
f 5324/5324 5312/5312 6392/6392
f 5324/5324 6392/6392 6588/6588
f 6591/6591 5324/5324 6590/6590
f 6590/6590 5324/5324 6588/6588
f 6591/6591 6590/6590 6592/6592
f 5328/5328 5325/5325 5324/5324
f 5324/5324 6591/6591 5328/5328
f 5325/5325 5328/5328 5327/5327
f 5329/5329 5328/5328 6591/6591
f 6593/6593 5329/5329 6591/6591
f 6593/6593 6591/6591 6592/6592
f 6589/6589 6396/6396 6401/6401
f 6401/6401 6402/6402 6589/6589
f 6402/6402 6403/6403 6589/6589
f 6403/6403 6590/6590 6589/6589
f 6594/6594 6595/6595 6596/6596
f 6597/6597 6594/6594 6596/6596
f 6597/6597 6598/6598 6594/6594
f 6599/6599 5368/5368 5364/5364
f 5364/5364 5365/5365 6599/6599
f 6599/6599 5365/5365 5329/5329
f 6599/6599 5329/5329 6593/6593
f 6593/6593 6600/6600 6599/6599
f 6403/6403 6601/6601 6590/6590
f 6592/6592 6590/6590 6601/6601
f 6593/6593 6592/6592 6600/6600
f 6600/6600 6592/6592 6601/6601
f 6600/6600 6601/6601 6602/6602
f 5368/5368 6599/6599 6603/6603
f 5367/5367 5368/5368 6603/6603
f 5369/5369 5367/5367 6604/6604
f 6604/6604 5367/5367 6603/6603
f 6603/6603 6605/6605 6604/6604
f 6603/6603 6599/6599 6606/6606
f 6606/6606 6602/6602 6607/6607
f 6605/6605 6603/6603 6608/6608
f 6603/6603 6606/6606 6608/6608
f 6607/6607 6609/6609 6608/6608
f 6608/6608 6606/6606 6607/6607
f 6600/6600 6606/6606 6599/6599
f 6606/6606 6600/6600 6602/6602
f 6610/6610 6403/6403 6404/6404
f 6611/6611 6403/6403 6610/6610
f 6612/6612 6404/6404 6406/6406
f 6610/6610 6404/6404 6612/6612
f 6613/6613 6610/6610 6612/6612
f 6613/6613 6611/6611 6610/6610
f 6611/6611 6613/6613 6614/6614
f 6615/6615 6614/6614 6616/6616
f 6601/6601 6403/6403 6611/6611
f 6617/6617 6602/6602 6601/6601
f 6607/6607 6602/6602 6617/6617
f 6601/6601 6614/6614 6617/6617
f 6615/6615 6607/6607 6617/6617
f 6614/6614 6601/6601 6611/6611
f 6614/6614 6615/6615 6617/6617
f 6619/6619 6620/6620 6609/6609
f 6618/6618 6621/6621 6620/6620
f 6621/6621 6618/6618 6609/6609
f 6609/6609 6622/6622 6621/6621
f 6623/6623 6621/6621 6622/6622
f 6624/6624 6605/6605 6620/6620
f 6620/6620 6605/6605 6608/6608
f 6625/6625 6624/6624 6620/6620
f 6625/6625 6620/6620 6621/6621
f 6608/6608 6609/6609 6620/6620
f 6626/6626 6627/6627 6628/6628
f 6622/6622 6629/6629 6630/6630
f 6629/6629 6609/6609 6607/6607
f 6607/6607 6615/6615 6629/6629
f 6622/6622 6609/6609 6629/6629
f 6615/6615 6630/6630 6629/6629
f 6616/6616 6630/6630 6615/6615
f 6631/6631 6622/6622 6630/6630
f 6630/6630 6632/6632 6631/6631
f 6632/6632 6623/6623 6631/6631
f 6622/6622 6631/6631 6623/6623
f 6632/6632 6630/6630 6633/6633
f 6633/6633 6634/6634 6635/6635
f 6632/6632 6633/6633 6636/6636
f 6595/6595 6633/6633 6635/6635
f 6636/6636 6633/6633 6595/6595
f 6595/6595 6594/6594 6636/6636
f 6633/6633 6630/6630 6616/6616
f 6633/6633 6616/6616 6634/6634
f 6628/6628 6637/6637 6626/6626
f 6423/6423 6422/6422 6626/6626
f 6423/6423 6626/6626 6638/6638
f 6424/6424 6639/6639 6427/6427
f 6612/6612 6406/6406 6417/6417
f 6417/6417 6428/6428 6429/6429
f 6640/6640 6417/6417 6429/6429
f 6641/6641 6429/6429 6427/6427
f 6639/6639 6641/6641 6427/6427
f 6642/6642 6641/6641 6639/6639
f 6643/6643 6429/6429 6641/6641
f 6643/6643 6640/6640 6429/6429
f 6642/6642 6643/6643 6641/6641
f 6644/6644 6596/6596 6595/6595
f 6596/6596 6644/6644 6645/6645
f 6645/6645 6646/6646 6596/6596
f 6647/6647 6642/6642 6639/6639
f 6648/6648 6643/6643 6642/6642
f 6642/6642 6647/6647 6648/6648
f 6649/6649 6643/6643 6648/6648
f 6650/6650 6649/6649 6648/6648
f 6645/6645 6634/6634 6651/6651
f 6649/6649 6651/6651 6634/6634
f 6650/6650 6648/6648 6647/6647
f 6652/6652 6651/6651 6650/6650
f 6651/6651 6649/6649 6650/6650
f 6646/6646 6653/6653 6597/6597
f 6596/6596 6646/6646 6597/6597
f 6653/6653 6646/6646 6654/6654
f 6645/6645 6651/6651 6646/6646
f 6653/6653 6655/6655 6656/6656
f 6656/6656 6657/6657 6653/6653
f 6655/6655 6653/6653 6654/6654
f 6658/6658 6659/6659 6654/6654
f 6655/6655 6654/6654 6659/6659
f 6654/6654 6646/6646 6651/6651
f 6658/6658 6651/6651 6652/6652
f 6651/6651 6658/6658 6654/6654
f 6584/6584 6432/6432 6431/6431
f 6639/6639 6424/6424 6432/6432
f 6660/6660 6432/6432 6584/6584
f 6660/6660 6661/6661 6432/6432
f 6586/6586 6660/6660 6584/6584
f 6660/6660 6662/6662 6663/6663
f 6661/6661 6639/6639 6432/6432
f 6663/6663 6661/6661 6660/6660
f 6658/6658 6663/6663 6664/6664
f 6658/6658 6664/6664 6665/6665
f 6664/6664 6663/6663 6662/6662
f 6661/6661 6647/6647 6639/6639
f 6652/6652 6647/6647 6663/6663
f 6663/6663 6647/6647 6661/6661
f 6652/6652 6650/6650 6647/6647
f 6658/6658 6652/6652 6663/6663
f 6640/6640 6612/6612 6417/6417
f 6613/6613 6612/6612 6640/6640
f 6614/6614 6613/6613 6666/6666
f 6640/6640 6666/6666 6613/6613
f 6634/6634 6614/6614 6666/6666
f 6634/6634 6666/6666 6649/6649
f 6614/6614 6634/6634 6616/6616
f 6666/6666 6640/6640 6643/6643
f 6649/6649 6666/6666 6643/6643
f 6634/6634 6644/6644 6635/6635
f 6644/6644 6634/6634 6645/6645
f 6595/6595 6635/6635 6644/6644
f 5415/5415 5414/5414 6627/6627
f 6433/6433 5415/5415 6627/6627
f 4646/4646 5415/5415 6433/6433
f 6627/6627 6422/6422 6433/6433
f 6422/6422 6627/6627 6626/6626
f 5693/5693 6667/6667 5691/5691
f 6667/6667 6436/6436 5691/5691
f 5699/5699 6667/6667 5693/5693
f 5699/5699 5693/5693 5698/5698
f 5687/5687 6436/6436 6435/6435
f 6435/6435 6436/6436 6444/6444
f 6443/6443 6438/6438 6437/6437
f 6667/6667 6444/6444 6436/6436
f 6443/6443 6437/6437 6444/6444
f 6444/6444 6437/6437 6435/6435
f 6667/6667 6668/6668 6444/6444
f 5699/5699 6668/6668 6667/6667
f 6669/6669 6443/6443 6442/6442
f 6668/6668 6442/6442 6444/6444
f 6668/6668 6669/6669 6442/6442
f 6669/6669 6438/6438 6443/6443
f 6669/6669 6439/6439 6438/6438
f 6445/6445 6439/6439 6669/6669
f 6670/6670 6669/6669 6668/6668
f 6670/6670 6445/6445 6669/6669
f 6671/6671 6670/6670 6668/6668
f 6449/6449 6452/6452 6451/6451
f 6451/6451 6452/6452 6458/6458
f 6458/6458 6238/6238 6451/6451
f 6459/6459 6458/6458 6452/6452
f 6448/6448 6459/6459 6452/6452
f 6441/6441 6447/6447 6440/6440
f 6447/6447 6441/6441 6450/6450
f 6672/6672 6441/6441 6445/6445
f 6672/6672 6450/6450 6441/6441
f 6673/6673 6450/6450 6672/6672
f 6674/6674 6445/6445 6670/6670
f 6675/6675 6672/6672 6445/6445
f 6674/6674 6675/6675 6445/6445
f 6676/6676 6675/6675 6674/6674
f 6677/6677 6672/6672 6675/6675
f 6677/6677 6673/6673 6672/6672
f 6678/6678 6677/6677 6675/6675
f 6676/6676 6678/6678 6675/6675
f 6679/6679 6677/6677 6678/6678
f 6450/6450 6680/6680 6448/6448
f 6673/6673 6680/6680 6450/6450
f 6680/6680 6673/6673 6681/6681
f 6680/6680 6681/6681 6448/6448
f 6681/6681 6459/6459 6448/6448
f 6673/6673 6677/6677 6682/6682
f 6682/6682 6677/6677 6679/6679
f 6683/6683 6682/6682 6679/6679
f 6673/6673 6682/6682 6681/6681
f 6684/6684 6682/6682 6683/6683
f 6685/6685 5712/5712 6686/6686
f 6685/6685 6686/6686 6687/6687
f 6688/6688 6689/6689 5709/5709
f 5709/5709 5710/5710 6688/6688
f 6690/6690 6689/6689 6688/6688
f 6689/6689 5712/5712 5709/5709
f 6689/6689 6686/6686 5712/5712
f 5699/5699 5702/5702 6691/6691
f 5713/5713 6692/6692 5702/5702
f 6692/6692 6691/6691 5702/5702
f 5714/5714 5712/5712 6685/6685
f 6685/6685 6693/6693 5714/5714
f 5715/5715 5714/5714 6693/6693
f 6694/6694 6693/6693 6685/6685
f 6694/6694 6685/6685 6687/6687
f 5715/5715 6693/6693 6695/6695
f 6695/6695 6693/6693 6694/6694
f 6694/6694 6696/6696 6697/6697
f 5715/5715 6695/6695 5713/5713
f 6698/6698 5713/5713 6695/6695
f 6699/6699 6692/6692 5713/5713
f 5713/5713 6698/6698 6699/6699
f 6700/6700 6701/6701 6702/6702
f 6699/6699 6703/6703 6704/6704
f 6699/6699 6704/6704 6692/6692
f 6699/6699 6698/6698 6703/6703
f 6700/6700 6705/6705 6703/6703
f 6705/6705 6700/6700 6706/6706
f 6701/6701 6700/6700 6703/6703
f 6701/6701 6695/6695 6694/6694
f 6701/6701 6694/6694 6707/6707
f 6698/6698 6695/6695 6701/6701
f 6702/6702 6701/6701 6707/6707
f 6701/6701 6703/6703 6698/6698
f 6708/6708 6709/6709 6702/6702
f 6710/6710 6709/6709 6708/6708
f 6711/6711 6700/6700 6702/6702
f 6712/6712 6700/6700 6711/6711
f 6706/6706 6700/6700 6712/6712
f 6711/6711 6713/6713 6712/6712
f 6714/6714 6713/6713 6711/6711
f 6702/6702 6709/6709 6711/6711
f 6715/6715 6709/6709 6710/6710
f 6709/6709 6714/6714 6711/6711
f 6715/6715 6714/6714 6709/6709
f 5719/5719 5718/5718 6716/6716
f 5720/5720 6716/6716 5718/5718
f 6716/6716 5720/5720 6476/6476
f 6691/6691 6668/6668 5699/5699
f 6691/6691 6671/6671 6668/6668
f 6717/6717 6671/6671 6691/6691
f 6704/6704 6691/6691 6692/6692
f 6704/6704 6717/6717 6691/6691
f 6704/6704 6705/6705 6706/6706
f 6704/6704 6703/6703 6705/6705
f 6718/6718 6706/6706 6712/6712
f 6717/6717 6704/6704 6718/6718
f 6706/6706 6718/6718 6704/6704
f 6713/6713 6718/6718 6712/6712
f 6719/6719 6671/6671 6717/6717
f 6717/6717 6718/6718 6719/6719
f 6719/6719 6720/6720 6671/6671
f 6720/6720 6670/6670 6671/6671
f 6670/6670 6720/6720 6674/6674
f 6721/6721 6719/6719 6718/6718
f 6721/6721 6718/6718 6713/6713
f 6721/6721 6720/6720 6719/6719
f 6720/6720 6721/6721 6722/6722
f 6723/6723 6713/6713 6714/6714
f 6723/6723 6721/6721 6713/6713
f 6724/6724 6723/6723 6714/6714
f 6715/6715 6724/6724 6714/6714
f 6725/6725 6724/6724 6715/6715
f 6723/6723 6722/6722 6721/6721
f 6722/6722 6723/6723 6726/6726
f 6727/6727 6728/6728 6729/6729
f 6727/6727 6476/6476 6475/6475
f 6475/6475 6479/6479 6727/6727
f 6454/6454 6727/6727 6479/6479
f 6730/6730 6731/6731 6732/6732
f 6733/6733 6734/6734 6731/6731
f 6733/6733 6735/6735 6734/6734
f 6736/6736 6733/6733 6730/6730
f 6730/6730 6733/6733 6731/6731
f 6733/6733 6736/6736 6737/6737
f 6738/6738 6674/6674 6720/6720
f 6739/6739 6676/6676 6738/6738
f 6738/6738 6676/6676 6674/6674
f 6739/6739 6740/6740 6676/6676
f 6741/6741 6738/6738 6722/6722
f 6731/6731 6734/6734 6741/6741
f 6739/6739 6741/6741 6734/6734
f 6741/6741 6732/6732 6731/6731
f 6720/6720 6722/6722 6738/6738
f 6738/6738 6741/6741 6739/6739
f 6735/6735 6742/6742 6734/6734
f 6734/6734 6740/6740 6739/6739
f 6740/6740 6734/6734 6742/6742
f 6733/6733 6742/6742 6735/6735
f 6737/6737 6742/6742 6733/6733
f 6743/6743 6732/6732 6726/6726
f 6726/6726 6723/6723 6743/6743
f 6736/6736 6730/6730 6743/6743
f 6743/6743 6730/6730 6732/6732
f 6732/6732 6741/6741 6726/6726
f 6722/6722 6726/6726 6741/6741
f 6742/6742 6744/6744 6745/6745
f 6740/6740 6678/6678 6676/6676
f 6679/6679 6678/6678 6740/6740
f 6740/6740 6746/6746 6679/6679
f 6742/6742 6746/6746 6740/6740
f 6746/6746 6742/6742 6745/6745
f 6683/6683 6746/6746 6745/6745
f 6679/6679 6746/6746 6683/6683
f 6747/6747 6745/6745 6744/6744
f 6748/6748 6747/6747 6744/6744
f 6747/6747 6683/6683 6745/6745
f 6684/6684 6683/6683 6747/6747
f 6749/6749 6750/6750 6751/6751
f 6462/6462 6750/6750 6749/6749
f 6728/6728 6749/6749 6751/6751
f 6453/6453 6728/6728 6727/6727
f 6454/6454 6453/6453 6727/6727
f 6453/6453 6749/6749 6728/6728
f 6462/6462 6749/6749 6453/6453
f 6453/6453 6456/6456 6462/6462
f 6460/6460 6242/6242 6459/6459
f 6322/6322 6461/6461 6243/6243
f 6752/6752 6243/6243 6461/6461
f 6753/6753 6461/6461 6460/6460
f 6754/6754 6461/6461 6753/6753
f 6752/6752 6461/6461 6755/6755
f 6756/6756 6460/6460 6459/6459
f 6756/6756 6459/6459 6681/6681
f 6756/6756 6753/6753 6460/6460
f 6754/6754 6753/6753 6756/6756
f 6757/6757 6756/6756 6681/6681
f 6681/6681 6682/6682 6757/6757
f 6684/6684 6747/6747 6758/6758
f 6757/6757 6682/6682 6759/6759
f 6759/6759 6760/6760 6757/6757
f 6684/6684 6758/6758 6761/6761
f 6684/6684 6761/6761 6759/6759
f 6762/6762 6763/6763 6761/6761
f 6759/6759 6761/6761 6763/6763
f 6684/6684 6759/6759 6682/6682
f 6764/6764 6765/6765 6766/6766
f 6767/6767 6768/6768 6769/6769
f 6770/6770 6766/6766 6768/6768
f 6770/6770 6767/6767 6771/6771
f 6767/6767 6770/6770 6768/6768
f 6763/6763 6771/6771 6759/6759
f 6770/6770 6771/6771 6763/6763
f 6760/6760 6759/6759 6771/6771
f 6763/6763 6762/6762 6772/6772
f 6773/6773 6766/6766 6770/6770
f 6763/6763 6773/6773 6770/6770
f 6763/6763 6772/6772 6773/6773
f 6774/6774 6775/6775 6776/6776
f 6777/6777 6776/6776 6778/6778
f 6777/6777 6774/6774 6776/6776
f 6779/6779 6774/6774 6777/6777
f 6752/6752 6581/6581 6243/6243
f 6581/6581 6752/6752 6780/6780
f 6781/6781 6780/6780 6752/6752
f 6582/6582 6581/6581 6780/6780
f 6582/6582 6780/6780 6782/6782
f 6783/6783 6782/6782 6780/6780
f 6784/6784 6782/6782 6783/6783
f 6785/6785 6786/6786 6787/6787
f 6788/6788 6781/6781 6752/6752
f 6783/6783 6780/6780 6781/6781
f 6788/6788 6783/6783 6781/6781
f 6789/6789 6788/6788 6769/6769
f 6789/6789 6783/6783 6788/6788
f 6786/6786 6790/6790 6787/6787
f 6790/6790 6784/6784 6783/6783
f 6784/6784 6790/6790 6786/6786
f 6787/6787 6790/6790 6789/6789
f 6789/6789 6790/6790 6783/6783
f 6585/6585 6791/6791 6586/6586
f 6792/6792 6586/6586 6791/6791
f 6791/6791 6793/6793 6792/6792
f 6782/6782 6585/6585 6587/6587
f 6782/6782 6587/6587 6582/6582
f 6791/6791 6585/6585 6782/6782
f 6782/6782 6784/6784 6791/6791
f 6784/6784 6793/6793 6791/6791
f 6794/6794 6786/6786 6785/6785
f 6794/6794 6778/6778 6786/6786
f 6795/6795 6778/6778 6794/6794
f 6786/6786 6776/6776 6792/6792
f 6792/6792 6776/6776 6775/6775
f 6786/6786 6792/6792 6793/6793
f 6786/6786 6778/6778 6776/6776
f 6778/6778 6795/6795 6777/6777
f 6784/6784 6786/6786 6793/6793
f 6764/6764 6787/6787 6765/6765
f 6796/6796 6765/6765 6787/6787
f 6797/6797 6798/6798 6799/6799
f 6799/6799 6798/6798 6764/6764
f 6797/6797 6785/6785 6798/6798
f 6798/6798 6787/6787 6764/6764
f 6785/6785 6787/6787 6798/6798
f 6768/6768 6796/6796 6789/6789
f 6796/6796 6768/6768 6765/6765
f 6796/6796 6787/6787 6789/6789
f 6768/6768 6789/6789 6769/6769
f 6768/6768 6766/6766 6765/6765
f 6800/6800 6794/6794 6785/6785
f 6797/6797 6800/6800 6785/6785
f 6800/6800 6795/6795 6794/6794
f 6800/6800 6797/6797 6801/6801
f 6801/6801 6795/6795 6800/6800
f 6802/6802 6747/6747 6748/6748
f 6758/6758 6747/6747 6803/6803
f 6804/6804 6803/6803 6802/6802
f 6802/6802 6803/6803 6747/6747
f 6803/6803 6761/6761 6758/6758
f 6750/6750 6462/6462 6805/6805
f 6806/6806 6807/6807 6808/6808
f 6463/6463 6809/6809 6805/6805
f 6468/6468 6463/6463 6465/6465
f 6808/6808 6809/6809 6806/6806
f 6468/6468 6809/6809 6463/6463
f 6468/6468 6806/6806 6809/6809
f 6805/6805 6462/6462 6463/6463
f 6806/6806 6468/6468 6473/6473
f 6467/6467 6469/6469 6473/6473
f 6469/6469 6505/6505 6473/6473
f 6757/6757 6754/6754 6756/6756
f 6754/6754 6757/6757 6760/6760
f 6754/6754 6755/6755 6461/6461
f 6754/6754 6760/6760 6810/6810
f 6810/6810 6755/6755 6754/6754
f 6767/6767 6755/6755 6810/6810
f 6767/6767 6769/6769 6755/6755
f 6771/6771 6767/6767 6810/6810
f 6810/6810 6760/6760 6771/6771
f 6755/6755 6788/6788 6752/6752
f 6769/6769 6788/6788 6755/6755
f 6514/6514 6626/6626 6811/6811
f 6638/6638 6626/6626 6514/6514
f 6423/6423 6638/6638 6514/6514
f 6812/6812 6665/6665 6774/6774
f 6775/6775 6774/6774 6665/6665
f 6813/6813 6814/6814 6812/6812
f 6658/6658 6665/6665 6814/6814
f 6814/6814 6665/6665 6812/6812
f 6815/6815 6813/6813 6812/6812
f 6815/6815 6812/6812 6774/6774
f 6656/6656 6655/6655 6814/6814
f 6814/6814 6655/6655 6659/6659
f 6813/6813 6656/6656 6814/6814
f 6816/6816 6656/6656 6813/6813
f 6658/6658 6814/6814 6659/6659
f 6665/6665 6662/6662 6775/6775
f 6662/6662 6660/6660 6586/6586
f 6662/6662 6586/6586 6792/6792
f 6662/6662 6665/6665 6664/6664
f 6792/6792 6775/6775 6662/6662
f 6506/6506 6817/6817 6505/6505
f 6509/6509 6817/6817 6506/6506
f 6509/6509 6506/6506 6507/6507
f 6818/6818 6817/6817 6509/6509
f 6818/6818 6509/6509 6513/6513
f 6508/6508 6513/6513 6509/6509
f 6514/6514 6811/6811 6819/6819
f 6512/6512 6819/6819 6513/6513
f 6512/6512 6514/6514 6819/6819
f 6604/6604 6820/6820 5369/5369
f 6604/6604 6605/6605 6624/6624
f 6624/6624 6820/6820 6604/6604
f 6820/6820 5458/5458 5369/5369
f 6820/6820 6624/6624 6625/6625
f 6625/6625 6628/6628 6820/6820
f 6637/6637 6625/6625 6623/6623
f 6625/6625 6621/6621 6623/6623
f 6625/6625 6637/6637 6628/6628
f 6628/6628 5458/5458 6820/6820
f 6628/6628 6627/6627 5458/5458
f 6632/6632 6821/6821 6623/6623
f 6821/6821 6637/6637 6623/6623
f 6821/6821 6632/6632 6636/6636
f 6598/6598 6821/6821 6636/6636
f 6636/6636 6594/6594 6598/6598
f 6821/6821 6598/6598 6822/6822
f 6821/6821 6811/6811 6637/6637
f 6822/6822 6811/6811 6821/6821
f 6637/6637 6811/6811 6626/6626
f 6657/6657 6597/6597 6653/6653
f 6822/6822 6598/6598 6657/6657
f 6598/6598 6597/6597 6657/6657
f 5458/5458 6627/6627 5414/5414
f 6686/6686 6689/6689 6687/6687
f 6689/6689 6690/6690 6687/6687
f 6690/6690 6823/6823 6687/6687
f 6687/6687 6823/6823 6694/6694
f 6823/6823 6696/6696 6694/6694
f 6710/6710 6708/6708 6697/6697
f 6708/6708 6702/6702 6697/6697
f 6702/6702 6707/6707 6697/6697
f 6707/6707 6694/6694 6697/6697
f 6696/6696 6710/6710 6697/6697
f 5719/5719 6690/6690 6688/6688
f 5710/5710 5722/5722 6688/6688
f 5722/5722 5719/5719 6688/6688
f 5719/5719 6823/6823 6690/6690
f 6824/6824 6823/6823 5719/5719
f 6824/6824 6696/6696 6823/6823
f 6824/6824 6710/6710 6696/6696
f 6476/6476 6824/6824 6716/6716
f 6824/6824 5719/5719 6716/6716
f 6824/6824 6476/6476 6729/6729
f 6824/6824 6729/6729 6710/6710
f 6710/6710 6729/6729 6715/6715
f 6715/6715 6729/6729 6725/6725
f 6727/6727 6729/6729 6476/6476
f 6723/6723 6724/6724 6743/6743
f 6724/6724 6725/6725 6743/6743
f 6725/6725 6825/6825 6743/6743
f 6736/6736 6743/6743 6825/6825
f 6751/6751 6736/6736 6825/6825
f 6736/6736 6751/6751 6737/6737
f 6744/6744 6742/6742 6737/6737
f 6737/6737 6826/6826 6744/6744
f 6751/6751 6826/6826 6737/6737
f 6826/6826 6748/6748 6744/6744
f 6826/6826 6827/6827 6748/6748
f 6750/6750 6826/6826 6751/6751
f 6750/6750 6827/6827 6826/6826
f 6725/6725 6729/6729 6825/6825
f 6728/6728 6825/6825 6729/6729
f 6728/6728 6751/6751 6825/6825
f 6762/6762 6807/6807 6772/6772
f 6828/6828 6764/6764 6829/6829
f 6764/6764 6766/6766 6829/6829
f 6766/6766 6773/6773 6829/6829
f 6773/6773 6830/6830 6829/6829
f 6830/6830 6828/6828 6829/6829
f 6807/6807 6830/6830 6772/6772
f 6830/6830 6773/6773 6772/6772
f 6807/6807 6831/6831 6828/6828
f 6807/6807 6828/6828 6830/6830
f 6832/6832 6799/6799 6764/6764
f 6828/6828 6832/6832 6764/6764
f 6832/6832 6797/6797 6799/6799
f 6831/6831 6832/6832 6828/6828
f 6832/6832 6831/6831 6833/6833
f 6833/6833 6801/6801 6797/6797
f 6833/6833 6797/6797 6832/6832
f 6834/6834 6777/6777 6795/6795
f 6801/6801 6834/6834 6795/6795
f 6777/6777 6834/6834 6779/6779
f 6505/6505 6834/6834 6833/6833
f 6833/6833 6834/6834 6801/6801
f 6833/6833 6473/6473 6505/6505
f 6827/6827 6802/6802 6748/6748
f 6835/6835 6804/6804 6802/6802
f 6827/6827 6835/6835 6802/6802
f 6808/6808 6762/6762 6804/6804
f 6762/6762 6761/6761 6804/6804
f 6761/6761 6803/6803 6804/6804
f 6808/6808 6804/6804 6835/6835
f 6750/6750 6835/6835 6827/6827
f 6805/6805 6835/6835 6750/6750
f 6808/6808 6835/6835 6805/6805
f 6762/6762 6808/6808 6807/6807
f 6808/6808 6805/6805 6809/6809
f 6806/6806 6473/6473 6831/6831
f 6806/6806 6831/6831 6807/6807
f 6473/6473 6833/6833 6831/6831
f 6774/6774 6779/6779 6815/6815
f 6818/6818 6816/6816 6815/6815
f 6815/6815 6779/6779 6818/6818
f 6836/6836 6657/6657 6656/6656
f 6816/6816 6836/6836 6656/6656
f 6836/6836 6822/6822 6657/6657
f 6815/6815 6816/6816 6813/6813
f 6818/6818 6836/6836 6816/6816
f 6836/6836 6818/6818 6513/6513
f 6834/6834 6505/6505 6779/6779
f 6505/6505 6817/6817 6779/6779
f 6818/6818 6779/6779 6817/6817
f 6836/6836 6819/6819 6822/6822
f 6822/6822 6819/6819 6811/6811
f 6836/6836 6513/6513 6819/6819
