usemtl material_0
v -0.047521 0.0764855 -0.0143965
v -0.051299 0.0765755 -0.0164245
v -0.049862 0.0773085 -0.0113515
v -0.053548 0.0776885 -0.0106745
v -0.053528 0.0762645 -0.0176235
v -0.052487 0.0782395 -0.0047835
v -0.045266 0.0761215 -0.0101685
v -0.049238 0.0774575 -0.0063815
v -0.048467 0.0770435 -0.0017705
v -0.047726 0.0756085 0.0039065
v -0.043855 0.0750015 -0.0039415
v 0.041563 0.0713025 -0.0575955
v 0.036171 0.0729125 -0.0601065
v 0.034552 0.0754785 -0.0571135
v 0.038739 0.0747805 -0.0532585
v 0.038452 0.0683325 -0.0641995
v 0.04413 0.0641545 -0.0644395
v 0.036765 0.0679665 -0.0652175
v 0.040488 0.0690785 -0.0620055
v 0.042358 0.0626695 -0.0658835
v 0.049091 0.0593235 -0.0647895
v 0.046784 0.0642705 -0.0622935
v 0.045956 0.0676545 -0.0586995
v 0.045956 0.0676545 -0.0586995
v 0.049727 0.0643295 -0.0592245
v 0.049727 0.0643295 -0.0592245
v 0.051031 0.0594935 -0.0634585
v 0.046471 0.0696385 -0.0536805
v 0.043659 0.0727165 -0.0502365
v 0.049659 0.0680725 -0.0510975
v 0.050453 0.0654635 -0.0562465
v 0.054671 0.0611385 -0.0572135
v 0.054671 0.0611385 -0.0572135
v 0.053483 0.0640865 -0.0533545
v 0.054215 0.0649825 -0.0485905
v 0.04003 0.0759645 -0.0448655
v 0.044963 0.0730785 -0.0439795
v 0.05041 0.0690015 -0.0447735
v 0.047055 0.0722715 -0.0380175
v 0.051924 0.0686495 -0.0373735
v 0.05632 0.0642515 -0.0428955
v 0.059157 0.0600635 -0.0492415
v 0.058001 0.0633785 -0.0348915
v 0.053248 0.0677485 -0.0321935
v 0.062184 0.0586785 -0.0390185
v 0.056832 0.0643645 -0.0285935
v -0.018844 0.0805425 -0.0611985
v -0.025153 0.0775835 -0.0631075
v -0.024573 0.0799585 -0.0598725
v -0.011726 0.0782205 -0.0654095
v -0.017852 0.0787935 -0.0637295
v -0.012331 0.0805075 -0.0626855
v -0.023175 0.0758065 -0.0656255
v -0.017024 0.0757735 -0.0665875
v -0.022798 0.0734915 -0.0671405
v -0.009125 0.0768595 -0.0666345
v -0.010926 0.0746155 -0.0674085
v -0.020834 0.0711095 -0.0676345
v -0.013145 0.0718975 -0.0675335
v -0.019309 0.0695035 -0.0673745
v 0.001018 0.0733165 -0.0672965
v -0.009512 0.0709975 -0.0670205
v -0.00701 0.0680205 -0.0654265
v -0.015497 0.0664975 -0.0654465
v -0.019584 0.0855725 -0.0470065
v -0.015924 0.0847615 -0.0531535
v -0.021807 0.0841515 -0.0510825
v -0.014021 0.0869715 -0.0440595
v -0.019377 0.0866455 -0.0386025
v 0.00638 0.0810485 -0.0619755
v 0.000541 0.0812625 -0.0623105
v 0.001213 0.0829105 -0.0596675
v 0.001186 0.0793035 -0.0648485
v 0.006708 0.0833845 -0.0578045
v 0.015818 0.0823275 -0.0565735
v 0.011981 0.0837315 -0.0548085
v 0.003527 0.0852545 -0.0536085
v -0.008708 0.0830275 -0.0593705
v -0.014497 0.0822675 -0.0597165
v -0.003125 0.0843435 -0.0569725
v -0.009623 0.0849475 -0.0548005
v -0.015786 0.0835725 -0.0566255
v -0.003752 0.0831265 -0.0594865
v -0.020911 0.0819455 -0.0580545
v -0.022682 0.0829685 -0.0544185
v -0.005653 0.0807715 -0.0630565
v -0.003667 0.0784755 -0.0657315
v 0.004583 0.0774525 -0.0661095
v -0.002271 0.0760075 -0.0670755
v -0.005068 0.0857775 -0.0529385
v -0.012302 0.0859165 -0.0507695
v -0.006167 0.0871455 -0.0469555
v -0.000728 0.0868805 -0.0481525
v -0.029017 0.0802585 -0.0563475
v -0.029274 0.0780625 -0.0604155
v -0.033605 0.0766005 -0.0598575
v -0.040252 0.0734735 -0.0593955
v -0.039816 0.0716075 -0.0626215
v -0.044539 0.0695705 -0.0616975
v -0.03657 0.0772605 -0.0557515
v -0.043701 0.0739365 -0.0545315
v -0.036992 0.0786005 -0.0513115
v -0.047537 0.0695025 -0.0588805
v -0.047914 0.0660245 -0.0633945
v -0.0523 0.0659605 -0.0591305
v -0.051876 0.0628745 -0.0635905
v -0.054922 0.0620095 -0.0615915
v -0.058974 0.0602905 -0.0588645
v -0.058976 0.0567085 -0.0632555
v -0.0559 0.0645165 -0.0560875
v -0.060944 0.0599145 -0.0557865
v -0.050097 0.0697865 -0.0545285
v -0.047125 0.0725975 -0.0521805
v -0.053231 0.0688785 -0.0503115
v -0.047463 0.0736465 -0.0471435
v -0.059304 0.0626685 -0.0530735
v -0.052071 0.0713145 -0.0422905
v -0.057356 0.0659705 -0.0479085
v -0.056568 0.0675315 -0.0435125
v -0.042234 0.0654035 -0.0670725
v -0.042317 0.0680935 -0.0651565
v -0.038318 0.0680405 -0.0668425
v -0.038489 0.0702955 -0.0650265
v -0.030191 0.0732185 -0.0658465
v -0.02915 0.0721705 -0.0667735
v -0.035202 0.0672865 -0.0677455
v -0.027875 0.0660875 -0.0673515
v -0.038221 0.0608425 -0.0675435
v -0.035859 0.0645345 -0.0679535
v -0.032721 0.0736215 -0.0644325
v -0.023636 0.0644505 -0.0657275
v -0.020797 0.0622535 -0.0649355
v -0.030747 0.0611125 -0.0657685
v -0.037244 0.0545375 -0.0653565
v -0.030829 0.0519865 -0.0650775
v -0.0493 0.0612495 -0.0666425
v -0.0535 0.0594755 -0.0655215
v -0.046967 0.0646275 -0.0655055
v -0.047709 0.0589395 -0.0679675
v -0.054387 0.0542035 -0.0677975
v -0.056512 0.0558085 -0.0661765
v -0.055371 0.0491745 -0.0681525
v -0.047537 0.0562725 -0.0679435
v -0.059584 0.0507505 -0.0669885
v -0.047631 0.0535745 -0.0675035
v -0.039374 0.0560225 -0.0660295
v -0.047847 0.0487335 -0.0660095
v -0.05412 0.0414985 -0.0659645
v -0.057454 0.0436535 -0.0677685
v -0.049252 0.0438255 -0.0653395
v -0.026164 0.0831265 -0.0505735
v -0.032278 0.0799955 -0.0534715
v -0.030628 0.0820585 -0.0483615
v -0.040912 0.0771295 -0.0490405
v -0.034675 0.0811845 -0.0443625
v -0.040003 0.0786965 -0.0433115
v -0.03423 0.0821065 -0.0389915
v -0.040967 0.0790285 -0.0345145
v -0.03497 0.0820625 -0.0331685
v -0.026924 0.0842785 -0.0431415
v -0.027912 0.0846225 -0.0359305
v -0.045931 0.0757635 -0.0386155
v -0.050039 0.0733275 -0.0327255
v -0.046833 0.0755765 -0.0257805
v -0.04076 0.0791555 -0.0297445
v -0.055785 0.0691085 -0.0337025
v -0.054753 0.0703165 -0.0313135
v -0.053727 0.0725885 -0.0265645
v -0.051099 0.0731165 -0.0277095
v -0.055621 0.0703375 -0.0294945
v 0.010551 0.0777255 -0.0652715
v 0.016065 0.0746275 -0.0664625
v 0.006755 0.0760075 -0.0667185
v 0.010549 0.0743145 -0.0669985
v 0.018668 0.0713325 -0.0670415
v 0.012368 0.0703715 -0.0668375
v 0.015224 0.0658215 -0.0651495
v 0.020643 0.0683295 -0.0667375
v 0.020235 0.0775125 -0.0628725
v 0.019804 0.0752345 -0.0653965
v 0.015314 0.0779785 -0.0638985
v 0.014323 0.0806985 -0.0603655
v 0.023022 0.0795765 -0.0582845
v 0.026137 0.0735075 -0.0649545
v 0.025908 0.0714785 -0.0663285
v 0.027106 0.0681645 -0.0669235
v 0.02652 0.0761125 -0.0618095
v 0.02913 0.0764235 -0.0599485
v 0.032872 0.0722975 -0.0632355
v 0.003011 0.0679735 -0.0654225
v 0.000183 0.0716005 -0.0669715
v -0.007028 0.0651205 -0.0647675
v 0.011924 0.0641495 -0.0646545
v 0.027602 0.0582305 -0.0642345
v 0.017892 0.0520185 -0.0642845
v 0.035463 0.0660225 -0.0664385
v 0.037945 0.0598195 -0.0664825
v 0.035876 0.0561845 -0.0646475
v 0.029065 0.0645845 -0.0665305
v 0.025295 0.0628985 -0.0651735
v 0.04683 0.0548695 -0.0664805
v 0.034623 0.0526895 -0.0641955
v 0.028818 0.0424675 -0.0641535
v 0.011096 0.0402125 -0.0646635
v 0.022184 0.0260095 -0.0645235
v 0.013161 0.0337375 -0.0649635
v -0.029424 0.0342415 -0.0653095
v -0.054815 0.0132935 -0.0650585
v -0.01272 0.0342985 -0.0650545
v -0.02275 0.0275135 -0.0651885
v -0.011884 0.0308845 -0.0653905
v -0.018226 0.0273635 -0.0654905
v -0.02348 0.0224955 -0.0656805
v -0.028814 0.0194195 -0.0652425
v -0.015059 0.0251845 -0.0669735
v -0.011731 0.0250075 -0.0670485
v -0.007623 0.0279145 -0.0669555
v -0.022721 0.0181135 -0.0670235
v -0.016104 0.0218405 -0.0668665
v -0.003957 0.0264055 -0.0666795
v -0.006038 0.0226455 -0.0655105
v -0.011316 0.0197005 -0.0653135
v -0.01702 0.0155835 -0.0655545
v -0.027975 0.0146745 -0.0657985
v -0.020716 0.0175315 -0.0669435
v -0.019757 0.0106005 -0.0655035
v -0.025028 0.0091815 -0.0669805
v -0.003081 0.0354535 -0.0649175
v 0.006669 0.0313835 -0.0651085
v 3.8e-05 0.0325255 -0.0652745
v 0.011514 0.0324235 -0.0647175
v -0.005327 0.0322225 -0.0653725
v -0.000606 0.0290875 -0.0667415
v 0.004006 0.0264165 -0.0667985
v -0.008942 0.0879895 -0.0385425
v -0.013779 0.0876455 -0.0368725
v -0.016208 0.0873685 -0.0293655
v -0.009001 0.0881575 -0.0320735
v -0.002668 0.0883355 -0.0344735
v -0.000274 0.0882755 -0.0295485
v -0.011737 0.0877125 -0.0262695
v -0.004574 0.0880695 -0.0250645
v -0.008178 0.0873375 -0.0197205
v -0.014305 0.0869765 -0.0217495
v 0.005963 0.0864325 -0.0475095
v 0.008703 0.0855095 -0.0503115
v 0.013004 0.0852865 -0.0481245
v 0.003584 0.0875465 -0.0414825
v 0.008147 0.0872265 -0.0396335
v 0.014904 0.0859185 -0.0407435
v 0.019492 0.0839945 -0.0471435
v 0.020071 0.0824115 -0.0535055
v 0.020108 0.0845895 -0.0417365
v 0.010615 0.0871705 -0.0337885
v 0.019993 0.0851515 -0.0335585
v 0.025455 0.0831585 -0.0396935
v -0.003 0.0880085 -0.0402485
v 0.002088 0.0881905 -0.0349355
v 0.007566 0.0875895 -0.0283685
v -0.001703 0.0871925 -0.0180515
v -0.012004 0.0858695 -0.0137945
v -0.005568 0.0854685 -0.0105655
v -0.000371 0.0851825 -0.0094875
v -0.002733 0.0834765 -0.0043155
v 0.015468 0.0861225 -0.0270715
v 0.02292 0.0841755 -0.0276015
v 0.025984 0.0833105 -0.0319285
v 0.019969 0.0844235 -0.0214255
v 0.012691 0.0859755 -0.0198025
v 0.023991 0.0832575 -0.0214755
v 0.019788 0.0831075 -0.0138945
v 0.02615 0.0811855 -0.0146265
v 0.029687 0.0809235 -0.0202155
v 0.004404 0.0875295 -0.0230225
v 0.005406 0.0865555 -0.0167415
v 0.011682 0.0846225 -0.0123355
v 0.00427 0.0848835 -0.0095125
v -0.031901 0.0831975 -0.0290705
v -0.024967 0.0855045 -0.0287715
v -0.028115 0.0842825 -0.0247025
v -0.034302 0.0819675 -0.0240105
v -0.021352 0.0864415 -0.0324715
v -0.020397 0.0861025 -0.0230125
v -0.025874 0.0841405 -0.0186355
v -0.029831 0.0828415 -0.0183685
v -0.033193 0.0811725 -0.0160185
v -0.018885 0.0856625 -0.0176205
v -0.027321 0.0824725 -0.0127995
v -0.039756 0.0792705 -0.0234935
v -0.044417 0.0764665 -0.0197605
v -0.049218 0.0746135 -0.0243395
v -0.047238 0.0754405 -0.0222095
v -0.056009 0.0737685 -0.0234085
v -0.055134 0.0751515 -0.0205485
v -0.051667 0.0741565 -0.0240135
v -0.0496 0.0752735 -0.0212545
v -0.046554 0.0759875 -0.0178635
v -0.041561 0.0772505 -0.0163335
v -0.03692 0.0800095 -0.0184575
v -0.03497 0.0784495 -0.0086505
v -0.038421 0.0778255 -0.0120725
v -0.04408 0.0762155 -0.0139215
v -0.041279 0.0764335 -0.0114555
v -0.043009 0.0757835 -0.0097345
v -0.020022 0.0842885 -0.0124105
v -0.030668 0.0799535 -0.0079285
v -0.024348 0.0814495 -0.0065315
v -0.019468 0.0823685 -0.0058205
v -0.02305 0.0792105 2.45e-05
v -0.011611 0.0842045 -0.0076835
v -0.009208 0.0819825 -0.0012385
v -0.01647 0.0802785 0.0007725
v -0.02695 0.0790075 -0.0021305
v -0.032909 0.0767715 -0.0018365
v -0.039534 0.0751305 -0.0055285
v -0.042243 0.0748755 -0.0056925
v -0.041675 0.0735675 -0.0016155
v -0.039224 0.0743825 -0.0031815
v -0.043667 0.0735155 0.0008315
v -0.039812 0.0717855 0.0022675
v -0.043461 0.0721565 0.0033115
v -0.041066 0.0711775 0.0032745
v -0.028763 0.0756385 0.0036875
v -0.026318 0.0742425 0.0076885
v -0.037888 0.0721965 0.0026485
v -0.033799 0.0738535 0.0033385
v -0.039656 0.0685445 0.0075735
v -0.033454 0.0712895 0.0080665
v 0.027826 0.0788875 -0.0559885
v 0.025574 0.0810515 -0.0520865
v 0.032736 0.0777875 -0.0532995
v 0.029592 0.0801305 -0.0496175
v 0.026586 0.0820415 -0.0455705
v 0.033089 0.0797155 -0.0434775
v 0.036383 0.0772095 -0.0487675
v 0.035945 0.0788715 -0.0387965
v 0.029133 0.0819915 -0.0368845
v 0.032313 0.0807825 -0.0333135
v 0.031148 0.0811165 -0.0270555
v 0.03737 0.0783375 -0.0320625
v 0.041514 0.0759115 -0.0376885
v 0.037072 0.0779605 -0.0237105
v 0.043552 0.0746715 -0.0280845
v 0.046934 0.0725435 -0.0327155
v 0.049527 0.0703735 -0.0259675
v 0.053346 0.0671965 -0.0252635
v -0.060662 0.0449055 -0.0681725
v -0.064071 0.0467915 -0.0661475
v -0.060531 0.0519685 -0.0657765
v -0.062857 0.0512235 -0.0641895
v -0.066025 0.0460275 -0.0648745
v -0.063044 0.0445555 -0.0675285
v -0.067351 0.0399255 -0.0666965
v -0.070466 0.0372865 -0.0654025
v -0.069091 0.0437615 -0.0630655
v -0.065369 0.0388935 -0.0677725
v -0.063546 0.0370325 -0.0681155
v -0.059295 0.0339755 -0.0661305
v -0.068082 0.0287275 -0.0680515
v -0.071952 0.0274105 -0.0671625
v -0.064359 0.0314895 -0.0677695
v -0.070822 0.0435555 -0.0604995
v -0.074594 0.0374375 -0.0595135
v -0.074653 0.0337685 -0.0620835
v -0.078075 0.0294205 -0.0593615
v -0.072933 0.0283905 -0.0663915
v -0.075341 0.0278325 -0.0643345
v -0.075373 0.0225255 -0.0659675
v -0.079155 0.0237705 -0.0606425
v -0.077245 0.0203795 -0.0646565
v -0.080745 0.0257335 -0.0563705
v -0.080592 0.0167245 -0.0609295
v -0.082336 0.0189215 -0.0566675
v -0.063828 0.0235375 -0.0660025
v -0.057907 0.0324635 -0.0654835
v -0.067279 0.0239435 -0.0677115
v -0.071802 0.0202425 -0.0678875
v -0.070881 0.0149395 -0.0681025
v -0.061339 0.0210415 -0.0652235
v -0.068926 0.0145055 -0.0675045
v -0.074998 0.0180745 -0.0669975
v -0.079594 0.0117685 -0.0635805
v -0.076899 0.0158445 -0.0659735
v -0.073961 0.0097125 -0.0678545
v -0.076623 0.0074875 -0.0668995
v -0.078566 0.0073645 -0.0653115
v -0.066687 0.0088875 -0.0659855
v -0.064296 0.0096375 -0.0654085
v -0.063598 -0.0027765 -0.0651745
v -0.070591 0.0046825 -0.0677325
v -0.072941 -0.0042195 -0.0680495
v -0.066762 -0.0031765 -0.0658965
v -0.081591 0.0050575 -0.0612405
v -0.082538 0.0098705 -0.0590225
v -0.083763 0.0122635 -0.0555135
v -0.084742 0.0063165 -0.0540615
v -0.083787 0.0028065 -0.0568965
v -0.082403 -0.0004785 -0.0598285
v -0.084966 -0.0020705 -0.0530785
v -0.0755 0.0014905 -0.0674245
v -0.080415 0.0021215 -0.0630635
v -0.077807 -0.0017265 -0.0659695
v -0.076015 -0.0075015 -0.0668885
v -0.079113 -0.0061895 -0.0641915
v -0.080774 -0.0049105 -0.0619975
v -0.08388 -0.0039185 -0.0559435
v -0.082617 -0.0072715 -0.0582805
v -0.083576 -0.0106515 -0.0545595
v -0.070308 -0.0064275 -0.0677275
v -0.074175 -0.0112395 -0.0674105
v -0.069473 -0.0171965 -0.0679385
v -0.077172 -0.0096635 -0.0657385
v -0.080243 -0.0124765 -0.0611575
v -0.078155 -0.0135235 -0.0637785
v -0.07391 -0.0186255 -0.0666515
v -0.0755 -0.0182835 -0.0654435
v -0.081598 -0.0140705 -0.0579625
v -0.067586 -0.0176395 -0.0675295
v -0.065216 -0.0133255 -0.0658425
v -0.06145 -0.0151945 -0.0650595
v -0.070213 -0.0194195 -0.0678915
v -0.077321 -0.0193485 -0.0628745
v -0.074325 -0.0223045 -0.0652985
v -0.070909 -0.0237755 -0.0671645
v -0.078927 -0.0204315 -0.0599235
v -0.079408 -0.0218335 -0.0580915
v -0.081627 -0.0195175 -0.0542615
v -0.074574 -0.0253605 -0.0637345
v -0.07595 -0.0270715 -0.0607965
v -0.077249 -0.0280735 -0.0577025
v -0.062185 0.0716025 -0.0233765
v -0.061682 0.0691555 -0.0275915
v -0.065299 0.0696085 -0.0232875
v -0.065093 0.0673015 -0.0267265
v -0.068999 0.0658925 -0.0235555
v -0.067919 0.0691865 -0.0202975
v -0.071489 0.0662375 -0.0188145
v -0.07096 0.0697485 -0.0137945
v -0.071483 0.0638935 -0.0218405
v -0.073845 0.0632645 -0.0176865
v -0.073469 0.0607975 -0.0211545
v -0.075836 0.0572535 -0.0180545
v -0.075765 0.0623265 -0.0139825
v -0.072292 0.0715435 -0.0067255
v -0.073615 0.0694935 -0.0081035
v -0.059012 0.0739255 -0.0213095
v -0.064955 0.0725905 -0.0180255
v -0.063122 0.0741815 -0.0165285
v -0.060154 0.0761325 -0.0139935
v -0.064734 0.0756385 -0.0100385
v -0.060659 0.0769375 -0.0101065
v -0.068213 0.0714385 -0.0153985
v -0.067429 0.0739885 -0.0107905
v -0.07368 0.0667255 -0.0130485
v -0.069849 0.0733265 -0.0080085
v -0.062558 0.0784825 0.0023495
v -0.056225 0.0784435 -0.0044035
v -0.058003 0.0778245 -0.0083075
v -0.064088 0.0774885 -0.0028405
v -0.068526 0.0753185 -0.0041825
v -0.067777 0.0767855 0.0004915
v -0.071666 0.0743915 0.0001815
v -0.077456 0.0591415 -0.0114315
v -0.076382 0.0529455 -0.0188395
v -0.075774 0.0666855 -0.0069285
v -0.077122 0.0644195 -0.0056265
v -0.07816 0.0613455 -0.0054125
v -0.078681 0.0572835 -0.0064045
v -0.077536 0.0517985 -0.0146925
v -0.079126 0.0541175 -0.0019575
v -0.078354 0.0513625 -0.0087095
v -0.073939 0.0722685 0.0007015
v -0.075524 0.0704165 0.0012735
v -0.076634 0.0680615 -9.05e-05
v -0.078836 0.0657965 0.0067315
v -0.072679 0.0748635 0.0061095
v -0.077455 0.0696745 0.0081935
v -0.079596 0.0618545 0.0063255
v -0.079452 0.0559925 0.0040225
v -0.079147 0.0568555 0.0118745
v -0.078589 0.0513595 -1.25e-05
v -0.078059 0.0515195 0.0051905
v -0.065466 0.0794545 0.0178905
v -0.067774 0.0789985 0.0173675
v -0.068673 0.0799145 0.0239155
v -0.070724 0.0775795 0.0149905
v -0.070265 0.0788535 0.0211985
v -0.074455 0.0754705 0.0178785
v -0.072936 0.0772055 0.0198475
v -0.077159 0.0736835 0.0208075
v -0.077025 0.0723855 0.0170595
v -0.076452 0.0781265 0.0279025
v -0.07247 0.0783445 0.0228035
v -0.076099 0.0763875 0.0242045
v -0.072322 0.0795905 0.0260305
v -0.078677 0.0695535 0.0162415
v -0.079484 0.0712305 0.0229195
v -0.079089 0.0759485 0.0284175
v -0.078553 0.0742875 0.0254205
v -0.080315 0.0738465 0.0281245
v -0.081279 0.0693865 0.0262215
v -0.080433 0.0684735 0.0221035
v -0.081332 0.0661865 0.0250785
v -0.081207 0.0713985 0.0275245
v -0.082092 0.0724015 0.0300675
v -0.082692 0.0706105 0.0306585
v -0.082638 0.0683315 0.0305725
v -0.057988 0.0788785 0.0024375
v -0.061875 0.0793385 0.0156285
v -0.053744 0.0783345 0.0034365
v -0.06659 0.0783965 0.0087835
v -0.069923 0.0770505 0.0083165
v -0.052451 0.0776115 0.0062035
v -0.057722 0.0784935 0.0145935
v -0.052997 0.0765445 0.0118755
v -0.055962 0.0769535 0.0173935
v -0.064686 0.0800135 0.0253425
v -0.060091 0.0786935 0.0212775
v -0.052776 0.0752605 0.0145015
v -0.04719 0.0735405 0.0078925
v -0.048352 0.0738835 0.0091545
v -0.052072 0.0731835 0.0160825
v -0.049761 0.0713375 0.0139725
v -0.045522 0.0697525 0.0094445
v -0.047364 0.0676055 0.0126015
v -0.050527 0.0687745 0.0160525
v -0.075008 0.0730065 0.0082345
v -0.079767 0.0597255 0.0126125
v -0.079807 0.0666875 0.0172565
v -0.08023 0.0643795 0.0178205
v -0.079774 0.0602095 0.0208725
v -0.078145 0.0553285 0.0143325
v -0.080557 0.0628925 0.0226045
v -0.074497 0.0537315 0.0190955
v -0.073804 0.0506865 0.0134655
v -0.072552 0.0522945 0.0178125
v -0.070844 0.0528725 0.0196475
v -0.0688 0.0498185 0.0152415
v -0.072543 0.0547965 0.0231265
v -0.068317 0.0529625 0.0199045
v -0.070113 0.0554835 0.0249655
v -0.06622 0.0547775 0.0221375
v -0.065471 0.0524255 0.0185415
v -0.082017 0.0657365 0.0301555
v -0.07883 0.0588625 0.0231585
v -0.077152 0.0525295 0.0109615
v -0.076651 0.0471365 0.0009855
v -0.07487 0.0479205 0.0073105
v -0.075053 0.0514225 0.0131565
v -0.076252 0.0546425 0.0184575
v -0.080813 0.0629725 0.0272465
v -0.080093 0.0619295 0.0307925
v -0.078296 0.0603745 0.0316045
v -0.077207 0.0577425 0.0251905
v -0.075411 0.0576375 0.0281615
v -0.074124 0.0565455 0.0264555
v -0.065678 0.0535215 -0.0574795
v -0.065314 0.0566025 -0.0522645
v -0.069432 0.0479115 -0.0582295
v -0.068528 0.0521365 -0.0532295
v -0.071583 0.0469355 -0.0545825
v -0.071632 0.0487535 -0.0508945
v -0.062277 0.0609375 -0.0490865
v -0.06701 0.0558285 -0.0486505
v -0.060859 0.0636295 -0.0433225
v -0.066465 0.0579015 -0.0425665
v -0.070813 0.0516365 -0.0460055
v -0.073064 0.0498275 -0.0391275
v -0.074391 0.0460865 -0.0462705
v -0.075432 0.0426155 -0.0506045
v -0.077291 0.0425605 -0.0411465
v -0.07804 0.0396985 -0.0460795
v -0.076346 0.0449585 -0.0353275
v -0.080271 0.0366515 -0.0408595
v -0.079513 0.0393085 -0.0350375
v -0.082074 0.0337165 -0.0323375
v -0.063191 0.0539915 -0.0609585
v -0.066172 0.0501475 -0.0611475
v -0.07397 0.0415005 -0.0566955
v -0.077259 0.0353835 -0.0559555
v -0.078378 0.0367995 -0.0508645
v -0.080286 0.0309895 -0.0526355
v -0.081569 0.0325715 -0.0437925
v -0.081707 0.0300525 -0.0481485
v -0.082712 0.0245845 -0.0512535
v -0.082918 0.0307035 -0.0372065
v -0.064884 0.0605475 -0.0349975
v -0.061615 0.0637675 -0.0354895
v -0.059906 0.0657915 -0.0332235
v -0.063038 0.0630165 -0.0330925
v -0.068412 0.0565195 -0.0342195
v -0.067336 0.0583995 -0.0323895
v -0.064594 0.0627015 -0.0311865
v -0.06763 0.0594895 -0.0305575
v -0.072669 0.0510895 -0.0315065
v -0.069573 0.0560765 -0.0306815
v -0.070398 0.0568125 -0.0286545
v -0.057872 0.0681375 -0.0314345
v -0.058251 0.0689325 -0.0298295
v -0.065161 0.0654875 -0.0285605
v -0.061579 0.0659195 -0.0307445
v -0.058662 0.0717795 -0.0257465
v -0.068206 0.0637955 -0.0269485
v -0.070219 0.0611255 -0.0265005
v -0.072212 0.0572245 -0.0260455
v -0.073745 0.0498075 -0.0286235
v -0.072181 0.0528735 -0.0285925
v -0.078016 0.0422075 -0.0310135
v -0.080422 0.0374715 -0.0279955
v -0.077236 0.0433495 -0.0251935
v -0.078183 0.0409855 -0.0215425
v -0.074511 0.0552475 -0.0229625
v -0.072914 0.0536485 -0.0264665
v -0.07395 0.0504015 -0.0261285
v -0.074832 0.0500655 -0.0240705
v -0.075461 0.0472145 -0.0240025
v -0.075822 0.0477525 -0.0215375
v -0.076433 0.0467715 -0.0181095
v -0.076594 0.0445265 -0.0216605
v -0.076663 0.0439835 -0.0178385
v -0.07759 0.0407015 -0.0163475
v -0.076633 0.0425595 -0.0139715
v -0.076569 0.0443135 -0.0131445
v -0.083588 0.0270075 -0.0424195
v -0.084516 0.0211775 -0.0463805
v -0.085055 0.0231935 -0.0387965
v -0.084176 0.0177035 -0.0516845
v -0.085529 0.0146745 -0.0473955
v -0.085987 0.0168225 -0.0419825
v -0.085538 0.0093165 -0.0503835
v -0.0867 0.0090575 -0.0436585
v -0.084284 0.0269985 -0.0318645
v -0.085437 0.0225735 -0.0314805
v -0.08608 0.0190735 -0.0367295
v -0.086788 0.0156765 -0.0307165
v -0.087141 0.0125365 -0.0350075
v -0.087289 0.0071975 -0.0382025
v -0.087645 0.0041815 -0.0303425
v -0.082725 0.0312815 -0.0253365
v -0.080596 0.0354055 -0.0196795
v -0.082597 0.0291765 -0.0178865
v -0.079752 0.0349525 -0.0138805
v -0.081456 0.0305655 -0.0142955
v -0.084114 0.0264985 -0.0240925
v -0.085413 0.0221395 -0.0268155
v -0.086378 0.0151125 -0.0224265
v -0.084833 0.0221605 -0.0203995
v -0.087317 0.0100915 -0.0284235
v -0.084985 0.0184185 -0.0164775
v -0.08374 0.0222525 -0.0141635
v -0.081612 0.0264505 -0.0098535
v -0.083645 0.0185155 -0.0104575
v -0.087044 0.0079615 -0.0228245
v -0.087079 0.0023115 -0.0219915
v -0.085427 0.0139885 -0.0153275
v -0.086356 0.0083645 -0.0176115
v -0.085964 0.0043415 -0.0146525
v -0.084385 0.0112575 -0.0095575
v -0.085158 0.0017145 -0.0114835
v -0.085996 -0.0029695 -0.0161395
v -0.052685 0.0361805 -0.0650805
v -0.034859 0.0054655 -0.0651595
v -0.040463 -0.0144185 -0.0651725
v -0.031251 0.0070695 -0.0654995
v -0.027216 0.0082175 -0.0669125
v -0.086138 0.0023575 -0.0486645
v -0.086998 0.0016155 -0.0427795
v -0.086111 -0.0040325 -0.0470155
v -0.086667 -0.0062645 -0.0419245
v -0.085266 -0.0082645 -0.0492055
v -0.083695 -0.0152835 -0.0506925
v -0.085004 -0.0135225 -0.0457235
v -0.087404 0.0006545 -0.0377975
v -0.087286 -0.0043865 -0.0350165
v -0.087378 -0.0025505 -0.0283215
v -0.087089 -0.0064675 -0.0296275
v -0.085982 -0.0122675 -0.0394435
v -0.084214 -0.0192635 -0.0413615
v -0.085194 -0.0171645 -0.0335785
v -0.086486 -0.0108905 -0.0321665
v -0.081572 -0.0244115 -0.0484565
v -0.083145 -0.0199285 -0.0474115
v -0.07911 -0.0269285 -0.0542525
v -0.078377 -0.0310145 -0.0507535
v -0.082127 -0.0257335 -0.0412495
v -0.079599 -0.0310955 -0.0440185
v -0.077101 -0.0354255 -0.0464665
v -0.082871 -0.0246955 -0.0357555
v -0.080079 -0.0315265 -0.0373845
v -0.077148 -0.0369465 -0.0404225
v -0.081899 -0.0275535 -0.0306825
v -0.086616 -0.0062795 -0.0222865
v -0.085786 -0.0134735 -0.0252495
v -0.085029 -0.0136505 -0.0190745
v -0.084067 -0.0182855 -0.0196905
v -0.085351 -0.0081785 -0.0158015
v -0.083895 -0.0070405 -0.0090115
v -0.083558 -0.0139215 -0.0121485
v -0.083891 -0.0214755 -0.0279715
v -0.082199 -0.0255295 -0.0230525
v -0.077635 0.0492805 -0.0132385
v -0.076898 0.0459495 -0.0125635
v -0.077731 0.0478325 -0.0085755
v -0.076095 0.0439855 -0.0076015
v -0.075644 0.0420215 -0.0077415
v -0.077306 0.0472285 -0.0034035
v -0.076571 0.0401515 -0.0105335
v -0.07485 0.0436285 -0.0017145
v -0.074245 0.0423325 -0.0016735
v -0.043746 0.0703295 0.0065875
v -0.042373 0.0686385 0.0074815
v -0.04145 0.0681535 0.0077495
v -0.043872 0.0682385 0.0087655
v -0.042944 0.0660065 0.0101385
v -0.046064 0.0658775 0.0117925
v -0.044537 0.0653425 0.0110775
v -0.046734 0.0628155 0.0130815
v -0.046734 0.0628155 0.0130815
v -0.046734 0.0628155 0.0130815
v -0.040888 0.0659175 0.0103805
v -0.043014 0.0639775 0.0117775
v -0.048226 0.0634295 0.0138505
v -0.048226 0.0634295 0.0138505
v -0.049618 0.0653985 0.0152385
v -0.049618 0.0653985 0.0152385
v -0.049943 0.0606505 0.0148275
v -0.051032 0.0622655 0.0158725
v -0.054016 0.0593025 0.0169735
v -0.053015 0.0580095 0.0157895
v -0.045437 0.0616135 0.0133825
v -0.045437 0.0616135 0.0133825
v -0.048923 0.0604365 0.0143895
v -0.048923 0.0604365 0.0143895
v -0.050676 0.0579445 0.0151265
v -0.050676 0.0579445 0.0151265
v -0.048054 0.0587005 0.0147095
v -0.049642 0.0567205 0.0153735
v -0.052303 0.0551395 0.0155635
v -0.052303 0.0551395 0.0155635
v -0.072463 0.0473325 0.0096855
v -0.072041 0.0435395 0.0047385
v -0.069887 0.0441405 0.0078425
v -0.070441 0.0421935 0.0054535
v -0.067956 0.0433495 0.0088675
v -0.070247 0.0484605 0.0126915
v -0.067939 0.0448825 0.0099455
v -0.066006 0.0469655 0.0125605
v -0.064872 0.0456175 0.0119715
v -0.068248 0.0418175 0.0079335
v -0.066003 0.0427095 0.0102935
v -0.06735 0.0401085 0.0092855
v -0.06735 0.0401085 0.0092855
v -0.064787 0.0421975 0.0114965
v -0.064787 0.0421975 0.0114965
v -0.063953 0.0444585 0.0121295
v -0.056302 0.0565885 0.0167945
v -0.062445 0.0535855 0.0182895
v -0.060595 0.0524325 0.0162055
v -0.059614 0.0567875 0.0194395
v -0.054504 0.0557785 0.0158075
v -0.054898 0.0534495 0.0155455
v -0.054898 0.0534495 0.0155455
v -0.052221 0.0532925 0.0161795
v -0.054509 0.0509305 0.0161425
v -0.061721 0.0500725 0.0148585
v -0.059333 0.0507135 0.0150565
v -0.058816 0.0525675 0.0156935
v -0.058978 0.0476025 0.0148765
v -0.058978 0.0476025 0.0148765
v -0.057193 0.0502695 0.0153105
v -0.057193 0.0502695 0.0153105
v -0.060433 0.0485855 0.0144015
v -0.066691 0.0501825 0.0158755
v -0.063816 0.0505975 0.0159095
v -0.06412 0.0491265 0.0144955
v -0.067027 0.0482635 0.0135905
v -0.063023 0.0474135 0.0134105
v -0.06171 0.0463445 0.0136075
v -0.064461 0.0566945 0.0237765
v -0.053626 0.0500165 0.0173345
v -0.062363 0.0444565 0.0132355
v -0.062363 0.0444565 0.0132355
v -0.06304 0.0421775 0.0135595
v -0.058999 0.0457005 0.0156795
v -0.058968 0.0430375 0.0179455
v -0.06394 0.0388825 0.0151495
v -0.060565 0.0384765 0.0195255
v -0.078786 0.0333385 -0.0078395
v -0.075332 0.0389585 -0.0050925
v -0.080685 0.0249375 -0.0055025
v -0.077277 0.0320685 -0.0023235
v -0.077277 0.0320685 -0.0023235
v -0.075399 0.0461265 0.0026985
v -0.073622 0.0431765 0.0010315
v -0.072245 0.0420805 0.0024865
v -0.074399 0.0409455 -0.0032655
v -0.073485 0.0389035 -0.0005395
v -0.072643 0.0403475 0.0009955
v -0.070414 0.0405855 0.0049085
v -0.070685 0.0383705 0.0052305
v -0.070685 0.0383705 0.0052305
v -0.07431 0.0330695 0.0031715
v -0.07431 0.0330695 0.0031715
v -0.077779 0.0253675 0.0014185
v -0.073364 0.0278235 0.0083815
v -0.080465 0.0199895 -0.0017255
v -0.082597 0.0165135 -0.0059435
v -0.079236 0.0264695 -0.0028975
v -0.079236 0.0264695 -0.0028975
v -0.079123 0.0264685 -0.0026135
v -0.079123 0.0264685 -0.0026135
v -0.079123 0.0264685 -0.0026135
v -0.07918 0.0264675 -0.0027555
v -0.07918 0.0264675 -0.0027555
v -0.079123 0.0264685 -0.0026135
v -0.079123 0.0264685 -0.0026135
v -0.075563 0.0229265 0.0069425
v -0.077458 0.0173025 0.0057195
v -0.081443 0.0115265 -0.0011345
v -0.084085 0.0066745 -0.0075835
v -0.082263 0.0041615 -0.0023315
v -0.083574 -0.0017465 -0.0063365
v -0.080463 -0.0022165 0.0015515
v -0.079206 0.0130115 0.0034085
v -0.075438 0.0128885 0.0104105
v -0.079734 0.0065605 0.0033115
v -0.076579 0.0095045 0.0090165
v -0.075596 0.0029375 0.0110355
v -0.078021 -0.0003645 0.0065745
v -0.068884 0.0342465 0.0115155
v -0.070793 0.0274035 0.0125925
v -0.065903 0.0298055 0.0182065
v -0.062129 0.0341615 0.0204785
v -0.072748 0.0202555 0.0126995
v -0.06443 0.0232355 0.0228645
v -0.061719 0.0282745 0.0238805
v -0.068851 0.0226165 0.0175195
v -0.07066 0.0151775 0.0171615
v -0.065944 0.0164395 0.0229975
v -0.073357 0.0072365 0.0144125
v -0.070514 0.0085825 0.0184845
v -0.070418 0.0001565 0.0187205
v -0.066361 0.0098615 0.0235955
v -0.066654 0.0037335 0.0235455
v -0.081664 -0.0047705 -0.0019135
v -0.079907 -0.0102195 0.0005745
v -0.081947 -0.0079645 -0.0038085
v -0.081791 -0.0134815 -0.0059315
v -0.082048 -0.0199365 -0.0121815
v -0.076742 -0.0073515 0.0076055
v -0.078929 -0.0178665 -0.0011795
v -0.076738 -0.0155295 0.0047495
v -0.075186 -0.0023535 0.0112475
v -0.072099 -0.0064675 0.0153105
v -0.074722 -0.0112775 0.0099035
v -0.069483 -0.0115855 0.0176445
v -0.072076 -0.0160635 0.0122305
v -0.06628 -0.0037785 0.0234205
v -0.069053 -0.0065045 0.0195155
v -0.065562 -0.0116345 0.0225725
v -0.065759 -0.0186965 0.0197865
v -0.069166 -0.0227515 0.0132135
v -0.078284 -0.0356495 -0.0319045
v -0.079695 -0.0320875 -0.0254625
v -0.076928 -0.0371375 -0.0220555
v -0.075739 -0.0399135 -0.0269275
v -0.082104 -0.0236455 -0.0179345
v -0.079643 -0.0304075 -0.0186415
v -0.079933 -0.0269595 -0.0133265
v -0.077641 -0.0340925 -0.0169915
v -0.074099 -0.0393395 -0.0140855
v -0.07979 -0.0224305 -0.0071285
v -0.07613 -0.0208485 0.0027605
v -0.076776 -0.0245615 -0.0013775
v -0.073907 -0.0188125 0.0080475
v -0.077841 -0.0288095 -0.0084625
v -0.075313 -0.0353365 -0.0105605
v -0.074303 -0.0334475 -0.0049435
v -0.072026 -0.0392355 -0.0074085
v -0.074541 -0.0298345 -0.0013365
v -0.073416 -0.0252335 0.0048935
v -0.070779 -0.0298775 0.0058725
v -0.071556 -0.0347595 -9.85e-05
v -0.068357 -0.0423655 -0.0032795
v -0.068095 -0.0388835 0.0016705
v -0.067326 -0.0272225 0.0129735
v -0.064884 -0.0326295 0.0124365
v -0.066919 -0.0354005 0.0072205
v -0.063439 -0.0413925 0.0065055
v -0.062322 -0.0390095 0.0103675
v -0.060603 -0.0353045 0.0157535
v -0.063627 -0.0249865 0.0191435
v -0.061588 -0.0299735 0.0185035
v -0.059653 -0.0248865 0.0236625
v -0.057381 -0.0421835 0.0136155
v -0.055811 -0.0331505 0.0226265
v -0.054794 -0.0393035 0.0190125
v 0.049931 0.0549035 -0.0661395
v 0.053602 0.0536605 -0.0653345
v 0.05406 0.0586785 -0.0612655
v 0.056756 0.0536875 -0.0633055
v 0.056781 0.0464575 -0.0662885
v 0.058914 0.0487655 -0.0646655
v 0.059736 0.0441645 -0.0659295
v 0.060349 0.0504345 -0.0624495
v 0.063852 0.0441905 -0.0632995
v 0.063529 0.0400745 -0.0653755
v 0.058368 0.0566575 -0.0582215
v 0.058368 0.0566575 -0.0582215
v 0.059278 0.0583895 -0.0534025
v 0.062284 0.0527025 -0.0572505
v 0.062284 0.0527025 -0.0572505
v 0.06527 0.0459355 -0.0601215
v 0.063813 0.0521825 -0.0548955
v 0.063813 0.0521825 -0.0548955
v 0.066382 0.0467115 -0.0574475
v 0.065701 0.0400175 -0.0638365
v 0.069418 0.0317295 -0.0640145
v 0.068357 0.0402355 -0.0604695
v 0.069245 0.0345865 -0.0629335
v 0.070207 0.0411085 -0.0565635
v 0.071732 0.0338675 -0.0599815
v 0.072136 0.0288885 -0.0622105
v 0.063113 0.0549985 -0.0507725
v 0.061042 0.0593475 -0.0431495
v 0.064397 0.0551275 -0.0446395
v 0.066015 0.0515405 -0.0499555
v 0.068443 0.0462805 -0.0534535
v 0.068443 0.0462805 -0.0534535
v 0.068838 0.0491875 -0.0443055
v 0.070572 0.0451495 -0.0485585
v 0.067253 0.0524245 -0.0382735
v 0.061899 0.0593105 -0.0309615
v 0.065429 0.0551085 -0.0324695
v 0.070352 0.0475545 -0.0402335
v 0.070272 0.0482885 -0.0332815
v 0.072887 0.0437005 -0.0366205
v 0.07285 0.0388685 -0.0526735
v 0.07285 0.0388685 -0.0526735
v 0.074656 0.0373955 -0.0483695
v 0.074071 0.0325245 -0.0567065
v 0.074406 0.0278275 -0.0592475
v 0.076197 0.0268005 -0.0564465
v 0.076157 0.0323805 -0.0509945
v 0.076157 0.0323805 -0.0509945
v 0.073737 0.0414375 -0.0413785
v 0.078055 0.0306555 -0.0442815
v 0.076934 0.0347965 -0.0395725
v 0.04123 0.0245265 -0.0638875
v 0.030518 0.0178815 -0.0642145
v 0.025338 0.0190265 -0.0647145
v 0.027881 0.0151495 -0.0641625
v 0.032044 0.0018785 -0.0639895
v -0.003676 0.0197735 -0.0647585
v -0.014734 0.0126255 -0.0649095
v -0.01875 0.0024475 -0.0648895
v -0.001295 0.0049685 -0.0650335
v -0.003186 -0.0006225 -0.0650205
v 0.011926 0.0293485 -0.0650315
v 0.015182 0.0260245 -0.0655645
v 0.006942 0.0276345 -0.0666865
v 0.013145 0.0246675 -0.0664525
v 0.013402 0.0230365 -0.0666395
v 0.012367 0.0218455 -0.0663325
v -0.001377 0.0228065 -0.0653785
v 0.004072 0.0216205 -0.0651595
v 0.009272 0.0190145 -0.0650155
v 0.007943 0.0176065 -0.0646575
v 0.018876 0.0224565 -0.0656845
v 0.019768 0.0176715 -0.0665275
v 0.018734 0.0163455 -0.0665145
v 0.012967 0.0159805 -0.0648795
v 0.016096 0.0057825 -0.0643535
v 0.023275 0.0177485 -0.0650755
v 0.017909 0.0104615 -0.0650525
v 0.022454 0.0123495 -0.0664975
v 0.025474 0.0122655 -0.0651295
v 0.022408 0.0078445 -0.0663805
v 0.024301 0.0020995 -0.0664595
v 0.024664 0.0071575 -0.0661725
v 0.027178 0.0044015 -0.0650615
v 0.028699 0.0075215 -0.0643775
v 0.019172 0.0056205 -0.0649095
v 0.01954 0.0012455 -0.0649135
v 0.028671 -0.0016835 -0.0643615
v 0.022759 -0.0015685 -0.0663125
v 0.016503 -0.0052275 -0.0644715
v 0.019571 -0.0031165 -0.0651635
v 0.026841 -0.0038465 -0.0648975
v 0.023693 -0.0043845 -0.0663165
v 0.021606 -0.0075815 -0.0663515
v 0.022356 -0.0087635 -0.0661475
v 0.019858 -0.0088585 -0.0662035
v 0.009991 -0.0106905 -0.0642855
v 0.000685 -0.0100385 -0.0644875
v 0.004195 -0.0146665 -0.0644085
v 0.010096 -0.0145505 -0.0648035
v 0.013877 -0.0113005 -0.0647505
v 0.0055 -0.0168415 -0.0648665
v 0.016813 -0.0085665 -0.0650405
v 0.025002 -0.0107495 -0.0646655
v 0.029313 -0.0093515 -0.0639495
v 0.035399 -0.0153185 -0.0638655
v 0.022155 -0.0215955 -0.0639555
v 0.015223 -0.0149315 -0.0663075
v 0.008645 -0.0192775 -0.0662145
v 0.013725 -0.0181225 -0.0665375
v 0.001887 -0.0213025 -0.0663595
v 0.004984 -0.0222415 -0.0663255
v 0.007639 -0.0228105 -0.0659685
v 0.012207 -0.0244395 -0.0645745
v 0.019352 -0.0128805 -0.0663975
v 0.023596 -0.0142465 -0.0644925
v 0.020469 -0.0193965 -0.0642925
v 0.018676 -0.0185095 -0.0649375
v 0.01457 -0.0266075 -0.0639905
v 0.010172 -0.0360335 -0.0638765
v 0.001723 -0.0306215 -0.0641575
v 0.041521 -0.0303035 -0.0631745
v 0.021005 -0.0450335 -0.0632475
v 0.047261 0.0515635 -0.0662135
v 0.049807 0.0436225 -0.0644945
v 0.046429 0.0418805 -0.0638665
v 0.053486 0.0440275 -0.0659725
v 0.061643 0.0347955 -0.0662605
v 0.052435 0.0335605 -0.0636375
v 0.060399 0.0337455 -0.0659625
v 0.054662 0.0362285 -0.0642645
v 0.063029 0.0365115 -0.0661575
v 0.058261 0.0284525 -0.0640545
v 0.067952 0.0251035 -0.0661455
v 0.067241 0.0306575 -0.0657085
v 0.06275 0.0263395 -0.0656455
v 0.060986 0.0217405 -0.0640525
v 0.06602 0.0218715 -0.0661165
v 0.058807 0.0193945 -0.0635035
v 0.050939 0.0059865 -0.0633625
v 0.062447 0.0129235 -0.0637515
v 0.078785 0.0261535 -0.0485625
v 0.078785 0.0261535 -0.0485625
v 0.078519 0.0313095 -0.0358355
v 0.079789 0.0265405 -0.0404285
v 0.066006 0.0151375 -0.0656155
v 0.071197 0.0226835 -0.0650175
v 0.072665 0.0232195 -0.0636775
v 0.074176 0.0169555 -0.0635905
v 0.070833 0.0141755 -0.0660385
v 0.068784 0.0103715 -0.0660705
v 0.072472 0.0156835 -0.0651365
v 0.074898 0.0216085 -0.0613385
v 0.077588 0.0189185 -0.0579465
v 0.062714 0.0055975 -0.0635225
v 0.064501 0.0051255 -0.0641535
v 0.076851 0.0130315 -0.0610505
v 0.074896 0.0132335 -0.0634315
v 0.074113 0.0065115 -0.0647465
v 0.067696 0.0023305 -0.0656585
v 0.072523 0.0069185 -0.0656335
v 0.07144 -0.0030105 -0.0659255
v 0.075811 0.0047245 -0.0632875
v 0.077923 0.0041695 -0.0603865
v 0.060607 -0.0036635 -0.0631355
v 0.057577 -0.0161935 -0.0629545
v 0.063573 -0.0045975 -0.0637975
v 0.068569 -0.0096935 -0.0659105
v 0.072755 -0.0042635 -0.0653965
v 0.074732 -0.0014605 -0.0642205
v 0.076865 -0.0019055 -0.0618645
v 0.075066 -0.0079855 -0.0633495
v 0.079071 -0.0010165 -0.0583135
v 0.077001 -0.0096205 -0.0605515
v 0.078689 -0.0080445 -0.0580735
v 0.061921 -0.0262195 -0.0654695
v 0.059471 -0.0204605 -0.0635005
v 0.064558 -0.0175075 -0.0653045
v 0.066053 -0.0173525 -0.0656985
v 0.066004 -0.0109205 -0.0653525
v 0.070154 -0.0131415 -0.0658135
v 0.061682 -0.0138355 -0.0636265
v 0.071004 -0.0158205 -0.0651525
v 0.069485 -0.0201275 -0.0653615
v 0.06574 -0.0262945 -0.0657675
v 0.07336 -0.0166555 -0.0631675
v 0.074621 -0.0156695 -0.0621895
v 0.077064 -0.0149605 -0.0589055
v 0.07449 -0.0208985 -0.0604125
v 0.071155 -0.0255615 -0.0626665
v 0.078111 0.0231115 -0.0542705
v 0.080204 0.0193585 -0.0499165
v 0.080204 0.0193585 -0.0499165
v 0.080057 0.0146575 -0.0535265
v 0.078972 0.0097255 -0.0580525
v 0.080822 0.0069975 -0.0536685
v 0.081752 0.0106865 -0.0489515
v 0.081752 0.0106865 -0.0489515
v 0.080156 0.0029655 -0.0561315
v 0.080808 0.0211495 -0.0441295
v 0.082011 0.0165785 -0.0420635
v 0.081775 0.0199505 -0.0356825
v 0.082539 0.0112685 -0.0436925
v 0.082833 0.0042215 -0.0450895
v 0.082833 0.0042215 -0.0450895
v 0.083556 0.0061875 -0.0369565
v 0.079897 -0.0047965 -0.0560675
v 0.081645 0.0031395 -0.0512075
v 0.081339 -0.0037205 -0.0520375
v 0.08036 -0.0103545 -0.0530795
v 0.08251 -0.0026225 -0.0468425
v 0.08251 -0.0026225 -0.0468425
v 0.083376 0.0012635 -0.0405945
v 0.083044 -0.0068175 -0.0395925
v 0.08182 -0.0104555 -0.0467835
v 0.08182 -0.0104555 -0.0467835
v 0.078969 -0.0144585 -0.0550935
v 0.076136 -0.0220195 -0.0571275
v 0.07892 -0.0182745 -0.0527005
v 0.080276 -0.0163075 -0.0490705
v 0.081455 -0.0156885 -0.0419805
v 0.081455 -0.0156885 -0.0419805
v 0.079311 -0.0224155 -0.0452715
v 0.080166 -0.0213875 -0.0398355
v 0.080166 -0.0213875 -0.0398355
v 0.053521 -0.0277675 -0.0630495
v 0.055351 -0.0305245 -0.0637085
v 0.059149 -0.0317875 -0.0655025
v 0.047838 -0.0397595 -0.0634935
v 0.037215 -0.0464965 -0.0631465
v 0.033639 -0.0575665 -0.0657565
v 0.034455 -0.0528095 -0.0639195
v 0.040091 -0.0525805 -0.0654495
v 0.039237 -0.0554685 -0.0659875
v 0.043574 -0.0552175 -0.0659585
v 0.035827 -0.0616225 -0.0656865
v 0.033341 -0.0618765 -0.0659905
v 0.042765 -0.0571205 -0.0655805
v 0.067085 -0.0273955 -0.0650425
v 0.064376 -0.0309685 -0.0655755
v 0.065378 -0.0330335 -0.0643765
v 0.069355 -0.0304855 -0.0621715
v 0.071317 -0.0285675 -0.0610565
v 0.07364 -0.0268905 -0.0586145
v 0.071923 -0.0320825 -0.0576975
v 0.076488 -0.0261305 -0.0529135
v 0.074517 -0.0292565 -0.0549775
v 0.077965 -0.0242905 -0.0496025
v 0.076614 -0.0293425 -0.0472305
v 0.074898 -0.0315875 -0.0507805
v 0.078273 -0.0272355 -0.0404395
v 0.078273 -0.0272355 -0.0404395
v 0.053699 -0.0400165 -0.0655705
v 0.053282 -0.0440015 -0.0659345
v 0.060592 -0.0372895 -0.0657095
v 0.055031 -0.0445265 -0.0658155
v 0.058811 -0.0421145 -0.0648735
v 0.06408 -0.0385045 -0.0630415
v 0.051803 -0.0495845 -0.0655135
v 0.054517 -0.0504925 -0.0632765
v 0.061781 -0.0436025 -0.0618455
v 0.069383 -0.0337785 -0.0601985
v 0.064769 -0.0417355 -0.0599895
v 0.07013 -0.0357175 -0.0575385
v 0.068952 -0.0391065 -0.0559985
v 0.057143 -0.0514005 -0.0598375
v 0.061654 -0.0472045 -0.0586185
v 0.066173 -0.0439105 -0.0550585
v 0.058795 -0.0520565 -0.0566615
v 0.063794 -0.0484825 -0.0522115
v 0.041953 -0.0463185 -0.0637405
v 0.036461 -0.0499995 -0.0635785
v 0.046996 -0.0466245 -0.0654025
v 0.047753 -0.0565165 -0.0634925
v 0.050207 -0.0572655 -0.0607715
v 0.039347 -0.0625485 -0.0635985
v 0.041385 -0.0632845 -0.0616575
v 0.050394 -0.0593695 -0.0580095
v 0.041541 -0.0654595 -0.0586115
v 0.052414 -0.0581815 -0.0572545
v 0.0618 -0.0508955 -0.0518595
v 0.058073 -0.0543055 -0.0536095
v 0.054169 -0.0587735 -0.0528245
v 0.057728 -0.0556945 -0.0525345
v 0.059309 -0.0542935 -0.0519515
v 0.058506 -0.0565205 -0.0519005
v 0.055982 -0.0576415 -0.0523035
v 0.056841 -0.0583135 -0.0517105
v 0.060061 -0.0584705 -0.0523545
v 0.057029 -0.0609825 -0.0517605
v 0.048749 -0.0628645 -0.0538875
v 0.04453 -0.0650325 -0.0557545
v 0.054292 -0.0598285 -0.0514025
v 0.055814 -0.0598295 -0.0514255
v 0.054501 -0.0605935 -0.0508135
v 0.052437 -0.0612005 -0.0506585
v 0.052926 -0.0618715 -0.0494295
v 0.053902 -0.0617935 -0.0498975
v 0.051356 -0.0622315 -0.0497355
v 0.051189 -0.0626905 -0.0488835
v 0.045019 -0.0665415 -0.0513695
v 0.052424 -0.0625275 -0.0480815
v 0.055587 -0.0625235 -0.0509975
v 0.057807 -0.0618525 -0.0516645
v 0.056587 -0.0635335 -0.0506275
v 0.072169 -0.0349615 -0.0541495
v 0.071277 -0.0383585 -0.0514915
v 0.073133 -0.0370555 -0.0469225
v 0.069802 -0.0413645 -0.0500545
v 0.066251 -0.0471155 -0.0478225
v 0.070779 -0.0418495 -0.0442755
v 0.066896 -0.0478175 -0.0427345
v 0.063686 -0.0506365 -0.0466625
v 0.075282 -0.0337285 -0.0434785
v 0.073541 -0.0378515 -0.0399825
v 0.075809 -0.0338145 -0.0361485
v 0.075809 -0.0338145 -0.0361485
v 0.072006 -0.0409495 -0.0351625
v 0.072006 -0.0409495 -0.0351625
v 0.069716 -0.0444065 -0.0389305
v 0.06688 -0.0484795 -0.0384655
v 0.06825 -0.0468845 -0.0338455
v 0.06825 -0.0468845 -0.0338455
v 0.060694 -0.0526765 -0.0513465
v 0.062353 -0.0514455 -0.0494635
v 0.060963 -0.0534385 -0.0508195
v 0.060045 -0.0552295 -0.0515935
v 0.061352 -0.0540495 -0.0506585
v 0.062483 -0.0561715 -0.0514255
v 0.062443 -0.0527245 -0.0490865
v 0.06348 -0.0542945 -0.0497875
v 0.064337 -0.0552235 -0.0497305
v 0.063627 -0.0530245 -0.0478925
v 0.064631 -0.0507565 -0.0414045
v 0.063248 -0.0520385 -0.0472195
v 0.063937 -0.0511995 -0.0448715
v 0.063995 -0.0524075 -0.0455485
v 0.065557 -0.0539875 -0.0458415
v 0.064743 -0.0541065 -0.0479295
v 0.065709 -0.0553175 -0.0470435
v 0.064719 -0.0526305 -0.0426275
v 0.065759 -0.0535885 -0.0433305
v 0.053081 -0.0629915 -0.0481025
v 0.05476 -0.0640095 -0.0496415
v 0.051945 -0.0633115 -0.0459495
v 0.050713 -0.0638605 -0.0444195
v 0.052818 -0.0637185 -0.0455295
v 0.052675 -0.0638515 -0.0426205
v 0.05427 -0.0656615 -0.0421495
v 0.052963 -0.0639575 -0.0409895
v 0.053985 -0.0649485 -0.0408565
v 0.053357 -0.0640025 -0.0386605
v 0.05261 -0.0636915 -0.0402305
v 0.064543 -0.0513725 -0.0348585
v 0.064538 -0.0519315 -0.0408555
v 0.064464 -0.0519775 -0.0375455
v 0.065151 -0.0529385 -0.0397035
v 0.066785 -0.0555835 -0.0438325
v 0.067062 -0.0548745 -0.0411165
v 0.065932 -0.0500145 -0.0321075
v 0.065932 -0.0500145 -0.0321075
v 0.064468 -0.0529565 -0.0355855
v 0.064073 -0.0528375 -0.0345035
v 0.064362 -0.0542435 -0.0330535
v 0.06307 -0.0532395 -0.0311035
v 0.06307 -0.0532395 -0.0311035
v 0.063418 -0.0541465 -0.0322225
v 0.066104 -0.0538445 -0.0370135
v 0.067 -0.0543535 -0.0375325
v 0.068529 -0.0562905 -0.0351785
v 0.067618 -0.0551345 -0.0340825
v 0.065075 -0.0539525 -0.0344805
v 0.066556 -0.0548035 -0.0326705
v 0.05515 -0.0668485 -0.0364355
v 0.055449 -0.0624495 -0.0318265
v 0.055449 -0.0624495 -0.0318265
v 0.055264 -0.0617595 -0.0313565
v 0.054245 -0.0630085 -0.0335265
v 0.054245 -0.0630085 -0.0335265
v 0.057034 -0.0611735 -0.0303625
v 0.057034 -0.0611735 -0.0303625
v 0.057034 -0.0611735 -0.0303625
v 0.056821 -0.0603735 -0.0297105
v 0.054994 -0.0614455 -0.0299205
v 0.057721 -0.0639685 -0.0287205
v 0.057443 -0.0664495 -0.0286255
v 0.063342 -0.0577105 -0.0507915
v 0.065378 -0.0566555 -0.0481805
v 0.064212 -0.0581525 -0.0495265
v 0.061571 -0.0583115 -0.0518675
v 0.060171 -0.0607675 -0.0516295
v 0.061897 -0.0606745 -0.0504895
v 0.060779 -0.0624785 -0.0496195
v 0.058313 -0.0633815 -0.0505625
v 0.063262 -0.0607815 -0.0482555
v 0.065564 -0.0585235 -0.0461705
v 0.066541 -0.0565015 -0.0448425
v 0.062973 -0.0639525 -0.0424565
v 0.066592 -0.0607365 -0.0403975
v 0.059549 -0.0645075 -0.0476855
v 0.056723 -0.0650425 -0.0487605
v 0.058012 -0.0654835 -0.0472055
v 0.054096 -0.0645505 -0.0478765
v 0.055462 -0.0652325 -0.0480335
v 0.054492 -0.0656425 -0.0456635
v 0.056991 -0.0666095 -0.0439105
v 0.05978 -0.0668215 -0.0411105
v 0.06187 -0.0664465 -0.0391295
v 0.055246 -0.0666635 -0.0400335
v 0.057043 -0.0677325 -0.0381865
v 0.067475 -0.0581285 -0.0409705
v 0.068432 -0.0571225 -0.0375955
v 0.067485 -0.0611265 -0.0383265
v 0.069075 -0.0594975 -0.0360805
v 0.065261 -0.0641125 -0.0379455
v 0.069436 -0.0621675 -0.0340435
v 0.069984 -0.0586075 -0.0334695
v 0.067496 -0.0643235 -0.0347945
v 0.059098 -0.0684875 -0.0365315
v 0.060937 -0.0680655 -0.0367485
v 0.057958 -0.0687385 -0.0350385
v 0.062765 -0.0680085 -0.0352715
v 0.059897 -0.0697375 -0.0333335
v 0.065575 -0.0670785 -0.0337325
v 0.061878 -0.0694795 -0.0334485
v 0.064906 -0.0695305 -0.0315685
v -0.061631 -0.0230635 -0.0657185
v -0.063202 -0.0284315 -0.0675615
v -0.071084 -0.0277995 -0.0660675
v -0.065253 -0.0312425 -0.0677495
v -0.066199 -0.0335595 -0.0670375
v -0.054637 -0.0295125 -0.0649155
v -0.058436 -0.0300805 -0.0657755
v -0.062403 -0.0326915 -0.0677925
v -0.057925 -0.0370845 -0.0673835
v -0.051856 -0.0398595 -0.0656425
v -0.057773 -0.0426745 -0.0674245
v -0.060284 -0.0421535 -0.0669445
v -0.072104 -0.0287885 -0.0648405
v -0.072512 -0.0328335 -0.0618535
v -0.073741 -0.0328305 -0.0599525
v -0.067485 -0.0350765 -0.0658035
v -0.068094 -0.0367355 -0.0644905
v -0.069753 -0.0391925 -0.0605725
v -0.06335 -0.0406415 -0.0660715
v -0.061848 -0.0441075 -0.0653205
v -0.063716 -0.0457875 -0.0623385
v -0.049546 -0.0504265 -0.0673355
v -0.050945 -0.0456135 -0.0671185
v -0.055847 -0.0490715 -0.0661435
v -0.050154 -0.0525875 -0.0668975
v -0.022009 0.0061125 -0.0657175
v -0.027308 0.0020955 -0.0670305
v -0.02594 0.0013605 -0.0669835
v -0.026872 -0.0043225 -0.0668565
v -0.021434 -0.0015965 -0.0655065
v -0.032117 0.0002135 -0.0653225
v -0.029666 -0.0027175 -0.0659235
v -0.032294 -0.0095725 -0.0650595
v -0.029183 -0.0081655 -0.0655125
v -0.024612 -0.0059515 -0.0670435
v -0.018584 -0.0068125 -0.0651825
v -0.01304 -0.0097385 -0.0647025
v -0.023165 -0.0121495 -0.0667565
v -0.026716 -0.0130965 -0.0653555
v -0.019532 -0.0129715 -0.0666245
v -0.020791 -0.0133235 -0.0668935
v -0.023343 -0.0174845 -0.0653065
v -0.023978 -0.0215535 -0.0647785
v -0.014667 -0.0125305 -0.0652035
v -0.00789 -0.0144225 -0.0646605
v -0.016633 -0.0184685 -0.0667545
v -0.012428 -0.0189415 -0.0667285
v -0.010129 -0.0163065 -0.0653305
v -0.017715 -0.0229245 -0.0649755
v -0.006197 -0.0206815 -0.0663865
v -0.005607 -0.0227715 -0.0666275
v -0.010352 -0.0222915 -0.0665145
v -0.010757 -0.0261115 -0.0648475
v -0.010344 -0.0291435 -0.0643765
v -0.017156 -0.0354695 -0.0643685
v -0.040595 -0.0445015 -0.0643145
v -0.000171 -0.0174045 -0.0648365
v -0.004786 -0.0177725 -0.0651035
v -0.003316 -0.0271735 -0.0648815
v -0.048678 -0.0393135 -0.0647965
v -0.075734 -0.0333765 -0.0554545
v -0.07261 -0.0380375 -0.0568075
v -0.075021 -0.0374615 -0.0509055
v -0.067542 -0.0443545 -0.0585915
v -0.070054 -0.0440625 -0.0536275
v -0.065293 -0.0488475 -0.0561765
v -0.064128 -0.0477915 -0.0596565
v -0.073219 -0.0420445 -0.0472175
v -0.06877 -0.0476935 -0.0492465
v -0.065055 -0.0509425 -0.0526075
v -0.074201 -0.0424225 -0.0381845
v -0.071437 -0.0455705 -0.0438685
v -0.067743 -0.0508205 -0.0414175
v -0.063804 -0.0537755 -0.0488915
v -0.043492 -0.0472095 -0.0650165
v -0.037402 -0.0587625 -0.0669575
v -0.043563 -0.0519175 -0.0667735
v -0.038194 -0.0509995 -0.0647585
v -0.057265 -0.0497905 -0.0649515
v -0.056705 -0.0530825 -0.0626075
v -0.057413 -0.0549155 -0.0597285
v -0.06149 -0.0533735 -0.0557495
v -0.050819 -0.0544215 -0.0658415
v -0.050879 -0.0568765 -0.0640565
v -0.044623 -0.0585365 -0.0661125
v -0.051688 -0.0591825 -0.0608745
v -0.051595 -0.0612855 -0.0580355
v -0.055945 -0.0583655 -0.0565935
v -0.05871 -0.0576365 -0.0526235
v -0.057779 -0.0595005 -0.0497585
v -0.0606 -0.0579385 -0.0453545
v -0.052106 -0.0627385 -0.0544405
v -0.051041 -0.0648805 -0.0505535
v -0.054018 -0.0637115 -0.0455065
v -0.058501 -0.0606575 -0.0401455
v -0.053396 -0.0650105 -0.0386735
v -0.049383 -0.0675155 -0.0436085
v -0.00533 -0.0519345 -0.0634035
v -0.019061 -0.0568355 -0.0635855
v 0.000872 -0.0239765 -0.0661775
v 0.004239 -0.0273245 -0.0645195
v -0.011023 -0.0588875 -0.0634115
v 0.000885 -0.0587905 -0.0631455
v 0.024443 -0.0538335 -0.0630995
v 0.010369 -0.0596525 -0.0632755
v 0.022799 -0.0581985 -0.0638075
v 0.010897 -0.0621405 -0.0641115
v -0.005002 -0.0623805 -0.0638645
v -0.013211 -0.0619175 -0.0642075
v -0.010769 -0.0656055 -0.0658045
v 0.001807 -0.0622095 -0.0637225
v 0.009126 -0.0659195 -0.0657705
v -0.000884 -0.0659615 -0.0655505
v -0.011081 -0.0674615 -0.0663425
v -0.00043 -0.0681295 -0.0661535
v -0.011103 -0.0699255 -0.0663875
v -0.000951 -0.0709465 -0.0660955
v -0.007426 -0.0714805 -0.0658015
v 7.6e-05 -0.0733845 -0.0646195
v -0.041454 -0.0583975 -0.0669545
v -0.035282 -0.0576345 -0.0665275
v -0.030652 -0.0560005 -0.0646915
v -0.038036 -0.0630905 -0.0657495
v -0.028843 -0.0652845 -0.0665865
v -0.023681 -0.0652065 -0.0666485
v -0.030285 -0.0672525 -0.0654005
v -0.033558 -0.0675135 -0.0641565
v -0.03946 -0.0644885 -0.0641675
v -0.029631 -0.0539545 -0.0640875
v -0.022945 -0.0632165 -0.0662165
v -0.022507 -0.0589865 -0.0642835
v -0.027014 -0.0709485 -0.0632525
v -0.033781 -0.0700455 -0.0612495
v -0.044852 -0.0602495 -0.0649945
v -0.045151 -0.0623775 -0.0628325
v -0.047254 -0.0635145 -0.0596115
v -0.041767 -0.0658905 -0.0611475
v -0.047482 -0.0648655 -0.0570085
v -0.04278 -0.0676345 -0.0575975
v -0.046394 -0.0670685 -0.0538395
v -0.04509 -0.0694235 -0.0484965
v -0.04055 -0.0714545 -0.0509195
v -0.037277 -0.0696445 -0.0593105
v -0.036548 -0.0669655 -0.0631375
v -0.036687 -0.0671505 -0.0628485
v -0.038705 -0.0712455 -0.0546075
v -0.032567 -0.0731945 -0.0568385
v -0.035659 -0.0731865 -0.0531925
v -0.021461 -0.0694795 -0.0656935
v -0.012541 -0.0716175 -0.0655175
v -0.021297 -0.0710155 -0.0647865
v -0.028267 -0.0730985 -0.0599255
v -0.020063 -0.0730725 -0.0630765
v -0.021835 -0.0751995 -0.0597425
v -0.024988 -0.0758485 -0.0568195
v -0.014087 -0.0736995 -0.0636315
v -0.017515 -0.0753595 -0.0608915
v -0.048051 -0.0691015 -0.0356585
v -0.042977 -0.0719415 -0.0400625
v -0.038685 -0.0734975 -0.0454445
v -0.0333 -0.0752835 -0.0493395
v -0.036131 -0.0755835 -0.0372135
v -0.036131 -0.0755835 -0.0372135
v -0.032421 -0.0764675 -0.0442615
v -0.04153 -0.0729705 -0.0349635
v -0.044424 -0.0713435 -0.0306725
v -0.030424 -0.0776645 -0.0398455
v -0.038776 -0.0742545 -0.0282495
v -0.02827 -0.0787035 -0.0324715
v -0.02827 -0.0787035 -0.0324715
v -0.033734 -0.0766115 -0.0308255
v -0.011744 -0.0763445 -0.0608335
v -0.007563 -0.0743335 -0.0637565
v -0.002041 -0.0751355 -0.0631335
v -0.002815 -0.0771915 -0.0605715
v -0.007185 -0.0789575 -0.0570515
v -0.014605 -0.0779675 -0.0574215
v -0.019316 -0.0780875 -0.0550555
v -0.026389 -0.0766595 -0.0538265
v -0.018991 -0.0796075 -0.0501415
v -0.0131 -0.0793445 -0.0545895
v -0.005153 -0.0807465 -0.0525425
v -0.011528 -0.0809755 -0.0493985
v -0.015783 -0.0809825 -0.0456335
v -0.004153 -0.0818385 -0.0475845
v -0.007838 -0.0821995 -0.0435625
v -0.011496 -0.0822315 -0.0389585
v -0.025665 -0.0780935 -0.0491415
v -0.023231 -0.0796005 -0.0441045
v -0.02437 -0.0797895 -0.0367745
v -0.01765 -0.0811925 -0.0394765
v -0.043634 -0.0715515 -0.0260545
v -0.041266 -0.0723845 -0.0220655
v -0.035631 -0.0753375 -0.0238205
v -0.030606 -0.0772145 -0.0225905
v -0.040541 -0.0720015 -0.0175095
v -0.034526 -0.0745205 -0.0161055
v -0.032799 -0.0728915 -0.0076055
v -0.037696 -0.0717885 -0.0110315
v -0.024959 -0.0789735 -0.0220875
v -0.028678 -0.0769035 -0.0166245
v -0.003209 -0.0827685 -0.0400055
v -0.008309 -0.0827005 -0.0311285
v -0.008309 -0.0827005 -0.0311285
v -0.002455 -0.0829355 -0.0303155
v -0.002455 -0.0829355 -0.0303155
v -0.006376 -0.0823305 -0.0234775
v -0.022962 -0.0802415 -0.0332795
v -0.022962 -0.0802415 -0.0332795
v -0.018631 -0.0812415 -0.0321455
v -0.018631 -0.0812415 -0.0321455
v -0.023777 -0.0798475 -0.0275205
v -0.020368 -0.0804475 -0.0247895
v -0.013881 -0.0820685 -0.0330515
v -0.013881 -0.0820685 -0.0330515
v -0.014167 -0.0817945 -0.0271505
v -0.014999 -0.0811135 -0.0214585
v -0.021479 -0.0790025 -0.0165425
v -0.010637 -0.0808065 -0.0161915
v -0.026663 -0.0743945 -0.0055855
v -0.029395 -0.0712075 -8.15e-05
v -0.025985 -0.0764125 -0.0112525
v -0.01957 -0.0773315 -0.0083995
v -0.026306 -0.0684825 0.0072585
v -0.031543 -0.0673465 0.0055885
v -0.022377 -0.0724675 0.0021185
v -0.018766 -0.0746625 -0.0006105
v 0.001454 -0.0824055 -0.0234775
v 3.3e-05 -0.0814125 -0.0166045
v -0.005116 -0.0812515 -0.0161565
v 0.004973 -0.0819745 -0.0212235
v -0.000775 -0.0792625 -0.0082245
v 0.005836 -0.0802715 -0.0128345
v 0.00941 -0.0811545 -0.0189185
v 0.003729 -0.0781485 -0.0052435
v 0.009967 -0.0784495 -0.0081725
v -0.014799 -0.0795185 -0.0130205
v -0.007858 -0.0792655 -0.0090635
v -0.011927 -0.0777605 -0.0057205
v -0.012297 -0.0756765 -0.0003765
v -0.005862 -0.0779495 -0.0046585
v -0.001485 -0.0763185 -0.0001435
v -0.0717 -0.0458455 -0.0400275
v -0.064385 -0.0549115 -0.0396955
v -0.07477 -0.0418565 -0.0307025
v -0.070978 -0.0474025 -0.0322155
v -0.072436 -0.0448375 -0.0241675
v -0.068238 -0.0508225 -0.0351795
v -0.065294 -0.0543705 -0.0326395
v -0.068 -0.0509265 -0.0262675
v -0.071856 -0.0444375 -0.0184515
v -0.068497 -0.0493995 -0.0200245
v -0.063462 -0.0559825 -0.0250745
v -0.064349 -0.0541865 -0.0198035
v -0.061854 -0.0579535 -0.0323195
v -0.056256 -0.0629405 -0.0343705
v -0.058336 -0.0609185 -0.0254365
v -0.054062 -0.0647305 -0.0295885
v -0.051069 -0.0670095 -0.0336265
v -0.055035 -0.0633725 -0.0224465
v -0.048814 -0.0684495 -0.0276235
v -0.051332 -0.0663355 -0.0234955
v -0.070244 -0.0437775 -0.0107105
v -0.067752 -0.0482335 -0.0132765
v -0.065202 -0.0496625 -0.0091625
v -0.064886 -0.0523165 -0.0151735
v -0.059671 -0.0583115 -0.0172965
v -0.060523 -0.0554455 -0.0108665
v -0.064156 -0.0474925 -0.0027545
v -0.063158 -0.0454575 0.0021945
v -0.059704 -0.0535695 -0.0046575
v -0.0592 -0.0514025 -3.05e-05
v -0.053977 -0.0585995 -0.0042355
v -0.055357 -0.0595735 -0.0091115
v -0.054947 -0.0549575 0.0009825
v -0.055546 -0.0613345 -0.0149385
v -0.050862 -0.0655405 -0.0173645
v -0.047083 -0.0689625 -0.0219145
v -0.045207 -0.0687405 -0.0148885
v -0.049384 -0.0650685 -0.0116355
v -0.048917 -0.0625565 -0.0041255
v -0.043884 -0.0671195 -0.0072115
v -0.057768 -0.0455915 0.0095505
v -0.057555 -0.0496885 0.0049565
v -0.053553 -0.0518705 0.0073105
v -0.050622 -0.0579035 0.0021575
v -0.052912 -0.0468745 0.0138105
v -0.050182 -0.0437395 0.0196785
v -0.048896 -0.0518535 0.0124755
v -0.04585 -0.0612745 0.0024855
v -0.041816 -0.0658185 -0.0012025
v -0.038288 -0.0691865 -0.0044345
v -0.03613 -0.0681215 0.0003345
v -0.045555 -0.0568775 0.0094385
v -0.040258 -0.0604795 0.0094295
v -0.040866 -0.0549075 0.0160965
v -0.038205 -0.0637145 0.0063495
v -0.035332 -0.0594555 0.0146525
v -0.030963 -0.0643785 0.0107755
v 0.022581 -0.0620005 -0.0655285
v 0.028055 -0.0621535 -0.0660315
v 0.022474 -0.0660895 -0.0661185
v 0.014991 -0.0670695 -0.0661095
v 0.02464 -0.0667465 -0.0658735
v 0.016633 -0.0687935 -0.0660265
v 0.033421 -0.0652305 -0.0642615
v 0.030403 -0.0690305 -0.0623015
v 0.036516 -0.0654325 -0.0626205
v 0.02633 -0.0692515 -0.0637795
v 0.021481 -0.0699045 -0.0645775
v 0.021091 -0.0718855 -0.0629395
v 0.022856 -0.0729825 -0.0610255
v 0.02741 -0.0725905 -0.0590995
v 0.004395 -0.0699615 -0.0661965
v 0.009907 -0.0701205 -0.0659515
v 0.01461 -0.0721915 -0.0641885
v 0.00569 -0.0715505 -0.0655635
v 0.007129 -0.0741885 -0.0634885
v 0.005579 -0.0759565 -0.0616605
v 0.012633 -0.0752655 -0.0613995
v 0.007095 -0.0783415 -0.0578335
v 0.01492 -0.0766595 -0.0585205
v 0.006724 -0.0799765 -0.0539305
v 8.5e-05 -0.0793515 -0.0566075
v 0.008995 -0.0807155 -0.0503195
v 0.013163 -0.0794315 -0.0528445
v 0.020745 -0.0759595 -0.0571725
v 0.01472 -0.0780745 -0.0557835
v 0.002274 -0.0811515 -0.0510205
v 0.000496 -0.0820955 -0.0460445
v 0.036171 -0.0680335 -0.0596785
v 0.038855 -0.0684105 -0.0565145
v 0.041381 -0.0684465 -0.0529495
v 0.035275 -0.0716655 -0.0537715
v 0.032345 -0.0708345 -0.0585185
v 0.02666 -0.0747735 -0.0555425
v 0.028732 -0.0757455 -0.0501575
v 0.034665 -0.0735075 -0.0487795
v 0.046985 -0.0663845 -0.0470715
v 0.039435 -0.0707995 -0.0494535
v 0.040804 -0.0707775 -0.0457385
v 0.047647 -0.0667315 -0.0429755
v 0.036498 -0.0735245 -0.0430675
v 0.030339 -0.0761415 -0.0443935
v 0.032812 -0.0756605 -0.0387285
v 0.019584 -0.0780755 -0.0526595
v 0.021949 -0.0789345 -0.0455705
v 0.01674 -0.0798985 -0.0479115
v 0.023528 -0.0772865 -0.0513885
v 0.008798 -0.0815785 -0.0460875
v 0.015736 -0.0809985 -0.0409525
v 0.009719 -0.0821035 -0.0398765
v 0.026773 -0.0777895 -0.0417385
v 0.026197 -0.0783455 -0.0364855
v 0.020022 -0.0802985 -0.0363245
v 0.014078 -0.0816245 -0.0349935
v 0.05095 -0.0642185 -0.0405595
v 0.048754 -0.0664345 -0.0384335
v 0.051903 -0.0639485 -0.0383275
v 0.053589 -0.0637665 -0.0366565
v 0.041342 -0.0713535 -0.0388175
v 0.046722 -0.0680735 -0.0334785
v 0.046722 -0.0680735 -0.0334785
v 0.036734 -0.0738875 -0.0374285
v 0.039346 -0.0726075 -0.0319945
v 0.039346 -0.0726075 -0.0319945
v 0.052179 -0.0638485 -0.0352645
v 0.052963 -0.0635865 -0.0358195
v 0.051501 -0.0646025 -0.0313175
v 0.051501 -0.0646025 -0.0313175
v 0.054684 -0.0639645 -0.0338785
v 0.053386 -0.0628305 -0.0323905
v 0.053386 -0.0628305 -0.0323905
v 0.054601 -0.0655825 -0.0357325
v 0.055601 -0.0656225 -0.0319165
v 0.052578 -0.0636155 -0.0273425
v 0.05709 -0.0679735 -0.0301705
v 0.041352 -0.0713555 -0.0283345
v 0.045217 -0.0686145 -0.0253085
v 0.040856 -0.0709465 -0.0229765
v 0.016782 -0.0809605 -0.0292605
v 0.016782 -0.0809605 -0.0292605
v 0.023293 -0.0792615 -0.0290785
v 0.023293 -0.0792615 -0.0290785
v 0.020479 -0.0796935 -0.0241025
v 0.03119 -0.0764825 -0.0320005
v 0.03119 -0.0764825 -0.0320005
v 0.035187 -0.0743985 -0.0260555
v 0.02817 -0.0772365 -0.0244145
v 0.017368 -0.0797555 -0.0190805
v 0.023279 -0.0781635 -0.0192495
v 0.026586 -0.0765995 -0.0167175
v 0.031836 -0.0751445 -0.0202945
v 0.020509 -0.0779165 -0.0139475
v 0.035281 -0.0727845 -0.0166105
v 0.05581 -0.0672415 -0.0334855
v 0.056549 -0.0679145 -0.0335965
v 0.058657 -0.0700175 -0.0304875
v 0.062233 -0.0735825 -0.0252715
v 0.002918 -0.0827535 -0.0393255
v 0.007274 -0.0825965 -0.0338695
v 0.003165 -0.0828215 -0.0299055
v 0.003165 -0.0828215 -0.0299055
v 0.010128 -0.0819815 -0.0265235
v 0.010128 -0.0819815 -0.0265235
v 0.013901 -0.0810545 -0.0233915
v 0.014503 -0.0793995 -0.0142945
v 0.015971 -0.0774405 -0.0082535
v 0.022078 0.0807605 -0.0081235
v 0.029525 0.0780545 -0.0081635
v 0.016463 0.0819845 -0.0069805
v 0.009169 0.0827185 -0.0047295
v 0.002192 0.0827565 -0.0029145
v 0.008187 0.0809165 7.95e-05
v -0.000946 0.0808465 0.0017955
v 0.017137 0.0793465 -0.0006315
v 0.02415 0.0787315 -0.0044465
v 0.014321 0.0775575 0.0045095
v 0.004877 0.0777145 0.0071315
v 0.02763 0.0766165 -0.0024815
v 0.02107 0.0761485 0.0035685
v 0.029248 0.0733775 0.0028595
v 0.024526 0.0721095 0.0083265
v 0.019365 0.0735615 0.0089105
v 0.01309 0.0758215 0.0079515
v 0.016026 0.0716745 0.0132065
v 0.019636 0.0686615 0.0159965
v -0.006842 0.0798215 0.0036395
v -0.012227 0.0795365 0.0034615
v -0.015944 0.0766895 0.0076855
v -0.0214 0.0757625 0.0073795
v -0.008777 0.0763565 0.0097115
v -0.000997 0.0769305 0.0090535
v -0.010771 0.0740295 0.0130915
v -0.027922 0.0693925 0.0142515
v -0.035486 0.0653495 0.0154705
v -0.022929 0.0720725 0.0126535
v -0.017686 0.0730395 0.0130085
v -0.024001 0.0679725 0.0179035
v -0.029177 0.0648565 0.0195615
v -0.016356 0.0694175 0.0185005
v -0.009467 0.0684725 0.0208665
v -0.014911 0.0662205 0.0227675
v -0.021563 0.0644115 0.0232195
v -0.026599 0.0621355 0.0239645
v -0.021025 0.0586975 0.0296335
v 0.001156 0.0758075 0.0107355
v 0.007805 0.0730075 0.0139215
v -0.004102 0.0716315 0.0170375
v 0.001738 0.0708635 0.0178155
v 0.006341 0.0683075 0.0205225
v 0.003273 0.0663765 0.0233595
v -0.005818 0.0661015 0.0239845
v 0.012562 0.0683595 0.0189745
v 0.010979 0.0645415 0.0240135
v 0.016968 0.0635085 0.0233645
v 0.023093 0.0655255 0.0183695
v 0.005848 0.0607975 0.0291095
v 0.013366 0.0589775 0.0292445
v 0.008283 0.0583165 0.0319655
v 0.014356 0.0569385 0.0313805
v -0.010011 0.0610865 0.0292855
v -0.002411 0.0616295 0.0290555
v -0.01638 0.0589235 0.0307975
v -0.011626 0.0595165 0.0312125
v -0.013426 0.0587645 0.0325695
v -0.020872 0.0569105 0.0328295
v -0.005053 0.0602165 0.0308995
v 0.00128 0.0598845 0.0310545
v -0.002429 0.0593995 0.0325805
v -0.006487 0.0593125 0.0327555
v 0.001723 0.0585325 0.0355185
v -0.004697 0.0588495 0.0354545
v 0.001384 0.0578995 0.0364255
v -0.018163 0.0573525 0.0349085
v -0.012668 0.0584175 0.0351115
v -0.013117 0.0576345 0.0362955
v -0.009101 0.0581435 0.0361665
v -0.017528 0.0567715 0.0363035
v -0.018006 0.0557325 0.0366695
v -0.02338 0.0530565 0.0366605
v -0.008442 0.0569965 0.0366215
v -0.014619 0.0525885 0.0353085
v -0.009853 0.0551845 0.0363325
v -0.013613 0.0520615 0.0353345
v -0.013613 0.0520615 0.0353345
v -0.009174 0.0526205 0.0352955
v -0.009174 0.0526205 0.0352955
v -0.005149 0.0581735 0.0363365
v -0.004801 0.0557995 0.0364885
v -0.006119 0.0534535 0.0351805
v 0.000517 0.0568905 0.0367805
v -0.012877 0.0523005 0.0367515
v -0.007193 0.0520685 0.0385585
v -0.006841 0.0526775 0.0372165
v -0.012561 0.0520095 0.0380725
v 0.00325 0.0589425 0.0326775
v 0.008584 0.0574255 0.0355585
v 0.00243 0.0550415 0.0364695
v -0.001111 0.0530105 0.0349525
v 0.005671 0.0524725 0.0351285
v 0.006434 0.0515595 0.0348745
v -0.005361 0.0527315 0.0352195
v -0.003377 0.0525475 0.0374995
v 0.0014 0.0521655 0.0370485
v -0.001795 0.0525405 0.0352905
v 0.001833 0.0520495 0.0351975
v 0.033875 0.0782195 -0.0155845
v 0.036508 0.0755245 -0.0106595
v 0.041426 0.0748515 -0.0190995
v 0.045059 0.0728675 -0.0212895
v 0.046464 0.0708575 -0.0161555
v 0.042415 0.0721855 -0.0111935
v 0.034432 0.0736985 -0.0028975
v 0.039842 0.0714575 -0.0049425
v 0.046023 0.0689065 -0.0087565
v 0.040338 0.0683305 0.0011485
v 0.044184 0.0676715 -0.0027865
v 0.049668 0.0641525 -0.0041425
v 0.034458 0.0699925 0.0042265
v 0.050686 0.0685305 -0.0198975
v 0.050526 0.0668465 -0.0128055
v 0.057976 0.0622365 -0.0208365
v 0.060762 0.0599225 -0.0244285
v 0.054887 0.0633935 -0.0138225
v 0.05401 0.0618945 -0.0077285
v 0.063011 0.0561915 -0.0190715
v 0.059119 0.0587255 -0.0125915
v 0.063523 0.0523905 -0.0101295
v 0.059189 0.0566225 -0.0078485
v 0.046867 0.0642935 -7.35e-05
v 0.030348 0.0688235 0.0095265
v 0.03748 0.0669695 0.0064545
v 0.035188 0.0634825 0.0133245
v 0.027304 0.0670395 0.0140315
v 0.042048 0.0635285 0.0069885
v 0.041918 0.0600495 0.0118455
v 0.046933 0.0605265 0.0058715
v 0.029858 0.0610615 0.0199915
v 0.034919 0.0574475 0.0205565
v 0.040488 0.0536155 0.0202265
v 0.05392 0.0595555 -0.0026855
v 0.052517 0.0585585 0.0013845
v 0.056941 0.0550275 -0.0004025
v 0.061009 0.0513805 -0.0022275
v 0.056729 0.0517355 0.0045275
v 0.051555 0.0560555 0.0061095
v 0.04555 0.0551215 0.0140725
v 0.049093 0.0537125 0.0119565
v 0.045708 0.0496165 0.0194665
v 0.053509 0.0501075 0.0107105
v 0.057807 0.0473765 0.0079595
v 0.051374 0.0460255 0.0171255
v 0.021338 0.0622775 0.0229645
v 0.019746 0.0569375 0.0290695
v 0.027698 0.0573485 0.0251075
v 0.015584 0.0559035 0.0330035
v 0.014632 0.0555565 0.0358885
v 0.009456 0.0558155 0.0369375
v 0.009177 0.0566725 0.0363995
v 0.008885 0.0539685 0.0367735
v 0.005585 0.0513705 0.0351225
v 0.006251 0.0511185 0.0371725
v 0.000347 0.0514205 0.0387585
v 0.005983 0.0494395 0.0397175
v -0.004415 0.0507425 0.0400965
v 0.000549 0.0490805 0.0413185
v -0.00877 0.0500365 0.0409205
v -0.004186 0.0470865 0.0436735
v 0.008145 0.0450105 0.0433605
v 0.000285 0.0458025 0.0443405
v 0.036091 0.0521805 0.0248825
v 0.04032 0.0486995 0.0248175
v 0.045284 0.0454025 0.0235145
v 0.039836 0.0423695 0.0301405
v 0.056401 0.0427355 0.0141355
v 0.060254 0.0417965 0.0099705
v 0.049638 0.0423275 0.0219195
v 0.05638 0.0389475 0.0173005
v 0.0482 0.0397335 0.0251475
v 0.05486 0.0354855 0.0213465
v 0.023139 0.0546335 0.0298865
v 0.01987 0.0545855 0.0318325
v 0.021193 0.0528785 0.0356445
v 0.022973 0.0527915 0.0324975
v 0.016167 0.0538765 0.0369545
v 0.019244 0.0495745 0.0367195
v 0.020742 0.0510455 0.0372265
v 0.013055 0.0521535 0.0365245
v 0.022035 0.0517185 0.0366265
v 0.029126 0.0529635 0.0283415
v 0.027689 0.0507155 0.0315785
v 0.033308 0.0491955 0.0291705
v 0.032918 0.0469815 0.0315645
v 0.027716 0.0497675 0.0333135
v 0.027074 0.0494035 0.0359865
v 0.019415 0.0457075 0.0345205
v 0.019415 0.0457075 0.0345205
v 0.021859 0.0458325 0.0350545
v 0.014585 0.0498225 0.0351655
v 0.024511 0.0425055 0.0343605
v 0.021313 0.0441135 0.0347895
v 0.024276 0.0466925 0.0368685
v 0.032157 0.0465035 0.0336285
v 0.024345 0.0420875 0.0345215
v 0.027833 0.0413005 0.0348145
v 0.025305 0.0409345 0.0354035
v 0.027254 0.0391705 0.0345425
v 0.026389 0.0399735 0.0365685
v 0.022392 0.0433625 0.0363975
v 0.028965 0.0471685 0.0370045
v 0.030368 0.0471205 0.0359425
v 0.026605 0.0470895 0.0374045
v 0.03134 0.0442925 0.0374375
v 0.032395 0.0417075 0.0374585
v 0.034535 0.0436655 0.0358745
v 0.03401 0.0434485 0.0367705
v 0.028515 0.0431165 0.0366585
v 0.015031 0.0481565 0.0346515
v 0.015031 0.0481565 0.0346515
v 0.014355 0.0480885 0.0367725
v 0.010804 0.0496645 0.0352325
v 0.011047 0.0494725 0.0372515
v 0.011143 0.0482435 0.0391285
v 0.014643 0.0479515 0.0349485
v 0.014412 0.0477175 0.0377615
v 0.017503 0.0464885 0.0348585
v 0.017494 0.0465115 0.0369575
v 0.017582 0.0450905 0.0389775
v 0.01388 0.0428365 0.0429885
v 0.006303 0.0432815 0.0451495
v 0.000542 0.0424115 0.0467595
v 0.01982 0.0451085 0.0365375
v 0.021622 0.0432155 0.0380935
v 0.005858 0.0388365 0.0480495
v 0.011453 0.0396235 0.0462145
v 0.012186 0.0343625 0.0487865
v 0.018631 0.0395575 0.0432045
v 0.022511 0.0410855 0.0395595
v 0.015249 0.0369565 0.0464675
v 0.026441 0.0390865 0.0381675
v 0.022879 0.0366235 0.0428795
v 0.018935 0.0348725 0.0460655
v 0.02384 0.0331835 0.0445205
v 0.00796 0.0345605 0.0495775
v 0.018054 0.0305605 0.0486225
v 0.01229 0.0295755 0.0505825
v 0.036174 0.0440055 0.0319225
v 0.029836 0.0371125 0.0342285
v 0.033858 0.0340745 0.0344005
v 0.03039 0.0357405 0.0345295
v 0.0377 0.0415495 0.0333535
v 0.040834 0.0395915 0.0315045
v 0.04047 0.0383485 0.0334855
v 0.038527 0.0394235 0.0363345
v 0.036238 0.0400305 0.0375355
v 0.033541 0.0388815 0.0369775
v 0.033244 0.0364185 0.0350865
v 0.029277 0.0370055 0.0365605
v 0.029366 0.0363405 0.0376575
v 0.041502 0.0357895 0.0361605
v 0.032963 0.0323555 0.0369305
v 0.034011 0.0312355 0.0341615
v 0.034289 0.0303215 0.0344255
v 0.036863 0.0352285 0.0372125
v 0.039068 0.0354415 0.0378285
v 0.041256 0.0348795 0.0372495
v 0.04343 0.0348795 0.0328145
v 0.047114 0.0336715 0.0297745
v 0.048856 0.0286215 0.0308885
v 0.045134 0.0321385 0.0330395
v 0.038512 0.0267605 0.0344455
v 0.036904 0.0323475 0.0354425
v 0.039647 0.0313985 0.0373215
v 0.035651 0.0282125 0.0364335
v 0.037063 0.0260915 0.0342845
v 0.040463 0.0264285 0.0353765
v 0.037381 0.0245755 0.0346365
v 0.044757 0.0308325 0.0365125
v 0.043053 0.0299165 0.0380215
v 0.045025 0.0282085 0.0378835
v 0.047635 0.0276405 0.0331075
v 0.043737 0.0270715 0.0380565
v 0.043162 0.0253305 0.0375615
v 0.027217 0.0344495 0.0412515
v 0.030497 0.0335515 0.0390085
v 0.032977 0.0293455 0.0396035
v 0.028724 0.0296185 0.0431855
v 0.027238 0.0264435 0.0458925
v 0.022631 0.0290435 0.0473145
v 0.017222 0.0249155 0.0507715
v 0.02184 0.0239755 0.0495155
v 0.035176 0.0280135 0.0378515
v 0.038873 0.0214155 0.0364955
v 0.031246 0.0251785 0.0435305
v 0.036456 0.0226775 0.0398005
v 0.036951 0.0249795 0.0376375
v 0.038542 0.0209775 0.0379525
v 0.034292 0.0206615 0.0428065
v 0.026672 0.0218315 0.0480025
v 0.031065 0.0191095 0.0461365
v 0.023231 0.0192045 0.0502525
v 0.02773 0.0158655 0.0489815
v 0.032252 0.0113055 0.0475425
v 0.028059 0.0101665 0.0500155
v -0.078142 0.0864685 0.0375325
v -0.083467 0.0897585 0.0381855
v -0.081726 0.0909445 0.0394965
v -0.088859 0.0873935 0.0369825
v -0.088859 0.0873935 0.0369825
v -0.089662 0.0866195 0.0370555
v -0.091205 0.0876945 0.0382855
v -0.091205 0.0876945 0.0382855
v -0.091806 0.0847385 0.0382715
v -0.09037 0.0842575 0.0374875
v -0.091556 0.0819985 0.0384465
v -0.086997 0.0837335 0.0364505
v -0.088145 0.0796965 0.0371545
v -0.087011 0.0907585 0.0392305
v -0.085438 0.0908045 0.0386685
v -0.088463 0.0894705 0.0379725
v -0.083539 0.0917085 0.0399775
v -0.084976 0.0917225 0.0407145
v -0.086168 0.0912235 0.0409625
v -0.090029 0.0895015 0.0401775
v -0.088354 0.0899615 0.0407395
v -0.085018 0.0904395 0.0421245
v -0.087624 0.0887505 0.0411935
v -0.090085 0.0891945 0.0387055
v -0.090831 0.0887435 0.0396825
v -0.090831 0.0887435 0.0396825
v -0.092637 0.0849585 0.0398685
v -0.090502 0.0870105 0.0410635
v -0.090502 0.0870105 0.0410635
v -0.092396 0.0843145 0.0414145
v -0.087998 0.0868865 0.0410335
v -0.089465 0.0858455 0.0412905
v -0.089465 0.0858455 0.0412905
v -0.085888 0.0886125 0.0372815
v -0.083752 0.0839825 0.0361125
v -0.083752 0.0839825 0.0361125
v -0.081324 0.0856785 0.0366255
v -0.084923 0.0861165 0.0408215
v -0.085219 0.0836875 0.0403305
v -0.091049 0.0842875 0.0420005
v -0.090359 0.0828695 0.0423175
v -0.087282 0.0825905 0.0409815
v -0.087282 0.0825905 0.0409815
v -0.080268 0.0917145 0.0415305
v -0.082135 0.0921295 0.0417555
v -0.078367 0.0904685 0.0408445
v -0.075512 0.0873865 0.0392565
v -0.079266 0.0917725 0.0429055
v -0.076317 0.0901915 0.0424495
v -0.078847 0.0916175 0.0446445
v -0.081595 0.0915725 0.0434675
v -0.075156 0.0901135 0.0446125
v -0.077542 0.0892635 0.0469575
v -0.079562 0.0897925 0.0453175
v -0.077549 0.0906305 0.0460115
v -0.07509 0.0897175 0.0467465
v -0.077758 0.0887835 0.0466905
v -0.075213 0.0878125 0.0487785
v -0.085262 0.0890035 0.0417255
v -0.082664 0.0905515 0.0432355
v -0.082967 0.0873975 0.0414405
v -0.081936 0.0894495 0.0431285
v -0.07933 0.0864455 0.0420985
v -0.07833 0.0875245 0.0442265
v -0.077688 0.0876915 0.0454325
v -0.076249 0.0868205 0.0478955
v -0.092741 0.0820185 0.0395265
v -0.093343 0.0818235 0.0410925
v -0.093176 0.0809905 0.0422275
v -0.091384 0.0789995 0.0395415
v -0.093026 0.0790715 0.0417045
v -0.091839 0.0818055 0.0432935
v -0.092255 0.0799155 0.0440385
v -0.09048 0.0810885 0.0431365
v -0.092459 0.0778095 0.0447005
v -0.092728 0.0772945 0.0434155
v -0.091047 0.0794595 0.0445575
v -0.091116 0.0772915 0.0463125
v -0.066646 0.0803605 0.0257945
v -0.078241 0.0836075 0.0354475
v -0.078241 0.0836075 0.0354475
v -0.076171 0.0847285 0.0364315
v -0.079229 0.0824445 0.0347355
v -0.075211 0.0829805 0.0343395
v -0.075211 0.0829805 0.0343395
v -0.077241 0.0811375 0.0328425
v -0.074618 0.0820475 0.0327815
v -0.072668 0.0831395 0.0345045
v -0.072668 0.0831395 0.0345045
v -0.074544 0.0847165 0.0367725
v -0.078834 0.0783025 0.0309625
v -0.080706 0.0800575 0.0337575
v -0.076274 0.0794885 0.0299255
v -0.082117 0.0779775 0.0335275
v -0.081005 0.0762275 0.0312955
v -0.082831 0.0764215 0.0333165
v -0.082809 0.0809855 0.0350665
v -0.085181 0.0781925 0.0355775
v -0.0852 0.0764325 0.0353015
v -0.084718 0.0740775 0.0344535
v -0.081193 0.0840545 0.0358765
v -0.081193 0.0840545 0.0358765
v -0.085144 0.0814115 0.0359215
v -0.088005 0.0775305 0.0374455
v -0.084003 0.0796225 0.0398765
v -0.084003 0.0796225 0.0398765
v -0.082001 0.0821995 0.0394765
v -0.077603 0.0776005 0.0365315
v -0.076483 0.0797825 0.0377225
v -0.079431 0.0797665 0.0382765
v -0.076609 0.0783765 0.0370515
v -0.079111 0.0763905 0.0366135
v -0.079111 0.0763905 0.0366135
v -0.081178 0.0781235 0.0383295
v -0.081178 0.0781235 0.0383295
v -0.082523 0.0763995 0.0391865
v -0.085392 0.0782215 0.0410975
v -0.085874 0.0771555 0.0421265
v -0.079766 0.0748915 0.0368725
v -0.08148 0.0737345 0.0385255
v -0.070564 0.0812205 0.0296335
v -0.071924 0.0805115 0.0282605
v -0.073654 0.0808485 0.0301005
v -0.068121 0.0812965 0.0302645
v -0.069989 0.0829825 0.0352595
v -0.069989 0.0829825 0.0352595
v -0.066699 0.0811115 0.0314695
v -0.063489 0.0796385 0.0293725
v -0.065766 0.0809195 0.0340925
v -0.065766 0.0809195 0.0340925
v -0.082347 0.0743855 0.0316915
v -0.08356 0.0728435 0.0327185
v -0.077868 0.0762995 0.0368245
v -0.079071 0.0753385 0.0365145
v -0.079071 0.0753385 0.0365145
v -0.07944 0.0729965 0.0384545
v -0.07944 0.0729965 0.0384545
v -0.080447 0.0712215 0.0396525
v -0.076634 0.0866995 0.0381375
v -0.072999 0.0852175 0.0381565
v -0.072084 0.0860025 0.0404705
v -0.070046 0.0841075 0.0388735
v -0.069773 0.0846495 0.0423315
v -0.072643 0.0878995 0.0457515
v -0.072949 0.0872315 0.0481525
v -0.068057 0.0826405 0.0378265
v -0.067183 0.0819345 0.0397955
v -0.074469 0.0818335 0.0406515
v -0.0731 0.0813085 0.0423675
v -0.07522 0.0837285 0.0428415
v -0.074428 0.0832785 0.0441565
v -0.070553 0.0851095 0.0463115
v -0.080102 0.0841295 0.0402415
v -0.076585 0.0829305 0.0404785
v -0.078191 0.0812125 0.0389805
v -0.079943 0.0705685 0.0405175
v -0.075768 0.0858445 0.0487365
v -0.074828 0.0838985 0.0462125
v -0.073056 0.0812315 0.0430765
v -0.073056 0.0812315 0.0430765
v -0.073371 0.0810335 0.0445315
v -0.075501 0.0839235 0.0488315
v -0.074217 0.0803185 0.0461055
v -0.076748 0.0760505 0.0452115
v -0.075462 0.0795875 0.0471485
v -0.079915 0.0760815 0.0477385
v -0.065387 0.0805075 0.0367225
v -0.062035 0.0784305 0.0305315
v -0.063196 0.0786055 0.0346265
v -0.063196 0.0786055 0.0346265
v -0.063924 0.0785005 0.0376005
v -0.062593 0.0765265 0.0366255
v -0.066309 0.0805395 0.0415905
v -0.070109 0.0838255 0.0471385
v -0.066823 0.0795145 0.0442055
v -0.064806 0.0785145 0.0402885
v -0.066193 0.0772905 0.0442575
v -0.066022 0.0752195 0.0444515
v -0.060939 0.0731625 0.0350485
v -0.078709 0.0719485 0.0434485
v -0.07895 0.0718985 0.0439925
v -0.070325 0.0671805 0.0446385
v -0.073455 0.0683925 0.0472325
v -0.072674 0.0655845 0.0442335
v -0.058415 0.0771265 0.0236185
v -0.056756 0.0750895 0.0235175
v -0.060246 0.0769065 0.0293955
v -0.060248 0.0756215 0.0316615
v -0.060248 0.0756215 0.0316615
v -0.057575 0.0733685 0.0273455
v -0.057575 0.0733685 0.0273455
v -0.055058 0.0736035 0.0214175
v -0.05257 0.0704525 0.0186175
v -0.055294 0.0714795 0.0232745
v -0.055294 0.0714795 0.0232745
v -0.054946 0.0694955 0.0230245
v -0.054946 0.0694955 0.0230245
v -0.053435 0.0680905 0.0202125
v -0.053435 0.0680905 0.0202125
v -0.051802 0.0659805 0.0177665
v -0.051802 0.0659805 0.0177665
v -0.054693 0.0633185 0.0202135
v -0.051476 0.0638865 0.0168565
v -0.05496 0.0650675 0.0216125
v -0.057919 0.0707895 0.0290315
v -0.058038 0.0689405 0.0289965
v -0.056915 0.0664735 0.0255755
v -0.073244 0.0583065 0.0316045
v -0.070238 0.0585995 0.0317685
v -0.072515 0.0602725 0.0359305
v -0.061775 0.0593465 0.0247415
v -0.055983 0.0602205 0.0194335
v -0.057837 0.0614045 0.0225935
v -0.059072 0.0631245 0.0262135
v -0.061078 0.0677805 0.0339525
v -0.063551 0.0633825 0.0330055
v -0.067672 0.0572135 0.0273805
v -0.071801 0.0569495 0.0282465
v -0.069719 0.0608095 0.0357065
v -0.066611 0.0618185 0.0344995
v -0.062532 0.0711855 0.0381385
v -0.065224 0.0677105 0.0402805
v -0.062535 0.0663975 0.0350255
v -0.066201 0.0713195 0.0439045
v -0.066097 0.0736795 0.0443975
v -0.06973 0.0646105 0.0413705
v -0.071943 0.0638425 0.0416775
v -0.066948 0.0685515 0.0429885
v -0.068333 0.0710225 0.0459945
v -0.069461 0.0693915 0.0458985
v -0.067959 0.0660745 0.0417055
v -0.075349 0.0862915 0.0494715
v -0.073648 0.0851875 0.0499195
v -0.071402 0.0838905 0.0489775
v -0.068887 0.0803435 0.0474635
v -0.07044 0.0803165 0.0491805
v -0.075698 0.0841195 0.0499755
v -0.07628 0.0826915 0.0497635
v -0.076965 0.0820365 0.0507815
v -0.077469 0.0816365 0.0502495
v -0.075128 0.0845335 0.0503515
v -0.074123 0.0824685 0.0509905
v -0.072182 0.0825865 0.0499955
v -0.076061 0.0821725 0.0512345
v -0.077423 0.0788445 0.0519345
v -0.079011 0.0795935 0.0501355
v -0.079342 0.0794655 0.0511715
v -0.08155 0.0773385 0.0500525
v -0.081739 0.0774545 0.0508505
v -0.080126 0.0781265 0.0516225
v -0.074331 0.0785725 0.0514225
v -0.072248 0.0800485 0.0505265
v -0.070806 0.0782605 0.0496415
v -0.073025 0.0765735 0.0507565
v -0.077191 0.0766365 0.0518445
v -0.081089 0.0754825 0.0516705
v -0.076014 0.0748345 0.0512865
v -0.06851 0.0778965 0.0475675
v -0.068437 0.0751785 0.0474625
v -0.07087 0.0745835 0.0492505
v -0.072751 0.0732355 0.0497215
v -0.075187 0.0709975 0.0495845
v -0.078598 0.0733875 0.0511555
v -0.071229 0.0706175 0.0478305
v -0.076108 0.0696815 0.0489275
v -0.086565 0.0750085 0.0366985
v -0.091681 0.0767065 0.0416975
v -0.088662 0.0756735 0.0387585
v -0.090567 0.0737265 0.0440365
v -0.088074 0.0724555 0.0404395
v -0.08676 0.0733555 0.0375175
v -0.085321 0.0701535 0.0368985
v -0.084715 0.0683215 0.0381185
v -0.08551 0.0686885 0.0412455
v -0.084515 0.0706435 0.0344005
v -0.08342 0.0677125 0.0336905
v -0.082123 0.0652615 0.0324555
v -0.081338 0.0718315 0.0397785
v -0.081878 0.0644965 0.0360445
v -0.083047 0.0662405 0.0410225
v -0.088538 0.0771715 0.0447075
v -0.089974 0.0772485 0.0461695
v -0.085505 0.0755195 0.0437135
v -0.08679 0.0754595 0.0461505
v -0.091727 0.0759315 0.0460165
v -0.091795 0.0754025 0.0448165
v -0.090536 0.0736675 0.0462085
v -0.088451 0.0713835 0.0460415
v -0.088908 0.0756405 0.0481265
v -0.089332 0.0748075 0.0484165
v -0.087958 0.0758935 0.0474745
v -0.089876 0.0736765 0.0475965
v -0.083382 0.0747435 0.0410545
v -0.083222 0.0737985 0.0430075
v -0.084477 0.0745585 0.0451965
v -0.083546 0.0744385 0.0461925
v -0.082222 0.0732635 0.0440485
v -0.087058 0.0716115 0.0485055
v -0.08495 0.0689255 0.0462095
v -0.086214 0.0754395 0.0481165
v -0.084099 0.0761945 0.0499845
v -0.086162 0.0754835 0.0496305
v -0.084316 0.0755515 0.0507695
v -0.086591 0.0744555 0.0500885
v -0.08784 0.0734275 0.0493285
v -0.083181 0.0752485 0.0479095
v -0.080875 0.0737945 0.0456545
v -0.083856 0.0741655 0.0509725
v -0.085958 0.0728335 0.0499865
v -0.083984 0.0691995 0.0475125
v -0.084275 0.0707985 0.0491925
v -0.08244 0.0724045 0.0506705
v -0.080279 0.0693255 0.0489305
v -0.080285 0.0705945 0.0407365
v -0.079843 0.0713435 0.0428695
v -0.078289 0.0620525 0.0377245
v -0.081092 0.0668715 0.0456525
v -0.077792 0.0629835 0.0404915
v -0.081119 0.0689625 0.0483675
v -0.078409 0.0665325 0.0460885
v -0.076329 0.0646265 0.0436765
v -0.075863 0.0671815 0.0467665
v -0.075074 0.0598895 0.0349605
v -0.075349 0.0624215 0.0400515
v -0.074184 0.0633565 0.0415785
v -0.079389 0.0715985 0.0503895
v -0.038504 0.0642115 0.0148225
v -0.041718 0.0631695 0.0134305
v -0.042758 0.0588855 0.0177405
v -0.042758 0.0588855 0.0177405
v -0.044894 0.0596125 0.0151655
v -0.044894 0.0596125 0.0151655
v -0.050208 0.0532965 0.0173125
v -0.048829 0.0519805 0.0198295
v -0.032045 0.0609685 0.0226595
v -0.037257 0.0583805 0.0223125
v -0.042023 0.0536015 0.0235265
v -0.042023 0.0536015 0.0235265
v -0.027385 0.0566305 0.0292885
v -0.03306 0.0537505 0.0293295
v -0.03758 0.0522015 0.0279195
v -0.03758 0.0522015 0.0279195
v -0.036594 0.0502355 0.0306135
v -0.036594 0.0502355 0.0306135
v -0.054363 0.0424055 0.0230115
v -0.042982 0.0458705 0.0294395
v -0.056648 0.0375795 0.0242135
v -0.058289 0.0344175 0.0243985
v -0.054384 0.0347475 0.0279275
v -0.045286 0.0428065 0.0302285
v -0.038905 0.0470625 0.0324305
v -0.043671 0.0427135 0.0323595
v -0.047048 0.0391545 0.0321205
v -0.049487 0.0384715 0.0300005
v -0.050525 0.0348775 0.0323775
v -0.042575 0.0427095 0.0353675
v -0.051257 0.0348575 0.0310665
v -0.048647 0.0359215 0.0354335
v -0.046143 0.0385755 0.0355845
v -0.0523 0.0307455 0.0350305
v -0.030421 0.0531905 0.0319295
v -0.026508 0.0550185 0.0321305
v -0.023016 0.0566925 0.0315355
v -0.025271 0.0548365 0.0354305
v -0.028893 0.0531635 0.0355875
v -0.021044 0.0564105 0.0354095
v -0.034784 0.0502805 0.0325805
v -0.034784 0.0502805 0.0325805
v -0.033392 0.0505115 0.0353105
v -0.033392 0.0505115 0.0353105
v -0.037277 0.0474605 0.0355615
v -0.03463 0.0484055 0.0365295
v -0.03463 0.0484055 0.0365295
v -0.026232 0.0535835 0.0364595
v -0.041361 0.0433595 0.0358675
v -0.045331 0.0379635 0.0365235
v -0.031495 0.0483535 0.0366325
v -0.031495 0.0483535 0.0366325
v -0.023317 0.0493815 0.0356715
v -0.020218 0.0506615 0.0353475
v -0.024697 0.0489625 0.0354155
v -0.024697 0.0489625 0.0354155
v -0.028026 0.0475385 0.0356095
v -0.028026 0.0475385 0.0356095
v -0.028026 0.0475385 0.0356095
v -0.028026 0.0475385 0.0356095
v -0.026872 0.0478635 0.0357795
v -0.033363 0.0445495 0.0358425
v -0.030521 0.0459805 0.0359145
v -0.030521 0.0459805 0.0359145
v -0.029832 0.0461845 0.0378885
v -0.029832 0.0461845 0.0378885
v -0.02545 0.0484005 0.0375575
v -0.033798 0.0430385 0.0388035
v -0.030681 0.0441225 0.0399585
v -0.030681 0.0441225 0.0399585
v -0.021329 0.0500485 0.0376185
v -0.018301 0.0511605 0.0363335
v -0.017846 0.0511505 0.0355425
v -0.016443 0.0513595 0.0378655
v -0.019543 0.0497485 0.0392615
v -0.014625 0.0502915 0.0398875
v -0.013598 0.0477045 0.0426465
v -0.017047 0.0455385 0.0439595
v -0.025637 0.0475245 0.0391465
v -0.025729 0.0432415 0.0430525
v -0.021705 0.0464905 0.0417445
v -0.021413 0.0423915 0.0452655
v -0.02849 0.0397805 0.0445895
v -0.02849 0.0397805 0.0445895
v -0.022907 0.0390155 0.0470095
v -0.039391 0.0395235 0.0359115
v -0.041085 0.0409805 0.0364855
v -0.037817 0.0405815 0.0360695
v -0.0421 0.0363655 0.0360975
v -0.038545 0.0394075 0.0382945
v -0.034409 0.0434005 0.0359465
v -0.034409 0.0434005 0.0359465
v -0.035741 0.0421905 0.0374145
v -0.036053 0.0400895 0.0399815
v -0.03963 0.0354105 0.0410505
v -0.045372 0.0327215 0.0360815
v -0.045372 0.0327215 0.0360815
v -0.045372 0.0327215 0.0360815
v -0.041361 0.0366565 0.0380045
v -0.044318 0.0328675 0.0384045
v -0.050784 0.0320465 0.0360795
v -0.050136 0.0290095 0.0367215
v -0.050837 0.0302345 0.0366495
v -0.046859 0.0299025 0.0362935
v -0.046859 0.0299025 0.0362935
v -0.046422 0.0300895 0.0378145
v -0.046363 0.0289075 0.0393035
v -0.042474 0.0308985 0.0417515
v -0.041039 0.0359455 0.0393785
v -0.033925 0.0374275 0.0434225
v -0.03351 0.0340295 0.0457985
v -0.027796 0.0364455 0.0468775
v -0.027796 0.0364455 0.0468775
v -0.02834 0.0321325 0.0487515
v -0.038505 0.0307365 0.0447585
v -0.041876 0.0251675 0.0450325
v -0.024823 0.0357405 0.0481665
v -0.024823 0.0357405 0.0481665
v -0.03398 0.0290535 0.0478905
v -0.037261 0.0255735 0.0475875
v -0.031668 0.0255945 0.0498885
v -0.036999 0.0220745 0.0487715
v -0.034176 0.0179255 0.0507955
v -0.056638 0.0276955 0.0293285
v -0.060274 0.0163415 0.0291935
v -0.058904 0.0220865 0.0289865
v -0.061186 0.0112955 0.0290895
v -0.059182 0.0129835 0.0317585
v -0.053544 0.0313785 0.0308975
v -0.053725 0.0297445 0.0320015
v -0.05576 0.0260065 0.0314495
v -0.055648 0.0249275 0.0328335
v -0.05465 0.0261005 0.0352105
v -0.053937 0.0264445 0.0360635
v -0.053419 0.0248845 0.0367775
v -0.04904 0.0259465 0.0361525
v -0.04904 0.0259465 0.0361525
v -0.050056 0.0236495 0.0362315
v -0.051489 0.0208145 0.0361225
v -0.054412 0.0188355 0.0367745
v -0.057287 0.0208815 0.0319345
v -0.058461 0.0181745 0.0311245
v -0.058 0.0177075 0.0325955
v -0.056664 0.0209325 0.0351725
v -0.056138 0.0209555 0.0361605
v -0.056494 0.0168695 0.0367395
v -0.051078 0.0210115 0.0363095
v -0.050302 0.0221275 0.0384145
v -0.052027 0.0182185 0.0362305
v -0.058095 0.0154695 0.0353685
v -0.052052 0.0172565 0.0381095
v -0.053569 0.0130725 0.0361575
v -0.053786 0.0101105 0.0363435
v -0.053786 0.0101105 0.0363435
v -0.057696 0.0143625 0.0362925
v -0.058868 0.0102725 0.0353365
v -0.056561 0.0048455 0.0368175
v -0.057947 0.0085815 0.0366745
v -0.053235 0.0115355 0.0380755
v -0.054378 0.0052705 0.0362425
v -0.0537 0.0066065 0.0380775
v -0.062965 0.0056135 0.0275755
v -0.060245 0.0074935 0.0308805
v -0.061056 0.0041665 0.0298895
v -0.059524 0.0086005 0.0324935
v -0.059246 0.0106955 0.0328605
v -0.059853 0.0037765 0.0321005
v -0.059384 0.0056085 0.0347615
v -0.058748 0.0042285 0.0361725
v -0.048716 0.0257895 0.0381185
v -0.048901 0.0225365 0.0401125
v -0.044365 0.0255225 0.0429665
v -0.051481 0.0153055 0.0398805
v -0.04535 0.0203135 0.0442215
v -0.048415 0.0167965 0.0425415
v -0.052909 0.0079725 0.0395885
v -0.049477 0.0101375 0.0429895
v -0.046092 0.0140345 0.0452675
v -0.047341 0.0080465 0.0451525
v -0.041297 0.0212465 0.0467465
v -0.043358 0.0165395 0.0466575
v -0.039274 0.0175725 0.0487915
v -0.04025 0.0115185 0.0492595
v -0.036732 0.0120705 0.0506765
v -0.061384 -0.0004475 0.0292075
v -0.060412 -0.0073865 0.0292815
v -0.060238 0.0015935 0.0311025
v -0.059675 -0.0052735 0.0307635
v -0.058033 -0.0155355 0.0293235
v -0.062322 -0.0179315 0.0239835
v -0.057394 -0.0189855 0.0285545
v -0.059299 -0.0033205 0.0325375
v -0.059141 0.0002405 0.0352275
v -0.058371 -0.0082605 0.0323775
v -0.058514 -0.0056025 0.0351755
v -0.05746 0.0007845 0.0368325
v -0.053883 -0.0026485 0.0362575
v -0.054031 0.0022815 0.0363425
v -0.054031 0.0022815 0.0363425
v -0.053602 0.0010305 0.0384565
v -0.058178 -0.0043855 0.0361025
v -0.05324 -0.0031185 0.0381255
v -0.053222 -0.0047975 0.0364225
v -0.056843 -0.0056405 0.0368255
v -0.054854 -0.0088545 0.0369025
v -0.052281 -0.0068635 0.0387205
v -0.051775 -0.0103195 0.0361155
v -0.051775 -0.0103195 0.0361155
v -0.051333 -0.0110535 0.0362725
v -0.051704 -0.0095165 0.0381415
v -0.057513 -0.0121505 0.0317425
v -0.056631 -0.0131415 0.0349655
v -0.056059 -0.0172465 0.0311435
v -0.05596 -0.0162385 0.0325315
v -0.055689 -0.0139335 0.0361245
v -0.053861 -0.0160465 0.0367735
v -0.050563 -0.0190805 0.0367575
v -0.05352 -0.0261215 0.0289215
v -0.04881 -0.0336335 0.0284635
v -0.054365 -0.0204505 0.0316495
v -0.05441 -0.0188395 0.0349385
v -0.052122 -0.0252755 0.0311235
v -0.052163 -0.0233205 0.0348335
v -0.051856 -0.0247105 0.0326035
v -0.049339 -0.0168355 0.0361295
v -0.049204 -0.0164625 0.0362795
v -0.050018 -0.0142995 0.0377515
v -0.047595 -0.0268135 0.0370115
v -0.052261 -0.0220025 0.0359235
v -0.047229 -0.0204125 0.0362915
v -0.046524 -0.0221875 0.0361865
v -0.049364 -0.0259765 0.0364995
v -0.049732 -0.0270835 0.0352535
v -0.04895 -0.0304395 0.0307605
v -0.047628 -0.0310105 0.0324405
v -0.044323 -0.0356725 0.0310235
v -0.047099 -0.0307265 0.0353195
v -0.046015 -0.0306585 0.0365985
v -0.043498 -0.0347805 0.0354855
v -0.05188 0.0034915 0.0410695
v -0.048444 0.0046615 0.0443905
v -0.043779 0.0098965 0.0474705
v -0.031561 0.0146665 0.0520785
v -0.034965 0.0065755 0.0517305
v -0.040305 0.0045785 0.0497125
v -0.0454 0.0033845 0.0467545
v -0.044521 -0.0017805 0.0471495
v -0.039777 -0.0005925 0.0498125
v -0.03414 -0.0008945 0.0519735
v -0.039229 -0.0055605 0.0496805
v -0.034718 -0.0077345 0.0512135
v -0.052424 -0.0011765 0.0401185
v -0.048063 -0.0021955 0.0444185
v -0.051583 -0.0056695 0.0401865
v -0.050527 -0.0104395 0.0397975
v -0.048236 -0.0082795 0.0429975
v -0.047711 -0.0140235 0.0414215
v -0.045359 -0.0068505 0.0457985
v -0.044489 -0.0136845 0.0444935
v -0.049455 -0.0140335 0.0394075
v -0.042245 -0.0060155 0.0480375
v -0.040923 -0.0138355 0.0471035
v -0.038117 -0.0123815 0.0490115
v -0.045139 -0.0183675 0.0419545
v -0.041693 -0.0219305 0.0430775
v -0.041578 -0.0177155 0.0452285
v -0.047868 -0.0189285 0.0381225
v -0.047752 -0.0181545 0.0392235
v -0.045705 -0.0224275 0.0384765
v -0.04484 -0.0241575 0.0364295
v -0.04484 -0.0241575 0.0364295
v -0.043902 -0.0235465 0.0400205
v -0.044623 -0.0285045 0.0370865
v -0.041158 -0.0292945 0.0362215
v -0.042183 -0.0276015 0.0377475
v -0.040449 -0.0295135 0.0363935
v -0.040449 -0.0295135 0.0363935
v -0.042995 -0.0260285 0.0388795
v -0.038061 -0.0350565 0.0372315
v -0.03672 -0.0331285 0.0375865
v -0.041178 -0.0341465 0.0372055
v -0.039021 -0.0377525 0.0368845
v -0.04075 -0.0267575 0.0408665
v -0.036928 -0.0257885 0.0445105
v -0.039404 -0.0301245 0.0389945
v -0.036094 -0.0325105 0.0400995
v -0.035234 -0.0306215 0.0424805
v -0.037838 -0.0217275 0.0460515
v -0.035977 -0.0190505 0.0482045
v -0.034111 -0.0152275 0.0501095
v -0.030803 -0.0111885 0.0519585
v -0.031009 -0.0216025 0.0495845
v -0.028691 -0.0181865 0.0512945
v -0.032053 -0.0257695 0.0474335
v -0.032374 -0.0291285 0.0453475
v -0.025702 -0.0295275 0.0482165
v -0.008488 0.0458175 0.0447815
v -0.013061 0.0446495 0.0452765
v -0.010074 0.0425045 0.0470655
v -0.003611 0.0436835 0.0462355
v -0.005228 0.0398615 0.0486105
v -0.012935 0.0395455 0.0485205
v -0.016973 0.0416105 0.0468265
v -0.01961 0.0369225 0.0488355
v -0.010637 0.0355145 0.0503295
v -0.016549 0.0329655 0.0508165
v -0.012225 0.0310605 0.0518225
v -0.022292 0.0308335 0.0506675
v -0.022292 0.0308335 0.0506675
v -0.025935 0.0267295 0.0511295
v -0.019928 0.0257585 0.0525015
v -0.019928 0.0257585 0.0525015
v -0.030374 0.0203315 0.0514535
v -0.005966 0.0331735 0.0513275
v 0.002159 0.0365515 0.0496305
v -8.8e-05 0.0333555 0.0510105
v 0.00516 0.0302075 0.0514905
v -5.9e-05 0.0263555 0.0531085
v -0.007511 0.0262515 0.0532705
v -0.012043 0.0246355 0.0534765
v 0.009843 0.0247425 0.0523615
v -0.002299 0.0210755 0.0542005
v 0.003329 0.0208815 0.0539535
v 0.011169 0.0166225 0.0536585
v -0.018856 0.0206585 0.0536475
v -0.018856 0.0206585 0.0536475
v -0.009693 0.0200865 0.0543115
v -0.018277 0.0153095 0.0543915
v -0.018277 0.0153095 0.0543915
v -0.024527 0.0174465 0.0533395
v -0.026058 0.0108145 0.0537335
v -0.023179 0.0072445 0.0543845
v -0.016238 0.0087675 0.0547585
v -0.009063 0.0150885 0.0546625
v -0.013666 0.0125945 0.0546935
v -0.013666 0.0125945 0.0546935
v -0.005468 0.0161645 0.0545705
v -0.009051 0.0142335 0.0550995
v -0.00644 0.0144195 0.0555595
v -0.004916 0.0151115 0.0549625
v -0.006903 0.0141775 0.0563725
v -0.008829 0.0137755 0.0557625
v -0.011098 0.0129465 0.0552825
v -0.009593 0.0134185 0.0565965
v -0.009585 0.0154995 0.0602125
v -0.007691 0.0158985 0.0599665
v -0.009176 0.0139495 0.0574045
v -0.009715 0.0161345 0.0628755
v -0.011537 0.0149675 0.0614315
v -0.00767 0.0165925 0.0621305
v -0.00086 0.0144965 0.0547065
v -0.00326 0.0141875 0.0555455
v -0.003804 0.0140955 0.0564305
v -0.001946 0.0135235 0.0559835
v -0.002452 0.0138105 0.0569185
v -0.004825 0.0144065 0.0574065
v -0.006621 0.0146295 0.0577585
v -0.005242 0.0156455 0.0592815
v -0.002732 0.0155855 0.0601045
v -0.013554 0.0107485 0.0552525
v -0.013554 0.0107485 0.0552525
v -0.011903 0.0119265 0.0560125
v -0.011905 0.0121955 0.0573855
v -0.01373 0.0099015 0.0562135
v -0.01373 0.0099015 0.0562135
v -0.013975 0.0099275 0.0573715
v -0.013975 0.0099275 0.0573715
v -0.013972 0.0122515 0.0597955
v -0.013972 0.0122515 0.0597955
v -0.015152 0.0083345 0.0553215
v -0.014866 0.0079825 0.0559215
v -0.015231 0.0066255 0.0569245
v -0.016273 0.0052205 0.0551085
v -0.017231 0.0040495 0.0548885
v -0.01555 0.0047915 0.0559305
v -0.015464 0.0100045 0.0596185
v -0.016896 0.0055105 0.0597985
v -0.016896 0.0055105 0.0597985
v -0.017191 0.0071395 0.0610575
v -0.017191 0.0071395 0.0610575
v -0.012746 0.0137955 0.0604145
v -0.014723 0.0125205 0.0622855
v -0.014723 0.0125205 0.0622855
v -0.012632 0.0138435 0.0649165
v -0.012833 0.0144195 0.0628445
v -0.015021 0.0120555 0.0640445
v -0.015021 0.0120555 0.0640445
v -0.016274 0.0102865 0.0619885
v -0.014699 0.0119505 0.0647265
v -0.014699 0.0119505 0.0647265
v -0.016146 0.0106015 0.0631635
v -0.01697 0.0085685 0.0641775
v -0.01697 0.0085685 0.0641775
v -0.017142 0.0083085 0.0625755
v -0.017142 0.0083085 0.0625755
v 0.006304 0.0150465 0.0543625
v 0.005991 0.0094215 0.0546265
v 0.003036 0.0121295 0.0546895
v 0.011337 0.0056995 0.0546205
v -0.000331 0.0128555 0.0556475
v 0.001331 0.0120115 0.0552635
v 0.000582 0.0120115 0.0562605
v -0.000315 0.0129825 0.0576385
v 0.003059 0.0094065 0.0558165
v 0.001787 0.0110515 0.0575445
v 0.003008 0.0091585 0.0571345
v 0.003856 0.0096485 0.0550015
v 0.005864 0.0057165 0.0550465
v 0.004269 0.0068835 0.0557065
v 0.003884 0.0067375 0.0567365
v -0.015787 0.0032355 0.0556075
v -0.015429 0.0032265 0.0566465
v -0.01561 0.0031675 0.0575425
v 0.004585 0.0046525 0.0559055
v 0.004888 0.0027325 0.0556605
v 0.005971 0.0004615 0.0550765
v 0.004264 0.0019785 0.0565855
v 0.004348 0.0006795 0.0556975
v 0.003587 0.0001645 0.0567365
v 0.003926 -0.0009765 0.0555135
v 0.002373 -0.0019355 0.0565665
v 0.002737 -0.0041415 0.0550895
v 0.002189 -0.0029575 0.0556845
v 0.004245 -0.0100675 0.0547305
v -0.007629 -0.0056515 0.0562155
v -0.004478 -0.0057035 0.0568265
v -0.007542 -0.0055615 0.0570745
v -0.007731 -0.0061035 0.0555325
v -0.00907 -0.0067875 0.0550885
v -0.00907 -0.0067875 0.0550885
v -0.00459 -0.0061315 0.0556515
v -0.006132 -0.0058715 0.0577285
v -0.00769 -0.0061165 0.0585725
v -0.003974 -0.0058905 0.0581095
v -0.002236 -0.0052375 0.0564395
v -0.002246 -0.0059185 0.0555195
v 0.000588 -0.0039165 0.0561185
v -0.001892 -0.0068405 0.0551145
v 0.000557 -0.0037505 0.0570525
v 0.000509 -0.0042005 0.0580725
v -0.001262 -0.0049095 0.0575045
v -0.004693 -0.0075825 0.0550555
v -0.00291 -0.0069275 0.0600335
v -0.005094 -0.0071755 0.0599365
v -0.003954 0.0165915 0.0629585
v -0.00739 0.0165505 0.0640255
v -0.00453 0.0160955 0.0647455
v -0.007015 0.0158685 0.0651005
v -0.00949 0.0149565 0.0655345
v -0.006225 0.0147585 0.0661125
v -0.002135 0.0159175 0.0613905
v -0.005042 0.0163285 0.0608955
v 8.7e-05 0.0146135 0.0604495
v -0.000644 0.0155425 0.0630185
v -0.00291 0.0161185 0.0640785
v -0.000988 0.0152625 0.0644755
v 0.001772 0.0139565 0.0622665
v 0.001687 0.0138725 0.0639995
v 0.00048 0.0137545 0.0653675
v -0.002954 0.0148995 0.0657105
v -0.003238 0.0125045 0.0670855
v -0.000947 0.0129915 0.0664795
v 7.3e-05 0.0102555 0.0672035
v -0.011196 0.0151455 0.0641275
v -0.008506 0.0131595 0.0667795
v -0.01274 0.0117765 0.0662935
v -0.01274 0.0117765 0.0662935
v -0.010682 0.0098085 0.0674165
v -0.015658 0.0087515 0.0657945
v -0.015658 0.0087515 0.0657945
v -0.014092 0.0084425 0.0667775
v -0.012907 0.0050195 0.0674725
v -0.014993 0.0061055 0.0666615
v -0.009487 0.0067715 0.0678815
v -0.006208 0.0103765 0.0676245
v -0.005089 0.0067095 0.0680195
v 0.016615 0.0186335 0.0522415
v 0.02075 0.0154205 0.0516445
v 0.017059 0.0088095 0.0534485
v 0.019447 0.0112615 0.0522815
v 0.020811 0.0123755 0.0518545
v 0.022507 0.0115865 0.0514995
v 0.024207 0.0100805 0.0513485
v 0.020741 0.0110675 0.0512765
v 0.020632 0.0098235 0.0512655
v 0.019699 0.0095325 0.0524435
v 0.021362 0.0102715 0.0511715
v 0.022345 0.0095985 0.0517125
v 0.021089 0.0086625 0.0522775
v 0.023641 0.0057185 0.0520845
v 0.015324 0.0019125 0.0541605
v 0.001026 0.0135035 0.0595885
v 0.002721 0.0119355 0.0596365
v 0.003089 0.0126855 0.0615735
v 0.003749 0.0075005 0.0573235
v 0.005461 0.0069005 0.0600345
v 0.004694 0.0095805 0.0605515
v 0.005496 0.0091975 0.0626135
v 0.004661 0.0046405 0.0582185
v 0.005836 0.0077235 0.0617475
v 0.003385 0.0123875 0.0632075
v 0.003482 0.0113055 0.0649085
v 0.004673 0.0104895 0.0639165
v 0.001577 0.0112605 0.0664015
v 0.003924 0.0093835 0.0657695
v -0.001626 0.0084205 0.0677405
v 0.003399 0.0074375 0.0667615
v 0.005516 0.0080495 0.0645785
v 0.006567 0.0046225 0.0621385
v 0.006347 0.0065565 0.0632065
v 0.00536 0.0061755 0.0657235
v 0.006327 0.0052385 0.0643945
v 0.001712 0.0058445 0.0675435
v 0.003889 0.0053145 0.0669485
v 0.001479 0.0021835 0.0677205
v 0.004941 0.0032545 0.0663165
v 0.003448 0.0018545 0.0670755
v -0.000771 0.0037545 0.0680295
v -0.007488 0.0016655 0.0681725
v -0.010256 0.0018825 0.0679355
v -0.002727 0.0002115 0.0680675
v -0.005812 -0.0030965 0.0676585
v -0.002721 -0.0033695 0.0675355
v 0.004388 0.0041975 0.0573095
v 0.005743 0.0038055 0.0599405
v 0.004285 0.0018135 0.0576945
v 0.003834 0.0002435 0.0576935
v 0.005311 -0.0001925 0.0607365
v 0.006249 0.0030905 0.0614165
v 0.010324 0.0002865 0.0547485
v 0.002581 -0.0020745 0.0582065
v 0.003886 -0.0019065 0.0596935
v 0.006385 0.0018395 0.0637525
v 0.006066 0.0008445 0.0622075
v 0.005351 -0.0013865 0.0632985
v 0.005838 0.0024605 0.0652825
v 0.004226 -0.0002175 0.0663275
v 0.00526 -0.0005815 0.0649095
v 0.004605 -0.0025855 0.0625475
v 0.002552 -0.0041415 0.0603865
v -0.000601 -0.0063835 0.0606555
v 0.000933 -0.0061295 0.0626135
v 0.002474 -0.0050915 0.0632345
v -0.004176 -0.0078175 0.0619505
v -0.001748 -0.0074205 0.0625685
v -0.003669 -0.0076625 0.0646025
v -0.000457 -0.0067435 0.0642715
v 0.001437 -0.0007965 0.0674375
v 0.0037 -0.0032915 0.0649025
v 0.002638 -0.0023335 0.0664525
v -0.000708 -0.0042365 0.0669255
v 0.001559 -0.0049185 0.0653575
v -0.001987 -0.0061565 0.0660825
v -0.030064 0.0060675 0.0531215
v -0.02616 -0.0011765 0.0539335
v -0.020993 0.0001725 0.0546985
v -0.026832 -0.0088655 0.0532635
v -0.01679 0.0030405 0.0593965
v -0.01679 0.0030405 0.0593965
v -0.017739 0.0031985 0.0619335
v -0.017748 0.0060865 0.0630845
v -0.017645 0.0035255 0.0641315
v -0.017039 0.0067115 0.0649165
v -0.01663 0.0048565 0.0656515
v -0.017347 0.0015055 0.0617415
v -0.017106 0.0003745 0.0634815
v -0.016147 0.0009745 0.0656805
v -0.016603 0.0004295 0.0648135
v -0.016326 -0.0004905 0.0549325
v -0.020242 -0.0086575 0.0543115
v -0.014277 -0.0107315 0.0546815
v -0.024554 -0.0174175 0.0524295
v -0.024314 -0.0247155 0.0505755
v -0.021489 -0.0238745 0.0514555
v -0.018348 -0.0146915 0.0538275
v -0.010262 -0.0178305 0.0539965
v -0.017151 -0.0234885 0.0522235
v -0.01523 0.0003685 0.0556095
v -0.014659 0.0002385 0.0563825
v -0.013837 -0.0016975 0.0558235
v -0.014693 8.85e-05 0.0574005
v -0.014693 8.85e-05 0.0574005
v -0.016452 0.0002385 0.0604505
v -0.014839 -0.0024925 0.0603855
v -0.013681 -0.0039355 0.0550415
v -0.012226 -0.0036825 0.0556125
v -0.013517 -0.0015875 0.0567995
v -0.013517 -0.0015875 0.0567995
v -0.011801 -0.0034425 0.0565165
v -0.011801 -0.0034425 0.0565165
v -0.011599 -0.0037495 0.0577895
v -0.013877 -0.0017435 0.0579615
v -0.010143 -0.0048225 0.0558255
v -0.010143 -0.0048225 0.0558255
v -0.009643 -0.0046695 0.0571255
v -0.016037 -0.0016215 0.0620445
v -0.014929 -0.0027665 0.0648405
v -0.015226 -0.0032525 0.0631155
v -0.013319 -0.0042925 0.0603835
v -0.011528 -0.0051035 0.0595155
v -0.011838 -0.0061485 0.0621615
v -0.012678 -0.0053465 0.0644315
v -0.010497 -0.0068455 0.0635485
v -0.006146 -0.0125725 0.0547665
v -0.006146 -0.0125725 0.0547665
v -0.009483 -0.0065495 0.0603665
v -0.009675 -0.0071455 0.0622965
v -0.007536 -0.0074885 0.0614505
v -0.015164 0.0027835 0.0666215
v -0.013272 0.0016445 0.0673055
v -0.014299 0.0003455 0.0667375
v -0.012727 -0.0027995 0.0665325
v -0.010672 -0.0010625 0.0676225
v -0.009128 -0.0040465 0.0670825
v -0.011236 -0.0049225 0.0659245
v -0.009849 -0.0066655 0.0648655
v -0.008722 -0.0060745 0.0659505
v -0.006092 -0.0056105 0.0667165
v -0.007759 -0.0076005 0.0643175
v -0.006026 -0.0079955 0.0632995
v -0.005393 -0.0070775 0.0655595
v -0.049693 -0.0390325 0.0240055
v 0.067788 0.0516585 -0.0282215
v 0.074402 0.0409785 -0.0295985
v 0.075849 0.0380475 -0.0339735
v 0.064436 0.0557675 -0.0253265
v 0.06762 0.0510125 -0.0225165
v 0.070152 0.0477865 -0.0253305
v 0.072569 0.0441455 -0.0277515
v 0.066505 0.0505465 -0.0156705
v 0.070245 0.0452645 -0.0168255
v 0.072044 0.0436725 -0.0214135
v 0.068059 0.0461655 -0.0110145
v 0.073735 0.0388115 -0.0164155
v 0.077492 0.0341375 -0.0304885
v 0.080395 0.0255635 -0.0346595
v 0.079354 0.0288075 -0.0287505
v 0.081274 0.0221015 -0.0305995
v 0.081087 0.0218805 -0.0256695
v 0.074843 0.0384915 -0.0214855
v 0.077291 0.0335225 -0.0237215
v 0.076455 0.0326955 -0.0166695
v 0.079339 0.0272535 -0.0226985
v 0.078563 0.0269645 -0.0174715
v 0.080146 0.0218485 -0.0186125
v 0.064407 0.0482345 -0.0046135
v 0.062288 0.0461825 0.0024255
v 0.067709 0.0424985 -0.0036975
v 0.071126 0.0403045 -0.0099585
v 0.070017 0.0379395 -0.0034105
v 0.072703 0.0352815 -0.0072175
v 0.065747 0.0393325 0.0037995
v 0.070911 0.0308745 0.0014945
v 0.071808 0.0322105 -0.0017075
v 0.062814 0.0368865 0.0103855
v 0.066252 0.0320665 0.0087145
v 0.069681 0.0265155 0.0066805
v 0.07589 0.0304595 -0.0110475
v 0.074925 0.0278435 -0.0052055
v 0.078178 0.0229185 -0.0107945
v 0.079497 0.0202145 -0.0133785
v 0.076574 0.0199085 -0.0036875
v 0.078573 0.0154235 -0.0069235
v 0.07358 0.0233155 0.0011645
v 0.077031 0.0143055 -0.0022545
v 0.074417 0.0154725 0.0031075
v 0.071586 0.0189085 0.0070035
v 0.075642 0.0087235 0.0023295
v 0.082951 0.0130745 -0.0354165
v 0.082433 0.0166125 -0.0312615
v 0.083009 0.0125355 -0.0290715
v 0.083571 0.0052785 -0.0285475
v 0.081877 0.0149405 -0.0206035
v 0.082787 0.0091035 -0.0222815
v 0.083013 -0.0008295 -0.0225435
v 0.082293 0.0026725 -0.0173945
v 0.08136 -0.0054515 -0.0145865
v 0.083616 -0.0004075 -0.0355035
v 0.083507 -0.0021175 -0.0297445
v 0.082549 -0.0118635 -0.0356305
v 0.083266 -0.0067435 -0.0336585
v 0.082168 -0.0134525 -0.0283985
v 0.081259 -0.0185555 -0.0333625
v 0.078955 -0.0261945 -0.0342285
v 0.079221 -0.0246625 -0.0283245
v 0.082643 -0.0085825 -0.0251725
v 0.081888 -0.0089055 -0.0196445
v 0.080826 -0.0158515 -0.0205775
v 0.080422 -0.0137855 -0.0159825
v 0.080336 -0.0196435 -0.0239115
v 0.079124 -0.0200405 -0.0167985
v 0.080424 0.0141285 -0.0125935
v 0.081519 0.0095065 -0.0149755
v 0.07977 0.0093845 -0.0084345
v 0.080596 0.0030675 -0.0100935
v 0.079329 0.0036645 -0.0061465
v 0.079322 -0.0032995 -0.0066445
v 0.079279 -0.0102345 -0.0087415
v 0.077798 0.0088825 -0.0026525
v 0.07766 0.0015845 -0.0015515
v 0.073892 0.0029795 0.0063645
v 0.076579 -0.0048895 0.0003145
v 0.073198 -0.0028965 0.0072425
v 0.078019 -0.0173315 -0.0092845
v 0.075911 -0.0315925 -0.0223595
v 0.077806 -0.0252985 -0.0185555
v 0.074656 -0.0318355 -0.0160985
v 0.076243 -0.0135815 -0.0018735
v 0.074268 -0.0129005 0.0027945
v 0.072663 -0.0092095 0.0070325
v 0.077374 -0.0225595 -0.0127755
v 0.074766 -0.0285965 -0.0111685
v 0.075334 -0.0238715 -0.0072585
v 0.07148 -0.0345905 -0.0093365
v 0.068942 -0.0374035 -0.0064205
v 0.069638 -0.0400815 -0.0131025
v 0.072048 -0.0301025 -0.0050375
v 0.069364 -0.0324865 -0.0011835
v 0.074471 -0.0215705 -0.0029025
v 0.071757 -0.0265655 -0.0006805
v 0.072117 -0.0217765 0.0022275
v 0.07009 -0.0156265 0.0093115
v 0.068534 -0.0221515 0.0085445
v 0.065972 -0.0244775 0.0112505
v 0.069231 -0.0278195 0.0033695
v 0.066991 -0.0393695 -0.0043105
v 0.064798 -0.0386295 0.0011565
v 0.062145 -0.0470595 -0.0055035
v 0.058718 -0.0501625 -0.0034555
v 0.058718 -0.0501625 -0.0034555
v 0.060503 -0.0436785 0.0023675
v 0.056449 -0.0474525 0.0039145
v 0.056449 -0.0474525 0.0039145
v 0.066368 -0.0317785 0.0051845
v 0.062863 -0.0313445 0.0109485
v 0.063906 -0.0354065 0.0059375
v 0.059921 -0.0368845 0.0104105
v 0.05599 -0.0382275 0.0141595
v 0.058802 -0.0421095 0.0067785
v 0.053055 0.0322365 0.0251095
v 0.060471 0.0319925 0.0169225
v 0.055964 0.0279885 0.0243155
v 0.064735 0.0267995 0.0141405
v 0.059694 0.0241805 0.0218665
v 0.0683 0.0206475 0.0116615
v 0.069618 0.0161005 0.0112465
v 0.065249 0.0194525 0.0165805
v 0.066473 0.0139945 0.0164245
v 0.071383 0.0123685 0.0094025
v 0.071787 0.0073265 0.0096275
v 0.068223 0.0080605 0.0150525
v 0.05247 0.0205815 0.0307545
v 0.043177 0.0145005 0.0348735
v 0.042194 0.0195015 0.0348515
v 0.04729 0.0256585 0.0370415
v 0.043531 0.0200885 0.0357605
v 0.046119 0.0180305 0.0377265
v 0.046634 0.0196635 0.0382035
v 0.049757 0.0143275 0.0386485
v 0.050798 0.0209915 0.0326505
v 0.050266 0.0206135 0.0340655
v 0.049746 0.0202055 0.0367075
v 0.045305 0.0138945 0.0358025
v 0.060843 0.0164475 0.0230645
v 0.054241 0.0125685 0.0310135
v 0.060166 0.0117375 0.0248245
v 0.052182 0.0150445 0.0330675
v 0.051455 0.0135925 0.0372025
v 0.053218 0.0096615 0.0331395
v 0.052447 0.0122305 0.0340285
v 0.039443 0.0203345 0.0346885
v 0.039373 0.0198285 0.0349745
v 0.040332 0.0168865 0.0349265
v 0.042805 0.0112665 0.0349655
v 0.039982 0.0154225 0.0389845
v 0.041076 0.0148525 0.0371825
v 0.041559 0.0129795 0.0352085
v 0.041559 0.0129795 0.0352085
v 0.042279 0.0096975 0.0369805
v 0.037205 0.0127505 0.0431805
v 0.041313 0.0121775 0.0384465
v 0.040584 0.0108235 0.0399775
v 0.047961 0.0084865 0.0377235
v 0.042438 0.0077675 0.0353405
v 0.042438 0.0077675 0.0353405
v 0.041924 0.0092775 0.0383275
v 0.041619 0.0058785 0.0395175
v 0.04499 0.0060235 0.0352665
v 0.046566 0.0075025 0.0362105
v 0.042617 0.0050745 0.0376195
v 0.042674 0.0022355 0.0355145
v 0.042674 0.0022355 0.0355145
v 0.042571 0.0001545 0.0378115
v 0.041532 -0.0005345 0.0398765
v 0.039108 0.0058525 0.0424855
v 0.064048 0.0099055 0.0204775
v 0.06448 0.0040115 0.0204345
v 0.069071 7.15e-05 0.0141975
v 0.065862 -0.0042375 0.0183725
v 0.055477 0.0072835 0.0304675
v 0.060881 0.0020525 0.0249685
v 0.054028 0.0021905 0.0327815
v 0.053171 0.0055835 0.0342645
v 0.055893 -0.0013195 0.0303085
v 0.061196 -0.0055635 0.0240335
v 0.044099 -0.0001685 0.0354395
v 0.0457 -0.0004355 0.0358205
v 0.046721 0.0016615 0.0362805
v 0.048482 0.0002585 0.0382435
v 0.053289 -0.0001475 0.0343395
v 0.042385 -0.0019725 0.0357915
v 0.042385 -0.0019725 0.0357915
v 0.042346 -0.0024865 0.0380015
v 0.041835 -0.0056135 0.0358965
v 0.041091 -0.0077205 0.0390745
v 0.04041 -0.0053875 0.0406915
v 0.043384 -0.0102865 0.0359135
v 0.046387 -0.0052275 0.0367195
v 0.041524 -0.0074535 0.0378455
v 0.040846 -0.0099155 0.0362415
v 0.041036 -0.0099765 0.0359995
v 0.040067 -0.0127005 0.0382835
v 0.054146 -0.0088475 0.0312165
v 0.053431 -0.0055215 0.0328555
v 0.052237 -0.0078035 0.0351625
v 0.052392 -0.0098435 0.0333295
v 0.044187 -0.0135255 0.0367205
v 0.04624 -0.0131245 0.0387445
v 0.047911 -0.0057335 0.0384965
v 0.051411 -0.0144035 0.0329665
v 0.053791 -0.0134075 0.0304395
v 0.05125 -0.0122285 0.0348045
v 0.049978 -0.0161615 0.0348805
v 0.048332 -0.0189425 0.0379135
v 0.047594 -0.0218875 0.0349085
v 0.049444 0.0189385 0.0379265
v 0.051342 0.0098885 0.0384735
v 0.052332 0.0087555 0.0370745
v 0.036881 0.0100025 0.0441925
v 0.03368 0.0078445 0.0470755
v 0.031374 0.0060385 0.0487005
v 0.036122 0.0053865 0.0454475
v 0.049117 0.0090665 0.0385585
v 0.034167 0.0025995 0.0471155
v 0.038174 0.0003065 0.0436525
v 0.036038 -0.0030625 0.0454325
v 0.051374 0.0028405 0.0389155
v 0.052555 0.0041485 0.0376095
v 0.049508 -0.0001775 0.0388935
v 0.052063 -0.0004965 0.0385165
v 0.052694 2.55e-05 0.0372735
v 0.052264 -0.0041355 0.0377415
v 0.048756 -0.0082655 0.0392455
v 0.051558 -0.0065445 0.0385415
v 0.05059 -0.0060575 0.0391985
v 0.051852 -0.0076345 0.0375105
v 0.050792 -0.0116095 0.0382485
v 0.049714 -0.0113755 0.0393035
v 0.046125 -0.0165375 0.0392925
v 0.050262 -0.0140255 0.0376445
v 0.048646 -0.0160975 0.0390695
v 0.04715 -0.0173355 0.0394395
v 0.070538 -0.0068295 0.0110925
v 0.067146 -0.0107825 0.0152395
v 0.063315 -0.0096045 0.0207325
v 0.065683 -0.0167185 0.0154645
v 0.06012 -0.0124515 0.0239685
v 0.062501 -0.0187015 0.0188515
v 0.057671 -0.0180315 0.0249285
v 0.060062 -0.0235335 0.0196585
v 0.061899 -0.0273505 0.0151375
v 0.056017 -0.0290885 0.0211505
v 0.054904 -0.0233205 0.0255215
v 0.053645 -0.0344485 0.0199675
v 0.05191 -0.0285275 0.0258035
v 0.051272 -0.0183795 0.0313615
v 0.049105 -0.0232565 0.0313005
v 0.049659 -0.0187775 0.0332445
v 0.059035 -0.0331085 0.0147395
v 0.076752 -0.0312155 -0.0287245
v 0.074603 -0.0359955 -0.0294715
v 0.070534 -0.0430045 -0.0286795
v 0.072739 -0.0375085 -0.0206925
v 0.069945 -0.0423795 -0.0212425
v 0.067238 -0.0470535 -0.0243115
v 0.062491 -0.0546435 -0.0307765
v 0.062491 -0.0546435 -0.0307765
v 0.061845 -0.0549135 -0.0297545
v 0.061612 -0.0546205 -0.0285245
v 0.063243 -0.0551505 -0.0311685
v 0.063243 -0.0551505 -0.0311685
v 0.063243 -0.0551505 -0.0311685
v 0.064599 -0.0508035 -0.0253295
v 0.064805 -0.0551755 -0.0314835
v 0.063452 -0.0566575 -0.0298265
v 0.063452 -0.0566575 -0.0298265
v 0.062586 -0.0564625 -0.0301845
v 0.062586 -0.0564625 -0.0301845
v 0.067038 -0.0566705 -0.0290465
v 0.069657 -0.0575865 -0.0296645
v 0.066197 -0.0583385 -0.0267915
v 0.06812 -0.0582255 -0.0267955
v 0.068997 -0.0577715 -0.0280305
v 0.070199 -0.0593155 -0.0255305
v 0.061474 -0.0561365 -0.0299245
v 0.059914 -0.0572655 -0.0292305
v 0.060909 -0.0577885 -0.0295505
v 0.060909 -0.0577885 -0.0295505
v 0.057473 -0.0588925 -0.0276005
v 0.057473 -0.0588925 -0.0276005
v 0.057828 -0.0594925 -0.0294295
v 0.057828 -0.0594925 -0.0294295
v 0.05842 -0.0577035 -0.0242525
v 0.05842 -0.0577035 -0.0242525
v 0.061609 -0.0590025 -0.0287395
v 0.058832 -0.0599445 -0.0294155
v 0.058832 -0.0599445 -0.0294155
v 0.064678 -0.0600005 -0.0256875
v 0.062453 -0.0609755 -0.0263245
v 0.062453 -0.0609755 -0.0263245
v 0.059165 -0.0608095 -0.0290655
v 0.061187 -0.0644685 -0.0249375
v 0.060155 -0.0540965 -0.0167235
v 0.060155 -0.0540965 -0.0167235
v 0.069217 -0.0599245 -0.0243275
v 0.068835 -0.0628915 -0.0212985
v 0.065519 -0.0638525 -0.0222185
v 0.065519 -0.0638525 -0.0222185
v 0.065634 -0.0472065 -0.0162265
v 0.063113 -0.0487975 -0.0117015
v 0.05864 -0.0533535 -0.0096015
v 0.05864 -0.0533535 -0.0096015
v 0.070767 -0.0613335 -0.0323155
v 0.071402 -0.0593795 -0.0289045
v 0.072766 -0.0617835 -0.0286355
v 0.071324 -0.0647575 -0.0302355
v 0.073772 -0.0619125 -0.0232735
v 0.074218 -0.0622895 -0.0249985
v 0.073217 -0.0647125 -0.0281725
v 0.068507 -0.0657825 -0.0323175
v 0.066948 -0.0699645 -0.0297345
v 0.070684 -0.0680285 -0.0286845
v 0.063456 -0.0713395 -0.0300815
v 0.066543 -0.0728995 -0.0271925
v 0.074502 -0.0672335 -0.0260965
v 0.069287 -0.0708915 -0.0274675
v 0.07528 -0.0710555 -0.0238045
v 0.075175 -0.0800305 -0.0175545
v 0.075403 -0.0644615 -0.0189365
v 0.076687 -0.0650195 -0.0229625
v 0.076013 -0.0663335 -0.0246695
v 0.078881 -0.0665935 -0.0190155
v 0.078706 -0.0671585 -0.0209565
v 0.078186 -0.0660615 -0.0183155
v 0.078434 -0.0671765 -0.0160515
v 0.072432 -0.0638505 -0.0194825
v 0.073833 -0.0717295 -0.0126315
v 0.073833 -0.0717295 -0.0126315
v 0.067914 -0.0712155 -0.0166585
v 0.074066 -0.0684185 -0.0149785
v 0.078593 -0.0694395 -0.0130755
v 0.081615 -0.0727255 -0.0179245
v 0.083109 -0.0717785 -0.0156655
v 0.076681 -0.0755895 -0.0201935
v 0.080674 -0.0749815 -0.0179215
v 0.081625 -0.0785595 -0.0149515
v 0.078094 -0.0799155 -0.0161265
v 0.065636 -0.0442755 -0.0091955
v 0.077014 -0.0704885 -0.0121385
v 0.072153 -0.0742435 -0.0120975
v 0.082519 -0.0704785 -0.0130115
v 0.084471 -0.0724355 -0.0122465
v 0.080889 -0.0701295 -0.0122195
v 0.085901 -0.0764995 -0.0117415
v 0.084797 -0.0769295 -0.0130665
v 0.07962 -0.0729765 -0.0084085
v 0.082847 -0.0729305 -0.0077875
v 0.076034 -0.0750395 -0.0085265
v 0.076034 -0.0750395 -0.0085265
v 0.084551 -0.0729605 -0.0090235
v 0.087879 -0.0766475 -0.0080645
v 0.081181 -0.0748245 -0.0054215
v 0.08 -0.0768335 -0.0037695
v 0.08 -0.0768335 -0.0037695
v 0.087338 -0.0752615 -0.0055775
v 0.085537 -0.0749275 -0.0042655
v 0.087277 -0.0752045 -0.0071285
v 0.082997 -0.0760345 -0.0025255
v 0.087819 -0.0769125 0.0003435
v 0.085692 -0.0769045 0.0004385
v 0.089869 -0.0778765 0.0014035
v 0.083109 -0.0776535 0.0003075
v 0.083109 -0.0776535 0.0003075
v 0.084654 -0.0783845 0.0034735
v 0.084654 -0.0783845 0.0034735
v 0.079558 -0.0842805 -0.0112455
v 0.08444 -0.0801565 -0.0113525
v 0.086835 -0.0792545 -0.0093125
v 0.082599 -0.0831935 -0.0100245
v 0.086054 -0.0832175 -0.0067085
v 0.08831 -0.0784635 -0.0072005
v 0.088747 -0.0815395 -0.0049555
v 0.089991 -0.0800215 -0.0032265
v 0.091049 -0.0791905 0.0010225
v 0.090783 -0.0794815 -0.0006505
v 0.090773 -0.0818445 -0.0004515
v 0.08629 -0.0861975 -0.0023765
v 0.087884 -0.0844405 -0.0028845
v 0.089707 -0.0842305 -0.0002545
v 0.081501 -0.0808205 0.0041215
v 0.088223 -0.0782705 0.0060605
v 0.085942 -0.0780315 0.0038495
v 0.089593 -0.0783735 0.0055215
v 0.086839 -0.0789705 0.0087905
v 0.085278 -0.0791955 0.0072645
v 0.08832 -0.0788015 0.0101725
v 0.090566 -0.0789305 0.0091435
v 0.087178 -0.0792925 0.0144225
v 0.089517 -0.0788735 0.0145465
v 0.091788 -0.0794795 0.0125135
v 0.092071 -0.0793045 0.0172095
v 0.092745 -0.0799815 0.0217795
v 0.093182 -0.0810125 0.0134525
v 0.091602 -0.0785405 0.0239355
v 0.09201 -0.0810705 0.0031855
v 0.088076 -0.0865585 0.0010135
v 0.091383 -0.0840595 0.0038235
v 0.092074 -0.0831125 0.0048345
v 0.09047 -0.0854945 0.0039985
v 0.088771 -0.0884185 0.0073395
v 0.091447 -0.0792675 0.0066265
v 0.092869 -0.0815235 0.0076345
v 0.092811 -0.0832795 0.0089395
v 0.092019 -0.0851315 0.0084745
v 0.093295 -0.0816055 0.0121505
v 0.093343 -0.0826645 0.0147675
v 0.092387 -0.0852785 0.0129805
v 0.0932 -0.0816945 0.0207035
v -0.042379 -0.0395805 0.0292235
v -0.043841 -0.0444835 0.0242575
v -0.042282 -0.0367195 0.0328795
v -0.040482 -0.0391255 0.0313215
v -0.038308 -0.0401375 0.0329215
v -0.039039 -0.0502265 0.0224725
v -0.030682 -0.0473165 0.0300625
v -0.036044 -0.0524925 0.0222205
v -0.036822 -0.0434175 0.0297345
v -0.034809 -0.0429145 0.0321885
v -0.031359 -0.0453105 0.0317945
v -0.032109 -0.0559475 0.0209155
v -0.029821 -0.0595625 0.0180555
v -0.025921 -0.0629355 0.0157445
v -0.02852 -0.0540255 0.0248205
v -0.022176 -0.0582675 0.0231185
v -0.021197 -0.0626735 0.0181915
v -0.024109 -0.0504145 0.0302555
v -0.016517 -0.0587615 0.0243995
v -0.034905 -0.0345105 0.0363335
v -0.034905 -0.0345105 0.0363335
v -0.035115 -0.0350835 0.0363565
v -0.039327 -0.0386935 0.0356615
v -0.031602 -0.0420065 0.0375825
v -0.035066 -0.0418925 0.0358115
v -0.035449 -0.0338815 0.0389695
v -0.030694 -0.0378265 0.0362505
v -0.030694 -0.0378265 0.0362505
v -0.030694 -0.0378265 0.0362505
v -0.031644 -0.0370605 0.0378625
v -0.030651 -0.0374635 0.0364025
v -0.030651 -0.0374635 0.0364025
v -0.031073 -0.0407005 0.0375935
v -0.031643 -0.0354975 0.0408015
v -0.027755 -0.0389665 0.0395885
v -0.02932 -0.0383285 0.0364215
v -0.02932 -0.0383285 0.0364215
v -0.02932 -0.0383285 0.0364215
v -0.029772 -0.0379835 0.0362185
v -0.029772 -0.0379835 0.0362185
v -0.029772 -0.0379835 0.0362185
v -0.027778 -0.0390005 0.0362595
v -0.027778 -0.0390005 0.0362595
v -0.026592 -0.0400655 0.0362365
v -0.027626 -0.0395365 0.0378455
v -0.025621 -0.0401275 0.0362945
v -0.025621 -0.0401275 0.0362945
v -0.02272 -0.0417735 0.0374285
v -0.022513 -0.0418495 0.0360275
v -0.022129 -0.0416015 0.0362095
v -0.022129 -0.0416015 0.0362095
v -0.022361 -0.0426645 0.0366395
v -0.029866 -0.0451505 0.0359445
v -0.02758 -0.0472115 0.0323335
v -0.033075 -0.0420445 0.0371095
v -0.027795 -0.0457445 0.0367235
v -0.024833 -0.0438065 0.0376945
v -0.022932 -0.0465015 0.0378305
v -0.028798 -0.0344045 0.0435705
v -0.027193 -0.0314155 0.0465145
v -0.023707 -0.0354735 0.0451055
v -0.020218 -0.0348525 0.0467655
v -0.02771 -0.0378655 0.0409865
v -0.024777 -0.0390415 0.0415335
v -0.022226 -0.0418815 0.0390025
v -0.02215 -0.0408995 0.0408365
v -0.019732 -0.0425115 0.0363005
v -0.019732 -0.0425115 0.0363005
v -0.01659 -0.0435695 0.0398075
v -0.019468 -0.0391795 0.0436135
v -0.016339 -0.0382775 0.0452805
v -0.017464 -0.0420975 0.0414195
v -0.013249 -0.0420375 0.0426155
v -0.008809 -0.0452285 0.0357055
v -0.014103 -0.0444555 0.0357745
v -0.01132 -0.0454425 0.0361075
v -0.008019 -0.0448175 0.0361465
v -0.012268 -0.0443855 0.0358195
v -0.006542 -0.0453325 0.0383085
v -0.01029 -0.0446405 0.0368205
v -0.009147 -0.0452445 0.0386295
v -0.005528 -0.0451835 0.0395975
v -0.005421 -0.0438745 0.0416575
v -0.008382 -0.0445325 0.0406335
v 0.002678 -0.0447885 0.0354005
v -0.001269 -0.0459105 0.0357945
v 0.006509 -0.0453835 0.0361575
v -0.004521 -0.0526305 0.0340375
v -0.005812 -0.0532895 0.0322515
v 0.002553 -0.0529655 0.0328395
v -0.002936 -0.0448075 0.0358935
v -0.00339 -0.0450745 0.0355145
v 0.005018 -0.0436435 0.0355885
v 0.002848 -0.0439795 0.0368515
v -0.00193 -0.0448515 0.0370135
v -0.005893 -0.0448515 0.0357605
v -0.008719 -0.0478415 0.0379135
v -0.002996 -0.0453615 0.0382775
v 0.000345 -0.0478485 0.0378915
v 0.001719 -0.0488985 0.0384115
v -0.009348 -0.0489505 0.0382145
v -0.001398 -0.0503775 0.0383475
v -0.012774 -0.0496285 0.0380435
v -0.00206 -0.0520625 0.0366375
v -0.007494 -0.0518955 0.0364235
v 0.001601 -0.0512735 0.0377985
v -0.005419 -0.0513665 0.0375555
v 0.001254 -0.0524405 0.0343145
v -0.0197 -0.0502985 0.0326115
v -0.016892 -0.0531265 0.0300845
v -0.014435 -0.0509145 0.0361945
v -0.021239 -0.0489675 0.0361735
v -0.024168 -0.0486855 0.0325855
v -0.024554 -0.0477035 0.0360185
v -0.02135 -0.0482095 0.0372145
v -0.010828 -0.0595055 0.0248255
v -0.014189 -0.0521125 0.0321735
v -0.014981 -0.0512885 0.0337175
v -0.010215 -0.0540295 0.0306275
v -0.018967 -0.0431905 0.0361055
v -0.015954 -0.0437105 0.0359695
v -0.015954 -0.0437105 0.0359695
v -0.018411 -0.0433825 0.0380525
v -0.015385 -0.0437705 0.0365565
v -0.013318 -0.0445785 0.0379855
v -0.014828 -0.0467505 0.0377125
v -0.017741 -0.0465555 0.0379625
v -0.015367 -0.0498865 0.0374245
v -0.012492 -0.0446825 0.0391135
v -0.012069 -0.0441825 0.0404515
v -0.00929 -0.0428875 0.0423655
v -0.010526 -0.0523075 0.0329995
v -0.010711 -0.0508935 0.0373775
v -0.003789 -0.0550945 0.0301555
v 0.023494 -0.0666445 0.0100375
v 0.018924 -0.0709845 0.0054655
v 0.02604 -0.0688875 0.0048135
v 0.032801 -0.0664655 0.0035795
v 0.031475 -0.0695445 -0.0010655
v 0.023624 -0.0722095 3.65e-05
v 0.028319 -0.0722645 -0.0043465
v 0.023797 -0.0542615 0.0256885
v 0.027912 -0.0557165 0.0218815
v 0.030816 -0.0496975 0.0264475
v 0.02314 -0.0586725 0.0211455
v 0.018405 -0.0592905 0.0225095
v 0.019958 -0.0503185 0.0309345
v 0.0163 -0.0574425 0.0253045
v 0.05607 -0.0521325 -0.0019655
v 0.052408 -0.0514745 0.0044105
v 0.050915 -0.0554305 0.0009555
v 0.047081 -0.0549015 0.0065725
v 0.045196 -0.0588225 0.0034115
v 0.03781 -0.0630095 0.0047645
v 0.040493 -0.0585945 0.0085845
v 0.054797 -0.0406865 0.0132155
v 0.054797 -0.0406865 0.0132155
v 0.052542 -0.0427775 0.0142675
v 0.050719 -0.0472035 0.0116965
v 0.051647 -0.0439665 0.0151665
v 0.049792 -0.0471565 0.0140625
v 0.050416 -0.0461335 0.0155395
v 0.047947 -0.0489905 0.0156715
v 0.047336 -0.0494445 0.0138295
v 0.044852 -0.0508375 0.0159945
v 0.042746 -0.0519175 0.0152725
v 0.045431 -0.0509175 0.0139205
v 0.040255 -0.0516015 0.0181045
v 0.042211 -0.0533245 0.0136045
v 0.042473 -0.0513895 0.0175005
v 0.041172 -0.0512095 0.0198575
v 0.045434 -0.0509695 0.0197085
v 0.046711 -0.0514015 0.0113625
v 0.027663 -0.0586955 0.0185225
v 0.025327 -0.0615895 0.0161425
v 0.029653 -0.0650015 0.0083625
v 0.036558 -0.0668015 -0.0007155
v 0.034035 -0.0610655 0.0107345
v 0.035558 -0.0481445 0.0250605
v 0.034584 -0.0498585 0.0235775
v 0.037376 -0.0521965 0.0191075
v 0.032649 -0.0540075 0.0207175
v 0.035085 -0.0553665 0.0172385
v 0.038238 -0.0506395 0.0210175
v 0.019877 -0.0639225 0.0159965
v 0.002298 -0.0665185 0.0168805
v -0.003692 -0.0674755 0.0156385
v -0.000839 -0.0706815 0.0107305
v -0.020228 -0.0658315 0.0143155
v -0.018188 -0.0709115 0.0071125
v -0.013519 -0.0695735 0.0108235
v -0.011535 -0.0736085 0.0042315
v -0.005266 -0.0722905 0.0078735
v -0.014671 -0.0634685 0.0193165
v -0.008565 -0.0674225 0.0151855
v -0.00796 -0.0635795 0.0204825
v 0.006395 -0.0758825 5.65e-05
v 0.002277 -0.0735435 0.0054845
v 0.013776 -0.0758935 -0.0026025
v 0.019185 -0.0736365 -0.0001125
v 0.01376 -0.0741815 0.0014475
v 0.005824 -0.0711695 0.0094105
v 0.008855 -0.0735785 0.0043545
v 0.012152 -0.0702455 0.0093915
v 0.024204 -0.0750655 -0.0077895
v 0.017355 -0.0692205 0.0091375
v -0.00729 -0.0756145 0.0009045
v -0.005444 -0.0599265 0.0249715
v 0.001183 -0.0597655 0.0253315
v -0.001485 -0.0629385 0.0216935
v 0.003627 -0.0625115 0.0219785
v 0.010063 -0.0634215 0.0199045
v 0.008243 -0.0672345 0.0150475
v 0.009353 -0.0592045 0.0250345
v 0.010263 -0.0525925 0.0316385
v 0.003629 -0.0540295 0.0311435
v 0.015585 -0.0514095 0.0313775
v 0.008216 -0.0517595 0.0335595
v 0.005497 -0.0515965 0.0364255
v 0.015523 -0.0650285 0.0162445
v -0.000321 -0.0185615 0.0538265
v -0.000321 -0.0185615 0.0538265
v 0.007053 -0.0133075 0.0541175
v 0.007793 -0.0188355 0.0530835
v 0.014843 -0.0130985 0.0529665
v 0.010348 -0.0243705 0.0514385
v 0.00337 -0.0264375 0.0517055
v 0.00337 -0.0264375 0.0517055
v 0.016409 -0.0195265 0.0514225
v 0.036118 -0.0092795 0.0443185
v 0.039389 -0.0119595 0.0401295
v 0.038029 -0.0160145 0.0400655
v 0.036485 -0.0145415 0.0423255
v 0.033613 -0.0176265 0.0437785
v 0.030514 -0.0181325 0.0459205
v 0.030189 -0.0229945 0.0439505
v 0.036598 -0.0210695 0.0360905
v 0.038539 -0.0160375 0.0362165
v 0.038539 -0.0160375 0.0362165
v 0.036969 -0.0191535 0.0363295
v 0.036969 -0.0191535 0.0363295
v 0.037004 -0.0197425 0.0376345
v 0.039949 -0.0125925 0.0360855
v 0.038183 -0.0174675 0.0382295
v 0.039551 -0.0206285 0.0361275
v 0.035432 -0.0211115 0.0403085
v 0.035467 -0.0219125 0.0394205
v 0.041277 -0.0206735 0.0370495
v 0.043882 -0.0192035 0.0388925
v 0.037879 -0.0256945 0.0369335
v 0.040789 -0.0246545 0.0389255
v 0.034119 -0.0237215 0.0364035
v 0.034119 -0.0237215 0.0364035
v 0.03378 -0.0249725 0.0378855
v 0.032798 -0.0274025 0.0359555
v 0.03494 -0.0275975 0.0361525
v 0.031165 -0.0275345 0.0362805
v 0.031165 -0.0275345 0.0362805
v 0.02868 -0.0302965 0.0363325
v 0.02868 -0.0302965 0.0363325
v 0.031824 -0.0275245 0.0384345
v 0.028244 -0.0340335 0.0360425
v 0.028244 -0.0340335 0.0360425
v 0.033106 -0.0255495 0.0393955
v 0.030384 -0.0287345 0.0398855
v 0.032289 -0.0242655 0.0413895
v 0.032289 -0.0242655 0.0413895
v 0.030782 -0.0270445 0.0410675
v 0.032066 -0.0244525 0.0414865
v 0.032066 -0.0244525 0.0414865
v 0.032178 -0.0243585 0.0414385
v 0.032178 -0.0243585 0.0414385
v 0.025885 -0.0329575 0.0362205
v 0.025885 -0.0329575 0.0362205
v 0.025885 -0.0329575 0.0362205
v 0.025885 -0.0329575 0.0362205
v 0.022789 -0.0353035 0.0362165
v 0.022789 -0.0353035 0.0362165
v 0.025811 -0.0342575 0.0358205
v 0.025811 -0.0342575 0.0358205
v 0.024114 -0.0351995 0.0385325
v 0.024114 -0.0351995 0.0385325
v 0.017928 -0.0394095 0.0381025
v 0.015728 -0.0394935 0.0359665
v 0.013482 -0.0410095 0.0356385
v 0.018251 -0.0386545 0.0357385
v 0.012074 -0.0410365 0.0364715
v 0.014001 -0.0403365 0.0363885
v 0.020088 -0.0370615 0.0361015
v 0.018651 -0.0380625 0.0362205
v 0.015709 -0.0394465 0.0364545
v 0.020483 -0.0390065 0.0357365
v 0.010127 -0.0431645 0.0354485
v 0.012526 -0.0418545 0.0380405
v 0.012432 -0.0420405 0.0392155
v 0.019194 -0.0386245 0.0395075
v 0.015148 -0.0405035 0.0400825
v 0.026341 -0.0224925 0.0467985
v 0.021794 -0.0239695 0.0484675
v 0.021798 -0.0284935 0.0463065
v 0.019052 -0.0239505 0.0494955
v 0.011767 -0.0274585 0.0501505
v 0.006275 -0.0288525 0.0506225
v 0.006275 -0.0288525 0.0506225
v 0.010539 -0.0317495 0.0487015
v 0.010539 -0.0317495 0.0487015
v 0.01581 -0.0289485 0.0484905
v 0.016455 -0.0319825 0.0466025
v 0.011914 -0.0343635 0.0467705
v 0.011914 -0.0343635 0.0467705
v 0.027975 -0.0318225 0.0383455
v 0.026176 -0.0319835 0.0411395
v 0.026066 -0.0334575 0.0395445
v 0.028135 -0.0302355 0.0410115
v 0.022519 -0.0357585 0.0403895
v 0.022519 -0.0357585 0.0403895
v 0.021437 -0.0345355 0.0423515
v 0.021437 -0.0345355 0.0423515
v 0.022375 -0.0306915 0.0446605
v 0.027231 -0.0259795 0.0444225
v 0.016929 -0.0350795 0.0443355
v 0.016929 -0.0350795 0.0443355
v 0.012895 -0.0370745 0.0444505
v 0.017012 -0.0382255 0.0416625
v 0.028074 0.0041575 0.0504775
v 0.02434 0.0021095 0.0518835
v 0.0325 -0.0006235 0.0482275
v 0.027456 -0.0040165 0.0505315
v 0.020377 -0.0027305 0.0529035
v 0.017051 -0.0041815 0.0535745
v 0.034584 -0.0055985 0.0462865
v 0.031113 -0.0066445 0.0484755
v 0.031199 -0.0124655 0.0473355
v 0.024385 -0.0095275 0.0510025
v 0.028664 -0.0109475 0.0491205
v 0.020495 -0.0121545 0.0518685
v 0.025355 -0.0146995 0.0498035
v 0.012792 -0.0069825 0.0541345
v 0.02207 -0.0186615 0.0500955
v 0.027416 -0.0177865 0.0479875
v 0.045116 -0.0236445 0.0391265
v 0.043244 -0.0246635 0.0395585
v -0.012883 -0.0271345 0.0516495
v -0.019739 -0.0286785 0.0501775
v -0.008307 -0.0378245 0.0468175
v -0.013682 -0.0357375 0.0476625
v -0.009718 -0.0401445 0.0449255
v -0.010986 -0.0331405 0.0494615
v -0.008224 -0.0289075 0.0513275
v -0.005882 -0.0359275 0.0482255
v -0.005387 -0.0238875 0.0528315
v 6.2e-05 -0.0296075 0.0509945
v -0.002352 -0.0332495 0.0496065
v -0.01993 -0.0318985 0.0486255
v 0.007142 -0.0373755 0.0459815
v 0.000767 -0.0367795 0.0474015
v 0.001368 -0.0393695 0.0454255
v 0.007599 -0.0405055 0.0432885
v -0.001994 -0.0446085 0.0406195
v -0.003371 -0.0402395 0.0450765
v 0.000879 -0.0425535 0.0426125
v 0.006551 -0.0431225 0.0363365
v 0.010055 -0.0423545 0.0354825
v 0.009783 -0.0420475 0.0364045
v 0.009286 -0.0431365 0.0382665
v 0.011831 -0.0443215 0.0364235
v 0.005763 -0.0442015 0.0385555
v 0.002138 -0.0447265 0.0379405
v 0.002116 -0.0449115 0.0387495
v 0.002788 -0.0443535 0.0403435
v 0.01054 -0.0459875 0.0378795
v 0.007439 -0.0471185 0.0382235
v 0.005301 -0.0429095 0.0415175
v 0.01162 -0.0410565 0.0414585
v 0.009132 -0.0429575 0.0398685
v -0.001757 -0.0451435 0.0396135
v 0.004366 -0.0327595 0.0492235
v 0.008015 -0.0339535 0.0480325
v 0.048689 -0.0312025 0.0271435
v 0.043428 -0.0341485 0.0296175
v 0.043428 -0.0341485 0.0296175
v 0.048156 -0.0339345 0.0257485
v 0.044777 -0.0351015 0.0282005
v 0.044777 -0.0351015 0.0282005
v 0.048073 -0.0352815 0.0256265
v 0.049995 -0.0362015 0.0229635
v 0.051717 -0.0377335 0.0199955
v 0.051717 -0.0377335 0.0199955
v 0.051665 -0.0356955 0.0212135
v 0.05092 -0.0377205 0.0215405
v 0.05092 -0.0377205 0.0215405
v 0.050369 -0.0374665 0.0229955
v 0.050369 -0.0374665 0.0229955
v 0.050369 -0.0374665 0.0229955
v 0.04984 -0.0371905 0.0246555
v 0.04984 -0.0371905 0.0246555
v 0.047578 -0.0359315 0.0267765
v 0.047578 -0.0359315 0.0267765
v 0.045636 -0.0358925 0.0279425
v 0.045636 -0.0358925 0.0279425
v 0.050212 -0.0373635 0.0282345
v 0.047904 -0.0363125 0.0278235
v 0.044788 -0.0363635 0.0285915
v 0.044788 -0.0363635 0.0285915
v 0.044788 -0.0363635 0.0285915
v 0.042959 -0.0367685 0.0289855
v 0.042959 -0.0367685 0.0289855
v 0.04097 -0.0375795 0.0294935
v 0.041539 -0.0382915 0.0294595
v 0.041539 -0.0382915 0.0294595
v 0.034271 -0.0398215 0.0329445
v 0.037409 -0.0393225 0.0303915
v 0.038706 -0.0395445 0.0296165
v 0.039663 -0.0404235 0.0295295
v 0.039663 -0.0404235 0.0295295
v 0.036019 -0.0416445 0.0296485
v 0.038203 -0.0412505 0.0292135
v 0.040232 -0.0408165 0.0303685
v 0.038028 -0.0431905 0.0294315
v 0.038028 -0.0431905 0.0294315
v 0.040166 -0.0414165 0.0316795
v 0.03809 -0.0443045 0.0317025
v 0.046922 -0.0243135 0.0334135
v 0.046287 -0.0286685 0.0309125
v 0.044353 -0.0289805 0.0328405
v 0.044529 -0.0273265 0.0346335
v 0.03952 -0.0338735 0.0342355
v 0.03952 -0.0338735 0.0342355
v 0.041686 -0.0329195 0.0322935
v 0.041686 -0.0329195 0.0322935
v 0.046048 -0.0235045 0.0380505
v 0.042997 -0.0281955 0.0381315
v 0.042016 -0.0282665 0.0391615
v 0.030092 -0.0338455 0.0366165
v 0.030092 -0.0338455 0.0366165
v 0.034047 -0.0301975 0.0368205
v 0.037097 -0.0290345 0.0384585
v 0.032996 -0.0340865 0.0388885
v 0.032996 -0.0340865 0.0388885
v 0.034991 -0.0382065 0.0344425
v 0.033625 -0.0385355 0.0376055
v 0.0382 -0.0339855 0.0376125
v 0.0382 -0.0339855 0.0376125
v 0.038074 -0.0296625 0.0391835
v 0.038666 -0.0313505 0.0391215
v 0.038698 -0.0322705 0.0387555
v 0.035982 -0.0334125 0.0394745
v 0.035982 -0.0334125 0.0394745
v 0.036572 -0.0344375 0.0390595
v 0.036572 -0.0344375 0.0390595
v 0.046377 -0.0364805 0.0286295
v 0.048253 -0.0365285 0.0322335
v 0.048755 -0.0364665 0.0291755
v 0.046522 -0.0366115 0.0323505
v 0.050045 -0.0370485 0.0324595
v 0.051246 -0.0389895 0.0290795
v 0.051246 -0.0389895 0.0290795
v 0.04954 -0.0370905 0.0368585
v 0.05088 -0.0374905 0.0359425
v 0.051527 -0.0392405 0.0331615
v 0.052303 -0.0393255 0.0381775
v 0.045493 -0.0368145 0.0296435
v 0.043303 -0.0376985 0.0296665
v 0.043842 -0.0378375 0.0307485
v 0.042458 -0.0386925 0.0302665
v 0.045221 -0.0373425 0.0335955
v 0.04275 -0.0390425 0.0335335
v 0.043986 -0.0396605 0.0382675
v 0.047976 -0.0373575 0.0378095
v 0.04688 -0.0382615 0.0395505
v 0.041048 -0.0421455 0.0373585
v 0.042626 -0.0429295 0.0419055
v 0.051972 -0.0406865 0.0355805
v 0.024495 -0.0381705 0.0364715
v 0.026149 -0.0447425 0.0345745
v 0.030558 -0.0417115 0.0348045
v 0.02764 -0.0431035 0.0374025
v 0.019481 -0.0488675 0.0329085
v 0.017838 -0.0418685 0.0363335
v 0.022159 -0.0417325 0.0383355
v 0.01559 -0.0445895 0.0380795
v 0.016843 -0.0453645 0.0386385
v 0.023712 -0.0438995 0.0388045
v 0.016314 -0.0470945 0.0387115
v 0.022629 -0.0467235 0.0344605
v 0.026148 -0.0458705 0.0325505
v 0.022728 -0.0461635 0.0364835
v 0.019264 -0.0483235 0.0341975
v 0.01914 -0.0476465 0.0371385
v 0.022664 -0.0454885 0.0380615
v 0.019906 -0.0464675 0.0382645
v 0.036156 -0.0448325 0.0278385
v 0.03657 -0.0470655 0.0264945
v 0.034189 -0.0461185 0.0273895
v 0.031462 -0.0456375 0.0295875
v 0.036366 -0.0429865 0.0287655
v 0.029486 -0.0437165 0.0326185
v 0.025702 -0.0476285 0.0310055
v 0.037282 -0.0431365 0.0287595
v 0.03694 -0.0451345 0.0282845
v 0.037183 -0.0461395 0.0295955
v 0.037183 -0.0461395 0.0295955
v 0.037165 -0.0474265 0.0276065
v 0.037414 -0.0477525 0.0296835
v 0.037414 -0.0477525 0.0296835
v 0.037755 -0.0475715 0.0324995
v 0.038377 -0.0489375 0.0297805
v 0.038377 -0.0489375 0.0297805
v 0.038644 -0.0489255 0.0343795
v 0.028174 -0.0375295 0.0382745
v 0.026242 -0.0399475 0.0387745
v 0.030855 -0.0365465 0.0389435
v 0.028031 -0.0401775 0.0390265
v 0.032621 -0.0389195 0.0382435
v 0.03403 -0.0361125 0.0391845
v 0.028092 -0.0416435 0.0386695
v 0.038681 -0.0434725 0.0328335
v 0.038952 -0.0437955 0.0349825
v 0.037696 -0.0462185 0.0322545
v 0.03806 -0.0456005 0.0346875
v 0.037775 -0.0465185 0.0342165
v 0.039749 -0.0442505 0.0383125
v 0.038751 -0.0463495 0.0383985
v 0.038754 -0.0478945 0.0383695
v 0.040751 -0.0462805 0.0431035
v 0.03964 -0.0473925 0.0413825
v 0.039825 -0.0495045 0.0400675
v 0.05266 -0.0400455 0.0168765
v 0.05266 -0.0400455 0.0168765
v 0.051892 -0.0399105 0.0193315
v 0.052251 -0.0413315 0.0169965
v 0.05172 -0.0435225 0.0170875
v 0.051291 -0.0457095 0.0182825
v 0.050859 -0.0467245 0.0189725
v 0.052163 -0.0420515 0.0182475
v 0.052217 -0.0408495 0.0214755
v 0.052323 -0.0426265 0.0217055
v 0.052075 -0.0440235 0.0194195
v 0.051672 -0.0396725 0.0239955
v 0.051672 -0.0396725 0.0239955
v 0.051494 -0.0450365 0.0220125
v 0.051038 -0.0435855 0.0257175
v 0.049641 -0.0463395 0.0242085
v 0.048811 -0.0489395 0.0179205
v 0.046659 -0.0503215 0.0188175
v 0.048481 -0.0489745 0.0197725
v 0.05005 -0.0468365 0.0218925
v 0.046157 -0.0498295 0.0226815
v 0.047585 -0.0480015 0.0248055
v 0.042956 -0.0510685 0.0220345
v 0.043054 -0.0502455 0.0254535
v 0.046493 -0.0478105 0.0289225
v 0.044386 -0.0492045 0.0278625
v 0.051443 -0.0405055 0.0310525
v 0.051443 -0.0405055 0.0310525
v 0.051504 -0.0415715 0.0271685
v 0.051001 -0.0422185 0.0298185
v 0.051348 -0.0416645 0.0332745
v 0.051348 -0.0416645 0.0332745
v 0.049825 -0.0445185 0.0295045
v 0.050333 -0.0438755 0.0325065
v 0.050333 -0.0438755 0.0325065
v 0.046119 -0.0479545 0.0312495
v 0.048398 -0.0461905 0.0336075
v 0.048398 -0.0461905 0.0336075
v 0.043214 -0.0494905 0.0329825
v 0.043214 -0.0494905 0.0329825
v 0.045597 -0.0485755 0.0344435
v 0.045597 -0.0485755 0.0344435
v 0.045597 -0.0485755 0.0344435
v 0.050988 -0.0436695 0.0349625
v 0.048951 -0.0464395 0.0360565
v 0.051157 -0.0447695 0.0377205
v 0.046493 -0.0488565 0.0375635
v 0.046493 -0.0488565 0.0375635
v 0.049165 -0.0477475 0.0391485
v 0.050057 -0.0464655 0.0382755
v 0.039419 -0.0503785 0.0224015
v 0.037236 -0.0489935 0.0239745
v 0.037886 -0.0488765 0.0254995
v 0.040905 -0.0503935 0.0253455
v 0.039759 -0.0497345 0.0288755
v 0.039759 -0.0497345 0.0288755
v 0.042173 -0.0497295 0.0300065
v 0.042173 -0.0497295 0.0300065
v 0.040299 -0.0495595 0.0326205
v 0.041928 -0.0498615 0.0347615
v 0.043201 -0.0499985 0.0362295
v 0.041819 -0.0502365 0.0378575
v 0.044898 -0.0500135 0.0385085
v 0.043454 -0.0511335 0.0406575
v 0.041351 -0.0507025 0.0413935
v 0.041795 -0.0515955 0.0444085
v 0.045548 -0.0401925 0.0418405
v 0.052438 -0.0389375 0.0418855
v 0.050411 -0.0387475 0.0437955
v 0.05206 -0.0391615 0.0444465
v 0.048032 -0.0396295 0.0438875
v 0.044607 -0.0424475 0.0442185
v 0.046858 -0.0412745 0.0452855
v 0.049236 -0.0400135 0.0456625
v 0.054237 -0.0411695 0.0432345
v 0.051738 -0.0412755 0.0486825
v 0.053924 -0.0414725 0.0491855
v 0.048658 -0.0430845 0.0490125
v 0.050959 -0.0421055 0.0493505
v 0.047062 -0.0437535 0.0483155
v 0.055951 -0.0422265 0.0484245
v 0.048675 -0.0464255 0.0516105
v 0.052987 -0.0442955 0.0523455
v 0.055656 -0.0435475 0.0519675
v 0.043071 -0.0460015 0.0463745
v 0.040779 -0.0492945 0.0447335
v 0.042744 -0.0487525 0.0477995
v 0.045258 -0.0471185 0.0495305
v 0.042874 -0.0514075 0.0483635
v 0.044602 -0.0508545 0.0506355
v 0.053152 -0.0407415 0.0400155
v 0.052402 -0.0430015 0.0382035
v 0.053586 -0.0431115 0.0409845
v 0.053143 -0.0447475 0.0410645
v 0.052164 -0.0472885 0.0419035
v 0.050572 -0.0495755 0.0428845
v 0.050572 -0.0495755 0.0428845
v 0.047262 -0.0499805 0.0405475
v 0.047262 -0.0499805 0.0405475
v 0.05493 -0.0426135 0.0436395
v 0.054877 -0.0451185 0.0436225
v 0.054037 -0.0461415 0.0429845
v 0.056582 -0.0432865 0.0473925
v 0.056369 -0.0462175 0.0455355
v 0.05457 -0.0481935 0.0445635
v 0.052982 -0.0507435 0.0452495
v 0.052982 -0.0507435 0.0452495
v 0.057017 -0.0447125 0.0466165
v 0.061085 -0.0471225 0.0524905
v 0.059621 -0.0470295 0.0491525
v 0.060117 -0.0466225 0.0504095
v 0.05827 -0.0478335 0.0474675
v 0.055948 -0.0493175 0.0460105
v 0.05507 -0.0523905 0.0470385
v 0.05507 -0.0523905 0.0470385
v 0.058077 -0.0506685 0.0475645
v 0.06005 -0.0519705 0.0487155
v 0.060784 -0.0505915 0.0491185
v 0.057362 -0.0438685 0.0512125
v 0.0593 -0.0465385 0.0542415
v 0.060317 -0.0464525 0.0529505
v 0.056362 -0.0463885 0.0545325
v 0.053117 -0.0467835 0.0539775
v 0.058968 -0.0478665 0.0554915
v 0.055277 -0.0484875 0.0554325
v 0.051227 -0.0485345 0.0540765
v 0.064415 -0.0506625 0.0526915
v 0.062722 -0.0501135 0.0508235
v 0.058491 -0.0542315 0.0485835
v 0.056754 -0.0557675 0.0487825
v 0.056754 -0.0557675 0.0487825
v 0.06315 -0.0523425 0.0501825
v 0.062918 -0.0540635 0.0498025
v 0.065769 -0.0547035 0.0508205
v 0.066663 -0.0537775 0.0519595
v 0.061519 -0.0559825 0.0494085
v 0.064898 -0.0567645 0.0499745
v 0.062822 -0.0591995 0.0496735
v 0.062822 -0.0591995 0.0496735
v 0.058682 -0.0582705 0.0495745
v 0.058682 -0.0582705 0.0495745
v 0.064471 -0.0621695 0.0494865
v 0.061455 -0.0620285 0.0499965
v 0.067132 -0.0599345 0.0496585
v 0.067132 -0.0599345 0.0496585
v 0.067773 -0.0583135 0.0501225
v 0.045645 -0.0517825 0.0425465
v 0.047656 -0.0515485 0.0430065
v 0.045465 -0.0527015 0.0440815
v 0.04563 -0.0541395 0.0470525
v 0.043453 -0.0528915 0.0481815
v 0.046492 -0.0557705 0.0502365
v 0.045344 -0.0531165 0.0514135
v 0.045396 -0.0544765 0.0506815
v 0.049707 -0.0530845 0.0456495
v 0.047861 -0.0545215 0.0467285
v 0.051469 -0.0551485 0.0477575
v 0.049631 -0.0565185 0.0489675
v 0.047391 -0.0502515 0.0527385
v 0.047837 -0.0537485 0.0537025
v 0.047237 -0.0552465 0.0529645
v 0.053655 -0.0545235 0.0477515
v 0.05365 -0.0580655 0.0496435
v 0.048891 -0.0569805 0.0499005
v 0.048935 -0.0578665 0.0530875
v 0.050896 -0.0598465 0.0527945
v 0.050337 -0.0524455 0.0549895
v 0.054836 -0.0514675 0.0564195
v 0.05467 -0.0553295 0.0572075
v 0.05095 -0.0555195 0.0556505
v 0.049679 -0.0565095 0.0548155
v 0.051028 -0.0590215 0.0550545
v 0.052758 -0.0583345 0.0564595
v 0.054965 -0.0575325 0.0492785
v 0.055207 -0.0608745 0.0509735
v 0.05828 -0.0602315 0.0500845
v 0.051552 -0.0589045 0.0508035
v 0.054747 -0.0628135 0.0527305
v 0.053732 -0.0625565 0.0548375
v 0.055164 -0.0639605 0.0540095
v 0.054898 -0.0612375 0.0569545
v 0.054143 -0.0622525 0.0559345
v 0.060097 -0.0634965 0.0505435
v 0.059262 -0.0655295 0.0517315
v 0.058789 -0.0664965 0.0525595
v 0.057086 -0.0657875 0.0554455
v 0.059028 -0.0678815 0.0541315
v 0.012157 -0.0500395 0.0371695
v 0.008529 -0.0490615 0.0386905
v 0.006965 -0.0506145 0.0378775
v 0.013554 -0.0488795 0.0382225
v 0.014292 -0.0502255 0.0337325
v -0.04587 -0.0479225 0.0195045
v 0.04647 -0.0671665 -0.0208505
v 0.050262 -0.0637115 -0.0173395
v 0.060086 -0.0669965 -0.0250345
v 0.054952 -0.0597175 -0.0177225
v 0.039602 -0.0700335 -0.0145055
v 0.046455 -0.0653235 -0.0128005
v 0.051775 -0.0601735 -0.0097935
v 0.053449 -0.0570835 -0.0063455
v 0.046374 -0.0621325 -0.0038755
v 0.043133 -0.0665295 -0.0094685
v 0.04232 -0.0642035 -0.0024945
v 0.049405 -0.0588095 -0.0022915
v 0.030263 -0.0740055 -0.0119545
v 0.035366 -0.0704305 -0.0080345
v 0.040033 -0.0671805 -0.0060855
v 0.060549 -0.0719335 -0.0267785
v 0.061187 -0.0705525 -0.0235705
v 0.060206 -0.0710885 -0.0252755
v 0.061505 -0.0714145 -0.0300535
v 0.064041 -0.0739095 -0.0264275
v 0.060869 -0.0717955 -0.0250635
v 0.061536 -0.0724895 -0.0236935
v 0.064586 -0.0758195 -0.0201805
v 0.072399 -0.0806715 -0.0176185
v 0.067463 -0.0776555 -0.0213745
v 0.065077 -0.0749105 -0.0187075
v 0.069059 -0.0761065 -0.0139535
v 0.067625 -0.0789075 -0.0181725
v 0.067465 -0.0785445 -0.0167265
v 0.071062 -0.0812175 -0.0168285
v 0.068359 -0.0785195 -0.0148355
v 0.069278 -0.0807155 -0.0152075
v 0.070514 -0.0814315 -0.0122465
v 0.074109 -0.0842785 -0.0124165
v 0.071252 -0.0825805 -0.0134335
v 0.073374 -0.0773845 -0.0090655
v 0.070968 -0.0793885 -0.0109345
v 0.073684 -0.0792065 -0.0076225
v 0.072204 -0.0813065 -0.0088385
v 0.076532 -0.0840235 -0.0127555
v 0.073039 -0.0837575 -0.0080235
v 0.073147 -0.0847745 -0.0096275
v 0.077292 -0.0785115 -0.0043405
v 0.075599 -0.0812555 -0.0039815
v 0.075192 -0.0833925 -0.0034945
v 0.075053 -0.0865315 -0.0062575
v 0.074865 -0.0856115 -0.0048475
v 0.078759 -0.0805765 -0.0005015
v 0.076028 -0.0848505 -0.0015975
v 0.080746 -0.0795305 0.0006645
v 0.077774 -0.0826835 0.0004215
v 0.079454 -0.0833435 0.0045485
v 0.077453 -0.0851685 0.0017905
v 0.078846 -0.0857855 0.0062775
v 0.079596 -0.0870005 -0.0074215
v 0.082279 -0.0871185 -0.0054825
v 0.077068 -0.0881625 -0.0041955
v 0.077026 -0.0867965 -0.0082405
v 0.079218 -0.0892315 -0.0030025
v 0.076226 -0.0866505 -0.0016145
v 0.076635 -0.0878865 -0.0029185
v 0.081489 -0.0890725 -0.0025955
v 0.077958 -0.0893135 0.0004835
v 0.07758 -0.0872945 0.0024745
v 0.080808 -0.0908765 0.0021415
v 0.084489 -0.0887565 -0.0003005
v 0.082573 -0.0903505 0.0012095
v 0.085751 -0.0897685 0.0038755
v 0.078383 -0.0884955 0.0047945
v 0.078987 -0.0901875 0.0038045
v 0.082424 -0.0812535 0.0072745
v 0.082424 -0.0812535 0.0072745
v 0.081561 -0.0825475 0.0085875
v 0.079859 -0.0848555 0.0093455
v 0.083859 -0.0810205 0.0117065
v 0.083859 -0.0810205 0.0117065
v 0.085668 -0.0798775 0.0125305
v 0.081114 -0.0837755 0.0124365
v 0.079922 -0.0858035 0.0141105
v 0.078913 -0.0876085 0.0084155
v 0.079573 -0.0874675 0.0135385
v 0.085202 -0.0797545 0.0174755
v 0.085202 -0.0797545 0.0174755
v 0.082049 -0.0826855 0.0149465
v 0.083707 -0.0803905 0.0202555
v 0.081207 -0.0829945 0.0198715
v 0.084848 -0.0792615 0.0211435
v 0.084848 -0.0792615 0.0211435
v 0.080653 -0.0805525 0.0263865
v 0.083794 -0.0792695 0.0234785
v 0.083794 -0.0792695 0.0234785
v 0.081152 -0.0819355 0.0227265
v 0.089925 -0.0783865 0.0201565
v 0.087478 -0.0783555 0.0210795
v 0.079869 -0.0858805 0.0161145
v 0.079316 -0.0859565 0.0202605
v 0.079381 -0.0879755 0.0183685
v 0.079531 -0.0887945 0.0153095
v 0.079172 -0.0843975 0.0238095
v 0.078784 -0.0857635 0.0237765
v 0.078955 -0.0876615 0.0227485
v 0.08007 -0.0904005 0.0175985
v 0.079287 -0.0891175 0.0234405
v 0.080482 -0.0908665 0.0199055
v 0.079813 -0.0895975 0.0267765
v 0.070168 -0.0598155 0.0499465
v 0.07167 -0.0623685 0.0486715
v 0.06913 -0.0629835 0.0486495
v 0.06913 -0.0629835 0.0486495
v 0.067109 -0.0644915 0.0486905
v 0.064141 -0.0650125 0.0494925
v 0.073217 -0.0648075 0.0471385
v 0.073217 -0.0648075 0.0471385
v 0.075153 -0.0646125 0.0471525
v 0.066574 -0.0688215 0.0481015
v 0.070417 -0.0667665 0.0469985
v 0.07205 -0.0681545 0.0457145
v 0.080513 -0.0678125 0.0446135
v 0.080832 -0.0710635 0.0397525
v 0.078569 -0.0673445 0.0446035
v 0.076729 -0.0705915 0.0418305
v 0.076729 -0.0705915 0.0418305
v 0.078301 -0.0698035 0.0420145
v 0.078944 -0.0741245 0.0369855
v 0.073408 -0.0706735 0.0436395
v 0.074222 -0.0737625 0.0409055
v 0.072873 -0.0738515 0.0421605
v 0.072008 -0.0764845 0.0422095
v 0.070598 -0.0722355 0.0447625
v 0.075638 -0.0775065 0.0370415
v 0.075664 -0.0673425 0.0448385
v 0.075664 -0.0673425 0.0448385
v 0.074858 -0.0627655 0.0487895
v 0.069212 -0.0703105 0.0463365
v 0.061798 -0.0656785 0.0503695
v 0.06329 -0.0673005 0.0498755
v 0.060337 -0.0688815 0.0529495
v 0.062172 -0.0689395 0.0510335
v 0.064327 -0.0692125 0.0495695
v 0.067287 -0.0719195 0.0474705
v 0.064438 -0.0710685 0.0499395
v 0.062879 -0.0712245 0.0519475
v 0.063024 -0.0719185 0.0537325
v 0.066327 -0.0746105 0.0496245
v 0.069486 -0.0740025 0.0453235
v 0.070524 -0.0771745 0.0441595
v 0.06737 -0.0739585 0.0476675
v 0.066707 -0.0756565 0.0510405
v 0.070153 -0.0782935 0.0454505
v 0.06927 -0.0783915 0.0481275
v 0.070842 -0.0798235 0.0463375
v 0.072444 -0.0804595 0.0474735
v 0.069886 -0.0778265 0.0504245
v 0.084429 -0.0755015 0.0312205
v 0.086149 -0.0743325 0.0334695
v 0.087185 -0.0764745 0.0278665
v 0.085 -0.0778715 0.0255545
v 0.081347 -0.0778845 0.0296635
v 0.081347 -0.0778845 0.0296635
v 0.083467 -0.0730995 0.0360825
v 0.081724 -0.0755015 0.0332315
v 0.079527 -0.0792065 0.0304045
v 0.079037 -0.0769305 0.0336165
v 0.079037 -0.0769305 0.0336165
v 0.076374 -0.0755935 0.0375755
v 0.076374 -0.0755935 0.0375755
v 0.077387 -0.0802815 0.0325625
v 0.078492 -0.0827275 0.0280205
v 0.077481 -0.0840915 0.0297715
v 0.075587 -0.0824065 0.0348605
v 0.074436 -0.0793605 0.0377455
v 0.076015 -0.0842025 0.0343685
v 0.074342 -0.0836335 0.0385015
v 0.087791 -0.0775995 0.0238785
v 0.089638 -0.0773715 0.0256205
v 0.092648 -0.0809175 0.0252605
v 0.088822 -0.0758435 0.0305865
v 0.089148 -0.0753335 0.0351055
v 0.091507 -0.0784605 0.0293225
v 0.09156 -0.0796005 0.0298925
v 0.092325 -0.0827885 0.0242705
v 0.09103 -0.0811945 0.0304485
v 0.091064 -0.0848625 0.0244635
v 0.089114 -0.0837445 0.0307595
v 0.088353 -0.0859155 0.0283585
v 0.086297 -0.0854715 0.0322985
v 0.077637 -0.0861235 0.0294505
v 0.078851 -0.0884895 0.0274215
v 0.080706 -0.0895755 0.0286905
v 0.082173 -0.0912285 0.0225405
v 0.077844 -0.0872585 0.0314135
v 0.07852 -0.0880125 0.0312885
v 0.076394 -0.0855645 0.0347585
v 0.077766 -0.0868595 0.0357255
v 0.083615 -0.0875725 0.0322485
v 0.083833 -0.0900585 0.0262435
v 0.085738 -0.0886205 0.0272135
v 0.08138 -0.0888375 0.0314875
v 0.083513 -0.0716205 0.0388645
v 0.086547 -0.0729135 0.0379375
v 0.083266 -0.0693505 0.0436805
v 0.083131 -0.0689215 0.0466655
v 0.087079 -0.0736265 0.0412155
v 0.084844 -0.0711915 0.0451155
v 0.089571 -0.0771465 0.0360545
v 0.085364 -0.0729835 0.0447605
v 0.086641 -0.0754755 0.0424785
v 0.072792 -0.0795655 0.0403775
v 0.084654 -0.0760185 0.0444915
v 0.086565 -0.0786385 0.0402735
v 0.083241 -0.0785305 0.0440945
v 0.084346 -0.0805265 0.0411175
v 0.080969 -0.0812915 0.0434575
v 0.079113 -0.0834775 0.0423665
v 0.083246 -0.0838445 0.0383805
v 0.078898 -0.0791105 0.0469705
v 0.075868 -0.0798145 0.0479555
v 0.077882 -0.0821945 0.0446415
v 0.088471 -0.0780235 0.0379075
v 0.088659 -0.0811695 0.0346625
v 0.08628 -0.0814915 0.0377905
v 0.078649 -0.0858805 0.0387315
v 0.081746 -0.0854855 0.0374665
v 0.075613 -0.0851335 0.0385135
v 0.072186 -0.0804345 0.0422285
v 0.071837 -0.0807855 0.0440665
v 0.073783 -0.0831065 0.0420655
v 0.074837 -0.0838865 0.0422365
v 0.076371 -0.0837505 0.0430215
v 0.074877 -0.0809335 0.0469915
v 0.084408 -0.0910575 0.0056525
v 0.082298 -0.0916345 0.0056705
v 0.085783 -0.0908825 0.0085675
v 0.083139 -0.0921235 0.0097505
v 0.090819 -0.0871255 0.0121565
v 0.087767 -0.0899025 0.0125315
v 0.080812 -0.0914345 0.0072245
v 0.079224 -0.0886975 0.0110015
v 0.080148 -0.0911165 0.0103445
v 0.082041 -0.0920715 0.0127545
v 0.085642 -0.0913005 0.0129665
v 0.090155 -0.0876105 0.0169015
v 0.087233 -0.0901745 0.0169475
v 0.085491 -0.0912575 0.0166975
v 0.092759 -0.0836125 0.0205055
v 0.091664 -0.0855825 0.0195005
v 0.089884 -0.0873165 0.0208205
v 0.086479 -0.0898445 0.0220495
v 0.083698 -0.0921295 0.0146555
v 0.082549 -0.0919565 0.0168235
v 0.083786 -0.0915145 0.0201285
v 0.088818 -0.0872805 0.0241625
v 0.058499 -0.0502005 0.0567665
v 0.062936 -0.0491985 0.0548715
v 0.061616 -0.0494865 0.0562115
v 0.065478 -0.0523395 0.0565785
v 0.061774 -0.0513675 0.0572435
v 0.058424 -0.0527705 0.0575845
v 0.061298 -0.0532815 0.0579535
v 0.058861 -0.0549105 0.0581115
v 0.067248 -0.0532065 0.0554215
v 0.071046 -0.0567755 0.0546605
v 0.068889 -0.0557215 0.0567805
v 0.065355 -0.0538535 0.0576725
v 0.064263 -0.0551135 0.0582655
v 0.061864 -0.0569745 0.0586395
v 0.069503 -0.0572915 0.0512865
v 0.0701 -0.0566835 0.0522475
v 0.068832 -0.0552565 0.0527145
v 0.071251 -0.0575865 0.0558425
v 0.068341 -0.0575015 0.0579175
v 0.065951 -0.0588445 0.0586205
v 0.068879 -0.0601055 0.0581365
v 0.07092 -0.0595355 0.0572715
v 0.068112 -0.0629375 0.0581295
v 0.057455 -0.0589635 0.0581215
v 0.061894 -0.0606405 0.0586795
v 0.058693 -0.0622365 0.0580465
v 0.064666 -0.0634235 0.0584215
v 0.061516 -0.0649835 0.0580185
v 0.058922 -0.0668205 0.0565045
v 0.059769 -0.0660565 0.0573455
v 0.072412 -0.0596595 0.0507845
v 0.073512 -0.0594605 0.0523715
v 0.077406 -0.0636165 0.0492395
v 0.077573 -0.0632205 0.0517315
v 0.073665 -0.0610385 0.0559195
v 0.076001 -0.0623305 0.0540615
v 0.073641 -0.0630955 0.0563825
v 0.071198 -0.0635035 0.0573385
v 0.077618 -0.0653115 0.0536195
v 0.077293 -0.0669175 0.0538985
v 0.074949 -0.0669645 0.0551685
v 0.068555 -0.0682255 0.0568665
v 0.071583 -0.0685085 0.0559585
v 0.080854 -0.0667685 0.0468975
v 0.080952 -0.0672915 0.0502185
v 0.083078 -0.0705315 0.0481665
v 0.080145 -0.0677225 0.0514165
v 0.081271 -0.0709425 0.0500715
v 0.083344 -0.0729155 0.0475095
v 0.079802 -0.0696075 0.0516415
v 0.079089 -0.0732805 0.0505485
v 0.081324 -0.0756395 0.0477525
v 0.077223 -0.0705575 0.0529085
v 0.073454 -0.0729525 0.0536005
v 0.076537 -0.0756975 0.0506985
v 0.063653 -0.0671205 0.0576715
v 0.060122 -0.0689385 0.0551735
v 0.06317 -0.0711095 0.0553595
v 0.063577 -0.0697105 0.0565965
v 0.066511 -0.0724605 0.0552155
v 0.069937 -0.0725945 0.0548585
v 0.066227 -0.0694945 0.0568235
v 0.066449 -0.0745325 0.0532315
v 0.066178 -0.0663635 0.0577575
v 0.06891 -0.0751415 0.0532785
v 0.072119 -0.0760845 0.0521745
v 0.072182 -0.0783725 0.0501005
vt 0.68240300 0.34127300
vt 0.67529900 0.33545600
vt 0.68585900 0.33427200
vt 0.68342200 0.32663100
vt 0.67105100 0.33210900
vt 0.69486400 0.32368600
vt 0.69257000 0.34265400
vt 0.69539500 0.33137600
vt 0.70470300 0.32911800
vt 0.71623600 0.32594900
vt 0.70620500 0.34085800
vt 0.62745600 0.55362400
vt 0.62162400 0.53975000
vt 0.63004700 0.53415600
vt 0.63941700 0.54198900
vt 0.60653000 0.54527500
vt 0.59577900 0.55717300
vt 0.60421900 0.54154000
vt 0.61211700 0.55021800
vt 0.59133700 0.55308700
vt 0.58250100 0.56722900
vt 0.59682900 0.56412800
vt 0.63751900 0.56807900
vt 0.60975400 0.56444600
vt 0.64366300 0.57867400
vt 0.59727300 0.57316000
vt 0.58271300 0.57202800
vt 0.64577100 0.56105000
vt 0.64942300 0.55070600
vt 0.65560600 0.56583200
vt 0.64895100 0.57510800
vt 0.58792000 0.58557500
vt 0.65507900 0.58815200
vt 0.65839400 0.57861000
vt 0.66709200 0.57413800
vt 0.65904200 0.53769500
vt 0.66417500 0.54773900
vt 0.66849700 0.56079600
vt 0.67798600 0.54706400
vt 0.68417100 0.55729500
vt 0.67991900 0.57298300
vt 0.67421100 0.58779100
vt 0.69635800 0.56921700
vt 0.69527800 0.55574000
vt 0.69563700 0.58389800
vt 0.70619700 0.56097600
vt 0.61956400 0.43032800
vt 0.61321900 0.42013600
vt 0.61987000 0.41944700
vt 0.61271100 0.44515000
vt 0.61466600 0.43338600
vt 0.61850300 0.44273000
vt 0.60840800 0.42489900
vt 0.60789000 0.43632200
vt 0.60384600 0.42637000
vt 0.60990900 0.45049400
vt 0.60584500 0.44783400
vt 0.59977800 0.43045600
vt 0.60120900 0.44441000
vt 0.59703700 0.43353700
vt 0.60465400 0.47041900
vt 0.59980300 0.45145200
vt 0.59433200 0.45700500
vt 0.59145100 0.44148100
vt 0.64398500 0.42091900
vt 0.63497700 0.43124600
vt 0.63636900 0.41933400
vt 0.65062700 0.42945600
vt 0.65773200 0.41600200
vt 0.62256000 0.47696500
vt 0.62148000 0.46608800
vt 0.62681300 0.46609000
vt 0.61615800 0.46847800
vt 0.63079400 0.47560400
vt 0.63329500 0.49290100
vt 0.63652600 0.48445400
vt 0.63809500 0.46752400
vt 0.62587100 0.44764700
vt 0.62382500 0.43733800
vt 0.63127500 0.45668500
vt 0.63384400 0.44363100
vt 0.62905600 0.43340600
vt 0.62653400 0.45676800
vt 0.62477800 0.42497800
vt 0.63043500 0.41972000
vt 0.61914100 0.45501900
vt 0.61347600 0.45994700
vt 0.61286200 0.47562200
vt 0.60889200 0.46347800
vt 0.63802200 0.45104200
vt 0.64004500 0.43653100
vt 0.64786200 0.44577800
vt 0.64688000 0.45665500
vt 0.62417300 0.40947300
vt 0.61656000 0.41139900
vt 0.61512500 0.40336300
vt 0.61134100 0.39119100
vt 0.60533500 0.39397200
vt 0.60340800 0.38505400
vt 0.62069600 0.39546600
vt 0.61745700 0.38159600
vt 0.62802000 0.39159300
vt 0.60624600 0.37781000
vt 0.59675500 0.38018500
vt 0.60089200 0.36945500
vt 0.59210700 0.37333100
vt 0.59276700 0.36653500
vt 0.59293000 0.35711700
vt 0.58367100 0.36040600
vt 0.60200600 0.36037400
vt 0.59541700 0.35072700
vt 0.61150300 0.36980600
vt 0.61838300 0.37341500
vt 0.61510300 0.36027000
vt 0.62633400 0.36853300
vt 0.60250300 0.35123400
vt 0.62923300 0.35511700
vt 0.61353900 0.34997300
vt 0.62152000 0.34715600
vt 0.59248400 0.39216300
vt 0.59794900 0.39107700
vt 0.59630600 0.39891600
vt 0.60111400 0.39769700
vt 0.60448500 0.41265700
vt 0.60221600 0.41494100
vt 0.59433500 0.40481300
vt 0.59177800 0.41839100
vt 0.58394400 0.40000600
vt 0.58982300 0.40394500
vt 0.60634100 0.40749200
vt 0.58818500 0.42668400
vt 0.58424100 0.43223900
vt 0.58308900 0.41403200
vt 0.57247000 0.40281800
vt 0.56704600 0.41464000
vt 0.58703700 0.37963700
vt 0.58556400 0.37165400
vt 0.59279800 0.38311900
vt 0.58246800 0.38298400
vt 0.57615100 0.37106800
vt 0.57985000 0.36664100
vt 0.56811600 0.36935700
vt 0.57803100 0.38340500
vt 0.57197100 0.36148700
vt 0.57351700 0.38343200
vt 0.57550400 0.39873600
vt 0.56520200 0.38338900
vt 0.55470400 0.37189700
vt 0.55950200 0.36550800
vt 0.55731300 0.38080900
vt 0.63540400 0.41102800
vt 0.62727600 0.40172900
vt 0.63677800 0.40133100
vt 0.62892400 0.38257900
vt 0.64102200 0.39089400
vt 0.63902000 0.37980800
vt 0.65010200 0.38784600
vt 0.65268800 0.37081000
vt 0.65911800 0.38198200
vt 0.64725000 0.40472800
vt 0.65849500 0.39790000
vt 0.64149500 0.36412800
vt 0.64670000 0.35002300
vt 0.66188800 0.35098000
vt 0.66074300 0.36731400
vt 0.63756600 0.33870400
vt 0.64303100 0.33890400
vt 0.65331400 0.33777100
vt 0.65391100 0.34364700
vt 0.64517400 0.33578400
vt 0.61509800 0.48659000
vt 0.61044600 0.49837200
vt 0.61053000 0.48023000
vt 0.60842500 0.48809200
vt 0.60495200 0.50463600
vt 0.60172200 0.49295100
vt 0.59309800 0.49952200
vt 0.59983100 0.50947200
vt 0.61981300 0.50492000
vt 0.61340200 0.50525100
vt 0.61800900 0.49537100
vt 0.62577200 0.49172600
vt 0.62948900 0.50863400
vt 0.61312600 0.51842900
vt 0.60817200 0.51868100
vt 0.60185100 0.52215800
vt 0.62103000 0.51789300
vt 0.62472500 0.52284700
vt 0.61437700 0.53261600
vt 0.59524300 0.47589300
vt 0.60158600 0.46939300
vt 0.58931300 0.45767600
vt 0.58923600 0.49350000
vt 0.57942600 0.52376400
vt 0.56635000 0.50551200
vt 0.59838600 0.53897600
vt 0.58379900 0.54422200
vt 0.57560700 0.53998200
vt 0.59406500 0.52636100
vt 0.58912600 0.51907000
vt 0.57303900 0.56211100
vt 0.56814400 0.53727100
vt 0.54728100 0.52524100
vt 0.54431300 0.49167500
vt 0.51531400 0.51010400
vt 0.53150700 0.49453300
vt 0.53658800 0.41605200
vt 0.50739000 0.36774200
vt 0.53537900 0.44684600
vt 0.52418500 0.42700700
vt 0.52909900 0.44775200
vt 0.52344900 0.43533400
vt 0.51543800 0.42458300
vt 0.51091700 0.41399200
vt 0.51872100 0.44090500
vt 0.51800700 0.44695600
vt 0.52273400 0.45507600
vt 0.50728000 0.42530300
vt 0.51290300 0.43824500
vt 0.51941800 0.46147600
vt 0.51248100 0.45693900
vt 0.50794400 0.44669700
vt 0.50156200 0.43535200
vt 0.50242900 0.41454900
vt 0.50592500 0.42882100
vt 0.49321800 0.42917300
vt 0.49200000 0.41890900
vt 0.53670100 0.46481600
vt 0.52787500 0.48211500
vt 0.53080300 0.47006300
vt 0.52931200 0.49124300
vt 0.53091000 0.46010500
vt 0.52395700 0.46813200
vt 0.51836300 0.47607100
vt 0.66101600 0.43570500
vt 0.66237800 0.42554800
vt 0.67386600 0.41616900
vt 0.67158500 0.43167000
vt 0.66919100 0.44518100
vt 0.67788500 0.44681500
vt 0.68033100 0.42286800
vt 0.68428500 0.43591800
vt 0.69225000 0.42579300
vt 0.68705600 0.41507600
vt 0.64889000 0.46906500
vt 0.64434200 0.47581500
vt 0.64860000 0.48312400
vt 0.65876800 0.46117100
vt 0.66264300 0.46892200
vt 0.66169400 0.48276200
vt 0.65080600 0.49556200
vt 0.63911800 0.50006100
vt 0.66063300 0.49365000
vt 0.67299600 0.47023300
vt 0.67516600 0.48836100
vt 0.66512800 0.50317300
vt 0.65960200 0.44793300
vt 0.66943300 0.45452400
vt 0.68156900 0.46111900
vt 0.69680600 0.43731300
vt 0.70129300 0.41484500
vt 0.70873900 0.42557800
vt 0.71203900 0.43505200
vt 0.72078100 0.42775400
vt 0.68553600 0.47553800
vt 0.68640400 0.49030500
vt 0.67944100 0.49913200
vt 0.69659900 0.48076500
vt 0.69743900 0.46585200
vt 0.69772100 0.48851400
vt 0.70997100 0.47599600
vt 0.71089000 0.48860500
vt 0.70201900 0.49879100
vt 0.68989800 0.45190000
vt 0.70086800 0.45017400
vt 0.71030300 0.45966300
vt 0.71324700 0.44397800
vt 0.66767900 0.38509400
vt 0.67154500 0.39872100
vt 0.67688500 0.38960800
vt 0.67481500 0.37634300
vt 0.66691300 0.40825900
vt 0.68288700 0.40390800
vt 0.68815600 0.39000700
vt 0.68687400 0.38163500
vt 0.68936200 0.37283800
vt 0.69253600 0.40352200
vt 0.69784600 0.38316800
vt 0.67208100 0.36433000
vt 0.67491000 0.35129000
vt 0.66208100 0.34505700
vt 0.66789200 0.34742100
vt 0.65758000 0.33136300
vt 0.66404100 0.33113500
vt 0.66040400 0.34010500
vt 0.66758500 0.34219600
vt 0.67665100 0.34568400
vt 0.68360600 0.35461800
vt 0.68289200 0.36660500
vt 0.70219300 0.36371700
vt 0.69379200 0.35833900
vt 0.68625600 0.34766000
vt 0.69323300 0.35156700
vt 0.69540100 0.34681400
vt 0.70122100 0.39798000
vt 0.70545000 0.37277400
vt 0.71043600 0.38545700
vt 0.71332200 0.39522200
vt 0.72345000 0.38447800
vt 0.71222300 0.41210000
vt 0.72483800 0.41348800
vt 0.72668000 0.39780500
vt 0.71804200 0.37731100
vt 0.71674100 0.36391800
vt 0.70648900 0.35087500
vt 0.70422800 0.34543500
vt 0.71341700 0.34381900
vt 0.71163600 0.35001300
vt 0.71640600 0.33784400
vt 0.72362700 0.34524600
vt 0.72245600 0.33672000
vt 0.72527200 0.34197100
vt 0.72955700 0.37020800
vt 0.73875200 0.37369300
vt 0.72522600 0.34941000
vt 0.72766800 0.35895000
vt 0.73711100 0.34291700
vt 0.73857500 0.35748900
vt 0.63370100 0.51795200
vt 0.64171600 0.51094800
vt 0.63895900 0.52760500
vt 0.64658800 0.51825600
vt 0.65424200 0.50930700
vt 0.65935900 0.52166900
vt 0.64909900 0.53281200
vt 0.66958800 0.52413300
vt 0.67114000 0.50878000
vt 0.67882200 0.51271100
vt 0.69001400 0.50608500
vt 0.68325800 0.52207200
vt 0.67452400 0.53494600
vt 0.69888900 0.51559900
vt 0.69444200 0.53178300
vt 0.68812200 0.54242900
vt 0.70322900 0.54269200
vt 0.70838100 0.55049200
vt 0.56240300 0.35980500
vt 0.56691700 0.35302600
vt 0.57470400 0.35921700
vt 0.57492600 0.35400800
vt 0.56672500 0.34874200
vt 0.56253600 0.35540800
vt 0.55625600 0.34733400
vt 0.55324300 0.34099100
vt 0.56470400 0.34190300
vt 0.55377800 0.35116600
vt 0.55020100 0.35431900
vt 0.54360600 0.36220700
vt 0.53783600 0.34579800
vt 0.53697000 0.33866600
vt 0.54125800 0.35256300
vt 0.56634400 0.33650900
vt 0.55769900 0.32855100
vt 0.55022500 0.33066100
vt 0.54525000 0.32180600
vt 0.53906400 0.33666300
vt 0.53961600 0.33099200
vt 0.53037800 0.33161500
vt 0.53559000 0.32069000
vt 0.52787500 0.32722200
vt 0.54128600 0.31360400
vt 0.52421500 0.31778100
vt 0.53008700 0.31057300
vt 0.52753800 0.35342700
vt 0.54062100 0.36467200
vt 0.52966400 0.34672800
vt 0.52510500 0.33833100
vt 0.51607700 0.33924300
vt 0.52249400 0.35760500
vt 0.51461600 0.34263000
vt 0.52274900 0.33230600
vt 0.51484800 0.32123400
vt 0.51995300 0.32822100
vt 0.50860800 0.33309100
vt 0.50601600 0.32791900
vt 0.50682000 0.32366300
vt 0.50429000 0.34597700
vt 0.50460100 0.35026500
vt 0.48363800 0.34889000
vt 0.49900500 0.33788400
vt 0.48522300 0.33215400
vt 0.48425000 0.34335500
vt 0.50511600 0.31468300
vt 0.51409300 0.31162900
vt 0.51976500 0.30597800
vt 0.51049000 0.30172500
vt 0.50333500 0.30609500
vt 0.49656300 0.31097500
vt 0.49650900 0.29865900
vt 0.49568300 0.32885200
vt 0.49939600 0.31778700
vt 0.49152900 0.32363300
vt 0.48126000 0.32577200
vt 0.48501400 0.31914000
vt 0.48815200 0.31476300
vt 0.49226500 0.30354200
vt 0.48563300 0.30751600
vt 0.48098300 0.30083300
vt 0.48040400 0.33595500
vt 0.47428000 0.32783300
vt 0.46231000 0.33391400
vt 0.47832500 0.32258200
vt 0.47553700 0.31291600
vt 0.47260500 0.31831800
vt 0.46209900 0.32564400
vt 0.46345800 0.32240300
vt 0.47386200 0.30699600
vt 0.46060900 0.33691800
vt 0.46656500 0.34313200
vt 0.46165100 0.34896500
vt 0.45900000 0.33185200
vt 0.46269400 0.31696100
vt 0.45629200 0.32263000
vt 0.45216600 0.32859000
vt 0.46181600 0.31123100
vt 0.45980000 0.30802200
vt 0.46507000 0.30091000
vt 0.45137800 0.31974300
vt 0.44921800 0.31416100
vt 0.44820000 0.30851900
vt 0.65069500 0.31941600
vt 0.64242700 0.32278300
vt 0.64629100 0.31294300
vt 0.63906100 0.31513500
vt 0.63875200 0.30470900
vt 0.64790800 0.30549400
vt 0.64356300 0.29617900
vt 0.65502200 0.29450500
vt 0.63654700 0.29748300
vt 0.63930400 0.28887000
vt 0.63163000 0.29102700
vt 0.62832800 0.28039600
vt 0.64128600 0.28099500
vt 0.66581100 0.28649300
vt 0.66037500 0.28426500
vt 0.65852800 0.32426000
vt 0.65718000 0.31033500
vt 0.66247200 0.31294100
vt 0.67064500 0.31678500
vt 0.67199000 0.30493700
vt 0.67684000 0.31276600
vt 0.65697400 0.30170100
vt 0.66688800 0.30015000
vt 0.65011500 0.28708900
vt 0.66805500 0.29299800
vt 0.69528600 0.29816800
vt 0.69144100 0.31621900
vt 0.68295500 0.31631800
vt 0.68496100 0.30006400
vt 0.67676000 0.29257000
vt 0.68570300 0.29000500
vt 0.67932300 0.28238500
vt 0.63850200 0.27219600
vt 0.61988600 0.27570600
vt 0.65668100 0.27723600
vt 0.65422400 0.27155000
vt 0.64923900 0.26649200
vt 0.64103200 0.26203500
vt 0.62187300 0.26711900
vt 0.64121700 0.25141200
vt 0.62768500 0.25727300
vt 0.67578300 0.27660000
vt 0.67310200 0.27195300
vt 0.66732300 0.26962400
vt 0.67225900 0.25613100
vt 0.68753800 0.27477000
vt 0.68063300 0.26054400
vt 0.66526800 0.25077100
vt 0.65235900 0.24572100
vt 0.66466100 0.23587800
vt 0.63871500 0.24480700
vt 0.64601600 0.23758600
vt 0.71667700 0.27745300
vt 0.71300900 0.27364800
vt 0.72273300 0.26581100
vt 0.70522300 0.27020600
vt 0.71614500 0.26525800
vt 0.70408700 0.25932000
vt 0.71011100 0.26106600
vt 0.70451400 0.25021500
vt 0.69736000 0.25340500
vt 0.72069100 0.24780800
vt 0.71608200 0.25956200
vt 0.71345600 0.25067800
vt 0.72224200 0.25739400
vt 0.69144200 0.24901500
vt 0.70333300 0.24184700
vt 0.71793200 0.24126500
vt 0.71153200 0.24361800
vt 0.71453600 0.23764500
vt 0.70516200 0.23335800
vt 0.69786800 0.23833300
vt 0.69855700 0.23043900
vt 0.71008800 0.23436500
vt 0.71540500 0.23156200
vt 0.71363000 0.22793200
vt 0.70990700 0.22498600
vt 0.70078400 0.30665100
vt 0.71729800 0.28631600
vt 0.70735000 0.31380600
vt 0.70071600 0.28437900
vt 0.69550200 0.27840700
vt 0.71361500 0.31378500
vt 0.72061200 0.29513700
vt 0.72274200 0.30744200
vt 0.72788400 0.29612100
vt 0.72955100 0.27151500
vt 0.72855800 0.28402800
vt 0.72820500 0.30580500
vt 0.72527500 0.32415000
vt 0.72567100 0.32043300
vt 0.73360400 0.30670500
vt 0.73498400 0.31446600
vt 0.73427700 0.32826200
vt 0.74103500 0.32297500
vt 0.74139700 0.31272600
vt 0.68664100 0.26723600
vt 0.67051700 0.23902200
vt 0.68825300 0.24281100
vt 0.68536100 0.23849600
vt 0.68281500 0.22799000
vt 0.66531300 0.22986000
vt 0.68971300 0.22945600
vt 0.66743500 0.21751500
vt 0.65449900 0.22130900
vt 0.66217200 0.21514100
vt 0.66408900 0.21027100
vt 0.65245900 0.21071100
vt 0.67277200 0.20997300
vt 0.66240800 0.20530500
vt 0.67390500 0.20363000
vt 0.66545200 0.19873400
vt 0.65739500 0.20112400
vt 0.70497300 0.22216400
vt 0.68346700 0.22240800
vt 0.65559600 0.23031000
vt 0.63193900 0.23694800
vt 0.64171100 0.22795200
vt 0.65591200 0.22397400
vt 0.66910300 0.22153100
vt 0.69619400 0.22265200
vt 0.69876600 0.21563400
vt 0.69609400 0.21126900
vt 0.68344000 0.21670100
vt 0.68576000 0.21016200
vt 0.68092700 0.20954600
vt 0.58417200 0.34335000
vt 0.59390000 0.33889800
vt 0.57487200 0.33705400
vt 0.58587500 0.33372300
vt 0.57645900 0.32923800
vt 0.58259700 0.32500800
vt 0.60417000 0.34145400
vt 0.59630500 0.33160900
vt 0.61522400 0.33811300
vt 0.60632600 0.32558400
vt 0.59193200 0.32084200
vt 0.59560100 0.30694400
vt 0.58233100 0.31381100
vt 0.57280700 0.31723500
vt 0.58067200 0.30090700
vt 0.57159900 0.30627400
vt 0.59014600 0.29409700
vt 0.57037000 0.29435700
vt 0.57978300 0.28684600
vt 0.57127900 0.27678800
vt 0.58171100 0.35097800
vt 0.57582900 0.34569900
vt 0.56615500 0.32698200
vt 0.55700000 0.31991700
vt 0.56305600 0.31191800
vt 0.55218700 0.31040900
vt 0.56103700 0.29600600
vt 0.55369700 0.30177200
vt 0.54254700 0.30374400
vt 0.56224100 0.28301200
vt 0.61985600 0.31977700
vt 0.62530600 0.32767000
vt 0.63181500 0.32932500
vt 0.62653000 0.32215600
vt 0.61312100 0.31063100
vt 0.61849600 0.31113700
vt 0.62745400 0.31736900
vt 0.62191700 0.30940200
vt 0.60557000 0.29668400
vt 0.61561600 0.30383300
vt 0.61846400 0.30071100
vt 0.63835400 0.33242100
vt 0.64125500 0.33071700
vt 0.63430200 0.31565900
vt 0.63415600 0.32410900
vt 0.65007600 0.32774900
vt 0.63218600 0.30792100
vt 0.62771400 0.30221700
vt 0.62117000 0.29528500
vt 0.60577000 0.28976600
vt 0.61140500 0.29454500
vt 0.58880000 0.28321200
vt 0.58186200 0.27256400
vt 0.59625500 0.27462800
vt 0.59442300 0.26512000
vt 0.62024300 0.28629500
vt 0.61447500 0.29137500
vt 0.60896100 0.28615700
vt 0.60998900 0.28167200
vt 0.60482900 0.27785300
vt 0.60788100 0.27391100
vt 0.60909500 0.26651300
vt 0.60169500 0.26994300
vt 0.60396000 0.26233300
vt 0.59853400 0.25533900
vt 0.60468900 0.25346400
vt 0.60899300 0.25439600
vt 0.55219500 0.28974500
vt 0.53966900 0.29343100
vt 0.54755600 0.28115200
vt 0.53081200 0.30111700
vt 0.52787900 0.29253400
vt 0.53439700 0.28389400
vt 0.51724800 0.29603700
vt 0.51974700 0.28442200
vt 0.55876600 0.27101200
vt 0.55052600 0.26788600
vt 0.54113100 0.27564700
vt 0.53768200 0.26380300
vt 0.52986400 0.27038400
vt 0.51862900 0.27473900
vt 0.51572200 0.26081200
vt 0.57131400 0.26208600
vt 0.58394900 0.25522100
vt 0.57173900 0.24617200
vt 0.58740000 0.24373700
vt 0.57691500 0.24000100
vt 0.56239600 0.25648300
vt 0.55217600 0.25916400
vt 0.54000800 0.24866000
vt 0.55532200 0.24715100
vt 0.52775600 0.25842400
vt 0.54900700 0.23829600
vt 0.55831000 0.23480900
vt 0.56974600 0.22706000
vt 0.55097400 0.22615800
vt 0.52530500 0.24825800
vt 0.51416300 0.24638500
vt 0.53977900 0.23528000
vt 0.52741300 0.23897000
vt 0.51934500 0.23359300
vt 0.53458200 0.22414900
vt 0.51388500 0.22803900
vt 0.50414000 0.23642800
vt 0.54542300 0.37419800
vt 0.48791200 0.39980600
vt 0.45470900 0.38522600
vt 0.48985100 0.40672600
vt 0.49077100 0.41471700
vt 0.50587300 0.29167300
vt 0.50673200 0.28159700
vt 0.49511300 0.28822600
vt 0.49259300 0.27957500
vt 0.48684500 0.29172900
vt 0.47371800 0.29442300
vt 0.47815900 0.28599900
vt 0.50663300 0.27312000
vt 0.49795800 0.26814200
vt 0.50314700 0.25704200
vt 0.49520800 0.25922200
vt 0.48195000 0.27557200
vt 0.46817600 0.27929800
vt 0.47357000 0.26636100
vt 0.48608900 0.26357700
vt 0.45703500 0.29173100
vt 0.46577300 0.28942000
vt 0.45114600 0.30209200
vt 0.44371800 0.29704800
vt 0.45551100 0.28009800
vt 0.44435400 0.28578300
vt 0.43517900 0.29106500
vt 0.45827400 0.27092900
vt 0.44411900 0.27496700
vt 0.43238400 0.28141700
vt 0.45293700 0.26319500
vt 0.49679800 0.24698400
vt 0.48201900 0.25238200
vt 0.48212700 0.24222900
vt 0.47263800 0.24381100
vt 0.49340600 0.23622900
vt 0.49552200 0.22443100
vt 0.48145800 0.23065700
vt 0.46560100 0.25777700
vt 0.45755300 0.25040700
vt 0.61873200 0.26138700
vt 0.61284500 0.25566900
vt 0.62110800 0.25203600
vt 0.61410700 0.24439900
vt 0.60987900 0.24164900
vt 0.62635900 0.24356600
vt 0.60291300 0.24403000
vt 0.62079200 0.23465900
vt 0.61810400 0.23237300
vt 0.73024500 0.33418800
vt 0.73511800 0.33697300
vt 0.73682900 0.33887500
vt 0.73692500 0.33306200
vt 0.74322600 0.33482000
vt 0.74407000 0.32727100
vt 0.74495100 0.33110000
vt 0.63939500 0.16094100
vt 0.61455000 0.10464300
vt 0.75103300 0.32612100
vt 0.74481300 0.33924100
vt 0.74906400 0.33416300
vt 0.64281800 0.16151500
vt 0.75006200 0.32250900
vt 0.74706200 0.31748200
vt 0.64791000 0.16004000
vt 0.64352000 0.16806300
vt 0.64758100 0.16681800
vt 0.64994300 0.17499100
vt 0.64613100 0.17565800
vt 0.61227100 0.10202500
vt 0.75429000 0.32870400
vt 0.64144100 0.16735300
vt 0.60916300 0.10873200
vt 0.64211200 0.17317700
vt 0.60407900 0.11188000
vt 0.60581800 0.10685100
vt 0.60167100 0.10985500
vt 0.64167200 0.17914700
vt 0.59872800 0.11506700
vt 0.64312900 0.22156500
vt 0.62942800 0.22363000
vt 0.63436000 0.21785800
vt 0.62800200 0.21962400
vt 0.63395300 0.21357800
vt 0.64796000 0.21549700
vt 0.63766000 0.21314700
vt 0.64321400 0.20814600
vt 0.63992500 0.20672100
vt 0.63026700 0.21385000
vt 0.63382300 0.20901800
vt 0.62862200 0.20972700
vt 0.57997300 0.15654300
vt 0.58120700 0.14795600
vt 0.63349700 0.20585000
vt 0.63756100 0.20504000
vt 0.64995100 0.18190000
vt 0.65545100 0.19476700
vt 0.64976000 0.19344900
vt 0.65707100 0.18614600
vt 0.64589800 0.18064400
vt 0.64339100 0.18423600
vt 0.59604100 0.12025400
vt 0.59494000 0.11503100
vt 0.59097700 0.12015700
vt 0.64669100 0.19793000
vt 0.64506500 0.19345600
vt 0.64733100 0.19071600
vt 0.58672300 0.13071900
vt 0.63992400 0.19535200
vt 0.59096200 0.12586000
vt 0.64183000 0.19073300
vt 0.64294600 0.19703700
vt 0.65217600 0.20623900
vt 0.65042200 0.20073700
vt 0.64708200 0.20286900
vt 0.64693800 0.20901900
vt 0.64267900 0.20232300
vt 0.64002900 0.20035200
vt 0.66794400 0.19304400
vt 0.58826100 0.11809900
vt 0.63716300 0.20185400
vt 0.58320300 0.14018900
vt 0.57906800 0.14269500
vt 0.58271300 0.13122300
vt 0.57596900 0.13047700
vt 0.57194900 0.14464900
vt 0.56685000 0.13421400
vt 0.58883600 0.22994500
vt 0.60626300 0.23280900
vt 0.56731400 0.21551500
vt 0.57914900 0.19719800
vt 0.59197600 0.21763200
vt 0.63210000 0.23241900
vt 0.62363700 0.22945400
vt 0.62346800 0.22496000
vt 0.61314300 0.23277400
vt 0.61261200 0.22557500
vt 0.61793300 0.22501200
vt 0.62454500 0.21860800
vt 0.58118600 0.16853800
vt 0.62090600 0.21580500
vt 0.60639600 0.21231700
vt 0.57464500 0.18217800
vt 0.56415800 0.19799600
vt 0.56029700 0.17686900
vt 0.55369700 0.20740300
vt 0.54607800 0.21678300
vt 0.57126100 0.20969700
vt 0.57126100 0.20969700
vt 0.57107800 0.20877500
vt 0.57104900 0.20874500
vt 0.57107800 0.20877500
vt 0.57116400 0.20922900
vt 0.57116400 0.20922900
vt 0.57105300 0.20875000
vt 0.57105300 0.20875000
vt 0.55321800 0.18523900
vt 0.54291900 0.19117000
vt 0.53391200 0.20750500
vt 0.52442800 0.22064900
vt 0.51810400 0.21096800
vt 0.50633700 0.21912800
vt 0.50342200 0.20465000
vt 0.53520200 0.19767900
vt 0.53027300 0.18245400
vt 0.52137800 0.19948500
vt 0.52431500 0.18680900
vt 0.50955100 0.18457200
vt 0.50519800 0.19451600
vt 0.56792700 0.16054700
vt 0.55535900 0.16668700
vt 0.55379000 0.14983400
vt 0.55877600 0.13828000
vt 0.54261100 0.17302400
vt 0.53800200 0.14509300
vt 0.54556200 0.13689900
vt 0.54217800 0.15920900
vt 0.52902000 0.16560000
vt 0.52588700 0.15052000
vt 0.51590000 0.17584100
vt 0.51531200 0.16612500
vt 0.49863700 0.16901000
vt 0.51325100 0.15332000
vt 0.50163300 0.15650000
vt 0.49898400 0.21151300
vt 0.48695600 0.20780400
vt 0.49261000 0.21534800
vt 0.48158200 0.21991200
vt 0.46893600 0.23154800
vt 0.49016500 0.19393400
vt 0.47134400 0.21219500
vt 0.47427200 0.20096000
vt 0.49855400 0.18556600
vt 0.48757200 0.17820500
vt 0.48078600 0.19024700
vt 0.47546100 0.17448000
vt 0.46945600 0.18648200
vt 0.48695100 0.15966300
vt 0.48455800 0.16921900
vt 0.47166600 0.16376900
vt 0.45896300 0.17124200
vt 0.45461700 0.18557700
vt 0.43571100 0.26699300
vt 0.44361200 0.25562200
vt 0.43265400 0.25115800
vt 0.42641100 0.25996700
vt 0.46148300 0.24170600
vt 0.44720800 0.24407300
vt 0.45421500 0.23458000
vt 0.43914700 0.24206800
vt 0.42711500 0.23825600
vt 0.46300800 0.22331800
vt 0.46370600 0.20548700
vt 0.45711700 0.21355900
vt 0.46579500 0.19520000
vt 0.44962700 0.22667100
vt 0.43560800 0.23141600
vt 0.43865300 0.22129500
vt 0.42618700 0.22663100
vt 0.44566300 0.21430200
vt 0.45347300 0.20219200
vt 0.44287000 0.20095600
vt 0.43440500 0.21281700
vt 0.41790600 0.21967400
vt 0.42427100 0.21001600
vt 0.44493300 0.18657500
vt 0.43312200 0.18818200
vt 0.42977700 0.19894400
vt 0.41613700 0.20081400
vt 0.41952900 0.19279700
vt 0.42467700 0.18131600
vt 0.44569500 0.17338000
vt 0.43499200 0.17518600
vt 0.44222100 0.16325900
vt 0.40969700 0.18590300
vt 0.42412000 0.16589400
vt 0.41244500 0.17396400
vt 0.57193600 0.56825600
vt 0.56766800 0.57553100
vt 0.58036500 0.58003600
vt 0.56682000 0.58305200
vt 0.55043900 0.57969500
vt 0.55457700 0.58521300
vt 0.54410900 0.58503300
vt 0.55802200 0.59021700
vt 0.54256100 0.59465400
vt 0.53360900 0.59166400
vt 0.57494600 0.59179600
vt 0.66063600 0.60054200
vt 0.66846300 0.59421400
vt 0.66897100 0.60978600
vt 0.56362400 0.60040300
vt 0.54639200 0.60101200
vt 0.67502700 0.61022000
vt 0.56221800 0.60644500
vt 0.54825600 0.60646900
vt 0.53268300 0.59674700
vt 0.51360900 0.60118000
vt 0.53258300 0.60505200
vt 0.51978800 0.60259400
vt 0.53443900 0.61335200
vt 0.51752100 0.61005800
vt 0.50664800 0.60690400
vt 0.67928400 0.60123600
vt 0.68707200 0.58548600
vt 0.69072000 0.59663300
vt 0.68626500 0.60888200
vt 0.68788700 0.62332000
vt 0.54768400 0.61560400
vt 0.70034500 0.60946600
vt 0.69897600 0.62169600
vt 0.70609300 0.59709200
vt 0.70893600 0.57518200
vt 0.71215900 0.58583200
vt 0.70984700 0.60891700
vt 0.72035800 0.60050200
vt 0.72147700 0.61271900
vt 0.52918400 0.62311000
vt 0.70140200 0.63817800
vt 0.71141200 0.63685500
vt 0.51401200 0.61797000
vt 0.50363400 0.61400000
vt 0.50074000 0.62028900
vt 0.71473000 0.64891300
vt 0.51324700 0.62992500
vt 0.71699300 0.62201800
vt 0.72868000 0.64466500
vt 0.72982800 0.63202000
vt 0.50846200 0.54484700
vt 0.49750200 0.52322200
vt 0.50083800 0.51397800
vt 0.49260900 0.51759400
vt 0.46513500 0.52077500
vt 0.50676100 0.46059800
vt 0.49578900 0.43882000
vt 0.47839800 0.42875900
vt 0.47903600 0.46051400
vt 0.46918700 0.45539800
vt 0.52329700 0.49145800
vt 0.51626500 0.49682400
vt 0.52021400 0.48169900
vt 0.51371600 0.49255200
vt 0.51052000 0.49259200
vt 0.50835500 0.49036500
vt 0.51203600 0.46542700
vt 0.50885600 0.47497100
vt 0.50310000 0.48371700
vt 0.50059300 0.48088400
vt 0.50869900 0.50276800
vt 0.49907100 0.50287500
vt 0.49670100 0.50061600
vt 0.49669300 0.48951600
vt 0.47684200 0.49202000
vt 0.49870900 0.50982400
vt 0.48534300 0.49681100
vt 0.48812600 0.50611100
vt 0.48738500 0.51208900
vt 0.47940400 0.50453500
vt 0.46780800 0.50596400
vt 0.47751100 0.50840200
vt 0.47146100 0.51250800
vt 0.47719800 0.51655700
vt 0.47583400 0.49748600
vt 0.46738200 0.49661200
vt 0.45903800 0.51324100
vt 0.46108600 0.50188500
vt 0.45599300 0.48874900
vt 0.45910000 0.49517400
vt 0.45540000 0.50889600
vt 0.45542000 0.50249100
vt 0.44980600 0.49747800
vt 0.44730900 0.49837100
vt 0.44783500 0.49380900
vt 0.44739800 0.47513600
vt 0.45090200 0.45884300
vt 0.44149100 0.46322300
vt 0.44012500 0.47372700
vt 0.44521400 0.48178000
vt 0.43705000 0.46462900
vt 0.44950900 0.48814900
vt 0.44239100 0.50280500
vt 0.44374100 0.51128800
vt 0.43026400 0.51973100
vt 0.42232300 0.49277200
vt 0.43755100 0.48293700
vt 0.43119700 0.46920900
vt 0.43195500 0.47884500
vt 0.42927100 0.45622000
vt 0.42664900 0.46132700
vt 0.42476200 0.46583100
vt 0.41990200 0.47338500
vt 0.44030800 0.49121000
vt 0.43604600 0.49869200
vt 0.42699900 0.49074000
vt 0.42934500 0.48783000
vt 0.41508400 0.47663700
vt 0.39863900 0.46411000
vt 0.41136600 0.45150800
vt 0.39920200 0.52425100
vt 0.37839300 0.47949100
vt 0.56536100 0.56230300
vt 0.54672300 0.56533400
vt 0.54345400 0.55853100
vt 0.54660600 0.57269600
vt 0.52328400 0.58652700
vt 0.52399800 0.56799800
vt 0.52163500 0.58381500
vt 0.52895200 0.57284700
vt 0.52628800 0.58955700
vt 0.51131500 0.57735100
vt 0.50047200 0.59517400
vt 0.51225500 0.59575900
vt 0.50527900 0.58571100
vt 0.49644300 0.58026000
vt 0.49471500 0.59047300
vt 0.49247000 0.57539400
vt 0.46770100 0.55659300
vt 0.47793900 0.57979600
vt 0.49868700 0.63639700
vt 0.72915200 0.65756600
vt 0.74079200 0.63347600
vt 0.74102500 0.64680700
vt 0.48096900 0.58800800
vt 0.49411400 0.60084100
vt 0.49459500 0.60469400
vt 0.48111500 0.60532500
vt 0.47698600 0.59672900
vt 0.47014800 0.59153800
vt 0.47931100 0.60070500
vt 0.49029800 0.61053300
vt 0.48336000 0.61830100
vt 0.46304400 0.57755300
vt 0.46138300 0.58084600
vt 0.47165700 0.61117900
vt 0.47318400 0.60542600
vt 0.46004700 0.60039600
vt 0.45442700 0.58632200
vt 0.46163900 0.59716600
vt 0.44215900 0.59125500
vt 0.45548500 0.60388900
vt 0.45282800 0.61037100
vt 0.44509100 0.57029900
vt 0.42143400 0.55950300
vt 0.44217600 0.57541400
vt 0.42991800 0.58330700
vt 0.43906400 0.59335200
vt 0.44368500 0.59873900
vt 0.44128600 0.60439700
vt 0.43024000 0.59718400
vt 0.44101500 0.61248500
vt 0.42515700 0.60247000
vt 0.42658300 0.60887300
vt 0.39961200 0.56379800
vt 0.41229900 0.56122400
vt 0.41595700 0.57241500
vt 0.41567600 0.57530300
vt 0.42846600 0.57798400
vt 0.42248600 0.58469300
vt 0.42456100 0.56812900
vt 0.41672800 0.58532300
vt 0.40887600 0.58047000
vt 0.39808400 0.57078700
vt 0.41357400 0.59042900
vt 0.41467900 0.59387100
vt 0.41362200 0.60161300
vt 0.40349700 0.59258900
vt 0.39659700 0.58248000
vt 0.49202700 0.62554200
vt 0.48288800 0.63458500
vt 0.73869000 0.67051300
vt 0.47265000 0.62717300
vt 0.46339000 0.61710400
vt 0.45569400 0.62513500
vt 0.46180600 0.63556000
vt 0.75405100 0.68216400
vt 0.44817100 0.61883600
vt 0.74409200 0.65999500
vt 0.75443200 0.66416000
vt 0.75814000 0.65077400
vt 0.76066900 0.67415500
vt 0.44561000 0.64061600
vt 0.77048600 0.68621100
vt 0.77797300 0.67173500
vt 0.43189300 0.61496400
vt 0.44612900 0.62843500
vt 0.43172900 0.62347600
vt 0.41835600 0.61688100
vt 0.43138700 0.63395200
vt 0.78053100 0.69810400
vt 0.78131900 0.68350100
vt 0.79626300 0.69211200
vt 0.79386600 0.70772600
vt 0.41304200 0.62847900
vt 0.41171900 0.60951900
vt 0.39876500 0.59813600
vt 0.40228200 0.61027400
vt 0.40298300 0.61870900
vt 0.80873900 0.70671500
vt 0.39688500 0.63132200
vt 0.38711100 0.61839900
vt 0.38354700 0.62858000
vt 0.82188400 0.71009900
vt 0.39996800 0.54722300
vt 0.39386000 0.54936100
vt 0.38960000 0.55617600
vt 0.37882700 0.53118000
vt 0.36988200 0.50844100
vt 0.34956100 0.49637900
vt 0.35886500 0.50024700
vt 0.35642500 0.51097700
vt 0.35110500 0.50795900
vt 0.34980100 0.51614400
vt 0.34097700 0.49820200
vt 0.34163700 0.49342000
vt 0.34639000 0.51366500
vt 0.39529100 0.57296300
vt 0.38933100 0.56617300
vt 0.38449200 0.56757800
vt 0.38722300 0.57728300
vt 0.38977500 0.58253100
vt 0.39088600 0.58963300
vt 0.38047600 0.58476600
vt 0.38735000 0.60116500
vt 0.38333200 0.59362200
vt 0.38778400 0.60898500
vt 0.37572800 0.60669000
vt 0.37503800 0.59780500
vt 0.37242300 0.62040400
vt 0.83240100 0.71770800
vt 0.37534100 0.54237000
vt 0.36760500 0.53980800
vt 0.37821300 0.55632700
vt 0.36591100 0.54280400
vt 0.36889900 0.55124100
vt 0.37345200 0.56338900
vt 0.35724600 0.53437900
vt 0.35302400 0.53991700
vt 0.36323800 0.55757000
vt 0.37954000 0.57722300
vt 0.36477800 0.56525400
vt 0.37361200 0.57985800
vt 0.36588400 0.57751600
vt 0.34745100 0.54639500
vt 0.35353600 0.55778400
vt 0.35581800 0.57107800
vt 0.34244100 0.55151300
vt 0.34398000 0.56728600
vt 0.36832100 0.51729600
vt 0.36349700 0.50531800
vt 0.36516200 0.52678300
vt 0.34415700 0.52387100
vt 0.33928300 0.52912500
vt 0.33640000 0.50454300
vt 0.33256400 0.50838200
vt 0.33237300 0.52932200
vt 0.32532500 0.50810200
vt 0.33312200 0.53443700
vt 0.33877400 0.56268400
vt 0.33468900 0.55088300
vt 0.32574600 0.53997900
vt 0.33106900 0.54976700
vt 0.33292800 0.55480200
vt 0.32893300 0.55091700
vt 0.32728200 0.54473900
vt 0.32558200 0.54611700
vt 0.32478200 0.55232200
vt 0.32042300 0.54552700
vt 0.32114300 0.52547300
vt 0.32141700 0.51503500
vt 0.32201600 0.53991900
vt 0.32228100 0.54315200
vt 0.31990600 0.53998800
vt 0.31814500 0.53538500
vt 0.31509700 0.53621000
vt 0.31629500 0.53836900
vt 0.31484100 0.53269500
vt 0.31262700 0.53225000
vt 0.31243600 0.51610400
vt 0.31146700 0.53494900
vt 0.31693100 0.54251400
vt 0.31883500 0.54682700
vt 0.31517600 0.54448200
vt 0.37190400 0.58726000
vt 0.36292500 0.58679400
vt 0.36081200 0.59631600
vt 0.35568000 0.58428500
vt 0.34192500 0.57779300
vt 0.34879800 0.59292700
vt 0.33514100 0.58544500
vt 0.33335300 0.57326000
vt 0.36344000 0.60662700
vt 0.35168800 0.60588100
vt 0.84955700 0.71779200
vt 0.35454100 0.61772100
vt 0.86522500 0.72378500
vt 0.34014900 0.60839800
vt 0.33805500 0.59724900
vt 0.32935300 0.59153600
vt 0.87896700 0.72782000
vt 0.32777100 0.60143700
vt 0.33504800 0.55970700
vt 0.33507700 0.56638200
vt 0.33316400 0.55998100
vt 0.33068400 0.55543900
vt 0.33172900 0.56008000
vt 0.32714500 0.55875100
vt 0.33240600 0.56558700
vt 0.32885100 0.56379400
vt 0.32644100 0.56375400
vt 0.32989300 0.56840000
vt 0.32706500 0.58280600
vt 0.33148700 0.57044000
vt 0.33025800 0.57594100
vt 0.32875000 0.57350600
vt 0.32455700 0.57158400
vt 0.32677900 0.56775100
vt 0.32328300 0.56842800
vt 0.32471900 0.57858500
vt 0.32266400 0.57616000
vt 0.31119400 0.53651000
vt 0.31292300 0.54115400
vt 0.30616100 0.53398200
vt 0.30238700 0.53147900
vt 0.30516900 0.53593900
vt 0.29907600 0.53592200
vt 0.29826800 0.54121900
vt 0.29575900 0.53670300
vt 0.29568300 0.53980100
vt 0.29127200 0.53795200
vt 0.29409400 0.53600100
vt 0.31921800 0.59346400
vt 0.32425100 0.58250000
vt 0.32075000 0.58818900
vt 0.32075900 0.58327200
vt 0.31898200 0.57324400
vt 0.31697200 0.57811500
vt 0.32014300 0.59995500
vt 0.88740200 0.72821900
vt 0.31689300 0.59069500
vt 0.31620600 0.59292700
vt 0.31231800 0.59406800
vt 0.89585700 0.73019100
vt 0.31326300 0.59897700
vt 0.31249700 0.59641600
vt 0.31521700 0.58622800
vt 0.31392200 0.58424700
vt 0.30674300 0.58519200
vt 0.30826300 0.58843000
vt 0.31355700 0.59120600
vt 0.30848300 0.59179400
vt 0.28803900 0.54563100
vt 0.15422300 0.15123300
vt 0.27896200 0.53901900
vt 0.15551400 0.15017700
vt 0.28193700 0.53951800
vt 0.15456300 0.15539400
vt 0.91477500 0.73717100
vt 0.15363300 0.14660000
vt 0.27550400 0.53654300
vt 0.15492400 0.14503400
vt 0.15766600 0.14817100
vt 0.27254700 0.54211100
vt 0.27318500 0.54694100
vt 0.32370700 0.55915500
vt 0.32228200 0.56528100
vt 0.32156300 0.56111300
vt 0.32414000 0.55524300
vt 0.32034200 0.55155600
vt 0.31914300 0.55509300
vt 0.31565500 0.55278200
vt 0.31547400 0.54765500
vt 0.31628400 0.55887900
vt 0.31701900 0.56599400
vt 0.31862100 0.57066800
vt 0.30396300 0.56080200
vt 0.30604800 0.57103600
vt 0.31042200 0.55081200
vt 0.31090400 0.54495600
vt 0.30843000 0.54786900
vt 0.30942800 0.53975600
vt 0.30932600 0.54270300
vt 0.30484800 0.54118500
vt 0.30199200 0.54709400
vt 0.29800500 0.55401000
vt 0.29579500 0.55940200
vt 0.29454100 0.54456600
vt 0.29140300 0.54941500
vt 0.31095600 0.57429400
vt 0.30819800 0.58061200
vt 0.30259400 0.57392300
vt 0.30205000 0.58018100
vt 0.29749900 0.56807200
vt 0.29492200 0.57991700
vt 0.30006400 0.58559300
vt 0.29272700 0.57414300
vt 0.28878100 0.55449800
vt 0.28998800 0.55819600
vt 0.28559400 0.55280300
vt 0.28798300 0.56258600
vt 0.28226200 0.55729400
vt 0.28716800 0.56935200
vt 0.28312600 0.56115200
vt 0.28044100 0.56772800
vt 0.44860700 0.34498400
vt 0.44038900 0.33915400
vt 0.44560800 0.32597600
vt 0.43682200 0.33449200
vt 0.43347500 0.33151900
vt 0.43440800 0.35363300
vt 0.43523800 0.34686200
vt 0.43284400 0.33838000
vt 0.42288100 0.34312900
vt 0.41512000 0.35217300
vt 0.41332300 0.33987600
vt 0.41562000 0.33598400
vt 0.44446500 0.32307800
vt 0.43775800 0.31793600
vt 0.43831600 0.31414800
vt 0.43158400 0.32800000
vt 0.42902900 0.32524100
vt 0.42531600 0.31778800
vt 0.41987000 0.33157600
vt 0.41302600 0.33142300
vt 0.41070200 0.32505400
vt 0.39545200 0.34854500
vt 0.40449800 0.34939100
vt 0.40115500 0.33849000
vt 0.39200700 0.34592000
vt 0.48575100 0.42386700
vt 0.47998000 0.41296100
vt 0.47833100 0.41518600
vt 0.46847100 0.41189700
vt 0.47186100 0.42269100
vt 0.47792200 0.40337800
vt 0.47206000 0.40710700
vt 0.46065300 0.40059300
vt 0.46217700 0.40636500
vt 0.46487300 0.41531500
vt 0.46173100 0.42604500
vt 0.45504000 0.43483200
vt 0.45325000 0.41571100
vt 0.45243800 0.40879600
vt 0.45073300 0.42178700
vt 0.45044200 0.41941100
vt 0.44339500 0.41287300
vt 0.43618400 0.41002800
vt 0.45039700 0.43086300
vt 0.44513800 0.44204000
vt 0.43990300 0.42459900
vt 0.43776300 0.43176700
vt 0.44224200 0.43724700
vt 0.43170800 0.42038300
vt 0.43277700 0.44208500
vt 0.42876500 0.44218400
vt 0.43104400 0.43396200
vt 0.42367500 0.43115900
vt 0.41799900 0.43037200
vt 0.40888200 0.41494700
vt 0.40167100 0.36868400
vt 0.43757100 0.45437900
vt 0.43810900 0.44605700
vt 0.41941500 0.44406100
vt 0.41454700 0.35802500
vt 0.43827400 0.30590500
vt 0.42855100 0.30998000
vt 0.43048500 0.29926000
vt 0.41479900 0.31628100
vt 0.41606300 0.30676300
vt 0.40493000 0.31420200
vt 0.40685300 0.32052900
vt 0.42091700 0.29459300
vt 0.40801800 0.30075000
vt 0.40018200 0.30875800
vt 0.42044300 0.27947400
vt 0.41307000 0.29032300
vt 0.40033000 0.28860400
vt 0.39310500 0.30370800
vt 0.39831700 0.36185800
vt 0.37477900 0.36370700
vt 0.38983300 0.35788400
vt 0.38929600 0.36867800
vt 0.40048500 0.33496100
vt 0.39372200 0.33170000
vt 0.38995300 0.32648800
vt 0.39409500 0.31661800
vt 0.38895700 0.34298700
vt 0.38410700 0.33988400
vt 0.37852000 0.35074500
vt 0.37905800 0.33395400
vt 0.37381800 0.32950500
vt 0.38147800 0.32288800
vt 0.38320800 0.31388000
vt 0.37783600 0.30988900
vt 0.38179600 0.30011200
vt 0.36945700 0.32307700
vt 0.36221700 0.31753200
vt 0.36454800 0.30564100
vt 0.37338200 0.29236400
vt 0.35925100 0.29303000
vt 0.35107000 0.30624600
vt 0.37496900 0.42701700
vt 0.37140800 0.39920800
vt 0.42460000 0.45317600
vt 0.41680100 0.45761300
vt 0.36468500 0.41259500
vt 0.36051300 0.43474500
vt 0.36086100 0.48128800
vt 0.35552100 0.45188300
vt 0.35339800 0.47582000
vt 0.35063800 0.45142800
vt 0.35618500 0.42165700
vt 0.35999300 0.40662600
vt 0.35186200 0.40851000
vt 0.35400700 0.43445900
vt 0.34386000 0.44586800
vt 0.34758900 0.42699800
vt 0.34856900 0.40670900
vt 0.34343500 0.42654600
vt 0.34421100 0.40517000
vt 0.33864800 0.42394800
vt 0.33993900 0.41124100
vt 0.33322900 0.42434300
vt 0.37735700 0.35672400
vt 0.37587400 0.36843200
vt 0.37735500 0.37865500
vt 0.36716100 0.35900200
vt 0.35946200 0.37458400
vt 0.35752400 0.38433200
vt 0.35617300 0.37013700
vt 0.35650700 0.36317300
vt 0.36464000 0.35436700
vt 0.38064300 0.38207000
vt 0.36080500 0.38712300
vt 0.36881000 0.39142400
vt 0.34705100 0.37288600
vt 0.35012600 0.35886400
vt 0.37521900 0.34844600
vt 0.37052700 0.34463300
vt 0.36786700 0.33697600
vt 0.36137700 0.34656900
vt 0.36377600 0.33256100
vt 0.35631300 0.33977700
vt 0.35656900 0.32860500
vt 0.34644900 0.32089300
vt 0.34162300 0.33246200
vt 0.35103600 0.35063300
vt 0.35820400 0.35730700
vt 0.35773900 0.35670700
vt 0.34455800 0.34145900
vt 0.34018400 0.35542100
vt 0.33790100 0.34501000
vt 0.34885100 0.38567500
vt 0.34147300 0.40129400
vt 0.34563400 0.38470500
vt 0.34119100 0.36689600
vt 0.34034300 0.38511500
vt 0.33456800 0.37851900
vt 0.33184900 0.36974000
vt 0.33726300 0.39656500
vt 0.33353100 0.38777400
vt 0.34403500 0.28999800
vt 0.33075400 0.30523700
vt 0.33013500 0.32661300
vt 0.32834200 0.34461300
vt 0.31459700 0.28514900
vt 0.31133000 0.32605700
vt 0.31881700 0.34132000
vt 0.32838000 0.28783600
vt 0.33665600 0.27761000
vt 0.30854700 0.34241900
vt 0.32537100 0.26864700
vt 0.29981600 0.26573300
vt 0.29235300 0.34277000
vt 0.31275800 0.26887800
vt 0.32944900 0.39868900
vt 0.33381200 0.40896300
vt 0.32992200 0.41904100
vt 0.32436500 0.41579000
vt 0.31929400 0.40499200
vt 0.32438000 0.39056700
vt 0.32354200 0.37941300
vt 0.32778000 0.36399300
vt 0.31444300 0.37621200
vt 0.31806200 0.39154900
vt 0.30976800 0.40649200
vt 0.30763000 0.39143800
vt 0.30387200 0.37998400
vt 0.30022800 0.40608300
vt 0.29482500 0.39621800
vt 0.28862500 0.38571600
vt 0.31904900 0.36119800
vt 0.30783200 0.36245700
vt 0.29615000 0.35468000
vt 0.29442000 0.37199100
vt 0.33704100 0.26634500
vt 0.33421600 0.25629600
vt 0.32146400 0.25632600
vt 0.31217900 0.24936800
vt 0.33570600 0.24614300
vt 0.32467900 0.23944000
vt 0.32851400 0.22119000
vt 0.33498000 0.23115300
vt 0.30156000 0.24276000
vt 0.31307300 0.23588200
vt 0.28585600 0.40494600
vt 0.27180700 0.39012200
vt 0.26247800 0.24064800
vt 0.26719000 0.40374300
vt 0.25282600 0.23260600
vt 0.26655600 0.22563300
vt 0.28802600 0.26068700
vt 0.28839900 0.35566200
vt 0.28055900 0.25383200
vt 0.28203500 0.36514900
vt 0.29469900 0.25156500
vt 0.29060700 0.24298200
vt 0.27078400 0.25006100
vt 0.27938700 0.37723800
vt 0.27691400 0.24036500
vt 0.28372900 0.23143200
vt 0.29982200 0.22912700
vt 0.28103900 0.21763000
vt 0.31911200 0.21272400
vt 0.32945100 0.20387000
vt 0.31270400 0.22317900
vt 0.30388000 0.21218100
vt 0.33187700 0.18698500
vt 0.33961500 0.19376400
vt 0.31926400 0.19434400
vt 0.31015800 0.19671900
vt 0.25318300 0.21676200
vt 0.26265500 0.20685900
vt 0.27169100 0.21171600
vt 0.24963200 0.20893000
vt 0.27269000 0.19321100
vt 0.25723600 0.19386300
vt 0.24491900 0.19982200
vt 0.26871100 0.18300800
vt 0.25583000 0.18098000
vt 0.29125800 0.21619200
vt 0.28339800 0.20214400
vt 0.29351400 0.20008400
vt 0.29958300 0.19046300
vt 0.28461800 0.19216000
vt 0.28240500 0.17938000
vt 0.41245400 0.28392500
vt 0.38973300 0.28785300
vt 0.42197700 0.26681500
vt 0.40883000 0.27125100
vt 0.41502900 0.25671100
vt 0.40032600 0.27776900
vt 0.39113800 0.27490100
vt 0.40009900 0.26230600
vt 0.41573400 0.24688600
vt 0.40380900 0.25089400
vt 0.38681600 0.26196700
vt 0.39154600 0.25185800
vt 0.38121800 0.27609400
vt 0.36605600 0.28279700
vt 0.37269300 0.26438300
vt 0.36058500 0.27416300
vt 0.35220800 0.28390700
vt 0.36536600 0.25915600
vt 0.34812900 0.27087600
vt 0.35586400 0.26172900
vt 0.41629200 0.23329400
vt 0.40593600 0.23870100
vt 0.40162300 0.23149600
vt 0.39588400 0.24298100
vt 0.37999600 0.24815100
vt 0.38692800 0.23546600
vt 0.40529200 0.21926300
vt 0.40845600 0.20959500
vt 0.39038700 0.22334400
vt 0.39430100 0.21413200
vt 0.37633000 0.22229200
vt 0.37508500 0.23221100
vt 0.38430900 0.21185800
vt 0.37102300 0.24390700
vt 0.35828000 0.24878800
vt 0.34690100 0.25799700
vt 0.34737300 0.24247000
vt 0.35902000 0.23672600
vt 0.36453800 0.22128000
vt 0.35085500 0.22609100
vt 0.40390600 0.19446000
vt 0.39626600 0.20398500
vt 0.38898900 0.19870200
vt 0.37523900 0.20874900
vt 0.39744800 0.18493500
vt 0.40042500 0.17175500
vt 0.38497500 0.18690700
vt 0.36480900 0.20686700
vt 0.35225800 0.21299800
vt 0.34198400 0.21798100
vt 0.34251300 0.20714500
vt 0.37286400 0.19234100
vt 0.36134000 0.19038400
vt 0.37194100 0.17653100
vt 0.35329300 0.19588600
vt 0.35826500 0.17705000
vt 0.34471500 0.18275200
vt 0.34585600 0.47331200
vt 0.34331900 0.48343800
vt 0.33842900 0.47076300
vt 0.33957100 0.45622400
vt 0.33636800 0.47442700
vt 0.33587200 0.45832400
vt 0.33459100 0.49176600
vt 0.32751600 0.48408000
vt 0.33164600 0.49766300
vt 0.32997500 0.47621700
vt 0.33126500 0.46675100
vt 0.32671400 0.46488900
vt 0.32236700 0.46756800
vt 0.31923000 0.47651000
vt 0.33839400 0.43464200
vt 0.33601800 0.44494100
vt 0.32962800 0.45253200
vt 0.33488800 0.43616200
vt 0.32841100 0.43722000
vt 0.32437400 0.43299600
vt 0.32270900 0.44686100
vt 0.31580700 0.43394400
vt 0.31645700 0.45021300
vt 0.30830600 0.43156100
vt 0.31530800 0.41928500
vt 0.30108200 0.43501700
vt 0.30531700 0.44454600
vt 0.31389500 0.46173700
vt 0.31091000 0.44874400
vt 0.30401300 0.42112500
vt 0.29547800 0.41540900
vt 0.32425300 0.49596200
vt 0.31880500 0.50142400
vt 0.31303000 0.50709700
vt 0.31108900 0.49278000
vt 0.31968200 0.48706800
vt 0.31155000 0.47389700
vt 0.30156200 0.47766500
vt 0.30097100 0.49097800
vt 0.30508900 0.52121300
vt 0.30472900 0.50223700
vt 0.29825400 0.50564800
vt 0.29722000 0.52302600
vt 0.29077700 0.49543100
vt 0.29096200 0.48096900
vt 0.28089800 0.48694800
vt 0.30488900 0.45806100
vt 0.29159900 0.46203400
vt 0.29579100 0.45095900
vt 0.30287200 0.46629900
vt 0.29320800 0.43332600
vt 0.28281400 0.44749300
vt 0.28157800 0.43383400
vt 0.28506100 0.47271100
vt 0.27491000 0.47125100
vt 0.27399600 0.45671500
vt 0.27176600 0.44285900
vt 0.29440300 0.53229000
vt 0.28891800 0.52631800
vt 0.29029500 0.53460800
vt 0.28744400 0.53838200
vt 0.28509100 0.50757900
vt 0.27813300 0.52240700
vt 0.16725100 0.16799100
vt 0.27999200 0.49662200
vt 0.27082100 0.50450100
vt 0.18138300 0.17801300
vt 0.28442900 0.53553800
vt 0.28573500 0.53707000
vt 0.27642500 0.53428400
vt 0.16214800 0.15674000
vt 0.28276100 0.54122500
vt 0.15717700 0.15454900
vt 0.27922200 0.53866100
vt 0.28651300 0.54311500
vt 0.27963300 0.54491400
vt 0.16565200 0.14928600
vt 0.27637800 0.54982900
vt 0.18302600 0.16965900
vt 0.18060300 0.15891200
vt 0.19059600 0.16244600
vt 0.26050500 0.44841600
vt 0.22087500 0.20658000
vt 0.21067400 0.19744000
vt 0.26016300 0.46409900
vt 0.22131000 0.19383400
vt 0.26726700 0.48369900
vt 0.19438800 0.19037700
vt 0.19578600 0.17584200
vt 0.20887200 0.18366600
vt 0.23212200 0.19008700
vt 0.22271900 0.18247300
vt 0.22060000 0.17393200
vt 0.20817400 0.17206800
vt 0.23313700 0.17763800
vt 0.20722200 0.16116900
vt 0.28275600 0.54760200
vt 0.28292700 0.54953900
vt 0.27652500 0.55476400
vt 0.26464800 0.56218500
vt 0.28220600 0.41850100
vt 0.27078300 0.42716900
vt 0.26426500 0.41705400
vt 0.24351800 0.22534800
vt 0.25609000 0.43270700
vt 0.23519500 0.21125800
vt 0.23264000 0.20142400
vt 0.24202200 0.18589800
vt 0.24650100 0.17383900
vt 0.72135000 0.47721400
vt 0.72432700 0.49148400
vt 0.72149300 0.46590800
vt 0.72331400 0.45085000
vt 0.72470100 0.43656600
vt 0.73205900 0.44662600
vt 0.73283100 0.42821900
vt 0.73369200 0.46406500
vt 0.72911000 0.47928300
vt 0.74276700 0.45639700
vt 0.74502300 0.43715100
vt 0.73440400 0.48500400
vt 0.74347600 0.46970300
vt 0.74580500 0.48573100
vt 0.75488300 0.47451600
vt 0.75380600 0.46433800
vt 0.74939000 0.45264400
vt 0.76171400 0.45644900
vt 0.76931900 0.46257700
vt 0.73491400 0.41579900
vt 0.73312800 0.40514100
vt 0.74097500 0.39564000
vt 0.73913800 0.38440200
vt 0.74687800 0.40930800
vt 0.74739600 0.42493100
vt 0.75375100 0.40401000
vt 0.75393000 0.36782100
vt 0.75718500 0.35075000
vt 0.75065100 0.37910100
vt 0.75229100 0.38995800
vt 0.76319400 0.37513100
vt 0.76753000 0.36366100
vt 0.76526000 0.39085800
vt 0.77198700 0.40410500
vt 0.77602100 0.39263400
vt 0.77684500 0.37887200
vt 0.77911400 0.36808200
vt 0.79431100 0.37842800
vt 0.75150500 0.42852100
vt 0.76030600 0.44029500
vt 0.76406200 0.41593100
vt 0.76725600 0.42723300
vt 0.77479300 0.43547700
vt 0.78069800 0.42876700
vt 0.78028100 0.41065900
vt 0.77328500 0.44803300
vt 0.78465900 0.44380100
vt 0.78541500 0.45571200
vt 0.77640900 0.46879400
vt 0.79590100 0.43289200
vt 0.79881500 0.44788500
vt 0.80318200 0.43736700
vt 0.80428800 0.44965100
vt 0.79340300 0.40111000
vt 0.79377300 0.41643400
vt 0.79698500 0.38789100
vt 0.79794300 0.39761100
vt 0.80073400 0.39394900
vt 0.80190000 0.37868000
vt 0.79780900 0.41088200
vt 0.79930300 0.42352800
vt 0.80179700 0.41594800
vt 0.80160900 0.40785200
vt 0.80827900 0.42375100
vt 0.80716700 0.41126700
vt 0.81036300 0.42303200
vt 0.80580600 0.38459900
vt 0.80587800 0.39562600
vt 0.80856500 0.39469800
vt 0.80854700 0.40261500
vt 0.80886900 0.38590000
vt 0.81090700 0.38473700
vt 0.81449800 0.37364400
vt 0.81124100 0.40380500
vt 0.81893200 0.39095300
vt 0.81448000 0.40075100
vt 0.82021100 0.39290000
vt 0.82021100 0.39290000
vt 0.82014600 0.40189800
vt 0.82014600 0.40189800
vt 0.80925500 0.41032400
vt 0.81404900 0.41088300
vt 0.81916400 0.40813600
vt 0.81239800 0.42137400
vt 0.82298800 0.39466600
vt 0.82709200 0.40581400
vt 0.82422700 0.40653700
vt 0.82570800 0.39537500
vt 0.80313400 0.42720800
vt 0.81011000 0.43707500
vt 0.81599900 0.42520000
vt 0.82057500 0.41813100
vt 0.82171200 0.43160700
vt 0.82346800 0.43321000
vt 0.82066000 0.40961800
vt 0.82545300 0.41326200
vt 0.82592300 0.42260700
vt 0.82160400 0.41673700
vt 0.82262500 0.42401000
vt 0.71242600 0.50408400
vt 0.72315800 0.50640000
vt 0.71009000 0.52123600
vt 0.70846700 0.53009200
vt 0.71933700 0.52965300
vt 0.72588300 0.51846200
vt 0.73704000 0.49835300
vt 0.73639100 0.51004300
vt 0.73335100 0.52444900
vt 0.74898400 0.50824200
vt 0.74387000 0.51776500
vt 0.74582500 0.52974800
vt 0.75159400 0.49538300
vt 0.71580100 0.54093200
vt 0.72934400 0.53610400
vt 0.72198400 0.55769900
vt 0.71906500 0.56695700
vt 0.73182800 0.54613100
vt 0.74299200 0.54088500
vt 0.73241000 0.56863300
vt 0.73935800 0.55504200
vt 0.75086200 0.56450700
vt 0.74909600 0.55274300
vt 0.75172700 0.52213500
vt 0.76044800 0.48543100
vt 0.75822000 0.50054700
vt 0.77195000 0.49397700
vt 0.76875700 0.47813300
vt 0.76290100 0.50968500
vt 0.77381500 0.50816000
vt 0.76471000 0.52021300
vt 0.78404600 0.48192100
vt 0.78909600 0.49224100
vt 0.79312000 0.50407400
vt 0.75330700 0.53835200
vt 0.76046000 0.53368300
vt 0.76200500 0.54439600
vt 0.76372400 0.55474600
vt 0.77302800 0.54257000
vt 0.77020800 0.53031000
vt 0.78267600 0.51559900
vt 0.78130800 0.52369600
vt 0.79677100 0.51574000
vt 0.78377400 0.53404100
vt 0.78315400 0.54475300
vt 0.79775000 0.52892400
vt 0.78652100 0.46445800
vt 0.80134700 0.46073700
vt 0.79551700 0.47703400
vt 0.80800300 0.45171900
vt 0.81295700 0.44890500
vt 0.81416700 0.43876400
vt 0.81226500 0.43817700
vt 0.81769500 0.43791500
vt 0.82396600 0.43150600
vt 0.82807900 0.43199500
vt 0.82927200 0.42033000
vt 0.83383300 0.43110700
vt 0.83146100 0.41110100
vt 0.83599400 0.42058700
vt 0.83305600 0.40272000
vt 0.84152800 0.41155800
vt 0.84493600 0.43519400
vt 0.84463100 0.42014500
vt 0.80136500 0.49461800
vt 0.80543200 0.50396400
vt 0.80753000 0.51520700
vt 0.82062600 0.50408300
vt 0.79750700 0.54137100
vt 0.79278100 0.55116300
vt 0.80899900 0.52547100
vt 0.80662000 0.54188800
vt 0.81677600 0.52289200
vt 0.81665500 0.53930400
vt 0.80534100 0.46763100
vt 0.80801400 0.46074400
vt 0.81603900 0.46206300
vt 0.81121400 0.46696100
vt 0.81646100 0.45200500
vt 0.82392300 0.45884100
vt 0.82077800 0.46134700
vt 0.82046600 0.44627900
vt 0.81885400 0.46366200
vt 0.80529400 0.48006900
vt 0.81248000 0.47700400
vt 0.81097500 0.48910100
vt 0.81696300 0.48842700
vt 0.81609800 0.47659900
vt 0.82060300 0.47405700
vt 0.83219600 0.45986400
vt 0.83219600 0.45986400
vt 0.83115000 0.46456600
vt 0.82548900 0.44948800
vt 0.83660700 0.47069900
vt 0.83481300 0.46392800
vt 0.82759600 0.46936300
vt 0.82046300 0.48609400
vt 0.83748100 0.47051800
vt 0.83729200 0.47754400
vt 0.84034400 0.47213500
vt 0.84154000 0.47735300
vt 0.84354900 0.47342100
vt 0.83860800 0.46482600
vt 0.82467000 0.47807800
vt 0.82322600 0.48109800
vt 0.82583100 0.47365000
vt 0.82883700 0.48363300
vt 0.83295100 0.48673200
vt 0.82717300 0.49035500
vt 0.82867400 0.48906100
vt 0.83243900 0.47869900
vt 0.82867600 0.45071600
vt 0.82867600 0.45071600
vt 0.83228200 0.44816300
vt 0.82704200 0.44193900
vt 0.83087400 0.44136300
vt 0.83511100 0.44116400
vt 0.82931100 0.44993900
vt 0.83424200 0.44787700
vt 0.83142000 0.45585200
vt 0.83499800 0.45431000
vt 0.83959800 0.45399300
vt 0.84771400 0.44648700
vt 0.84964900 0.43179800
vt 0.85278200 0.42094000
vt 0.83634800 0.45935400
vt 0.84112700 0.46241100
vt 0.85997500 0.43158800
vt 0.85639500 0.44212100
vt 0.86756300 0.44468000
vt 0.85263100 0.45621800
vt 0.84590700 0.46416100
vt 0.86054600 0.44993200
vt 0.84689600 0.47278500
vt 0.85624000 0.46521400
vt 0.86291700 0.45763100
vt 0.86309500 0.46782800
vt 0.86851800 0.43658300
vt 0.87258000 0.45711400
vt 0.87739000 0.44642100
vt 0.82108400 0.49568100
vt 0.84400400 0.48325000
vt 0.84736100 0.49224500
vt 0.84634900 0.48487300
vt 0.82604800 0.49896800
vt 0.82594100 0.50687300
vt 0.83018200 0.50576900
vt 0.83287100 0.49950300
vt 0.83387300 0.49459300
vt 0.83750600 0.49015100
vt 0.84322200 0.49007500
vt 0.84766700 0.48001900
vt 0.85002700 0.47963400
vt 0.83712500 0.50706800
vt 0.85465400 0.48858500
vt 0.85227700 0.49416500
vt 0.85388100 0.49509400
vt 0.84204000 0.49822400
vt 0.84030900 0.50219600
vt 0.83974500 0.50657600
vt 0.83364700 0.51373800
vt 0.83100600 0.52272100
vt 0.83910100 0.52887200
vt 0.83745800 0.51844300
vt 0.85742200 0.50496400
vt 0.84819900 0.49909400
vt 0.84709800 0.50553500
vt 0.85964600 0.49635700
vt 0.85951400 0.50285800
vt 0.85643600 0.50898200
vt 0.86204900 0.50439300
vt 0.84381200 0.51568800
vt 0.84739000 0.51265200
vt 0.84902900 0.51713000
vt 0.84335400 0.52609400
vt 0.85188900 0.51567300
vt 0.85533700 0.51575300
vt 0.85712900 0.47475900
vt 0.85554100 0.48222400
vt 0.86201600 0.48861100
vt 0.86619300 0.47904500
vt 0.87414900 0.47694500
vt 0.87264100 0.46664000
vt 0.88422300 0.45788600
vt 0.88310600 0.46729200
vt 0.86166200 0.49445500
vt 0.86879000 0.50703900
vt 0.87265300 0.48603500
vt 0.87122500 0.49907400
vt 0.86548300 0.49979300
vt 0.87119400 0.50534800
vt 0.87787600 0.49491300
vt 0.88356700 0.47787700
vt 0.88451700 0.48844200
vt 0.89117800 0.47253700
vt 0.89346100 0.48362400
vt 0.89734600 0.49575600
vt 0.90331900 0.48822000
vt 0.73489200 0.13132500
vt 0.74765600 0.12975100
vt 0.74656600 0.13394600
vt 0.75352100 0.23457400
vt 0.75543000 0.12103500
vt 0.75334300 0.23238500
vt 0.76152200 0.12208200
vt 0.75773400 0.23002100
vt 0.75309900 0.22659300
vt 0.75046100 0.22857700
vt 0.74858500 0.22413300
vt 0.74528200 0.23274000
vt 0.74034800 0.22629800
vt 0.75526700 0.12974900
vt 0.75210100 0.13003700
vt 0.75635300 0.12563300
vt 0.75036900 0.13393500
vt 0.75338300 0.13404400
vt 0.75572300 0.13355200
vt 0.76143200 0.12807400
vt 0.75958500 0.13095500
vt 0.75596100 0.13692800
vt 0.76124800 0.13360800
vt 0.75995300 0.12541100
vt 0.76135700 0.22885600
vt 0.76271300 0.12619100
vt 0.75530100 0.22385000
vt 0.76660100 0.12977700
vt 0.76140900 0.22417100
vt 0.75633300 0.22063700
vt 0.76498500 0.13466700
vt 0.76804400 0.13289800
vt 0.76256900 0.22074500
vt 0.75063400 0.12543000
vt 0.74170000 0.23738400
vt 0.74143600 0.11989200
vt 0.73899700 0.12555900
vt 0.76400200 0.14114100
vt 0.76868300 0.14314600
vt 0.75847800 0.21891900
vt 0.75834000 0.21560100
vt 0.77236400 0.14018400
vt 0.76401400 0.21234200
vt 0.74623100 0.13851500
vt 0.74969000 0.13783800
vt 0.74176100 0.13854600
vt 0.73292600 0.13745200
vt 0.74565800 0.14132300
vt 0.73960000 0.14240200
vt 0.74624200 0.14437600
vt 0.75043400 0.14113500
vt 0.73969300 0.14665400
vt 0.74583100 0.15075800
vt 0.74889600 0.14689400
vt 0.74492300 0.14776300
vt 0.74106600 0.15041100
vt 0.74678900 0.15114500
vt 0.74198400 0.15547900
vt 0.75880300 0.13777100
vt 0.75316700 0.14083500
vt 0.75973700 0.14331800
vt 0.75413700 0.14310900
vt 0.75724600 0.15027300
vt 0.75214400 0.15096600
vt 0.74963000 0.15215300
vt 0.74517300 0.15647700
vt 0.75034700 0.22182700
vt 0.75168800 0.21907800
vt 0.75137200 0.21660200
vt 0.74448800 0.22008200
vt 0.74779500 0.21621900
vt 0.75442500 0.21496900
vt 0.75160000 0.21237800
vt 0.75602800 0.21236900
vt 0.74828700 0.21035900
vt 0.74640900 0.21237000
vt 0.75250800 0.20981400
vt 0.74878100 0.20628700
vt 0.72815400 0.26760300
vt 0.73770800 0.24405700
vt 0.73049200 0.12614400
vt 0.72893200 0.13122000
vt 0.73534100 0.24194200
vt 0.72370000 0.12876000
vt 0.73546000 0.24745100
vt 0.73090600 0.24456700
vt 0.73267900 0.24899700
vt 0.71982000 0.13280200
vt 0.73774500 0.25010900
vt 0.72656500 0.13396200
vt 0.72469900 0.24139900
vt 0.73131400 0.23807500
vt 0.72520600 0.24724700
vt 0.72853500 0.23428600
vt 0.72259200 0.23598300
vt 0.72628800 0.23189200
vt 0.73544700 0.23549000
vt 0.73350700 0.22913200
vt 0.73037300 0.22730200
vt 0.72520900 0.22586600
vt 0.73972700 0.24044500
vt 0.73657500 0.12300700
vt 0.73909600 0.23261000
vt 0.73696000 0.22370000
vt 0.76761500 0.20398900
vt 0.77498900 0.14979700
vt 0.76874500 0.15076300
vt 0.77116000 0.16593400
vt 0.76731000 0.16302800
vt 0.77062200 0.15859500
vt 0.76917600 0.16529600
vt 0.77755600 0.19603400
vt 0.77423600 0.16704900
vt 0.77502600 0.15812600
vt 0.77280800 0.20002500
vt 0.76909400 0.19725500
vt 0.76336600 0.20247600
vt 0.76074900 0.20074100
vt 0.77579000 0.19341300
vt 0.77092100 0.19191500
vt 0.73066900 0.25761000
vt 0.72679900 0.25637700
vt 0.72847000 0.25211400
vt 0.73413900 0.26099000
vt 0.71589600 0.13777500
vt 0.74123800 0.25338700
vt 0.73754700 0.26222200
vt 0.73758500 0.26982200
vt 0.74284000 0.26129700
vt 0.70579100 0.14289200
vt 0.72075300 0.23179800
vt 0.72033000 0.22746200
vt 0.77166400 0.16875100
vt 0.77745800 0.19391200
vt 0.77409300 0.17003300
vt 0.77185200 0.17697300
vt 0.77414200 0.18886200
vt 0.77034900 0.18616700
vt 0.73314600 0.13415900
vt 0.72588800 0.13828300
vt 0.72759300 0.14310800
vt 0.72103900 0.14319800
vt 0.72491700 0.14876800
vt 0.73542200 0.15093300
vt 0.73755400 0.15516400
vt 0.71554100 0.14438300
vt 0.71596400 0.14880400
vt 0.76038700 0.16172700
vt 0.75738600 0.16382100
vt 0.75585200 0.15909100
vt 0.75353700 0.16121400
vt 0.73070600 0.15441600
vt 0.76333000 0.15143300
vt 0.76133000 0.15781600
vt 0.76657800 0.15824500
vt 0.76976900 0.18351700
vt 0.74405300 0.15919600
vt 0.74952700 0.16139000
vt 0.75629900 0.16438800
vt 0.75629900 0.16438800
vt 0.75421700 0.16548000
vt 0.74479600 0.16335500
vt 0.75208900 0.16794200
vt 0.75670200 0.17617900
vt 0.75071600 0.17074100
vt 0.75137100 0.18205200
vt 0.70817000 0.14753900
vt 0.74158500 0.27163700
vt 0.74718700 0.26574600
vt 0.70034800 0.14930200
vt 0.70546100 0.15256700
vt 0.70075100 0.15529700
vt 0.71556000 0.15348400
vt 0.72981500 0.15704100
vt 0.71829400 0.15818700
vt 0.71001400 0.15530600
vt 0.71552800 0.16121900
vt 0.71372200 0.16474100
vt 0.69378400 0.16005600
vt 0.76309400 0.18228800
vt 0.76216900 0.18292600
vt 0.71097400 0.18187400
vt 0.71828000 0.18385200
vt 0.71142400 0.18706700
vt 0.73490500 0.28515600
vt 0.73818100 0.28929600
vt 0.74256800 0.27652000
vt 0.74740400 0.27514200
vt 0.68947200 0.15317200
vt 0.67840900 0.15483600
vt 0.74542300 0.28539000
vt 0.73832900 0.29549200
vt 0.74076500 0.30516300
vt 0.74375600 0.29474900
vt 0.66867100 0.15604400
vt 0.74682900 0.29718500
vt 0.66687300 0.15963300
vt 0.74643200 0.30394800
vt 0.66039800 0.16030800
vt 0.65395300 0.16195800
vt 0.74805300 0.31085700
vt 0.65842500 0.16977700
vt 0.65073800 0.16488400
vt 0.66199900 0.16728000
vt 0.67992000 0.16070200
vt 0.67874500 0.16426800
vt 0.67081300 0.16726800
vt 0.68909400 0.20267600
vt 0.68664100 0.19704700
vt 0.69608600 0.19677400
vt 0.66889600 0.18505600
vt 0.65623600 0.17612000
vt 0.66357500 0.17669600
vt 0.67142900 0.17539800
vt 0.68822200 0.16994700
vt 0.68582500 0.18009900
vt 0.67668800 0.19629900
vt 0.68162100 0.20350800
vt 0.69352600 0.19191700
vt 0.68963700 0.18631200
vt 0.69820700 0.16620400
vt 0.70091600 0.17515100
vt 0.69008500 0.17396600
vt 0.70969200 0.17088800
vt 0.71234500 0.16729900
vt 0.70413100 0.18515600
vt 0.70606300 0.18907000
vt 0.70684800 0.17590800
vt 0.71400800 0.17412700
vt 0.71357900 0.17772300
vt 0.70409600 0.18075900
vt 0.74234600 0.15872500
vt 0.73879000 0.16023500
vt 0.73341400 0.15974700
vt 0.72520700 0.16151500
vt 0.72884100 0.16415000
vt 0.74248200 0.16369000
vt 0.74373400 0.16698200
vt 0.74215700 0.16936200
vt 0.74331500 0.17054500
vt 0.74122700 0.16261000
vt 0.73777500 0.16550200
vt 0.73418600 0.16299900
vt 0.74056400 0.16817600
vt 0.73893400 0.17516600
vt 0.74448100 0.17607900
vt 0.74265300 0.17680500
vt 0.74545800 0.18338200
vt 0.74380800 0.18354700
vt 0.74200100 0.17996400
vt 0.73402300 0.17165200
vt 0.73214300 0.16699700
vt 0.72765400 0.16761900
vt 0.72965500 0.17271100
vt 0.73588600 0.17783400
vt 0.73957800 0.18474800
vt 0.73191600 0.17865700
vt 0.72245500 0.16480500
vt 0.71964400 0.16865000
vt 0.72365000 0.17262800
vt 0.72491000 0.17665300
vt 0.72523300 0.18246000
vt 0.73334900 0.18381000
vt 0.71869500 0.17819400
vt 0.72422800 0.18534300
vt 0.73079300 0.22280200
vt 0.74315000 0.21495100
vt 0.73590500 0.21950900
vt 0.74003600 0.20938300
vt 0.73222900 0.21395100
vt 0.72925400 0.21962600
vt 0.72245900 0.21716900
vt 0.72060300 0.21319400
vt 0.72542800 0.20887800
vt 0.71960500 0.22172200
vt 0.71340000 0.21926300
vt 0.70725600 0.21798700
vt 0.76915600 0.18803800
vt 0.71024500 0.21124200
vt 0.71961400 0.20596800
vt 0.75384600 0.20301000
vt 0.75012900 0.20450200
vt 0.75785900 0.19689100
vt 0.75219300 0.19735800
vt 0.74598000 0.20717700
vt 0.74415400 0.20902500
vt 0.74190900 0.20563500
vt 0.73681800 0.20427200
vt 0.74683500 0.20041300
vt 0.74497700 0.20093000
vt 0.74884900 0.19903500
vt 0.74263400 0.20288500
vt 0.76462400 0.19439300
vt 0.76114200 0.19169300
vt 0.75573000 0.19314600
vt 0.75427300 0.19064700
vt 0.75989500 0.18895700
vt 0.73798200 0.19916200
vt 0.73031900 0.20080700
vt 0.74862100 0.19494200
vt 0.74559700 0.18937200
vt 0.74563500 0.19412200
vt 0.74374100 0.19010500
vt 0.74346900 0.19515000
vt 0.74200200 0.19834000
vt 0.75056800 0.18883000
vt 0.75687100 0.18566300
vt 0.74074100 0.19057100
vt 0.74001000 0.19543300
vt 0.73090500 0.19780100
vt 0.73477300 0.19535000
vt 0.73629600 0.19035300
vt 0.72846500 0.19131300
vt 0.76907700 0.18431800
vt 0.76458000 0.18414000
vt 0.70608800 0.20395800
vt 0.72327200 0.19699000
vt 0.70978200 0.19973700
vt 0.72840900 0.19320100
vt 0.72048100 0.19310000
vt 0.71362400 0.19357700
vt 0.71912500 0.18859300
vt 0.69701900 0.20204700
vt 0.70618100 0.19660900
vt 0.70775000 0.19296200
vt 0.73147900 0.18711000
vt 0.75611700 0.34404700
vt 0.75365800 0.33677900
vt 0.76683400 0.33382800
vt 0.60345000 0.09508000
vt 0.60719800 0.10055700
vt 0.76046800 0.32929600
vt 0.59394000 0.11060600
vt 0.58918800 0.10667400
vt 0.77645000 0.35676100
vt 0.77727400 0.34535300
vt 0.78419400 0.33392600
vt 0.58874600 0.09106000
vt 0.79476000 0.36504600
vt 0.79683000 0.35270300
vt 0.58244200 0.08000100
vt 0.79484300 0.34281800
vt 0.57646800 0.07654700
vt 0.80242700 0.34434900
vt 0.56982100 0.11784500
vt 0.56969400 0.09045300
vt 0.56063700 0.12302700
vt 0.55524000 0.12731500
vt 0.55223100 0.11677300
vt 0.56363000 0.09502400
vt 0.56883300 0.07998000
vt 0.56127000 0.09012600
vt 0.55546100 0.09776100
vt 0.55642000 0.10444400
vt 0.54788100 0.10533000
vt 0.55756500 0.08485200
vt 0.54926600 0.10809800
vt 0.54602500 0.09794900
vt 0.55034500 0.09242600
vt 0.53796900 0.10680900
vt 0.80293400 0.35821300
vt 0.80187900 0.36674900
vt 0.79947000 0.37409000
vt 0.80866000 0.37027500
vt 0.81034800 0.36273000
vt 0.80733500 0.37888300
vt 0.80651600 0.34856400
vt 0.57453200 0.07144400
vt 0.57134600 0.06604400
vt 0.81246900 0.35277300
vt 0.56550600 0.07357200
vt 0.56625900 0.06769300
vt 0.81732900 0.34985800
vt 0.81184900 0.36825700
vt 0.55820100 0.08202100
vt 0.54838800 0.09039700
vt 0.81940300 0.35598400
vt 0.56561900 0.06143700
vt 0.82286900 0.37296000
vt 0.82103300 0.37942800
vt 0.82276000 0.36998300
vt 0.82276000 0.36998300
vt 0.82427000 0.36283800
vt 0.82427000 0.36283800
vt 0.56353500 0.05458200
vt 0.56353500 0.05458200
vt 0.82433500 0.36529000
vt 0.55831700 0.06539900
vt 0.82723100 0.35770500
vt 0.56062200 0.05958200
vt 0.55802100 0.05643800
vt 0.83115300 0.36036200
vt 0.82760700 0.36926400
vt 0.55152600 0.06380900
vt 0.55218300 0.05693500
vt 0.83776400 0.35902500
vt 0.82623400 0.37784200
vt 0.82272100 0.38366200
vt 0.82097500 0.38429000
vt 0.82562100 0.38770200
vt 0.82958800 0.38167200
vt 0.83043900 0.39135800
vt 0.83823100 0.39344600
vt 0.84288300 0.38677600
vt 0.83159400 0.36929200
vt 0.84423000 0.36945400
vt 0.83770800 0.37741900
vt 0.84914800 0.37832100
vt 0.85185800 0.36396700
vt 0.53968800 0.05066500
vt 0.85694600 0.37553100
vt 0.54978400 0.07814100
vt 0.55318200 0.08146000
vt 0.55138700 0.07475500
vt 0.54429500 0.08404600
vt 0.54621000 0.07396800
vt 0.55624300 0.06759800
vt 0.55624300 0.06759800
vt 0.55194300 0.06887700
vt 0.54531600 0.06782300
vt 0.53658500 0.07492000
vt 0.53823800 0.09134900
vt 0.53823800 0.09134900
vt 0.53823800 0.09134900
vt 0.54211800 0.08032200
vt 0.53537800 0.08643500
vt 0.53895400 0.10254300
vt 0.53267100 0.10172100
vt 0.53530500 0.10282900
vt 0.53312600 0.09482400
vt 0.53312600 0.09482400
vt 0.53154700 0.09196000
vt 0.52796000 0.09070800
vt 0.52853500 0.08099500
vt 0.53933500 0.07865800
vt 0.53706600 0.06214200
vt 0.52872600 0.06079100
vt 0.86059700 0.36550000
vt 0.53110900 0.04877100
vt 0.52149300 0.05019100
vt 0.52480600 0.07169600
vt 0.51558900 0.07965400
vt 0.86392300 0.37174100
vt 0.52770600 0.04261400
vt 0.51804900 0.06214700
vt 0.51296200 0.06957900
vt 0.50938000 0.05817900
vt 0.50565000 0.06986300
vt 0.49544500 0.06556900
vt 0.53907500 0.12271900
vt 0.51966200 0.13457300
vt 0.52989500 0.12978000
vt 0.51066600 0.13856700
vt 0.51133300 0.13148100
vt 0.54363700 0.11387500
vt 0.53978600 0.11372100
vt 0.53414100 0.11971500
vt 0.53092400 0.11827100
vt 0.53027500 0.11263100
vt 0.52996800 0.11032600
vt 0.52659300 0.10948200
vt 0.52643500 0.10045400
vt 0.52643500 0.10045400
vt 0.52259800 0.10327600
vt 0.51796400 0.10702900
vt 0.51590000 0.11350700
vt 0.52501000 0.12429700
vt 0.52106700 0.12853200
vt 0.51891600 0.12605300
vt 0.52186500 0.11842300
vt 0.52096500 0.11635700
vt 0.51348800 0.11826200
vt 0.51805800 0.10609800
vt 0.51770700 0.10126200
vt 0.51337600 0.10917800
vt 0.51247800 0.12298900
vt 0.50990200 0.10683700
vt 0.50465600 0.11442300
vt 0.49921000 0.11615600
vt 0.49921000 0.11615600
vt 0.50974400 0.12184000
vt 0.50345400 0.12682800
vt 0.49144500 0.12410200
vt 0.49921400 0.12479800
vt 0.50013200 0.11185900
vt 0.49067200 0.11989700
vt 0.49149200 0.11528100
vt 0.50150800 0.14572100
vt 0.50205600 0.13695200
vt 0.49666100 0.14103600
vt 0.50278200 0.13311300
vt 0.50627200 0.13103400
vt 0.49416700 0.13671100
vt 0.49561600 0.13083800
vt 0.49201500 0.12880700
vt 0.52402700 0.09731600
vt 0.51669500 0.09699600
vt 0.51852700 0.08546700
vt 0.50494400 0.10496200
vt 0.50867800 0.08839600
vt 0.50469300 0.09669200
vt 0.49268100 0.11142300
vt 0.49305700 0.10143400
vt 0.49714100 0.09183600
vt 0.48714900 0.09715300
vt 0.50715100 0.07909000
vt 0.49959300 0.08489400
vt 0.49837400 0.07588500
vt 0.48760300 0.08031600
vt 0.48598900 0.07311200
vt 0.48833600 0.14467400
vt 0.47446300 0.14706500
vt 0.49074200 0.13970700
vt 0.47750900 0.14314500
vt 0.45735600 0.14875000
vt 0.45713900 0.16169500
vt 0.45055400 0.15100800
vt 0.48025100 0.13906800
vt 0.48541200 0.13267200
vt 0.47046200 0.14092900
vt 0.47439900 0.13512300
vt 0.48475800 0.12811500
vt 0.47569400 0.12384400
vt 0.48488600 0.12103600
vt 0.48488600 0.12103600
vt 0.48116800 0.11776600
vt 0.47607500 0.13281800
vt 0.47351300 0.12013600
vt 0.47119200 0.12394000
vt 0.47265900 0.13099300
vt 0.46528700 0.12978200
vt 0.46598500 0.12012100
vt 0.45998400 0.12560100
vt 0.45998400 0.12560100
vt 0.45827700 0.12531300
vt 0.46091100 0.12169200
vt 0.46278200 0.14307200
vt 0.45947900 0.13745400
vt 0.45229700 0.14512900
vt 0.45384200 0.14238300
vt 0.45709100 0.13524900
vt 0.45175400 0.13348100
vt 0.44346500 0.13063400
vt 0.43416200 0.15065100
vt 0.41644600 0.15123700
vt 0.44494200 0.14448000
vt 0.44753800 0.13832300
vt 0.43427500 0.14569400
vt 0.43771600 0.13872800
vt 0.43502300 0.14285000
vt 0.44631000 0.12665000
vt 0.44684100 0.12605600
vt 0.45114900 0.12311000
vt 0.42736800 0.13272900
vt 0.44005000 0.13649700
vt 0.43802000 0.12625300
vt 0.43423100 0.12671300
vt 0.43050400 0.13498500
vt 0.42899700 0.13778300
vt 0.42216000 0.14617200
vt 0.41997600 0.14271000
vt 0.40844300 0.14452900
vt 0.42031900 0.13728100
vt 0.41941000 0.13433600
vt 0.40995400 0.13605300
vt 0.48339800 0.11075800
vt 0.48208400 0.10150200
vt 0.48743500 0.08840700
vt 0.48724800 0.06187100
vt 0.47430100 0.07253800
vt 0.47487700 0.08402700
vt 0.47705600 0.09532700
vt 0.46719600 0.09675200
vt 0.46521700 0.08634400
vt 0.45995900 0.07574000
vt 0.45603700 0.08892100
vt 0.44831100 0.08224400
vt 0.47578200 0.11531100
vt 0.46970500 0.10494200
vt 0.46720000 0.11665100
vt 0.45805900 0.11853300
vt 0.45949000 0.11044800
vt 0.44929500 0.11522100
vt 0.45924900 0.10252100
vt 0.44690400 0.10724000
vt 0.45093700 0.11987900
vt 0.45788700 0.09524600
vt 0.44342400 0.09963800
vt 0.44336600 0.09271400
vt 0.43961300 0.11417100
vt 0.43051200 0.11088300
vt 0.43750600 0.10531600
vt 0.44116800 0.12287100
vt 0.44235500 0.12066900
vt 0.43320900 0.12207100
vt 0.42915200 0.12566900
vt 0.42915200 0.12566900
vt 0.42970800 0.11851900
vt 0.42149300 0.12979100
vt 0.41656300 0.12493400
vt 0.42091000 0.12229600
vt 0.41543600 0.12400600
vt 0.41543600 0.12400600
vt 0.42455100 0.12051300
vt 0.40366200 0.12690500
vt 0.40598700 0.11990900
vt 0.40862700 0.13051800
vt 0.40054000 0.13153100
vt 0.42143800 0.11567100
vt 0.41972000 0.10582000
vt 0.41423300 0.11874900
vt 0.40722600 0.11496900
vt 0.40989300 0.10960700
vt 0.42739800 0.10227900
vt 0.43017600 0.09545500
vt 0.43487500 0.08798000
vt 0.43873700 0.07820400
vt 0.42120800 0.08915900
vt 0.42466600 0.08136900
vt 0.41525500 0.09616700
vt 0.40986500 0.10151900
vt 0.40265700 0.08993300
vt 0.84446700 0.40339200
vt 0.84644300 0.39463600
vt 0.85237200 0.40062200
vt 0.84997900 0.41289300
vt 0.85885500 0.41027000
vt 0.85875700 0.39537300
vt 0.85292100 0.38722400
vt 0.86313300 0.38236700
vt 0.86790200 0.40046300
vt 0.87262800 0.38907600
vt 0.87730100 0.39812200
vt 0.87632200 0.37776200
vt 0.51552600 0.03844900
vt 0.50853400 0.04661600
vt 0.50325300 0.03532100
vt 0.88767300 0.38365400
vt 0.49783400 0.05733100
vt 0.87329100 0.41007100
vt 0.86562100 0.42501800
vt 0.87267200 0.42145900
vt 0.87832500 0.43248300
vt 0.88754300 0.42349800
vt 0.88782200 0.40861600
vt 0.89076100 0.39978600
vt 0.88813700 0.44367400
vt 0.89881100 0.42049600
vt 0.89806600 0.43252000
vt 0.90369000 0.45070900
vt 0.89798900 0.38659400
vt 0.49175600 0.03518700
vt 0.90036400 0.40524200
vt 0.47961300 0.03655900
vt 0.90818100 0.38744300
vt 0.48819900 0.04722200
vt 0.47575400 0.05345400
vt 0.46643000 0.05017600
vt 0.46458800 0.03661900
vt 0.91058900 0.40606400
vt 0.47082800 0.02980600
vt 0.91369800 0.39613000
vt 0.90896900 0.41459200
vt 0.91264600 0.40578700
vt 0.91314700 0.41209400
vt 0.91124800 0.41597900
vt 0.91493000 0.41079600
vt 0.91438100 0.40612500
vt 0.91454300 0.40106200
vt 0.91652800 0.40429000
vt 0.92459700 0.40520200
vt 0.92311500 0.40883800
vt 0.91804400 0.40546500
vt 0.92993400 0.40505400
vt 0.92824800 0.40143500
vt 0.92730700 0.40865900
vt 0.91198500 0.42638800
vt 0.91344000 0.42028200
vt 0.91511100 0.41865100
vt 0.91510800 0.42384800
vt 0.91644900 0.42189100
vt 0.91694800 0.41576800
vt 0.91777200 0.41126900
vt 0.92085400 0.41367700
vt 0.92252500 0.41833800
vt 0.46701300 0.03057700
vt 0.91612500 0.39449300
vt 0.91672500 0.39858900
vt 0.91941100 0.39884800
vt 0.46462500 0.03044900
vt 0.91781700 0.39320800
vt 0.91981700 0.39285300
vt 0.46337200 0.02875400
vt 0.46469300 0.02228300
vt 0.92538300 0.39512700
vt 0.46282300 0.03457900
vt 0.46149700 0.03368500
vt 0.45785200 0.03347500
vt 0.45702000 0.03876300
vt 0.45526700 0.04138500
vt 0.45521100 0.03706200
vt 0.46011000 0.02491000
vt 0.45235300 0.02902100
vt 0.97845500 0.40156000
vt 0.45333400 0.02535400
vt 0.97421600 0.39856000
vt 0.92666700 0.39854300
vt 0.46207000 0.01779000
vt 0.93199000 0.39415500
vt 0.93751000 0.39960300
vt 0.93221400 0.39912000
vt 0.45941000 0.01517000
vt 0.93672200 0.39386500
vt 0.45768900 0.02069500
vt 0.93850900 0.39459600
vt 0.45878000 0.01381800
vt 0.45718400 0.01842200
vt 0.45251400 0.01876700
vt 0.96549000 0.39736300
vt 0.45354400 0.02176200
vt 0.96966200 0.39697200
vt 0.90913600 0.44208600
vt 0.92060500 0.44657900
vt 0.91592100 0.43742400
vt 0.92493500 0.46048600
vt 0.91569800 0.42855500
vt 0.91678900 0.43350400
vt 0.91788800 0.43124500
vt 0.91901100 0.42696900
vt 0.92211600 0.44020200
vt 0.92170700 0.43370300
vt 0.92413300 0.43920500
vt 0.92092100 0.44194000
vt 0.92884600 0.45083300
vt 0.92719300 0.44605800
vt 0.92839400 0.44463600
vt 0.45219000 0.03910800
vt 0.45140000 0.03707500
vt 0.45064300 0.03539600
vt 0.93229700 0.44964100
vt 0.93663000 0.45277300
vt 0.94071600 0.45765600
vt 0.93932700 0.45194700
vt 0.94200200 0.45480200
vt 0.94425300 0.45328200
vt 0.94627500 0.45629400
vt 0.95062200 0.45446000
vt 0.95417300 0.45875800
vt 0.95300600 0.45626500
vt 0.96208200 0.46850300
vt 0.97703000 0.44407800
vt 0.97016700 0.44805700
vt 0.97620800 0.44272500
vt 0.97764700 0.44558600
vt 0.42400100 0.03709500
vt 0.98060700 0.44551100
vt 0.97139300 0.44983000
vt 0.97279600 0.44405900
vt 0.97479300 0.44029200
vt 0.96828900 0.44673900
vt 0.96515700 0.45154800
vt 0.96630800 0.45322400
vt 0.95752400 0.45455300
vt 0.96684300 0.45515300
vt 0.95708500 0.45295500
vt 0.95767900 0.45107700
vt 0.96225200 0.45074000
vt 0.97297500 0.45228300
vt 0.96541700 0.44429500
vt 0.96911100 0.44193000
vt 0.92758400 0.41474200
vt 0.93064500 0.40892500
vt 0.93105900 0.41348100
vt 0.93281500 0.40943800
vt 0.93563500 0.40521000
vt 0.93519200 0.41068700
vt 0.92486300 0.41865200
vt 0.92407400 0.41349500
vt 0.92379200 0.42395900
vt 0.92769900 0.42047800
vt 0.92947100 0.41621100
vt 0.93016600 0.41940700
vt 0.92750800 0.42563900
vt 0.93013400 0.42437500
vt 0.93226800 0.42195100
vt 0.93286500 0.41607000
vt 0.93748100 0.41612100
vt 0.93495900 0.41970900
vt 0.93832800 0.42247300
vt 0.93373000 0.40230300
vt 0.93956800 0.40707000
vt 0.94426100 0.39914200
vt 0.45786000 0.00902000
vt 0.94772000 0.40475800
vt 0.45201500 0.01477400
vt 0.95917500 0.39847800
vt 0.95548000 0.40137100
vt 0.95884200 0.40783600
vt 0.96086200 0.40401100
vt 0.95170100 0.41001400
vt 0.94302800 0.41213800
vt 0.94756200 0.41675000
vt 0.89664700 0.46009700
vt 0.89976500 0.47034100
vt 0.91480700 0.46839200
vt 0.90830400 0.47113400
vt 0.90511000 0.47282100
vt 0.90520000 0.47670100
vt 0.90660700 0.48103900
vt 0.90737500 0.47406900
vt 0.90937700 0.47483400
vt 0.91128300 0.47293700
vt 0.90822200 0.47572000
vt 0.90893600 0.47807300
vt 0.91171000 0.47635100
vt 0.91476300 0.48358100
vt 0.92862100 0.47191600
vt 0.92308300 0.42714900
vt 0.92494100 0.43148700
vt 0.92748400 0.42921100
vt 0.92755800 0.44241500
vt 0.93238300 0.44068100
vt 0.92933300 0.43570200
vt 0.93255000 0.43445300
vt 0.93415100 0.44634000
vt 0.93323700 0.43742700
vt 0.93010900 0.42834000
vt 0.93323500 0.42800700
vt 0.93278100 0.43095100
vt 0.93558600 0.42446600
vt 0.93599500 0.42936600
vt 0.94223900 0.42078800
vt 0.93928200 0.42937200
vt 0.93586700 0.43333900
vt 0.93773700 0.44046900
vt 0.93618900 0.43697800
vt 0.93902500 0.43357100
vt 0.93878300 0.43669100
vt 0.94279400 0.42770800
vt 0.94160800 0.43143700
vt 0.94737100 0.43028100
vt 0.94308000 0.43481600
vt 0.94604800 0.43352300
vt 0.94748000 0.42566200
vt 0.95651200 0.41875300
vt 0.95939200 0.41527400
vt 0.95350000 0.42663100
vt 0.96019800 0.42688200
vt 0.95739900 0.43080200
vt 0.93442600 0.44819700
vt 0.93714700 0.44461500
vt 0.94031700 0.45025900
vt 0.94397500 0.45161500
vt 0.94500000 0.44621000
vt 0.93940500 0.44284000
vt 0.93634800 0.46510100
vt 0.95058900 0.45166000
vt 0.94883000 0.44871300
vt 0.94268700 0.44027700
vt 0.94352600 0.44313900
vt 0.94748500 0.44246600
vt 0.94298700 0.43742300
vt 0.94764300 0.43675800
vt 0.94695500 0.43959100
vt 0.94953900 0.44397900
vt 0.95383500 0.44750200
vt 0.96086800 0.44529600
vt 0.95772700 0.44291100
vt 0.95471600 0.44262300
vt 0.96620800 0.43997000
vt 0.96226800 0.44126000
vt 0.96351700 0.43670000
vt 0.95931400 0.43959500
vt 0.95076700 0.43316500
vt 0.95138300 0.44016800
vt 0.95133800 0.43670500
vt 0.95643000 0.43440700
vt 0.95513500 0.43884400
vt 0.95976200 0.43558400
vt 0.46954700 0.06360600
vt 0.45257900 0.06139500
vt 0.45062800 0.05107900
vt 0.43909400 0.06904400
vt 0.98146400 0.40754100
vt 0.44889600 0.03173700
vt 0.97562900 0.40680300
vt 0.97068900 0.40141400
vt 0.97098600 0.40637500
vt 0.96569900 0.40107300
vt 0.96618400 0.40477100
vt 0.97694500 0.41035700
vt 0.97413400 0.41231600
vt 0.96949200 0.41163200
vt 0.97156300 0.41235900
vt 0.44485200 0.04355800
vt 0.43287500 0.05762600
vt 0.42254400 0.04947300
vt 0.42178400 0.07356000
vt 0.40919200 0.08151300
vt 0.40756400 0.07589400
vt 0.41992700 0.06036600
vt 0.40462100 0.05105800
vt 0.40330100 0.06852500
vt 0.44562200 0.04061300
vt 0.44482000 0.03896900
vt 0.43990500 0.03988100
vt 0.98650700 0.41853000
vt 0.44451300 0.03713500
vt 0.97989800 0.41402000
vt 0.97992100 0.42131400
vt 0.43513100 0.04213000
vt 0.43402100 0.03916200
vt 0.44005200 0.03788800
vt 0.98670300 0.42472700
vt 0.43437200 0.03719300
vt 0.98489700 0.43227200
vt 0.98253000 0.43166300
vt 0.98459300 0.42338500
vt 0.98245100 0.43939800
vt 0.42939000 0.03661400
vt 0.98033800 0.43796300
vt 0.97708300 0.41722400
vt 0.97225500 0.41876700
vt 0.97531800 0.42008800
vt 0.97885700 0.42629700
vt 0.97881000 0.43126000
vt 0.97478500 0.42878200
vt 0.97204000 0.42479100
vt 0.97171600 0.42971500
vt 0.40876900 0.03852700
vt 0.98075100 0.45788500
vt 0.97493200 0.43483100
vt 0.97248700 0.43244400
vt 0.97109200 0.43651300
vt 0.96539800 0.40928900
vt 0.96373800 0.41268500
vt 0.96683900 0.41386700
vt 0.96813800 0.42002400
vt 0.96334000 0.41904200
vt 0.96492500 0.42488400
vt 0.96876900 0.42466900
vt 0.96947300 0.42896100
vt 0.96694000 0.42854800
vt 0.96326300 0.43013200
vt 0.96821300 0.43259500
vt 0.96739200 0.43602600
vt 0.96434600 0.43337200
vt 0.40807800 0.16191800
vt 0.72387300 0.58838000
vt 0.73647200 0.60987800
vt 0.73384700 0.61999200
vt 0.72304400 0.57687600
vt 0.73376500 0.58313200
vt 0.73371900 0.59255900
vt 0.73493600 0.60207300
vt 0.74485000 0.57541900
vt 0.74994800 0.58658600
vt 0.74518800 0.59516900
vt 0.75733700 0.57713700
vt 0.75905500 0.59702600
vt 0.74476300 0.62235200
vt 0.75109600 0.64102800
vt 0.75494300 0.62861300
vt 0.76209200 0.64094900
vt 0.76932200 0.63476800
vt 0.75209500 0.60413400
vt 0.75563800 0.61496000
vt 0.76688300 0.60693300
vt 0.76583400 0.62308500
vt 0.77360200 0.61646000
vt 0.77916400 0.62519100
vt 0.76410600 0.56430200
vt 0.77671300 0.55683300
vt 0.77256700 0.57302800
vt 0.76638000 0.58565300
vt 0.77876000 0.58000800
vt 0.77681700 0.58976800
vt 0.78713400 0.56631400
vt 0.79470700 0.58309900
vt 0.78852400 0.58610000
vt 0.79947000 0.55861900
vt 0.80326300 0.56912200
vt 0.80763000 0.58072200
vt 0.77779600 0.60251200
vt 0.78941000 0.59780900
vt 0.78839800 0.61278200
vt 0.78861000 0.62011000
vt 0.80223400 0.60628200
vt 0.80407000 0.61689500
vt 0.80425500 0.59417600
vt 0.81195700 0.61114900
vt 0.81764400 0.60118100
vt 0.81829300 0.59030500
vt 0.82612700 0.61057000
vt 0.76916500 0.66021000
vt 0.76940000 0.64960700
vt 0.77850600 0.65219100
vt 0.79040500 0.66085700
vt 0.78636200 0.63725400
vt 0.79275000 0.64711200
vt 0.80762800 0.65955600
vt 0.80885100 0.64783400
vt 0.82497900 0.65291000
vt 0.79051900 0.67806500
vt 0.80059000 0.67169000
vt 0.80961300 0.69215600
vt 0.80332800 0.68306200
vt 0.82089900 0.68288700
vt 0.82389100 0.69642800
vt 0.83684500 0.70628400
vt 0.84058600 0.69509100
vt 0.81673900 0.67243200
vt 0.82410200 0.66439200
vt 0.83436600 0.67342200
vt 0.83660300 0.66407200
vt 0.83682200 0.68270800
vt 0.84606300 0.67188400
vt 0.79829900 0.62687400
vt 0.80180700 0.63610100
vt 0.81067700 0.62654200
vt 0.81775500 0.63649700
vt 0.82209200 0.62977300
vt 0.83194100 0.63833000
vt 0.84002900 0.64905300
vt 0.81914000 0.61830800
vt 0.83130300 0.62496000
vt 0.84004700 0.61045700
vt 0.84363800 0.62899600
vt 0.85017600 0.61528700
vt 0.85090700 0.65724500
vt 0.86010200 0.69269800
vt 0.85309700 0.68010300
vt 0.86795300 0.68275100
vt 0.85446600 0.64153700
vt 0.85974000 0.63312600
vt 0.85974800 0.62220400
vt 0.85545000 0.66806700
vt 0.86816000 0.67150900
vt 0.86477600 0.66048400
vt 0.88162100 0.67440100
vt 0.89089900 0.67229300
vt 0.88748900 0.68607900
vt 0.87892800 0.66289100
vt 0.88865400 0.65870500
vt 0.86657900 0.65108700
vt 0.87842000 0.65221800
vt 0.87401600 0.64271300
vt 0.87356800 0.62455700
vt 0.88382800 0.63204300
vt 0.89214900 0.62926600
vt 0.88649900 0.64645600
vt 0.89765400 0.67068800
vt 0.90411600 0.66054700
vt 0.91221900 0.68055300
vt 0.92208000 0.68048400
vt 0.18329600 0.09702200
vt 0.91682400 0.66337400
vt 0.92797400 0.66463800
vt 0.19488600 0.08652000
vt 0.89668300 0.64691200
vt 0.90491200 0.63589700
vt 0.90500900 0.64890600
vt 0.91543800 0.64190300
vt 0.92510700 0.63562000
vt 0.92065200 0.65375000
vt 0.82611400 0.53643800
vt 0.81485700 0.55403900
vt 0.83048000 0.54504700
vt 0.81768100 0.56706500
vt 0.83202900 0.55585700
vt 0.82242800 0.57993600
vt 0.82808000 0.58653300
vt 0.83095900 0.57255900
vt 0.83833900 0.57974300
vt 0.83072400 0.59435200
vt 0.83824700 0.59991000
vt 0.84484900 0.58938200
vt 0.84968200 0.54164500
vt 0.87506700 0.52233600
vt 0.86722900 0.51687100
vt 0.85108700 0.52336200
vt 0.86497200 0.51913800
vt 0.86548600 0.52641400
vt 0.86217300 0.52618900
vt 0.86868400 0.53571900
vt 0.85166700 0.53722200
vt 0.85396700 0.53542900
vt 0.85783400 0.53216000
vt 0.87415500 0.52691600
vt 0.84435900 0.56382200
vt 0.86142000 0.55178700
vt 0.85361900 0.56607100
vt 0.86054900 0.54460600
vt 0.86757900 0.54018500
vt 0.86852300 0.55130400
vt 0.86579000 0.54669700
vt 0.86775700 0.51133000
vt 0.86886800 0.51141900
vt 0.87303100 0.51551400
vt 0.88081400 0.52448900
vt 0.88009900 0.51134300
vt 0.87874900 0.51534100
vt 0.87894600 0.52075800
vt 0.87894600 0.52075800
vt 0.88596300 0.52222700
vt 0.88913900 0.50571700
vt 0.88403000 0.51670800
vt 0.88779300 0.51537600
vt 0.88011200 0.53742500
vt 0.88707600 0.52706000
vt 0.88707600 0.52706000
vt 0.88808500 0.52044100
vt 0.89455000 0.52197700
vt 0.88769400 0.53299700
vt 0.88360500 0.53481900
vt 0.89370100 0.52631500
vt 0.89611900 0.53269300
vt 0.89611900 0.53269300
vt 0.90169600 0.53102700
vt 0.90496300 0.52784400
vt 0.89829100 0.51550500
vt 0.84994700 0.57699800
vt 0.85861900 0.58380600
vt 0.85552000 0.59987200
vt 0.86833400 0.59661800
vt 0.86852900 0.55934100
vt 0.86826500 0.57700600
vt 0.87950700 0.56053200
vt 0.87604700 0.55416200
vt 0.88168900 0.56921700
vt 0.87897900 0.58678900
vt 0.89872300 0.53748200
vt 0.89753500 0.54049200
vt 0.89306000 0.54037100
vt 0.89294000 0.54614200
vt 0.88506500 0.56024500
vt 0.90341500 0.53659000
vt 0.90341500 0.53659000
vt 0.90621100 0.53323100
vt 0.90984300 0.53973000
vt 0.91616600 0.53570500
vt 0.91394800 0.53042900
vt 0.91561500 0.54744900
vt 0.90432900 0.54708500
vt 0.91461800 0.53778400
vt 0.91802300 0.54271400
vt 0.91781700 0.54331200
vt 0.92455500 0.54083800
vt 0.89570400 0.57461100
vt 0.89224400 0.56815000
vt 0.89859500 0.56617400
vt 0.90030200 0.57122700
vt 0.91954100 0.55298000
vt 0.91602200 0.55751300
vt 0.90290900 0.55152200
vt 0.90817400 0.57578100
vt 0.90264100 0.58031700
vt 0.90612300 0.57057100
vt 0.91355700 0.57347500
vt 0.92137400 0.56961600
vt 0.92495100 0.57726600
vt 0.86108300 0.53175400
vt 0.87443700 0.54231800
vt 0.87443400 0.54616500
vt 0.89437300 0.50678800
vt 0.90165400 0.50145500
vt 0.90702100 0.49824100
vt 0.90291100 0.50883000
vt 0.87788300 0.53935900
vt 0.90962200 0.50711500
vt 0.90837000 0.51844300
vt 0.91622100 0.51701500
vt 0.88586000 0.54870800
vt 0.88198200 0.55028900
vt 0.89250900 0.54859100
vt 0.89016100 0.55343400
vt 0.88790900 0.55515700
vt 0.89504100 0.55831900
vt 0.90576400 0.55596400
vt 0.89988700 0.55905200
vt 0.90042000 0.55662900
vt 0.90057100 0.56194600
vt 0.90803300 0.56392100
vt 0.90925900 0.56117100
vt 0.92112000 0.56176500
vt 0.91183400 0.56679600
vt 0.91734500 0.56531300
vt 0.92101200 0.56439300
vt 0.86180200 0.61264000
vt 0.87431900 0.60899900
vt 0.88061600 0.59734300
vt 0.88470700 0.61426500
vt 0.89049100 0.59356000
vt 0.89352500 0.60945700
vt 0.90206500 0.59644700
vt 0.90381500 0.61205900
vt 0.90377100 0.62435300
vt 0.91754700 0.61336500
vt 0.91339900 0.59931600
vt 0.92721000 0.61993200
vt 0.92476100 0.60239400
vt 0.91356100 0.58224900
vt 0.92343100 0.58573600
vt 0.91698900 0.57850600
vt 0.91487600 0.63003200
vt 0.85227700 0.70266400
vt 0.86069600 0.70892200
vt 0.87575900 0.71492100
vt 0.87336500 0.69599300
vt 0.88256100 0.70188900
vt 0.88900600 0.71192500
vt 0.89865000 0.73117000
vt 0.31105800 0.59958600
vt 0.90068600 0.72984300
vt 0.90167100 0.72751900
vt 0.31058000 0.59799900
vt 0.26803900 0.52155400
vt 0.89800100 0.73294500
vt 0.89606100 0.71769900
vt 0.30906300 0.59566800
vt 0.26592000 0.52489900
vt 0.30849600 0.60049600
vt 0.90123900 0.73365400
vt 0.26778200 0.52497600
vt 0.30248300 0.59697100
vt 0.29840600 0.59313900
vt 0.30054000 0.60214400
vt 0.29772700 0.59976600
vt 0.29786200 0.59664800
vt 0.29269400 0.59994400
vt 0.90243700 0.73166700
vt 0.90646800 0.73171900
vt 0.90517500 0.73354300
vt 0.26961300 0.52886700
vt 0.15626700 0.13997000
vt 0.91296700 0.73091000
vt 0.15364600 0.14270300
vt 0.91179800 0.73444100
vt 0.91313700 0.72381800
vt 0.15901200 0.13329600
vt 0.26725500 0.53095400
vt 0.27217900 0.53390200
vt 0.91032400 0.73597500
vt 0.30096900 0.60699600
vt 0.30468200 0.61015300
vt 0.26296000 0.53548600
vt 0.27103600 0.53544700
vt 0.26319600 0.54318000
vt 0.16509200 0.11764900
vt 0.91328900 0.70715600
vt 0.29278400 0.60324500
vt 0.28888900 0.61055700
vt 0.25357000 0.54128700
vt 0.29451500 0.61451400
vt 0.89850700 0.69861800
vt 0.90764400 0.69284200
vt 0.92063900 0.69446000
vt 0.17646400 0.10878500
vt 0.29377800 0.58451700
vt 0.29327700 0.59265100
vt 0.28801400 0.59090000
vt 0.28543000 0.58377900
vt 0.28326600 0.60105700
vt 0.28326600 0.59735500
vt 0.28246100 0.58865500
vt 0.28698900 0.57651000
vt 0.27719600 0.57223600
vt 0.27837600 0.58099600
vt 0.27557900 0.56463100
vt 0.26928400 0.57104300
vt 0.27556000 0.59002400
vt 0.27252700 0.57711300
vt 0.26675400 0.58968300
vt 0.24549700 0.58681100
vt 0.27549700 0.60800300
vt 0.27527800 0.59916600
vt 0.27493400 0.59455200
vt 0.26822900 0.60551000
vt 0.26880000 0.60151700
vt 0.26937900 0.60729900
vt 0.26638100 0.61140500
vt 0.28103900 0.60989100
vt 0.26801400 0.62593400
vt 0.22944900 0.55593900
vt 0.24316300 0.55608900
vt 0.27162400 0.61885800
vt 0.26204900 0.61752400
vt 0.25560600 0.60287400
vt 0.25425900 0.60833700
vt 0.25521500 0.59090300
vt 0.25249300 0.59940700
vt 0.24368400 0.60010900
vt 0.24368600 0.59261100
vt 0.90115900 0.68387200
vt 0.26298700 0.62156400
vt 0.23106000 0.56164500
vt 0.25501000 0.61410700
vt 0.24959200 0.61400700
vt 0.25716400 0.61688500
vt 0.24199700 0.61102800
vt 0.24313900 0.60780200
vt 0.25356400 0.62625600
vt 0.24783000 0.62353700
vt 0.22042800 0.56250700
vt 0.25862400 0.63250600
vt 0.24632700 0.61971800
vt 0.23723600 0.61754800
vt 0.24674000 0.63040700
vt 0.20761700 0.56585900
vt 0.24594000 0.63602100
vt 0.23712600 0.62319100
vt 0.23854100 0.62723500
vt 0.23873300 0.62059200
vt 0.23968600 0.63347300
vt 0.22825800 0.63196300
vt 0.23106100 0.63495200
vt 0.22356000 0.63079400
vt 0.19729300 0.56775400
vt 0.23489100 0.63862000
vt 0.22677200 0.64144400
vt 0.19048100 0.56988600
vt 0.23141600 0.59484700
vt 0.23675400 0.60577200
vt 0.23517200 0.61179300
vt 0.23120700 0.60132400
vt 0.22685600 0.60893300
vt 0.23351800 0.61668400
vt 0.22656200 0.61585900
vt 0.22603400 0.62086700
vt 0.22154300 0.62815900
vt 0.22322700 0.62527300
vt 0.21999500 0.62186500
vt 0.21745400 0.60953500
vt 0.22031600 0.61318300
vt 0.21700700 0.61787500
vt 0.19311800 0.57736300
vt 0.21802700 0.63904700
vt 0.22462500 0.63970300
vt 0.21718800 0.63626000
vt 0.21474800 0.64473300
vt 0.21920300 0.64548400
vt 0.21067600 0.64390400
vt 0.21002600 0.63904900
vt 0.20407500 0.65081700
vt 0.20170400 0.64692400
vt 0.20312500 0.64094100
vt 0.19453400 0.64485000
vt 0.18564200 0.64591400
vt 0.19965400 0.63869000
vt 0.18235100 0.65014200
vt 0.21583000 0.62767900
vt 0.21251400 0.61413900
vt 0.21148300 0.62341200
vt 0.21106500 0.62625800
vt 0.20965200 0.62072900
vt 0.20152400 0.61776600
vt 0.21282400 0.63444200
vt 0.20824400 0.63160600
vt 0.20456900 0.63026100
vt 0.20353500 0.62651300
vt 0.20106500 0.63625500
vt 0.19602100 0.63659400
vt 0.19655300 0.63032800
vt 0.18649700 0.64204600
vt 0.39962000 0.14773100
vt 0.39293100 0.15977700
vt 0.40482700 0.14040000
vt 0.39849700 0.14258000
vt 0.39480600 0.13864700
vt 0.37814700 0.16186900
vt 0.37371200 0.14042800
vt 0.37111600 0.16107500
vt 0.38711900 0.14424300
vt 0.38602300 0.13830000
vt 0.37798200 0.13714200
vt 0.36094400 0.16190000
vt 0.35215600 0.16676500
vt 0.34173700 0.16915400
vt 0.36003200 0.15111200
vt 0.34528800 0.15070700
vt 0.33653900 0.16063800
vt 0.36060600 0.13588800
vt 0.33713900 0.14357200
vt 0.40104000 0.12117300
vt 0.40104000 0.12117300
vt 0.40035600 0.12213500
vt 0.39920400 0.13418600
vt 0.38539800 0.12560100
vt 0.38938900 0.13178200
vt 0.40400900 0.11670400
vt 0.39086000 0.11868400
vt 0.39086000 0.11868400
vt 0.39086000 0.11868400
vt 0.39428000 0.11611700
vt 0.39141000 0.11812100
vt 0.39141000 0.11812100
vt 0.38671400 0.12325400
vt 0.39798100 0.11080900
vt 0.38778400 0.11030700
vt 0.38836100 0.11722800
vt 0.38836100 0.11722800
vt 0.38836100 0.11722800
vt 0.38948700 0.11771300
vt 0.38948700 0.11771300
vt 0.38948700 0.11771300
vt 0.38522700 0.11601600
vt 0.38522700 0.11601600
vt 0.38209300 0.11569200
vt 0.38572500 0.11316200
vt 0.38077100 0.11437100
vt 0.38077100 0.11437100
vt 0.37599800 0.10967300
vt 0.37418500 0.11229000
vt 0.37406800 0.11138600
vt 0.37406800 0.11138600
vt 0.37264100 0.11352800
vt 0.37826200 0.12876400
vt 0.37050200 0.13390500
vt 0.38706300 0.12797700
vt 0.37503500 0.12599900
vt 0.37409600 0.11885900
vt 0.36782600 0.11997700
vt 0.39734100 0.10312400
vt 0.40097900 0.09532000
vt 0.39042700 0.09580300
vt 0.38783200 0.08895100
vt 0.38997500 0.10761900
vt 0.38507200 0.10423900
vt 0.37653800 0.10659400
vt 0.37892600 0.10332800
vt 0.36957200 0.10922800
vt 0.36957200 0.10922800
vt 0.36767400 0.10008500
vt 0.37937700 0.09530500
vt 0.37751200 0.08868900
vt 0.37173500 0.09792300
vt 0.36706100 0.09128500
vt 0.35006700 0.09884700
vt 0.35879100 0.10458700
vt 0.35333600 0.10261200
vt 0.34969200 0.09691600
vt 0.35622300 0.10210700
vt 0.35029500 0.09164700
vt 0.35412200 0.09836300
vt 0.35455200 0.09409300
vt 0.35048400 0.08842800
vt 0.35354300 0.08456800
vt 0.35613100 0.08995300
vt 0.33239200 0.08513200
vt 0.33745300 0.09132100
vt 0.32520500 0.08246600
vt 0.33071600 0.11199800
vt 0.33075300 0.11649400
vt 0.31796300 0.10657500
vt 0.34175600 0.09098700
vt 0.34186300 0.09227100
vt 0.32983000 0.08072900
vt 0.33468500 0.08185100
vt 0.34181200 0.08798400
vt 0.34605500 0.09480600
vt 0.34571400 0.10421600
vt 0.34513900 0.08735100
vt 0.33156200 0.09417200
vt 0.32804300 0.09459400
vt 0.34527200 0.10675900
vt 0.33135700 0.10027100
vt 0.34960400 0.11176400
vt 0.32964700 0.10507400
vt 0.33815900 0.11076400
vt 0.32545000 0.09897300
vt 0.33619500 0.10660500
vt 0.32179300 0.10537900
vt 0.35549100 0.12789200
vt 0.34679800 0.13093600
vt 0.34955200 0.11732200
vt 0.36166500 0.12272500
vt 0.36394100 0.13124200
vt 0.36776800 0.12528700
vt 0.36325400 0.12074800
vt 0.32806600 0.13778400
vt 0.34497000 0.12430400
vt 0.34809400 0.12212900
vt 0.33592300 0.12403200
vt 0.36750000 0.10921000
vt 0.36249000 0.10594200
vt 0.36249000 0.10594200
vt 0.36878100 0.10475900
vt 0.36218600 0.10436900
vt 0.36028600 0.09967600
vt 0.35619200 0.10998700
vt 0.36061900 0.11340700
vt 0.35277400 0.11566400
vt 0.36028200 0.09698200
vt 0.36142100 0.09430600
vt 0.36054500 0.08751600
vt 0.33962600 0.11950800
vt 0.34475300 0.11181300
vt 0.32448900 0.11893400
vt 0.25597300 0.12998500
vt 0.25747700 0.14530500
vt 0.24607900 0.13692200
vt 0.23443800 0.12944200
vt 0.23117000 0.14032000
vt 0.24425700 0.14929200
vt 0.23220500 0.15071800
vt 0.27537100 0.09538300
vt 0.26398700 0.09772900
vt 0.26616300 0.08184800
vt 0.27017600 0.10691700
vt 0.27907000 0.11062400
vt 0.28884500 0.08807400
vt 0.28602800 0.10709600
vt 0.18974600 0.09984600
vt 0.20299700 0.09386900
vt 0.20215200 0.10428200
vt 0.21479800 0.09926300
vt 0.21466100 0.10976100
vt 0.22807100 0.11926200
vt 0.22808100 0.10654200
vt 0.92915000 0.63974900
vt 0.20415700 0.06747200
vt 0.20984900 0.06997400
vt 0.21247800 0.08017800
vt 0.21309700 0.07082600
vt 0.21674600 0.07761400
vt 0.21706700 0.07388800
vt 0.22285800 0.07894800
vt 0.22150900 0.08262200
vt 0.22896500 0.08328600
vt 0.23179100 0.08741400
vt 0.22535600 0.08580300
vt 0.23958400 0.08544400
vt 0.23080600 0.09180400
vt 0.23504900 0.08392200
vt 0.24011900 0.08139100
vt 0.23285400 0.07696000
vt 0.22023900 0.08878500
vt 0.25995100 0.10568600
vt 0.26058200 0.11445200
vt 0.24472200 0.12435500
vt 0.22378300 0.13205600
vt 0.24080600 0.11250900
vt 0.25708700 0.07666500
vt 0.25637700 0.08160100
vt 0.24560100 0.08743600
vt 0.25522000 0.09232700
vt 0.24692900 0.09602300
vt 0.24678000 0.08225900
vt 0.26854000 0.12272000
vt 0.29630300 0.14206300
vt 0.30409300 0.15083400
vt 0.29367600 0.15786100
vt 0.32975600 0.16807700
vt 0.31756500 0.18112000
vt 0.31413300 0.16970000
vt 0.30330300 0.18095700
vt 0.29727900 0.16797600
vt 0.32675800 0.15311500
vt 0.31134700 0.15640500
vt 0.31721100 0.14472800
vt 0.27034900 0.17047200
vt 0.28276900 0.16479500
vt 0.25612700 0.16662600
vt 0.25074900 0.15540500
vt 0.26067200 0.15929100
vt 0.28181400 0.15335300
vt 0.27138700 0.15965300
vt 0.27220200 0.14602600
vt 0.23452800 0.16241300
vt 0.26409300 0.14006400
vt 0.29279200 0.18325200
vt 0.31941400 0.13245000
vt 0.30931100 0.12497400
vt 0.30846700 0.13581400
vt 0.30086600 0.12977600
vt 0.28826000 0.12693100
vt 0.28490800 0.13923500
vt 0.29622300 0.11641300
vt 0.30444700 0.09971600
vt 0.31402800 0.10877000
vt 0.29603400 0.09324200
vt 0.31012500 0.09849200
vt 0.31779100 0.09707800
vt 0.27536300 0.12796900
vt 0.38947000 0.03721100
vt 0.98081700 0.47373200
vt 0.96360200 0.47729800
vt 0.97130600 0.48602700
vt 0.95426500 0.48951500
vt 0.97699100 0.49750100
vt 0.98847900 0.48947700
vt 0.36962700 0.04315200
vt 0.96257200 0.50069000
vt 0.92534200 0.52468300
vt 0.92485800 0.53661500
vt 0.93245000 0.53918100
vt 0.93241900 0.53289600
vt 0.94040500 0.53060800
vt 0.94480400 0.52456900
vt 0.95221700 0.53148000
vt 0.94031300 0.55032700
vt 0.93025900 0.54698700
vt 0.93025900 0.54698700
vt 0.93697100 0.54835000
vt 0.93697100 0.54835000
vt 0.93844100 0.54584200
vt 0.92320300 0.54492200
vt 0.93388900 0.54367200
vt 0.93590400 0.55440900
vt 0.94301700 0.54082900
vt 0.94400100 0.54298000
vt 0.93365800 0.55767800
vt 0.92782100 0.56149700
vt 0.94533300 0.55911900
vt 0.93966000 0.56393700
vt 0.94752600 0.54980800
vt 0.94752600 0.54980800
vt 0.95023700 0.54684600
vt 0.95468300 0.55292700
vt 0.95203800 0.55661900
vt 0.95714500 0.55044200
vt 0.95714500 0.55044200
vt 0.96460400 0.55008200
vt 0.96460400 0.55008200
vt 0.95651600 0.54591900
vt 0.97053900 0.55473200
vt 0.29544100 0.04506100
vt 0.95214500 0.54378100
vt 0.96016500 0.54279000
vt 0.95143900 0.53865400
vt 0.95143900 0.53865400
vt 0.95727300 0.53998400
vt 0.95198200 0.53843700
vt 0.95198200 0.53843700
vt 0.95171000 0.53854700
vt 0.95171000 0.53854700
vt 0.97239000 0.54937000
vt 0.97239000 0.54937000
vt 0.30064600 0.04452200
vt 0.30064600 0.04452200
vt 0.30506400 0.05080200
vt 0.30506400 0.05080200
vt 0.29988500 0.04703000
vt 0.97430500 0.55117300
vt 0.97780700 0.54360800
vt 0.30760200 0.04610100
vt 0.31614600 0.05777600
vt 0.31499200 0.06364900
vt 0.31760600 0.06825900
vt 0.31100500 0.06021800
vt 0.32091600 0.06880300
vt 0.31808900 0.06595300
vt 0.30886500 0.05587500
vt 0.31116500 0.05845700
vt 0.31571800 0.06303600
vt 0.30655300 0.05923000
vt 0.32176100 0.07483500
vt 0.32354400 0.06623200
vt 0.32560600 0.06488600
vt 0.31658300 0.05380100
vt 0.32309200 0.05934700
vt 0.95597600 0.52256300
vt 0.96333000 0.51612800
vt 0.97019400 0.52324600
vt 0.96639500 0.51123900
vt 0.98016900 0.50412300
vt 0.36018200 0.04343500
vt 0.98882500 0.49724700
vt 0.34755800 0.04376200
vt 0.98836900 0.50834000
vt 0.97779800 0.51308300
vt 0.98183400 0.51910100
vt 0.99098000 0.51494700
vt 0.34016100 0.04744900
vt 0.96771100 0.54546500
vt 0.97018100 0.53881900
vt 0.97250700 0.54239500
vt 0.96517500 0.53975500
vt 0.98047700 0.53897700
vt 0.31273600 0.04609200
vt 0.98000500 0.53358600
vt 0.31715800 0.04323300
vt 0.97288900 0.52818800
vt 0.96006700 0.53009600
vt 0.32721400 0.04587900
vt 0.98628500 0.52536000
vt 0.33380700 0.05238000
vt 0.32295100 0.05292100
vt 0.91332200 0.49345000
vt 0.92013800 0.48848400
vt 0.91651500 0.50681400
vt 0.92696300 0.50065800
vt 0.93184800 0.48624200
vt 0.93749000 0.48209200
vt 0.92175000 0.51670100
vt 0.92720200 0.51068200
vt 0.93578800 0.51801400
vt 0.93861700 0.50149400
vt 0.93632200 0.51104900
vt 0.94675900 0.49782000
vt 0.94548600 0.50969400
vt 0.94658200 0.47818800
vt 0.95502700 0.50910200
vt 0.94782500 0.51774600
vt 0.93239800 0.56955600
vt 0.93629900 0.56785100
vt 0.39194400 0.06669400
vt 0.39765600 0.07909800
vt 0.36829300 0.07640700
vt 0.37876200 0.08033000
vt 0.36615400 0.08251100
vt 0.37972400 0.07237500
vt 0.38290400 0.06240400
vt 0.36821800 0.06986800
vt 0.38742600 0.05154100
vt 0.36962500 0.05218100
vt 0.36746500 0.06093900
vt 0.39252800 0.08395700
vt 0.34485300 0.05761200
vt 0.35686500 0.06317700
vt 0.35151800 0.06742200
vt 0.33884100 0.06372300
vt 0.34706200 0.08235200
vt 0.35726400 0.07456200
vt 0.34669400 0.07454000
vt 0.32874900 0.07737600
vt 0.32265100 0.07351100
vt 0.32430000 0.07236800
vt 0.32843000 0.07078100
vt 0.31718100 0.07581600
vt 0.33359800 0.07542700
vt 0.33757500 0.08117700
vt 0.33879600 0.08007700
vt 0.34014800 0.07675000
vt 0.31667200 0.08086400
vt 0.32068000 0.08577800
vt 0.33867400 0.07103100
vt 0.33014800 0.06202000
vt 0.33098500 0.06870200
vt 0.34523700 0.08378800
vt 0.35725200 0.05211700
vt 0.34875700 0.05029100
vt 0.93339900 0.60070300
vt 0.94570500 0.59516100
vt 0.25473900 0.04398100
vt 0.93716700 0.60564800
vt 0.25082500 0.04554600
vt 0.94452100 0.59990400
vt 0.93916400 0.60745400
vt 0.93626800 0.61441900
vt 0.93411900 0.62265400
vt 0.21038700 0.05553500
vt 0.93231800 0.61801000
vt 0.21247800 0.05290000
vt 0.93637200 0.61939800
vt 0.93801300 0.61632900
vt 0.21396800 0.05022800
vt 0.02184900 0.73066500
vt 0.94019000 0.61323000
vt 0.02346500 0.72763600
vt 0.94191800 0.60650800
vt 0.02272100 0.72110200
vt 0.02136800 0.71687000
vt 0.94469700 0.60240000
vt 0.02898200 0.72330600
vt 0.02472300 0.72016600
vt 0.94672800 0.60133600
vt 0.25054200 0.04809700
vt 0.02122900 0.71452500
vt 0.25401000 0.04944400
vt 0.01880000 0.71133200
vt 0.25770400 0.05164600
vt 0.25632400 0.05277700
vt 0.01774800 0.70697800
vt 0.27182500 0.05779300
vt 0.26402300 0.05647000
vt 0.26106700 0.05642700
vt 0.25883200 0.05754700
vt 0.01531700 0.70129100
vt 0.26480300 0.06196700
vt 0.26094000 0.05993700
vt 0.01728200 0.70052900
vt 0.01281200 0.69475100
vt 0.25966300 0.06316900
vt 0.01917600 0.69840400
vt 0.01638900 0.69126300
vt 0.92866900 0.58168800
vt 0.93476000 0.58972400
vt 0.93859900 0.58517400
vt 0.93665200 0.58064400
vt 0.95278900 0.58295000
vt 0.26648900 0.04300800
vt 0.94768100 0.58758800
vt 0.26080500 0.04132900
vt 0.93069300 0.57193300
vt 0.94119100 0.57359500
vt 0.94283300 0.57109400
vt 0.96764900 0.55770300
vt 0.29185700 0.04369500
vt 0.95691900 0.55918400
vt 0.95089500 0.56406000
vt 0.28459900 0.04329700
vt 0.96383000 0.56470300
vt 0.27294900 0.05335500
vt 0.27953100 0.05198500
vt 0.27329800 0.04125800
vt 0.95571200 0.57519600
vt 0.95032900 0.56699300
vt 0.95175300 0.57040200
vt 0.95290200 0.57206400
vt 0.95855500 0.56889600
vt 0.27932000 0.04035000
vt 0.95901300 0.57153200
vt 0.27755500 0.04203000
vt 0.02366000 0.71672300
vt 0.03139400 0.71494600
vt 0.02785100 0.71962700
vt 0.02909400 0.71220300
vt 0.03446400 0.71736200
vt 0.03289900 0.72497600
vt 0.22492000 0.04486400
vt 0.03974900 0.71112800
vt 0.04071800 0.71415700
vt 0.03947800 0.72032200
vt 0.04717100 0.71382900
vt 0.02375800 0.71385600
vt 0.02056500 0.70975900
vt 0.02281200 0.70914800
vt 0.02022900 0.70661900
vt 0.02907500 0.70842400
vt 0.02557900 0.70337200
vt 0.03398500 0.69969300
vt 0.03874400 0.70766300
vt 0.03956700 0.70357600
vt 0.02901600 0.69370500
vt 0.03730000 0.69073700
vt 0.04539600 0.71917000
vt 0.29941600 0.05519000
vt 0.28511900 0.07078700
vt 0.27943800 0.06218100
vt 0.28729400 0.06400000
vt 0.29236600 0.08447900
vt 0.30868500 0.06656300
vt 0.29950000 0.06426800
vt 0.30915700 0.07417500
vt 0.30602900 0.07470500
vt 0.29475100 0.06724500
vt 0.30533300 0.07820500
vt 0.28994600 0.07688500
vt 0.28219300 0.07448400
vt 0.29267100 0.07369400
vt 0.29446200 0.08251500
vt 0.29871900 0.07814800
vt 0.29498600 0.07114100
vt 0.29925200 0.07468800
vt 0.26128000 0.06851400
vt 0.25730800 0.07258200
vt 0.26320300 0.07262400
vt 0.27033100 0.07226000
vt 0.26279200 0.06456900
vt 0.27768300 0.06825300
vt 0.28050900 0.07893500
vt 0.26117000 0.06412700
vt 0.25977000 0.06776400
vt 0.25746400 0.06671400
vt 0.01138300 0.68819500
vt 0.25595700 0.07059300
vt 0.25582600 0.06669000
vt 0.01100600 0.68471300
vt 0.01641900 0.68386200
vt 0.25373600 0.06598600
vt 0.01095600 0.68148600
vt 0.01971000 0.67996800
vt 0.29173600 0.05241400
vt 0.29327100 0.05828300
vt 0.28704100 0.04913700
vt 0.28980600 0.05753600
vt 0.28177800 0.05281300
vt 0.28138000 0.04649000
vt 0.28856600 0.06027100
vt 0.01910900 0.69255200
vt 0.02283200 0.69075200
vt 0.01644800 0.68686400
vt 0.02118900 0.68699600
vt 0.01990100 0.68533000
vt 0.02884700 0.68842700
vt 0.02777600 0.68390100
vt 0.02735900 0.68076400
vt 0.03690100 0.68297200
vt 0.03312400 0.68113500
vt 0.03062300 0.67677200
vt 0.93368200 0.63144300
vt 0.20983600 0.06289900
vt 0.21280800 0.05922800
vt 0.21184300 0.06450200
vt 0.21499900 0.06755100
vt 0.21960500 0.06883400
vt 0.22198800 0.06931600
vt 0.21439300 0.06373700
vt 0.21696500 0.05761700
vt 0.21965800 0.05975800
vt 0.21856500 0.06477600
vt 0.21880400 0.05252500
vt 0.02672300 0.73282700
vt 0.22345600 0.06272600
vt 0.22684600 0.05586200
vt 0.22932600 0.06217500
vt 0.22479300 0.07474200
vt 0.22971200 0.07662700
vt 0.22755100 0.07237300
vt 0.22653300 0.06582600
vt 0.23460100 0.07077800
vt 0.23392300 0.06458800
vt 0.23928700 0.07580500
vt 0.24245700 0.06967400
vt 0.23999400 0.05904200
vt 0.24249000 0.06377600
vt 0.22959500 0.04424600
vt 0.03803400 0.72483300
vt 0.22582600 0.05103100
vt 0.23045800 0.04835000
vt 0.23404500 0.04251600
vt 0.04328900 0.72372100
vt 0.23378700 0.05223100
vt 0.23643300 0.04676500
vt 0.04549600 0.72823500
vt 0.24337600 0.05596700
vt 0.24209100 0.04888200
vt 0.05057600 0.73176000
vt 0.01673900 0.67067100
vt 0.25031000 0.05719400
vt 0.05532200 0.73720000
vt 0.24843700 0.05201300
vt 0.01908700 0.66517100
vt 0.04880900 0.72447200
vt 0.05454000 0.72883500
vt 0.05464700 0.72255200
vt 0.06026100 0.73340500
vt 0.02525700 0.66246900
vt 0.06095500 0.72704100
vt 0.05788200 0.72524400
vt 0.24622300 0.07861800
vt 0.25241900 0.07736200
vt 0.25222000 0.07410900
vt 0.24589100 0.07208200
vt 0.25062300 0.06669300
vt 0.00902000 0.67843100
vt 0.24820900 0.06291700
vt 0.01092900 0.67346900
vt 0.01625000 0.67669600
vt 0.02043800 0.67290000
vt 0.02336600 0.66993900
vt 0.02661400 0.67245600
vt 0.02790800 0.66579500
vt 0.03267300 0.66848600
vt 0.03343900 0.67277000
vt 0.03951800 0.67191000
vt 0.04081900 0.69763000
vt 0.05096200 0.70800400
vt 0.04982200 0.70287800
vt 0.05316400 0.70385200
vt 0.04670300 0.69915400
vt 0.04281400 0.69168800
vt 0.04697400 0.69468800
vt 0.05051000 0.69838200
vt 0.05733800 0.70855100
vt 0.05770300 0.69687200
vt 0.06162500 0.69853900
vt 0.05397200 0.69114500
vt 0.05739000 0.69443700
vt 0.05113500 0.68920600
vt 0.06498700 0.70157700
vt 0.05734200 0.68448300
vt 0.06363600 0.69093400
vt 0.06716500 0.69479800
vt 0.04399100 0.68354900
vt 0.03930400 0.67681200
vt 0.04573200 0.67803200
vt 0.05070100 0.68175800
vt 0.04698400 0.67315600
vt 0.05186100 0.67447000
vt 0.05216100 0.71287100
vt 0.05287200 0.71858800
vt 0.05741200 0.71438100
vt 0.05996900 0.71667000
vt 0.06481800 0.71985600
vt 0.03729600 0.65284900
vt 0.06907000 0.72381600
vt 0.03227500 0.66041100
vt 0.06596800 0.73099300
vt 0.06065600 0.70944500
vt 0.06481700 0.71237600
vt 0.06526100 0.71515300
vt 0.06670700 0.70403500
vt 0.06987800 0.70981100
vt 0.07102600 0.71508300
vt 0.04363800 0.64841300
vt 0.07515700 0.71948300
vt 0.06887900 0.70629800
vt 0.07931900 0.69603800
vt 0.07674200 0.70248300
vt 0.07697900 0.69983200
vt 0.07600300 0.70685900
vt 0.07553300 0.71285800
vt 0.08149700 0.71623200
vt 0.04968300 0.64497700
vt 0.08108800 0.70940900
vt 0.08597500 0.70635200
vt 0.08426500 0.70376800
vt 0.06976200 0.69713900
vt 0.07590900 0.69216200
vt 0.07740200 0.69500400
vt 0.07116600 0.68934400
vt 0.06594600 0.68627600
vt 0.07639800 0.68869100
vt 0.07083500 0.68460100
vt 0.06379900 0.68190900
vt 0.08831300 0.69435000
vt 0.08569000 0.69876200
vt 0.08878900 0.71083800
vt 0.09035500 0.71504000
vt 0.05892600 0.64322300
vt 0.09012700 0.70028200
vt 0.09302700 0.70224500
vt 0.09709200 0.69707400
vt 0.09602500 0.69386900
vt 0.09515000 0.70636900
vt 0.10021400 0.70059900
vt 0.07299100 0.63299300
vt 0.10233900 0.70650200
vt 0.09683600 0.71333700
vt 0.06656900 0.64054700
vt 0.08009700 0.63198800
vt 0.07688600 0.63772300
vt 0.10888400 0.69886800
vt 0.07815100 0.62547600
vt 0.10625000 0.69639700
vt 0.03726900 0.66398800
vt 0.03857100 0.65976500
vt 0.04084500 0.66451900
vt 0.04736100 0.66459100
vt 0.04756500 0.67026500
vt 0.05442500 0.66405300
vt 0.05419300 0.67042500
vt 0.05354900 0.66742400
vt 0.04583000 0.65597500
vt 0.04842400 0.66010500
vt 0.05296900 0.65323800
vt 0.05541600 0.65753600
vt 0.05765800 0.67671000
vt 0.06017500 0.67050500
vt 0.05906800 0.66731000
vt 0.05338700 0.64869300
vt 0.06165800 0.65046000
vt 0.05693900 0.65939500
vt 0.06253500 0.66265900
vt 0.06592600 0.65845900
vt 0.06450800 0.67433000
vt 0.07193100 0.67894100
vt 0.07375700 0.67203800
vt 0.06713500 0.66929300
vt 0.06496800 0.66668300
vt 0.06826300 0.66268200
vt 0.07169100 0.66539500
vt 0.06139200 0.64753500
vt 0.06911300 0.64920800
vt 0.07019600 0.64264800
vt 0.06273300 0.65529100
vt 0.07339700 0.65223400
vt 0.07420000 0.65681200
vt 0.07659400 0.65348600
vt 0.07680200 0.66159000
vt 0.07557500 0.65870300
vt 0.07841400 0.64142700
vt 0.08178400 0.64494900
vt 0.08333600 0.64709500
vt 0.08244300 0.65383700
vt 0.08668800 0.64940300
vt 0.30884800 0.08771400
vt 0.31683400 0.08816500
vt 0.31750400 0.09264800
vt 0.30829700 0.08373600
vt 0.30116600 0.09032100
vt 0.38905200 0.17099000
vt 0.18420300 0.15017600
vt 0.18223600 0.13821800
vt 0.26501900 0.54824600
vt 0.17354100 0.13002200
vt 0.20297800 0.15124500
vt 0.19404900 0.13746300
vt 0.18866200 0.12300200
vt 0.18961900 0.11351800
vt 0.20461400 0.12223500
vt 0.20337800 0.13741100
vt 0.21271700 0.12631100
vt 0.20127600 0.11374400
vt 0.22050300 0.16101000
vt 0.21721600 0.14696500
vt 0.21221700 0.13647100
vt 0.26844700 0.55844800
vt 0.26190000 0.55509700
vt 0.26578500 0.55609800
vt 0.27510400 0.56064900
vt 0.26662800 0.56607700
vt 0.26495900 0.55772400
vt 0.26195300 0.55883700
vt 0.25328200 0.56533700
vt 0.24474000 0.58143200
vt 0.25416700 0.57228600
vt 0.25018600 0.56343600
vt 0.23811900 0.56570300
vt 0.24728000 0.57205300
vt 0.24463800 0.57054500
vt 0.24279000 0.57887800
vt 0.24044700 0.57030800
vt 0.24028400 0.57482800
vt 0.23377000 0.57579100
vt 0.23259000 0.58448200
vt 0.23558000 0.57880800
vt 0.22480200 0.56795300
vt 0.23091700 0.57192100
vt 0.22213500 0.57172400
vt 0.22607100 0.57563600
vt 0.23367800 0.58902300
vt 0.22410700 0.58038500
vt 0.22708800 0.58257800
vt 0.21218700 0.57026000
vt 0.21396000 0.57626400
vt 0.21392300 0.58054000
vt 0.22004800 0.58643400
vt 0.21721900 0.58457900
vt 0.20420400 0.57540800
vt 0.21003900 0.58373300
vt 0.19972300 0.57309100
vt 0.20411200 0.58024900
vt 0.19511600 0.58342100
vt 0.20266400 0.58564400
vt 0.19347800 0.58931900
vt 0.22276200 0.59517200
vt 0.22025200 0.60057800
vt 0.21561300 0.59068900
vt 0.22377700 0.59036200
vt 0.21349000 0.59508200
vt 0.21049000 0.58715400
vt 0.21313600 0.58963900
vt 0.21374600 0.59942300
vt 0.20664500 0.59320800
vt 0.20212400 0.58988300
vt 0.20437000 0.59953500
vt 0.21141400 0.60587200
vt 0.20703200 0.60247400
vt 0.20462500 0.60969000
vt 0.19800300 0.59346500
vt 0.20062600 0.59639400
vt 0.18662400 0.57995200
vt 0.22228400 0.65163900
vt 0.18538200 0.58396900
vt 0.18642700 0.58970000
vt 0.17668000 0.58270100
vt 0.21300600 0.65397500
vt 0.20926300 0.65137200
vt 0.17907600 0.58999500
vt 0.17805000 0.59569100
vt 0.19047100 0.59409600
vt 0.18059100 0.59804800
vt 0.19988300 0.65737400
vt 0.16428800 0.58525800
vt 0.17298200 0.59012900
vt 0.16049300 0.59059300
vt 0.16441000 0.59641100
vt 0.19210900 0.66136100
vt 0.15753200 0.58855900
vt 0.15020400 0.60062500
vt 0.15355600 0.59213300
vt 0.18772400 0.66517200
vt 0.15814400 0.59804100
vt 0.19050100 0.65110400
vt 0.19033000 0.65623300
vt 0.17441900 0.59791900
vt 0.16705600 0.60271900
vt 0.17249200 0.60392300
vt 0.17871300 0.60211500
vt 0.15910200 0.60448900
vt 0.16074700 0.60670600
vt 0.16471400 0.60825300
vt 0.17643800 0.60719400
vt 0.16540700 0.61139100
vt 0.17318500 0.61039600
vt 0.16148800 0.61667400
vt 0.11161300 0.69272900
vt 0.11867600 0.69151600
vt 0.11747700 0.69682700
vt 0.08580300 0.62364500
vt 0.08704300 0.62840100
vt 0.08526700 0.63448100
vt 0.09279700 0.61680200
vt 0.12593800 0.68976500
vt 0.12708600 0.68578900
vt 0.09523800 0.63189500
vt 0.09479100 0.62313200
vt 0.09939800 0.62048600
vt 0.13796800 0.67625500
vt 0.14987000 0.67564600
vt 0.13660700 0.68006800
vt 0.10950600 0.61148300
vt 0.14551800 0.68390700
vt 0.14420300 0.68073000
vt 0.15819200 0.67928900
vt 0.10665700 0.61843300
vt 0.11563000 0.61713500
vt 0.11369900 0.62044800
vt 0.11782000 0.62405400
vt 0.10694600 0.62509200
vt 0.12753200 0.61451300
vt 0.10037700 0.61305900
vt 0.13518900 0.68576900
vt 0.12186500 0.68548700
vt 0.10116900 0.62723700
vt 0.08428300 0.63961900
vt 0.08883600 0.63771500
vt 0.08922900 0.64652100
vt 0.09079100 0.64158800
vt 0.09352500 0.63705800
vt 0.10202100 0.63248900
vt 0.09701300 0.63862700
vt 0.09559900 0.64330900
vt 0.09710300 0.64657700
vt 0.10513400 0.63868100
vt 0.10898600 0.62876200
vt 0.11629100 0.62890000
vt 0.10575700 0.63425100
vt 0.10703900 0.64166000
vt 0.11697300 0.63219500
vt 0.11497100 0.63730600
vt 0.11964300 0.63487900
vt 0.12205800 0.63818900
vt 0.11439500 0.64193500
vt 0.16953500 0.66702300
vt 0.16409700 0.66424100
vt 0.17604400 0.66056700
vt 0.18220600 0.66375000
vt 0.14144800 0.59975100
vt 0.17512000 0.67301800
vt 0.15850400 0.66996500
vt 0.16616200 0.67301300
vt 0.14161400 0.60443800
vt 0.13317000 0.60566700
vt 0.16714900 0.67892000
vt 0.15919200 0.68506800
vt 0.12385400 0.61222900
vt 0.13907600 0.61055500
vt 0.14997200 0.60755100
vt 0.14875500 0.61229800
vt 0.13819700 0.61764700
vt 0.12912800 0.61878000
vt 0.14177400 0.61921300
vt 0.13494500 0.62494100
vt 0.18419300 0.65740800
vt 0.17972300 0.65487400
vt 0.17879600 0.64514100
vt 0.17009700 0.65833700
vt 0.16132500 0.65853600
vt 0.17207200 0.65092500
vt 0.17070800 0.64889000
vt 0.17945400 0.64128400
vt 0.16892600 0.64601600
vt 0.17744900 0.63704100
vt 0.16615800 0.64043200
vt 0.16873200 0.63503100
vt 0.16081800 0.63582500
vt 0.15202700 0.61478300
vt 0.15861000 0.61560100
vt 0.15989400 0.62034800
vt 0.17094700 0.61593300
vt 0.15109900 0.61925900
vt 0.15278400 0.62040200
vt 0.14351900 0.62153800
vt 0.14548500 0.62522600
vt 0.15791600 0.62976300
vt 0.16705000 0.62268200
vt 0.16757000 0.62758700
vt 0.15649000 0.62468300
vt 0.15213700 0.67031000
vt 0.15468400 0.66410200
vt 0.14175700 0.67056800
vt 0.13623200 0.66968400
vt 0.14899400 0.66086300
vt 0.14048800 0.66529900
vt 0.15954700 0.65470900
vt 0.14173200 0.66180700
vt 0.14658600 0.65738000
vt 0.12549100 0.62401800
vt 0.14162800 0.65569500
vt 0.14993800 0.65122500
vt 0.14080600 0.65020800
vt 0.14629100 0.64656800
vt 0.13917500 0.64343200
vt 0.13850400 0.63758700
vt 0.14884900 0.63876400
vt 0.13181300 0.64682700
vt 0.12667300 0.64339000
vt 0.13385000 0.63976000
vt 0.15548500 0.65291400
vt 0.16019200 0.64620600
vt 0.15310800 0.64510400
vt 0.14284000 0.63080800
vt 0.14838500 0.63413600
vt 0.13830600 0.62689000
vt 0.12481600 0.62819700
vt 0.12358100 0.63170200
vt 0.13048100 0.63039600
vt 0.13258800 0.63169200
vt 0.13402200 0.63466800
vt 0.12652300 0.64001500
vt 0.20032100 0.60773100
vt 0.19882900 0.60384500
vt 0.19653000 0.61194400
vt 0.19248300 0.60759500
vt 0.19583700 0.62546100
vt 0.19192000 0.61852300
vt 0.19526500 0.60181000
vt 0.18629100 0.59794600
vt 0.18921700 0.60200300
vt 0.18673600 0.60753400
vt 0.18921700 0.61437000
vt 0.18766800 0.62737700
vt 0.18446000 0.62056200
vt 0.18318000 0.61679200
vt 0.18557100 0.63831700
vt 0.18549600 0.63361700
vt 0.18140900 0.63005200
vt 0.17596200 0.62345900
vt 0.18485400 0.61182200
vt 0.18036500 0.61161400
vt 0.17625100 0.61647800
vt 0.17532200 0.63101000
vt 0.07726500 0.68378500
vt 0.08359100 0.69069700
vt 0.08171300 0.68771600
vt 0.08993900 0.68603900
vt 0.08321700 0.68416100
vt 0.07867400 0.67913500
vt 0.08362900 0.68035000
vt 0.08057800 0.67571100
vt 0.09392100 0.68754200
vt 0.10357900 0.68517200
vt 0.09781000 0.68307000
vt 0.09058800 0.68270500
vt 0.08948300 0.67950900
vt 0.08658700 0.67443000
vt 0.10553900 0.69196000
vt 0.10442400 0.68979900
vt 0.10027000 0.69044800
vt 0.10339300 0.68221100
vt 0.09753400 0.67884300
vt 0.09425300 0.67446800
vt 0.09973200 0.67461400
vt 0.10306400 0.67724900
vt 0.09999900 0.66912900
vt 0.08030700 0.66766500
vt 0.08856200 0.66822300
vt 0.08405700 0.66297700
vt 0.09458900 0.66561800
vt 0.09025200 0.66040400
vt 0.08674600 0.65446800
vt 0.08789900 0.65695000
vt 0.11269200 0.68782300
vt 0.11157800 0.68408800
vt 0.12412100 0.68039500
vt 0.12030200 0.67770600
vt 0.10909300 0.67708600
vt 0.11491100 0.67685800
vt 0.10967900 0.67310400
vt 0.10553800 0.67050100
vt 0.11886300 0.67200300
vt 0.11880100 0.66881300
vt 0.11429900 0.66712200
vt 0.10386300 0.66023700
vt 0.10926700 0.66195100
vt 0.13302800 0.67471800
vt 0.12805900 0.67088500
vt 0.13403000 0.66549700
vt 0.12567400 0.66932300
vt 0.12953300 0.66381800
vt 0.13567400 0.66117300
vt 0.12549700 0.66553700
vt 0.12671000 0.65822000
vt 0.13338200 0.65499000
vt 0.12093100 0.66216100
vt 0.11565700 0.65521100
vt 0.12368900 0.65207200
vt 0.09502700 0.65840300
vt 0.08999300 0.65064200
vt 0.09679400 0.64997400
vt 0.09653000 0.65353800
vt 0.10336400 0.65079300
vt 0.10917600 0.65335400
vt 0.10074100 0.65621400
vt 0.10518600 0.64586800
vt 0.09875200 0.66170900
vt 0.10965300 0.64745700
vt 0.11594800 0.64821800
vt 0.11862600 0.64330000
f 1/1 2/2 3/3
f 4/4 2/2 5/5
f 3/3 2/2 4/4
f 3/3 4/4 6/6
f 7/7 3/3 8/8
f 8/8 3/3 6/6
f 9/9 8/8 6/6
f 7/7 8/8 9/9
f 10/10 11/11 9/9
f 12/12 13/13 14/14
f 12/12 14/14 15/15
f 16/16 17/17 18/18
f 16/16 19/19 17/17
f 20/20 17/17 21/21
f 22/22 17/17 19/19
f 24/24 22/22 19/19
f 24/24 19/19 12/12
f 26/26 27/27 22/22
f 27/27 17/17 22/22
f 26/26 22/22 24/24
f 28/28 23/23 12/12
f 29/29 12/12 15/15
f 29/29 28/28 12/12
f 30/30 28/28 29/29
f 23/23 31/31 25/25
f 28/28 31/31 23/23
f 31/31 33/33 25/25
f 30/30 31/31 28/28
f 34/34 31/31 30/30
f 34/34 30/30 35/35
f 36/36 37/37 29/29
f 38/38 29/29 37/37
f 38/38 30/30 29/29
f 39/39 38/38 37/37
f 39/39 40/40 38/38
f 30/30 38/38 35/35
f 41/41 42/42 35/35
f 38/38 41/41 35/35
f 40/40 41/41 38/38
f 43/43 41/41 40/40
f 44/44 43/43 40/40
f 41/41 43/43 45/45
f 46/46 43/43 44/44
f 47/47 48/48 49/49
f 50/50 51/51 52/52
f 53/53 54/54 55/55
f 48/48 51/51 53/53
f 47/47 51/51 48/48
f 51/51 50/50 53/53
f 50/50 56/56 54/54
f 57/57 54/54 56/56
f 50/50 54/54 53/53
f 55/55 54/54 57/57
f 57/57 58/58 55/55
f 57/57 59/59 58/58
f 58/58 59/59 60/60
f 57/57 61/61 59/59
f 62/62 59/59 61/61
f 62/62 60/60 59/59
f 63/63 64/64 62/62
f 62/62 64/64 60/60
f 65/65 66/66 67/67
f 68/68 65/65 69/69
f 70/70 71/71 72/72
f 70/70 73/73 71/71
f 72/72 74/74 70/70
f 75/75 74/74 76/76
f 77/77 76/76 74/74
f 78/78 52/52 79/79
f 80/80 78/78 81/81
f 78/78 82/82 81/81
f 80/80 83/83 78/78
f 84/84 47/47 49/49
f 82/82 84/84 85/85
f 82/82 79/79 84/84
f 79/79 52/52 47/47
f 84/84 79/79 47/47
f 51/51 47/47 52/52
f 82/82 66/66 81/81
f 66/66 82/82 85/85
f 85/85 67/67 66/66
f 78/78 79/79 82/82
f 86/86 87/87 50/50
f 87/87 56/56 50/50
f 52/52 86/86 50/50
f 73/73 87/87 86/86
f 87/87 73/73 88/88
f 56/56 87/87 89/89
f 87/87 88/88 89/89
f 56/56 89/89 57/57
f 61/61 57/57 89/89
f 86/86 78/78 83/83
f 72/72 71/71 83/83
f 71/71 86/86 83/83
f 78/78 86/86 52/52
f 71/71 73/73 86/86
f 90/90 91/91 92/92
f 80/80 90/90 77/77
f 91/91 90/90 81/81
f 90/90 80/80 81/81
f 92/92 93/93 90/90
f 91/91 81/81 66/66
f 91/91 66/66 65/65
f 92/92 91/91 68/68
f 68/68 91/91 65/65
f 80/80 72/72 83/83
f 74/74 72/72 80/80
f 77/77 74/74 80/80
f 90/90 93/93 77/77
f 94/94 95/95 96/96
f 97/97 96/96 98/98
f 97/97 98/98 99/99
f 97/97 100/100 96/96
f 94/94 96/96 100/100
f 97/97 101/101 100/100
f 101/101 102/102 100/100
f 103/103 104/104 105/105
f 105/105 106/106 107/107
f 108/108 105/105 107/107
f 109/109 108/108 107/107
f 110/110 105/105 108/108
f 110/110 108/108 111/111
f 97/97 99/99 103/103
f 97/97 103/103 101/101
f 103/103 105/105 112/112
f 113/113 101/101 112/112
f 112/112 114/114 113/113
f 115/115 113/113 114/114
f 103/103 112/112 101/101
f 114/114 112/112 110/110
f 114/114 110/110 116/116
f 110/110 112/112 105/105
f 116/116 110/110 111/111
f 117/117 115/115 114/114
f 118/118 119/119 114/114
f 114/114 116/116 118/118
f 120/120 121/121 122/122
f 98/98 123/123 121/121
f 98/98 121/121 99/99
f 123/123 124/124 122/122
f 121/121 123/123 122/122
f 125/125 122/122 124/124
f 126/126 122/122 125/125
f 126/126 120/120 122/122
f 127/127 128/128 129/129
f 48/48 130/130 95/95
f 48/48 124/124 130/130
f 125/125 53/53 55/55
f 126/126 125/125 55/55
f 53/53 125/125 124/124
f 124/124 48/48 53/53
f 49/49 48/48 95/95
f 123/123 98/98 130/130
f 130/130 124/124 123/123
f 96/96 130/130 98/98
f 130/130 96/96 95/95
f 58/58 126/126 55/55
f 58/58 129/129 126/126
f 129/129 58/58 60/60
f 129/129 60/60 127/127
f 60/60 131/131 127/127
f 60/60 64/64 131/131
f 131/131 64/64 132/132
f 127/127 131/131 133/133
f 133/133 128/128 127/127
f 131/131 132/132 133/133
f 134/134 133/133 132/132
f 134/134 132/132 135/135
f 136/136 137/137 138/138
f 138/138 137/137 106/106
f 126/126 139/139 120/120
f 120/120 139/139 136/136
f 139/139 140/140 136/136
f 129/129 139/139 126/126
f 138/138 104/104 121/121
f 120/120 138/138 121/121
f 138/138 120/120 136/136
f 104/104 99/99 121/121
f 106/106 104/104 138/138
f 105/105 104/104 106/106
f 99/99 104/104 103/103
f 136/136 141/141 137/137
f 137/137 141/141 109/109
f 137/137 109/109 107/107
f 142/142 139/139 143/143
f 139/139 142/142 140/140
f 139/139 129/129 143/143
f 136/136 140/140 141/141
f 141/141 140/140 144/144
f 137/137 107/107 106/106
f 143/143 129/129 145/145
f 129/129 128/128 145/145
f 128/128 146/146 145/145
f 146/146 128/128 133/133
f 146/146 147/147 145/145
f 147/147 146/146 134/134
f 134/134 146/146 133/133
f 142/142 143/143 145/145
f 148/148 149/149 147/147
f 149/149 145/145 147/147
f 147/147 134/134 150/150
f 135/135 150/150 134/134
f 85/85 84/84 94/94
f 85/85 94/94 151/151
f 151/151 94/94 152/152
f 151/151 67/67 85/85
f 152/152 153/153 151/151
f 153/153 152/152 102/102
f 102/102 101/101 154/154
f 100/100 152/152 94/94
f 102/102 152/152 100/100
f 155/155 153/153 102/102
f 155/155 102/102 154/154
f 156/156 155/155 154/154
f 115/115 156/156 154/154
f 157/157 156/156 158/158
f 157/157 158/158 159/159
f 160/160 151/151 153/153
f 155/155 160/160 153/153
f 160/160 65/65 151/151
f 67/67 151/151 65/65
f 69/69 160/160 161/161
f 161/161 160/160 157/157
f 65/65 160/160 69/69
f 160/160 155/155 157/157
f 155/155 156/156 157/157
f 159/159 161/161 157/157
f 156/156 115/115 162/162
f 162/162 115/115 117/117
f 115/115 154/154 113/113
f 101/101 113/113 154/154
f 119/119 117/117 114/114
f 162/162 158/158 156/156
f 158/158 162/162 163/163
f 158/158 164/164 165/165
f 162/162 117/117 163/163
f 166/166 163/163 117/117
f 163/163 166/166 167/167
f 168/168 169/169 170/170
f 163/163 167/167 169/169
f 163/163 164/164 158/158
f 163/163 169/169 164/164
f 169/169 167/167 170/170
f 94/94 84/84 49/49
f 49/49 95/95 94/94
f 171/171 73/73 70/70
f 171/171 88/88 73/73
f 172/172 173/173 171/171
f 88/88 171/171 173/173
f 174/174 173/173 172/172
f 174/174 175/175 61/61
f 176/176 61/61 175/175
f 177/177 176/176 178/178
f 179/179 180/180 181/181
f 181/181 171/171 70/70
f 182/182 181/181 70/70
f 182/182 70/70 74/74
f 180/180 172/172 171/171
f 181/181 180/180 171/171
f 75/75 182/182 74/74
f 75/75 183/183 182/182
f 181/181 182/182 179/179
f 182/182 183/183 179/179
f 180/180 179/179 184/184
f 172/172 180/180 185/185
f 175/175 185/185 186/186
f 184/184 185/185 180/180
f 187/187 179/179 183/183
f 188/188 187/187 183/183
f 187/187 189/189 184/184
f 187/187 184/184 179/179
f 174/174 172/172 175/175
f 172/172 185/185 175/175
f 178/178 176/176 175/175
f 186/186 178/178 175/175
f 173/173 89/89 88/88
f 61/61 89/89 173/173
f 190/190 63/63 191/191
f 63/63 190/190 192/192
f 61/61 173/173 174/174
f 191/191 61/61 176/176
f 191/191 176/176 190/190
f 192/192 190/190 193/193
f 62/62 61/61 191/191
f 63/63 62/62 191/191
f 63/63 192/192 64/64
f 190/190 176/176 177/177
f 177/177 193/193 190/190
f 192/192 194/194 195/195
f 193/193 194/194 192/192
f 135/135 192/192 195/195
f 18/18 185/185 184/184
f 18/18 196/196 185/185
f 184/184 189/189 18/18
f 16/16 18/18 189/189
f 186/186 185/185 196/196
f 196/196 18/18 20/20
f 197/197 198/198 199/199
f 178/178 186/186 199/199
f 200/200 177/177 178/178
f 177/177 200/200 194/194
f 193/193 177/177 194/194
f 199/199 200/200 178/178
f 198/198 200/200 199/199
f 186/186 196/196 201/201
f 197/197 199/199 186/186
f 201/201 197/197 186/186
f 198/198 194/194 200/200
f 202/202 195/195 194/194
f 202/202 194/194 198/198
f 203/203 195/195 202/202
f 204/204 135/135 195/195
f 195/195 203/203 205/205
f 206/206 204/204 195/195
f 205/205 206/206 195/195
f 64/64 192/192 132/132
f 192/192 135/135 132/132
f 207/207 208/208 135/135
f 207/207 209/209 210/210
f 211/211 212/212 209/209
f 212/212 210/210 209/209
f 213/213 210/210 212/212
f 207/207 210/210 214/214
f 214/214 210/210 213/213
f 215/215 212/212 211/211
f 216/216 215/215 217/217
f 217/217 215/215 211/211
f 212/212 215/215 213/213
f 218/218 213/213 215/215
f 219/219 218/218 215/215
f 219/219 215/215 216/216
f 220/220 216/216 217/217
f 221/221 216/216 220/220
f 216/216 221/221 222/222
f 222/222 223/223 219/219
f 222/222 219/219 216/216
f 214/214 213/213 224/224
f 213/213 218/218 224/224
f 225/225 226/226 227/227
f 225/225 218/218 219/219
f 223/223 225/225 219/219
f 204/204 207/207 135/135
f 209/209 207/207 228/228
f 209/209 228/228 211/211
f 229/229 230/230 228/228
f 228/228 207/207 204/204
f 228/228 204/204 231/231
f 231/231 229/229 228/228
f 228/228 230/230 232/232
f 232/232 211/211 228/228
f 217/217 211/211 232/232
f 230/230 233/233 232/232
f 233/233 234/234 217/217
f 233/233 217/217 232/232
f 235/235 68/68 236/236
f 236/236 68/68 69/69
f 237/237 236/236 69/69
f 235/235 236/236 238/238
f 235/235 238/238 239/239
f 240/240 239/239 238/238
f 238/238 236/236 237/237
f 237/237 241/241 238/238
f 242/242 238/238 241/241
f 243/243 241/241 244/244
f 240/240 238/238 242/242
f 241/241 243/243 242/242
f 245/245 77/77 93/93
f 246/246 77/77 245/245
f 246/246 76/76 77/77
f 247/247 76/76 246/246
f 247/247 246/246 245/245
f 245/245 248/248 249/249
f 245/245 249/249 247/247
f 249/249 250/250 247/247
f 247/247 251/251 252/252
f 251/251 247/247 250/250
f 253/253 251/251 250/250
f 254/254 250/250 249/249
f 254/254 255/255 250/250
f 250/250 255/255 253/253
f 253/253 255/255 256/256
f 257/257 92/92 235/235
f 93/93 92/92 257/257
f 239/239 257/257 235/235
f 257/257 248/248 93/93
f 248/248 245/245 93/93
f 258/258 248/248 257/257
f 235/235 92/92 68/68
f 239/239 258/258 257/257
f 248/248 258/258 249/249
f 258/258 239/239 240/240
f 240/240 259/259 258/258
f 259/259 254/254 258/258
f 254/254 249/249 258/258
f 242/242 243/243 260/260
f 243/243 261/261 262/262
f 243/243 262/262 260/260
f 263/263 260/260 262/262
f 263/263 262/262 264/264
f 254/254 265/265 255/255
f 255/255 266/266 267/267
f 266/266 255/255 265/265
f 268/268 266/266 265/265
f 268/268 265/265 269/269
f 270/270 266/266 268/268
f 271/271 270/270 268/268
f 272/272 270/270 271/271
f 273/273 270/270 272/272
f 240/240 242/242 274/274
f 260/260 274/274 242/242
f 240/240 274/274 259/259
f 254/254 259/259 265/265
f 275/275 274/274 260/260
f 269/269 274/274 275/275
f 259/259 274/274 269/269
f 259/259 269/269 265/265
f 276/276 269/269 275/275
f 276/276 275/275 277/277
f 263/263 275/275 260/260
f 275/275 263/263 277/277
f 269/269 276/276 271/271
f 271/271 268/268 269/269
f 159/159 278/278 161/161
f 279/279 161/161 278/278
f 280/280 279/279 278/278
f 278/278 159/159 281/281
f 161/161 282/282 69/69
f 161/161 279/279 282/282
f 237/237 69/69 282/282
f 279/279 280/280 283/283
f 283/283 280/280 284/284
f 280/280 278/278 281/281
f 281/281 285/285 280/280
f 286/286 285/285 281/281
f 287/287 283/283 284/284
f 288/288 284/284 285/285
f 285/285 284/284 280/280
f 288/288 285/285 286/286
f 237/237 282/282 279/279
f 283/283 237/237 279/279
f 244/244 241/241 237/237
f 237/237 283/283 244/244
f 159/159 158/158 165/165
f 281/281 159/159 165/165
f 289/289 165/165 164/164
f 290/290 289/289 164/164
f 165/165 289/289 281/281
f 291/291 164/164 169/169
f 292/292 164/164 291/291
f 168/168 293/293 294/294
f 295/295 168/168 294/294
f 295/295 169/169 168/168
f 291/291 169/169 295/295
f 294/294 5/5 295/295
f 296/296 291/291 295/295
f 290/290 164/164 292/292
f 292/292 291/291 296/296
f 290/290 292/292 297/297
f 297/297 292/292 296/296
f 296/296 295/295 5/5
f 2/2 296/296 5/5
f 297/297 296/296 2/2
f 289/289 298/298 299/299
f 298/298 289/289 290/290
f 299/299 281/281 289/289
f 281/281 299/299 286/286
f 300/300 286/286 301/301
f 299/299 298/298 301/301
f 301/301 286/286 299/299
f 297/297 302/302 290/290
f 302/302 297/297 1/1
f 290/290 302/302 298/298
f 2/2 1/1 297/297
f 7/7 302/302 1/1
f 298/298 302/302 303/303
f 303/303 301/301 298/298
f 304/304 302/302 7/7
f 303/303 302/302 304/304
f 7/7 1/1 3/3
f 284/284 305/305 287/287
f 288/288 305/305 284/284
f 288/288 286/286 306/306
f 305/305 307/307 308/308
f 307/307 288/288 306/306
f 307/307 305/305 288/288
f 244/244 261/261 243/243
f 287/287 261/261 244/244
f 287/287 244/244 283/283
f 261/261 287/287 305/305
f 308/308 307/307 309/309
f 310/310 262/262 261/261
f 305/305 310/310 261/261
f 262/262 310/310 264/264
f 311/311 264/264 310/310
f 310/310 305/305 308/308
f 310/310 308/308 312/312
f 312/312 311/311 310/310
f 309/309 312/312 308/308
f 300/300 306/306 286/286
f 307/307 306/306 313/313
f 300/300 314/314 306/306
f 314/314 300/300 315/315
f 304/304 7/7 11/11
f 315/315 301/301 303/303
f 304/304 316/316 303/303
f 316/316 304/304 11/11
f 300/300 301/301 315/315
f 315/315 303/303 316/316
f 9/9 11/11 7/7
f 316/316 11/11 317/317
f 315/315 316/316 317/317
f 317/317 318/318 315/315
f 319/319 11/11 10/10
f 320/320 318/318 317/317
f 317/317 11/11 319/319
f 321/321 317/317 319/319
f 322/322 317/317 321/321
f 314/314 315/315 318/318
f 313/313 306/306 314/314
f 309/309 307/307 313/313
f 309/309 313/313 323/323
f 324/324 309/309 323/323
f 323/323 313/313 314/314
f 325/325 318/318 320/320
f 320/320 317/317 322/322
f 325/325 314/314 318/318
f 326/326 314/314 325/325
f 323/323 314/314 326/326
f 327/327 325/325 320/320
f 322/322 327/327 320/320
f 325/325 328/328 326/326
f 328/328 323/323 326/326
f 325/325 327/327 328/328
f 75/75 252/252 183/183
f 329/329 183/183 252/252
f 251/251 330/330 252/252
f 329/329 252/252 330/330
f 252/252 75/75 76/76
f 247/247 252/252 76/76
f 329/329 188/188 183/183
f 188/188 329/329 14/14
f 188/188 189/189 187/187
f 13/13 188/188 14/14
f 331/331 329/329 330/330
f 329/329 331/331 14/14
f 332/332 331/331 330/330
f 331/331 15/15 14/14
f 333/333 330/330 251/251
f 333/333 251/251 253/253
f 330/330 333/333 332/332
f 253/253 256/256 333/333
f 334/334 332/332 333/333
f 331/331 332/332 335/335
f 332/332 334/334 335/335
f 331/331 335/335 15/15
f 335/335 29/29 15/15
f 336/336 36/36 334/334
f 36/36 29/29 335/335
f 36/36 335/335 334/334
f 188/188 13/13 189/189
f 19/19 16/16 189/189
f 13/13 19/19 189/189
f 13/13 12/12 19/19
f 20/20 18/18 17/17
f 20/20 201/201 196/196
f 267/267 337/337 256/256
f 334/334 333/333 256/256
f 334/334 337/337 336/336
f 337/337 334/334 256/256
f 338/338 336/336 337/337
f 338/338 337/337 267/267
f 339/339 338/338 267/267
f 338/338 339/339 340/340
f 267/267 256/256 255/255
f 336/336 341/341 36/36
f 340/340 341/341 336/336
f 340/340 336/336 338/338
f 340/340 339/339 342/342
f 339/339 267/267 266/266
f 270/270 339/339 266/266
f 270/270 273/273 339/339
f 342/342 339/339 273/273
f 343/343 340/340 342/342
f 343/343 341/341 340/340
f 343/343 344/344 341/341
f 341/341 37/37 36/36
f 39/39 37/37 341/341
f 344/344 39/39 341/341
f 40/40 39/39 344/344
f 344/344 44/44 40/40
f 345/345 344/344 343/343
f 344/344 345/345 44/44
f 346/346 44/44 345/345
f 140/140 347/347 144/144
f 144/144 348/348 349/349
f 350/350 349/349 348/348
f 350/350 348/348 351/351
f 352/352 144/144 347/347
f 352/352 348/348 144/144
f 353/353 348/348 352/352
f 353/353 354/354 348/348
f 351/351 348/348 354/354
f 355/355 351/351 354/354
f 347/347 140/140 142/142
f 347/347 356/356 352/352
f 347/347 142/142 357/357
f 142/142 149/149 357/357
f 148/148 358/358 149/149
f 356/356 357/357 359/359
f 356/356 353/353 352/352
f 347/347 357/357 356/356
f 360/360 353/353 356/356
f 361/361 357/357 149/149
f 149/149 358/358 361/361
f 362/362 355/355 363/363
f 363/363 355/355 364/364
f 363/363 364/364 365/365
f 359/359 360/360 356/356
f 354/354 366/366 367/367
f 366/366 368/368 367/367
f 355/355 354/354 364/364
f 354/354 353/353 366/366
f 353/353 360/360 366/366
f 364/364 354/354 367/367
f 367/367 365/365 364/364
f 369/369 367/367 370/370
f 371/371 365/365 369/369
f 365/365 367/367 369/369
f 369/369 370/370 372/372
f 372/372 373/373 369/369
f 373/373 371/371 369/369
f 374/374 361/361 358/358
f 374/374 358/358 375/375
f 376/376 359/359 361/361
f 359/359 377/377 360/360
f 359/359 378/378 377/377
f 378/378 359/359 376/376
f 361/361 359/359 357/357
f 374/374 376/376 361/361
f 375/375 379/379 374/374
f 376/376 374/374 380/380
f 366/366 360/360 381/381
f 366/366 381/381 368/368
f 368/368 370/370 367/367
f 372/372 370/370 382/382
f 383/383 370/370 368/368
f 381/381 383/383 368/368
f 370/370 383/383 382/382
f 360/360 377/377 381/381
f 380/380 378/378 376/376
f 384/384 381/381 377/377
f 385/385 381/381 384/384
f 385/385 383/383 381/381
f 386/386 383/383 385/385
f 374/374 387/387 380/380
f 379/379 387/387 374/374
f 387/387 379/379 388/388
f 389/389 388/388 379/379
f 378/378 384/384 377/377
f 380/380 390/390 378/378
f 391/391 384/384 378/378
f 387/387 390/390 380/380
f 391/391 378/378 390/390
f 389/389 387/387 388/388
f 389/389 392/392 387/387
f 382/382 383/383 386/386
f 393/393 394/394 382/382
f 382/382 386/386 393/393
f 373/373 372/372 394/394
f 395/395 373/373 394/394
f 372/372 382/382 394/394
f 396/396 395/395 394/394
f 397/397 394/394 393/393
f 398/398 397/397 393/393
f 396/396 394/394 397/397
f 396/396 397/397 399/399
f 400/400 385/385 384/384
f 386/386 401/401 393/393
f 391/391 400/400 384/384
f 385/385 402/402 386/386
f 385/385 400/400 402/402
f 400/400 403/403 402/402
f 401/401 386/386 402/402
f 401/401 402/402 404/404
f 401/401 405/405 398/398
f 404/404 405/405 401/401
f 401/401 398/398 393/393
f 399/399 397/397 406/406
f 406/406 397/397 398/398
f 407/407 398/398 405/405
f 407/407 406/406 398/398
f 399/399 406/406 408/408
f 408/408 406/406 407/407
f 390/390 409/409 391/391
f 392/392 390/390 387/387
f 409/409 390/390 392/392
f 400/400 391/391 403/403
f 410/410 403/403 391/391
f 409/409 411/411 391/391
f 404/404 402/402 412/412
f 403/403 412/412 402/402
f 404/404 413/413 405/405
f 404/404 414/414 413/413
f 410/410 415/415 403/403
f 415/415 412/412 403/403
f 404/404 412/412 414/414
f 412/412 416/416 414/414
f 405/405 413/413 407/407
f 417/417 407/407 413/413
f 418/418 409/409 419/419
f 389/389 419/419 392/392
f 419/419 409/409 392/392
f 389/389 420/420 419/419
f 421/421 410/410 391/391
f 418/418 411/411 409/409
f 415/415 416/416 412/412
f 422/422 414/414 416/416
f 423/423 416/416 415/415
f 391/391 411/411 421/421
f 421/421 415/415 410/410
f 421/421 424/424 415/415
f 407/407 417/417 408/408
f 414/414 422/422 413/413
f 425/425 413/413 422/422
f 417/417 413/413 425/425
f 417/417 425/425 426/426
f 426/426 427/427 417/417
f 422/422 416/416 423/423
f 423/423 428/428 422/422
f 425/425 422/422 428/428
f 425/425 428/428 429/429
f 426/426 425/425 429/429
f 426/426 429/429 430/430
f 431/431 432/432 433/433
f 434/434 435/435 433/433
f 436/436 433/433 435/435
f 435/435 437/437 436/436
f 438/438 436/436 437/437
f 437/437 435/435 439/439
f 437/437 439/439 440/440
f 440/440 439/439 441/441
f 442/442 443/443 441/441
f 441/441 443/443 440/440
f 444/444 438/438 445/445
f 293/293 446/446 294/294
f 431/431 433/433 447/447
f 448/448 431/431 447/447
f 448/448 446/446 431/431
f 448/448 449/449 446/446
f 450/450 449/449 448/448
f 451/451 449/449 450/450
f 294/294 446/446 449/449
f 449/449 5/5 294/294
f 452/452 453/453 447/447
f 436/436 438/438 452/452
f 445/445 438/438 454/454
f 433/433 436/436 447/447
f 452/452 447/447 436/436
f 437/437 454/454 438/438
f 455/455 452/452 438/438
f 453/453 452/452 455/455
f 448/448 447/447 453/453
f 450/450 448/448 453/453
f 438/438 444/444 455/455
f 456/456 457/457 458/458
f 456/456 458/458 459/459
f 460/460 453/453 455/455
f 450/450 453/453 460/460
f 459/459 450/450 461/461
f 461/461 450/450 460/460
f 462/462 460/460 455/455
f 462/462 455/455 444/444
f 461/461 460/460 462/462
f 4/4 5/5 458/458
f 458/458 449/449 451/451
f 458/458 5/5 449/449
f 459/459 451/451 450/450
f 458/458 451/451 459/459
f 6/6 4/4 457/457
f 457/457 4/4 458/458
f 454/454 437/437 440/440
f 454/454 440/440 443/443
f 443/443 442/442 463/463
f 464/464 463/463 442/442
f 443/443 465/465 454/454
f 445/445 454/454 465/465
f 465/465 443/443 466/466
f 466/466 443/443 463/463
f 463/463 467/467 466/466
f 468/468 463/463 469/469
f 463/463 468/468 467/467
f 470/470 468/468 471/471
f 444/444 445/445 472/472
f 465/465 473/473 445/445
f 444/444 472/472 462/462
f 473/473 472/472 445/445
f 465/465 474/474 473/473
f 474/474 465/465 466/466
f 475/475 474/474 466/466
f 462/462 472/472 476/476
f 477/477 474/474 475/475
f 473/473 474/474 477/477
f 475/475 467/467 478/478
f 475/475 466/466 467/467
f 478/478 467/467 468/468
f 478/478 468/468 470/470
f 479/479 478/478 470/470
f 480/480 479/479 481/481
f 480/480 481/481 482/482
f 483/483 484/484 485/485
f 484/484 486/486 487/487
f 488/488 489/489 486/486
f 487/487 486/486 489/489
f 490/490 488/488 491/491
f 492/492 493/493 494/494
f 493/493 487/487 489/489
f 487/487 485/485 484/484
f 495/495 485/485 487/487
f 487/487 493/493 495/495
f 494/494 489/489 488/488
f 493/493 489/489 494/494
f 488/488 490/490 494/494
f 490/490 491/491 496/496
f 490/490 496/496 497/497
f 498/498 494/494 499/499
f 490/490 499/499 494/494
f 497/497 499/499 490/490
f 500/500 499/499 497/497
f 501/501 497/497 502/502
f 501/501 502/502 503/503
f 497/497 504/504 500/500
f 504/504 497/497 501/501
f 504/504 505/505 500/500
f 504/504 501/501 506/506
f 506/506 501/501 507/507
f 501/501 503/503 507/507
f 508/508 457/457 456/456
f 509/509 510/510 508/508
f 511/511 459/459 461/461
f 456/456 459/459 511/511
f 512/512 461/461 462/462
f 462/462 476/476 512/512
f 483/483 456/456 511/511
f 461/461 512/512 511/511
f 508/508 456/456 483/483
f 483/483 509/509 508/508
f 457/457 508/508 6/6
f 510/510 6/6 508/508
f 510/510 9/9 6/6
f 510/510 513/513 9/9
f 9/9 513/513 10/10
f 509/509 514/514 510/510
f 515/515 514/514 516/516
f 483/483 511/511 484/484
f 512/512 486/486 511/511
f 484/484 511/511 486/486
f 517/517 509/509 483/483
f 517/517 514/514 509/509
f 516/516 514/514 518/518
f 519/519 10/10 515/515
f 514/514 513/513 510/510
f 515/515 513/513 514/514
f 515/515 10/10 513/513
f 520/520 319/319 10/10
f 10/10 521/521 520/520
f 521/521 10/10 519/519
f 519/519 522/522 521/521
f 523/523 521/521 522/522
f 523/523 520/520 521/521
f 520/520 523/523 524/524
f 525/525 524/524 523/523
f 525/525 523/523 526/526
f 476/476 472/472 527/527
f 476/476 527/527 488/488
f 472/472 473/473 527/527
f 477/477 527/527 473/473
f 486/486 512/512 476/476
f 488/488 486/486 476/476
f 488/488 527/527 491/491
f 491/491 527/527 477/477
f 496/496 491/491 477/477
f 528/528 478/478 479/479
f 477/477 475/475 496/496
f 475/475 478/478 529/529
f 529/529 496/496 475/475
f 478/478 530/530 529/529
f 530/530 478/478 528/528
f 531/531 528/528 480/480
f 528/528 479/479 480/480
f 532/532 480/480 482/482
f 496/496 502/502 497/497
f 496/496 529/529 502/502
f 530/530 502/502 529/529
f 502/502 530/530 503/503
f 503/503 530/530 533/533
f 530/530 528/528 533/533
f 531/531 533/533 528/528
f 534/534 535/535 536/536
f 537/537 536/536 538/538
f 536/536 539/539 534/534
f 537/537 539/539 536/536
f 540/540 541/541 537/537
f 541/541 539/539 537/537
f 542/542 540/540 543/543
f 503/503 533/533 544/544
f 507/507 503/503 544/544
f 480/480 545/545 531/531
f 546/546 482/482 547/547
f 546/546 547/547 548/548
f 532/532 482/482 546/546
f 549/549 546/546 548/548
f 480/480 532/532 545/545
f 546/546 550/550 532/532
f 546/546 549/549 550/550
f 550/550 549/549 534/534
f 551/551 533/533 531/531
f 551/551 531/531 545/545
f 533/533 551/551 544/544
f 552/552 551/551 545/545
f 553/553 552/552 545/545
f 553/553 545/545 554/554
f 545/545 532/532 550/550
f 554/554 545/545 550/550
f 534/534 549/549 535/535
f 554/554 550/550 555/555
f 556/556 550/550 534/534
f 556/556 534/534 539/539
f 555/555 550/550 556/556
f 108/108 557/557 111/111
f 557/557 558/558 111/111
f 559/559 560/560 557/557
f 560/560 559/559 561/561
f 558/558 557/557 560/560
f 560/560 561/561 562/562
f 563/563 116/116 558/558
f 564/564 563/563 558/558
f 111/111 558/558 116/116
f 563/563 565/565 118/118
f 118/118 116/116 563/563
f 565/565 563/563 566/566
f 566/566 563/563 564/564
f 558/558 560/560 564/564
f 564/564 560/560 562/562
f 564/564 562/562 567/567
f 566/566 564/564 567/567
f 567/567 568/568 566/566
f 569/569 562/562 570/570
f 567/567 562/562 569/569
f 568/568 569/569 571/571
f 569/569 570/570 572/572
f 571/571 569/569 572/572
f 568/568 567/567 569/569
f 573/573 568/568 571/571
f 574/574 571/571 572/572
f 575/575 571/571 574/574
f 576/576 575/575 574/574
f 109/109 141/141 349/349
f 577/577 109/109 350/350
f 349/349 350/350 109/109
f 109/109 577/577 108/108
f 350/350 578/578 577/577
f 351/351 578/578 350/350
f 578/578 351/351 355/355
f 108/108 577/577 557/557
f 557/557 577/577 578/578
f 144/144 349/349 141/141
f 559/559 578/578 355/355
f 557/557 578/578 559/559
f 559/559 355/355 362/362
f 559/559 362/362 579/579
f 142/142 145/145 149/149
f 148/148 147/147 150/150
f 375/375 148/148 150/150
f 561/561 579/579 570/570
f 579/579 561/561 559/559
f 579/579 580/580 581/581
f 362/362 363/363 579/579
f 580/580 579/579 363/363
f 363/363 365/365 580/580
f 562/562 561/561 570/570
f 581/581 570/570 579/579
f 570/570 581/581 572/572
f 582/582 580/580 371/371
f 582/582 581/581 580/580
f 583/583 581/581 584/584
f 584/584 581/581 582/582
f 584/584 582/582 585/585
f 365/365 371/371 580/580
f 582/582 371/371 585/585
f 572/572 581/581 583/583
f 574/574 572/572 583/583
f 586/586 576/576 574/574
f 566/566 587/587 565/565
f 588/588 565/565 587/587
f 166/166 117/117 119/119
f 166/166 119/119 588/588
f 588/588 119/119 565/565
f 589/589 166/166 588/588
f 589/589 588/588 590/590
f 590/590 588/588 587/587
f 566/566 591/591 587/587
f 592/592 587/587 591/591
f 593/593 590/590 592/592
f 592/592 594/594 593/593
f 590/590 587/587 592/592
f 592/592 591/591 595/595
f 596/596 594/594 592/592
f 595/595 596/596 592/592
f 594/594 596/596 597/597
f 118/118 565/565 119/119
f 591/591 566/566 568/568
f 568/568 595/595 591/591
f 170/170 598/598 599/599
f 593/593 600/600 601/601
f 432/432 600/600 434/434
f 432/432 599/599 601/601
f 600/600 432/432 601/601
f 598/598 167/167 166/166
f 589/589 598/598 166/166
f 170/170 167/167 598/598
f 598/598 589/589 599/599
f 599/599 589/589 590/590
f 599/599 590/590 601/601
f 601/601 590/590 593/593
f 602/602 599/599 432/432
f 602/602 170/170 599/599
f 293/293 602/602 446/446
f 293/293 168/168 602/602
f 431/431 602/602 432/432
f 446/446 602/602 431/431
f 168/168 170/170 602/602
f 433/433 432/432 434/434
f 593/593 603/603 600/600
f 603/603 593/593 594/594
f 434/434 600/600 603/603
f 434/434 603/603 435/435
f 604/604 439/439 603/603
f 603/603 594/594 604/604
f 597/597 604/604 594/594
f 597/597 605/605 604/604
f 603/603 439/439 435/435
f 439/439 604/604 441/441
f 595/595 606/606 596/596
f 596/596 607/607 597/597
f 607/607 596/596 606/606
f 595/595 568/568 573/573
f 595/595 573/573 608/608
f 606/606 595/595 608/608
f 575/575 573/573 571/571
f 573/573 575/575 608/608
f 576/576 609/609 575/575
f 609/609 608/608 575/575
f 606/606 608/608 610/610
f 609/609 610/610 608/608
f 611/611 610/610 609/609
f 604/604 605/605 441/441
f 441/441 605/605 612/612
f 613/613 605/605 597/597
f 612/612 605/605 613/613
f 607/607 613/613 597/597
f 613/613 607/607 614/614
f 606/606 614/614 607/607
f 614/614 612/612 613/613
f 615/615 614/614 616/616
f 464/464 612/612 615/615
f 615/615 612/612 614/614
f 441/441 612/612 442/442
f 442/442 612/612 464/464
f 615/615 616/616 617/617
f 469/469 464/464 617/617
f 464/464 615/615 617/617
f 618/618 469/469 617/617
f 614/614 606/606 616/616
f 616/616 606/606 610/610
f 616/616 610/610 619/619
f 617/617 616/616 619/619
f 619/619 610/610 611/611
f 620/620 618/618 617/617
f 620/620 617/617 619/619
f 621/621 620/620 619/619
f 621/621 619/619 611/611
f 622/622 620/620 621/621
f 618/618 620/620 623/623
f 623/623 620/620 622/622
f 583/583 584/584 624/624
f 584/584 585/585 624/624
f 624/624 585/585 625/625
f 626/626 624/624 625/625
f 371/371 373/373 585/585
f 627/627 585/585 373/373
f 395/395 627/627 373/373
f 585/585 627/627 625/625
f 627/627 628/628 625/625
f 626/626 625/625 629/629
f 629/629 625/625 628/628
f 628/628 627/627 630/630
f 631/631 628/628 630/630
f 586/586 574/574 583/583
f 586/586 583/583 624/624
f 586/586 624/624 626/626
f 632/632 586/586 626/626
f 632/632 626/626 633/633
f 634/634 633/633 626/626
f 635/635 633/633 634/634
f 634/634 626/626 629/629
f 628/628 631/631 629/629
f 636/636 629/629 631/631
f 636/636 631/631 637/637
f 629/629 636/636 634/634
f 634/634 636/636 635/635
f 637/637 638/638 636/636
f 609/609 576/576 639/639
f 639/639 640/640 609/609
f 621/621 611/611 640/640
f 611/611 609/609 640/640
f 641/641 640/640 639/639
f 621/621 640/640 642/642
f 640/640 643/643 642/642
f 643/643 640/640 641/641
f 576/576 586/586 632/632
f 632/632 639/639 576/576
f 639/639 632/632 644/644
f 645/645 644/644 632/632
f 645/645 632/632 633/633
f 645/645 633/633 635/635
f 645/645 635/635 646/646
f 647/647 645/645 646/646
f 635/635 636/636 648/648
f 646/646 635/635 648/648
f 641/641 639/639 644/644
f 645/645 647/647 644/644
f 641/641 644/644 647/647
f 649/649 647/647 646/646
f 641/641 647/647 650/650
f 643/643 641/641 651/651
f 651/651 641/641 650/650
f 649/649 650/650 647/647
f 649/649 652/652 650/650
f 636/636 638/638 648/648
f 646/646 648/648 653/653
f 648/648 638/638 653/653
f 638/638 654/654 653/653
f 649/649 646/646 655/655
f 649/649 655/655 652/652
f 656/656 646/646 653/653
f 655/655 646/646 656/656
f 656/656 653/653 654/654
f 654/654 657/657 656/656
f 655/655 656/656 658/658
f 658/658 656/656 657/657
f 659/659 657/657 660/660
f 661/661 150/150 135/135
f 375/375 150/150 661/661
f 208/208 661/661 135/135
f 375/375 358/358 148/148
f 375/375 661/661 379/379
f 208/208 379/379 661/661
f 208/208 389/389 379/379
f 207/207 662/662 663/663
f 207/207 214/214 662/662
f 214/214 224/224 664/664
f 664/664 662/662 214/214
f 665/665 224/224 218/218
f 665/665 664/664 224/224
f 227/227 665/665 218/218
f 218/218 225/225 227/227
f 663/663 208/208 207/207
f 420/420 389/389 208/208
f 208/208 663/663 420/420
f 630/630 627/627 395/395
f 630/630 395/395 396/396
f 666/666 630/630 396/396
f 396/396 399/399 666/666
f 630/630 666/666 631/631
f 631/631 666/666 667/667
f 667/667 666/666 668/668
f 669/669 667/667 668/668
f 668/668 666/666 399/399
f 668/668 399/399 670/670
f 670/670 399/399 408/408
f 671/671 670/670 408/408
f 670/670 669/669 668/668
f 672/672 670/670 671/671
f 669/669 670/670 672/672
f 637/637 631/631 667/667
f 673/673 637/637 667/667
f 667/667 669/669 673/673
f 673/673 669/669 674/674
f 673/673 638/638 637/637
f 638/638 673/673 674/674
f 675/675 674/674 676/676
f 674/674 669/669 677/677
f 669/669 672/672 677/677
f 677/677 678/678 679/679
f 674/674 677/677 680/680
f 676/676 674/674 680/680
f 680/680 677/677 679/679
f 417/417 427/427 408/408
f 671/671 408/408 427/427
f 427/427 681/681 671/671
f 672/672 671/671 682/682
f 682/682 671/671 681/681
f 672/672 682/682 678/678
f 678/678 682/682 681/681
f 427/427 426/426 683/683
f 681/681 427/427 683/683
f 683/683 426/426 430/430
f 683/683 684/684 681/681
f 685/685 681/681 686/686
f 686/686 681/681 684/684
f 686/686 684/684 687/687
f 678/678 677/677 672/672
f 685/685 678/678 681/681
f 678/678 688/688 679/679
f 688/688 678/678 685/685
f 685/685 686/686 689/689
f 687/687 690/690 686/686
f 686/686 690/690 689/689
f 688/688 685/685 689/689
f 689/689 691/691 688/688
f 674/674 675/675 638/638
f 654/654 638/638 675/675
f 692/692 654/654 675/675
f 692/692 675/675 676/676
f 676/676 693/693 692/692
f 680/680 679/679 693/693
f 693/693 676/676 680/680
f 692/692 693/693 694/694
f 695/695 694/694 693/693
f 657/657 654/654 660/660
f 660/660 654/654 692/692
f 696/696 660/660 692/692
f 660/660 696/696 697/697
f 698/698 697/697 696/696
f 696/696 692/692 694/694
f 698/698 696/696 694/694
f 694/694 695/695 698/698
f 688/688 699/699 679/679
f 691/691 699/699 688/688
f 679/679 699/699 693/693
f 695/695 693/693 699/699
f 700/700 699/699 691/691
f 695/695 699/699 700/700
f 469/469 463/463 464/464
f 471/471 468/468 469/469
f 471/471 469/469 701/701
f 701/701 469/469 618/618
f 623/623 701/701 618/618
f 623/623 702/702 701/701
f 471/471 701/701 703/703
f 703/703 701/701 702/702
f 703/703 702/702 704/704
f 704/704 702/702 623/623
f 703/703 481/481 470/470
f 470/470 471/471 703/703
f 704/704 623/623 705/705
f 706/706 703/703 704/704
f 707/707 622/622 621/621
f 623/623 622/622 705/705
f 707/707 705/705 622/622
f 706/706 481/481 703/703
f 479/479 470/470 481/481
f 482/482 481/481 706/706
f 547/547 706/706 704/704
f 708/708 704/704 709/709
f 482/482 706/706 547/547
f 520/520 321/321 319/319
f 710/710 321/321 520/520
f 520/520 524/524 710/710
f 321/321 710/710 322/322
f 711/711 322/322 710/710
f 712/712 322/322 711/711
f 710/710 524/524 713/713
f 710/710 713/713 711/711
f 711/711 713/713 714/714
f 525/525 713/713 524/524
f 715/715 713/713 525/525
f 713/713 715/715 716/716
f 715/715 719/719 716/716
f 327/327 322/322 712/712
f 714/714 712/712 711/711
f 712/712 714/714 720/720
f 327/327 712/712 720/720
f 716/716 714/714 713/713
f 714/714 721/721 720/720
f 716/716 721/721 714/714
f 721/721 716/716 719/719
f 525/525 723/723 715/715
f 723/723 525/525 724/724
f 719/719 715/715 723/723
f 726/726 722/722 727/727
f 727/727 728/728 729/729
f 721/721 719/719 731/731
f 732/732 717/717 722/722
f 732/732 722/722 726/726
f 732/732 726/726 734/734
f 718/718 733/733 736/736
f 736/736 733/733 735/735
f 727/727 729/729 726/726
f 726/726 729/729 734/734
f 735/735 737/737 736/736
f 737/737 735/735 739/739
f 740/740 741/741 742/742
f 742/742 741/741 743/743
f 744/744 742/742 743/743
f 745/745 535/535 740/740
f 745/745 740/740 742/742
f 746/746 742/742 744/744
f 746/746 745/745 742/742
f 747/747 745/745 746/746
f 748/748 747/747 746/746
f 744/744 748/748 746/746
f 744/744 743/743 749/749
f 750/750 744/744 749/749
f 751/751 750/750 749/749
f 748/748 744/744 750/750
f 754/754 750/750 751/751
f 750/750 755/755 748/748
f 728/728 756/756 729/729
f 756/756 757/757 758/758
f 759/759 757/757 756/756
f 734/734 729/729 760/760
f 738/738 734/734 760/760
f 761/761 738/738 760/760
f 756/756 760/760 729/729
f 763/763 737/737 739/739
f 739/739 762/762 763/763
f 763/763 762/762 764/764
f 765/765 766/766 767/767
f 767/767 766/766 761/761
f 769/769 771/771 772/772
f 761/761 766/766 771/771
f 758/758 760/760 756/756
f 760/760 758/758 767/767
f 767/767 761/761 760/760
f 770/770 764/764 762/762
f 764/764 770/770 768/768
f 773/773 774/774 543/543
f 775/775 774/774 773/773
f 745/745 536/536 535/535
f 536/536 745/745 538/538
f 776/776 538/538 745/745
f 776/776 773/773 538/538
f 538/538 540/540 537/537
f 540/540 773/773 543/543
f 773/773 540/540 538/538
f 777/777 775/775 747/747
f 755/755 778/778 748/748
f 775/775 765/765 774/774
f 766/766 765/765 772/772
f 777/777 765/765 775/775
f 765/765 777/777 772/772
f 777/777 778/778 772/772
f 777/777 748/748 778/778
f 776/776 745/745 747/747
f 747/747 775/775 776/776
f 777/777 747/747 748/748
f 775/775 773/773 776/776
f 757/757 543/543 774/774
f 758/758 757/757 774/774
f 759/759 779/779 757/757
f 542/542 543/543 757/757
f 758/758 774/774 765/765
f 758/758 765/765 767/767
f 772/772 771/771 766/766
f 763/763 764/764 780/780
f 780/780 764/764 768/768
f 755/755 781/781 778/778
f 769/769 772/772 778/778
f 781/781 769/769 778/778
f 783/783 784/784 782/782
f 784/784 768/768 782/782
f 754/754 755/755 750/750
f 781/781 755/755 754/754
f 783/783 782/782 753/753
f 783/783 753/753 752/752
f 780/780 768/768 784/784
f 783/783 785/785 784/784
f 780/780 784/784 785/785
f 785/785 783/783 786/786
f 787/787 785/785 786/786
f 707/707 621/621 642/642
f 707/707 642/642 788/788
f 642/642 643/643 788/788
f 788/788 643/643 651/651
f 707/707 789/789 705/705
f 789/789 707/707 788/788
f 651/651 790/790 788/788
f 792/792 788/788 790/790
f 547/547 704/704 708/708
f 708/708 793/793 547/547
f 793/793 548/548 547/547
f 794/794 793/793 708/708
f 709/709 794/794 708/708
f 793/793 794/794 548/548
f 548/548 794/794 741/741
f 741/741 794/794 795/795
f 709/709 704/704 705/705
f 789/789 796/796 705/705
f 709/709 705/705 796/796
f 789/789 797/797 796/796
f 792/792 789/789 788/788
f 792/792 797/797 789/789
f 709/709 796/796 798/798
f 798/798 796/796 797/797
f 795/795 794/794 709/709
f 795/795 709/709 798/798
f 795/795 798/798 799/799
f 801/801 799/799 798/798
f 797/797 801/801 798/798
f 801/801 797/797 802/802
f 802/802 797/797 792/792
f 804/804 803/803 791/791
f 803/803 804/804 805/805
f 651/651 652/652 790/790
f 651/651 650/650 652/652
f 790/790 652/652 806/806
f 806/806 652/652 807/807
f 808/808 812/812 792/792
f 812/812 808/808 814/814
f 809/809 815/815 813/813
f 815/815 810/810 813/813
f 808/808 792/792 790/790
f 816/816 808/808 790/790
f 811/811 804/804 791/791
f 804/804 811/811 790/790
f 811/811 816/816 790/790
f 804/804 790/790 806/806
f 805/805 804/804 817/817
f 804/804 806/806 818/818
f 818/818 817/817 804/804
f 658/658 807/807 652/652
f 658/658 819/819 807/807
f 652/652 655/655 658/658
f 820/820 658/658 657/657
f 659/659 820/820 657/657
f 819/819 658/658 820/820
f 819/819 820/820 821/821
f 820/820 659/659 822/822
f 822/822 821/821 820/820
f 823/823 821/821 822/822
f 819/819 806/806 807/807
f 806/806 824/824 818/818
f 824/824 806/806 819/819
f 818/818 824/824 825/825
f 819/819 821/821 826/826
f 821/821 823/823 826/826
f 819/819 826/826 824/824
f 827/827 824/824 826/826
f 828/828 826/826 829/829
f 826/826 823/823 829/829
f 741/741 795/795 743/743
f 548/548 741/741 740/740
f 549/549 548/548 740/740
f 740/740 535/535 549/549
f 795/795 799/799 743/743
f 749/749 743/743 799/799
f 749/749 799/799 751/751
f 801/801 751/751 799/799
f 805/805 830/830 803/803
f 830/830 800/800 803/803
f 830/830 752/752 800/800
f 786/786 752/752 830/830
f 830/830 805/805 831/831
f 783/783 752/752 786/786
f 832/832 830/830 831/831
f 833/833 830/830 832/832
f 786/786 830/830 833/833
f 787/787 786/786 833/833
f 834/834 831/831 805/805
f 834/834 817/817 818/818
f 834/834 805/805 817/817
f 832/832 835/835 836/836
f 831/831 834/834 837/837
f 837/837 832/832 831/831
f 837/837 834/834 838/838
f 835/835 832/832 837/837
f 839/839 837/837 838/838
f 839/839 835/835 837/837
f 825/825 834/834 818/818
f 838/838 834/834 825/825
f 825/825 824/824 827/827
f 828/828 827/827 826/826
f 840/840 827/827 828/828
f 825/825 840/840 841/841
f 825/825 827/827 840/840
f 841/841 838/838 825/825
f 840/840 828/828 842/842
f 840/840 842/842 841/841
f 838/838 843/843 839/839
f 843/843 838/838 841/841
f 844/844 841/841 842/842
f 843/843 841/841 844/844
f 822/822 659/659 660/660
f 822/822 660/660 697/697
f 845/845 822/822 697/697
f 846/846 847/847 697/697
f 845/845 697/697 847/847
f 845/845 847/847 846/846
f 846/846 697/697 848/848
f 848/848 698/698 849/849
f 848/848 697/697 698/698
f 823/823 822/822 845/845
f 846/846 823/823 845/845
f 829/829 823/823 850/850
f 850/850 823/823 846/846
f 848/848 851/851 846/846
f 851/851 852/852 846/846
f 850/850 846/846 852/852
f 853/853 829/829 850/850
f 828/828 829/829 853/853
f 850/850 854/854 853/853
f 853/853 842/842 828/828
f 853/853 854/854 842/842
f 854/854 850/850 855/855
f 856/856 854/854 855/855
f 855/855 850/850 852/852
f 857/857 855/855 852/852
f 855/855 857/857 856/856
f 842/842 858/858 844/844
f 854/854 856/856 859/859
f 858/858 842/842 859/859
f 842/842 854/854 859/859
f 859/859 860/860 858/858
f 861/861 857/857 862/862
f 861/861 856/856 857/857
f 860/860 859/859 856/856
f 861/861 860/860 856/856
f 689/689 690/690 863/863
f 849/849 698/698 695/695
f 689/689 863/863 691/691
f 864/864 691/691 863/863
f 700/700 691/691 864/864
f 864/864 863/863 865/865
f 863/863 866/866 865/865
f 867/867 695/695 700/700
f 867/867 700/700 868/868
f 868/868 700/700 864/864
f 849/849 695/695 867/867
f 849/849 867/867 869/869
f 867/867 868/868 869/869
f 869/869 868/868 870/870
f 868/868 864/864 865/865
f 865/865 870/870 868/868
f 871/871 870/870 865/865
f 849/849 872/872 848/848
f 872/872 851/851 848/848
f 873/873 851/851 874/874
f 851/851 873/873 852/852
f 873/873 875/875 852/852
f 869/869 872/872 849/849
f 869/869 870/870 876/876
f 876/876 872/872 869/869
f 874/874 851/851 872/872
f 876/876 874/874 872/872
f 876/876 870/870 877/877
f 877/877 870/870 871/871
f 878/878 876/876 877/877
f 877/877 879/879 878/878
f 879/879 877/877 871/871
f 876/876 880/880 874/874
f 881/881 874/874 880/880
f 881/881 873/873 874/874
f 882/882 880/880 883/883
f 880/880 882/882 881/881
f 880/880 876/876 878/878
f 883/883 880/880 878/878
f 879/879 883/883 878/878
f 879/879 884/884 883/883
f 884/884 885/885 883/883
f 852/852 875/875 857/857
f 862/862 875/875 881/881
f 862/862 857/857 875/875
f 875/875 873/873 881/881
f 862/862 881/881 882/882
f 862/862 882/882 886/886
f 886/886 882/882 887/887
f 888/888 882/882 883/883
f 888/888 883/883 885/885
f 888/888 885/885 889/889
f 887/887 882/882 888/888
f 888/888 889/889 890/890
f 890/890 887/887 888/888
f 887/887 890/890 891/891
f 892/892 862/862 886/886
f 893/893 892/892 886/886
f 887/887 893/893 886/886
f 892/892 861/861 862/862
f 861/861 892/892 894/894
f 895/895 891/891 890/890
f 891/891 893/893 887/887
f 893/893 891/891 896/896
f 897/897 891/891 895/895
f 896/896 891/891 897/897
f 20/20 21/21 898/898
f 898/898 21/21 899/899
f 27/27 21/21 17/17
f 21/21 27/27 899/899
f 900/900 901/901 27/27
f 901/901 899/899 27/27
f 898/898 899/899 902/902
f 899/899 901/901 903/903
f 904/904 902/902 899/899
f 901/901 905/905 903/903
f 903/903 904/904 899/899
f 906/906 907/907 903/903
f 900/900 27/27 26/26
f 26/26 32/32 900/900
f 900/900 32/32 908/908
f 908/908 901/901 900/900
f 34/34 33/33 31/31
f 910/910 33/33 34/34
f 910/910 34/34 42/42
f 34/34 35/35 42/42
f 909/909 33/33 910/910
f 910/910 911/911 909/909
f 901/901 908/908 905/905
f 912/912 905/905 908/908
f 905/905 906/906 903/903
f 905/905 912/912 913/913
f 911/911 910/910 914/914
f 912/912 916/916 913/913
f 912/912 915/915 916/916
f 903/903 907/907 904/904
f 917/917 907/907 906/906
f 913/913 906/906 905/905
f 907/907 917/917 918/918
f 919/919 917/917 906/906
f 920/920 918/918 917/917
f 919/919 920/920 917/917
f 906/906 913/913 919/919
f 921/921 913/913 916/916
f 921/921 919/919 913/913
f 922/922 920/920 919/919
f 919/919 921/921 922/922
f 922/922 923/923 920/920
f 924/924 910/910 42/42
f 42/42 41/41 925/925
f 926/926 924/924 42/42
f 42/42 925/925 926/926
f 924/924 914/914 910/910
f 927/927 914/914 924/924
f 928/928 914/914 927/927
f 929/929 916/916 915/915
f 926/926 927/927 924/924
f 930/930 927/927 926/926
f 931/931 928/928 927/927
f 930/930 931/931 927/927
f 925/925 41/41 45/45
f 925/925 45/45 926/926
f 932/932 926/926 45/45
f 933/933 45/45 43/43
f 934/934 932/932 45/45
f 45/45 933/933 934/934
f 932/932 930/930 926/926
f 935/935 930/930 932/932
f 936/936 935/935 932/932
f 937/937 935/935 936/936
f 916/916 929/929 921/921
f 921/921 929/929 938/938
f 931/931 939/939 928/928
f 940/940 939/939 931/931
f 941/941 922/922 921/921
f 938/938 941/941 921/921
f 942/942 941/941 943/943
f 940/940 944/944 939/939
f 941/941 938/938 945/945
f 941/941 945/945 943/943
f 946/946 931/931 930/930
f 946/946 930/930 935/935
f 940/940 931/931 946/946
f 946/946 935/935 937/937
f 947/947 944/944 940/940
f 948/948 947/947 940/940
f 948/948 940/940 946/946
f 949/949 205/205 203/203
f 205/205 949/949 950/950
f 951/951 205/205 950/950
f 950/950 949/949 952/952
f 953/953 952/952 949/949
f 954/954 955/955 222/222
f 955/955 223/223 222/222
f 226/226 225/225 223/223
f 955/955 226/226 223/223
f 226/226 955/955 956/956
f 955/955 957/957 958/958
f 231/231 204/204 206/206
f 229/229 231/231 959/959
f 959/959 231/231 960/960
f 229/229 961/961 230/230
f 961/961 233/233 230/230
f 959/959 961/961 229/229
f 962/962 961/961 960/960
f 963/963 234/234 961/961
f 964/964 234/234 963/963
f 960/960 961/961 959/959
f 962/962 963/963 961/961
f 233/233 961/961 234/234
f 234/234 220/220 217/217
f 221/221 220/220 965/965
f 234/234 965/965 220/220
f 221/221 965/965 954/954
f 234/234 966/966 965/965
f 966/966 954/954 965/965
f 234/234 964/964 966/966
f 964/964 967/967 966/966
f 966/966 968/968 954/954
f 969/969 962/962 960/960
f 970/970 963/963 962/962
f 964/964 963/963 971/971
f 964/964 971/971 972/972
f 968/968 966/966 967/967
f 972/972 967/967 964/964
f 968/968 967/967 972/972
f 954/954 968/968 973/973
f 968/968 972/972 973/973
f 960/960 231/231 206/206
f 206/206 205/205 960/960
f 205/205 969/969 960/960
f 969/969 970/970 962/962
f 951/951 969/969 205/205
f 969/969 974/974 970/970
f 969/969 951/951 974/974
f 970/970 971/971 963/963
f 975/975 972/972 971/971
f 221/221 954/954 222/222
f 955/955 954/954 957/957
f 973/973 957/957 954/954
f 974/974 951/951 952/952
f 976/976 970/970 974/974
f 977/977 976/976 974/974
f 952/952 977/977 974/974
f 976/976 978/978 971/971
f 971/971 970/970 976/976
f 978/978 975/975 971/971
f 976/976 979/979 978/978
f 980/980 976/976 977/977
f 981/981 980/980 977/977
f 976/976 980/980 979/979
f 951/951 950/950 952/952
f 977/977 952/952 982/982
f 977/977 982/982 981/981
f 973/973 972/972 975/975
f 975/975 978/978 983/983
f 983/983 973/973 975/975
f 983/983 984/984 973/973
f 980/980 981/981 979/979
f 953/953 982/982 952/952
f 982/982 985/985 981/981
f 982/982 953/953 985/985
f 984/984 983/983 978/978
f 986/986 984/984 978/978
f 978/978 979/979 986/986
f 973/973 984/984 987/987
f 987/987 984/984 988/988
f 989/989 979/979 981/981
f 989/989 990/990 979/979
f 986/986 988/988 984/984
f 991/991 986/986 990/990
f 992/992 991/991 990/990
f 988/988 986/986 993/993
f 991/991 993/993 986/986
f 990/990 986/986 979/979
f 985/985 989/989 981/981
f 958/958 973/973 994/994
f 958/958 994/994 995/995
f 996/996 995/995 994/994
f 996/996 994/994 997/997
f 998/998 997/997 994/994
f 996/996 997/997 999/999
f 958/958 957/957 973/973
f 988/988 1000/1000 987/987
f 1000/1000 988/988 993/993
f 987/987 994/994 973/973
f 994/994 987/987 998/998
f 987/987 1000/1000 998/998
f 990/990 989/989 1001/1001
f 1001/1001 992/992 990/990
f 953/953 1002/1002 985/985
f 1002/1002 1001/1001 985/985
f 1001/1001 989/989 985/985
f 953/953 1003/1003 1002/1002
f 1003/1003 1004/1004 1002/1002
f 1005/1005 1006/1006 997/997
f 997/997 998/998 1005/1005
f 1005/1005 1007/1007 1006/1006
f 999/999 1006/1006 1008/1008
f 1006/1006 1007/1007 1009/1009
f 1007/1007 1010/1010 1009/1009
f 999/999 997/997 1006/1006
f 1007/1007 1011/1011 1010/1010
f 1001/1001 1012/1012 992/992
f 992/992 1012/1012 991/991
f 1012/1012 993/993 991/991
f 998/998 1000/1000 993/993
f 1005/1005 998/998 993/993
f 1005/1005 993/993 1012/1012
f 1005/1005 1012/1012 1007/1007
f 1012/1012 1001/1001 1013/1013
f 1014/1014 1013/1013 1004/1004
f 1013/1013 1015/1015 1012/1012
f 1015/1015 1007/1007 1012/1012
f 1014/1014 1015/1015 1013/1013
f 1013/1013 1001/1001 1002/1002
f 1013/1013 1002/1002 1004/1004
f 1007/1007 1015/1015 1011/1011
f 1011/1011 1015/1015 1014/1014
f 1011/1011 1014/1014 1016/1016
f 1014/1014 1004/1004 1016/1016
f 1016/1016 1004/1004 1003/1003
f 1017/1017 1018/1018 1016/1016
f 1017/1017 1016/1016 1003/1003
f 1019/1019 1020/1020 1003/1003
f 1003/1003 1020/1020 1017/1017
f 197/197 201/201 1021/1021
f 898/898 201/201 20/20
f 198/198 197/197 1021/1021
f 1022/1022 198/198 1021/1021
f 202/202 198/198 1023/1023
f 198/198 1022/1022 1023/1023
f 203/203 202/202 1023/1023
f 1022/1022 1021/1021 1024/1024
f 1021/1021 201/201 1024/1024
f 898/898 902/902 201/201
f 902/902 1025/1025 201/201
f 1023/1023 1022/1022 1026/1026
f 1023/1023 949/949 203/203
f 1025/1025 1024/1024 201/201
f 1027/1027 1024/1024 1025/1025
f 1024/1024 1028/1028 1022/1022
f 1028/1028 1024/1024 1027/1027
f 1022/1022 1028/1028 1026/1026
f 904/904 1029/1029 902/902
f 1029/1029 1025/1025 902/902
f 904/904 907/907 1029/1029
f 1030/1030 1028/1028 1027/1027
f 1026/1026 949/949 1023/1023
f 1028/1028 1030/1030 1026/1026
f 1025/1025 1029/1029 1031/1031
f 1032/1032 1029/1029 907/907
f 1029/1029 1032/1032 1031/1031
f 1033/1033 1030/1030 1027/1027
f 1033/1033 1034/1034 1030/1030
f 1027/1027 1025/1025 1035/1035
f 1035/1035 1033/1033 1027/1027
f 1036/1036 1026/1026 1030/1030
f 1026/1026 1036/1036 1037/1037
f 1034/1034 1036/1036 1030/1030
f 918/918 1032/1032 907/907
f 923/923 918/918 920/920
f 942/942 923/923 922/922
f 922/922 941/941 942/942
f 1036/1036 1034/1034 1038/1038
f 1037/1037 949/949 1026/1026
f 1037/1037 953/953 949/949
f 947/947 1040/1040 944/944
f 947/947 948/948 1041/1041
f 1042/1042 947/947 1041/1041
f 1043/1043 1033/1033 1035/1035
f 1031/1031 1032/1032 1044/1044
f 1044/1044 1032/1032 918/918
f 1045/1045 1044/1044 918/918
f 1025/1025 1031/1031 1035/1035
f 1046/1046 1044/1044 1045/1045
f 1031/1031 1044/1044 1047/1047
f 1035/1035 1048/1048 1043/1043
f 1048/1048 1035/1035 1031/1031
f 1047/1047 1048/1048 1031/1031
f 1049/1049 1047/1047 1044/1044
f 1049/1049 1044/1044 1046/1046
f 923/923 1045/1045 918/918
f 1050/1050 1045/1045 923/923
f 942/942 1050/1050 923/923
f 1051/1051 1050/1050 942/942
f 1050/1050 1046/1046 1045/1045
f 1043/1043 1034/1034 1033/1033
f 1043/1043 1038/1038 1034/1034
f 1038/1038 1052/1052 1036/1036
f 1052/1052 1038/1038 1053/1053
f 1054/1054 1050/1050 1051/1051
f 1055/1055 1049/1049 1046/1046
f 1046/1046 1050/1050 1054/1054
f 1054/1054 1055/1055 1046/1046
f 1055/1055 1056/1056 1049/1049
f 1057/1057 1043/1043 1048/1048
f 1043/1043 1053/1053 1038/1038
f 1043/1043 1057/1057 1053/1053
f 1058/1058 1059/1059 1047/1047
f 1058/1058 1047/1047 1049/1049
f 1049/1049 1056/1056 1058/1058
f 1059/1059 1048/1048 1047/1047
f 1055/1055 1060/1060 1056/1056
f 1054/1054 1060/1060 1055/1055
f 1061/1061 1060/1060 1054/1054
f 1037/1037 1036/1036 1062/1062
f 953/953 1037/1037 1003/1003
f 1062/1062 1063/1063 1037/1037
f 1036/1036 1052/1052 1062/1062
f 1053/1053 1064/1064 1052/1052
f 1053/1053 1057/1057 1064/1064
f 1062/1062 1052/1052 1064/1064
f 1065/1065 1057/1057 1048/1048
f 1048/1048 1059/1059 1065/1065
f 1056/1056 1066/1066 1058/1058
f 1058/1058 1066/1066 1059/1059
f 1056/1056 1067/1067 1066/1066
f 1067/1067 1056/1056 1060/1060
f 1061/1061 1068/1068 1060/1060
f 1069/1069 1067/1067 1068/1068
f 1068/1068 1067/1067 1060/1060
f 1068/1068 1061/1061 1070/1070
f 1068/1068 1071/1071 1069/1069
f 1071/1071 1068/1068 1072/1072
f 1063/1063 1019/1019 1037/1037
f 1073/1073 1074/1074 1075/1075
f 1076/1076 1073/1073 1075/1075
f 1077/1077 1064/1064 1057/1057
f 1069/1069 1066/1066 1067/1067
f 1066/1066 1078/1078 1059/1059
f 1057/1057 1065/1065 1077/1077
f 1076/1076 1077/1077 1065/1065
f 1064/1064 1079/1079 1062/1062
f 1077/1077 1079/1079 1064/1064
f 1062/1062 1079/1079 1063/1063
f 1079/1079 1074/1074 1063/1063
f 1065/1065 1059/1059 1078/1078
f 1080/1080 1078/1078 1066/1066
f 1069/1069 1080/1080 1066/1066
f 1080/1080 1081/1081 1078/1078
f 1082/1082 1078/1078 1081/1081
f 1083/1083 1081/1081 1080/1080
f 1069/1069 1083/1083 1080/1080
f 1084/1084 1069/1069 1071/1071
f 1084/1084 1071/1071 1085/1085
f 1084/1084 1083/1083 1069/1069
f 1084/1084 1085/1085 1086/1086
f 1076/1076 1075/1075 1077/1077
f 1075/1075 1079/1079 1077/1077
f 1075/1075 1074/1074 1079/1079
f 1065/1065 1078/1078 1082/1082
f 1065/1065 1082/1082 1076/1076
f 1087/1087 1081/1081 1083/1083
f 1082/1082 1073/1073 1076/1076
f 1087/1087 1083/1083 1084/1084
f 943/943 1051/1051 942/942
f 1088/1088 1051/1051 943/943
f 945/945 1088/1088 943/943
f 1039/1039 1088/1088 945/945
f 1089/1089 1088/1088 1039/1039
f 1088/1088 1091/1091 1051/1051
f 1092/1092 1054/1054 1051/1051
f 1091/1091 1092/1092 1051/1051
f 1088/1088 1089/1089 1091/1091
f 1093/1093 1092/1092 1091/1091
f 1091/1091 1094/1094 1093/1093
f 1092/1092 1061/1061 1054/1054
f 1096/1096 1061/1061 1092/1092
f 1093/1093 1096/1096 1092/1092
f 1097/1097 1090/1090 1040/1040
f 1098/1098 1090/1090 1097/1097
f 1042/1042 1040/1040 947/947
f 1042/1042 1097/1097 1040/1040
f 1099/1099 1098/1098 1097/1097
f 1091/1091 1089/1089 1094/1094
f 1098/1098 1095/1095 1090/1090
f 1095/1095 1098/1098 1100/1100
f 1102/1102 1095/1095 1100/1100
f 1103/1103 1102/1102 1100/1100
f 1061/1061 1096/1096 1070/1070
f 1072/1072 1068/1068 1070/1070
f 1104/1104 1072/1072 1070/1070
f 1070/1070 1096/1096 1104/1104
f 1105/1105 1096/1096 1093/1093
f 1094/1094 1105/1105 1093/1093
f 1106/1106 1096/1096 1105/1105
f 1106/1106 1104/1104 1096/1096
f 1106/1106 1107/1107 1104/1104
f 1094/1094 1101/1101 1105/1105
f 1108/1108 1106/1106 1105/1105
f 1108/1108 1105/1105 1101/1101
f 1109/1109 1102/1102 1110/1110
f 1109/1109 1110/1110 1111/1111
f 1113/1113 1106/1106 1108/1108
f 1072/1072 1085/1085 1071/1071
f 1114/1114 1085/1085 1072/1072
f 1114/1114 1115/1115 1085/1085
f 1107/1107 1072/1072 1104/1104
f 1114/1114 1072/1072 1107/1107
f 1107/1107 1116/1116 1114/1114
f 1112/1112 1109/1109 1111/1111
f 1113/1113 1107/1107 1106/1106
f 1107/1107 1113/1113 1117/1117
f 1116/1116 1107/1107 1117/1117
f 1119/1119 1117/1117 1113/1113
f 1119/1119 1120/1120 1117/1117
f 1121/1121 1120/1120 1119/1119
f 1003/1003 1037/1037 1019/1019
f 1063/1063 1074/1074 1123/1123
f 1124/1124 1123/1123 1074/1074
f 1073/1073 1124/1124 1074/1074
f 1125/1125 1124/1124 1073/1073
f 1123/1123 1019/1019 1063/1063
f 1124/1124 1126/1126 1123/1123
f 1019/1019 1123/1123 1127/1127
f 1123/1123 1126/1126 1127/1127
f 1128/1128 1129/1129 1130/1130
f 1128/1128 1130/1130 1131/1131
f 1132/1132 1133/1133 1134/1134
f 1135/1135 1133/1133 1132/1132
f 1084/1084 1086/1086 1087/1087
f 1087/1087 1136/1136 1081/1081
f 1136/1136 1082/1082 1081/1081
f 1082/1082 1136/1136 1137/1137
f 1138/1138 1136/1136 1087/1087
f 1087/1087 1139/1139 1138/1138
f 1086/1086 1140/1140 1087/1087
f 1141/1141 1140/1140 1086/1086
f 1140/1140 1139/1139 1087/1087
f 1141/1141 1142/1142 1140/1140
f 1116/1116 1115/1115 1114/1114
f 1115/1115 1086/1086 1085/1085
f 1115/1115 1141/1141 1086/1086
f 1115/1115 1143/1143 1144/1144
f 1144/1144 1141/1141 1115/1115
f 1142/1142 1141/1141 1144/1144
f 1143/1143 1115/1115 1116/1116
f 1116/1116 1145/1145 1143/1143
f 1145/1145 1116/1116 1117/1117
f 1145/1145 1146/1146 1143/1143
f 1143/1143 1147/1147 1144/1144
f 1143/1143 1146/1146 1147/1147
f 1120/1120 1145/1145 1117/1117
f 1146/1146 1145/1145 1120/1120
f 1148/1148 1120/1120 1121/1121
f 1148/1148 1146/1146 1120/1120
f 1150/1150 1125/1125 1151/1151
f 1073/1073 1082/1082 1125/1125
f 1151/1151 1125/1125 1082/1082
f 1152/1152 1082/1082 1137/1137
f 1138/1138 1152/1152 1137/1137
f 1151/1151 1082/1082 1152/1152
f 1150/1150 1124/1124 1125/1125
f 1126/1126 1124/1124 1150/1150
f 1151/1151 1152/1152 1153/1153
f 1154/1154 1153/1153 1152/1152
f 1154/1154 1152/1152 1155/1155
f 1154/1154 1156/1156 1153/1153
f 1157/1157 1156/1156 1154/1154
f 1158/1158 1157/1157 1154/1154
f 1138/1138 1137/1137 1136/1136
f 1139/1139 1155/1155 1138/1138
f 1155/1155 1152/1152 1138/1138
f 1159/1159 1160/1160 1155/1155
f 1139/1139 1140/1140 1159/1159
f 1139/1139 1159/1159 1155/1155
f 1142/1142 1159/1159 1140/1140
f 1161/1161 1159/1159 1142/1142
f 1160/1160 1159/1159 1161/1161
f 1160/1160 1158/1158 1155/1155
f 1162/1162 1160/1160 1161/1161
f 1154/1154 1155/1155 1158/1158
f 1163/1163 1158/1158 1164/1164
f 1164/1164 1158/1158 1160/1160
f 1164/1164 1160/1160 1165/1165
f 1160/1160 1162/1162 1165/1165
f 1165/1165 1166/1166 1164/1164
f 1167/1167 1166/1166 1165/1165
f 1126/1126 1168/1168 1127/1127
f 1169/1169 1127/1127 1168/1168
f 1151/1151 1170/1170 1150/1150
f 1150/1150 1170/1170 1126/1126
f 1170/1170 1130/1130 1168/1168
f 1151/1151 1130/1130 1170/1170
f 1170/1170 1168/1168 1126/1126
f 1169/1169 1168/1168 1129/1129
f 1130/1130 1129/1129 1168/1168
f 1151/1151 1131/1131 1130/1130
f 1151/1151 1153/1153 1132/1132
f 1132/1132 1153/1153 1156/1156
f 1132/1132 1131/1131 1151/1151
f 1135/1135 1132/1132 1156/1156
f 1171/1171 1135/1135 1156/1156
f 1156/1156 1157/1157 1171/1171
f 1172/1172 1171/1171 1157/1157
f 1172/1172 1157/1157 1163/1163
f 1173/1173 1133/1133 1135/1135
f 1173/1173 1135/1135 1171/1171
f 1174/1174 1173/1173 1171/1171
f 1174/1174 1171/1171 1172/1172
f 1175/1175 1174/1174 1172/1172
f 1174/1174 1175/1175 1176/1176
f 1163/1163 1157/1157 1158/1158
f 1164/1164 1166/1166 1163/1163
f 1163/1163 1166/1166 1177/1177
f 1177/1177 1172/1172 1163/1163
f 1177/1177 1175/1175 1172/1172
f 1166/1166 1167/1167 1178/1178
f 1179/1179 1166/1166 1178/1178
f 1180/1180 1166/1166 1179/1179
f 1181/1181 1180/1180 1179/1179
f 1181/1181 1179/1179 1182/1182
f 1181/1181 1183/1183 1184/1184
f 1184/1184 1180/1180 1181/1181
f 1184/1184 1183/1183 1185/1185
f 1183/1183 1186/1186 1185/1185
f 1186/1186 1187/1187 1185/1185
f 1188/1188 1175/1175 1177/1177
f 1175/1175 1189/1189 1176/1176
f 1188/1188 1189/1189 1175/1175
f 1180/1180 1177/1177 1166/1166
f 1177/1177 1180/1180 1188/1188
f 1190/1190 1180/1180 1184/1184
f 1184/1184 1185/1185 1190/1190
f 1190/1190 1185/1185 1191/1191
f 1185/1185 1187/1187 1191/1191
f 1191/1191 1192/1192 1190/1190
f 1190/1190 1193/1193 1180/1180
f 1192/1192 1193/1193 1190/1190
f 1193/1193 1192/1192 1194/1194
f 1194/1194 1192/1192 1195/1195
f 1188/1188 1196/1196 1197/1197
f 1188/1188 1197/1197 1198/1198
f 1196/1196 1188/1188 1180/1180
f 1193/1193 1196/1196 1180/1180
f 1193/1193 1194/1194 1199/1199
f 1196/1196 1193/1193 1199/1199
f 1191/1191 1187/1187 1200/1200
f 1200/1200 1192/1192 1191/1191
f 1187/1187 1186/1186 1201/1201
f 1201/1201 1200/1200 1187/1187
f 1202/1202 1200/1200 1201/1201
f 1200/1200 1195/1195 1192/1192
f 1203/1203 1142/1142 1144/1144
f 1142/1142 1203/1203 1161/1161
f 1147/1147 1203/1203 1144/1144
f 1147/1147 1204/1204 1203/1203
f 1205/1205 1204/1204 1147/1147
f 1162/1162 1161/1161 1203/1203
f 1162/1162 1203/1203 1204/1204
f 1165/1165 1162/1162 1204/1204
f 1204/1204 1205/1205 1206/1206
f 1204/1204 1206/1206 1165/1165
f 1206/1206 1167/1167 1165/1165
f 1207/1207 1178/1178 1167/1167
f 1208/1208 1207/1207 1206/1206
f 1207/1207 1167/1167 1206/1206
f 1209/1209 1210/1210 1207/1207
f 1210/1210 1178/1178 1207/1207
f 1146/1146 1205/1205 1147/1147
f 1211/1211 1205/1205 1146/1146
f 1211/1211 1212/1212 1205/1205
f 1212/1212 1208/1208 1205/1205
f 1148/1148 1211/1211 1146/1146
f 1214/1214 1211/1211 1148/1148
f 1212/1212 1211/1211 1214/1214
f 1216/1216 1217/1217 1212/1212
f 1208/1208 1206/1206 1205/1205
f 1217/1217 1209/1209 1208/1208
f 1209/1209 1207/1207 1208/1208
f 1217/1217 1208/1208 1212/1212
f 1217/1217 1218/1218 1209/1209
f 1220/1220 1217/1217 1216/1216
f 1220/1220 1218/1218 1217/1217
f 1178/1178 1221/1221 1179/1179
f 1221/1221 1182/1182 1179/1179
f 1222/1222 1221/1221 1178/1178
f 1221/1221 1223/1223 1182/1182
f 1223/1223 1224/1224 1182/1182
f 1224/1224 1223/1223 1225/1225
f 1226/1226 1224/1224 1225/1225
f 1221/1221 1222/1222 1223/1223
f 1227/1227 1223/1223 1222/1222
f 1227/1227 1225/1225 1223/1223
f 1228/1228 1225/1225 1227/1227
f 1228/1228 1226/1226 1225/1225
f 1229/1229 1226/1226 1228/1228
f 1230/1230 1228/1228 1227/1227
f 1182/1182 1224/1224 1181/1181
f 1181/1181 1224/1224 1183/1183
f 1224/1224 1186/1186 1183/1183
f 1231/1231 1210/1210 1209/1209
f 1210/1210 1222/1222 1178/1178
f 1222/1222 1210/1210 1232/1232
f 1232/1232 1227/1227 1222/1222
f 1233/1233 1232/1232 1210/1210
f 1232/1232 1230/1230 1227/1227
f 1232/1232 1234/1234 1230/1230
f 1235/1235 1236/1236 1230/1230
f 1236/1236 1229/1229 1228/1228
f 1236/1236 1228/1228 1230/1230
f 1237/1237 1229/1229 1236/1236
f 1236/1236 1235/1235 1237/1237
f 1234/1234 1232/1232 1233/1233
f 1210/1210 1231/1231 1233/1233
f 1238/1238 1239/1239 1234/1234
f 1239/1239 1235/1235 1234/1234
f 1235/1235 1230/1230 1234/1234
f 1196/1196 1199/1199 1197/1197
f 1240/1240 1194/1194 1195/1195
f 1240/1240 1195/1195 1241/1241
f 1199/1199 1194/1194 1240/1240
f 1240/1240 1242/1242 1199/1199
f 1242/1242 1197/1197 1199/1199
f 1242/1242 1243/1243 1197/1197
f 1240/1240 1244/1244 1242/1242
f 1245/1245 1243/1243 1242/1242
f 1242/1242 1244/1244 1245/1245
f 1246/1246 1245/1245 1244/1244
f 1247/1247 1245/1245 1248/1248
f 1248/1248 1245/1245 1246/1246
f 1249/1249 1247/1247 1248/1248
f 1249/1249 1250/1250 1247/1247
f 1231/1231 1209/1209 1218/1218
f 1251/1251 1252/1252 1231/1231
f 1231/1231 1218/1218 1251/1251
f 1251/1251 1253/1253 1252/1252
f 1233/1233 1252/1252 1234/1234
f 1238/1238 1234/1234 1252/1252
f 1231/1231 1252/1252 1233/1233
f 1239/1239 1238/1238 1254/1254
f 1255/1255 1235/1235 1239/1239
f 1256/1256 1255/1255 1239/1239
f 1254/1254 1238/1238 1252/1252
f 1256/1256 1239/1239 1254/1254
f 1257/1257 1251/1251 1218/1218
f 1220/1220 1257/1257 1218/1218
f 1259/1259 1254/1254 1253/1253
f 1251/1251 1260/1260 1253/1253
f 1253/1253 1260/1260 1259/1259
f 1261/1261 1259/1259 1260/1260
f 1263/1263 1260/1260 1251/1251
f 1264/1264 1261/1261 1260/1260
f 1254/1254 1252/1252 1253/1253
f 1259/1259 1265/1265 1254/1254
f 1266/1266 1256/1256 1254/1254
f 1265/1265 1266/1266 1254/1254
f 1256/1256 1266/1266 1267/1267
f 1266/1266 1265/1265 1268/1268
f 1268/1268 1267/1267 1266/1266
f 1265/1265 1259/1259 1269/1269
f 1261/1261 1269/1269 1259/1259
f 1270/1270 1269/1269 1261/1261
f 1270/1270 1265/1265 1269/1269
f 1268/1268 1265/1265 1270/1270
f 1248/1248 1271/1271 1249/1249
f 1272/1272 1274/1274 1276/1276
f 1278/1278 1274/1274 1272/1272
f 1280/1280 1274/1274 1278/1278
f 1281/1281 1274/1274 1280/1280
f 1282/1282 1279/1279 1273/1273
f 1273/1273 1283/1283 1282/1282
f 1229/1229 1284/1284 1226/1226
f 1229/1229 1285/1285 1284/1284
f 1286/1286 1284/1284 1285/1285
f 1226/1226 1186/1186 1224/1224
f 1226/1226 1287/1287 1186/1186
f 1186/1186 1287/1287 1288/1288
f 1284/1284 1287/1287 1226/1226
f 1289/1289 1287/1287 1284/1284
f 1289/1289 1288/1288 1287/1287
f 1289/1289 1290/1290 1288/1288
f 1290/1290 1291/1291 1288/1288
f 1284/1284 1286/1286 1289/1289
f 1286/1286 1292/1292 1289/1289
f 1292/1292 1290/1290 1289/1289
f 1285/1285 1229/1229 1237/1237
f 1293/1293 1286/1286 1285/1285
f 1255/1255 1237/1237 1235/1235
f 1294/1294 1285/1285 1237/1237
f 1255/1255 1294/1294 1237/1237
f 1294/1294 1293/1293 1285/1285
f 1286/1286 1293/1293 1292/1292
f 1295/1295 1290/1290 1292/1292
f 1296/1296 1295/1295 1292/1292
f 1296/1296 1292/1292 1293/1293
f 1288/1288 1201/1201 1186/1186
f 1291/1291 1202/1202 1201/1201
f 1200/1200 1241/1241 1195/1195
f 1241/1241 1200/1200 1202/1202
f 1288/1288 1291/1291 1201/1201
f 1297/1297 1291/1291 1290/1290
f 1241/1241 1202/1202 1298/1298
f 1298/1298 1202/1202 1291/1291
f 1299/1299 1298/1298 1291/1291
f 1297/1297 1299/1299 1291/1291
f 1300/1300 1240/1240 1241/1241
f 1301/1301 1300/1300 1241/1241
f 1298/1298 1301/1301 1241/1241
f 1244/1244 1240/1240 1300/1300
f 1301/1301 1302/1302 1300/1300
f 1302/1302 1244/1244 1300/1300
f 1303/1303 1298/1298 1299/1299
f 1303/1303 1301/1301 1298/1298
f 1303/1303 1302/1302 1301/1301
f 1295/1295 1297/1297 1290/1290
f 1297/1297 1304/1304 1299/1299
f 1305/1305 1297/1297 1295/1295
f 1304/1304 1297/1297 1305/1305
f 1246/1246 1244/1244 1302/1302
f 1306/1306 1246/1246 1302/1302
f 1304/1304 1303/1303 1299/1299
f 1248/1248 1246/1246 1306/1306
f 1271/1271 1248/1248 1306/1306
f 1307/1307 1306/1306 1302/1302
f 1303/1303 1307/1307 1302/1302
f 1294/1294 1255/1255 1308/1308
f 1308/1308 1293/1293 1294/1294
f 1309/1309 1255/1255 1256/1256
f 1310/1310 1295/1295 1296/1296
f 1308/1308 1296/1296 1293/1293
f 1310/1310 1296/1296 1308/1308
f 1255/1255 1309/1309 1308/1308
f 1267/1267 1309/1309 1256/1256
f 1309/1309 1311/1311 1308/1308
f 1311/1311 1310/1310 1308/1308
f 1312/1312 1310/1310 1313/1313
f 1267/1267 1314/1314 1309/1309
f 1311/1311 1309/1309 1314/1314
f 1310/1310 1311/1311 1313/1313
f 1315/1315 1312/1312 1313/1313
f 1312/1312 1295/1295 1310/1310
f 1316/1316 1307/1307 1303/1303
f 1304/1304 1316/1316 1303/1303
f 1304/1304 1317/1317 1316/1316
f 1318/1318 1307/1307 1316/1316
f 1305/1305 1295/1295 1312/1312
f 1304/1304 1305/1305 1317/1317
f 1305/1305 1319/1319 1317/1317
f 1318/1318 1316/1316 1320/1320
f 1321/1321 1319/1319 1305/1305
f 1315/1315 1305/1305 1312/1312
f 1321/1321 1305/1305 1315/1315
f 1322/1322 1316/1316 1317/1317
f 1320/1320 1316/1316 1322/1322
f 1322/1322 1317/1317 1319/1319
f 1323/1323 1319/1319 1321/1321
f 1324/1324 419/419 420/420
f 1325/1325 411/411 418/418
f 424/424 1326/1326 415/415
f 424/424 421/421 1327/1327
f 411/411 1327/1327 421/421
f 424/424 1327/1327 1328/1328
f 1324/1324 418/418 419/419
f 1324/1324 1325/1325 418/418
f 1324/1324 420/420 1329/1329
f 1325/1325 1324/1324 1330/1330
f 1331/1331 411/411 1325/1325
f 1331/1331 1327/1327 411/411
f 1330/1330 1324/1324 1329/1329
f 1330/1330 1332/1332 1325/1325
f 1325/1325 1332/1332 1331/1331
f 1333/1333 1332/1332 1330/1330
f 1334/1334 1327/1327 1331/1331
f 1335/1335 1327/1327 1334/1334
f 1326/1326 423/423 415/415
f 1336/1336 423/423 1326/1326
f 1328/1328 1326/1326 424/424
f 1336/1336 428/428 423/423
f 429/429 428/428 1337/1337
f 1337/1337 428/428 1336/1336
f 429/429 1338/1338 430/430
f 1337/1337 1338/1338 429/429
f 1339/1339 1336/1336 1326/1326
f 1337/1337 1336/1336 1340/1340
f 1328/1328 1339/1339 1326/1326
f 1340/1340 1336/1336 1339/1339
f 1341/1341 1338/1338 1337/1337
f 1342/1342 1339/1339 1328/1328
f 1337/1337 1340/1340 1341/1341
f 1335/1335 1342/1342 1328/1328
f 1327/1327 1335/1335 1328/1328
f 1342/1342 1340/1340 1339/1339
f 1343/1343 1340/1340 1342/1342
f 1344/1344 1341/1341 1340/1340
f 1343/1343 1344/1344 1340/1340
f 1331/1331 1345/1345 1334/1334
f 1332/1332 1345/1345 1331/1331
f 1345/1345 1332/1332 1346/1346
f 1343/1343 1342/1342 1335/1335
f 1347/1347 1343/1343 1335/1335
f 1334/1334 1345/1345 1348/1348
f 1348/1348 1335/1335 1334/1334
f 1348/1348 1347/1347 1335/1335
f 226/226 1349/1349 227/227
f 665/665 227/227 1350/1350
f 1350/1350 664/664 665/665
f 1350/1350 227/227 1351/1351
f 227/227 1349/1349 1351/1351
f 1350/1350 1351/1351 1352/1352
f 1349/1349 1353/1353 1351/1351
f 956/956 1349/1349 226/226
f 956/956 955/955 958/958
f 1349/1349 956/956 1353/1353
f 1354/1354 664/664 1355/1355
f 662/662 664/664 1354/1354
f 664/664 1350/1350 1355/1355
f 1352/1352 1355/1355 1350/1350
f 1354/1354 1356/1356 662/662
f 663/663 662/662 1356/1356
f 1355/1355 1357/1357 1354/1354
f 1357/1357 1356/1356 1354/1354
f 1353/1353 1358/1358 1351/1351
f 1353/1353 956/956 1359/1359
f 1360/1360 1359/1359 956/956
f 1351/1351 1358/1358 1352/1352
f 1352/1352 1358/1358 1361/1361
f 1355/1355 1352/1352 1357/1357
f 1357/1357 1352/1352 1361/1361
f 1357/1357 1362/1362 1356/1356
f 1359/1359 1358/1358 1353/1353
f 1358/1358 1359/1359 1363/1363
f 1364/1364 1361/1361 1358/1358
f 1363/1363 1364/1364 1358/1358
f 1362/1362 1357/1357 1361/1361
f 1362/1362 1361/1361 1365/1365
f 1356/1356 1366/1366 663/663
f 1362/1362 1366/1366 1356/1356
f 1360/1360 1367/1367 1359/1359
f 1368/1368 1367/1367 1360/1360
f 1361/1361 1369/1369 1365/1365
f 1367/1367 1363/1363 1359/1359
f 1361/1361 1364/1364 1369/1369
f 1364/1364 1363/1363 1370/1370
f 1364/1364 1370/1370 1369/1369
f 1370/1370 1363/1363 1367/1367
f 1371/1371 1370/1370 1367/1367
f 1372/1372 1365/1365 1369/1369
f 1373/1373 1370/1370 1371/1371
f 1370/1370 1374/1374 1375/1375
f 1375/1375 1369/1369 1370/1370
f 1370/1370 1373/1373 1374/1374
f 1372/1372 1369/1369 1375/1375
f 1376/1376 1372/1372 1375/1375
f 1366/1366 1372/1372 1377/1377
f 1377/1377 1372/1372 1376/1376
f 1366/1366 1362/1362 1365/1365
f 1366/1366 1378/1378 663/663
f 1366/1366 1365/1365 1372/1372
f 1366/1366 1377/1377 1378/1378
f 1378/1378 1379/1379 663/663
f 956/956 958/958 1360/1360
f 1360/1360 958/958 995/995
f 1368/1368 1371/1371 1367/1367
f 1360/1360 995/995 996/996
f 1360/1360 996/996 1368/1368
f 1368/1368 1380/1380 1381/1381
f 1368/1368 996/996 1380/1380
f 1381/1381 1371/1371 1368/1368
f 1371/1371 1381/1381 1373/1373
f 1008/1008 1381/1381 1380/1380
f 1008/1008 1380/1380 999/999
f 1373/1373 1381/1381 1008/1008
f 1008/1008 1374/1374 1373/1373
f 1380/1380 996/996 999/999
f 1382/1382 1376/1376 1375/1375
f 1382/1382 1375/1375 1374/1374
f 1377/1377 1376/1376 1382/1382
f 1329/1329 420/420 663/663
f 1379/1379 1329/1329 663/663
f 1329/1329 1383/1383 1330/1330
f 1383/1383 1333/1333 1330/1330
f 430/430 1384/1384 683/683
f 430/430 1338/1338 1384/1384
f 1338/1338 1385/1385 1384/1384
f 1341/1341 1385/1385 1338/1338
f 1384/1384 684/684 683/683
f 1386/1386 1384/1384 1385/1385
f 684/684 1384/1384 1386/1386
f 684/684 1386/1386 687/687
f 1387/1387 1341/1341 1344/1344
f 1385/1385 1341/1341 1387/1387
f 1387/1387 1388/1388 1385/1385
f 1389/1389 1387/1387 1390/1390
f 1386/1386 1385/1385 1388/1388
f 1391/1391 1386/1386 1388/1388
f 1392/1392 1391/1391 1388/1388
f 1388/1388 1387/1387 1389/1389
f 1392/1392 1388/1388 1393/1393
f 1391/1391 687/687 1386/1386
f 690/690 687/687 1391/1391
f 1394/1394 690/690 1391/1391
f 1391/1391 1395/1395 1394/1394
f 1395/1395 1391/1391 1392/1392
f 1396/1396 1395/1395 1392/1392
f 1397/1397 1396/1396 1392/1392
f 1379/1379 1383/1383 1329/1329
f 1332/1332 1333/1333 1346/1346
f 1398/1398 1333/1333 1383/1383
f 1398/1398 1346/1346 1333/1333
f 1346/1346 1399/1399 1345/1345
f 1398/1398 1400/1400 1346/1346
f 1400/1400 1399/1399 1346/1346
f 1379/1379 1398/1398 1383/1383
f 1401/1401 1398/1398 1379/1379
f 1387/1387 1344/1344 1390/1390
f 1344/1344 1343/1343 1402/1402
f 1347/1347 1402/1402 1343/1343
f 1344/1344 1402/1402 1403/1403
f 1344/1344 1404/1404 1390/1390
f 1403/1403 1404/1404 1344/1344
f 1389/1389 1390/1390 1405/1405
f 1393/1393 1388/1388 1389/1389
f 1405/1405 1390/1390 1404/1404
f 1393/1393 1389/1389 1405/1405
f 1402/1402 1347/1347 1406/1406
f 1406/1406 1347/1347 1348/1348
f 1402/1402 1406/1406 1407/1407
f 1407/1407 1403/1403 1402/1402
f 1408/1408 1406/1406 1348/1348
f 1409/1409 1404/1404 1403/1403
f 1410/1410 1404/1404 1409/1409
f 1407/1407 1409/1409 1403/1403
f 1405/1405 1404/1404 1411/1411
f 1410/1410 1411/1411 1404/1404
f 1393/1393 1397/1397 1392/1392
f 1397/1397 1405/1405 1412/1412
f 1393/1393 1405/1405 1397/1397
f 1412/1412 1413/1413 1397/1397
f 1414/1414 1397/1397 1413/1413
f 1414/1414 1396/1396 1397/1397
f 1405/1405 1411/1411 1412/1412
f 1415/1415 1412/1412 1411/1411
f 1415/1415 1411/1411 1410/1410
f 1413/1413 1412/1412 1415/1415
f 1413/1413 1415/1415 1416/1416
f 1414/1414 1413/1413 1417/1417
f 1417/1417 1413/1413 1416/1416
f 1418/1418 1414/1414 1417/1417
f 1418/1418 1417/1417 1419/1419
f 1420/1420 1419/1419 1417/1417
f 1378/1378 1421/1421 1379/1379
f 1422/1422 1379/1379 1421/1421
f 1009/1009 1008/1008 1006/1006
f 1009/1009 1374/1374 1008/1008
f 1009/1009 1010/1010 1423/1423
f 1374/1374 1009/1009 1423/1423
f 1382/1382 1374/1374 1423/1423
f 1424/1424 1382/1382 1423/1423
f 1424/1424 1423/1423 1010/1010
f 1010/1010 1011/1011 1424/1424
f 1011/1011 1016/1016 1018/1018
f 1018/1018 1424/1424 1011/1011
f 1382/1382 1424/1424 1018/1018
f 1382/1382 1018/1018 1377/1377
f 1378/1378 1377/1377 1018/1018
f 1018/1018 1017/1017 1378/1378
f 1421/1421 1378/1378 1017/1017
f 1422/1422 1421/1421 1425/1425
f 1017/1017 1020/1020 1421/1421
f 1020/1020 1426/1426 1421/1421
f 1427/1427 1020/1020 1019/1019
f 1127/1127 1427/1427 1019/1019
f 1427/1427 1426/1426 1020/1020
f 1427/1427 1428/1428 1426/1426
f 1427/1427 1429/1429 1428/1428
f 1430/1430 1428/1428 1429/1429
f 1425/1425 1421/1421 1426/1426
f 1426/1426 1431/1431 1425/1425
f 1425/1425 1431/1431 1432/1432
f 1433/1433 1432/1432 1431/1431
f 1428/1428 1434/1434 1426/1426
f 1430/1430 1435/1435 1434/1434
f 1430/1430 1434/1434 1428/1428
f 1434/1434 1431/1431 1426/1426
f 1436/1436 1431/1431 1434/1434
f 1436/1436 1433/1433 1431/1431
f 1433/1433 1436/1436 1437/1437
f 1436/1436 1438/1438 1437/1437
f 1438/1438 1439/1439 1437/1437
f 1436/1436 1434/1434 1435/1435
f 1436/1436 1435/1435 1438/1438
f 1440/1440 1439/1439 1438/1438
f 1441/1441 1439/1439 1440/1440
f 1442/1442 1441/1441 1440/1440
f 1443/1443 1345/1345 1399/1399
f 1443/1443 1348/1348 1345/1345
f 1408/1408 1348/1348 1443/1443
f 1398/1398 1401/1401 1400/1400
f 1400/1400 1401/1401 1444/1444
f 1400/1400 1444/1444 1399/1399
f 1445/1445 1444/1444 1401/1401
f 1446/1446 1408/1408 1443/1443
f 1446/1446 1443/1443 1447/1447
f 1448/1448 1399/1399 1444/1444
f 1443/1443 1399/1399 1447/1447
f 1449/1449 1446/1446 1447/1447
f 1450/1450 1451/1451 1446/1446
f 1379/1379 1422/1422 1452/1452
f 1452/1452 1401/1401 1379/1379
f 1445/1445 1401/1401 1452/1452
f 1444/1444 1445/1445 1453/1453
f 1452/1452 1454/1454 1445/1445
f 1454/1454 1453/1453 1445/1445
f 1422/1422 1454/1454 1452/1452
f 1453/1453 1448/1448 1444/1444
f 1399/1399 1448/1448 1447/1447
f 1450/1450 1446/1446 1449/1449
f 1455/1455 1456/1456 1450/1450
f 1457/1457 1406/1406 1408/1408
f 1407/1407 1406/1406 1457/1457
f 1458/1458 1407/1407 1457/1457
f 1459/1459 1410/1410 1409/1409
f 1458/1458 1409/1409 1407/1407
f 1459/1459 1409/1409 1458/1458
f 1458/1458 1457/1457 1451/1451
f 1446/1446 1457/1457 1408/1408
f 1457/1457 1446/1446 1451/1451
f 1451/1451 1460/1460 1458/1458
f 1461/1461 1459/1459 1462/1462
f 1458/1458 1460/1460 1459/1459
f 1462/1462 1459/1459 1460/1460
f 1461/1461 1462/1462 1463/1463
f 1461/1461 1410/1410 1459/1459
f 1415/1415 1410/1410 1461/1461
f 1463/1463 1415/1415 1461/1461
f 1416/1416 1415/1415 1463/1463
f 1420/1420 1416/1416 1464/1464
f 1464/1464 1416/1416 1463/1463
f 1465/1465 1464/1464 1463/1463
f 1460/1460 1466/1466 1462/1462
f 1450/1450 1467/1467 1451/1451
f 1451/1451 1467/1467 1468/1468
f 1468/1468 1456/1456 1451/1451
f 1451/1451 1456/1456 1460/1460
f 1466/1466 1460/1460 1456/1456
f 1467/1467 1450/1450 1456/1456
f 1468/1468 1467/1467 1456/1456
f 1469/1469 1463/1463 1462/1462
f 1462/1462 1466/1466 1469/1469
f 1470/1470 1466/1466 1456/1456
f 1466/1466 1470/1470 1469/1469
f 1470/1470 1471/1471 1469/1469
f 1463/1463 1469/1469 1465/1465
f 1439/1439 1447/1447 1448/1448
f 1447/1447 1439/1439 1472/1472
f 1432/1432 1453/1453 1454/1454
f 1433/1433 1453/1453 1432/1432
f 1425/1425 1432/1432 1422/1422
f 1454/1454 1422/1422 1432/1432
f 1453/1453 1437/1437 1448/1448
f 1433/1433 1437/1437 1453/1453
f 1437/1437 1439/1439 1448/1448
f 1439/1439 1473/1473 1472/1472
f 1472/1472 1473/1473 1474/1474
f 1472/1472 1449/1449 1447/1447
f 1449/1449 1472/1472 1474/1474
f 1449/1449 1474/1474 1455/1455
f 1455/1455 1450/1450 1449/1449
f 1475/1475 1456/1456 1455/1455
f 1474/1474 1476/1476 1455/1455
f 1455/1455 1476/1476 1477/1477
f 1455/1455 1477/1477 1475/1475
f 1478/1478 1475/1475 1477/1477
f 1473/1473 1439/1439 1441/1441
f 1479/1479 1474/1474 1473/1473
f 1479/1479 1476/1476 1474/1474
f 1480/1480 1476/1476 1479/1479
f 1480/1480 1477/1477 1476/1476
f 1470/1470 1456/1456 1475/1475
f 1420/1420 1417/1417 1416/1416
f 1419/1419 1420/1420 1481/1481
f 1482/1482 1420/1420 1464/1464
f 1482/1482 1481/1481 1420/1420
f 1465/1465 1469/1469 1471/1471
f 1483/1483 1465/1465 1484/1484
f 1471/1471 1484/1484 1465/1465
f 1464/1464 1465/1465 1483/1483
f 1482/1482 1464/1464 1483/1483
f 1482/1482 1483/1483 1486/1486
f 1484/1484 1487/1487 1483/1483
f 1481/1481 1482/1482 1488/1488
f 1488/1488 1489/1489 1481/1481
f 1482/1482 1485/1485 1488/1488
f 1486/1486 1483/1483 1487/1487
f 1490/1490 1486/1486 1487/1487
f 1488/1488 1491/1491 1489/1489
f 1491/1491 1488/1488 1485/1485
f 1490/1490 1493/1493 1486/1486
f 1494/1494 1485/1485 1492/1492
f 1495/1495 1480/1480 1479/1479
f 1496/1496 1473/1473 1441/1441
f 1473/1473 1496/1496 1479/1479
f 1496/1496 1441/1441 1442/1442
f 1497/1497 1496/1496 1442/1442
f 1497/1497 1498/1498 1496/1496
f 1496/1496 1495/1495 1479/1479
f 1498/1498 1495/1495 1496/1496
f 1499/1499 1495/1495 1498/1498
f 1499/1499 1500/1500 1495/1495
f 1477/1477 1480/1480 1500/1500
f 1500/1500 1480/1480 1495/1495
f 1501/1501 1478/1478 1477/1477
f 1500/1500 1501/1501 1477/1477
f 1501/1501 1502/1502 1478/1478
f 1503/1503 1502/1502 1501/1501
f 1500/1500 1504/1504 1501/1501
f 1501/1501 1504/1504 1503/1503
f 1500/1500 1499/1499 1504/1504
f 1504/1504 1499/1499 1505/1505
f 1505/1505 1506/1506 1504/1504
f 1503/1503 1504/1504 1506/1506
f 1507/1507 1503/1503 1506/1506
f 1506/1506 1505/1505 1508/1508
f 1509/1509 1506/1506 1508/1508
f 1507/1507 1506/1506 1509/1509
f 1510/1510 1507/1507 1509/1509
f 1475/1475 1478/1478 1470/1470
f 1502/1502 1470/1470 1478/1478
f 1502/1502 1511/1511 1484/1484
f 1502/1502 1471/1471 1470/1470
f 1484/1484 1471/1471 1502/1502
f 1484/1484 1511/1511 1487/1487
f 1502/1502 1503/1503 1511/1511
f 1487/1487 1511/1511 1512/1512
f 1490/1490 1487/1487 1512/1512
f 1512/1512 1511/1511 1503/1503
f 1513/1513 1490/1490 1512/1512
f 1493/1493 1490/1490 1513/1513
f 1512/1512 1503/1503 1507/1507
f 1514/1514 1512/1512 1507/1507
f 1514/1514 1513/1513 1512/1512
f 1515/1515 1489/1489 1491/1491
f 1491/1491 1516/1516 1515/1515
f 1494/1494 1491/1491 1485/1485
f 1517/1517 1491/1491 1494/1494
f 1491/1491 1517/1517 1516/1516
f 1492/1492 1518/1518 1494/1494
f 1517/1517 1494/1494 1518/1518
f 1519/1519 1516/1516 1517/1517
f 1520/1520 1521/1521 1522/1522
f 1520/1520 1517/1517 1518/1518
f 1519/1519 1517/1517 1520/1520
f 1523/1523 1524/1524 1518/1518
f 1524/1524 1520/1520 1518/1518
f 1521/1521 1520/1520 1524/1524
f 1525/1525 1510/1510 1509/1509
f 1526/1526 1510/1510 1525/1525
f 1526/1526 1525/1525 1528/1528
f 1527/1527 1529/1529 1530/1530
f 1532/1532 1493/1493 1513/1513
f 1513/1513 1534/1534 1532/1532
f 1533/1533 1535/1535 1531/1531
f 1535/1535 1533/1533 1536/1536
f 1531/1531 1535/1535 1492/1492
f 1518/1518 1492/1492 1535/1535
f 1534/1534 1513/1513 1514/1514
f 1510/1510 1514/1514 1507/1507
f 1514/1514 1538/1538 1534/1534
f 1514/1514 1510/1510 1538/1538
f 1526/1526 1538/1538 1510/1510
f 1533/1533 1539/1539 1536/1536
f 1540/1540 1536/1536 1539/1539
f 1540/1540 1541/1541 1536/1536
f 1518/1518 1535/1535 1523/1523
f 1535/1535 1536/1536 1523/1523
f 1523/1523 1541/1541 1524/1524
f 1541/1541 1523/1523 1536/1536
f 1537/1537 1539/1539 1533/1533
f 1527/1527 1539/1539 1537/1537
f 1530/1530 1540/1540 1539/1539
f 1530/1530 1539/1539 1527/1527
f 1542/1542 1540/1540 1530/1530
f 1521/1521 1543/1543 1544/1544
f 1543/1543 1521/1521 1545/1545
f 1524/1524 1545/1545 1521/1521
f 1541/1541 1545/1545 1524/1524
f 1546/1546 1545/1545 1541/1541
f 1543/1543 1545/1545 1546/1546
f 1547/1547 1548/1548 1544/1544
f 1547/1547 1544/1544 1549/1549
f 1550/1550 1543/1543 1546/1546
f 1549/1549 1543/1543 1550/1550
f 1543/1543 1549/1549 1544/1544
f 1551/1551 1530/1530 1529/1529
f 1552/1552 1553/1553 1530/1530
f 1551/1551 1552/1552 1530/1530
f 1552/1552 1551/1551 1554/1554
f 1555/1555 1553/1553 1552/1552
f 1552/1552 1556/1556 1555/1555
f 1554/1554 1556/1556 1552/1552
f 1557/1557 1556/1556 1554/1554
f 1556/1556 1558/1558 1555/1555
f 1559/1559 1558/1558 1556/1556
f 1541/1541 1540/1540 1560/1560
f 1560/1560 1540/1540 1542/1542
f 1560/1560 1542/1542 1561/1561
f 1546/1546 1541/1541 1560/1560
f 1530/1530 1553/1553 1542/1542
f 1542/1542 1553/1553 1561/1561
f 1546/1546 1560/1560 1562/1562
f 1562/1562 1560/1560 1561/1561
f 1562/1562 1563/1563 1550/1550
f 1562/1562 1564/1564 1563/1563
f 1565/1565 1564/1564 1555/1555
f 1561/1561 1564/1564 1562/1562
f 1550/1550 1546/1546 1562/1562
f 1561/1561 1553/1553 1555/1555
f 1564/1564 1561/1561 1555/1555
f 863/863 690/690 1394/1394
f 1395/1395 1566/1566 1394/1394
f 1567/1567 1396/1396 1414/1414
f 1394/1394 1568/1568 863/863
f 1394/1394 1569/1569 1568/1568
f 866/866 863/863 1568/1568
f 866/866 1568/1568 1570/1570
f 1570/1570 1568/1568 1569/1569
f 1569/1569 1394/1394 1566/1566
f 1566/1566 1395/1395 1396/1396
f 1566/1566 1571/1571 1569/1569
f 1566/1566 1396/1396 1571/1571
f 1571/1571 1396/1396 1567/1567
f 1569/1569 1571/1571 1572/1572
f 1572/1572 1573/1573 1569/1569
f 866/866 1570/1570 865/865
f 1570/1570 1574/1574 865/865
f 871/871 865/865 1574/1574
f 1575/1575 1574/1574 1570/1570
f 1569/1569 1573/1573 1570/1570
f 1575/1575 1570/1570 1573/1573
f 1576/1576 1573/1573 1572/1572
f 1575/1575 1573/1573 1576/1576
f 1577/1577 1575/1575 1576/1576
f 1571/1571 1567/1567 1572/1572
f 1567/1567 1414/1414 1418/1418
f 1567/1567 1578/1578 1572/1572
f 1578/1578 1567/1567 1418/1418
f 1579/1579 1578/1578 1418/1418
f 1579/1579 1418/1418 1419/1419
f 1576/1576 1572/1572 1578/1578
f 1578/1578 1580/1580 1576/1576
f 1578/1578 1579/1579 1580/1580
f 1579/1579 1581/1581 1580/1580
f 1582/1582 1419/1419 1481/1481
f 1579/1579 1419/1419 1582/1582
f 1582/1582 1581/1581 1579/1579
f 1583/1583 1580/1580 1581/1581
f 1582/1582 1584/1584 1581/1581
f 1584/1584 1585/1585 1581/1581
f 1585/1585 1583/1583 1581/1581
f 1582/1582 1481/1481 1584/1584
f 1584/1584 1481/1481 1489/1489
f 1515/1515 1584/1584 1489/1489
f 1574/1574 1586/1586 871/871
f 1574/1574 1587/1587 1586/1586
f 1587/1587 1574/1574 1575/1575
f 879/879 871/871 1586/1586
f 884/884 879/879 1586/1586
f 1587/1587 1588/1588 1586/1586
f 1589/1589 1575/1575 1577/1577
f 1587/1587 1575/1575 1589/1589
f 1588/1588 1587/1587 1589/1589
f 1589/1589 1577/1577 1590/1590
f 1589/1589 1591/1591 1588/1588
f 1589/1589 1590/1590 1591/1591
f 884/884 1586/1586 1588/1588
f 884/884 1588/1588 1592/1592
f 1593/1593 885/885 884/884
f 884/884 1592/1592 1593/1593
f 1594/1594 1592/1592 1588/1588
f 1594/1594 1588/1588 1591/1591
f 1595/1595 1592/1592 1594/1594
f 1596/1596 1594/1594 1597/1597
f 1598/1598 1594/1594 1596/1596
f 1590/1590 1577/1577 1576/1576
f 1590/1590 1576/1576 1580/1580
f 1583/1583 1590/1590 1580/1580
f 1591/1591 1590/1590 1599/1599
f 1599/1599 1590/1590 1583/1583
f 1600/1600 1583/1583 1585/1585
f 1583/1583 1600/1600 1599/1599
f 1600/1600 1585/1585 1601/1601
f 1602/1602 1600/1600 1601/1601
f 1597/1597 1591/1591 1599/1599
f 1591/1591 1597/1597 1594/1594
f 1603/1603 1604/1604 1597/1597
f 1596/1596 1597/1597 1604/1604
f 1597/1597 1599/1599 1603/1603
f 1603/1603 1599/1599 1600/1600
f 1600/1600 1602/1602 1603/1603
f 1604/1604 1603/1603 1605/1605
f 1605/1605 1603/1603 1602/1602
f 889/889 885/885 1593/1593
f 1593/1593 1606/1606 889/889
f 1606/1606 1593/1593 1607/1607
f 1592/1592 1595/1595 1593/1593
f 1595/1595 1607/1607 1593/1593
f 1594/1594 1598/1598 1595/1595
f 1595/1595 1598/1598 1607/1607
f 1598/1598 1608/1608 1607/1607
f 1608/1608 1598/1598 1609/1609
f 895/895 890/890 889/889
f 895/895 889/889 1606/1606
f 895/895 1606/1606 1610/1610
f 897/897 895/895 1611/1611
f 1611/1611 895/895 1610/1610
f 1606/1606 1607/1607 1608/1608
f 1610/1610 1606/1606 1608/1608
f 1611/1611 1610/1610 1612/1612
f 1608/1608 1612/1612 1610/1610
f 1598/1598 1596/1596 1609/1609
f 1604/1604 1609/1609 1596/1596
f 1604/1604 1613/1613 1609/1609
f 1614/1614 1604/1604 1605/1605
f 1615/1615 1614/1614 1605/1605
f 1613/1613 1604/1604 1614/1614
f 1616/1616 1614/1614 1615/1615
f 1617/1617 1609/1609 1613/1613
f 1617/1617 1608/1608 1609/1609
f 1617/1617 1612/1612 1608/1608
f 1618/1618 1617/1617 1613/1613
f 1619/1619 1617/1617 1618/1618
f 1620/1620 1613/1613 1614/1614
f 1618/1618 1613/1613 1620/1620
f 1620/1620 1614/1614 1616/1616
f 1621/1621 1618/1618 1620/1620
f 1620/1620 1616/1616 1548/1548
f 1622/1622 1620/1620 1548/1548
f 1584/1584 1515/1515 1601/1601
f 1585/1585 1584/1584 1601/1601
f 1601/1601 1515/1515 1516/1516
f 1602/1602 1601/1601 1519/1519
f 1519/1519 1601/1601 1516/1516
f 1602/1602 1519/1519 1522/1522
f 1602/1602 1522/1522 1605/1605
f 1520/1520 1522/1522 1519/1519
f 1605/1605 1522/1522 1615/1615
f 1615/1615 1521/1521 1616/1616
f 1521/1521 1615/1615 1522/1522
f 1521/1521 1544/1544 1616/1616
f 1548/1548 1616/1616 1544/1544
f 1623/1623 1435/1435 1430/1430
f 1169/1169 1427/1427 1127/1127
f 1129/1129 1427/1427 1169/1169
f 1129/1129 1429/1429 1427/1427
f 1624/1624 1128/1128 1131/1131
f 1429/1429 1129/1129 1128/1128
f 1128/1128 1623/1623 1429/1429
f 1623/1623 1128/1128 1624/1624
f 1430/1430 1429/1429 1623/1623
f 1625/1625 1626/1626 1624/1624
f 1627/1627 1625/1625 1624/1624
f 1626/1626 1435/1435 1623/1623
f 1623/1623 1624/1624 1626/1626
f 1625/1625 1628/1628 1626/1626
f 1627/1627 1628/1628 1625/1625
f 1627/1627 1624/1624 1134/1134
f 1134/1134 1624/1624 1131/1131
f 1132/1132 1134/1134 1131/1131
f 1173/1173 1629/1629 1133/1133
f 1133/1133 1627/1627 1134/1134
f 1630/1630 1629/1629 1631/1631
f 1627/1627 1632/1632 1633/1633
f 1629/1629 1627/1627 1133/1133
f 1627/1627 1629/1629 1632/1632
f 1630/1630 1632/1632 1629/1629
f 1633/1633 1632/1632 1634/1634
f 1635/1635 1634/1634 1632/1632
f 1635/1635 1632/1632 1630/1630
f 1630/1630 1636/1636 1635/1635
f 1637/1637 1438/1438 1435/1435
f 1626/1626 1637/1637 1435/1435
f 1626/1626 1638/1638 1637/1637
f 1626/1626 1628/1628 1638/1638
f 1638/1638 1628/1628 1639/1639
f 1639/1639 1640/1640 1638/1638
f 1637/1637 1440/1440 1438/1438
f 1440/1440 1637/1637 1640/1640
f 1442/1442 1440/1440 1640/1640
f 1637/1637 1638/1638 1640/1640
f 1641/1641 1442/1442 1640/1640
f 1442/1442 1641/1641 1497/1497
f 1641/1641 1642/1642 1497/1497
f 1642/1642 1498/1498 1497/1497
f 1641/1641 1640/1640 1639/1639
f 1643/1643 1642/1642 1641/1641
f 1633/1633 1628/1628 1627/1627
f 1628/1628 1633/1633 1639/1639
f 1643/1643 1641/1641 1639/1639
f 1643/1643 1644/1644 1642/1642
f 1644/1644 1643/1643 1645/1645
f 1644/1644 1498/1498 1642/1642
f 1646/1646 1647/1647 1644/1644
f 1648/1648 1646/1646 1649/1649
f 1639/1639 1633/1633 1634/1634
f 1634/1634 1643/1643 1639/1639
f 1643/1643 1634/1634 1635/1635
f 1635/1635 1636/1636 1650/1650
f 1635/1635 1645/1645 1643/1643
f 1650/1650 1645/1645 1635/1635
f 1651/1651 1645/1645 1650/1650
f 1651/1651 1644/1644 1645/1645
f 1651/1651 1649/1649 1644/1644
f 1646/1646 1644/1644 1649/1649
f 1647/1647 1499/1499 1498/1498
f 1647/1647 1498/1498 1644/1644
f 1505/1505 1499/1499 1647/1647
f 1652/1652 1505/1505 1647/1647
f 1508/1508 1505/1505 1652/1652
f 1508/1508 1652/1652 1653/1653
f 1647/1647 1646/1646 1652/1652
f 1652/1652 1646/1646 1648/1648
f 1631/1631 1629/1629 1173/1173
f 1173/1173 1174/1174 1631/1631
f 1630/1630 1631/1631 1654/1654
f 1174/1174 1654/1654 1631/1631
f 1654/1654 1174/1174 1176/1176
f 1655/1655 1176/1176 1189/1189
f 1654/1654 1176/1176 1655/1655
f 1655/1655 1656/1656 1657/1657
f 1658/1658 1630/1630 1654/1654
f 1630/1630 1658/1658 1636/1636
f 1636/1636 1658/1658 1659/1659
f 1654/1654 1655/1655 1658/1658
f 1657/1657 1658/1658 1655/1655
f 1657/1657 1659/1659 1658/1658
f 1659/1659 1657/1657 1660/1660
f 1661/1661 1660/1660 1657/1657
f 1198/1198 1656/1656 1189/1189
f 1198/1198 1189/1189 1188/1188
f 1656/1656 1655/1655 1189/1189
f 1198/1198 1197/1197 1662/1662
f 1656/1656 1198/1198 1663/1663
f 1662/1662 1663/1663 1198/1198
f 1662/1662 1664/1664 1663/1663
f 1665/1665 1664/1664 1662/1662
f 1663/1663 1657/1657 1656/1656
f 1657/1657 1663/1663 1661/1661
f 1664/1664 1661/1661 1663/1663
f 1661/1661 1666/1666 1667/1667
f 1667/1667 1666/1666 1668/1668
f 1664/1664 1666/1666 1661/1661
f 1659/1659 1650/1650 1636/1636
f 1659/1659 1669/1669 1650/1650
f 1670/1670 1671/1671 1672/1672
f 1672/1672 1669/1669 1659/1659
f 1659/1659 1660/1660 1672/1672
f 1670/1670 1672/1672 1660/1660
f 1649/1649 1651/1651 1669/1669
f 1650/1650 1669/1669 1651/1651
f 1671/1671 1649/1649 1669/1669
f 1671/1671 1648/1648 1649/1649
f 1673/1673 1648/1648 1671/1671
f 1671/1671 1669/1669 1672/1672
f 1671/1671 1674/1674 1673/1673
f 1673/1673 1674/1674 1675/1675
f 1660/1660 1661/1661 1667/1667
f 1667/1667 1670/1670 1660/1660
f 1670/1670 1667/1667 1676/1676
f 1668/1668 1676/1676 1667/1667
f 1668/1668 1677/1677 1676/1676
f 1674/1674 1670/1670 1678/1678
f 1670/1670 1676/1676 1678/1678
f 1674/1674 1671/1671 1670/1670
f 1677/1677 1678/1678 1676/1676
f 1679/1679 1674/1674 1678/1678
f 1243/1243 1662/1662 1197/1197
f 1243/1243 1665/1665 1662/1662
f 1665/1665 1243/1243 1680/1680
f 1243/1243 1245/1245 1680/1680
f 1247/1247 1680/1680 1245/1245
f 1665/1665 1680/1680 1681/1681
f 1680/1680 1250/1250 1682/1682
f 1250/1250 1680/1680 1247/1247
f 1250/1250 1683/1683 1682/1682
f 1684/1684 1665/1665 1681/1681
f 1685/1685 1684/1684 1681/1681
f 1664/1664 1665/1665 1684/1684
f 1684/1684 1666/1666 1664/1664
f 1684/1684 1687/1687 1666/1666
f 1687/1687 1668/1668 1666/1666
f 1688/1688 1684/1684 1685/1685
f 1687/1687 1684/1684 1688/1688
f 1690/1690 1682/1682 1691/1691
f 1690/1690 1680/1680 1682/1682
f 1690/1690 1692/1692 1680/1680
f 1249/1249 1683/1683 1250/1250
f 1691/1691 1682/1682 1683/1683
f 1683/1683 1249/1249 1271/1271
f 1275/1275 1691/1691 1683/1683
f 1694/1694 1275/1275 1683/1683
f 1696/1696 1690/1690 1691/1691
f 1696/1696 1692/1692 1690/1690
f 1692/1692 1681/1681 1680/1680
f 1271/1271 1697/1697 1683/1683
f 1683/1683 1697/1697 1694/1694
f 1694/1694 1697/1697 1698/1698
f 1681/1681 1692/1692 1685/1685
f 1696/1696 1691/1691 1275/1275
f 1273/1273 1275/1275 1694/1694
f 1274/1274 1695/1695 1276/1276
f 1695/1695 1281/1281 1693/1693
f 1273/1273 1694/1694 1698/1698
f 1698/1698 1697/1697 1271/1271
f 1281/1281 1695/1695 1274/1274
f 1693/1693 1281/1281 1699/1699
f 1283/1283 1273/1273 1698/1698
f 1700/1700 1283/1283 1698/1698
f 1699/1699 1686/1686 1693/1693
f 1701/1701 1689/1689 1686/1686
f 1702/1702 1701/1701 1686/1686
f 1702/1702 1686/1686 1699/1699
f 1703/1703 1701/1701 1702/1702
f 1679/1679 1678/1678 1704/1704
f 1678/1678 1707/1707 1704/1704
f 1708/1708 1705/1705 1706/1706
f 1709/1709 1677/1677 1668/1668
f 1710/1710 1689/1689 1711/1711
f 1709/1709 1668/1668 1687/1687
f 1688/1688 1709/1709 1687/1687
f 1677/1677 1707/1707 1678/1678
f 1709/1709 1707/1707 1677/1677
f 1712/1712 1706/1706 1710/1710
f 1713/1713 1708/1708 1714/1714
f 1712/1712 1714/1714 1708/1708
f 1715/1715 1712/1712 1716/1716
f 1714/1714 1712/1712 1715/1715
f 1715/1715 1717/1717 1714/1714
f 1711/1711 1689/1689 1701/1701
f 1711/1711 1712/1712 1710/1710
f 1711/1711 1701/1701 1703/1703
f 1716/1716 1712/1712 1711/1711
f 1716/1716 1711/1711 1718/1718
f 1706/1706 1712/1712 1708/1708
f 1307/1307 1271/1271 1306/1306
f 1271/1271 1307/1307 1318/1318
f 1271/1271 1719/1719 1698/1698
f 1720/1720 1719/1719 1271/1271
f 1700/1700 1698/1698 1719/1719
f 1700/1700 1719/1719 1720/1720
f 1318/1318 1720/1720 1271/1271
f 1721/1721 1720/1720 1318/1318
f 1700/1700 1720/1720 1721/1721
f 1318/1318 1320/1320 1721/1721
f 1722/1722 1721/1721 1320/1320
f 1525/1525 1653/1653 1723/1723
f 1673/1673 1652/1652 1648/1648
f 1673/1673 1653/1653 1652/1652
f 1723/1723 1653/1653 1673/1673
f 1675/1675 1723/1723 1673/1673
f 1525/1525 1509/1509 1508/1508
f 1525/1525 1508/1508 1653/1653
f 1528/1528 1525/1525 1723/1723
f 1679/1679 1675/1675 1674/1674
f 1675/1675 1724/1724 1723/1723
f 1675/1675 1679/1679 1724/1724
f 1725/1725 1528/1528 1723/1723
f 1723/1723 1724/1724 1725/1725
f 1724/1724 1727/1727 1725/1725
f 1679/1679 1704/1704 1727/1727
f 1727/1727 1724/1724 1679/1679
f 1728/1728 1557/1557 1554/1554
f 1728/1728 1729/1729 1557/1557
f 1729/1729 1728/1728 1705/1705
f 1729/1729 1705/1705 1708/1708
f 1529/1529 1726/1726 1551/1551
f 1554/1554 1551/1551 1726/1726
f 1554/1554 1726/1726 1728/1728
f 1557/1557 1729/1729 1713/1713
f 1730/1730 1557/1557 1713/1713
f 1729/1729 1708/1708 1713/1713
f 1717/1717 1713/1713 1714/1714
f 1556/1556 1557/1557 1730/1730
f 1731/1731 1559/1559 1730/1730
f 1730/1730 1713/1713 1717/1717
f 1559/1559 1556/1556 1730/1730
f 933/933 43/43 46/46
f 1732/1732 1733/1733 272/272
f 271/271 276/276 1734/1734
f 1734/1734 276/276 1735/1735
f 277/277 263/263 1736/1736
f 1736/1736 1735/1735 277/277
f 263/263 264/264 1736/1736
f 276/276 277/277 1735/1735
f 1737/1737 1735/1735 1736/1736
f 1736/1736 1738/1738 1737/1737
f 1739/1739 1735/1735 1737/1737
f 1732/1732 271/271 1734/1734
f 1734/1734 1735/1735 1739/1739
f 1739/1739 1732/1732 1734/1734
f 1732/1732 272/272 271/271
f 1733/1733 1732/1732 1740/1740
f 1739/1739 1737/1737 1741/1741
f 1742/1742 1741/1741 1737/1737
f 1743/1743 1733/1733 1740/1740
f 1740/1740 1732/1732 1739/1739
f 1740/1740 1739/1739 1744/1744
f 1743/1743 1740/1740 1744/1744
f 1745/1745 1743/1743 1744/1744
f 1746/1746 1745/1745 1744/1744
f 1744/1744 1739/1739 1741/1741
f 1747/1747 1741/1741 1748/1748
f 1744/1744 1741/1741 1747/1747
f 1746/1746 1744/1744 1747/1747
f 1749/1749 1747/1747 1748/1748
f 1749/1749 1750/1750 1747/1747
f 1747/1747 1750/1750 1746/1746
f 1738/1738 264/264 311/311
f 1738/1738 311/311 1751/1751
f 1751/1751 311/311 1752/1752
f 311/311 312/312 1752/1752
f 312/312 1753/1753 1752/1752
f 1754/1754 1753/1753 312/312
f 1755/1755 1751/1751 1752/1752
f 1753/1753 1755/1755 1752/1752
f 1751/1751 1756/1756 1738/1738
f 1756/1756 1751/1751 1755/1755
f 1755/1755 1753/1753 1757/1757
f 324/324 1754/1754 309/309
f 328/328 324/324 323/323
f 1758/1758 324/324 328/328
f 328/328 1759/1759 1758/1758
f 309/309 1754/1754 312/312
f 1754/1754 324/324 1760/1760
f 1754/1754 1761/1761 1753/1753
f 1760/1760 1761/1761 1754/1754
f 1758/1758 1760/1760 324/324
f 1762/1762 1760/1760 1758/1758
f 1758/1758 1759/1759 1763/1763
f 1761/1761 1757/1757 1753/1753
f 1760/1760 1764/1764 1761/1761
f 1762/1762 1764/1764 1760/1760
f 1761/1761 1764/1764 1757/1757
f 1765/1765 1757/1757 1764/1764
f 1764/1764 1766/1766 1765/1765
f 1763/1763 1762/1762 1758/1758
f 1762/1762 1767/1767 1764/1764
f 1763/1763 1768/1768 1762/1762
f 1767/1767 1762/1762 1768/1768
f 1767/1767 1766/1766 1764/1764
f 1769/1769 1767/1767 1768/1768
f 1736/1736 264/264 1738/1738
f 1742/1742 1737/1737 1738/1738
f 1742/1742 1738/1738 1756/1756
f 1770/1770 1742/1742 1756/1756
f 1748/1748 1741/1741 1742/1742
f 1771/1771 1748/1748 1742/1742
f 1771/1771 1742/1742 1770/1770
f 1755/1755 1772/1772 1756/1756
f 1772/1772 1755/1755 1757/1757
f 1772/1772 1770/1770 1756/1756
f 1772/1772 1773/1773 1770/1770
f 1772/1772 1757/1757 1765/1765
f 1767/1767 1769/1769 1766/1766
f 1773/1773 1771/1771 1770/1770
f 1771/1771 1773/1773 1774/1774
f 1772/1772 1775/1775 1773/1773
f 1775/1775 1772/1772 1776/1776
f 1775/1775 1774/1774 1773/1773
f 1771/1771 1749/1749 1748/1748
f 1777/1777 1749/1749 1771/1771
f 1777/1777 1771/1771 1774/1774
f 1777/1777 1750/1750 1749/1749
f 1778/1778 1777/1777 1774/1774
f 1777/1777 1779/1779 1750/1750
f 1779/1779 1780/1780 1750/1750
f 1779/1779 1777/1777 1778/1778
f 1775/1775 1778/1778 1774/1774
f 1781/1781 1778/1778 1775/1775
f 1781/1781 1782/1782 1778/1778
f 1779/1779 1778/1778 1782/1782
f 1783/1783 1782/1782 1781/1781
f 1784/1784 1782/1782 1783/1783
f 1776/1776 1772/1772 1765/1765
f 1766/1766 1785/1785 1765/1765
f 1776/1776 1765/1765 1785/1785
f 1785/1785 1786/1786 1776/1776
f 1776/1776 1786/1786 1775/1775
f 1787/1787 1785/1785 1766/1766
f 1788/1788 1785/1785 1787/1787
f 1787/1787 1766/1766 1769/1769
f 1789/1789 1787/1787 1790/1790
f 1788/1788 1787/1787 1789/1789
f 1791/1791 1786/1786 1785/1785
f 1791/1791 1792/1792 1786/1786
f 1793/1793 1791/1791 1794/1794
f 1792/1792 1791/1791 1793/1793
f 1795/1795 1793/1793 1796/1796
f 1797/1797 1795/1795 1796/1796
f 1798/1798 1799/1799 1789/1789
f 1800/1800 1801/1801 1799/1799
f 1800/1800 1799/1799 1802/1802
f 1802/1802 1803/1803 1800/1800
f 1804/1804 1805/1805 1803/1803
f 1791/1791 1785/1785 1788/1788
f 1791/1791 1788/1788 1794/1794
f 1789/1789 1794/1794 1788/1788
f 1799/1799 1794/1794 1789/1789
f 1806/1806 1807/1807 1804/1804
f 1808/1808 1811/1811 1806/1806
f 1805/1805 1801/1801 1800/1800
f 1805/1805 1800/1800 1803/1803
f 1796/1796 1793/1793 1794/1794
f 1796/1796 1794/1794 1799/1799
f 1796/1796 1799/1799 1801/1801
f 1801/1801 1812/1812 1796/1796
f 1801/1801 1805/1805 1812/1812
f 1813/1813 1807/1807 1814/1814
f 1812/1812 1797/1797 1796/1796
f 1815/1815 1812/1812 1805/1805
f 1815/1815 1805/1805 1813/1813
f 1812/1812 1815/1815 1797/1797
f 1813/1813 1805/1805 1807/1807
f 1807/1807 1805/1805 1804/1804
f 1806/1806 1814/1814 1807/1807
f 1814/1814 1806/1806 1811/1811
f 1816/1816 1810/1810 1809/1809
f 1817/1817 1818/1818 1819/1819
f 1818/1818 1816/1816 1819/1819
f 1781/1781 1775/1775 1786/1786
f 1792/1792 1781/1781 1786/1786
f 1783/1783 1781/1781 1792/1792
f 1820/1820 1783/1783 1792/1792
f 1795/1795 1821/1821 1820/1820
f 1793/1793 1820/1820 1792/1792
f 1793/1793 1795/1795 1820/1820
f 1822/1822 1823/1823 1824/1824
f 1824/1824 1823/1823 1825/1825
f 1823/1823 1814/1814 1826/1826
f 1814/1814 1823/1823 1813/1813
f 1823/1823 1822/1822 1813/1813
f 1813/1813 1822/1822 1815/1815
f 1827/1827 1828/1828 1829/1829
f 1826/1826 1829/1829 1823/1823
f 1827/1827 1826/1826 1818/1818
f 1827/1827 1829/1829 1826/1826
f 1826/1826 1814/1814 1811/1811
f 1818/1818 1826/1826 1810/1810
f 1810/1810 1816/1816 1818/1818
f 1827/1827 1818/1818 1817/1817
f 1825/1825 1823/1823 1830/1830
f 1829/1829 1830/1830 1823/1823
f 1828/1828 1830/1830 1829/1829
f 1831/1831 273/273 272/272
f 273/273 1831/1831 342/342
f 1733/1733 1831/1831 272/272
f 1832/1832 1831/1831 1733/1733
f 1831/1831 1833/1833 342/342
f 343/343 342/342 1833/1833
f 343/343 1833/1833 1834/1834
f 1833/1833 1835/1835 1834/1834
f 1832/1832 1833/1833 1831/1831
f 1832/1832 1836/1836 1833/1833
f 1833/1833 1836/1836 1835/1835
f 1837/1837 1832/1832 1733/1733
f 1838/1838 1832/1832 1837/1837
f 1839/1839 1835/1835 1836/1836
f 1838/1838 1836/1836 1832/1832
f 1837/1837 1840/1840 1838/1838
f 1841/1841 1838/1838 1840/1840
f 1839/1839 1841/1841 1842/1842
f 1836/1836 1838/1838 1839/1839
f 1838/1838 1841/1841 1839/1839
f 1837/1837 1733/1733 1743/1743
f 1743/1743 1745/1745 1837/1837
f 1843/1843 1837/1837 1745/1745
f 1834/1834 345/345 343/343
f 1844/1844 345/345 1834/1834
f 1835/1835 1844/1844 1834/1834
f 1835/1835 1845/1845 1844/1844
f 1844/1844 346/346 345/345
f 1844/1844 1846/1846 346/346
f 46/46 44/44 346/346
f 1847/1847 933/933 46/46
f 46/46 346/346 1846/1846
f 1846/1846 1847/1847 46/46
f 1845/1845 1835/1835 1839/1839
f 1848/1848 1844/1844 1845/1845
f 1848/1848 1846/1846 1844/1844
f 1842/1842 1845/1845 1839/1839
f 1848/1848 1845/1845 1849/1849
f 1849/1849 1845/1845 1842/1842
f 1850/1850 1847/1847 1846/1846
f 1851/1851 1850/1850 1846/1846
f 1846/1846 1848/1848 1851/1851
f 1848/1848 1849/1849 1851/1851
f 1852/1852 1851/1851 1853/1853
f 1840/1840 1854/1854 1841/1841
f 1843/1843 1840/1840 1837/1837
f 1855/1855 1843/1843 1745/1745
f 1856/1856 1843/1843 1855/1855
f 1857/1857 1856/1856 1855/1855
f 1855/1855 1745/1745 1746/1746
f 1858/1858 1746/1746 1750/1750
f 1746/1746 1858/1858 1855/1855
f 1780/1780 1858/1858 1750/1750
f 1857/1857 1855/1855 1858/1858
f 1843/1843 1856/1856 1840/1840
f 1859/1859 1840/1840 1856/1856
f 1859/1859 1854/1854 1840/1840
f 1860/1860 1861/1861 1859/1859
f 1862/1862 1857/1857 1858/1858
f 1780/1780 1862/1862 1858/1858
f 1857/1857 1859/1859 1856/1856
f 1860/1860 1859/1859 1857/1857
f 1863/1863 1857/1857 1862/1862
f 1863/1863 1860/1860 1857/1857
f 1864/1864 1860/1860 1863/1863
f 1854/1854 1842/1842 1841/1841
f 1865/1865 1849/1849 1842/1842
f 1842/1842 1866/1866 1865/1865
f 1866/1866 1842/1842 1854/1854
f 1861/1861 1866/1866 1854/1854
f 1853/1853 1851/1851 1849/1849
f 1853/1853 1849/1849 1865/1865
f 1867/1867 1853/1853 1865/1865
f 1865/1865 1866/1866 1867/1867
f 1868/1868 1853/1853 1867/1867
f 1869/1869 1867/1867 1866/1866
f 1868/1868 1867/1867 1869/1869
f 1859/1859 1861/1861 1854/1854
f 1870/1870 1866/1866 1861/1861
f 1861/1861 1860/1860 1871/1871
f 1871/1871 1872/1872 1861/1861
f 1870/1870 1861/1861 1872/1872
f 1873/1873 1872/1872 1871/1871
f 1864/1864 1871/1871 1860/1860
f 1869/1869 1866/1866 1870/1870
f 1870/1870 1874/1874 1869/1869
f 1869/1869 1874/1874 1875/1875
f 1870/1870 1872/1872 1874/1874
f 1876/1876 1875/1875 1874/1874
f 1877/1877 1780/1780 1779/1779
f 1877/1877 1862/1862 1780/1780
f 1878/1878 1877/1877 1779/1779
f 1879/1879 1877/1877 1878/1878
f 1862/1862 1877/1877 1879/1879
f 1878/1878 1779/1779 1782/1782
f 1879/1879 1863/1863 1862/1862
f 1880/1880 1784/1784 1783/1783
f 1821/1821 1880/1880 1783/1783
f 1881/1881 1880/1880 1821/1821
f 1797/1797 1821/1821 1795/1795
f 1882/1882 1797/1797 1815/1815
f 1821/1821 1783/1783 1820/1820
f 1797/1797 1883/1883 1821/1821
f 1797/1797 1882/1882 1883/1883
f 1881/1881 1821/1821 1883/1883
f 1883/1883 1882/1882 1881/1881
f 1822/1822 1884/1884 1815/1815
f 1884/1884 1822/1822 1824/1824
f 1885/1885 1825/1825 1830/1830
f 1830/1830 1828/1828 1885/1885
f 1885/1885 1828/1828 1886/1886
f 1884/1884 1882/1882 1815/1815
f 1886/1886 1828/1828 1887/1887
f 1888/1888 1886/1886 1887/1887
f 1887/1887 1827/1827 1889/1889
f 1887/1887 1889/1889 1890/1890
f 1889/1889 1827/1827 1817/1817
f 1891/1891 1889/1889 1817/1817
f 1889/1889 1891/1891 1892/1892
f 1890/1890 1889/1889 1892/1892
f 1828/1828 1827/1827 1887/1887
f 1888/1888 1887/1887 1890/1890
f 1888/1888 1890/1890 1893/1893
f 1894/1894 1893/1893 1890/1890
f 1890/1890 1892/1892 1894/1894
f 1863/1863 1895/1895 1864/1864
f 1896/1896 1864/1864 1895/1895
f 1871/1871 1864/1864 1873/1873
f 1873/1873 1864/1864 1896/1896
f 1897/1897 1873/1873 1896/1896
f 1897/1897 1896/1896 1898/1898
f 1876/1876 1874/1874 1872/1872
f 1875/1875 1876/1876 1899/1899
f 1899/1899 1900/1900 1875/1875
f 1872/1872 1873/1873 1876/1876
f 1873/1873 1897/1897 1876/1876
f 1897/1897 1901/1901 1876/1876
f 1876/1876 1901/1901 1902/1902
f 1899/1899 1876/1876 1902/1902
f 1901/1901 1897/1897 1903/1903
f 1904/1904 1902/1902 1901/1901
f 1901/1901 1903/1903 1904/1904
f 1905/1905 1879/1879 1878/1878
f 1782/1782 1784/1784 1878/1878
f 1906/1906 1878/1878 1784/1784
f 1880/1880 1906/1906 1784/1784
f 1907/1907 1880/1880 1881/1881
f 1906/1906 1905/1905 1878/1878
f 1908/1908 1906/1906 1880/1880
f 1905/1905 1906/1906 1908/1908
f 1908/1908 1880/1880 1907/1907
f 1881/1881 1909/1909 1907/1907
f 1910/1910 1911/1911 1912/1912
f 1913/1913 1907/1907 1909/1909
f 1909/1909 1911/1911 1913/1913
f 1879/1879 1914/1914 1895/1895
f 1905/1905 1914/1914 1879/1879
f 1914/1914 1905/1905 1915/1915
f 1863/1863 1879/1879 1895/1895
f 1916/1916 1895/1895 1914/1914
f 1915/1915 1916/1916 1914/1914
f 1915/1915 1917/1917 1916/1916
f 1908/1908 1915/1915 1905/1905
f 1918/1918 1915/1915 1908/1908
f 1919/1919 1908/1908 1907/1907
f 1919/1919 1918/1918 1908/1908
f 1913/1913 1919/1919 1907/1907
f 1921/1921 1922/1922 1923/1923
f 1924/1924 1920/1920 1925/1925
f 1921/1921 1924/1924 1922/1922
f 1926/1926 1910/1910 1922/1922
f 1923/1923 1922/1922 1910/1910
f 1918/1918 1917/1917 1915/1915
f 1927/1927 1917/1917 1918/1918
f 1927/1927 1918/1918 1919/1919
f 1925/1925 1928/1928 1924/1924
f 1922/1922 1924/1924 1929/1929
f 1929/1929 1926/1926 1922/1922
f 1930/1930 1928/1928 1925/1925
f 1924/1924 1928/1928 1931/1931
f 1930/1930 1931/1931 1928/1928
f 1932/1932 1930/1930 1933/1933
f 1911/1911 1934/1934 1913/1913
f 1919/1919 1913/1913 1934/1934
f 1919/1919 1934/1934 1935/1935
f 1926/1926 1911/1911 1910/1910
f 1911/1911 1936/1936 1934/1934
f 1926/1926 1936/1936 1911/1911
f 1935/1935 1927/1927 1919/1919
f 1936/1936 1937/1937 1934/1934
f 1937/1937 1936/1936 1938/1938
f 1939/1939 1927/1927 1935/1935
f 1940/1940 1939/1939 1935/1935
f 1934/1934 1940/1940 1935/1935
f 1929/1929 1941/1941 1926/1926
f 1938/1938 1936/1936 1926/1926
f 1941/1941 1938/1938 1926/1926
f 1884/1884 1824/1824 1923/1923
f 1923/1923 1824/1824 1825/1825
f 1912/1912 1884/1884 1923/1923
f 1825/1825 1942/1942 1923/1923
f 1944/1944 1945/1945 1946/1946
f 1945/1945 1825/1825 1885/1885
f 1886/1886 1945/1945 1885/1885
f 1886/1886 1947/1947 1946/1946
f 1946/1946 1945/1945 1886/1886
f 1945/1945 1943/1943 1825/1825
f 1948/1948 1943/1943 1945/1945
f 1882/1882 1909/1909 1881/1881
f 1882/1882 1911/1911 1909/1909
f 1884/1884 1911/1911 1882/1882
f 1911/1911 1884/1884 1912/1912
f 1888/1888 1947/1947 1886/1886
f 1947/1947 1949/1949 1946/1946
f 1888/1888 1893/1893 1947/1947
f 1912/1912 1923/1923 1910/1910
f 1949/1949 1944/1944 1946/1946
f 1944/1944 1948/1948 1945/1945
f 1948/1948 1950/1950 1943/1943
f 1951/1951 1950/1950 1948/1948
f 1948/1948 1944/1944 1951/1951
f 1951/1951 1944/1944 1949/1949
f 1947/1947 1952/1952 1949/1949
f 1951/1951 1949/1949 1952/1952
f 1953/1953 1952/1952 1947/1947
f 1954/1954 1893/1893 1894/1894
f 1954/1954 1894/1894 1955/1955
f 1923/1923 1942/1942 1921/1921
f 1920/1920 1943/1943 1950/1950
f 1956/1956 1950/1950 1951/1951
f 1925/1925 1920/1920 1950/1950
f 1956/1956 1925/1925 1950/1950
f 1957/1957 1956/1956 1951/1951
f 1952/1952 1957/1957 1951/1951
f 1925/1925 1956/1956 1933/1933
f 1957/1957 1933/1933 1956/1956
f 1933/1933 1930/1930 1925/1925
f 1932/1932 1933/1933 1957/1957
f 1953/1953 1947/1947 1893/1893
f 1958/1958 1954/1954 1955/1955
f 1893/1893 1954/1954 1959/1959
f 1953/1953 1893/1893 1959/1959
f 1959/1959 1954/1954 1958/1958
f 1960/1960 1959/1959 1958/1958
f 1953/1953 1961/1961 1952/1952
f 1952/1952 1962/1962 1957/1957
f 1952/1952 1961/1961 1962/1962
f 1961/1961 1953/1953 1963/1963
f 1964/1964 1932/1932 1957/1957
f 1957/1957 1962/1962 1964/1964
f 1965/1965 1964/1964 1962/1962
f 1965/1965 1962/1962 1961/1961
f 1966/1966 1965/1965 1961/1961
f 1967/1967 1965/1965 1966/1966
f 1959/1959 1963/1963 1953/1953
f 1966/1966 1961/1961 1963/1963
f 1960/1960 1958/1958 1968/1968
f 1963/1963 1959/1959 1960/1960
f 1963/1963 1969/1969 1966/1966
f 1963/1963 1960/1960 1969/1969
f 1969/1969 1960/1960 1970/1970
f 1896/1896 1895/1895 1916/1916
f 1916/1916 1917/1917 1896/1896
f 1971/1971 1917/1917 1927/1927
f 1898/1898 1896/1896 1917/1917
f 1971/1971 1898/1898 1917/1917
f 1972/1972 1924/1924 1931/1931
f 1972/1972 1929/1929 1924/1924
f 1929/1929 1972/1972 1973/1973
f 1931/1931 1974/1974 1972/1972
f 1903/1903 1897/1897 1898/1898
f 1971/1971 1927/1927 1975/1975
f 1976/1976 1898/1898 1971/1971
f 1975/1975 1976/1976 1971/1971
f 1976/1976 1975/1975 1977/1977
f 1978/1978 1977/1977 1975/1975
f 1939/1939 1975/1975 1927/1927
f 1934/1934 1937/1937 1940/1940
f 1979/1979 1937/1937 1938/1938
f 1975/1975 1939/1939 1978/1978
f 1978/1978 1939/1939 1940/1940
f 1940/1940 1979/1979 1978/1978
f 1937/1937 1979/1979 1940/1940
f 1929/1929 1980/1980 1941/1941
f 1932/1932 1931/1931 1930/1930
f 1980/1980 1929/1929 1981/1981
f 1982/1982 1931/1931 1932/1932
f 1982/1982 1974/1974 1931/1931
f 1982/1982 1932/1932 1983/1983
f 1938/1938 1941/1941 1980/1980
f 1984/1984 1977/1977 1978/1978
f 1929/1929 1973/1973 1981/1981
f 1985/1985 1974/1974 1982/1982
f 1983/1983 1985/1985 1982/1982
f 1973/1973 1972/1972 1986/1986
f 1974/1974 1986/1986 1972/1972
f 1987/1987 1986/1986 1974/1974
f 1985/1985 1987/1987 1974/1974
f 1988/1988 1980/1980 1981/1981
f 1938/1938 1989/1989 1979/1979
f 1979/1979 1990/1990 1978/1978
f 1989/1989 1990/1990 1979/1979
f 1988/1988 1938/1938 1980/1980
f 1989/1989 1938/1938 1988/1988
f 1976/1976 1903/1903 1898/1898
f 1977/1977 1991/1991 1976/1976
f 1903/1903 1976/1976 1992/1992
f 1992/1992 1976/1976 1991/1991
f 1992/1992 1991/1991 1993/1993
f 1993/1993 1991/1991 1994/1994
f 1984/1984 1991/1991 1977/1977
f 1973/1973 1986/1986 1995/1995
f 1988/1988 1981/1981 1996/1996
f 1996/1996 1981/1981 1973/1973
f 1997/1997 1988/1988 1996/1996
f 1998/1998 1987/1987 1985/1985
f 1996/1996 1973/1973 1995/1995
f 1999/1999 1986/1986 1987/1987
f 1999/1999 1995/1995 1986/1986
f 1996/1996 1995/1995 2000/2000
f 2001/2001 1999/1999 1987/1987
f 1990/1990 1984/1984 1978/1978
f 2002/2002 1991/1991 1984/1984
f 1984/1984 1990/1990 2002/2002
f 1997/1997 1989/1989 1988/1988
f 1989/1989 2003/2003 1990/1990
f 2004/2004 1990/1990 2003/2003
f 1994/1994 1991/1991 2002/2002
f 2002/2002 2005/2005 1994/1994
f 2002/2002 1990/1990 2004/2004
f 2006/2006 2003/2003 1989/1989
f 1997/1997 1996/1996 2000/2000
f 2006/2006 1989/1989 1997/1997
f 2007/2007 2006/2006 1997/1997
f 1983/1983 1932/1932 1964/1964
f 1964/1964 1965/1965 2008/2008
f 1983/1983 1964/1964 2009/2009
f 2008/2008 2009/2009 1964/1964
f 1983/1983 2009/2009 1985/1985
f 1985/1985 2009/2009 2010/2010
f 2008/2008 1965/1965 1967/1967
f 2009/2009 2008/2008 2011/2011
f 2011/2011 2010/2010 2009/2009
f 1967/1967 2011/2011 2008/2008
f 1967/1967 2012/2012 2011/2011
f 1966/1966 2013/2013 1967/1967
f 1969/1969 2013/2013 1966/1966
f 1967/1967 2013/2013 2012/2012
f 2014/2014 1969/1969 1970/1970
f 2013/2013 1969/1969 2015/2015
f 1998/1998 1985/1985 2016/2016
f 2001/2001 1987/1987 1998/1998
f 2017/2017 2001/2001 1998/1998
f 2010/2010 2016/2016 1985/1985
f 2018/2018 2010/2010 2011/2011
f 2018/2018 2011/2011 2012/2012
f 2019/2019 2010/2010 2018/2018
f 1998/1998 2016/2016 2020/2020
f 2020/2020 2016/2016 2019/2019
f 2019/2019 2016/2016 2010/2010
f 2017/2017 1998/1998 2020/2020
f 2021/2021 2017/2017 2020/2020
f 2020/2020 2019/2019 2021/2021
f 2019/2019 2018/2018 2022/2022
f 1969/1969 2014/2014 2015/2015
f 2013/2013 2023/2023 2012/2012
f 2023/2023 2013/2013 2015/2015
f 2024/2024 2018/2018 2012/2012
f 2012/2012 2023/2023 2024/2024
f 2015/2015 2025/2025 2023/2023
f 2022/2022 2018/2018 2024/2024
f 2023/2023 2025/2025 2026/2026
f 2026/2026 2024/2024 2023/2023
f 2026/2026 2027/2027 2024/2024
f 2025/2025 2028/2028 2026/2026
f 2029/2029 2030/2030 2031/2031
f 2032/2032 2034/2034 2036/2036
f 2036/2036 2034/2034 2037/2037
f 2034/2034 2038/2038 2037/2037
f 2037/2037 2038/2038 2039/2039
f 2034/2034 2040/2040 2038/2038
f 2038/2038 2040/2040 2041/2041
f 2042/2042 2043/2043 2044/2044
f 2045/2045 2043/2043 2046/2046
f 2043/2043 2042/2042 2046/2046
f 2042/2042 2047/2047 2046/2046
f 2042/2042 2048/2048 2047/2047
f 2048/2048 2049/2049 2047/2047
f 2050/2050 2047/2047 2049/2049
f 2049/2049 2051/2051 2050/2050
f 2035/2035 2052/2052 2044/2044
f 2054/2054 2052/2052 2035/2035
f 2044/2044 2033/2033 2035/2035
f 2048/2048 2042/2042 2052/2052
f 2042/2042 2044/2044 2052/2052
f 2048/2048 2052/2052 2054/2054
f 2053/2053 2036/2036 2055/2055
f 2056/2056 2048/2048 2054/2054
f 2053/2053 2055/2055 2058/2058
f 2053/2053 2058/2058 2057/2057
f 2051/2051 2049/2049 2056/2056
f 2056/2056 2049/2049 2048/2048
f 2051/2051 2056/2056 2059/2059
f 2060/2060 2059/2059 2056/2056
f 2043/2043 2030/2030 2062/2062
f 2062/2062 2033/2033 2044/2044
f 2044/2044 2043/2043 2062/2062
f 2032/2032 2063/2063 2040/2040
f 2064/2064 2033/2033 2062/2062
f 2062/2062 2065/2065 2064/2064
f 2043/2043 2031/2031 2030/2030
f 2031/2031 2043/2043 2045/2045
f 2032/2032 2040/2040 2034/2034
f 2051/2051 2059/2059 2066/2066
f 2060/2060 2067/2067 2059/2059
f 2066/2066 2059/2059 2067/2067
f 2057/2057 2068/2068 2061/2061
f 2069/2069 2061/2061 2068/2068
f 2069/2069 2071/2071 2061/2061
f 2070/2070 2067/2067 2060/2060
f 2072/2072 2031/2031 2045/2045
f 2073/2073 2072/2072 2045/2045
f 2074/2074 2031/2031 2072/2072
f 2031/2031 2075/2075 2029/2029
f 2074/2074 2075/2075 2031/2031
f 2076/2076 2072/2072 2073/2073
f 2077/2077 2074/2074 2072/2072
f 2076/2076 2077/2077 2072/2072
f 2078/2078 2076/2076 2073/2073
f 2078/2078 2073/2073 2079/2079
f 2080/2080 2076/2076 2078/2078
f 2081/2081 2079/2079 2082/2082
f 2079/2079 2081/2081 2078/2078
f 2078/2078 2081/2081 2083/2083
f 2080/2080 2077/2077 2076/2076
f 2084/2084 2080/2080 2078/2078
f 2081/2081 2082/2082 2085/2085
f 2083/2083 2084/2084 2078/2078
f 2086/2086 2083/2083 2081/2081
f 2073/2073 2045/2045 2046/2046
f 2079/2079 2046/2046 2047/2047
f 2073/2073 2046/2046 2079/2079
f 2079/2079 2047/2047 2050/2050
f 2050/2050 2051/2051 2087/2087
f 2088/2088 2079/2079 2050/2050
f 2087/2087 2051/2051 2066/2066
f 2089/2089 2087/2087 2066/2066
f 2087/2087 2088/2088 2050/2050
f 2089/2089 2088/2088 2087/2087
f 2089/2089 2090/2090 2088/2088
f 2088/2088 2090/2090 2082/2082
f 2090/2090 2091/2091 2092/2092
f 2079/2079 2088/2088 2082/2082
f 2082/2082 2090/2090 2092/2092
f 2082/2082 2092/2092 2093/2093
f 2085/2085 2082/2082 2093/2093
f 2081/2081 2085/2085 2094/2094
f 2084/2084 2083/2083 2086/2086
f 2039/2039 2038/2038 2041/2041
f 2037/2037 2055/2055 2036/2036
f 2055/2055 2037/2037 2095/2095
f 2037/2037 2039/2039 2095/2095
f 2095/2095 2096/2096 2055/2055
f 2058/2058 2055/2055 2096/2096
f 2058/2058 2096/2096 2097/2097
f 2098/2098 2095/2095 2039/2039
f 2095/2095 2099/2099 2096/2096
f 2098/2098 2099/2099 2095/2095
f 2068/2068 2057/2057 2058/2058
f 2058/2058 2100/2100 2068/2068
f 2069/2069 2068/2068 2100/2100
f 2058/2058 2097/2097 2101/2101
f 2100/2100 2058/2058 2101/2101
f 2102/2102 2069/2069 2100/2100
f 2099/2099 2097/2097 2096/2096
f 2101/2101 2097/2097 2103/2103
f 2099/2099 2104/2104 2097/2097
f 2103/2103 2097/2097 2104/2104
f 2105/2105 2102/2102 2100/2100
f 2105/2105 2100/2100 2101/2101
f 2106/2106 2101/2101 2103/2103
f 2105/2105 2101/2101 2106/2106
f 2107/2107 517/517 483/483
f 2030/2030 2029/2029 2065/2065
f 2109/2109 2029/2029 2110/2110
f 2111/2111 2113/2113 2114/2114
f 2113/2113 2111/2111 2108/2108
f 2113/2113 2115/2115 2114/2114
f 2116/2116 2112/2112 2118/2118
f 2110/2110 2112/2112 2109/2109
f 2110/2110 2118/2118 2112/2112
f 2117/2117 2115/2115 2113/2113
f 2119/2119 2120/2120 2114/2114
f 2121/2121 2119/2119 2114/2114
f 2122/2122 2119/2119 2123/2123
f 2124/2124 2122/2122 2123/2123
f 2120/2120 2119/2119 2122/2122
f 2120/2120 2122/2122 2125/2125
f 2126/2126 2125/2125 2122/2122
f 2126/2126 2122/2122 2127/2127
f 2122/2122 2124/2124 2127/2127
f 2124/2124 2128/2128 2127/2127
f 2065/2065 2130/2130 2064/2064
f 2129/2129 2125/2125 2063/2063
f 2125/2125 2129/2129 2120/2120
f 2062/2062 2030/2030 2065/2065
f 2065/2065 2029/2029 2130/2130
f 2130/2130 2029/2029 2109/2109
f 2040/2040 2063/2063 2131/2131
f 2125/2125 2131/2131 2063/2063
f 2126/2126 2131/2131 2125/2125
f 2041/2041 2040/2040 2131/2131
f 2126/2126 2041/2041 2131/2131
f 2126/2126 2132/2132 2041/2041
f 2067/2067 2070/2070 2134/2134
f 2071/2071 2069/2069 2133/2133
f 2067/2067 2134/2134 2135/2135
f 2111/2111 2114/2114 2120/2120
f 2111/2111 2129/2129 2108/2108
f 2129/2129 2111/2111 2120/2120
f 2136/2136 2137/2137 2138/2138
f 2137/2137 2136/2136 2139/2139
f 2138/2138 2141/2141 2136/2136
f 2142/2142 2135/2135 2134/2134
f 2142/2142 2138/2138 2135/2135
f 2143/2143 2133/2133 2144/2144
f 2144/2144 2133/2133 2145/2145
f 2146/2146 2144/2144 2145/2145
f 2140/2140 2143/2143 2147/2147
f 2141/2141 2138/2138 2142/2142
f 2147/2147 2143/2143 2144/2144
f 2147/2147 2144/2144 2148/2148
f 2149/2149 495/495 2150/2150
f 493/493 492/492 495/495
f 495/495 492/492 2121/2121
f 2151/2151 2121/2121 2115/2115
f 2114/2114 2115/2115 2121/2121
f 2150/2150 495/495 2151/2151
f 2151/2151 495/495 2121/2121
f 2107/2107 483/483 485/485
f 485/485 495/495 2149/2149
f 2149/2149 2115/2115 2117/2117
f 2152/2152 485/485 2149/2149
f 2154/2154 2149/2149 2117/2117
f 2149/2149 2154/2154 2152/2152
f 2152/2152 2154/2154 2155/2155
f 2149/2149 2151/2151 2115/2115
f 2149/2149 2150/2150 2151/2151
f 2152/2152 2107/2107 485/485
f 517/517 2107/2107 2152/2152
f 2155/2155 517/517 2152/2152
f 2156/2156 517/517 2155/2155
f 2157/2157 2156/2156 2155/2155
f 2121/2121 492/492 2119/2119
f 498/498 2119/2119 492/492
f 2123/2123 498/498 500/500
f 498/498 2123/2123 2119/2119
f 498/498 492/492 494/494
f 499/499 500/500 498/498
f 2123/2123 500/500 2159/2159
f 505/505 2159/2159 500/500
f 505/505 504/504 506/506
f 2160/2160 2159/2159 505/505
f 506/506 2160/2160 505/505
f 2124/2124 2123/2123 2159/2159
f 2128/2128 2124/2124 2159/2159
f 2128/2128 2159/2159 2160/2160
f 2161/2161 2136/2136 2163/2163
f 2163/2163 2136/2136 2141/2141
f 2139/2139 2136/2136 2161/2161
f 2162/2162 2140/2140 2147/2147
f 2163/2163 2164/2164 2161/2161
f 2165/2165 2162/2162 2147/2147
f 2148/2148 2166/2166 2147/2147
f 2147/2147 2166/2166 2165/2165
f 2075/2075 2167/2167 2029/2029
f 2110/2110 2167/2167 2118/2118
f 2075/2075 2118/2118 2167/2167
f 2075/2075 2168/2168 2118/2118
f 2029/2029 2167/2167 2110/2110
f 2077/2077 2075/2075 2074/2074
f 2169/2169 2168/2168 2075/2075
f 2169/2169 2075/2075 2077/2077
f 2153/2153 2168/2168 2170/2170
f 2118/2118 2168/2168 2116/2116
f 2153/2153 2116/2116 2168/2168
f 2170/2170 2168/2168 2169/2169
f 2077/2077 2080/2080 2169/2169
f 2169/2169 2080/2080 2171/2171
f 2084/2084 2172/2172 2080/2080
f 2172/2172 2084/2084 2173/2173
f 2172/2172 2171/2171 2080/2080
f 2171/2171 2170/2170 2169/2169
f 2171/2171 2174/2174 2170/2170
f 2174/2174 2171/2171 2175/2175
f 2176/2176 2177/2177 2178/2178
f 2179/2179 2178/2178 2177/2177
f 2172/2172 2180/2180 2171/2171
f 2091/2091 2090/2090 2181/2181
f 2066/2066 2181/2181 2089/2089
f 2181/2181 2066/2066 2135/2135
f 2090/2090 2089/2089 2181/2181
f 2182/2182 2181/2181 2183/2183
f 2091/2091 2181/2181 2182/2182
f 2138/2138 2183/2183 2181/2181
f 2181/2181 2135/2135 2138/2138
f 2092/2092 2091/2091 2182/2182
f 2066/2066 2067/2067 2135/2135
f 2137/2137 2182/2182 2183/2183
f 2183/2183 2138/2138 2137/2137
f 2182/2182 2137/2137 2176/2176
f 2178/2178 2182/2182 2176/2176
f 2176/2176 2137/2137 2139/2139
f 2177/2177 2176/2176 2139/2139
f 2177/2177 2139/2139 2184/2184
f 2093/2093 2092/2092 2178/2178
f 2178/2178 2092/2092 2182/2182
f 2179/2179 2093/2093 2178/2178
f 2094/2094 2093/2093 2179/2179
f 2085/2085 2093/2093 2094/2094
f 2179/2179 2185/2185 2094/2094
f 2179/2179 2186/2186 2185/2185
f 2187/2187 2179/2179 2177/2177
f 2189/2189 2179/2179 2187/2187
f 2179/2179 2189/2189 2186/2186
f 2189/2189 2190/2190 2186/2186
f 2189/2189 2191/2191 2190/2190
f 2191/2191 2189/2189 2188/2188
f 2188/2188 2192/2192 2191/2191
f 2191/2191 2192/2192 2193/2193
f 2193/2193 2192/2192 2194/2194
f 2153/2153 2170/2170 2174/2174
f 2174/2174 2158/2158 2153/2153
f 2157/2157 2155/2155 2154/2154
f 2174/2174 2175/2175 2158/2158
f 2175/2175 2195/2195 2158/2158
f 2156/2156 2157/2157 2196/2196
f 2198/2198 2158/2158 2195/2195
f 2157/2157 2197/2197 2196/2196
f 2198/2198 2195/2195 2199/2199
f 2198/2198 2199/2199 2200/2200
f 2175/2175 2201/2201 2195/2195
f 2175/2175 2171/2171 2180/2180
f 2175/2175 2180/2180 2201/2201
f 2202/2202 2201/2201 2180/2180
f 2203/2203 2204/2204 2201/2201
f 2203/2203 2201/2201 2202/2202
f 2195/2195 2201/2201 2204/2204
f 2195/2195 2204/2204 2199/2199
f 2204/2204 2200/2200 2199/2199
f 2205/2205 2200/2200 2204/2204
f 2204/2204 2203/2203 2205/2205
f 2205/2205 2206/2206 2207/2207
f 2184/2184 2139/2139 2161/2161
f 2164/2164 2184/2184 2161/2161
f 2184/2184 2165/2165 2166/2166
f 2184/2184 2188/2188 2177/2177
f 2188/2188 2184/2184 2208/2208
f 2208/2208 2192/2192 2188/2188
f 2208/2208 2209/2209 2192/2192
f 2209/2209 2194/2194 2192/2192
f 2210/2210 2211/2211 2212/2212
f 518/518 514/514 517/517
f 516/516 518/518 2213/2213
f 2214/2214 515/515 516/516
f 2214/2214 516/516 2213/2213
f 2196/2196 2213/2213 518/518
f 517/517 2156/2156 518/518
f 2196/2196 518/518 2156/2156
f 2215/2215 2213/2213 2196/2196
f 2215/2215 2216/2216 2214/2214
f 2214/2214 2213/2213 2215/2215
f 2214/2214 2219/2219 2220/2220
f 2219/2219 2214/2214 2216/2216
f 515/515 2214/2214 519/519
f 2214/2214 2220/2220 519/519
f 523/523 522/522 2221/2221
f 519/519 2220/2220 522/522
f 2221/2221 522/522 2222/2222
f 2222/2222 522/522 2220/2220
f 2221/2221 2222/2222 2224/2224
f 2224/2224 2226/2226 2221/2221
f 526/526 523/523 2221/2221
f 2226/2226 526/526 2221/2221
f 724/724 525/525 526/526
f 2229/2229 724/724 526/526
f 2229/2229 526/526 2226/2226
f 2230/2230 2231/2231 2228/2228
f 2228/2228 2227/2227 2232/2232
f 2232/2232 2230/2230 2228/2228
f 2219/2219 2222/2222 2220/2220
f 2233/2233 2223/2223 2218/2218
f 2234/2234 2225/2225 2223/2223
f 2223/2223 2233/2233 2234/2234
f 2225/2225 2235/2235 2227/2227
f 2232/2232 2227/2227 2235/2235
f 2236/2236 2237/2237 2238/2238
f 2239/2239 2240/2240 2241/2241
f 2242/2242 2230/2230 2232/2232
f 2240/2240 2230/2230 2241/2241
f 2242/2242 2241/2241 2230/2230
f 759/759 2239/2239 779/779
f 2242/2242 2239/2239 2241/2241
f 2235/2235 2225/2225 2234/2234
f 2242/2242 2232/2232 2235/2235
f 2235/2235 2234/2234 2243/2243
f 2242/2242 2235/2235 2243/2243
f 2244/2244 2239/2239 2242/2242
f 2237/2237 541/541 2245/2245
f 2246/2246 539/539 541/541
f 2237/2237 2246/2246 541/541
f 779/779 542/542 757/757
f 2245/2245 541/541 540/540
f 2245/2245 540/540 542/542
f 2245/2245 542/542 779/779
f 2247/2247 2245/2245 779/779
f 2248/2248 2247/2247 779/779
f 2239/2239 2244/2244 2248/2248
f 2239/2239 2248/2248 779/779
f 2236/2236 2246/2246 2237/2237
f 2245/2245 2247/2247 2237/2237
f 2197/2197 2215/2215 2196/2196
f 2216/2216 2215/2215 2197/2197
f 2207/2207 2218/2218 2217/2217
f 2217/2217 2198/2198 2200/2200
f 2207/2207 2217/2217 2200/2200
f 2207/2207 2233/2233 2218/2218
f 2249/2249 2233/2233 2207/2207
f 2233/2233 2249/2249 2234/2234
f 2249/2249 2243/2243 2234/2234
f 2205/2205 2207/2207 2200/2200
f 2250/2250 2251/2251 2243/2243
f 2249/2249 2252/2252 2243/2243
f 2207/2207 2206/2206 2249/2249
f 2206/2206 2253/2253 2249/2249
f 2252/2252 2250/2250 2243/2243
f 2250/2250 2244/2244 2251/2251
f 2247/2247 2238/2238 2237/2237
f 2254/2254 2247/2247 2248/2248
f 2247/2247 2255/2255 2238/2238
f 2255/2255 2247/2247 2254/2254
f 2249/2249 2253/2253 2252/2252
f 2256/2256 2252/2252 2257/2257
f 2257/2257 2258/2258 2256/2256
f 2258/2258 2259/2259 2256/2256
f 2256/2256 2250/2250 2252/2252
f 2256/2256 2259/2259 2250/2250
f 2210/2210 2254/2254 2259/2259
f 2259/2259 2258/2258 2210/2210
f 2212/2212 2254/2254 2210/2210
f 2254/2254 2212/2212 2255/2255
f 2244/2244 2250/2250 2259/2259
f 2259/2259 2248/2248 2244/2244
f 2259/2259 2254/2254 2248/2248
f 2243/2243 2251/2251 2242/2242
f 2251/2251 2244/2244 2242/2242
f 2086/2086 2081/2081 2260/2260
f 2084/2084 2086/2086 2173/2173
f 2260/2260 2261/2261 2086/2086
f 2173/2173 2086/2086 2261/2261
f 2173/2173 2180/2180 2172/2172
f 2202/2202 2180/2180 2173/2173
f 2262/2262 2202/2202 2173/2173
f 2262/2262 2173/2173 2261/2261
f 2263/2263 2202/2202 2262/2262
f 2263/2263 2262/2262 2264/2264
f 2094/2094 2260/2260 2081/2081
f 2260/2260 2094/2094 2185/2185
f 2260/2260 2185/2185 2265/2265
f 2186/2186 2190/2190 2185/2185
f 2265/2265 2185/2185 2190/2190
f 2265/2265 2190/2190 2266/2266
f 2266/2266 2267/2267 2265/2265
f 2266/2266 2268/2268 2267/2267
f 2266/2266 2190/2190 2191/2191
f 2266/2266 2191/2191 2268/2268
f 2261/2261 2260/2260 2269/2269
f 2265/2265 2269/2269 2260/2260
f 2261/2261 2269/2269 2270/2270
f 2271/2271 2262/2262 2261/2261
f 2261/2261 2270/2270 2271/2271
f 2270/2270 2269/2269 2272/2272
f 2269/2269 2265/2265 2267/2267
f 2267/2267 2272/2272 2269/2269
f 2270/2270 2272/2272 2273/2273
f 2268/2268 2274/2274 2275/2275
f 2267/2267 2268/2268 2275/2275
f 2275/2275 2272/2272 2267/2267
f 2274/2274 2276/2276 2277/2277
f 2275/2275 2274/2274 2277/2277
f 2272/2272 2275/2275 2278/2278
f 2273/2273 2272/2272 2278/2278
f 2193/2193 2268/2268 2191/2191
f 2279/2279 2270/2270 2273/2273
f 2280/2280 2270/2270 2279/2279
f 2262/2262 2271/2271 2264/2264
f 2271/2271 2280/2280 2264/2264
f 2280/2280 2271/2271 2270/2270
f 2281/2281 2264/2264 2280/2280
f 2282/2282 2280/2280 2279/2279
f 2280/2280 2282/2282 2281/2281
f 2193/2193 2274/2274 2268/2268
f 2194/2194 2276/2276 2274/2274
f 2194/2194 2274/2274 2193/2193
f 2283/2283 2279/2279 2273/2273
f 2284/2284 2273/2273 2278/2278
f 2283/2283 2273/2273 2284/2284
f 2283/2283 2285/2285 2279/2279
f 2282/2282 2279/2279 2285/2285
f 2263/2263 2203/2203 2202/2202
f 2263/2263 2205/2205 2203/2203
f 2205/2205 2263/2263 2286/2286
f 2286/2286 2206/2206 2205/2205
f 2287/2287 2206/2206 2286/2286
f 2286/2286 2263/2263 2264/2264
f 2286/2286 2264/2264 2281/2281
f 2288/2288 2281/2281 2282/2282
f 2286/2286 2281/2281 2287/2287
f 2287/2287 2281/2281 2288/2288
f 2289/2289 2282/2282 2285/2285
f 2290/2290 2285/2285 2291/2291
f 2289/2289 2285/2285 2290/2290
f 2288/2288 2282/2282 2289/2289
f 2288/2288 2289/2289 2292/2292
f 2287/2287 2253/2253 2206/2206
f 2287/2287 2252/2252 2253/2253
f 2287/2287 2257/2257 2252/2252
f 2288/2288 2292/2292 2257/2257
f 2258/2258 2257/2257 2292/2292
f 2288/2288 2257/2257 2287/2287
f 2211/2211 2292/2292 2290/2290
f 2290/2290 2293/2293 2211/2211
f 2258/2258 2292/2292 2210/2210
f 2292/2292 2211/2211 2210/2210
f 2290/2290 2292/2292 2289/2289
f 2128/2128 2294/2294 2127/2127
f 2039/2039 2041/2041 2132/2132
f 2132/2132 2098/2098 2039/2039
f 2295/2295 2098/2098 2296/2296
f 2296/2296 2098/2098 2132/2132
f 2069/2069 2145/2145 2133/2133
f 2295/2295 2099/2099 2098/2098
f 2104/2104 2099/2099 2295/2295
f 2104/2104 2295/2295 2297/2297
f 2295/2295 2296/2296 2298/2298
f 2297/2297 2295/2295 2298/2298
f 2296/2296 2132/2132 2294/2294
f 2127/2127 2132/2132 2126/2126
f 2132/2132 2127/2127 2294/2294
f 2299/2299 2296/2296 2294/2294
f 2299/2299 2298/2298 2296/2296
f 2294/2294 2128/2128 2299/2299
f 2298/2298 2300/2300 2301/2301
f 2301/2301 2302/2302 2298/2298
f 2160/2160 2303/2303 2128/2128
f 2303/2303 2299/2299 2128/2128
f 506/506 2303/2303 2160/2160
f 507/507 2303/2303 506/506
f 2304/2304 2303/2303 507/507
f 2304/2304 2300/2300 2303/2303
f 2304/2304 507/507 544/544
f 544/544 2305/2305 2304/2304
f 2301/2301 2304/2304 2305/2305
f 2299/2299 2303/2303 2300/2300
f 2299/2299 2300/2300 2298/2298
f 2301/2301 2300/2300 2304/2304
f 2166/2166 2148/2148 2306/2306
f 2301/2301 2305/2305 2307/2307
f 2302/2302 2301/2301 2307/2307
f 2308/2308 2302/2302 2307/2307
f 2069/2069 2102/2102 2146/2146
f 2146/2146 2145/2145 2069/2069
f 2146/2146 2102/2102 2105/2105
f 2146/2146 2105/2105 2309/2309
f 2309/2309 2105/2105 2310/2310
f 2311/2311 2146/2146 2309/2309
f 2311/2311 2309/2309 2312/2312
f 2310/2310 2105/2105 2106/2106
f 2104/2104 2313/2313 2103/2103
f 2313/2313 2104/2104 2314/2314
f 2314/2314 2104/2104 2297/2297
f 2103/2103 2313/2313 2106/2106
f 2315/2315 2314/2314 2297/2297
f 2314/2314 2315/2315 2313/2313
f 2316/2316 2315/2315 2297/2297
f 2310/2310 2106/2106 2317/2317
f 2317/2317 2106/2106 2318/2318
f 2318/2318 2106/2106 2313/2313
f 2310/2310 2312/2312 2309/2309
f 2319/2319 2312/2312 2310/2310
f 2320/2320 2313/2313 2315/2315
f 2318/2318 2313/2313 2320/2320
f 2315/2315 2316/2316 2320/2320
f 2321/2321 2144/2144 2146/2146
f 2321/2321 2146/2146 2311/2311
f 2144/2144 2321/2321 2148/2148
f 2306/2306 2148/2148 2321/2321
f 2322/2322 2306/2306 2321/2321
f 2322/2322 2321/2321 2311/2311
f 2312/2312 2323/2323 2311/2311
f 2322/2322 2311/2311 2323/2323
f 2324/2324 2323/2323 2312/2312
f 2325/2325 2322/2322 2323/2323
f 2324/2324 2325/2325 2323/2323
f 2297/2297 2298/2298 2302/2302
f 2316/2316 2297/2297 2302/2302
f 2326/2326 2320/2320 2316/2316
f 2327/2327 2316/2316 2308/2308
f 2324/2324 2312/2312 2328/2328
f 2276/2276 2329/2329 2277/2277
f 2330/2330 2329/2329 2328/2328
f 2329/2329 2330/2330 2331/2331
f 2330/2330 2328/2328 2319/2319
f 2319/2319 2310/2310 2317/2317
f 2332/2332 2317/2317 2318/2318
f 2328/2328 2312/2312 2319/2319
f 2330/2330 2319/2319 2317/2317
f 2330/2330 2317/2317 2332/2332
f 2333/2333 2318/2318 2320/2320
f 2333/2333 2320/2320 2326/2326
f 2332/2332 2318/2318 2333/2333
f 2330/2330 2332/2332 2331/2331
f 2329/2329 2334/2334 2324/2324
f 2324/2324 2328/2328 2329/2329
f 2334/2334 2335/2335 2324/2324
f 2325/2325 2324/2324 2335/2335
f 2194/2194 2335/2335 2334/2334
f 2334/2334 2329/2329 2276/2276
f 2276/2276 2194/2194 2334/2334
f 2332/2332 2336/2336 2331/2331
f 2326/2326 2337/2337 2333/2333
f 2326/2326 2327/2327 2338/2338
f 2326/2326 2338/2338 2339/2339
f 2326/2326 2316/2316 2327/2327
f 2333/2333 2337/2337 2332/2332
f 2337/2337 2336/2336 2332/2332
f 2336/2336 2337/2337 2340/2340
f 2326/2326 2339/2339 2337/2337
f 2340/2340 2337/2337 2339/2339
f 2339/2339 2341/2341 2340/2340
f 2166/2166 2306/2306 2342/2342
f 2184/2184 2166/2166 2342/2342
f 2322/2322 2342/2342 2306/2306
f 2325/2325 2342/2342 2322/2322
f 2343/2343 2342/2342 2325/2325
f 2335/2335 2343/2343 2325/2325
f 2209/2209 2343/2343 2335/2335
f 2184/2184 2342/2342 2343/2343
f 2209/2209 2208/2208 2184/2184
f 2184/2184 2343/2343 2209/2209
f 2308/2308 2316/2316 2302/2302
f 2327/2327 2308/2308 2344/2344
f 2345/2345 2344/2344 2346/2346
f 2335/2335 2194/2194 2209/2209
f 2347/2347 2348/2348 2341/2341
f 2347/2347 2338/2338 2345/2345
f 2338/2338 2327/2327 2345/2345
f 2345/2345 2327/2327 2344/2344
f 2348/2348 2347/2347 2345/2345
f 2341/2341 2339/2339 2347/2347
f 2339/2339 2338/2338 2347/2347
f 2348/2348 2345/2345 2346/2346
f 2348/2348 2346/2346 2349/2349
f 2341/2341 2350/2350 2293/2293
f 2341/2341 2348/2348 2350/2350
f 2349/2349 2350/2350 2348/2348
f 2350/2350 2349/2349 2212/2212
f 2211/2211 2350/2350 2212/2212
f 544/544 551/551 2305/2305
f 2305/2305 551/551 552/552
f 2305/2305 552/552 2307/2307
f 2344/2344 553/553 554/554
f 555/555 2344/2344 554/554
f 553/553 2307/2307 552/552
f 2308/2308 2307/2307 553/553
f 2344/2344 2308/2308 553/553
f 2351/2351 2344/2344 555/555
f 2351/2351 555/555 2236/2236
f 2238/2238 2351/2351 2236/2236
f 2346/2346 2344/2344 2351/2351
f 2246/2246 556/556 539/539
f 2236/2236 556/556 2246/2246
f 2236/2236 555/555 556/556
f 2352/2352 2346/2346 2351/2351
f 2352/2352 2349/2349 2346/2346
f 2353/2353 2238/2238 2255/2255
f 2238/2238 2353/2353 2352/2352
f 2352/2352 2351/2351 2238/2238
f 2353/2353 2349/2349 2352/2352
f 2349/2349 2353/2353 2212/2212
f 2255/2255 2212/2212 2353/2353
f 2278/2278 2277/2277 2331/2331
f 2275/2275 2277/2277 2278/2278
f 2277/2277 2329/2329 2331/2331
f 2284/2284 2278/2278 2331/2331
f 2336/2336 2284/2284 2331/2331
f 2336/2336 2340/2340 2284/2284
f 2291/2291 2283/2283 2284/2284
f 2340/2340 2341/2341 2354/2354
f 2284/2284 2340/2340 2291/2291
f 2291/2291 2340/2340 2354/2354
f 2283/2283 2291/2291 2285/2285
f 2290/2290 2354/2354 2293/2293
f 2354/2354 2290/2290 2291/2291
f 2354/2354 2341/2341 2293/2293
f 2211/2211 2293/2293 2350/2350
f 2355/2355 327/327 720/720
f 2356/2356 2355/2355 720/720
f 327/327 1759/1759 328/328
f 327/327 2355/2355 1759/1759
f 2356/2356 720/720 721/721
f 2356/2356 2357/2357 2355/2355
f 2231/2231 725/725 2228/2228
f 725/725 2231/2231 727/727
f 722/722 725/725 727/727
f 727/727 2231/2231 2240/2240
f 2230/2230 2240/2240 2231/2231
f 2240/2240 728/728 727/727
f 718/718 736/736 730/730
f 731/731 2360/2360 721/721
f 721/721 2360/2360 2356/2356
f 730/730 736/736 2359/2359
f 2360/2360 2357/2357 2356/2356
f 737/737 2359/2359 736/736
f 2361/2361 2359/2359 737/737
f 2359/2359 2361/2361 2362/2362
f 2358/2358 2359/2359 2362/2362
f 2363/2363 1763/1763 1759/1759
f 2355/2355 2364/2364 1759/1759
f 2355/2355 2357/2357 2364/2364
f 2357/2357 2365/2365 2364/2364
f 2366/2366 2358/2358 2362/2362
f 1759/1759 2364/2364 2363/2363
f 2363/2363 1768/1768 1763/1763
f 1768/1768 2367/2367 1769/1769
f 2363/2363 2367/2367 1768/1768
f 2368/2368 2367/2367 2363/2363
f 2370/2370 2364/2364 2365/2365
f 2364/2364 2368/2368 2363/2363
f 2370/2370 2368/2368 2364/2364
f 2368/2368 2370/2370 2372/2372
f 756/756 2240/2240 759/759
f 728/728 2240/2240 756/756
f 2239/2239 759/759 2240/2240
f 737/737 763/763 2361/2361
f 2361/2361 763/763 780/780
f 2361/2361 780/780 2362/2362
f 2362/2362 780/780 2373/2373
f 2362/2362 2374/2374 2366/2366
f 2374/2374 2362/2362 2373/2373
f 2373/2373 780/780 785/785
f 2373/2373 785/785 787/787
f 787/787 2375/2375 2373/2373
f 2376/2376 2377/2377 2375/2375
f 2374/2374 2373/2373 2378/2378
f 2366/2366 2374/2374 2369/2369
f 2371/2371 2369/2369 2374/2374
f 2371/2371 2374/2374 2379/2379
f 2380/2380 2378/2378 2381/2381
f 2379/2379 2374/2374 2378/2378
f 2378/2378 2380/2380 2379/2379
f 2378/2378 2373/2373 2382/2382
f 2382/2382 2373/2373 2375/2375
f 2377/2377 2382/2382 2375/2375
f 2381/2381 2378/2378 2382/2382
f 2382/2382 2383/2383 2381/2381
f 2381/2381 2384/2384 2380/2380
f 2382/2382 2377/2377 2385/2385
f 2382/2382 2385/2385 2383/2383
f 2381/2381 2386/2386 2384/2384
f 2386/2386 2387/2387 2384/2384
f 2386/2386 2381/2381 2383/2383
f 2388/2388 2386/2386 2383/2383
f 2389/2389 2367/2367 2368/2368
f 2390/2390 2367/2367 2389/2389
f 2391/2391 1769/1769 2367/2367
f 2391/2391 2367/2367 2390/2390
f 1790/1790 2391/2391 2390/2390
f 2392/2392 2390/2390 2389/2389
f 2392/2392 2389/2389 2393/2393
f 2394/2394 1790/1790 2390/2390
f 2394/2394 2390/2390 2392/2392
f 2395/2395 2398/2398 2389/2389
f 2389/2389 2368/2368 2372/2372
f 2372/2372 2395/2395 2389/2389
f 2396/2396 2371/2371 2379/2379
f 2396/2396 2399/2399 2397/2397
f 2389/2389 2398/2398 2393/2393
f 2393/2393 2398/2398 2401/2401
f 2393/2393 2402/2402 2392/2392
f 1803/1803 2402/2402 1804/1804
f 2402/2402 2393/2393 2401/2401
f 1804/1804 2402/2402 2401/2401
f 2402/2402 2394/2394 2392/2392
f 2399/2399 2396/2396 2379/2379
f 2379/2379 2384/2384 2399/2399
f 2400/2400 2397/2397 2399/2399
f 2384/2384 2379/2379 2380/2380
f 2399/2399 2384/2384 2403/2403
f 2403/2403 2400/2400 2399/2399
f 2404/2404 2400/2400 2403/2403
f 2404/2404 2403/2403 2384/2384
f 2401/2401 2405/2405 1804/1804
f 2404/2404 2384/2384 2387/2387
f 1787/1787 1769/1769 2391/2391
f 1790/1790 1787/1787 2391/2391
f 1798/1798 1790/1790 2394/2394
f 2407/2407 2408/2408 2409/2409
f 2405/2405 2412/2412 1804/1804
f 1804/1804 2412/2412 2410/2410
f 2410/2410 2408/2408 1804/1804
f 2415/2415 2409/2409 2411/2411
f 2407/2407 2409/2409 2415/2415
f 2416/2416 2414/2414 2406/2406
f 2418/2418 2413/2413 2416/2416
f 2415/2415 2411/2411 2417/2417
f 2417/2417 2420/2420 2415/2415
f 2415/2415 2420/2420 2421/2421
f 2419/2419 2422/2422 2423/2423
f 1790/1790 1798/1798 1789/1789
f 1799/1799 1798/1798 1802/1802
f 1798/1798 2394/2394 1802/1802
f 2394/2394 2402/2402 1802/1802
f 2402/2402 1803/1803 1802/1802
f 2408/2408 1806/1806 1804/1804
f 2425/2425 2426/2426 2407/2407
f 2427/2427 1806/1806 2408/2408
f 1808/1808 1806/1806 2427/2427
f 2426/2426 1809/1809 2427/2427
f 1816/1816 1809/1809 2426/2426
f 1816/1816 2426/2426 2428/2428
f 2427/2427 2408/2408 2407/2407
f 2426/2426 2427/2427 2407/2407
f 2428/2428 2426/2426 2425/2425
f 2428/2428 2425/2425 2429/2429
f 2429/2429 2430/2430 2428/2428
f 1819/1819 1816/1816 2428/2428
f 2428/2428 2430/2430 1819/1819
f 1891/1891 1817/1817 1819/1819
f 1891/1891 1819/1819 2430/2430
f 1891/1891 2430/2430 2431/2431
f 2430/2430 2429/2429 2432/2432
f 2431/2431 2430/2430 2432/2432
f 2425/2425 2407/2407 2421/2421
f 2421/2421 2407/2407 2415/2415
f 2425/2425 2421/2421 2433/2433
f 2429/2429 2425/2425 2433/2433
f 2433/2433 2421/2421 2420/2420
f 2433/2433 2420/2420 2424/2424
f 2434/2434 2433/2433 2424/2424
f 2433/2433 2435/2435 2429/2429
f 2433/2433 2434/2434 2435/2435
f 2432/2432 2429/2429 2435/2435
f 2432/2432 2435/2435 2436/2436
f 2436/2436 2435/2435 2434/2434
f 2436/2436 2434/2434 2437/2437
f 2437/2437 2439/2439 2436/2436
f 2440/2440 2416/2416 2441/2441
f 2400/2400 2404/2404 2441/2441
f 2440/2440 2442/2442 2416/2416
f 2442/2442 2440/2440 2443/2443
f 2444/2444 2442/2442 2443/2443
f 2406/2406 2400/2400 2441/2441
f 2441/2441 2416/2416 2406/2406
f 2418/2418 2416/2416 2446/2446
f 2419/2419 2445/2445 2447/2447
f 2418/2418 2445/2445 2419/2419
f 2446/2446 2416/2416 2442/2442
f 2445/2445 2442/2442 2447/2447
f 2447/2447 2422/2422 2419/2419
f 2422/2422 2447/2447 2444/2444
f 2447/2447 2442/2442 2444/2444
f 2444/2444 2448/2448 2422/2422
f 2449/2449 2448/2448 2444/2444
f 2451/2451 2440/2440 2441/2441
f 2440/2440 2450/2450 2443/2443
f 2444/2444 2443/2443 2453/2453
f 2453/2453 2443/2443 2454/2454
f 2404/2404 2387/2387 2386/2386
f 2404/2404 2386/2386 2455/2455
f 2441/2441 2404/2404 2456/2456
f 2441/2441 2456/2456 2451/2451
f 2404/2404 2455/2455 2457/2457
f 2443/2443 2450/2450 2458/2458
f 2443/2443 2459/2459 2454/2454
f 2460/2460 2454/2454 2459/2459
f 2454/2454 2460/2460 2461/2461
f 2454/2454 2461/2461 2462/2462
f 2463/2463 2444/2444 2453/2453
f 2463/2463 2449/2449 2444/2444
f 2463/2463 2453/2453 2454/2454
f 2454/2454 2462/2462 2463/2463
f 2463/2463 2462/2462 2449/2449
f 2423/2423 2422/2422 2448/2448
f 2424/2424 2437/2437 2434/2434
f 2423/2423 2448/2448 2464/2464
f 2438/2438 2423/2423 2464/2464
f 2448/2448 2449/2449 2464/2464
f 2438/2438 2464/2464 2465/2465
f 2439/2439 2437/2437 2466/2466
f 2467/2467 2438/2438 2465/2465
f 2467/2467 2465/2465 2468/2468
f 2449/2449 2469/2469 2464/2464
f 2464/2464 2469/2469 2465/2465
f 2449/2449 2462/2462 2469/2469
f 2470/2470 2469/2469 2462/2462
f 2471/2471 2439/2439 2466/2466
f 2472/2472 2467/2467 2468/2468
f 2465/2465 2469/2469 2473/2473
f 2473/2473 2469/2469 2474/2474
f 2473/2473 2468/2468 2465/2465
f 2475/2475 2473/2473 2474/2474
f 2475/2475 2474/2474 2476/2476
f 2475/2475 2476/2476 2477/2477
f 833/833 2376/2376 787/787
f 2375/2375 787/787 2376/2376
f 2376/2376 833/833 836/836
f 833/833 832/832 836/836
f 2377/2377 2376/2376 2478/2478
f 2478/2478 2376/2376 836/836
f 839/839 2479/2479 835/835
f 2480/2480 836/836 835/835
f 2478/2478 836/836 2480/2480
f 2480/2480 835/835 2479/2479
f 2481/2481 2479/2479 839/839
f 2482/2482 2479/2479 2481/2481
f 2483/2483 2385/2385 2377/2377
f 2377/2377 2478/2478 2483/2483
f 2383/2383 2385/2385 2483/2483
f 2383/2383 2483/2483 2484/2484
f 2483/2483 2478/2478 2485/2485
f 2484/2484 2483/2483 2485/2485
f 2485/2485 2486/2486 2484/2484
f 2487/2487 2484/2484 2486/2486
f 2485/2485 2478/2478 2480/2480
f 2388/2388 2383/2383 2484/2484
f 2388/2388 2484/2484 2487/2487
f 2386/2386 2388/2388 2455/2455
f 2455/2455 2388/2388 2488/2488
f 2455/2455 2488/2488 2457/2457
f 2489/2489 2457/2457 2488/2488
f 2488/2488 2388/2388 2487/2487
f 2456/2456 2457/2457 2489/2489
f 2490/2490 2451/2451 2456/2456
f 2492/2492 2490/2490 2456/2456
f 2492/2492 2456/2456 2493/2493
f 2494/2494 2456/2456 2489/2489
f 2493/2493 2456/2456 2494/2494
f 2485/2485 2480/2480 2495/2495
f 2486/2486 2485/2485 2495/2495
f 2496/2496 2480/2480 2479/2479
f 2495/2495 2480/2480 2496/2496
f 2497/2497 2495/2495 2496/2496
f 2498/2498 2486/2486 2495/2495
f 2497/2497 2498/2498 2495/2495
f 2487/2487 2486/2486 2498/2498
f 2488/2488 2487/2487 2499/2499
f 2499/2499 2487/2487 2498/2498
f 2499/2499 2489/2489 2488/2488
f 2500/2500 2489/2489 2499/2499
f 2500/2500 2494/2494 2489/2489
f 2492/2492 2493/2493 2501/2501
f 2502/2502 2492/2492 2501/2501
f 2501/2501 2493/2493 2503/2503
f 2497/2497 2504/2504 2498/2498
f 2497/2497 2496/2496 2482/2482
f 2496/2496 2479/2479 2482/2482
f 2504/2504 2497/2497 2482/2482
f 2499/2499 2498/2498 2504/2504
f 2493/2493 2494/2494 2503/2503
f 2503/2503 2505/2505 2501/2501
f 2503/2503 2494/2494 2506/2506
f 2503/2503 2506/2506 2507/2507
f 2505/2505 2503/2503 2508/2508
f 2500/2500 2499/2499 2509/2509
f 2509/2509 2499/2499 2504/2504
f 2504/2504 2510/2510 2509/2509
f 2511/2511 2494/2494 2500/2500
f 2500/2500 2509/2509 2512/2512
f 2500/2500 2512/2512 2511/2511
f 2506/2506 2494/2494 2511/2511
f 2513/2513 2505/2505 2508/2508
f 2514/2514 2506/2506 2511/2511
f 2506/2506 2514/2514 2507/2507
f 2508/2508 2515/2515 2513/2513
f 843/843 2481/2481 839/839
f 2516/2516 2481/2481 843/843
f 2516/2516 843/843 844/844
f 2517/2517 2481/2481 2516/2516
f 2518/2518 2517/2517 2516/2516
f 2517/2517 2482/2482 2481/2481
f 2519/2519 2482/2482 2517/2517
f 2482/2482 2520/2520 2510/2510
f 2520/2520 2482/2482 2519/2519
f 2510/2510 2520/2520 2519/2519
f 2519/2519 2517/2517 2521/2521
f 2510/2510 2504/2504 2482/2482
f 2510/2510 2519/2519 2522/2522
f 2522/2522 2519/2519 2521/2521
f 2510/2510 2522/2522 2523/2523
f 2512/2512 2509/2509 2510/2510
f 2512/2512 2510/2510 2523/2523
f 2456/2456 2404/2404 2457/2457
f 2459/2459 2524/2524 2460/2460
f 2524/2524 2461/2461 2460/2460
f 2491/2491 2459/2459 2452/2452
f 2524/2524 2459/2459 2491/2491
f 2461/2461 2524/2524 2525/2525
f 2524/2524 2491/2491 2492/2492
f 2502/2502 2524/2524 2492/2492
f 2525/2525 2524/2524 2502/2502
f 2462/2462 2461/2461 2526/2526
f 2526/2526 2461/2461 2525/2525
f 2470/2470 2462/2462 2526/2526
f 2502/2502 2505/2505 2527/2527
f 2525/2525 2502/2502 2527/2527
f 2528/2528 2526/2526 2525/2525
f 2529/2529 2528/2528 2525/2525
f 2470/2470 2526/2526 2528/2528
f 2501/2501 2505/2505 2502/2502
f 2529/2529 2525/2525 2527/2527
f 2513/2513 2527/2527 2505/2505
f 2513/2513 2530/2530 2527/2527
f 2515/2515 2530/2530 2513/2513
f 2530/2530 2531/2531 2527/2527
f 2528/2528 2529/2529 2532/2532
f 2529/2529 2527/2527 2531/2531
f 2531/2531 2532/2532 2529/2529
f 2533/2533 2532/2532 2531/2531
f 2469/2469 2470/2470 2474/2474
f 2474/2474 2470/2470 2534/2534
f 2476/2476 2474/2474 2534/2534
f 2534/2534 2470/2470 2528/2528
f 2534/2534 2528/2528 2535/2535
f 2534/2534 2536/2536 2476/2476
f 2528/2528 2532/2532 2535/2535
f 2534/2534 2535/2535 2536/2536
f 2535/2535 2537/2537 2536/2536
f 2536/2536 2477/2477 2476/2476
f 2537/2537 2538/2538 2536/2536
f 2516/2516 844/844 2539/2539
f 858/858 2539/2539 844/844
f 858/858 2540/2540 2539/2539
f 2517/2517 2518/2518 2521/2521
f 2518/2518 2516/2516 2539/2539
f 2541/2541 2518/2518 2539/2539
f 2542/2542 2539/2539 2540/2540
f 860/860 2540/2540 858/858
f 2540/2540 860/860 2543/2543
f 2544/2544 860/860 861/861
f 2543/2543 860/860 2544/2544
f 2545/2545 2543/2543 2544/2544
f 2521/2521 2518/2518 2541/2541
f 2521/2521 2541/2541 2546/2546
f 2542/2542 2546/2546 2541/2541
f 2547/2547 2521/2521 2546/2546
f 2522/2522 2547/2547 2523/2523
f 2522/2522 2521/2521 2547/2547
f 2539/2539 2542/2542 2541/2541
f 2546/2546 2542/2542 2548/2548
f 2549/2549 2547/2547 2546/2546
f 2550/2550 2511/2511 2512/2512
f 2551/2551 2514/2514 2511/2511
f 2552/2552 2515/2515 2508/2508
f 2507/2507 2514/2514 2553/2553
f 2515/2515 2552/2552 2554/2554
f 2530/2530 2515/2515 2554/2554
f 2553/2553 2514/2514 2551/2551
f 2512/2512 2523/2523 2550/2550
f 2555/2555 2523/2523 2547/2547
f 2550/2550 2523/2523 2555/2555
f 2549/2549 2555/2555 2547/2547
f 2556/2556 2554/2554 2552/2552
f 2557/2557 2556/2556 2552/2552
f 2511/2511 2550/2550 2558/2558
f 2550/2550 2555/2555 2558/2558
f 2557/2557 2553/2553 2551/2551
f 2559/2559 2551/2551 2511/2511
f 2559/2559 2511/2511 2558/2558
f 2546/2546 2548/2548 2549/2549
f 2560/2560 2556/2556 2557/2557
f 2562/2562 2551/2551 2559/2559
f 2561/2561 2557/2557 2551/2551
f 2557/2557 2561/2561 2563/2563
f 2560/2560 2557/2557 2564/2564
f 2557/2557 2563/2563 2564/2564
f 2542/2542 2540/2540 2565/2565
f 2548/2548 2542/2542 2565/2565
f 2543/2543 2565/2565 2540/2540
f 2566/2566 2548/2548 2565/2565
f 2549/2549 2548/2548 2566/2566
f 2565/2565 2543/2543 2567/2567
f 2565/2565 2567/2567 2568/2568
f 2566/2566 2565/2565 2568/2568
f 2558/2558 2555/2555 2569/2569
f 2558/2558 2570/2570 2559/2559
f 2558/2558 2569/2569 2570/2570
f 2555/2555 2549/2549 2569/2569
f 2566/2566 2569/2569 2549/2549
f 2559/2559 2571/2571 2562/2562
f 2571/2571 2559/2559 2570/2570
f 2544/2544 861/861 894/894
f 2544/2544 894/894 2545/2545
f 2543/2543 2545/2545 2567/2567
f 2545/2545 894/894 2572/2572
f 2572/2572 896/896 2573/2573
f 2545/2545 2574/2574 2567/2567
f 2574/2574 2545/2545 2572/2572
f 2574/2574 2568/2568 2567/2567
f 2575/2575 2568/2568 2574/2574
f 2572/2572 2576/2576 2574/2574
f 2577/2577 2574/2574 2578/2578
f 2578/2578 2574/2574 2576/2576
f 2571/2571 2579/2579 2562/2562
f 2563/2563 2561/2561 2579/2579
f 2580/2580 2563/2563 2579/2579
f 2581/2581 2563/2563 2580/2580
f 2570/2570 2582/2582 2571/2571
f 2568/2568 2575/2575 2566/2566
f 2566/2566 2575/2575 2569/2569
f 2569/2569 2575/2575 2583/2583
f 2569/2569 2583/2583 2570/2570
f 2575/2575 2574/2574 2577/2577
f 2583/2583 2575/2575 2577/2577
f 2580/2580 2579/2579 2584/2584
f 2584/2584 2579/2579 2585/2585
f 2585/2585 2579/2579 2571/2571
f 2570/2570 2583/2583 2586/2586
f 2586/2586 2582/2582 2570/2570
f 2583/2583 2577/2577 2587/2587
f 2583/2583 2587/2587 2586/2586
f 2572/2572 2588/2588 2576/2576
f 2576/2576 2589/2589 2578/2578
f 2589/2589 2576/2576 2588/2588
f 2588/2588 2572/2572 2573/2573
f 2590/2590 2588/2588 2573/2573
f 2587/2587 2578/2578 2589/2589
f 2577/2577 2578/2578 2587/2587
f 2589/2589 2591/2591 2587/2587
f 2586/2586 2587/2587 2591/2591
f 2592/2592 2586/2586 2591/2591
f 2593/2593 2591/2591 2589/2589
f 2531/2531 2530/2530 2594/2594
f 2533/2533 2531/2531 2595/2595
f 2594/2594 2595/2595 2531/2531
f 2532/2532 2533/2533 2596/2596
f 2477/2477 2536/2536 2538/2538
f 2538/2538 2597/2597 2477/2477
f 2598/2598 2538/2538 2537/2537
f 2596/2596 2537/2537 2535/2535
f 2596/2596 2535/2535 2532/2532
f 2537/2537 2596/2596 2599/2599
f 2596/2596 2533/2533 2600/2600
f 2600/2600 2533/2533 2595/2595
f 2596/2596 2600/2600 2599/2599
f 2599/2599 2600/2600 2601/2601
f 2601/2601 2602/2602 2599/2599
f 2598/2598 2537/2537 2599/2599
f 2603/2603 2598/2598 2599/2599
f 2602/2602 2603/2603 2599/2599
f 2604/2604 2603/2603 2602/2602
f 2604/2604 2605/2605 2603/2603
f 2594/2594 2530/2530 2554/2554
f 2606/2606 2554/2554 2556/2556
f 2594/2594 2554/2554 2606/2606
f 2606/2606 2556/2556 2560/2560
f 2607/2607 2606/2606 2608/2608
f 2607/2607 2595/2595 2594/2594
f 2594/2594 2606/2606 2607/2607
f 2595/2595 2607/2607 2600/2600
f 2560/2560 2608/2608 2606/2606
f 2560/2560 2609/2609 2608/2608
f 2610/2610 2607/2607 2608/2608
f 2610/2610 2608/2608 2609/2609
f 2564/2564 2609/2609 2560/2560
f 2611/2611 2610/2610 2609/2609
f 2607/2607 2612/2612 2601/2601
f 2607/2607 2610/2610 2612/2612
f 2612/2612 2610/2610 2613/2613
f 2613/2613 2610/2610 2611/2611
f 2564/2564 2563/2563 2581/2581
f 2564/2564 2581/2581 2614/2614
f 2609/2609 2564/2564 2614/2614
f 2614/2614 2611/2611 2609/2609
f 2600/2600 2607/2607 2601/2601
f 2615/2615 2602/2602 2601/2601
f 2602/2602 2615/2615 2604/2604
f 2615/2615 2601/2601 2612/2612
f 2612/2612 2616/2616 2615/2615
f 2615/2615 2616/2616 2617/2617
f 2616/2616 2612/2612 2613/2613
f 2604/2604 2615/2615 2617/2617
f 2613/2613 2611/2611 2618/2618
f 2619/2619 2620/2620 2618/2618
f 2580/2580 2621/2621 2581/2581
f 2581/2581 2622/2622 2614/2614
f 2622/2622 2581/2581 2621/2621
f 2611/2611 2614/2614 2622/2622
f 2621/2621 2580/2580 2584/2584
f 2621/2621 2584/2584 2623/2623
f 2585/2585 2625/2625 2584/2584
f 2623/2623 2584/2584 2624/2624
f 2622/2622 2621/2621 2623/2623
f 2626/2626 2622/2622 2623/2623
f 2618/2618 2611/2611 2622/2622
f 2618/2618 2622/2622 2626/2626
f 2618/2618 2626/2626 2619/2619
f 2571/2571 2627/2627 2585/2585
f 2582/2582 2627/2627 2571/2571
f 2628/2628 2585/2585 2627/2627
f 2624/2624 2629/2629 2623/2623
f 2628/2628 2625/2625 2585/2585
f 2631/2631 2625/2625 2628/2628
f 2629/2629 2624/2624 2630/2630
f 2632/2632 2623/2623 2629/2629
f 2626/2626 2623/2623 2632/2632
f 2582/2582 2586/2586 2592/2592
f 2633/2633 2628/2628 2627/2627
f 2629/2629 2630/2630 2634/2634
f 2627/2627 2582/2582 2635/2635
f 2592/2592 2591/2591 2593/2593
f 2592/2592 2635/2635 2582/2582
f 2635/2635 2592/2592 2636/2636
f 2636/2636 2592/2592 2593/2593
f 2633/2633 2627/2627 2635/2635
f 2637/2637 2619/2619 2626/2626
f 2626/2626 2632/2632 2637/2637
f 2638/2638 2619/2619 2637/2637
f 2637/2637 2632/2632 2639/2639
f 2639/2639 2632/2632 2629/2629
f 2639/2639 2629/2629 2634/2634
f 2639/2639 2640/2640 2637/2637
f 2638/2638 2637/2637 2641/2641
f 2641/2641 2637/2637 2640/2640
f 2616/2616 2613/2613 2620/2620
f 2620/2620 2613/2613 2618/2618
f 2616/2616 2620/2620 2642/2642
f 2643/2643 2616/2616 2642/2642
f 2617/2617 2605/2605 2604/2604
f 2605/2605 2617/2617 2644/2644
f 2645/2645 2605/2605 2644/2644
f 2646/2646 2647/2647 2644/2644
f 2617/2617 2616/2616 2643/2643
f 2644/2644 2617/2617 2643/2643
f 2644/2644 2643/2643 2646/2646
f 2642/2642 2620/2620 2619/2619
f 2648/2648 2642/2642 2638/2638
f 2648/2648 2638/2638 2649/2649
f 2643/2643 2648/2648 2646/2646
f 2643/2643 2642/2642 2648/2648
f 2646/2646 2648/2648 2650/2650
f 2642/2642 2619/2619 2638/2638
f 2649/2649 2638/2638 2641/2641
f 2651/2651 1891/1891 2431/2431
f 1892/1892 1891/1891 2651/2651
f 2431/2431 2652/2652 2651/2651
f 2431/2431 2432/2432 2652/2652
f 2652/2652 2653/2653 2651/2651
f 2654/2654 1892/1892 2651/2651
f 2654/2654 1894/1894 1892/1892
f 2653/2653 2655/2655 2654/2654
f 1955/1955 1894/1894 2654/2654
f 2654/2654 2655/2655 1955/1955
f 2654/2654 2651/2651 2653/2653
f 2653/2653 2656/2656 2655/2655
f 2657/2657 2432/2432 2436/2436
f 2432/2432 2657/2657 2652/2652
f 2653/2653 2652/2652 2657/2657
f 2653/2653 2657/2657 2656/2656
f 2436/2436 2439/2439 2657/2657
f 2657/2657 2439/2439 2658/2658
f 2658/2658 2656/2656 2657/2657
f 2656/2656 2659/2659 2655/2655
f 2656/2656 2658/2658 2660/2660
f 2656/2656 2660/2660 2659/2659
f 2660/2660 2661/2661 2659/2659
f 2471/2471 2658/2658 2439/2439
f 2658/2658 2471/2471 2662/2662
f 2472/2472 2468/2468 2663/2663
f 2468/2468 2664/2664 2663/2663
f 2665/2665 2663/2663 2664/2664
f 2662/2662 2660/2660 2658/2658
f 2662/2662 2666/2666 2660/2660
f 2475/2475 2468/2468 2473/2473
f 2468/2468 2475/2475 2664/2664
f 2664/2664 2475/2475 2667/2667
f 2667/2667 2475/2475 2477/2477
f 2659/2659 2668/2668 2655/2655
f 2661/2661 2668/2668 2659/2659
f 2669/2669 1955/1955 2655/2655
f 1958/1958 1955/1955 2669/2669
f 2670/2670 2669/2669 2655/2655
f 2668/2668 2670/2670 2655/2655
f 2669/2669 1968/1968 1958/1958
f 2670/2670 2671/2671 2669/2669
f 2670/2670 2668/2668 2672/2672
f 2671/2671 2670/2670 2672/2672
f 2673/2673 2672/2672 2668/2668
f 2668/2668 2661/2661 2673/2673
f 2673/2673 2661/2661 2674/2674
f 1970/1970 1960/1960 1968/1968
f 1968/1968 2671/2671 1970/1970
f 1968/1968 2669/2669 2671/2671
f 2671/2671 2675/2675 1970/1970
f 2675/2675 2671/2671 2672/2672
f 2676/2676 2672/2672 2673/2673
f 2676/2676 2677/2677 2672/2672
f 2675/2675 2672/2672 2677/2677
f 2678/2678 2675/2675 2677/2677
f 2661/2661 2660/2660 2666/2666
f 2674/2674 2661/2661 2666/2666
f 2666/2666 2679/2679 2674/2674
f 2681/2681 2679/2679 2683/2683
f 2684/2684 2664/2664 2667/2667
f 2684/2684 2665/2665 2664/2664
f 2597/2597 2684/2684 2667/2667
f 2684/2684 2680/2680 2665/2665
f 2682/2682 2680/2680 2684/2684
f 2684/2684 2685/2685 2682/2682
f 2685/2685 2686/2686 2682/2682
f 2682/2682 2686/2686 2687/2687
f 2674/2674 2681/2681 2673/2673
f 2679/2679 2681/2681 2674/2674
f 2676/2676 2673/2673 2681/2681
f 2688/2688 2681/2681 2690/2690
f 2676/2676 2681/2681 2691/2691
f 2691/2691 2681/2681 2688/2688
f 2692/2692 2691/2691 2688/2688
f 2692/2692 2693/2693 2694/2694
f 2692/2692 2694/2694 2691/2691
f 2695/2695 2693/2693 2696/2696
f 2690/2690 2692/2692 2688/2688
f 2696/2696 2692/2692 2697/2697
f 2693/2693 2692/2692 2696/2696
f 2695/2695 2696/2696 2698/2698
f 2698/2698 2696/2696 2697/2697
f 2699/2699 2700/2700 2701/2701
f 2702/2702 2699/2699 2703/2703
f 2704/2704 2699/2699 2702/2702
f 2704/2704 2700/2700 2699/2699
f 2705/2705 2676/2676 2691/2691
f 2691/2691 2694/2694 2705/2705
f 2706/2706 2694/2694 2693/2693
f 2707/2707 2706/2706 2693/2693
f 2708/2708 2706/2706 2707/2707
f 2709/2709 2708/2708 2707/2707
f 2707/2707 2710/2710 2709/2709
f 2710/2710 2695/2695 2711/2711
f 2695/2695 2698/2698 2701/2701
f 2701/2701 2711/2711 2695/2695
f 2711/2711 2701/2701 2700/2700
f 2707/2707 2693/2693 2695/2695
f 2707/2707 2695/2695 2710/2710
f 2700/2700 2712/2712 2711/2711
f 2712/2712 2710/2710 2711/2711
f 2709/2709 2712/2712 2713/2713
f 2709/2709 2710/2710 2712/2712
f 2683/2683 2690/2690 2681/2681
f 2687/2687 2689/2689 2682/2682
f 2690/2690 2697/2697 2692/2692
f 2690/2690 2715/2715 2697/2697
f 2716/2716 2697/2697 2715/2715
f 2714/2714 2689/2689 2687/2687
f 2697/2697 2716/2716 2698/2698
f 2716/2716 2717/2717 2698/2698
f 2717/2717 2716/2716 2719/2719
f 2719/2719 2716/2716 2715/2715
f 2717/2717 2719/2719 2720/2720
f 2720/2720 2723/2723 2717/2717
f 2714/2714 2687/2687 2724/2724
f 2724/2724 2725/2725 2714/2714
f 2718/2718 2714/2714 2725/2725
f 2725/2725 2726/2726 2718/2718
f 2724/2724 2687/2687 2727/2727
f 2687/2687 2728/2728 2727/2727
f 2729/2729 2724/2724 2727/2727
f 2725/2725 2724/2724 2729/2729
f 2729/2729 2726/2726 2725/2725
f 2730/2730 2721/2721 2726/2726
f 2731/2731 2733/2733 2726/2726
f 2726/2726 2733/2733 2730/2730
f 2721/2721 2718/2718 2726/2726
f 2735/2735 2717/2717 2723/2723
f 2699/2699 2701/2701 2735/2735
f 2721/2721 2730/2730 2722/2722
f 2737/2737 2735/2735 2723/2723
f 2738/2738 2739/2739 2741/2741
f 2735/2735 2703/2703 2699/2699
f 2739/2739 2702/2702 2703/2703
f 2735/2735 2739/2739 2703/2703
f 2737/2737 2739/2739 2735/2735
f 2736/2736 2722/2722 2742/2742
f 2722/2722 2730/2730 2742/2742
f 2741/2741 2743/2743 2738/2738
f 2736/2736 2742/2742 2745/2745
f 2740/2740 2736/2736 2745/2745
f 2741/2741 2739/2739 2737/2737
f 2742/2742 2746/2746 2745/2745
f 2746/2746 2742/2742 2748/2748
f 2746/2746 2744/2744 2740/2740
f 2746/2746 2740/2740 2745/2745
f 2735/2735 2698/2698 2717/2717
f 2701/2701 2698/2698 2735/2735
f 2733/2733 2742/2742 2730/2730
f 2742/2742 2733/2733 2748/2748
f 2014/2014 1970/1970 2675/2675
f 2677/2677 2750/2750 2678/2678
f 2750/2750 2676/2676 2705/2705
f 2750/2750 2677/2677 2676/2676
f 2751/2751 2750/2750 2752/2752
f 2751/2751 2753/2753 2750/2750
f 2706/2706 2705/2705 2694/2694
f 2706/2706 2754/2754 2705/2705
f 2754/2754 2706/2706 2708/2708
f 2750/2750 2705/2705 2752/2752
f 2752/2752 2705/2705 2755/2755
f 2756/2756 2708/2708 2757/2757
f 2757/2757 2708/2708 2709/2709
f 2756/2756 2754/2754 2708/2708
f 2705/2705 2754/2754 2755/2755
f 2756/2756 2755/2755 2754/2754
f 2756/2756 2758/2758 2755/2755
f 2756/2756 2757/2757 2759/2759
f 2756/2756 2759/2759 2760/2760
f 2755/2755 2761/2761 2752/2752
f 2758/2758 2761/2761 2755/2755
f 2761/2761 2751/2751 2752/2752
f 2760/2760 2758/2758 2756/2756
f 2751/2751 2761/2761 2762/2762
f 2761/2761 2763/2763 2762/2762
f 2761/2761 2758/2758 2763/2763
f 2763/2763 2758/2758 2764/2764
f 2729/2729 2727/2727 2765/2765
f 2729/2729 2766/2766 2726/2726
f 2766/2766 2729/2729 2765/2765
f 2767/2767 2726/2726 2766/2766
f 2753/2753 2751/2751 2762/2762
f 2763/2763 2768/2768 2762/2762
f 2769/2769 2762/2762 2768/2768
f 2770/2770 2762/2762 2769/2769
f 2771/2771 2769/2769 2768/2768
f 2771/2771 2772/2772 2769/2769
f 2770/2770 2769/2769 2772/2772
f 2772/2772 2771/2771 2773/2773
f 2772/2772 2774/2774 2770/2770
f 2775/2775 2774/2774 2772/2772
f 2773/2773 2775/2775 2772/2772
f 2770/2770 2774/2774 2776/2776
f 2776/2776 2774/2774 2777/2777
f 2774/2774 2775/2775 2777/2777
f 2776/2776 2778/2778 2770/2770
f 2779/2779 2780/2780 2781/2781
f 2782/2782 2784/2784 2785/2785
f 2779/2779 2782/2782 2785/2785
f 2781/2781 2786/2786 2787/2787
f 2780/2780 2779/2779 2785/2785
f 2786/2786 2780/2780 2788/2788
f 2786/2786 2781/2781 2780/2780
f 2789/2789 2790/2790 2791/2791
f 2792/2792 2791/2791 2790/2790
f 2778/2778 2776/2776 2792/2792
f 2776/2776 2777/2777 2792/2792
f 2792/2792 2777/2777 2791/2791
f 2791/2791 2775/2775 2793/2793
f 2794/2794 2793/2793 2775/2775
f 2777/2777 2775/2775 2791/2791
f 2795/2795 2791/2791 2793/2793
f 2795/2795 2789/2789 2791/2791
f 2794/2794 2795/2795 2793/2793
f 2796/2796 2792/2792 2790/2790
f 2790/2790 2785/2785 2796/2796
f 2780/2780 2785/2785 2789/2789
f 2789/2789 2785/2785 2790/2790
f 2796/2796 2785/2785 2784/2784
f 2788/2788 2780/2780 2789/2789
f 2789/2789 2795/2795 2788/2788
f 2797/2797 2788/2788 2795/2795
f 2788/2788 2798/2798 2786/2786
f 2797/2797 2798/2798 2788/2788
f 2799/2799 2704/2704 2800/2800
f 2800/2800 2704/2704 2702/2702
f 2801/2801 2799/2799 2800/2800
f 2802/2802 2800/2800 2803/2803
f 2802/2802 2801/2801 2800/2800
f 2802/2802 2804/2804 2801/2801
f 2803/2803 2804/2804 2802/2802
f 2805/2805 2713/2713 2806/2806
f 2713/2713 2807/2807 2709/2709
f 2805/2805 2807/2807 2713/2713
f 2808/2808 2805/2805 2799/2799
f 2809/2809 2808/2808 2799/2799
f 2805/2805 2808/2808 2807/2807
f 2810/2810 2808/2808 2809/2809
f 2807/2807 2808/2808 2811/2811
f 2810/2810 2812/2812 2808/2808
f 2812/2812 2811/2811 2808/2808
f 2806/2806 2712/2712 2700/2700
f 2806/2806 2700/2700 2704/2704
f 2806/2806 2713/2713 2712/2712
f 2806/2806 2704/2704 2799/2799
f 2806/2806 2799/2799 2805/2805
f 2809/2809 2799/2799 2801/2801
f 2813/2813 2812/2812 2810/2810
f 2814/2814 2801/2801 2804/2804
f 2801/2801 2814/2814 2809/2809
f 2809/2809 2814/2814 2810/2810
f 2804/2804 2815/2815 2814/2814
f 2816/2816 2814/2814 2815/2815
f 2813/2813 2810/2810 2814/2814
f 2814/2814 2816/2816 2813/2813
f 2817/2817 2816/2816 2815/2815
f 2739/2739 2818/2818 2702/2702
f 2739/2739 2738/2738 2818/2818
f 2800/2800 2702/2702 2818/2818
f 2800/2800 2818/2818 2803/2803
f 2803/2803 2818/2818 2738/2738
f 2819/2819 2804/2804 2803/2803
f 2820/2820 2819/2819 2803/2803
f 2803/2803 2738/2738 2820/2820
f 2820/2820 2822/2822 2819/2819
f 2821/2821 2744/2744 2823/2823
f 2738/2738 2743/2743 2820/2820
f 2746/2746 2823/2823 2744/2744
f 2825/2825 2820/2820 2824/2824
f 2822/2822 2820/2820 2825/2825
f 2822/2822 2825/2825 2826/2826
f 2827/2827 2826/2826 2825/2825
f 2822/2822 2826/2826 2828/2828
f 2815/2815 2804/2804 2819/2819
f 2815/2815 2819/2819 2829/2829
f 2822/2822 2829/2829 2819/2819
f 2828/2828 2829/2829 2822/2822
f 2830/2830 2829/2829 2828/2828
f 2831/2831 2014/2014 2675/2675
f 2831/2831 2675/2675 2678/2678
f 2025/2025 2014/2014 2831/2831
f 2015/2015 2014/2014 2025/2025
f 2832/2832 2025/2025 2831/2831
f 2832/2832 2831/2831 2833/2833
f 2832/2832 2834/2834 2835/2835
f 2834/2834 2832/2832 2833/2833
f 2835/2835 2836/2836 2832/2832
f 2025/2025 2832/2832 2028/2028
f 2837/2837 2832/2832 2836/2836
f 2028/2028 2832/2832 2837/2837
f 2838/2838 2836/2836 2835/2835
f 2838/2838 2835/2835 2834/2834
f 2838/2838 2834/2834 2839/2839
f 2840/2840 2839/2839 2834/2834
f 2836/2836 2838/2838 2841/2841
f 2841/2841 2838/2838 2839/2839
f 2841/2841 2839/2839 2842/2842
f 2839/2839 2840/2840 2843/2843
f 2833/2833 2840/2840 2834/2834
f 2836/2836 2841/2841 2842/2842
f 2836/2836 2842/2842 2837/2837
f 2844/2844 2837/2837 2842/2842
f 2844/2844 2842/2842 2843/2843
f 2843/2843 2842/2842 2839/2839
f 2833/2833 2843/2843 2840/2840
f 2833/2833 2844/2844 2843/2843
f 2753/2753 2678/2678 2750/2750
f 2753/2753 2833/2833 2678/2678
f 2831/2831 2678/2678 2833/2833
f 2845/2845 2833/2833 2753/2753
f 2844/2844 2833/2833 2845/2845
f 2757/2757 2709/2709 2807/2807
f 2846/2846 2757/2757 2807/2807
f 2846/2846 2759/2759 2757/2757
f 2847/2847 2759/2759 2846/2846
f 2807/2807 2848/2848 2846/2846
f 2848/2848 2807/2807 2811/2811
f 2847/2847 2846/2846 2848/2848
f 2847/2847 2760/2760 2759/2759
f 2758/2758 2760/2760 2764/2764
f 2849/2849 2764/2764 2760/2760
f 2850/2850 2849/2849 2760/2760
f 2851/2851 2760/2760 2847/2847
f 2847/2847 2848/2848 2851/2851
f 2852/2852 2851/2851 2848/2848
f 2850/2850 2760/2760 2851/2851
f 2850/2850 2853/2853 2849/2849
f 2854/2854 2850/2850 2851/2851
f 2851/2851 2852/2852 2854/2854
f 2812/2812 2855/2855 2811/2811
f 2855/2855 2812/2812 2856/2856
f 2812/2812 2813/2813 2856/2856
f 2855/2855 2848/2848 2811/2811
f 2857/2857 2855/2855 2856/2856
f 2855/2855 2857/2857 2848/2848
f 2858/2858 2856/2856 2813/2813
f 2858/2858 2859/2859 2856/2856
f 2857/2857 2856/2856 2859/2859
f 2858/2858 2816/2816 2817/2817
f 2858/2858 2813/2813 2816/2816
f 2815/2815 2860/2860 2817/2817
f 2858/2858 2861/2861 2859/2859
f 2817/2817 2861/2861 2858/2858
f 2857/2857 2852/2852 2848/2848
f 2862/2862 2852/2852 2857/2857
f 2863/2863 2850/2850 2854/2854
f 2864/2864 2854/2854 2852/2852
f 2862/2862 2857/2857 2859/2859
f 2859/2859 2865/2865 2862/2862
f 2864/2864 2852/2852 2862/2862
f 2866/2866 2864/2864 2862/2862
f 2865/2865 2859/2859 2861/2861
f 2817/2817 2867/2867 2861/2861
f 2817/2817 2860/2860 2867/2867
f 2868/2868 2861/2861 2867/2867
f 2867/2867 2869/2869 2868/2868
f 2865/2865 2861/2861 2868/2868
f 2865/2865 2866/2866 2862/2862
f 2870/2870 2865/2865 2868/2868
f 2870/2870 2868/2868 2871/2871
f 2871/2871 2868/2868 2869/2869
f 2860/2860 2829/2829 2830/2830
f 2829/2829 2860/2860 2815/2815
f 2872/2872 2860/2860 2830/2830
f 2872/2872 2830/2830 2873/2873
f 2873/2873 2830/2830 2828/2828
f 2874/2874 2828/2828 2826/2826
f 2873/2873 2828/2828 2874/2874
f 2860/2860 2872/2872 2867/2867
f 2869/2869 2867/2867 2872/2872
f 2872/2872 2875/2875 2869/2869
f 2873/2873 2876/2876 2875/2875
f 2873/2873 2875/2875 2872/2872
f 2876/2876 2877/2877 2875/2875
f 2763/2763 2764/2764 2768/2768
f 2764/2764 2849/2849 2853/2853
f 2878/2878 2764/2764 2853/2853
f 2764/2764 2878/2878 2768/2768
f 2879/2879 2853/2853 2850/2850
f 2863/2863 2879/2879 2850/2850
f 2768/2768 2878/2878 2771/2771
f 2880/2880 2771/2771 2878/2878
f 2773/2773 2771/2771 2880/2880
f 2880/2880 2881/2881 2773/2773
f 2878/2878 2853/2853 2880/2880
f 2879/2879 2880/2880 2853/2853
f 2880/2880 2879/2879 2881/2881
f 2881/2881 2879/2879 2882/2882
f 2883/2883 2882/2882 2879/2879
f 2753/2753 2762/2762 2770/2770
f 2770/2770 2884/2884 2753/2753
f 2881/2881 2775/2775 2773/2773
f 2885/2885 2775/2775 2881/2881
f 2886/2886 2885/2885 2881/2881
f 2884/2884 2770/2770 2778/2778
f 2882/2882 2886/2886 2881/2881
f 2854/2854 2864/2864 2863/2863
f 2879/2879 2863/2863 2883/2883
f 2864/2864 2866/2866 2863/2863
f 2883/2883 2863/2863 2887/2887
f 2882/2882 2883/2883 2888/2888
f 2887/2887 2888/2888 2883/2883
f 2887/2887 2889/2889 2888/2888
f 2866/2866 2887/2887 2863/2863
f 2866/2866 2890/2890 2887/2887
f 2865/2865 2890/2890 2866/2866
f 2865/2865 2870/2870 2890/2890
f 2891/2891 2870/2870 2871/2871
f 2870/2870 2891/2891 2890/2890
f 2892/2892 2887/2887 2890/2890
f 2892/2892 2889/2889 2887/2887
f 2890/2890 2891/2891 2892/2892
f 2882/2882 2888/2888 2889/2889
f 2889/2889 2893/2893 2882/2882
f 2775/2775 2885/2885 2794/2794
f 2894/2894 2885/2885 2886/2886
f 2885/2885 2894/2894 2794/2794
f 2895/2895 2794/2794 2894/2894
f 2893/2893 2894/2894 2886/2886
f 2893/2893 2886/2886 2882/2882
f 2896/2896 2895/2895 2894/2894
f 2896/2896 2894/2894 2897/2897
f 2795/2795 2794/2794 2895/2895
f 2895/2895 2797/2797 2795/2795
f 2898/2898 2798/2798 2797/2797
f 2899/2899 2898/2898 2797/2797
f 2797/2797 2895/2895 2899/2899
f 2898/2898 2899/2899 2900/2900
f 2899/2899 2895/2895 2896/2896
f 2900/2900 2899/2899 2901/2901
f 2901/2901 2899/2899 2896/2896
f 2871/2871 2869/2869 2902/2902
f 2891/2891 2871/2871 2902/2902
f 2902/2902 2869/2869 2875/2875
f 2892/2892 2891/2891 2903/2903
f 2904/2904 2903/2903 2891/2891
f 2904/2904 2891/2891 2902/2902
f 2902/2902 2905/2905 2904/2904
f 2906/2906 2903/2903 2904/2904
f 2907/2907 2905/2905 2877/2877
f 2902/2902 2875/2875 2877/2877
f 2902/2902 2877/2877 2905/2905
f 2905/2905 2906/2906 2904/2904
f 2906/2906 2905/2905 2907/2907
f 2894/2894 2893/2893 2897/2897
f 2893/2893 2889/2889 2903/2903
f 2893/2893 2903/2903 2897/2897
f 2903/2903 2906/2906 2897/2897
f 2889/2889 2892/2892 2903/2903
f 2901/2901 2896/2896 2897/2897
f 2897/2897 2906/2906 2901/2901
f 2907/2907 2901/2901 2906/2906
f 2907/2907 2900/2900 2901/2901
f 2477/2477 2597/2597 2667/2667
f 2685/2685 2684/2684 2597/2597
f 2598/2598 2597/2597 2538/2538
f 2908/2908 2685/2685 2597/2597
f 2598/2598 2908/2908 2597/2597
f 2685/2685 2908/2908 2686/2686
f 2908/2908 2909/2909 2686/2686
f 2909/2909 2908/2908 2603/2603
f 2687/2687 2686/2686 2728/2728
f 2686/2686 2910/2910 2728/2728
f 2909/2909 2910/2910 2686/2686
f 2908/2908 2598/2598 2603/2603
f 2909/2909 2603/2603 2911/2911
f 2603/2603 2605/2605 2911/2911
f 2731/2731 2726/2726 2913/2913
f 2767/2767 2913/2913 2726/2726
f 2912/2912 2914/2914 2732/2732
f 2747/2747 2749/2749 2915/2915
f 2915/2915 2749/2749 2734/2734
f 2734/2734 2732/2732 2914/2914
f 2914/2914 2915/2915 2734/2734
f 2916/2916 2915/2915 2914/2914
f 2917/2917 2915/2915 2916/2916
f 2747/2747 2915/2915 2917/2917
f 2824/2824 2747/2747 2917/2917
f 2918/2918 2917/2917 2916/2916
f 2914/2914 2919/2919 2920/2920
f 2916/2916 2914/2914 2920/2920
f 2918/2918 2916/2916 2921/2921
f 2920/2920 2922/2922 2916/2916
f 2921/2921 2916/2916 2922/2922
f 2923/2923 2728/2728 2910/2910
f 2909/2909 2924/2924 2910/2910
f 2910/2910 2924/2924 2925/2925
f 2911/2911 2605/2605 2645/2645
f 2645/2645 2926/2926 2911/2911
f 2647/2647 2926/2926 2645/2645
f 2924/2924 2909/2909 2911/2911
f 2647/2647 2927/2927 2928/2928
f 2647/2647 2928/2928 2926/2926
f 2911/2911 2929/2929 2924/2924
f 2929/2929 2925/2925 2924/2924
f 2926/2926 2929/2929 2911/2911
f 2930/2930 2929/2929 2931/2931
f 2929/2929 2926/2926 2931/2931
f 2931/2931 2926/2926 2928/2928
f 2727/2727 2728/2728 2765/2765
f 2765/2765 2728/2728 2923/2923
f 2932/2932 2765/2765 2923/2923
f 2766/2766 2765/2765 2933/2933
f 2932/2932 2933/2933 2765/2765
f 2933/2933 2932/2932 2934/2934
f 2766/2766 2933/2933 2936/2936
f 2936/2936 2767/2767 2766/2766
f 2913/2913 2767/2767 2936/2936
f 2935/2935 2937/2937 2912/2912
f 2937/2937 2935/2935 2938/2938
f 2939/2939 2932/2932 2923/2923
f 2939/2939 2934/2934 2932/2932
f 2925/2925 2923/2923 2910/2910
f 2934/2934 2939/2939 2940/2940
f 2925/2925 2939/2939 2923/2923
f 2933/2933 2941/2941 2936/2936
f 2934/2934 2941/2941 2933/2933
f 2941/2941 2934/2934 2943/2943
f 2945/2945 2942/2942 2944/2944
f 2942/2942 2946/2946 2935/2935
f 2946/2946 2942/2942 2945/2945
f 2938/2938 2935/2935 2946/2946
f 2943/2943 2934/2934 2940/2940
f 2943/2943 2940/2940 2948/2948
f 2944/2944 2947/2947 2949/2949
f 2914/2914 2912/2912 2919/2919
f 2912/2912 2937/2937 2919/2919
f 2950/2950 2919/2919 2937/2937
f 2950/2950 2937/2937 2938/2938
f 2920/2920 2919/2919 2950/2950
f 2922/2922 2920/2920 2951/2951
f 2920/2920 2950/2950 2952/2952
f 2951/2951 2920/2920 2952/2952
f 2921/2921 2922/2922 2951/2951
f 2938/2938 2946/2946 2953/2953
f 2938/2938 2953/2953 2952/2952
f 2954/2954 2945/2945 2949/2949
f 2946/2946 2945/2945 2953/2953
f 2953/2953 2945/2945 2954/2954
f 2955/2955 2953/2953 2954/2954
f 2950/2950 2938/2938 2952/2952
f 2951/2951 2952/2952 2956/2956
f 2952/2952 2953/2953 2955/2955
f 2956/2956 2952/2952 2955/2955
f 2957/2957 2956/2956 2955/2955
f 2783/2783 2939/2939 2925/2925
f 2783/2783 2948/2948 2940/2940
f 2939/2939 2783/2783 2940/2940
f 2945/2945 2944/2944 2949/2949
f 2949/2949 2947/2947 2779/2779
f 2779/2779 2947/2947 2782/2782
f 2958/2958 2783/2783 2925/2925
f 2784/2784 2782/2782 2947/2947
f 2796/2796 2784/2784 2959/2959
f 2796/2796 2959/2959 2792/2792
f 2925/2925 2930/2930 2958/2958
f 2929/2929 2930/2930 2925/2925
f 2779/2779 2781/2781 2949/2949
f 2949/2949 2781/2781 2787/2787
f 2954/2954 2949/2949 2960/2960
f 2955/2955 2954/2954 2960/2960
f 2787/2787 2960/2960 2949/2949
f 2957/2957 2955/2955 2961/2961
f 2961/2961 2960/2960 2962/2962
f 2955/2955 2960/2960 2961/2961
f 2787/2787 2786/2786 2798/2798
f 2787/2787 2962/2962 2960/2960
f 2962/2962 2787/2787 2798/2798
f 2645/2645 2644/2644 2647/2647
f 2927/2927 2647/2647 2646/2646
f 2927/2927 2646/2646 2650/2650
f 2827/2827 2825/2825 2824/2824
f 2918/2918 2824/2824 2917/2917
f 2827/2827 2824/2824 2918/2918
f 2826/2826 2827/2827 2963/2963
f 2963/2963 2918/2918 2921/2921
f 2963/2963 2827/2827 2918/2918
f 2964/2964 2826/2826 2963/2963
f 2963/2963 2921/2921 2965/2965
f 2965/2965 2921/2921 2966/2966
f 2964/2964 2874/2874 2826/2826
f 2964/2964 2963/2963 2965/2965
f 2967/2967 2874/2874 2964/2964
f 2964/2964 2965/2965 2967/2967
f 2967/2967 2965/2965 2966/2966
f 2921/2921 2951/2951 2966/2966
f 2966/2966 2968/2968 2967/2967
f 2966/2966 2969/2969 2968/2968
f 2969/2969 2970/2970 2971/2971
f 2968/2968 2969/2969 2971/2971
f 2966/2966 2951/2951 2956/2956
f 2969/2969 2966/2966 2956/2956
f 2956/2956 2957/2957 2970/2970
f 2969/2969 2956/2956 2970/2970
f 2967/2967 2873/2873 2874/2874
f 2876/2876 2967/2967 2968/2968
f 2876/2876 2873/2873 2967/2967
f 2972/2972 2876/2876 2968/2968
f 2961/2961 2973/2973 2957/2957
f 2970/2970 2957/2957 2973/2973
f 2898/2898 2962/2962 2798/2798
f 2974/2974 2962/2962 2898/2898
f 2973/2973 2961/2961 2974/2974
f 2974/2974 2961/2961 2962/2962
f 2971/2971 2970/2970 2973/2973
f 2975/2975 2971/2971 2973/2973
f 2971/2971 2972/2972 2968/2968
f 2971/2971 2975/2975 2972/2972
f 2973/2973 2974/2974 2900/2900
f 2975/2975 2973/2973 2900/2900
f 2900/2900 2974/2974 2898/2898
f 2972/2972 2877/2877 2876/2876
f 2975/2975 2907/2907 2972/2972
f 2907/2907 2975/2975 2900/2900
f 2907/2907 2877/2877 2972/2972
f 893/893 894/894 892/892
f 894/894 893/893 896/896
f 2572/2572 894/894 896/896
f 2573/2573 896/896 2976/2976
f 932/932 934/934 936/936
f 934/934 2977/2977 936/936
f 2978/2978 937/937 936/936
f 2979/2979 946/946 937/937
f 2980/2980 933/933 1847/1847
f 2980/2980 934/934 933/933
f 1850/1850 2980/2980 1847/1847
f 2980/2980 2977/2977 934/934
f 2980/2980 2981/2981 2977/2977
f 2977/2977 2981/2981 2982/2982
f 936/936 2977/2977 2982/2982
f 2982/2982 2983/2983 936/936
f 2978/2978 936/936 2983/2983
f 1850/1850 2981/2981 2980/2980
f 2984/2984 2981/2981 1850/1850
f 1851/1851 1852/1852 1850/1850
f 1852/1852 2984/2984 1850/1850
f 2985/2985 2982/2982 2981/2981
f 2982/2982 2985/2985 2986/2986
f 2986/2986 2983/2983 2982/2982
f 2984/2984 2985/2985 2981/2981
f 2985/2985 2984/2984 2987/2987
f 2986/2986 2985/2985 2988/2988
f 2979/2979 937/937 2978/2978
f 948/948 946/946 2979/2979
f 2978/2978 2989/2989 2979/2979
f 2979/2979 1041/1041 948/948
f 2989/2989 1041/1041 2979/2979
f 2990/2990 1042/1042 1041/1041
f 2991/2991 1041/1041 2989/2989
f 2991/2991 2990/2990 1041/1041
f 2992/2992 2990/2990 2991/2991
f 2991/2991 2993/2993 2992/2992
f 2994/2994 2978/2978 2983/2983
f 2983/2983 2986/2986 2994/2994
f 2986/2986 2988/2988 2994/2994
f 2995/2995 2989/2989 2978/2978
f 2978/2978 2994/2994 2995/2995
f 2996/2996 2995/2995 2994/2994
f 2989/2989 2995/2995 2991/2991
f 2991/2991 2997/2997 2993/2993
f 2996/2996 2997/2997 2995/2995
f 2991/2991 2995/2995 2997/2997
f 2996/2996 2998/2998 2997/2997
f 2993/2993 2997/2997 2999/2999
f 2999/2999 2997/2997 2998/2998
f 2987/2987 2984/2984 1852/1852
f 3000/3000 2987/2987 1852/1852
f 1853/1853 1868/1868 1852/1852
f 1868/1868 3000/3000 1852/1852
f 3001/3001 3000/3000 1868/1868
f 3001/3001 3002/3002 3000/3000
f 3003/3003 2988/2988 2985/2985
f 3003/3003 2985/2985 2987/2987
f 2987/2987 3000/3000 3002/3002
f 2987/2987 3002/3002 3003/3003
f 3004/3004 3003/3003 3002/3002
f 3003/3003 3004/3004 3005/3005
f 1868/1868 1869/1869 3001/3001
f 1875/1875 3001/3001 1869/1869
f 3002/3002 3001/3001 3006/3006
f 3002/3002 3006/3006 3004/3004
f 3006/3006 3007/3007 3004/3004
f 3004/3004 3007/3007 3008/3008
f 3006/3006 3001/3001 1900/1900
f 1900/1900 3001/3001 1875/1875
f 3009/3009 3006/3006 1900/1900
f 3010/3010 3006/3006 3009/3009
f 3010/3010 3007/3007 3006/3006
f 3010/3010 3011/3011 3007/3007
f 2988/2988 2996/2996 2994/2994
f 2996/2996 2988/2988 3012/3012
f 3005/3005 2988/2988 3003/3003
f 2988/2988 3005/3005 3012/3012
f 3012/3012 3005/3005 3013/3013
f 3005/3005 3008/3008 3013/3013
f 2996/2996 3012/3012 2998/2998
f 3012/3012 3014/3014 2998/2998
f 2998/2998 3015/3015 2999/2999
f 3014/3014 3015/3015 2998/2998
f 3013/3013 3014/3014 3012/3012
f 3013/3013 3016/3016 3014/3014
f 3017/3017 3015/3015 3014/3014
f 3004/3004 3008/3008 3005/3005
f 3007/3007 3013/3013 3008/3008
f 3016/3016 3017/3017 3014/3014
f 3018/3018 3013/3013 3007/3007
f 3007/3007 3011/3011 3018/3018
f 3013/3013 3018/3018 3016/3016
f 3016/3016 3019/3019 3017/3017
f 3016/3016 3018/3018 3020/3020
f 3018/3018 3021/3021 3020/3020
f 3019/3019 3016/3016 3020/3020
f 3020/3020 3022/3022 3019/3019
f 2990/2990 1099/1099 1042/1042
f 1097/1097 1042/1042 1099/1099
f 2992/2992 1099/1099 2990/2990
f 3023/3023 1098/1098 1099/1099
f 3023/3023 1099/1099 3024/3024
f 3023/3023 3024/3024 3025/3025
f 3023/3023 1100/1100 1098/1098
f 1103/1103 1100/1100 3023/3023
f 1103/1103 1110/1110 1102/1102
f 3025/3025 1103/1103 3023/3023
f 1103/1103 3025/3025 3026/3026
f 2992/2992 3024/3024 1099/1099
f 3024/3024 2992/2992 2993/2993
f 2993/2993 3025/3025 3024/3024
f 3027/3027 3025/3025 2993/2993
f 3027/3027 2993/2993 2999/2999
f 3027/3027 3028/3028 3025/3025
f 3026/3026 3025/3025 3028/3028
f 3028/3028 3029/3029 3026/3026
f 3028/3028 3030/3030 3029/3029
f 3031/3031 3029/3029 3030/3030
f 1103/1103 3032/3032 1110/1110
f 1110/1110 3032/3032 1111/1111
f 3032/3032 1103/1103 3026/3026
f 3033/3033 3032/3032 3026/3026
f 3034/3034 1111/1111 3035/3035
f 3032/3032 3035/3035 1111/1111
f 3035/3035 3032/3032 3033/3033
f 3036/3036 3034/3034 3035/3035
f 1118/1118 1112/1112 1111/1111
f 1118/1118 1111/1111 3034/3034
f 3037/3037 1118/1118 3034/3034
f 3036/3036 3037/3037 3034/3034
f 3037/3037 1122/1122 1118/1118
f 3037/3037 3038/3038 1122/1122
f 3038/3038 3037/3037 3039/3039
f 3033/3033 3026/3026 3029/3029
f 3035/3035 3033/3033 3040/3040
f 3029/3029 3040/3040 3033/3033
f 3040/3040 3036/3036 3035/3035
f 3041/3041 3040/3040 3029/3029
f 3042/3042 3036/3036 3040/3040
f 3041/3041 3042/3042 3040/3040
f 3042/3042 3041/3041 3043/3043
f 3036/3036 3044/3044 3037/3037
f 3037/3037 3044/3044 3039/3039
f 3042/3042 3044/3044 3036/3036
f 3045/3045 3044/3044 3042/3042
f 2999/2999 3015/3015 3027/3027
f 3046/3046 3027/3027 3015/3015
f 3047/3047 3027/3027 3046/3046
f 3046/3046 3015/3015 3017/3017
f 3047/3047 3028/3028 3027/3027
f 3048/3048 3047/3047 3046/3046
f 3017/3017 3048/3048 3046/3046
f 3048/3048 3049/3049 3047/3047
f 3047/3047 3030/3030 3028/3028
f 3047/3047 3049/3049 3030/3030
f 3049/3049 3050/3050 3051/3051
f 3030/3030 3049/3049 3031/3031
f 3051/3051 3031/3031 3049/3049
f 3052/3052 3031/3031 3051/3051
f 3019/3019 3053/3053 3017/3017
f 3017/3017 3053/3053 3048/3048
f 3050/3050 3049/3049 3048/3048
f 3048/3048 3053/3053 3050/3050
f 3053/3053 3054/3054 3050/3050
f 3053/3053 3019/3019 3022/3022
f 3054/3054 3053/3053 3022/3022
f 3055/3055 3054/3054 3022/3022
f 3054/3054 3055/3055 3056/3056
f 3055/3055 3057/3057 3056/3056
f 3051/3051 3050/3050 3054/3054
f 3056/3056 3051/3051 3054/3054
f 3056/3056 3052/3052 3051/3051
f 3041/3041 3029/3029 3031/3031
f 3031/3031 3043/3043 3041/3041
f 3052/3052 3043/3043 3031/3031
f 3052/3052 3058/3058 3043/3043
f 3045/3045 3042/3042 3043/3043
f 3058/3058 3045/3045 3043/3043
f 3059/3059 3039/3039 3060/3060
f 3045/3045 3060/3060 3044/3044
f 3060/3060 3039/3039 3044/3044
f 3060/3060 3061/3061 3059/3059
f 3062/3062 3052/3052 3056/3056
f 3063/3063 3062/3062 3056/3056
f 3064/3064 3063/3063 3056/3056
f 3060/3060 3045/3045 3065/3065
f 3066/3066 3060/3060 3065/3065
f 3060/3060 3066/3066 3061/3061
f 3065/3065 3045/3045 3058/3058
f 3067/3067 3065/3065 3058/3058
f 3067/3067 3066/3066 3065/3065
f 3061/3061 3066/3066 3068/3068
f 3069/3069 3070/3070 3068/3068
f 3071/3071 3066/3066 3067/3067
f 3072/3072 3068/3068 3071/3071
f 3071/3071 3068/3068 3066/3066
f 3052/3052 3062/3062 3058/3058
f 3073/3073 3058/3058 3062/3062
f 3073/3073 3067/3067 3058/3058
f 3074/3074 3067/3067 3073/3073
f 3073/3073 3075/3075 3074/3074
f 3075/3075 3073/3073 3062/3062
f 3062/3062 3063/3063 3075/3075
f 3075/3075 3063/3063 3076/3076
f 3077/3077 3075/3075 3076/3076
f 3077/3077 3078/3078 3079/3079
f 3075/3075 3079/3079 3074/3074
f 3079/3079 3072/3072 3074/3074
f 3079/3079 3075/3075 3077/3077
f 3074/3074 3071/3071 3067/3067
f 3071/3071 3074/3074 3072/3072
f 3069/3069 3080/3080 3070/3070
f 3069/3069 3068/3068 3072/3072
f 3080/3080 3069/3069 3072/3072
f 3081/3081 3082/3082 3080/3080
f 3083/3083 3082/3082 3085/3085
f 3086/3086 3083/3083 3085/3085
f 3088/3088 3072/3072 3079/3079
f 3078/3078 3088/3088 3079/3079
f 3078/3078 3089/3089 3088/3088
f 3089/3089 3090/3090 3088/3088
f 3089/3089 3091/3091 3090/3090
f 3092/3092 3093/3093 3091/3091
f 3081/3081 3080/3080 3072/3072
f 3072/3072 3088/3088 3081/3081
f 3081/3081 3088/3088 3090/3090
f 3090/3090 3093/3093 3081/3081
f 3093/3093 3085/3085 3081/3081
f 3085/3085 3093/3093 3086/3086
f 3085/3085 3082/3082 3081/3081
f 3091/3091 3093/3093 3090/3090
f 1900/1900 1899/1899 1902/1902
f 3009/3009 1900/1900 1902/1902
f 1904/1904 1903/1903 3094/3094
f 1902/1902 1904/1904 3095/3095
f 1902/1902 3095/3095 3009/3009
f 3096/3096 3095/3095 1904/1904
f 3094/3094 3096/3096 1904/1904
f 3009/3009 3095/3095 3010/3010
f 3097/3097 3011/3011 3010/3010
f 3097/3097 3010/3010 3095/3095
f 3097/3097 3095/3095 3098/3098
f 3096/3096 3098/3098 3095/3095
f 3018/3018 3011/3011 3021/3021
f 3011/3011 3099/3099 3021/3021
f 3099/3099 3011/3011 3097/3097
f 3021/3021 3099/3099 3100/3100
f 3097/3097 3101/3101 3099/3099
f 3101/3101 3097/3097 3098/3098
f 3101/3101 3100/3100 3099/3099
f 3102/3102 3100/3100 3101/3101
f 3021/3021 3100/3100 3020/3020
f 3103/3103 3020/3020 3100/3100
f 3022/3022 3020/3020 3103/3103
f 3100/3100 3102/3102 3103/3103
f 3104/3104 3103/3103 3105/3105
f 3103/3103 3102/3102 3105/3105
f 1903/1903 1992/1992 3094/3094
f 1992/1992 1993/1993 3094/3094
f 1993/1993 3096/3096 3094/3094
f 3106/3106 3096/3096 1993/1993
f 2005/2005 1993/1993 1994/1994
f 1995/1995 1999/1999 3107/3107
f 3108/3108 2000/2000 1995/1995
f 1995/1995 3107/3107 3108/3108
f 3109/3109 2005/2005 2002/2002
f 2002/2002 2004/2004 3109/3109
f 2004/2004 2003/2003 2006/2006
f 1997/1997 2000/2000 2007/2007
f 2007/2007 2000/2000 3110/3110
f 3111/3111 2007/2007 3110/3110
f 2006/2006 2007/2007 3112/3112
f 2006/2006 3113/3113 2004/2004
f 3113/3113 2006/2006 3112/3112
f 2005/2005 3106/3106 1993/1993
f 3114/3114 3106/3106 2005/2005
f 3115/3115 3114/3114 2005/2005
f 3116/3116 3115/3115 2005/2005
f 2005/2005 3109/3109 3116/3116
f 2000/2000 3108/3108 3110/3110
f 3112/3112 2007/2007 3111/3111
f 3110/3110 3117/3117 3111/3111
f 3106/3106 3098/3098 3096/3096
f 3106/3106 3118/3118 3098/3098
f 3119/3119 3118/3118 3106/3106
f 3118/3118 3119/3119 3120/3120
f 3106/3106 3114/3114 3121/3121
f 3115/3115 3116/3116 3121/3121
f 3121/3121 3114/3114 3115/3115
f 3122/3122 3121/3121 3116/3116
f 3119/3119 3106/3106 3121/3121
f 3123/3123 3119/3119 3121/3121
f 3121/3121 3124/3124 3123/3123
f 3125/3125 1999/1999 2001/2001
f 3125/3125 3107/3107 1999/1999
f 3126/3126 3125/3125 2001/2001
f 2017/2017 3126/3126 2001/2001
f 3126/3126 3127/3127 3125/3125
f 3127/3127 3107/3107 3125/3125
f 2017/2017 3127/3127 3126/3126
f 3107/3107 3127/3127 3128/3128
f 2019/2019 2022/2022 3129/3129
f 2017/2017 3130/3130 3127/3127
f 2017/2017 2021/2021 3130/3130
f 3129/3129 3130/3130 2021/2021
f 3117/3117 3110/3110 3108/3108
f 3127/3127 3132/3132 3128/3128
f 3130/3130 3131/3131 3127/3127
f 3130/3130 3133/3133 3131/3131
f 2021/2021 2019/2019 3129/3129
f 3129/3129 2022/2022 3134/3134
f 3129/3129 3135/3135 3130/3130
f 3136/3136 3135/3135 3129/3129
f 3136/3136 3129/3129 3134/3134
f 3107/3107 3117/3117 3108/3108
f 3111/3111 3117/3117 3137/3137
f 3135/3135 3133/3133 3130/3130
f 3133/3133 3139/3139 3131/3131
f 3138/3138 3128/3128 3132/3132
f 3140/3140 3133/3133 3135/3135
f 3136/3136 3140/3140 3135/3135
f 3140/3140 3136/3136 3141/3141
f 3117/3117 3107/3107 3142/3142
f 3117/3117 3142/3142 3143/3143
f 3137/3137 3117/3117 3143/3143
f 3128/3128 3142/3142 3107/3107
f 3144/3144 3139/3139 3133/3133
f 3128/3128 3138/3138 3145/3145
f 3142/3142 3128/3128 3145/3145
f 3144/3144 3146/3146 3139/3139
f 3133/3133 3140/3140 3144/3144
f 3140/3140 3141/3141 3144/3144
f 3147/3147 3146/3146 3144/3144
f 3148/3148 3141/3141 3149/3149
f 3144/3144 3141/3141 3147/3147
f 3148/3148 3147/3147 3141/3141
f 3118/3118 3101/3101 3098/3098
f 3150/3150 3102/3102 3118/3118
f 3118/3118 3102/3102 3101/3101
f 3105/3105 3102/3102 3150/3150
f 3151/3151 3105/3105 3150/3150
f 3152/3152 3104/3104 3105/3105
f 3105/3105 3151/3151 3152/3152
f 3152/3152 3151/3151 3153/3153
f 3120/3120 3150/3150 3118/3118
f 3119/3119 3154/3154 3120/3120
f 3155/3155 3120/3120 3154/3154
f 3154/3154 3119/3119 3123/3123
f 3123/3123 3156/3156 3154/3154
f 3157/3157 3123/3123 3124/3124
f 3157/3157 3156/3156 3123/3123
f 3154/3154 3156/3156 3158/3158
f 3155/3155 3154/3154 3158/3158
f 3151/3151 3150/3150 3155/3155
f 3150/3150 3120/3120 3155/3155
f 3153/3153 3151/3151 3155/3155
f 3159/3159 3155/3155 3158/3158
f 3160/3160 3142/3142 3145/3145
f 3160/3160 3161/3161 3142/3142
f 3143/3143 3142/3142 3162/3162
f 3137/3137 3143/3143 3162/3162
f 3163/3163 3137/3137 3162/3162
f 3161/3161 3162/3162 3142/3142
f 3164/3164 3156/3156 3157/3157
f 3165/3165 3160/3160 3145/3145
f 3147/3147 3166/3166 3146/3146
f 3167/3167 3166/3166 3147/3147
f 3167/3167 3147/3147 3148/3148
f 3166/3166 3167/3167 3168/3168
f 3167/3167 3148/3148 3169/3169
f 3148/3148 3170/3170 3169/3169
f 3160/3160 3171/3171 3161/3161
f 3165/3165 3168/3168 3160/3160
f 3160/3160 3168/3168 3171/3171
f 3162/3162 3161/3161 3172/3172
f 3172/3172 3161/3161 3171/3171
f 3167/3167 3173/3173 3168/3168
f 3173/3173 3174/3174 3168/3168
f 3174/3174 3175/3175 3168/3168
f 3171/3171 3168/3168 3175/3175
f 3176/3176 3174/3174 3173/3173
f 3173/3173 3167/3167 3169/3169
f 3169/3169 3176/3176 3173/3173
f 3159/3159 3158/3158 3177/3177
f 3156/3156 3178/3178 3158/3158
f 3156/3156 3164/3164 3178/3178
f 3177/3177 3158/3158 3178/3178
f 3178/3178 3164/3164 3179/3179
f 3178/3178 3180/3180 3177/3177
f 3178/3178 3179/3179 3180/3180
f 3172/3172 3171/3171 3181/3181
f 3182/3182 3183/3183 3172/3172
f 3181/3181 3182/3182 3172/3172
f 3180/3180 3184/3184 3177/3177
f 3185/3185 3177/3177 3184/3184
f 3186/3186 3180/3180 3179/3179
f 3186/3186 3184/3184 3180/3180
f 3186/3186 3187/3187 3184/3184
f 3188/3188 3189/3189 3187/3187
f 3190/3190 3109/3109 2004/2004
f 3190/3190 3116/3116 3109/3109
f 3113/3113 3190/3190 2004/2004
f 3190/3190 3122/3122 3116/3116
f 3190/3190 3113/3113 3191/3191
f 3124/3124 3121/3121 3122/3122
f 3191/3191 3122/3122 3190/3190
f 3122/3122 3192/3192 3124/3124
f 3122/3122 3191/3191 3192/3192
f 3134/3134 3193/3193 3136/3136
f 2022/2022 2024/2024 3134/3134
f 2027/2027 3134/3134 2024/2024
f 2027/2027 2026/2026 2028/2028
f 2027/2027 3193/3193 3134/3134
f 3193/3193 2027/2027 3194/3194
f 2028/2028 3195/3195 2027/2027
f 3196/3196 3193/3193 3194/3194
f 3194/3194 2027/2027 3195/3195
f 3197/3197 3112/3112 3111/3111
f 3197/3197 3111/3111 3137/3137
f 3197/3197 3113/3113 3112/3112
f 3149/3149 3141/3141 3136/3136
f 3149/3149 3136/3136 3193/3193
f 3193/3193 3196/3196 3149/3149
f 3198/3198 3196/3196 3194/3194
f 3198/3198 3199/3199 3196/3196
f 3149/3149 3196/3196 3199/3199
f 3148/3148 3149/3149 3199/3199
f 3200/3200 3199/3199 3198/3198
f 3157/3157 3124/3124 3192/3192
f 3201/3201 3191/3191 3113/3113
f 3202/3202 3192/3192 3191/3191
f 3191/3191 3201/3201 3202/3202
f 3113/3113 3197/3197 3203/3203
f 3202/3202 3164/3164 3157/3157
f 3157/3157 3192/3192 3202/3202
f 3202/3202 3201/3201 3204/3204
f 3203/3203 3197/3197 3137/3137
f 3203/3203 3137/3137 3163/3163
f 3203/3203 3201/3201 3113/3113
f 3205/3205 3164/3164 3202/3202
f 3202/3202 3204/3204 3205/3205
f 3206/3206 3164/3164 3205/3205
f 3205/3205 3204/3204 3206/3206
f 3203/3203 3207/3207 3201/3201
f 3204/3204 3208/3208 3206/3206
f 3201/3201 3207/3207 3209/3209
f 3204/3204 3201/3201 3209/3209
f 3208/3208 3204/3204 3209/3209
f 3148/3148 3199/3199 3170/3170
f 3199/3199 3200/3200 3170/3170
f 3163/3163 3162/3162 3172/3172
f 3172/3172 3183/3183 3163/3163
f 3203/3203 3163/3163 3183/3183
f 3183/3183 3207/3207 3203/3203
f 3210/3210 3179/3179 3164/3164
f 3206/3206 3210/3210 3164/3164
f 3207/3207 3183/3183 3182/3182
f 3210/3210 3211/3211 3179/3179
f 3208/3208 3210/3210 3206/3206
f 3211/3211 3210/3210 3208/3208
f 3209/3209 3212/3212 3208/3208
f 3209/3209 3207/3207 3212/3212
f 3212/3212 3211/3211 3208/3208
f 3213/3213 3207/3207 3182/3182
f 3179/3179 3211/3211 3186/3186
f 3214/3214 3186/3186 3211/3211
f 3215/3215 3212/3212 3216/3216
f 3211/3211 3215/3215 3214/3214
f 3212/3212 3215/3215 3211/3211
f 3212/3212 3207/3207 3216/3216
f 3216/3216 3207/3207 3213/3213
f 3214/3214 3187/3187 3186/3186
f 3214/3214 3188/3188 3187/3187
f 3188/3188 3214/3214 3215/3215
f 3022/3022 3103/3103 3104/3104
f 3055/3055 3022/3022 3104/3104
f 3057/3057 3055/3055 3152/3152
f 3152/3152 3217/3217 3057/3057
f 3152/3152 3055/3055 3104/3104
f 3153/3153 3217/3217 3152/3152
f 3153/3153 3218/3218 3217/3217
f 3219/3219 3218/3218 3153/3153
f 3220/3220 3218/3218 3219/3219
f 3057/3057 3064/3064 3056/3056
f 3076/3076 3063/3063 3064/3064
f 3217/3217 3064/3064 3057/3057
f 3076/3076 3064/3064 3217/3217
f 3218/3218 3076/3076 3217/3217
f 3077/3077 3076/3076 3220/3220
f 3076/3076 3218/3218 3220/3220
f 3153/3153 3155/3155 3159/3159
f 3153/3153 3159/3159 3219/3219
f 3219/3219 3221/3221 3220/3220
f 3222/3222 3220/3220 3221/3221
f 3078/3078 3077/3077 3220/3220
f 3223/3223 3224/3224 3222/3222
f 3078/3078 3220/3220 3222/3222
f 3222/3222 3224/3224 3078/3078
f 3224/3224 3225/3225 3078/3078
f 3226/3226 3224/3224 3227/3227
f 3224/3224 3226/3226 3225/3225
f 3228/3228 3226/3226 3229/3229
f 3221/3221 3219/3219 3159/3159
f 3177/3177 3221/3221 3159/3159
f 3221/3221 3177/3177 3185/3185
f 3221/3221 3185/3185 3223/3223
f 3223/3223 3222/3222 3221/3221
f 3223/3223 3185/3185 3230/3230
f 3230/3230 3227/3227 3223/3223
f 3227/3227 3230/3230 3231/3231
f 3229/3229 3227/3227 3231/3231
f 3184/3184 3230/3230 3185/3185
f 3187/3187 3232/3232 3184/3184
f 3232/3232 3230/3230 3184/3184
f 3230/3230 3232/3232 3231/3231
f 3232/3232 3187/3187 3189/3189
f 3224/3224 3223/3223 3227/3227
f 3227/3227 3229/3229 3226/3226
f 3225/3225 3089/3089 3078/3078
f 3225/3225 3233/3233 3089/3089
f 3226/3226 3233/3233 3225/3225
f 3226/3226 3228/3228 3233/3233
f 3228/3228 3092/3092 3233/3233
f 3233/3233 3091/3091 3089/3089
f 3233/3233 3092/3092 3091/3091
f 1122/1122 3038/3038 1149/1149
f 1149/1149 3038/3038 1213/1213
f 3038/3038 3234/3234 1213/1213
f 1216/1216 1212/1212 1214/1214
f 1213/1213 3235/3235 1215/1215
f 3234/3234 3038/3038 3039/3039
f 3234/3234 3235/3235 1213/1213
f 3236/3236 1215/1215 3235/3235
f 3236/3236 1219/1219 1215/1215
f 3237/3237 3236/3236 3235/3235
f 3234/3234 3039/3039 3059/3059
f 3234/3234 3059/3059 3235/3235
f 3237/3237 3235/3235 3059/3059
f 3238/3238 3236/3236 3237/3237
f 3237/3237 3059/3059 3061/3061
f 3070/3070 3238/3238 3237/3237
f 3237/3237 3061/3061 3070/3070
f 3238/3238 3239/3239 3236/3236
f 3236/3236 1258/1258 1219/1219
f 1263/1263 1251/1251 1257/1257
f 1263/1263 1264/1264 1260/1260
f 1264/1264 1263/1263 3241/3241
f 1262/1262 3242/3242 3240/3240
f 3242/3242 1262/1262 3243/3243
f 3244/3244 1264/1264 3241/3241
f 1262/1262 3247/3247 3243/3243
f 1262/1262 1258/1258 3247/3247
f 1261/1261 3248/3248 1270/1270
f 1264/1264 3244/3244 1261/1261
f 3244/3244 3248/3248 1261/1261
f 3244/3244 3250/3250 3248/3248
f 3249/3249 3245/3245 3252/3252
f 1270/1270 3248/3248 3253/3253
f 3254/3254 1267/1267 1268/1268
f 3255/3255 3248/3248 3250/3250
f 3255/3255 3253/3253 3248/3248
f 1270/1270 3254/3254 1268/1268
f 3254/3254 1270/1270 3253/3253
f 3236/3236 3239/3239 1258/1258
f 1258/1258 3239/3239 3247/3247
f 3256/3256 3257/3257 3253/3253
f 3254/3254 3253/3253 3257/3257
f 3255/3255 3256/3256 3253/3253
f 3258/3258 3257/3257 3256/3256
f 3242/3242 3259/3259 3240/3240
f 3240/3240 3259/3259 3246/3246
f 3259/3259 3251/3251 3246/3246
f 3242/3242 3260/3260 3259/3259
f 3260/3260 3261/3261 3259/3259
f 3260/3260 3242/3242 3264/3264
f 3260/3260 3266/3266 3261/3261
f 3242/3242 3243/3243 3264/3264
f 3267/3267 3264/3264 3243/3243
f 3264/3264 3266/3266 3260/3260
f 1281/1281 1280/1280 3265/3265
f 3265/3265 3263/3263 1281/1281
f 1281/1281 3263/3263 1699/1699
f 3251/3251 3259/3259 3261/3261
f 3249/3249 3252/3252 3262/3262
f 3262/3262 3269/3269 3249/3249
f 3266/3266 3271/3271 3261/3261
f 3262/3262 3270/3270 3269/3269
f 3255/3255 3250/3250 3272/3272
f 3274/3274 3249/3249 3269/3269
f 3272/3272 3250/3250 3273/3273
f 1277/1277 3271/3271 3266/3266
f 3269/3269 3270/3270 3275/3275
f 3265/3265 1280/1280 1278/1278
f 1279/1279 3275/3275 3270/3270
f 3275/3275 1279/1279 1282/1282
f 3276/3276 3275/3275 1282/1282
f 3274/3274 3269/3269 3275/3275
f 3274/3274 3275/3275 3276/3276
f 3243/3243 3247/3247 3267/3267
f 3278/3278 3267/3267 3247/3247
f 3279/3279 3256/3256 3255/3255
f 3280/3280 3255/3255 3272/3272
f 3272/3272 3273/3273 3282/3282
f 3281/3281 3274/3274 3276/3276
f 3280/3280 3272/3272 3282/3282
f 3283/3283 3239/3239 3238/3238
f 3283/3283 3247/3247 3239/3239
f 3070/3070 3283/3283 3238/3238
f 3278/3278 3247/3247 3283/3283
f 3284/3284 3278/3278 3283/3283
f 3285/3285 3278/3278 3284/3284
f 3287/3287 1313/1313 1311/1311
f 1314/1314 1267/1267 3288/3288
f 1267/1267 3254/3254 3288/3288
f 1311/1311 1314/1314 3287/3287
f 3289/3289 1314/1314 3288/3288
f 3287/3287 1314/1314 3289/3289
f 3290/3290 1315/1315 1313/1313
f 3287/3287 3290/3290 1313/1313
f 3258/3258 3254/3254 3257/3257
f 3258/3258 3256/3256 3279/3279
f 3291/3291 3288/3288 3254/3254
f 3291/3291 3254/3254 3258/3258
f 3292/3292 3289/3289 3288/3288
f 3293/3293 3287/3287 3289/3289
f 3287/3287 3293/3293 3290/3290
f 3294/3294 1321/1321 1315/1315
f 3295/3295 1321/1321 3294/3294
f 1315/1315 3290/3290 3294/3294
f 3296/3296 3294/3294 3290/3290
f 3296/3296 3295/3295 3294/3294
f 1319/1319 1323/1323 1322/1322
f 1322/1322 1323/1323 3297/3297
f 1323/1323 1321/1321 3295/3295
f 3298/3298 1323/1323 3295/3295
f 3298/3298 3297/3297 1323/1323
f 3279/3279 3255/3255 3280/3280
f 3296/3296 3290/3290 3299/3299
f 3293/3293 3299/3299 3290/3290
f 3300/3300 3295/3295 3296/3296
f 3301/3301 3296/3296 3299/3299
f 3295/3295 3300/3300 3298/3298
f 3300/3300 3302/3302 3298/3298
f 3292/3292 3288/3288 3291/3291
f 3303/3303 3258/3258 3279/3279
f 3258/3258 3303/3303 3291/3291
f 3289/3289 3292/3292 3304/3304
f 3304/3304 3305/3305 3289/3289
f 3305/3305 3293/3293 3289/3289
f 3305/3305 3299/3299 3293/3293
f 3292/3292 3291/3291 3306/3306
f 3306/3306 3304/3304 3292/3292
f 3307/3307 3305/3305 3304/3304
f 3308/3308 3291/3291 3303/3303
f 3308/3308 3306/3306 3291/3291
f 3306/3306 3307/3307 3304/3304
f 3309/3309 3308/3308 3303/3303
f 3310/3310 3279/3279 3280/3280
f 3279/3279 3310/3310 3303/3303
f 3311/3311 3280/3280 3282/3282
f 3313/3313 3281/3281 3276/3276
f 3314/3314 3310/3310 3280/3280
f 3314/3314 3315/3315 3310/3310
f 3310/3310 3315/3315 3303/3303
f 3312/3312 3281/3281 3313/3313
f 3314/3314 3280/3280 3311/3311
f 3307/3307 3316/3316 3305/3305
f 3317/3317 3316/3316 3307/3307
f 3306/3306 3317/3317 3307/3307
f 3296/3296 3301/3301 3300/3300
f 3318/3318 3300/3300 3301/3301
f 3318/3318 3302/3302 3300/3300
f 3305/3305 3316/3316 3299/3299
f 3299/3299 3319/3319 3301/3301
f 3318/3318 3301/3301 3319/3319
f 3299/3299 3316/3316 3319/3319
f 3320/3320 3318/3318 3319/3319
f 3318/3318 3321/3321 3302/3302
f 3070/3070 3061/3061 3068/3068
f 3080/3080 3322/3322 3070/3070
f 3283/3283 3070/3070 3322/3322
f 3322/3322 3284/3284 3283/3283
f 3322/3322 3082/3082 3284/3284
f 3082/3082 3285/3285 3284/3284
f 3285/3285 3082/3082 3083/3083
f 3322/3322 3080/3080 3082/3082
f 3303/3303 3315/3315 3309/3309
f 3314/3314 3323/3323 3315/3315
f 3324/3324 3312/3312 3313/3313
f 3308/3308 3325/3325 3306/3306
f 3326/3326 3317/3317 3306/3306
f 3327/3327 3308/3308 3309/3309
f 3327/3327 3309/3309 3315/3315
f 3325/3325 3308/3308 3327/3327
f 3306/3306 3325/3325 3326/3326
f 3323/3323 3314/3314 3311/3311
f 3328/3328 3316/3316 3317/3317
f 3328/3328 3329/3329 3316/3316
f 3329/3329 3319/3319 3316/3316
f 3329/3329 3320/3320 3319/3319
f 3320/3320 3321/3321 3318/3318
f 3315/3315 3323/3323 3330/3330
f 3315/3315 3331/3331 3327/3327
f 3330/3330 3331/3331 3315/3315
f 3330/3330 3323/3323 3311/3311
f 3312/3312 3324/3324 3332/3332
f 3330/3330 3311/3311 3333/3333
f 3334/3334 3325/3325 3327/3327
f 3326/3326 3325/3325 3334/3334
f 3335/3335 3328/3328 3317/3317
f 3335/3335 3317/3317 3326/3326
f 3331/3331 3330/3330 3336/3336
f 3338/3338 3336/3336 3330/3330
f 3330/3330 3333/3333 3338/3338
f 3339/3339 3326/3326 3334/3334
f 3340/3340 3334/3334 3331/3331
f 3340/3340 3339/3339 3334/3334
f 3331/3331 3334/3334 3327/3327
f 3341/3341 3326/3326 3339/3339
f 3341/3341 3335/3335 3326/3326
f 3331/3331 3342/3342 3340/3340
f 3336/3336 3342/3342 3331/3331
f 3343/3343 3339/3339 3340/3340
f 3344/3344 3343/3343 3340/3340
f 3343/3343 3345/3345 3339/3339
f 3340/3340 3342/3342 3344/3344
f 3342/3342 3336/3336 3338/3338
f 3344/3344 3342/3342 3347/3347
f 3347/3347 3342/3342 3338/3338
f 3348/3348 3344/3344 3347/3347
f 3350/3350 3302/3302 3321/3321
f 3351/3351 3329/3329 3352/3352
f 3328/3328 3352/3352 3329/3329
f 3351/3351 3320/3320 3329/3329
f 3353/3353 3320/3320 3351/3351
f 3320/3320 3350/3350 3321/3321
f 3350/3350 3320/3320 3353/3353
f 3351/3351 3354/3354 3353/3353
f 3355/3355 3328/3328 3335/3335
f 3355/3355 3352/3352 3328/3328
f 3356/3356 3354/3354 3352/3352
f 3355/3355 3356/3356 3352/3352
f 3356/3356 3355/3355 3357/3357
f 3354/3354 3351/3351 3352/3352
f 3358/3358 3335/3335 3341/3341
f 3358/3358 3341/3341 3339/3339
f 3335/3335 3357/3357 3355/3355
f 3358/3358 3359/3359 3335/3335
f 3359/3359 3357/3357 3335/3335
f 3360/3360 3356/3356 3357/3357
f 3361/3361 3354/3354 3362/3362
f 3356/3356 3362/3362 3354/3354
f 3363/3363 3362/3362 3356/3356
f 3360/3360 3363/3363 3356/3356
f 3346/3346 3364/3364 3349/3349
f 3365/3365 3343/3343 3366/3366
f 3366/3366 3343/3343 3344/3344
f 3366/3366 3344/3344 3348/3348
f 3343/3343 3367/3367 3345/3345
f 3365/3365 3367/3367 3343/3343
f 3368/3368 3365/3365 3366/3366
f 3369/3369 3366/3366 3348/3348
f 3368/3368 3366/3366 3369/3369
f 3370/3370 3365/3365 3368/3368
f 3371/3371 3365/3365 3370/3370
f 3371/3371 3367/3367 3365/3365
f 3372/3372 3370/3370 3368/3368
f 3373/3373 3370/3370 3372/3372
f 3373/3373 3371/3371 3370/3370
f 3374/3374 3371/3371 3373/3373
f 3375/3375 3374/3374 3373/3373
f 3376/3376 3377/3377 3375/3375
f 3375/3375 3378/3378 3376/3376
f 3339/3339 3345/3345 3358/3358
f 3379/3379 3357/3357 3359/3359
f 3379/3379 3360/3360 3357/3357
f 3363/3363 3380/3380 3362/3362
f 3381/3381 3363/3363 3360/3360
f 3382/3382 3360/3360 3379/3379
f 3382/3382 3381/3381 3360/3360
f 3383/3383 3363/3363 3381/3381
f 3383/3383 3380/3380 3363/3363
f 3384/3384 3380/3380 3383/3383
f 3385/3385 3358/3358 3345/3345
f 3345/3345 3367/3367 3385/3385
f 3379/3379 3359/3359 3358/3358
f 3386/3386 3379/3379 3358/3358
f 3382/3382 3379/3379 3386/3386
f 3371/3371 3385/3385 3367/3367
f 3387/3387 3382/3382 3386/3386
f 3377/3377 3386/3386 3358/3358
f 3388/3388 3381/3381 3382/3382
f 3387/3387 3388/3388 3382/3382
f 3388/3388 3383/3383 3381/3381
f 3385/3385 3371/3371 3374/3374
f 3377/3377 3358/3358 3385/3385
f 3374/3374 3377/3377 3385/3385
f 3387/3387 3386/3386 3389/3389
f 3375/3375 3377/3377 3374/3374
f 3389/3389 3386/3386 3377/3377
f 3390/3390 3387/3387 3389/3389
f 3391/3391 3388/3388 3387/3387
f 3387/3387 3390/3390 3391/3391
f 3390/3390 3389/3389 3377/3377
f 3392/3392 3390/3390 3377/3377
f 3392/3392 3377/3377 3376/3376
f 3393/3393 2573/2573 2976/2976
f 3394/3394 3393/3393 2976/2976
f 2589/2589 2588/2588 2590/2590
f 2589/2589 2590/2590 3395/3395
f 2573/2573 3393/3393 2590/2590
f 2590/2590 3393/3393 3396/3396
f 2593/2593 2589/2589 3395/3395
f 3396/3396 3395/3395 2590/2590
f 3395/3395 3396/3396 3397/3397
f 3394/3394 3398/3398 3393/3393
f 3399/3399 3398/3398 3400/3400
f 3398/3398 3401/3401 3393/3393
f 3396/3396 3393/3393 3401/3401
f 3396/3396 3402/3402 3397/3397
f 3402/3402 3396/3396 3401/3401
f 3399/3399 3401/3401 3398/3398
f 3403/3403 3401/3401 3399/3399
f 3404/3404 1621/1621 3405/3405
f 3400/3400 1621/1621 3404/3404
f 1621/1621 1622/1622 3405/3405
f 3406/3406 3405/3405 1622/1622
f 3407/3407 3400/3400 3404/3404
f 3407/3407 3404/3404 3405/3405
f 3400/3400 3407/3407 3399/3399
f 3408/3408 3406/3406 3409/3409
f 3406/3406 3408/3408 3405/3405
f 3407/3407 3405/3405 3408/3408
f 3408/3408 3410/3410 3407/3407
f 3411/3411 3408/3408 3409/3409
f 3413/3413 2631/2631 2628/2628
f 2634/2634 2630/2630 3412/3412
f 3413/3413 2628/2628 3414/3414
f 3414/3414 2628/2628 2633/2633
f 3415/3415 2593/2593 3395/3395
f 2636/2636 2593/2593 3415/3415
f 3416/3416 2633/2633 2635/2635
f 3415/3415 3395/3395 3397/3397
f 2636/2636 3416/3416 2635/2635
f 3417/3417 3415/3415 3397/3397
f 2639/2639 2634/2634 3418/3418
f 2640/2640 2639/2639 3418/3418
f 3414/3414 3419/3419 3413/3413
f 3414/3414 2633/2633 3419/3419
f 3422/3422 2634/2634 3412/3412
f 3423/3423 3413/3413 3419/3419
f 3422/3422 3412/3412 3424/3424
f 3419/3419 2633/2633 3425/3425
f 3425/3425 2633/2633 3416/3416
f 3418/3418 2634/2634 3422/3422
f 3426/3426 2640/2640 3418/3418
f 3427/3427 3426/3426 3418/3418
f 3418/3418 3422/3422 3427/3427
f 3430/3430 3431/3431 3420/3420
f 3434/3434 3428/3428 3436/3436
f 3436/3436 3428/3428 3421/3421
f 3429/3429 3435/3435 3437/3437
f 3439/3439 3434/3434 3436/3436
f 3437/3437 3435/3435 3438/3438
f 3437/3437 3438/3438 3440/3440
f 3441/3441 3442/3442 3439/3439
f 3436/3436 3441/3441 3439/3439
f 3440/3440 3438/3438 3443/3443
f 3441/3441 3436/3436 3444/3444
f 3417/3417 3397/3397 3402/3402
f 3402/3402 3401/3401 3403/3403
f 2636/2636 3415/3415 3417/3417
f 3445/3445 3417/3417 3402/3402
f 3403/3403 3399/3399 3446/3446
f 3445/3445 3402/3402 3403/3403
f 3423/3423 3419/3419 3432/3432
f 3429/3429 3424/3424 3433/3433
f 3422/3422 3424/3424 3429/3429
f 3429/3429 3437/3437 3422/3422
f 3436/3436 3419/3419 3425/3425
f 3417/3417 3447/3447 2636/2636
f 2636/2636 3447/3447 3416/3416
f 3445/3445 3447/3447 3417/3417
f 3447/3447 3445/3445 3448/3448
f 3445/3445 3403/3403 3446/3446
f 3436/3436 3425/3425 3444/3444
f 3449/3449 3444/3444 3425/3425
f 3416/3416 3449/3449 3425/3425
f 3416/3416 3447/3447 3448/3448
f 3416/3416 3450/3450 3449/3449
f 3416/3416 3448/3448 3450/3450
f 3451/3451 2649/2649 2641/2641
f 2649/2649 3452/3452 2648/2648
f 3451/3451 3452/3452 2649/2649
f 3452/3452 2650/2650 2648/2648
f 3451/3451 3453/3453 3452/3452
f 3453/3453 2650/2650 3452/3452
f 3453/3453 3454/3454 2650/2650
f 2641/2641 2640/2640 3426/3426
f 2641/2641 3426/3426 3451/3451
f 3426/3426 3427/3427 3455/3455
f 3426/3426 3455/3455 3451/3451
f 3456/3456 3451/3451 3455/3455
f 3456/3456 3455/3455 3427/3427
f 3427/3427 3437/3437 3457/3457
f 3457/3457 3437/3437 3440/3440
f 3458/3458 3427/3427 3457/3457
f 3440/3440 3443/3443 3459/3459
f 3427/3427 3458/3458 3456/3456
f 3461/3461 3458/3458 3457/3457
f 3456/3456 3453/3453 3451/3451
f 3456/3456 3462/3462 3453/3453
f 3462/3462 3454/3454 3453/3453
f 3454/3454 3462/3462 3463/3463
f 3463/3463 3462/3462 3464/3464
f 3463/3463 3464/3464 3465/3465
f 3462/3462 3456/3456 3458/3458
f 3464/3464 3458/3458 3461/3461
f 3462/3462 3458/3458 3464/3464
f 3427/3427 3422/3422 3437/3437
f 3466/3466 3467/3467 3468/3468
f 3469/3469 3470/3470 3466/3466
f 3471/3471 3472/3472 3469/3469
f 3471/3471 3473/3473 3472/3472
f 3471/3471 3474/3474 3473/3473
f 3475/3475 3476/3476 3474/3474
f 3474/3474 3476/3476 3473/3473
f 3477/3477 3478/3478 3479/3479
f 3480/3480 3481/3481 3482/3482
f 3483/3483 3484/3484 3485/3485
f 3485/3485 3484/3484 3477/3477
f 3484/3484 3478/3478 3477/3477
f 3483/3483 3486/3486 3487/3487
f 3486/3486 3483/3483 3485/3485
f 3466/3466 3488/3488 3469/3469
f 3488/3488 3466/3466 3484/3484
f 3488/3488 3484/3484 3483/3483
f 3483/3483 3487/3487 3488/3488
f 3478/3478 3484/3484 3466/3466
f 3466/3466 3489/3489 3478/3478
f 3469/3469 3488/3488 3487/3487
f 3469/3469 3487/3487 3490/3490
f 3490/3490 3471/3471 3469/3469
f 3490/3490 3474/3474 3471/3471
f 3478/3478 3489/3489 3491/3491
f 3489/3489 3492/3492 3491/3491
f 3492/3492 3489/3489 3493/3493
f 3492/3492 3493/3493 3494/3494
f 3495/3495 3494/3494 3493/3493
f 3496/3496 3497/3497 3480/3480
f 3498/3498 3494/3494 3499/3499
f 3496/3496 3480/3480 3500/3500
f 3496/3496 3498/3498 3499/3499
f 3501/3501 3410/3410 3502/3502
f 3503/3503 3504/3504 3501/3501
f 3446/3446 3399/3399 3410/3410
f 3505/3505 3446/3446 3410/3410
f 3410/3410 3399/3399 3407/3407
f 3445/3445 3505/3505 3506/3506
f 3445/3445 3446/3446 3505/3505
f 3448/3448 3445/3445 3506/3506
f 3507/3507 3448/3448 3506/3506
f 3450/3450 3448/3448 3507/3507
f 3504/3504 3506/3506 3505/3505
f 3504/3504 3505/3505 3501/3501
f 3501/3501 3505/3505 3410/3410
f 3508/3508 3502/3502 3411/3411
f 3502/3502 3408/3408 3411/3411
f 3509/3509 3501/3501 3502/3502
f 3510/3510 3501/3501 3509/3509
f 3511/3511 3509/3509 3502/3502
f 3511/3511 3502/3502 3508/3508
f 3502/3502 3410/3410 3408/3408
f 3512/3512 3513/3513 3460/3460
f 3515/3515 3459/3459 3516/3516
f 3516/3516 3459/3459 3514/3514
f 3467/3467 3513/3513 3512/3512
f 3515/3515 3516/3516 3517/3517
f 3467/3467 3512/3512 3518/3518
f 3460/3460 3442/3442 3512/3512
f 3512/3512 3442/3442 3441/3441
f 3444/3444 3512/3512 3441/3441
f 3515/3515 3440/3440 3459/3459
f 3457/3457 3440/3440 3515/3515
f 3519/3519 3444/3444 3449/3449
f 3519/3519 3449/3449 3450/3450
f 3512/3512 3444/3444 3519/3519
f 3461/3461 3457/3457 3515/3515
f 3512/3512 3519/3519 3518/3518
f 3470/3470 3513/3513 3467/3467
f 3516/3516 3514/3514 3470/3470
f 3472/3472 3516/3516 3470/3470
f 3470/3470 3467/3467 3466/3466
f 3472/3472 3517/3517 3516/3516
f 3467/3467 3518/3518 3468/3468
f 3468/3468 3518/3518 3489/3489
f 3503/3503 3501/3501 3510/3510
f 3507/3507 3504/3504 3503/3503
f 3495/3495 3519/3519 3450/3450
f 3507/3507 3495/3495 3450/3450
f 3495/3495 3507/3507 3520/3520
f 3520/3520 3507/3507 3503/3503
f 3461/3461 3517/3517 3521/3521
f 3461/3461 3515/3515 3517/3517
f 3522/3522 3461/3461 3521/3521
f 3465/3465 3522/3522 3523/3523
f 3464/3464 3461/3461 3465/3465
f 3461/3461 3522/3522 3465/3465
f 3473/3473 3517/3517 3472/3472
f 3521/3521 3517/3517 3473/3473
f 3472/3472 3470/3470 3469/3469
f 3466/3466 3468/3468 3489/3489
f 3493/3493 3518/3518 3519/3519
f 3489/3489 3518/3518 3493/3493
f 3522/3522 3521/3521 3473/3473
f 3476/3476 3522/3522 3473/3473
f 3493/3493 3519/3519 3495/3495
f 3507/3507 3506/3506 3504/3504
f 3524/3524 3510/3510 3509/3509
f 3511/3511 3524/3524 3509/3509
f 3503/3503 3524/3524 3497/3497
f 3503/3503 3510/3510 3524/3524
f 3525/3525 3520/3520 3503/3503
f 3524/3524 3511/3511 3481/3481
f 3481/3481 3511/3511 3526/3526
f 3480/3480 3524/3524 3481/3481
f 3497/3497 3524/3524 3480/3480
f 3495/3495 3525/3525 3499/3499
f 3525/3525 3503/3503 3497/3497
f 3497/3497 3499/3499 3525/3525
f 3495/3495 3520/3520 3525/3525
f 3499/3499 3497/3497 3496/3496
f 3494/3494 3495/3495 3499/3499
f 3527/3527 3528/3528 3529/3529
f 3530/3530 3529/3529 3531/3531
f 3531/3531 3532/3532 3533/3533
f 3529/3529 3532/3532 3531/3531
f 3534/3534 3535/3535 3536/3536
f 3537/3537 3534/3534 3538/3538
f 3539/3539 3540/3540 3534/3534
f 3087/3087 3541/3541 3084/3084
f 3541/3541 3087/3087 3542/3542
f 3543/3543 3544/3544 3545/3545
f 3546/3546 3545/3545 3547/3547
f 3548/3548 3093/3093 3092/3092
f 3549/3549 3550/3550 3551/3551
f 3552/3552 3551/3551 3550/3550
f 3553/3553 3551/3551 3552/3552
f 3553/3553 3552/3552 3554/3554
f 3554/3554 3555/3555 3553/3553
f 3555/3555 3556/3556 3553/3553
f 3557/3557 3556/3556 3555/3555
f 3557/3557 3558/3558 3559/3559
f 3558/3558 3560/3560 3561/3561
f 3562/3562 3563/3563 3560/3560
f 3562/3562 3558/3558 3557/3557
f 3562/3562 3557/3557 3564/3564
f 3558/3558 3562/3562 3560/3560
f 3087/3087 3551/3551 3542/3542
f 3542/3542 3551/3551 3565/3565
f 3543/3543 3542/3542 3544/3544
f 3548/3548 3086/3086 3093/3093
f 3087/3087 3549/3549 3551/3551
f 3561/3561 3544/3544 3565/3565
f 3544/3544 3542/3542 3565/3565
f 3544/3544 3561/3561 3547/3547
f 3545/3545 3544/3544 3547/3547
f 3565/3565 3551/3551 3556/3556
f 3556/3556 3551/3551 3553/3553
f 3556/3556 3559/3559 3565/3565
f 3557/3557 3559/3559 3556/3556
f 3558/3558 3565/3565 3559/3559
f 3558/3558 3561/3561 3565/3565
f 3566/3566 3567/3567 3568/3568
f 3546/3546 3530/3530 3569/3569
f 3547/3547 3570/3570 3546/3546
f 3568/3568 3527/3527 3529/3529
f 3568/3568 3529/3529 3530/3530
f 3530/3530 3546/3546 3568/3568
f 3546/3546 3570/3570 3568/3568
f 3568/3568 3570/3570 3566/3566
f 3567/3567 3527/3527 3568/3568
f 3571/3571 3572/3572 3573/3573
f 3535/3535 3574/3574 3536/3536
f 3572/3572 3574/3574 3573/3573
f 3573/3573 3561/3561 3560/3560
f 3573/3573 3574/3574 3575/3575
f 3573/3573 3575/3575 3561/3561
f 3576/3576 3573/3573 3560/3560
f 3537/3537 3577/3577 3567/3567
f 3575/3575 3566/3566 3570/3570
f 3574/3574 3566/3566 3575/3575
f 3537/3537 3567/3567 3566/3566
f 3535/3535 3534/3534 3566/3566
f 3535/3535 3566/3566 3574/3574
f 3534/3534 3537/3537 3566/3566
f 3570/3570 3547/3547 3575/3575
f 3561/3561 3575/3575 3547/3547
f 3578/3578 3579/3579 3580/3580
f 1622/1622 1548/1548 1547/1547
f 3406/3406 1622/1622 1547/1547
f 3581/3581 1547/1547 3582/3582
f 3409/3409 3406/3406 3581/3581
f 3406/3406 1547/1547 3581/3581
f 3583/3583 3581/3581 3582/3582
f 3582/3582 3584/3584 3583/3583
f 3583/3583 3584/3584 3585/3585
f 1549/1549 3582/3582 1547/1547
f 3582/3582 1549/1549 1550/1550
f 3582/3582 1550/1550 3584/3584
f 3584/3584 1550/1550 1563/1563
f 3586/3586 3587/3587 3588/3588
f 3581/3581 3586/3586 3409/3409
f 3586/3586 3581/3581 3583/3583
f 3586/3586 3411/3411 3409/3409
f 3586/3586 3583/3583 3587/3587
f 3587/3587 3585/3585 3579/3579
f 3585/3585 3580/3580 3579/3579
f 3583/3583 3585/3585 3587/3587
f 3588/3588 3587/3587 3579/3579
f 1558/1558 3589/3589 1565/1565
f 3585/3585 1565/1565 3590/3590
f 3590/3590 1565/1565 3589/3589
f 3591/3591 1559/1559 1731/1731
f 3592/3592 3591/3591 1731/1731
f 3589/3589 1558/1558 1559/1559
f 1558/1558 1565/1565 1555/1555
f 3591/3591 3589/3589 1559/1559
f 3589/3589 3591/3591 3593/3593
f 3590/3590 3580/3580 3585/3585
f 3594/3594 3580/3580 3590/3590
f 3589/3589 3595/3595 3590/3590
f 3594/3594 3590/3590 3595/3595
f 3578/3578 3580/3580 3594/3594
f 3594/3594 3595/3595 3596/3596
f 3528/3528 3593/3593 3592/3592
f 3595/3595 3593/3593 3528/3528
f 3597/3597 3532/3532 3592/3592
f 3592/3592 3593/3593 3591/3591
f 3528/3528 3596/3596 3595/3595
f 3598/3598 3596/3596 3528/3528
f 3528/3528 3592/3592 3532/3532
f 3528/3528 3532/3532 3529/3529
f 3589/3589 3593/3593 3595/3595
f 3599/3599 1563/1563 1564/1564
f 3584/3584 1563/1563 3599/3599
f 3599/3599 1564/1564 1565/1565
f 3585/3585 3599/3599 1565/1565
f 3584/3584 3599/3599 3585/3585
f 3600/3600 3601/3601 3526/3526
f 3602/3602 3578/3578 3603/3603
f 3602/3602 3579/3579 3578/3578
f 3604/3604 3578/3578 3605/3605
f 3603/3603 3606/3606 3601/3601
f 3601/3601 3602/3602 3603/3603
f 3606/3606 3603/3603 3604/3604
f 3578/3578 3604/3604 3603/3603
f 3607/3607 3608/3608 3606/3606
f 3607/3607 3606/3606 3540/3540
f 3609/3609 3610/3610 3607/3607
f 3610/3610 3482/3482 3607/3607
f 3540/3540 3609/3609 3607/3607
f 3481/3481 3526/3526 3482/3482
f 3608/3608 3482/3482 3526/3526
f 3601/3601 3606/3606 3608/3608
f 3608/3608 3526/3526 3601/3601
f 3500/3500 3482/3482 3610/3610
f 3500/3500 3610/3610 3611/3611
f 3500/3500 3480/3480 3482/3482
f 3496/3496 3500/3500 3611/3611
f 3611/3611 3498/3498 3496/3496
f 3607/3607 3482/3482 3608/3608
f 3540/3540 3606/3606 3604/3604
f 3538/3538 3540/3540 3604/3604
f 3540/3540 3538/3538 3534/3534
f 3508/3508 3586/3586 3588/3588
f 3586/3586 3508/3508 3411/3411
f 3600/3600 3508/3508 3588/3588
f 3602/3602 3600/3600 3588/3588
f 3526/3526 3508/3508 3600/3600
f 3508/3508 3526/3526 3511/3511
f 3601/3601 3600/3600 3602/3602
f 3588/3588 3579/3579 3602/3602
f 3605/3605 3596/3596 3612/3612
f 3612/3612 3598/3598 3577/3577
f 3527/3527 3577/3577 3598/3598
f 3612/3612 3596/3596 3598/3598
f 3577/3577 3538/3538 3612/3612
f 3612/3612 3604/3604 3605/3605
f 3527/3527 3567/3567 3577/3577
f 3605/3605 3594/3594 3596/3596
f 3605/3605 3578/3578 3594/3594
f 3527/3527 3598/3598 3528/3528
f 3577/3577 3537/3537 3538/3538
f 3604/3604 3612/3612 3538/3538
f 2778/2778 2792/2792 2959/2959
f 2778/2778 3614/3614 3615/3615
f 3614/3614 2778/2778 2959/2959
f 3616/3616 3615/3615 3614/3614
f 3616/3616 3617/3617 3615/3615
f 3618/3618 3616/3616 3619/3619
f 3621/3621 3616/3616 3618/3618
f 3170/3170 3622/3622 3623/3623
f 3623/3623 3176/3176 3169/3169
f 3169/3169 3170/3170 3623/3623
f 3624/3624 3623/3623 3625/3625
f 3626/3626 3627/3627 3628/3628
f 3629/3629 3631/3631 3632/3632
f 3634/3634 3633/3633 3630/3630
f 3171/3171 3175/3175 3635/3635
f 3175/3175 3174/3174 3635/3635
f 3176/3176 3635/3635 3174/3174
f 3630/3630 3635/3635 3176/3176
f 3636/3636 3630/3630 3176/3176
f 3637/3637 3181/3181 3171/3171
f 3171/3171 3635/3635 3631/3631
f 3624/3624 3636/3636 3176/3176
f 3636/3636 3634/3634 3630/3630
f 3629/3629 3171/3171 3631/3631
f 3624/3624 3638/3638 3636/3636
f 3638/3638 3639/3639 3636/3636
f 3176/3176 3623/3623 3624/3624
f 3638/3638 3624/3624 3625/3625
f 3640/3640 3181/3181 3637/3637
f 3641/3641 3181/3181 3640/3640
f 3182/3182 3181/3181 3641/3641
f 3629/3629 3637/3637 3171/3171
f 3640/3640 3637/3637 3642/3642
f 3642/3642 3643/3643 3640/3640
f 3641/3641 3640/3640 3643/3643
f 3634/3634 3644/3644 3633/3633
f 3629/3629 3632/3632 3645/3645
f 3634/3634 3646/3646 3644/3644
f 3645/3645 3647/3647 3629/3629
f 3637/3637 3629/3629 3647/3647
f 3648/3648 3642/3642 3637/3637
f 3637/3637 3647/3647 3648/3648
f 3645/3645 3650/3650 3647/3647
f 3647/3647 3650/3650 3651/3651
f 3652/3652 3649/3649 3653/3653
f 3654/3654 3648/3648 3647/3647
f 3646/3646 3649/3649 3644/3644
f 3656/3656 3653/3653 3646/3646
f 3657/3657 3653/3653 3656/3656
f 3653/3653 3649/3649 3646/3646
f 3636/3636 3639/3639 3634/3634
f 3626/3626 3638/3638 3625/3625
f 3638/3638 3626/3626 3628/3628
f 3628/3628 3658/3658 3638/3638
f 3658/3658 3660/3660 3638/3638
f 3628/3628 3662/3662 3658/3658
f 3662/3662 3628/3628 3660/3660
f 3660/3660 3658/3658 3664/3664
f 3659/3659 3661/3661 3663/3663
f 3662/3662 3660/3660 3664/3664
f 3639/3639 3646/3646 3634/3634
f 3656/3656 3646/3646 3639/3639
f 3638/3638 3656/3656 3639/3639
f 3656/3656 3638/3638 3660/3660
f 3656/3656 3660/3660 3657/3657
f 3667/3667 3669/3669 3671/3671
f 3674/3674 3675/3675 3670/3670
f 3676/3676 3677/3677 3678/3678
f 3679/3679 3677/3677 3680/3680
f 3680/3680 3677/3677 3676/3676
f 3681/3681 3682/3682 3678/3678
f 3675/3675 3682/3682 3681/3681
f 3682/3682 3683/3683 3678/3678
f 3681/3681 3671/3671 3669/3669
f 3675/3675 3681/3681 3670/3670
f 3678/3678 3683/3683 3676/3676
f 3684/3684 3678/3678 3685/3685
f 3685/3685 3678/3678 3677/3677
f 3675/3675 3683/3683 3682/3682
f 3683/3683 3680/3680 3676/3676
f 3680/3680 3683/3683 3675/3675
f 3680/3680 3675/3675 3686/3686
f 3686/3686 3679/3679 3680/3680
f 3687/3687 3686/3686 3675/3675
f 3688/3688 3689/3689 3675/3675
f 3687/3687 3675/3675 3689/3689
f 3690/3690 3691/3691 3692/3692
f 3693/3693 3621/3621 3618/3618
f 3618/3618 3694/3694 3693/3693
f 3618/3618 3696/3696 3694/3694
f 3694/3694 3696/3696 3698/3698
f 3693/3693 3694/3694 3699/3699
f 3699/3699 3691/3691 3693/3693
f 3699/3699 3692/3692 3691/3691
f 3698/3698 3699/3699 3694/3694
f 3698/3698 3700/3700 3699/3699
f 3698/3698 3701/3701 3700/3700
f 3647/3647 3651/3651 3672/3672
f 3652/3652 3653/3653 3703/3703
f 3672/3672 3651/3651 3666/3666
f 3703/3703 3665/3665 3652/3652
f 3704/3704 3705/3705 3706/3706
f 3657/3657 3703/3703 3653/3653
f 3703/3703 3657/3657 3705/3705
f 3706/3706 3705/3705 3657/3657
f 3665/3665 3703/3703 3673/3673
f 3705/3705 3673/3673 3703/3703
f 3674/3674 3670/3670 3668/3668
f 3707/3707 3673/3673 3705/3705
f 3709/3709 3707/3707 3704/3704
f 3704/3704 3711/3711 3709/3709
f 3704/3704 3707/3707 3705/3705
f 3712/3712 3660/3660 3628/3628
f 3706/3706 3712/3712 3711/3711
f 3690/3690 3712/3712 3628/3628
f 3690/3690 3692/3692 3712/3712
f 3711/3711 3704/3704 3706/3706
f 3692/3692 3711/3711 3712/3712
f 3657/3657 3660/3660 3706/3706
f 3660/3660 3712/3712 3706/3706
f 3700/3700 3714/3714 3711/3711
f 3709/3709 3711/3711 3714/3714
f 3714/3714 3700/3700 3701/3701
f 3702/3702 3715/3715 3713/3713
f 3688/3688 3675/3675 3674/3674
f 3708/3708 3688/3688 3674/3674
f 3716/3716 3688/3688 3708/3708
f 3708/3708 3710/3710 3716/3716
f 3716/3716 3710/3710 3713/3713
f 3715/3715 3716/3716 3713/3713
f 3688/3688 3716/3716 3689/3689
f 3699/3699 3700/3700 3692/3692
f 3711/3711 3692/3692 3700/3700
f 2028/2028 2837/2837 2844/2844
f 3717/3717 2028/2028 2844/2844
f 3718/3718 3717/3717 2844/2844
f 2028/2028 3717/3717 3195/3195
f 3198/3198 3194/3194 3195/3195
f 3198/3198 3195/3195 3719/3719
f 3720/3720 3717/3717 3718/3718
f 2844/2844 3721/3721 3718/3718
f 3721/3721 2844/2844 2845/2845
f 2845/2845 2753/2753 2884/2884
f 3721/3721 2845/2845 3722/3722
f 3718/3718 3721/3721 3720/3720
f 3719/3719 3195/3195 3717/3717
f 3719/3719 3717/3717 3720/3720
f 3719/3719 3200/3200 3198/3198
f 3200/3200 3719/3719 3723/3723
f 3724/3724 3719/3719 3720/3720
f 3719/3719 3724/3724 3723/3723
f 3723/3723 3724/3724 3725/3725
f 3720/3720 3726/3726 3727/3727
f 3722/3722 3728/3728 3721/3721
f 3726/3726 3720/3720 3721/3721
f 3721/3721 3728/3728 3726/3726
f 3724/3724 3720/3720 3727/3727
f 3724/3724 3727/3727 3725/3725
f 3729/3729 3726/3726 3728/3728
f 3726/3726 3729/3729 3727/3727
f 3722/3722 2845/2845 3730/3730
f 3730/3730 2845/2845 2884/2884
f 3730/3730 2884/2884 2778/2778
f 3728/3728 3722/3722 3730/3730
f 2778/2778 3615/3615 3730/3730
f 3615/3615 3617/3617 3730/3730
f 3730/3730 3617/3617 3728/3728
f 3728/3728 3617/3617 3621/3621
f 3617/3617 3616/3616 3621/3621
f 3728/3728 3621/3621 3731/3731
f 3200/3200 3723/3723 3622/3622
f 3200/3200 3622/3622 3170/3170
f 3622/3622 3723/3723 3725/3725
f 3622/3622 3625/3625 3623/3623
f 3626/3626 3625/3625 3622/3622
f 3725/3725 3727/3727 3732/3732
f 3729/3729 3732/3732 3727/3727
f 3729/3729 3731/3731 3732/3732
f 3626/3626 3622/3622 3725/3725
f 3626/3626 3725/3725 3627/3627
f 3725/3725 3732/3732 3627/3627
f 3690/3690 3627/3627 3732/3732
f 3690/3690 3628/3628 3627/3627
f 3213/3213 3182/3182 3641/3641
f 3215/3215 3216/3216 3733/3733
f 3734/3734 3216/3216 3213/3213
f 3734/3734 3733/3733 3216/3216
f 3641/3641 3734/3734 3213/3213
f 3731/3731 3729/3729 3728/3728
f 3731/3731 3621/3621 3693/3693
f 3693/3693 3691/3691 3731/3731
f 3732/3732 3731/3731 3691/3691
f 3732/3732 3691/3691 3690/3690
f 2930/2930 2931/2931 3735/3735
f 2931/2931 2928/2928 3736/3736
f 3736/3736 3735/3735 2931/2931
f 3737/3737 3738/3738 3739/3739
f 3735/3735 3736/3736 3740/3740
f 3741/3741 3735/3735 3740/3740
f 3742/3742 3740/3740 3738/3738
f 3737/3737 3742/3742 3738/3738
f 2958/2958 2930/2930 3613/3613
f 3743/3743 3613/3613 2930/2930
f 2930/2930 3735/3735 3743/3743
f 3743/3743 3735/3735 3741/3741
f 3613/3613 3743/3743 3620/3620
f 3744/3744 3620/3620 3743/3743
f 3620/3620 3744/3744 3695/3695
f 3743/3743 3741/3741 3744/3744
f 3616/3616 3614/3614 3619/3619
f 3744/3744 3741/3741 3745/3745
f 3741/3741 3740/3740 3745/3745
f 3742/3742 3745/3745 3740/3740
f 2650/2650 3736/3736 2927/2927
f 3746/3746 3736/3736 2650/2650
f 2927/2927 3736/3736 2928/2928
f 3746/3746 2650/2650 3454/3454
f 3746/3746 3454/3454 3738/3738
f 3454/3454 3463/3463 3738/3738
f 3740/3740 3736/3736 3746/3746
f 3740/3740 3746/3746 3738/3738
f 3738/3738 3463/3463 3739/3739
f 3739/3739 3463/3463 3465/3465
f 3747/3747 3748/3748 3749/3749
f 3747/3747 3749/3749 3750/3750
f 3476/3476 3523/3523 3522/3522
f 3475/3475 3523/3523 3476/3476
f 3751/3751 3475/3475 3474/3474
f 3752/3752 3739/3739 3475/3475
f 3739/3739 3523/3523 3475/3475
f 3748/3748 3745/3745 3742/3742
f 3748/3748 3742/3742 3752/3752
f 3752/3752 3742/3742 3737/3737
f 3737/3737 3739/3739 3752/3752
f 3752/3752 3753/3753 3749/3749
f 3749/3749 3748/3748 3752/3752
f 3754/3754 3485/3485 3755/3755
f 3756/3756 3754/3754 3755/3755
f 3685/3685 3755/3755 3485/3485
f 3756/3756 3755/3755 3679/3679
f 3679/3679 3755/3755 3677/3677
f 3756/3756 3679/3679 3757/3757
f 3686/3686 3757/3757 3679/3679
f 3755/3755 3685/3685 3677/3677
f 3685/3685 3479/3479 3758/3758
f 3477/3477 3685/3685 3485/3485
f 3485/3485 3754/3754 3486/3486
f 3685/3685 3477/3477 3479/3479
f 3486/3486 3754/3754 3759/3759
f 3486/3486 3759/3759 3760/3760
f 3760/3760 3759/3759 3761/3761
f 3757/3757 3754/3754 3756/3756
f 3759/3759 3754/3754 3757/3757
f 3762/3762 3761/3761 3759/3759
f 3479/3479 3763/3763 3758/3758
f 3764/3764 3479/3479 3491/3491
f 3763/3763 3479/3479 3764/3764
f 3749/3749 3753/3753 3750/3750
f 3750/3750 3753/3753 3765/3765
f 3765/3765 3766/3766 3750/3750
f 3766/3766 3767/3767 3687/3687
f 3687/3687 3757/3757 3686/3686
f 3687/3687 3767/3767 3757/3757
f 3766/3766 3715/3715 3750/3750
f 3716/3716 3766/3766 3689/3689
f 3687/3687 3689/3689 3766/3766
f 3767/3767 3762/3762 3759/3759
f 3765/3765 3762/3762 3767/3767
f 3767/3767 3759/3759 3757/3757
f 3765/3765 3767/3767 3766/3766
f 3760/3760 3487/3487 3486/3486
f 3761/3761 3487/3487 3760/3760
f 3761/3761 3490/3490 3487/3487
f 3761/3761 3768/3768 3490/3490
f 3761/3761 3762/3762 3768/3768
f 3751/3751 3768/3768 3762/3762
f 3753/3753 3762/3762 3765/3765
f 3475/3475 3751/3751 3753/3753
f 3752/3752 3475/3475 3753/3753
f 3753/3753 3751/3751 3762/3762
f 3490/3490 3768/3768 3474/3474
f 3768/3768 3751/3751 3474/3474
f 3479/3479 3478/3478 3491/3491
f 3764/3764 3491/3491 3492/3492
f 3695/3695 3769/3769 3697/3697
f 3697/3697 3769/3769 3770/3770
f 3745/3745 3748/3748 3769/3769
f 3744/3744 3769/3769 3695/3695
f 3769/3769 3744/3744 3745/3745
f 3770/3770 3702/3702 3697/3697
f 3702/3702 3770/3770 3747/3747
f 3769/3769 3748/3748 3770/3770
f 3747/3747 3770/3770 3748/3748
f 3618/3618 3619/3619 3696/3696
f 3750/3750 3715/3715 3747/3747
f 3747/3747 3715/3715 3702/3702
f 3716/3716 3715/3715 3766/3766
f 3465/3465 3523/3523 3739/3739
f 3771/3771 3772/3772 3774/3774
f 3772/3772 3776/3776 3777/3777
f 3778/3778 3779/3779 3781/3781
f 3778/3778 3783/3783 3779/3779
f 3771/3771 3781/3781 3229/3229
f 3771/3771 3774/3774 3781/3781
f 3228/3228 3229/3229 3781/3781
f 3784/3784 3783/3783 3778/3778
f 3777/3777 3784/3784 3778/3778
f 3784/3784 3777/3777 3787/3787
f 3778/3778 3781/3781 3774/3774
f 3777/3777 3778/3778 3774/3774
f 3772/3772 3777/3777 3774/3774
f 3777/3777 3776/3776 3789/3789
f 3792/3792 3789/3789 3776/3776
f 3777/3777 3789/3789 3787/3787
f 3793/3793 3788/3788 3790/3790
f 3793/3793 3790/3790 3794/3794
f 3796/3796 3775/3775 3798/3798
f 3795/3795 3792/3792 3776/3776
f 3775/3775 3773/3773 3800/3800
f 3775/3775 3800/3800 3798/3798
f 3798/3798 3800/3800 3801/3801
f 3773/3773 3803/3803 3804/3804
f 3804/3804 3805/3805 3773/3773
f 3800/3800 3773/3773 3805/3805
f 3806/3806 3801/3801 3800/3800
f 3805/3805 3806/3806 3800/3800
f 3804/3804 3808/3808 3805/3805
f 3806/3806 3805/3805 3809/3809
f 3809/3809 3805/3805 3808/3808
f 3810/3810 3807/3807 3811/3811
f 3813/3813 3810/3810 3811/3811
f 3814/3814 3813/3813 3811/3811
f 3231/3231 3815/3815 3816/3816
f 3816/3816 3815/3815 3817/3817
f 3817/3817 3818/3818 3819/3819
f 3821/3821 3816/3816 3817/3817
f 3232/3232 3815/3815 3231/3231
f 3189/3189 3815/3815 3232/3232
f 3188/3188 3823/3823 3189/3189
f 3818/3818 3815/3815 3189/3189
f 3641/3641 3643/3643 3734/3734
f 3823/3823 3818/3818 3189/3189
f 3818/3818 3823/3823 3824/3824
f 3823/3823 3733/3733 3824/3824
f 3733/3733 3825/3825 3824/3824
f 3817/3817 3815/3815 3818/3818
f 3826/3826 3648/3648 3654/3654
f 3642/3642 3648/3648 3828/3828
f 3829/3829 3642/3642 3828/3828
f 3831/3831 3829/3829 3828/3828
f 3828/3828 3648/3648 3826/3826
f 3831/3831 3828/3828 3826/3826
f 3821/3821 3817/3817 3819/3819
f 3820/3820 3803/3803 3822/3822
f 3820/3820 3832/3832 3803/3803
f 3833/3833 3832/3832 3834/3834
f 3643/3643 3642/3642 3829/3829
f 3829/3829 3836/3836 3643/3643
f 3734/3734 3643/3643 3836/3836
f 3825/3825 3733/3733 3734/3734
f 3837/3837 3825/3825 3734/3734
f 3837/3837 3734/3734 3836/3836
f 3825/3825 3837/3837 3838/3838
f 3829/3829 3831/3831 3836/3836
f 3836/3836 3831/3831 3839/3839
f 3836/3836 3839/3839 3837/3837
f 3837/3837 3839/3839 3838/3838
f 3824/3824 3819/3819 3818/3818
f 3835/3835 3819/3819 3824/3824
f 3838/3838 3824/3824 3825/3825
f 3838/3838 3835/3835 3824/3824
f 3842/3842 3833/3833 3834/3834
f 3835/3835 3838/3838 3841/3841
f 3839/3839 3841/3841 3838/3838
f 3229/3229 3231/3231 3816/3816
f 3816/3816 3771/3771 3229/3229
f 3771/3771 3816/3816 3821/3821
f 3772/3772 3771/3771 3821/3821
f 3843/3843 3790/3790 3791/3791
f 3843/3843 3794/3794 3790/3790
f 3794/3794 3843/3843 3844/3844
f 3844/3844 3845/3845 3794/3794
f 3845/3845 3793/3793 3794/3794
f 3843/3843 3846/3846 3844/3844
f 3847/3847 3845/3845 3844/3844
f 3847/3847 3793/3793 3845/3845
f 3848/3848 3793/3793 3847/3847
f 3850/3850 3847/3847 3844/3844
f 3851/3851 3847/3847 3850/3850
f 3851/3851 3848/3848 3847/3847
f 3848/3848 3851/3851 3852/3852
f 3853/3853 3852/3852 3851/3851
f 3854/3854 3797/3797 3855/3855
f 3855/3855 3797/3797 3799/3799
f 3855/3855 3856/3856 3854/3854
f 3802/3802 3855/3855 3799/3799
f 3856/3856 3855/3855 3857/3857
f 3802/3802 3857/3857 3855/3855
f 3856/3856 3846/3846 3854/3854
f 3856/3856 3858/3858 3846/3846
f 3858/3858 3856/3856 3859/3859
f 3773/3773 3822/3822 3803/3803
f 3807/3807 3857/3857 3802/3802
f 3857/3857 3807/3807 3810/3810
f 3856/3856 3857/3857 3813/3813
f 3856/3856 3813/3813 3859/3859
f 3843/3843 3791/3791 3797/3797
f 3854/3854 3843/3843 3797/3797
f 3846/3846 3843/3843 3854/3854
f 3813/3813 3857/3857 3810/3810
f 3860/3860 3858/3858 3859/3859
f 3861/3861 3846/3846 3858/3858
f 3861/3861 3858/3858 3862/3862
f 3862/3862 3858/3858 3860/3860
f 3859/3859 3863/3863 3860/3860
f 3864/3864 3860/3860 3863/3863
f 3850/3850 3846/3846 3861/3861
f 3844/3844 3846/3846 3850/3850
f 3865/3865 3852/3852 3853/3853
f 3655/3655 3671/3671 3684/3684
f 3866/3866 3655/3655 3684/3684
f 3867/3867 3868/3868 3869/3869
f 3870/3870 3609/3609 3539/3539
f 3671/3671 3681/3681 3678/3678
f 3684/3684 3671/3671 3678/3678
f 3866/3866 3684/3684 3871/3871
f 3872/3872 3866/3866 3871/3871
f 3685/3685 3871/3871 3684/3684
f 3872/3872 3871/3871 3873/3873
f 3872/3872 3873/3873 3874/3874
f 3875/3875 3874/3874 3876/3876
f 3867/3867 3877/3877 3878/3878
f 3877/3877 3870/3870 3878/3878
f 3867/3867 3878/3878 3868/3868
f 3879/3879 3877/3877 3867/3867
f 3867/3867 3869/3869 3879/3879
f 3870/3870 3877/3877 3880/3880
f 3879/3879 3880/3880 3877/3877
f 3881/3881 3880/3880 3879/3879
f 3882/3882 3875/3875 3883/3883
f 3883/3883 3875/3875 3876/3876
f 3883/3883 3881/3881 3882/3882
f 3879/3879 3869/3869 3882/3882
f 3879/3879 3882/3882 3881/3881
f 3884/3884 3571/3571 3885/3885
f 3536/3536 3886/3886 3887/3887
f 3572/3572 3886/3886 3536/3536
f 3888/3888 3808/3808 3886/3886
f 3804/3804 3803/3803 3808/3808
f 3803/3803 3887/3887 3808/3808
f 3808/3808 3888/3888 3809/3809
f 3886/3886 3808/3808 3887/3887
f 3887/3887 3803/3803 3889/3889
f 3890/3890 3887/3887 3889/3889
f 3803/3803 3868/3868 3889/3889
f 3889/3889 3868/3868 3878/3878
f 3891/3891 3888/3888 3884/3884
f 3891/3891 3884/3884 3812/3812
f 3812/3812 3884/3884 3892/3892
f 3812/3812 3892/3892 3893/3893
f 3886/3886 3571/3571 3884/3884
f 3888/3888 3886/3886 3884/3884
f 3892/3892 3884/3884 3885/3885
f 3885/3885 3895/3895 3893/3893
f 3885/3885 3893/3893 3892/3892
f 3896/3896 3893/3893 3895/3895
f 3891/3891 3809/3809 3888/3888
f 3812/3812 3809/3809 3891/3891
f 3812/3812 3806/3806 3809/3809
f 3814/3814 3811/3811 3894/3894
f 3897/3897 3898/3898 3894/3894
f 3898/3898 3897/3897 3900/3900
f 3900/3900 3901/3901 3898/3898
f 3890/3890 3536/3536 3887/3887
f 3534/3534 3890/3890 3539/3539
f 3539/3539 3890/3890 3870/3870
f 3536/3536 3890/3890 3534/3534
f 3890/3890 3889/3889 3878/3878
f 3878/3878 3870/3870 3890/3890
f 3647/3647 3672/3672 3654/3654
f 3827/3827 3655/3655 3866/3866
f 3830/3830 3827/3827 3902/3902
f 3827/3827 3866/3866 3902/3902
f 3872/3872 3902/3902 3866/3866
f 3872/3872 3903/3903 3902/3902
f 3904/3904 3830/3830 3902/3902
f 3903/3903 3904/3904 3902/3902
f 3905/3905 3904/3904 3903/3903
f 3834/3834 3832/3832 3820/3820
f 3833/3833 3868/3868 3832/3832
f 3906/3906 3907/3907 3908/3908
f 3869/3869 3868/3868 3833/3833
f 3907/3907 3905/3905 3908/3908
f 3906/3906 3869/3869 3833/3833
f 3906/3906 3908/3908 3869/3869
f 3840/3840 3830/3830 3904/3904
f 3840/3840 3904/3904 3907/3907
f 3833/3833 3842/3842 3906/3906
f 3842/3842 3840/3840 3907/3907
f 3904/3904 3905/3905 3907/3907
f 3906/3906 3842/3842 3907/3907
f 3874/3874 3905/3905 3872/3872
f 3903/3903 3872/3872 3905/3905
f 3875/3875 3882/3882 3869/3869
f 3905/3905 3875/3875 3908/3908
f 3908/3908 3875/3875 3869/3869
f 3905/3905 3874/3874 3875/3875
f 3803/3803 3832/3832 3868/3868
f 3909/3909 3813/3813 3814/3814
f 3859/3859 3813/3813 3909/3909
f 3910/3910 3859/3859 3909/3909
f 3910/3910 3909/3909 3814/3814
f 3894/3894 3911/3911 3814/3814
f 3910/3910 3814/3814 3912/3912
f 3814/3814 3913/3913 3912/3912
f 3814/3814 3911/3911 3913/3913
f 3911/3911 3894/3894 3898/3898
f 3913/3913 3911/3911 3898/3898
f 3914/3914 3910/3910 3912/3912
f 3912/3912 3913/3913 3915/3915
f 3913/3913 3898/3898 3916/3916
f 3898/3898 3901/3901 3916/3916
f 3915/3915 3913/3913 3916/3916
f 3863/3863 3859/3859 3910/3910
f 3863/3863 3910/3910 3914/3914
f 3915/3915 3914/3914 3912/3912
f 3864/3864 3863/3863 3914/3914
f 3915/3915 3917/3917 3914/3914
f 3917/3917 3915/3915 3918/3918
f 3919/3919 3916/3916 3901/3901
f 3918/3918 3915/3915 3916/3916
f 3548/3548 3092/3092 3781/3781
f 3092/3092 3228/3228 3781/3781
f 3779/3779 3920/3920 3781/3781
f 3921/3921 3922/3922 3923/3923
f 3922/3922 3921/3921 3780/3780
f 3550/3550 3549/3549 3921/3921
f 3923/3923 3550/3550 3921/3921
f 3781/3781 3920/3920 3548/3548
f 3923/3923 3552/3552 3550/3550
f 3924/3924 3552/3552 3923/3923
f 3924/3924 3554/3554 3552/3552
f 3925/3925 3554/3554 3924/3924
f 3925/3925 3926/3926 3554/3554
f 3927/3927 3923/3923 3922/3922
f 3927/3927 3924/3924 3923/3923
f 3927/3927 3922/3922 3928/3928
f 3929/3929 3927/3927 3928/3928
f 3924/3924 3927/3927 3930/3930
f 3927/3927 3929/3929 3930/3930
f 3930/3930 3925/3925 3924/3924
f 3930/3930 3926/3926 3925/3925
f 3780/3780 3782/3782 3922/3922
f 3782/3782 3785/3785 3928/3928
f 3785/3785 3931/3931 3928/3928
f 3928/3928 3922/3922 3782/3782
f 3932/3932 3786/3786 3788/3788
f 3793/3793 3932/3932 3788/3788
f 3848/3848 3932/3932 3793/3793
f 3931/3931 3849/3849 3928/3928
f 3929/3929 3928/3928 3849/3849
f 3933/3933 3930/3930 3929/3929
f 3933/3933 3929/3929 3934/3934
f 3933/3933 3935/3935 3926/3926
f 3935/3935 3933/3933 3934/3934
f 3930/3930 3933/3933 3926/3926
f 3936/3936 3555/3555 3554/3554
f 3926/3926 3936/3936 3554/3554
f 3936/3936 3557/3557 3555/3555
f 3936/3936 3937/3937 3557/3557
f 3938/3938 3937/3937 3936/3936
f 3926/3926 3938/3938 3936/3936
f 3939/3939 3938/3938 3926/3926
f 3940/3940 3937/3937 3938/3938
f 3938/3938 3941/3941 3940/3940
f 3942/3942 3563/3563 3562/3562
f 3564/3564 3557/3557 3937/3937
f 3942/3942 3562/3562 3564/3564
f 3564/3564 3937/3937 3940/3940
f 3940/3940 3943/3943 3564/3564
f 3943/3943 3942/3942 3564/3564
f 3935/3935 3939/3939 3926/3926
f 3941/3941 3938/3938 3939/3939
f 3935/3935 3941/3941 3939/3939
f 3935/3935 3944/3944 3941/3941
f 3945/3945 3940/3940 3941/3941
f 3945/3945 3943/3943 3940/3940
f 3945/3945 3941/3941 3944/3944
f 3946/3946 3948/3948 3849/3849
f 3948/3948 3929/3929 3849/3849
f 3948/3948 3934/3934 3929/3929
f 3946/3946 3949/3949 3948/3948
f 3948/3948 3949/3949 3934/3934
f 3848/3848 3852/3852 3947/3947
f 3950/3950 3949/3949 3946/3946
f 3947/3947 3852/3852 3865/3865
f 3934/3934 3952/3952 3935/3935
f 3952/3952 3934/3934 3949/3949
f 3953/3953 3952/3952 3949/3949
f 3955/3955 3944/3944 3952/3952
f 3953/3953 3956/3956 3952/3952
f 3959/3959 3945/3945 3955/3955
f 3955/3955 3945/3945 3944/3944
f 3956/3956 3961/3961 3955/3955
f 3952/3952 3944/3944 3935/3935
f 3951/3951 3947/3947 3865/3865
f 3950/3950 3953/3953 3949/3949
f 3963/3963 3954/3954 3951/3951
f 3963/3963 3957/3957 3954/3954
f 3957/3957 3963/3963 3964/3964
f 3963/3963 3951/3951 3865/3865
f 3965/3965 3964/3964 3963/3963
f 3956/3956 3955/3955 3952/3952
f 3964/3964 3960/3960 3957/3957
f 3960/3960 3964/3964 3966/3966
f 3968/3968 3964/3964 3969/3969
f 3968/3968 3966/3966 3964/3964
f 3886/3886 3572/3572 3571/3571
f 3970/3970 3576/3576 3560/3560
f 3971/3971 3576/3576 3970/3970
f 3571/3571 3573/3573 3576/3576
f 3571/3571 3576/3576 3971/3971
f 3885/3885 3571/3571 3971/3971
f 3971/3971 3972/3972 3885/3885
f 3972/3972 3971/3971 3970/3970
f 3574/3574 3572/3572 3536/3536
f 3563/3563 3970/3970 3560/3560
f 3970/3970 3563/3563 3973/3973
f 3973/3973 3563/3563 3942/3942
f 3943/3943 3973/3973 3942/3942
f 3895/3895 3885/3885 3972/3972
f 3972/3972 3970/3970 3899/3899
f 3896/3896 3895/3895 3972/3972
f 3899/3899 3896/3896 3972/3972
f 3974/3974 3970/3970 3973/3973
f 3976/3976 3973/3973 3943/3943
f 3974/3974 3973/3973 3976/3976
f 3899/3899 3970/3970 3974/3974
f 3901/3901 3900/3900 3975/3975
f 3976/3976 3943/3943 3945/3945
f 3978/3978 3901/3901 3975/3975
f 3959/3959 3976/3976 3945/3945
f 3975/3975 3977/3977 3978/3978
f 3977/3977 3979/3979 3978/3978
f 3977/3977 3958/3958 3979/3979
f 3962/3962 3980/3980 3958/3958
f 3955/3955 3961/3961 3959/3959
f 3981/3981 3901/3901 3978/3978
f 3981/3981 3978/3978 3979/3979
f 3980/3980 3981/3981 3979/3979
f 3982/3982 3980/3980 3962/3962
f 3980/3980 3979/3979 3958/3958
f 3962/3962 3967/3967 3982/3982
f 3982/3982 3983/3983 3980/3980
f 3981/3981 3980/3980 3983/3983
f 3984/3984 3919/3919 3901/3901
f 3984/3984 3901/3901 3981/3981
f 3919/3919 3984/3984 3985/3985
f 3983/3983 3984/3984 3981/3981
f 3188/3188 3215/3215 3733/3733
f 3733/3733 3823/3823 3188/3188
f 3862/3862 3860/3860 3986/3986
f 3851/3851 3987/3987 3853/3853
f 3861/3861 3988/3988 3850/3850
f 3850/3850 3987/3987 3851/3851
f 3850/3850 3989/3989 3987/3987
f 3989/3989 3850/3850 3988/3988
f 3861/3861 3862/3862 3988/3988
f 3988/3988 3862/3862 3990/3990
f 3860/3860 3864/3864 3986/3986
f 3864/3864 3991/3991 3986/3986
f 3990/3990 3862/3862 3986/3986
f 3992/3992 3990/3990 3986/3986
f 3986/3986 3991/3991 3992/3992
f 3993/3993 3988/3988 3990/3990
f 3994/3994 3853/3853 3987/3987
f 3988/3988 3993/3993 3995/3995
f 3996/3996 3989/3989 3988/3988
f 3996/3996 3988/3988 3995/3995
f 3990/3990 3992/3992 3993/3993
f 3993/3993 3992/3992 3997/3997
f 3998/3998 3993/3993 3997/3997
f 3997/3997 3992/3992 3999/3999
f 3989/3989 4000/4000 3987/3987
f 3996/3996 4000/4000 3989/3989
f 3995/3995 3993/3993 3998/3998
f 3999/3999 4001/4001 3997/3997
f 3998/3998 4002/4002 3995/3995
f 4002/4002 3998/3998 3997/3997
f 4003/4003 3996/3996 3995/3995
f 4003/4003 3995/3995 4002/4002
f 3997/3997 4001/4001 4002/4002
f 3864/3864 3914/3914 3917/3917
f 3917/3917 4004/4004 3864/3864
f 3864/3864 4004/4004 3991/3991
f 4005/4005 3918/3918 3916/3916
f 4005/4005 3916/3916 3919/3919
f 3919/3919 3985/3985 4005/4005
f 3917/3917 3918/3918 4005/4005
f 4005/4005 4006/4006 3917/3917
f 3999/3999 3992/3992 3991/3991
f 3999/3999 3991/3991 4004/4004
f 3999/3999 4004/4004 4007/4007
f 4004/4004 3917/3917 4006/4006
f 4005/4005 4008/4008 4006/4006
f 4006/4006 4007/4007 4004/4004
f 4007/4007 4006/4006 4009/4009
f 4001/4001 3999/3999 4007/4007
f 4010/4010 3865/3865 3853/3853
f 3865/3865 4010/4010 4011/4011
f 4011/4011 3963/3963 3865/3865
f 3965/3965 3963/3963 4011/4011
f 3965/3965 3969/3969 3964/3964
f 4011/4011 4010/4010 4012/4012
f 4011/4011 4012/4012 4013/4013
f 4013/4013 3965/3965 4011/4011
f 4013/4013 3969/3969 3965/3965
f 4014/4014 3969/3969 4013/4013
f 3969/3969 4014/4014 3968/3968
f 4016/4016 3968/3968 4014/4014
f 4016/4016 4018/4018 3968/3968
f 3994/3994 4010/4010 3853/3853
f 3994/3994 4019/4019 4010/4010
f 4019/4019 4012/4012 4010/4010
f 4020/4020 4013/4013 4012/4012
f 4021/4021 4013/4013 4020/4020
f 4000/4000 3994/3994 3987/3987
f 4022/4022 4019/4019 3994/3994
f 4019/4019 4020/4020 4012/4012
f 4019/4019 4023/4023 4020/4020
f 4021/4021 4014/4014 4013/4013
f 4024/4024 4014/4014 4021/4021
f 4014/4014 4024/4024 4026/4026
f 4014/4014 4026/4026 4016/4016
f 4021/4021 4020/4020 4024/4024
f 4020/4020 4023/4023 4024/4024
f 3994/3994 4000/4000 4022/4022
f 4019/4019 4022/4022 4027/4027
f 4027/4027 4023/4023 4019/4019
f 4028/4028 4022/4022 4000/4000
f 4029/4029 4027/4027 4022/4022
f 4030/4030 4029/4029 4022/4022
f 4027/4027 4031/4031 4023/4023
f 4029/4029 4031/4031 4027/4027
f 4031/4031 4024/4024 4023/4023
f 4031/4031 4032/4032 4024/4024
f 4032/4032 4026/4026 4024/4024
f 4033/4033 4026/4026 4032/4032
f 4033/4033 4032/4032 4035/4035
f 4035/4035 4032/4032 4031/4031
f 4036/4036 4035/4035 4031/4031
f 4036/4036 4031/4031 4037/4037
f 3996/3996 4038/4038 4000/4000
f 4038/4038 3996/3996 4003/4003
f 4038/4038 4028/4028 4000/4000
f 4022/4022 4028/4028 4030/4030
f 4003/4003 4039/4039 4038/4038
f 4040/4040 4028/4028 4038/4038
f 4039/4039 4040/4040 4038/4038
f 4003/4003 4002/4002 4041/4041
f 4042/4042 4002/4002 4001/4001
f 4042/4042 4041/4041 4002/4002
f 4039/4039 4003/4003 4041/4041
f 4039/4039 4041/4041 4043/4043
f 4042/4042 4044/4044 4041/4041
f 4042/4042 4045/4045 4044/4044
f 4029/4029 4037/4037 4031/4031
f 4046/4046 4030/4030 4028/4028
f 4030/4030 4047/4047 4029/4029
f 4046/4046 4047/4047 4030/4030
f 4048/4048 4035/4035 4036/4036
f 4033/4033 4048/4048 4049/4049
f 4048/4048 4033/4033 4035/4035
f 4047/4047 4037/4037 4029/4029
f 4051/4051 4037/4037 4047/4047
f 4051/4051 4052/4052 4037/4037
f 4047/4047 4053/4053 4051/4051
f 4053/4053 4052/4052 4051/4051
f 4054/4054 4047/4047 4046/4046
f 4054/4054 4053/4053 4047/4047
f 4052/4052 4036/4036 4037/4037
f 4052/4052 4048/4048 4036/4036
f 4055/4055 4048/4048 4052/4052
f 4048/4048 4055/4055 4049/4049
f 4052/4052 4053/4053 4056/4056
f 4056/4056 4055/4055 4052/4052
f 4056/4056 4058/4058 4055/4055
f 4059/4059 4049/4049 4055/4055
f 4055/4055 4058/4058 4059/4059
f 4061/4061 4062/4062 4057/4057
f 4058/4058 4056/4056 4063/4063
f 4065/4065 4063/4063 4056/4056
f 4065/4065 4056/4056 4053/4053
f 4057/4057 4064/4064 4061/4061
f 3968/3968 4018/4018 3966/3966
f 3967/3967 4017/4017 3982/3982
f 3982/3982 4017/4017 4066/4066
f 4066/4066 3983/3983 3982/3982
f 4015/4015 4067/4067 4017/4017
f 4066/4066 4017/4017 4067/4067
f 4068/4068 3984/3984 3983/3983
f 4068/4068 3983/3983 4066/4066
f 4069/4069 3984/3984 4068/4068
f 4008/4008 4005/4005 3985/3985
f 4070/4070 4008/4008 3985/3985
f 3985/3985 3984/3984 4069/4069
f 4070/4070 3985/3985 4071/4071
f 4071/4071 3985/3985 4069/4069
f 4009/4009 4006/4006 4008/4008
f 4072/4072 4008/4008 4073/4073
f 4071/4071 4073/4073 4070/4070
f 4070/4070 4073/4073 4008/4008
f 4067/4067 4068/4068 4066/4066
f 4074/4074 4067/4067 4015/4015
f 4015/4015 4025/4025 4074/4074
f 4067/4067 4074/4074 4075/4075
f 4074/4074 4025/4025 4076/4076
f 4075/4075 4074/4074 4076/4076
f 4068/4068 4067/4067 4075/4075
f 4069/4069 4068/4068 4075/4075
f 4077/4077 4075/4075 4076/4076
f 4001/4001 4007/4007 4078/4078
f 4045/4045 4001/4001 4078/4078
f 4078/4078 4007/4007 4009/4009
f 4072/4072 4009/4009 4008/4008
f 4009/4009 4079/4079 4078/4078
f 4079/4079 4009/4009 4072/4072
f 4080/4080 4079/4079 4072/4072
f 4081/4081 4076/4076 4025/4025
f 4025/4025 4034/4034 4081/4081
f 4081/4081 4082/4082 4076/4076
f 4069/4069 4083/4083 4071/4071
f 4084/4084 4073/4073 4071/4071
f 4069/4069 4075/4075 4077/4077
f 4083/4083 4069/4069 4077/4077
f 4080/4080 4073/4073 4084/4084
f 4073/4073 4080/4080 4072/4072
f 4084/4084 4071/4071 4085/4085
f 4045/4045 4042/4042 4001/4001
f 4045/4045 4078/4078 4086/4086
f 4086/4086 4087/4087 4045/4045
f 4086/4086 4078/4078 4079/4079
f 4045/4045 4087/4087 4044/4044
f 4088/4088 4087/4087 4086/4086
f 4086/4086 4079/4079 4089/4089
f 4079/4079 4080/4080 4090/4090
f 4090/4090 4089/4089 4079/4079
f 4090/4090 4080/4080 4091/4091
f 4091/4091 4080/4080 4084/4084
f 4086/4086 4089/4089 4088/4088
f 4088/4088 4089/4089 4092/4092
f 4089/4089 4090/4090 4092/4092
f 4034/4034 4050/4050 4081/4081
f 4081/4081 4093/4093 4082/4082
f 4093/4093 4081/4081 4050/4050
f 4050/4050 4060/4060 4093/4093
f 4094/4094 4082/4082 4093/4093
f 4095/4095 4093/4093 4060/4060
f 4094/4094 4093/4093 4095/4095
f 4077/4077 4076/4076 4096/4096
f 4082/4082 4096/4096 4076/4076
f 4094/4094 4096/4096 4082/4082
f 4085/4085 4083/4083 4096/4096
f 4077/4077 4096/4096 4083/4083
f 4071/4071 4083/4083 4085/4085
f 4085/4085 4096/4096 4097/4097
f 4097/4097 4096/4096 4094/4094
f 4084/4084 4085/4085 4098/4098
f 4099/4099 4098/4098 4085/4085
f 4091/4091 4084/4084 4098/4098
f 4099/4099 4085/4085 4097/4097
f 4091/4091 4092/4092 4090/4090
f 4100/4100 4092/4092 4091/4091
f 4091/4091 4098/4098 4101/4101
f 4101/4101 4100/4100 4091/4091
f 4057/4057 4095/4095 4060/4060
f 4057/4057 4062/4062 4095/4095
f 4102/4102 4094/4094 4095/4095
f 4094/4094 4102/4102 4103/4103
f 4095/4095 4062/4062 4102/4102
f 4094/4094 4103/4103 4097/4097
f 4097/4097 4103/4103 4104/4104
f 4101/4101 4098/4098 4105/4105
f 4106/4106 4099/4099 4097/4097
f 4098/4098 4099/4099 4105/4105
f 4105/4105 4099/4099 4106/4106
f 3871/3871 3685/3685 3758/3758
f 3611/3611 3610/3610 4107/4107
f 4108/4108 3764/3764 3492/3492
f 4109/4109 4110/4110 4108/4108
f 4109/4109 3611/3611 4107/4107
f 4107/4107 4110/4110 4109/4109
f 4111/4111 3870/3870 3880/3880
f 3609/3609 3870/3870 4111/4111
f 3881/3881 4111/4111 3880/3880
f 4111/4111 3610/3610 3609/3609
f 4107/4107 3610/3610 4111/4111
f 3758/3758 3873/3873 3871/3871
f 3873/3873 3758/3758 3763/3763
f 3874/3874 3873/3873 3763/3763
f 3876/3876 3874/3874 4108/4108
f 4110/4110 3876/3876 4108/4108
f 3874/3874 3763/3763 3764/3764
f 3874/3874 3764/3764 4108/4108
f 3881/3881 4107/4107 4111/4111
f 4107/4107 3881/3881 4110/4110
f 3876/3876 4110/4110 3883/3883
f 3883/3883 4110/4110 3881/3881
f 4109/4109 3498/3498 3611/3611
f 3492/3492 3494/3494 4108/4108
f 3498/3498 4108/4108 3494/3494
f 3498/3498 4109/4109 4108/4108
f 3609/3609 3540/3540 3539/3539
f 896/896 897/897 2976/2976
f 897/897 1611/1611 2976/2976
f 1611/1611 3394/3394 2976/2976
f 1612/1612 4112/4112 1611/1611
f 1619/1619 4112/4112 1612/1612
f 3394/3394 1611/1611 4112/4112
f 3394/3394 4112/4112 3398/3398
f 4112/4112 1619/1619 3398/3398
f 1619/1619 1612/1612 1617/1617
f 1621/1621 1619/1619 1618/1618
f 3400/3400 3398/3398 1619/1619
f 3400/3400 1619/1619 1621/1621
f 1622/1622 1621/1621 1620/1620
f 3268/3268 1699/1699 3263/3263
f 4113/4113 1702/1702 1699/1699
f 4114/4114 4113/4113 1699/1699
f 4115/4115 1282/1282 1283/1283
f 1282/1282 4115/4115 3276/3276
f 4116/4116 4114/4114 1699/1699
f 1699/1699 3268/3268 4116/4116
f 3277/3277 4116/4116 3268/3268
f 1702/1702 4113/4113 1703/1703
f 4117/4117 1703/1703 4113/4113
f 4118/4118 4113/4113 4114/4114
f 4118/4118 4117/4117 4113/4113
f 3286/3286 4116/4116 3277/3277
f 3286/3286 4119/4119 4116/4116
f 4120/4120 4119/4119 3286/3286
f 4114/4114 4119/4119 4118/4118
f 4119/4119 4121/4121 4118/4118
f 4118/4118 4122/4122 4117/4117
f 4122/4122 4121/4121 4123/4123
f 4124/4124 4121/4121 4119/4119
f 4121/4121 4122/4122 4118/4118
f 4119/4119 4114/4114 4116/4116
f 1718/1718 4125/4125 1716/1716
f 4126/4126 4117/4117 4122/4122
f 4117/4117 4126/4126 1718/1718
f 4125/4125 1718/1718 4126/4126
f 1715/1715 1716/1716 4125/4125
f 4125/4125 3597/3597 1715/1715
f 3597/3597 1717/1717 1715/1715
f 3533/3533 4125/4125 4126/4126
f 3533/3533 3597/3597 4125/4125
f 1718/1718 1711/1711 1703/1703
f 1703/1703 4117/4117 1718/1718
f 3531/3531 4126/4126 3569/3569
f 4127/4127 4126/4126 4122/4122
f 4127/4127 3569/3569 4126/4126
f 3530/3530 3531/3531 3569/3569
f 4123/4123 4127/4127 4122/4122
f 3531/3531 3533/3533 4126/4126
f 3533/3533 3532/3532 3597/3597
f 4128/4128 1700/1700 1721/1721
f 1283/1283 4129/4129 4115/4115
f 1700/1700 4130/4130 1283/1283
f 1700/1700 4128/4128 4130/4130
f 4131/4131 1722/1722 1320/1320
f 1322/1322 4131/4131 1320/1320
f 1322/1322 3297/3297 4131/4131
f 1722/1722 4128/4128 1721/1721
f 4132/4132 4131/4131 3297/3297
f 4132/4132 1722/1722 4131/4131
f 4129/4129 1283/1283 4130/4130
f 4129/4129 4130/4130 4133/4133
f 4133/4133 4130/4130 4128/4128
f 4133/4133 4128/4128 4134/4134
f 4129/4129 4133/4133 4134/4134
f 4135/4135 4134/4134 4128/4128
f 3298/3298 4132/4132 3297/3297
f 4128/4128 1722/1722 4135/4135
f 4136/4136 4132/4132 3298/3298
f 4132/4132 4136/4136 4137/4137
f 4132/4132 4137/4137 1722/1722
f 4138/4138 4129/4129 4134/4134
f 4135/4135 4138/4138 4134/4134
f 4115/4115 4129/4129 4138/4138
f 4115/4115 3313/3313 3276/3276
f 4115/4115 4138/4138 4139/4139
f 3313/3313 4115/4115 4139/4139
f 4139/4139 3324/3324 3313/3313
f 3298/3298 3302/3302 4136/4136
f 1722/1722 4140/4140 4135/4135
f 4140/4140 1722/1722 4137/4137
f 4138/4138 4135/4135 4141/4141
f 4140/4140 4141/4141 4135/4135
f 4142/4142 4137/4137 4136/4136
f 4139/4139 4138/4138 4143/4143
f 4138/4138 4141/4141 4143/4143
f 4141/4141 4140/4140 4144/4144
f 4140/4140 4137/4137 4142/4142
f 4143/4143 4141/4141 4144/4144
f 4144/4144 4145/4145 4143/4143
f 4136/4136 4146/4146 4142/4142
f 4144/4144 4140/4140 4142/4142
f 4147/4147 4144/4144 4142/4142
f 4142/4142 4146/4146 4147/4147
f 3286/3286 3541/3541 4120/4120
f 3541/3541 3286/3286 3084/3084
f 4120/4120 4124/4124 4119/4119
f 4120/4120 3541/3541 3543/3543
f 4124/4124 4120/4120 3543/3543
f 3541/3541 3542/3542 3543/3543
f 3545/3545 4121/4121 4124/4124
f 3545/3545 3546/3546 4123/4123
f 3545/3545 4123/4123 4121/4121
f 4124/4124 3543/3543 3545/3545
f 4123/4123 3569/3569 4127/4127
f 4123/4123 3546/3546 3569/3569
f 4148/4148 3324/3324 4139/4139
f 4148/4148 3332/3332 3324/3324
f 4149/4149 4148/4148 4139/4139
f 4150/4150 4148/4148 4149/4149
f 4143/4143 4149/4149 4139/4139
f 4143/4143 4145/4145 4149/4149
f 4150/4150 4149/4149 4151/4151
f 4152/4152 4136/4136 3302/3302
f 4152/4152 4146/4146 4136/4136
f 4145/4145 4144/4144 4147/4147
f 4151/4151 4149/4149 4145/4145
f 4151/4151 4145/4145 4153/4153
f 4145/4145 4147/4147 4154/4154
f 4154/4154 4147/4147 4146/4146
f 4145/4145 4154/4154 4153/4153
f 3337/3337 3332/3332 4155/4155
f 4155/4155 3332/3332 4148/4148
f 4156/4156 4150/4150 4151/4151
f 4157/4157 4156/4156 4151/4151
f 4157/4157 4151/4151 4153/4153
f 4153/4153 4154/4154 4158/4158
f 4159/4159 4153/4153 4158/4158
f 4148/4148 4150/4150 4155/4155
f 4155/4155 4150/4150 4156/4156
f 4155/4155 4160/4160 3337/3337
f 4156/4156 4160/4160 4155/4155
f 4153/4153 4161/4161 4157/4157
f 4159/4159 4161/4161 4153/4153
f 4162/4162 3337/3337 4160/4160
f 4163/4163 4160/4160 4156/4156
f 3337/3337 4162/4162 3346/3346
f 4162/4162 3364/3364 3346/3346
f 4162/4162 4160/4160 4164/4164
f 4164/4164 3364/3364 4162/4162
f 4157/4157 4163/4163 4156/4156
f 4163/4163 4157/4157 4161/4161
f 4164/4164 4160/4160 4163/4163
f 4165/4165 4163/4163 4161/4161
f 4164/4164 4163/4163 4165/4165
f 4165/4165 4166/4166 4164/4164
f 1731/1731 1717/1717 3597/3597
f 1717/1717 1731/1731 1730/1730
f 3592/3592 1731/1731 3597/3597
f 3302/3302 3350/3350 4152/4152
f 4167/4167 4152/4152 3350/3350
f 3353/3353 4168/4168 3350/3350
f 4154/4154 4146/4146 4169/4169
f 4152/4152 4170/4170 4146/4146
f 4146/4146 4170/4170 4169/4169
f 4158/4158 4154/4154 4169/4169
f 4170/4170 4152/4152 4167/4167
f 4171/4171 4170/4170 4167/4167
f 3354/3354 4168/4168 3353/3353
f 3350/3350 4168/4168 4167/4167
f 4172/4172 4161/4161 4159/4159
f 4159/4159 4158/4158 4172/4172
f 4169/4169 4173/4173 4158/4158
f 4158/4158 4173/4173 4172/4172
f 4171/4171 4169/4169 4170/4170
f 4174/4174 4171/4171 4167/4167
f 4175/4175 4172/4172 4173/4173
f 4169/4169 4175/4175 4173/4173
f 3361/3361 4168/4168 3354/3354
f 4168/4168 4174/4174 4167/4167
f 4176/4176 4172/4172 4175/4175
f 4161/4161 4172/4172 4176/4176
f 4169/4169 4171/4171 4175/4175
f 4175/4175 4171/4171 4177/4177
f 4165/4165 4161/4161 4176/4176
f 3361/3361 4178/4178 4168/4168
f 3380/3380 3361/3361 3362/3362
f 4168/4168 4178/4178 4174/4174
f 4171/4171 4174/4174 4179/4179
f 4174/4174 4178/4178 4179/4179
f 4179/4179 4178/4178 4180/4180
f 4171/4171 4179/4179 4177/4177
f 4181/4181 4176/4176 4175/4175
f 4182/4182 4175/4175 4177/4177
f 3349/3349 3364/3364 4183/4183
f 3369/3369 3348/3348 4184/4184
f 4185/4185 3364/3364 4164/4164
f 4183/4183 3364/3364 4185/4185
f 4186/4186 4164/4164 4166/4166
f 4188/4188 3369/3369 4184/4184
f 4187/4187 4183/4183 4185/4185
f 3369/3369 4189/4189 3368/3368
f 4189/4189 3369/3369 4188/4188
f 4185/4185 4164/4164 4186/4186
f 4187/4187 4185/4185 4190/4190
f 4190/4190 4185/4185 4186/4186
f 4191/4191 4190/4190 4186/4186
f 4186/4186 4166/4166 4192/4192
f 4186/4186 4192/4192 4193/4193
f 4191/4191 4186/4186 4193/4193
f 3372/3372 3368/3368 4189/4189
f 4188/4188 4194/4194 4189/4189
f 3372/3372 4189/4189 4194/4194
f 4196/4196 4187/4187 4190/4190
f 4191/4191 4196/4196 4190/4190
f 4196/4196 4197/4197 4195/4195
f 4195/4195 4187/4187 4196/4196
f 4196/4196 4198/4198 4197/4197
f 4195/4195 4197/4197 4200/4200
f 4200/4200 4201/4201 4202/4202
f 4204/4204 4197/4197 4198/4198
f 4201/4201 4200/4200 4197/4197
f 4201/4201 4197/4197 4204/4204
f 4205/4205 3373/3373 3372/3372
f 4206/4206 4205/4205 3372/3372
f 4206/4206 3372/3372 4194/4194
f 4199/4199 4206/4206 4194/4194
f 3375/3375 3373/3373 4205/4205
f 4193/4193 4207/4207 4191/4191
f 4191/4191 4198/4198 4196/4196
f 4198/4198 4191/4191 4207/4207
f 4207/4207 4208/4208 4198/4198
f 4207/4207 4193/4193 4209/4209
f 4193/4193 4210/4210 4209/4209
f 4209/4209 4208/4208 4207/4207
f 4204/4204 4198/4198 4211/4211
f 4201/4201 4204/4204 4211/4211
f 4211/4211 4208/4208 4212/4212
f 4212/4212 4208/4208 4213/4213
f 4213/4213 4208/4208 4209/4209
f 4213/4213 4209/4209 4214/4214
f 4211/4211 4198/4198 4208/4208
f 4215/4215 4214/4214 4216/4216
f 4214/4214 4215/4215 4213/4213
f 4217/4217 4215/4215 4216/4216
f 4218/4218 4063/4063 4065/4065
f 4218/4218 4219/4219 4063/4063
f 4221/4221 4222/4222 4064/4064
f 4064/4064 4222/4222 4061/4061
f 4061/4061 4222/4222 4223/4223
f 4220/4220 4063/4063 4219/4219
f 4225/4225 4220/4220 4219/4219
f 4226/4226 4225/4225 4219/4219
f 4227/4227 4222/4222 4228/4228
f 4228/4228 4221/4221 4224/4224
f 4224/4224 4229/4229 4228/4228
f 4228/4228 4222/4222 4221/4221
f 4230/4230 4231/4231 4232/4232
f 4234/4234 4235/4235 4236/4236
f 4237/4237 4233/4233 4238/4238
f 4237/4237 4238/4238 4239/4239
f 4240/4240 4241/4241 4239/4239
f 4238/4238 4242/4242 4239/4239
f 4243/4243 4237/4237 4229/4229
f 4230/4230 4232/4232 4245/4245
f 4245/4245 4232/4232 4226/4226
f 4226/4226 4244/4244 4225/4225
f 4229/4229 4224/4224 4243/4243
f 4232/4232 4244/4244 4226/4226
f 4229/4229 4246/4246 4228/4228
f 4246/4246 4227/4227 4228/4228
f 4229/4229 4241/4241 4246/4246
f 4244/4244 4235/4235 4234/4234
f 4243/4243 4233/4233 4237/4237
f 4232/4232 4231/4231 4235/4235
f 4235/4235 4244/4244 4232/4232
f 4239/4239 4229/4229 4237/4237
f 4229/4229 4239/4239 4241/4241
f 4061/4061 4102/4102 4062/4062
f 4223/4223 4102/4102 4061/4061
f 4102/4102 4247/4247 4103/4103
f 4247/4247 4223/4223 4248/4248
f 4247/4247 4102/4102 4223/4223
f 4106/4106 4097/4097 4104/4104
f 4104/4104 4249/4249 4106/4106
f 4250/4250 4103/4103 4247/4247
f 4104/4104 4103/4103 4250/4250
f 4248/4248 4250/4250 4247/4247
f 4249/4249 4104/4104 4250/4250
f 4227/4227 4223/4223 4222/4222
f 4227/4227 4248/4248 4223/4223
f 4251/4251 4248/4248 4227/4227
f 4252/4252 4253/4253 4251/4251
f 4251/4251 4227/4227 4252/4252
f 4250/4250 4248/4248 4251/4251
f 4251/4251 4253/4253 4250/4250
f 4250/4250 4254/4254 4249/4249
f 4249/4249 4254/4254 4255/4255
f 4253/4253 4254/4254 4250/4250
f 4256/4256 4254/4254 4253/4253
f 4257/4257 4240/4240 4258/4258
f 4252/4252 4227/4227 4246/4246
f 4246/4246 4241/4241 4252/4252
f 4257/4257 4252/4252 4241/4241
f 4252/4252 4257/4257 4259/4259
f 4253/4253 4252/4252 4259/4259
f 4253/4253 4259/4259 4256/4256
f 4255/4255 4254/4254 4256/4256
f 4255/4255 4256/4256 4260/4260
f 4240/4240 4257/4257 4241/4241
f 4258/4258 4259/4259 4257/4257
f 4258/4258 4261/4261 4259/4259
f 4256/4256 4259/4259 4261/4261
f 4261/4261 4262/4262 4256/4256
f 4263/4263 4262/4262 4261/4261
f 4262/4262 4263/4263 4264/4264
f 4265/4265 4262/4262 4264/4264
f 4260/4260 4256/4256 4262/4262
f 4266/4266 4267/4267 4268/4268
f 4269/4269 4271/4271 4266/4266
f 4272/4272 4266/4266 4273/4273
f 4266/4266 4272/4272 4267/4267
f 4266/4266 4271/4271 4273/4273
f 4274/4274 4270/4270 4201/4201
f 4236/4236 4276/4276 4277/4277
f 4278/4278 4275/4275 4242/4242
f 4274/4274 4279/4279 4275/4275
f 4274/4274 4275/4275 4270/4270
f 4280/4280 4279/4279 4274/4274
f 4276/4276 4273/4273 4271/4271
f 4273/4273 4276/4276 4236/4236
f 4242/4242 4275/4275 4279/4279
f 4280/4280 4281/4281 4279/4279
f 4279/4279 4281/4281 4282/4282
f 4279/4279 4283/4283 4242/4242
f 4282/4282 4283/4283 4279/4279
f 4282/4282 4284/4284 4285/4285
f 4286/4286 4206/4206 4199/4199
f 4287/4287 4205/4205 4286/4286
f 4201/4201 4270/4270 4202/4202
f 4269/4269 4199/4199 4203/4203
f 4286/4286 4199/4199 4269/4269
f 4268/4268 4286/4286 4269/4269
f 4271/4271 4269/4269 4203/4203
f 4286/4286 4205/4205 4206/4206
f 3378/3378 3375/3375 4205/4205
f 3378/3378 4205/4205 4287/4287
f 4288/4288 3392/3392 3376/3376
f 4287/4287 4286/4286 4268/4268
f 4268/4268 4289/4289 4287/4287
f 4267/4267 4289/4289 4268/4268
f 3378/3378 4290/4290 4291/4291
f 4289/4289 3378/3378 4287/4287
f 4290/4290 3378/3378 4289/4289
f 4268/4268 4269/4269 4266/4266
f 4291/4291 3376/3376 3378/3378
f 3376/3376 4291/4291 4288/4288
f 4291/4291 4292/4292 4288/4288
f 4293/4293 4288/4288 4294/4294
f 4294/4294 4295/4295 4293/4293
f 4288/4288 4292/4292 4294/4294
f 4295/4295 4296/4296 4297/4297
f 4295/4295 4294/4294 4296/4296
f 4297/4297 4296/4296 4298/4298
f 4201/4201 4280/4280 4274/4274
f 4211/4211 4280/4280 4201/4201
f 4281/4281 4280/4280 4211/4211
f 4212/4212 4281/4281 4211/4211
f 4281/4281 4212/4212 4299/4299
f 4299/4299 4212/4212 4213/4213
f 4213/4213 4215/4215 4300/4300
f 4217/4217 4300/4300 4215/4215
f 4301/4301 4217/4217 4302/4302
f 4300/4300 4299/4299 4213/4213
f 4303/4303 4299/4299 4300/4300
f 4304/4304 4303/4303 4300/4300
f 4304/4304 4300/4300 4217/4217
f 4217/4217 4301/4301 4304/4304
f 4284/4284 4281/4281 4299/4299
f 4284/4284 4282/4282 4281/4281
f 4299/4299 4305/4305 4284/4284
f 4299/4299 4303/4303 4305/4305
f 4305/4305 4303/4303 4304/4304
f 4306/4306 4305/4305 4304/4304
f 4307/4307 4308/4308 4309/4309
f 4298/4298 4309/4309 4297/4297
f 4298/4298 4307/4307 4309/4309
f 4306/4306 4304/4304 4301/4301
f 4310/4310 4308/4308 4307/4307
f 4301/4301 4310/4310 4306/4306
f 4272/4272 4273/4273 4231/4231
f 4231/4231 4273/4273 4236/4236
f 4311/4311 4272/4272 4231/4231
f 4267/4267 4312/4312 4289/4289
f 4267/4267 4311/4311 4312/4312
f 4311/4311 4267/4267 4272/4272
f 4230/4230 4311/4311 4231/4231
f 4313/4313 4312/4312 4311/4311
f 4314/4314 4312/4312 4313/4313
f 4313/4313 4311/4311 4230/4230
f 4312/4312 4314/4314 4290/4290
f 4290/4290 4314/4314 4315/4315
f 4316/4316 4315/4315 4314/4314
f 4315/4315 4317/4317 4290/4290
f 4318/4318 4319/4319 4315/4315
f 4319/4319 4317/4317 4315/4315
f 4235/4235 4231/4231 4236/4236
f 4277/4277 4234/4234 4236/4236
f 4278/4278 4238/4238 4233/4233
f 4242/4242 4238/4238 4278/4278
f 4240/4240 4242/4242 4283/4283
f 4282/4282 4320/4320 4283/4283
f 4239/4239 4242/4242 4240/4240
f 4321/4321 4322/4322 4319/4319
f 4322/4322 4323/4323 4324/4324
f 4322/4322 4321/4321 4323/4323
f 4325/4325 4326/4326 4327/4327
f 4325/4325 4323/4323 4328/4328
f 4328/4328 4329/4329 4330/4330
f 4325/4325 4328/4328 4330/4330
f 4325/4325 4324/4324 4323/4323
f 4324/4324 4325/4325 4327/4327
f 4326/4326 4325/4325 4330/4330
f 4290/4290 4289/4289 4312/4312
f 4317/4317 4292/4292 4291/4291
f 4317/4317 4291/4291 4290/4290
f 4294/4294 4292/4292 4317/4317
f 4331/4331 4294/4294 4317/4317
f 4294/4294 4331/4331 4332/4332
f 4322/4322 4332/4332 4331/4331
f 4296/4296 4294/4294 4332/4332
f 4296/4296 4332/4332 4333/4333
f 4319/4319 4331/4331 4317/4317
f 4319/4319 4322/4322 4331/4331
f 4322/4322 4333/4333 4332/4332
f 4334/4334 4310/4310 4335/4335
f 4334/4334 4306/4306 4310/4310
f 4333/4333 4298/4298 4296/4296
f 4327/4327 4307/4307 4298/4298
f 4327/4327 4335/4335 4307/4307
f 4333/4333 4327/4327 4298/4298
f 4335/4335 4310/4310 4307/4307
f 4333/4333 4322/4322 4324/4324
f 4324/4324 4327/4327 4333/4333
f 4326/4326 4335/4335 4327/4327
f 4326/4326 4334/4334 4335/4335
f 4285/4285 4284/4284 4305/4305
f 4285/4285 4305/4305 4336/4336
f 4336/4336 4305/4305 4306/4306
f 4240/4240 4283/4283 4320/4320
f 4320/4320 4285/4285 4337/4337
f 4258/4258 4240/4240 4320/4320
f 4320/4320 4337/4337 4258/4258
f 4337/4337 4261/4261 4258/4258
f 4338/4338 4337/4337 4285/4285
f 4285/4285 4339/4339 4338/4338
f 4285/4285 4320/4320 4282/4282
f 4339/4339 4285/4285 4336/4336
f 4340/4340 4339/4339 4336/4336
f 4341/4341 4340/4340 4334/4334
f 4338/4338 4261/4261 4337/4337
f 4263/4263 4261/4261 4338/4338
f 4263/4263 4338/4338 4339/4339
f 4263/4263 4339/4339 4340/4340
f 4263/4263 4340/4340 4264/4264
f 4342/4342 4341/4341 4330/4330
f 4329/4329 4342/4342 4330/4330
f 4341/4341 4342/4342 4264/4264
f 4264/4264 4340/4340 4341/4341
f 4326/4326 4341/4341 4334/4334
f 4330/4330 4341/4341 4326/4326
f 4306/4306 4340/4340 4336/4336
f 4306/4306 4334/4334 4340/4340
f 4166/4166 4165/4165 4176/4176
f 4178/4178 3361/3361 3380/3380
f 3380/3380 4180/4180 4178/4178
f 4180/4180 3380/3380 3384/3384
f 4343/4343 4179/4179 4180/4180
f 4179/4179 4343/4343 4344/4344
f 4344/4344 4177/4177 4179/4179
f 4343/4343 4180/4180 4345/4345
f 4346/4346 4344/4344 4343/4343
f 3384/3384 3383/3383 3388/3388
f 3388/3388 4347/4347 3384/3384
f 3384/3384 4345/4345 4180/4180
f 4348/4348 4345/4345 3384/3384
f 4345/4345 4346/4346 4343/4343
f 4349/4349 4182/4182 4177/4177
f 4182/4182 4181/4181 4175/4175
f 4192/4192 4176/4176 4181/4181
f 4192/4192 4166/4166 4176/4176
f 4350/4350 4192/4192 4181/4181
f 4181/4181 4182/4182 4351/4351
f 4351/4351 4182/4182 4349/4349
f 4177/4177 4344/4344 4349/4349
f 4344/4344 4346/4346 4349/4349
f 4350/4350 4181/4181 4351/4351
f 4192/4192 4350/4350 4193/4193
f 4352/4352 4351/4351 4349/4349
f 4352/4352 4349/4349 4346/4346
f 3391/3391 4347/4347 3388/3388
f 3384/3384 4347/4347 4348/4348
f 4348/4348 4353/4353 4345/4345
f 4354/4354 4348/4348 4347/4347
f 4354/4354 4355/4355 4348/4348
f 4355/4355 4353/4353 4348/4348
f 4356/4356 4353/4353 4355/4355
f 4357/4357 3391/3391 3390/3390
f 4354/4354 4347/4347 3391/3391
f 3392/3392 4357/4357 3390/3390
f 4358/4358 3391/3391 4357/4357
f 4358/4358 4354/4354 3391/3391
f 4359/4359 4354/4354 4358/4358
f 4360/4360 4355/4355 4359/4359
f 4355/4355 4354/4354 4359/4359
f 4210/4210 4193/4193 4350/4350
f 4210/4210 4350/4350 4351/4351
f 4214/4214 4210/4210 4351/4351
f 4351/4351 4216/4216 4214/4214
f 4216/4216 4351/4351 4352/4352
f 4361/4361 4362/4362 4352/4352
f 4210/4210 4214/4214 4209/4209
f 4352/4352 4362/4362 4216/4216
f 4346/4346 4353/4353 4361/4361
f 4361/4361 4352/4352 4346/4346
f 4353/4353 4346/4346 4345/4345
f 4353/4353 4356/4356 4361/4361
f 4302/4302 4216/4216 4362/4362
f 4363/4363 4362/4362 4361/4361
f 4361/4361 4356/4356 4363/4363
f 4360/4360 4356/4356 4355/4355
f 4360/4360 4363/4363 4356/4356
f 4302/4302 4362/4362 4363/4363
f 4308/4308 4363/4363 4360/4360
f 4302/4302 4363/4363 4308/4308
f 4217/4217 4216/4216 4302/4302
f 4295/4295 4358/4358 4357/4357
f 4295/4295 4359/4359 4358/4358
f 4293/4293 3392/3392 4288/4288
f 4357/4357 3392/3392 4293/4293
f 4359/4359 4364/4364 4360/4360
f 4359/4359 4295/4295 4364/4364
f 4297/4297 4309/4309 4364/4364
f 4295/4295 4357/4357 4293/4293
f 4295/4295 4297/4297 4364/4364
f 4364/4364 4309/4309 4360/4360
f 4360/4360 4309/4309 4308/4308
f 4310/4310 4301/4301 4302/4302
f 4302/4302 4308/4308 4310/4310
f 4044/4044 4365/4365 4041/4041
f 4040/4040 4366/4366 4028/4028
f 4366/4366 4040/4040 4039/4039
f 4366/4366 4039/4039 4367/4367
f 4366/4366 4367/4367 4368/4368
f 4043/4043 4367/4367 4039/4039
f 4043/4043 4365/4365 4367/4367
f 4041/4041 4365/4365 4043/4043
f 4365/4365 4044/4044 4087/4087
f 4369/4369 4367/4367 4365/4365
f 4370/4370 4371/4371 4365/4365
f 4371/4371 4370/4370 4372/4372
f 4369/4369 4365/4365 4371/4371
f 4028/4028 4366/4366 4373/4373
f 4373/4373 4366/4366 4368/4368
f 4373/4373 4046/4046 4028/4028
f 4374/4374 4046/4046 4373/4373
f 4368/4368 4375/4375 4373/4373
f 4369/4369 4376/4376 4367/4367
f 4367/4367 4376/4376 4368/4368
f 4371/4371 4376/4376 4369/4369
f 4377/4377 4376/4376 4371/4371
f 4378/4378 4377/4377 4371/4371
f 4053/4053 4054/4054 4379/4379
f 4379/4379 4054/4054 4380/4380
f 4381/4381 4054/4054 4046/4046
f 4381/4381 4380/4380 4054/4054
f 4374/4374 4381/4381 4046/4046
f 4053/4053 4379/4379 4065/4065
f 4374/4374 4380/4380 4381/4381
f 4368/4368 4376/4376 4375/4375
f 4374/4374 4373/4373 4382/4382
f 4375/4375 4382/4382 4373/4373
f 4377/4377 4383/4383 4376/4376
f 4377/4377 4384/4384 4383/4383
f 4376/4376 4383/4383 4375/4375
f 4384/4384 4377/4377 4378/4378
f 4383/4383 4385/4385 4386/4386
f 4385/4385 4383/4383 4384/4384
f 4387/4387 4385/4385 4384/4384
f 4087/4087 4370/4370 4365/4365
f 4370/4370 4087/4087 4088/4088
f 4370/4370 4088/4088 4372/4372
f 4372/4372 4378/4378 4371/4371
f 4378/4378 4372/4372 4388/4388
f 4088/4088 4388/4388 4372/4372
f 4378/4378 4388/4388 4389/4389
f 4388/4388 4088/4088 4092/4092
f 4388/4388 4092/4092 4100/4100
f 4388/4388 4100/4100 4390/4390
f 4389/4389 4388/4388 4390/4390
f 4391/4391 4389/4389 4392/4392
f 4101/4101 4393/4393 4100/4100
f 4393/4393 4101/4101 4105/4105
f 4394/4394 4390/4390 4100/4100
f 4393/4393 4394/4394 4100/4100
f 4392/4392 4390/4390 4394/4394
f 4389/4389 4390/4390 4392/4392
f 4384/4384 4378/4378 4389/4389
f 4389/4389 4391/4391 4384/4384
f 4387/4387 4384/4384 4391/4391
f 4218/4218 4065/4065 4379/4379
f 4380/4380 4395/4395 4379/4379
f 4395/4395 4218/4218 4379/4379
f 4218/4218 4395/4395 4245/4245
f 4380/4380 4374/4374 4396/4396
f 4396/4396 4395/4395 4380/4380
f 4397/4397 4245/4245 4395/4395
f 4219/4219 4218/4218 4245/4245
f 4226/4226 4219/4219 4245/4245
f 4396/4396 4397/4397 4395/4395
f 4398/4398 4397/4397 4396/4396
f 4375/4375 4399/4399 4382/4382
f 4386/4386 4375/4375 4383/4383
f 4399/4399 4375/4375 4386/4386
f 4400/4400 4374/4374 4382/4382
f 4382/4382 4399/4399 4400/4400
f 4399/4399 4386/4386 4401/4401
f 4402/4402 4385/4385 4387/4387
f 4401/4401 4385/4385 4402/4402
f 4385/4385 4401/4401 4386/4386
f 4400/4400 4398/4398 4374/4374
f 4374/4374 4398/4398 4396/4396
f 4403/4403 4400/4400 4399/4399
f 4401/4401 4403/4403 4399/4399
f 4403/4403 4401/4401 4404/4404
f 4402/4402 4405/4405 4401/4401
f 4402/4402 4406/4406 4407/4407
f 4402/4402 4407/4407 4405/4405
f 4404/4404 4401/4401 4405/4405
f 4408/4408 4230/4230 4397/4397
f 4398/4398 4408/4408 4397/4397
f 4408/4408 4398/4398 4314/4314
f 4408/4408 4313/4313 4230/4230
f 4314/4314 4313/4313 4408/4408
f 4316/4316 4314/4314 4409/4409
f 4410/4410 4316/4316 4409/4409
f 4397/4397 4230/4230 4245/4245
f 4314/4314 4398/4398 4409/4409
f 4409/4409 4411/4411 4410/4410
f 4412/4412 4410/4410 4411/4411
f 4412/4412 4413/4413 4410/4410
f 4412/4412 4414/4414 4415/4415
f 4415/4415 4416/4416 4412/4412
f 4417/4417 4418/4418 4419/4419
f 4398/4398 4400/4400 4409/4409
f 4403/4403 4409/4409 4400/4400
f 4403/4403 4411/4411 4409/4409
f 4414/4414 4411/4411 4404/4404
f 4411/4411 4403/4403 4404/4404
f 4404/4404 4417/4417 4414/4414
f 4418/4418 4405/4405 4407/4407
f 4417/4417 4404/4404 4405/4405
f 4405/4405 4418/4418 4417/4417
f 4411/4411 4414/4414 4412/4412
f 4415/4415 4414/4414 4417/4417
f 4419/4419 4415/4415 4417/4417
f 4391/4391 4392/4392 4420/4420
f 4105/4105 4421/4421 4393/4393
f 4106/4106 4421/4421 4105/4105
f 4421/4421 4106/4106 4255/4255
f 4393/4393 4421/4421 4422/4422
f 4422/4422 4421/4421 4255/4255
f 4394/4394 4420/4420 4392/4392
f 4420/4420 4394/4394 4423/4423
f 4423/4423 4394/4394 4393/4393
f 4424/4424 4425/4425 4426/4426
f 4106/4106 4249/4249 4255/4255
f 4426/4426 4420/4420 4423/4423
f 4423/4423 4393/4393 4422/4422
f 4423/4423 4422/4422 4424/4424
f 4424/4424 4422/4422 4427/4427
f 4424/4424 4426/4426 4423/4423
f 4420/4420 4428/4428 4391/4391
f 4387/4387 4391/4391 4428/4428
f 4428/4428 4406/4406 4387/4387
f 4420/4420 4426/4426 4428/4428
f 4402/4402 4387/4387 4406/4406
f 4428/4428 4426/4426 4406/4406
f 4426/4426 4425/4425 4406/4406
f 4429/4429 4425/4425 4424/4424
f 4429/4429 4430/4430 4425/4425
f 4425/4425 4430/4430 4418/4418
f 4427/4427 4255/4255 4260/4260
f 4422/4422 4255/4255 4427/4427
f 4429/4429 4427/4427 4265/4265
f 4424/4424 4427/4427 4429/4429
f 4431/4431 4430/4430 4429/4429
f 4431/4431 4265/4265 4264/4264
f 4265/4265 4431/4431 4429/4429
f 4430/4430 4419/4419 4418/4418
f 4265/4265 4260/4260 4262/4262
f 4427/4427 4260/4260 4265/4265
f 4425/4425 4407/4407 4406/4406
f 4425/4425 4418/4418 4407/4407
f 4316/4316 4410/4410 4318/4318
f 4316/4316 4318/4318 4315/4315
f 4318/4318 4413/4413 4319/4319
f 4413/4413 4321/4321 4319/4319
f 4416/4416 4321/4321 4413/4413
f 4323/4323 4321/4321 4416/4416
f 4410/4410 4413/4413 4318/4318
f 4412/4412 4416/4416 4413/4413
f 4419/4419 4328/4328 4416/4416
f 4415/4415 4419/4419 4416/4416
f 4416/4416 4328/4328 4323/4323
f 4431/4431 4329/4329 4430/4430
f 4419/4419 4430/4430 4329/4329
f 4329/4329 4328/4328 4419/4419
f 4431/4431 4264/4264 4342/4342
f 4329/4329 4431/4431 4342/4342
