usemtl material_0
# https://github.com/mikedh/trimesh
v -0.0325595 -0.053178 -0.0071765
v -0.0279765 -0.051814 -0.0116675
v -0.0279935 -0.053239 -0.0102385
v -0.0355955 -0.033751 -0.0213945
v -0.0336155 -0.033802 -0.0223415
v -0.0354075 -0.032513 -0.0218465
v -0.0366215 -0.031108 -0.0223455
v -0.0343915 -0.031703 -0.0237335
v -0.0187705 -0.02032 -0.0264405
v -0.0212145 -0.018613 -0.0265055
v -0.0188085 -0.016372 -0.0263205
v -0.0271655 -0.056674 -0.0062885
v -0.0242285 -0.056972 -0.0075505
v -0.0228405 -0.058979 -0.0054645
v -0.0251585 -0.05329 -0.0118695
v -0.0244765 -0.055605 -0.0094765
v -0.0355945 -0.029976 -0.0235735
v -0.0336035 -0.029952 -0.0256795
v -0.0354585 -0.028507 -0.0250345
v -0.0517725 -0.025861 -0.0132305
v -0.0522415 -0.02099 -0.0152795
v -0.0512515 -0.023975 -0.0151215
v -0.0368245 -0.026158 -0.0263825
v -0.0347055 -0.026915 -0.0270225
v -0.0356965 -0.028739 -0.0260705
v -0.0171045 -0.017829 -0.0251505
v -0.0191165 -0.02032 -0.0256795
v -0.0174205 -0.019845 -0.0252545
v -0.0349395 -0.030425 -0.0251985
v -0.0383345 -0.028577 -0.0236575
v -0.0505405 -0.025399 -0.0139895
v -0.0501325 -0.023345 -0.0150025
v -0.0533955 -0.021334 -0.0122025
v -0.0369955 -0.027411 -0.0239425
v -0.0263385 -0.051714 -0.0113585
v -0.0248435 -0.055511 -0.0079295
v -0.0240435 -0.053772 -0.0104035
v -0.0190795 -0.016192 -0.0256355
v -0.0278645 -0.052917 -0.0093155
v -0.0541665 -0.022143 -0.0126395
v -0.0210195 -0.058064 -0.0080535
v -0.0531975 -0.024137 -0.0112215
v -0.0321335 -0.03108 -0.0254365
v -0.0508805 -0.026279 -0.0126705
v -0.0132785 -0.023158 -0.0264215
v -0.0169705 -0.024045 -0.0265045
v -0.0387565 -0.030778 -0.0204215
v -0.0371835 -0.0321 -0.0211195
v -0.0139685 -0.01873 -0.0263375
v -0.0224315 -0.054215 -0.0120205
v -0.0207305 -0.055157 -0.0105715
v -0.0133095 -0.018893 -0.0254695
v -0.0162465 -0.020538 -0.0255845
v -0.0146195 -0.020952 -0.0251925
v -0.0394155 -0.030307 -0.0218095
v -0.0388235 -0.031767 -0.0212865
v -0.0530045 -0.020612 -0.0134325
v -0.0507575 -0.020941 -0.0158655
v -0.0226275 -0.056417 -0.0076395
v -0.0242915 -0.057259 -0.0056735
v -0.0297475 -0.035972 -0.0248535
v -0.0272805 -0.035777 -0.0264065
v -0.0270935 -0.037974 -0.0248015
v -0.0198095 -0.054483 -0.0130955
v -0.0177815 -0.057035 -0.0106205
v -0.0196325 -0.0572 -0.0099425
v -0.0146745 -0.016226 -0.0262125
v -0.0143155 -0.016755 -0.0255095
v -0.0560315 -0.036571 0.0013265
v -0.0553615 -0.034335 -0.0024105
v -0.0532125 -0.037417 -0.0022755
v -0.0532125 -0.037417 -0.0022755
v -0.0290495 -0.038802 -0.0213945
v -0.0289285 -0.041507 -0.0198695
v -0.0277175 -0.040242 -0.0215645
v -0.0295965 -0.042109 -0.0198775
v -0.0307475 -0.038483 -0.0219675
v -0.0273025 -0.039938 -0.0228495
v -0.0169625 -0.0581 -0.0098565
v -0.0182665 -0.059398 -0.0072845
v -0.0259735 -0.039784 -0.0226785
v -0.0322265 -0.035409 -0.0233805
v -0.0527425 -0.033687 -0.0065065
v -0.0527425 -0.033687 -0.0065065
v -0.0514405 -0.035367 -0.0071605
v -0.0529145 -0.035723 -0.0047905
v -0.0529145 -0.035723 -0.0047905
v -0.0109535 -0.017442 -0.0262065
v -0.0506805 -0.037156 -0.0062255
v -0.0194795 -0.056452 -0.0093815
v -0.0174835 -0.058555 -0.0072355
v -0.0166955 -0.057622 -0.0091945
v -0.0173325 -0.012707 -0.0261975
v -0.0323315 -0.037608 -0.0203755
v -0.0288915 -0.037479 -0.0229005
v -0.0534745 -0.033185 -0.0044425
v -0.0511585 -0.035395 -0.0061085
v -0.0521905 -0.033009 -0.0067165
v -0.0155425 -0.015546 -0.0252835
v -0.0557965 -0.027821 -0.0072575
v -0.0534905 -0.02915 -0.0093585
v -0.0552195 -0.031313 -0.0052535
v -0.0315635 -0.034879 -0.0231125
v -0.0313215 -0.036424 -0.0222745
v -0.0298475 -0.035645 -0.0232275
v -0.0221605 -0.05822 -0.0049435
v -0.0526395 -0.032438 -0.0079915
v -0.0526395 -0.032438 -0.0079915
v -0.0511395 -0.033366 -0.0088525
v -0.0506525 -0.033862 -0.0073825
v -0.0509815 -0.031465 -0.0095125
v -0.0268005 -0.037265 -0.0238905
v -0.0281515 -0.035969 -0.0250925
v -0.0197665 -0.061409 -0.0032925
v -0.0519875 -0.029439 -0.0107345
v -0.0519875 -0.029439 -0.0107345
v -0.0175345 -0.060716 -0.0053985
v -0.0203605 -0.057686 -0.0074835
v -0.0187065 -0.059486 -0.0049315
v -0.0206505 -0.05983 -0.0040885
v -0.0534335 -0.030743 -0.0071305
v -0.0112815 -0.014952 -0.0251865
v -0.0109695 -0.01371 -0.0261655
v -0.0525465 -0.03171 -0.0066075
v -0.0254075 -0.042255 -0.0219805
v -0.0251515 -0.039448 -0.0247635
v -0.0140105 -0.010192 -0.0261075
v -0.0224655 -0.040875 -0.0248725
v -0.0210955 -0.056065 -0.0085055
v -0.0206515 -0.043179 -0.0235245
v -0.0207705 -0.044705 -0.0219205
v -0.0239425 -0.014961 -0.0253315
v -0.0255105 -0.019899 -0.0255875
v -0.0246675 -0.018596 -0.0258605
v -0.0522215 -0.029785 -0.0088785
v -0.0536505 -0.028192 -0.0085135
v -0.0227835 -0.044194 -0.0203835
v -0.0217235 -0.04222 -0.0223575
v -0.0240665 -0.041494 -0.0221595
v -0.0212595 -0.043889 -0.0217385
v -0.0213815 -0.016232 -0.0255785
v -0.0572185 -0.02968 -0.0036405
v -0.0229015 -0.041221 -0.0233245
v -0.0254485 -0.015684 -0.0258095
v -0.0274465 -0.01774 -0.0258275
v -0.0129825 -0.05719 -0.0121275
v -0.0144515 -0.059403 -0.0088855
v -0.0276225 -0.015537 -0.0254625
v -0.0244525 -0.037567 -0.0266995
v -0.0095605 -0.06124 -0.0076605
v -0.0110275 -0.058394 -0.0110865
v -0.0216425 -0.039222 -0.0266485
v -0.0072355 -0.059713 -0.0101585
v -0.0216435 -0.038508 -0.0260345
v -0.0230905 -0.039668 -0.0239995
v -0.0248505 -0.037228 -0.0255435
v -0.0271095 -0.013415 -0.0255975
v -0.0059505 -0.061162 -0.0083945
v -0.0103325 -0.059171 -0.0086575
v -0.0054495 -0.059871 -0.0085315
v -0.0088065 -0.058192 -0.0101525
v -0.0209265 -0.017815 -0.0252515
v -0.0077265 -0.06055 -0.0069035
v -0.0056365 -0.06263 -0.0059745
v -0.0219675 -0.021205 -0.0257135
v -0.0537465 -0.035666 -0.0013805
v -0.0531585 -0.035216 -0.0032335
v -0.0550415 -0.034823 -0.0005495
v -0.0247055 -0.016586 -0.0265165
v -0.0196925 -0.041238 -0.0245955
v -0.0212845 -0.014293 -0.0254035
v -0.0146975 -0.062199 -0.0044025
v -0.0146685 -0.063565 -0.0019515
v -0.0560605 -0.032148 -0.0017535
v -0.0543125 -0.032109 -0.0036625
v -0.0203415 -0.039122 -0.0256985
v -0.0559595 -0.030046 -0.0039615
v -0.0096245 -0.063183 -0.0045145
v -0.0107155 -0.064778 -0.0011255
v -0.0270235 -0.012038 -0.0264435
v -0.0222295 -0.012783 -0.0263415
v -0.0545335 -0.028266 -0.0065095
v -0.0553585 -0.028502 -0.0056635
v -0.0076315 -0.065111 -0.0011305
v -0.0055125 -0.064247 -0.0033875
v -0.0243115 -0.011901 -0.0254855
v -0.0092755 -0.066083 0.0011175
v -0.0263335 -0.042344 -0.0202545
v -0.0115225 -0.064547 0.0007925
v -0.0115225 -0.064547 0.0007925
v -0.0089795 -0.063957 -0.0014125
v -0.0089795 -0.063957 -0.0014125
v -0.0121655 -0.06332 -0.0012185
v -0.0229175 -0.009682 -0.0262125
v -0.0569645 -0.029829 -0.0020645
v -0.0577935 -0.026441 -0.0036415
v -0.0126865 -0.061073 -0.0068065
v -0.0155175 -0.060928 -0.0058745
v -0.0213345 -0.01302 -0.0255675
v -0.0099895 -0.062223 -0.0057345
v -0.0312675 -0.033469 -0.0259265
v -0.0269685 -0.03395 -0.0272725
v -0.0298585 -0.032016 -0.0271985
v -0.0239425 -0.035465 -0.0273845
v -0.0139305 -0.058294 -0.0088945
v -0.0153675 -0.060309 -0.0055315
v -0.0256135 -0.035326 -0.0261795
v -0.0295095 -0.033943 -0.0257665
v -0.0560735 -0.034714 -0.0003695
v -0.0237445 -0.036073 -0.0265355
v -0.0257655 -0.034075 -0.0260835
v -0.0132955 -0.060229 -0.0061135
v -0.0119415 -0.058596 -0.0094985
v -0.0132745 -0.057523 -0.0098935
v -0.0188185 -0.013814 -0.0250395
v -0.0191075 -0.011326 -0.0252605
v -0.0573645 -0.033106 -8.5e-06
v -0.0262725 -0.031103 -0.0274045
v -0.0127105 -0.061478 -0.0044895
v -0.0573935 -0.033544 0.0021325
v -0.0561855 -0.033616 0.0005445
v -0.0554635 -0.036918 0.0027095
v -0.0230445 -0.031726 -0.0272895
v -0.0239525 -0.033716 -0.0265925
v -0.0159235 -0.061248 -0.0040805
v -0.0268885 -0.032719 -0.0265055
v -0.0577265 -0.038083 0.0062675
v -0.0555965 -0.04134 0.0063305
v -0.0555965 -0.04134 0.0063305
v -0.0179065 -0.014532 -0.0253595
v -0.0254405 -0.029134 -0.0262855
v -0.0282555 -0.030499 -0.0265345
v -0.0244115 -0.031348 -0.0264655
v -0.0179685 -0.061271 -0.0025275
v -0.0583965 -0.035085 0.0038795
v -0.0583325 -0.035103 0.0054995
v -0.0577455 -0.03432 0.0040715
v -0.0595695 -0.031991 0.0028355
v -0.0311885 -0.032469 -0.0255025
v -0.0162185 -0.013077 -0.0251205
v -0.0142375 -0.06216 -0.0024055
v -0.0301815 -0.030491 -0.0262505
v -0.0218385 -0.011215 -0.0251445
v -0.0102875 -0.061287 -0.0059765
v -0.0109125 -0.062067 -0.0038085
v -0.0081375 -0.061817 -0.0049055
v -0.0183375 -0.007117 -0.0261365
v -0.0230995 -0.03387 -0.0262875
v -0.0206495 -0.035677 -0.0265565
v -0.0063675 -0.063419 -0.0026915
v -0.0063675 -0.063419 -0.0026915
v -0.0065175 -0.061897 -0.0050925
v -0.0040455 -0.063063 -0.0038815
v -0.0040455 -0.063063 -0.0038815
v -0.0213355 -0.009354 -0.0252905
v -0.0598305 -0.031756 0.0050815
v -0.0587655 -0.031811 0.0031795
v -0.0594145 -0.027012 -0.0022635
v -0.0583935 -0.026344 -0.0044175
v -0.0205025 -0.035543 -0.0274265
v -0.0188965 -0.031271 -0.0270145
v -0.0204345 -0.031215 -0.0261485
v -0.0179465 -0.033693 -0.0262475
v -0.0050045 -0.061534 -0.0052855
v -0.0062405 -0.060483 -0.0065785
v -0.0332755 -0.040184 -0.0193505
v -0.0340625 -0.037919 -0.0204105
v -0.0336355 -0.039693 -0.0184035
v -0.0606755 -0.028359 0.0015045
v -0.0607205 -0.026172 -0.0002475
v -0.0589965 -0.030264 -0.0002045
v -0.0360095 -0.037832 -0.0193255
v -0.0358025 -0.039596 -0.0181205
v -0.0241845 -0.009281 -0.0253155
v -0.0597405 -0.027877 0.0010365
v -0.0588675 -0.02791 -0.0008865
v -0.0599165 -0.025354 -0.0002175
v -0.0607275 -0.026176 0.0015825
v -0.0323195 -0.041269 -0.0179595
v -0.0064495 -0.065329 0.0011165
v -0.0317445 -0.073996 0.0249145
v -0.0277425 -0.074147 0.0238235
v -0.0267295 -0.076001 0.0249905
v -0.0334235 -0.035299 -0.0214885
v -0.0350475 -0.036931 -0.0195585
v -0.0189925 -0.07794 0.0244725
v -0.0241595 -0.075762 0.0238235
v -0.0175465 -0.077405 0.0240145
v -0.0577175 -0.031357 0.0002925
v -0.0249755 -0.007186 -0.0262645
v -0.0231625 -0.077308 0.0248435
v -0.0220875 -0.00681 -0.0252875
v -0.0270555 -0.074784 0.0268035
v -0.0220005 -0.077025 0.0263555
v -0.0228815 -0.075315 0.0271585
v -0.0141635 -0.046167 -0.0230085
v -0.0122675 -0.048267 -0.0214015
v -0.0160925 -0.04772 -0.0211285
v -0.0185795 -0.078244 0.0254365
v -0.0211565 -0.004806 -0.0261125
v -0.0190365 -0.077204 0.0269025
v -0.0125275 -0.050631 -0.0191105
v -0.0246065 -0.007092 -0.0254995
v -0.0212805 -0.075842 0.0240855
v -0.0223975 -0.004144 -0.0252235
v -0.0241615 -0.004686 -0.0252305
v -0.0204845 -0.074728 0.0273335
v -0.0182055 -0.007827 -0.0250775
v -0.0204175 -0.07262 0.0253655
v -0.0197335 -0.074382 0.0256045
v -0.0251435 -0.072814 0.0254855
v -0.0427985 -0.044826 -0.0077015
v -0.0401965 -0.047561 -0.0072125
v -0.0423485 -0.048109 -0.0041345
v -0.0194225 -0.005778 -0.0252125
v -0.0071655 -0.052106 -0.0188725
v -0.0075905 -0.055249 -0.0155935
v -0.0093215 -0.053392 -0.0170575
v -0.0047665 -0.05264 -0.0186405
v -0.0449995 -0.047638 -0.0014045
v -0.0467515 -0.044411 -0.0034715
v -0.0448815 -0.045992 -0.0040385
v -0.0446605 -0.045094 -0.0049905
v -0.0408645 -0.050329 -0.0025675
v -0.0095515 -0.049678 -0.0207895
v -0.0434705 -0.048365 5.05e-05
v -0.0420305 -0.047479 -0.0035635
v -0.0449035 -0.046396 -0.0012295
v -0.0078615 -0.049887 -0.0206825
v -0.0449135 -0.044763 -0.0032765
v -0.0075855 -0.051648 -0.0181185
v -0.0083075 -0.050113 -0.0194975
v -0.0099855 -0.049844 -0.0191415
v -0.0105665 -0.052091 -0.0172895
v -0.0084995 -0.047995 -0.0213785
v -0.0370435 -0.050079 -0.0068945
v -0.0383275 -0.050621 -0.0052425
v -0.0163145 -0.011009 -0.0253965
v -0.0585585 -0.02952 0.0010975
v -0.0355245 -0.050612 -0.0078535
v -0.0356535 -0.048866 -0.0097465
v -0.0041945 -0.051246 -0.0188105
v -0.0036075 -0.048582 -0.0211575
v -0.0595205 -0.029819 0.0024105
v -0.0064685 -0.05265 -0.0170805
v -0.0133235 -0.012711 -0.0252485
v -0.0318705 -0.052914 -0.0063895
v -0.0314405 -0.051328 -0.0091645
v -0.0337255 -0.051134 -0.0072165
v -0.0011095 -0.052249 -0.0195255
v 0.0004875 -0.050532 -0.0207865
v 0.0023265 -0.052917 -0.0183325
v -0.0329285 -0.05038 -0.0102955
v -0.0127435 -0.009706 -0.0252285
v -0.0046375 -0.056137 -0.0150705
v -0.0296315 -0.052776 -0.0079865
v -0.0046485 -0.055433 -0.0146305
v -0.0017945 -0.05449 -0.0158795
v -0.0045915 -0.053231 -0.0171555
v -0.0308075 -0.055068 -0.0056655
v -0.0025565 -0.052913 -0.0185345
v -0.0003715 -0.055426 -0.0160825
v 0.0017715 -0.05468 -0.0167745
v -0.0299325 -0.053993 -0.0055545
v -0.0157655 -0.006705 -0.0251825
v -0.0026195 -0.056942 -0.0139535
v -0.0598845 -0.014329 -0.0086385
v -0.0595615 -0.017802 -0.0076855
v -0.0615595 -0.015132 -0.0056275
v -0.0623005 -0.017434 -0.0033725
v -0.0149065 -0.008954 -0.0248935
v -0.0351475 -0.053475 -0.0041835
v 0.0008085 -0.054588 -0.0156225
v 0.0008085 -0.054588 -0.0156225
v -0.0021955 -0.055543 -0.0145975
v 0.0006295 -0.055976 -0.0138355
v 0.0006295 -0.055976 -0.0138355
v -0.0378115 -0.0523 -0.0029785
v -0.0306165 -0.056967 -0.0029655
v -0.0325485 -0.055151 -0.0042865
v -0.0132965 -0.007128 -0.0250785
v -0.0595925 -0.01657 -0.0067865
v -0.0593725 -0.014674 -0.0068855
v -0.0612905 -0.012121 -0.0057195
v -0.0033115 -0.050209 -0.0209735
v -0.0614105 -0.013817 -0.0047115
v -0.0009405 -0.052219 -0.0180605
v -0.0019755 -0.050874 -0.0193845
v -0.0122755 -0.010751 -0.0249565
v -0.0635485 -0.015011 -0.0023465
v -0.0309475 -0.055227 -0.0030085
v -0.0308895 -0.054386 -0.0046375
v -0.0332695 -0.054713 -0.0023835
v -0.0623785 -0.011163 -0.0058415
v -0.0640455 -0.011588 -0.0026025
v -0.0110205 -0.008116 -0.0250155
v 0.0025125 -0.052937 -0.0174115
v 0.0025125 -0.052937 -0.0174115
v 0.0032135 -0.051893 -0.0181435
v 0.0032135 -0.051893 -0.0181435
v 8.65e-05 -0.050418 -0.0198145
v -0.0535335 -0.025775 -0.0115075
v -0.0555275 -0.023192 -0.0104235
v -0.0358225 -0.049872 -0.0068805
v -0.0342765 -0.052801 -0.0044725
v -0.0165505 -0.04274 -0.0257275
v -0.0131925 -0.042741 -0.0267325
v -0.0151875 -0.044296 -0.0248955
v -0.0365415 -0.051905 -0.0031245
v -0.0177995 -0.041127 -0.0267215
v -0.0577305 -0.023029 -0.0076495
v -0.0553975 -0.026247 -0.0087965
v -0.0138145 -0.032472 -0.0258665
v -0.0157395 -0.03548 -0.0262275
v -0.0173745 -0.04585 -0.0221055
v -0.0201695 -0.048671 -0.0188085
v -0.0347515 -0.056248 -0.0001565
v -0.0313835 -0.05857 0.0004945
v -0.0123885 -0.03153 -0.0268035
v -0.0159685 -0.034985 -0.0271605
v -0.0155385 -0.031885 -0.0268855
v -0.0134835 -0.036361 -0.0272355
v -0.0352305 -0.058867 0.0052545
v -0.0365005 -0.056836 0.0028415
v -0.0100435 -0.037104 -0.0271735
v -0.0563035 -0.022236 -0.0084475
v -0.0559845 -0.024163 -0.0081895
v -0.0544495 -0.02257 -0.0108665
v -0.0088155 -0.033694 -0.0269145
v -0.0159795 -0.041517 -0.0259105
v -0.0154005 -0.04304 -0.0247145
v -0.0198505 -0.04289 -0.0228465
v -0.0181375 -0.03975 -0.0262395
v -0.0561795 -0.025885 -0.0066185
v -0.0575985 -0.022396 -0.0067775
v -0.0589085 -0.023763 -0.0039725
v -0.0414045 -0.051241 -0.0007125
v -0.0375205 -0.053376 -0.0020475
v -0.0380755 -0.054918 0.0012775
v -0.0134555 -0.035662 -0.0263365
v -0.0378285 -0.054494 0.0023275
v -0.0359045 -0.054571 0.0006015
v -0.0374155 -0.052924 -0.0009185
v -0.0394845 -0.055947 0.0049175
v -0.0121825 -0.04263 -0.0256415
v -0.0109785 -0.032551 -0.0258965
v -0.0119915 -0.035456 -0.0260825
v -0.0385515 -0.054997 0.0046735
v -0.0356425 -0.056024 0.0025785
v -0.0188875 -0.044016 -0.0218665
v -0.0176005 -0.044112 -0.0225835
v -0.0150345 -0.044886 -0.0224605
v -0.0153805 -0.027478 -0.0266815
v -0.0328715 -0.056611 0.0004195
v -0.0337345 -0.056495 0.0021655
v -0.0325265 -0.05568 -0.0012905
v -0.0101535 -0.045729 -0.0247155
v -0.0119075 -0.045549 -0.0241725
v -0.0109305 -0.030435 -0.0259525
v -0.0337955 -0.057658 0.0038255
v -0.0373355 -0.056442 0.0063255
v -0.0104495 -0.043755 -0.0266735
v -0.0092895 -0.041642 -0.0265745
v -0.0101095 -0.043819 -0.0253905
v -0.0064655 -0.044078 -0.0267415
v -0.0106265 -0.026232 -0.0265235
v -0.0052955 -0.045684 -0.0246525
v -0.0075095 -0.043493 -0.0258865
v -0.0076945 -0.046156 -0.0231015
v -0.0093515 -0.04506 -0.0238775
v -0.0117315 -0.045481 -0.0233155
v -0.0525025 -0.027483 -0.0099435
v -0.0397415 -0.047447 -0.0059005
v -0.0389885 -0.049529 -0.0040245
v -0.0385545 -0.047924 -0.0059845
v -0.0405365 -0.049408 -0.0019685
v -0.0392575 -0.05042 -0.0023065
v -0.0096285 -0.038516 -0.0261975
v -0.0067035 -0.037742 -0.0263125
v -0.0072405 -0.034732 -0.0260415
v -0.0058545 -0.036895 -0.0270955
v -0.0047695 -0.036376 -0.0260705
v -0.0514245 -0.028284 -0.0110415
v -0.0535265 -0.026115 -0.0098455
v -0.0373745 -0.049284 -0.0063975
v -0.0160365 -0.046319 -0.0212985
v -0.0135995 -0.046512 -0.0213785
v -0.0053645 -0.033356 -0.0268555
v -0.0054915 -0.048514 -0.0224075
v -0.0022025 -0.035444 -0.0270065
v -0.0096905 -0.047037 -0.0216815
v -0.0119335 -0.048898 -0.0198885
v -0.0143565 -0.048607 -0.0195675
v -0.0101995 -0.036355 -0.0263055
v -0.0396315 -0.051344 -0.0003605
v -0.0159485 -0.039314 -0.0274235
v -0.0401765 -0.051775 0.0018005
v -0.0392465 -0.052752 0.0013815
v -0.0133655 -0.040149 -0.0264395
v -0.0116935 -0.039319 -0.0274165
v -0.0194805 -0.038993 -0.0271385
v -0.0422995 -0.049579 7.05e-05
v -0.0046575 -0.033133 -0.0258935
v -0.0147795 -0.038363 -0.0266295
v -0.0165545 -0.038599 -0.0264555
v -0.0068205 -0.032168 -0.0257215
v -0.0182235 -0.03689 -0.0264455
v -0.0566485 -0.020546 -0.0089985
v -0.0562525 -0.020363 -0.0109385
v -0.0070575 -0.02839 -0.0265935
v -0.0548425 -0.019614 -0.0117205
v -0.0123545 -0.038005 -0.0262795
v -0.0083795 -0.030203 -0.0256995
v -0.0548415 -0.017948 -0.0136185
v -0.0537695 -0.017739 -0.0136815
v -0.0417535 -0.056087 0.0083355
v -0.0386035 -0.05764 0.0068685
v -0.0374545 -0.059752 0.0100965
v -0.0561815 -0.018234 -0.0104425
v -0.0103255 -0.042084 -0.0273205
v -0.0392225 -0.057794 0.0111555
v -0.0364505 -0.059313 0.0106445
v -0.0376535 -0.057639 0.0096085
v -0.0563045 -0.01701 -0.0111545
v -0.0577295 -0.017294 -0.0104755
v -0.0584265 -0.020041 -0.0082575
v -0.0110995 -0.040553 -0.0266705
v -0.0475435 -0.053691 0.0145555
v -0.0431085 -0.056427 0.0115455
v -0.0446725 -0.056193 0.0149705
v -0.0436525 -0.055751 0.0158535
v -0.0444905 -0.054915 0.0133855
v -0.0461895 -0.053336 0.0139235
v -0.0092565 -0.040472 -0.0273315
v -0.0406955 -0.058511 0.0127905
v -0.0421735 -0.056112 0.0136195
v -0.0409555 -0.056603 0.0109715
v -0.0417785 -0.055441 0.0104665
v -0.0074865 -0.027828 -0.0258025
v -0.0061815 -0.029056 -0.0256365
v -0.0056195 -0.041712 -0.0273915
v -0.0065945 -0.040359 -0.0264015
v -0.0366965 -0.061272 0.0133505
v -0.0366895 -0.060012 0.0142075
v -0.0383735 -0.058692 0.0143695
v -0.0013815 -0.031393 -0.0267405
v -0.0381655 -0.061289 0.0169725
v -0.0409215 -0.057708 0.0144935
v -0.0398505 -0.056765 0.0108425
v -0.0035715 -0.02902 -0.0257735
v -0.0034775 -0.030837 -0.0256095
v -0.0017785 -0.02914 -0.0265855
v -0.0578805 -0.015192 -0.0098035
v -0.0424285 -0.05815 0.0158705
v -0.0586295 -0.017264 -0.0081645
v -0.0583435 -0.015298 -0.0087475
v -0.0585955 -0.013444 -0.0106725
v -0.0043945 -0.026325 -0.0255625
v -0.0042695 -0.038798 -0.0261815
v -0.0036615 -0.046924 -0.0244885
v -0.0060595 -0.045466 -0.0258425
v -0.0398165 -0.0593 0.0174755
v -0.0039955 -0.024453 -0.0264485
v -0.0030825 -0.045589 -0.0261345
v -0.0003525 -0.047863 -0.0234305
v 0.0023605 -0.045645 -0.0261475
v -0.0061135 -0.02639 -0.0253945
v 0.0026215 -0.048447 -0.0229145
v -0.0483195 -0.044977 -0.0002955
v -0.0506245 -0.044692 0.0027735
v -0.0501375 -0.042999 -0.0006655
v -0.0519055 -0.040774 -0.0004055
v -0.0538875 -0.04082 0.0027515
v -0.0538875 -0.04082 0.0027515
v -0.0013365 -0.026761 -0.0255895
v -0.0462435 -0.047563 0.0002475
v -0.0441855 -0.050442 0.0017175
v -0.0022745 -0.044263 -0.0269075
v -0.0459035 -0.048107 0.0030355
v -0.0450395 -0.048728 0.0019945
v -0.0450995 -0.047028 0.0008015
v -0.0015745 -0.044614 -0.0257405
v -0.0041315 -0.043577 -0.0260415
v 0.0014085 -0.038376 -0.0272335
v -0.0010405 -0.041632 -0.0273755
v -0.0034085 -0.03854 -0.0272285
v -0.0492905 -0.042399 -0.0023275
v -0.0474085 -0.044128 -0.0009295
v -0.0016485 -0.045452 -0.0243695
v 0.0008705 -0.045009 -0.0251885
v -0.0014205 -0.042748 -0.0264305
v -0.0026915 -0.041223 -0.0262815
v 0.0002685 -0.043055 -0.0260745
v -0.0468575 -0.046226 0.0014495
v -0.0484515 -0.04401 0.0007045
v -0.0598195 -0.02241 -0.0047085
v 0.0052485 -0.036507 -0.0271585
v 0.0073615 -0.040201 -0.0274195
v 0.0040235 -0.040752 -0.0273485
v 0.0018295 -0.040369 -0.0264425
v 0.0023825 -0.042405 -0.0263625
v 0.0048555 -0.041441 -0.0265195
v -0.0481925 -0.047686 0.0034645
v 0.0027845 -0.038384 -0.0262115
v 0.0085095 -0.042803 -0.0270605
v 0.0055045 -0.044788 -0.0265535
v 0.0039005 -0.043012 -0.0272625
v -0.0453085 -0.050707 0.0038235
v 0.0053605 -0.03709 -0.0261525
v -0.0592395 -0.020993 -0.0047465
v -0.0494775 -0.046592 0.0058605
v 0.0006605 -0.046774 -0.0231995
v 0.0024345 -0.045925 -0.0244785
v 0.0037915 -0.044609 -0.0256435
v -0.0473855 -0.050307 0.0063645
v -0.0457425 -0.049856 0.0055915
v -0.0477525 -0.048515 0.0063865
v 0.0073215 -0.042106 -0.0264265
v 0.0064525 -0.038949 -0.0263655
v 0.0057035 -0.04675 -0.0243005
v -0.0610655 -0.022128 -0.0029345
v -0.0629235 -0.021377 5.55e-05
v 0.0038965 -0.046059 -0.0237955
v 0.0035305 -0.047652 -0.0224555
v 0.0058285 -0.047326 -0.0221865
v 0.0058285 -0.047326 -0.0221865
v -0.0597495 -0.025015 -0.0014895
v 0.0055945 -0.044038 -0.0256845
v 0.0071005 -0.045736 -0.0240975
v 0.0071005 -0.045736 -0.0240975
v -0.0600935 -0.022869 -0.0019315
v -0.0497355 -0.044293 0.0025705
v -0.0496755 -0.042436 5.15e-05
v -0.0608535 -0.023526 0.0006665
v 0.0028155 -0.033616 -0.0269685
v -0.0473735 -0.049601 0.0071795
v 0.0095515 -0.038803 -0.0272995
v -0.0615085 -0.021527 -0.0005015
v -0.0495425 -0.0478 0.0055475
v -0.0495935 -0.049158 0.0080135
v -0.0473585 -0.049743 0.0087875
v -0.0609585 -0.019482 -0.0024775
v -0.0604885 -0.019449 -0.0040625
v -0.0526365 -0.046147 0.0085555
v -0.0518725 -0.045752 0.0066835
v -0.0058595 -0.047566 -0.0235325
v 0.0078375 -0.037907 -0.0261845
v -0.0627355 -0.019532 -0.0012405
v 0.0077985 -0.033894 -0.0269765
v -0.0473835 -0.052482 0.0106705
v -0.0457815 -0.052875 0.0083195
v -0.0501505 -0.050612 0.0123925
v -0.0493705 -0.048865 0.0095835
v -0.0488985 -0.047967 0.0088825
v 0.0072215 -0.034052 -0.0261365
v 0.0083925 -0.035595 -0.0258955
v 0.0095675 -0.037455 -0.0265505
v -0.0041445 -0.046523 -0.0233135
v -0.0058175 -0.047924 -0.0220275
v -0.0472515 -0.051486 0.0117405
v -0.0063665 -0.045945 -0.0247325
v -0.0505085 -0.048071 0.0108325
v -0.0587385 -0.018805 -0.0067835
v -0.0523575 -0.041799 0.0034295
v -0.0515045 -0.042667 0.0040555
v -0.0526825 -0.044085 0.0051635
v -0.0529635 -0.042903 0.0063015
v -0.0513275 -0.04474 0.0059265
v -0.0017495 -0.046487 -0.0237075
v -0.0016765 -0.047446 -0.0223135
v -0.0599725 -0.017369 -0.0050685
v -0.0549975 -0.043721 0.0091385
v -0.0549975 -0.043721 0.0091385
v -0.0023055 -0.038534 -0.0262925
v -0.0544015 -0.043241 0.0101485
v -0.0523395 -0.044729 0.0085655
v -0.0029535 -0.034749 -0.0260275
v -0.0540245 -0.039784 0.0037595
v -0.0550015 -0.04036 0.0060965
v -0.0006275 -0.0487 -0.0211835
v 0.0008485 -0.035474 -0.0261185
v -0.0004055 -0.038886 -0.0261655
v -0.0016925 -0.035339 -0.0256965
v 0.0030285 -0.051017 -0.0204715
v 0.0029635 -0.04951 -0.0202655
v 0.0011765 -0.048219 -0.0220145
v -0.0625625 -0.0184 -0.0007545
v -0.0615005 -0.016298 -0.0038015
v -0.0008355 -0.03279 -0.0260435
v -0.0447135 -0.021274 -0.0219395
v -0.0423635 -0.022555 -0.0232045
v -0.0423635 -0.022555 -0.0232045
v -0.0434375 -0.024199 -0.0215085
v -0.0434375 -0.024199 -0.0215085
v -0.0471605 -0.020862 -0.0199335
v -0.0464525 -0.024017 -0.0193875
v -0.0464525 -0.024017 -0.0193875
v -0.0433805 -0.023679 -0.0211555
v -0.0428735 -0.02249 -0.0216105
v -0.0441545 -0.020604 -0.0212405
v -0.0458975 -0.017844 -0.0219875
v -0.0417885 -0.053662 0.0039115
v -0.0048455 -0.041621 -0.0266215
v 0.0018255 -0.031787 -0.0258035
v -0.0428365 -0.019217 -0.0244405
v -0.0401735 -0.053544 0.0041405
v 0.0044345 -0.032856 -0.0258825
v -0.0435285 -0.018892 -0.0231005
v -0.0411015 -0.020415 -0.0244045
v -0.0443365 -0.051059 0.0050165
v -0.0415405 -0.052664 0.0038015
v -0.0432215 -0.050423 0.0025485
v -0.0438115 -0.052945 0.0054605
v 0.0043735 -0.034892 -0.0261885
v -0.0451965 -0.019379 -0.0211105
v -0.0245955 -0.050891 -0.0147195
v -0.0220535 -0.049284 -0.0174015
v -0.0223775 -0.052272 -0.0144785
v -0.0438255 -0.016933 -0.0231125
v -0.0193605 -0.051736 -0.0161145
v -0.0218475 -0.050505 -0.0150525
v -0.0220055 -0.05257 -0.0127155
v -0.0197095 -0.052206 -0.0145415
v -0.0445705 -0.051665 0.0079095
v -0.0436145 -0.052481 0.0062685
v -0.0182225 -0.049448 -0.0177075
v -0.0496705 -0.020658 -0.0180865
v -0.0477085 -0.01602 -0.0212785
v -0.0510245 -0.017243 -0.0178805
v -0.0475585 -0.021056 -0.0186465
v -0.0467945 -0.017694 -0.0200215
v -0.0424605 -0.053286 0.0068535
v -0.0402825 -0.054516 0.0055895
v -0.0425325 -0.054365 0.0080945
v -0.0494705 -0.016578 -0.0184065
v -0.0493125 -0.019705 -0.0172935
v -0.0161355 -0.053821 -0.0152965
v -0.0147135 -0.05186 -0.0175095
v -0.0139645 -0.054332 -0.0152075
v -0.0123085 -0.053871 -0.0162925
v -0.0153975 -0.052074 -0.0161505
v -0.0140485 -0.053406 -0.0147375
v -0.0118735 -0.054515 -0.0141305
v -0.0461705 -0.021841 -0.0190195
v -0.0378415 -0.056059 0.0050295
v -0.0155615 -0.055603 -0.0132005
v 0.0042495 -0.029186 -0.0266855
v -0.0178865 -0.053792 -0.0144575
v -0.0173255 -0.050071 -0.0184685
v -0.0455055 -0.014999 -0.0234075
v -0.0465815 -0.015732 -0.0213315
v -0.0183975 -0.053246 -0.0135135
v -0.0166715 -0.050285 -0.0170375
v -0.0162195 -0.054944 -0.0125565
v -0.0010485 -0.029991 -0.0256395
v -0.0396695 -0.056077 0.0084085
v -0.0389665 -0.0556 0.0073585
v -0.0360205 -0.05795 0.0080245
v 0.0017145 -0.027553 -0.0257815
v -0.0193885 -0.045266 -0.0209895
v -0.0208345 -0.047082 -0.0187345
v -0.0192615 -0.04653 -0.0193915
v -0.0226775 -0.046605 -0.0187745
v -0.0468955 -0.009276 -0.0235695
v -0.0457605 -0.012257 -0.0240095
v -0.0482825 -0.011842 -0.0217355
v -0.0431835 -0.014654 -0.0260665
v 0.0015635 -0.024987 -0.0264885
v -0.0178185 -0.047315 -0.0197455
v -0.0164845 -0.047724 -0.0194125
v -0.0205415 -0.048768 -0.0173915
v -0.0449945 -0.013474 -0.0230605
v -0.0439475 -0.015087 -0.0244615
v -0.0429405 -0.013432 -0.0253365
v -6.25e-05 -0.024048 -0.0254295
v -0.0030095 -0.024563 -0.0253185
v -0.0417865 -0.017374 -0.0262845
v -0.0253945 -0.047906 -0.0172655
v -0.0241895 -0.045731 -0.0196705
v -0.0420375 -0.016239 -0.0252215
v 0.0031455 -0.027794 -0.0255475
v -0.0241655 -0.046009 -0.0180105
v -0.0446745 -0.053164 0.0097405
v -0.0231115 -0.049106 -0.0161865
v -0.0252885 -0.047039 -0.0169165
v -0.0443295 -0.010912 -0.0259995
v -0.0426495 -0.011117 -0.0260015
v -0.0442925 -0.01171 -0.0247985
v -0.0464045 -0.051183 0.0088705
v 0.0065895 -0.029829 -0.0257955
v -0.0142765 -0.050648 -0.0178815
v 0.0083395 -0.031538 -0.0260605
v 0.0100355 -0.0353 -0.0261635
v 0.0104665 -0.031517 -0.0260385
v -0.0473535 -0.012823 -0.0213295
v 0.0099605 -0.030779 -0.0268945
v -0.0120485 -0.051107 -0.0176505
v 0.0054755 -0.029194 -0.0259425
v -0.0465715 -0.010879 -0.0225275
v -0.0301595 -0.061268 0.0045385
v -0.0261175 -0.062553 0.0035065
v -0.0253095 -0.064226 0.0063375
v -0.0279115 -0.064381 0.0091795
v -0.0232555 -0.066006 0.0087425
v -0.0449825 -0.009114 -0.0245025
v -0.0247245 -0.063381 0.0068755
v -0.0248005 -0.064987 0.0107685
v -0.0236165 -0.065015 0.0089175
v -0.0529915 -0.017831 -0.0158975
v -0.0263575 -0.049669 -0.0151015
v -0.0196745 -0.064527 0.0027925
v -0.0193175 -0.065584 0.0046705
v -0.0196735 -0.066768 0.0076795
v -0.0235295 -0.064415 0.0050975
v -0.0514385 -0.017115 -0.0166025
v -0.0507685 -0.018304 -0.0162635
v -0.0246465 -0.050909 -0.0136175
v -0.0511605 -0.013545 -0.0189075
v 0.0099165 -0.029646 -0.0255695
v -0.0215955 -0.065801 0.0099295
v -0.0186095 -0.066379 0.0086765
v -0.0183305 -0.065528 0.0060525
v -0.0209425 -0.064469 0.0063645
v -0.0150165 -0.067739 0.0071135
v -0.0169145 -0.065379 0.0057625
v -0.0172885 -0.069059 0.0123475
v -0.0208585 -0.067548 0.0108445
v -0.0502925 -0.014338 -0.0179685
v -0.0488675 -0.013704 -0.0195625
v -0.0252785 -0.048891 -0.0147445
v -0.0529725 -0.01459 -0.0167955
v 0.0018355 -0.025093 -0.0252725
v -0.0229195 -0.063969 0.0071855
v -0.0522345 -0.014749 -0.0159905
v -0.0531265 -0.015442 -0.0152195
v -0.0190975 -0.067299 0.0115355
v -0.0210925 -0.066563 0.0129475
v -0.0288925 -0.049909 -0.0121205
v 0.0038145 -0.024119 -0.0256745
v -0.0160955 -0.066818 0.0089255
v -0.0160955 -0.066818 0.0089255
v -0.0142095 -0.06676 0.0073165
v -0.0142095 -0.06676 0.0073165
v -0.0153615 -0.066339 0.0059165
v -0.0159705 -0.068549 0.0098375
v 0.0069915 -0.02435 -0.0265615
v -0.0130095 -0.067483 0.0055285
v -0.0107915 -0.068961 0.0079575
v -0.0528325 -0.013029 -0.0164605
v -0.0107375 -0.06737 0.0070195
v -0.0115345 -0.067829 0.0084895
v 0.0018855 -0.021319 -0.0254455
v -0.0184015 -0.055665 -0.0104545
v -0.0003095 -0.018843 -0.0263125
v -0.0002495 -0.022937 -0.0255925
v -0.0141735 -0.055768 -0.0117705
v -0.0114165 -0.070271 0.0123415
v 0.0031745 -0.019617 -0.0263005
v -0.0101675 -0.056484 -0.0137295
v -0.0070935 -0.057182 -0.0135905
v -0.0482415 -0.022269 -0.0171775
v -0.0171495 -0.067347 0.0119145
v -0.0171495 -0.067347 0.0119145
v -0.0171495 -0.067347 0.0119145
v -0.0184685 -0.067404 0.0119595
v -0.0184685 -0.067404 0.0119595
v -0.0136015 -0.068377 0.0112985
v -0.0139745 -0.067813 0.0098755
v -0.0140825 -0.067781 0.0098555
v -0.0138025 -0.067853 0.0099535
v -0.0135325 -0.069117 0.0131405
v -0.0116265 -0.068081 0.0106555
v 0.0045845 -0.021915 -0.0253145
v -0.0264545 -0.060791 0.0003105
v -0.0292165 -0.056492 -0.0029575
v -0.0301125 -0.057505 -0.0004605
v -0.0246275 -0.059833 -0.0029455
v 0.0058205 -0.026088 -0.0255465
v -0.0104215 -0.056128 -0.0129885
v -0.0087225 -0.054907 -0.0145335
v -0.0071215 -0.056099 -0.0133585
v -0.0098895 -0.053487 -0.0162725
v 0.0065025 -0.027445 -0.0265605
v -0.0284075 -0.058169 0.0002275
v -0.0265085 -0.058185 -0.0024955
v -0.0264235 -0.059588 -0.0003035
v 0.0089325 -0.027293 -0.0256925
v -0.0119815 -0.056384 -0.0120835
v -0.0509725 -0.011524 -0.0193465
v -0.0231905 -0.061805 -0.0003905
v 0.0110005 -0.027578 -0.0267135
v -0.0485705 -0.011674 -0.0203055
v 0.0111095 -0.027842 -0.0258965
v -0.0505765 -0.012112 -0.0185755
v -0.0512595 -0.009288 -0.0196135
v 0.0104605 -0.023688 -0.0265365
v -0.0267395 -0.060501 0.0019985
v -0.0240825 -0.060518 6.75e-05
v -0.0243015 -0.06145 0.0020885
v -0.0490285 -0.006378 -0.0219745
v -0.0247095 -0.058815 -0.0025935
v 0.0118535 -0.025576 -0.0255175
v 0.0079885 -0.024668 -0.0257035
v 0.0100955 -0.023634 -0.0255195
v -0.0222585 -0.062092 0.0020605
v -0.0218085 -0.061024 -6.35e-05
v -0.0039735 -0.058573 -0.0122265
v -0.0026525 -0.060824 -0.0092465
v -0.0059695 -0.057994 -0.0124645
v -0.0498025 -0.008622 -0.0198885
v -0.0481735 -0.007177 -0.0216825
v -0.0008265 -0.058351 -0.0125985
v -0.0210705 -0.060382 -0.0023865
v 0.0143045 -0.024886 -0.0267485
v -0.0060405 -0.055715 -0.0149565
v -0.0211365 -0.061869 0.0017695
v -0.0284555 -0.055655 -0.0052195
v -0.0062485 -0.057548 -0.0116675
v -0.0040035 -0.057997 -0.0113815
v -0.0536425 -0.012144 -0.0168355
v -0.0546765 -0.008173 -0.0164505
v 0.0068095 -0.021774 -0.0252875
v -0.0005695 -0.058115 -0.0113105
v -0.0005695 -0.058115 -0.0113105
v -0.0513735 -0.008528 -0.0184335
v -0.0528925 -0.009119 -0.0169415
v -0.0524665 -0.011273 -0.0167815
v -0.0269905 -0.05691 -0.0035865
v -0.0517235 -0.005525 -0.0195955
v 0.0107985 -0.021968 -0.0258255
v -0.0499795 -0.005485 -0.0201385
v 0.0125185 -0.022958 -0.0256125
v 0.0088845 -0.020622 -0.0264445
v -0.0012565 -0.059393 -0.0095145
v -0.0012565 -0.059393 -0.0095145
v 0.0140135 -0.020983 -0.0266135
v -0.0451365 -0.006893 -0.0260685
v -0.0451045 -0.003293 -0.0264525
v -0.0438185 -0.004272 -0.0271395
v 0.0055985 -0.020256 -0.0254215
v 0.0093455 -0.020682 -0.0254905
v -0.0459055 -0.009053 -0.0231485
v -0.0459605 -0.007048 -0.0241725
v -0.0290415 -0.059558 0.0028855
v -0.0293655 -0.060555 0.0045125
v 0.0070905 -0.01657 -0.0262885
v 0.0070375 -0.01642 -0.0252295
v -0.0471385 -0.004836 -0.0240765
v -0.0308965 -0.058429 0.0025225
v -0.0453005 -0.00374 -0.0252815
v -0.0446945 -0.006762 -0.0256285
v -0.0425615 -0.004691 -0.0265695
v -0.0461405 -0.004338 -0.0238795
v 0.0113835 -0.018692 -0.0252845
v -0.0476995 -0.004665 -0.0224925
v -0.0463675 -0.00276 -0.0253465
v -0.0334455 -0.026709 -0.0265265
v -0.0319645 -0.026856 -0.0266055
v -0.0358175 -0.026012 -0.0257065
v 0.0090545 -0.016884 -0.0254285
v -0.0344905 -0.024551 -0.0273405
v -0.0314705 -0.026888 -0.0274105
v -0.0318125 -0.059406 0.0051045
v -0.0342585 -0.057987 0.0062405
v -0.0306035 -0.029917 -0.0273205
v 0.0123985 -0.018218 -0.0264105
v -0.0271205 -0.028226 -0.0272175
v -0.0301035 -0.027872 -0.0265065
v -0.0317835 -0.059782 0.0066605
v -0.0276795 -0.061748 0.0060175
v -0.0431375 -0.00881 -0.0260655
v -0.0428165 -0.009908 -0.0271065
v -0.0292255 -0.025418 -0.0262645
v -0.0298015 -0.023917 -0.0271235
v -0.0431905 -0.006739 -0.0264415
v -0.0305115 -0.024574 -0.0260475
v -0.0333925 -0.024829 -0.0263805
v -0.0252405 -0.06207 0.0034945
v 0.0121115 -0.016954 -0.0255315
v -0.0410505 -0.008183 -0.0266955
v -0.0410145 -0.010929 -0.0264565
v -0.0383725 -0.012457 -0.0262905
v -0.0387015 -0.008382 -0.0262105
v -0.0303555 -0.020519 -0.0269845
v -0.0263875 -0.02003 -0.0267875
v -0.0160835 -0.031931 -0.0262005
v -0.0177535 -0.030624 -0.0259845
v -0.0400255 -0.020782 -0.0264555
v -0.0381715 -0.022019 -0.0270335
v -0.0396055 -0.024396 -0.0251045
v -0.0154215 -0.02977 -0.0258235
v -0.0236185 -0.061765 0.0031965
v -0.0418175 -0.008442 -0.0273095
v -0.0218675 -0.06367 0.0046025
v -0.0237795 -0.062999 0.0046025
v -0.0407295 -0.006774 -0.0263805
v -0.0393775 -0.026303 -0.0225645
v -0.0376465 -0.025795 -0.0248245
v -0.0386895 -0.024301 -0.0245745
v -0.0406025 -0.006156 -0.0272415
v -0.0362095 -0.023626 -0.0264235
v -0.0393075 -0.022566 -0.0253705
v -0.0373785 -0.022639 -0.0260095
v -0.0392135 -0.004577 -0.0261265
v -0.0280545 -0.062657 0.0084955
v -0.0135275 -0.027895 -0.0258445
v -0.0393345 -0.018142 -0.0272285
v -0.0140485 -0.026792 -0.0256105
v -0.0153645 -0.065978 0.0034335
v -0.0182445 -0.064313 0.0013015
v -0.0333885 -0.020803 -0.0261765
v -0.0350165 -0.020252 -0.0272615
v -0.0123715 -0.029684 -0.0254945
v -0.0196745 -0.061774 -0.0009615
v -0.0109965 -0.028198 -0.0256415
v -0.0358975 -0.019887 -0.0264245
v -0.0175165 -0.062273 -0.0005875
v -0.0197715 -0.062817 0.0018575
v -0.0400745 -0.023019 -0.0250145
v -0.0402805 -0.02362 -0.0236715
v -0.0418015 -0.025534 -0.0219575
v -0.0174445 -0.027028 -0.0258745
v -0.0153605 -0.024288 -0.0257865
v -0.0148615 -0.063691 -0.0002585
v -0.0426755 -0.002529 -0.0273115
v -0.0428065 0.000378 -0.0272545
v -0.0446505 -0.000793 -0.0269595
v -0.0442285 -0.002448 -0.0258865
v -0.0168445 -0.063976 0.0022495
v -0.0139435 -0.064316 0.0017085
v -0.0406185 -0.025792 -0.0221705
v -0.0128845 -0.024177 -0.0254115
v -0.0389035 -0.020538 -0.0258205
v -0.0450255 -4.1e-05 -0.0257985
v -0.0430125 -0.002469 -0.0265555
v -0.0421545 -0.000447 -0.0265135
v -0.0387605 -0.019121 -0.0263525
v -0.0404295 -0.018941 -0.0256665
v -0.0092705 -0.026873 -0.0254485
v -0.0177405 -0.064577 0.0040345
v -0.0460465 -0.00106 -0.0246115
v -0.0469115 -0.002337 -0.0230585
v -0.0114305 -0.025216 -0.0256685
v -0.0454125 0.000998 -0.0263885
v -0.0470565 -0.001563 -0.0244935
v -0.0322865 -0.022009 -0.0264465
v -0.0429315 0.001758 -0.0265645
v -0.0442035 0.004487 -0.0270205
v -0.0282495 -0.023516 -0.0259855
v -0.0379405 -0.015606 -0.0272935
v -0.0086415 -0.068045 0.0051565
v -0.0120795 -0.066028 0.0020785
v -0.0372365 -0.01711 -0.0263125
v -0.0344085 -0.017277 -0.0262375
v -0.0093615 -0.022556 -0.0263385
v -0.0331075 -0.018146 -0.0260805
v -0.0134005 -0.065345 0.0033855
v -0.0134005 -0.065345 0.0033855
v -0.0090005 -0.024194 -0.0256565
v -0.0343025 -0.016418 -0.0270415
v -0.0097815 -0.065453 0.0023325
v -0.0124495 -0.021033 -0.0253345
v -0.0408125 -0.002324 -0.0263745
v -0.0383975 -0.003598 -0.0268915
v -0.0406855 -0.016669 -0.0260675
v -0.0168215 -0.022829 -0.0255935
v -0.0357935 -0.00551 -0.0257225
v -0.0362635 -0.006555 -0.0266965
v -0.0149165 -0.065313 0.0045105
v -0.0383235 -0.016121 -0.0266835
v -0.0357485 -0.01442 -0.0261245
v -0.0371605 -0.014173 -0.0264985
v -0.0406225 -0.014256 -0.0264775
v -0.0061475 -0.024349 -0.0256825
v -0.0385225 -0.000186 -0.0268285
v -0.0319995 -0.013537 -0.0267235
v -0.0363475 -0.011712 -0.0269545
v -0.0318865 -0.014362 -0.0258175
v -0.0084335 -0.022305 -0.0253455
v -0.0033915 -0.023514 -0.0255415
v -0.0383355 -0.000606 -0.0259115
v -0.0354475 -0.001536 -0.0265215
v -0.0290415 -0.016779 -0.0267445
v -0.0369965 -0.003675 -0.0259285
v -0.0347545 -0.001578 -0.0255045
v -0.0302585 -0.017009 -0.0260215
v -0.0293005 -0.01907 -0.0258795
v -0.0294505 -0.020854 -0.0261235
v -0.0338405 -0.061657 0.0095815
v -0.0103365 -0.021113 -0.0251475
v -0.0270065 -0.020964 -0.0259325
v -0.0306245 -0.063596 0.0104025
v -0.0405755 0.002023 -0.0264215
v -0.0101345 -0.019486 -0.0254615
v -0.0061945 -0.01912 -0.0253815
v -0.0318145 -0.064005 0.0134315
v -0.0068535 -0.017302 -0.0262045
v -0.0341565 -0.061186 0.0125595
v -0.0344775 -0.060141 0.0100335
v -0.0350565 -0.059636 0.0104015
v -0.0261235 -0.066099 0.0121635
v -0.0224025 -0.02941 -0.0270355
v -0.0232575 -0.029186 -0.0260045
v -0.0233075 -0.026372 -0.0269005
v -0.0513285 -0.002786 -0.0203415
v -0.0484365 -0.004077 -0.0226445
v -0.0120185 -0.016504 -0.0250795
v -0.0325545 -0.061311 0.0105195
v -0.0300815 -0.062192 0.0096795
v -0.0317825 -0.060849 0.0094815
v -0.0276085 -0.028431 -0.0262425
v -0.0085765 -0.017108 -0.0252625
v -0.0497155 -0.000578 -0.0217375
v -0.0287305 -0.063181 0.0095765
v -0.0488795 -0.003466 -0.0211175
v -0.0492575 -0.001976 -0.0212645
v -0.0266965 -0.064807 0.0128005
v -0.0285495 -0.063752 0.0127585
v -0.0265485 -0.026365 -0.0261545
v -0.0248865 -0.023891 -0.0268485
v -0.0280685 -0.06644 0.0167845
v -0.0296055 -0.064197 0.0144605
v -0.0259345 -0.024015 -0.0260285
v -0.0234305 -0.025246 -0.0259075
v -0.0309925 -0.065728 0.0192325
v -0.0320765 -0.064489 0.0163015
v -0.0215135 -0.025936 -0.0260015
v -0.0511935 -0.003874 -0.0192505
v -0.0537735 -0.005073 -0.0165885
v -0.0271905 -0.067526 0.0207505
v -0.0365375 -0.062831 0.0189515
v -0.0200815 -0.025538 -0.0267435
v -0.0343735 -0.064474 0.0220265
v -0.0313875 -0.065691 0.0215815
v -0.0222125 -0.031107 -0.0266285
v -0.0275765 -0.068289 0.0235395
v -0.0047845 -0.020012 -0.0262825
v -0.0320725 -0.066246 0.0235685
v -0.0053955 -0.020825 -0.0251785
v -0.0201615 -0.028487 -0.0258795
v -0.0033115 -0.021481 -0.0252255
v -0.0516105 -0.002251 -0.0191295
v -0.0353875 -0.061768 0.0172005
v -0.0321415 -0.063509 0.0170675
v -0.0325935 -0.061983 0.0133415
v -0.0510665 0.001061 -0.0196845
v -0.0516275 -7e-05 -0.0188105
v -0.0492395 0.000168 -0.0211525
v -0.0488335 0.001806 -0.0228365
v -0.0472705 -0.000198 -0.0230425
v -0.0177925 -0.025171 -0.0255945
v -0.0291535 -0.064858 0.0168645
v -0.0304975 -0.062965 0.0134345
v -0.0045945 -0.016321 -0.0252885
v -0.0468795 0.002467 -0.0245915
v -0.0458605 0.003991 -0.0259575
v -0.0311505 -0.064679 0.0208095
v -0.0311505 -0.064679 0.0208095
v -0.0026695 -0.019936 -0.0255335
v 0.0003475 -0.018924 -0.0251585
v -0.0244845 -0.022249 -0.0257955
v -0.0480635 0.004669 -0.0232895
v -0.0464705 0.004603 -0.0237615
v -0.0461945 0.001994 -0.0242305
v -0.0223235 -0.020839 -0.0266065
v -0.0448865 0.004604 -0.0256445
v -0.0196025 -0.069125 0.0153175
v -0.0175205 -0.070589 0.0191415
v -0.0212945 -0.069421 0.0190045
v -0.0003355 -0.017041 -0.0253795
v -0.0518025 0.001484 -0.0200775
v -0.0062465 -0.016492 -0.0250765
v -0.0488725 0.002121 -0.0217235
v -0.0228445 -0.066692 0.0133665
v -0.0239065 -0.068168 0.0169885
v -0.0111585 -0.013227 -0.0254305
v -0.0081135 -0.013966 -0.0251785
v -0.0496625 0.004006 -0.0219785
v -0.0492775 0.00326 -0.0208595
v -0.0089955 -0.011544 -0.0250185
v -0.0072025 -0.012221 -0.0261075
v -0.0199765 -0.022546 -0.0254985
v -0.0195205 -0.024692 -0.0258325
v -0.0184125 -0.06739 0.0120885
v -0.0183945 -0.067362 0.0121845
v -0.0183945 -0.067362 0.0121845
v -0.0183945 -0.067362 0.0121845
v -0.0185915 -0.067273 0.0123025
v -0.0185915 -0.067273 0.0123025
v -0.0184755 -0.067305 0.0123355
v -0.0184755 -0.067305 0.0123355
v -0.0127365 -0.071038 0.0167035
v -0.0563285 -0.010639 -0.0141675
v -0.0581895 -0.009348 -0.0123415
v -0.0099115 -0.010584 -0.0260395
v -0.0261005 -0.06792 0.0195035
v -0.0575615 -0.009498 -0.0114425
v -0.0552775 -0.011038 -0.0140165
v -0.0558725 -0.00941 -0.0131995
v -0.0244025 -0.068803 0.0219795
v -0.0569315 -0.006806 -0.0142745
v -0.0252805 -0.069382 0.0240515
v -0.0290995 -0.069443 0.0251985
v -0.0543355 -0.005507 -0.0172165
v -0.0057955 -0.010709 -0.0252535
v -0.0048585 -0.012341 -0.0248535
v -0.0571575 -0.007589 -0.0127325
v -0.0554765 -0.007845 -0.0146225
v -0.0069335 -0.00785 -0.0248795
v -0.0171815 -0.072877 0.0252155
v -0.0192745 -0.070902 0.0232235
v -0.0149795 -0.072553 0.0241655
v -0.0582755 -0.007342 -0.0122695
v -0.0023155 -0.016694 -0.0261575
v -0.0229755 -0.067898 0.0201045
v -0.0188705 -0.068682 0.0195955
v -0.0217115 -0.06813 0.0187055
v -0.0166225 -0.071038 0.0218895
v -0.0568125 -0.005001 -0.0127135
v -0.0402965 -0.010698 -0.0273515
v -0.0569775 -0.002488 -0.0145345
v -0.0239655 -0.071805 0.0254245
v -0.0217455 -0.070893 0.0244025
v -0.0358855 -0.012097 -0.0258395
v -0.0027685 -0.016056 -0.0249415
v -0.0551285 -0.003769 -0.0152305
v -0.0356635 -0.010592 -0.0260495
v -0.0370475 -0.008311 -0.0259285
v -0.0589855 -0.004042 -0.0120035
v -0.0230595 -0.070102 0.0257485
v -0.0212075 -0.070067 0.0247375
v -0.0241695 -0.068102 0.0231855
v -0.0577975 -0.00301 -0.0123665
v -0.0333835 -0.011432 -0.0258105
v -0.0206235 -0.071609 0.0260735
v -0.0180285 -0.070937 0.0249435
v -0.0215835 -0.068834 0.0231385
v -0.0023155 -0.011407 -0.0260815
v 0.0026235 -0.012824 -0.0261675
v -0.0319745 -0.009059 -0.0265625
v -0.0186955 -0.069566 0.0234495
v -0.0154615 -0.070661 0.0234845
v -0.0607285 -0.010678 -0.0073555
v -0.0595525 -0.012788 -0.0083615
v -0.0595615 -0.009737 -0.0087225
v -0.0572295 -0.012719 -0.0110925
v -0.0342775 -0.007515 -0.0256585
v -0.0318125 -0.008845 -0.0256605
v -0.0310405 -0.010183 -0.0254735
v -0.0355125 -0.057295 0.0053825
v -0.0607305 -0.006143 -0.0095515
v -0.0605585 -0.010907 -0.0087565
v -0.0032185 -0.013715 -0.0252825
v -0.0414465 -0.014616 -0.0271335
v -0.0601745 -0.008393 -0.0075515
v -0.0593905 -0.008044 -0.0095215
v -0.0032295 -0.010365 -0.0250675
v -0.0005575 -0.01067 -0.0247925
v -0.0297615 -0.012079 -0.0256575
v 0.0002955 -0.01348 -0.0251435
v 0.0008465 -0.015924 -0.0250565
v -0.0491485 -0.032202 -0.0121925
v -0.0617065 -0.00878 -0.0055875
v -0.0619565 -0.01076 -0.0044715
v -0.0498405 -0.03372 -0.0091735
v -0.0485375 -0.032358 -0.0112745
v -0.0486135 -0.035261 -0.0105595
v -0.0623255 -0.007394 -0.0068415
v -0.0290935 -0.008335 -0.0257405
v -0.0282125 -0.008846 -0.0253735
v -0.0118525 -0.006084 -0.0260445
v -0.0263975 -0.009972 -0.0254565
v -0.0088395 -0.009596 -0.0254315
v -0.0436665 -0.025703 -0.0207285
v -0.0433705 -0.02833 -0.0196305
v -0.0465985 -0.026483 -0.0179225
v -0.0614085 -0.007023 -0.0067775
v -0.0483515 -0.025721 -0.0168125
v -0.0483515 -0.025721 -0.0168125
v -0.0471365 -0.028605 -0.0165305
v -0.0504305 -0.027179 -0.0142395
v -0.0504305 -0.027179 -0.0142395
v -0.0327635 -0.005454 -0.0256485
v -0.0298675 -0.006834 -0.0253925
v -0.0321985 -0.004964 -0.0264465
v -0.0477545 -0.029527 -0.0151235
v -0.0470285 -0.028665 -0.0154535
v -0.0457215 -0.027547 -0.0173305
v -0.0479335 -0.025309 -0.0163435
v -0.0289455 -0.008257 -0.0264115
v -0.0455035 -0.02589 -0.0177405
v -0.0495465 -0.023971 -0.0167305
v -0.0584845 -0.005969 -0.0108955
v -0.0447845 -0.025738 -0.0188915
v -0.0465785 -0.024359 -0.0183285
v -0.0435235 -0.024738 -0.0200975
v 0.0029335 -0.019457 -0.0252195
v -0.0595045 -0.004558 -0.0098515
v -0.0606945 -0.005845 -0.0078995
v -0.0499145 -0.029945 -0.0130575
v -0.0262265 -0.007194 -0.0252915
v 0.0043615 -0.016672 -0.0254045
v -0.0496965 -0.029053 -0.0119805
v -0.0487755 -0.031174 -0.0122545
v -0.0491845 -0.028736 -0.0131955
v -0.0278675 -0.004083 -0.0262835
v -0.0274415 -0.005634 -0.0253975
v -0.0606255 -0.002652 -0.0099375
v -0.0587105 5.1e-05 -0.0127015
v -0.0584925 -0.004243 -0.0107225
v -0.0243455 -0.002556 -0.0261385
v -0.0263495 -0.003553 -0.0254435
v -0.0585745 -0.002713 -0.0105005
v 0.0047165 -0.014672 -0.0250675
v 0.0042635 -0.012504 -0.0251565
v -0.0609215 -0.003014 -0.0080265
v -0.0599935 -0.001455 -0.0092905
v -0.0628045 -0.002507 -0.0067685
v -0.0603485 -0.004265 -0.0077155
v -0.0615425 0.000744 -0.0087505
v 0.0100285 -0.014732 -0.0252535
v -0.0558805 -0.01487 -0.0135985
v -0.0389475 -0.041822 -0.0141575
v -0.0375395 -0.043186 -0.0138905
v -0.0393475 -0.045 -0.0106755
v -0.0559165 -0.013947 -0.0120475
v -0.0443135 -0.039862 -0.0111645
v -0.0408755 -0.041587 -0.0126615
v -0.0550125 -0.013528 -0.0138405
v -0.0418045 -0.045015 -0.0067185
v -0.0394405 -0.045305 -0.0091955
v -0.0417315 -0.043277 -0.0090675
v -0.0399645 -0.042583 -0.0111505
v -0.0428515 -0.040689 -0.0102685
v -0.0390235 -0.044043 -0.0105095
v -0.0458005 -0.037683 -0.0112715
v -0.0439505 -0.037051 -0.0137005
v -0.0424655 -0.034916 -0.0166255
v -0.0409765 -0.038285 -0.0152675
v -0.0434705 -0.037716 -0.0122105
v -0.0415875 -0.037535 -0.0137745
v -0.0414225 -0.036141 -0.0155945
v -0.0450925 -0.034504 -0.0133515
v -0.0463525 -0.036442 -0.0107785
v -0.0463295 -0.033892 -0.0137195
v -0.0451395 -0.033261 -0.0154965
v -0.0356715 -0.04216 -0.0162375
v -0.0384145 -0.040328 -0.0141945
v -0.0380755 -0.042069 -0.0137175
v -0.0353725 -0.042437 -0.0151575
v -0.0410305 -0.040871 -0.0120725
v -0.0406955 -0.039441 -0.0134845
v -0.0383205 -0.037933 -0.0177755
v -0.0388325 -0.03544 -0.0189985
v -0.0396205 -0.038968 -0.0148205
v -0.0535955 -0.007477 -0.0161075
v -0.0380305 -0.036434 -0.0176465
v -0.0380035 -0.039451 -0.0166325
v -0.0372575 -0.039771 -0.0159365
v -0.0376035 -0.037761 -0.0172385
v -0.0546395 -0.002444 -0.0173275
v -0.0422585 -0.038651 -0.0119875
v -0.0540985 -0.002898 -0.0168115
v -0.0533885 -0.000337 -0.0183615
v -0.0536085 -0.001188 -0.0170995
v -0.0533235 0.000621 -0.0176385
v -0.0564365 0.000375 -0.0152415
v -0.0547995 0.001907 -0.0172915
v -0.0454275 -0.042628 -0.0071415
v -0.0464745 -0.039457 -0.0095225
v -0.0565395 -8e-05 -0.0138565
v -0.0479895 -0.038048 -0.0085455
v -0.0579195 -0.001256 -0.0119935
v -0.0483065 -0.039611 -0.0071205
v -0.0494005 -0.039414 -0.0053695
v -0.0481185 -0.041177 -0.0054955
v -0.0471625 -0.041945 -0.0042415
v -0.0452165 -0.040729 -0.0079845
v -0.0484275 -0.039285 -0.0054895
v -0.0548575 0.003661 -0.0155305
v -0.0551175 0.001432 -0.0151755
v -0.0464545 -0.038917 -0.0086495
v -0.0434665 -0.042555 -0.0075815
v -0.0449275 -0.041704 -0.0064245
v -0.0454285 -0.043047 -0.0051925
v -0.0534475 0.004537 -0.0183765
v -0.0514815 0.004339 -0.0189115
v -0.0533655 0.002263 -0.0171065
v -0.0502895 0.006728 -0.0209825
v -0.0517385 0.007751 -0.0197175
v -0.0498895 0.005269 -0.0205575
v -0.0509455 0.007335 -0.0195385
v -0.0517565 0.00548 -0.0182505
v -0.0575685 0.00377 -0.0138515
v -0.0553825 0.006547 -0.0161525
v -0.0539445 0.003674 -0.0169295
v -0.0531385 0.007211 -0.0171325
v -0.0540585 0.009015 -0.0173915
v -0.0554545 0.005642 -0.0151575
v -0.0577445 0.001357 -0.0125235
v -0.0588855 0.001498 -0.0106995
v -0.0570375 0.004123 -0.0134925
v -0.0467505 -0.037224 -0.0092305
v -0.0448655 -0.038809 -0.0099415
v -0.0485075 -0.036592 -0.0082885
v -0.0486925 -0.034459 -0.0094945
v -0.0600045 0.001319 -0.0095765
v -0.0464805 -0.033982 -0.0125145
v -0.0598715 0.00479 -0.0108965
v -0.0618755 0.003502 -0.0081375
v -0.0594095 0.005553 -0.0100575
v -0.0560205 0.00601 -0.0139515
v -0.0564895 0.007503 -0.0148545
v -0.0503885 -0.03759 -0.0044895
v -0.0552785 0.009905 -0.0160365
v -0.0566575 0.007252 -0.0134955
v -0.0550935 0.008053 -0.0147175
v -0.0542235 0.008828 -0.0161745
v -0.0584425 0.007429 -0.0123905
v -0.0583495 0.006647 -0.0111255
v -0.0595805 0.008151 -0.0108835
v -0.0344045 -0.046878 -0.0127915
v -0.0570335 0.010537 -0.0138535
v -0.0562315 0.00965 -0.0130685
v -0.0372275 -0.046669 -0.0108205
v -0.0369075 -0.043367 -0.0131195
v -0.0357305 -0.045325 -0.0119165
v -0.0351565 -0.044064 -0.0130805
v -0.0361115 -0.047855 -0.0089325
v -0.0340795 -0.046918 -0.0120225
v -0.0328155 -0.048468 -0.0108995
v -0.0328505 -0.045817 -0.0135025
v -0.0379045 -0.047221 -0.0075425
v -0.0349965 -0.049322 -0.0085985
v -0.0204395 -0.037097 -0.0267275
v -0.0317175 -0.050022 -0.0098685
v -0.0363765 -0.040249 -0.0177715
v -0.0310225 -0.048923 -0.0121735
v -0.0355845 -0.040437 -0.0168985
v -0.0356785 -0.038315 -0.0176655
v -0.0268215 -0.044832 -0.0190865
v -0.0261455 -0.045797 -0.0177455
v -0.0404605 -0.046165 -0.0061635
v -0.0432385 -0.031047 -0.0184505
v -0.0420435 -0.033322 -0.0180415
v -0.0448055 -0.033188 -0.0148315
v -0.0423905 -0.033681 -0.0165405
v -0.0430905 -0.032213 -0.0164995
v -0.0250585 -0.044611 -0.0195675
v -0.0272985 -0.0447 -0.0174625
v -0.0439745 -0.028721 -0.0177555
v -0.0437305 -0.031057 -0.0169935
v -0.0425175 -0.029107 -0.0190655
v -0.0407885 -0.032043 -0.0197795
v -0.0296495 -0.046893 -0.0159695
v -0.0340335 -0.044334 -0.0156235
v -0.0413825 -0.030483 -0.0187375
v -0.0413585 -0.032199 -0.0182515
v -0.0384975 -0.034084 -0.0190525
v -0.0405975 -0.033894 -0.0173465
v -0.0467785 -0.031855 -0.0137625
v -0.0465235 -0.030634 -0.0159435
v -0.0296115 -0.04992 -0.0129455
v -0.0451655 -0.030971 -0.0154865
v -0.0274705 -0.048233 -0.0146865
v -0.0288585 -0.047343 -0.0143195
v -0.0302235 -0.046745 -0.0147305
v -0.0315525 -0.045113 -0.0150345
v -0.0411085 -0.027222 -0.0219185
v -0.0422575 -0.027105 -0.0214625
v -0.0431735 -0.027449 -0.0189275
v -0.0414765 -0.027376 -0.0206295
v -0.0313075 -0.044931 -0.0165085
v -0.0330175 -0.042745 -0.0173585
v -0.0404295 -0.029693 -0.0204225
v -0.0310735 -0.042951 -0.0172795
v -0.0418045 -0.024165 -0.0215945
v -0.0304495 -0.044234 -0.0168705
v -0.0507635 -0.039629 -0.0038115
v -0.0279385 -0.046578 -0.0158285
v -0.0519325 -0.03875 -0.0013735
v -0.0484835 -0.040867 -0.0029785
v -0.0502255 -0.040336 -0.0018865
v -0.0329965 -0.031408 -0.0261975
v -0.0337765 -0.03274 -0.0243955
v -0.0523795 -0.040191 0.0013905
v -0.0536285 -0.037425 -0.0001205
v -0.0475735 -0.043193 -0.0023865
v -0.0360975 -0.035143 -0.0212805
v -0.0366265 -0.032187 -0.0226405
v -0.0537345 -0.038006 0.0015765
v -0.0571225 -0.037089 0.0059895
v -0.0368385 -0.034213 -0.0197965
v -0.0387485 -0.028563 -0.0222935
v -0.0309615 -0.004998 -0.0258375
v -0.0329625 -0.002151 -0.0254995
v -0.0309685 -0.003085 -0.0253085
v -0.0317695 -0.000273 -0.0263055
v -0.0301985 -0.000939 -0.0254655
v -0.0363845 0.001065 -0.0255815
v -0.0289575 -0.003819 -0.0253785
v -0.0150905 -0.068611 0.0175405
v -0.0148585 -0.068798 0.0157995
v -0.0164345 -0.067792 0.0170885
v -0.0163745 -0.069229 0.0187905
v -0.0279965 -0.066444 0.0229385
v -0.0289865 -0.065545 0.0197995
v -0.0289865 -0.065545 0.0197995
v -0.0304135 -0.065783 0.0234875
v -0.0180095 -0.069643 0.0209695
v -0.0215435 -0.068861 0.0215755
v -0.0321305 -0.072227 0.0237405
v -0.0253135 -0.066332 0.0170195
v -0.0253135 -0.066332 0.0170195
v -0.0248835 -0.065526 0.0148905
v -0.0338265 -0.059116 0.0080095
v -0.0319405 -0.059676 0.0082075
v -0.0352585 -0.058292 0.0090345
v -0.0130445 -0.067459 0.0092805
v -0.0154685 -0.068032 0.0131025
v -0.0139665 -0.067806 0.0098985
v -0.0109815 -0.066125 0.0047455
v -0.0373145 -0.060873 0.0200025
v -0.0352905 -0.062803 0.0218405
v -0.0352905 -0.062803 0.0218405
v -0.0182965 -0.067113 0.0129405
v -0.0182965 -0.067113 0.0129405
v -0.0210775 -0.066963 0.0149585
v -0.0210775 -0.066963 0.0149585
v -0.0189375 -0.067235 0.0151145
v -0.0189375 -0.067235 0.0151145
v -0.0220565 -0.066403 0.0156315
v -0.0220565 -0.066403 0.0156315
v -0.0201265 -0.068021 0.0165555
v -0.0162855 -0.067397 0.0144975
v -0.0013505 -0.063116 -0.0057475
v 0.0145335 -0.059004 -0.0094455
v 0.0125775 -0.056165 -0.0136705
v 0.0170195 -0.055267 -0.0132285
v 0.0185515 -0.033579 -0.0264565
v 0.0153045 -0.03293 -0.0260675
v 0.0163915 -0.034929 -0.0262425
v 0.0187255 -0.05634 -0.0114735
v 0.0347055 -0.061948 0.0115515
v 0.0368715 -0.060258 0.0102025
v 0.0371545 -0.061154 0.0136565
v 0.0203845 -0.035255 -0.0263665
v 0.0169815 -0.036685 -0.0265195
v 0.0396745 -0.059558 0.0136175
v 0.0154595 -0.058708 -0.0078725
v 0.0162435 -0.056221 -0.0106795
v 0.0142415 -0.05574 -0.0120665
v 0.0023005 -0.063661 -0.0047325
v 0.0012515 -0.06067 -0.0096225
v 0.0201915 -0.032417 -0.0262165
v 0.0165515 -0.059393 -0.0081305
v 0.0177715 -0.056426 -0.0101085
v 0.0160175 -0.055081 -0.0125365
v 0.0227415 -0.034435 -0.0265215
v 0.0010435 -0.063193 -0.0037345
v 0.0020525 -0.061689 -0.0061285
v 0.0004065 -0.061355 -0.0072705
v 0.0045385 -0.062563 -0.0062295
v 0.0368835 -0.059495 0.0087705
v 0.0129955 -0.030922 -0.0259615
v 0.0116795 -0.033048 -0.0263905
v 0.0354185 -0.059756 0.0097175
v 0.0372585 -0.059504 0.0122485
v 0.0366455 -0.058716 0.0086265
v 0.0388125 -0.058745 0.0093095
v 0.0064005 -0.063835 -0.0036205
v 0.0059975 -0.065299 -0.0013865
v 0.0194435 -0.059502 -0.0064905
v 0.0385675 -0.057379 0.0088505
v 0.0390535 -0.057407 0.0103905
v 0.0201385 -0.041353 -0.0258235
v 0.0218025 -0.042127 -0.0239425
v 0.0182125 -0.044228 -0.0236205
v 0.0221135 -0.043791 -0.0223945
v 0.0232725 -0.039394 -0.0260645
v -0.0045645 -0.066442 0.0008795
v -0.0038005 -0.065843 -0.0006585
v 0.0190185 -0.053804 -0.0126455
v 0.0208265 -0.055375 -0.0101125
v 0.0184145 -0.041265 -0.0250645
v 0.0202715 -0.041926 -0.0232095
v 0.0202715 -0.041926 -0.0232095
v 0.0220315 -0.040843 -0.0237915
v 0.0195595 -0.057487 -0.0078685
v 0.0252735 -0.041966 -0.0224135
v -0.0055495 -0.066277 0.0030815
v -0.0052455 -0.064552 -0.0003435
v 0.0223585 -0.05695 -0.0089015
v 0.0211285 -0.04569 -0.0212145
v 0.0191625 -0.045992 -0.0213245
v 0.0391815 -0.058354 0.0129895
v 0.0416035 -0.056742 0.0132495
v -0.0038965 -0.068029 0.0041275
v 0.0001445 -0.066941 0.0016475
v 0.0420695 -0.056933 0.0105825
v 0.0060845 -0.04939 -0.0216485
v 0.0081855 -0.048011 -0.0225215
v 0.0191725 -0.044492 -0.0215915
v 0.0234965 -0.042573 -0.0215105
v 0.0234965 -0.042573 -0.0215105
v 0.0231265 -0.046835 -0.0193175
v -0.0009205 -0.066921 0.0039075
v 0.0011475 -0.065734 0.0013665
v -0.0025565 -0.065271 0.0014565
v 0.0405905 -0.057877 0.0151755
v 0.0431825 -0.057285 0.0138845
v 0.0426355 -0.058322 0.0170295
v 0.0082055 -0.05035 -0.0203395
v 0.0343935 -0.061754 0.0145065
v 0.0364855 -0.060744 0.0154525
v 0.0351985 -0.060678 0.0123015
v -0.0029295 -0.064518 -0.0030615
v 0.0206155 -0.045799 -0.0201335
v 0.0110185 -0.048061 -0.0212925
v 0.0113815 -0.050125 -0.0198155
v 0.0233075 -0.047394 -0.0174895
v 0.0251405 -0.045472 -0.0183875
v 0.0123475 -0.048662 -0.0213875
v 0.0138335 -0.050296 -0.0194265
v 0.0133385 -0.049148 -0.0199425
v 0.0348385 -0.062052 0.0175305
v 0.0089815 -0.045012 -0.0257015
v 0.0399815 -0.060132 0.0173595
v 0.0360535 -0.0625 0.0163335
v 0.0021725 -0.065262 -0.0018325
v 0.0369495 -0.062362 0.0185375
v 0.0112815 -0.045422 -0.0246545
v 0.0108795 -0.044555 -0.0262075
v 0.0120455 -0.043127 -0.0266105
v 0.0259965 -0.044343 -0.0203075
v 0.0237905 -0.040005 -0.0232255
v 0.0126835 -0.045896 -0.0239545
v -0.0017745 -0.061673 -0.0056925
v -0.0017745 -0.061673 -0.0056925
v -0.0009665 -0.062921 -0.0039175
v 0.0384615 -0.0596 0.0163655
v 0.0261575 -0.04582 -0.0188345
v -0.0017165 -0.064575 -0.0007305
v 0.0003895 -0.064092 -0.0015455
v 0.0255665 -0.043588 -0.0196875
v 0.0277765 -0.042936 -0.0192025
v 0.0283245 -0.0453 -0.0182035
v 0.0318565 -0.045195 -0.0164295
v 0.0291475 -0.047445 -0.0160745
v 0.0296455 -0.043057 -0.0193195
v 0.0300505 -0.044223 -0.0185215
v 0.0100545 -0.045111 -0.0249065
v 0.0098985 -0.047818 -0.0224435
v 0.0120935 -0.046963 -0.0224645
v 0.0289175 -0.040217 -0.0219765
v 0.0310925 -0.064469 0.0194275
v 0.0294225 -0.064061 0.0147435
v 0.0282415 -0.065764 0.0189855
v 0.0274535 -0.041179 -0.0204705
v 0.0274535 -0.041179 -0.0204705
v 0.0273465 -0.039481 -0.0219945
v 0.0323795 -0.063817 0.0184525
v 0.0321315 -0.062909 0.0154205
v 0.0095875 -0.048686 -0.0204835
v 0.0094405 -0.046366 -0.0225525
v 0.0072035 -0.048277 -0.0213905
v 0.0334855 -0.062963 0.0189915
v 0.0042245 -0.064641 -0.0006275
v 0.0300025 -0.040648 -0.0196435
v 0.0300025 -0.040648 -0.0196435
v 0.0323325 -0.064677 0.0173095
v 0.0053025 -0.066398 0.0009155
v 0.0338055 -0.064676 0.0212825
v 0.0348965 -0.063007 0.0211325
v 0.0294055 -0.043042 -0.0185345
v 0.0092595 -0.043987 -0.0253795
v 0.0092595 -0.043987 -0.0253795
v 0.0041625 -0.06302 -0.0037075
v 0.0326975 -0.043136 -0.0177625
v 0.0309065 -0.066457 0.0253185
v 0.0335065 -0.064068 0.0233085
v 0.0312725 -0.064738 0.0229445
v 0.0339925 -0.065109 0.0253455
v 0.0367425 -0.062318 0.0238635
v 0.0331905 -0.065999 0.0239465
v 0.0354215 -0.064101 0.0228665
v 0.0364315 -0.065568 0.0251405
v 0.0106395 -0.042751 -0.0260795
v 0.0106395 -0.042751 -0.0260795
v 0.0064245 -0.063874 -0.0018055
v 0.0062255 -0.062809 -0.0043155
v 0.0242815 -0.038173 -0.0249095
v 0.0226415 -0.039062 -0.0250815
v 0.0257575 -0.038992 -0.0234045
v 0.0224485 -0.036627 -0.0263895
v 0.0190135 -0.03895 -0.0261085
v 0.0377405 -0.064242 0.0246825
v 0.0116265 -0.044758 -0.0239135
v 0.0371235 -0.063051 0.0219635
v 0.0268505 -0.039126 -0.0241035
v 0.0132845 -0.043699 -0.0246015
v 0.0132845 -0.043699 -0.0246015
v 0.0221145 -0.037153 -0.0272845
v 0.0251135 -0.036945 -0.0268555
v 0.0116905 -0.047492 -0.0211905
v 0.0217055 -0.034462 -0.0273985
v 0.0032005 -0.067519 0.0031655
v 0.0262105 -0.035035 -0.0272995
v 0.0144655 -0.045124 -0.0239645
v 0.0148995 -0.043129 -0.0261595
v 0.0408755 -0.056685 0.0111325
v 0.0252765 -0.036322 -0.0258205
v 0.0050075 -0.065704 0.0017505
v 0.0027875 -0.065876 0.0024355
v 0.0030405 -0.067323 0.0046765
v 0.0253215 -0.034467 -0.0264525
v 0.0010235 -0.06741 0.0052925
v 0.0279685 -0.036654 -0.0257975
v 0.0074285 -0.063465 -0.0044865
v 0.0080575 -0.064592 -0.0023235
v 0.0410885 -0.055584 0.0088105
v 0.0419165 -0.055526 0.0117495
v 0.0060805 -0.068627 0.0057335
v 0.0069025 -0.067496 0.0034305
v 0.0142895 -0.047478 -0.0218985
v 0.0145295 -0.049012 -0.0203675
v 0.0270435 -0.034736 -0.0262515
v 0.0290795 -0.034143 -0.0254815
v 0.0094545 -0.066312 0.0019245
v 0.0107445 -0.065051 -0.0006455
v 0.0081645 -0.064773 0.0006585
v 0.0097675 -0.062847 -0.0033915
v 0.0149815 -0.050285 -0.0189045
v 0.0174815 -0.048838 -0.0197015
v 0.0437245 -0.055612 0.0148365
v 0.0441665 -0.054516 0.0115535
v 0.0160365 -0.047058 -0.0214515
v 0.0093745 -0.063887 -0.0007575
v 0.0421515 -0.054759 0.0080655
v 0.0130635 -0.049325 -0.0194105
v 0.0163645 -0.047434 -0.0201395
v 0.0295225 -0.036897 -0.0243185
v 0.0440045 -0.054206 0.0075605
v 0.0471105 -0.053474 0.0119595
v 0.0294095 -0.037121 -0.0227435
v 0.0174335 -0.047251 -0.0212145
v 0.0310145 -0.03806 -0.0224095
v 0.0424845 -0.056665 0.0162745
v 0.0311195 -0.035707 -0.0241195
v 0.0324075 -0.035684 -0.0235225
v 0.0130185 -0.065384 0.0010655
v 0.0116545 -0.064368 0.0005055
v 0.0134025 -0.045453 -0.0224935
v 0.0099795 -0.065288 0.0022915
v 0.0306515 -0.038598 -0.0203275
v 0.0163695 -0.045678 -0.0214145
v 0.0163485 -0.043827 -0.0232345
v 0.0163485 -0.043827 -0.0232345
v 0.0368275 -0.064552 0.0259795
v 0.0331245 -0.039817 -0.0199085
v 0.0060045 -0.066511 0.0037525
v 0.0049785 -0.06658 0.0043175
v 0.0463985 -0.048574 0.0017695
v 0.0494505 -0.048926 0.0069125
v 0.0470175 -0.050315 0.0053085
v 0.0474945 -0.051901 0.0092425
v 0.0310385 -0.042447 -0.0178895
v 0.0339725 -0.038764 -0.0189005
v 0.0339725 -0.038764 -0.0189005
v 0.0114035 -0.066993 0.0038995
v 0.0476625 -0.049593 0.0082515
v 0.0467175 -0.050947 0.0086225
v 0.0454395 -0.052611 0.0101715
v 0.0103815 -0.068198 0.0058155
v 0.0491265 -0.049957 0.0091815
v 0.0497275 -0.050298 0.0100825
v 0.0073165 -0.068091 0.0072335
v 0.0097185 -0.067684 0.0067885
v 0.0101705 -0.06639 0.0046245
v 0.0327715 -0.036337 -0.0212405
v 0.0338175 -0.03674 -0.0215265
v 0.0186505 -0.046084 -0.0207775
v 0.0261635 -0.048177 -0.0154275
v 0.0282185 -0.046236 -0.0161215
v 0.0142595 -0.066468 0.0037315
v 0.0047065 -0.051856 -0.0192865
v 0.0036535 -0.052821 -0.0189145
v 0.0309075 -0.044691 -0.0163255
v 0.0123405 -0.066081 0.0044855
v 0.0143615 -0.065209 0.0037565
v 0.0143285 -0.064087 0.0008785
v 0.0151025 -0.064494 -2.45e-05
v 0.0047615 -0.053328 -0.0180365
v 0.0498035 -0.04726 0.0070255
v 0.0485665 -0.047527 0.0057145
v 0.0070145 -0.052059 -0.0180545
v 0.0056535 -0.053336 -0.0167225
v 0.0501825 -0.047511 0.0098445
v 0.0063855 -0.049782 -0.0196265
v 0.0144145 -0.028116 -0.0268415
v 0.0047005 -0.049822 -0.0200745
v 0.0047005 -0.049822 -0.0200745
v 0.0484695 -0.049819 0.0102095
v 0.0145205 -0.06733 0.0057755
v 0.0153995 -0.032198 -0.0270805
v 0.0126625 -0.032931 -0.0271225
v 0.0518755 -0.047887 0.0098975
v 0.0518755 -0.047887 0.0098975
v 0.0114375 -0.066847 0.0063145
v 0.0146335 -0.029083 -0.0259965
v 0.0171385 -0.030744 -0.0261415
v 0.0187865 -0.028946 -0.0270275
v 0.0059425 -0.052384 -0.0190145
v 0.0167435 -0.0286 -0.0260515
v 0.0082585 -0.051919 -0.0185815
v 0.0131615 -0.067519 0.0079255
v 0.0561935 -0.037482 0.0022365
v 0.0561935 -0.037482 0.0022365
v 0.0522575 -0.040297 -0.0010265
v 0.0540145 -0.037577 -0.0011805
v 0.0198085 -0.02465 -0.0269415
v 0.0176615 -0.035981 -0.0273565
v 0.0078445 -0.053787 -0.0170795
v 0.0066015 -0.054343 -0.0154145
v 0.0089425 -0.051654 -0.0177675
v 0.0094205 -0.053796 -0.0157145
v 0.0243095 -0.031153 -0.0273035
v 0.0489065 -0.046273 0.0020685
v 0.0505405 -0.045763 0.0037375
v 0.0073785 -0.050275 -0.0195845
v 0.0178745 -0.066363 0.0050105
v 0.0158485 -0.064029 0.0019295
v 0.0172655 -0.064842 0.0041535
v 0.0519075 -0.042279 0.0010805
v 0.0521695 -0.043496 0.0031225
v 0.0206185 -0.06484 0.0040455
v 0.0152825 -0.066044 0.0058025
v 0.0141295 -0.06675 0.0075425
v 0.0167945 -0.066601 0.0079475
v 0.0188395 -0.064916 0.0050555
v 0.0195895 -0.029258 -0.0260685
v 0.0532685 -0.045808 0.0085935
v 0.0532685 -0.045808 0.0085935
v 0.0493245 -0.04371 0.0019785
v 0.0496715 -0.045252 0.0042765
v 0.0512165 -0.04413 0.0054685
v 0.0511195 -0.045828 0.0067185
v 0.0179965 -0.066994 0.0069725
v 0.0216505 -0.031082 -0.0263135
v 0.0152415 -0.068182 0.0078345
v 0.0527255 -0.042769 0.0051245
v 0.0188885 -0.066306 0.0084575
v 0.0198625 -0.065547 0.0077915
v 0.0212405 -0.064732 0.0061965
v 0.0188265 -0.027572 -0.0259985
v 0.0198275 -0.06773 0.0102785
v 0.0209865 -0.066218 0.0068015
v 0.0210615 -0.026312 -0.0258905
v -0.0147595 -0.079205 0.0250865
v -0.0143165 -0.078315 0.0268595
v 0.0230765 -0.027604 -0.0263045
v 0.0241795 -0.032606 -0.0263235
v 0.0239595 -0.029832 -0.0263335
v 0.0104175 -0.051984 -0.0184275
v 0.0233825 -0.026726 -0.0270825
v 0.0521305 -0.046792 0.0117675
v 0.0253965 -0.027846 -0.0261555
v 0.0100305 -0.055127 -0.0152885
v -0.0157155 -0.075889 0.0274005
v 0.0118075 -0.052402 -0.0164265
v 0.0111755 -0.050544 -0.0183795
v -0.0147435 -0.074567 0.0269035
v -0.0155665 -0.072538 0.0259435
v 0.0522225 -0.045213 0.0087645
v 0.0139575 -0.05262 -0.0171485
v 0.0142525 -0.054681 -0.0149075
v 0.0192845 -0.025008 -0.0260805
v 0.0234225 -0.025013 -0.0260545
v -0.0111425 -0.079607 0.0256575
v 0.0264415 -0.0253 -0.0263125
v -0.0093855 -0.078993 0.0267845
v 0.0540255 -0.043079 0.0055845
v 0.0540255 -0.043079 0.0055845
v -0.0096055 -0.077511 0.0273965
v -0.0073485 -0.080582 0.0249815
v 0.0247915 -0.021214 -0.0269415
v 0.0140895 -0.051876 -0.0164235
v 0.0125345 -0.054018 -0.0144175
v 0.0263675 -0.024556 -0.0271645
v -0.0061015 -0.078669 0.0271405
v 0.0535525 -0.043798 0.0091385
v 0.0251705 -0.023434 -0.0262025
v 0.0226885 -0.022496 -0.0259805
v 0.0534335 -0.041986 0.0059625
v -0.0098315 -0.074998 0.0267555
v 0.0133045 -0.028786 -0.0255875
v 0.0569585 -0.041217 0.0088025
v -0.0049555 -0.080411 0.0256855
v -0.0031795 -0.079169 0.0271275
v -0.0016085 -0.079857 0.0247225
v 0.0004765 -0.080556 0.0251405
v 0.0554745 -0.044475 0.0112745
v 0.0548445 -0.040768 0.0039175
v 0.0548445 -0.040768 0.0039175
v 0.0144905 -0.026937 -0.0259845
v 0.0523985 -0.040825 0.0024775
v 0.0503595 -0.04187 0.0004685
v 0.0512565 -0.041987 0.0015795
v -0.0081105 -0.069474 0.0082705
v -0.0053535 -0.070324 0.0103395
v -0.0030245 -0.070068 0.0088675
v -0.0018155 -0.070937 0.0117785
v -0.0015095 -0.069251 0.0066955
v 0.0164655 -0.026907 -0.0256205
v -0.0083115 -0.068348 0.0089335
v 0.0542295 -0.039579 0.0036855
v -0.0067275 -0.070886 0.0124995
v 0.0112725 -0.05545 -0.0135405
v -0.0075575 -0.069131 0.0112665
v 0.0162885 -0.024507 -0.0258955
v 0.0147625 -0.022406 -0.0255235
v 0.0518895 -0.039465 -2.5e-06
v 0.0527355 -0.037414 -0.0014045
v 0.0538555 -0.038444 0.0016975
v -0.0087705 -0.071082 0.0142515
v 0.0167585 -0.049471 -0.0178955
v 0.0179935 -0.022278 -0.0267175
v 0.0556865 -0.036991 0.0031405
v 0.0179595 -0.022971 -0.0254355
v 0.0171465 -0.021487 -0.0257975
v -0.0030345 -0.071473 0.0138195
v 0.0218755 -0.049483 -0.0175335
v 0.0184555 -0.051464 -0.0169005
v 0.0559105 -0.038289 0.0047725
v 0.0587545 -0.037768 0.0074585
v -0.0032385 -0.072086 0.0165925
v 0.0543685 -0.041849 0.0069175
v 0.0189335 -0.020373 -0.0258435
v -0.0091975 -0.071809 0.0178525
v 0.0207245 -0.019381 -0.0267275
v 0.0553245 -0.04136 0.0085015
v 0.0552595 -0.040069 0.0063205
v 0.0165755 -0.018483 -0.0256375
v 0.0195735 -0.04797 -0.0183845
v 0.0144685 -0.019514 -0.0255425
v -0.0001285 -0.070632 0.0102315
v 0.0027705 -0.071582 0.0142545
v 0.0008165 -0.071982 0.0163265
v 0.0156865 -0.016965 -0.0255665
v 0.0003755 -0.072746 0.0194005
v 0.0249765 -0.049441 -0.0162265
v 0.0569475 -0.03937 0.0087825
v 0.0576035 -0.036825 0.0064285
v 0.0051335 -0.072339 0.0187525
v 0.0024125 -0.072821 0.0211835
v 0.0072855 -0.071129 0.0136045
v 0.0203745 -0.019346 -0.0257245
v 0.0231865 -0.02071 -0.0260095
v 0.0151405 -0.054128 -0.0147575
v 0.0162905 -0.054001 -0.0149865
v 0.0270395 -0.021615 -0.0261495
v 0.0517845 -0.036967 -0.0053835
v 0.0565065 -0.034812 -0.0002305
v 0.0565065 -0.034812 -0.0002305
v 0.0273095 -0.032617 -0.0264125
v 0.0260005 -0.031307 -0.0266355
v 0.0204275 -0.052815 -0.0146085
v 0.0300475 -0.035144 -0.0257795
v -0.0074345 -0.066122 0.0035645
v 0.0539245 -0.034658 -0.0045435
v 0.0277805 -0.032978 -0.0272825
v 0.0560405 -0.032624 -0.0032165
v 0.0560405 -0.032624 -0.0032165
v 0.0302625 -0.033546 -0.0266355
v -0.0030485 -0.066474 0.0031425
v 0.0554905 -0.032962 -0.0021995
v 0.0542655 -0.033961 -0.0028375
v 0.0547505 -0.035271 -0.0006825
v 0.0563905 -0.034213 0.0008165
v 0.0561965 -0.031827 -0.0015535
v 0.0180685 -0.051792 -0.0155165
v 0.0154295 -0.052674 -0.0147055
v 0.0590875 -0.030383 -0.0002515
v 0.0597195 -0.031124 0.0017375
v -0.0071005 -0.06768 0.0068835
v 0.0160735 -0.053482 -0.0142125
v 0.0297985 -0.030329 -0.0273555
v -0.0037075 -0.069153 0.0068885
v 0.0577215 -0.029943 -0.0029655
v 0.0557575 -0.029807 -0.0061195
v 0.0557575 -0.029807 -0.0061195
v 0.0290105 -0.030362 -0.0266205
v 0.0267945 -0.029982 -0.0263475
v 0.0298105 -0.032507 -0.0256005
v 0.0558325 -0.03004 -0.0035075
v 0.0558325 -0.03004 -0.0035075
v 0.0307245 -0.03007 -0.0263255
v 0.0285295 -0.028221 -0.0274145
v 0.0574795 -0.029135 -0.0015875
v 0.0574795 -0.029135 -0.0015875
v 0.0571625 -0.02775 -0.0036075
v 0.0015175 -0.068608 0.0050515
v -0.0028975 -0.067068 0.0049355
v 0.0576995 -0.027563 -0.0048455
v 0.0204965 -0.051316 -0.0147425
v 0.0208275 -0.053102 -0.0130525
v 0.0316025 -0.034363 -0.0237025
v 0.0333005 -0.033371 -0.0244555
v 0.0020935 -0.067895 0.0067715
v 0.0599775 -0.02781 -0.0004845
v 0.0027355 -0.070071 0.0090585
v 0.0578865 -0.02617 -0.0036475
v 0.0356805 -0.03255 -0.0233205
v 0.0365335 -0.035186 -0.0207635
v 0.0600165 -0.02614 -0.0023215
v 0.0328005 -0.032327 -0.0259205
v -0.0023785 -0.068228 0.0078025
v 0.0331205 -0.029521 -0.0269975
v 0.0325365 -0.031614 -0.0251665
v 0.0556665 -0.035712 0.0020615
v 0.0013905 -0.069227 0.0095475
v 0.0220875 -0.053759 -0.0130025
v 0.0352025 -0.029679 -0.0259225
v 0.0030265 -0.068289 0.0069205
v 0.0049735 -0.067714 0.0063095
v 0.0344725 -0.034227 -0.0215635
v 0.0227735 -0.051427 -0.0151945
v 0.0055715 -0.069392 0.0077545
v 0.0244315 -0.051436 -0.0131565
v 0.0236985 -0.049754 -0.0149695
v 0.0562185 -0.036659 0.0043505
v 0.0574485 -0.035415 0.0044005
v 0.0342615 -0.032111 -0.0231495
v 0.0229475 -0.052704 -0.0120745
v 0.0064465 -0.067676 0.0058595
v 0.0093495 -0.069144 0.0080155
v 0.0259875 -0.051457 -0.0135705
v 0.0062595 -0.070554 0.0111675
v 0.0248425 -0.054974 -0.0100335
v 0.0287625 -0.027777 -0.0263775
v 0.0272735 -0.05191 -0.0125765
v 0.0281605 -0.053429 -0.0100455
v 0.0050225 -0.068672 0.0086565
v 0.0572995 -0.032108 0.0008385
v 0.0331935 -0.02662 -0.0273535
v 0.0313575 -0.02638 -0.0264465
v 0.0038725 -0.069296 0.0108585
v 0.0599225 -0.032325 0.0033335
v 0.0290115 -0.026288 -0.0271935
v 0.0317915 -0.024182 -0.0273395
v 0.0230195 -0.054585 -0.0101425
v 0.0025265 -0.069767 0.0115125
v 0.0592835 -0.035467 0.0055615
v 0.0595525 -0.032981 0.0056975
v 0.0589365 -0.030416 0.0015055
v 0.0058125 -0.069336 0.0106305
v 0.0293815 -0.022283 -0.0271475
v 0.0583955 -0.035268 0.0062545
v 0.0213485 -0.05779 -0.0065205
v 0.0290335 -0.024657 -0.0261885
v 0.0104895 -0.070864 0.0142655
v 0.0308325 -0.024202 -0.0267025
v 0.0121585 -0.069568 0.0107755
v 0.0340315 -0.024792 -0.0266195
v 0.0120165 -0.068865 0.0122685
v 0.0121195 -0.068302 0.0097205
v 0.0087555 -0.068867 0.0104175
v 0.0076065 -0.069868 0.0141955
v 0.0101815 -0.069655 0.0133435
v 0.0355885 -0.026789 -0.0269325
v 0.0252505 -0.052643 -0.0109135
v 0.0158185 -0.069523 0.0128395
v 0.0323255 -0.028877 -0.0264915
v 0.0347785 -0.027905 -0.0259285
v 0.0597725 -0.035264 0.0088945
v 0.0253735 -0.054351 -0.0092195
v 0.0362175 -0.029533 -0.0237895
v 0.0373145 -0.030048 -0.0236795
v 0.0603605 -0.033335 0.0081095
v 0.0616065 -0.031527 0.0058165
v 0.0610545 -0.035118 0.0089935
v 0.0196695 -0.04951 -0.0170615
v 0.0094165 -0.068057 0.0087055
v 0.0626715 -0.032109 0.0088085
v 0.0576085 -0.030678 -0.0005365
v 0.0165905 -0.068765 0.0107515
v 0.0155515 -0.067615 0.0103025
v 0.0371255 -0.026161 -0.0252195
v 0.0380295 -0.026592 -0.0253405
v 0.0218455 -0.050222 -0.0157395
v 0.0207865 -0.049016 -0.0167655
v 0.0586165 -0.029225 0.0003075
v 0.0222495 -0.048373 -0.0172195
v 0.0096345 -0.071829 0.0180665
v 0.0081235 -0.070596 0.0159965
v 0.0065255 -0.070736 0.0171955
v 0.0322365 -0.04322 -0.0164845
v 0.0326405 -0.04211 -0.0174745
v 0.0140455 -0.070796 0.0168595
v 0.0093085 -0.069603 0.0148175
v 0.0123325 -0.069686 0.0152025
v 0.0588415 -0.027279 -0.0011675
v 0.0588415 -0.027279 -0.0011675
v 0.0335855 -0.041186 -0.0171875
v 0.0080265 -0.070366 0.0175235
v 0.0351055 -0.042182 -0.0167725
v 0.0341505 -0.039818 -0.0190815
v 0.0095935 -0.070864 0.0179375
v 0.0120585 -0.069982 0.0178105
v -0.0120435 -0.071814 0.0196075
v 0.0256575 -0.050208 -0.0139905
v 0.0366815 -0.039907 -0.0163305
v -0.0131115 -0.071792 0.0214585
v 0.0354685 -0.03989 -0.0186365
v 0.0368355 -0.040166 -0.0171455
v 0.0361265 -0.037248 -0.0198905
v 0.0291285 -0.050421 -0.0128215
v -0.0098455 -0.072496 0.0226595
v -0.0095175 -0.072186 0.0206125
v 0.0623485 -0.028008 0.0039175
v 0.0613595 -0.027782 0.0016585
v 0.0600325 -0.027625 0.0011745
v 0.0600325 -0.027625 0.0011745
v -0.0067485 -0.072863 0.0219325
v 0.0370755 -0.038097 -0.0173185
v 0.0370755 -0.038097 -0.0173185
v -0.0076235 -0.073587 0.0240185
v -0.0045105 -0.073608 0.0235155
v -0.0046805 -0.074789 0.0250015
v -0.0085755 -0.074601 0.0250295
v 0.0355335 -0.035695 -0.0200095
v 0.0268415 -0.051028 -0.0119275
v -0.0051325 -0.072785 0.0224435
v 0.0596755 -0.030077 0.0030615
v 0.0382945 -0.039626 -0.0168555
v 0.0289575 -0.047537 -0.0144315
v 0.0304865 -0.047357 -0.0138805
v 0.0617855 -0.026992 0.0041625
v 0.0617855 -0.026992 0.0041625
v 0.0611545 -0.025828 0.0017015
v 0.0312355 -0.047579 -0.0144345
v -0.0061405 -0.07245 0.0197585
v 0.0321925 -0.045875 -0.0138965
v 0.0341755 -0.044866 -0.0137955
v -0.0033015 -0.072653 0.0197795
v 0.0607225 -0.030652 0.0051385
v 0.0348315 -0.046611 -0.0129655
v 0.0330915 -0.047533 -0.0120915
v 0.0338905 -0.048135 -0.0123345
v -0.0066365 -0.072481 0.0245405
v -0.0030255 -0.071867 0.0221975
v -0.0058535 -0.072023 0.0225405
v -0.0148345 -0.075636 0.0255615
v -0.0115085 -0.074916 0.0255205
v 0.0616895 -0.030802 0.0076475
v 0.0613275 -0.028908 0.0047195
v 0.0284225 -0.049139 -0.0132015
v -0.0116545 -0.073354 0.0245195
v -0.0135305 -0.072482 0.0235905
v 0.0366675 -0.043298 -0.0149605
v 0.0639215 -0.025142 0.0044125
v 0.0353845 -0.04169 -0.0158515
v 0.0360135 -0.043856 -0.0135855
v 0.0637475 -0.028451 0.0070965
v -0.0110835 -0.071581 0.0237575
v -0.0133705 -0.071883 0.0245705
v -0.0107485 -0.072772 0.0254925
v -0.0117115 -0.070619 0.0213465
v 0.0370565 -0.047887 -0.0099445
v 0.0636435 -0.02529 0.0062245
v 0.0636435 -0.02529 0.0062245
v 0.0359845 -0.045193 -0.0131405
v 0.0374065 -0.045136 -0.0126605
v 0.0398195 -0.043552 -0.0121815
v 0.0390765 -0.046274 -0.0098835
v 0.0377965 -0.043857 -0.0116775
v 0.0019525 -0.057258 -0.0138115
v 0.0032325 -0.058865 -0.0116015
v 0.0383195 -0.042045 -0.0131185
v 0.0018775 -0.057726 -0.0121605
v 0.0382645 -0.06672 0.0253875
v 0.0365615 -0.047172 -0.0092815
v 0.0340745 -0.048525 -0.0095725
v 0.0395325 -0.06357 0.0252725
v 0.0421055 -0.064412 0.0254305
v -0.0090435 -0.076403 0.0254825
v -0.0107345 -0.078117 0.0240695
v 0.0380165 -0.045549 -0.0099275
v 0.0039265 -0.05995 -0.0102165
v 0.0392645 -0.069208 0.0265865
v 0.0433075 -0.065756 0.0270555
v 0.0384145 -0.067921 0.0272585
v 0.0386185 -0.049352 -0.0067525
v 0.0405045 -0.061158 0.0231625
v -0.0059315 -0.076387 0.0255075
v -0.0028645 -0.077624 0.0251295
v 0.0372845 -0.048642 -0.0079215
v 0.0047425 -0.057962 -0.0114165
v 0.0041025 -0.056608 -0.0132315
v 0.0411185 -0.045312 -0.0089875
v 0.0395685 -0.047337 -0.0065295
v 0.0021425 -0.059749 -0.0090905
v -0.0068565 -0.076779 0.0272075
v 0.0396845 -0.044831 -0.0091585
v 0.0399915 -0.061679 0.0255765
v 0.0398095 -0.060357 0.0224085
v -0.0086225 -0.072555 0.0249055
v -0.0056655 -0.0736 0.0256625
v 0.0413825 -0.063233 0.0252655
v 0.0398375 -0.042139 -0.0117075
v -0.0096035 -0.071213 0.0216435
v -0.0015295 -0.060762 -0.0078125
v -0.0015295 -0.060762 -0.0078125
v 0.0429065 -0.04229 -0.0105175
v 0.0425635 -0.061284 0.0248045
v 0.0445325 -0.062167 0.0255475
v 0.0407105 -0.043422 -0.0098615
v 0.0440135 -0.067236 0.0243405
v 0.0457755 -0.065874 0.0246705
v 0.0435565 -0.06726 0.0259545
v 0.0422365 -0.068066 0.0245165
v 0.0465735 -0.064857 0.0262505
v 0.0004485 -0.060095 -0.0081025
v 0.0476495 -0.062316 0.0271055
v 0.0435615 -0.062746 0.0269835
v 0.0400585 -0.037872 -0.0154525
v 0.0400585 -0.037872 -0.0154525
v 0.0385645 -0.039036 -0.0153475
v 0.0389565 -0.035487 -0.0178855
v -0.0005425 -0.076825 0.0255775
v 0.0398445 -0.040228 -0.0150885
v 0.0024585 -0.079349 0.0269595
v -8.15e-05 -0.078624 0.0240415
v 0.0489845 -0.063144 0.0261675
v -0.0022485 -0.074914 0.0248155
v 0.0053475 -0.061319 -0.0083235
v 0.0418855 -0.059716 0.0209635
v 0.0394765 -0.040029 -0.0142375
v -0.0019385 -0.073304 0.0229345
v 0.0084435 -0.060411 -0.0091245
v 0.0086505 -0.061712 -0.0070445
v 0.0028525 -0.075779 0.0254755
v 0.0417985 -0.040405 -0.0131285
v 0.0449795 -0.056691 0.0174975
v 0.0447845 -0.057465 0.0213035
v 0.0412355 -0.04056 -0.0121475
v 0.0028195 -0.073606 0.0237345
v 0.0435825 -0.05711 0.0204525
v 0.0437045 -0.056546 0.0180845
v 0.0412465 -0.058289 0.0191355
v 0.0403825 -0.038273 -0.0158165
v 0.0059005 -0.058886 -0.0116215
v 0.0029095 -0.080175 0.0248395
v 0.0009955 -0.077798 0.0274075
v 0.0405765 -0.059993 0.0245445
v 0.0413745 -0.036951 -0.0163135
v 0.0078235 -0.058117 -0.0122205
v 0.0420455 -0.058699 0.0236435
v 0.0425845 -0.060372 0.0256885
v 0.0057625 -0.060202 -0.0078815
v 0.0425365 -0.037559 -0.0134395
v 0.0425365 -0.037559 -0.0134395
v 0.0058685 -0.080251 0.0257715
v 0.0044345 -0.078653 0.0273395
v 0.0430055 -0.06008 0.0238545
v 0.0078215 -0.079009 0.0266665
v 0.0423685 -0.037468 -0.0148435
v 0.0431545 -0.038288 -0.0138975
v 0.0452185 -0.060485 0.0253515
v 0.0069485 -0.05837 -0.0105085
v 0.0040425 -0.078632 0.0239625
v 0.0057215 -0.076678 0.0254425
v 0.0456385 -0.057639 0.0253255
v 0.0440755 -0.059007 0.0240165
v 0.0450045 -0.058299 0.0234185
v 0.0090285 -0.059461 -0.0097565
v 0.0432845 -0.042482 -0.0082705
v 0.0105645 -0.059895 -0.0095475
v 0.0470205 -0.056283 0.0225725
v 0.0486685 -0.056157 0.0243845
v 0.0486685 -0.056157 0.0243845
v 0.0036575 -0.07602 0.0270455
v 0.0083685 -0.077444 0.0274435
v 0.0425095 -0.047231 -0.0054685
v 0.0409775 -0.049349 -0.0041995
v 0.0082995 -0.059708 -0.0085355
v 0.0078565 -0.076056 0.0270795
v 0.0063345 -0.073857 0.0258725
v 0.0434055 -0.044432 -0.0076185
v 0.0499555 -0.058948 0.0251655
v 0.0499555 -0.058948 0.0251655
v 0.0468365 -0.063175 0.0236375
v 0.0412315 -0.045021 -0.0077055
v 0.0471455 -0.05824 0.0250875
v 0.0499455 -0.057903 0.0254005
v 0.0499455 -0.057903 0.0254005
v 0.0039795 -0.061533 -0.0067805
v 0.0434785 -0.043759 -0.0058145
v 0.0494485 -0.063468 0.0239355
v 0.0518005 -0.061705 0.0245635
v -0.0025875 -0.072562 0.0231345
v 0.0450265 -0.03958 -0.0108675
v 0.0520405 -0.06105 0.0260135
v -0.0031125 -0.072925 0.0248375
v 0.0001495 -0.072589 0.0238365
v 0.0059205 -0.061737 -0.0057645
v 0.0431495 -0.040385 -0.0102805
v 0.0012525 -0.073771 0.0257115
v 0.0021335 -0.072684 0.0246245
v 0.0498915 -0.058642 0.0271145
v 0.0516085 -0.059251 0.0270675
v 0.0450065 -0.040122 -0.0089925
v 0.0066585 -0.072855 0.0224275
v 0.0058505 -0.074248 0.0244535
v 0.0092625 -0.074329 0.0250405
v 0.0078075 -0.075471 0.0253075
v 0.0091645 -0.061188 -0.0059375
v 0.0467735 -0.041865 -0.0066795
v 0.0458425 -0.040683 -0.0072125
v 0.0093005 -0.072449 0.0215945
v 0.0452145 -0.038619 -0.0100725
v 0.0466705 -0.036911 -0.0114615
v 0.0490675 -0.037831 -0.0081045
v 0.0464315 -0.038915 -0.0079765
v 0.0472895 -0.039915 -0.0079765
v 0.0041605 -0.073222 0.0251545
v 0.0064845 -0.072298 0.0244115
v 0.0034175 -0.071749 0.0216635
v 0.0535175 -0.060865 0.0247355
v 0.0535175 -0.060865 0.0247355
v 0.0551105 -0.058895 0.0247175
v 0.0551105 -0.058895 0.0247175
v 0.0536395 -0.058839 0.0265565
v 0.0064665 -0.056435 -0.0130155
v 0.0094865 -0.05804 -0.0106835
v 0.0101355 -0.058429 -0.0114125
v 0.0453705 -0.055552 0.0144415
v 0.0105625 -0.060041 -0.0071375
v 0.0117185 -0.05792 -0.0097425
v 0.0098045 -0.056724 -0.0118955
v 0.0082955 -0.072995 0.0253225
v -0.0030725 -0.077238 0.0272895
v 0.0128785 -0.060729 -0.0073675
v 0.0375905 -0.035569 -0.0201885
v -0.0031325 -0.074621 0.0262515
v 0.0398745 -0.035765 -0.0183085
v 0.0449355 -0.054494 0.0133765
v 0.0375475 -0.033091 -0.0203225
v 0.0377975 -0.033363 -0.0212095
v -0.0004775 -0.076429 0.0271295
v 0.0466665 -0.052849 0.0130755
v 0.0362065 -0.031911 -0.0217325
v 0.0124915 -0.059302 -0.0082485
v 0.0127225 -0.060281 -0.0059415
v 0.0400885 -0.030206 -0.0213395
v 0.0375745 -0.030928 -0.0217415
v 0.0143465 -0.062055 -0.0046815
v 0.0116895 -0.06236 -0.0054835
v 0.0405845 -0.031444 -0.0205965
v 0.0406825 -0.033353 -0.0190955
v 0.0144965 -0.060448 -0.0056815
v 0.0393545 -0.032644 -0.0191705
v 0.0457885 -0.054325 0.0161435
v 0.0428485 -0.030783 -0.0190455
v 0.0097705 -0.062827 -0.0049705
v 0.0204245 -0.077587 0.0247135
v 0.0239315 -0.076559 0.0248795
v 0.0233105 -0.076237 0.0264555
v 0.0188245 -0.077626 0.0260375
v 0.0104685 -0.06364 -0.0029275
v 0.0462915 -0.055277 0.0166595
v 0.0281665 -0.074526 0.0264645
v 0.0090465 -0.062039 -0.0042075
v 0.0439025 -0.03277 -0.0171545
v 0.0197155 -0.068859 0.0143975
v 0.0118015 -0.061886 -0.0041055
v 0.0143775 -0.068705 0.0128265
v 0.0182305 -0.070087 0.0183685
v 0.0479735 -0.051469 0.0140825
v 0.0379545 -0.027882 -0.0231565
v 0.0393995 -0.029916 -0.0211335
v 0.0122495 -0.063645 -0.0029735
v 0.0397305 -0.028153 -0.0213845
v 0.0489685 -0.051933 0.0123685
v 0.0170895 -0.067647 0.0112345
v 0.0497195 -0.052211 0.0161555
v 0.0497195 -0.052211 0.0161555
v 0.0418355 -0.030099 -0.0190905
v 0.0216635 -0.068059 0.0130005
v 0.0170435 -0.062684 -0.0025625
v 0.0473235 -0.054856 0.0174095
v 0.0494455 -0.053234 0.0190985
v 0.0494455 -0.053234 0.0190985
v 0.0121855 -0.06371 -0.0013325
v 0.0183325 -0.067008 0.0111745
v 0.0231055 -0.066022 0.0083895
v 0.0401295 -0.027466 -0.0229605
v 0.0137705 -0.062677 -0.0020465
v 0.0210115 -0.066487 0.0112215
v 0.0394455 -0.025665 -0.0233625
v 0.0230675 -0.066676 0.0105865
v 0.0230125 -0.065158 0.0083975
v 0.0141855 -0.061329 -0.0041085
v 0.0437705 -0.028453 -0.0196715
v 0.0421085 -0.025415 -0.0224505
v 0.0415705 -0.027008 -0.0207355
v 0.0179185 -0.068357 0.0146495
v 0.0493815 -0.050135 0.0129325
v 0.0429795 -0.027932 -0.0190285
v 0.0421445 -0.023963 -0.0218735
v 0.0193195 -0.067747 0.0135015
v 0.0195985 -0.061257 -0.0037475
v 0.0431805 -0.025909 -0.0203955
v 0.0496715 -0.048386 0.0118355
v 0.0515025 -0.049581 0.0128315
v 0.0515025 -0.049581 0.0128315
v 0.0235945 -0.066131 0.0118065
v 0.0249345 -0.066079 0.0103035
v 0.0408215 -0.034893 -0.0166275
v 0.0273115 -0.066417 0.0147715
v 0.0428645 -0.034538 -0.0155425
v 0.0446315 -0.034677 -0.0151815
v 0.0476865 -0.053246 0.0174305
v 0.0176265 -0.060181 -0.0048045
v 0.0155565 -0.061561 -0.0028445
v 0.0209535 -0.067852 0.0172025
v 0.0218305 -0.067227 0.0148505
v 0.0241655 -0.067873 0.0162685
v 0.0487295 -0.051794 0.0165295
v 0.0218945 -0.068899 0.0176925
v 0.0463545 -0.0352 -0.0131405
v 0.0179495 -0.062211 -0.0007395
v 0.0447525 -0.035715 -0.0126705
v 0.0447525 -0.035715 -0.0126705
v 0.0504665 -0.049733 0.0150525
v 0.0412025 -0.033552 -0.0174465
v 0.0160155 -0.062645 -0.0008755
v 0.0236575 -0.06678 0.0153015
v 0.0243495 -0.065091 0.0108515
v 0.0258065 -0.065551 0.0129755
v 0.0538715 -0.047404 0.0140305
v 0.0210995 -0.062445 -0.0006305
v 0.0220795 -0.059877 -0.0047045
v 0.0458075 -0.033166 -0.0137405
v 0.0441335 -0.031246 -0.0165755
v 0.0464835 -0.031556 -0.0156885
v 0.0522165 -0.050198 0.0171915
v 0.0534875 -0.048431 0.0166815
v 0.0186145 -0.06394 0.0009455
v 0.0188425 -0.062376 0.0010465
v 0.0206395 -0.061723 6.85e-05
v 0.0441655 -0.029486 -0.0172715
v 0.0204965 -0.060432 -0.0029335
v 0.0455515 -0.029513 -0.0175065
v 0.0149205 -0.070994 0.0193825
v 0.0167805 -0.069515 0.0189815
v 0.0158175 -0.069003 0.0161505
v 0.0462925 -0.054873 0.0193215
v 0.0445895 -0.055924 0.0198135
v 0.0468505 -0.030346 -0.0146075
v 0.0473135 -0.055236 0.0200205
v 0.0450875 -0.028276 -0.0173955
v 0.0453605 -0.02548 -0.0185685
v 0.0478135 -0.02741 -0.0169385
v 0.0450035 -0.026315 -0.0197865
v 0.0484005 -0.052591 0.0192695
v 0.0193445 -0.068562 0.0172015
v 0.0472565 -0.027011 -0.0162455
v 0.0486065 -0.054607 0.0223015
v 0.0486065 -0.054607 0.0223015
v 0.0514335 -0.0516 0.0200435
v 0.0507015 -0.052379 0.0215555
v 0.0174695 -0.058368 -0.0075155
v 0.0260435 -0.06814 0.0209155
v 0.0479825 -0.033065 -0.0130905
v 0.0451625 -0.037187 -0.0107495
v 0.0468335 -0.034656 -0.0116265
v 0.0468335 -0.034656 -0.0116265
v 0.0466495 -0.056063 0.0246895
v 0.0500255 -0.053026 0.0244085
v 0.0476355 -0.054777 0.0228035
v 0.0505445 -0.054228 0.0241825
v 0.0297775 -0.074411 0.0249295
v 0.0474205 -0.036594 -0.0093825
v 0.0488315 -0.034663 -0.0111195
v 0.0544845 -0.054163 0.0252935
v 0.0523445 -0.059121 0.0233685
v 0.0523445 -0.059121 0.0233685
v 0.0503815 -0.035674 -0.0083995
v 0.0523485 -0.055088 0.0254295
v 0.0487955 -0.036601 -0.0075355
v 0.0333675 -0.072961 0.0249805
v 0.0194795 -0.059193 -0.0051295
v 0.0353575 -0.071215 0.0266385
v 0.0308185 -0.072148 0.0272815
v 0.0286025 -0.06692 0.0199265
v 0.0253935 -0.066352 0.0172305
v 0.0282145 -0.064847 0.0146755
v 0.0507045 -0.030867 -0.0117505
v 0.0221995 -0.058546 -0.0045325
v 0.0487115 -0.033775 -0.0101855
v 0.0487115 -0.033775 -0.0101855
v 0.0514725 -0.033442 -0.0089385
v 0.0282335 -0.067864 0.0233815
v 0.0294205 -0.068845 0.0248945
v 0.0256325 -0.069078 0.0237725
v 0.0510415 -0.033219 -0.0081585
v 0.0510415 -0.033219 -0.0081585
v 0.0501855 -0.03206 -0.0097495
v 0.0534765 -0.052226 0.0247735
v 0.0309035 -0.066109 0.0219045
v 0.0319735 -0.067743 0.0251045
v 0.0325775 -0.069589 0.0253665
v 0.0365415 -0.071476 0.0245935
v 0.0502855 -0.028441 -0.0138395
v 0.0497895 -0.027165 -0.0148405
v 0.0528245 -0.049718 0.0190995
v 0.0247565 -0.055915 -0.0071465
v 0.0239805 -0.057522 -0.0049775
v 0.0303275 -0.065402 0.0217065
v 0.0487895 -0.028584 -0.0138545
v 0.0240525 -0.058755 -0.0035085
v 0.0541005 -0.048649 0.0186885
v 0.0347585 -0.066988 0.0254725
v 0.0488025 -0.030492 -0.0125775
v 0.0078425 -0.079718 0.0251415
v 0.0496545 -0.031068 -0.0115675
v 0.0103075 -0.07898 0.0265695
v 0.0227675 -0.059583 -0.0023175
v 0.0115785 -0.07906 0.0240105
v 0.0539965 -0.049135 0.0211815
v 0.0534385 -0.050515 0.0231735
v 0.0124635 -0.07872 0.0260415
v 0.0522785 -0.049412 0.0229755
v 0.0508335 -0.051542 0.0222195
v 0.0532465 -0.050155 0.0248965
v 0.0123105 -0.07738 0.0273455
v 0.0513995 -0.030062 -0.0098475
v 0.0557515 -0.047806 0.0227605
v 0.0149455 -0.078713 0.0251035
v 0.0167755 -0.077689 0.0267095
v 0.0530825 -0.027706 -0.0111495
v 0.0530825 -0.027706 -0.0111495
v 0.0110635 -0.075694 0.0253655
v 0.0488345 -0.02607 -0.0150965
v 0.0508135 -0.026387 -0.0128385
v 0.0538465 -0.04847 0.0227955
v 0.0545565 -0.048047 0.0244415
v 0.0547405 -0.046796 0.0221985
v 0.0559755 -0.045927 0.0235035
v 0.0525375 -0.026833 -0.0109915
v 0.0103325 -0.07309 0.0238965
v 0.0575025 -0.05537 0.0261725
v 0.0575025 -0.05537 0.0261725
v 0.0539615 -0.0568 0.0270645
v 0.0119345 -0.071405 0.0233405
v 0.0093815 -0.071979 0.0237365
v 0.0119875 -0.072397 0.0254275
v 0.0531105 -0.030586 -0.0091415
v 0.0149805 -0.073611 0.0253865
v 0.0129895 -0.072964 0.0246535
v 0.0166745 -0.074571 0.0255255
v 0.0141565 -0.072727 0.0240985
v 0.0141005 -0.071738 0.0220045
v 0.0403925 -0.048095 -0.0040755
v 0.0426155 -0.04575 -0.0049945
v 0.0564075 -0.052922 0.0248885
v 0.0566695 -0.054907 0.0235525
v 0.0103765 -0.073701 0.0262015
v 0.0131055 -0.075605 0.0272015
v 0.0206425 -0.062637 0.0015975
v 0.0424755 -0.05024 -0.0010415
v 0.0453265 -0.047941 -0.0009145
v 0.0440735 -0.046493 -0.0022115
v 0.0576185 -0.052434 0.0270005
v 0.0576185 -0.052434 0.0270005
v 0.0448715 -0.045538 -0.0047235
v 0.0254215 -0.056784 -0.0073595
v 0.0549685 -0.051386 0.0248575
v 0.0163455 -0.073858 0.0269415
v 0.0572365 -0.050472 0.0253605
v 0.0142275 -0.07161 0.0247625
v 0.0278125 -0.055468 -0.0075435
v 0.0164485 -0.078468 0.0247145
v 0.0268755 -0.055459 -0.0066335
v 0.0273295 -0.05354 -0.0089535
v 0.0570935 -0.048602 0.0248235
v 0.0488605 -0.042367 -0.0034775
v 0.0443365 -0.044712 -0.0044905
v 0.0458065 -0.042517 -0.0054415
v 0.0599915 -0.051848 0.0266245
v 0.0590245 -0.054392 0.0253725
v 0.0615375 -0.051407 0.0257445
v 0.0461235 -0.043842 -0.0031925
v 0.0203695 -0.07635 0.0269245
v 0.0165795 -0.076473 0.0273545
v 0.0600555 -0.04837 0.0250215
v 0.0467355 -0.045372 -0.0025435
v 0.0294835 -0.051818 -0.0099115
v 0.0165535 -0.071849 0.0239115
v 0.0575985 -0.04618 0.0235385
v 0.0590315 -0.047566 0.0251245
v 0.0600855 -0.050888 0.0234695
v 0.0209465 -0.074872 0.0274205
v 0.0427135 -0.049093 0.0004625
v 0.0456925 -0.048171 0.0021805
v 0.0456895 -0.046823 0.0005405
v 0.0187945 -0.072133 0.0262705
v 0.0470575 -0.045355 0.0002675
v 0.0605565 -0.049712 0.0270165
v 0.0632365 -0.048468 0.0262565
v 0.0481565 -0.0424 -0.0020245
v 0.0309395 -0.053054 -0.0086665
v 0.0363905 -0.06749 0.0271325
v 0.0397095 -0.065398 0.0270595
v 0.0314125 -0.052544 -0.0067895
v 0.0295355 -0.054639 -0.0055195
v 0.0483725 -0.04376 0.0001275
v 0.0246705 -0.074654 0.0271975
v 0.0138405 -0.070688 0.0231005
v 0.0173935 -0.070573 0.0242315
v 0.0316615 -0.049683 -0.0120655
v 0.0464695 -0.041218 -0.0053185
v 0.0185655 -0.070396 0.0205065
v 0.0218345 -0.069743 0.0220655
v 0.0197365 -0.071791 0.0247825
v 0.0484525 -0.038601 -0.0063665
v 0.0486275 -0.039968 -0.0044545
v 0.0196105 -0.069498 0.0231965
v 0.0310045 -0.050631 -0.0098235
v 0.0205675 -0.073822 0.0252465
v 0.0245885 -0.071369 0.0253415
v 0.0502295 -0.03916 -0.0054095
v 0.0206155 -0.070656 0.0255635
v 0.0200145 -0.069042 0.0209785
v 0.0187585 -0.069203 0.0215015
v 0.0318505 -0.048884 -0.0111835
v 0.0229795 -0.070299 0.0241255
v 0.0464515 -0.059909 0.0266115
v 0.0225195 -0.069168 0.0245395
v 0.0228465 -0.068005 0.0214615
v 0.0210845 -0.069303 0.0228925
v 0.0250875 -0.072545 0.0253815
v 0.0241825 -0.075021 0.0238005
v 0.0241955 -0.072542 0.0272395
v 0.0493655 -0.041349 -0.0011915
v 0.0504685 -0.039758 -0.0020125
v 0.0241425 -0.070604 0.0260595
v 0.0493635 -0.055894 0.0259125
v 0.0279465 -0.072886 0.0275045
v 0.0333195 -0.05084 -0.0096365
v 0.0509485 -0.037643 -0.0040605
v 0.0500015 -0.037058 -0.0057085
v 0.0258825 -0.068281 0.0248615
v 0.0513595 -0.054267 0.0261355
v 0.0287155 -0.071214 0.0256005
v 0.0337925 -0.049633 -0.0090005
v 0.0273305 -0.070767 0.0268955
v 0.0537705 -0.053846 0.0265575
v 0.0484905 -0.04597 0.0029365
v 0.0471135 -0.047675 0.0037755
v 0.0539195 -0.051269 0.0256935
v 0.0311775 -0.054486 -0.0065825
v 0.0331035 -0.051471 -0.0077425
v 0.0307745 -0.069735 0.0269455
v 0.0337935 -0.070342 0.0272105
v 0.0327985 -0.054567 -0.0050815
v 0.0349915 -0.051331 -0.0076775
v 0.0252555 -0.067485 0.0223575
v 0.0342795 -0.050915 -0.0066495
v 0.0328775 -0.05155 -0.0063085
v 0.0464015 -0.04954 0.0051355
v 0.0285905 -0.066804 0.0242965
v 0.0365335 -0.050321 -0.0072165
v 0.0360765 -0.052168 -0.0055675
v 0.0502795 -0.035172 -0.0070825
v 0.0285375 -0.067795 0.0255395
v 0.0329535 -0.067588 0.0265945
v 0.0561475 -0.05027 0.0263465
v 0.0517905 -0.034557 -0.0055865
v 0.0522815 -0.035599 -0.0040575
v 0.0353805 -0.04888 -0.0078455
v 0.0531945 -0.033686 -0.0063935
v 0.0365305 -0.049928 -0.0061435
v 0.0532125 -0.032598 -0.0052385
v 0.0532125 -0.032598 -0.0052385
v 0.0525875 -0.032048 -0.0067485
v 0.0566715 -0.047402 0.0252625
v 0.0396295 -0.069662 0.0246345
v 0.0591185 -0.047124 0.0264115
v 0.0591185 -0.047124 0.0264115
v 0.0243345 -0.059966 -0.0008945
v 0.0225545 -0.061268 0.0006245
v 0.0614515 -0.047729 0.0270095
v 0.0256495 -0.060824 -0.0002295
v 0.0235545 -0.06263 0.0013125
v 0.0550545 -0.030848 -0.0045525
v 0.0550545 -0.030848 -0.0045525
v 0.0239505 -0.060151 -0.0029675
v 0.0540215 -0.030762 -0.0062925
v 0.0068135 -0.054683 -0.0162465
v 0.0045855 -0.055041 -0.0160135
v 0.0028785 -0.055962 -0.0151265
v 0.0534745 -0.044773 0.0105085
v 0.0032215 -0.054724 -0.0154735
v 0.0268395 -0.058114 -0.0043625
v 0.0533035 -0.046069 0.0140795
v 0.0555655 -0.027504 -0.0081725
v 0.0555655 -0.027504 -0.0081725
v 0.0057415 -0.056311 -0.0147075
v 0.0539255 -0.028327 -0.0080115
v 0.0266005 -0.059114 -0.0025525
v 0.0552695 -0.042397 0.0098455
v 0.0548325 -0.043183 0.0113055
v 0.0274805 -0.056277 -0.0045975
v 0.0259155 -0.057564 -0.0031275
v 0.0287415 -0.056942 -0.0046965
v 0.0289545 -0.058618 -0.0018645
v 0.0555935 -0.028748 -0.0050435
v 0.0559435 -0.026192 -0.0067375
v 0.0058115 -0.055489 -0.0160815
v 0.0075605 -0.055334 -0.0146235
v 0.0568355 -0.026087 -0.0071065
v 0.0548185 -0.04449 0.0137195
v 0.0250015 -0.064084 0.0079615
v 0.0266915 -0.064805 0.0122505
v 0.0267965 -0.060157 -0.0010465
v 0.0521665 -0.048066 0.0158115
v 0.0296455 -0.064168 0.0104995
v 0.0297715 -0.062556 0.0064185
v 0.0266675 -0.059202 -0.0006075
v 0.0301915 -0.064967 0.0139025
v 0.0282245 -0.064036 0.0116325
v 0.0280485 -0.063178 0.0096935
v 0.0544875 -0.045585 0.0165615
v 0.0269185 -0.057682 -0.0025835
v 0.0313495 -0.062706 0.0126025
v 0.0307175 -0.061698 0.0088585
v 0.0290815 -0.056703 -0.0032095
v 0.0572645 -0.043849 0.0159515
v 0.0336595 -0.060889 0.0071655
v 0.0569205 -0.041611 0.0133555
v 0.0329875 -0.062335 0.0133465
v 0.0332045 -0.06138 0.0111015
v 0.0276155 -0.061698 0.0027905
v 0.0298215 -0.060632 0.0028385
v 0.0340255 -0.060738 0.0122785
v 0.0565245 -0.043663 0.0176995
v 0.0566885 -0.045196 0.0174165
v 0.0295655 -0.058605 0.0011145
v 0.0309255 -0.05751 0.0002925
v 0.0570915 -0.042366 0.0173295
v 0.0285885 -0.060157 0.0030895
v 0.0311745 -0.058879 0.0007875
v 0.0318575 -0.057007 -0.0020205
v 0.0587735 -0.040933 0.0131745
v 0.0601245 -0.037586 0.0106885
v 0.0204515 -0.063875 0.0046025
v 0.0585215 -0.037706 0.0102225
v 0.0223965 -0.064045 0.0036265
v 0.0236775 -0.064686 0.0056715
v 0.0258645 -0.063477 0.0048445
v 0.0218685 -0.06269 0.0027735
v 0.0588455 -0.038909 0.0136375
v 0.0584175 -0.040467 0.0161575
v 0.0596005 -0.041152 0.0174685
v 0.0238855 -0.062926 0.0043695
v 0.0605125 -0.039302 0.0153175
v 0.0243935 -0.061297 0.0014215
v 0.0258995 -0.061011 0.0025315
v 0.0248325 -0.063032 0.0057415
v 0.0599085 -0.036649 0.0121595
v 0.0615565 -0.037039 0.0141485
v 0.0597625 -0.038574 0.0160305
v 0.0611385 -0.036489 0.0164995
v 0.0611385 -0.036489 0.0164995
v 0.0544915 -0.046425 0.0192135
v 0.0556845 -0.044816 0.0197355
v 0.0579545 -0.043908 0.0193685
v 0.0566325 -0.044389 0.0211215
v 0.0594785 -0.039579 0.0184055
v 0.0579425 -0.04291 0.0210815
v 0.0260425 -0.064809 0.0079915
v 0.0270905 -0.062861 0.0071575
v 0.0275905 -0.061987 0.0064285
v 0.0278615 -0.061219 0.0042745
v 0.0605545 -0.038718 0.0201335
v 0.0605545 -0.038718 0.0201335
v 0.0628605 -0.036194 0.0179925
v 0.0611805 -0.040015 0.0213035
v 0.0562075 -0.046465 0.0212515
v 0.0303325 -0.060922 0.0060815
v 0.0591905 -0.044579 0.0240185
v 0.0594815 -0.042495 0.0218785
v 0.0582675 -0.042729 0.0227025
v 0.0582675 -0.042729 0.0227025
v 0.0291355 -0.062639 0.0083625
v 0.0649035 -0.04582 0.0265415
v 0.0653065 -0.046773 0.0244995
v 0.0666285 -0.044425 0.0257625
v 0.0618155 -0.038324 0.0185625
v 0.0318385 -0.058851 0.0034155
v 0.0310645 -0.057879 0.0016905
v 0.0598575 -0.040304 0.0219915
v 0.0598575 -0.040304 0.0219915
v 0.0337305 -0.058946 0.0035455
v 0.0337785 -0.056653 0.0013885
v 0.0616665 -0.038553 0.0239945
v 0.0630835 -0.035375 0.0228835
v 0.0623835 -0.035298 0.0189275
v 0.0641375 -0.036787 0.0240225
v 0.0621645 -0.039794 0.0235155
v 0.0342665 -0.058015 0.0046885
v 0.0602555 -0.034943 0.0103525
v 0.0360475 -0.058887 0.0057035
v 0.0324595 -0.059224 0.0054025
v 0.0633525 -0.033173 0.0126695
v 0.0614505 -0.033205 0.0107365
v 0.0327675 -0.060525 0.0084045
v 0.0338365 -0.059571 0.0071955
v 0.0342655 -0.059638 0.0091315
v 0.0613725 -0.035027 0.0137725
v 0.0359425 -0.057849 0.0060025
v 0.0376885 -0.05831 0.0068365
v 0.0629465 -0.031287 0.0123245
v 0.0629465 -0.031287 0.0123245
v 0.0621445 -0.033736 0.0141875
v 0.0621445 -0.033736 0.0141875
v 0.0379285 -0.055851 0.0047165
v 0.0376195 -0.056799 0.0068485
v 0.0661365 -0.025936 0.0108115
v 0.0629425 -0.028258 0.0078885
v 0.0654535 -0.029169 0.0130775
v 0.0641505 -0.026784 0.0086585
v 0.0655925 -0.024679 0.0077955
v 0.0637965 -0.029603 0.0118705
v 0.0637965 -0.029603 0.0118705
v 0.0644445 -0.026757 0.0104665
v 0.0644445 -0.026757 0.0104665
v 0.0318835 -0.054303 -0.0039645
v 0.0308085 -0.055285 -0.0041535
v 0.0313225 -0.056378 -0.0009565
v 0.0647645 -0.028255 0.0136485
v 0.0348285 -0.05433 -0.0034375
v 0.0642205 -0.032829 0.0153965
v 0.0329525 -0.05306 -0.0053975
v 0.0349795 -0.052313 -0.0042115
v 0.0342325 -0.053257 -0.0044765
v 0.0343395 -0.05369 -0.0027875
v 0.0673865 -0.025312 0.0144925
v 0.0658265 -0.025361 0.0128715
v 0.0618065 -0.035133 0.0174235
v 0.0626835 -0.034375 0.0169185
v 0.0321815 -0.055945 -0.0015305
v 0.0636505 -0.032927 0.0181165
v 0.0351795 -0.055972 -0.0005735
v 0.0334625 -0.055704 0.0002285
v 0.0632085 -0.032347 0.0152765
v 0.0644785 -0.03043 0.0169255
v 0.0346835 -0.055143 -0.0002935
v 0.0651885 -0.031594 0.0172505
v 0.0361245 -0.052967 -0.0013445
v 0.0643045 -0.034053 0.0235675
v 0.0646835 -0.031525 0.0208915
v 0.0365785 -0.051064 -0.0048725
v 0.0652625 -0.030604 0.0200425
v 0.0657085 -0.031614 0.0199145
v 0.0381665 -0.051656 -0.0039015
v 0.0391265 -0.050225 -0.0029115
v 0.0656345 -0.027019 0.0150325
v 0.0674245 -0.026761 0.0177435
v 0.0373535 -0.053873 -0.0015915
v 0.0365215 -0.056643 0.0023325
v 0.0362025 -0.054738 0.0007975
v 0.0662615 -0.026717 0.0173525
v 0.0670795 -0.023238 0.0151025
v 0.0397605 -0.054138 0.0016635
v 0.0406945 -0.052212 -0.0002715
v 0.0370815 -0.053801 0.0010575
v 0.0672215 -0.02881 0.0204585
v 0.0659675 -0.028278 0.0200785
v 0.0399605 -0.056364 0.0059645
v 0.0398415 -0.051103 -0.0030935
v 0.0675805 -0.025266 0.0207725
v 0.0664845 -0.02849 0.0215125
v 0.0671155 -0.024428 0.0182575
v 0.0578505 -0.045052 0.0249905
v 0.0578505 -0.045052 0.0249905
v 0.0587215 -0.043283 0.0245835
v 0.0607955 -0.043713 0.0247075
v 0.0637795 -0.042867 0.0251475
v 0.0636425 -0.043283 0.0268475
v 0.0624095 -0.041711 0.0260955
v 0.0598985 -0.042038 0.0245965
v 0.0383915 -0.053606 0.0012155
v 0.0389775 -0.053567 0.0025515
v 0.0395975 -0.05191 0.0006425
v 0.0630375 -0.04113 0.0248715
v 0.0431005 -0.051524 0.0016865
v 0.0664135 -0.041887 0.0268215
v 0.0454825 -0.05012 0.0030095
v 0.0354805 -0.055669 0.0028085
v 0.0366575 -0.056114 0.0044855
v 0.0375215 -0.05486 0.0032005
v 0.0652705 -0.038728 0.0250045
v 0.0635005 -0.038771 0.0257885
v 0.0636305 -0.036205 0.0246535
v 0.0413255 -0.054517 0.0043755
v 0.0398535 -0.054382 0.0049175
v 0.0673695 -0.036833 0.0251415
v 0.0657145 -0.039025 0.0264955
v 0.0393295 -0.056101 0.0066555
v 0.0697965 -0.039134 0.0258925
v 0.0674965 -0.043432 0.0242815
v 0.0698775 -0.03967 0.0243965
v 0.0686865 -0.038672 0.0267895
v 0.0653765 -0.035023 0.0239905
v 0.0670045 -0.035353 0.0250135
v 0.0445365 -0.052098 0.0046195
v 0.0656745 -0.036508 0.0260665
v 0.0654115 -0.03493 0.0253445
v 0.0692155 -0.036156 0.0269385
v 0.0675525 -0.035057 0.0265135
v 0.0709345 -0.035806 0.0265075
v 0.0644085 -0.034846 0.0216585
v 0.0418635 -0.053521 0.0056955
v 0.0654405 -0.031883 0.0236765
v 0.0664345 -0.03143 0.0226625
v 0.0440415 -0.052761 0.0078305
v 0.0665275 -0.032095 0.0252425
v 0.0664315 -0.029518 0.0234775
v 0.0408725 -0.052635 0.0024285
v 0.0435805 -0.049882 0.0020655
v 0.0679365 -0.031802 0.0245245
v 0.0421235 -0.051958 0.0039935
v 0.0697405 -0.031735 0.0251855
v 0.0712195 -0.037101 0.0239555
v 0.0721705 -0.035643 0.0247815
v 0.0436255 -0.052028 0.0048995
v 0.0438015 -0.050138 0.0031835
v 0.0452035 -0.05063 0.0055665
v 0.0684225 -0.029728 0.0245545
v 0.0709425 -0.033639 0.0235005
v 0.0708585 -0.033336 0.0268635
v 0.0724885 -0.033372 0.0261405
v 0.0699415 -0.03025 0.0265175
v 0.0675755 -0.02924 0.0250815
v 0.0695485 -0.025445 0.0237385
v 0.0669515 -0.027107 0.0217615
v 0.0679485 -0.026216 0.0237925
v 0.0684165 -0.025465 0.0211295
v 0.0681825 -0.022821 0.0215785
v 0.0688915 -0.023933 0.0238085
v 0.0126385 -0.039315 -0.0274535
v 0.0696645 -0.027676 0.0246585
v 0.0718295 -0.027224 0.0251325
v 0.0152595 -0.041268 -0.0270275
v 0.0127925 -0.041188 -0.0264535
v 0.0151755 -0.041498 -0.0259325
v 0.0688355 -0.027121 0.0251775
v 0.0119255 -0.036553 -0.0272685
v 0.0714585 -0.028221 0.0267495
v 0.0123655 -0.038519 -0.0265315
v 0.0144935 -0.038802 -0.0262985
v 0.0733285 -0.027829 0.0267965
v 0.0087675 -0.040347 -0.0264675
v 0.0107665 -0.040169 -0.0261965
v 0.0701195 -0.025024 0.0255275
v 0.0700205 -0.022657 0.0246305
v 0.0717545 -0.023748 0.0249045
v 0.0128605 -0.037085 -0.0262325
v 0.0729005 -0.025816 0.0267715
v 0.0728845 -0.034128 0.0240145
v 0.0742735 -0.030626 0.0241655
v 0.0169945 -0.042333 -0.0260445
v 0.0748235 -0.029413 0.0249705
v 0.0743845 -0.028797 0.0261425
v 0.0763255 -0.025517 0.0246725
v 0.0159725 -0.038875 -0.0273675
v 0.0198515 -0.038977 -0.0272145
v 0.0167595 -0.04005 -0.0262615
v 0.0755035 -0.025058 0.0263615
v 0.0750935 -0.02304 0.0268325
v 0.0182605 -0.041494 -0.0258595
v 0.0133115 -0.035458 -0.0262615
v 0.0117945 -0.034105 -0.0260215
v 0.0198555 -0.037226 -0.0264025
v 0.0147295 -0.077296 0.0236945
v 0.0187855 -0.076764 0.0235855
v 0.0112805 -0.070653 0.0202325
v -0.0120965 -0.079071 0.0244575
v -0.0140775 -0.077478 0.0240155
v -0.0082815 -0.079655 0.0242935
v -0.0062615 -0.079094 0.0236215
v -0.0077965 -0.0784 0.0242035
v -0.0044155 -0.07939 0.0242085
v 0.0418865 -0.067443 0.0238275
v 0.0380545 -0.069255 0.0236655
v 0.0410295 -0.066758 0.0238705
v 0.0456505 -0.065208 0.0237345
v 0.0440425 -0.064942 0.0239565
v -0.0097635 -0.068762 0.0123965
v -0.0058585 -0.068919 0.0119085
v -0.0115945 -0.069225 0.0133795
v -0.0092595 -0.069551 0.0137085
v -0.0070875 -0.069379 0.0137745
v -0.0104935 -0.069681 0.0155385
v -0.0077435 -0.070361 0.0163275
v -0.0040445 -0.068996 0.0121255
v -0.0040735 -0.068469 0.0091075
v -0.0028335 -0.070174 0.0139645
v -0.0025645 -0.069415 0.0111155
v -0.0003475 -0.069906 0.0129135
v -0.0044765 -0.06976 0.0150555
v -0.0055655 -0.070647 0.0173555
v 0.0007545 -0.070365 0.0147585
v 0.0001445 -0.07077 0.0176055
v 0.0399655 -0.059195 0.0204245
v 0.0427935 -0.057632 0.0215715
v 0.0034105 -0.069955 0.0139175
v 0.0043825 -0.070466 0.0154055
v 0.0428515 -0.057427 0.0201305
v 0.0032885 -0.071319 0.0185225
v -0.0010225 -0.071409 0.0190005
v 0.0042515 -0.070764 0.0179465
v 0.0068515 -0.071515 0.0206145
v 0.0085815 -0.071298 0.0211345
v 0.0447255 -0.056388 0.0216595
v -0.0063655 -0.068169 0.0098185
v 0.0501265 -0.06057 0.0236325
v 0.0530935 -0.060797 0.0239085
v 0.0530935 -0.060797 0.0239085
v -0.0007265 -0.068897 0.0099885
v 0.0071885 -0.069022 0.0113815
v 0.0410515 -0.050177 -0.0008975
v 0.0509995 -0.048281 0.0129905
v 0.0056925 -0.069767 0.0142905
v 0.0502275 -0.050447 0.0187445
v 0.0469145 -0.054201 0.0210535
v -0.0136935 -0.069005 0.0180235
v 0.0480515 -0.053267 0.0212925
v -0.0102945 -0.070412 0.0176065
v -0.0136995 -0.070307 0.0193645
v 0.0313185 -0.063397 0.0143125
v -0.0087245 -0.071085 0.0187855
v 0.0497525 -0.052201 0.0209775
v 0.0530395 -0.048076 0.0194505
v 0.0390205 -0.060016 0.0184605
v 0.0512085 -0.0502 0.0206495
v -0.0033395 -0.078788 0.0241665
v 0.0018215 -0.079562 0.0241165
v 0.0065845 -0.079123 0.0240555
v 0.0090945 -0.078075 0.0237725
v 0.0550495 -0.057148 0.0234625
v 0.0564285 -0.057298 0.0240285
v 0.0586475 -0.053989 0.0236855
v -7.15e-05 -0.071523 0.0215175
v 0.0378815 -0.061299 0.0221645
v 0.0372735 -0.060961 0.0195885
v 0.0050195 -0.071457 0.0216305
v 0.0605965 -0.052953 0.0240205
v 0.0620375 -0.050451 0.0237025
v 0.0643375 -0.045539 0.0235015
v 0.0631775 -0.047995 0.0234745
v 0.0621155 -0.051369 0.0247575
v 0.0637955 -0.048706 0.0243235
v 0.0230655 -0.076009 0.0239085
v 0.0135925 -0.070296 0.0187505
v 0.0231205 -0.067896 0.0197195
v 0.0271075 -0.066334 0.0205155
v 0.0285805 -0.073534 0.0237225
v 0.0322325 -0.072993 0.0241585
v 0.0332355 -0.071509 0.0236045
v 0.0646465 -0.047115 0.0235205
v 0.0662525 -0.044437 0.0234475
v 0.0288665 -0.065834 0.0220105
v 0.0116365 -0.077923 0.0237505
v 0.0679225 -0.039693 0.0234655
v 0.0685395 -0.04047 0.0234035
v 0.0381095 -0.05156 -0.0011605
v 0.0704895 -0.036364 0.0233295
v 0.0728155 -0.031464 0.0232125
v 0.0690845 -0.023281 0.0185685
v 0.0734575 -0.028129 0.0234095
v 0.0747225 -0.027611 0.0231855
v 0.0733585 -0.023186 0.0250855
v -0.0482465 0.007308 -0.0228715
v -0.0269135 0.018115 -0.0262695
v -0.0248435 0.014841 -0.0261025
v -0.0303705 0.015241 -0.0262465
v 0.0048625 0.034376 -0.0258685
v 0.0039485 0.032148 -0.0260655
v 0.0076215 0.032722 -0.0259175
v 0.0040835 0.038459 -0.0269825
v 0.0049045 0.033567 -0.0268065
v 0.0006755 0.035506 -0.0268385
v -0.0417905 0.003687 -0.0272705
v -0.0001195 -0.008544 -0.0252135
v 0.0017225 -0.011357 -0.0251775
v -0.0237675 0.009485 -0.0259895
v -0.0204375 0.011671 -0.0259705
v -0.0222065 0.006661 -0.0259625
v 0.0071655 0.034877 -0.0260265
v -0.0165405 0.009455 -0.0259935
v 0.0011625 0.034099 -0.0258295
v 0.0042345 0.036352 -0.0260875
v -0.0038125 -0.008922 -0.0248955
v -0.0020645 -0.007149 -0.0252545
v -0.0046735 -0.006839 -0.0249985
v -0.0420895 0.005716 -0.0265995
v -0.0260095 0.008944 -0.0252045
v -0.0227685 0.007653 -0.0250165
v -0.0240975 0.011231 -0.0250915
v -0.0413225 0.004593 -0.0261825
v -0.0029715 -0.003181 -0.0259455
v -0.0008645 -0.004301 -0.0261465
v -0.0022195 -0.00698 -0.0260745
v 0.0013355 0.038918 -0.0262745
v 0.0039115 0.038557 -0.0261665
v 0.0014345 0.037452 -0.0258985
v 0.0004435 -0.007178 -0.0249085
v -0.0014935 -0.004868 -0.0249755
v -0.0419005 0.008381 -0.0272215
v -0.0435375 0.00887 -0.0269115
v 0.0017145 -0.006841 -0.0261145
v -0.0268655 0.011545 -0.0250555
v -0.0376965 0.007078 -0.0267145
v 0.0030165 -0.009763 -0.0248005
v -0.0255195 0.01271 -0.0253745
v 0.0098625 0.037069 -0.0269865
v -0.0211235 0.010858 -0.0252145
v 0.0075235 0.037315 -0.0262835
v -0.0205365 0.009205 -0.0250345
v 0.0035935 -0.005863 -0.0250045
v 0.0066475 0.039382 -0.0262095
v -0.0052605 -0.004583 -0.0260535
v -0.0276935 0.010607 -0.0260055
v -0.0391215 0.003494 -0.0259435
v 0.0037935 0.040689 -0.0262695
v -0.0199825 0.016254 -0.0261105
v -0.0032645 0.001167 -0.0260035
v 0.0025035 -0.004363 -0.0260015
v -0.0226415 0.01325 -0.0250895
v -0.0269885 0.01489 -0.0252065
v -0.0392965 0.005891 -0.0262035
v 0.0080805 0.031323 -0.0267675
v -0.0234615 0.015529 -0.0251165
v -0.0370335 0.002634 -0.0258445
v -0.0257975 0.017193 -0.0253245
v 0.0006875 -0.00344 -0.0251825
v 0.0154105 0.030291 -0.0267925
v 0.0115595 0.027658 -0.0266945
v 0.0138345 0.034256 -0.0269255
v -0.0362905 0.004501 -0.0265445
v 0.0040725 -0.002508 -0.0249925
v -0.0190345 0.013572 -0.0250015
v -0.0350455 0.000831 -0.0257545
v 0.0092325 0.029219 -0.0256885
v 0.0118445 0.028961 -0.0259745
v 0.0121895 0.031724 -0.0260465
v 0.0092855 0.03151 -0.0258635
v -0.0208925 0.014481 -0.0253785
v 0.0117245 0.034438 -0.0259695
v -0.0077695 -0.007578 -0.0260435
v -0.0409985 0.007319 -0.0264025
v -0.0093625 -0.007496 -0.0251205
v -0.0228955 0.01901 -0.0262375
v -0.0358315 0.006316 -0.0257585
v -0.0377025 0.007588 -0.0257715
v 0.0135785 0.034334 -0.0261595
v -0.0078495 -0.003858 -0.0250015
v -0.0109875 -0.005316 -0.0250465
v -0.0089015 -0.005289 -0.0247745
v -0.0326935 0.00412 -0.0263335
v -0.0343605 0.005157 -0.0253575
v 0.0124235 0.037456 -0.0262385
v -0.0194455 0.016109 -0.0252565
v 0.0063565 0.030901 -0.0257305
v -0.0083165 -0.003707 -0.0260235
v -0.0114525 -0.002688 -0.0259935
v -0.0224565 0.017451 -0.0254295
v -0.0395375 0.011702 -0.0270515
v -0.0205165 0.017523 -0.0250665
v 0.0093925 0.036908 -0.0260205
v -0.0169155 0.01723 -0.0252405
v -0.0098575 -0.003703 -0.0251135
v 0.0101175 0.039597 -0.0264135
v -0.0244205 0.022192 -0.0264065
v -0.0200495 0.022384 -0.0263835
v -0.0361805 0.009571 -0.0256815
v -0.0050975 -0.008879 -0.0260425
v -0.0062015 -0.005541 -0.0253375
v -0.0329445 0.006864 -0.0254445
v -0.0192055 0.019088 -0.0254835
v -0.0034375 -0.004686 -0.0251115
v 0.0104115 0.02712 -0.0257325
v 0.0118655 0.024961 -0.0259225
v 0.0132265 0.026922 -0.0257855
v -0.0353365 0.011412 -0.0265155
v -0.0310785 0.009639 -0.0261715
v -0.0203405 0.02188 -0.0255735
v -0.0180885 0.021444 -0.0252895
v -0.0052495 -0.003073 -0.0248005
v -0.0157035 0.020378 -0.0262485
v 0.0145855 0.029174 -0.0259165
v -0.0307155 0.011957 -0.0255205
v -0.0325795 0.011752 -0.0252975
v -0.0326625 0.009507 -0.0253035
v -0.0308465 0.013929 -0.0252445
v -0.0333355 0.013567 -0.0256625
v -0.0347125 0.010684 -0.0257665
v -0.0326825 0.015917 -0.0256045
v -0.0288735 0.012579 -0.0252785
v 0.0154185 0.03229 -0.0259945
v -0.0463355 0.005847 -0.0250435
v -0.0092735 0.000744 -0.0259855
v -0.0316325 0.0174 -0.0255245
v -0.0292485 0.015314 -0.0255665
v -0.0056105 -0.000748 -0.0250695
v -0.0075955 0.000577 -0.0249945
v -0.0058945 -0.000302 -0.0259985
v -0.0285275 0.016995 -0.0253215
v 0.0176095 0.030267 -0.0258515
v -0.0281105 0.01933 -0.0256985
v 0.0190005 0.033722 -0.0261145
v 0.0187525 0.030269 -0.0261195
v -0.0452165 0.007371 -0.0261245
v 0.0195005 0.03478 -0.0271835
v -0.0450115 0.00994 -0.0256885
v -0.0459365 0.007564 -0.0241045
v -0.0446495 0.006915 -0.0255575
v 0.0167695 0.034281 -0.0261685
v -0.0024925 -0.00079 -0.0251655
v 0.0157805 0.036048 -0.0260795
v -0.0431325 0.007029 -0.0263345
v -0.0312695 0.019113 -0.0264325
v -0.0279875 0.021933 -0.0264455
v -0.0313025 0.019702 -0.0256655
v -0.0425595 0.00929 -0.0265295
v -0.0049975 0.003473 -0.0259695
v -0.0038525 -3e-06 -0.0258175
v -0.0282715 0.021997 -0.0255755
v -0.0265145 0.018622 -0.0253675
v -0.0482055 0.007942 -0.0217215
v -0.0256655 0.021073 -0.0254205
v -0.0027735 0.001128 -0.0246115
v -0.0244275 0.019956 -0.0255785
v -0.0319475 0.022158 -0.0268095
v -0.0112395 -0.001254 -0.0249505
v -0.0104275 4.4e-05 -0.0252105
v 0.0227105 0.03201 -0.0263805
v 0.0227265 0.034275 -0.0263785
v 0.0213815 0.032282 -0.0270065
v 0.0231425 0.036901 -0.0273715
v -0.0448125 0.009253 -0.0250795
v -0.0458185 0.009763 -0.0234845
v -0.0314465 0.022306 -0.0259625
v -0.0291175 0.023801 -0.0258155
v 0.0248645 0.0354 -0.0267335
v 0.0228865 0.036877 -0.0266925
v 0.0259315 0.033912 -0.0275045
v 0.0286045 0.031193 -0.0274135
v 0.0243925 0.029288 -0.0270335
v -0.0068885 0.004909 -0.0250875
v -0.0095495 0.002557 -0.0249745
v -0.0099165 0.005371 -0.0248745
v -0.0478035 0.009866 -0.0215685
v -0.0047325 0.002198 -0.0250885
v -0.0060925 0.00307 -0.0248145
v 0.0281785 0.034267 -0.0272735
v -0.0467935 0.011453 -0.0232595
v -0.0266215 0.023797 -0.0257145
v -0.0455685 0.01145 -0.0238145
v -0.0488935 0.011224 -0.0213875
v -0.0480915 0.011612 -0.0211595
v 0.0259045 0.033644 -0.0265775
v -0.0012585 -0.001937 -0.0248395
v -0.0436505 0.01199 -0.0264305
v -0.0424625 0.011636 -0.0263065
v -0.0242805 0.02277 -0.0255145
v -0.0225575 0.022205 -0.0255655
v -0.0441315 0.01323 -0.0245815
v 0.0250165 0.037765 -0.0268525
v 0.0249165 0.037864 -0.0258525
v 0.0266915 0.036922 -0.0255315
v -0.0419155 0.013214 -0.0270825
v -0.0224055 0.019576 -0.0251355
v 0.0011425 -0.00126 -0.0248235
v -0.0390615 0.009444 -0.0262685
v -0.0402625 0.011262 -0.0264385
v 0.0270785 0.038927 -0.0245615
v 0.0290405 0.036475 -0.0255285
v -0.0412385 0.01379 -0.0263145
v -0.0424105 0.014752 -0.0257765
v -0.0425815 0.016341 -0.0261795
v -0.0012935 0.002667 -0.0251335
v -0.0447035 0.013179 -0.0250705
v 0.0010825 0.000935 -0.0251985
v -0.0049175 0.044784 -0.0268525
v -0.0019995 0.043954 -0.0272575
v -0.0075325 0.042413 -0.0273945
v -0.0038215 0.044616 -0.0259655
v -0.0065735 0.043708 -0.0264245
v -0.0056195 0.041837 -0.0266185
v -0.0088065 0.044493 -0.0268885
v -0.0183415 0.005531 -0.0259485
v -0.0181535 0.008568 -0.0253675
v -0.0195175 0.006554 -0.0248915
v -0.0159605 0.008428 -0.0248815
v -0.0391295 0.01388 -0.0265405
v -0.0178585 0.010741 -0.0249505
v -0.0150365 0.010789 -0.0252235
v -0.0146875 0.002606 -0.0259655
v -0.0049925 0.047327 -0.0242285
v -0.0103655 0.04538 -0.0254355
v -0.0125155 0.007673 -0.0259815
v -0.0053355 0.045445 -0.0250465
v -0.0078185 0.044427 -0.0257945
v 0.0054675 -0.010108 -0.0252185
v -0.0152885 0.006773 -0.0252735
v 0.0098035 -0.013337 -0.0262475
v -0.0032175 0.045803 -0.0263505
v 0.0082695 -0.01411 -0.0255295
v 0.0057535 -0.01022 -0.0261315
v -0.0065705 0.046533 -0.0235045
v 0.0062175 -0.012234 -0.0251205
v -0.0480255 0.014721 -0.0214495
v -0.0458805 0.014446 -0.0233645
v -0.0458495 0.01322 -0.0225225
v -0.0455125 0.014932 -0.0226595
v -0.0152805 0.013918 -0.0260595
v -0.0171435 0.013146 -0.0252825
v -0.0438935 0.016326 -0.0235525
v -0.0446035 0.015307 -0.0243215
v 0.0002525 0.042577 -0.0267095
v -0.0023875 0.04384 -0.0265945
v -0.0027005 0.039792 -0.0261845
v -0.0012845 0.042249 -0.0273345
v -0.0029465 0.038965 -0.0270255
v -0.0118605 0.009996 -0.0251975
v 0.0074195 -0.010021 -0.0251005
v -0.0381585 0.011907 -0.0258805
v -0.0119805 0.012857 -0.0249935
v -0.0152225 0.013378 -0.0250515
v -0.0352395 0.015261 -0.0267345
v 0.0034445 0.043305 -0.0274145
v 0.0013715 0.045565 -0.0266505
v -0.0368395 0.013665 -0.0260975
v -0.0119115 0.0042 -0.0251425
v -0.0128565 0.006334 -0.0251055
v -0.0145995 0.004267 -0.0248085
v 0.0051085 -0.008221 -0.0251225
v -0.0354305 0.01275 -0.0255545
v 0.0031875 0.04359 -0.0264935
v 0.0003205 0.044685 -0.0260995
v 0.0016035 0.041235 -0.0264785
v -0.0093895 0.009342 -0.0250785
v 0.0043255 -0.006543 -0.0261025
v -0.0007295 0.047048 -0.0250305
v -0.0095345 0.012139 -0.0260825
v -0.0094335 0.008305 -0.0260425
v -0.0407735 0.017783 -0.0269505
v -0.0393215 0.017963 -0.0272225
v -0.0402235 0.016434 -0.0263705
v 0.0024455 0.046012 -0.0248155
v 0.0024455 0.046012 -0.0248155
v -0.0383775 0.016047 -0.0262655
v 0.0123515 -0.014091 -0.0253905
v 0.0101655 -0.010885 -0.0252875
v 0.0030335 0.047137 -0.0247825
v 0.0045975 0.045288 -0.0266365
v -0.0084775 0.012441 -0.0250075
v -0.0053405 0.010197 -0.0249915
v -0.0054025 0.008046 -0.0252015
v -0.0021435 0.046038 -0.0248875
v -0.0380325 0.0174 -0.0265735
v -0.0393775 0.018916 -0.0262645
v 0.0135095 -0.011647 -0.0255295
v 0.0120885 -0.010625 -0.0251305
v 0.0119085 -0.009738 -0.0262575
v -0.0398435 0.021849 -0.0264135
v -0.0385315 0.022528 -0.0269495
v -0.0363405 0.018867 -0.0262825
v -0.0129395 0.014767 -0.0254625
v -0.0025255 0.046871 -0.0238705
v -0.0116635 0.016134 -0.0261745
v -0.0419145 0.017733 -0.0255095
v -0.0423675 0.019759 -0.0250275
v -0.0444945 0.018009 -0.0234305
v -0.0426265 0.019029 -0.0240565
v 0.0143395 -0.013883 -0.0252525
v 0.0005185 0.046945 -0.0239105
v 0.0005185 0.046945 -0.0239105
v 0.0162255 -0.01162 -0.0253565
v -0.0407635 0.01897 -0.0256275
v 0.0080875 -0.007204 -0.0261265
v 3.05e-05 0.048776 -0.0230835
v -0.0129555 0.017146 -0.0252025
v -0.0425125 0.021353 -0.0239415
v -0.0021695 0.048492 -0.0225615
v -0.0021695 0.048492 -0.0225615
v 0.0030575 0.047558 -0.0232685
v -0.0393285 0.020365 -0.0263935
v 0.0017695 0.049238 -0.0227705
v 0.0019125 0.048982 -0.0217835
v -0.0365645 0.020681 -0.0264325
v -0.0106325 0.0473 -0.0232645
v -0.0134035 0.04522 -0.0248175
v 0.0059785 -0.004281 -0.0262375
v -0.0149725 0.018192 -0.0254455
v -0.0150555 0.047146 -0.0224185
v -0.0144945 0.046586 -0.0221435
v -0.0132905 0.045028 -0.0239625
v -0.0112995 0.047049 -0.0224525
v -0.0160295 0.019589 -0.0252625
v 0.0075405 -0.006321 -0.0252455
v 0.0075345 -0.003601 -0.0250665
v -0.0361175 0.019063 -0.0270185
v -0.0129425 0.047211 -0.0215005
v -0.0103815 0.01656 -0.0252265
v -0.0351485 0.016894 -0.0257765
v -0.0130405 0.051239 -0.0194045
v -0.0111205 0.048815 -0.0209265
v -0.0106325 0.050065 -0.0208705
v 0.0100965 -0.005184 -0.0250895
v 0.0097105 -0.007663 -0.0251505
v -0.0163195 0.048937 -0.0194895
v -0.0157105 0.049873 -0.0198115
v -0.0164805 0.047246 -0.0205595
v -0.0096755 0.013794 -0.0252565
v -0.0128965 0.050036 -0.0193635
v 0.0058295 -0.002096 -0.0253825
v 0.0042285 -0.000287 -0.0251535
v -0.0211525 0.050752 -0.0174335
v -0.0188435 0.052122 -0.0169025
v -0.0188355 0.049912 -0.0189945
v 0.0079445 -0.002439 -0.0260715
v 0.0107285 -0.002686 -0.0261595
v -0.0190575 0.050219 -0.0173935
v -0.0239565 0.049975 -0.0155605
v -0.0211265 0.048813 -0.0176495
v -0.0198765 0.053679 -0.0147005
v -0.0064185 0.01208 -0.0253265
v -0.0345175 0.020217 -0.0260555
v -0.0336575 0.017603 -0.0260635
v 0.0125895 -0.00658 -0.0253625
v -0.0366015 0.022031 -0.0272815
v 0.0134015 -0.007156 -0.0262005
v -0.0052715 0.015027 -0.0261735
v -0.0058015 0.015566 -0.0253915
v 0.0149175 -0.009006 -0.0252635
v -0.0148075 0.051843 -0.0171605
v -0.0062565 0.019646 -0.0263105
v -0.0362705 0.023018 -0.0264475
v -0.0396155 0.022704 -0.0252515
v 0.0167305 -0.009705 -0.0263705
v -0.0360895 0.024851 -0.0272485
v -0.0152695 0.051591 -0.0185465
v -0.0077315 0.018516 -0.0253485
v -0.0125995 0.054325 -0.0166975
v -0.0119845 0.051922 -0.0180365
v -0.0103275 0.018952 -0.0253935
v -0.0382345 0.025233 -0.0259495
v -0.0414085 0.023828 -0.0237805
v -0.0034495 0.011088 -0.0250895
v -0.0371025 0.024977 -0.0259845
v -0.0163175 0.052177 -0.0162235
v -0.0025855 0.013543 -0.0253745
v -0.0362705 0.027166 -0.0265865
v 0.0142135 -0.001563 -0.0261935
v -0.0335455 0.028134 -0.0272255
v -0.0403535 0.02596 -0.0237955
v -0.0177105 0.052248 -0.0160345
v 0.0183545 -0.002689 -0.0262885
v -0.0199885 0.052641 -0.0145325
v 0.0166075 -0.005936 -0.0253105
v -0.0155895 0.054041 -0.0158845
v 0.0130475 -0.004586 -0.0251075
v -0.0155955 0.024946 -0.0264455
v -0.0168375 0.05351 -0.0162855
v 0.0156265 -0.003095 -0.0253135
v -0.0312085 0.025631 -0.0270405
v -0.0249235 0.02585 -0.0265285
v 0.0098635 -0.002019 -0.0252305
v -0.0292125 0.0257 -0.0260605
v -0.0116105 0.053924 -0.0159005
v -0.0116105 0.053924 -0.0159005
v -0.0338795 0.022667 -0.0262765
v -0.0157765 0.054098 -0.0144755
v -0.0242095 0.025568 -0.0255875
v -0.0040805 0.007114 -0.0259925
v -0.0018875 0.008539 -0.0262815
v -0.0255795 0.027384 -0.0258625
v -0.0117475 0.045046 -0.0240325
v -0.0100465 0.045211 -0.0247635
v -0.0231705 0.026256 -0.0258545
v -0.0302875 0.029879 -0.0273145
v -0.0267375 0.029658 -0.0270215
v -0.0091515 0.003458 -0.0260155
v -0.0238425 0.029252 -0.0267435
v -0.0039575 0.004786 -0.0249385
v -0.0085425 0.047708 -0.0222835
v -0.0342825 0.025776 -0.0266095
v -0.0348475 0.024602 -0.0261145
v -0.0068345 0.007165 -0.0249685
v -0.0201665 0.02723 -0.0265565
v -0.0204315 0.026949 -0.0256235
v -0.0217475 0.029625 -0.0259165
v -0.0364435 0.027444 -0.0252255
v -0.0034045 0.006375 -0.0251305
v -0.0005155 0.004167 -0.0249355
v -0.0316775 0.026124 -0.0263285
v -0.0052585 0.009121 -0.0261275
v -0.0276335 0.02831 -0.0259705
v -0.0053235 0.049202 -0.0224975
v -0.0501725 0.008513 -0.0196605
v -0.0060915 0.048432 -0.0221505
v -0.0509695 0.009575 -0.0200925
v -0.0252135 0.030616 -0.0262555
v -0.0081365 0.050132 -0.0212415
v -0.0027895 0.008657 -0.0249975
v -0.0204475 0.024391 -0.0255945
v -0.0505415 0.010434 -0.0195225
v -0.0087595 0.049278 -0.0210025
v -0.0493545 0.011595 -0.0196775
v -0.0485735 0.013251 -0.0206795
v 0.0004495 0.008729 -0.0251825
v -0.0173725 0.024069 -0.0254755
v -0.0523575 0.008865 -0.0175045
v -0.0534145 0.011883 -0.0173045
v -0.0512385 0.00977 -0.0182545
v 0.0011055 0.002424 -0.0248515
v -0.0086665 0.052027 -0.0194855
v -0.0511185 0.011498 -0.0182905
v -0.0057375 0.050591 -0.0199195
v -0.0057375 0.050591 -0.0199195
v -0.0042945 0.049161 -0.0214795
v -0.0042945 0.049161 -0.0214795
v -0.0499645 0.013307 -0.0201685
v -0.0186785 0.027359 -0.0259555
v -0.0516895 0.014535 -0.0182415
v 0.0036655 0.002383 -0.0249935
v -0.0485995 0.014758 -0.0198885
v -0.0080435 0.051798 -0.0186835
v -0.0080435 0.051798 -0.0186835
v 0.0073415 0.003098 -0.0260935
v -0.0169285 0.026281 -0.0254165
v -0.0026115 0.050409 -0.0217175
v 0.0012635 0.004914 -0.0253745
v 0.0008845 0.006939 -0.0249675
v -0.0250535 0.034718 -0.0273405
v -0.0200005 0.030847 -0.0267385
v -0.0464975 0.016154 -0.0222915
v -0.0477265 0.017741 -0.0207485
v -0.0277485 0.03276 -0.0265515
v -0.0288815 0.028883 -0.0264605
v -0.0047865 0.052407 -0.0196705
v -0.0507525 0.01564 -0.0188095
v -0.0068145 0.053109 -0.0189855
v 0.0058885 0.004185 -0.0251505
v 0.0049785 0.005296 -0.0252405
v -0.0279065 0.032969 -0.0273505
v -0.0514655 0.014269 -0.0174655
v -0.0504205 0.016512 -0.0177465
v 0.0035145 0.007172 -0.0250225
v 0.0042945 0.007808 -0.0260995
v -0.0249545 0.03305 -0.0264225
v -0.0226305 0.032662 -0.0260965
v -0.0004435 0.05054 -0.0215895
v -0.0012415 0.051073 -0.0197565
v -0.0006315 0.049391 -0.0214115
v -0.0462255 0.017858 -0.0209925
v -0.0474725 0.0187 -0.0197995
v -0.0471725 0.015946 -0.0210155
v -0.0245105 0.035654 -0.0266215
v -0.0494325 0.017905 -0.0179505
v -0.0494505 0.020322 -0.0187045
v -0.0268525 0.034651 -0.0262255
v -0.0518885 0.017521 -0.0172995
v 0.0002065 0.05111 -0.0201515
v 0.0020465 0.051027 -0.0199335
v -0.0488545 0.019571 -0.0184705
v -0.0274135 0.03592 -0.0255485
v 0.0021285 0.051952 -0.0202645
v 0.0034025 0.04947 -0.0222075
v 0.0006855 0.051139 -0.0206885
v -0.0001425 0.010422 -0.0260815
v -0.0028785 0.051378 -0.0198085
v -0.0190625 0.033088 -0.0259505
v -0.0541125 0.011193 -0.0153035
v -0.0210505 0.034565 -0.0263675
v -0.0556155 0.011588 -0.0137575
v -0.0020485 0.052673 -0.0196085
v -0.0216785 0.036529 -0.0273035
v -0.0543175 0.013957 -0.0157425
v -0.0001325 0.010652 -0.0252135
v -0.0062035 0.052742 -0.0179865
v -0.0033005 0.053008 -0.0181225
v -0.0531245 0.012097 -0.0163815
v -0.0008095 0.01427 -0.0263215
v -0.0003495 0.053237 -0.0181095
v -0.0181715 0.029259 -0.0256415
v -0.0540845 0.013903 -0.0149725
v -0.0542615 0.012932 -0.0143535
v 0.0003795 0.05362 -0.0189975
v -0.0522795 0.015586 -0.0160395
v -0.0168185 0.027669 -0.0258345
v -0.0135665 0.029424 -0.0266075
v -0.0147475 0.027673 -0.0256315
v -0.0038715 0.055185 -0.0172385
v 0.0011325 0.014363 -0.0252055
v -0.0571965 0.013904 -0.0123955
v 0.0028435 0.054503 -0.0178635
v -0.0143535 0.03065 -0.0258125
v 0.0030145 0.009078 -0.0258745
v 0.0069885 0.00634 -0.0260495
v -0.0576505 0.010408 -0.0115995
v -0.0586155 0.011533 -0.0111775
v -0.0576285 0.012546 -0.0106045
v -0.0168175 0.031588 -0.0259845
v -0.0104305 0.052585 -0.0172595
v -0.0104305 0.052585 -0.0172595
v -0.0557565 0.014244 -0.0126415
v -0.0087965 0.054057 -0.0176065
v -0.0555285 0.014589 -0.0144915
v 0.0063185 0.009064 -0.0251975
v -0.0146905 0.033435 -0.0267435
v -0.0543455 0.017269 -0.0135745
v 0.0050975 0.010794 -0.0262455
v -0.0562975 0.016472 -0.0125655
v -0.0093945 0.055608 -0.0157665
v -0.0094165 0.052835 -0.0176785
v -0.0179985 0.033195 -0.0267885
v -0.0165705 0.03543 -0.0260815
v -0.0150765 0.03338 -0.0258275
v 0.0035865 0.009694 -0.0252955
v -0.0070895 0.053834 -0.0170005
v -0.0521295 0.018103 -0.0158095
v 0.0026555 0.012143 -0.0252495
v -0.0133835 0.021382 -0.0253305
v -0.0529565 0.019303 -0.0154725
v -0.0062515 0.055274 -0.0165855
v -0.0515325 0.021406 -0.0160855
v -0.0153315 0.021771 -0.0256215
v 0.0040605 0.014384 -0.0263105
v -0.0107005 0.020564 -0.0263015
v -0.0051055 0.054232 -0.0165425
v -0.0508755 0.019624 -0.0163345
v 0.0046455 0.01089 -0.0251315
v -0.0495325 0.021476 -0.0168965
v 0.0070235 0.011534 -0.0254875
v -0.0083255 0.054639 -0.0156525
v -0.0548875 0.017746 -0.0138885
v -0.0099205 0.021914 -0.0254815
v -0.0118315 0.022274 -0.0257695
v -0.0123375 0.056191 -0.0144115
v -0.0095425 0.055883 -0.0141905
v 0.0078325 0.000382 -0.0261135
v 0.0073085 -9.1e-05 -0.0249725
v -0.0141955 0.025653 -0.0258125
v -0.0115565 0.025518 -0.0254985
v -0.0524405 0.01934 -0.0144645
v -0.0103945 0.025353 -0.0264595
v -0.0061435 0.055782 -0.0149735
v 0.0103885 0.002039 -0.0260955
v -0.0518645 0.021287 -0.0147545
v -0.0548135 0.019861 -0.0132615
v -0.0085005 0.057398 -0.0137585
v -0.0534885 0.020714 -0.0131095
v -0.0520585 0.021362 -0.0139435
v 0.0080185 0.001764 -0.0253145
v -0.0535915 0.02256 -0.0135805
v -0.0049135 0.05799 -0.0136795
v 0.0140185 0.0025 -0.0261515
v 0.0110315 0.003124 -0.0251995
v 0.0094905 0.004448 -0.0250735
v 0.0119695 0.000599 -0.0253745
v 0.0115485 0.005562 -0.0261925
v -0.0014465 0.054685 -0.0166285
v -0.0030525 0.017614 -0.0262735
v -0.0023265 0.056341 -0.0157045
v -0.0032585 0.017488 -0.0252275
v -0.0030805 0.055717 -0.0148575
v 0.0127645 -0.002764 -0.0254025
v -0.0044345 0.019496 -0.0256495
v -0.0451755 0.018315 -0.0218935
v -0.0001075 0.055653 -0.0172005
v -0.0054855 0.025035 -0.0264425
v -0.0054675 0.021632 -0.0252775
v 0.0021485 0.056505 -0.0156415
v -0.0461595 0.020845 -0.0211515
v 0.0008675 0.054673 -0.0163105
v -0.0014765 0.056958 -0.0138115
v 0.0187895 0.001542 -0.0262595
v -0.0025975 0.021863 -0.0254845
v 0.0118035 -0.000614 -0.0251015
v -0.0470375 0.020876 -0.0190665
v -0.0461035 0.022107 -0.0196975
v -0.0461475 0.023058 -0.0203285
v -0.0438635 0.023161 -0.0220525
v 0.0146085 -0.000524 -0.0251815
v -0.0070785 0.022148 -0.0255845
v -0.0489625 0.022639 -0.0179135
v -0.0055605 0.057636 -0.0127675
v 0.0168785 -0.001206 -0.0255795
v -0.0071405 0.024333 -0.0254315
v 0.0151015 0.002856 -0.0253645
v -0.0031755 0.057922 -0.0126175
v -0.0031385 0.059403 -0.0122105
v -0.0010065 0.057782 -0.0142285
v -0.0041305 0.023347 -0.0255975
v 0.0012675 0.056414 -0.0145885
v 0.0132265 0.004081 -0.0250665
v 0.0168345 0.000922 -0.0251215
v -0.0475375 0.024662 -0.0173235
v -0.0449845 0.024718 -0.0192445
v -0.0460705 0.02626 -0.0190795
v -0.0444945 0.024791 -0.0206985
v 0.0010755 0.058758 -0.0131135
v -0.0489105 0.025606 -0.0170615
v -0.0111535 0.028492 -0.0256665
v -0.0084525 0.028285 -0.0254025
v -0.0083095 0.028643 -0.0265145
v -0.0516115 0.024201 -0.0149265
v 0.0105045 0.0094 -0.0261775
v 0.0156795 0.009114 -0.0262115
v -0.0509725 0.023335 -0.0142815
v 0.0106225 0.042212 -0.0274125
v -0.0018135 0.022807 -0.0264125
v -0.0498525 0.023131 -0.0158245
v 0.0058785 0.043224 -0.0273775
v 0.0050705 0.041679 -0.0265455
v -0.0494385 0.025382 -0.0154895
v 0.0159505 0.005836 -0.0252875
v 0.0169635 0.003927 -0.0252105
v -0.0088065 0.025798 -0.0257515
v -0.0473295 0.026212 -0.0162325
v -0.0068775 0.027027 -0.0256635
v 0.0169845 0.006091 -0.0261705
v 0.0080775 0.043302 -0.0264995
v -0.0043005 0.024717 -0.0254345
v 0.0090665 0.041239 -0.0267285
v -0.0472585 0.028488 -0.0154385
v 0.0081045 0.044025 -0.0271155
v 0.0189205 0.005883 -0.0251535
v -0.0462115 0.026628 -0.0172965
v 0.0151445 0.040984 -0.0274195
v 0.0150365 0.00919 -0.0252515
v 0.0126745 0.007398 -0.0252685
v -0.0460005 0.028081 -0.0181165
v 0.0211805 0.008038 -0.0262435
v 0.0226315 0.001707 -0.0262785
v -0.0056775 0.030981 -0.0259635
v -0.0078905 0.030429 -0.0256675
v -0.0047475 0.028568 -0.0254545
v -0.0035845 0.026909 -0.0256555
v -0.0485845 0.028361 -0.0142685
v 0.0186015 0.008123 -0.0253815
v -0.0499205 0.028362 -0.0144495
v -0.0465145 0.030541 -0.0164985
v -0.0051345 0.032431 -0.0266865
v -0.0450245 0.029044 -0.0174095
v -0.0463825 0.029679 -0.0160205
v -0.0012835 0.03119 -0.0266995
v -0.0026535 0.030333 -0.0258275
v -0.0009835 0.025862 -0.0255095
v 0.0141465 0.039436 -0.0265085
v 0.0124865 0.041598 -0.0265065
v -0.0444395 0.030738 -0.0164065
v -0.0466945 0.03125 -0.0143975
v -0.0445525 0.032643 -0.0168645
v -0.0476495 0.032493 -0.0141085
v -0.0139755 0.029375 -0.0259455
v 0.0100825 0.043513 -0.0260205
v 0.0117015 0.042543 -0.0265935
v -0.0441705 0.02064 -0.0215435
v 0.0071425 0.006087 -0.0251275
v 0.0086315 0.00628 -0.0253795
v -0.0110775 0.030756 -0.0255475
v -0.0114945 0.032499 -0.0258725
v 0.0158185 0.041411 -0.0264185
v 0.0139055 0.043442 -0.0266685
v -0.0418205 0.02131 -0.0234425
v 0.0139445 0.043537 -0.0254545
v -0.0427905 0.022459 -0.0223565
v -0.0098855 0.029924 -0.0258875
v 0.0103085 0.044655 -0.0262785
v -0.0236765 0.038357 -0.0268525
v -0.0273935 0.036006 -0.0267675
v 0.0163485 0.043585 -0.0243555
v -0.0442205 0.023317 -0.0208465
v 0.0093285 0.008847 -0.0251815
v -0.0226225 0.037123 -0.0262085
v -0.0245975 0.037745 -0.0259405
v -0.0228335 0.039135 -0.0255045
v 0.0088785 0.011349 -0.0251705
v 0.0081175 0.01405 -0.0262825
v 0.0106385 0.010085 -0.0255955
v -0.0200975 0.038867 -0.0273205
v 0.0052785 0.044383 -0.0261165
v 0.0052785 0.044383 -0.0261165
v 0.0108355 0.008089 -0.0249885
v -0.0181075 0.037731 -0.0271685
v -0.0199645 0.03792 -0.0266945
v 0.0119925 0.009259 -0.0252655
v -0.0189225 0.036919 -0.0263185
v -0.0215765 0.038981 -0.0260795
v 0.0139105 0.011877 -0.0262355
v -0.0410285 0.023789 -0.0228555
v -0.0397515 0.024835 -0.0237375
v 0.0040425 0.046568 -0.0256455
v 0.0055305 0.046235 -0.0242425
v -0.0407035 0.025888 -0.0225715
v 0.0058795 0.046175 -0.0254165
v -0.0209955 0.040515 -0.0262915
v 0.0074845 0.045569 -0.0249815
v 0.0074845 0.045569 -0.0249815
v 0.0092915 0.045699 -0.0243555
v 0.0092915 0.045699 -0.0243555
v -0.0182315 0.041487 -0.0267465
v -0.0174895 0.040638 -0.0271575
v -0.0183295 0.041558 -0.0254665
v -0.0183075 0.039653 -0.0265555
v -0.0383845 0.026881 -0.0236325
v 0.0010025 0.017146 -0.0262785
v -0.0396415 0.027841 -0.0231585
v -0.0126465 0.03411 -0.0257855
v -0.0429615 0.025026 -0.0209515
v -0.0430065 0.026023 -0.0214785
v 0.0002605 0.02006 -0.0264805
v 0.0053625 0.018288 -0.0263995
v -0.0141835 0.035362 -0.0260905
v 0.0088905 0.046606 -0.0243885
v -0.0153895 0.03879 -0.0272775
v -0.0115115 0.037111 -0.0269305
v -0.0424595 0.029186 -0.0203945
v 0.0053665 0.049075 -0.0227435
v -0.0408365 0.027899 -0.0211985
v 0.0041015 0.014122 -0.0255255
v 0.0036695 0.049144 -0.0212525
v 0.0024895 0.017761 -0.0255345
v -0.0006065 0.01672 -0.0254425
v 0.0061305 0.015757 -0.0253805
v 0.0046055 0.018628 -0.0253345
v 0.0074935 0.047539 -0.0227765
v 0.0071945 0.014095 -0.0251065
v 0.0080115 0.048246 -0.0229085
v -0.0152815 0.038921 -0.0265525
v -0.0383075 0.028261 -0.0232785
v 0.0085055 0.014331 -0.0254395
v -0.0442825 0.027424 -0.0190555
v -0.0168225 0.040676 -0.0260915
v 0.0056395 0.04992 -0.0206235
v 0.0100455 0.047977 -0.0216765
v 0.0085995 0.050056 -0.0205695
v -0.0135925 0.037759 -0.0261315
v -0.0423205 0.02928 -0.0190875
v 0.0116085 0.044849 -0.0244875
v 0.0117695 0.046841 -0.0233555
v -0.0131025 0.041115 -0.0273505
v -0.0417465 0.030595 -0.0191355
v 0.0120915 0.046311 -0.0227235
v -0.0418055 0.032125 -0.0195185
v 0.0123175 0.047883 -0.0213385
v 0.0123175 0.047883 -0.0213385
v -0.0146805 0.042918 -0.0267775
v 0.0063225 0.018573 -0.0256075
v 0.0139065 0.045591 -0.0232815
v 0.0084795 0.017782 -0.0252205
v 0.0160485 0.044188 -0.0249065
v -0.0145615 0.041318 -0.0264175
v -0.0118925 0.039666 -0.0265325
v 0.0052415 0.023216 -0.0265755
v 0.0092075 0.019201 -0.0263815
v 0.0167295 0.046398 -0.0227435
v 0.0050345 0.021293 -0.0255635
v 0.0091235 0.019683 -0.0255385
v 0.0070365 0.02053 -0.0253165
v 0.0076315 0.02273 -0.0256945
v 0.0097085 0.022999 -0.0255505
v -0.0336795 0.028308 -0.0262745
v -0.0114315 0.043327 -0.0268455
v -0.0316405 0.028885 -0.0266385
v -0.0113965 0.042745 -0.0261395
v 0.0142085 0.048244 -0.0208105
v -0.0342185 0.030609 -0.0261315
v 0.0101685 0.023899 -0.0265875
v 0.0076415 0.025756 -0.0265895
v 0.0149645 0.046672 -0.0215315
v -0.0349205 0.030306 -0.0245535
v 0.0093985 0.049546 -0.0214575
v -0.0137785 0.043436 -0.0255495
v 0.0104255 0.050757 -0.0203555
v 0.0134685 0.049656 -0.0207685
v 0.0108705 0.049563 -0.0203775
v -0.0091095 0.033857 -0.0267255
v 0.0178325 0.011758 -0.0262965
v 0.0219205 0.006751 -0.0253325
v -0.0308065 0.032093 -0.0269805
v -0.0327555 0.030698 -0.0259055
v 0.0214515 0.010328 -0.0253435
v 0.0189415 0.009998 -0.0251865
v 0.0183485 0.011536 -0.0255205
v 0.0184025 0.039098 -0.0274355
v -0.0311935 0.031931 -0.0259945
v 0.0186515 0.015158 -0.0264205
v -0.0299335 0.03056 -0.0263815
v 0.0119605 0.014541 -0.0263285
v 0.0176075 0.03885 -0.0266125
v -0.0043965 0.033479 -0.0258635
v 0.0203265 0.036231 -0.0265575
v -0.0337355 0.032072 -0.0254595
v -0.0303635 0.034385 -0.0262625
v 0.0125755 0.011873 -0.0252285
v 0.0119785 0.01369 -0.0255245
v -0.0010595 0.032353 -0.0259155
v -0.0294455 0.034031 -0.0257325
v -0.0009845 0.035808 -0.0259805
v 0.0182315 0.041519 -0.0269205
v 0.0186595 0.040167 -0.0264665
v 0.0017405 0.030792 -0.0267165
v 0.0143375 0.015998 -0.0254805
v 0.0108995 0.015338 -0.0253025
v 0.0151075 0.013942 -0.0252535
v 0.0151475 0.011277 -0.0254475
v 0.0219065 0.039757 -0.0266755
v 0.0214705 0.038646 -0.0264775
v 0.0209915 0.040303 -0.0255375
v -0.0373155 0.029764 -0.0237335
v -0.0365325 0.02934 -0.0235655
v 0.0175605 0.042284 -0.0254025
v 0.0191525 0.041633 -0.0250895
v 0.0110145 0.01774 -0.0255565
v -0.0105685 0.035083 -0.0260345
v -0.0081405 0.032589 -0.0259245
v -0.0368515 0.033186 -0.0220885
v -0.0392845 0.030648 -0.0219475
v -0.0095405 0.034962 -0.0257525
v -0.0390115 0.030199 -0.0214395
v 0.0237265 0.039601 -0.0249175
v -0.0120335 0.037031 -0.0261555
v -0.0370985 0.031665 -0.0217945
v -0.0100805 0.038557 -0.0260125
v -0.0071235 0.037634 -0.0261435
v -0.0338695 0.032509 -0.0236425
v 0.0184295 0.013546 -0.0253325
v -0.0069135 0.034749 -0.0260355
v 0.0281405 0.038447 -0.0231245
v -0.0071595 0.037558 -0.0269115
v -0.0405485 0.033061 -0.0195795
v -0.0382525 0.034651 -0.0205235
v -0.0358845 0.033973 -0.0208725
v -0.0346505 0.034496 -0.0219375
v -0.0384165 0.033453 -0.0198925
v -0.0069135 0.032201 -0.0253935
v 0.0233585 0.013103 -0.0256005
v 0.0196465 0.015688 -0.0254725
v 0.0153285 0.0186 -0.0264635
v -0.0047165 0.036258 -0.0258665
v 0.0212345 0.043258 -0.0237735
v 0.0210755 0.04254 -0.0234925
v 0.0192725 0.045439 -0.0223465
v -0.0086495 0.039292 -0.0262935
v -0.0319965 0.033333 -0.0245265
v -0.0330025 0.033917 -0.0244445
v 0.0233075 0.040808 -0.0237025
v 0.0242155 0.041184 -0.0242485
v 0.0132405 0.019504 -0.0255415
v 0.0155975 0.017486 -0.0254225
v 0.0260415 0.04023 -0.0229795
v 0.0257015 0.041572 -0.0228955
v 0.0283305 0.039964 -0.0230735
v -0.0066955 0.040332 -0.0261615
v -0.0311895 0.035853 -0.0243905
v -0.0332355 0.036259 -0.0225635
v -0.0317105 0.035592 -0.0230765
v -0.0304195 0.03556 -0.0240295
v 0.0234985 0.042858 -0.0228715
v 0.0161615 0.022853 -0.0266245
v 0.0117105 0.021443 -0.0256775
v -0.0088865 0.041509 -0.0264365
v -0.0046645 0.037816 -0.0261295
v 0.0247705 0.04199 -0.0221705
v 0.0228695 0.043926 -0.0213005
v 0.0137365 0.022954 -0.0256205
v -0.0285565 0.036472 -0.0241345
v -0.0288715 0.037984 -0.0241865
v 0.0166995 0.020946 -0.0256125
v -0.0271805 0.03795 -0.0242555
v 0.0163745 0.023337 -0.0257925
v 0.0284885 0.042687 -0.0208855
v 0.0263945 0.042805 -0.0210905
v -0.0314515 0.037663 -0.0227645
v 0.0276995 0.040899 -0.0214585
v -0.0286755 0.038755 -0.0222965
v 0.0208975 0.019627 -0.0265865
v -0.0335165 0.036452 -0.0212105
v -0.0357685 0.036393 -0.0208355
v 0.0173175 0.018279 -0.0256335
v 0.0172905 0.045203 -0.0224095
v -0.0097035 0.043129 -0.0266445
v 0.0193325 0.044735 -0.0218035
v 0.0161215 0.046687 -0.0217735
v 0.0198455 0.019941 -0.0256125
v -0.0358685 0.035784 -0.0201385
v 0.0252515 0.018456 -0.0266325
v 0.0237285 0.044965 -0.0213825
v 0.0200725 0.045773 -0.0210955
v -0.0344075 0.03782 -0.0210075
v -0.0325505 0.038807 -0.0214785
v -0.0305305 0.040388 -0.0213605
v -0.0308265 0.038238 -0.0215655
v 0.0183385 0.047329 -0.0201855
v 0.0223935 0.04684 -0.0194345
v 0.0194435 0.022625 -0.0258995
v -0.0296085 0.040858 -0.0200645
v 0.0225965 0.019452 -0.0257425
v 0.0225745 0.015902 -0.0254785
v 0.0153165 0.050656 -0.0185115
v 0.0153165 0.050656 -0.0185115
v 0.0185265 0.049303 -0.0197435
v 0.0153805 0.050517 -0.0194615
v -0.0428835 0.032146 -0.0175575
v -0.0411025 0.032251 -0.0185345
v 0.0171005 0.049434 -0.0187565
v 0.0209245 0.04766 -0.0189875
v -0.0259605 0.039214 -0.0249275
v -0.0409585 0.034587 -0.0173115
v 0.0210325 0.047427 -0.0203275
v -0.0237815 0.04003 -0.0245355
v 0.0187835 0.050165 -0.0176435
v -0.0377755 0.035346 -0.0192595
v -0.0258355 0.039485 -0.0231205
v -0.0251125 0.041056 -0.0225855
v -0.0234225 0.042608 -0.0230185
v 0.0245175 0.044062 -0.0203215
v -0.0250765 0.041885 -0.0227435
v -0.0225185 0.040906 -0.0238265
v -0.0413265 0.036367 -0.0171555
v -0.0437925 0.033431 -0.0157215
v 0.0237735 0.047616 -0.0178425
v 0.0159015 0.025859 -0.0257675
v 0.0244955 0.047312 -0.0192165
v 0.0272225 0.044281 -0.0200725
v -0.0218585 0.042727 -0.0225905
v -0.0201715 0.042111 -0.0242975
v -0.0368665 0.038546 -0.0190225
v 0.0265995 0.04626 -0.0189675
v 0.0180635 0.027747 -0.0267795
v 0.0250925 0.045961 -0.0190475
v -0.0440985 0.03648 -0.0147795
v 0.0198145 0.023821 -0.0267335
v 0.0277145 0.04431 -0.0190565
v -0.0270065 0.04069 -0.0229385
v -0.0420005 0.037827 -0.0153725
v -0.0265795 0.040788 -0.0221075
v -0.0234495 0.043648 -0.0210305
v -0.0410925 0.038195 -0.0146585
v -0.0393935 0.038257 -0.0161865
v 0.0176935 0.026445 -0.0259375
v -0.0251805 0.044278 -0.0198675
v -0.0268765 0.043535 -0.0207885
v 0.0220045 0.049147 -0.0174765
v 0.0270015 0.045857 -0.0177805
v 0.0258315 0.048604 -0.0162615
v -0.0361475 0.037786 -0.0189635
v -0.0372115 0.039695 -0.0166695
v -0.0186995 0.044918 -0.0230795
v 0.0217735 0.022959 -0.0257545
v 0.0235945 0.020923 -0.0261035
v -0.0213675 0.044707 -0.0222965
v 0.0239505 0.02543 -0.0268115
v 0.0220735 0.049498 -0.0182925
v 0.0234875 0.024133 -0.0258495
v -0.0199745 0.043579 -0.0228045
v -0.0179805 0.044255 -0.0227285
v -0.0389585 0.041204 -0.0154695
v 0.0285625 0.047449 -0.0170185
v -0.0352205 0.03888 -0.0183565
v -0.0205075 0.046298 -0.0203515
v 0.0194005 0.025401 -0.0258445
v 0.0038265 0.052381 -0.0199115
v -0.0354655 0.041367 -0.0178735
v 0.0050965 0.051407 -0.0196395
v -0.0215995 0.047097 -0.0203265
v -0.0199175 0.047604 -0.0203575
v -0.0176495 0.045866 -0.0216585
v -0.0167735 0.044878 -0.0239255
v -0.0341735 0.036759 -0.0201505
v 0.0071485 0.051307 -0.0204535
v -0.0162245 0.044329 -0.0233985
v 0.0203045 0.027761 -0.0258885
v -0.0337605 0.039187 -0.0194005
v 0.0235965 0.028443 -0.0260585
v 0.0239755 0.025902 -0.0256595
v -0.0322695 0.038662 -0.0201905
v -0.0157595 0.045805 -0.0231315
v -0.0332255 0.041388 -0.0191285
v 0.0054555 0.053699 -0.0184795
v 0.0094065 0.051437 -0.0188775
v 0.0095055 0.052902 -0.0185935
v 0.0054045 0.052702 -0.0179585
v -0.0330865 0.041388 -0.0179325
v -0.0354815 0.042187 -0.0157855
v 0.0031225 0.054338 -0.0167945
v 0.0044845 0.056178 -0.0161195
v 0.0073445 0.053096 -0.0177325
v 0.0090195 0.054321 -0.0175565
v -0.0277625 0.042041 -0.0206935
v -0.0285915 0.041884 -0.0213965
v -0.0186535 0.047688 -0.0196315
v 0.0209485 0.030026 -0.0259255
v -0.0248795 0.045817 -0.0199805
v 0.0268925 0.029136 -0.0263035
v -0.0276615 0.044787 -0.0185025
v -0.0251685 0.045658 -0.0183555
v -0.0304485 0.042903 -0.0183735
v 0.0126995 0.051382 -0.0182025
v -0.0301335 0.044294 -0.0187375
v 0.0118725 0.053065 -0.0180005
v -0.0236195 0.046385 -0.0191145
v 0.0251425 0.030463 -0.0261235
v 0.0113035 0.053379 -0.0165975
v 0.0089645 0.053697 -0.0165105
v -0.0324335 -0.000467 -0.0257345
v -0.0309215 0.00084 -0.0252825
v 0.0037965 0.056235 -0.0145345
v 0.0053245 0.055381 -0.0153385
v -0.0348685 0.043301 -0.0168365
v -0.0291425 0.00411 -0.0261275
v -0.0280005 -0.001119 -0.0262165
v -0.0255785 0.047327 -0.0171765
v -0.0331275 0.043363 -0.0160455
v -0.0271705 0.046544 -0.0181525
v -0.0260025 0.048627 -0.0171175
v -0.0329045 0.046318 -0.0154545
v -0.0235435 0.050403 -0.0165265
v -0.0320625 0.044082 -0.0165195
v -0.0286475 0.001897 -0.0252975
v -0.0228095 0.048884 -0.0172165
v -0.0302235 0.046297 -0.0170755
v -0.0305225 0.004172 -0.0253235
v 0.0152325 0.052425 -0.0179145
v -0.0303705 0.044852 -0.0164665
v -0.0328165 0.002247 -0.0254005
v -0.0324175 0.003883 -0.0255665
v -0.0285245 0.045891 -0.0170125
v 0.0096675 0.055001 -0.0163895
v 0.0119845 0.055459 -0.0154145
v 0.0148675 0.053783 -0.0154225
v -0.0264015 -0.000864 -0.0250805
v 0.0154715 0.054509 -0.0153605
v 0.0136605 0.055051 -0.0142525
v -0.0242585 -0.001167 -0.0251105
v 0.0077775 0.054834 -0.0157185
v 0.0066495 0.056173 -0.0156585
v -0.0179615 -0.004049 -0.0249495
v -0.0199455 -0.002531 -0.0251345
v -0.0209295 -0.000947 -0.0260235
v -0.0218785 -0.00122 -0.0250705
v 0.0078355 0.057117 -0.0146835
v -0.0259655 0.002928 -0.0260705
v 0.0048845 0.057327 -0.0144275
v 0.0089445 0.056803 -0.0133325
v -0.0261965 0.003592 -0.0250975
v 0.0058235 0.058852 -0.0124405
v -0.0159825 -0.001102 -0.0259845
v -0.0006595 0.020162 -0.0254775
v 0.0032135 0.058214 -0.0137625
v -0.0250145 0.002083 -0.0254195
v -0.0228115 3.3e-05 -0.0253115
v 0.0008645 0.018671 -0.0251535
v 0.0020925 0.058907 -0.0112155
v 0.0041805 0.058505 -0.0119775
v -0.0206365 0.002901 -0.0259875
v -0.0178695 0.0002 -0.0249315
v -0.0221615 0.002297 -0.0248985
v 0.0059295 0.056969 -0.0138085
v 0.0018855 0.021543 -0.0254525
v 0.0062765 0.057957 -0.0120815
v -0.0166345 -0.00216 -0.0252145
v -2.85e-05 0.022473 -0.0253785
v 0.0074365 0.059248 -0.0119115
v 0.0105645 0.05495 -0.0152345
v -0.0294635 0.006023 -0.0250785
v -0.0287715 0.010032 -0.0252115
v 0.0104705 0.057003 -0.0138145
v 0.0008765 0.025349 -0.0264965
v -0.0276435 0.004606 -0.0252625
v -0.0273575 0.007189 -0.0252705
v 0.0117635 0.05632 -0.0132175
v 0.0015415 0.024734 -0.0257145
v 0.0133945 0.057163 -0.0130285
v -0.0127655 -0.003565 -0.0249495
v 0.0133105 0.057331 -0.0114655
v 0.0156265 0.056466 -0.0119155
v 0.0039815 0.023949 -0.0255425
v 0.0107045 0.05832 -0.0109195
v 0.0045985 0.027462 -0.0257265
v 0.0019575 0.026263 -0.0255235
v -0.0144995 -0.002647 -0.0248805
v 0.0104995 0.05921 -0.0114185
v 0.0007515 0.028201 -0.0258515
v -0.0141315 -7.9e-05 -0.0250935
v 0.0131865 0.059478 -0.0104145
v 0.0148325 0.058626 -0.0106675
v 0.0164015 0.057033 -0.0123695
v 0.0135725 0.059242 -0.0093135
v 0.0072815 0.024854 -0.0256365
v -0.0236305 0.005786 -0.0252845
v 0.0170065 0.052319 -0.0162255
v 0.0170065 0.052319 -0.0162255
v -0.0175475 0.002007 -0.0251825
v -0.0143535 0.002323 -0.0251685
v 0.0224575 0.050392 -0.0158785
v 0.0199535 0.051366 -0.0159735
v 0.0043935 0.029269 -0.0266825
v 0.0043765 0.02908 -0.0259515
v 0.0198875 0.052839 -0.0158595
v 0.0176315 0.053815 -0.0157045
v 0.0167515 0.05397 -0.0143975
v -0.0118415 0.001016 -0.0248385
v -0.0005565 0.030057 -0.0256635
v 0.0013015 0.031748 -0.0258625
v 0.0193455 0.054207 -0.0133255
v 0.0193455 0.054207 -0.0133255
v 0.0035295 0.030817 -0.0256615
v -0.0196925 0.001326 -0.0249895
v 0.0220015 0.054022 -0.0123725
v 0.0212145 0.052076 -0.0150045
v 0.0179595 0.05534 -0.0136395
v 0.0210875 0.054534 -0.0132655
v -0.0208545 0.003958 -0.0253485
v -0.0189165 0.003978 -0.0249615
v 0.0245855 0.049861 -0.0155585
v 0.0231465 0.051848 -0.0152505
v 0.0253835 0.050692 -0.0156405
v 0.0279115 0.050216 -0.0146185
v 0.0075535 0.028074 -0.0257635
v 0.0239825 0.054093 -0.0127405
v 0.0236335 0.052674 -0.0130145
v -0.0087595 0.007308 -0.0252555
v 0.0250425 0.051448 -0.0133325
v 0.0275055 0.051347 -0.0125685
v 0.0265695 0.052216 -0.0130725
v 0.0077065 0.030361 -0.0262445
v 0.0261495 0.053215 -0.0113415
v 0.0247045 0.054564 -0.0103035
v 0.0133055 -0.015132 -0.0264055
v 0.0273755 0.054144 -0.0108185
v 0.0196405 0.05745 -0.0106915
v 0.0185775 0.056772 -0.0103465
v 0.0202115 0.055899 -0.0107765
v 0.0202115 0.055899 -0.0107765
v 0.0163995 0.058016 -0.0096545
v 0.0161395 0.059789 -0.0090315
v 0.0198185 0.058015 -0.0084115
v 0.0243885 0.056224 -0.0082905
v 0.0243885 0.056224 -0.0082905
v 0.0235475 0.056995 -0.0093985
v 0.0254375 0.055411 -0.0102115
v 0.0205285 0.05963 -0.0072295
v 0.0220725 0.058135 -0.0068795
v 0.0267515 0.055256 -0.0082085
v 0.0269885 0.056434 -0.0078685
v 0.0242975 0.058124 -0.0056295
v 0.0235935 0.057697 -0.0080515
v 0.0249915 0.05902 -0.0055085
v 0.0631135 0.017807 -0.0003435
v 0.0629255 0.020193 0.0005885
v 0.0617815 0.0187 -0.0026655
v 0.0386925 0.003304 -0.0261995
v 0.0430795 0.003788 -0.0265105
v 0.0424245 0.006323 -0.0266565
v 0.0389725 0.007547 -0.0262005
v 0.0178805 -0.016337 -0.0265965
v 0.0615945 0.021298 -0.0014465
v 0.0450045 0.002558 -0.0256475
v 0.0418505 0.002759 -0.0265725
v 0.0639625 0.020796 0.0006505
v 0.0640905 0.016987 -0.0010935
v 0.0627005 0.020296 -0.0018715
v 0.0644435 0.019232 0.0027825
v 0.0452805 0.004444 -0.0254325
v 0.0692635 0.016701 0.0108325
v 0.0694645 0.013071 0.0090235
v 0.0680225 0.01615 0.0068765
v 0.0227745 -0.014476 -0.0266885
v 0.0629045 0.023966 0.0009945
v 0.0669375 0.016902 0.0073585
v 0.0661945 0.018524 0.0061125
v 0.0656105 0.017211 0.0043535
v 0.0204215 -0.011393 -0.0265135
v 0.0627235 0.023629 0.0021445
v 0.0649625 0.021482 0.0031615
v 0.0638305 0.0217 0.0036665
v 0.0405405 0.007156 -0.0273405
v 0.0373565 0.008536 -0.0269635
v 0.0418245 0.01051 -0.0274005
v 0.0651085 0.018631 0.0020665
v 0.0668805 0.015597 0.0036555
v 0.0667325 0.019626 0.0058755
v 0.0159575 -0.014586 -0.0257095
v 0.0604065 0.024601 -0.0032125
v 0.0194065 -0.016351 -0.0255155
v 0.0608825 0.024845 -5.15e-05
v 0.0670545 0.018976 0.0088395
v 0.0661305 0.020337 0.0073035
v 0.0398495 0.012783 -0.0274395
v 0.0650525 0.020967 0.0051965
v 0.0604275 0.026598 3.25e-05
v 0.0441295 0.005151 -0.0272995
v 0.0441925 0.007558 -0.0271575
v 0.0687865 0.012515 0.0096855
v 0.0688755 0.014741 0.0117405
v 0.0679475 0.014152 0.0087445
v 0.0679525 0.015452 0.0085855
v 0.0682065 0.01682 0.0107605
v 0.0184225 -0.012474 -0.0254245
v 0.0420655 0.009332 -0.0265705
v 0.0193785 -0.014183 -0.0258305
v 0.0392275 0.010254 -0.0260815
v 0.0692885 0.016197 0.0139395
v 0.0639775 0.023918 0.0052035
v 0.0644125 0.022647 0.0056805
v 0.0210225 -0.01264 -0.0253905
v 0.0652445 0.02352 0.0053985
v 0.0677185 0.020258 0.0087105
v 0.0688515 0.019763 0.0120505
v 0.0464575 0.00593 -0.0255665
v 0.0465945 0.003823 -0.0256485
v 0.0642185 0.026432 0.0054385
v 0.0261855 -0.017243 -0.0268455
v 0.0224645 -0.017341 -0.0258495
v 0.0620715 0.026874 0.0034825
v 0.0448505 0.006741 -0.0255555
v 0.0607055 0.028137 0.0020005
v 0.0443165 0.009743 -0.0255075
v 0.0619095 0.027665 0.0019765
v 0.0250685 -0.019812 -0.0258375
v 0.0456515 0.00986 -0.0256405
v 0.0651755 0.023105 0.0072185
v 0.0253485 -0.017215 -0.0260505
v 0.0636405 0.025016 0.0061885
v 0.0629875 0.026394 0.0052075
v 0.0425765 0.011798 -0.0260005
v 0.0643325 0.025746 0.0071955
v 0.0628095 0.028442 0.0064175
v 0.0642805 0.027208 0.0090065
v 0.0437035 0.012197 -0.0268485
v 0.0448175 0.011081 -0.0259495
v 0.0271985 -0.018663 -0.0261475
v 0.0657595 0.025659 0.0083635
v 0.0706015 0.014632 0.0138415
v 0.0468155 0.011703 -0.0234355
v 0.0252605 -0.01592 -0.0258415
v 0.0290285 -0.015111 -0.0260445
v 0.0237505 -0.014485 -0.0258185
v 0.0269235 -0.01361 -0.0268025
v 0.0658455 0.023337 0.0093965
v 0.0653195 0.025731 0.0105625
v 0.0665085 0.021667 0.0090615
v 0.0652435 0.027425 0.0122345
v 0.0176025 -0.009679 -0.0257275
v 0.0670615 0.022987 0.0095495
v 0.0593205 -0.024939 -0.0041095
v 0.0587465 -0.023307 -0.0064045
v 0.0675405 0.020961 0.0119855
v 0.0577365 -0.024976 -0.0041505
v 0.0588995 -0.024745 -0.0030855
v 0.0189585 -0.010127 -0.0255335
v 0.0208815 -0.010866 -0.0257275
v 0.0229255 0.009438 -0.0254555
v 0.0583945 -0.022641 -0.0055655
v 0.0595065 -0.022297 -0.0031265
v 0.0616025 -0.022032 -0.0024405
v 0.0237015 0.008753 -0.0252715
v 0.0251175 0.007009 -0.0254705
v 0.0607705 -0.020561 -0.0046955
v 0.0583325 -0.020834 -0.0058745
v 0.0261935 0.004904 -0.0256275
v 0.0186845 -0.007615 -0.0252605
v 0.0207415 -0.007936 -0.0255125
v 0.0589865 -0.020535 -0.0074675
v 0.0206705 -0.006558 -0.0263805
v 0.0235205 0.010649 -0.0262925
v 0.0283545 0.009971 -0.0263895
v 0.0261175 0.005531 -0.0263825
v 0.0604405 -0.018816 -0.0060725
v 0.0271505 0.009448 -0.0253855
v 0.0271655 0.006582 -0.0253055
v 0.0226585 -0.006209 -0.0255065
v 0.0687485 0.019297 0.0157075
v 0.0624855 -0.017173 -0.0035655
v 0.0614515 -0.015056 -0.0063855
v 0.0262635 -0.013578 -0.0259715
v 0.0247185 0.01183 -0.0253015
v 0.0673765 0.022942 0.0139765
v 0.0623995 -0.024601 0.0009495
v 0.0689645 0.021886 0.0154065
v 0.0700495 0.019822 0.0178195
v 0.0294285 -0.013486 -0.0261755
v 0.0626055 -0.021951 -0.0003425
v 0.0604945 -0.024527 -0.0005755
v 0.0682165 0.022412 0.0171565
v 0.0251445 -0.009745 -0.0266195
v 0.0287755 -0.01101 -0.0267875
v 0.0701325 0.013582 0.0161755
v 0.0296655 -0.00781 -0.0267315
v 0.0227885 -0.012826 -0.0259475
v 0.0247415 -0.01229 -0.0258655
v 0.0260785 0.010659 -0.0257555
v 0.0604925 -0.020118 -0.0032085
v 0.0619105 -0.020115 -0.0028215
v 0.0609325 -0.021706 -0.0021655
v 0.0235215 -0.010069 -0.0255005
v 0.0611685 -0.021896 -0.0008505
v 0.0695055 0.017069 0.0164305
v 0.0276455 -0.011634 -0.0255615
v 0.0619035 -0.022246 0.0004525
v 0.0247245 -0.009141 -0.0257645
v 0.0311795 0.005554 -0.0264635
v 0.0297685 0.002218 -0.0264965
v 0.0716095 0.012934 0.0175895
v 0.0707865 0.016025 0.0167555
v 0.0628415 -0.024545 0.0039745
v 0.0625815 -0.022604 0.0026065
v 0.0270825 -0.008715 -0.0258455
v 0.0639215 -0.02236 0.0023835
v 0.0650655 -0.019253 0.0024585
v 0.0291025 0.003732 -0.0255005
v 0.0628005 -0.019321 0.0007485
v 0.0635765 -0.02036 0.0031435
v 0.0703195 0.014691 0.0183345
v 0.0294755 -0.011267 -0.0258845
v 0.0700435 0.016897 0.0186315
v 0.0300205 -0.009834 -0.0260525
v 0.0292395 -0.020784 -0.0262045
v 0.0710805 0.017008 0.0197305
v 0.0657795 -0.021841 0.0055675
v 0.0314195 -0.022345 -0.0263605
v 0.0297135 0.00683 -0.0253835
v 0.0309525 0.002869 -0.0257245
v 0.0323085 0.00285 -0.0255425
v 0.0717645 0.013682 0.0204975
v 0.0302275 -0.019174 -0.0271215
v 0.0313135 0.008695 -0.0264355
v 0.0639975 -0.021404 0.0039095
v 0.0333735 -0.019982 -0.0271975
v 0.0324345 0.006092 -0.0258065
v 0.0600685 -0.019401 -0.0048235
v 0.0304575 -0.019452 -0.0263535
v 0.0332245 -0.020799 -0.0262495
v 0.0296605 0.008986 -0.0257115
v 0.0616925 -0.018971 -0.0022225
v 0.0318165 -0.016994 -0.0271185
v 0.0696025 0.01929 0.0200345
v 0.0621725 -0.018288 -0.0012375
v 0.0346385 -0.018902 -0.0265445
v 0.0320785 -0.016308 -0.0261515
v 0.0336885 -0.017175 -0.0261645
v 0.0313075 0.007772 -0.0255335
v 0.0606865 -0.016981 -0.0048185
v 0.0609325 -0.014697 -0.0050545
v 0.0602495 -0.015231 -0.0065935
v 0.0622765 -0.015059 -0.0027465
v 0.0360775 -0.023525 -0.0273525
v 0.0327205 0.010731 -0.0257755
v 0.0351835 -0.021387 -0.0274445
v 0.0644605 -0.015395 -0.0008005
v 0.0377865 -0.022708 -0.0260825
v 0.0381855 -0.023929 -0.0267975
v 0.0384185 -0.024856 -0.0251325
v 0.0358735 -0.02236 -0.0264375
v 0.0366785 -0.017927 -0.0273765
v 0.0642895 -0.018293 0.0023975
v 0.0292875 0.011242 -0.0255215
v 0.0674505 0.025309 0.0137575
v 0.0393285 -0.017963 -0.0273365
v 0.0652875 -0.016359 0.0015965
v 0.0639075 -0.015831 0.0003955
v 0.0248545 0.013626 -0.0264465
v 0.0636555 -0.01447 -0.0006765
v 0.0349215 -0.021295 -0.0266045
v 0.0645425 -0.014604 0.0012705
v 0.0368805 -0.018585 -0.0261735
v 0.0662555 0.027609 0.0123845
v 0.0289925 0.015399 -0.0265755
v 0.0646665 -0.016993 0.0032595
v 0.0389015 -0.020897 -0.0263085
v 0.0387785 -0.01836 -0.0264565
v 0.0277345 0.012885 -0.0255195
v 0.0630495 -0.01095 -0.0051435
v 0.0599285 -0.013578 -0.0090955
v 0.0402575 -0.020266 -0.0255605
v 0.0632175 -0.013412 -0.0039975
v 0.0266685 0.015326 -0.0255705
v 0.0612925 -0.012479 -0.0055735
v 0.0602375 -0.012435 -0.0072945
v 0.0625965 -0.012463 -0.0036005
v 0.0627795 -0.014301 -0.0016415
v 0.0652465 -0.013437 -0.0001635
v 0.0407785 -0.019717 -0.0265725
v 0.0666615 0.026238 0.0164025
v 0.0249935 0.017882 -0.0257725
v 0.0351595 -0.014216 -0.0271905
v 0.0688995 0.023848 0.0181535
v 0.0618135 -0.009023 -0.0055255
v 0.0266985 0.017346 -0.0255595
v 0.0296755 0.014397 -0.0256385
v 0.0625655 -0.010625 -0.0045395
v 0.0660085 0.027388 0.0152815
v 0.0632315 -0.010308 -0.0028025
v 0.0642495 -0.011069 -0.0027985
v 0.0377345 -0.017125 -0.0268055
v 0.0287685 0.018821 -0.0267475
v 0.0295495 0.018205 -0.0259855
v 0.0332715 -0.014461 -0.0262935
v 0.0359875 -0.014986 -0.0262105
v 0.0388735 -0.01456 -0.0263205
v 0.0323135 0.012722 -0.0266395
v 0.0352035 0.010796 -0.0268585
v 0.0641655 -0.012488 -0.0003955
v 0.0339935 0.008452 -0.0256515
v 0.0404885 -0.016303 -0.0263445
v 0.0649435 -0.013273 0.0025245
v 0.0649655 -0.010303 8.55e-05
v 0.0632365 -0.008248 -0.0036615
v 0.0387195 -0.012673 -0.0273865
v 0.0319205 0.030806 -0.0273245
v 0.0322615 0.027056 -0.0274375
v 0.0335195 0.018063 -0.0269875
v 0.0362395 0.015027 -0.0270825
v 0.0308645 0.032949 -0.0270045
v 0.0423755 -0.015696 -0.0267955
v 0.0411735 -0.012458 -0.0273465
v 0.0665795 -0.009225 0.0013255
v 0.0648545 -0.008288 -4.85e-05
v 0.0363385 -0.012982 -0.0261735
v 0.0409125 -0.012938 -0.0264635
v 0.0651795 -0.009125 -0.0018345
v 0.0324935 0.032338 -0.0265895
v 0.0314975 0.014003 -0.0257715
v 0.0281465 -0.017715 -0.0258775
v 0.0298275 -0.016987 -0.0260905
v 0.0283225 0.031958 -0.0266935
v 0.0623055 -0.008818 -0.0068265
v 0.0632985 -0.005371 -0.0058705
v 0.0275945 0.035575 -0.0262465
v 0.0305105 0.033481 -0.0259135
v 0.0335745 0.012762 -0.0257145
v 0.0623585 -0.00613 -0.0059675
v 0.0626395 -0.004882 -0.0048425
v 0.0645015 -0.005469 -0.0014755
v 0.0295575 0.034676 -0.0269015
v 0.0657545 -0.005192 -0.0014925
v 0.0321415 -0.012255 -0.0269835
v 0.0305575 0.016927 -0.0258715
v 0.0308495 0.029702 -0.0268135
v 0.0320895 0.031062 -0.0260545
v 0.0324825 0.03273 -0.0247155
v 0.0336455 0.030243 -0.0260205
v 0.0633135 -0.004028 -0.0041575
v 0.0641045 -0.002992 -0.0050235
v 0.0337795 0.016656 -0.0258625
v 0.0309755 0.035137 -0.0254025
v 0.0648015 -0.0025 -0.0014295
v 0.0350385 -0.009715 -0.0270215
v 0.0360435 0.01347 -0.0260725
v 0.0337835 -0.010892 -0.0259125
v 0.0631675 -0.000869 -0.0043895
v 0.0342125 0.015255 -0.0259785
v 0.0654965 -0.00153 -0.0022915
v 0.0307195 0.035535 -0.0239445
v 0.0645605 0.000568 -0.0042445
v 0.0301895 0.037395 -0.0236965
v 0.0344185 -0.01242 -0.0264355
v 0.0334995 0.03492 -0.0236415
v 0.0327205 0.034513 -0.0233435
v 0.0364405 -0.010487 -0.0262095
v 0.0344845 0.028816 -0.0271535
v 0.0238005 0.018575 -0.0254685
v 0.0649275 -0.021565 0.0065635
v 0.0649275 -0.021565 0.0065635
v 0.0255215 -0.004813 -0.0265065
v 0.0258985 -0.00587 -0.0253545
v 0.0250095 -0.003513 -0.0256215
v 0.0250515 0.020755 -0.0258275
v 0.0647835 -0.023276 0.0071685
v 0.0647835 -0.023276 0.0071685
v 0.0647835 -0.023276 0.0071685
v 0.0226675 -0.003379 -0.0263805
v 0.0648565 -0.023102 0.0071165
v 0.0648195 -0.02319 0.0071425
v 0.0653775 -0.023142 0.0089755
v 0.0653775 -0.023142 0.0089755
v 0.0647905 -0.023335 0.0072765
v 0.0365095 0.031651 -0.0236835
v 0.0361055 0.026967 -0.0270745
v 0.0672975 -0.022246 0.0103455
v 0.0349955 0.001629 -0.0260615
v 0.0342585 0.004999 -0.0257645
v 0.0298045 -0.008202 -0.0256935
v 0.0373145 0.029274 -0.0247855
v 0.0297525 -0.003939 -0.0266365
v 0.0352625 0.028636 -0.0255645
v 0.0382465 0.027265 -0.0242035
v 0.0384515 0.029178 -0.0226535
v 0.0348425 0.03254 -0.0244745
v 0.0307645 -0.006395 -0.0258085
v 0.0658535 -0.023883 0.0106715
v 0.0664465 -0.020999 0.0093385
v 0.0364415 0.004643 -0.0268435
v 0.0283315 -0.004565 -0.0257955
v 0.0654175 -0.020335 0.0059215
v 0.0654175 -0.020335 0.0059215
v 0.0662125 -0.019095 0.0075055
v 0.0359845 0.030899 -0.0234035
v 0.0346425 0.033086 -0.0230265
v 0.0271335 0.000276 -0.0263885
v 0.0667585 -0.022736 0.0124825
v 0.0670335 -0.020841 0.0122785
v 0.0669905 -0.018245 0.0093205
v 0.0676745 -0.018908 0.0114455
v 0.0359765 0.009886 -0.0259415
v 0.0656005 -0.017811 0.0052585
v 0.0656005 -0.017811 0.0052585
v 0.0298575 -0.003323 -0.0256155
v 0.0365325 0.004178 -0.0260015
v 0.0258175 -0.001213 -0.0253495
v 0.0672865 -0.016412 0.0054845
v 0.0277675 -0.00073 -0.0256095
v 0.0391655 0.030238 -0.0223315
v 0.0388485 0.027879 -0.0240105
v 0.0369735 0.032574 -0.0215705
v 0.0308095 -0.000383 -0.0257035
v 0.0319725 -0.000716 -0.0266685
v 0.0656205 -0.01498 0.0035425
v 0.0319115 -0.003528 -0.0258775
v 0.0662065 -0.015451 0.0057295
v 0.0662065 -0.015451 0.0057295
v 0.0666675 -0.016353 0.0063295
v 0.0354695 0.001905 -0.0268115
v 0.0357495 0.036221 -0.0213465
v 0.0399875 -0.009183 -0.0274475
v 0.0686075 -0.017243 0.0095265
v 0.0683425 -0.020213 0.0112505
v 0.0376275 0.035196 -0.0207325
v 0.0398845 0.011727 -0.0265875
v 0.0393245 -0.010908 -0.0264605
v 0.0377875 -0.011257 -0.0265855
v 0.0400705 0.015915 -0.0274425
v 0.0414875 -0.009556 -0.0266395
v 0.0432305 0.027335 -0.0209775
v 0.0401805 0.026753 -0.0225335
v 0.0419245 0.026946 -0.0211405
v 0.0676395 -0.016183 0.0091515
v 0.0400565 -0.009032 -0.0264435
v 0.0676835 -0.012505 0.0067445
v 0.0676835 -0.012505 0.0067445
v 0.0435885 -0.009008 -0.0271515
v 0.0693285 -0.014285 0.0099305
v 0.0684515 -0.013304 0.0066575
v 0.0435705 -0.00599 -0.0273095
v 0.0408875 -0.005235 -0.0274025
v 0.0407395 0.030419 -0.0201925
v 0.0374015 0.016183 -0.0264235
v 0.0389935 0.013683 -0.0261815
v 0.0684245 -0.013157 0.0092375
v 0.0685125 -0.014449 0.0112695
v 0.0414075 0.030874 -0.0205505
v 0.0387125 0.032234 -0.0215995
v 0.0389895 0.03244 -0.0204365
v 0.0331125 -0.008245 -0.0262615
v 0.0441905 0.029337 -0.0194345
v 0.0419305 0.013288 -0.0263585
v 0.0443235 0.028036 -0.0185065
v 0.0433705 0.029776 -0.0187595
v 0.0334285 -0.006632 -0.0268635
v 0.0468415 0.008189 -0.0232125
v 0.0357505 -0.008599 -0.0262465
v 0.0335085 -0.006176 -0.0258275
v 0.0690785 -0.020935 0.0148625
v 0.0675565 -0.021618 0.0144855
v 0.0456395 0.028796 -0.0183195
v 0.0463055 0.025012 -0.0196945
v 0.0446965 0.026074 -0.0194515
v 0.0377635 -0.006426 -0.0271505
v 0.0360405 -0.006255 -0.0261605
v 0.0460125 0.011911 -0.0233425
v 0.0350195 -0.003149 -0.0268405
v 0.0345205 -0.004691 -0.0259485
v 0.0435635 0.014131 -0.0252245
v 0.0684065 -0.018416 0.0132865
v 0.0297865 0.037748 -0.0227135
v 0.0291985 0.022499 -0.0268985
v 0.0684745 -0.021218 0.0180105
v 0.0303855 0.020242 -0.0258045
v 0.0278555 0.020169 -0.0259055
v 0.0373205 -0.008409 -0.0261155
v 0.0684305 -0.01867 0.0148425
v 0.0690425 -0.018398 0.0172675
v 0.0697275 -0.019734 0.0177435
v 0.0374995 0.019597 -0.0274355
v 0.0330775 0.037279 -0.0211275
v 0.0390515 -0.007285 -0.0265755
v 0.0306375 0.038861 -0.0224385
v 0.0323145 0.036791 -0.0231535
v 0.0377955 -0.004517 -0.0261265
v 0.0698935 -0.018143 0.0154175
v 0.0430305 -0.008889 -0.0262995
v 0.0408415 -0.005791 -0.0264325
v 0.0693005 -0.015898 0.0161115
v 0.0692395 -0.014617 0.0136905
v 0.0346595 0.036207 -0.0207905
v 0.0702215 -0.015522 0.0139885
v 0.0363735 0.018807 -0.0263375
v 0.0338465 0.019157 -0.0262275
v 0.0341085 -0.001565 -0.0257945
v 0.0359475 -0.002087 -0.0260955
v 0.0396145 0.033796 -0.0201915
v 0.0371655 0.034542 -0.0203315
v 0.0320435 0.021201 -0.0262065
v 0.0339505 0.021694 -0.0261525
v 0.0354015 0.023674 -0.0274805
v 0.0694065 -0.012625 0.0136645
v 0.0705505 -0.011086 0.0114575
v 0.0336075 0.000262 -0.0258135
v 0.0697905 -0.014254 0.0172435
v 0.0701485 -0.010985 0.0136325
v 0.0708735 -0.015377 0.0177505
v 0.0715505 -0.012852 0.0179235
v 0.0364135 0.021383 -0.0265545
v 0.0378345 0.037053 -0.0182945
v 0.0367725 -6.1e-05 -0.0259575
v 0.0387905 -0.001441 -0.0262645
v 0.0390165 -0.002273 -0.0271865
v 0.0394655 0.000993 -0.0271615
v 0.0660035 -0.010398 0.0026585
v 0.0663295 -0.008704 0.0022475
v 0.0365325 0.002217 -0.0257995
v 0.0677595 -0.010482 0.0037415
v 0.0334225 0.03843 -0.0211665
v 0.0663085 -0.012747 0.0036595
v 0.0407255 -0.002935 -0.0263785
v 0.0665895 -0.010866 0.0046925
v 0.0309855 0.040551 -0.0200025
v 0.0423345 -0.00488 -0.0266925
v 0.0311605 0.040062 -0.0214055
v 0.0386045 0.02156 -0.0273025
v 0.0446005 -0.006254 -0.0256655
v 0.0443445 -0.003813 -0.0260685
v 0.0298025 0.041817 -0.0200465
v 0.0429235 0.000441 -0.0274095
v 0.0675105 -0.00783 0.0046575
v 0.0340125 0.024202 -0.0265455
v 0.0380945 0.023188 -0.0262385
v 0.0360535 0.023999 -0.0266815
v 0.0676445 -0.010041 0.0057105
v 0.0318165 0.039261 -0.0207635
v 0.0347135 0.026625 -0.0265915
v 0.0389825 0.02391 -0.0265045
v 0.0444025 -0.002118 -0.0272205
v 0.0450025 -0.00391 -0.0266865
v 0.0434915 -0.001831 -0.0264935
v 0.0696165 -0.010471 0.0083185
v 0.0324455 0.041062 -0.0202925
v 0.0344675 0.040393 -0.0193725
v 0.0307625 0.042439 -0.0198395
v 0.0429135 0.000222 -0.0265765
v 0.0399935 0.000853 -0.0262285
v 0.0331455 0.040415 -0.0188035
v 0.0682035 -0.009431 0.0077215
v 0.0682035 -0.009431 0.0077215
v 0.0700275 -0.006719 0.0080795
v 0.0376525 0.038496 -0.0187025
v 0.0658065 -0.005988 0.0013475
v 0.0670175 -0.006136 0.0012635
v 0.0350465 0.038556 -0.0191255
v 0.0192805 -0.00571 -0.0256015
v 0.0260085 0.022818 -0.0257285
v 0.0216375 -0.004741 -0.0254165
v 0.0361255 0.040327 -0.0181765
v 0.0662475 -0.002902 0.0015835
v 0.0669275 -0.005377 0.0032625
v 0.0351315 0.041009 -0.0175485
v 0.0659595 -0.001953 0.0001465
v 0.0376915 0.038721 -0.0172215
v 0.0394585 0.036753 -0.0185465
v 0.0195725 -0.001684 -0.0252985
v 0.0678385 -0.001759 0.0024765
v 0.0672885 -0.003239 0.0035355
v 0.0265685 0.025273 -0.0260815
v 0.0686085 -0.006 0.0043635
v 0.0281485 0.022138 -0.0260925
v 0.0679745 -0.005019 0.0033935
v 0.0377405 0.041088 -0.0166375
v 0.0397605 0.038436 -0.0173025
v 0.0680345 -0.006184 0.0057495
v 0.0209515 -0.00099 -0.0255465
v 0.0205525 0.001376 -0.0252515
v 0.0231565 -0.001487 -0.0253845
v 0.0681805 -0.004416 0.0054255
v 0.0311075 0.042894 -0.0181335
v 0.0306415 0.023883 -0.0261465
v 0.0288045 0.024211 -0.0257635
v 0.0696385 -0.001215 0.0061245
v 0.0307845 0.043582 -0.0192335
v 0.0282875 0.026656 -0.0271155
v 0.0309245 0.04494 -0.0169365
v 0.0688545 0.00066 0.0045945
v 0.0679475 -0.000937 0.0055265
v 0.0677505 -0.001262 0.0040175
v 0.0280865 0.027286 -0.0261445
v 0.0686735 -0.010136 0.0109575
v 0.0694165 -0.011587 0.0117025
v 0.0218735 0.003422 -0.0253585
v 0.0707115 -0.007919 0.0111575
v 0.0691545 -0.006601 0.0085355
v 0.0691545 -0.006601 0.0085355
v 0.0236265 0.001181 -0.0255345
v 0.0333665 0.043653 -0.0175795
v 0.0301115 0.046299 -0.0169595
v 0.0688655 -0.00269 0.0070985
v 0.0242715 0.004313 -0.0252265
v 0.0252315 0.002666 -0.0252175
v 0.0311495 0.026333 -0.0264075
v 0.0283255 0.046833 -0.0166195
v 0.0699435 -0.004554 0.0103155
v 0.0699435 -0.004554 0.0103155
v 0.0699895 -0.006963 0.0110895
v 0.0702445 -0.0024 0.0082185
v 0.0709665 -0.003504 0.0103865
v 0.0300325 0.045736 -0.0163195
v 0.0190885 0.002926 -0.0253705
v 0.0684835 -0.000899 0.0072395
v 0.0690485 0.000399 0.0079565
v 0.0325755 0.04414 -0.0159805
v 0.0333325 0.045731 -0.0145245
v 0.0307105 0.046899 -0.0150935
v 0.0374935 0.040579 -0.0158105
v 0.0318175 0.028641 -0.0265005
v 0.0708745 -0.003858 0.0138615
v 0.0701005 -0.001912 0.0105505
v 0.0701005 -0.001912 0.0105505
v 0.0269185 0.001111 -0.0256685
v 0.0358015 0.041944 -0.0177065
v 0.0341235 0.043863 -0.0155245
v 0.0282995 0.002092 -0.0253745
v 0.0353275 0.044451 -0.0151285
v 0.0335075 0.044936 -0.0161075
v 0.0375445 0.043411 -0.0146295
v 0.0712375 -0.010456 0.0142265
v 0.0362145 0.04266 -0.0152785
v 0.0403775 -0.02335 -0.0253045
v 0.0705295 -0.008048 0.0138695
v 0.0703475 -0.010432 0.0158245
v 0.0338405 0.045859 -0.0155105
v 0.0707975 -0.005861 0.0148945
v 0.0432925 -0.019159 -0.0245055
v 0.0716915 -0.005969 0.0136405
v 0.0362475 0.045128 -0.0126345
v 0.0377415 0.024921 -0.0258375
v 0.0367685 0.043591 -0.0139375
v 0.0370565 0.027124 -0.0248125
v 0.0408795 -0.022554 -0.0237615
v 0.0391335 0.041326 -0.0138095
v 0.0351805 0.046102 -0.0137755
v 0.0380715 0.044591 -0.0133165
v 0.0427545 -0.023605 -0.0226725
v 0.0718065 -0.002205 0.0130825
v 0.0382765 0.045352 -0.0110455
v 0.0445655 -0.024105 -0.0210975
v 0.0440695 -0.023764 -0.0203955
v 0.0709625 -0.017206 0.0197955
v 0.0693655 -0.018499 0.0197535
v 0.0427115 0.031794 -0.0179985
v 0.0408645 0.032089 -0.0193175
v 0.0439315 0.033445 -0.0169915
v 0.0697985 -0.020192 0.0223825
v 0.0439015 -0.022085 -0.0224435
v 0.0425835 -0.019944 -0.0234005
v 0.0696925 -0.022104 0.0231785
v 0.0401295 0.015507 -0.0266915
v 0.0701035 -0.022067 0.0225445
v 0.0696065 -0.021988 0.0206985
v 0.0443545 -0.021725 -0.0213165
v 0.0711235 -0.018272 0.0221615
v 0.0426955 0.015157 -0.0267545
v 0.0713285 -0.020886 0.0239295
v 0.0403165 0.034598 -0.0180825
v 0.0411725 0.017328 -0.0271935
v 0.0726855 -0.020783 0.0250575
v 0.0717205 -0.020099 0.0255495
v 0.0708465 -0.017756 0.0237985
v 0.0391505 0.016781 -0.0261695
v 0.0409935 0.017745 -0.0262065
v 0.0417995 0.033943 -0.0185295
v 0.0465155 -0.020293 -0.0210685
v 0.0413735 -0.018418 -0.0251445
v 0.0747005 -0.020472 0.0268285
v 0.0432205 -0.017211 -0.0256695
v 0.0424085 -0.016524 -0.0251795
v 0.0722525 -0.017095 0.0238835
v 0.0384575 0.020072 -0.0265905
v 0.0426865 0.018679 -0.0255435
v 0.0743835 -0.019493 0.0252015
v 0.0449175 -0.020265 -0.0210195
v 0.0445055 -0.018173 -0.0224455
v 0.0415165 0.020298 -0.0261705
v 0.0432065 0.033348 -0.0164035
v 0.0457005 -0.016646 -0.0231255
v 0.0457005 -0.016646 -0.0231255
v 0.0416745 0.037756 -0.0162435
v 0.0403105 0.036333 -0.0170365
v 0.0427375 0.035034 -0.0157815
v 0.0423925 -0.014139 -0.0255415
v 0.0701385 -0.016601 0.0204045
v 0.0705305 -0.014015 0.0197395
v 0.0704295 -0.012021 0.0173565
v 0.0439815 -0.013912 -0.0243725
v 0.0411195 0.019123 -0.0255765
v 0.0392955 0.021359 -0.0260165
v 0.0451735 0.030413 -0.0167735
v 0.0442085 -0.016047 -0.0234315
v 0.0428815 0.018881 -0.0242345
v 0.0431715 0.01691 -0.0244295
v 0.0707795 -0.013047 0.0185695
v 0.0483355 -0.018399 -0.0201905
v 0.0483355 -0.018399 -0.0201905
v 0.0471935 0.028259 -0.0161555
v 0.0458195 -0.013811 -0.0239425
v 0.0458195 -0.013811 -0.0239425
v 0.0454545 0.031824 -0.0154505
v 0.0710215 -0.014541 0.0229675
v 0.0469585 0.026767 -0.0169865
v 0.0489225 0.025764 -0.0157305
v 0.0711765 -0.010874 0.0209615
v 0.0481325 0.029001 -0.0159345
v 0.0488475 0.02644 -0.0169005
v 0.0721245 -0.013579 0.0223135
v 0.0706615 -0.013109 0.0214395
v 0.0718635 -0.013361 0.0233745
v 0.0450955 0.014032 -0.0249225
v 0.0719435 -0.010953 0.0231315
v 0.0474675 0.030302 -0.0145575
v 0.0468665 0.031898 -0.0155205
v 0.0723145 -0.015803 0.0250525
v 0.0479085 -0.023369 -0.0186755
v 0.0739065 -0.015621 0.0249755
v 0.0758645 -0.015062 0.0248035
v 0.0475155 -0.022789 -0.0180615
v 0.0500845 -0.023888 -0.0164855
v 0.0500845 -0.023888 -0.0164855
v 0.0501485 -0.023218 -0.0152965
v 0.0736415 -0.012187 0.0242115
v 0.0446135 0.033105 -0.0155505
v 0.0722795 -0.010674 0.0211755
v 0.0463075 0.014146 -0.0226485
v 0.0479045 0.014264 -0.0220115
v 0.0463925 -0.019158 -0.0203395
v 0.0494475 -0.020684 -0.0185045
v 0.0494475 -0.020684 -0.0185045
v 0.0467575 0.01605 -0.0223175
v 0.0489265 -0.021062 -0.0172575
v 0.0748425 -0.016332 0.0266935
v 0.0487465 -0.01885 -0.0184395
v 0.0761515 -0.016662 0.0268175
v 0.0469575 0.032746 -0.0135695
v 0.0450805 0.017936 -0.0235545
v 0.0726645 -0.013481 0.0249725
v 0.0450995 0.015912 -0.0230045
v 0.0470495 -0.016003 -0.0208395
v 0.0442045 0.034948 -0.0157925
v 0.0474685 0.013013 -0.0215765
v 0.0453645 -0.012722 -0.0235155
v 0.0471365 0.034409 -0.0133585
v 0.0467475 -0.014104 -0.0220395
v 0.0441485 0.036523 -0.0138445
v 0.0462205 0.016401 -0.0216195
v 0.0481955 0.015286 -0.0205225
v 0.0758925 -0.011464 0.0251825
v 0.0739825 -0.009316 0.0241645
v 0.0450415 0.017264 -0.0229615
v 0.0495315 0.032129 -0.0124465
v 0.0756075 -0.01253 0.0265535
v 0.0707995 -6.7e-05 0.0128205
v 0.0707995 -6.7e-05 0.0128205
v 0.0510285 -0.019936 -0.0159655
v 0.0500945 0.031313 -0.0113595
v 0.0712015 -0.009767 0.0190465
v 0.0508205 -0.018213 -0.0179475
v 0.0440115 0.019685 -0.0225585
v 0.0722075 -0.009027 0.0182445
v 0.0504515 0.033396 -0.0108905
v 0.0488595 -0.014007 -0.0210535
v 0.0497185 -0.016091 -0.0198735
v 0.0709785 -0.008272 0.0168765
v 0.0491255 -0.013982 -0.0196905
v 0.0502285 -0.015786 -0.0183295
v 0.0406805 0.038104 -0.0151775
v 0.0472395 0.018247 -0.0204795
v 0.0725545 -0.005058 0.0182565
v 0.0506585 -0.017128 -0.0170325
v 0.0507315 -0.01417 -0.0178735
v 0.0725525 -0.009035 0.0239385
v 0.0715245 -0.007973 0.0201355
v 0.0731305 -0.007488 0.0223845
v 0.0526155 -0.024586 -0.0135155
v 0.0526155 -0.024586 -0.0135155
v 0.0716415 -0.005517 0.0174495
v 0.0423545 0.039033 -0.0142985
v 0.0525795 -0.020945 -0.0153685
v 0.0510285 -0.024595 -0.0138185
v 0.0401705 0.024675 -0.0248645
v 0.0449895 0.036684 -0.0137785
v 0.0397825 0.025419 -0.0238045
v 0.0473705 0.034882 -0.0114065
v 0.0414935 0.021174 -0.0245865
v 0.0430425 0.021774 -0.0235965
v 0.0711805 -0.003519 0.0162105
v 0.0532855 -0.024715 -0.0110435
v 0.0711445 -0.001151 0.0149455
v 0.0529555 -0.020816 -0.0132515
v 0.0414605 0.039606 -0.0137095
v 0.0728145 -0.001492 0.0184615
v 0.0720185 0.002176 0.0139305
v 0.0532355 -0.021894 -0.0139005
v 0.0425385 0.037707 -0.0137775
v 0.0717705 -0.001731 0.0183365
v 0.0431285 0.02451 -0.0225135
v 0.0719865 -0.006085 0.0201925
v 0.0555145 -0.021287 -0.0118325
v 0.0555975 -0.024424 -0.0100865
v 0.0438855 0.038925 -0.0115525
v 0.0731815 -0.002287 0.0213565
v 0.0400705 0.041294 -0.0144685
v 0.0461995 0.021158 -0.0212185
v 0.0520035 -0.018037 -0.0171105
v 0.0486655 0.019041 -0.0200195
v 0.0710315 0.001968 0.0145855
v 0.0710315 0.001968 0.0145855
v 0.0414745 0.040568 -0.0124425
v 0.0423085 0.023748 -0.0223705
v 0.0521755 -0.017618 -0.0156825
v 0.0726985 -0.005855 0.0230425
v 0.0720065 -0.004686 0.0210745
v 0.0550645 -0.019458 -0.0129445
v 0.0434175 0.040215 -0.0109655
v 0.0736755 -0.010755 0.0251805
v 0.0399955 0.043214 -0.0115525
v 0.0738425 -0.007504 0.0251765
v 0.0527805 -0.013139 -0.0177225
v 0.0521715 -0.01528 -0.0164245
v 0.0754455 -0.007435 0.0249335
v 0.0550215 -0.016854 -0.0141745
v 0.0403695 0.04462 -0.0113155
v 0.0770045 -0.009996 0.0248135
v 0.0537425 -0.016524 -0.0142915
v 0.0539435 -0.013906 -0.0151435
v 0.0774325 -0.008507 0.0267635
v 0.0550935 -0.017653 -0.0123495
v 0.0777055 -0.012833 0.0267145
v 0.0429845 0.04222 -0.0112295
v 0.0446395 0.039558 -0.0121085
v 0.0437595 -0.012605 -0.0266985
v 0.0429945 0.04187 -0.0100615
v 0.0749495 -0.004609 0.0243405
v 0.0738695 -0.004206 0.0228495
v 0.0733895 -0.004898 0.0242885
v 0.0436585 -0.012223 -0.0254785
v 0.0769335 -0.006288 0.0248245
v 0.0752115 -0.003264 0.0256415
v 0.0476465 -0.011402 -0.0226105
v 0.0772565 -0.005259 0.0266515
v 0.0444915 -0.009555 -0.0254105
v 0.0477485 -0.009758 -0.0230535
v 0.0462655 -0.008243 -0.0249615
v 0.0445955 0.022441 -0.0211755
v 0.0725105 -0.001124 0.0216795
v 0.0727305 -0.00362 0.0225515
v 0.0466805 0.037724 -0.0099965
v 0.0456015 -0.005782 -0.0261385
v 0.0740195 -0.002159 0.0231275
v 0.0720375 0.000424 0.0197765
v 0.0470555 0.020378 -0.0196355
v 0.0721975 0.000824 0.0218525
v 0.0457705 -0.008737 -0.0239895
v 0.0490195 0.021198 -0.0189215
v 0.0733455 0.001482 0.0215445
v 0.0473225 0.038447 -0.0101095
v 0.0744215 0.000676 0.0236445
v 0.0495625 0.036029 -0.0099215
v 0.0734105 -0.00309 0.0244255
v 0.0733605 -0.001655 0.0237635
v 0.0466835 0.023009 -0.0190335
v 0.0474645 -0.010572 -0.0220245
v 0.0454985 0.04006 -0.0089295
v 0.0735475 0.001106 0.0240295
v 0.0492415 0.021614 -0.0174985
v 0.0746875 -6e-05 0.0253085
v 0.0484025 -0.006779 -0.0217235
v 0.0492475 0.036726 -0.0080925
v 0.0759235 -0.002725 0.0249505
v 0.0448885 0.023938 -0.0200905
v 0.0786445 -0.002864 0.0233085
v 0.0783105 -0.005881 0.0233305
v 0.0503315 -0.011909 -0.0202055
v 0.0475685 -0.012764 -0.0211515
v 0.0468645 0.039431 -0.0085325
v 0.0490845 -0.010953 -0.0204795
v 0.0482485 0.037989 -0.0075725
v 0.0489895 0.023927 -0.0176705
v 0.0797585 -0.00545 0.0260635
v 0.0786785 -0.004599 0.0264745
v 0.0444135 0.04152 -0.0102555
v 0.0771795 -0.000731 0.0247525
v 0.0499235 -0.010462 -0.0206945
v 0.0448755 0.041821 -0.0088725
v 0.0757755 0.00122 0.0246825
v 0.0507225 -0.008488 -0.0205575
v 0.0765135 -0.000492 0.0262445
v 0.0469475 0.041299 -0.0078925
v 0.0525095 -0.012106 -0.0170505
v 0.0789395 -0.001516 0.0265175
v 0.0799515 -0.003896 0.0256435
v 0.0807315 -0.001956 0.0248375
v 0.0507125 -0.010187 -0.0188925
v 0.0493405 0.03818 -0.0080335
v 0.0793055 0.00161 0.0263085
v 0.0772695 0.003015 0.0263315
v 0.0500925 -0.008262 -0.0200605
v 0.0769475 -0.023424 0.0241625
v 0.0766815 -0.022545 0.0257845
v 0.0287245 0.048227 -0.0147355
v 0.0478715 0.024655 -0.0174195
v 0.0517895 -0.008921 -0.0184225
v 0.0530805 -0.011133 -0.0176605
v 0.0524315 -0.009063 -0.0188745
v 0.0309555 0.047507 -0.0155515
v 0.0781895 -0.019227 0.0245995
v 0.0775235 -0.018622 0.0263465
v 0.0538695 -0.009351 -0.0159555
v 0.0457885 -0.002199 -0.0251625
v 0.0449285 6.3e-05 -0.0259225
v 0.0447475 0.000293 -0.0269145
v 0.0463795 -0.001603 -0.0257805
v 0.0789385 -0.014159 0.0254015
v 0.0788195 -0.015501 0.0240945
v 0.0797145 -0.011626 0.0245125
v 0.0455735 0.002786 -0.0266775
v 0.0335225 0.047627 -0.0137525
v 0.0473165 0.001277 -0.0249505
v 0.0482435 -0.004714 -0.0229725
v 0.0486755 -0.001267 -0.0231375
v 0.0359045 0.047995 -0.0114745
v 0.0466235 -0.003967 -0.0239355
v 0.0791225 -0.011724 0.0258875
v 0.0466755 0.001148 -0.0240005
v 0.0480395 -0.001117 -0.0226025
v 0.0796265 -0.008213 0.0259365
v 0.0410335 0.04419 -0.0095835
v 0.0802925 -0.006244 0.0246725
v 0.0419835 0.044755 -0.0096205
v 0.0422965 0.0439 -0.0083015
v 0.0441525 0.042722 -0.0078535
v 0.0646595 0.000665 -0.0021685
v 0.0494945 0.001216 -0.0225365
v 0.0662965 0.000684 -0.0007335
v 0.0480755 -0.002867 -0.0224145
v 0.0460725 0.041593 -0.0071235
v 0.0656885 -0.000524 0.0008465
v 0.0494405 -0.004254 -0.0211635
v 0.0498945 0.000398 -0.0209135
v 0.0482345 0.002114 -0.0225245
v 0.0677515 0.000707 0.0018755
v 0.0504315 -0.002737 -0.0214715
v 0.0444365 0.044107 -0.0078455
v 0.0497725 -0.002897 -0.0207445
v 0.0497455 -0.005329 -0.0218465
v 0.0436465 0.044578 -0.0058405
v 0.0451065 0.044014 -0.0048175
v 0.0656945 0.003897 -0.0017165
v 0.0650745 0.004376 -0.0033105
v 0.0492525 0.003571 -0.0229185
v 0.0659855 0.003487 0.0007755
v 0.0640365 0.003305 -0.0025015
v 0.0523355 -0.005562 -0.0191355
v 0.0488645 0.039147 -0.0061295
v 0.0491365 0.040252 -0.0042815
v 0.0650915 0.004961 -0.0012985
v 0.0479445 0.004966 -0.0224405
v 0.0511735 -0.006354 -0.0190975
v 0.0667355 -0.001398 0.0018325
v 0.0510615 -0.003608 -0.0194585
v 0.0516655 -0.004645 -0.0191445
v 0.0670315 0.000275 0.0029795
v 0.0475225 0.041784 -0.0049135
v 0.0532145 -0.006619 -0.0174535
v 0.0508595 0.002631 -0.0213365
v 0.0548785 -0.005324 -0.0168545
v 0.0490405 0.005766 -0.0230415
v 0.0675255 0.00596 0.0021185
v 0.0468015 0.043576 -0.0041385
v 0.0517405 -0.002393 -0.0191255
v 0.0478545 0.043227 -0.0023825
v 0.0672205 0.002179 0.0032255
v 0.0521575 -0.0011 -0.0198255
v 0.0529005 -0.003632 -0.0191995
v 0.0682315 0.006268 0.0038345
v 0.0512925 0.001057 -0.0209395
v 0.0653525 0.006682 -0.0019315
v 0.0287535 0.05183 -0.0124565
v 0.0477765 0.007148 -0.0235575
v 0.0645305 0.006606 -0.0013115
v 0.0656225 0.00695 0.0005985
v 0.0554265 -0.013754 -0.0145365
v 0.0309025 0.049666 -0.0120675
v 0.0664365 0.009284 0.0004465
v 0.0652025 0.008074 -0.0028315
v 0.0656055 0.00946 -0.0008045
v 0.0548305 -0.011357 -0.0160535
v 0.0542625 -0.011997 -0.0149685
v 0.0667965 0.005571 0.0025975
v 0.0333175 0.047094 -0.0129365
v 0.0648995 0.009994 0.0003145
v 0.0670735 0.009742 0.0023585
v 0.0477935 0.009632 -0.0234155
v 0.0320295 0.04955 -0.0124335
v 0.0342465 0.048379 -0.0114305
v 0.0657845 0.012625 0.0003605
v 0.0504495 0.0037 -0.0203455
v 0.0697445 0.003937 0.0064135
v 0.0548335 -0.00795 -0.0164825
v 0.0673325 0.003636 0.0039655
v 0.0686275 0.000915 0.0061125
v 0.0544945 -0.023064 -0.0107415
v 0.0543925 -0.021211 -0.0113745
v 0.0684945 0.004472 0.0056935
v 0.0677035 0.006636 0.0049445
v 0.0284665 0.052195 -0.0106295
v 0.0553605 -0.025043 -0.0083435
v 0.0332045 0.049134 -0.0106685
v 0.0531275 -5.5e-05 -0.0178285
v 0.0516595 0.000989 -0.0194215
v 0.0528465 0.001625 -0.0195655
v 0.0537905 -0.000464 -0.0180265
v 0.0563055 -0.02237 -0.0084535
v 0.0543275 -0.001785 -0.0180075
v 0.0708485 0.001644 0.0097765
v 0.0548075 0.001785 -0.0176335
v 0.0689765 0.003956 0.0080305
v 0.0299085 0.052674 -0.0109175
v 0.0692465 0.002716 0.0081735
v 0.0548545 -0.002211 -0.0158705
v 0.0538825 -0.004362 -0.0168245
v 0.0548485 -0.000306 -0.0160485
v 0.0320995 0.051702 -0.0106295
v 0.0550455 0.002485 -0.0159855
v 0.0313105 0.051752 -0.0096635
v 0.0559835 0.000113 -0.0162275
v 0.0700905 0.001633 0.0109265
v 0.0320365 0.053039 -0.0085645
v 0.0573885 -0.022132 -0.0068095
v 0.0524695 0.005062 -0.0195905
v 0.0354215 0.04703 -0.0117865
v 0.0338045 0.049 -0.0121345
v 0.0518845 0.004015 -0.0188815
v 0.0698605 0.006912 0.0078035
v 0.0696745 0.004741 0.0094885
v 0.0574005 -0.021794 -0.0076555
v 0.0689715 0.007445 0.0083865
v 0.0355975 0.050343 -0.0093785
v 0.0710385 0.004817 0.0107295
v 0.0375515 0.04672 -0.0115845
v 0.0663205 0.00986 0.0027535
v 0.0565245 -0.015605 -0.0115265
v 0.0662295 0.007988 0.0026375
v 0.0369275 0.047243 -0.0101325
v 0.0538705 0.003992 -0.0169645
v 0.0548245 0.0041 -0.0173085
v 0.0561285 0.003233 -0.0157875
v 0.0577825 -0.019196 -0.0098155
v 0.0380105 0.048585 -0.0090225
v 0.0563225 -0.019437 -0.0103625
v 0.0572595 -0.020118 -0.0080115
v 0.0344205 0.049815 -0.0094675
v 0.0689645 0.009365 0.0057395
v 0.0378105 0.048455 -0.0080675
v 0.0575435 -0.016279 -0.0114645
v 0.0648755 0.012459 0.0006105
v 0.0575065 -0.015878 -0.0098445
v 0.0367665 0.049825 -0.0069785
v 0.0584275 -0.017416 -0.0082915
v 0.0498395 0.006141 -0.0205015
v 0.0497095 0.007534 -0.0208455
v 0.0503325 0.007882 -0.0210935
v 0.0512465 0.005887 -0.0207715
v 0.0335625 0.051867 -0.0091365
v 0.0593215 -0.016175 -0.0089595
v 0.0682095 0.008684 0.0062405
v 0.0493515 0.009041 -0.0217075
v 0.0345135 0.051968 -0.0079325
v 0.0670775 0.012396 0.0051185
v 0.0659645 0.013972 0.0035695
v 0.0582945 -0.019223 -0.0077985
v 0.0334915 0.051404 -0.0081715
v 0.0519465 0.006991 -0.0185895
v 0.0396285 0.049729 -0.0065145
v 0.0686015 0.010825 0.0086025
v 0.0675945 0.011895 0.0037785
v 0.0591755 -0.016221 -0.0071685
v 0.0290365 0.054576 -0.0089995
v 0.0478305 0.011249 -0.0216995
v 0.0491655 0.00932 -0.0209275
v 0.0282115 0.053922 -0.0090125
v 0.0694905 0.00611 0.0101515
v 0.0489235 0.011824 -0.0216135
v 0.0307135 0.053608 -0.0074315
v 0.0517135 0.011575 -0.0193435
v 0.0565105 -0.013678 -0.0119365
v 0.0661575 0.014452 0.0021315
v 0.0317825 0.054713 -0.0068195
v 0.0518735 0.008849 -0.0193255
v 0.0577065 -0.013621 -0.0118655
v 0.0577525 -0.012038 -0.0124765
v 0.0671855 0.014043 0.0058145
v 0.0652355 0.015372 0.0029645
v 0.0556115 -0.007314 -0.0145035
v 0.0558215 -0.009974 -0.0135035
v 0.0564395 -0.00917 -0.0145595
v 0.0514435 0.009906 -0.0188835
v 0.0571445 -0.011453 -0.0117815
v 0.0507255 0.011627 -0.0187275
v 0.0276605 0.056825 -0.0052155
v 0.0276605 0.056825 -0.0052155
v 0.0295575 0.055424 -0.0059225
v 0.0290915 0.057087 -0.0053365
v 0.0584815 -0.009193 -0.0107395
v 0.0324005 0.05475 -0.0044875
v 0.0301305 0.056973 -0.0027565
v 0.0301305 0.056973 -0.0027565
v 0.0526605 0.007394 -0.0193125
v 0.0700875 0.004028 0.0118025
v 0.0594765 -0.010011 -0.0108315
v 0.0540715 0.007053 -0.0177965
v 0.0591865 -0.008364 -0.0113905
v 0.0585895 -0.013945 -0.0094045
v 0.0710905 0.004045 0.0149405
v 0.0710905 0.004045 0.0149405
v 0.0332445 0.053143 -0.0059665
v 0.0349105 0.05222 -0.0060235
v 0.0588585 -0.011767 -0.0092765
v 0.0701865 0.007091 0.0119935
v 0.0716415 0.006355 0.0130745
v 0.0544235 0.008383 -0.0158545
v 0.0533455 0.010264 -0.0168215
v 0.0343855 0.054072 -0.0053855
v 0.0705635 0.00786 0.0141995
v 0.0713395 0.005995 0.0171835
v 0.0713395 0.005995 0.0171835
v 0.0547115 0.005738 -0.0160695
v 0.0373015 0.051972 -0.0053745
v 0.0561805 0.00719 -0.0154215
v 0.0562885 0.005975 -0.0138385
v 0.0598765 -0.009757 -0.0085075
v 0.0705265 0.009529 0.0104455
v 0.0696115 0.00966 0.0110165
v 0.0614065 -0.007431 -0.0085225
v 0.0713675 0.009687 0.0137975
v 0.0545355 0.009441 -0.0166295
v 0.0352175 0.053277 -0.0037405
v 0.0372685 0.0521 -0.0040085
v 0.0555375 -0.005478 -0.0145865
v 0.0372275 0.053857 -0.0029615
v 0.0569485 -0.004286 -0.0146775
v 0.0522205 0.012749 -0.0173395
v 0.0545405 0.011116 -0.0164905
v 0.0349345 0.054892 -0.0016065
v 0.0369155 0.054194 -0.0009635
v 0.0698455 0.011401 0.0132065
v 0.0708595 0.00933 0.0160805
v 0.0569105 -0.006522 -0.0135885
v 0.0589985 -0.006015 -0.0120975
v 0.0560955 0.01022 -0.0152255
v 0.0722985 0.007614 0.0177795
v 0.0724145 0.002295 0.0165465
v 0.0563215 0.010111 -0.0135065
v 0.0558185 -0.002714 -0.0158585
v 0.0328495 0.055743 -0.0041295
v 0.0570575 0.010319 -0.0135775
v 0.0565485 -0.003495 -0.0138935
v 0.0578805 -0.006772 -0.0116035
v 0.0402675 0.047248 -0.0084685
v 0.0701825 0.010995 0.0154315
v 0.0584885 -0.004401 -0.0113325
v 0.0713425 0.007275 0.0183165
v 0.0713425 0.007275 0.0183165
v 0.0596365 -0.002393 -0.0115605
v 0.0400795 0.046694 -0.0076495
v 0.0715475 0.009156 0.0202055
v 0.0715475 0.009156 0.0202055
v 0.0706695 0.011888 0.0169345
v 0.0585975 -0.001444 -0.0114835
v 0.0578775 -0.000886 -0.0141345
v 0.0565465 -0.000279 -0.0141125
v 0.0605235 -0.004547 -0.0103025
v 0.0594975 -0.006168 -0.0099925
v 0.0422785 0.045915 -0.0063295
v 0.0425225 0.046775 -0.0068875
v 0.0724105 0.011142 0.0209705
v 0.0607715 -0.008192 -0.0078125
v 0.0712795 0.012237 0.0200645
v 0.0712795 0.012237 0.0200645
v 0.0575985 0.001971 -0.0141145
v 0.0584215 0.000829 -0.0128095
v 0.0607075 -0.004848 -0.0087895
v 0.0411185 0.048418 -0.0046585
v 0.0585075 0.000878 -0.0120635
v 0.0596855 0.002497 -0.0116875
v 0.0716805 0.001752 0.0168445
v 0.0716995 0.002358 0.0201515
v 0.0607225 -0.006559 -0.0077115
v 0.0575245 0.00237 -0.0129315
v 0.0453385 0.044414 -0.0060795
v 0.0602255 -0.002821 -0.0089375
v 0.0572985 0.004327 -0.0131655
v 0.0723205 0.002931 0.0216485
v 0.0719695 0.004698 0.0196295
v 0.0615505 -0.004246 -0.0072305
v 0.0446885 0.04735 -0.0034565
v 0.0607175 -0.001371 -0.0086535
v 0.0628715 -0.003338 -0.0066945
v 0.0617995 -0.001655 -0.0085675
v 0.0730455 0.003363 0.0200125
v 0.0609805 0.00027 -0.0098405
v 0.0441105 0.046142 -0.0043425
v 0.0620035 -0.002264 -0.0069025
v 0.0424235 0.048332 -0.0047625
v 0.0719995 0.005057 0.0214465
v 0.0477225 0.04347 -0.0046955
v 0.0731075 0.006896 0.0218955
v 0.0729245 0.004051 0.0233395
v 0.0592645 0.005368 -0.0118205
v 0.0739505 0.00339 0.0229355
v 0.0461205 0.045088 -0.0022575
v 0.0387205 0.04975 -0.0054295
v 0.0602965 -0.001077 -0.0098185
v 0.0595265 0.000699 -0.0101725
v 0.0741395 0.004018 0.0249095
v 0.0745505 0.006099 0.0238935
v 0.0437165 0.04732 -0.0027645
v 0.0602655 0.002088 -0.0093545
v 0.0725555 0.006936 0.0229785
v 0.0587395 0.004901 -0.0110465
v 0.0397755 0.051356 -0.0036195
v 0.0600715 0.004554 -0.0092355
v 0.0399365 0.050606 -0.0029515
v 0.0415805 0.002971 -0.0274005
v 0.0774945 0.002941 0.0246205
v 0.0763835 0.004537 0.0248795
v 0.0804525 -6.6e-05 0.0246355
v 0.0428835 0.049635 -0.0027275
v 0.0805025 0.004128 0.0248795
v 0.0381345 0.051307 -0.0033345
v 0.0611855 0.000667 -0.0077635
v 0.0774385 0.00847 0.0244105
v 0.0790685 0.005748 0.0229605
v 0.0388045 0.052379 -0.0013475
v 0.0618375 -0.000354 -0.0064595
v 0.0630435 0.000222 -0.0069605
v 0.0383235 0.054049 -0.0011975
v 0.0404325 0.052279 -0.0019485
v 0.0735275 0.010252 0.0231285
v 0.0423245 0.049314 -0.0021685
v 0.0716905 0.010417 0.0218785
v 0.0416715 0.050884 7.45e-05
v 0.0791005 0.009187 0.0229435
v 0.0784775 0.011231 0.0232245
v 0.0799645 0.008405 0.0237325
v 0.0798085 0.0048 0.0231405
v 0.0795725 0.007582 0.0259305
v 0.0803445 0.007852 0.0246965
v 0.0615785 0.003567 -0.0090205
v 0.0400515 0.0527 0.0001115
v 0.0402765 0.050739 -0.0012845
v 0.0612475 0.00369 -0.0077975
v 0.0434985 0.051326 0.0006585
v 0.0633065 0.002457 -0.0061115
v 0.0627555 0.002067 -0.0055305
v 0.0474145 0.045408 -0.0021975
v 0.0614995 0.002578 -0.0069345
v 0.0617605 0.004708 -0.0064795
v 0.0462845 0.046357 -0.0005535
v 0.0453625 0.048259 -0.0013955
v 0.0469615 0.048025 0.0005765
v 0.0439435 0.048829 -3.05e-05
v 0.0626765 0.003769 -0.0050025
v 0.0481915 0.047426 0.0029975
v 0.0462855 0.047353 0.0001015
v 0.0453845 0.048937 0.0013395
v 0.0463185 0.048241 0.0025375
v 0.0578245 0.007569 -0.0120815
v 0.0582425 0.009345 -0.0125185
v 0.0439875 0.050316 0.0017235
v 0.0589775 0.008253 -0.0104735
v 0.0491045 0.027706 -0.0148865
v 0.0506495 0.027466 -0.0142975
v 0.0515415 0.027851 -0.0118515
v 0.0501925 0.030326 -0.0131815
v 0.0524915 0.025604 -0.0119555
v 0.0603115 0.010055 -0.0098115
v 0.0606045 0.007276 -0.0096205
v 0.0602665 0.008193 -0.0086075
v 0.0519005 0.029798 -0.0102275
v 0.0603255 0.006494 -0.0083345
v 0.0539125 0.026353 -0.0102415
v 0.0588995 0.010736 -0.0099195
v 0.0572665 0.012277 -0.0118635
v 0.0527065 0.02908 -0.0111905
v 0.0536195 0.026307 -0.0118395
v 0.0529785 0.027767 -0.0100605
v 0.0595745 0.009653 -0.0089225
v 0.0594515 0.012242 -0.0103125
v 0.0614715 0.009363 -0.0083785
v 0.0607775 0.010746 -0.0073575
v 0.0622575 0.007262 -0.0071995
v 0.0554755 0.026395 -0.0094305
v 0.0620505 0.006289 -0.0063745
v 0.0634875 0.005383 -0.0057065
v 0.0623865 0.008347 -0.0050725
v 0.0544635 0.029158 -0.0090565
v 0.0539595 0.029457 -0.0078975
v 0.0501375 0.03464 -0.0089385
v 0.0513825 0.032256 -0.0092635
v 0.0516205 0.033702 -0.0074615
v 0.0499755 0.013347 -0.0194195
v 0.0540375 0.031936 -0.0073605
v 0.0542615 0.030598 -0.0063895
v 0.0520745 0.013101 -0.0184675
v 0.0515005 0.034503 -0.0085375
v 0.0509285 0.034985 -0.0068855
v 0.0493705 0.015542 -0.0203055
v 0.0510795 0.015435 -0.0187805
v 0.0505755 0.015656 -0.0183735
v 0.0518205 0.03597 -0.0056275
v 0.0543065 0.03397 -0.0035615
v 0.0556255 0.025438 -0.0081955
v 0.0559715 0.0274 -0.0063235
v 0.0502795 0.018463 -0.0185925
v 0.0553785 0.028918 -0.0064425
v 0.0539065 0.012174 -0.0166015
v 0.0578215 0.025679 -0.0066275
v 0.0531305 0.01607 -0.0156105
v 0.0568935 0.028804 -0.0056745
v 0.0506715 0.017644 -0.0172615
v 0.0574725 0.027507 -0.0041575
v 0.0575785 0.025045 -0.0057975
v 0.0518335 0.016765 -0.0178465
v 0.0562025 0.030093 -0.0042085
v 0.0587335 0.028267 -0.0034025
v 0.0573305 0.030187 -0.0021195
v 0.0527835 0.018462 -0.0158965
v 0.0545835 0.032049 -0.0049145
v 0.0514015 0.019925 -0.0161595
v 0.0551055 0.012711 -0.0142625
v 0.0533395 0.013574 -0.0156275
v 0.0556075 0.033879 -0.0034565
v 0.0566195 0.031179 -0.0044375
v 0.0542655 0.014672 -0.0156765
v 0.0538805 0.035492 -0.0046065
v 0.0542785 0.015117 -0.0143455
v 0.0556915 0.012181 -0.0146005
v 0.0557065 0.013807 -0.0145015
v 0.0576705 0.012541 -0.0125515
v 0.0542925 0.017737 -0.0149505
v 0.0513795 0.035762 -0.0079155
v 0.0556935 0.013633 -0.0131535
v 0.0563455 0.01714 -0.0124735
v 0.0503125 0.039918 -0.0050595
v 0.0545465 0.018163 -0.0133215
v 0.0530735 0.019568 -0.0140465
v 0.0562595 0.01936 -0.0121385
v 0.0564805 0.014992 -0.0121015
v 0.0560895 0.017356 -0.0116035
v 0.0603315 0.026981 -0.0014595
v 0.0546025 0.020439 -0.0122995
v 0.0588595 0.028182 -0.0012495
v 0.0590575 0.025566 -0.0028795
v 0.0587145 0.030079 0.0002245
v 0.0580765 0.031849 -0.0015135
v 0.0512265 0.021539 -0.0167575
v 0.0558425 0.034244 -0.0005335
v 0.0542805 0.035557 -0.0021985
v 0.0567865 0.031865 -0.0011095
v 0.0512225 0.021228 -0.0153255
v 0.0560705 0.035089 -0.0012855
v 0.0536095 0.021947 -0.0141215
v 0.0584465 0.033436 0.0007395
v 0.0574795 0.033264 0.0008985
v 0.0571505 0.035294 0.0029765
v 0.0556195 0.035919 0.0001715
v 0.0512255 0.023913 -0.0145625
v 0.0521025 0.037416 -0.0034905
v 0.0504935 0.039092 -0.0031245
v 0.0528315 0.037258 -0.0021775
v 0.0519935 0.03804 -0.0046655
v 0.0523105 0.024312 -0.0140895
v 0.0544145 0.036678 -0.0024925
v 0.0499425 0.041786 -0.0031585
v 0.0521195 0.039187 -0.0013225
v 0.0494185 0.041849 -0.0020045
v 0.0515845 0.040843 -0.0004875
v 0.0578645 0.015063 -0.0112815
v 0.0517335 0.041786 -0.0010595
v 0.0580195 0.012635 -0.0102165
v 0.0495765 0.043673 -0.0018215
v 0.0589645 0.013831 -0.0093035
v 0.0596375 0.014245 -0.0095245
v 0.0531745 0.040058 -0.0008185
v 0.0613125 0.01237 -0.0077875
v 0.0577715 0.01615 -0.0099715
v 0.0636545 0.003985 -0.0040625
v 0.0628685 0.00623 -0.0044265
v 0.0536285 0.038005 -0.0001995
v 0.0548425 0.038015 -0.0003685
v 0.0640085 0.008246 -0.0025425
v 0.0635225 0.008331 -0.0052875
v 0.0566995 0.03652 0.0011205
v 0.0550565 0.039482 0.0019945
v 0.0623935 0.010898 -0.0046155
v 0.0492125 0.04324 -0.0014325
v 0.0633305 0.010794 -0.0029815
v 0.0500515 0.043577 0.0004845
v 0.0479735 0.045 0.0006835
v 0.0506625 0.0437 0.0004975
v 0.0542545 0.041513 0.0027255
v 0.0529195 0.041972 0.0033265
v 0.0515245 0.042479 0.0010245
v 0.0622665 0.013024 -0.0041175
v 0.0493845 0.044931 0.0017755
v 0.0506435 0.043607 0.0020895
v 0.0516525 0.043919 0.0020085
v 0.0638425 0.011767 -0.0034355
v 0.0510435 0.04466 0.0041375
v 0.0526045 0.043948 0.0054295
v 0.0531505 0.042679 0.0053665
v 0.0536725 0.039387 0.0015035
v 0.0554835 0.038134 0.0028505
v 0.0552375 0.04003 0.0047315
v 0.0636175 0.013074 -0.0019655
v 0.0565035 0.036837 0.0040755
v 0.0567305 0.03868 0.0034255
v 0.0576255 0.037484 0.0057095
v 0.0532515 0.023422 -0.0124585
v 0.0560955 0.041294 0.0058715
v 0.0579035 0.038466 0.0082565
v 0.0557815 0.040596 0.0064055
v 0.0548705 0.022873 -0.0119265
v 0.0545165 0.023702 -0.0106665
v 0.0556915 0.021852 -0.0103775
v 0.0521475 0.045169 0.0041205
v 0.0541995 0.043799 0.0059225
v 0.0547485 0.042453 0.0070525
v 0.0578315 0.0217 -0.0088665
v 0.0557175 0.023905 -0.0107035
v 0.0569165 0.021255 -0.0087935
v 0.0574245 0.018996 -0.0091695
v 0.0585885 0.037779 0.0059955
v 0.0555945 0.040994 0.0078205
v 0.0591855 0.031228 0.0022035
v 0.0605755 0.03069 0.0021965
v 0.0562735 0.023645 -0.0085765
v 0.0578895 0.022635 -0.0066605
v 0.0612015 0.030043 0.0051865
v 0.0612165 0.031879 0.0064155
v 0.0603415 0.012411 -0.0075295
v 0.0611645 0.014982 -0.0068495
v 0.0592145 0.033765 0.0046035
v 0.0604635 0.014723 -0.0062995
v 0.0609065 0.032418 0.0045265
v 0.0592665 0.035612 0.0047395
v 0.0598395 0.017323 -0.0082665
v 0.0589165 0.016783 -0.0083195
v 0.0625065 0.029675 0.0050715
v 0.0591795 0.019671 -0.0065725
v 0.0635405 0.029204 0.0064955
v 0.0602135 0.018991 -0.0066405
v 0.0613265 0.015041 -0.0051535
v 0.0603135 0.017904 -0.0054065
v 0.0593705 0.035414 0.0069535
v 0.0626515 0.015863 -0.0041545
v 0.0621195 0.016109 -0.0028845
v 0.0623195 0.032957 0.0080555
v 0.0602175 0.03559 0.0099515
v 0.0623625 0.032796 0.0112315
v 0.0642425 0.014619 -0.0018775
v 0.0634035 0.030102 0.0102585
v 0.0642855 0.029727 0.0095105
v 0.0646935 0.030783 0.0120155
v 0.0595525 0.022827 -0.0058425
v 0.0650535 0.029475 0.0152615
v 0.0638785 0.030789 0.0121585
v 0.0584165 0.021262 -0.0061295
v 0.0593795 0.021809 -0.0052415
v 0.0601295 0.020445 -0.0040355
v 0.0609815 0.020799 -0.0049805
v 0.0611115 0.036561 0.0102965
v 0.0623395 0.034854 0.0115055
v 0.0637555 0.015543 -0.0006215
v 0.0593885 0.037159 0.0097765
v 0.0590885 0.039512 0.0100325
v 0.0571245 0.041414 0.0082065
v 0.0644675 0.017312 0.0018515
v 0.0497795 0.04636 0.0022525
v 0.0502395 0.045978 0.0038515
v 0.0603925 0.023802 -0.0018865
v 0.0592835 0.02317 -0.0040065
v 0.0661525 0.029848 0.0164075
v 0.0751925 -0.022918 0.0235265
v 0.0767325 -0.018245 0.0233885
v 0.0764685 -0.015801 0.0237305
v 0.0779035 -0.016374 0.0231225
v 0.0778535 -0.011849 0.0234615
v 0.0785275 -0.012667 0.0233245
v 0.0793035 -0.00623 0.0229985
v 0.0804975 -0.003819 0.0238275
v 0.0789285 0.001352 0.0228225
v 0.0801265 -0.000386 0.0231465
v 0.0759005 -0.024034 0.0233355
v 0.0771975 -0.020244 0.0232825
v 0.0778555 -0.018169 0.0236435
v 0.0798345 -0.009766 0.0237815
v 0.0793135 0.012087 0.0234795
v -0.0688975 -0.018863 0.0122765
v -0.0702125 -0.017369 0.0164305
v -0.0701275 -0.013829 0.0127405
v -0.0595215 -0.036712 0.0081965
v -0.0579195 -0.039536 0.0085725
v -0.0694665 -0.016046 0.0163455
v -0.0684825 -0.018605 0.0143625
v -0.0687205 -0.016674 0.0125095
v -0.0696165 -0.013635 0.0140735
v -0.0529595 -0.055064 0.0267155
v -0.0498125 -0.05417 0.0249895
v -0.0523725 -0.052266 0.0253495
v -0.0767835 -0.016929 0.0232965
v -0.0759045 -0.02213 0.0230125
v -0.0770725 -0.019466 0.0232475
v -0.0606095 -0.03728 0.0121015
v -0.0580445 -0.040379 0.0107335
v -0.0548495 -0.051789 0.0260965
v -0.0551035 -0.0541 0.0269225
v -0.0563785 -0.039225 0.0078395
v -0.0585755 -0.036581 0.0082865
v -0.0582605 -0.038475 0.0104145
v -0.0586905 -0.040756 0.0128695
v -0.0709635 -0.010614 0.0134985
v -0.0694445 -0.012859 0.0095765
v -0.0535435 -0.049969 0.0244565
v -0.0516505 -0.0514 0.0235775
v -0.0674985 -0.015614 0.0087125
v -0.0683955 -0.013947 0.0104355
v -0.0753495 -0.016101 0.0248695
v -0.0739355 -0.021821 0.0248535
v -0.0582985 -0.043596 0.0194735
v -0.0562215 -0.046776 0.0219975
v -0.0587985 -0.044235 0.0231385
v -0.0598575 -0.044067 0.0240565
v -0.0607945 -0.044897 0.0249545
v -0.0602485 -0.042211 0.0223765
v -0.0604025 -0.03967 0.0162485
v -0.0694635 -0.012571 0.0120535
v -0.0593015 -0.04234 0.0210545
v -0.0614335 -0.039571 0.0205915
v -0.0720675 -0.01429 0.0222635
v -0.0713795 -0.014955 0.0194745
v -0.0709965 -0.018476 0.0219705
v -0.0608605 -0.041291 0.0229655
v -0.0725625 -0.018776 0.0243755
v -0.0734565 -0.017642 0.0246095
v -0.0738755 -0.014357 0.0245935
v -0.0727675 -0.016369 0.0250105
v -0.0714925 -0.017964 0.0243505
v -0.0709575 -0.016123 0.0228235
v -0.0645225 -0.033764 0.0195965
v -0.0628395 -0.034257 0.0133465
v -0.0617235 -0.037341 0.0163725
v -0.0782345 -0.018916 0.0242465
v -0.0778325 -0.015744 0.0231325
v -0.0672875 -0.014258 0.0070005
v -0.0604525 -0.042978 0.0252945
v -0.0583285 -0.04491 0.0248325
v -0.0590125 -0.042129 0.0230335
v -0.0683405 -0.012128 0.0088985
v -0.0672945 -0.011582 0.0065605
v -0.0566525 -0.044612 0.0223735
v -0.0758325 -0.022659 0.0264705
v -0.0771645 -0.016615 0.0265325
v -0.0775465 -0.01932 0.0258105
v -0.0754015 -0.018607 0.0266395
v -0.0694155 -0.008364 0.0077125
v -0.0679795 -0.00817 0.0040565
v -0.0683245 -0.011895 0.0061425
v -0.0594545 -0.040956 0.0209965
v -0.0607445 -0.041045 0.0238865
v -0.0784275 -0.01539 0.0257775
v -0.0599885 -0.037263 0.0136075
v -0.0613695 -0.034972 0.0135335
v -0.0608765 -0.036978 0.0157185
v -0.0675965 -0.009306 0.0056415
v -0.0687195 -0.009759 0.0086985
v -0.0683605 -0.008348 0.0083515
v -0.0630535 -0.033303 0.0162395
v -0.0684235 -0.006811 0.0072945
v -0.0675935 -0.008097 0.0065385
v -0.0743415 -0.021657 0.0266565
v -0.0730595 -0.019746 0.0259585
v -0.0730335 -0.020757 0.0249735
v -0.0636255 -0.041588 0.0251795
v -0.0628075 -0.044543 0.0251745
v -0.0628315 -0.034794 0.0179575
v -0.0694355 -0.006463 0.0098345
v -0.0596155 -0.047862 0.0253775
v -0.0638755 -0.047414 0.0233725
v -0.0662265 -0.04563 0.0239885
v -0.0648565 -0.04433 0.0236585
v -0.0674235 -0.044355 0.0248075
v -0.0654475 -0.046175 0.0259795
v -0.0652915 -0.045012 0.0266665
v -0.0697285 -0.009774 0.0117785
v -0.0698705 -0.010881 0.0139935
v -0.0708225 -0.006842 0.0110785
v -0.0754165 -0.028115 0.0241685
v -0.0733575 -0.028938 0.0232385
v -0.0747085 -0.029717 0.0244385
v -0.0667955 -0.041932 0.0234245
v -0.0679945 -0.042322 0.0240125
v -0.0694565 -0.038512 0.0235145
v -0.0666675 -0.044552 0.0234515
v -0.0605575 -0.045121 0.0262665
v -0.0764115 -0.012922 0.0264375
v -0.0742425 -0.015426 0.0259605
v -0.0627655 -0.040011 0.0241705
v -0.0605715 -0.038891 0.0203505
v -0.0606815 -0.037349 0.0181835
v -0.0625945 -0.035907 0.0195885
v -0.0615905 -0.037551 0.0214205
v -0.0621395 -0.037961 0.0193465
v -0.0632285 -0.036221 0.0193535
v -0.0625065 -0.040196 0.0253235
v -0.0706995 -0.006545 0.0142285
v -0.0792175 -0.01077 0.0257285
v -0.0792135 -0.014827 0.0242535
v -0.0781875 -0.0104 0.0264925
v -0.0641645 -0.033053 0.0202915
v -0.0568075 -0.04778 0.0242025
v -0.0637985 -0.035734 0.0221065
v -0.0620885 -0.038628 0.0223335
v -0.0696805 -0.017033 0.0179365
v -0.0632725 -0.035313 0.0215905
v -0.0714095 -0.01261 0.0172545
v -0.0702985 -0.012748 0.0170465
v -0.0702125 -0.015124 0.0182165
v -0.0643725 -0.036524 0.0236625
v -0.0558925 -0.046485 0.0236765
v -0.0533635 -0.048652 0.0215545
v -0.0717195 -0.028639 0.0249255
v -0.0727545 -0.024792 0.0250695
v -0.0632315 -0.037633 0.0245965
v -0.0708105 -0.027739 0.0250895
v -0.0640035 -0.035146 0.0237155
v -0.0704695 -0.02448 0.0241485
v -0.0714275 -0.024645 0.0259195
v -0.0728845 -0.025238 0.0265575
v -0.0700575 -0.028909 0.0261065
v -0.0556995 -0.048637 0.0251265
v -0.0546765 -0.048345 0.0238305
v -0.0661695 -0.032217 0.0230205
v -0.0659335 -0.031015 0.0192935
v -0.0715365 -0.029424 0.0266165
v -0.0738005 -0.028038 0.0265145
v -0.0687425 -0.028037 0.0247675
v -0.0693135 -0.025933 0.0247415
v -0.0599895 -0.039139 0.0172785
v -0.0590585 -0.040303 0.0179035
v -0.0702245 -0.015302 0.0198805
v -0.0708535 -0.021918 0.0236305
v -0.0647205 -0.031993 0.0220085
v -0.0703385 -0.0227 0.0244475
v -0.0701155 -0.017841 0.0201535
v -0.0708275 -0.03807 0.0245625
v -0.0717565 -0.035376 0.0235985
v -0.0693015 -0.037313 0.0235205
v -0.0708435 -0.013446 0.0189305
v -0.0718535 -0.035392 0.0257935
v -0.0699225 -0.038289 0.0260395
v -0.0692035 -0.037742 0.0269055
v -0.0701725 -0.035198 0.0268585
v -0.0690015 -0.024255 0.0235665
v -0.0607205 -0.038808 0.0226275
v -0.0713245 -0.009185 0.0188185
v -0.0690545 -0.04111 0.0249205
v -0.0683185 -0.040835 0.0265475
v -0.0699825 -0.020169 0.0235185
v -0.0690545 -0.02249 0.0228785
v -0.0649645 -0.040995 0.0252345
v -0.0652565 -0.042834 0.0269745
v -0.0621145 -0.046189 0.0269945
v -0.0714645 -0.00342 0.0125505
v -0.0713175 -0.007074 0.0132675
v -0.0718305 -0.006307 0.0154515
v -0.0725705 -0.006862 0.0185435
v -0.0657825 -0.040389 0.0267815
v -0.0705665 -0.009461 0.0148595
v -0.0668035 -0.03857 0.0250935
v -0.0682495 -0.035173 0.0252085
v -0.0653615 -0.037963 0.0249585
v -0.0780795 -0.01292 0.0230535
v -0.0762065 -0.010728 0.0248725
v -0.0795515 -0.011559 0.0241735
v -0.0721945 -0.009967 0.0189495
v -0.0783195 -0.009101 0.0231875
v -0.0792845 -0.008465 0.0232705
v -0.0770015 -0.007655 0.0246205
v -0.0662565 -0.037503 0.0264185
v -0.0701515 -0.004262 0.0117855
v -0.0719495 -0.013247 0.0233765
v -0.0709215 -0.007931 0.0170035
v -0.0410015 -0.060244 0.0201945
v -0.0381805 -0.062353 0.0226805
v -0.0403685 -0.067854 0.0237485
v -0.0439485 -0.063008 0.0253035
v -0.0383415 -0.066362 0.0255265
v -0.0425805 -0.062395 0.0252225
v -0.0392655 -0.063954 0.0250655
v -0.0712035 -0.010748 0.0205575
v -0.0713335 -0.033571 0.0233195
v -0.0336935 -0.067448 0.0253235
v -0.0728615 -0.008441 0.0216885
v -0.0726905 -0.012128 0.0228605
v -0.0718165 -0.010522 0.0227295
v -0.0733885 -0.030585 0.0232295
v -0.0360265 -0.064738 0.0240625
v -0.0731585 -0.033563 0.0244185
v -0.0381875 -0.063156 0.0254435
v -0.0371825 -0.066133 0.0267315
v -0.0358675 -0.064005 0.0248595
v -0.0737485 -0.031565 0.0240675
v -0.0717085 -0.00583 0.0183805
v -0.0736155 -0.031225 0.0258365
v -0.0740455 -0.010254 0.0241085
v -0.0408115 -0.061595 0.0240435
v -0.0749525 -0.012676 0.0250085
v -0.0430505 -0.058817 0.0214475
v -0.0712495 -0.003671 0.0160745
v -0.0699275 -0.031845 0.0251035
v -0.0719685 -0.003158 0.0185565
v -0.0669905 -0.018052 0.0093235
v -0.0672545 -0.020498 0.0118635
v -0.0666635 -0.020435 0.0094685
v -0.0678735 -0.020932 0.0141675
v -0.0411255 -0.060891 0.0251845
v -0.0411255 -0.060891 0.0251845
v -0.0378965 -0.061355 0.0225395
v -0.0378965 -0.061355 0.0225395
v -0.0418685 -0.059422 0.0235525
v -0.0729745 -0.013396 0.0248395
v -0.0729375 -0.01119 0.0242005
v -0.0748315 -0.011411 0.0256375
v -0.0716105 -0.031722 0.0267755
v -0.0687635 -0.031813 0.0261605
v -0.0646925 -0.007638 -0.0027255
v -0.0641615 -0.009174 -0.0014295
v -0.0625845 -0.006731 -0.0041345
v -0.0629465 -0.011248 -0.0026795
v -0.0740575 -0.031118 0.0244065
v -0.0741305 -0.031061 0.0245845
v -0.0366825 -0.062624 0.0239395
v -0.0326425 -0.069922 0.0252905
v -0.0302165 -0.070113 0.0254885
v -0.0728595 -0.007752 0.0238875
v -0.0688245 -0.030928 0.0248335
v -0.0737035 -0.006575 0.0230575
v -0.0749125 -0.007041 0.0243905
v -0.0720935 -0.008165 0.0224075
v -0.0671135 -0.03076 0.0245595
v -0.0655165 -0.032915 0.0241785
v -0.0674825 -0.034369 0.0261635
v -0.0650885 -0.035525 0.0250695
v -0.0666975 -0.034921 0.0247145
v -0.0330305 -0.065635 0.0253395
v -0.0332045 -0.06363 0.0222315
v -0.0658925 -0.009499 0.0002155
v -0.0640705 -0.01159 -0.0006955
v -0.0650505 -0.010102 0.0019695
v -0.0314235 -0.066481 0.0252655
v -0.0727575 -0.005505 0.0200675
v -0.0640795 -0.007695 -0.0013365
v -0.0637225 -0.0061 -0.0030095
v -0.0641315 -0.003976 -0.0043225
v -0.0655445 -0.00455 -0.0015655
v -0.0651655 -0.007811 0.0001275
v -0.0658525 -0.005543 0.0012445
v -0.0341695 -0.068921 0.0270595
v -0.0728585 -0.002849 0.0189485
v -0.0724355 -0.004721 0.0219065
v -0.0644625 0.000197 -0.0042565
v -0.0310115 -0.069056 0.0266535
v -0.0617455 -0.004505 -0.0063435
v -0.0740425 -0.004028 0.0233495
v -0.0731335 -0.003309 0.0235665
v -0.0631615 -0.004311 -0.0041205
v -0.0735205 -0.000946 0.0217505
v -0.0729995 -0.001938 0.0221935
v -0.0721095 -0.002118 0.0204695
v -0.0623235 -0.001324 -0.0063605
v -0.0614045 -0.000505 -0.0072225
v -0.0755705 -0.025911 0.0259065
v -0.0761385 -0.025727 0.0243775
v -0.0634635 -0.002836 -0.0033455
v -0.0630675 -0.00033 -0.0046575
v -0.0800145 -0.008535 0.0247815
v -0.0614445 0.001402 -0.0071805
v -0.0768275 -0.008467 0.0264445
v -0.0803045 -0.005451 0.0239535
v -0.0791335 -0.004962 0.0230765
v -0.0447675 -0.062083 0.0268915
v -0.0447675 -0.062083 0.0268915
v -0.0451825 -0.064943 0.0270195
v -0.0422735 -0.06531 0.0271785
v -0.0794355 -0.007622 0.0260245
v -0.0649565 -0.003509 -0.0011885
v -0.0401515 -0.063523 0.0261275
v -0.0454415 -0.066215 0.0249475
v -0.0478655 -0.063951 0.0242385
v -0.0437435 -0.066268 0.0238655
v -0.0762265 -0.006846 0.0249565
v -0.0786545 -0.005846 0.0264505
v -0.0491265 -0.063497 0.0250095
v -0.0427045 -0.06724 0.0265955
v -0.0675505 -0.003413 0.0024585
v -0.0669305 -0.007277 0.0018675
v -0.0489875 -0.063007 0.0264605
v -0.0489875 -0.063007 0.0264605
v -0.0689325 -0.003847 0.0053275
v -0.0768865 -0.005029 0.0263425
v -0.0362155 -0.070366 0.0237845
v -0.0399335 -0.069693 0.0245435
v -0.0424455 -0.068343 0.0249935
v -0.0662085 -0.010114 0.0034775
v -0.0392285 -0.069551 0.0261595
v -0.0746595 -0.007356 0.0252975
v -0.0372045 -0.071302 0.0250235
v -0.0669535 -0.007032 0.0038705
v -0.0665105 -0.008312 0.0028485
v -0.0401675 -0.067627 0.0271075
v -0.0273245 -0.070012 0.0263855
v -0.0303535 -0.07146 0.0272935
v -0.0361165 -0.070839 0.0265515
v -0.0348225 -0.072585 0.0246285
v -0.0788065 -0.002183 0.0232345
v -0.0333115 -0.072493 0.0264395
v -0.0277105 -0.067883 0.0248695
v -0.0801155 -0.002254 0.0234145
v -0.0654365 -0.001847 0.0006605
v -0.0758335 -0.003585 0.0247145
v -0.0255555 -0.068466 0.0248185
v -0.0273835 -0.067667 0.0236535
v -0.0767615 -0.00409 0.0247825
v -0.0677995 -0.004926 0.0053365
v -0.0752445 -0.00176 0.0254625
v -0.0670535 -0.002978 0.0029005
v -0.0369475 -0.068634 0.0271265
v -0.0235195 -0.071667 0.0265345
v -0.0662745 -0.001254 -0.0004745
v -0.0338595 -0.070754 0.0271875
v -0.0789075 0.002506 0.0230395
v -0.0771935 -0.000201 0.0245425
v -0.0664155 0.0018 -5.55e-05
v -0.0648175 0.001533 -0.0007335
v -0.0652945 -0.000162 -0.0007755
v -0.0747135 -0.001353 0.0237875
v -0.0640935 0.001973 -0.0028285
v -0.0650195 0.002569 -0.0029555
v -0.0639245 0.002667 -0.0048855
v -0.0622855 -0.032184 0.0086505
v -0.0634975 -0.0286 0.0072385
v -0.0618775 -0.030537 0.0057545
v -0.0610375 -0.032941 0.0066545
v -0.0659075 0.001566 0.0010145
v -0.0758725 0.001724 0.0244955
v -0.0651605 0.003218 -0.0005755
v -0.0737335 -0.000338 0.0239995
v -0.0797755 -0.003671 0.0259665
v -0.0677195 0.000895 0.0024885
v -0.0786165 -0.001827 0.0265635
v -0.0807315 -0.000369 0.0245665
v -0.0298965 -0.073573 0.0268495
v -0.0666535 -0.001045 0.0031255
v -0.0666375 0.000773 0.0028745
v -0.0607515 -0.035131 0.0088555
v -0.0774165 -0.000111 0.0263915
v -0.0261675 -0.07324 0.0273025
v -0.0800875 0.001716 0.0237545
v -0.0796665 -0.000154 0.0261515
v -0.0618205 -0.028363 0.0036155
v -0.0792625 0.004824 0.0263465
v -0.0784835 0.002361 0.0266055
v -0.0598115 -0.033916 0.0076705
v -0.0740535 -0.004849 0.0244415
v -0.0624665 0.006486 -0.0069095
v -0.0616405 0.003119 -0.0070305
v -0.0640475 0.004683 -0.0027285
v -0.0604885 -0.034355 0.0094405
v -0.0621155 0.005304 -0.0058965
v -0.0801375 0.006722 0.0247325
v -0.0800575 0.004022 0.0235565
v -0.0803805 0.002632 0.0247995
v -0.0640665 0.007155 -0.0042155
v -0.0795045 0.007458 0.0234055
v -0.0784265 0.008766 0.0230485
v -0.0571505 -0.055678 0.0239375
v -0.0582485 -0.053229 0.0236375
v -0.0555305 -0.055869 0.0238875
v -0.0555305 -0.055869 0.0238875
v -0.0608705 -0.031791 0.0068865
v -0.0527845 -0.050489 0.0218125
v -0.0533045 -0.049758 0.0202675
v -0.0502645 -0.052882 0.0212705
v -0.0499905 -0.052471 0.0178145
v -0.0636725 0.00921 -0.0027425
v -0.0614155 0.007441 -0.0061615
v -0.0574345 -0.051298 0.0253005
v -0.0542055 -0.055278 0.0252415
v -0.0542055 -0.055278 0.0252415
v -0.0543695 -0.048497 0.0210745
v -0.0543695 -0.048497 0.0210745
v -0.0791575 0.010905 0.0233815
v -0.0782995 0.014076 0.0231795
v -0.0543695 -0.050084 0.0238785
v -0.0543695 -0.050084 0.0238785
v -0.0511265 -0.053084 0.0232615
v -0.0528285 -0.052799 0.0246285
v -0.0614545 -0.032575 0.0098005
v -0.0790185 0.007572 0.0261625
v -0.0800895 0.009966 0.0248395
v -0.0606245 0.004253 -0.0080485
v -0.0442955 -0.059049 0.0237295
v -0.0622085 -0.029649 0.0072905
v -0.0785315 0.009889 0.0263905
v -0.0607245 0.008025 -0.0077535
v -0.0454785 -0.055123 0.0176175
v -0.0466575 -0.055738 0.0190485
v -0.0771815 0.015984 0.0229845
v -0.0764655 0.009006 0.0246035
v -0.0784035 0.013074 0.0260345
v -0.0790685 0.014126 0.0245615
v -0.0772405 0.014034 0.0262935
v -0.0619345 -0.025856 0.0014125
v -0.0617795 -0.026507 0.0038485
v -0.0603095 0.012207 -0.0091025
v -0.0787065 0.016039 0.0232835
v -0.0782825 0.017355 0.0254055
v -0.0786045 0.017396 0.0236835
v -0.0630315 -0.023988 0.0023895
v -0.0615975 -0.028065 0.0051675
v -0.0759535 0.02145 0.0228805
v -0.0619105 -0.024566 0.0025395
v -0.0495455 -0.052145 0.0194745
v -0.0473585 -0.053522 0.0182615
v -0.0488445 -0.051302 0.0149795
v -0.0618225 0.008595 -0.0059965
v -0.0622385 0.009931 -0.0064135
v -0.0757915 0.016186 0.0263715
v -0.0770655 0.018125 0.0263125
v -0.0609235 -0.029859 0.0060315
v -0.0643715 -0.024698 0.0054515
v -0.0768715 0.0216 0.0257365
v -0.0776575 0.019505 0.0236285
v -0.0600025 0.009625 -0.0083655
v -0.0614465 0.011676 -0.0056985
v -0.0487745 -0.054227 0.0203385
v -0.0474315 -0.054273 0.0204395
v -0.0755535 0.022039 0.0263695
v -0.0630325 -0.027977 0.0080995
v -0.0773585 0.022118 0.0243035
v -0.0437375 -0.058373 0.0199625
v -0.0591005 0.011046 -0.0094475
v -0.0613395 0.013138 -0.0067265
v -0.0624235 0.011898 -0.0058035
v -0.0602565 0.013308 -0.0066865
v -0.0647175 -0.023334 0.0077845
v -0.0642245 -0.024865 0.0073725
v -0.0750755 0.025933 0.0229355
v -0.0753745 0.020744 0.0231765
v -0.0754685 0.027235 0.0239095
v -0.0734265 0.027658 0.0229705
v -0.0432045 -0.056813 0.0181475
v -0.0749325 0.026704 0.0261085
v -0.0649635 0.005246 -0.0025115
v -0.0721665 -0.002143 0.0158185
v -0.0463855 -0.056248 0.0217025
v -0.0660075 0.004433 -0.0009895
v -0.0730525 0.001266 0.0193195
v -0.0723175 0.001914 0.0161715
v -0.0640035 -0.029761 0.0101965
v -0.0640795 0.007747 -0.0017825
v -0.0524555 -0.06003 0.0266375
v -0.0564745 -0.057673 0.0255195
v -0.0546635 -0.059678 0.0249275
v -0.0557975 -0.056773 0.0266305
v -0.0526775 -0.06074 0.0245035
v -0.0526775 -0.06074 0.0245035
v -0.0642295 -0.028098 0.0105175
v -0.0622695 -0.031978 0.0110535
v -0.0624705 -0.030273 0.0095375
v -0.0495235 -0.061359 0.0270455
v -0.0719735 -0.000312 0.0184125
v -0.0709465 -0.000411 0.0141595
v -0.0713385 0.002439 0.0155345
v -0.0716505 0.002793 0.0180705
v -0.0645255 0.009497 -0.0025145
v -0.0662655 -0.026367 0.0121025
v -0.0641355 -0.031189 0.0123335
v -0.0509215 -0.058398 0.0270475
v -0.0725475 -0.000464 0.0220315
v -0.0724485 0.002563 0.0216845
v -0.0662505 0.004991 0.0019945
v -0.0651245 0.005591 0.0003605
v -0.0659095 0.00822 -0.0003685
v -0.0506155 -0.057907 0.0254735
v -0.0516055 -0.055544 0.0253305
v -0.0650035 0.006999 -0.0001505
v -0.0676045 0.00612 0.0027545
v -0.0642405 -0.032274 0.0146835
v -0.0476665 -0.06018 0.0257275
v -0.0499635 -0.061036 0.0238575
v -0.0730415 0.003366 0.0204765
v -0.0616185 -0.033745 0.0114845
v -0.0480265 -0.057816 0.0262565
v -0.0504395 -0.056132 0.0263835
v -0.0489685 -0.056852 0.0250015
v -0.0719005 0.003697 0.0198755
v -0.0652655 0.008986 0.0004925
v -0.0642155 0.010454 -0.0010045
v -0.0471035 -0.063185 0.0237815
v -0.0453645 -0.060304 0.0253655
v -0.0458955 -0.062804 0.0272555
v -0.0458955 -0.062804 0.0272555
v -0.0627345 0.009599 -0.0037245
v -0.0720195 0.005117 0.0153635
v -0.0710875 0.004288 0.0114285
v -0.0624265 0.011147 -0.0044445
v -0.0711045 0.008078 0.0125175
v -0.0466045 -0.057559 0.0241565
v -0.0727325 0.004828 0.0188375
v -0.0705235 0.00269 0.0139095
v -0.0708865 0.003898 0.0144805
v -0.0633795 0.011373 -0.0018535
v -0.0714375 0.006406 0.0175865
v -0.0620555 0.01402 -0.0056775
v -0.0642225 0.013749 -0.0019515
v -0.0633405 0.013718 -0.0016185
v -0.0444705 -0.058739 0.0252415
v -0.0619195 0.017355 -0.0043605
v -0.0708865 0.007504 0.0157665
v -0.0702815 0.006643 0.0129585
v -0.0720345 0.009701 0.0175905
v -0.0478345 -0.060417 0.0269875
v -0.0718945 0.005876 0.0196645
v -0.0632495 -0.031592 0.0138455
v -0.0614815 0.015741 -0.0043165
v -0.0631095 0.015346 -0.0017785
v -0.0710235 0.00837 0.0177445
v -0.0646235 -0.029191 0.0133275
v -0.0710785 0.009946 0.0174845
v -0.0638975 0.016041 0.0004865
v -0.0727735 0.008581 0.0208025
v -0.0717905 0.00993 0.0210035
v -0.0701355 -0.004106 0.0085755
v -0.0482955 -0.055523 0.0232865
v -0.0651375 -0.025903 0.0083215
v -0.0638235 -0.02621 0.0095215
v -0.0682245 -0.002048 0.0058565
v -0.0741165 0.003388 0.0231375
v -0.0735895 0.002209 0.0236065
v -0.0703195 -0.000768 0.0087295
v -0.0692855 0.002636 0.0060785
v -0.0756215 0.002575 0.0256135
v -0.0495445 -0.052707 0.0223975
v -0.0512815 -0.050694 0.0220015
v -0.0651475 -0.021553 0.0064365
v -0.0634565 -0.022887 0.0042265
v -0.0729885 0.004783 0.0224155
v -0.0691705 -0.003441 0.0085285
v -0.0679735 -0.003369 0.0064025
v -0.0670125 -0.021211 0.0087585
v -0.0457255 -0.05563 0.0221415
v -0.0472695 -0.055002 0.0228445
v -0.0736725 0.004541 0.0241445
v -0.0691045 -0.000713 0.0080245
v -0.0655665 -0.022641 0.0064195
v -0.0732805 0.006027 0.0219245
v -0.0682565 0.000223 0.0068035
v -0.0658505 -0.021918 0.0094815
v -0.0542745 -0.053365 0.0254195
v -0.0542745 -0.053365 0.0254195
v -0.0649415 -0.025018 0.0095675
v -0.0702565 0.000298 0.0111145
v -0.0767385 0.004392 0.0247595
v -0.0502045 -0.052592 0.0242015
v -0.0677075 -0.023217 0.0130265
v -0.0679845 -0.005049 0.0071945
v -0.0651505 -0.026276 0.0118375
v -0.0470455 -0.056283 0.0247035
v -0.0771265 0.005718 0.0262805
v -0.0652985 -0.025713 0.0132725
v -0.0662245 -0.024541 0.0126985
v -0.0662955 -0.019919 0.0062555
v -0.0676625 -0.000336 0.0041725
v -0.0680375 0.002128 0.0055125
v -0.0752495 0.006054 0.0253825
v -0.0644655 -0.019674 0.0021825
v -0.0671235 0.003319 0.0033185
v -0.0746035 0.005916 0.0239565
v -0.0674085 0.004419 0.0045765
v -0.0446455 -0.056361 0.0232375
v -0.0455635 -0.057148 0.0240015
v -0.0626505 -0.015451 -0.0022655
v -0.0627145 -0.016916 -0.0005405
v -0.0724325 0.007444 0.0226125
v -0.0690115 0.001491 0.0073695
v -0.0691475 0.002688 0.0085655
v -0.0623795 -0.014199 -0.0021545
v -0.0637355 -0.015187 0.0002425
v -0.0558485 -0.044345 0.0126675
v -0.0558485 -0.044345 0.0126675
v -0.0531715 -0.046645 0.0104935
v -0.0538245 -0.047101 0.0134985
v -0.0627765 -0.013514 -0.0027995
v -0.0713965 0.01167 0.0202035
v -0.0684035 0.004268 0.0060845
v -0.0724145 0.010762 0.0211235
v -0.0689645 0.006981 0.0060035
v -0.0691365 0.004781 0.0085145
v -0.0526585 -0.049168 0.0161885
v -0.0745815 0.008116 0.0240035
v -0.0514025 -0.048887 0.0150915
v -0.0489485 -0.050312 0.0134315
v -0.0504475 -0.04877 0.0135345
v -0.0636685 -0.017733 0.0016425
v -0.0652375 -0.017548 0.0024795
v -0.0521045 -0.04628 0.0105165
v -0.0710005 -0.002389 0.0136775
v -0.0740885 0.007747 0.0247155
v -0.0715615 0.000729 0.0125135
v -0.0663555 -0.013493 0.0027045
v -0.0532095 -0.045985 0.0135785
v -0.0536665 -0.045275 0.0124005
v -0.0745945 0.012942 0.0244645
v -0.0738395 0.010983 0.0236755
v -0.0526225 -0.047488 0.0143005
v -0.0649995 -0.014428 0.0020885
v -0.0641245 -0.013574 0.0013235
v -0.0723215 0.010652 0.0230985
v -0.0729195 0.012688 0.0225185
v -0.0652485 -0.011974 -0.0004375
v -0.0733775 0.011253 0.0243965
v -0.0640795 -0.013217 -0.0004815
v -0.0705675 0.013867 0.0140525
v -0.0702295 0.012301 0.0114185
v -0.0651285 -0.011995 0.0016895
v -0.0714085 0.011871 0.0165325
v -0.0699425 0.010396 0.0131595
v -0.0695015 0.008688 0.0107575
v -0.0539095 -0.044771 0.0140385
v -0.0702395 0.012139 0.0152845
v -0.0558475 -0.045645 0.0163235
v -0.0558475 -0.045645 0.0163235
v -0.0543145 -0.04586 0.0163415
v -0.0530845 -0.046949 0.0165555
v -0.0705645 0.00284 0.0093895
v -0.0557385 -0.043909 0.0150825
v -0.0697145 0.013838 0.0136135
v -0.0691535 0.012956 0.0113715
v -0.0660515 -0.01924 0.0077905
v -0.0649265 -0.019105 0.0053385
v -0.0651055 -0.018174 0.0041265
v -0.0698125 0.014713 0.0152255
v -0.0671255 -0.015637 0.0053415
v -0.0697815 0.005151 0.0108295
v -0.0706885 0.011784 0.0177695
v -0.0684485 0.006553 0.0076065
v -0.0563395 -0.040814 0.0107505
v -0.0559825 -0.042393 0.0113565
v -0.0680635 -0.017293 0.0084415
v -0.0561745 -0.040577 0.0087595
v -0.0660875 -0.016394 0.0057565
v -0.0688265 0.007573 0.0082935
v -0.0717655 0.013348 0.0189375
v -0.0707085 0.01407 0.0185415
v -0.0685695 0.017855 0.0097135
v -0.0693125 0.017993 0.0125365
v -0.0686115 0.016479 0.0126265
v -0.0643625 -0.016325 0.0027995
v -0.0656825 -0.014838 0.0040405
v -0.0678795 0.018533 0.0114815
v -0.0671875 0.017742 0.0089805
v -0.0669225 0.02046 0.0097725
v -0.0662135 -0.012531 0.0041885
v -0.0575345 -0.040711 0.0127125
v -0.0685315 0.019603 0.0148455
v -0.0673625 0.020533 0.0126595
v -0.0694185 0.019639 0.0150925
v -0.0663325 0.007684 0.0031015
v -0.0707525 0.016607 0.0174175
v -0.0677425 0.007473 0.0052505
v -0.0673565 0.007848 0.0027775
v -0.0695455 0.017484 0.0168745
v -0.0664405 -0.01087 0.0053465
v -0.0688305 0.018322 0.0160265
v -0.0665855 0.010214 0.0039295
v -0.0670535 0.008799 0.0048635
v -0.0528975 -0.044231 0.0099265
v -0.0664815 0.011688 0.0019545
v -0.0677805 0.022094 0.0152955
v -0.0578275 -0.041973 0.0164125
v -0.0684265 0.010511 0.0057835
v -0.0679375 0.009368 0.0066285
v -0.0553445 -0.045399 0.0193155
v -0.0712995 0.012863 0.0216765
v -0.0715315 0.014913 0.0201055
v -0.0577495 -0.043212 0.0202285
v -0.0667425 0.012643 0.0053205
v -0.0704905 0.01535 0.0200115
v -0.0671435 0.014454 0.0043585
v -0.0649385 0.013584 -0.0002575
v -0.0645535 0.012944 0.0005865
v -0.0731205 0.015513 0.0238195
v -0.0657615 0.012103 0.0030765
v -0.0654655 0.013274 0.0020725
v -0.0546675 -0.047951 0.0186315
v -0.0546675 -0.047951 0.0186315
v -0.0628975 -0.021443 0.0017645
v -0.0719925 0.014794 0.0236275
v -0.0708435 0.01854 0.0199305
v -0.0716895 0.016627 0.0220485
v -0.0655535 0.016129 0.0041375
v -0.0511605 -0.050315 0.0193505
v -0.0541995 -0.047324 0.0195705
v -0.0649215 0.016361 0.0005515
v -0.0704955 0.018957 0.0230305
v -0.0700335 0.017632 0.0199435
v -0.0684385 0.013193 0.0069915
v -0.0662895 0.014471 0.0048235
v -0.0627115 -0.020312 0.0011975
v -0.0646165 0.019169 0.0017915
v -0.0645055 0.017876 0.0033655
v -0.0694075 0.022001 0.0177325
v -0.0637015 -0.020799 0.0043955
v -0.0698155 0.008477 0.0085955
v -0.0684065 0.022328 0.0176405
v -0.0690435 0.013524 0.0083155
v -0.0693645 0.020237 0.0202015
v -0.0582125 -0.04011 0.0150105
v -0.0640145 -0.019881 0.0032515
v -0.0705695 0.020436 0.0214905
v -0.0719075 0.018777 0.0232095
v -0.0687885 0.010883 0.0087115
v -0.0679005 0.012522 0.0075775
v -0.0695585 0.022215 0.0200605
v -0.0686535 0.011595 0.0100405
v -0.0690675 0.024765 0.0213435
v -0.0683415 0.023187 0.0196905
v -0.0692795 0.022725 0.0225565
v -0.0769435 0.009122 0.0263515
v -0.0678195 0.015852 0.0068045
v -0.0749095 -0.025851 0.0231785
v -0.0477325 -0.052341 0.0160105
v -0.0674665 0.014412 0.0078205
v -0.0701555 -0.019545 0.0185745
v -0.0694815 -0.019876 0.0158855
v -0.0701085 -0.020823 0.0210525
v -0.0507275 -0.049546 0.0165425
v -0.0662965 0.019092 0.0052435
v -0.0757195 0.011836 0.0261245
v -0.0669885 0.019685 0.0067015
v -0.0662195 -0.029227 0.0168625
v -0.0607325 -0.052935 0.0251535
v -0.0603855 -0.051956 0.0236635
v -0.0571865 -0.056465 0.0250045
v -0.0653785 -0.029414 0.0175395
v -0.0652545 -0.028032 0.0152985
v -0.0663825 0.018363 0.0069105
v -0.0648065 0.019432 0.0045745
v -0.0669725 -0.026031 0.0144985
v -0.0681855 0.014578 0.0094135
v -0.0599565 -0.052196 0.0265785
v -0.0570015 -0.053521 0.0269705
v -0.0741515 0.014216 0.0255395
v -0.0673685 -0.027257 0.0182085
v -0.0755325 0.015108 0.0245785
v -0.0666095 -0.029845 0.0209425
v -0.0623655 -0.051293 0.0252875
v -0.0625445 -0.049811 0.0238475
v -0.0672855 -0.025902 0.0194955
v -0.0625615 -0.048008 0.0235215
v -0.0657915 0.022772 0.0062975
v -0.0637005 -0.047737 0.0263845
v -0.0644045 -0.048752 0.0249035
v -0.0661345 -0.028737 0.0204465
v -0.0601465 -0.04979 0.0269915
v -0.0670905 -0.024533 0.0161695
v -0.0650525 -0.047398 0.0245155
v -0.0769095 -0.022182 0.0256495
v -0.0611185 -0.047656 0.0249905
v -0.0738535 0.021681 0.0244425
v -0.0735015 0.019347 0.0244915
v -0.0774085 -0.021905 0.0244345
v -0.0725585 0.019049 0.0250595
v -0.0740665 0.017603 0.0257045
v -0.0647845 -0.031187 0.0182385
v -0.0583065 -0.048502 0.0264645
v -0.0741315 0.020765 0.0260565
v -0.0710845 0.021528 0.0231055
v -0.0569205 -0.04946 0.0251175
v -0.0724355 0.022075 0.0243885
v -0.0714365 0.020766 0.0245275
v -0.0658945 -0.030093 0.0206365
v -0.0703355 0.024336 0.0233915
v -0.0701855 0.023581 0.0242765
v -0.0667525 -0.023222 0.0133945
v -0.0728105 0.02367 0.0260885
v -0.0671835 -0.023336 0.0158725
v -0.0692005 -0.022392 0.0182625
v -0.0722825 0.026252 0.0261885
v -0.0680515 -0.022886 0.0186715
v -0.0541235 -0.056825 0.0270575
v -0.0683975 -0.021739 0.0171825
v -0.0682415 -0.020001 0.0164045
v -0.0677445 -0.027162 0.0205425
v -0.0681455 -0.028365 0.0231995
v -0.0667945 -0.02909 0.0232635
v -0.0678365 -0.026549 0.0231405
v -0.0688505 -0.024902 0.0214365
v -0.0680305 -0.026963 0.0242945
v -0.0691405 -0.021212 0.0207925
v -0.0692185 -0.019032 0.0187485
v -0.0678915 -0.042865 0.0245805
v -0.0740855 -0.031096 0.0244755
v -0.0413415 -0.058531 0.0222845
v -0.0420025 -0.058427 0.0203545
v -0.0551785 -0.059025 0.0241715
v -0.0551785 -0.059025 0.0241715
v -0.0546015 -0.058284 0.0236825
v -0.0546015 -0.058284 0.0236825
v -0.0506755 -0.061674 0.0241005
v -0.0522515 -0.059633 0.0238205
v -0.0413515 0.064937 0.0241685
v -0.0436825 0.06155 0.0240095
v -0.0456995 0.062433 0.0242025
v -0.0401545 0.064168 0.0240585
v 0.0057045 0.070073 0.0106015
v 0.0073945 0.069207 0.0088105
v 0.0074425 0.07042 0.0126655
v -0.0401375 0.062642 0.0230855
v -0.0738345 0.02932 0.0230075
v 0.0094625 0.069274 0.0093235
v -0.0420415 0.063387 0.0253785
v -0.0422125 0.060871 0.0241365
v -0.0396215 0.062207 0.0236765
v 0.0108375 0.070843 0.0118495
v 0.0102095 0.069641 0.0079945
v 0.0069245 0.070863 0.0104345
v 0.0075255 0.071577 0.0139065
v -0.0583175 0.016444 -0.0104055
v 0.0107835 0.065909 0.0016525
v 0.0122475 0.064843 -0.0002905
v 0.0139375 0.065315 0.0017625
v 0.0136045 0.06638 0.0032825
v -0.0584845 0.014922 -0.0090975
v -0.0410265 0.059773 0.0210585
v -0.0419385 0.059694 0.0226535
v -0.0717395 0.034142 0.0228695
v 0.0147885 0.065999 0.0038095
v 0.0162565 0.065672 0.0032375
v -0.0716655 0.031996 0.0229705
v 0.0144395 0.06761 0.0047325
v 0.0160375 0.066076 0.0023465
v 0.0107065 0.067426 0.0029025
v 0.0123025 0.066679 0.0043895
v -0.0380835 0.064 0.0230925
v -0.0381245 0.06247 0.0207495
v -0.0601515 0.015327 -0.0081395
v -0.0388875 0.06142 0.0216535
v -0.0367995 0.063688 0.0235525
v -0.0367995 0.063688 0.0235525
v -0.0365405 0.062336 0.0208335
v -0.0734885 0.03245 0.0242565
v 0.0140095 0.067356 0.0057545
v -0.0382675 0.064063 0.0243845
v -0.0382675 0.064063 0.0243845
v -0.0596785 0.016819 -0.0067985
v -0.0585585 0.016813 -0.0082155
v -0.0590745 0.018074 -0.0084755
v -0.0695755 0.036666 0.0228735
v -0.0568565 0.016811 -0.0106965
v -0.0568665 0.019996 -0.0108205
v 0.0176985 0.066277 0.0055165
v -0.0581685 0.019488 -0.0076715
v -0.0712745 0.037113 0.0241455
v 0.0182105 0.06621 0.0036365
v 0.0180095 0.064893 0.0009435
v -0.0426655 0.066842 0.0226675
v -0.0406765 0.068583 0.0229455
v -0.0404445 0.067557 0.0224415
v -0.0743685 0.029773 0.0252965
v -0.0366915 0.063853 0.0220195
v -0.0728995 0.029423 0.0262335
v -0.0573845 0.01372 -0.0108495
v -0.0730625 0.031965 0.0256795
v 0.0106695 0.067438 0.0049035
v 0.0116275 0.068158 0.0070255
v 0.0154015 0.067737 0.0080425
v -0.0374395 0.066909 0.0242655
v -0.0710385 0.037799 0.0246305
v -0.0357685 0.066349 0.0240855
v -0.0700215 0.03776 0.0258945
v 0.0179695 0.067123 0.0074335
v 0.0160305 0.0643 0.0006355
v 0.0176115 0.06414 0.0009745
v 0.0197905 0.064733 0.0037325
v 0.0210885 0.06361 0.0020465
v 0.0217875 0.064881 0.0050005
v -0.0677255 0.022177 0.0110445
v -0.0420365 0.065626 0.0260305
v -0.0420365 0.065626 0.0260305
v -0.0451035 0.063736 0.0260045
v -0.0584135 0.021989 -0.0078755
v -0.0554475 0.022595 -0.0112205
v -0.0563875 0.024843 -0.0091805
v -0.0552305 0.019394 -0.0114655
v -0.0414965 0.068669 0.0241295
v 0.0251955 0.064435 0.0046555
v 0.0237095 0.063762 0.0023515
v 0.0220095 0.064909 0.0032735
v 0.0229975 0.066297 0.0070325
v 0.0203625 0.066365 0.0071285
v 0.0227785 0.06632 0.0092955
v -0.0403615 0.068435 0.0255485
v -0.0438725 0.066535 0.0255005
v -0.0438725 0.066535 0.0255005
v 0.0249975 0.06455 0.0069285
v -0.0674085 0.022174 0.0132245
v 0.0236055 0.06416 0.0053115
v -0.0663255 0.020669 0.0086975
v -0.0658335 0.023955 0.0103935
v -0.0667165 0.023192 0.0128525
v 0.0200795 0.067307 0.0074415
v -0.0660015 0.025708 0.0094605
v -0.0648395 0.02593 0.0068755
v -0.0390115 0.065637 0.0254945
v 0.0159885 0.068551 0.0079005
v -0.0541105 0.021738 -0.0114175
v 0.0195315 0.067292 0.0097165
v -0.0362605 0.067726 0.0256945
v -0.0670205 0.025506 0.0126425
v -0.0530265 0.022897 -0.0127495
v -0.0567485 0.020849 -0.0086455
v -0.0651505 0.025731 0.0106065
v -0.0646915 0.024828 0.0075385
v -0.0558385 0.021733 -0.0101815
v -0.0267845 0.048962 -0.0147255
v 0.0206965 0.068287 0.0107045
v -0.0547325 0.024659 -0.0092465
v -0.0677115 0.025598 0.0157985
v -0.0559375 0.023497 -0.0088425
v 0.0125265 0.069035 0.0099785
v -0.0264435 0.0507 -0.0147665
v -0.0611385 0.017362 -0.0058885
v -0.0613595 0.015421 -0.0062795
v -0.0613595 0.015421 -0.0062795
v -0.0612985 0.015599 -0.0063245
v -0.0613285 0.01551 -0.0063025
v -0.0613285 0.01551 -0.0063025
v 0.0138055 0.069298 0.0085535
v -0.0263985 0.051035 -0.0131235
v -0.0238625 0.051469 -0.0142165
v -0.0250025 0.052708 -0.0134025
v -0.0604335 0.01987 -0.0054505
v 0.0173315 0.068535 0.0112515
v 0.0152425 0.068639 0.0107925
v 0.0158465 0.069755 0.0114665
v -0.0599605 0.019763 -0.0045525
v 0.0102595 0.070351 0.0128965
v -0.0220165 0.052308 -0.0136525
v -0.0619595 0.016328 -0.0025985
v 0.0123155 0.069929 0.0140295
v -0.0662195 0.025435 0.0134155
v 0.0149005 0.069766 0.0146465
v -0.0665045 0.026449 0.0157295
v -0.0637345 0.01743 -0.0008975
v -0.0620335 0.019708 -0.0033585
v -0.0653955 0.028537 0.0150105
v -0.0244215 0.052295 -0.0124995
v -0.0638225 0.029426 0.0079405
v -0.0267035 0.052476 -0.0113495
v -0.0289445 0.04963 -0.0129285
v -0.0651095 0.029567 0.0119085
v -0.0616015 0.01856 -0.0025765
v -0.0641045 0.026234 0.0087245
v -0.0638875 0.028298 0.0096035
v -0.0631775 0.026391 0.0065445
v -0.0608205 0.021592 -0.0021955
v -0.0643275 0.028909 0.0116675
v 0.0183745 0.068831 0.0141035
v -0.0577485 0.022464 -0.0066195
v -0.0634185 0.032014 0.0102485
v -0.0269705 0.054587 -0.0083175
v -0.0284775 0.05396 -0.0086375
v 0.0264305 0.066497 0.0116105
v 0.0216445 0.067603 0.0129875
v -0.0625335 0.029815 0.0077225
v -0.0602765 0.022498 -0.0044365
v -0.0590785 0.022701 -0.0044635
v -0.0277895 0.055382 -0.0066435
v 0.0201595 0.068279 0.0127395
v -0.0618395 0.032306 0.0065695
v -0.0573155 0.025685 -0.0071595
v -0.0560235 0.026248 -0.0070085
v -0.0623655 0.030556 0.0095625
v -0.0622595 0.032406 0.0105025
v -0.0342575 0.063469 0.0195285
v -0.0342575 0.063469 0.0195285
v -0.0360795 0.061889 0.0169185
v -0.0335005 0.062755 0.0153535
v -0.0329655 0.063592 0.0173315
v -0.0329655 0.063592 0.0173315
v 0.0180605 0.06983 0.0141235
v 0.0145755 0.070544 0.0142095
v 0.0241515 0.067678 0.0128235
v -0.0626965 0.021119 -0.0010235
v 0.0203305 0.069324 0.0151645
v -0.0356345 0.062752 0.0213035
v -0.0356345 0.062752 0.0213035
v -0.0342955 0.064626 0.0226655
v -0.0597805 0.023584 -0.0020075
v 0.0199745 0.068868 0.0151975
v -0.0340965 0.064443 0.0201225
v -0.0342225 0.064228 0.0181995
v -0.0598795 0.025038 -0.0033035
v -0.0582865 0.027094 -0.0046425
v -0.0572385 0.025658 -0.0056185
v -0.0288735 0.06305 0.0057365
v -0.0279815 0.062438 0.0032505
v -0.0322465 0.06096 0.0044465
v -0.0294905 0.062646 0.0079955
v -0.0294905 0.062646 0.0079955
v -0.0313045 0.061427 0.0073835
v -0.0285105 0.061968 0.0050395
v -0.0285105 0.061968 0.0050395
v -0.0342075 0.065466 0.0221465
v -0.0593895 0.026047 -0.0016185
v -0.0581365 0.027247 -0.0030205
v -0.0643315 0.030019 0.0144405
v -0.0327915 0.062274 0.0080475
v -0.0591205 0.027784 -0.0028225
v -0.0264925 0.063537 0.0069505
v -0.0309195 0.062748 0.0097075
v -0.0309195 0.062748 0.0097075
v -0.0548065 0.026525 -0.0099245
v -0.0279645 0.063645 0.0079325
v -0.0343645 0.066145 0.0244745
v -0.0628695 0.032867 0.0131045
v -0.0244245 0.063251 0.0041165
v -0.0253495 0.064464 0.0077895
v -0.0639375 0.033147 0.0137315
v -0.0531275 0.026489 -0.0120995
v -0.0639965 0.031587 0.0146585
v -0.0282105 0.064517 0.0114045
v -0.0311645 0.056925 -0.0039565
v -0.0281655 0.056507 -0.0065895
v -0.0289385 0.055483 -0.0078525
v -0.0501295 0.027313 -0.0135145
v -0.0259325 0.058347 -0.0057705
v -0.0277595 0.058631 -0.0038175
v -0.0525585 0.026141 -0.0111705
v -0.0330845 0.061965 0.0111825
v -0.0333715 0.060427 0.0068095
v -0.0515755 0.028246 -0.0110545
v -0.0673505 0.02501 0.0178945
v -0.0298055 0.059724 -0.0001615
v -0.0272575 0.064431 0.0067765
v -0.0279765 0.065502 0.0108215
v -0.0536205 0.024937 -0.0109555
v -0.0327995 0.063432 0.0114125
v -0.0303515 0.065157 0.0136045
v -0.0341525 0.058135 0.0013005
v -0.0297465 0.060812 0.0020535
v -0.0255515 0.065736 0.0084845
v -0.0545685 0.02689 -0.0085365
v -0.0514285 0.029388 -0.0119515
v -0.0535365 0.029768 -0.0095785
v -0.0246855 0.065881 0.0113405
v -0.0211415 0.066581 0.0066095
v -0.0299075 0.060368 0.0037575
v -0.0314485 0.059443 0.0031875
v -0.0208025 0.065515 0.0038205
v -0.0222285 0.064934 0.0061055
v -0.0212215 0.064014 0.0037655
v -0.0182615 0.066399 0.0064285
v -0.0218255 0.066512 0.0097545
v -0.0355975 0.060155 0.0069345
v -0.0491405 0.030176 -0.0123815
v -0.0677775 0.026462 0.0222575
v -0.0480045 0.032481 -0.0125425
v -0.0191695 0.067021 0.0092955
v -0.0665855 0.028241 0.0202945
v -0.0664555 0.030011 0.0180135
v -0.0455855 0.031948 -0.0154115
v -0.0658765 0.028589 0.0180415
v -0.0678215 0.027654 0.0209895
v -0.0499745 0.032156 -0.0104745
v -0.0177265 0.067882 0.0072845
v -0.0220405 0.067626 0.0106255
v -0.0163845 0.067491 0.0083185
v -0.0349235 0.063516 0.0159475
v -0.0365845 0.06195 0.0137095
v -0.0506945 0.031701 -0.0115485
v -0.0521175 0.029738 -0.0099295
v -0.0261095 0.066697 0.0122685
v -0.0357095 0.069926 0.0224065
v -0.0367765 0.071128 0.0232925
v -0.0478645 0.034933 -0.0122485
v -0.0196105 0.067946 0.0126845
v -0.0330395 0.07191 0.0224715
v -0.0457345 0.033856 -0.0136385
v -0.0187455 0.068619 0.0104775
v -0.0164235 0.068307 0.0108205
v -0.0375565 0.070854 0.0248725
v -0.0150295 0.068819 0.0081285
v -0.0372115 0.069624 0.0259315
v -0.0180215 0.068634 0.0127075
v -0.0561405 0.028539 -0.0070085
v -0.0626725 0.034231 0.0164385
v -0.0569265 0.028939 -0.0034255
v -0.0311475 0.063954 0.0140565
v -0.0311475 0.063954 0.0140565
v -0.0281475 0.06508 0.0135605
v -0.0637115 0.033308 0.0172245
v -0.0566315 0.030289 -0.0048055
v -0.0224455 0.053543 -0.0137565
v -0.0540265 0.031843 -0.0073915
v -0.0555135 0.030874 -0.0043075
v -0.0648845 0.031128 0.0187115
v -0.0661355 0.031178 0.0202335
v -0.0656895 0.029956 0.0208615
v -0.0265785 0.066019 0.0141075
v -0.0549975 0.029194 -0.0063045
v -0.0284055 0.066587 0.0158775
v -0.0194005 0.054045 -0.0130055
v -0.0532605 0.030795 -0.0073715
v -0.0649705 0.032633 0.0174295
v -0.0264885 0.054917 -0.0102315
v -0.0644825 0.032701 0.0203165
v -0.0237155 0.054023 -0.0111105
v -0.0302205 0.065179 0.0173275
v -0.0629015 0.035382 0.0196935
v -0.0221705 0.054189 -0.0119845
v -0.0514015 0.032102 -0.0086745
v -0.0302935 0.065939 0.0161615
v -0.0510125 0.034347 -0.0092895
v -0.0285945 0.065674 0.0171515
v -0.0534985 0.033673 -0.0067775
v -0.0228235 0.056264 -0.0104735
v -0.0525885 0.033446 -0.0064915
v -0.0611675 0.031777 0.0070095
v -0.0508195 0.034065 -0.0080845
v -0.0496545 0.037129 -0.0085395
v -0.0607275 0.035542 0.0081925
v -0.0198005 0.055222 -0.0116095
v -0.0224735 0.056093 -0.0093615
v -0.0259085 0.066769 0.0172755
v -0.0238395 0.067501 0.0160155
v -0.0478195 0.035837 -0.0101245
v -0.0490955 0.035639 -0.0084635
v -0.0188185 0.056408 -0.0120235
v -0.0232745 0.068202 0.0191825
v -0.0187365 0.058863 -0.0091255
v -0.0588275 0.038422 0.0079265
v -0.0224025 0.067286 0.0135445
v -0.0546975 0.033011 -0.0034685
v -0.0550045 0.032987 -0.0049245
v -0.0527785 0.034696 -0.0050965
v -0.0241205 0.067951 0.0141295
v -0.0527205 0.035825 -0.0057115
v -0.0607425 0.036094 0.0118105
v -0.0606255 0.03416 0.0084845
v -0.0590955 0.035461 0.0071335
v -0.0596625 0.03686 0.0097645
v -0.0513355 0.034813 -0.0062155
v -0.0164115 0.055897 -0.0136565
v -0.0501845 0.036965 -0.0063475
v -0.0195825 0.068739 0.0156755
v -0.0189395 0.069636 0.0145425
v -0.0620315 0.033504 0.0118685
v -0.0174425 0.054941 -0.0126605
v -0.0174425 0.054941 -0.0126605
v -0.0607755 0.037333 0.0110735
v -0.0630385 0.018809 0.0002595
v -0.0141725 0.05515 -0.0139745
v -0.0141725 0.05515 -0.0139745
v -0.0250025 0.068312 0.0174635
v -0.0625745 0.020765 0.0005335
v -0.0613045 0.022983 -0.0004205
v -0.0201245 0.069143 0.0188675
v -0.0646855 0.02132 0.0028935
v -0.0637335 0.018734 0.0018365
v -0.0637335 0.018734 0.0018365
v -0.0637765 0.018808 0.0020105
v -0.0637545 0.018772 0.0019235
v -0.0637545 0.018772 0.0019235
v -0.0637765 0.018808 0.0020115
v -0.0637765 0.018808 0.0020115
v -0.0639605 0.020027 0.0030055
v -0.0639605 0.020027 0.0030055
v -0.0158775 0.05841 -0.0106115
v -0.0192315 0.070356 0.0187055
v -0.0580445 0.035791 0.0050915
v -0.0568845 0.038875 0.0065625
v -0.0179655 0.056723 -0.0105645
v -0.0179655 0.056723 -0.0105645
v -0.0614825 0.024957 -0.0006295
v -0.0144525 0.067038 0.0060185
v -0.0140415 0.067916 0.0082275
v -0.0630335 0.021848 0.0024325
v -0.0150985 0.05688 -0.0111065
v -0.0617685 0.022746 0.0009515
v -0.0126175 0.068904 0.0101335
v -0.0157045 0.069124 0.0133315
v -0.0590215 0.038721 0.0117545
v -0.0156085 0.069918 0.0121455
v -0.0591905 0.04011 0.0117495
v -0.0605725 0.025588 0.0001135
v -0.0132135 0.05694 -0.0119765
v -0.0129985 0.058404 -0.0117725
v -0.0561575 0.041989 0.0076745
v -0.0157515 0.070929 0.0169145
v -0.0567175 0.037844 0.0056995
v -0.0165215 0.069743 0.0176595
v -0.0125015 0.069949 0.0144475
v -0.0139985 0.070425 0.0169665
v -0.0575535 0.039548 0.0096305
v -0.0552845 0.041091 0.0069585
v -0.0550135 0.039636 0.0051665
v -0.0118975 0.059954 -0.0099935
v -0.0145385 0.058194 -0.0098595
v -0.0634995 0.02422 0.0048555
v -0.0627865 0.025032 0.0038455
v -0.0633645 0.024853 0.0030065
v -0.0614455 0.026475 0.0029385
v -0.0571635 0.039628 0.0061725
v -0.0105015 0.057334 -0.0120165
v -0.0116625 0.058941 -0.0098055
v -0.0609355 0.026897 0.0014025
v -0.0595825 0.028417 0.0004035
v -0.0170185 0.070249 0.0209775
v -0.0150115 0.070927 0.0199675
v -0.0559655 0.042664 0.0116045
v -0.0550215 0.042608 0.0089335
v -0.0581045 0.028462 -0.0011445
v -0.0116475 0.068496 0.0057045
v -0.0150715 0.067146 0.0041895
v -0.0624795 0.028247 0.0040375
v -0.0603805 0.030945 0.0024295
v -0.0113205 0.068478 0.0076955
v -0.0126445 0.069733 0.0096105
v -0.0244235 0.055468 -0.0089935
v -0.0071645 0.070441 0.0093085
v -0.0079185 0.069337 0.0063535
v -0.0101405 0.069236 0.0102765
v -0.0640525 0.022754 0.0045625
v -0.0651865 0.021708 0.0067655
v -0.0554865 0.043662 0.0088675
v -0.0241495 0.0578 -0.0077415
v -0.0641095 0.023457 0.0064555
v -0.0563055 0.044115 0.0116245
v -0.0118955 0.069781 0.0123125
v -0.0097455 0.071088 0.0123275
v -0.0213085 0.057648 -0.0092785
v -0.0131715 0.070607 0.0130365
v -0.0618725 0.036252 0.0169825
v -0.0205175 0.057563 -0.0084265
v -0.0205175 0.057563 -0.0084265
v -0.0619795 0.036822 0.0142685
v -0.0243425 0.057346 -0.0063815
v -0.0084105 0.069385 0.0094235
v -0.0065945 0.068878 0.0071665
v -0.0061495 0.069092 0.0093415
v -0.0031615 0.069315 0.0079945
v -0.0041385 0.07037 0.0112845
v -0.0602385 0.037411 0.0138995
v -0.0051015 0.069946 0.0073785
v -0.0022365 0.070966 0.0098745
v -0.0615605 0.02874 0.0046645
v -0.0068885 0.07045 0.0123055
v -0.0048475 0.071562 0.0126435
v -0.0603165 0.030227 0.0041895
v -0.0088105 0.070372 0.0131435
v -0.0220025 0.059653 -0.0061055
v -0.0633445 0.035999 0.0182585
v -0.0220565 0.058766 -0.0054145
v -0.0220565 0.058766 -0.0054145
v -0.0070405 0.072036 0.0153785
v -0.0051635 0.070987 0.0141325
v -0.0616755 0.036809 0.0191655
v -0.0069365 0.070706 0.0146745
v -0.0613025 0.039482 0.0182445
v -0.0600455 0.040705 0.0164325
v -0.0174445 0.058304 -0.0088785
v -0.0183715 0.059619 -0.0060835
v -0.0606405 0.038066 0.0163955
v -0.0582775 0.03057 -0.0018965
v -0.0602445 0.039673 0.0189575
v -0.0568775 0.032268 -0.0006375
v -0.0099365 0.071902 0.0169135
v -0.0556835 0.034234 -0.0008445
v -0.0116765 0.072167 0.0199615
v -0.0140765 0.059603 -0.0081715
v -0.0155655 0.059906 -0.0068965
v -0.0135065 0.070974 0.0211625
v -0.0583365 0.030406 0.0002385
v -0.0153925 0.061576 -0.0062915
v -0.0101435 0.071181 0.0167995
v -0.0085175 0.070923 0.0156525
v -0.0184095 0.060365 -0.0065675
v -0.0572525 0.035344 0.0011825
v -0.0565595 0.033509 -0.0020625
v -0.0190745 0.061886 -0.0041235
v -0.0588525 0.040026 0.0149095
v -0.0574665 0.031735 0.0006745
v -0.0576265 0.041102 0.0134755
v -0.0035325 0.072537 0.0167685
v -0.0136315 0.061124 -0.0059745
v -0.0169065 0.06107 -0.0046955
v -0.0050875 0.071763 0.0179665
v -0.0578515 0.043169 0.0147555
v -0.0115785 0.071078 0.0190775
v -0.0139275 0.062514 -0.0034435
v -0.0540425 0.036774 -0.0026405
v -0.0545855 0.046243 0.0116685
v -0.0572445 0.042969 0.0154725
v -0.0559515 0.044099 0.0154135
v -0.0084095 0.072553 0.0193985
v -0.0076175 0.071456 0.0191435
v -0.0531725 0.036569 -0.0021805
v -0.0086185 0.072156 0.0212755
v -0.0058945 0.071951 0.0209225
v -0.0079655 0.058173 -0.0117485
v -0.0509915 0.039243 -0.0024175
v -0.0592285 0.040654 0.0182795
v -0.0060665 0.072636 0.0194945
v -0.0077785 0.058602 -0.0126765
v -0.0529445 0.038078 -0.0012945
v -0.0047725 0.07355 0.0218865
v -0.0579475 0.042557 0.0179935
v -0.0543965 0.036964 0.0003165
v -0.0072195 0.059204 -0.0101485
v -0.0053345 0.059964 -0.0111165
v -0.0324425 0.064915 0.0218015
v -0.0305595 0.065471 0.0201315
v -0.0295155 0.066766 0.0198285
v -0.0536405 0.039166 -0.0006205
v -0.0525225 0.039666 0.0002385
v -0.0588125 0.043084 0.0180635
v -0.0554545 0.04665 0.0159495
v -0.0093335 0.059391 -0.0096865
v -0.0583075 0.033281 0.0030265
v -0.0283315 0.06685 0.0218865
v -0.0265325 0.067181 0.0197595
v -0.0076555 0.060854 -0.0097505
v -0.0597425 0.032104 0.0046395
v -0.0313325 0.067029 0.0225205
v -0.0687885 0.026304 0.0238825
v -0.0058205 0.060215 -0.0093135
v -0.0586515 0.035796 0.0042115
v -0.0316055 0.06607 0.0230445
v -0.0071985 0.061356 -0.0073835
v -0.0676995 0.029244 0.0223635
v -0.0012855 0.058942 -0.0109845
v -0.0673915 0.028736 0.0231345
v -0.0029535 0.059577 -0.0104005
v 0.0002035 0.05867 -0.0117515
v -0.0281505 0.067833 0.0211105
v -0.0041505 0.061369 -0.0078545
v -0.0120265 0.060485 -0.0072925
v -0.0717885 0.028054 0.0242565
v -0.0703655 0.02799 0.0243675
v -0.0249975 0.068113 0.0214355
v -0.0103965 0.061315 -0.0068825
v -0.0116685 0.063257 -0.0048815
v -0.0090895 0.062044 -0.0074355
v -0.0275155 0.068812 0.0241975
v -0.0690955 0.028233 0.0247725
v -0.0556445 0.039752 0.0035305
v -0.0254145 0.069502 0.0240085
v -0.0080425 0.061658 -0.0061575
v -0.0564525 0.036184 0.0030675
v -0.0553965 0.037494 0.0023205
v -0.0111215 0.062321 -0.0046005
v -0.0216215 0.070166 0.0212655
v -0.0701785 0.030463 0.0244875
v -0.0682895 0.032837 0.0243785
v -0.0533265 0.039847 0.0019415
v -0.0203495 0.069596 0.0208255
v -0.0210445 0.069844 0.0221795
v -0.0091275 0.063004 -0.0039905
v -0.0670095 0.031006 0.0238835
v -0.0539705 0.040871 0.0043605
v -0.0224465 0.070136 0.0235275
v -0.0262855 0.069173 0.0225075
v -0.0014725 0.060476 -0.0107225
v -0.0451015 0.035178 -0.0145085
v 0.0023295 0.060527 -0.0091165
v -0.0011165 0.060643 -0.0094505
v 0.0017485 0.061657 -0.0092115
v -0.0230695 0.071456 0.0235825
v -0.0054335 0.061742 -0.0088405
v -0.0666655 0.03216 0.0225135
v -0.0199005 0.072102 0.0232955
v -0.0653285 0.032868 0.0229455
v -0.0019775 0.061631 -0.0074465
v -0.0652605 0.033808 0.0223365
v -0.0326395 0.067736 0.0238065
v -0.0027515 0.062123 -0.0086485
v -0.0462785 0.036089 -0.0115005
v -0.0433255 0.036423 -0.0140555
v -0.0441315 0.037818 -0.0121735
v -0.0324365 0.069343 0.0241545
v -0.0457935 0.037644 -0.0120575
v -0.0640745 0.036506 0.0221585
v -0.0639855 0.03488 0.0223525
v -0.0629835 0.035775 0.0215095
v 0.0009955 0.06193 -0.0072665
v -0.0002855 0.063082 -0.0069295
v -0.0677665 0.035705 0.0244785
v -0.0306275 0.067938 0.0244015
v -0.0454005 0.039033 -0.0101735
v -0.0447185 0.040563 -0.0108295
v -0.0049895 0.062532 -0.0073545
v -0.0074045 0.064146 -0.0045705
v -0.0064445 0.063072 -0.0040925
v -0.0279725 0.070281 0.0241195
v -0.0474975 0.037994 -0.0083355
v -0.0679955 0.032449 0.0250685
v -0.0314255 0.06958 0.0256935
v -0.0283195 0.071248 0.0259105
v -0.0051785 0.061644 -0.0066875
v -0.0340945 0.070245 0.0260665
v -0.0050375 0.062816 -0.0052345
v -0.0475445 0.040572 -0.0078315
v -0.0037945 0.063819 -0.0054165
v -0.0024805 0.06304 -0.0052945
v -0.0323055 0.072175 0.0259425
v -0.0339525 0.072845 0.0241835
v 0.0005835 0.062701 -0.0057495
v -0.0291085 0.072222 0.0260475
v -0.0015535 0.064683 -0.0042045
v -0.0656735 0.037072 0.0242425
v -0.0479695 0.039086 -0.0072075
v -0.0487305 0.038676 -0.0060425
v -0.0655255 0.035981 0.0248845
v -0.0497595 0.039469 -0.0045125
v -0.0022635 0.063728 -0.0033205
v -0.0039955 0.06423 -0.0028815
v -0.0465075 0.040009 -0.0077765
v -0.0062675 0.064326 -0.0024095
v -0.0454365 0.042269 -0.0069855
v -0.0441655 0.040912 -0.0090405
v -0.0040065 0.065225 -0.0028005
v -0.0057625 0.06591 -0.0016185
v -0.0295095 0.073591 0.0224115
v -0.0285355 0.073045 0.0226625
v -0.0469375 0.041317 -0.0058865
v -0.0003705 0.064084 -0.0031805
v -0.0302065 0.074302 0.0241765
v -0.0704735 0.030941 0.0261365
v -0.0275225 0.071899 0.0241305
v -0.0430785 0.044755 -0.0082195
v -0.0464195 0.042686 -0.0068855
v 9.25e-05 0.064884 -0.0019755
v -0.0295715 0.055821 -0.0048935
v -0.0266485 0.05771 -0.0041735
v -0.0262315 0.07471 0.0224995
v -0.0291095 0.057021 -0.0033025
v -0.0451015 0.045121 -0.0056995
v -0.0706615 0.033458 0.0263575
v -0.0278385 0.075274 0.0240355
v -0.0690865 0.034319 0.0260895
v -0.0271025 0.058708 -0.0023695
v -0.0303545 0.073944 0.0251935
v -0.0237095 0.06101 -0.0028015
v -0.0276555 0.074124 0.0258675
v -0.0224825 0.059788 -0.0037795
v -0.0224825 0.059788 -0.0037795
v -0.0419935 0.040431 -0.0133475
v -0.0267795 0.075487 0.0249445
v -0.0688065 0.039668 0.0227865
v -0.0249065 0.060586 -0.0005115
v -0.0249065 0.060586 -0.0005115
v -0.0680835 0.037746 0.0262815
v -0.0425145 0.040078 -0.0115995
v -0.0292805 0.058248 -0.0009595
v -0.0234185 0.072896 0.0242165
v -0.0230995 0.07298 0.0256545
v -0.0265925 0.06118 -0.0002965
v -0.0404165 0.042443 -0.0131825
v -0.0269095 0.059824 -3.05e-05
v -0.0214495 0.075715 0.0226205
v -0.0224285 0.061511 -0.0008455
v -0.0623725 0.038047 0.0201535
v -0.0373585 0.04271 -0.0139795
v -0.0213725 0.061025 -0.0020305
v -0.0386895 0.041487 -0.0137565
v -0.0403645 0.040917 -0.0130885
v -0.0235325 0.063263 0.0012835
v -0.0191145 0.061206 -0.0032245
v -0.0674775 0.040378 0.0229225
v -0.0634475 0.037154 0.0233245
v -0.0200045 0.063718 -0.0001455
v -0.0244105 0.074039 0.0260155
v -0.0240815 0.07564 0.0256915
v -0.0646825 0.038084 0.0250615
v -0.0236325 0.076547 0.0250125
v -0.0418475 0.042292 -0.0104855
v -0.0629215 0.039054 0.0228425
v -0.0649085 0.039506 0.0244485
v -0.0200825 0.075124 0.0260335
v -0.0620245 0.041793 0.0235775
v -0.0384845 0.044114 -0.0117935
v -0.0171805 0.062451 -0.0020745
v -0.0621745 0.037768 0.0218175
v -0.0145145 0.064262 -0.0019895
v -0.0181185 0.071159 0.0213675
v -0.0183775 0.070975 0.0229585
v -0.0601035 0.04024 0.0209525
v -0.0146865 0.063354 -0.0012405
v -0.0155845 0.071087 0.0220495
v -0.0192745 0.063357 0.0005125
v -0.0174775 0.063556 0.0007515
v -0.0602235 0.041602 0.0208175
v -0.0428835 0.043293 -0.0085475
v -0.0203795 0.071579 0.0243035
v -0.0628775 0.039602 0.0244475
v -0.0399455 0.046077 -0.0101345
v -0.0377435 0.045316 -0.0126015
v -0.0606435 0.040793 0.0225865
v -0.0166405 0.073205 0.0235725
v -0.0409765 0.044387 -0.0089625
v -0.0163435 0.06538 0.0011355
v -0.0190735 0.073592 0.0240575
v -0.0139435 0.064609 0.0007765
v -0.0178645 0.073165 0.0249235
v -0.0393515 0.046102 -0.0090265
v -0.0284075 0.059967 0.0011845
v -0.0312625 0.057967 0.0002205
v -0.0432435 0.043886 -0.0070345
v -0.0611735 0.041637 0.0241175
v -0.0445595 0.044912 -0.0045925
v -0.0132225 0.073955 0.0246825
v -0.0274325 0.061224 0.0030525
v -0.0274325 0.061224 0.0030525
v -0.0410065 0.046196 -0.0068535
v -0.0262245 0.061754 0.0024945
v -0.0262245 0.061754 0.0024945
v -0.0204555 0.074505 0.0237975
v -0.0578275 0.043139 0.0202385
v -0.0587405 0.042647 0.0217065
v -0.0424775 0.046464 -0.0050335
v -0.0226725 0.062497 0.0015335
v -0.0243105 0.076439 0.0235165
v -0.0360135 0.044799 -0.0142395
v -0.0203135 0.076698 0.0226285
v -0.0350435 0.044602 -0.0138325
v -0.0197395 0.077864 0.0240175
v -0.0350655 0.047251 -0.0113515
v -0.0185315 0.077311 0.0255555
v -0.0566365 0.044194 0.0195125
v -0.0335455 0.047766 -0.0133355
v -0.0569405 0.045717 0.0192805
v -0.0574765 0.045786 0.0213975
v -0.0140665 0.072103 0.0215185
v -0.0366345 0.047234 -0.0099025
v -0.0551285 0.045938 0.0167385
v -0.0572675 0.044746 0.0218065
v -0.0551265 0.047161 0.0207295
v -0.0123225 0.071827 0.0223345
v -0.0160985 0.074645 0.0241675
v -0.0325555 0.045608 -0.0145445
v -0.0164915 0.074982 0.0256455
v -0.0139935 0.077242 0.0226265
v -0.0307425 0.046849 -0.0149825
v -0.0160045 0.077537 0.0224055
v -0.0604575 0.042957 0.0228675
v -0.0303945 0.047454 -0.0155785
v -0.0113185 0.07649 0.0238885
v -0.0596915 0.043937 0.0239165
v -0.0582945 0.043843 0.0229745
v -0.0114665 0.072958 0.0220785
v -0.0290195 0.047226 -0.0155445
v -0.0599325 0.045102 0.0237725
v -0.0587325 0.04527 0.0242755
v -0.0105735 0.072876 0.0235065
v -0.0315835 0.048927 -0.0120795
v -0.0574235 0.047387 0.0233655
v -0.0089625 0.072856 0.0216755
v -0.0085125 0.072656 0.0226785
v -0.0090255 0.073927 0.0230565
v -0.0153805 0.065248 0.0023385
v -0.0565475 0.047053 0.0236615
v -0.0062555 0.073635 0.0222625
v -0.0059535 0.073252 0.0230595
v -0.0689485 0.041349 0.0240575
v -0.0175815 0.06527 0.0038375
v -0.0286085 0.048986 -0.0152575
v -0.0124555 0.073818 0.0236085
v -0.0110475 0.07519 0.0240325
v -0.0685345 0.040625 0.0259225
v -0.0665475 0.039532 0.0241035
v -0.0310065 0.049625 -0.0130915
v -0.0069695 0.074277 0.0242555
v -0.0289165 0.051568 -0.0124995
v -0.0088375 0.078268 0.0225295
v -0.0649005 0.040127 0.0257555
v -0.0056915 0.075666 0.0238935
v -0.0665065 0.041612 0.0261675
v -0.0327905 0.050914 -0.0105985
v -0.0306485 0.051585 -0.0096105
v -0.0661885 0.044137 0.0229335
v -0.0091235 0.076016 0.0254735
v -0.0124505 0.063827 -0.0012315
v -0.0647595 0.044753 0.0229185
v -0.0054555 0.076961 0.0238735
v -0.0674475 0.04274 0.0256915
v -0.0145405 0.078827 0.0235515
v -0.0120405 0.079447 0.0237985
v -0.0098025 0.065076 -0.0023225
v -0.0110925 0.063898 -0.0022215
v -0.0106905 0.078748 0.0224295
v -0.0666575 0.044869 0.0241945
v -0.0367875 0.048656 -0.0102065
v -0.0638345 0.043586 0.0242245
v -0.0082535 0.079659 0.0231095
v -0.0036085 0.078747 0.0223275
v -0.0629205 0.04277 0.0242775
v -0.0120605 0.066246 0.0009485
v -0.0379605 0.048654 -0.0069045
v -0.0101575 0.065044 -0.0002795
v -0.0123045 0.065981 0.0027745
v -0.0427415 0.047031 -0.0060375
v -0.0613425 0.044146 0.0253655
v -0.0386705 0.048731 -0.0081125
v -0.0352925 0.049423 -0.0087305
v -0.0400375 0.048304 -0.0054835
v -0.0647215 0.044182 0.0262895
v -0.0146635 0.077355 0.0258285
v -0.0351185 0.050705 -0.0091115
v -0.0089055 0.06421 -0.0017365
v -0.0379545 0.050317 -0.0071415
v -0.0169925 0.078447 0.0240245
v -0.0091605 0.06591 -0.0005445
v -0.0067115 0.065362 0.0001965
v -0.0336815 0.053467 -0.0068115
v -0.0373555 0.051056 -0.0047625
v -0.0353705 0.050729 -0.0071035
v -0.0630945 0.048293 0.0228495
v -0.0118105 0.076344 0.0257155
v -0.0141735 0.078717 0.0251145
v -0.0077755 0.065865 0.0013075
v -0.0339795 0.050805 -0.0080365
v -0.0617165 0.043713 0.0244115
v -0.0093015 0.066445 0.0024735
v -0.0090575 0.06737 0.0023155
v -0.0115365 0.07855 0.0254625
v -0.0610605 0.046414 0.0245205
v -0.0647925 0.04772 0.0241565
v -0.0654275 0.046309 0.0252605
v -0.0083525 0.078353 0.0257665
v -0.0060775 0.065316 -0.0006035
v -0.0616595 0.04875 0.0230335
v -0.0084435 0.079965 0.0243325
v -0.0039345 0.065862 0.0002115
v -0.0025605 0.065303 -0.0012995
v -0.0597455 0.049087 0.0243085
v -0.0046015 0.076709 0.0255795
v -0.0314335 0.052438 -0.0098925
v -0.0062945 0.079199 0.0254425
v -0.0030635 0.066189 -0.0012945
v -0.0007015 0.069797 0.0091455
v 0.0025715 0.066226 -0.0013865
v -0.0290845 0.052959 -0.0106445
v -0.0018745 0.070873 0.0131425
v -0.0633335 0.047442 0.0260265
v 0.0007175 0.070681 0.0118055
v -0.0615165 0.047843 0.0262885
v -0.0018175 0.067016 0.0002695
v -0.0010355 0.071928 0.0133675
v -0.0026655 0.071506 0.0160045
v -0.0614135 0.050667 0.0260045
v -0.0069115 0.068012 0.0030295
v -0.0069005 0.066788 0.0024745
v -0.0039955 0.067035 0.0024915
v 0.0006345 0.071339 0.0149495
v -0.0042695 0.067444 0.0017305
v -0.0315135 0.053379 -0.0069425
v -0.0008375 0.07181 0.0157505
v -0.0021845 0.067318 0.0022865
v 0.0006565 0.066039 0.0007645
v 0.0028435 0.070545 0.0113125
v -0.0023705 0.067614 0.0036155
v 2.95e-05 0.067822 0.0020125
v 0.0007005 0.071243 0.0105565
v -0.0038085 0.068628 0.0039285
v -0.0107695 0.067648 0.0053285
v 0.0041435 0.071166 0.0147905
v 0.0044825 0.071459 0.0119395
v -0.0307315 0.054565 -0.0051535
v -0.0584585 0.048386 0.0243865
v -0.0511885 0.039718 -0.0038275
v 0.0042955 0.0698 0.0090565
v 0.0047075 0.070208 0.0116795
v -0.0588585 0.048241 0.0256825
v -0.0090645 0.068735 0.0049565
v -0.0487175 0.042179 -0.0022135
v -0.0492415 0.042315 -0.0035955
v 0.0019515 0.072662 0.0172375
v -0.0087415 0.067616 0.0049835
v -0.0055865 0.068204 0.0051435
v -0.0471095 0.043055 -0.0034585
v -0.0535455 0.043076 0.0042075
v 0.0020865 0.071884 0.0166325
v -0.0539475 0.042055 0.0065295
v 0.0049735 0.072405 0.0162525
v -0.0493735 0.044013 -0.0012125
v -0.0532635 0.044002 0.0074345
v -0.0520955 0.042894 0.0036435
v 0.0061135 0.071376 0.0151225
v -0.0040495 0.067517 0.0043145
v 0.0071955 0.071395 0.0177755
v 0.0096515 0.070993 0.0164915
v -0.0019915 0.068829 0.0065765
v 0.0056545 0.071951 0.0186915
v -0.0523575 0.042432 0.0013935
v -0.0500895 0.042147 -0.0007015
v 0.0092555 0.072055 0.0167505
v -0.0027275 0.06969 0.0062615
v -0.0470555 0.043348 -0.0023275
v -0.0520705 0.046948 0.0073785
v -0.0512785 0.046236 0.0046405
v -0.0464795 0.04489 -0.0020345
v -0.0514755 0.045151 0.0059305
v -0.0453475 0.043382 -0.0048805
v -0.0025995 0.072023 0.0190855
v -5.75e-05 0.07183 0.0182165
v -0.0516795 0.04658 0.0092585
v -0.0504105 0.04742 0.0075385
v -0.0493825 0.046991 0.0052885
v -0.0466855 0.046275 -0.0022045
v -0.0025205 0.073224 0.0195225
v -0.0021415 0.072644 0.0177115
v -0.0537925 0.044834 0.0102685
v -0.0035785 0.073282 0.0227785
v -0.0026685 0.073337 0.0210645
v 0.0032895 0.060561 -0.0107565
v -0.0005565 0.073535 0.0215025
v -0.0024425 0.072296 0.0209785
v -0.0006485 0.072861 0.0212075
v 0.0044915 0.059959 -0.0099935
v -0.0509835 0.048889 0.0090005
v 0.0014465 0.072485 0.0208125
v 0.0011855 0.073382 0.0229385
v 0.0064015 0.060743 -0.0085215
v -0.0504595 0.043936 0.0021535
v 0.0032025 0.072177 0.0193355
v 0.0020295 0.073206 0.0202985
v -0.0509305 0.048071 0.0100155
v 0.0059725 0.061712 -0.0088535
v -0.0496015 0.043478 0.0007195
v -0.0529605 0.046333 0.0110495
v 0.0091535 0.060027 -0.0090985
v -0.0485645 0.045217 0.0010865
v 0.0041695 0.071731 0.0183855
v -0.0502065 0.046268 0.0033575
v 0.0060345 0.072718 0.0185455
v -0.0490655 0.046364 0.0035385
v 0.0029095 0.06145 -0.0075405
v -0.0477535 0.049134 0.0036975
v 0.0040905 0.073177 0.0209385
v 0.0055035 0.062727 -0.0068585
v 0.0088605 0.062208 -0.0074145
v -0.0474025 0.050657 0.0056275
v 0.0037835 0.063888 -0.0056745
v -0.0483435 0.049473 0.0075985
v -0.0480075 0.048611 0.0061765
v 0.0047815 0.062491 -0.0058435
v 0.0068655 0.073096 0.0213545
v -0.0452115 0.051068 0.0030525
v 0.0073065 0.064107 -0.0046895
v 0.0033565 0.07324 0.0224995
v 0.0086175 0.060865 -0.0098775
v 0.0021945 0.074333 0.0226555
v 0.0113715 0.061043 -0.0085735
v -0.0469855 0.046414 0.0005945
v 0.0058455 0.072138 0.0208305
v -0.0455775 0.046699 -0.0006845
v -0.0497085 0.049033 0.0100525
v -0.0484665 0.046413 0.0007805
v 0.0090495 0.07187 0.0205735
v 0.0052915 0.073239 0.0229115
v 0.0122995 0.05941 -0.0088185
v 0.0076935 0.07314 0.0232245
v -0.0455155 0.049345 0.0008045
v 0.0053845 0.074794 0.0231565
v -0.0491875 0.049991 0.0100885
v 0.0121195 0.060895 -0.0073165
v -0.0478365 0.051838 0.0086815
v -0.0449155 0.05324 0.0063855
v -0.0468815 0.048676 0.0037255
v 0.0082525 0.06164 -0.0066545
v -0.0510515 0.050418 0.0127055
v 0.0123155 0.070949 0.0172635
v 0.0138015 0.070367 0.0173705
v 0.0127045 0.062109 -0.0048425
v 0.0127265 0.071287 0.0157325
v -0.0547125 0.045589 0.0142865
v 0.0101405 0.06245 -0.0052415
v 0.0117845 0.063048 -0.0052535
v 0.0110375 0.071265 0.0192405
v -0.0438935 0.047561 -0.0038365
v 0.0137475 0.070834 0.0197965
v 0.0034125 0.063902 -0.0035765
v 0.0112695 0.071973 0.0185445
v -0.0431315 0.048281 -0.0016865
v -0.0520805 0.047564 0.0131935
v -0.0535535 0.048088 0.0137175
v -0.0413805 0.048956 -0.0032725
v -0.0424065 0.050492 -0.0017385
v -0.0443315 0.048556 0.0003045
v 0.0176875 0.070583 0.0170135
v -0.0525885 0.047927 0.0144805
v -0.0506795 0.049823 0.0149805
v 0.0162415 0.070188 0.0185825
v -0.0458325 0.048397 0.0019055
v 0.0012315 0.063468 -0.0038445
v -0.0440785 0.050511 0.0029245
v 0.0030925 0.065212 -0.0029795
v 0.0194095 0.069459 0.0185455
v 0.0215765 0.068389 0.0167325
v 0.0202985 0.069984 0.0176635
v -0.0451885 0.05026 0.0034405
v -0.0536015 0.047036 0.0160905
v -0.0457815 0.050852 0.0056925
v -0.0546225 0.046649 0.0183345
v 0.0054015 0.064719 -0.0016995
v 0.0069115 0.063304 -0.0043205
v -0.0413755 0.049278 -0.0047955
v 0.0143845 0.0719 0.0206925
v 0.0030495 0.065763 -0.0003515
v 0.0187965 0.070789 0.0207605
v 0.0175735 0.070128 0.0203905
v 0.0110185 0.063187 -0.0034295
v -0.0526375 0.048704 0.0161215
v 0.0091565 0.06411 -0.0022255
v 0.0186115 0.070478 0.0217795
v -0.0389375 0.050872 -0.0030145
v 0.0200165 0.069421 0.0206195
v -0.0515935 0.050911 0.0161515
v -0.0391355 0.051043 -0.0045555
v 0.0090205 0.065022 -7.35e-05
v 0.0091215 0.072644 0.0200415
v 0.0068845 0.065388 -9.55e-05
v -0.0362955 0.052535 -0.0055125
v 0.0089315 0.064964 -0.0026195
v -0.0511455 0.049957 0.0173145
v -0.0501915 0.050141 0.0132805
v -0.0381445 0.052974 -0.0031445
v 0.0106705 0.07272 0.0213225
v -0.0421365 0.049572 -0.0006765
v 0.0112255 0.072533 0.0226985
v -0.0409625 0.051177 -0.0006445
v 0.0129315 0.07134 0.0215585
v 0.0131975 0.072551 0.0234875
v 0.0105145 0.065868 -0.0003585
v 0.0143205 0.063889 -0.0029375
v 0.0131075 0.063849 -0.0011025
v 0.0135655 0.063463 -0.0024565
v -0.0483545 0.051359 0.0118855
v 0.0134965 0.072485 0.0216575
v -0.0484485 0.052766 0.0123395
v 0.0073295 0.066421 -0.0003825
v 0.0101005 0.073793 0.0228505
v -0.0406385 0.052574 -0.0006985
v 0.0076615 0.074098 0.0227975
v 0.0094235 0.075225 0.0237575
v 0.0100885 0.073486 0.0236535
v 0.0069845 0.074506 0.0243645
v -0.0392395 0.052189 -0.0004815
v -0.0367605 0.05344 -0.0015005
v -0.0351515 0.051996 -0.0050755
v 0.0148465 0.060224 -0.0068425
v -0.0438735 0.052505 0.0063975
v 0.0176005 0.05932 -0.0072155
v -0.0354585 0.054281 -0.0039675
v 0.0131615 0.074361 0.0235785
v -0.0453545 0.05278 0.0092655
v -0.0371435 0.054771 -0.0011105
v -0.0345305 0.053471 -0.0041375
v -0.0324015 0.053779 -0.0053865
v 0.0104805 0.076084 0.0254185
v 0.0096225 0.076618 0.0236725
v 0.0154255 0.075455 0.0237685
v -0.0324265 0.055075 -0.0035925
v -0.0451265 0.055101 0.0107105
v 0.0154645 0.071175 0.0216815
v 0.0206845 0.059082 -0.0059555
v -0.0337675 0.054497 -0.0047635
v -0.0342365 0.054216 -0.0027415
v 0.0165435 0.061705 -0.0057415
v 0.0225025 0.060204 -0.0049105
v 0.0173875 0.07154 0.0232165
v 0.0198875 0.071329 0.0222235
v 0.0166485 0.072571 0.0240425
v 0.0161025 0.073715 0.0237155
v 0.0191885 0.073234 0.0237625
v -0.0474295 0.052724 0.0128015
v 0.0204855 0.071072 0.0235365
v 0.0165555 0.062412 -0.0027535
v 0.0159645 0.063101 -0.0032035
v 0.0179955 0.060649 -0.0054655
v -0.0353595 0.054446 -0.0017965
v 0.0197965 0.06108 -0.0032765
v 0.0210215 0.061521 -0.0037395
v 0.0184225 0.063552 -0.0015515
v -0.0343925 0.056458 -0.0012975
v -0.0487005 0.052287 0.0162405
v 0.0145625 0.074816 0.0252355
v -0.0351385 0.055675 0.0002225
v -0.0327295 0.056617 -0.0003525
v -0.0501565 0.051193 0.0161595
v 0.0216595 0.059963 -0.0042015
v 0.0235685 0.059821 -0.0035005
v 0.0270835 0.058172 -0.0034315
v 0.0237975 0.061818 -0.0012035
v 0.0174875 0.07514 0.0255495
v -0.0471315 0.054973 0.0155965
v -0.0461525 0.053968 0.0150065
v 0.0207575 0.062229 -0.0007255
v -0.0420915 0.051474 0.0020795
v -0.0420865 0.052942 0.0017915
v -0.0460525 0.055176 0.0183015
v -0.0428535 0.052476 0.0039395
v 0.0268195 0.059259 -0.0034415
v -0.0403305 0.053185 0.0022985
v 0.0229305 0.061959 0.0003125
v -0.0015235 0.074806 0.0232455
v -0.0006865 0.073699 0.0235885
v 0.0251645 0.060306 -0.0012865
v -0.0022805 0.074592 0.0242105
v -0.0435595 0.053892 0.0077355
v 0.0152235 0.063479 -0.0008295
v -0.0390155 0.054938 0.0011495
v -0.0389935 0.054284 0.0019195
v -0.0377575 0.055214 0.0027715
v -0.0414495 0.054615 0.0063935
v -0.0426325 0.055769 0.0077445
v 0.0187405 0.062813 -0.0009665
v -0.0409005 0.053644 0.0040885
v -0.0405725 0.055684 0.0044465
v 0.0183705 0.063464 0.0004985
v -0.0404025 0.054838 0.0050075
v -0.0412425 0.05316 0.0030915
v -0.0398095 0.056311 0.0070755
v -0.0379285 0.05627 0.0046575
v 0.0136535 0.065243 -0.0006915
v 0.0005045 0.079946 0.0226845
v 0.0007755 0.078859 0.0223415
v -0.0418215 0.055433 0.0084315
v -0.0013125 0.076764 0.0240265
v -0.0371625 0.056414 0.0017255
v -0.0371135 0.058061 0.0043635
v 0.0008505 0.075081 0.0245425
v -0.0004985 0.077302 0.0255935
v -0.0038635 0.078568 0.0257345
v 0.0239635 0.062744 0.0002075
v -0.0362965 0.055485 0.0013845
v -0.0447905 0.054559 0.0121225
v -0.0030255 0.080582 0.0234225
v -0.0351115 0.056501 0.0022125
v -0.0013765 0.079369 0.0256605
v 0.0250025 0.062303 0.0021785
v 0.0260995 0.060906 -0.0014685
v 0.0229455 0.062517 0.0017625
v 0.0039345 0.079964 0.0252235
v 0.0011655 0.080322 0.0240755
v -0.0407245 0.056805 0.0097715
v -0.0337545 0.0581 0.0029465
v -0.0424485 0.056027 0.0119595
v 0.0036355 0.074408 0.0240755
v -0.0399015 0.058333 0.0091135
v 0.0024035 0.075985 0.0238085
v 0.0240195 0.063715 0.0041005
v -0.0363525 0.05773 0.0054745
v 0.0055205 0.076159 0.0238345
v 0.0045995 0.076702 0.0253565
v 0.0043705 0.077206 0.0236095
v -0.0380995 0.057423 0.0065415
v 0.0039275 0.078899 0.0223935
v -0.0328005 0.059158 0.0044905
v 0.0037725 0.066998 0.0006715
v 0.0041325 0.066651 0.0017705
v 0.0019525 0.066814 0.0017015
v -0.0382195 0.058057 0.0084685
v 0.0075745 0.07835 0.0224035
v 0.0001935 0.067633 0.0034665
v 0.0027135 0.067666 0.0036595
v 0.0019895 0.079046 0.0256495
v 0.0042715 0.078378 0.0257455
v 0.0067935 0.0656 0.0012915
v -0.0344485 0.059702 0.0073825
v 0.0076435 0.078514 0.0257015
v -0.0355285 0.059798 0.0085195
v 0.0016315 0.068711 0.0040145
v 0.0046355 0.06828 0.0029845
v 0.0038615 0.068228 0.0046225
v 0.0083255 0.06692 0.0030355
v -0.0375865 0.058858 0.0098635
v 0.0058215 0.067397 0.0034475
v 0.0086525 0.06722 0.0019305
v 0.0105695 0.077267 0.0256555
v -0.0372115 0.060852 0.0111735
v 0.0064935 0.068793 0.0046525
v -0.0371315 0.060491 0.0128435
v 0.0071305 0.067774 0.0050595
v 0.0094995 0.079339 0.0224615
v 0.0130755 0.077742 0.0222115
v 0.0114475 0.079982 0.0230465
v 0.0139275 0.079359 0.0236125
v -0.0352015 0.060958 0.0114935
v 0.0089775 0.068279 0.0061465
v 0.0085295 0.068986 0.0058635
v 0.0182455 0.076893 0.0219795
v 0.0160415 0.078998 0.0232655
v 0.0210055 0.074387 0.0236505
v 0.0006885 0.068671 0.0057925
v 0.0006185 0.069628 0.0058335
v 0.0167485 0.079018 0.0239955
v 0.0208315 0.078023 0.0237475
v 0.0207205 0.076068 0.0222495
v 0.0059675 0.079866 0.0226905
v 0.0086925 0.079821 0.0233455
v 0.0065785 0.080056 0.0240595
v -0.0446515 0.055516 0.0146465
v 0.0101045 0.079074 0.0253195
v 0.0034395 0.06993 0.0069945
v 0.0141285 0.077613 0.0255865
v -0.0411985 0.057592 0.0134635
v 0.0040525 0.069027 0.0072505
v 0.0024395 0.069805 0.0079795
v -0.0422365 0.058202 0.0133805
v 0.0116515 0.079839 0.0241885
v 0.0171915 0.077226 0.0257445
v -0.0428615 0.057148 0.0156245
v 0.0204355 0.076144 0.0255565
v 0.0197435 0.078 0.0247335
v 0.0060395 0.068889 0.0070995
v 0.0070185 0.070146 0.0080315
v -0.0449235 0.056948 0.0165435
v -0.0440155 0.056334 0.0173935
v -0.0397075 0.058999 0.0135615
v -0.0414735 0.058397 0.0179735
v -0.0402665 0.059495 0.0172095
v -0.0381915 0.060014 0.0145415
v -0.0355105 0.061413 0.0142755
v -0.0407815 0.060161 0.0176635
v -0.0372815 0.062254 0.0171565
v -0.0379555 0.061083 0.0180415
v -0.0530075 0.050174 0.0190755
v -0.0531975 0.048847 0.0186685
v -0.0522805 0.049938 0.0205505
v -0.0535805 0.048244 0.0204865
v -0.0553105 0.049028 0.0223475
v -0.0543395 0.049561 0.0235035
v -0.0536485 0.050688 0.0224795
v -0.0521725 0.051834 0.0214875
v -0.0537835 0.049418 0.0219445
v -0.0545645 0.050042 0.0230925
v -0.0624215 0.050584 0.0241015
v -0.0608565 0.052123 0.0234155
v -0.0588835 0.052594 0.0229265
v -0.0559915 0.04935 0.0245655
v -0.0576525 0.051402 0.0261705
v -0.0556165 0.051999 0.0246135
v -0.0572415 0.053324 0.0236155
v -0.0586925 0.055453 0.0235285
v -0.0533135 0.052112 0.0245685
v -0.0537755 0.0531 0.0241515
v -0.0585165 0.052914 0.0263265
v -0.0584825 0.054632 0.0254205
v -0.0601835 0.053614 0.0243885
v -0.0533485 0.054762 0.0258775
v -0.0566325 0.054853 0.0263025
v -0.0562405 0.055666 0.0229015
v -0.0520355 0.0528 0.0228535
v -0.0539865 0.05525 0.0242715
v -0.0539405 0.057304 0.0229255
v -0.0522415 0.055451 0.0245025
v -0.0561895 0.057741 0.0235995
v -0.0557335 0.057389 0.0255175
v -0.0540455 0.057078 0.0263735
v -0.0548385 0.058731 0.0238875
v -0.0514545 0.057908 0.0261225
v -0.0512075 0.060416 0.0259455
v -0.0515575 0.051124 0.0203145
v -0.0524205 0.05132 0.0229275
v -0.0498035 0.052075 0.0192205
v -0.0498485 0.053262 0.0186735
v -0.0476015 0.054577 0.0206625
v -0.0494575 0.054173 0.0208015
v -0.0512175 0.052114 0.0231085
v -0.0490385 0.05336 0.0213515
v -0.0497765 0.054765 0.0225495
v -0.0463365 0.05682 0.0209245
v -0.0502235 0.055346 0.0247375
v -0.0483315 0.054867 0.0229015
v -0.0468395 0.055947 0.0232285
v -0.0507685 0.055992 0.0242715
v -0.0461955 0.057928 0.0227445
v -0.0468255 0.059976 0.0244445
v -0.0481555 0.056277 0.0241115
v -0.0508535 0.058509 0.0240975
v -0.0532035 0.060127 0.0233275
v -0.0517505 0.059487 0.0227505
v -0.0510765 0.061838 0.0251915
v -0.0497465 0.062892 0.0232845
v -0.0443515 0.056774 0.0196675
v -0.0452115 0.055825 0.0203275
v -0.0435325 0.058992 0.0207285
v -0.0445595 0.057416 0.0223455
v -0.0460675 0.05688 0.0231225
v -0.0401145 0.059731 0.0194285
v -0.0408885 0.060755 0.0207095
v -0.0439445 0.058979 0.0235165
v -0.0431115 0.060484 0.0227325
v -0.0461655 0.059684 0.0250565
v -0.0462255 0.063842 0.0226795
v -0.0478615 0.060723 0.0259875
v -0.0490055 0.062182 0.0260645
v -0.0489245 0.063853 0.0244745
v -0.0473885 0.064998 0.0236415
v -0.0452685 0.066688 0.0232585
v -0.0459035 0.065016 0.0254715
v -0.0448135 0.066972 0.0241245
v -0.0448135 0.066972 0.0241245
v 0.0034925 0.080555 0.0242925
v 0.0633635 0.04957 0.0235615
v 0.0661515 0.04612 0.0236575
v 0.0629055 0.047976 0.0224525
v 0.0611815 0.047174 0.0241625
v 0.0625615 0.044329 0.0243535
v 0.0587555 0.047658 0.0241165
v 0.0720705 0.011761 0.0232775
v 0.0710605 0.01481 0.0216835
v 0.0710605 0.01481 0.0216835
v 0.0603505 0.03854 0.0165095
v 0.0608005 0.036927 0.0153675
v 0.0620005 0.036878 0.0186005
v 0.0418815 0.053435 0.0042985
v 0.0438475 0.052154 0.0044825
v 0.0445835 0.052701 0.0064115
v 0.0417465 0.054481 0.0056965
v 0.0450835 0.050472 0.0036935
v 0.0721105 0.01374 0.0235565
v 0.0626185 0.035214 0.0182405
v 0.0638335 0.033824 0.0192895
v 0.0648455 0.034075 0.0205385
v 0.0659415 0.031459 0.0190375
v 0.0637665 0.035013 0.0174115
v 0.0480765 0.050959 0.0070645
v 0.0452775 0.051376 0.0031345
v 0.0460505 0.053236 0.0076615
v 0.0438385 0.053266 0.0044255
v 0.0616055 0.046596 0.0258055
v 0.0653485 0.0443 0.0259815
v 0.0653485 0.0443 0.0259815
v 0.0630805 0.048116 0.0258445
v 0.0630805 0.048116 0.0258445
v 0.0480045 0.050585 0.0081565
v 0.0645725 0.047797 0.0249875
v 0.0620305 0.050415 0.0254405
v 0.0620305 0.050415 0.0254405
v 0.0629435 0.037226 0.0200865
v 0.0618885 0.038322 0.0176605
v 0.0730955 0.008984 0.0241825
v 0.0739365 0.006717 0.0247095
v 0.0427125 0.055624 0.0069705
v 0.0637995 0.034262 0.0213515
v 0.0604685 0.051057 0.0225815
v 0.0621875 0.051559 0.0236435
v 0.0487675 0.051103 0.0081185
v 0.0648875 0.034916 0.0221335
v 0.0411135 0.054457 0.0025855
v 0.0368635 0.056165 0.0003515
v 0.0759665 0.005467 0.0258785
v 0.0558825 0.056322 0.0224575
v 0.0582865 0.055068 0.0231525
v 0.0575245 0.054026 0.0224285
v 0.0352415 0.056338 0.0009535
v 0.0367785 0.0549 0.0007245
v 0.0371055 0.055825 0.0020225
v 0.0597385 0.050288 0.0259915
v 0.0573005 0.050533 0.0255095
v 0.0630745 0.037205 0.0229665
v 0.0345995 0.057727 0.0028045
v 0.0345995 0.057727 0.0028045
v 0.0647235 0.03562 0.0237765
v 0.0753675 0.011203 0.0258245
v 0.0386715 0.055749 0.0041505
v 0.0391415 0.054985 0.0029505
v 0.0369725 0.056766 0.0019625
v 0.0375885 0.057675 0.0036635
v 0.0400635 0.056575 0.0051535
v 0.0617925 0.038108 0.0210105
v 0.0553295 0.05405 0.0238275
v 0.0579115 0.050826 0.0241825
v 0.0551065 0.052047 0.0240375
v 0.0532825 0.054897 0.0242545
v 0.0635595 0.038345 0.0227455
v 0.0546045 0.055194 0.0258185
v 0.0546045 0.055194 0.0258185
v 0.0541295 0.050438 0.0239615
v 0.0416755 0.055074 0.0048195
v 0.0609775 0.039706 0.0220615
v 0.0586635 0.053119 0.0258735
v 0.0603015 0.053788 0.0244715
v 0.0603015 0.053788 0.0244715
v 0.0436355 0.054334 0.0087675
v 0.0586215 0.04112 0.0161435
v 0.0581625 0.04036 0.0120855
v 0.0587155 0.040072 0.0139555
v 0.0417005 0.055907 0.0090255
v 0.0760565 0.009802 0.0248585
v 0.0567615 0.055705 0.0254255
v 0.0567615 0.055705 0.0254255
v 0.0785485 0.00753 0.0263045
v 0.0453235 0.053566 0.0101255
v 0.0469275 0.051973 0.0097375
v 0.0598795 0.040375 0.0197085
v 0.0443625 0.055021 0.0117925
v 0.0567735 0.057837 0.0240465
v 0.0429945 0.056127 0.0113725
v 0.0568985 0.042749 0.0139845
v 0.0577695 0.055944 0.0243675
v 0.0356775 0.058136 0.0045065
v 0.0356775 0.058136 0.0045065
v 0.0371405 0.058081 0.0063645
v 0.0371405 0.058081 0.0063645
v 0.0546005 0.057291 0.0258145
v 0.0400465 0.056293 0.0061485
v 0.0563885 0.04412 0.0164055
v 0.0554335 0.044836 0.0141175
v 0.0581275 0.042834 0.0193735
v 0.0442925 0.06606 0.0225125
v 0.0473195 0.065861 0.0237925
v 0.0466025 0.063771 0.0223265
v 0.0477225 0.065122 0.0229835
v 0.0385575 0.058389 0.0065445
v 0.0247655 0.067849 0.0184025
v 0.0246475 0.067317 0.0166255
v 0.0732165 0.011444 0.0246375
v 0.0343475 0.059719 0.0041115
v 0.0352925 0.060519 0.0067985
v 0.0747965 0.00908 0.0243995
v 0.0231615 0.068474 0.0193845
v 0.0599135 0.040562 0.0149105
v 0.0584165 0.04169 0.0124095
v 0.0579425 0.04425 0.0181375
v 0.0599025 0.041409 0.0173915
v 0.0568645 0.044744 0.0151915
v 0.0283025 0.065927 0.0163245
v 0.0742955 0.011743 0.0241055
v 0.0263005 0.067334 0.0200015
v 0.0267845 0.067258 0.0153785
v 0.0235635 0.068839 0.0171705
v 0.0263815 0.068335 0.0202825
v 0.0395725 0.05754 0.0090615
v 0.0395725 0.05754 0.0090615
v 0.0217475 0.069241 0.0211865
v 0.0740275 0.013815 0.0254735
v 0.0236985 0.069782 0.0216345
v 0.0763855 0.012442 0.0247875
v 0.0356065 0.059215 0.0061995
v 0.0727865 0.013995 0.0227085
v 0.0342435 0.060042 0.0069985
v 0.0372725 0.060312 0.0093215
v 0.0242535 0.069076 0.0225915
v 0.0549275 0.046786 0.0184405
v 0.0568795 0.044966 0.0209785
v 0.0357175 0.059966 0.0084695
v 0.0329215 0.062427 0.0082085
v 0.0544985 0.048241 0.0173365
v 0.0381005 0.05843 0.0080515
v 0.0380735 0.059392 0.0109205
v 0.0278385 0.069473 0.0233455
v 0.0249005 0.070887 0.0234285
v 0.0302345 0.065985 0.0160775
v 0.0281515 0.066833 0.0198445
v 0.0289365 0.067514 0.0208435
v 0.0704915 0.016945 0.0216985
v 0.0704915 0.016945 0.0216985
v 0.0407105 0.058386 0.0101775
v 0.0743665 0.013867 0.0242645
v 0.0268345 0.067804 0.0218995
v 0.0599495 0.042016 0.0205295
v 0.0302855 0.066392 0.0221495
v 0.0291615 0.066098 0.0197055
v 0.0299875 0.065165 0.0166455
v 0.0308035 0.0659 0.0206135
v 0.0317085 0.065887 0.0195825
v 0.0305625 0.067253 0.0220025
v 0.0618495 0.037467 0.0148685
v 0.0442445 0.055714 0.0100865
v 0.0317035 0.06494 0.0201465
v 0.0337615 0.06516 0.0209165
v 0.0727305 0.01636 0.0248445
v 0.0287415 0.067558 0.0227655
v 0.0276815 0.069375 0.0242385
v 0.0409175 0.057836 0.0121955
v 0.0409175 0.057836 0.0121955
v 0.0756405 0.015437 0.0262285
v 0.0310135 0.06791 0.0242285
v 0.0776605 0.012227 0.0263205
v 0.0330405 0.066878 0.0244075
v 0.0768225 0.016199 0.0263885
v 0.0478645 0.053525 0.0123005
v 0.0429055 0.057897 0.0135575
v 0.0617785 0.039848 0.0214455
v 0.0255545 0.06337 0.0052165
v 0.0307475 0.068564 0.0235065
v 0.0318355 0.069557 0.0239815
v 0.0769525 0.009614 0.0262965
v 0.0273775 0.062852 0.0055605
v 0.0278975 0.063726 0.0057975
v 0.0283585 0.06457 0.0080345
v 0.0270465 0.064148 0.0079335
v 0.0787585 0.012981 0.0258675
v 0.0799565 0.011228 0.0244215
v 0.0305115 0.062534 0.0055815
v 0.0301045 0.062736 0.0075085
v 0.0251805 0.064974 0.0085625
v 0.0293035 0.063878 0.0097255
v 0.0245755 0.07269 0.0238615
v 0.0241225 0.069921 0.0236925
v 0.0636425 0.038363 0.0244145
v 0.0792495 0.01433 0.0250565
v 0.0231875 0.072445 0.0251975
v 0.0468715 0.049166 0.0041235
v 0.0487545 0.049282 0.0048875
v 0.0248325 0.071035 0.0245745
v 0.0248465 0.066268 0.0122805
v 0.0274775 0.065257 0.0116865
v 0.0275625 0.064351 0.0100545
v 0.0215715 0.073882 0.0254635
v 0.0487585 0.047921 0.0053515
v 0.0294675 0.064788 0.0101785
v 0.0517585 0.04588 0.0067565
v 0.0277175 0.07152 0.0239345
v 0.0329015 0.061691 0.0091085
v 0.0310195 0.061688 0.0072095
v 0.0717635 0.016771 0.0224735
v 0.0505395 0.047856 0.0055185
v 0.0278125 0.071505 0.0253035
v 0.0521185 0.04653 0.0064605
v 0.0348195 0.061747 0.0117715
v 0.0345575 0.062404 0.0142885
v 0.0303935 0.070755 0.0255225
v 0.0328865 0.064236 0.0185785
v 0.0338165 0.064766 0.0218015
v 0.0351735 0.063441 0.0209765
v 0.0351835 0.064795 0.0232325
v 0.0701245 0.019649 0.0226395
v 0.0701245 0.019649 0.0226395
v 0.0367615 0.062373 0.0206725
v 0.0372665 0.063766 0.0235565
v 0.0496765 0.048325 0.0071035
v 0.0479795 0.049532 0.0068665
v 0.0366195 0.063409 0.0203105
v 0.0363505 0.065036 0.0229805
v 0.0494295 0.049241 0.0086215
v 0.0322765 0.063395 0.0127175
v 0.0386595 0.062315 0.0209725
v 0.0355755 0.06647 0.0237395
v 0.0506095 0.048984 0.0079525
v 0.0390965 0.064171 0.0234625
v 0.0306725 0.063821 0.0123005
v 0.0335725 0.066905 0.0231745
v 0.0692495 0.021546 0.0213435
v 0.0697905 0.023399 0.0221545
v 0.0305725 0.065098 0.0131795
v 0.0522435 0.048236 0.0098795
v 0.0508325 0.048847 0.0100265
v 0.0347845 0.067567 0.0249945
v 0.0704775 0.020762 0.0214525
v 0.0357675 0.068004 0.0239175
v 0.0309285 0.064513 0.0152035
v 0.0344055 0.063004 0.0122135
v 0.0713375 0.021002 0.0232125
v 0.0711415 0.018857 0.0238935
v 0.0376885 0.065303 0.0247615
v 0.0403825 0.065246 0.0239315
v 0.0233945 0.067283 0.0137395
v 0.0387955 0.062205 0.0223135
v 0.0259435 0.066702 0.0148405
v 0.0413305 0.062959 0.0237305
v 0.0417515 0.061307 0.0227145
v 0.0404115 0.061714 0.0236495
v 0.0398235 0.06383 0.0248045
v 0.0500595 0.051198 0.0118905
v 0.0436925 0.060229 0.0239715
v 0.0423945 0.062566 0.0248865
v 0.0441545 0.062461 0.0240435
v 0.0530495 0.044776 0.0081995
v 0.0729095 0.018614 0.0242155
v 0.0726695 0.021372 0.0243995
v 0.0538135 0.045964 0.0089195
v 0.0695975 0.022657 0.0230115
v 0.0437325 0.064065 0.0235395
v 0.0534415 0.045812 0.0104705
v 0.0410025 0.065323 0.0254535
v 0.0709925 0.023446 0.0248835
v 0.0709925 0.023446 0.0248835
v 0.0333285 0.063391 0.0158955
v 0.0712795 0.024392 0.0240605
v 0.0440385 0.065111 0.0258075
v 0.0523385 0.046887 0.0109795
v 0.0374995 0.067095 0.0254415
v 0.0402225 0.0677 0.0256225
v 0.0421005 0.068105 0.0250245
v 0.0679705 0.024118 0.0190315
v 0.0559625 0.044609 0.0117605
v 0.0469015 0.060654 0.0254075
v 0.0483055 0.057596 0.0246145
v 0.0540975 0.047671 0.0136795
v 0.0503435 0.049642 0.0119385
v 0.0467665 0.063991 0.0255905
v 0.0677525 0.026985 0.0183355
v 0.0657935 0.028793 0.0174465
v 0.0496445 0.060936 0.0257635
v 0.0489505 0.062722 0.0255365
v 0.0347455 0.064078 0.0177245
v 0.0467895 0.053289 0.0119905
v 0.0673215 0.026362 0.0202085
v 0.0436335 0.056708 0.0150365
v 0.0436335 0.056708 0.0150365
v 0.0457395 0.054859 0.0148195
v 0.0424485 0.058179 0.0181715
v 0.0452055 0.055917 0.0178505
v 0.0452055 0.055917 0.0178505
v 0.0448145 0.056848 0.0192305
v 0.0478855 0.052152 0.0123495
v 0.0442515 0.057155 0.0207445
v 0.0312965 0.071985 0.0224675
v 0.0284465 0.073719 0.0221055
v 0.0325135 0.072527 0.0224225
v 0.0292655 0.074766 0.0230735
v 0.0686015 0.024193 0.0221075
v 0.0322785 0.073926 0.0245655
v 0.0338395 0.073268 0.0239295
v 0.0359055 0.060807 0.0117745
v 0.0687085 0.024868 0.0203075
v 0.0240715 0.075343 0.0222115
v 0.0686945 0.025704 0.0233445
v 0.0380355 0.061023 0.0127545
v 0.0373375 0.060622 0.0132315
v 0.0656895 0.030594 0.0211925
v 0.0402805 0.058775 0.0139535
v 0.0250225 0.076734 0.0236845
v 0.0676785 0.028857 0.0218715
v 0.0689155 0.027717 0.0230905
v 0.0667115 0.029488 0.0217985
v 0.0400535 0.059604 0.0127375
v 0.0232315 0.075763 0.0253975
v 0.0253385 0.074134 0.0256555
v 0.0274095 0.07509 0.0252085
v 0.0242675 0.076963 0.0245675
v 0.0477055 0.053188 0.0148665
v 0.0225895 0.077293 0.0241625
v 0.0360355 0.061812 0.0158895
v 0.0390125 0.059834 0.0154365
v 0.0502185 0.050931 0.0144325
v 0.0293985 0.073369 0.0256015
v 0.0699935 0.027319 0.0239715
v 0.0519265 0.051141 0.0179575
v 0.0493475 0.052861 0.0152545
v 0.0378435 0.062261 0.0175295
v 0.0401915 0.060708 0.0173365
v 0.0496475 0.051631 0.0166025
v 0.0322295 0.07188 0.0255535
v 0.0675775 0.027367 0.0228115
v 0.0675525 0.028822 0.0233885
v 0.0423225 0.056658 0.0129385
v 0.0523475 0.048528 0.0139955
v 0.0535075 0.047151 0.0148565
v 0.0676365 0.032514 0.0237515
v 0.0692935 0.031264 0.0243865
v 0.0680175 0.030378 0.0245075
v 0.0378445 0.068976 0.0224955
v 0.0368015 0.070551 0.0223695
v 0.0408285 0.068412 0.0224565
v 0.0381225 0.071049 0.0238425
v 0.0469345 0.054997 0.0150155
v 0.0696965 0.027197 0.0248315
v 0.0347945 0.070332 0.0257055
v 0.0524565 0.049335 0.0131775
v 0.0420925 0.057692 0.0162925
v 0.0364945 0.071748 0.0248635
v 0.0392635 0.07033 0.0247275
v 0.0353245 0.072358 0.0239995
v 0.0426465 0.066114 0.0224125
v 0.0407785 0.059388 0.0186075
v 0.0428935 0.068145 0.0242725
v 0.0409175 0.069506 0.0240855
v 0.0541225 0.044812 0.0110365
v 0.0438895 0.058231 0.0179885
v 0.0727725 0.02677 0.0247765
v 0.0739695 0.022813 0.0247585
v 0.0459835 0.066614 0.0242965
v 0.0734045 0.022073 0.0261765
v 0.0719085 0.027558 0.0260355
v 0.0719085 0.027558 0.0260355
v 0.0517015 0.04947 0.0165835
v 0.0356445 0.062679 0.0177535
v 0.0386565 0.060872 0.0182765
v 0.0337095 0.072971 0.0249555
v 0.0535315 0.048253 0.0175115
v 0.0709765 0.028923 0.0246515
v 0.0650775 0.031037 0.0184585
v 0.0743485 0.028664 0.0259215
v 0.0746025 0.02507 0.0264455
v 0.0640945 0.033422 0.0146555
v 0.0751915 0.016117 0.0249205
v 0.0662895 0.031361 0.0212665
v 0.0749255 0.019327 0.0248115
v 0.0641875 0.032269 0.0179865
v 0.0743335 0.018997 0.0262525
v 0.0662415 0.033457 0.0243475
v 0.0774655 0.014969 0.0236835
v 0.0773045 0.018913 0.0233845
v 0.0410985 0.059754 0.0204385
v 0.0393095 0.060661 0.0207175
v 0.0760605 0.019696 0.0265125
v 0.0779025 0.018586 0.0258135
v 0.0566155 0.04674 0.0212115
v 0.0542865 0.048426 0.0215065
v 0.0429575 0.058642 0.0213155
v 0.0567815 0.047279 0.0236105
v 0.0422475 0.060031 0.0206765
v 0.0593415 0.042307 0.0221475
v 0.0761825 0.022794 0.0261505
v 0.0441315 0.058761 0.0213185
v 0.0692595 0.03226 0.0258195
v 0.0692595 0.03226 0.0258195
v 0.0689015 0.034245 0.0246305
v 0.0594145 0.044325 0.0227065
v 0.0786255 0.016948 0.0251775
v 0.0590235 0.043553 0.0233685
v 0.0687295 0.035866 0.0260125
v 0.0687295 0.035866 0.0260125
v 0.0764145 0.021781 0.0235525
v 0.0578715 0.045701 0.0235545
v 0.0780465 0.020585 0.0244445
v 0.0771955 0.022917 0.0249095
v 0.0577725 0.046873 0.0231045
v 0.0652695 0.035864 0.0233745
v 0.0556885 0.048154 0.0236855
v 0.0662665 0.0374 0.0254775
v 0.0654415 0.03826 0.0240965
v 0.0668335 0.036388 0.0244805
v 0.0755015 0.025196 0.0234085
v 0.0762715 0.025112 0.0254675
v 0.0443155 0.059601 0.0227175
v 0.0765415 0.025225 0.0242665
v 0.0709275 0.031265 0.0245365
v 0.0753765 0.028712 0.0249725
v 0.0744925 0.028001 0.0232855
v 0.0721135 0.032921 0.0232335
v 0.0744315 0.030803 0.0237795
v 0.0611375 0.043461 0.0237075
v 0.0618025 0.040669 0.0238465
v 0.0736705 0.032394 0.0251595
v 0.0625825 0.04135 0.0238965
v 0.0603275 0.042123 0.0236135
v 0.0324535 0.056529 -0.0018415
v 0.0616775 0.043793 0.0251145
v 0.0639505 0.040599 0.0252235
v 0.0721575 0.031232 0.0261215
v 0.0569685 0.040818 0.0103865
v 0.0547795 0.04301 0.0090265
v 0.0702355 0.035914 0.0261685
v 0.0559995 0.043262 0.0115835
v 0.0649655 0.041567 0.0244135
v 0.0302415 0.058439 -0.0021595
v 0.0730295 0.034037 0.0238785
v 0.0724665 0.035443 0.0244295
v 0.0709725 0.037205 0.0252455
v 0.0695995 0.037833 0.0229405
v 0.0705385 0.038306 0.0234515
v 0.0709685 0.035312 0.0229675
v 0.0277345 0.059941 8.55e-05
v 0.0669735 0.038369 0.0244995
v 0.0638145 0.032056 0.0150495
v 0.0279755 0.060301 -0.0010905
v 0.0676145 0.042488 0.0228465
v 0.0688515 0.041345 0.0236055
v 0.0673565 0.041275 0.0227845
v 0.0713635 0.037865 0.0240165
v 0.0654625 0.044736 0.0227875
v 0.0300815 0.059843 0.0018025
v 0.0626325 0.033774 0.0143005
v 0.0606685 0.036849 0.0128895
v 0.0279205 0.061238 0.0008645
v 0.0624015 0.035027 0.0153025
v 0.0343755 0.056662 -0.0012055
v 0.0590665 0.046515 0.0249245
v 0.0673765 0.04071 0.0260205
v 0.0673765 0.04071 0.0260205
v 0.0642025 0.043493 0.0259265
v 0.0320425 0.058273 0.0010835
v 0.0320425 0.058273 0.0010835
v 0.0691565 0.040514 0.0252845
v 0.0328535 0.058455 9.85e-05
v 0.0679205 0.043564 0.0240935
v 0.0316915 0.059825 0.0018995
v 0.0669285 0.043931 0.0251775
v 0.0466635 0.055135 0.0175845
v 0.0475875 0.053645 0.0176205
v 0.0499195 0.05224 0.0188695
v 0.0302935 0.061178 0.0025995
v 0.0585315 0.039068 0.0108455
v 0.0478135 0.05489 0.0174175
v 0.0292025 0.061487 0.0040335
v 0.0307315 0.060414 0.0032255
v 0.0494975 0.05391 0.0203615
v 0.0278155 0.062731 0.0035375
v 0.0474185 0.054352 0.0192865
v 0.0463155 0.055448 0.0207995
v 0.0463155 0.055448 0.0207995
v 0.0475875 0.055381 0.0222865
v 0.0475875 0.055381 0.0222865
v 0.0499915 0.052549 0.0214885
v 0.0516695 0.050443 0.0190765
v 0.0508025 0.051091 0.0197685
v 0.0337065 0.059178 0.0045665
v 0.0323935 0.060786 0.0059405
v 0.0539095 0.049635 0.0207495
v 0.0520335 0.05093 0.0214195
v 0.0521015 0.051689 0.0228955
v 0.0517295 0.051737 0.0209495
v 0.0541715 0.050453 0.0222405
v 0.0531715 0.052327 0.0231255
v 0.0389615 0.05346 0.0005865
v 0.0426835 0.051495 0.0020805
v 0.0456175 0.057124 0.0217405
v 0.0407305 0.052945 0.0017935
v 0.0420635 0.052329 0.0031285
v 0.0446675 0.058002 0.0228135
v 0.0479675 0.056081 0.0220475
v 0.0458485 0.057579 0.0221185
v 0.0499245 0.054498 0.0223955
v 0.0468435 0.056858 0.0233985
v 0.0500845 0.053967 0.0234005
v 0.0500845 0.053967 0.0234005
v 0.0524755 0.052892 0.0242855
v 0.0515565 0.054778 0.0247405
v 0.0515565 0.054778 0.0247405
v 0.0498925 0.056925 0.0240215
v 0.0513375 0.057977 0.0257375
v 0.0478925 0.059549 0.0241045
v 0.0466285 0.061454 0.0238855
v 0.0496945 0.06138 0.0223925
v 0.0517055 0.060521 0.0225315
v 0.0504885 0.063088 0.0234695
v 0.0526105 0.058625 0.0224805
v 0.0515595 0.057628 0.0237695
v 0.0545685 0.059124 0.0232715
v 0.0531725 0.059542 0.0254065
v 0.0540435 0.059948 0.0242365
v 0.0521125 0.061523 0.0245595
v 0.0559085 0.049168 0.0231675
v 0.0603975 0.052883 0.0228295
v 0.0788565 0.013508 0.0231175
v 0.0504435 0.063294 0.0242375
v 0.0283685 0.075426 0.0241705
v 0.0784275 0.016526 0.0234725
v 0.0795425 0.014235 0.0237605
v 0.0772185 0.021654 0.0236405
v 0.0755995 0.027761 0.0239335
vt 0.44870800 0.31348700
vt 0.43487900 0.31196100
vt 0.43800800 0.30895300
vt 0.44630900 0.69955600
vt 0.44665200 0.70407400
vt 0.44376800 0.70054800
vt 0.44019200 0.69920000
vt 0.44119400 0.70461700
vt 0.36246300 0.35113700
vt 0.36373600 0.35781100
vt 0.35636900 0.35621700
vt 0.44509400 0.30008600
vt 0.43947300 0.29628300
vt 0.44199300 0.28993100
vt 0.43185100 0.30585100
vt 0.43603700 0.29995400
vt 0.43758400 0.70241900
vt 0.43670800 0.70831100
vt 0.43371600 0.70459100
vt 0.42917800 0.44348000
vt 0.41621200 0.44066700
vt 0.42308300 0.43882800
vt 0.40224200 0.37445200
vt 0.39913900 0.36959900
vt 0.40392900 0.36763700
vt 0.41383500 0.74515400
vt 0.41906300 0.74056000
vt 0.41815600 0.74415200
vt 0.40600400 0.36323100
vt 0.41116700 0.37126600
vt 0.42832500 0.66655400
vt 0.42398000 0.66863300
vt 0.42020000 0.66001800
vt 0.43187300 0.70067500
vt 0.49307600 0.70146200
vt 0.50410200 0.69901900
vt 0.49915600 0.70417300
vt 0.40999100 0.74133900
vt 0.49602800 0.69567800
vt 0.42088800 0.44886200
vt 0.43514400 0.29044800
vt 0.42620600 0.65877700
vt 0.43965800 0.71052800
vt 0.43061800 0.66408300
vt 0.35801200 0.33752200
vt 0.36520000 0.34292900
vt 0.43999400 0.69326600
vt 0.44270200 0.69666700
vt 0.35238300 0.34443100
vt 0.42864600 0.30059300
vt 0.50369000 0.71049700
vt 0.41680000 0.75266000
vt 0.42002700 0.74638700
vt 0.42123800 0.74968500
vt 0.41732100 0.36871600
vt 0.41868200 0.36500900
vt 0.41829200 0.66239900
vt 0.41863000 0.66901000
vt 0.50771500 0.70268500
vt 0.50989800 0.69660200
vt 0.40494100 0.34569400
vt 0.39928800 0.34260800
vt 0.40338500 0.33840000
vt 0.42379100 0.29698700
vt 0.42638700 0.28877300
vt 0.42996900 0.29090300
vt 0.34960700 0.34884500
vt 0.41186500 0.75093700
vt 0.46168100 0.48439600
vt 0.45505900 0.47464900
vt 0.47621600 0.36361600
vt 0.46351000 0.47349700
vt 0.45900700 0.71050000
vt 0.46525200 0.70866800
vt 0.46212200 0.71299000
vt 0.41742900 0.33367100
vt 0.41276600 0.34209800
vt 0.40823300 0.33490500
vt 0.42713300 0.28561300
vt 0.43345000 0.28394600
vt 0.46111900 0.71751900
vt 0.40988400 0.34992200
vt 0.46515200 0.37231900
vt 0.45295000 0.46238600
vt 0.46330200 0.36783900
vt 0.45844300 0.46709400
vt 0.46992400 0.36782900
vt 0.34566600 0.34058500
vt 0.46514200 0.36323000
vt 0.50817600 0.71115900
vt 0.51580200 0.71173400
vt 0.51241500 0.71607600
vt 0.34817000 0.35798800
vt 0.45593800 0.70360200
vt 0.45531800 0.71261300
vt 0.44724300 0.64752100
vt 0.45164200 0.65351000
vt 0.44619700 0.65309300
vt 0.40897400 0.74860200
vt 0.43719700 0.46274500
vt 0.43979700 0.45528200
vt 0.44673500 0.46724900
vt 0.44897200 0.70842700
vt 0.45264400 0.70771300
vt 0.45122000 0.71148700
vt 0.51421300 0.69948600
vt 0.44906000 0.45847000
vt 0.46140800 0.37506400
vt 0.45852900 0.37191600
vt 0.44821100 0.65618500
vt 0.44223800 0.65911800
vt 0.45506300 0.71750800
vt 0.45063900 0.71672700
vt 0.44258700 0.28042700
vt 0.44001600 0.45008400
vt 0.45371600 0.38089500
vt 0.43606200 0.27962600
vt 0.51178900 0.70652600
vt 0.51924400 0.70604200
vt 0.51893800 0.70098500
vt 0.44095000 0.65202100
vt 0.40816900 0.75729600
vt 0.33990300 0.34518800
vt 0.44387300 0.65194200
vt 0.40896900 0.32808100
vt 0.40224100 0.33308400
vt 0.33900700 0.35493500
vt 0.39981300 0.32680000
vt 0.50747600 0.70691800
vt 0.40131100 0.32003000
vt 0.40499700 0.31727500
vt 0.40667600 0.73170600
vt 0.41706400 0.72763200
vt 0.41449200 0.72975800
vt 0.43877200 0.65642500
vt 0.43520300 0.65393600
vt 0.47295400 0.72050600
vt 0.46799600 0.72492300
vt 0.46565000 0.72032300
vt 0.47165900 0.72493900
vt 0.40975700 0.73667000
vt 0.44298700 0.47279500
vt 0.46451400 0.72384200
vt 0.40803600 0.72844100
vt 0.41220500 0.72409600
vt 0.41792600 0.28227500
vt 0.42602300 0.27935900
vt 0.40745500 0.72414000
vt 0.39692000 0.33548100
vt 0.42238500 0.26856300
vt 0.41759800 0.27695400
vt 0.39479800 0.32860400
vt 0.41469000 0.26867200
vt 0.45751800 0.72928600
vt 0.46101200 0.72436600
vt 0.45423300 0.72288500
vt 0.40296600 0.72547600
vt 0.41638100 0.26353900
vt 0.52073900 0.72777900
vt 0.52594100 0.73740400
vt 0.51840200 0.73312200
vt 0.41330800 0.73735800
vt 0.52748200 0.73051000
vt 0.42031000 0.25928800
vt 0.42052000 0.73456700
vt 0.45358900 0.64208800
vt 0.45195900 0.64603000
vt 0.45165200 0.63903900
vt 0.36609900 0.36690700
vt 0.46486300 0.73127500
vt 0.40552600 0.73713400
vt 0.43460600 0.27266400
vt 0.43897200 0.26886600
vt 0.44529700 0.63979900
vt 0.44514500 0.64516700
vt 0.45955600 0.73150600
vt 0.44009200 0.64358900
vt 0.42818900 0.26373000
vt 0.43552800 0.26057600
vt 0.36204700 0.37681900
vt 0.35588600 0.36692900
vt 0.43602300 0.64950900
vt 0.43652500 0.64707200
vt 0.43150300 0.25533400
vt 0.42483500 0.25503800
vt 0.40000800 0.73131300
vt 0.43758200 0.25478200
vt 0.46787600 0.71383600
vt 0.54143900 0.71111600
vt 0.54669600 0.16251700
vt 0.54594000 0.15477600
vt 0.53947600 0.72007100
vt 0.53613000 0.71303000
vt 0.35169700 0.37185000
vt 0.44017100 0.63913600
vt 0.43237900 0.64078600
vt 0.42771600 0.27289800
vt 0.43278900 0.27666600
vt 0.40272700 0.73716100
vt 0.42633300 0.26642800
vt 0.40302100 0.35246400
vt 0.39577400 0.34523200
vt 0.39786400 0.35293100
vt 0.39295200 0.33807400
vt 0.51614000 0.72103600
vt 0.52251600 0.71323200
vt 0.44973800 0.72254900
vt 0.44583800 0.71515200
vt 0.45665600 0.48012200
vt 0.45174800 0.72606600
vt 0.44709900 0.72267700
vt 0.52344500 0.71817600
vt 0.51731300 0.72571500
vt 0.51413900 0.72385600
vt 0.40468700 0.74219400
vt 0.39917100 0.74184300
vt 0.45254000 0.48188600
vt 0.39061800 0.34868900
vt 0.52809700 0.71685000
vt 0.44932100 0.63144900
vt 0.44930100 0.63568800
vt 0.45730500 0.63289500
vt 0.38622500 0.34243200
vt 0.44667500 0.72662200
vt 0.52534200 0.70992300
vt 0.44381300 0.72108000
vt 0.46648200 0.49797400
vt 0.47518300 0.49699400
vt 0.49783900 0.35305500
vt 0.40647400 0.74395000
vt 0.43671000 0.72530800
vt 0.43894900 0.71904600
vt 0.44161100 0.72662300
vt 0.52567200 0.70369700
vt 0.45827200 0.49223400
vt 0.45356900 0.62440600
vt 0.45167400 0.62759600
vt 0.45028800 0.49025700
vt 0.44263200 0.71208400
vt 0.40338900 0.74749100
vt 0.53076700 0.71073700
vt 0.43858100 0.71506300
vt 0.39866200 0.73636200
vt 0.52765400 0.72374400
vt 0.53161400 0.71946900
vt 0.53195400 0.72677400
vt 0.34049000 0.36641300
vt 0.44733100 0.72840700
vt 0.45176900 0.73271200
vt 0.53903400 0.72749000
vt 0.54382300 0.14829800
vt 0.53319900 0.73034000
vt 0.54189000 0.14239900
vt 0.53875000 0.73378300
vt 0.39464200 0.73752600
vt 0.44596000 0.62335200
vt 0.44572400 0.62793600
vt 0.43683400 0.47796500
vt 0.43461400 0.47206900
vt 0.38757000 0.33250700
vt 0.37889100 0.33621100
vt 0.44236600 0.73493300
vt 0.44839500 0.73914400
vt 0.53374100 0.73395600
vt 0.52930300 0.73329300
vt 0.42149400 0.34186800
vt 0.41901600 0.34722900
vt 0.46064100 0.69870100
vt 0.44114600 0.48773300
vt 0.43550500 0.48368700
vt 0.44523900 0.48251800
vt 0.42322200 0.34964000
vt 0.42623200 0.34582400
vt 0.39429900 0.73185000
vt 0.43647600 0.63051900
vt 0.43601800 0.63489200
vt 0.43089700 0.63241600
vt 0.43291000 0.62842600
vt 0.46460100 0.70031200
vt 0.53766400 0.15553100
vt 0.51628400 0.24909100
vt 0.50883500 0.24487700
vt 0.51023400 0.23971700
vt 0.45020700 0.70323800
vt 0.45388500 0.69794000
vt 0.49958300 0.22740700
vt 0.50477400 0.23779800
vt 0.49634700 0.22666200
vt 0.44394400 0.63427700
vt 0.35040500 0.37851300
vt 0.50558400 0.23350400
vt 0.38900200 0.73620000
vt 0.51468200 0.23813400
vt 0.50692000 0.22971600
vt 0.51116300 0.22986600
vt 0.39592300 0.30534800
vt 0.39725700 0.29861800
vt 0.40236100 0.30530100
vt 0.50063400 0.22531000
vt 0.34068800 0.37419400
vt 0.50440800 0.22398000
vt 0.40264600 0.29459900
vt 0.38949900 0.73116100
vt 0.50014000 0.23412800
vt 0.38312300 0.73569800
vt 0.38423900 0.73216200
vt 0.51054800 0.22450200
vt 0.39149500 0.74389800
vt 0.49358100 0.23920100
vt 0.49478100 0.23528300
vt 0.50177500 0.24486800
vt 0.45646900 0.34084600
vt 0.45542900 0.33265800
vt 0.46379400 0.33259700
vt 0.38688300 0.74155400
vt 0.39689200 0.28402000
vt 0.40437300 0.27868000
vt 0.40328000 0.28468700
vt 0.39434300 0.27936500
vt 0.47180600 0.33493100
vt 0.46889600 0.34398500
vt 0.46619500 0.33928400
vt 0.46379900 0.34113400
vt 0.46567400 0.32597200
vt 0.39559400 0.29210500
vt 0.48508600 0.65472100
vt 0.48154200 0.66290700
vt 0.47942500 0.65463400
vt 0.39357100 0.28901000
vt 0.47495600 0.65795100
vt 0.49773000 0.74715900
vt 0.49284000 0.74754600
vt 0.49187300 0.74376700
vt 0.49764700 0.73979900
vt 0.48664600 0.74960600
vt 0.45328000 0.32421000
vt 0.45796300 0.32398900
vt 0.39874800 0.74748000
vt 0.44038500 0.63174700
vt 0.45001800 0.32193600
vt 0.44606600 0.32605000
vt 0.49815900 0.75532600
vt 0.49064700 0.75994100
vt 0.44104100 0.62836700
vt 0.50154100 0.74809200
vt 0.40287300 0.75338300
vt 0.49591800 0.68416000
vt 0.49085100 0.68888800
vt 0.49069400 0.68227100
vt 0.38784600 0.27454000
vt 0.38236900 0.27465600
vt 0.38504500 0.26717100
vt 0.44257300 0.32027800
vt 0.39615900 0.75475500
vt 0.40174300 0.27251400
vt 0.49585000 0.69059900
vt 0.51081300 0.74806100
vt 0.50951800 0.75595400
vt 0.50364700 0.75182700
vt 0.44991500 0.30713400
vt 0.39166200 0.27539100
vt 0.39394400 0.26717900
vt 0.38941900 0.26501600
vt 0.50021800 0.68633200
vt 0.38916800 0.74884000
vt 0.40104600 0.26740700
vt 0.40556100 0.46671800
vt 0.41369700 0.46724600
vt 0.40855800 0.47437900
vt 0.41445900 0.47928100
vt 0.39421600 0.75050600
vt 0.45713000 0.31449500
vt 0.51201600 0.76127300
vt 0.55306000 0.10841400
vt 0.51289700 0.75315900
vt 0.51716200 0.75795600
vt 0.55049000 0.11277100
vt 0.46199000 0.31907300
vt 0.45501400 0.30208300
vt 0.45441500 0.30846000
vt 0.39026900 0.75379200
vt 0.41082300 0.64381700
vt 0.40693100 0.64433600
vt 0.40168500 0.64018100
vt 0.38718800 0.28143900
vt 0.40540100 0.63842800
vt 0.50296200 0.76120300
vt 0.49803500 0.76084900
vt 0.39856200 0.75571900
vt 0.40940000 0.48309000
vt 0.50407100 0.68060000
vt 0.50101000 0.68321400
vt 0.50180400 0.67555600
vt 0.39979100 0.47601500
vt 0.40178200 0.48393500
vt 0.39268500 0.75830000
vt 0.50717900 0.76785100
vt 0.55314100 0.10178100
vt 0.55347700 0.09855100
vt 0.50456900 0.77077000
vt 0.49770100 0.76603300
vt 0.43015600 0.45006500
vt 0.42466600 0.45540000
vt 0.48736600 0.67822500
vt 0.49572600 0.67710800
vt 0.39248400 0.31520500
vt 0.38665300 0.31028700
vt 0.39314400 0.31053300
vt 0.49380400 0.67114300
vt 0.39136900 0.31984100
vt 0.42558500 0.46423000
vt 0.43274800 0.45871100
vt 0.44681300 0.74827300
vt 0.45286500 0.74305900
vt 0.40118200 0.31040600
vt 0.41178500 0.30907800
vt 0.46460700 0.30675400
vt 0.46237200 0.29814200
vt 0.36899700 0.32478300
vt 0.37960500 0.32596300
vt 0.37445300 0.32962700
vt 0.37774800 0.31990200
vt 0.47536900 0.29913100
vt 0.47212200 0.30588300
vt 0.37355900 0.31315800
vt 0.42252600 0.65042300
vt 0.42654700 0.65043000
vt 0.42280700 0.65655600
vt 0.36669400 0.31574700
vt 0.46583300 0.73969100
vt 0.47015100 0.73947200
vt 0.46964700 0.72897100
vt 0.46129600 0.73611500
vt 0.43057300 0.64765400
vt 0.42308800 0.64616600
vt 0.42648200 0.64004200
vt 0.46997500 0.32390000
vt 0.46366900 0.31632800
vt 0.47070900 0.31218100
vt 0.45394600 0.74779000
vt 0.50221300 0.66015800
vt 0.50240400 0.66624000
vt 0.49684900 0.66616700
vt 0.47914700 0.30958900
vt 0.46994400 0.74694700
vt 0.44775800 0.75423500
vt 0.45387700 0.75100200
vt 0.50470200 0.65490900
vt 0.50691700 0.66347000
vt 0.47335800 0.72967600
vt 0.47338200 0.73291700
vt 0.47637300 0.73780400
vt 0.36775800 0.33548700
vt 0.50811300 0.67180400
vt 0.50917100 0.66732200
vt 0.50517600 0.67511500
vt 0.38790100 0.30046400
vt 0.39081100 0.30317200
vt 0.44310000 0.75502300
vt 0.51265400 0.66463000
vt 0.51003300 0.65421300
vt 0.38400400 0.30452700
vt 0.46830200 0.75397100
vt 0.47330900 0.75073900
vt 0.37864300 0.29768500
vt 0.35843900 0.32879800
vt 0.47968500 0.75992000
vt 0.47321600 0.75674100
vt 0.48161800 0.75336200
vt 0.47788800 0.75081400
vt 0.47802700 0.74520700
vt 0.43366700 0.65768900
vt 0.48123400 0.67021400
vt 0.48702400 0.66851600
vt 0.48290300 0.67229800
vt 0.48751300 0.66268300
vt 0.48990300 0.66533200
vt 0.46128900 0.75478100
vt 0.46047200 0.76142900
vt 0.45357700 0.76144700
vt 0.36695100 0.30645200
vt 0.45789200 0.76618800
vt 0.43507300 0.66085800
vt 0.43058200 0.65620600
vt 0.48565100 0.67492200
vt 0.47959300 0.73423700
vt 0.48127400 0.73928700
vt 0.36095700 0.31028400
vt 0.38690400 0.28794300
vt 0.35936100 0.30215100
vt 0.48396300 0.74767700
vt 0.48812600 0.74068400
vt 0.48662700 0.73541700
vt 0.45637200 0.75445400
vt 0.49294300 0.66154800
vt 0.38576000 0.31966200
vt 0.49530900 0.65700400
vt 0.49726200 0.65935000
vt 0.46376800 0.74598900
vt 0.37930700 0.31281300
vt 0.39086700 0.32568700
vt 0.48810100 0.65655500
vt 0.45054800 0.76753900
vt 0.45942100 0.74385800
vt 0.45935400 0.74000400
vt 0.44788200 0.76319700
vt 0.45524400 0.73724100
vt 0.41883300 0.65086400
vt 0.41787500 0.45571300
vt 0.35611700 0.31970700
vt 0.41647100 0.65739500
vt 0.45937800 0.74917300
vt 0.44312000 0.76046400
vt 0.41077400 0.44898900
vt 0.41226400 0.66175800
vt 0.48802900 0.30953100
vt 0.48195800 0.30419700
vt 0.48679000 0.29664100
vt 0.41382500 0.65372600
vt 0.38119400 0.30675300
vt 0.51521800 0.64264200
vt 0.51987400 0.64827300
vt 0.51499800 0.64800200
vt 0.41103200 0.65470200
vt 0.41121900 0.45949700
vt 0.41847800 0.46425400
vt 0.46537100 0.75062100
vt 0.50599200 0.31538500
vt 0.49555100 0.30797600
vt 0.50375100 0.30726100
vt 0.51177000 0.62621600
vt 0.50696500 0.62973700
vt 0.50319800 0.62576200
vt 0.37728500 0.30725200
vt 0.49533500 0.30041300
vt 0.51183900 0.63289400
vt 0.51112500 0.63997100
vt 0.50801300 0.63935700
vt 0.43799100 0.76294500
vt 0.44097200 0.76542100
vt 0.37376300 0.29961500
vt 0.46637600 0.76044200
vt 0.49197000 0.29032600
vt 0.52476500 0.64160500
vt 0.52114400 0.63811800
vt 0.35201700 0.30593500
vt 0.50032600 0.28876200
vt 0.51656700 0.63366000
vt 0.51267000 0.64203900
vt 0.44138000 0.77096700
vt 0.44554700 0.77075800
vt 0.34920200 0.30947200
vt 0.40743300 0.65072200
vt 0.50305100 0.30036700
vt 0.41199100 0.64715700
vt 0.40788100 0.64846400
vt 0.40266200 0.46138600
vt 0.43506500 0.76980200
vt 0.46352000 0.76629800
vt 0.38031300 0.28827600
vt 0.38059800 0.29485100
vt 0.52345600 0.63008800
vt 0.34550000 0.31932200
vt 0.37625400 0.29002100
vt 0.37786300 0.28096100
vt 0.36872900 0.28106400
vt 0.43490900 0.76615600
vt 0.37484100 0.27505200
vt 0.47697800 0.34286900
vt 0.48555000 0.34402200
vt 0.47777900 0.34877000
vt 0.47969800 0.35472800
vt 0.48848700 0.35474800
vt 0.47312900 0.48644300
vt 0.43650300 0.77615700
vt 0.47633200 0.33549400
vt 0.47745600 0.32701500
vt 0.37280500 0.29071300
vt 0.48513800 0.64586400
vt 0.48600600 0.64911400
vt 0.48214600 0.65086300
vt 0.47777200 0.76917900
vt 0.47449900 0.76414700
vt 0.35856400 0.29222900
vt 0.36702500 0.29216700
vt 0.36580100 0.30016400
vt 0.47338200 0.34989600
vt 0.47377800 0.65038100
vt 0.48133800 0.76794000
vt 0.48009600 0.77433700
vt 0.47335100 0.77073700
vt 0.46950600 0.76862900
vt 0.47483200 0.77435000
vt 0.47976800 0.64715700
vt 0.47403100 0.64605300
vt 0.42531400 0.47304700
vt 0.35018000 0.28797700
vt 0.35304500 0.27976900
vt 0.35852600 0.28479800
vt 0.46879400 0.77931300
vt 0.47370900 0.77957700
vt 0.47192700 0.78595500
vt 0.48471100 0.33539600
vt 0.46427400 0.78229100
vt 0.35563600 0.27458400
vt 0.36294300 0.27710000
vt 0.36219600 0.28218200
vt 0.48274100 0.32643300
vt 0.46152100 0.78861100
vt 0.42059200 0.64086700
vt 0.48167000 0.63566000
vt 0.48630300 0.77186600
vt 0.48327000 0.77714900
vt 0.47951800 0.78153100
vt 0.48981400 0.32773500
vt 0.49039900 0.64172200
vt 0.48692300 0.63728300
vt 0.47371100 0.79168500
vt 0.46606200 0.79059300
vt 0.36715800 0.27283900
vt 0.42518200 0.47825700
vt 0.42433300 0.48657700
vt 0.48524800 0.78018300
vt 0.49011700 0.77745600
vt 0.55627300 0.08406700
vt 0.49094000 0.78287700
vt 0.42971000 0.63490300
vt 0.47867600 0.78622600
vt 0.55714300 0.07804100
vt 0.48460300 0.78833900
vt 0.42513300 0.63516700
vt 0.47487500 0.64102300
vt 0.46976600 0.64538400
vt 0.42730200 0.62987100
vt 0.34922000 0.29581100
vt 0.48976600 0.63656900
vt 0.34780500 0.27769000
vt 0.42247000 0.63114800
vt 0.49027900 0.33525500
vt 0.49527400 0.33106800
vt 0.49152600 0.63335700
vt 0.41786800 0.63501900
vt 0.41731100 0.63832500
vt 0.49943600 0.33944700
vt 0.49485000 0.34072100
vt 0.38514700 0.29044300
vt 0.46354200 0.79411700
vt 0.41983500 0.48384100
vt 0.34243600 0.28674200
vt 0.49828400 0.32057600
vt 0.49208200 0.31988500
vt 0.50449800 0.32566400
vt 0.48883800 0.62893000
vt 0.48708900 0.63084400
vt 0.45438000 0.79349100
vt 0.45803200 0.79589200
vt 0.46246500 0.79838900
vt 0.48372100 0.76122900
vt 0.48702000 0.75599400
vt 0.49712600 0.62807600
vt 0.38297000 0.29403700
vt 0.48730400 0.62495200
vt 0.41559300 0.64477500
vt 0.46898700 0.63581100
vt 0.47179700 0.63576800
vt 0.49250400 0.34575800
vt 0.47256200 0.62985900
vt 0.47690100 0.63286500
vt 0.48408700 0.76682900
vt 0.48793700 0.76562800
vt 0.41293500 0.64053100
vt 0.48235600 0.50454800
vt 0.50308500 0.34597900
vt 0.46350500 0.77077200
vt 0.47460100 0.62082200
vt 0.47801700 0.62657200
vt 0.45461000 0.77069100
vt 0.46431400 0.63293900
vt 0.46612100 0.62754800
vt 0.49228000 0.76650900
vt 0.45712500 0.77892300
vt 0.46476500 0.77488500
vt 0.45622700 0.77332500
vt 0.37966700 0.26975200
vt 0.49684700 0.77345600
vt 0.49089000 0.77145200
vt 0.41561800 0.63048600
vt 0.41068500 0.63678800
vt 0.45057100 0.77594200
vt 0.40881400 0.41339400
vt 0.40959400 0.40570000
vt 0.41270900 0.38806400
vt 0.41517600 0.41039300
vt 0.41899000 0.38509400
vt 0.41079400 0.42226800
vt 0.41800600 0.42079500
vt 0.42736900 0.38773500
vt 0.42380700 0.68715400
vt 0.42136600 0.68856400
vt 0.41752000 0.68610100
vt 0.40198000 0.41738700
vt 0.47949400 0.31703500
vt 0.46976000 0.76363200
vt 0.44860100 0.78199700
vt 0.40099200 0.40552300
vt 0.50034900 0.65312200
vt 0.45139000 0.78750100
vt 0.41340500 0.68953900
vt 0.41647800 0.69494100
vt 0.49313000 0.64499800
vt 0.49724200 0.65146400
vt 0.49093300 0.65093600
vt 0.48452800 0.31957700
vt 0.45622800 0.78692100
vt 0.41482400 0.68437100
vt 0.42521100 0.31025000
vt 0.41675900 0.31029400
vt 0.42363300 0.30483800
vt 0.40946000 0.68903900
vt 0.41687100 0.30198800
vt 0.49020400 0.71492600
vt 0.49613000 0.71130800
vt 0.49497900 0.71809300
vt 0.49664600 0.63923300
vt 0.49719900 0.64389700
vt 0.48779800 0.72536400
vt 0.41273200 0.43073200
vt 0.39931200 0.42337200
vt 0.40567300 0.43486700
vt 0.41855200 0.67749800
vt 0.41153100 0.68054500
vt 0.50029500 0.64469000
vt 0.50314000 0.65046400
vt 0.50310900 0.64248500
vt 0.40924400 0.67445800
vt 0.41599400 0.67312100
vt 0.41528800 0.29372200
vt 0.40878600 0.29547700
vt 0.41287200 0.28959900
vt 0.40880800 0.28834600
vt 0.49585800 0.72863200
vt 0.50076300 0.72940200
vt 0.50485800 0.73278600
vt 0.42042300 0.68011100
vt 0.50733400 0.65578000
vt 0.41875200 0.28905400
vt 0.34025600 0.29879000
vt 0.41878100 0.29587400
vt 0.40956600 0.30253400
vt 0.39436300 0.41653200
vt 0.40710600 0.68260500
vt 0.49889400 0.71924300
vt 0.49103600 0.72756800
vt 0.50435400 0.72196100
vt 0.44401200 0.77615200
vt 0.50917300 0.64659600
vt 0.50815200 0.64964900
vt 0.51544000 0.65357600
vt 0.43872400 0.78253900
vt 0.47619100 0.72753600
vt 0.48102900 0.72188100
vt 0.48027800 0.72589300
vt 0.47872200 0.71867300
vt 0.38279600 0.42349900
vt 0.38814500 0.41842200
vt 0.39021200 0.42666300
vt 0.38989900 0.40819200
vt 0.33783000 0.30875400
vt 0.48213100 0.72889700
vt 0.48404900 0.73120500
vt 0.48553100 0.72058700
vt 0.40229200 0.68722400
vt 0.40516600 0.69081000
vt 0.40173600 0.69338100
vt 0.43037900 0.77925200
vt 0.43117800 0.77301700
vt 0.39456300 0.40209900
vt 0.42032300 0.31725300
vt 0.41354000 0.31991200
vt 0.40762200 0.69458000
vt 0.43940100 0.78559700
vt 0.47797700 0.71488600
vt 0.50063900 0.63596900
vt 0.48574200 0.71412700
vt 0.48006200 0.71121800
vt 0.38289000 0.41412600
vt 0.39695200 0.69470100
vt 0.39825800 0.69064200
vt 0.49495800 0.63468500
vt 0.44438700 0.79277000
vt 0.49210800 0.73320800
vt 0.44846900 0.79638300
vt 0.45726100 0.79971800
vt 0.44831300 0.80117300
vt 0.40110600 0.68149300
vt 0.33440200 0.28670700
vt 0.49459400 0.73749700
vt 0.44288300 0.79041400
vt 0.39696400 0.68423800
vt 0.46856900 0.28920700
vt 0.46214200 0.28252200
vt 0.46632300 0.27660200
vt 0.47440700 0.27755600
vt 0.46813900 0.26906600
vt 0.39305200 0.68921200
vt 0.53385200 0.67598700
vt 0.54087900 0.66952000
vt 0.53976700 0.67470500
vt 0.40876100 0.44171600
vt 0.42609800 0.31486000
vt 0.45338200 0.27107200
vt 0.45628200 0.26752000
vt 0.46198200 0.26381000
vt 0.46204900 0.27490500
vt 0.41046800 0.66916400
vt 0.41324600 0.66963600
vt 0.49046000 0.70769200
vt 0.39691100 0.43520600
vt 0.44389000 0.79999700
vt 0.54448600 0.67681700
vt 0.54693600 0.68424400
vt 0.54259200 0.68903900
vt 0.53880300 0.68382300
vt 0.45523500 0.25613000
vt 0.54382500 0.69218800
vt 0.46699500 0.25285400
vt 0.46887900 0.26153700
vt 0.40467700 0.67273300
vt 0.40316700 0.67693100
vt 0.48547600 0.70830900
vt 0.40106100 0.44128000
vt 0.43293900 0.78307700
vt 0.53708300 0.67887900
vt 0.40579800 0.66727200
vt 0.40724400 0.66488700
vt 0.55136700 0.67877500
vt 0.55029500 0.67287900
vt 0.48742500 0.69801500
vt 0.43092000 0.78747600
vt 0.54163600 0.18479800
vt 0.55099200 0.68828700
vt 0.54093600 0.17869100
vt 0.55107500 0.69431800
vt 0.54698500 0.69452300
vt 0.46107800 0.25397200
vt 0.32865100 0.29981900
vt 0.44997000 0.25486000
vt 0.45130400 0.24743400
vt 0.40203100 0.66705800
vt 0.53532600 0.17292400
vt 0.53443300 0.17686500
vt 0.42426300 0.78371400
vt 0.50650200 0.71485000
vt 0.33130000 0.31968900
vt 0.42776700 0.77901000
vt 0.50826700 0.72493000
vt 0.45942200 0.24245100
vt 0.32713900 0.31247700
vt 0.41138700 0.27990500
vt 0.40796300 0.27409900
vt 0.42147600 0.67446600
vt 0.57457400 0.02842300
vt 0.53879400 0.19224300
vt 0.55468500 0.68164300
vt 0.55294900 0.67920000
vt 0.57283800 0.02597900
vt 0.53340900 0.18530500
vt 0.53629400 0.18333700
vt 0.53652700 0.18344800
vt 0.53592800 0.18315100
vt 0.53023400 0.18832200
vt 0.53139800 0.18075400
vt 0.42578200 0.78933500
vt 0.45670700 0.28813200
vt 0.50757200 0.68359200
vt 0.51107000 0.67805400
vt 0.44868300 0.28942200
vt 0.43557700 0.79155900
vt 0.50994800 0.73386800
vt 0.50719400 0.73964300
vt 0.51189400 0.74116800
vt 0.50167800 0.73959700
vt 0.33422600 0.29691900
vt 0.51469700 0.68000900
vt 0.51314600 0.68773000
vt 0.51789100 0.68451400
vt 0.43842300 0.79814800
vt 0.51040700 0.72952900
vt 0.39219900 0.43537000
vt 0.45178600 0.28259300
vt 0.32781400 0.28873000
vt 0.39887800 0.67837300
vt 0.43968400 0.80287900
vt 0.39991700 0.67317100
vt 0.38733400 0.43674800
vt 0.32244200 0.29439200
vt 0.52167300 0.68023800
vt 0.52200100 0.68821700
vt 0.52558100 0.68458200
vt 0.37875300 0.43165400
vt 0.51563300 0.69118100
vt 0.43433500 0.80459400
vt 0.43231300 0.79633900
vt 0.42993200 0.80094800
vt 0.52863000 0.68839900
vt 0.52485800 0.69268200
vt 0.40654700 0.26644400
vt 0.41043400 0.25936400
vt 0.40854700 0.27043300
vt 0.39260700 0.67605600
vt 0.38942900 0.68077300
vt 0.40151900 0.26190400
vt 0.52157300 0.69759200
vt 0.31864200 0.28600700
vt 0.40356700 0.27508400
vt 0.52910300 0.69112300
vt 0.50434800 0.68844300
vt 0.51723200 0.74042100
vt 0.52015500 0.74452000
vt 0.39584800 0.44359700
vt 0.38771200 0.44793100
vt 0.42553200 0.79402700
vt 0.52340600 0.75138200
vt 0.54828600 0.12042400
vt 0.39256900 0.67186600
vt 0.39393500 0.66770000
vt 0.39840500 0.66805200
vt 0.50955300 0.68858400
vt 0.37942200 0.44008500
vt 0.42601900 0.80249000
vt 0.38613800 0.67612300
vt 0.42824200 0.80614100
vt 0.32000200 0.30096300
vt 0.54663900 0.12537000
vt 0.52754600 0.74721900
vt 0.31283100 0.29124200
vt 0.37499200 0.41912400
vt 0.36726400 0.42185800
vt 0.36797300 0.41805300
vt 0.42197400 0.79160200
vt 0.42301000 0.79944600
vt 0.39316300 0.68598800
vt 0.38879500 0.68729700
vt 0.51907000 0.67462900
vt 0.52203800 0.67145000
vt 0.31645500 0.30915900
vt 0.41314600 0.79481300
vt 0.37317100 0.42691700
vt 0.51518600 0.67187800
vt 0.38194900 0.68975300
vt 0.38801200 0.69102300
vt 0.38380100 0.69567000
vt 0.38331800 0.68657600
vt 0.41838000 0.80381700
vt 0.38417300 0.68251200
vt 0.36762700 0.42575200
vt 0.42994400 0.70985700
vt 0.43063800 0.71277600
vt 0.42833000 0.70497300
vt 0.41421400 0.79901600
vt 0.39533700 0.37372200
vt 0.39341800 0.36431900
vt 0.51864600 0.66607000
vt 0.51550200 0.65962000
vt 0.39620400 0.35767100
vt 0.31090600 0.29754900
vt 0.38795600 0.35473300
vt 0.43313900 0.71617000
vt 0.52112100 0.66349400
vt 0.52737100 0.67195500
vt 0.39224200 0.69399100
vt 0.37885200 0.41102200
vt 0.42817400 0.71872600
vt 0.38618100 0.36623000
vt 0.38798200 0.69434700
vt 0.42611200 0.71638800
vt 0.42615000 0.71044400
vt 0.52716800 0.68052200
vt 0.41434900 0.80540300
vt 0.39101800 0.69833300
vt 0.39663100 0.69808800
vt 0.39992300 0.70314400
vt 0.39150600 0.70302200
vt 0.38187400 0.37239300
vt 0.37442000 0.36558500
vt 0.44506100 0.74365300
vt 0.44177300 0.74066100
vt 0.40036000 0.39247000
vt 0.39840300 0.38560100
vt 0.40627700 0.38208700
vt 0.44047500 0.74576800
vt 0.52832900 0.68415700
vt 0.37474600 0.41021600
vt 0.53435800 0.68501000
vt 0.53143500 0.68141700
vt 0.38809600 0.69915400
vt 0.42968100 0.69519400
vt 0.42786300 0.70087100
vt 0.42475800 0.69890400
vt 0.36871800 0.40982900
vt 0.42322000 0.70517000
vt 0.42071000 0.69890400
vt 0.42105600 0.70294300
vt 0.38360000 0.70231200
vt 0.53129000 0.66725200
vt 0.43682500 0.75025600
vt 0.39287300 0.39453700
vt 0.43423300 0.74950000
vt 0.44925900 0.26218100
vt 0.44906200 0.27054000
vt 0.41778100 0.71149100
vt 0.38958800 0.38202700
vt 0.44100800 0.75219500
vt 0.52674000 0.69803700
vt 0.43803100 0.75549100
vt 0.41554500 0.70664900
vt 0.53024500 0.70157500
vt 0.53197100 0.69343700
vt 0.40580400 0.38600600
vt 0.42341700 0.69520600
vt 0.41643500 0.38103200
vt 0.43403900 0.74239400
vt 0.42849200 0.74737800
vt 0.53522800 0.70599000
vt 0.36332600 0.41730000
vt 0.35756200 0.42022600
vt 0.36162100 0.42278500
vt 0.37927900 0.69215800
vt 0.53717400 0.69825400
vt 0.54013900 0.70468000
vt 0.42845000 0.69272200
vt 0.42867300 0.75255200
vt 0.41659400 0.70024200
vt 0.37438000 0.69077100
vt 0.37927700 0.69488100
vt 0.37512100 0.69658300
vt 0.41357800 0.70113600
vt 0.41314500 0.69757100
vt 0.43541900 0.75944100
vt 0.53940100 0.69358100
vt 0.37656300 0.68776700
vt 0.37933300 0.68437200
vt 0.43129500 0.75533400
vt 0.35879900 0.42618100
vt 0.36608300 0.42900400
vt 0.42050400 0.71339700
vt 0.37058900 0.69500400
vt 0.35064700 0.42666800
vt 0.42431000 0.72121800
vt 0.38541700 0.39456300
vt 0.44371400 0.24779800
vt 0.44280500 0.25830800
vt 0.40966100 0.70462300
vt 0.41032700 0.71019800
vt 0.35095600 0.33128800
vt 0.41228100 0.71263300
vt 0.54452200 0.70266900
vt 0.54576000 0.16994700
vt 0.42943200 0.76058500
vt 0.38134500 0.38581300
vt 0.54127400 0.16277600
vt 0.42173900 0.75408000
vt 0.37895200 0.69920500
vt 0.36108700 0.40784100
vt 0.40842500 0.69770700
vt 0.42496600 0.74473000
vt 0.38560400 0.70903700
vt 0.36455200 0.40066900
vt 0.54438100 0.69801800
vt 0.40748000 0.70259600
vt 0.40424400 0.70808300
vt 0.40361300 0.70522700
vt 0.40344700 0.69840400
vt 0.43024500 0.76649400
vt 0.35437100 0.41137000
vt 0.37232100 0.38467000
vt 0.37510500 0.39549600
vt 0.40447800 0.71579100
vt 0.42519200 0.76211800
vt 0.42870200 0.77236100
vt 0.37534800 0.70416000
vt 0.35362300 0.40417400
vt 0.37342600 0.37492900
vt 0.38174700 0.70670500
vt 0.37734300 0.71123600
vt 0.41027400 0.71854600
vt 0.41474400 0.72010700
vt 0.41850500 0.71940300
vt 0.48186800 0.28936700
vt 0.42223000 0.75839700
vt 0.41912100 0.72432300
vt 0.47972400 0.28135200
vt 0.36990000 0.69952900
vt 0.41855500 0.75907100
vt 0.41824800 0.76716600
vt 0.48652300 0.27954800
vt 0.33906100 0.33336100
vt 0.52737400 0.64918100
vt 0.52266800 0.65292500
vt 0.52172800 0.65113900
vt 0.47756900 0.26980500
vt 0.38184900 0.34487900
vt 0.43725400 0.72980900
vt 0.37891800 0.35091500
vt 0.37307500 0.44032700
vt 0.37317900 0.43158800
vt 0.41158900 0.75566100
vt 0.52696800 0.65558500
vt 0.52990500 0.66153000
vt 0.52599700 0.65873500
vt 0.43476300 0.72110200
vt 0.41336100 0.76255800
vt 0.36696400 0.43758500
vt 0.53255600 0.66425200
vt 0.38190000 0.67895400
vt 0.37875200 0.67864300
vt 0.54123100 0.66267000
vt 0.53764100 0.65920900
vt 0.43064100 0.72389000
vt 0.37786000 0.35736000
vt 0.48802600 0.26744200
vt 0.53911400 0.65465600
vt 0.42579200 0.72579000
vt 0.42888900 0.73058600
vt 0.49592100 0.27004300
vt 0.49198900 0.27632500
vt 0.43078800 0.73430900
vt 0.38289700 0.67321300
vt 0.38564300 0.66600000
vt 0.49388800 0.26041400
vt 0.50202600 0.28228000
vt 0.37244700 0.34644000
vt 0.50513700 0.27356100
vt 0.50062400 0.26799200
vt 0.44175400 0.73114800
vt 0.49919700 0.25696800
vt 0.33998300 0.32627100
vt 0.50493200 0.26617400
vt 0.42224200 0.76861300
vt 0.43655700 0.73638100
vt 0.42401100 0.77283100
vt 0.37955600 0.67246600
vt 0.53224000 0.63871500
vt 0.53839400 0.64532600
vt 0.53131100 0.65063900
vt 0.37268500 0.67397600
vt 0.37507100 0.67196600
vt 0.37434500 0.67852800
vt 0.36100100 0.43666600
vt 0.37494000 0.68386000
vt 0.42988600 0.74216500
vt 0.54359900 0.65134300
vt 0.53519100 0.65436500
vt 0.41203000 0.77078500
vt 0.35761100 0.43203700
vt 0.35325900 0.42998000
vt 0.54412200 0.23727300
vt 0.54611400 0.64110100
vt 0.42047600 0.77434200
vt 0.41857800 0.78079500
vt 0.42228000 0.72917500
vt 0.35441200 0.43728100
vt 0.36497300 0.68588000
vt 0.37032600 0.68694500
vt 0.36901800 0.35693300
vt 0.36492300 0.69068500
vt 0.47493700 0.25311300
vt 0.47863300 0.24413800
vt 0.48332500 0.25131200
vt 0.41416800 0.77950700
vt 0.36435300 0.44456300
vt 0.41222900 0.76736700
vt 0.37029400 0.67983200
vt 0.54866700 0.66896200
vt 0.48320500 0.25895000
vt 0.40428700 0.75772400
vt 0.40626900 0.76383700
vt 0.35723800 0.44078200
vt 0.36795400 0.67802500
vt 0.40065200 0.76226200
vt 0.33175400 0.34020100
vt 0.42375700 0.73834100
vt 0.42852100 0.73869900
vt 0.55321400 0.67906100
vt 0.54050900 0.19488100
vt 0.55341800 0.67894500
vt 0.57330700 0.02572500
vt 0.54066600 0.19539900
vt 0.55330300 0.67832300
vt 0.54079200 0.19515700
vt 0.55352900 0.67849900
vt 0.46835100 0.23891300
vt 0.39456900 0.45302200
vt 0.39291700 0.45947800
vt 0.33334800 0.34705600
vt 0.49028900 0.25977600
vt 0.39545700 0.65353700
vt 0.39827500 0.66030900
vt 0.39507700 0.65827900
vt 0.49238100 0.25332800
vt 0.38630400 0.45558600
vt 0.49705100 0.25170800
vt 0.50451800 0.25581300
vt 0.38148800 0.44779000
vt 0.39905100 0.76879000
vt 0.40289900 0.77059900
vt 0.39127900 0.65597600
vt 0.39157200 0.66091200
vt 0.39241400 0.76666100
vt 0.48862600 0.23437900
vt 0.48779000 0.24181900
vt 0.48379000 0.23246800
vt 0.38860400 0.46060700
vt 0.33110400 0.32594100
vt 0.53339700 0.21796800
vt 0.52837600 0.20909900
vt 0.53395500 0.21334100
vt 0.48205100 0.23901500
vt 0.38596000 0.65637900
vt 0.37787700 0.40481200
vt 0.37694900 0.45765700
vt 0.49852500 0.24516500
vt 0.49309400 0.24431600
vt 0.39936900 0.70821000
vt 0.41159500 0.77460500
vt 0.38311400 0.66224900
vt 0.39623800 0.70878800
vt 0.39140200 0.70632900
vt 0.38172900 0.46366100
vt 0.52222600 0.22586300
vt 0.52164800 0.22098800
vt 0.52954000 0.22471900
vt 0.38183200 0.65467900
vt 0.39817000 0.71324900
vt 0.51711000 0.22179200
vt 0.51666400 0.21520900
vt 0.52592800 0.21945200
vt 0.32296900 0.33240100
vt 0.31756100 0.32180300
vt 0.36386200 0.38967100
vt 0.52107800 0.21450500
vt 0.51616600 0.20825400
vt 0.39842300 0.64345600
vt 0.40257000 0.64646400
vt 0.39629900 0.64695900
vt 0.40215000 0.65344900
vt 0.38986200 0.71189500
vt 0.39280600 0.71665900
vt 0.39571100 0.71808300
vt 0.51207900 0.65902200
vt 0.38743700 0.46912500
vt 0.39806800 0.46844100
vt 0.40621000 0.77386800
vt 0.38760000 0.40351900
vt 0.39375100 0.64433400
vt 0.39263700 0.64840700
vt 0.39851100 0.77404500
vt 0.39944700 0.77946200
vt 0.39986400 0.72037800
vt 0.40599200 0.78108800
vt 0.41167600 0.78207100
vt 0.44911100 0.37297400
vt 0.39476800 0.63946700
vt 0.39904900 0.63734900
vt 0.44731300 0.66020500
vt 0.44418400 0.66524900
vt 0.45331200 0.36613400
vt 0.39125300 0.47540300
vt 0.39187200 0.72209500
vt 0.39310700 0.72387800
vt 0.32912900 0.35591900
vt 0.39564600 0.72737500
vt 0.39612400 0.76260200
vt 0.42178100 0.38212700
vt 0.42506300 0.37638400
vt 0.43165600 0.38275100
vt 0.39087900 0.64173700
vt 0.43564700 0.38570900
vt 0.42516300 0.42976200
vt 0.43626600 0.37886200
vt 0.43135500 0.43906800
vt 0.44401200 0.38442100
vt 0.38556000 0.71500500
vt 0.38859800 0.72068000
vt 0.35628600 0.39448000
vt 0.44023100 0.37740300
vt 0.43535600 0.67362500
vt 0.43269800 0.67818500
vt 0.42797900 0.67366900
vt 0.35804000 0.38477100
vt 0.42937400 0.67925500
vt 0.42141700 0.43239900
vt 0.38817400 0.65157200
vt 0.42858100 0.68192700
vt 0.42557600 0.67844200
vt 0.42646300 0.68549900
vt 0.41999600 0.78609000
vt 0.38540000 0.64873900
vt 0.38837500 0.64431900
vt 0.44712300 0.37830300
vt 0.38960700 0.72791300
vt 0.41362900 0.78925900
vt 0.43691600 0.66465600
vt 0.44118400 0.66641200
vt 0.43578100 0.66723700
vt 0.34887200 0.38731500
vt 0.38616200 0.72557700
vt 0.37977100 0.46994800
vt 0.37265900 0.46438100
vt 0.38461700 0.65131700
vt 0.34125800 0.38251600
vt 0.38170100 0.72783600
vt 0.38148100 0.65084500
vt 0.40895500 0.79009900
vt 0.40391900 0.78927300
vt 0.38229500 0.64427500
vt 0.37894600 0.64732600
vt 0.38078700 0.47810500
vt 0.38512800 0.64435800
vt 0.37305100 0.47477900
vt 0.40919100 0.80109400
vt 0.40405100 0.45155400
vt 0.43857100 0.34440000
vt 0.43810400 0.34011200
vt 0.44698800 0.33777800
vt 0.40463400 0.65654600
vt 0.44944200 0.35307000
vt 0.44345400 0.34654100
vt 0.40340100 0.66042700
vt 0.47478100 0.66824900
vt 0.47476300 0.67583600
vt 0.46979800 0.67202500
vt 0.46807600 0.67794300
vt 0.46353500 0.67210400
vt 0.47177300 0.67850800
vt 0.44984700 0.35879800
vt 0.44268500 0.35874700
vt 0.43408600 0.36199000
vt 0.43689400 0.35362000
vt 0.45628800 0.67408200
vt 0.45597200 0.67931900
vt 0.45206200 0.68221000
vt 0.44865900 0.67337000
vt 0.45325000 0.66763600
vt 0.44370500 0.36724200
vt 0.43850500 0.36767700
vt 0.43111100 0.34046000
vt 0.46244900 0.68499700
vt 0.46617600 0.68471800
vt 0.46727400 0.69123700
vt 0.46360200 0.67765400
vt 0.46016400 0.68025600
vt 0.42890100 0.35191800
vt 0.42557800 0.35749600
vt 0.45870500 0.68403400
vt 0.39067300 0.66554900
vt 0.45286300 0.69051900
vt 0.43155100 0.34840300
vt 0.46069500 0.68932700
vt 0.45581700 0.69060900
vt 0.37497000 0.45001200
vt 0.45894800 0.67566600
vt 0.38113000 0.66586800
vt 0.36959800 0.44803400
vt 0.37757300 0.66690800
vt 0.37379900 0.66799700
vt 0.37040900 0.45753300
vt 0.36581400 0.45316800
vt 0.45965400 0.34757600
vt 0.45489500 0.35558200
vt 0.37565300 0.65841800
vt 0.45790000 0.35949900
vt 0.37825300 0.65393200
vt 0.46177800 0.35634500
vt 0.46637200 0.35716100
vt 0.46538000 0.35249400
vt 0.46752300 0.65619300
vt 0.46378700 0.66501100
vt 0.46094700 0.65631000
vt 0.36771700 0.66294200
vt 0.37234700 0.66212300
vt 0.45926900 0.66422100
vt 0.46861300 0.66703300
vt 0.46708700 0.66298200
vt 0.47001500 0.66028800
vt 0.35934100 0.45153500
vt 0.36596700 0.67227400
vt 0.37039300 0.66719600
vt 0.35226800 0.44514000
vt 0.35135000 0.44967900
vt 0.36383700 0.67674400
vt 0.35968200 0.67386100
vt 0.36350500 0.67106200
vt 0.36405500 0.46330900
vt 0.35667400 0.45879000
vt 0.36749100 0.66616000
vt 0.36012900 0.66749900
vt 0.35057600 0.45698200
vt 0.36362700 0.66167900
vt 0.37284000 0.65493000
vt 0.37271100 0.65078000
vt 0.36706700 0.65717300
vt 0.45562700 0.66467900
vt 0.45911600 0.66857900
vt 0.45399200 0.66067400
vt 0.44917500 0.66231700
vt 0.37319300 0.64773500
vt 0.44744800 0.67009400
vt 0.36342900 0.47148000
vt 0.36736900 0.47764500
vt 0.36435200 0.64918500
vt 0.36304900 0.65910200
vt 0.35548800 0.46280700
vt 0.45727900 0.65190000
vt 0.34965200 0.46114300
vt 0.36049100 0.65769400
vt 0.35854900 0.66144300
vt 0.35690100 0.66470500
vt 0.35700200 0.46898000
vt 0.36192500 0.65205500
vt 0.35622400 0.47315600
vt 0.43827200 0.32928200
vt 0.34961000 0.46699500
vt 0.35540700 0.65753800
vt 0.44501900 0.33232400
vt 0.46973500 0.68575800
vt 0.47501500 0.68594700
vt 0.47223200 0.68868400
vt 0.48180000 0.68086100
vt 0.47871400 0.68884000
vt 0.48334800 0.68944500
vt 0.47628800 0.69315000
vt 0.48076600 0.67574200
vt 0.48535800 0.68222700
vt 0.45475200 0.73260500
vt 0.48781200 0.68977800
vt 0.42826600 0.34531800
vt 0.48421100 0.69432600
vt 0.46211500 0.69334400
vt 0.45762300 0.69439100
vt 0.41713400 0.32494400
vt 0.47653100 0.71081500
vt 0.47831300 0.66951200
vt 0.42906900 0.37067200
vt 0.42986500 0.36491700
vt 0.44533800 0.67596800
vt 0.44632500 0.68207400
vt 0.44324600 0.68099000
vt 0.47324000 0.71509500
vt 0.47419800 0.70844600
vt 0.43539500 0.68150500
vt 0.44040100 0.68075400
vt 0.43595500 0.68553500
vt 0.42415500 0.36638800
vt 0.42710000 0.32433600
vt 0.43152000 0.33435600
vt 0.43933200 0.68686200
vt 0.44291500 0.68610000
vt 0.44726900 0.69171300
vt 0.44709500 0.68605100
vt 0.44252700 0.67152300
vt 0.43780300 0.37421500
vt 0.43380100 0.31792600
vt 0.44056700 0.67644600
vt 0.48291400 0.70417600
vt 0.48088800 0.70126800
vt 0.47838000 0.69936500
vt 0.47445900 0.69751700
vt 0.41686400 0.37679000
vt 0.41935800 0.37816700
vt 0.43257200 0.68436400
vt 0.43208900 0.68928200
vt 0.42697400 0.33004800
vt 0.42625700 0.33638400
vt 0.43704200 0.69059500
vt 0.46891400 0.70147000
vt 0.42530000 0.69014300
vt 0.47189600 0.70194900
vt 0.47111700 0.35753100
vt 0.47860700 0.70496900
vt 0.46044900 0.64461800
vt 0.46562200 0.65209200
vt 0.46414300 0.64783700
vt 0.40287600 0.35870000
vt 0.40793400 0.35715300
vt 0.46467700 0.63929700
vt 0.45769200 0.64021200
vt 0.47073800 0.65246300
vt 0.41798400 0.35522500
vt 0.41391300 0.36175800
vt 0.45989900 0.63705600
vt 0.45843500 0.62500200
vt 0.44779800 0.69545000
vt 0.43444000 0.69572800
vt 0.38464400 0.71859200
vt 0.37855400 0.71475400
vt 0.38050500 0.71868300
vt 0.34679100 0.39859100
vt 0.37593400 0.72024100
vt 0.37183900 0.70801800
vt 0.38217000 0.72266900
vt 0.52652900 0.19855400
vt 0.52863400 0.19502400
vt 0.52983600 0.20016700
vt 0.52582800 0.20310400
vt 0.53565100 0.23270300
vt 0.54282800 0.23066200
vt 0.54857900 0.64683400
vt 0.53771000 0.23867800
vt 0.52426700 0.20938700
vt 0.52842400 0.21707100
vt 0.51418000 0.25340700
vt 0.55058400 0.65815900
vt 0.54247000 0.21870300
vt 0.54742400 0.66239400
vt 0.51953800 0.65738200
vt 0.52261800 0.66027000
vt 0.51808200 0.65304100
vt 0.53596900 0.18056500
vt 0.53405400 0.19164000
vt 0.53628400 0.18331900
vt 0.53958800 0.16894900
vt 0.53203900 0.62971200
vt 0.53960200 0.63114500
vt 0.54775000 0.24852600
vt 0.53923100 0.19619900
vt 0.55469800 0.67755600
vt 0.55368900 0.66969800
vt 0.54015200 0.20671100
vt 0.53687900 0.20194500
vt 0.55715100 0.67307000
vt 0.54091000 0.20992400
vt 0.55322100 0.66647800
vt 0.53549900 0.20694300
vt 0.53379800 0.19585600
vt 0.41505100 0.25172700
vt 0.38442900 0.23294000
vt 0.37934500 0.24288600
vt 0.37259600 0.23579900
vt 0.45190400 0.81954200
vt 0.45098700 0.81208000
vt 0.45534900 0.81456500
vt 0.37338600 0.23028900
vt 0.38538200 0.17037500
vt 0.37873200 0.16924900
vt 0.38395900 0.16321800
vt 0.45526200 0.82389600
vt 0.45920600 0.81602600
vt 0.37856300 0.15936700
vt 0.51610500 0.10413100
vt 0.51943400 0.09656200
vt 0.52481600 0.09685100
vt 0.41173900 0.24429300
vt 0.40441000 0.25355500
vt 0.44896700 0.82323700
vt 0.38355100 0.22787300
vt 0.51600700 0.09552200
vt 0.52262900 0.09314000
vt 0.45294000 0.82927300
vt 0.53314700 0.13483800
vt 0.53529300 0.12834700
vt 0.53968800 0.12868700
vt 0.40576800 0.24310100
vt 0.37589600 0.17151300
vt 0.44664900 0.80690700
vt 0.45170900 0.80393000
vt 0.45723900 0.10089600
vt 0.45030200 0.10134500
vt 0.45723100 0.09682900
vt 0.37306800 0.16782300
vt 0.40759500 0.23624800
vt 0.41227600 0.23338900
vt 0.38154400 0.22110300
vt 0.45382400 0.09304000
vt 0.45050200 0.09433200
vt 0.33848200 0.25554300
vt 0.33869500 0.25001000
vt 0.34690800 0.25373600
vt 0.34183700 0.24643200
vt 0.33114800 0.25238200
vt 0.43096200 0.24715200
vt 0.42734300 0.24807100
vt 0.51824100 0.08747500
vt 0.51126400 0.09024300
vt 0.46954700 0.82036000
vt 0.47222500 0.82611400
vt 0.53506900 0.05700000
vt 0.46866700 0.82970100
vt 0.50966900 0.09726100
vt 0.33479200 0.24279300
vt 0.53302800 0.15776100
vt 0.53818800 0.15084600
vt 0.37189700 0.22091800
vt 0.34683900 0.24518800
vt 0.34987000 0.24823700
vt 0.44604500 0.09845800
vt 0.44183100 0.09379800
vt 0.43563500 0.24129200
vt 0.42580000 0.23830700
vt 0.36797400 0.16090700
vt 0.37232800 0.26731700
vt 0.36691000 0.26595000
vt 0.53366800 0.06389600
vt 0.47366700 0.83507000
vt 0.52685000 0.05577200
vt 0.34732100 0.23894600
vt 0.52411800 0.15218000
vt 0.52483600 0.14433500
vt 0.53099200 0.14985900
vt 0.44012600 0.09880000
vt 0.37132500 0.15360200
vt 0.37774800 0.14894700
vt 0.37177600 0.26169100
vt 0.45121500 0.11040800
vt 0.44629100 0.10775800
vt 0.45339500 0.10535400
vt 0.42190600 0.25029000
vt 0.52861900 0.06564500
vt 0.36415600 0.25991700
vt 0.36759500 0.25608700
vt 0.51983800 0.06747800
vt 0.51862400 0.06143600
vt 0.36288900 0.25718900
vt 0.36480700 0.25150400
vt 0.36311100 0.25352000
vt 0.44547100 0.11398600
vt 0.35908300 0.27045500
vt 0.38401500 0.15261600
vt 0.39063700 0.16075900
vt 0.41701100 0.24012300
vt 0.39237700 0.15579300
vt 0.35730100 0.26516600
vt 0.35544700 0.26830400
vt 0.35153700 0.26794500
vt 0.33903000 0.23737800
vt 0.46698400 0.83432400
vt 0.35655000 0.26177500
vt 0.53622100 0.74084100
vt 0.54139600 0.13468300
vt 0.53696100 0.13734400
vt 0.44156300 0.10504700
vt 0.34217300 0.23426800
vt 0.53301700 0.14469900
vt 0.53089400 0.13986500
vt 0.52036000 0.05668600
vt 0.51606600 0.05355300
vt 0.33903100 0.23041900
vt 0.33569800 0.22264400
vt 0.34295800 0.22500500
vt 0.33292700 0.23129800
vt 0.33488800 0.22883100
vt 0.35866200 0.26761700
vt 0.36434300 0.26324600
vt 0.36018000 0.26026700
vt 0.32749800 0.23780200
vt 0.44851900 0.12390400
vt 0.45867700 0.11982300
vt 0.45392000 0.12847000
vt 0.51899900 0.04979500
vt 0.47031300 0.84489000
vt 0.46559200 0.84336400
vt 0.44808200 0.12024100
vt 0.45325000 0.11583900
vt 0.54681100 0.08326400
vt 0.55087800 0.07781700
vt 0.55229200 0.08460600
vt 0.44518200 0.11862300
vt 0.52294500 0.13593100
vt 0.51349400 0.04677700
vt 0.46890200 0.85137200
vt 0.39942600 0.16521800
vt 0.41717200 0.23112700
vt 0.40305800 0.15683300
vt 0.43949800 0.11948200
vt 0.51224800 0.05255800
vt 0.47882900 0.79561200
vt 0.55586200 0.07151100
vt 0.52791100 0.13015500
vt 0.33031600 0.22446000
vt 0.43957200 0.13381100
vt 0.43818500 0.12522500
vt 0.44242100 0.12836400
vt 0.43426400 0.12849500
vt 0.43189300 0.11983100
vt 0.40912800 0.15414300
vt 0.40258900 0.15174800
vt 0.40667700 0.14695700
vt 0.47493800 0.80042100
vt 0.55505700 0.06729100
vt 0.52117000 0.13038000
vt 0.52523300 0.12611000
vt 0.46148300 0.83402800
vt 0.46366400 0.83015800
vt 0.46392600 0.83859400
vt 0.45779900 0.82886900
vt 0.46382100 0.82112700
vt 0.40268400 0.14527800
vt 0.54956500 0.07128400
vt 0.39788800 0.15017800
vt 0.32714000 0.24452200
vt 0.47678500 0.80872600
vt 0.54814300 0.06695300
vt 0.32846400 0.25755300
vt 0.32438400 0.25232400
vt 0.54464900 0.07810600
vt 0.32431000 0.26138400
vt 0.42400700 0.23121300
vt 0.31958800 0.25266600
vt 0.35304900 0.25947800
vt 0.34798700 0.26283800
vt 0.44654100 0.09209000
vt 0.45664900 0.83555900
vt 0.51792100 0.13901900
vt 0.52060900 0.14346100
vt 0.51654200 0.14748600
vt 0.45237300 0.83517600
vt 0.51888200 0.15156300
vt 0.32069400 0.24681300
vt 0.40470800 0.23583300
vt 0.40758100 0.23158900
vt 0.44996800 0.08760000
vt 0.44366100 0.09000500
vt 0.42427300 0.22286200
vt 0.41913900 0.22491600
vt 0.35816000 0.25567000
vt 0.36100800 0.25228700
vt 0.45251100 0.83911800
vt 0.45120900 0.84419000
vt 0.41258600 0.22320800
vt 0.40635500 0.22494500
vt 0.51456300 0.13208600
vt 0.51809200 0.12242700
vt 0.36357600 0.24907700
vt 0.35747200 0.24696900
vt 0.43588500 0.09155000
vt 0.44080000 0.08561900
vt 0.35552800 0.25265400
vt 0.51478600 0.12759900
vt 0.44962000 0.08434700
vt 0.53906800 0.08098800
vt 0.53522100 0.07331700
vt 0.31984100 0.24226100
vt 0.35780800 0.16345400
vt 0.35810900 0.15128400
vt 0.45939700 0.84734500
vt 0.35408200 0.24997300
vt 0.32093100 0.23662300
vt 0.43522600 0.09621200
vt 0.31583200 0.24041000
vt 0.31446300 0.23767800
vt 0.40564300 0.21897100
vt 0.50908700 0.12642100
vt 0.54437200 0.07158200
vt 0.50910100 0.13210100
vt 0.46397800 0.85246800
vt 0.53776700 0.06933100
vt 0.47726400 0.81675900
vt 0.54102700 0.06471800
vt 0.42833000 0.12542500
vt 0.32276500 0.22885200
vt 0.51316800 0.14101900
vt 0.51409300 0.14346500
vt 0.33952400 0.17100700
vt 0.34167500 0.15758100
vt 0.34533600 0.16356900
vt 0.35180100 0.15572500
vt 0.50873600 0.05034300
vt 0.46384000 0.86126400
vt 0.50593200 0.04005100
vt 0.41300400 0.21728600
vt 0.44070700 0.07082800
vt 0.44174200 0.07429600
vt 0.44104300 0.07989600
vt 0.41799200 0.21602100
vt 0.34645700 0.15376800
vt 0.34722300 0.15126800
vt 0.50551600 0.14512100
vt 0.50237200 0.14060700
vt 0.50514800 0.13592300
vt 0.45764600 0.85623800
vt 0.31558800 0.23203300
vt 0.53269700 0.06782800
vt 0.51190500 0.06747300
vt 0.50999000 0.06137000
vt 0.40830900 0.21311900
vt 0.37942200 0.26509700
vt 0.38239100 0.26563200
vt 0.50608200 0.05571000
vt 0.50185500 0.13228500
vt 0.49981400 0.12762700
vt 0.50425500 0.12283100
vt 0.40051100 0.21741400
vt 0.38238300 0.26250300
vt 0.43961200 0.06364200
vt 0.44356400 0.06395500
vt 0.54646200 0.09406600
vt 0.54658000 0.09914600
vt 0.43407800 0.06664400
vt 0.55096700 0.08982500
vt 0.32374500 0.28196000
vt 0.55439000 0.09147000
vt 0.49856600 0.77696800
vt 0.43629400 0.07248300
vt 0.41138700 0.20972600
vt 0.32900000 0.27533900
vt 0.33404300 0.27931000
vt 0.17732400 0.13097200
vt 0.33997100 0.14895900
vt 0.50053600 0.13672400
vt 0.44225200 0.81068600
vt 0.44574600 0.81625300
vt 0.31886300 0.27308700
vt 0.37864500 0.26231300
vt 0.44092900 0.81536700
vt 0.37526600 0.25845100
vt 0.49518500 0.13696300
vt 0.30811700 0.16008800
vt 0.18419800 0.16127000
vt 0.31548000 0.17033200
vt 0.30829400 0.16908200
vt 0.31025100 0.27629200
vt 0.33221400 0.26685500
vt 0.37958400 0.25607500
vt 0.54283200 0.10086800
vt 0.54300200 0.09137600
vt 0.53852000 0.09611800
vt 0.31514800 0.26050300
vt 0.33282900 0.16755500
vt 0.33155600 0.16251300
vt 0.54860100 0.08935200
vt 0.40483400 0.20569700
vt 0.50027300 0.12201100
vt 0.49454800 0.12372300
vt 0.32124200 0.16637400
vt 0.32489400 0.16202000
vt 0.39826100 0.20305800
vt 0.49518900 0.12977700
vt 0.49425100 0.13427700
vt 0.48938600 0.13100900
vt 0.49064600 0.12279300
vt 0.44197800 0.82171400
vt 0.33296300 0.15000800
vt 0.17772500 0.13723800
vt 0.44824900 0.05314300
vt 0.44412800 0.05768000
vt 0.43976300 0.05549100
vt 0.43811800 0.05974000
vt 0.40778700 0.20265500
vt 0.44571900 0.82647000
vt 0.41384000 0.20561500
vt 0.43809800 0.05143600
vt 0.48531300 0.12845100
vt 0.48480700 0.12550600
vt 0.48505500 0.12074200
vt 0.43827800 0.81994700
vt 0.41025500 0.19507900
vt 0.40266800 0.19836500
vt 0.43512400 0.82482500
vt 0.49489900 0.21963800
vt 0.49783600 0.21647000
vt 0.43771500 0.82941600
vt 0.44857400 0.83235800
vt 0.44249900 0.83157200
vt 0.37253300 0.25469200
vt 0.30868900 0.26731400
vt 0.42802300 0.06535000
vt 0.43783600 0.83459300
vt 0.37997100 0.24956900
vt 0.50388100 0.21633700
vt 0.53603300 0.09029600
vt 0.54049400 0.08627100
vt 0.50549400 0.21301100
vt 0.51059000 0.21219100
vt 0.43287200 0.05962000
vt 0.36964700 0.24706000
vt 0.37403500 0.24262800
vt 0.43242900 0.82088700
vt 0.43185200 0.82992100
vt 0.49107000 0.21318500
vt 0.43202500 0.83661600
vt 0.49138800 0.20857500
vt 0.18180800 0.14564400
vt 0.32408500 0.15523700
vt 0.49442300 0.20701500
vt 0.48522600 0.20790300
vt 0.29718100 0.27122800
vt 0.53238600 0.08664000
vt 0.53149300 0.09391300
vt 0.30074200 0.26433900
vt 0.48813800 0.20243700
vt 0.43017200 0.05633000
vt 0.42808000 0.83363800
vt 0.42630800 0.82814000
vt 0.43546700 0.05022400
vt 0.49928500 0.20436700
vt 0.44167300 0.80768000
vt 0.17204800 0.14890800
vt 0.48277500 0.20370400
vt 0.48346500 0.19844900
vt 0.47627800 0.20045300
vt 0.47463900 0.19626300
vt 0.16992100 0.13940800
vt 0.18341800 0.15221200
vt 0.31717200 0.15787100
vt 0.43730200 0.81033600
vt 0.44264700 0.04580100
vt 0.44908100 0.04755600
vt 0.44597100 0.04804900
vt 0.44831500 0.24238400
vt 0.44802400 0.23493900
vt 0.44246100 0.23307700
vt 0.44551700 0.22711100
vt 0.43672000 0.23367100
vt 0.43703600 0.81469700
vt 0.52832200 0.17259000
vt 0.43784700 0.04319600
vt 0.45345000 0.23425900
vt 0.53183600 0.09852500
vt 0.52351800 0.17544700
vt 0.43156600 0.81428500
vt 0.42682500 0.81095600
vt 0.44735000 0.04157600
vt 0.44820400 0.03594600
vt 0.44155400 0.03966800
vt 0.45906100 0.23535100
vt 0.53076200 0.07822200
vt 0.30898200 0.28244300
vt 0.43627700 0.03691300
vt 0.42784300 0.81791400
vt 0.42453600 0.81607500
vt 0.45053900 0.22631500
vt 0.35428300 0.23697500
vt 0.36217900 0.24034500
vt 0.43344100 0.04051900
vt 0.17158500 0.15807400
vt 0.45530100 0.22291500
vt 0.43255100 0.05004900
vt 0.42187000 0.81991500
vt 0.46551500 0.23124500
vt 0.30015100 0.28093900
vt 0.42840500 0.04988000
vt 0.43199000 0.04562300
vt 0.41773100 0.81482400
vt 0.52721500 0.07199000
vt 0.42020000 0.81033900
vt 0.44068300 0.22643400
vt 0.44299900 0.21628900
vt 0.44907500 0.21668000
vt 0.41430500 0.81292100
vt 0.45465100 0.21323000
vt 0.35122700 0.23048400
vt 0.42528100 0.04523800
vt 0.42795000 0.03798000
vt 0.44669600 0.20640700
vt 0.45451900 0.20756100
vt 0.43533700 0.20997800
vt 0.41941900 0.82296700
vt 0.42224100 0.82910600
vt 0.37218700 0.24135500
vt 0.37018800 0.23985400
vt 0.42376400 0.83753500
vt 0.30648700 0.17982400
vt 0.30104700 0.16483700
vt 0.18765400 0.16924700
vt 0.44793300 0.83956000
vt 0.44535000 0.83635700
vt 0.36344300 0.23355000
vt 0.31547300 0.24479700
vt 0.53549600 0.16144400
vt 0.30046100 0.17616600
vt 0.31398300 0.25207000
vt 0.29528500 0.17149500
vt 0.19307700 0.17640200
vt 0.31203300 0.24670200
vt 0.52879900 0.15406000
vt 0.44480800 0.02502700
vt 0.44783500 0.02719800
vt 0.44375500 0.03111100
vt 0.43870600 0.02921100
vt 0.44241000 0.02286700
vt 0.52439400 0.08259900
vt 0.52762000 0.08806100
vt 0.18312700 0.17978700
vt 0.17895900 0.17683900
vt 0.52953700 0.16701100
vt 0.52535400 0.08896900
vt 0.30662100 0.25137300
vt 0.44001400 0.23706400
vt 0.18965100 0.18256300
vt 0.19790300 0.18501300
vt 0.28826300 0.17803000
vt 0.44265600 0.84301000
vt 0.44225900 0.83797400
vt 0.44749300 0.84556900
vt 0.44103200 0.92615400
vt 0.44580800 0.01811800
vt 0.44172800 0.84688200
vt 0.30437200 0.25610500
vt 0.44004200 0.01681800
vt 0.43873600 0.93206700
vt 0.43529800 0.92790200
vt 0.42974200 0.23108600
vt 0.52580400 0.15695600
vt 0.19221300 0.18925800
vt 0.51947500 0.07975900
vt 0.51596400 0.08377600
vt 0.45214900 0.85124300
vt 0.30876800 0.23924600
vt 0.51486100 0.15231500
vt 0.18142400 0.18561600
vt 0.43463200 0.22349100
vt 0.43151900 0.92891300
vt 0.30483400 0.23468300
vt 0.30984800 0.22793500
vt 0.18404900 0.19068300
vt 0.30692900 0.24286800
vt 0.52041500 0.16114200
vt 0.30106800 0.24603900
vt 0.44508800 0.85175700
vt 0.43781800 0.03361600
vt 0.51142600 0.15824600
vt 0.36401400 0.22835600
vt 0.29909900 0.24126300
vt 0.51282800 0.15135800
vt 0.51077000 0.14711500
vt 0.45238500 0.85960600
vt 0.35787000 0.23142900
vt 0.42834400 0.22082900
vt 0.51068600 0.07683600
vt 0.51498200 0.07327100
vt 0.43331400 0.03685800
vt 0.43132200 0.03369000
vt 0.44702400 0.85751000
vt 0.51124000 0.08166300
vt 0.50899700 0.14419300
vt 0.42317500 0.21450100
vt 0.35514600 0.22427100
vt 0.43295000 0.21494800
vt 0.36486300 0.21949200
vt 0.43706900 0.84209700
vt 0.35500200 0.22070600
vt 0.35837200 0.21511000
vt 0.50702300 0.15102200
vt 0.43685000 0.02462300
vt 0.29542300 0.24923000
vt 0.43354600 0.84764700
vt 0.50552300 0.15637200
vt 0.17619000 0.17313700
vt 0.30019800 0.25744900
vt 0.29257900 0.25466300
vt 0.50789300 0.08639400
vt 0.50664600 0.15966400
vt 0.17381200 0.16456300
vt 0.42565900 0.02876700
vt 0.43310900 0.02086100
vt 0.50273100 0.15301800
vt 0.29241000 0.26143700
vt 0.42679400 0.03435100
vt 0.50477500 0.09696500
vt 0.43016100 0.84222900
vt 0.43153100 0.20402100
vt 0.42889900 0.84626800
vt 0.42332200 0.20625400
vt 0.42956400 0.85331100
vt 0.49037700 0.14552800
vt 0.49408100 0.14150700
vt 0.49837400 0.14790200
vt 0.49449500 0.15561800
vt 0.49163700 0.15025300
vt 0.29284400 0.24439700
vt 0.50586400 0.08001900
vt 0.42092000 0.19766200
vt 0.43874000 0.85015600
vt 0.43622200 0.85558700
vt 0.42039400 0.03560000
vt 0.50280000 0.08420200
vt 0.44042700 0.86074300
vt 0.29800500 0.23457300
vt 0.42042700 0.03089500
vt 0.16929900 0.17348200
vt 0.16524800 0.16343700
vt 0.52465300 0.07561100
vt 0.49998700 0.14399300
vt 0.16270700 0.17043000
vt 0.43849200 0.02058100
vt 0.41635000 0.19939500
vt 0.48777200 0.13678400
vt 0.43223300 0.86090900
vt 0.28985100 0.23859500
vt 0.51894700 0.07546200
vt 0.52261800 0.07372900
vt 0.43528800 0.01781600
vt 0.52089000 0.07053200
vt 0.43886800 0.20018000
vt 0.49081100 0.15771200
vt 0.49147900 0.16198300
vt 0.50440600 0.05169900
vt 0.50538300 0.04861700
vt 0.43005700 0.19487800
vt 0.49080700 0.15368800
vt 0.48539200 0.14960000
vt 0.43396200 0.93483800
vt 0.43694300 0.01274100
vt 0.50363800 0.04614100
vt 0.48860200 0.15993200
vt 0.32643700 0.21996500
vt 0.32202300 0.22614200
vt 0.48513300 0.15858700
vt 0.48187900 0.15383600
vt 0.47221800 0.23378300
vt 0.51017500 0.07270600
vt 0.49735000 0.04155600
vt 0.47668800 0.23328400
vt 0.32082500 0.22343900
vt 0.32062300 0.21906000
vt 0.31455700 0.22590700
vt 0.35018800 0.21895000
vt 0.47422800 0.22599300
vt 0.47044100 0.22814600
vt 0.17051200 0.18242700
vt 0.17577700 0.18438200
vt 0.43142500 0.01453800
vt 0.43439200 0.94091000
vt 0.46884400 0.22158500
vt 0.49848400 0.03713300
vt 0.46196800 0.87001400
vt 0.47358500 0.22002200
vt 0.46845200 0.21553300
vt 0.47163200 0.21321400
vt 0.47717500 0.21946100
vt 0.45600600 0.86350700
vt 0.50509000 0.07466000
vt 0.46720300 0.21832400
vt 0.42928400 0.02098700
vt 0.31815800 0.21674300
vt 0.50601800 0.06428100
vt 0.50270900 0.06283500
vt 0.43279500 0.94861900
vt 0.42374800 0.01460600
vt 0.43005900 0.94314200
vt 0.34182900 0.21946400
vt 0.46442800 0.22353300
vt 0.50022400 0.05853900
vt 0.49694800 0.05486000
vt 0.46048600 0.21874500
vt 0.42449700 0.02310600
vt 0.33698700 0.21243600
vt 0.49580700 0.06199100
vt 0.34111600 0.21217600
vt 0.50063900 0.19442300
vt 0.49901800 0.18491700
vt 0.50275800 0.19020800
vt 0.48865100 0.22669000
vt 0.48238900 0.22318900
vt 0.41886400 0.02479600
vt 0.42394400 0.01904500
vt 0.50474500 0.06862800
vt 0.47999200 0.22623200
vt 0.48082100 0.23094500
vt 0.32774800 0.21436800
vt 0.16644900 0.18835500
vt 0.49851600 0.04637000
vt 0.49378200 0.05146600
vt 0.16317000 0.17954000
vt 0.50887600 0.20085700
vt 0.51051700 0.20621700
vt 0.50489700 0.20296000
vt 0.51409400 0.19848100
vt 0.33885300 0.20397900
vt 0.42879900 0.95454600
vt 0.41730000 0.01181200
vt 0.33309000 0.21165700
vt 0.33169900 0.20881900
vt 0.32653000 0.20533900
vt 0.33383400 0.20159800
vt 0.48799400 0.05142800
vt 0.39515400 0.25953800
vt 0.39755600 0.25384800
vt 0.48953000 0.04652300
vt 0.54517300 0.11553600
vt 0.40797000 0.14241400
vt 0.48605800 0.06044600
vt 0.49036100 0.06497000
vt 0.40050200 0.14144700
vt 0.40084700 0.13555400
vt 0.48062800 0.21744800
vt 0.48656800 0.21646600
vt 0.48481300 0.05566700
vt 0.39929500 0.25039000
vt 0.41883800 0.13356400
vt 0.41307800 0.12391400
vt 0.42186300 0.13133400
vt 0.34212000 0.19612600
vt 0.39303100 0.14250500
vt 0.47603800 0.21274100
vt 0.47354400 0.20621600
vt 0.48253400 0.06332300
vt 0.53923100 0.11304500
vt 0.54326400 0.10981600
vt 0.33055300 0.19761000
vt 0.47691600 0.06026800
vt 0.53991600 0.12186500
vt 0.49231000 0.20137900
vt 0.48103100 0.05351700
vt 0.42382600 0.11723800
vt 0.42928000 0.11178500
vt 0.50293200 0.19836800
vt 0.49664300 0.19485400
vt 0.39855300 0.13784700
vt 0.48490200 0.04643500
vt 0.51016700 0.19524800
vt 0.53182900 0.74402600
vt 0.54412200 0.12988200
vt 0.32205800 0.19882500
vt 0.39342700 0.13654800
vt 0.39477800 0.13147700
vt 0.48056200 0.04946800
vt 0.40764300 0.12892600
vt 0.40481000 0.12509100
vt 0.41082100 0.12736800
vt 0.41054800 0.13191300
vt 0.40613000 0.12065400
vt 0.54165900 0.12597000
vt 0.40603300 0.11431700
vt 0.41466000 0.11755900
vt 0.46100200 0.87863000
vt 0.49066200 0.03538400
vt 0.49285800 0.03896900
vt 0.45524400 0.87313500
vt 0.46881400 0.20390400
vt 0.31861400 0.21145600
vt 0.47513300 0.19034000
vt 0.47188900 0.20001300
vt 0.40199200 0.11575000
vt 0.46806000 0.20940200
vt 0.40090300 0.24500700
vt 0.38625600 0.14360700
vt 0.48957000 0.04097200
vt 0.46367900 0.21223500
vt 0.39478100 0.24153500
vt 0.39823100 0.23793500
vt 0.46248400 0.19981100
vt 0.31803300 0.20547000
vt 0.37317900 0.14448000
vt 0.38013600 0.13795900
vt 0.48342700 0.04192500
vt 0.45811600 0.20341300
vt 0.42639600 0.10045300
vt 0.43034700 0.09669500
vt 0.43226100 0.10326300
vt 0.31394400 0.21282500
vt 0.39383100 0.24954100
vt 0.47089700 0.19293900
vt 0.47972700 0.19023400
vt 0.42423800 0.11286200
vt 0.31009400 0.21294900
vt 0.38969000 0.24758900
vt 0.42324100 0.10841000
vt 0.41902200 0.11283100
vt 0.53201600 0.11905600
vt 0.46027800 0.88617000
vt 0.48344300 0.03424400
vt 0.46812400 0.18741000
vt 0.47344300 0.18633800
vt 0.38974500 0.13714600
vt 0.46716300 0.18259700
vt 0.31086000 0.20887700
vt 0.31217400 0.20577600
vt 0.39063800 0.13085200
vt 0.53412100 0.11178200
vt 0.46626200 0.19350400
vt 0.45999700 0.19408400
vt 0.41465700 0.10497500
vt 0.38714500 0.13499200
vt 0.38428800 0.13417600
vt 0.39217400 0.24193800
vt 0.47405700 0.04685800
vt 0.39080300 0.23890300
vt 0.37778100 0.13206800
vt 0.37881300 0.12620100
vt 0.15618800 0.10006900
vt 0.47849000 0.18359500
vt 0.46884100 0.17917800
vt 0.33515500 0.18920600
vt 0.34161800 0.18861100
vt 0.52868400 0.11412500
vt 0.47166200 0.17769200
vt 0.47770300 0.17607800
vt 0.32753200 0.19247300
vt 0.15116000 0.09486600
vt 0.38587700 0.12061700
vt 0.39746900 0.12462900
vt 0.47631300 0.05367500
vt 0.38476400 0.12774700
vt 0.38330700 0.12139400
vt 0.15194100 0.09706400
vt 0.53271300 0.12453700
vt 0.46982800 0.05120100
vt 0.39762700 0.11877600
vt 0.39431100 0.11306300
vt 0.49650900 0.18582700
vt 0.31457600 0.19757300
vt 0.39671000 0.10967000
vt 0.49460800 0.18910400
vt 0.49124300 0.18228600
vt 0.52813600 0.12345700
vt 0.47745800 0.04150700
vt 0.48611800 0.18363900
vt 0.48698900 0.18010900
vt 0.40391000 0.10516100
vt 0.39977500 0.10547300
vt 0.47248600 0.04055000
vt 0.45026400 0.19898900
vt 0.45541200 0.19714100
vt 0.45143300 0.19085100
vt 0.45530100 0.19197500
vt 0.52322900 0.11804500
vt 0.31995000 0.18716100
vt 0.46834200 0.04239000
vt 0.44492100 0.19591900
vt 0.47381600 0.03672500
vt 0.30744600 0.19745500
vt 0.30900900 0.18800500
vt 0.46855000 0.03803400
vt 0.31485500 0.18940200
vt 0.48266800 0.17795700
vt 0.48049800 0.17271900
vt 0.48964700 0.17365100
vt 0.39252700 0.10883300
vt 0.13982300 0.09198200
vt 0.39061500 0.10323700
vt 0.13774100 0.09706100
vt 0.39576400 0.10324500
vt 0.53901600 0.10678400
vt 0.53012100 0.10778100
vt 0.38767700 0.24270800
vt 0.36677300 0.14929500
vt 0.52290700 0.11327500
vt 0.52524700 0.10574700
vt 0.53174800 0.10414800
vt 0.47588200 0.17168300
vt 0.48643700 0.19570900
vt 0.39094500 0.23206500
vt 0.30964200 0.22520800
vt 0.49112200 0.19211100
vt 0.30842000 0.21890700
vt 0.43658400 0.08683400
vt 0.44949600 0.86734200
vt 0.30476500 0.22788100
vt 0.48403900 0.19055300
vt 0.43441900 0.08218200
vt 0.44674600 0.86307400
vt 0.52134900 0.10832100
vt 0.51760000 0.11217600
vt 0.29598100 0.22684200
vt 0.44407000 0.86578400
vt 0.39344200 0.22566300
vt 0.39649500 0.23078000
vt 0.29824700 0.22409600
vt 0.30251000 0.22040500
vt 0.51417100 0.11022000
vt 0.44844700 0.87238700
vt 0.43042000 0.08885500
vt 0.29518900 0.21876100
vt 0.40024500 0.23300600
vt 0.44581800 0.16677200
vt 0.44064300 0.16140500
vt 0.44393400 0.15979000
vt 0.45015200 0.16716600
vt 0.40258500 0.22893400
vt 0.36828100 0.14383600
vt 0.43649700 0.15224400
vt 0.52079100 0.12140900
vt 0.29896500 0.21296300
vt 0.41701300 0.18939100
vt 0.51606000 0.11758500
vt 0.48574600 0.14269200
vt 0.42567300 0.18617800
vt 0.43041800 0.07984200
vt 0.43677200 0.86497500
vt 0.44154800 0.87009000
vt 0.40001000 0.22612700
vt 0.43762700 0.87054800
vt 0.35379000 0.14792300
vt 0.48390500 0.13581800
vt 0.16907000 0.11557100
vt 0.35842300 0.13975100
vt 0.44198200 0.87732500
vt 0.41164000 0.18835900
vt 0.39289300 0.21835400
vt 0.36741400 0.14102100
vt 0.36485900 0.13462300
vt 0.16418300 0.11084300
vt 0.51104000 0.12256600
vt 0.48200400 0.13343100
vt 0.40156200 0.19282500
vt 0.28990700 0.23123600
vt 0.50967300 0.11836400
vt 0.47772600 0.12925400
vt 0.43146100 0.86761400
vt 0.40514000 0.18966100
vt 0.47886500 0.12154200
vt 0.51227500 0.11366700
vt 0.28929000 0.21992400
vt 0.28374600 0.22901900
vt 0.43480800 0.87483800
vt 0.47732700 0.13971500
vt 0.43036600 0.07498400
vt 0.43700800 0.87966700
vt 0.42765400 0.87450500
vt 0.47685700 0.13569400
vt 0.38644500 0.21648300
vt 0.43194200 0.87824500
vt 0.43131800 0.07061800
vt 0.34709800 0.14380000
vt 0.17266600 0.12502100
vt 0.47280100 0.12607500
vt 0.40157200 0.18720300
vt 0.45382000 0.87851400
vt 0.40461800 0.17697900
vt 0.45257300 0.88394300
vt 0.30296000 0.20764800
vt 0.42534500 0.08655400
vt 0.50787200 0.10682900
vt 0.50818500 0.11367700
vt 0.46848300 0.13827200
vt 0.47075300 0.13340600
vt 0.41246100 0.17974800
vt 0.42515900 0.08218300
vt 0.41856300 0.18131200
vt 0.30343500 0.20152800
vt 0.50112300 0.11379000
vt 0.47855400 0.02953200
vt 0.45573900 0.89156200
vt 0.42507100 0.07540100
vt 0.45032200 0.87821900
vt 0.50435900 0.11673400
vt 0.46714500 0.13100700
vt 0.47289100 0.12273500
vt 0.46735600 0.12391500
vt 0.16724800 0.13016100
vt 0.38934500 0.20943900
vt 0.38038800 0.21442300
vt 0.44919400 0.89214400
vt 0.44455300 0.88503200
vt 0.29472800 0.20747400
vt 0.16385900 0.12072300
vt 0.16288600 0.12551800
vt 0.39627600 0.21071900
vt 0.49703400 0.11506100
vt 0.49562500 0.11064800
vt 0.44054600 0.88414800
vt 0.50046700 0.10564300
vt 0.29063600 0.21305300
vt 0.43255200 0.19003700
vt 0.47246200 0.14800500
vt 0.47836800 0.14529900
vt 0.42421300 0.09273600
vt 0.42578100 0.09689100
vt 0.44230900 0.89283000
vt 0.37193800 0.13616100
vt 0.43749600 0.88572300
vt 0.43098500 0.88464400
vt 0.28452300 0.20991900
vt 0.28365500 0.21970000
vt 0.42073800 0.08692200
vt 0.47111400 0.14117200
vt 0.43432900 0.89122900
vt 0.15963800 0.10452900
vt 0.37291400 0.12993600
vt 0.15971100 0.11482900
vt 0.15790500 0.11119300
vt 0.51238700 0.10150700
vt 0.41662500 0.17014100
vt 0.29771800 0.20013700
vt 0.47503700 0.03350100
vt 0.45282100 0.89718500
vt 0.47343800 0.02681300
vt 0.41412700 0.10062900
vt 0.40934200 0.09171100
vt 0.41587700 0.09527500
vt 0.15381400 0.10546100
vt 0.43170000 0.15219800
vt 0.46913000 0.03181400
vt 0.30120700 0.19483300
vt 0.14500400 0.10781700
vt 0.14470200 0.09532900
vt 0.38741100 0.11327500
vt 0.30337000 0.18753700
vt 0.14881300 0.10448100
vt 0.46403700 0.03227300
vt 0.42615300 0.14635000
vt 0.50554400 0.10279900
vt 0.42546700 0.13998700
vt 0.43391400 0.14521800
vt 0.41050800 0.16740600
vt 0.46126300 0.13073100
vt 0.46080200 0.12215900
vt 0.29159000 0.19489400
vt 0.50037500 0.09921300
vt 0.45061500 0.90294400
vt 0.46815900 0.02490700
vt 0.29764900 0.18782300
vt 0.41686900 0.16314500
vt 0.41874500 0.15903500
vt 0.42213500 0.16685400
vt 0.46128800 0.02375000
vt 0.44880500 0.91045800
vt 0.44630700 0.90632100
vt 0.14857800 0.11131400
vt 0.40937400 0.16071500
vt 0.41448400 0.15460000
vt 0.41787300 0.15210500
vt 0.42055300 0.14167100
vt 0.28594900 0.20026700
vt 0.28324900 0.20341600
vt 0.15936400 0.12033700
vt 0.50050800 0.08945200
vt 0.49841100 0.09507500
vt 0.44619400 0.12882700
vt 0.43793100 0.89739200
vt 0.49583300 0.09826600
vt 0.15848800 0.12396000
vt 0.41094300 0.14936600
vt 0.44248100 0.89938300
vt 0.46451700 0.18512500
vt 0.44365200 0.90242200
vt 0.46332300 0.17926300
vt 0.49603300 0.10241500
vt 0.45767900 0.18074800
vt 0.15395000 0.12059800
vt 0.15124600 0.11575600
vt 0.45948900 0.17661200
vt 0.40822600 0.08153900
vt 0.41197800 0.08595700
vt 0.40372500 0.08381800
vt 0.46234800 0.17391100
vt 0.44131200 0.90814400
vt 0.14863100 0.12320700
vt 0.45431200 0.17448100
vt 0.45420100 0.16913500
vt 0.21007400 0.19429400
vt 0.28354100 0.19153900
vt 0.45164900 0.18616400
vt 0.43209200 0.89565600
vt 0.43267900 0.90241700
vt 0.40638200 0.07802400
vt 0.40242700 0.07826800
vt 0.40579600 0.07363500
vt 0.40167600 0.07222400
vt 0.43336900 0.90814100
vt 0.44717900 0.19112500
vt 0.13103300 0.10402100
vt 0.39013100 0.09312700
vt 0.39687400 0.09848900
vt 0.47339900 0.16240300
vt 0.47679200 0.16722700
vt 0.47001700 0.16572100
vt 0.29042100 0.18691300
vt 0.44331500 0.18164700
vt 0.44419700 0.18607200
vt 0.44290700 0.17770700
vt 0.44167400 0.18482100
vt 0.43800800 0.18778300
vt 0.47172900 0.06309200
vt 0.46983700 0.05615400
vt 0.14158700 0.11146200
vt 0.13862400 0.10697200
vt 0.47084300 0.17032400
vt 0.46333800 0.17004400
vt 0.49316000 0.11356100
vt 0.34425300 0.18095500
vt 0.33717300 0.17732100
vt 0.46315300 0.05867900
vt 0.39225400 0.08668200
vt 0.12456300 0.10640400
vt 0.33019200 0.18517300
vt 0.36919300 0.21412400
vt 0.14606000 0.11406300
vt 0.45979000 0.16306000
vt 0.14167500 0.11721700
vt 0.46753000 0.16099600
vt 0.36409000 0.21122500
vt 0.45163100 0.17266100
vt 0.49641700 0.08680700
vt 0.49943500 0.08098800
vt 0.14327600 0.12120800
vt 0.32110300 0.17858200
vt 0.46637500 0.05326000
vt 0.46567500 0.04726300
vt 0.12553800 0.11167400
vt 0.13128800 0.10828400
vt 0.12664900 0.11532600
vt 0.46155400 0.05132700
vt 0.44941700 0.16283100
vt 0.45624900 0.16716600
vt 0.13701600 0.12322900
vt 0.32965200 0.17891200
vt 0.49768400 0.07491900
vt 0.43736400 0.18123200
vt 0.14461900 0.12720000
vt 0.13966500 0.12441700
vt 0.13420300 0.11744800
vt 0.45015400 0.15955800
vt 0.46090000 0.06695800
vt 0.45366500 0.06422700
vt 0.45627100 0.06038100
vt 0.45755200 0.15697300
vt 0.45460600 0.05635800
vt 0.12157300 0.11486800
vt 0.12255100 0.12135500
vt 0.45650400 0.04810800
vt 0.35556700 0.20907400
vt 0.42645900 0.13191100
vt 0.42104900 0.12543000
vt 0.48982800 0.07709700
vt 0.49067200 0.08368000
vt 0.45275500 0.05229500
vt 0.44339600 0.15536100
vt 0.47080500 0.15869300
vt 0.46340900 0.15483600
vt 0.34653500 0.21438000
vt 0.46427800 0.04446900
vt 0.42849400 0.18269000
vt 0.42560800 0.17528700
vt 0.43424000 0.17485100
vt 0.46284900 0.03721100
vt 0.45956600 0.04119300
vt 0.46141300 0.14940800
vt 0.49534400 0.07145000
vt 0.43727700 0.17130600
vt 0.42850900 0.16605400
vt 0.31222800 0.18124300
vt 0.45602000 0.15204000
vt 0.46417900 0.14550500
vt 0.46536900 0.14820500
vt 0.49626600 0.06641100
vt 0.42747700 0.17063600
vt 0.41055100 0.10978400
vt 0.45461800 0.14668200
vt 0.45867600 0.14123400
vt 0.45948200 0.14667100
vt 0.43030400 0.16406300
vt 0.43680000 0.16286900
vt 0.44648600 0.15207200
vt 0.45319600 0.04599900
vt 0.45281000 0.04147200
vt 0.44911500 0.14823000
vt 0.40761200 0.09911300
vt 0.43893300 0.14905400
vt 0.34837000 0.20782400
vt 0.45526300 0.03545800
vt 0.45929600 0.03371400
vt 0.44860400 0.14167800
vt 0.40434900 0.09442100
vt 0.42428200 0.15839600
vt 0.48978800 0.06764200
vt 0.44227100 0.14567500
vt 0.39943400 0.09209900
vt 0.44818700 0.05869200
vt 0.44889200 0.06364900
vt 0.40119900 0.08614400
vt 0.35934100 0.20508400
vt 0.48884000 0.07241100
vt 0.43626400 0.14067200
vt 0.42953100 0.13940300
vt 0.35887800 0.20037800
vt 0.34882200 0.20219500
vt 0.45344600 0.13855600
vt 0.48516600 0.07151200
vt 0.48687600 0.07448400
vt 0.44786200 0.06875100
vt 0.44501800 0.13586700
vt 0.34575800 0.19956300
vt 0.35073700 0.19705300
vt 0.46089600 0.02885900
vt 0.44315100 0.13857900
vt 0.43369000 0.13469900
vt 0.39673400 0.08284200
vt 0.45609400 0.02781500
vt 0.45301000 0.03067600
vt 0.48557500 0.06593600
vt 0.29809300 0.18080000
vt 0.48091600 0.06797600
vt 0.45308300 0.02338300
vt 0.44744900 0.91895500
vt 0.44601800 0.91533800
vt 0.39784000 0.07598300
vt 0.41524300 0.13637400
vt 0.11464800 0.11493100
vt 0.39212200 0.07453200
vt 0.49132900 0.10254800
vt 0.49177900 0.10827300
vt 0.11873900 0.11864700
vt 0.38176600 0.20222700
vt 0.38852100 0.20284800
vt 0.44283600 0.92293300
vt 0.44893500 0.01936000
vt 0.38013100 0.20900400
vt 0.44254900 0.91831700
vt 0.38289500 0.25617400
vt 0.38669300 0.25939000
vt 0.39103400 0.26044400
vt 0.42806700 0.05940400
vt 0.54854600 0.10566100
vt 0.37219700 0.20722700
vt 0.42215200 0.06544500
vt 0.28277900 0.18252600
vt 0.20117500 0.19210900
vt 0.38789700 0.25500100
vt 0.43686800 0.91528000
vt 0.37575900 0.20470000
vt 0.42642200 0.05303200
vt 0.42442000 0.05622800
vt 0.49231100 0.08950500
vt 0.49235500 0.09487300
vt 0.36782700 0.20515700
vt 0.37277600 0.20011900
vt 0.43789000 0.92303500
vt 0.43165500 0.92056300
vt 0.38548900 0.25696100
vt 0.53956100 0.10187200
vt 0.19689200 0.19424400
vt 0.42054600 0.06089500
vt 0.47642400 0.11720300
vt 0.46700500 0.12105700
vt 0.37842700 0.20198300
vt 0.42104100 0.07174500
vt 0.39338000 0.17974300
vt 0.38621300 0.18578700
vt 0.48722700 0.09899800
vt 0.39799500 0.17376000
vt 0.46557700 0.11746300
vt 0.46888600 0.11436900
vt 0.41607600 0.06602300
vt 0.48992900 0.09441400
vt 0.45915000 0.11314100
vt 0.46604900 0.10821200
vt 0.48759000 0.08971800
vt 0.15887800 0.13796900
vt 0.37992400 0.17885600
vt 0.41773700 0.05357200
vt 0.45540100 0.11148000
vt 0.45869700 0.10746800
vt 0.38370100 0.19461700
vt 0.37951000 0.19135800
vt 0.45529900 0.10697500
vt 0.41100100 0.06185200
vt 0.15711700 0.13371000
vt 0.48007800 0.09664800
vt 0.47930800 0.09259200
vt 0.41042600 0.05867100
vt 0.47846900 0.10211600
vt 0.37315300 0.19273300
vt 0.36664700 0.19642600
vt 0.16170800 0.14710900
vt 0.16390700 0.15661800
vt 0.48885600 0.11890900
vt 0.42022800 0.04225500
vt 0.39446400 0.20105100
vt 0.39592900 0.19602700
vt 0.39058800 0.19401900
vt 0.48944000 0.11343100
vt 0.41402200 0.04733400
vt 0.41043400 0.05291700
vt 0.15261300 0.14355500
vt 0.48378000 0.11298500
vt 0.15522500 0.14965200
vt 0.48759100 0.10686300
vt 0.48355200 0.10591300
vt 0.48017000 0.11353800
vt 0.41469600 0.04095600
vt 0.15556200 0.15569000
vt 0.40843900 0.04820300
vt 0.08209100 0.12799300
vt 0.40517600 0.04368000
vt 0.41150900 0.07019700
vt 0.40853000 0.06677100
vt 0.15155300 0.13538000
vt 0.40476200 0.06647400
vt 0.40470200 0.05259000
vt 0.40282900 0.06254400
vt 0.39575100 0.18901500
vt 0.47441100 0.11213700
vt 0.47485600 0.10956100
vt 0.47784500 0.10574200
vt 0.39996600 0.05176100
vt 0.09177000 0.12576800
vt 0.14642600 0.15490600
vt 0.14311500 0.14358800
vt 0.15056000 0.12740800
vt 0.47106200 0.10440500
vt 0.14151000 0.13113500
vt 0.14459400 0.13705100
vt 0.39934600 0.06353500
vt 0.10117300 0.11774200
vt 0.46940500 0.11064800
vt 0.11926900 0.12714100
vt 0.12434800 0.12801900
vt 0.11944300 0.13202500
vt 0.14723200 0.14964100
vt 0.47291700 0.09683300
vt 0.47687900 0.09451500
vt 0.39793500 0.05701600
vt 0.09730900 0.12337300
vt 0.37303200 0.18460400
vt 0.47314500 0.08925600
vt 0.09965700 0.12993100
vt 0.09442800 0.13638400
vt 0.08614800 0.13314800
vt 0.13380700 0.14972200
vt 0.13775700 0.14296400
vt 0.46716100 0.09425800
vt 0.41698400 0.03591200
vt 0.37247200 0.17776200
vt 0.46879400 0.09886300
vt 0.15503400 0.16552300
vt 0.41428800 0.03208400
vt 0.46359900 0.10368100
vt 0.46383900 0.09969600
vt 0.45999600 0.10164900
vt 0.40944800 0.03824000
vt 0.46248700 0.09353100
vt 0.37091000 0.17355500
vt 0.40894500 0.02865600
vt 0.06897400 0.13682400
vt 0.40729600 0.03556400
vt 0.07490800 0.13267900
vt 0.46146200 0.08703900
vt 0.45839800 0.09106400
vt 0.15238200 0.18255400
vt 0.41607600 0.01927100
vt 0.15030400 0.17409200
vt 0.41280600 0.01622300
vt 0.15802900 0.18719300
vt 0.40825500 0.02443100
vt 0.06661500 0.14052700
vt 0.40898700 0.01731500
vt 0.06127200 0.14565500
vt 0.48450600 0.08220000
vt 0.48656000 0.08464800
vt 0.48068900 0.08919100
vt 0.06915900 0.14517600
vt 0.35760600 0.19488000
vt 0.14872800 0.16443100
vt 0.48506000 0.07762800
vt 0.48013900 0.07532300
vt 0.48164100 0.07739500
vt 0.47886600 0.07976200
vt 0.14374000 0.18142200
vt 0.06518100 0.15116000
vt 0.08281900 0.13176800
vt 0.08112100 0.13399300
vt 0.48023800 0.08687500
vt 0.08237700 0.13834500
vt 0.36251000 0.18948500
vt 0.47554100 0.08698400
vt 0.07597800 0.13707400
vt 0.07774100 0.14296900
vt 0.47442200 0.08413500
vt 0.14359900 0.16585400
vt 0.47385600 0.07813400
vt 0.09468400 0.14063000
vt 0.08690100 0.14379500
vt 0.47881500 0.07097400
vt 0.08425500 0.14550300
vt 0.13790900 0.16396200
vt 0.34896900 0.19148200
vt 0.47184200 0.06897500
vt 0.07099600 0.14925600
vt 0.13812900 0.17603700
vt 0.35563500 0.18837200
vt 0.36490700 0.18273900
vt 0.47045000 0.08304800
vt 0.07552600 0.15195000
vt 0.06806000 0.15786500
vt 0.35644000 0.17952100
vt 0.35031600 0.18176100
vt 0.46863900 0.08096000
vt 0.13407100 0.16981700
vt 0.08242800 0.15058300
vt 0.36424100 0.17179800
vt 0.34683500 0.18792000
vt 0.08132700 0.15819800
vt 0.08558400 0.15165200
vt 0.07546700 0.15772000
vt 0.39648500 0.07030000
vt 0.10812400 0.11502900
vt 0.10553100 0.11872000
vt 0.13798700 0.13347500
vt 0.13188500 0.13645000
vt 0.11295700 0.12788200
vt 0.10816000 0.12758400
vt 0.10447100 0.12236800
vt 0.46635200 0.07929100
vt 0.46329300 0.08009900
vt 0.46541100 0.07480800
vt 0.13425300 0.13987800
vt 0.34828600 0.17515900
vt 0.11395800 0.13439800
vt 0.34445400 0.16978300
vt 0.46820800 0.08737100
vt 0.46384500 0.08861000
vt 0.46450900 0.08433600
vt 0.13029100 0.14565700
vt 0.10415900 0.13330400
vt 0.09890500 0.13681800
vt 0.35800300 0.17269200
vt 0.45817600 0.08291600
vt 0.12643200 0.15026600
vt 0.10783600 0.13680800
vt 0.45620100 0.08788000
vt 0.11429900 0.14362400
vt 0.12141400 0.13571400
vt 0.11777200 0.14407600
vt 0.11137100 0.14216800
vt 0.13183300 0.15393000
vt 0.12759500 0.15333100
vt 0.35053700 0.16803200
vt 0.10323300 0.14009600
vt 0.09962200 0.14174900
vt 0.10790200 0.14634500
vt 0.10359300 0.14521200
vt 0.10997300 0.14953300
vt 0.13720500 0.15551300
vt 0.45387500 0.08028500
vt 0.09294100 0.14583500
vt 0.13179400 0.16256200
vt 0.44702000 0.07907400
vt 0.09661700 0.14779400
vt 0.09044100 0.15100800
vt 0.46065200 0.07648400
vt 0.45703700 0.06898800
vt 0.12655500 0.16114700
vt 0.45617200 0.07579800
vt 0.12230800 0.16136300
vt 0.11634500 0.14984000
vt 0.11339300 0.15246400
vt 0.45248100 0.07530800
vt 0.45484100 0.07038500
vt 0.44893200 0.07213100
vt 0.12543200 0.16549700
vt 0.11810900 0.15703100
vt 0.10582500 0.15282800
vt 0.10869900 0.15533600
vt 0.09960300 0.15599900
vt 0.09364500 0.15382000
vt 0.12388700 0.17505300
vt 0.08491700 0.15485800
vt 0.08827100 0.15885900
vt 0.12990300 0.17644700
vt 0.08091300 0.16399800
vt 0.08651300 0.16403500
vt 0.34444000 0.27173500
vt 0.12292900 0.16999300
vt 0.11815600 0.17089300
vt 0.34414500 0.26478600
vt 0.47042900 0.80597300
vt 0.47036600 0.81212400
vt 0.09236400 0.15907900
vt 0.34091100 0.27627600
vt 0.09897600 0.16130800
vt 0.46445700 0.80493100
vt 0.46454600 0.81013000
vt 0.10135100 0.16452200
vt 0.46939900 0.79584400
vt 0.46871400 0.80088500
vt 0.09161300 0.16445800
vt 0.08736200 0.16806700
vt 0.11809300 0.17819600
vt 0.46097900 0.80622400
vt 0.09785200 0.16710800
vt 0.11365700 0.15612600
vt 0.11037500 0.16298000
vt 0.34418600 0.25989900
vt 0.10777600 0.16490100
vt 0.10477300 0.16467400
vt 0.10537400 0.17297200
vt 0.33925800 0.26642300
vt 0.33442300 0.25949700
vt 0.46667600 0.81575300
vt 0.10138100 0.17185400
vt 0.09781100 0.17448900
vt 0.34127100 0.25854900
vt 0.45713800 0.80735100
vt 0.45427900 0.80383700
vt 0.45974500 0.82286600
vt 0.45104200 0.17727200
vt 0.44534800 0.17102400
vt 0.47916900 0.15876400
vt 0.49021100 0.21654300
vt 0.49098700 0.22191500
vt 0.48489600 0.21090600
vt 0.48121700 0.20878100
vt 0.48229400 0.21221800
vt 0.47918300 0.20544700
vt 0.40878300 0.13343300
vt 0.41449900 0.14037600
vt 0.40762700 0.13557600
vt 0.40236800 0.12641700
vt 0.40229900 0.13007800
vt 0.52563400 0.18078500
vt 0.51993400 0.17355300
vt 0.52675800 0.18556700
vt 0.52244600 0.18227500
vt 0.51900800 0.17866300
vt 0.52164300 0.18731200
vt 0.51580400 0.18398200
vt 0.51676000 0.17091300
vt 0.52118700 0.16598800
vt 0.51149900 0.17209100
vt 0.51546200 0.16700900
vt 0.50916900 0.16637200
vt 0.51297500 0.17640900
vt 0.51073600 0.18186500
vt 0.50458200 0.16748100
vt 0.50125400 0.17275800
vt 0.43216800 0.10760400
vt 0.42555600 0.10355600
vt 0.50164400 0.16186300
vt 0.49775500 0.16279100
vt 0.42802100 0.10143300
vt 0.49467500 0.16929000
vt 0.50083300 0.17692800
vt 0.49400000 0.16663500
vt 0.48566600 0.16659300
vt 0.48205500 0.16457300
vt 0.42235600 0.09959800
vt 0.52399600 0.17071700
vt 0.39093900 0.11806500
vt 0.39129000 0.11080700
vt 0.14182800 0.09230900
vt 0.51437700 0.16216900
vt 0.49941600 0.15179100
vt 0.46574000 0.06894900
vt 0.42757500 0.07025200
vt 0.49736900 0.15883900
vt 0.41870000 0.08095600
vt 0.41987000 0.09316100
vt 0.52354400 0.19673600
vt 0.41777100 0.09075100
vt 0.51782600 0.19032000
vt 0.52028000 0.19906600
vt 0.45650900 0.11602700
vt 0.51325000 0.18948700
vt 0.41577800 0.08679600
vt 0.41332700 0.07474900
vt 0.43728000 0.10740900
vt 0.41399200 0.08156900
vt 0.47668500 0.20482100
vt 0.47070200 0.19586500
vt 0.46392200 0.18875400
vt 0.45898400 0.18596100
vt 0.14047000 0.10123700
vt 0.13729400 0.10175700
vt 0.13501100 0.11006200
vt 0.49548400 0.17902400
vt 0.43282100 0.11503300
vt 0.43808000 0.11220100
vt 0.48720300 0.17090900
vt 0.13173700 0.11352200
vt 0.13027700 0.11932300
vt 0.12812200 0.13056500
vt 0.12922900 0.12489900
vt 0.12843600 0.11700300
vt 0.12669600 0.12336500
vt 0.43977200 0.16401500
vt 0.47789700 0.15295600
vt 0.46111800 0.13848300
vt 0.45331100 0.13257800
vt 0.43011200 0.15583900
vt 0.42629800 0.14917800
vt 0.42232500 0.14851200
vt 0.12683000 0.12739000
vt 0.12456800 0.13359600
vt 0.44806900 0.13163700
vt 0.45560900 0.18194200
vt 0.12298300 0.14390500
vt 0.12134800 0.14246700
vt 0.47054600 0.07402600
vt 0.11856300 0.15132100
vt 0.11425400 0.16163900
vt 0.13317500 0.18299100
vt 0.11328200 0.16849700
vt 0.11053000 0.16945100
vt 0.11448500 0.17916500
vt 0.34926500 0.44021400
vt 0.30739400 0.40983900
vt 0.31085400 0.40261900
vt 0.31638600 0.41254700
vt 0.29506300 0.78873300
vt 0.30015700 0.78681100
vt 0.29925800 0.79490600
vt 0.23669700 0.38623100
vt 0.24307800 0.37838600
vt 0.24556400 0.38729200
vt 0.35002800 0.42135600
vt 0.39450700 0.78045000
vt 0.40117200 0.78411800
vt 0.31898600 0.39477200
vt 0.31105600 0.39148800
vt 0.32208000 0.38889200
vt 0.29417800 0.79391400
vt 0.30986300 0.38227000
vt 0.29551800 0.78045900
vt 0.29037600 0.78721300
vt 0.39514300 0.77292900
vt 0.39118200 0.77654300
vt 0.39030400 0.77128200
vt 0.36241300 0.69640800
vt 0.35438100 0.72806600
vt 0.35705400 0.73465500
vt 0.34923900 0.73161400
vt 0.36469700 0.69812200
vt 0.31116800 0.34358900
vt 0.30973600 0.33848600
vt 0.31596500 0.33763300
vt 0.28421700 0.78022400
vt 0.28523900 0.78632000
vt 0.28776400 0.78066400
vt 0.39131700 0.78160900
vt 0.38594100 0.77771400
vt 0.34095700 0.42604700
vt 0.34150600 0.42959200
vt 0.30976800 0.33079100
vt 0.34877600 0.72604800
vt 0.33936500 0.41699000
vt 0.39748200 0.78679000
vt 0.34608600 0.72857200
vt 0.23120700 0.37603800
vt 0.34984700 0.73758400
vt 0.28853900 0.79475900
vt 0.35349200 0.73893500
vt 0.38849200 0.78802400
vt 0.28360600 0.79273500
vt 0.31681800 0.34594500
vt 0.32176200 0.40284100
vt 0.36686700 0.70255400
vt 0.28025700 0.78589700
vt 0.30257500 0.39599400
vt 0.30479500 0.34940500
vt 0.30475300 0.33246900
vt 0.34464800 0.73424900
vt 0.34145600 0.72529300
vt 0.36184400 0.70195400
vt 0.24225900 0.37064400
vt 0.33968800 0.73222200
vt 0.36853600 0.70668100
vt 0.33626800 0.72723800
vt 0.38278900 0.78214000
vt 0.23369300 0.35859900
vt 0.24299200 0.36046100
vt 0.23001100 0.36646800
vt 0.34281200 0.41183300
vt 0.38076800 0.78895100
vt 0.34368400 0.74145000
vt 0.37224100 0.71067300
vt 0.30763800 0.79849200
vt 0.30860800 0.80411900
vt 0.30232700 0.80495700
vt 0.30232600 0.79861600
vt 0.34173700 0.73756300
vt 0.29602900 0.80407800
vt 0.32533500 0.34681400
vt 0.35901700 0.69843800
vt 0.39138300 0.76172000
vt 0.30128000 0.40409000
vt 0.36070200 0.70879500
vt 0.35815700 0.70501000
vt 0.29667600 0.80819500
vt 0.38322300 0.76490000
vt 0.38633400 0.75847100
vt 0.38633800 0.76261700
vt 0.33955200 0.40484400
vt 0.36305600 0.71186100
vt 0.28931700 0.80603300
vt 0.33802900 0.74022900
vt 0.30337300 0.79208500
vt 0.32001300 0.35242400
vt 0.32299700 0.35920100
vt 0.33529300 0.73389500
vt 0.33236000 0.42504700
vt 0.33497600 0.73788000
vt 0.28990100 0.79905200
vt 0.33526000 0.74516100
vt 0.38271900 0.76079400
vt 0.28381700 0.80106700
vt 0.29743800 0.41032200
vt 0.29214600 0.40331400
vt 0.35387000 0.70780400
vt 0.32330900 0.34046100
vt 0.38716800 0.76825100
vt 0.35932500 0.71449000
vt 0.33122900 0.74017500
vt 0.38541300 0.77379200
vt 0.31262200 0.80098800
vt 0.31777000 0.80410600
vt 0.31350500 0.80701300
vt 0.32870400 0.41719400
vt 0.32741300 0.40775000
vt 0.32516900 0.73724200
vt 0.32588200 0.74196100
vt 0.38153000 0.77015400
vt 0.29031200 0.39376800
vt 0.30860400 0.80999400
vt 0.34823700 0.71833800
vt 0.34885100 0.71466900
vt 0.35366700 0.71480400
vt 0.34399900 0.71775600
vt 0.34502600 0.71279900
vt 0.35135100 0.71053500
vt 0.33994700 0.71369400
vt 0.34669400 0.72190400
vt 0.30171600 0.81202400
vt 0.35021900 0.43345400
vt 0.31424600 0.35941200
vt 0.33660100 0.71553900
vt 0.34073300 0.72066500
vt 0.37617000 0.76938300
vt 0.37304900 0.76537400
vt 0.31100600 0.35224400
vt 0.33702900 0.72182900
vt 0.30674400 0.81654200
vt 0.33187700 0.72209900
vt 0.29938400 0.82001100
vt 0.30699100 0.81905600
vt 0.34600300 0.43172600
vt 0.22130200 0.35938900
vt 0.34088300 0.43415000
vt 0.35885500 0.68709800
vt 0.36018900 0.69089200
vt 0.29756800 0.81522600
vt 0.37645800 0.77571900
vt 0.29338800 0.81331700
vt 0.35979600 0.69423200
vt 0.31035100 0.41834000
vt 0.30183400 0.41597400
vt 0.33161500 0.71563800
vt 0.35510300 0.69517900
vt 0.30367000 0.35526900
vt 0.30752200 0.34903500
vt 0.32614000 0.72113100
vt 0.33322900 0.72550000
vt 0.35816300 0.68065800
vt 0.32773900 0.72662000
vt 0.37199100 0.77495000
vt 0.33000100 0.72938800
vt 0.30556900 0.42291600
vt 0.37710200 0.75804700
vt 0.37418300 0.75972400
vt 0.30399600 0.82781300
vt 0.29906300 0.82819800
vt 0.22227300 0.35319400
vt 0.21301000 0.35763200
vt 0.35530400 0.68995100
vt 0.35421300 0.68633300
vt 0.32603600 0.71465300
vt 0.32238500 0.71889500
vt 0.29713200 0.83304900
vt 0.29342000 0.82914900
vt 0.21328000 0.34957300
vt 0.21320300 0.34202800
vt 0.22220700 0.34469100
vt 0.36311500 0.76662900
vt 0.36845900 0.76138700
vt 0.36202000 0.76052500
vt 0.35407000 0.68097500
vt 0.36939200 0.77105300
vt 0.36735100 0.76830800
vt 0.20945400 0.34722000
vt 0.33977700 0.44108700
vt 0.32193300 0.72395500
vt 0.35072700 0.68717000
vt 0.34206600 0.44623200
vt 0.35045000 0.68002000
vt 0.30117800 0.83494200
vt 0.37922700 0.77820400
vt 0.33565300 0.43307000
vt 0.35024800 0.69498300
vt 0.32379800 0.72899800
vt 0.32474200 0.73266200
vt 0.34693800 0.69023400
vt 0.20892800 0.35648900
vt 0.29163800 0.83408100
vt 0.29394700 0.83788200
vt 0.33171700 0.43083500
vt 0.33057900 0.73358900
vt 0.37776000 0.78301300
vt 0.35439700 0.70200400
vt 0.35073500 0.69937700
vt 0.20227900 0.35608200
vt 0.20379300 0.34968300
vt 0.34562000 0.69698000
vt 0.34376000 0.69430400
vt 0.32645600 0.43564500
vt 0.36851000 0.77803400
vt 0.33443400 0.43728600
vt 0.37263100 0.78286900
vt 0.23785600 0.40806800
vt 0.23577300 0.40254800
vt 0.24477500 0.40868800
vt 0.27110900 0.76598500
vt 0.27382200 0.75995800
vt 0.27791300 0.76301100
vt 0.24292300 0.41335100
vt 0.31895000 0.38086700
vt 0.35474800 0.74373900
vt 0.35937900 0.74126000
vt 0.35506000 0.74821700
vt 0.34512800 0.70113200
vt 0.34989200 0.74416300
vt 0.34967700 0.74985000
vt 0.31891300 0.37110500
vt 0.23238100 0.41322000
vt 0.24248700 0.41790500
vt 0.30744200 0.37327200
vt 0.26858100 0.76161900
vt 0.27204200 0.75652900
vt 0.39841800 0.79180700
vt 0.35884700 0.74967900
vt 0.30730700 0.30826700
vt 0.23407500 0.40706900
vt 0.40787900 0.79738500
vt 0.30875700 0.31940700
vt 0.26468400 0.75731400
vt 0.40334000 0.79330000
vt 0.33445200 0.44778300
vt 0.33306300 0.44218500
vt 0.34681500 0.68498700
vt 0.34327000 0.68559900
vt 0.30066100 0.38537300
vt 0.34446300 0.74534100
vt 0.34023900 0.68909700
vt 0.33029000 0.43993700
vt 0.27570500 0.77682300
vt 0.27307700 0.76995000
vt 0.28237900 0.77057000
vt 0.23755100 0.39922600
vt 0.24470100 0.39729200
vt 0.35144400 0.75631300
vt 0.39825100 0.79579200
vt 0.34918400 0.70357800
vt 0.34493300 0.75576400
vt 0.34382000 0.74917900
vt 0.32146600 0.42109000
vt 0.23008300 0.39376800
vt 0.22901400 0.39996300
vt 0.34523400 0.70576600
vt 0.36467300 0.75658100
vt 0.35978400 0.75458900
vt 0.36450400 0.75120500
vt 0.39399200 0.79108200
vt 0.34709600 0.70881500
vt 0.27328900 0.78406500
vt 0.27067800 0.77620900
vt 0.27878700 0.78046700
vt 0.35290800 0.76134100
vt 0.30531700 0.32653200
vt 0.22825200 0.40594400
vt 0.29605100 0.37355800
vt 0.30215300 0.36877600
vt 0.32208800 0.43349700
vt 0.32041300 0.43108900
vt 0.33998000 0.69851800
vt 0.26641600 0.78083400
vt 0.01624200 0.56188800
vt 0.34050200 0.70226100
vt 0.40774200 0.80591600
vt 0.40030900 0.80142700
vt 0.22324000 0.40076100
vt 0.22540900 0.39499300
vt 0.34580600 0.76290800
vt 0.35099100 0.76946000
vt 0.35593600 0.76949500
vt 0.26673100 0.76913300
vt 0.33756100 0.70259100
vt 0.33465200 0.69956500
vt 0.40213700 0.80833100
vt 0.39966600 0.80539200
vt 0.29852800 0.30900400
vt 0.31374900 0.43641500
vt 0.31129500 0.43460300
vt 0.33419700 0.70565400
vt 0.34054400 0.75362300
vt 0.26378500 0.76738600
vt 0.29231800 0.38196000
vt 0.33751800 0.69458600
vt 0.31987400 0.43975600
vt 0.32506700 0.44321900
vt 0.33455600 0.69157500
vt 0.40725700 0.81004900
vt 0.02094100 0.56375800
vt 0.26341500 0.77514300
vt 0.40204400 0.81395700
vt 0.33467700 0.69646800
vt 0.30055300 0.31902600
vt 0.22335800 0.40833800
vt 0.33515800 0.75323100
vt 0.31695100 0.44273500
vt 0.02795900 0.56614400
vt 0.25894300 0.76695800
vt 0.01939300 0.55810100
vt 0.33166100 0.69945200
vt 0.22036600 0.40649800
vt 0.02450600 0.55761400
vt 0.33042000 0.70477200
vt 0.23849300 0.42234400
vt 0.24585600 0.42274200
vt 0.29933700 0.32647700
vt 0.33290800 0.74894600
vt 0.24338600 0.42947100
vt 0.26575000 0.73778700
vt 0.27035900 0.74249800
vt 0.26396000 0.74520100
vt 0.32987000 0.74653300
vt 0.38969500 0.79605200
vt 0.38340200 0.79601500
vt 0.31532800 0.42668100
vt 0.26302200 0.74053900
vt 0.33640100 0.75859600
vt 0.33823800 0.70856700
vt 0.23315200 0.43348100
vt 0.25868300 0.74370200
vt 0.23295000 0.42736900
vt 0.38713500 0.80125500
vt 0.39285400 0.80048000
vt 0.25898000 0.73035100
vt 0.23849900 0.43568600
vt 0.26345900 0.73159200
vt 0.34274000 0.76030100
vt 0.25523000 0.73765000
vt 0.37979900 0.79252600
vt 0.37559400 0.78924100
vt 0.24200600 0.44692100
vt 0.23697400 0.44541700
vt 0.24157500 0.44110400
vt 0.29353500 0.32539100
vt 0.28964700 0.32019400
vt 0.25560800 0.72149000
vt 0.25718300 0.70892700
vt 0.25974200 0.71787600
vt 0.23437500 0.45088400
vt 0.34662000 0.76713000
vt 0.33107100 0.70905400
vt 0.33645400 0.71135300
vt 0.39043300 0.80638400
vt 0.31039200 0.43072100
vt 0.29228800 0.30966000
vt 0.28560500 0.37004600
vt 0.33860300 0.76804600
vt 0.39602800 0.81120200
vt 0.25009300 0.73020500
vt 0.27949900 0.37743800
vt 0.32546400 0.70456700
vt 0.32657400 0.69750400
vt 0.29097600 0.30038400
vt 0.30483400 0.43293400
vt 0.23468700 0.43795600
vt 0.33184100 0.76374500
vt 0.22639600 0.43848800
vt 0.24971300 0.73766500
vt 0.33091800 0.75835300
vt 0.30605300 0.43778200
vt 0.31135000 0.44357600
vt 0.34896500 0.77322900
vt 0.32148900 0.70221900
vt 0.24911400 0.72556700
vt 0.34328700 0.77478300
vt 0.30082200 0.43605900
vt 0.28258800 0.31563200
vt 0.29654600 0.43236100
vt 0.30645600 0.44393800
vt 0.24960200 0.72210600
vt 0.27782500 0.30689500
vt 0.24840500 0.71495800
vt 0.38898300 0.81464100
vt 0.22969200 0.44354400
vt 0.38585400 0.80727500
vt 0.28256900 0.39913400
vt 0.23219800 0.44455500
vt 0.38248900 0.81254400
vt 0.29864800 0.42561300
vt 0.29170700 0.41542000
vt 0.37980900 0.80074500
vt 0.31829000 0.71808300
vt 0.24313900 0.73552700
vt 0.05583200 0.57293600
vt 0.32577100 0.70966600
vt 0.24309700 0.72402000
vt 0.31766500 0.72834500
vt 0.29657800 0.35820500
vt 0.29120800 0.35615900
vt 0.31392900 0.72498500
vt 0.26982400 0.74601900
vt 0.26988200 0.75041300
vt 0.31591200 0.73029300
vt 0.29028000 0.42902600
vt 0.28700100 0.42291300
vt 0.30966200 0.36244200
vt 0.28466200 0.41768400
vt 0.36349600 0.77256000
vt 0.26151600 0.75135600
vt 0.31920400 0.70775200
vt 0.32210900 0.70721500
vt 0.35795600 0.76665500
vt 0.28403800 0.40929000
vt 0.31394800 0.73571800
vt 0.30822100 0.73213600
vt 0.31590600 0.70221100
vt 0.35983200 0.77360400
vt 0.36504800 0.77952700
vt 0.31790100 0.71292600
vt 0.29502500 0.36266400
vt 0.31235600 0.72047700
vt 0.22892700 0.41717600
vt 0.35709600 0.67512500
vt 0.25926900 0.75690200
vt 0.34707100 0.44950000
vt 0.30676200 0.72454900
vt 0.23012700 0.42341200
vt 0.35458000 0.77472700
vt 0.31961300 0.73640400
vt 0.35319600 0.67434300
vt 0.25705600 0.74922900
vt 0.35046200 0.67619800
vt 0.34711500 0.67864400
vt 0.35450400 0.78127100
vt 0.31988600 0.74284000
vt 0.35655800 0.66908400
vt 0.34432400 0.45835600
vt 0.35456500 0.67162200
vt 0.36913200 0.78288400
vt 0.22688400 0.42772600
vt 0.35092600 0.67179700
vt 0.25210300 0.75512500
vt 0.03858400 0.56857100
vt 0.03290300 0.56846700
vt 0.25653100 0.76056400
vt 0.33882000 0.45094700
vt 0.31266500 0.73924000
vt 0.33772300 0.45679700
vt 0.36937600 0.78807400
vt 0.34381800 0.67741700
vt 0.24918800 0.74798400
vt 0.04464400 0.57071700
vt 0.28605500 0.33359200
vt 0.31490400 0.74323900
vt 0.22340400 0.41509700
vt 0.36337200 0.78315900
vt 0.35867000 0.78224400
vt 0.27665500 0.42626500
vt 0.27777300 0.41342100
vt 0.33034400 0.44582400
vt 0.32830100 0.45074700
vt 0.30276400 0.71843100
vt 0.31133600 0.71755700
vt 0.22180000 0.42218800
vt 0.33481600 0.45563900
vt 0.22283200 0.42652400
vt 0.36530500 0.79252100
vt 0.36268500 0.79064500
vt 0.28256200 0.42876400
vt 0.34519300 0.67008600
vt 0.34033700 0.67182100
vt 0.35826600 0.78758600
vt 0.28338500 0.34484400
vt 0.30141300 0.72408300
vt 0.30173400 0.72916900
vt 0.22043600 0.41213500
vt 0.03374600 0.55975900
vt 0.02863000 0.56159000
vt 0.33703400 0.68220800
vt 0.33541900 0.67873700
vt 0.34125900 0.68093900
vt 0.29568600 0.72391900
vt 0.33719500 0.67344000
vt 0.32458800 0.45774400
vt 0.29839600 0.71937800
vt 0.33191400 0.46061300
vt 0.03128400 0.55756600
vt 0.02931300 0.55395500
vt 0.33372500 0.67492300
vt 0.29558900 0.71730700
vt 0.21428800 0.41083800
vt 0.21747500 0.40478300
vt 0.21734700 0.41200600
vt 0.28575500 0.35571800
vt 0.03616900 0.56253200
vt 0.30001400 0.73652400
vt 0.35188500 0.66353300
vt 0.29711900 0.73167200
vt 0.35132600 0.65928200
vt 0.21803200 0.41844700
vt 0.27005200 0.42312700
vt 0.34081200 0.46323800
vt 0.35003700 0.77998100
vt 0.04446000 0.56589400
vt 0.04091000 0.56044500
vt 0.34992000 0.66637400
vt 0.28064700 0.36172500
vt 0.03745900 0.55483000
vt 0.30832200 0.73974300
vt 0.34623000 0.66305700
vt 0.34825800 0.66182800
vt 0.21331300 0.41635800
vt 0.34244100 0.66692800
vt 0.31170000 0.74301100
vt 0.27275100 0.40139400
vt 0.31140200 0.74738400
vt 0.21511000 0.42581300
vt 0.34149600 0.78229500
vt 0.34289300 0.47168000
vt 0.20809600 0.41452700
vt 0.30461300 0.74734900
vt 0.28320700 0.34867600
vt 0.28163800 0.33843700
vt 0.35402600 0.65358000
vt 0.34864700 0.47366800
vt 0.34945300 0.65208300
vt 0.30288500 0.74182400
vt 0.24673100 0.74050300
vt 0.05078900 0.57317000
vt 0.34569700 0.65742800
vt 0.22286000 0.43172300
vt 0.34029100 0.46702000
vt 0.35403800 0.79319500
vt 0.26748000 0.40819900
vt 0.33918700 0.66053000
vt 0.27759800 0.34749100
vt 0.33706400 0.47212500
vt 0.22002100 0.43594400
vt 0.04906100 0.57130000
vt 0.27162100 0.41314700
vt 0.29430200 0.74096800
vt 0.29859600 0.74493700
vt 0.35241900 0.78759200
vt 0.04829000 0.56567200
vt 0.33721000 0.66668600
vt 0.34671200 0.78555100
vt 0.32555300 0.75165400
vt 0.32911300 0.46585200
vt 0.21728800 0.43013400
vt 0.32392900 0.46481000
vt 0.32488100 0.74751200
vt 0.27360700 0.35391700
vt 0.28377000 0.38579900
vt 0.04681200 0.56134100
vt 0.33375900 0.66907800
vt 0.34970300 0.78968600
vt 0.32962000 0.67166800
vt 0.34835300 0.79453500
vt 0.05273300 0.56613100
vt 0.33354600 0.46936400
vt 0.32412800 0.75875600
vt 0.32330800 0.75474600
vt 0.22169700 0.44229300
vt 0.05780100 0.56598000
vt 0.28944900 0.32925500
vt 0.37526300 0.79549400
vt 0.31592700 0.74906100
vt 0.31593700 0.75461700
vt 0.33441000 0.66424800
vt 0.27554700 0.39126500
vt 0.05212700 0.56055300
vt 0.28305500 0.32702600
vt 0.33028000 0.66544800
vt 0.32924300 0.47168600
vt 0.21487500 0.43834800
vt 0.33174600 0.66075400
vt 0.33016500 0.66381300
vt 0.37098200 0.79692800
vt 0.32302500 0.47171500
vt 0.20964600 0.43356200
vt 0.27682400 0.32145700
vt 0.36798500 0.80299600
vt 0.36487100 0.79982100
vt 0.37382700 0.80497500
vt 0.27601400 0.32977600
vt 0.04253600 0.55432800
vt 0.27846600 0.36966600
vt 0.21030300 0.42615400
vt 0.33418700 0.77305000
vt 0.04825800 0.55491500
vt 0.38162900 0.80669800
vt 0.32951100 0.77039300
vt 0.33607700 0.68492700
vt 0.20980200 0.42068200
vt 0.26986800 0.38301900
vt 0.32462100 0.76798900
vt 0.20439000 0.41954800
vt 0.32100200 0.45068700
vt 0.03999300 0.54979200
vt 0.04900600 0.54998800
vt 0.27087300 0.31209100
vt 0.32402900 0.77392000
vt 0.37667100 0.80470000
vt 0.33055400 0.67830800
vt 0.32789800 0.68044200
vt 0.31670100 0.45355800
vt 0.31464100 0.44844900
vt 0.37652900 0.81039400
vt 0.32343600 0.76456200
vt 0.31964000 0.46004400
vt 0.05654000 0.55598900
vt 0.37819700 0.81505900
vt 0.31841700 0.76408600
vt 0.36880200 0.81131300
vt 0.05393700 0.55126400
vt 0.20435300 0.43361900
vt 0.20553100 0.42690900
vt 0.32059200 0.77053600
vt 0.04380300 0.54607800
vt 0.36589200 0.80744000
vt 0.37327900 0.81491900
vt 0.32249100 0.67491100
vt 0.32197200 0.68129700
vt 0.31040500 0.45769700
vt 0.31200600 0.45236900
vt 0.20068900 0.42572900
vt 0.31378800 0.46344700
vt 0.30911400 0.75475900
vt 0.30937000 0.76053700
vt 0.26765500 0.39210600
vt 0.31843400 0.46864500
vt 0.27182500 0.33673000
vt 0.26451200 0.32791600
vt 0.32556700 0.66584200
vt 0.22246000 0.38213100
vt 0.26861300 0.37435600
vt 0.32603700 0.66962000
vt 0.22711300 0.39020200
vt 0.27799200 0.78898900
vt 0.32120800 0.66955100
vt 0.36202600 0.81296400
vt 0.36643400 0.81509500
vt 0.31508700 0.76034600
vt 0.31874300 0.67361300
vt 0.31217300 0.76417200
vt 0.26698900 0.32153000
vt 0.27488700 0.79678600
vt 0.31742200 0.76998800
vt 0.27979700 0.79883300
vt 0.31386100 0.67231500
vt 0.22298700 0.38820000
vt 0.36209200 0.81904800
vt 0.31786900 0.67666800
vt 0.21826800 0.37416300
vt 0.35430300 0.81100400
vt 0.35827200 0.80623100
vt 0.30677100 0.46036900
vt 0.25768900 0.31756800
vt 0.26461900 0.30589100
vt 0.30305000 0.76604200
vt 0.30441800 0.76130700
vt 0.30857900 0.76847600
vt 0.31234500 0.77119800
vt 0.31428100 0.66875200
vt 0.35699200 0.81833500
vt 0.30897200 0.47044200
vt 0.30232000 0.46514600
vt 0.25766800 0.39203600
vt 0.31252500 0.67835400
vt 0.31132400 0.67433800
vt 0.25475600 0.38451700
vt 0.30432600 0.77266700
vt 0.31474600 0.77684500
vt 0.28533200 0.81039000
vt 0.28001200 0.80719900
vt 0.30826000 0.67768900
vt 0.30754600 0.67139300
vt 0.29675100 0.46390300
vt 0.29914600 0.47137800
vt 0.30742900 0.74856500
vt 0.27476900 0.80209400
vt 0.27773200 0.80559500
vt 0.33083900 0.68585200
vt 0.36097700 0.79498900
vt 0.36057300 0.79802900
vt 0.30393900 0.75430000
vt 0.29999300 0.75289700
vt 0.28147700 0.81477200
vt 0.21605500 0.37941900
vt 0.32939400 0.69187300
vt 0.27565800 0.81154000
vt 0.32696600 0.68890300
vt 0.30568800 0.75712800
vt 0.21871500 0.38624400
vt 0.26907500 0.42859800
vt 0.27679900 0.43168400
vt 0.27530200 0.81774500
vt 0.32516300 0.68469900
vt 0.35470100 0.79933100
vt 0.29186500 0.72717300
vt 0.29105200 0.72268500
vt 0.28722500 0.72543000
vt 0.34889600 0.79834500
vt 0.26829100 0.34693100
vt 0.35192300 0.80201000
vt 0.26449800 0.42351500
vt 0.27162700 0.78965700
vt 0.00903400 0.55941000
vt 0.35652800 0.80244900
vt 0.26422600 0.41895300
vt 0.28952800 0.73257400
vt 0.35393100 0.80481600
vt 0.29152700 0.73530700
vt 0.28752700 0.72848200
vt 0.26307500 0.33464500
vt 0.32373200 0.69213500
vt 0.32156500 0.69520200
vt 0.22356700 0.39788000
vt 0.01339300 0.55563700
vt 0.31927300 0.69214300
vt 0.22142300 0.39503800
vt 0.26246700 0.42747300
vt 0.26874000 0.79678400
vt 0.00914600 0.55345600
vt 0.26834000 0.80185200
vt 0.00784300 0.54948900
vt 0.25813400 0.42399000
vt 0.25880800 0.42164000
vt 0.28061900 0.73389800
vt 0.28536100 0.73534900
vt 0.31686200 0.69710300
vt 0.27364100 0.36249800
vt 0.30226300 0.44545300
vt 0.29654900 0.74990900
vt 0.32120000 0.68661600
vt 0.30846000 0.45044800
vt 0.27011600 0.36749400
vt 0.26581000 0.35704200
vt 0.29396100 0.74613100
vt 0.21614400 0.39186700
vt 0.25947900 0.41605700
vt 0.25783400 0.40789100
vt 0.30195400 0.45376600
vt 0.21602200 0.40100800
vt 0.31458700 0.68998700
vt 0.34220000 0.78838900
vt 0.02315700 0.55379500
vt 0.33365600 0.78482500
vt 0.33597900 0.77854900
vt 0.33848500 0.79244800
vt 0.33177600 0.78913600
vt 0.01441900 0.54965200
vt 0.34244100 0.79467500
vt 0.21380600 0.39607900
vt 0.28616100 0.74222200
vt 0.31388700 0.69660600
vt 0.34197700 0.79743000
vt 0.31616400 0.68185100
vt 0.28248300 0.73790200
vt 0.02246800 0.54899500
vt 0.01304500 0.54362500
vt 0.01900700 0.54347900
vt 0.28849200 0.74647900
vt 0.31145500 0.68478300
vt 0.27095500 0.80708100
vt 0.21115600 0.38867300
vt 0.25317300 0.41549500
vt 0.30854500 0.68557400
vt 0.26622400 0.81008600
vt 0.29581000 0.45648700
vt 0.26168400 0.81242600
vt 0.01046400 0.53931600
vt 0.25198100 0.42031100
vt 0.33198600 0.79270700
vt 0.26919700 0.81350300
vt 0.33402800 0.79722200
vt 0.21050800 0.37834200
vt 0.28071800 0.74271000
vt 0.28375700 0.74941700
vt 0.25845800 0.36386100
vt 0.25897100 0.35224100
vt 0.20481800 0.38132300
vt 0.32560000 0.78986900
vt 0.32963400 0.79847600
vt 0.32751500 0.79409000
vt 0.32244200 0.79523500
vt 0.32204400 0.79957600
vt 0.31371200 0.70800700
vt 0.24764100 0.41597200
vt 0.31199900 0.71193800
vt 0.27666300 0.74903100
vt 0.26145100 0.81720300
vt 0.29272700 0.43683100
vt 0.25055900 0.35727400
vt 0.25127900 0.36365400
vt 0.26558000 0.81766500
vt 0.30916000 0.70363800
vt 0.20909600 0.39656600
vt 0.27547700 0.74310000
vt 0.20530900 0.39721600
vt 0.20315000 0.39120100
vt 0.01572000 0.53958800
vt 0.26024900 0.40000900
vt 0.25737400 0.32829000
vt 0.36027700 0.82519800
vt 0.28693600 0.43252400
vt 0.30835600 0.70882400
vt 0.35216200 0.82412400
vt 0.35275600 0.81897000
vt 0.34916400 0.81772400
vt 0.21653900 0.36706800
vt 0.30534500 0.71154700
vt 0.25119900 0.33195700
vt 0.30799500 0.71477900
vt 0.26200200 0.34146700
vt 0.28764600 0.81804200
vt 0.29708200 0.76820200
vt 0.29413600 0.82340900
vt 0.28954800 0.43829400
vt 0.28242600 0.43482700
vt 0.34793900 0.80588900
vt 0.34368400 0.80458200
vt 0.29957800 0.77578100
vt 0.30030400 0.71410400
vt 0.29152500 0.77537600
vt 0.21315300 0.37082000
vt 0.28508700 0.82075600
vt 0.25146500 0.37939100
vt 0.33862200 0.80937200
vt 0.33980400 0.80229900
vt 0.34341800 0.81101400
vt 0.34951700 0.81118100
vt 0.21036000 0.36349200
vt 0.28919300 0.82652900
vt 0.28492100 0.82639500
vt 0.29666900 0.44334500
vt 0.31108900 0.69979500
vt 0.27954800 0.81938300
vt 0.28111700 0.82300300
vt 0.33427800 0.80247500
vt 0.29398100 0.75410700
vt 0.29935700 0.76012700
vt 0.28977400 0.44765600
vt 0.29661700 0.44890100
vt 0.29415900 0.75650600
vt 0.30929200 0.69299500
vt 0.28691900 0.83251900
vt 0.28980800 0.75019600
vt 0.30562200 0.69641700
vt 0.28610600 0.75400400
vt 0.28774800 0.76103600
vt 0.30366000 0.70405400
vt 0.34460900 0.81784900
vt 0.29432900 0.76234400
vt 0.28941800 0.84308100
vt 0.25202100 0.40180900
vt 0.29290700 0.45557800
vt 0.28813500 0.45268600
vt 0.29983500 0.69696900
vt 0.29895400 0.70041500
vt 0.30162100 0.69156700
vt 0.30040500 0.76302100
vt 0.34606300 0.82801300
vt 0.33988900 0.82033900
vt 0.25105900 0.34199400
vt 0.29070400 0.76686000
vt 0.20382400 0.37034100
vt 0.27859300 0.82848200
vt 0.20219400 0.37667600
vt 0.28409500 0.75686700
vt 0.30185100 0.70827900
vt 0.28531500 0.44024100
vt 0.28312100 0.83284500
vt 0.20301100 0.36321500
vt 0.33046800 0.80702700
vt 0.33534300 0.81192800
vt 0.28488500 0.83904900
vt 0.19904500 0.36224700
vt 0.19778200 0.35634400
vt 0.28161700 0.76101400
vt 0.28015700 0.43954300
vt 0.28093000 0.44490500
vt 0.29619200 0.70676400
vt 0.29639900 0.71018500
vt 0.20035500 0.36704300
vt 0.24357000 0.34686400
vt 0.32585300 0.80380800
vt 0.27912900 0.75550800
vt 0.28706500 0.76657400
vt 0.28014600 0.83733400
vt 0.27466400 0.83443800
vt 0.32264800 0.80803800
vt 0.29373900 0.71352400
vt 0.27409600 0.43854500
vt 0.32762400 0.81422100
vt 0.29039400 0.71601000
vt 0.32214600 0.81358900
vt 0.19197700 0.36074100
vt 0.27848400 0.84174000
vt 0.27678700 0.44347600
vt 0.28302000 0.84390900
vt 0.28776500 0.71081600
vt 0.24131500 0.33521300
vt 0.29399600 0.70124800
vt 0.28273000 0.45051200
vt 0.33375500 0.81550900
vt 0.27055900 0.82173300
vt 0.27573400 0.75292000
vt 0.27179200 0.82654500
vt 0.26656600 0.82010800
vt 0.33033700 0.82076200
vt 0.29581400 0.69582800
vt 0.23644200 0.32715500
vt 0.19607900 0.37023100
vt 0.26953900 0.82900400
vt 0.27895700 0.44971000
vt 0.27554500 0.44749700
vt 0.27073100 0.44629400
vt 0.28931700 0.70613500
vt 0.26469600 0.82645200
vt 0.26711600 0.83557700
vt 0.32421800 0.81999700
vt 0.28231000 0.70601000
vt 0.33180100 0.82646500
vt 0.33974400 0.82641000
vt 0.25494000 0.82259400
vt 0.01376700 0.52884600
vt 0.19606100 0.38406200
vt 0.19838300 0.39028100
vt 0.30527800 0.68150200
vt 0.30456600 0.68561800
vt 0.25849100 0.82579800
vt 0.26423600 0.83311000
vt 0.26929600 0.43475800
vt 0.29920100 0.68386500
vt 0.19557100 0.37778200
vt 0.28504000 0.72243100
vt 0.25690200 0.83061500
vt 0.29716700 0.69151500
vt 0.28553300 0.71700400
vt 0.28171800 0.71749700
vt 0.26014500 0.43654300
vt 0.27426400 0.83876100
vt 0.26296500 0.43852300
vt 0.28188000 0.72399000
vt 0.28707500 0.46244800
vt 0.30218800 0.67740700
vt 0.26479000 0.84016500
vt 0.31635900 0.81265200
vt 0.19007800 0.37329200
vt 0.19085800 0.36502000
vt 0.27686000 0.72357500
vt 0.27910900 0.72891400
vt 0.27950600 0.45605800
vt 0.18821500 0.36906100
vt 0.23365500 0.35116700
vt 0.26986900 0.84152600
vt 0.28877300 0.46921300
vt 0.23682900 0.34298200
vt 0.27441600 0.84656200
vt 0.26711300 0.43987500
vt 0.28452300 0.46690000
vt 0.28259000 0.71414900
vt 0.27433900 0.71845300
vt 0.29061200 0.67941300
vt 0.29045500 0.68430100
vt 0.31532500 0.81648300
vt 0.27300100 0.71352600
vt 0.26140100 0.44473200
vt 0.26059500 0.83721000
vt 0.26982100 0.84663600
vt 0.26261200 0.84618300
vt 0.29135100 0.69339600
vt 0.28658600 0.68831600
vt 0.25130700 0.43193200
vt 0.32384800 0.82488700
vt 0.32863600 0.82863800
vt 0.25422600 0.43636300
vt 0.22841800 0.33953600
vt 0.18972500 0.38004700
vt 0.32153500 0.82857800
vt 0.27457400 0.72746200
vt 0.27221700 0.73139100
vt 0.27567300 0.46560600
vt 0.18213200 0.36885600
vt 0.28819900 0.69412900
vt 0.26707300 0.72304700
vt 0.31798100 0.82003400
vt 0.21132100 0.40908400
vt 0.27282900 0.45803600
vt 0.02631800 0.54781300
vt 0.24974400 0.44105100
vt 0.24706000 0.43908200
vt 0.26787900 0.73057800
vt 0.24969600 0.42820400
vt 0.29294900 0.69866400
vt 0.20892100 0.40259000
vt 0.27210400 0.73574000
vt 0.31291400 0.82214800
vt 0.28747000 0.69794600
vt 0.31204700 0.82920200
vt 0.31774200 0.82988000
vt 0.28819900 0.70175500
vt 0.24659700 0.42850800
vt 0.27097500 0.45351100
vt 0.20635100 0.40925500
vt 0.02182900 0.53923500
vt 0.20224900 0.40227300
vt 0.02968100 0.54462900
vt 0.28162700 0.69686900
vt 0.28004200 0.68959700
vt 0.03608600 0.54639100
vt 0.20239400 0.41525800
vt 0.02796800 0.54055100
vt 0.20024300 0.40535600
vt 0.27956600 0.70999500
vt 0.26623500 0.44490600
vt 0.26264400 0.72576800
vt 0.30802300 0.82373600
vt 0.25519300 0.44492300
vt 0.31119600 0.83632700
vt 0.27230600 0.70687400
vt 0.26886500 0.71135100
vt 0.27749300 0.70190800
vt 0.01839000 0.53262800
vt 0.26275000 0.45230300
vt 0.19844000 0.39940300
vt 0.26737200 0.71521200
vt 0.30796000 0.83276500
vt 0.02469200 0.53193600
vt 0.02815000 0.53587700
vt 0.37495500 0.71579800
vt 0.37209100 0.71882400
vt 0.04041000 0.54150100
vt 0.03636000 0.54013300
vt 0.26852700 0.46018200
vt 0.33535300 0.39840900
vt 0.34355900 0.39074700
vt 0.26485200 0.70857700
vt 0.27634900 0.69382100
vt 0.25559900 0.45090400
vt 0.25049500 0.45232000
vt 0.26082300 0.46185500
vt 0.24465300 0.45111600
vt 0.27472400 0.69626700
vt 0.36981000 0.72328700
vt 0.26028600 0.71375700
vt 0.25879400 0.45618000
vt 0.36493800 0.71949900
vt 0.19481900 0.39377100
vt 0.27201600 0.69915300
vt 0.36917000 0.71504100
vt 0.36568600 0.71574800
vt 0.26938200 0.70305600
vt 0.19735900 0.40603600
vt 0.19288000 0.40383900
vt 0.02214300 0.52389300
vt 0.37582900 0.72778000
vt 0.18937400 0.39763300
vt 0.02671500 0.52386600
vt 0.37653400 0.73204500
vt 0.03209200 0.53641700
vt 0.19915400 0.41242700
vt 0.38311300 0.74456400
vt 0.37965500 0.74063200
vt 0.33368000 0.37814800
vt 0.37670200 0.73679900
vt 0.19562300 0.41240500
vt 0.33355200 0.39145300
vt 0.19879100 0.41734200
vt 0.03601200 0.53036200
vt 0.36608100 0.72808200
vt 0.19382600 0.41920300
vt 0.32697400 0.36910900
vt 0.32797600 0.77809400
vt 0.19926800 0.42134300
vt 0.36945400 0.73049900
vt 0.37390900 0.73491600
vt 0.33146500 0.78137600
vt 0.05008600 0.53943400
vt 0.04590700 0.53660300
vt 0.32659700 0.38191600
vt 0.37360600 0.74477700
vt 0.36887500 0.73621400
vt 0.03943900 0.53630200
vt 0.32485800 0.78329700
vt 0.04243700 0.53318300
vt 0.37891200 0.74723100
vt 0.32264300 0.77920900
vt 0.19080800 0.41758200
vt 0.02931200 0.53071100
vt 0.36089700 0.72147800
vt 0.35221700 0.72245600
vt 0.19134900 0.40905100
vt 0.26106700 0.37349100
vt 0.36391400 0.72515400
vt 0.35827300 0.72555400
vt 0.03198000 0.52533800
vt 0.31742900 0.78230400
vt 0.18660900 0.40543900
vt 0.38227300 0.75497100
vt 0.03345300 0.51983300
vt 0.02890300 0.51657300
vt 0.31938100 0.78750400
vt 0.03866900 0.52349000
vt 0.31125000 0.78855800
vt 0.31387900 0.78302100
vt 0.38013900 0.75151500
vt 0.18639600 0.41330600
vt 0.30927700 0.78026600
vt 0.37434400 0.75225200
vt 0.18155900 0.41033500
vt 0.18055200 0.40671800
vt 0.18217300 0.40127000
vt 0.03818900 0.51576000
vt 0.31749600 0.79440200
vt 0.36125200 0.73307100
vt 0.01654100 0.52202500
vt 0.25023200 0.82903000
vt 0.36956100 0.74540900
vt 0.36893300 0.75177400
vt 0.25684300 0.84009800
vt 0.25357700 0.83507900
vt 0.25032900 0.37333200
vt 0.30745100 0.78793500
vt 0.18614400 0.38880000
vt 0.18781600 0.39336900
vt 0.02122700 0.51913300
vt 0.37192500 0.75683400
vt 0.30496300 0.77720500
vt 0.30102500 0.78103800
vt 0.01957600 0.51297400
vt 0.24504100 0.83750000
vt 0.30332800 0.78597200
vt 0.37106100 0.74114200
vt 0.24613400 0.84381100
vt 0.25213300 0.83890200
vt 0.18337100 0.39610600
vt 0.17974500 0.39079000
vt 0.36516800 0.73877100
vt 0.36512400 0.74264200
vt 0.25882100 0.84464600
vt 0.18225600 0.38322600
vt 0.18114000 0.37831000
vt 0.17712900 0.37466600
vt 0.31006100 0.79484900
vt 0.17591400 0.38633700
vt 0.25035700 0.84607700
vt 0.35755900 0.76276000
vt 0.25378500 0.84833300
vt 0.25484300 0.85408200
vt 0.17483500 0.38003000
vt 0.30472100 0.79517800
vt 0.24931000 0.85308000
vt 0.24468300 0.85170000
vt 0.30469700 0.29970300
vt 0.16911700 0.38265300
vt 0.17561200 0.39812200
vt 0.02753500 0.50894400
vt 0.02384200 0.50692600
vt 0.23966500 0.84240300
vt 0.03270300 0.51149400
vt 0.17584100 0.40727900
vt 0.03009200 0.50350400
vt 0.23919400 0.85366100
vt 0.02256600 0.49522800
vt 0.16944800 0.39267700
vt 0.16954500 0.38744400
vt 0.16808200 0.40182700
vt 0.02959400 0.49707600
vt 0.24251500 0.85838700
vt 0.16350700 0.38793000
vt 0.02867000 0.49112100
vt 0.16689600 0.39439500
vt 0.16058900 0.39562200
vt 0.33124100 0.93660200
vt 0.32567200 0.93724800
vt 0.33019700 0.93070000
vt 0.36829400 0.86018500
vt 0.36714000 0.86933400
vt 0.36181900 0.86783700
vt 0.35924700 0.86057200
vt 0.29955000 0.28988100
vt 0.32405500 0.93176400
vt 0.36968100 0.87381400
vt 0.36939500 0.86686400
vt 0.13824100 0.28448400
vt 0.14464300 0.27745200
vt 0.14444000 0.28498700
vt 0.32697900 0.94317200
vt 0.36568800 0.87439500
vt 0.11793600 0.27000200
vt 0.12428900 0.26324000
vt 0.12697900 0.27095400
vt 0.28902000 0.28327200
vt 0.13582200 0.29134100
vt 0.33008900 0.95500600
vt 0.32712500 0.95132700
vt 0.33073800 0.94799100
vt 0.28783000 0.29154800
vt 0.31755300 0.93854100
vt 0.13210400 0.28452900
vt 0.32107600 0.94321400
vt 0.22730700 0.28789700
vt 0.23093400 0.29442400
vt 0.22056900 0.29214600
vt 0.13642600 0.27912100
vt 0.13451600 0.27158000
vt 0.12704800 0.27897800
vt 0.40886600 0.81351700
vt 0.14525100 0.29521800
vt 0.41272800 0.82077100
vt 0.31565500 0.93213400
vt 0.32485000 0.95710100
vt 0.32258200 0.95277800
vt 0.22085700 0.29843000
vt 0.32214900 0.94756200
vt 0.31183200 0.93111900
vt 0.22359800 0.27994900
vt 0.22031200 0.28417800
vt 0.33882800 0.96283600
vt 0.33279400 0.96603600
vt 0.33556900 0.95970500
vt 0.33279800 0.95879600
vt 0.32867900 0.96270100
vt 0.40393200 0.81857200
vt 0.35548300 0.86703600
vt 0.40777900 0.82080900
vt 0.35353600 0.86105300
vt 0.32837900 0.97002400
vt 0.31560300 0.94529600
vt 0.31807300 0.94719500
vt 0.40413200 0.82405300
vt 0.12596600 0.28785200
vt 0.12032600 0.27880400
vt 0.11334500 0.27604500
vt 0.21716500 0.27823600
vt 0.21967700 0.27420100
vt 0.12436400 0.29435300
vt 0.28832600 0.27349600
vt 0.41472100 0.82735200
vt 0.30978400 0.93895000
vt 0.36086100 0.87332900
vt 0.30756800 0.93431800
vt 0.35453900 0.87218000
vt 0.13178000 0.29913900
vt 0.41998000 0.83308600
vt 0.21361700 0.28621500
vt 0.31647000 0.95059600
vt 0.41415500 0.83352200
vt 0.31244700 0.94615700
vt 0.31002700 0.94320900
vt 0.35020400 0.86832400
vt 0.31067900 0.94859400
vt 0.30500200 0.94442000
vt 0.30642000 0.95123000
vt 0.21490800 0.29279400
vt 0.21361200 0.28933800
vt 0.41717100 0.83760200
vt 0.11820200 0.29108500
vt 0.11279400 0.26389700
vt 0.20677100 0.28752300
vt 0.41124500 0.83321900
vt 0.40909700 0.84118800
vt 0.40816900 0.82992300
vt 0.28110600 0.27676800
vt 0.31484400 0.95518700
vt 0.30886100 0.95582900
vt 0.31884800 0.95587000
vt 0.30416400 0.95807000
vt 0.39758000 0.81680900
vt 0.11695500 0.28450400
vt 0.18764400 0.19450100
vt 0.19173200 0.19979000
vt 0.31882700 0.96268000
vt 0.42893400 0.92782800
vt 0.42798600 0.93131600
vt 0.39854700 0.81966600
vt 0.40010700 0.82373700
vt 0.35427800 0.82718500
vt 0.42314700 0.92617000
vt 0.42237700 0.93210700
vt 0.18027300 0.19957100
vt 0.35588000 0.82882900
vt 0.35986600 0.83179700
vt 0.18463600 0.20430100
vt 0.41916600 0.92567900
vt 0.36460500 0.83407700
vt 0.39283800 0.81899600
vt 0.39349900 0.82329900
vt 0.19189500 0.20649900
vt 0.28001500 0.29756900
vt 0.25028000 0.31789200
vt 0.24369600 0.30949700
vt 0.25355400 0.30600700
vt 0.18655400 0.20896300
vt 0.35460600 0.83597100
vt 0.36090800 0.83606000
vt 0.38952400 0.82719200
vt 0.32037100 0.97171300
vt 0.17847900 0.21045000
vt 0.18358700 0.21691300
vt 0.40593800 0.83520000
vt 0.34905700 0.83083900
vt 0.31325200 0.96544600
vt 0.17437900 0.19176100
vt 0.10490700 0.27924200
vt 0.10097500 0.27340100
vt 0.40546800 0.84192000
vt 0.17515600 0.19825200
vt 0.42716200 0.93801000
vt 0.31251300 0.97257900
vt 0.27776500 0.28518100
vt 0.27393000 0.27683900
vt 0.33293000 0.97628100
vt 0.26741900 0.27978400
vt 0.40440200 0.82790100
vt 0.40311900 0.83192500
vt 0.35177800 0.83374800
vt 0.41694400 0.93330300
vt 0.17953900 0.20382400
vt 0.42034300 0.93555600
vt 0.39815000 0.82919400
vt 0.42103200 0.93843700
vt 0.32496500 0.97475400
vt 0.40144300 0.83796200
vt 0.42168700 0.94170900
vt 0.39603300 0.83169800
vt 0.24538400 0.29822600
vt 0.25243600 0.29505400
vt 0.10603000 0.25827100
vt 0.10569100 0.26548700
vt 0.42697900 0.94939800
vt 0.42258600 0.94661100
vt 0.39497900 0.83661500
vt 0.16879400 0.19555000
vt 0.16559600 0.20197300
vt 0.36728600 0.84012800
vt 0.41491400 0.94355800
vt 0.41732400 0.94894500
vt 0.32919400 0.98025600
vt 0.40052400 0.84181400
vt 0.32406200 0.97960300
vt 0.39731200 0.84284700
vt 0.42161000 0.84223600
vt 0.09874700 0.26610100
vt 0.16050400 0.19461400
vt 0.42469000 0.84718600
vt 0.36050000 0.84131700
vt 0.36922800 0.84399800
vt 0.36925900 0.84682000
vt 0.09941600 0.25839400
vt 0.28553100 0.26354700
vt 0.24074000 0.30316700
vt 0.41971400 0.95071400
vt 0.28248200 0.25663800
vt 0.36218300 0.84702900
vt 0.41522400 0.92980700
vt 0.41851800 0.84475600
vt 0.42102700 0.85089100
vt 0.35571500 0.84119500
vt 0.41404900 0.93662700
vt 0.27919600 0.26324400
vt 0.31772600 0.98093400
vt 0.41253900 0.93914900
vt 0.41665000 0.85371000
vt 0.41135000 0.84784200
vt 0.41299900 0.85138700
vt 0.35848100 0.84461000
vt 0.40973300 0.93071600
vt 0.40460800 0.93071800
vt 0.40581800 0.92699000
vt 0.40517000 0.93658200
vt 0.28578200 0.24732800
vt 0.35209000 0.84750000
vt 0.28266500 0.25150500
vt 0.16997200 0.21211100
vt 0.42442400 0.86129300
vt 0.28405200 0.24265800
vt 0.42912900 0.86348200
vt 0.42400900 0.85698200
vt 0.27368100 0.25274900
vt 0.41219100 0.94841900
vt 0.35073800 0.84035200
vt 0.10654700 0.28786900
vt 0.26997400 0.24750500
vt 0.16519000 0.20848200
vt 0.40659700 0.94435000
vt 0.24394600 0.32039000
vt 0.40355700 0.94210000
vt 0.42188100 0.85470700
vt 0.40371600 0.94678200
vt 0.41574700 0.85853200
vt 0.10839100 0.29381200
vt 0.23499100 0.31713200
vt 0.40927700 0.95068500
vt 0.42026600 0.86321200
vt 0.41490800 0.86261600
vt 0.34698900 0.83712300
vt 0.17661200 0.22416000
vt 0.18948500 0.22205200
vt 0.41882100 0.86650500
vt 0.17600000 0.21838900
vt 0.34151500 0.83491500
vt 0.39957700 0.93017600
vt 0.39971300 0.92576200
vt 0.39921200 0.93534500
vt 0.40332100 0.93926500
vt 0.16661100 0.21560300
vt 0.27203900 0.24226300
vt 0.30430600 0.96788400
vt 0.33564300 0.83149500
vt 0.26888800 0.26042800
vt 0.09787800 0.28252500
vt 0.39188100 0.93086600
vt 0.33709000 0.83503000
vt 0.34385900 0.84116500
vt 0.39509700 0.93375400
vt 0.30242300 0.96457000
vt 0.39421300 0.93772500
vt 0.17099100 0.22220700
vt 0.41231600 0.86010900
vt 0.23049600 0.32282200
vt 0.33551000 0.84101300
vt 0.40715500 0.85017700
vt 0.40793100 0.85604900
vt 0.40664900 0.86223500
vt 0.23345900 0.30824600
vt 0.23138200 0.30111400
vt 0.39889700 0.94324700
vt 0.35711200 0.85016800
vt 0.41017500 0.86593800
vt 0.40066600 0.94972300
vt 0.39369300 0.94510700
vt 0.38966600 0.93597700
vt 0.25994900 0.25557600
vt 0.20874400 0.33722100
vt 0.21346300 0.33102600
vt 0.22405600 0.31524900
vt 0.22384800 0.30679800
vt 0.20724300 0.34181200
vt 0.26043900 0.24410200
vt 0.25511300 0.25090900
vt 0.15948100 0.22302600
vt 0.38916900 0.94465900
vt 0.40359000 0.85660000
vt 0.40291600 0.86639600
vt 0.16679700 0.22540000
vt 0.20539500 0.33888800
vt 0.34487100 0.84496100
vt 0.41496600 0.83964400
vt 0.41313600 0.84313200
vt 0.30540600 0.83984700
vt 0.17905900 0.22968300
vt 0.17352100 0.23573500
vt 0.29760500 0.83905400
vt 0.30248200 0.84500600
vt 0.34775300 0.84926300
vt 0.38538100 0.93051000
vt 0.38244000 0.93289700
vt 0.38305200 0.94133000
vt 0.20677800 0.34603000
vt 0.16258100 0.23294900
vt 0.27045900 0.26886400
vt 0.33840800 0.84307600
vt 0.31072000 0.84481500
vt 0.30791800 0.84793200
vt 0.30376600 0.85001200
vt 0.31015100 0.85090300
vt 0.38031600 0.93481800
vt 0.16916600 0.23975800
vt 0.33934700 0.84976100
vt 0.20267100 0.34520500
vt 0.37636000 0.94137900
vt 0.26139400 0.26712800
vt 0.34639100 0.85444800
vt 0.39927500 0.85083100
vt 0.37342000 0.93383700
vt 0.34240000 0.85065700
vt 0.16143900 0.24073700
vt 0.29692200 0.84732200
vt 0.16431300 0.24621500
vt 0.19897700 0.34998400
vt 0.40262000 0.85247200
vt 0.19750600 0.34198900
vt 0.29932100 0.85178300
vt 0.39813400 0.85648500
vt 0.20753100 0.33100400
vt 0.33395900 0.82897100
vt 0.04877800 0.15372200
vt 0.42035700 0.95680900
vt 0.26961700 0.29145800
vt 0.38866500 0.83399100
vt 0.38343300 0.83193300
vt 0.32930200 0.83171300
vt 0.41361600 0.00784400
vt 0.05134600 0.15064900
vt 0.42426500 0.95768900
vt 0.27205600 0.29848400
vt 0.05117400 0.15104100
vt 0.05126100 0.15084300
vt 0.05516800 0.15254100
vt 0.40950300 0.00849700
vt 0.41342300 0.00803000
vt 0.19738900 0.33314000
vt 0.20752200 0.32614000
vt 0.15010600 0.19060800
vt 0.37192000 0.85251100
vt 0.36460000 0.85082900
vt 0.39366000 0.84228000
vt 0.20051600 0.32836000
vt 0.26142100 0.28543300
vt 0.31355200 0.85446800
vt 0.31642900 0.86147900
vt 0.31165700 0.86343900
vt 0.19951900 0.33651500
vt 0.38959700 0.84415300
vt 0.05942600 0.15270700
vt 0.05438100 0.15787500
vt 0.23788300 0.28906100
vt 0.38563500 0.83896400
vt 0.04663700 0.15618600
vt 0.41713900 0.95624400
vt 0.04899700 0.16026100
vt 0.30779900 0.85800900
vt 0.30269200 0.85578100
vt 0.25952100 0.29629400
vt 0.06228600 0.15683800
vt 0.06027500 0.16064100
vt 0.05212400 0.16373600
vt 0.05713200 0.16442800
vt 0.35409000 0.85428400
vt 0.41122500 0.95542900
vt 0.04318700 0.16080300
vt 0.38284100 0.84206100
vt 0.36642000 0.85560800
vt 0.37826100 0.83347700
vt 0.15583300 0.20581300
vt 0.37717300 0.83756400
vt 0.19387400 0.32776600
vt 0.19908200 0.32426700
vt 0.30359700 0.86171600
vt 0.37636300 0.84387200
vt 0.25299400 0.28682700
vt 0.40433500 0.95240800
vt 0.38323400 0.84637700
vt 0.40551200 0.95731900
vt 0.04209300 0.16616500
vt 0.04448600 0.16520600
vt 0.24336400 0.28576400
vt 0.19040100 0.34152700
vt 0.25165800 0.25893500
vt 0.14738000 0.20149000
vt 0.14616800 0.19428400
vt 0.18837900 0.33769700
vt 0.35033000 0.86252000
vt 0.39874200 0.86271300
vt 0.39971900 0.85950700
vt 0.21625000 0.30343800
vt 0.39564500 0.86707500
vt 0.19025400 0.31828600
vt 0.31707400 0.86689800
vt 0.31649600 0.87155200
vt 0.05022400 0.16820600
vt 0.39461900 0.86401800
vt 0.39796300 0.96097200
vt 0.04226100 0.17384600
vt 0.24417000 0.25328500
vt 0.14397600 0.20720400
vt 0.15038000 0.21133000
vt 0.23968700 0.25949500
vt 0.24383800 0.26487500
vt 0.30850600 0.87022300
vt 0.34063000 0.85735000
vt 0.34611200 0.86058700
vt 0.04800700 0.17484800
vt 0.05317200 0.17376200
vt 0.18808300 0.32625200
vt 0.19132200 0.33157500
vt 0.30394600 0.86664400
vt 0.39350500 0.84928400
vt 0.18482400 0.32058700
vt 0.34705200 0.86674300
vt 0.31364100 0.87877300
vt 0.30994700 0.87658500
vt 0.25930400 0.27486900
vt 0.35746500 0.87951100
vt 0.39409900 0.85483200
vt 0.38891500 0.84989400
vt 0.13899800 0.19041500
vt 0.06551200 0.16101800
vt 0.18205600 0.31806400
vt 0.18724000 0.31092800
vt 0.31829200 0.87845700
vt 0.25140500 0.26769300
vt 0.38898400 0.85524100
vt 0.34960700 0.87752800
vt 0.25137400 0.27785300
vt 0.38565300 0.85191800
vt 0.34522300 0.87079700
vt 0.06055900 0.16716500
vt 0.29117500 0.84670500
vt 0.22464300 0.32791400
vt 0.07240000 0.16493200
vt 0.33119500 0.84283200
vt 0.33103000 0.83753000
vt 0.39355900 0.85811500
vt 0.06389900 0.16776900
vt 0.06859700 0.17043100
vt 0.13200000 0.19081900
vt 0.21547700 0.31263400
vt 0.29236900 0.85471100
vt 0.39097700 0.86174400
vt 0.19530600 0.35185800
vt 0.19634300 0.34642200
vt 0.38512000 0.85877100
vt 0.13542600 0.19575300
vt 0.39397500 0.87029300
vt 0.38763000 0.86532500
vt 0.06420400 0.17481000
vt 0.05829800 0.17566000
vt 0.29489300 0.85808600
vt 0.13620700 0.20205600
vt 0.33494600 0.85529400
vt 0.33392500 0.85004200
vt 0.37887200 0.85082000
vt 0.37996300 0.85474000
vt 0.18669900 0.33313800
vt 0.29894300 0.86331600
vt 0.32929300 0.84640800
vt 0.32850900 0.85039400
vt 0.21321300 0.32176100
vt 0.05659500 0.17977500
vt 0.13778300 0.21269800
vt 0.37491100 0.84967000
vt 0.06512800 0.17926600
vt 0.05529800 0.18361200
vt 0.12820800 0.19981700
vt 0.12563500 0.20489000
vt 0.32944900 0.85555600
vt 0.29286700 0.86671700
vt 0.37555100 0.85631100
vt 0.37845500 0.86064200
vt 0.24305500 0.27312300
vt 0.23763700 0.27840800
vt 0.39360200 0.95123000
vt 0.38961800 0.95068500
vt 0.37065100 0.85570200
vt 0.15464300 0.21889300
vt 0.19070800 0.34790900
vt 0.39889500 0.95348900
vt 0.38154200 0.86480200
vt 0.39443700 0.95586600
vt 0.28417800 0.85188400
vt 0.38555300 0.86839100
vt 0.19212400 0.35320900
vt 0.21099100 0.31447500
vt 0.38830500 0.87371800
vt 0.38314800 0.87268300
vt 0.28131500 0.84961400
vt 0.23203300 0.27272700
vt 0.38710800 0.95660000
vt 0.32312300 0.85080400
vt 0.32582800 0.85923500
vt 0.32363800 0.85505500
vt 0.39211800 0.95894600
vt 0.28772100 0.85266500
vt 0.31802700 0.85252800
vt 0.20676600 0.31779400
vt 0.23271000 0.26600400
vt 0.23359300 0.26156900
vt 0.37903600 0.87051800
vt 0.14418100 0.21594800
vt 0.18811900 0.35332000
vt 0.18508600 0.34995500
vt 0.18812500 0.35770400
vt 0.37473100 0.86916600
vt 0.37350000 0.86301600
vt 0.28443700 0.85728800
vt 0.04154200 0.18120700
vt 0.39037000 0.96356600
vt 0.14154000 0.22359200
vt 0.18224400 0.34317900
vt 0.38365300 0.94821100
vt 0.15686300 0.22920400
vt 0.28925900 0.86056400
vt 0.38855600 0.82020300
vt 0.32490900 0.83380200
vt 0.38621700 0.82499800
vt 0.18153300 0.34803200
vt 0.37661000 0.94878500
vt 0.38178400 0.95305700
vt 0.28336900 0.86246100
vt 0.37475300 0.94552900
vt 0.28874600 0.86761700
vt 0.18161600 0.33826300
vt 0.37931700 0.82061100
vt 0.15037400 0.23710400
vt 0.37678300 0.95369200
vt 0.31957300 0.83528300
vt 0.14936000 0.22740800
vt 0.32680700 0.83827500
vt 0.15105100 0.23005200
vt 0.17668500 0.34754200
vt 0.17785100 0.34077500
vt 0.38298100 0.95915300
vt 0.37771900 0.82342700
vt 0.37234700 0.82252900
vt 0.37889000 0.82798700
vt 0.37890600 0.95844700
vt 0.27803800 0.85413600
vt 0.32326800 0.84369300
vt 0.32251100 0.83976000
vt 0.14140400 0.23580500
vt 0.18615100 0.35952600
vt 0.22012800 0.33554200
vt 0.27304800 0.85516200
vt 0.14350600 0.24055800
vt 0.37088300 0.95790100
vt 0.37207300 0.95467300
vt 0.31546600 0.83865200
vt 0.04860700 0.18255800
vt 0.05186500 0.18042400
vt 0.36778400 0.82517400
vt 0.13590100 0.21923900
vt 0.38317500 0.96587900
vt 0.04108500 0.18823300
vt 0.37289300 0.82886000
vt 0.18078500 0.35674000
vt 0.18125900 0.36516300
vt 0.37440400 0.96223000
vt 0.36589200 0.83007900
vt 0.36958700 0.83213100
vt 0.31805800 0.84502900
vt 0.26769500 0.85058700
vt 0.37769200 0.96994000
vt 0.04319500 0.19432500
vt 0.04675300 0.18997500
vt 0.13777400 0.23214800
vt 0.13387700 0.22857400
vt 0.27037100 0.85414900
vt 0.36879100 0.81948100
vt 0.37020800 0.96172500
vt 0.36695600 0.96352000
vt 0.27457600 0.85942800
vt 0.27074100 0.86257200
vt 0.26751300 0.85695700
vt 0.28393400 0.86888300
vt 0.31323400 0.84673100
vt 0.05000000 0.19896900
vt 0.04154600 0.20008200
vt 0.37127600 0.97019700
vt 0.37312600 0.83572600
vt 0.17962700 0.35102000
vt 0.27560800 0.86287300
vt 0.37089600 0.83852100
vt 0.17415900 0.35621300
vt 0.17735200 0.35895200
vt 0.17181600 0.35191000
vt 0.13139000 0.21216800
vt 0.27886600 0.86707300
vt 0.28050300 0.23771200
vt 0.05335900 0.19004200
vt 0.05922600 0.18650500
vt 0.17526200 0.36008300
vt 0.05366500 0.19552100
vt 0.26835900 0.23572200
vt 0.12887600 0.22158000
vt 0.27185000 0.87032500
vt 0.32195400 0.85896300
vt 0.27624700 0.86969900
vt 0.31668900 0.85868400
vt 0.42424000 0.86983700
vt 0.28172900 0.87425200
vt 0.17088100 0.35932700
vt 0.16822900 0.35342200
vt 0.27920100 0.22977400
vt 0.12700800 0.22951800
vt 0.27127400 0.87600900
vt 0.27899000 0.22410900
vt 0.42713200 0.87990200
vt 0.12541000 0.19473200
vt 0.07368800 0.17220500
vt 0.30517500 0.87616700
vt 0.30468800 0.87131500
vt 0.17739000 0.32782000
vt 0.08053300 0.17102700
vt 0.27484100 0.22893500
vt 0.41835300 0.87340000
vt 0.08392600 0.16786400
vt 0.34230200 0.86300200
vt 0.12379100 0.18279800
vt 0.12771300 0.18411500
vt 0.42233100 0.87918600
vt 0.12135900 0.19096300
vt 0.21258000 0.29897200
vt 0.11934200 0.18456400
vt 0.29865300 0.87159900
vt 0.21246300 0.30446800
vt 0.11554100 0.18425800
vt 0.08759000 0.17497600
vt 0.08138000 0.17752900
vt 0.33941900 0.86103500
vt 0.33759800 0.86492700
vt 0.18162600 0.33097000
vt 0.26918400 0.22387100
vt 0.41480500 0.86901100
vt 0.09378100 0.17823600
vt 0.26369200 0.23952700
vt 0.41051100 0.87075900
vt 0.11635200 0.19236500
vt 0.33243500 0.85971600
vt 0.20682700 0.30472900
vt 0.11160400 0.18659900
vt 0.41914900 0.88062700
vt 0.41433700 0.87799000
vt 0.20729200 0.30889600
vt 0.30123300 0.87884400
vt 0.26104500 0.23159300
vt 0.23776200 0.22998400
vt 0.17474400 0.33757500
vt 0.29452900 0.87269800
vt 0.29728700 0.87863100
vt 0.40537700 0.87023800
vt 0.07350800 0.17697100
vt 0.07004700 0.18194900
vt 0.06358200 0.18435200
vt 0.40487100 0.87451800
vt 0.33452100 0.86568900
vt 0.32971900 0.86177300
vt 0.30818000 0.88207500
vt 0.40960400 0.87618300
vt 0.33487000 0.87031900
vt 0.33906600 0.87086900
vt 0.06695800 0.18326500
vt 0.26386800 0.22083900
vt 0.22892900 0.22284100
vt 0.31290300 0.88654400
vt 0.25373900 0.23538700
vt 0.23875200 0.23752300
vt 0.30462900 0.88408500
vt 0.07693900 0.18344100
vt 0.31629400 0.88529700
vt 0.31832800 0.89033000
vt 0.06997500 0.18962100
vt 0.17540700 0.31572700
vt 0.17866200 0.31058600
vt 0.11712500 0.20048200
vt 0.07267000 0.18515500
vt 0.07721200 0.18673100
vt 0.20837000 0.29395000
vt 0.07456400 0.19148600
vt 0.30793800 0.88881800
vt 0.17336800 0.32204600
vt 0.08284500 0.18330600
vt 0.27530800 0.21532900
vt 0.11153200 0.19475000
vt 0.10708500 0.19533400
vt 0.42459100 0.88912800
vt 0.27546900 0.20766900
vt 0.22191300 0.20725900
vt 0.42536500 0.89759800
vt 0.11118900 0.20216700
vt 0.30180400 0.88235600
vt 0.11713800 0.20713200
vt 0.34476900 0.87861200
vt 0.20046400 0.29069300
vt 0.41651200 0.88407900
vt 0.22492000 0.21596000
vt 0.26834300 0.21466300
vt 0.20028100 0.29510200
vt 0.42064600 0.89269200
vt 0.08891400 0.18557300
vt 0.41563100 0.89069400
vt 0.09164400 0.18649100
vt 0.30226000 0.88894700
vt 0.20198100 0.30045000
vt 0.08073700 0.18805300
vt 0.34097800 0.87597800
vt 0.40947200 0.88447500
vt 0.17383100 0.33010700
vt 0.34695500 0.88208200
vt 0.40223200 0.87800100
vt 0.16730500 0.32613200
vt 0.40514000 0.88233700
vt 0.29376200 0.88337300
vt 0.33966000 0.87956100
vt 0.34195300 0.88432400
vt 0.10568300 0.20269900
vt 0.10917100 0.20798500
vt 0.33811900 0.87573100
vt 0.16536500 0.31969400
vt 0.08588300 0.19322800
vt 0.36572400 0.97500600
vt 0.04478500 0.20602700
vt 0.41779000 0.89804500
vt 0.30508300 0.89729300
vt 0.06526600 0.19065000
vt 0.22102700 0.22090000
vt 0.33266300 0.87424500
vt 0.12176400 0.21245600
vt 0.16069700 0.32097100
vt 0.22785800 0.23332600
vt 0.22515000 0.22746800
vt 0.05965000 0.19206400
vt 0.40479400 0.88950900
vt 0.40862300 0.89319400
vt 0.28983300 0.87550700
vt 0.33556000 0.88240800
vt 0.11850400 0.22050800
vt 0.41166600 0.89587900
vt 0.40512600 0.89474300
vt 0.07468900 0.19626100
vt 0.06600300 0.19533100
vt 0.11189100 0.21288900
vt 0.21339900 0.20308900
vt 0.27634400 0.19792700
vt 0.05871200 0.19855500
vt 0.16981000 0.33916000
vt 0.21497800 0.21256900
vt 0.42838400 0.90126600
vt 0.20220400 0.31752600
vt 0.16824000 0.33231400
vt 0.32042200 0.86482300
vt 0.29678100 0.89227300
vt 0.32997000 0.86725400
vt 0.20017800 0.30928200
vt 0.05445800 0.20170500
vt 0.42851300 0.90928300
vt 0.04999900 0.20567000
vt 0.41967300 0.90529500
vt 0.28625700 0.87859500
vt 0.11517600 0.22763100
vt 0.12174500 0.23787900
vt 0.21194800 0.20917500
vt 0.29048800 0.88057500
vt 0.05743300 0.20735000
vt 0.19558000 0.31374400
vt 0.06471000 0.19953600
vt 0.20473700 0.20859800
vt 0.20309000 0.20042400
vt 0.28716100 0.88570700
vt 0.10985500 0.22416600
vt 0.17060100 0.34549300
vt 0.19371200 0.30452100
vt 0.21757600 0.22038600
vt 0.19131900 0.29809100
vt 0.36020100 0.97818900
vt 0.04670600 0.21203400
vt 0.28333300 0.88020600
vt 0.32379200 0.87109100
vt 0.41248300 0.90030900
vt 0.07042700 0.20233600
vt 0.06531500 0.20320600
vt 0.20645700 0.21343300
vt 0.28396500 0.88553500
vt 0.07959700 0.19437900
vt 0.27675100 0.87853700
vt 0.07663500 0.20090800
vt 0.21490000 0.23111800
vt 0.40732500 0.89918100
vt 0.10467000 0.21110700
vt 0.20730500 0.21996300
vt 0.16255900 0.35115300
vt 0.10255100 0.20517500
vt 0.40989400 0.90489000
vt 0.40403800 0.90383000
vt 0.08515900 0.20253400
vt 0.41219800 0.90999600
vt 0.09012600 0.19485200
vt 0.16156500 0.34415900
vt 0.16343900 0.33770200
vt 0.24995600 0.24492300
vt 0.27982200 0.88583000
vt 0.10439400 0.21729400
vt 0.10788900 0.21921700
vt 0.07249300 0.20548600
vt 0.40105100 0.87251500
vt 0.10091500 0.21272400
vt 0.07557900 0.21074800
vt 0.23136300 0.24078100
vt 0.08180300 0.20858800
vt 0.39527500 0.87393200
vt 0.23052900 0.24458600
vt 0.23488600 0.25030800
vt 0.32654100 0.87658600
vt 0.06392600 0.21140800
vt 0.06770800 0.20675200
vt 0.28991500 0.89263600
vt 0.23442900 0.25689600
vt 0.10574700 0.22323400
vt 0.05878300 0.21315700
vt 0.33072100 0.88291000
vt 0.06252700 0.21573300
vt 0.39358700 0.87801500
vt 0.18695500 0.30139600
vt 0.10641800 0.23181400
vt 0.15827600 0.33309400
vt 0.10227700 0.22864500
vt 0.15771600 0.32652100
vt 0.07119800 0.20930900
vt 0.06891200 0.21203100
vt 0.32493900 0.88271100
vt 0.39746200 0.88349100
vt 0.28388300 0.89187300
vt 0.06744800 0.21824000
vt 0.32781100 0.88909800
vt 0.07174100 0.21695200
vt 0.38924000 0.88531800
vt 0.29183100 0.89966500
vt 0.10078500 0.22047600
vt 0.32301500 0.87825300
vt 0.09390300 0.21832900
vt 0.09650800 0.21248300
vt 0.22259000 0.23654900
vt 0.40226000 0.88493100
vt 0.28571700 0.89471800
vt 0.39817700 0.88828200
vt 0.28839500 0.89862900
vt 0.18223900 0.30608800
vt 0.08695600 0.21040400
vt 0.08402800 0.21109400
vt 0.15900200 0.34154300
vt 0.09687800 0.22380400
vt 0.22313200 0.24010100
vt 0.28018900 0.89057600
vt 0.09841200 0.22864900
vt 0.21987700 0.24364000
vt 0.07619600 0.21750500
vt 0.15263100 0.33867500
vt 0.40031500 0.89870500
vt 0.08181800 0.21717900
vt 0.08653200 0.21363800
vt 0.08695200 0.21809100
vt 0.39638400 0.89313200
vt 0.15294200 0.33068000
vt 0.08038100 0.22365400
vt 0.07529800 0.22527000
vt 0.39226500 0.89039900
vt 0.10467300 0.17736000
vt 0.10064400 0.17754000
vt 0.26344600 0.85363100
vt 0.32114300 0.88653000
vt 0.39347200 0.89547100
vt 0.21301200 0.23510800
vt 0.21459100 0.24048100
vt 0.17719700 0.36630200
vt 0.10063200 0.18530800
vt 0.09648700 0.18471800
vt 0.39417700 0.90237500
vt 0.37963500 0.87610600
vt 0.37495100 0.87357600
vt 0.22862400 0.27011800
vt 0.22715400 0.26420300
vt 0.09499900 0.19427200
vt 0.09874600 0.19275600
vt 0.09477600 0.19985600
vt 0.22377100 0.27381800
vt 0.17149400 0.36375800
vt 0.22090100 0.26833400
vt 0.22410100 0.25448400
vt 0.21944800 0.26111800
vt 0.16503600 0.36199800
vt 0.38334000 0.87924900
vt 0.09203300 0.19844700
vt 0.37247300 0.87889000
vt 0.37714900 0.88315800
vt 0.08932300 0.20524400
vt 0.27383500 0.88289300
vt 0.09054900 0.21006400
vt 0.15798900 0.34984400
vt 0.27400000 0.88688800
vt 0.27700000 0.89075700
vt 0.36945200 0.93934400
vt 0.21437700 0.26501000
vt 0.15592100 0.24408200
vt 0.38087800 0.88360700
vt 0.27985900 0.89510400
vt 0.37129800 0.94638300
vt 0.38369500 0.88757700
vt 0.37372600 0.88830400
vt 0.37025500 0.88329400
vt 0.14961500 0.24236000
vt 0.21591100 0.25601000
vt 0.15298400 0.34628000
vt 0.38075100 0.88860600
vt 0.22037400 0.25153500
vt 0.27145600 0.89262700
vt 0.27261600 0.89658300
vt 0.15565600 0.25111300
vt 0.15885000 0.25305900
vt 0.21245100 0.26992700
vt 0.36235200 0.94576700
vt 0.36371700 0.93761300
vt 0.21212700 0.24771600
vt 0.28542400 0.90149600
vt 0.28193800 0.90447700
vt 0.35966700 0.94059500
vt 0.36419000 0.88267600
vt 0.38806700 0.89338700
vt 0.37302200 0.94956100
vt 0.38215700 0.89250400
vt 0.38430300 0.89400200
vt 0.36888300 0.95171600
vt 0.27858000 0.90066200
vt 0.38831800 0.89896700
vt 0.20896500 0.26610400
vt 0.20412400 0.24549200
vt 0.21034700 0.27433400
vt 0.14502500 0.25275700
vt 0.27414600 0.90037500
vt 0.37945100 0.89395400
vt 0.27392400 0.90479700
vt 0.36451400 0.95197000
vt 0.20893500 0.25710700
vt 0.20938900 0.25131700
vt 0.14089500 0.25232200
vt 0.20951200 0.26254900
vt 0.15401800 0.25683700
vt 0.17169500 0.37675000
vt 0.21108100 0.27828000
vt 0.35596600 0.93970400
vt 0.35472100 0.94426900
vt 0.20560600 0.22662800
vt 0.25954300 0.86111000
vt 0.14632300 0.26051900
vt 0.15462700 0.26013300
vt 0.14924300 0.26177700
vt 0.20757600 0.23285500
vt 0.39986400 0.90457400
vt 0.35711300 0.94954200
vt 0.26665600 0.86450100
vt 0.34809400 0.94214600
vt 0.14174800 0.26036100
vt 0.20796100 0.28281500
vt 0.16967800 0.36909300
vt 0.26352700 0.86814000
vt 0.14419600 0.26746200
vt 0.36661800 0.88964200
vt 0.13662500 0.24593300
vt 0.20579000 0.24003300
vt 0.36099300 0.95316400
vt 0.36632100 0.95924900
vt 0.42444400 0.91162000
vt 0.42037100 0.91050100
vt 0.35846800 0.95742000
vt 0.35391600 0.95463200
vt 0.25178100 0.85842700
vt 0.42899500 0.91694200
vt 0.26049100 0.86719300
vt 0.37425300 0.89776100
vt 0.37223000 0.89310800
vt 0.20453600 0.26189000
vt 0.20302700 0.25638900
vt 0.42279000 0.91819400
vt 0.20349300 0.25342900
vt 0.13110300 0.23930400
vt 0.19854200 0.25997900
vt 0.35880900 0.96266200
vt 0.16743500 0.37707800
vt 0.36155400 0.96349800
vt 0.37858400 0.90347700
vt 0.38336100 0.90076500
vt 0.37450200 0.90301200
vt 0.16523200 0.37285700
vt 0.36850700 0.90309000
vt 0.25359900 0.86503800
vt 0.19635100 0.25530700
vt 0.36281100 0.97007200
vt 0.16111000 0.37582600
vt 0.42225200 0.92264600
vt 0.20132800 0.26871300
vt 0.26707300 0.86984100
vt 0.16762900 0.36599700
vt 0.36570900 0.89390300
vt 0.13139900 0.25118300
vt 0.35635900 0.96584500
vt 0.42116700 0.92109400
vt 0.35071600 0.96225300
vt 0.16034400 0.36669000
vt 0.12655900 0.24516400
vt 0.16440500 0.35789200
vt 0.34753400 0.94818400
vt 0.40738100 0.91340500
vt 0.35170400 0.94843900
vt 0.26606900 0.87474000
vt 0.36544900 0.89971000
vt 0.19559000 0.26423300
vt 0.19227100 0.26104600
vt 0.19699000 0.21122000
vt 0.15840900 0.36103300
vt 0.41591600 0.91502900
vt 0.41757500 0.92040400
vt 0.25903400 0.87103000
vt 0.13408300 0.25736200
vt 0.26246000 0.87902600
vt 0.19859200 0.21863700
vt 0.34261800 0.94192400
vt 0.40789200 0.91763700
vt 0.25810000 0.87864100
vt 0.41109600 0.92153500
vt 0.36145300 0.88819800
vt 0.35852600 0.88732500
vt 0.20328900 0.27639200
vt 0.20382100 0.27173600
vt 0.16115900 0.37174800
vt 0.19166200 0.21670300
vt 0.34884900 0.95696500
vt 0.20414600 0.27963100
vt 0.15810200 0.37121100
vt 0.34106100 0.95257100
vt 0.33818200 0.94803600
vt 0.41509400 0.92227500
vt 0.25416300 0.87105500
vt 0.35934100 0.89404200
vt 0.15179600 0.36159500
vt 0.34305700 0.96119000
vt 0.13680100 0.26382400
vt 0.40837800 0.92457300
vt 0.16413500 0.38189900
vt 0.35073800 0.88273100
vt 0.35472800 0.88614300
vt 0.24681300 0.86011300
vt 0.35292400 0.96665800
vt 0.20137700 0.28514900
vt 0.24738500 0.86692900
vt 0.19475400 0.28154800
vt 0.40317400 0.91274600
vt 0.13896900 0.27024300
vt 0.15753000 0.37938200
vt 0.19754600 0.27629700
vt 0.19749600 0.22439300
vt 0.19743700 0.22806700
vt 0.33714600 0.95338900
vt 0.33531100 0.94570100
vt 0.38947200 0.90708200
vt 0.39524500 0.90912900
vt 0.20101000 0.23572000
vt 0.35321700 0.89245400
vt 0.39820000 0.91387200
vt 0.34941700 0.89131100
vt 0.23692500 0.86425800
vt 0.02374300 0.48443900
vt 0.24164600 0.86686300
vt 0.15674100 0.38727600
vt 0.39300600 0.91738300
vt 0.24343300 0.87415000
vt 0.02452100 0.47610500
vt 0.23569900 0.87258900
vt 0.19807800 0.27288200
vt 0.35689100 0.97115100
vt 0.19073200 0.23057200
vt 0.19426200 0.27059300
vt 0.19093700 0.23433400
vt 0.40336000 0.91989300
vt 0.35522800 0.97830200
vt 0.04588000 0.21693300
vt 0.24851800 0.87360700
vt 0.25154500 0.87653800
vt 0.39856300 0.92047800
vt 0.34983800 0.97051400
vt 0.12033600 0.24693900
vt 0.35586900 0.90156400
vt 0.35205500 0.89824200
vt 0.15274300 0.37558300
vt 0.34697400 0.97498300
vt 0.34945600 0.98239100
vt 0.04897100 0.22313500
vt 0.36154400 0.90202700
vt 0.15087000 0.36857400
vt 0.18762200 0.26843900
vt 0.36062100 0.90773400
vt 0.39394500 0.92310300
vt 0.12367400 0.25501100
vt 0.34453600 0.96718800
vt 0.18220400 0.23375700
vt 0.11636800 0.25348000
vt 0.18932600 0.27432900
vt 0.24738100 0.88032400
vt 0.25148200 0.88354300
vt 0.38548300 0.90674300
vt 0.14577400 0.37255500
vt 0.19648000 0.24531100
vt 0.34682600 0.89541200
vt 0.18731800 0.27745600
vt 0.24207000 0.88294500
vt 0.24432400 0.88735700
vt 0.33948700 0.97106600
vt 0.34266200 0.97838700
vt 0.38754600 0.91037500
vt 0.19058800 0.23951900
vt 0.18433100 0.27419200
vt 0.10955200 0.24688700
vt 0.11620300 0.23657000
vt 0.35173100 0.90759600
vt 0.19868600 0.24959500
vt 0.15137000 0.38077300
vt 0.18031800 0.27312800
vt 0.38101700 0.90912700
vt 0.38785600 0.91506400
vt 0.15606400 0.35626600
vt 0.33917300 0.97599900
vt 0.38258400 0.91608000
vt 0.34592500 0.98421300
vt 0.05030500 0.22707600
vt 0.18578300 0.24612800
vt 0.26681100 0.88370800
vt 0.34066700 0.98732700
vt 0.05292300 0.23305800
vt 0.33632500 0.97890600
vt 0.37618900 0.91567800
vt 0.19121400 0.25128400
vt 0.37411200 0.90846400
vt 0.18422400 0.24083100
vt 0.38619800 0.91986000
vt 0.26852200 0.88939300
vt 0.15139800 0.35319500
vt 0.10024200 0.25255200
vt 0.39030500 0.92539700
vt 0.33382400 0.98549700
vt 0.05064600 0.24040800
vt 0.18883600 0.25697200
vt 0.18661800 0.25365100
vt 0.38303400 0.92334500
vt 0.26161000 0.88958300
vt 0.37124300 0.91431200
vt 0.18152100 0.25575300
vt 0.05163700 0.21355300
vt 0.05780300 0.21766700
vt 0.38673700 0.92542800
vt 0.36818200 0.91141000
vt 0.14879300 0.34617300
vt 0.37871000 0.92230100
vt 0.36403800 0.91043800
vt 0.06063800 0.22024000
vt 0.05508200 0.22242700
vt 0.38147000 0.92712800
vt 0.14287700 0.35249800
vt 0.37539200 0.92328800
vt 0.17390600 0.24037100
vt 0.17715000 0.24510200
vt 0.10814300 0.23665800
vt 0.17872000 0.24987900
vt 0.26765800 0.89530100
vt 0.37703000 0.92802500
vt 0.14678700 0.35650200
vt 0.05849700 0.22474100
vt 0.14471600 0.34206600
vt 0.10155000 0.24292400
vt 0.06348200 0.22403300
vt 0.17956500 0.26157600
vt 0.10177500 0.23477900
vt 0.26907700 0.90194000
vt 0.25818800 0.88424800
vt 0.37497900 0.92063500
vt 0.37119200 0.91889600
vt 0.06757800 0.22524600
vt 0.09728800 0.23960600
vt 0.26369800 0.89689300
vt 0.36801100 0.92102200
vt 0.06054100 0.23018800
vt 0.36233100 0.91574700
vt 0.14567300 0.36508800
vt 0.36266600 0.92056000
vt 0.25514100 0.88990700
vt 0.23112800 0.27910800
vt 0.09360400 0.23099500
vt 0.09448100 0.23496800
vt 0.08575400 0.22180200
vt 0.14198900 0.35868700
vt 0.08254800 0.22983800
vt 0.25278300 0.88626300
vt 0.37079100 0.92518100
vt 0.08876200 0.24180600
vt 0.08668100 0.23478300
vt 0.24936600 0.89018000
vt 0.37274700 0.92846800
vt 0.17122600 0.24748900
vt 0.14146700 0.37221400
vt 0.14160000 0.36629400
vt 0.09611400 0.24903900
vt 0.25855900 0.89517000
vt 0.05559300 0.23727200
vt 0.25297500 0.89744400
vt 0.08384300 0.24143800
vt 0.08315200 0.24591000
vt 0.08216500 0.23903600
vt 0.08588700 0.23238700
vt 0.07757900 0.23593500
vt 0.08045300 0.23725900
vt 0.17363600 0.25566500
vt 0.24834500 0.89441500
vt 0.25320400 0.89319100
vt 0.36421100 0.92463200
vt 0.13437200 0.36190900
vt 0.16747000 0.25134300
vt 0.36723100 0.93081000
vt 0.13924400 0.34635700
vt 0.36645200 0.92671400
vt 0.36168800 0.92741400
vt 0.26535100 0.90455400
vt 0.13799200 0.35381000
vt 0.13301100 0.35208300
vt 0.25852600 0.90119900
vt 0.36333500 0.93124100
vt 0.26169600 0.91286400
vt 0.26294800 0.90534900
vt 0.25824200 0.90555900
vt 0.25895700 0.90915500
vt 0.35683300 0.91238500
vt 0.17811700 0.27011500
vt 0.25427100 0.90374700
vt 0.35500200 0.91642500
vt 0.31400500 0.89141800
vt 0.17155100 0.31041400
vt 0.31288600 0.89952200
vt 0.16754000 0.31585500
vt 0.31782800 0.90127000
vt 0.17043200 0.26921200
vt 0.17240200 0.26361400
vt 0.35468100 0.92123400
vt 0.30815200 0.90203100
vt 0.35829400 0.92213900
vt 0.31589200 0.90576000
vt 0.34953200 0.91675800
vt 0.34674000 0.91106000
vt 0.16276300 0.31110000
vt 0.16547800 0.30530900
vt 0.31252400 0.90434900
vt 0.35158700 0.91952900
vt 0.17016100 0.27410000
vt 0.16731100 0.26667500
vt 0.34885100 0.92347000
vt 0.16629500 0.26169800
vt 0.15941200 0.30354700
vt 0.35818100 0.92765500
vt 0.16395100 0.25680700
vt 0.35338400 0.92994600
vt 0.15729600 0.30946000
vt 0.30826100 0.90869500
vt 0.29698300 0.90019000
vt 0.30245400 0.90213900
vt 0.29848900 0.90493400
vt 0.34591100 0.88891600
vt 0.15234500 0.31482100
vt 0.30512400 0.91119600
vt 0.19130500 0.28379700
vt 0.15468300 0.32191200
vt 0.29520300 0.90443300
vt 0.19473200 0.29118100
vt 0.19047700 0.28903600
vt 0.34084600 0.89093700
vt 0.29288100 0.90745400
vt 0.29656300 0.91481900
vt 0.31719900 0.91161200
vt 0.31226300 0.91454500
vt 0.18788200 0.29522000
vt 0.30904000 0.91311300
vt 0.18715500 0.28000500
vt 0.15286200 0.29984900
vt 0.33939500 0.89870900
vt 0.14932000 0.30636100
vt 0.33626500 0.89230900
vt 0.31134200 0.92004700
vt 0.31736200 0.91820900
vt 0.18670500 0.29056200
vt 0.30563300 0.91749700
vt 0.14399200 0.30353200
vt 0.30458000 0.92241500
vt 0.18076900 0.29242000
vt 0.30143300 0.91358500
vt 0.33127700 0.89460000
vt 0.34632600 0.90424000
vt 0.34466000 0.89947700
vt 0.14233000 0.31683300
vt 0.14538200 0.31092100
vt 0.18261100 0.28407900
vt 0.14470500 0.32142700
vt 0.34114100 0.90248500
vt 0.18174700 0.27796500
vt 0.17991000 0.28100900
vt 0.17568200 0.27660500
vt 0.17826800 0.28956500
vt 0.15269900 0.32429300
vt 0.34406900 0.90660600
vt 0.17250600 0.28618600
vt 0.14545000 0.33299300
vt 0.33442900 0.90381000
vt 0.33144200 0.90029000
vt 0.16986500 0.29033900
vt 0.34095700 0.90909700
vt 0.33572500 0.90882600
vt 0.14006800 0.29955200
vt 0.32927300 0.90496400
vt 0.30874200 0.92647400
vt 0.31513300 0.92482700
vt 0.30389800 0.92816300
vt 0.13821500 0.31072900
vt 0.18073100 0.29957900
vt 0.29468200 0.92179600
vt 0.29247500 0.91651200
vt 0.30024800 0.92283500
vt 0.32810800 0.89532700
vt 0.13696600 0.31865200
vt 0.17346500 0.29772200
vt 0.13244500 0.31326200
vt 0.29650900 0.92665100
vt 0.29079600 0.92904200
vt 0.29077400 0.92206100
vt 0.32225600 0.89589300
vt 0.28861800 0.91079800
vt 0.28402500 0.90865300
vt 0.28827000 0.91401800
vt 0.14459100 0.32793000
vt 0.17248600 0.30317700
vt 0.13946300 0.32315000
vt 0.14102200 0.33698200
vt 0.28349000 0.91383200
vt 0.27727500 0.90808400
vt 0.27936500 0.91392200
vt 0.17084800 0.28084900
vt 0.13557600 0.33529100
vt 0.34549200 0.91469000
vt 0.13767000 0.34090500
vt 0.34273700 0.91721000
vt 0.16669200 0.27755700
vt 0.13507300 0.33069100
vt 0.16363300 0.27232800
vt 0.33791500 0.91399300
vt 0.36269300 0.93402900
vt 0.35782000 0.93214700
vt 0.28579500 0.91811000
vt 0.13420700 0.32529800
vt 0.35288200 0.93634300
vt 0.16056600 0.26236600
vt 0.13089900 0.32075600
vt 0.12855300 0.32799900
vt 0.34773500 0.93014900
vt 0.27408300 0.90833400
vt 0.34746600 0.93416600
vt 0.27242200 0.91254000
vt 0.26789400 0.90942400
vt 0.13234300 0.34025500
vt 0.12650100 0.33265000
vt 0.27499700 0.92171100
vt 0.27504700 0.91578900
vt 0.34298000 0.93033500
vt 0.26822000 0.91330600
vt 0.27126400 0.91604200
vt 0.12854200 0.33978900
vt 0.15377300 0.26821100
vt 0.26790200 0.91968300
vt 0.26921900 0.92421500
vt 0.27205200 0.92523500
vt 0.28184200 0.92054900
vt 0.28434200 0.92562100
vt 0.27910200 0.92784700
vt 0.34219700 0.93568200
vt 0.28656900 0.92950500
vt 0.12500300 0.32487300
vt 0.28474300 0.93352400
vt 0.32281800 0.90211200
vt 0.11910000 0.33070300
vt 0.28097000 0.93795000
vt 0.27707200 0.93120400
vt 0.16757600 0.29795000
vt 0.32170200 0.90660900
vt 0.32574700 0.90912800
vt 0.12339000 0.34188800
vt 0.11902700 0.33745400
vt 0.27221500 0.93028700
vt 0.16040000 0.29278100
vt 0.16364200 0.29893700
vt 0.32653700 0.91348900
vt 0.33154100 0.91413100
vt 0.11918600 0.32146300
vt 0.27483100 0.93336300
vt 0.30048800 0.93173300
vt 0.13005800 0.30606500
vt 0.32130900 0.91234200
vt 0.32288600 0.91785700
vt 0.30180700 0.93977000
vt 0.29728700 0.94122700
vt 0.34531200 0.92225200
vt 0.15969500 0.27714100
vt 0.29377900 0.93496300
vt 0.33993900 0.92394600
vt 0.12404300 0.30894300
vt 0.12258400 0.31661500
vt 0.16141400 0.28289500
vt 0.33614000 0.91804400
vt 0.12382700 0.30216400
vt 0.32939400 0.92050200
vt 0.12067500 0.30018800
vt 0.15660800 0.28538500
vt 0.33894700 0.92687500
vt 0.33281000 0.92442300
vt 0.28885200 0.93861400
vt 0.15258000 0.27707200
vt 0.33584200 0.93148200
vt 0.11574100 0.30849500
vt 0.28666000 0.94490800
vt 0.29249300 0.95081300
vt 0.14801600 0.27299300
vt 0.29921400 0.95132800
vt 0.11379100 0.30020200
vt 0.10779600 0.30166200
vt 0.15236500 0.29298100
vt 0.29765400 0.96262100
vt 0.29667100 0.95496600
vt 0.32552700 0.91993200
vt 0.32429600 0.92249200
vt 0.32678000 0.92586600
vt 0.15127700 0.28788400
vt 0.10967500 0.31668400
vt 0.10751600 0.31208000
vt 0.33635200 0.93751400
vt 0.28324500 0.94293400
vt 0.10974800 0.32457400
vt 0.11364500 0.33013000
vt 0.33153700 0.94218000
vt 0.12830500 0.34631400
vt 0.26514500 0.91760600
vt 0.31869000 0.92873400
vt 0.32073900 0.92397800
vt 0.09865300 0.29774800
vt 0.10919100 0.17896600
vt 0.10489200 0.18815400
vt 0.10488300 0.19330900
vt 0.10189400 0.19163500
vt 0.10020500 0.20067600
vt 0.09908900 0.19874800
vt 0.09454800 0.21129200
vt 0.09039100 0.21531800
vt 0.09027000 0.22638200
vt 0.08910800 0.22222100
vt 0.10777500 0.17657400
vt 0.10435900 0.18401600
vt 0.10222600 0.18792000
vt 0.09485700 0.20388500
vt 0.08053200 0.24677300
vt 0.42062700 0.51718200
vt 0.41769400 0.52663800
vt 0.40950000 0.51930200
vt 0.46313800 0.50365700
vt 0.47062200 0.50405400
vt 0.41329500 0.59335300
vt 0.41846500 0.59783400
vt 0.41391700 0.60119100
vt 0.40772000 0.59762400
vt 0.50843000 0.58823700
vt 0.50944300 0.59791200
vt 0.50320200 0.59304300
vt 0.41459400 0.55373100
vt 0.42517900 0.55479600
vt 0.41934700 0.55566700
vt 0.46521800 0.51390900
vt 0.47337500 0.50974900
vt 0.49993200 0.58716700
vt 0.50436200 0.58387600
vt 0.46407700 0.62255200
vt 0.45774200 0.61906400
vt 0.46274400 0.61549600
vt 0.47454600 0.51563800
vt 0.40250800 0.52174600
vt 0.40699500 0.51255200
vt 0.49718000 0.59323300
vt 0.50138400 0.59779900
vt 0.41119800 0.60908200
vt 0.40789600 0.60524500
vt 0.41358700 0.54918200
vt 0.42580600 0.54919700
vt 0.48323600 0.53354400
vt 0.49271100 0.54138000
vt 0.48463900 0.54343300
vt 0.48289600 0.54611300
vt 0.48332200 0.55000100
vt 0.47868900 0.54095400
vt 0.47191200 0.52459100
vt 0.40506500 0.60153700
vt 0.47992700 0.53733100
vt 0.47181500 0.53561800
vt 0.41109900 0.53953000
vt 0.41250100 0.53354700
vt 0.42039200 0.53845800
vt 0.47620600 0.54207000
vt 0.42038400 0.54452400
vt 0.41761900 0.54593600
vt 0.41060900 0.54557000
vt 0.41440900 0.57419200
vt 0.41814300 0.57650600
vt 0.41427600 0.57996900
vt 0.45658500 0.53264400
vt 0.45745700 0.51744300
vt 0.46584800 0.52480400
vt 0.41765900 0.55856900
vt 0.41179900 0.55540300
vt 0.40802000 0.61236800
vt 0.47692800 0.58296300
vt 0.48264800 0.58638000
vt 0.47597400 0.58935900
vt 0.40378400 0.60810600
vt 0.40240300 0.61314400
vt 0.48275800 0.59338900
vt 0.42592300 0.56423100
vt 0.41352000 0.56451500
vt 0.41867600 0.56198100
vt 0.41814000 0.56712000
vt 0.39695600 0.50963200
vt 0.39591700 0.50143200
vt 0.40438200 0.50501800
vt 0.47224700 0.59305700
vt 0.47245400 0.58566400
vt 0.41071600 0.56200300
vt 0.46087500 0.60733400
vt 0.45538900 0.60593100
vt 0.46067800 0.60224400
vt 0.39736500 0.61455200
vt 0.39873300 0.60818500
vt 0.39572100 0.60912400
vt 0.45211200 0.59889600
vt 0.39234200 0.61102600
vt 0.39465800 0.61343200
vt 0.42464500 0.56773100
vt 0.42132800 0.57149700
vt 0.42418500 0.54677000
vt 0.47353400 0.54984000
vt 0.48004000 0.55302200
vt 0.45587700 0.59577100
vt 0.39187100 0.60567400
vt 0.49034100 0.55378800
vt 0.48329100 0.56144300
vt 0.47721900 0.56247200
vt 0.47688400 0.55764000
vt 0.47349500 0.56375700
vt 0.47860900 0.56765300
vt 0.47653900 0.56970100
vt 0.39912900 0.60186900
vt 0.40188500 0.59758600
vt 0.39406400 0.51750800
vt 0.43680800 0.55884300
vt 0.43992900 0.55491600
vt 0.44020900 0.55950200
vt 0.47021600 0.55764200
vt 0.46947900 0.56079700
vt 0.46116500 0.55793000
vt 0.47490200 0.56094600
vt 0.48118800 0.58021900
vt 0.40635800 0.56741900
vt 0.41206200 0.57094600
vt 0.47152000 0.54511800
vt 0.46691100 0.59315200
vt 0.46285300 0.59722000
vt 0.45889700 0.59269600
vt 0.46385400 0.58985000
vt 0.46754300 0.53231900
vt 0.46294400 0.53215600
vt 0.46961600 0.58076900
vt 0.39257000 0.59681700
vt 0.40140500 0.56201000
vt 0.40940800 0.55868000
vt 0.40089200 0.56471100
vt 0.45238400 0.58978000
vt 0.49415800 0.54817600
vt 0.46163400 0.53848800
vt 0.46947100 0.53961100
vt 0.41564400 0.59018600
vt 0.45805200 0.58791500
vt 0.40721600 0.52923900
vt 0.40627400 0.59155400
vt 0.41151200 0.58935500
vt 0.46287600 0.54279600
vt 0.48771600 0.59176200
vt 0.49322600 0.59946400
vt 0.44072800 0.54995400
vt 0.43247700 0.54875200
vt 0.46370400 0.58179400
vt 0.43964900 0.54740400
vt 0.45785800 0.58291200
vt 0.43333700 0.54343500
vt 0.43207800 0.57228700
vt 0.43252200 0.56872100
vt 0.44151400 0.57242100
vt 0.49260500 0.58884400
vt 0.49254200 0.59298900
vt 0.45242600 0.54060400
vt 0.44963800 0.53190000
vt 0.44163600 0.56889100
vt 0.43750800 0.56515700
vt 0.44038700 0.57667200
vt 0.43571700 0.57671200
vt 0.46631300 0.60005200
vt 0.46975400 0.59984500
vt 0.41227900 0.58606800
vt 0.42779500 0.54208500
vt 0.45050300 0.58567800
vt 0.42849300 0.57666200
vt 0.41765300 0.58566800
vt 0.45888400 0.56101700
vt 0.45318700 0.55830700
vt 0.45920400 0.55601900
vt 0.40793000 0.58764400
vt 0.45295800 0.56329600
vt 0.45994400 0.56486000
vt 0.45944300 0.56763400
vt 0.45383700 0.56762000
vt 0.43223600 0.57949200
vt 0.46766300 0.58824800
vt 0.39880900 0.58776000
vt 0.46609800 0.56265700
vt 0.46599300 0.56688900
vt 0.42327200 0.57919600
vt 0.42840800 0.58086900
vt 0.47080000 0.55129800
vt 0.47248900 0.57180100
vt 0.48183500 0.57554000
vt 0.38686700 0.52155400
vt 0.39480600 0.52206200
vt 0.39333300 0.52680200
vt 0.39473800 0.53313300
vt 0.46730600 0.57275300
vt 0.39883300 0.59565700
vt 0.46424100 0.55138900
vt 0.45639100 0.54986400
vt 0.46464600 0.54776100
vt 0.40608000 0.55507300
vt 0.40239400 0.54938400
vt 0.40296000 0.55866000
vt 0.40153200 0.53330100
vt 0.39851000 0.55469700
vt 0.39699200 0.55656000
vt 0.39591600 0.55074000
vt 0.46128600 0.57415100
vt 0.38743900 0.60172300
vt 0.40794600 0.57846100
vt 0.39591900 0.59141700
vt 0.50960700 0.29101500
vt 0.51091900 0.28132500
vt 0.52435800 0.27052700
vt 0.52506300 0.28457200
vt 0.51786200 0.27212200
vt 0.52171300 0.28447800
vt 0.51690000 0.27797300
vt 0.40239800 0.58439200
vt 0.45029300 0.55548300
vt 0.51052900 0.26492300
vt 0.39833700 0.53921800
vt 0.40632000 0.54109300
vt 0.40212500 0.57994500
vt 0.44298800 0.55651200
vt 0.51086100 0.27342100
vt 0.44857700 0.56006400
vt 0.54320700 0.25860100
vt 0.53612400 0.25707700
vt 0.54158800 0.25266300
vt 0.44445400 0.55899900
vt 0.39155200 0.58852200
vt 0.44374300 0.56292900
vt 0.40198900 0.54463000
vt 0.51665600 0.28474800
vt 0.40678700 0.54744600
vt 0.51447300 0.29463100
vt 0.38670800 0.59315900
vt 0.44842200 0.54939400
vt 0.38587600 0.58818800
vt 0.41654400 0.60838800
vt 0.42218500 0.60347000
vt 0.42154800 0.60841500
vt 0.42347100 0.59869100
vt 0.53206200 0.61216600
vt 0.54840100 0.26532400
vt 0.55011500 0.25549500
vt 0.53477800 0.62395200
vt 0.52742200 0.61408600
vt 0.40813200 0.57484800
vt 0.40344100 0.57618800
vt 0.40362600 0.57141600
vt 0.44609100 0.56719400
vt 0.44816900 0.57317400
vt 0.39316700 0.48556800
vt 0.39609300 0.63003600
vt 0.39070300 0.63614500
vt 0.40026800 0.63334200
vt 0.44331800 0.55965900
vt 0.44312200 0.56003200
vt 0.54543000 0.25398600
vt 0.51142400 0.25900500
vt 0.50736400 0.25582800
vt 0.39619700 0.57739800
vt 0.44759100 0.54618400
vt 0.39426000 0.54255300
vt 0.39508800 0.54614800
vt 0.39705300 0.58059000
vt 0.44694600 0.57851500
vt 0.45238700 0.58065900
vt 0.45415900 0.57402300
vt 0.45809900 0.57898500
vt 0.45741500 0.54634000
vt 0.53693900 0.24650900
vt 0.54441600 0.24409100
vt 0.39800400 0.49179400
vt 0.40124400 0.62887700
vt 0.39868200 0.62332100
vt 0.53479700 0.24284100
vt 0.39191500 0.53648500
vt 0.39305500 0.62998000
vt 0.38939800 0.63311100
vt 0.38477900 0.48334900
vt 0.38683500 0.48961900
vt 0.39338800 0.62642200
vt 0.38881500 0.62390100
vt 0.52958200 0.25079800
vt 0.38611000 0.53486100
vt 0.38960600 0.58155600
vt 0.37587900 0.48552600
vt 0.52846400 0.24349900
vt 0.38570800 0.64062500
vt 0.38880700 0.54374600
vt 0.38676100 0.57813900
vt 0.38558200 0.63553800
vt 0.38216200 0.54099400
vt 0.38366600 0.58079600
vt 0.38386900 0.58453100
vt 0.37904400 0.64012800
vt 0.37720500 0.64251200
vt 0.43239300 0.56250600
vt 0.43182300 0.55908100
vt 0.38257600 0.63395500
vt 0.37718400 0.63654600
vt 0.39689800 0.55995900
vt 0.37328200 0.64235300
vt 0.39724200 0.56795200
vt 0.39079100 0.55880400
vt 0.39006300 0.55594400
vt 0.53070800 0.60119000
vt 0.54487100 0.27501100
vt 0.53853500 0.27608200
vt 0.53807500 0.26910200
vt 0.39515800 0.56285400
vt 0.38431900 0.62889900
vt 0.54224500 0.26359500
vt 0.53338800 0.27799000
vt 0.53490500 0.28551000
vt 0.52919700 0.27698100
vt 0.39443100 0.54900000
vt 0.39172700 0.56505100
vt 0.53779700 0.28729200
vt 0.53380500 0.27027300
vt 0.38532800 0.49938500
vt 0.39353900 0.49655700
vt 0.54104300 0.28594500
vt 0.52839500 0.59056600
vt 0.38680900 0.50581200
vt 0.39023400 0.56870300
vt 0.51936900 0.26132800
vt 0.52584400 0.26612900
vt 0.52968100 0.27093700
vt 0.39878300 0.61961100
vt 0.52834900 0.26299300
vt 0.39520300 0.57301100
vt 0.52316900 0.25977200
vt 0.39222600 0.61840600
vt 0.39478100 0.62049800
vt 0.53310700 0.26433900
vt 0.52496000 0.23539800
vt 0.52305500 0.24322200
vt 0.52565900 0.25604800
vt 0.51971200 0.25531700
vt 0.38454700 0.55505300
vt 0.52157000 0.25048500
vt 0.53052400 0.23440900
vt 0.38462200 0.55765300
vt 0.38100400 0.62529500
vt 0.38775400 0.54817700
vt 0.52793300 0.22969200
vt 0.53231200 0.23215600
vt 0.38871800 0.55000600
vt 0.38805400 0.61509900
vt 0.38352800 0.57288800
vt 0.38368900 0.62000300
vt 0.53063600 0.25719300
vt 0.51905700 0.22817600
vt 0.38001300 0.49356800
vt 0.52567100 0.25071900
vt 0.37512500 0.55615300
vt 0.38061900 0.55121000
vt 0.37354700 0.49567000
vt 0.37367800 0.62833800
vt 0.37729200 0.62796800
vt 0.38308300 0.54563200
vt 0.37255700 0.63257900
vt 0.37113600 0.48945900
vt 0.37034200 0.48500800
vt 0.45165100 0.50581700
vt 0.44262600 0.50301000
vt 0.44712400 0.49870600
vt 0.45323700 0.50042600
vt 0.37386000 0.62437300
vt 0.37663500 0.54891400
vt 0.37020100 0.62778800
vt 0.38044400 0.57711400
vt 0.38731200 0.56311300
vt 0.37607500 0.50109100
vt 0.38367100 0.56595200
vt 0.38085800 0.56028900
vt 0.51841300 0.24340500
vt 0.37957600 0.62004000
vt 0.37572300 0.62050300
vt 0.45913600 0.50579400
vt 0.38019200 0.56853100
vt 0.51747000 0.23511000
vt 0.37672000 0.55873600
vt 0.38036300 0.56398900
vt 0.44154200 0.49348700
vt 0.37049900 0.56513000
vt 0.37529100 0.56663100
vt 0.45145600 0.61870600
vt 0.38998600 0.57543200
vt 0.36144500 0.48193000
vt 0.36974100 0.64192700
vt 0.36693600 0.63247500
vt 0.45276300 0.61473100
vt 0.36530300 0.63961200
vt 0.36681700 0.56176000
vt 0.37220100 0.55901200
vt 0.37498400 0.56118900
vt 0.36091400 0.48851400
vt 0.36531100 0.55895000
vt 0.36250900 0.55716500
vt 0.50645200 0.56959500
vt 0.50092200 0.56517400
vt 0.54118100 0.31011900
vt 0.50957900 0.56762700
vt 0.44626900 0.61893500
vt 0.52588400 0.32079800
vt 0.52336300 0.32406900
vt 0.52207900 0.31406100
vt 0.51493800 0.31756900
vt 0.35744000 0.63292000
vt 0.36071000 0.64075500
vt 0.49930000 0.55792100
vt 0.51088700 0.56259200
vt 0.53686400 0.31047100
vt 0.52632100 0.32671900
vt 0.49831800 0.53958700
vt 0.35841700 0.55962000
vt 0.35185900 0.55956700
vt 0.53155200 0.32171800
vt 0.50193600 0.54890500
vt 0.52685600 0.31306500
vt 0.53142800 0.31452800
vt 0.44889400 0.61291300
vt 0.36502300 0.56552800
vt 0.36054100 0.56247500
vt 0.36721400 0.64465100
vt 0.52014600 0.29376800
vt 0.44149200 0.61673100
vt 0.36027800 0.56653900
vt 0.35939200 0.64410700
vt 0.51019800 0.61990700
vt 0.51372900 0.30678800
vt 0.34765300 0.55829200
vt 0.36159400 0.55244800
vt 0.35388500 0.56612600
vt 0.35209500 0.56286400
vt 0.35154500 0.56834100
vt 0.43504200 0.48855900
vt 0.43402000 0.62331200
vt 0.34827000 0.47925500
vt 0.34817900 0.56100800
vt 0.34548300 0.56526000
vt 0.34552000 0.56207600
vt 0.43096800 0.49162700
vt 0.43777400 0.62116900
vt 0.33630200 0.55998200
vt 0.42957000 0.62546100
vt 0.50212000 0.60961600
vt 0.50599000 0.61544000
vt 0.49789300 0.61946000
vt 0.35830400 0.64011900
vt 0.35414300 0.48445100
vt 0.34667700 0.57081800
vt 0.34342000 0.56798000
vt 0.44210500 0.62037300
vt 0.43311500 0.49944400
vt 0.33652600 0.56687800
vt 0.34098700 0.56216200
vt 0.35594500 0.64587500
vt 0.35182300 0.64006500
vt 0.51851800 0.31081900
vt 0.50897900 0.61106400
vt 0.33492300 0.56958900
vt 0.43808800 0.61438800
vt 0.33577300 0.56399300
vt 0.51223700 0.29785200
vt 0.35286700 0.64858300
vt 0.34698900 0.48480600
vt 0.35013600 0.48674800
vt 0.34819900 0.64292600
vt 0.42782000 0.61324200
vt 0.43096400 0.61451600
vt 0.32699200 0.56191100
vt 0.33736400 0.55829500
vt 0.32479100 0.56456400
vt 0.32254900 0.56048100
vt 0.51619400 0.62269900
vt 0.32549700 0.56891000
vt 0.36547400 0.49143900
vt 0.38439700 0.52859900
vt 0.51866600 0.30301500
vt 0.36768100 0.49473700
vt 0.37729600 0.53660000
vt 0.37569600 0.53037300
vt 0.44591700 0.51014800
vt 0.36054800 0.63088100
vt 0.51886500 0.58514000
vt 0.51030500 0.57599800
vt 0.51651500 0.57808200
vt 0.50890600 0.57929800
vt 0.52168000 0.58090500
vt 0.54091100 0.29732100
vt 0.43873300 0.60875500
vt 0.44778700 0.60968300
vt 0.44367000 0.61227300
vt 0.52439100 0.59105000
vt 0.37980300 0.58860400
vt 0.37951900 0.59703300
vt 0.37363600 0.59440600
vt 0.37311400 0.58953700
vt 0.35628200 0.49310300
vt 0.43788700 0.51538300
vt 0.44957900 0.51528900
vt 0.51709600 0.59025100
vt 0.38045100 0.58154600
vt 0.37399600 0.58240400
vt 0.36675400 0.62247700
vt 0.36521800 0.62626900
vt 0.35964400 0.49746200
vt 0.53249200 0.30166400
vt 0.53200800 0.30752700
vt 0.36223900 0.62725700
vt 0.36487900 0.50356700
vt 0.45250900 0.52083500
vt 0.52909600 0.29415800
vt 0.53576400 0.29395800
vt 0.37281700 0.53933500
vt 0.45185200 0.60962700
vt 0.51882700 0.59805200
vt 0.51305000 0.59362400
vt 0.52807000 0.30237700
vt 0.37134700 0.58610700
vt 0.35814800 0.62599100
vt 0.35488900 0.62949800
vt 0.53247700 0.28656100
vt 0.52484400 0.29155900
vt 0.54297400 0.27805300
vt 0.53094100 0.59782900
vt 0.35632700 0.63547600
vt 0.36873700 0.52958600
vt 0.37017200 0.52137700
vt 0.35306900 0.63698600
vt 0.36210800 0.52468100
vt 0.52354800 0.29891800
vt 0.36958900 0.53643300
vt 0.37289000 0.59788300
vt 0.37039300 0.59668000
vt 0.35275300 0.63171700
vt 0.36537200 0.59082500
vt 0.34552500 0.48777400
vt 0.34721400 0.49595000
vt 0.34783900 0.63141600
vt 0.52426400 0.60625400
vt 0.33854000 0.49175400
vt 0.36282400 0.59454700
vt 0.36440600 0.59998500
vt 0.35897700 0.53519400
vt 0.52423600 0.59576200
vt 0.36667000 0.58670100
vt 0.44762200 0.60333200
vt 0.34331600 0.63777900
vt 0.34441200 0.63193800
vt 0.36110600 0.59085300
vt 0.44170800 0.60310800
vt 0.35773000 0.59147300
vt 0.34301700 0.62736600
vt 0.36158800 0.54122800
vt 0.35805400 0.58459900
vt 0.38785700 0.51285700
vt 0.52378600 0.30529700
vt 0.43631600 0.50635300
vt 0.43477400 0.61083400
vt 0.38201700 0.61391700
vt 0.37294800 0.54495400
vt 0.37498100 0.57804700
vt 0.38071700 0.51423000
vt 0.37299000 0.50961000
vt 0.37451600 0.57254300
vt 0.50540900 0.60353600
vt 0.49958500 0.60151400
vt 0.42353800 0.61528900
vt 0.42614700 0.62090100
vt 0.36935600 0.58086300
vt 0.38528200 0.60830100
vt 0.38491900 0.61302400
vt 0.42553600 0.50850300
vt 0.51491000 0.61043700
vt 0.51245800 0.60642400
vt 0.37005400 0.57727800
vt 0.37948600 0.60937000
vt 0.42847300 0.50243500
vt 0.36714400 0.54284600
vt 0.37737200 0.61226000
vt 0.42498500 0.60908700
vt 0.50784600 0.55818000
vt 0.53522700 0.31446500
vt 0.43165300 0.60977300
vt 0.37771000 0.60307400
vt 0.37114200 0.55123300
vt 0.50563700 0.59879900
vt 0.43062800 0.51811200
vt 0.38867700 0.61146400
vt 0.43499000 0.60538900
vt 0.51634100 0.60308600
vt 0.36831300 0.56933900
vt 0.43442700 0.60229300
vt 0.43114000 0.60282300
vt 0.42228600 0.50271900
vt 0.37819200 0.61732500
vt 0.37318300 0.61475500
vt 0.36723500 0.57340600
vt 0.42101500 0.49257600
vt 0.37042100 0.61946700
vt 0.36762600 0.54744900
vt 0.36826400 0.61699900
vt 0.51855400 0.61005800
vt 0.51934600 0.60677600
vt 0.40924000 0.63306500
vt 0.41261900 0.62986500
vt 0.36355800 0.58111400
vt 0.37476200 0.61069100
vt 0.37233800 0.60847800
vt 0.40663500 0.63292000
vt 0.40903400 0.62750700
vt 0.51122000 0.34287900
vt 0.48461300 0.51457500
vt 0.50386400 0.33763900
vt 0.51056100 0.33509600
vt 0.40482200 0.63398800
vt 0.35422700 0.58642800
vt 0.36876500 0.61353500
vt 0.35684500 0.54232800
vt 0.36361500 0.51086500
vt 0.36794500 0.60867700
vt 0.51466100 0.32785700
vt 0.36299700 0.54830000
vt 0.49105900 0.61549100
vt 0.49489800 0.62221400
vt 0.49079100 0.61979200
vt 0.41467500 0.62520000
vt 0.41628000 0.49415200
vt 0.48242800 0.62334500
vt 0.38367000 0.59782700
vt 0.36341200 0.57598500
vt 0.37794000 0.52264100
vt 0.40731900 0.49622000
vt 0.48311700 0.61583400
vt 0.48055000 0.61765300
vt 0.35294800 0.55080800
vt 0.35679100 0.54797500
vt 0.48679700 0.61542600
vt 0.40771100 0.62302700
vt 0.40594900 0.62524400
vt 0.35676100 0.58051300
vt 0.35288100 0.54585500
vt 0.40318900 0.48928300
vt 0.35585500 0.57728900
vt 0.40461800 0.62848600
vt 0.34959700 0.52934700
vt 0.35281400 0.52370100
vt 0.40253100 0.62368000
vt 0.35414300 0.53366100
vt 0.35639400 0.60004900
vt 0.35984500 0.60457300
vt 0.48064200 0.61376700
vt 0.35281400 0.59611900
vt 0.48931900 0.52529400
vt 0.51843200 0.33762000
vt 0.48368700 0.60884300
vt 0.48713000 0.60994100
vt 0.37304500 0.51674800
vt 0.47784200 0.60956500
vt 0.34906900 0.59960200
vt 0.35075500 0.60393800
vt 0.41888900 0.61198500
vt 0.41835000 0.61739300
vt 0.41587700 0.61941200
vt 0.34722900 0.59664900
vt 0.41253000 0.50188500
vt 0.36737200 0.60408200
vt 0.35372100 0.59126900
vt 0.36403600 0.61083600
vt 0.46889900 0.61712700
vt 0.47242600 0.61654000
vt 0.41662100 0.50880800
vt 0.46728200 0.62121500
vt 0.41243900 0.61559400
vt 0.36196800 0.60939300
vt 0.35110600 0.53879500
vt 0.34889300 0.59003600
vt 0.34042600 0.52184500
vt 0.34037000 0.52749100
vt 0.34309000 0.60222500
vt 0.41200500 0.62240300
vt 0.40890300 0.61898900
vt 0.33855600 0.60491600
vt 0.34007900 0.60984300
vt 0.33421400 0.60876000
vt 0.40405900 0.61833200
vt 0.46884200 0.61199600
vt 0.33635300 0.59846300
vt 0.33401000 0.60318100
vt 0.33682800 0.53292600
vt 0.36115000 0.62054200
vt 0.34379200 0.53668900
vt 0.36195100 0.61561700
vt 0.36111500 0.50413800
vt 0.34125500 0.59397500
vt 0.40085000 0.61607700
vt 0.33913800 0.59598600
vt 0.35590100 0.61896600
vt 0.35897600 0.61693400
vt 0.47775100 0.62309600
vt 0.35261400 0.50369200
vt 0.33068000 0.59823700
vt 0.47316900 0.60438700
vt 0.35592600 0.51151300
vt 0.35800400 0.61316400
vt 0.48376400 0.60140500
vt 0.35166600 0.58382600
vt 0.34766800 0.54144200
vt 0.47770300 0.59676400
vt 0.35079900 0.61649400
vt 0.34604700 0.58749800
vt 0.34706800 0.50973200
vt 0.34791800 0.49945000
vt 0.34968100 0.62654800
vt 0.34697300 0.54933500
vt 0.35174500 0.62116600
vt 0.34920300 0.62317800
vt 0.52164900 0.33027700
vt 0.49611700 0.53275100
vt 0.42259100 0.62581900
vt 0.34783900 0.57997800
vt 0.33966000 0.54209800
vt 0.34402900 0.54567000
vt 0.34312200 0.61963000
vt 0.49708600 0.60725800
vt 0.48860900 0.60258600
vt 0.34207000 0.50225800
vt 0.33839000 0.58227900
vt 0.34103300 0.58806700
vt 0.35025100 0.51482800
vt 0.34683200 0.61778000
vt 0.42013500 0.62693000
vt 0.33600200 0.50560900
vt 0.33911400 0.62190300
vt 0.33171700 0.53872200
vt 0.42187500 0.62029000
vt 0.36076900 0.51678600
vt 0.33047300 0.59357800
vt 0.34979100 0.51777000
vt 0.33518500 0.58816200
vt 0.46857300 0.60649800
vt 0.41934100 0.62207300
vt 0.33546400 0.54561100
vt 0.33961300 0.54881800
vt 0.35503400 0.60899700
vt 0.35133000 0.61163200
vt 0.33119600 0.54325200
vt 0.35348500 0.60658200
vt 0.32548500 0.54640000
vt 0.32841100 0.58987800
vt 0.32982800 0.58405100
vt 0.36138100 0.56961800
vt 0.34438400 0.51523500
vt 0.43293800 0.55563900
vt 0.50177700 0.61917900
vt 0.34720700 0.61158300
vt 0.42263800 0.53104000
vt 0.42321000 0.52509700
vt 0.42570700 0.53623000
vt 0.49420500 0.61347000
vt 0.33689100 0.51290300
vt 0.35545600 0.57163900
vt 0.33594100 0.51625100
vt 0.44518100 0.52627900
vt 0.49619200 0.56997100
vt 0.49556500 0.56539000
vt 0.50725300 0.57342700
vt 0.44324900 0.59416900
vt 0.43975400 0.59856400
vt 0.33860700 0.61415800
vt 0.33589900 0.61957400
vt 0.43737400 0.52105100
vt 0.34708000 0.60822000
vt 0.49545700 0.57436400
vt 0.50122700 0.58002100
vt 0.35001400 0.57452300
vt 0.44051000 0.52948100
vt 0.34882700 0.55363600
vt 0.44692900 0.53564700
vt 0.49125000 0.56874700
vt 0.48893000 0.56409200
vt 0.43555900 0.58876200
vt 0.48611300 0.56036600
vt 0.32887300 0.51617800
vt 0.48315800 0.57038500
vt 0.48456800 0.56625300
vt 0.44232800 0.58771700
vt 0.49069800 0.57650200
vt 0.43187700 0.59543800
vt 0.48154100 0.56471400
vt 0.42450500 0.56163400
vt 0.48780000 0.55591200
vt 0.33470500 0.55521100
vt 0.33924300 0.55292500
vt 0.42377400 0.55893500
vt 0.33925200 0.57675600
vt 0.34297500 0.57398300
vt 0.44744000 0.59336200
vt 0.49002200 0.58204500
vt 0.33665400 0.57276700
vt 0.33343500 0.54930700
vt 0.49701800 0.55287600
vt 0.33305800 0.55303900
vt 0.33510900 0.57871900
vt 0.44527800 0.58764600
vt 0.32715400 0.55061800
vt 0.32856900 0.58024200
vt 0.42845300 0.60101500
vt 0.33003100 0.57414700
vt 0.42928600 0.59588200
vt 0.42915900 0.53000700
vt 0.32457800 0.57409700
vt 0.42872800 0.58982300
vt 0.51071100 0.58367900
vt 0.42574900 0.59256500
vt 0.42199600 0.59403100
vt 0.44043100 0.53476600
vt 0.44290300 0.54097900
vt 0.44347800 0.58156100
vt 0.43752800 0.58116800
vt 0.43509900 0.53684600
vt 0.43855700 0.57882400
vt 0.42524500 0.58497700
vt 0.42019700 0.58889600
vt 0.47042200 0.56240900
vt 0.44324200 0.55980500
vt 0.52557600 0.61750100
vt 0.52231000 0.62068700
vt 0.54383500 0.30333000
vt 0.51546600 0.57518000
vt 0.54179600 0.30437700
vt 0.51535900 0.57235700
vt 0.53784500 0.29332000
vt 0.53855300 0.29932400
vt 0.21036000 0.55422400
vt 0.22105200 0.55460800
vt 0.22223900 0.56048600
vt 0.21054000 0.55051400
vt 0.08766300 0.50335600
vt 0.08205000 0.50243600
vt 0.08874600 0.49762900
vt 0.21415500 0.54768700
vt 0.31968300 0.56277500
vt 0.08012200 0.49791900
vt 0.21745900 0.59074200
vt 0.22288900 0.59589800
vt 0.21756200 0.60023000
vt 0.14596900 0.44569400
vt 0.15297500 0.44181000
vt 0.15315000 0.45082500
vt 0.14693300 0.45413300
vt 0.33838600 0.47769100
vt 0.06414600 0.50530100
vt 0.05846700 0.50519300
vt 0.05965400 0.49932600
vt 0.06332200 0.49788000
vt 0.34462900 0.64871100
vt 0.22530700 0.60539100
vt 0.22552100 0.60043600
vt 0.30890200 0.56376900
vt 0.06218700 0.49500200
vt 0.05918900 0.49299600
vt 0.31292200 0.56155300
vt 0.15333400 0.42987300
vt 0.15562000 0.42363500
vt 0.16081500 0.43403300
vt 0.06694300 0.49896700
vt 0.20871900 0.54485500
vt 0.21355700 0.54000000
vt 0.34176800 0.48257000
vt 0.21929800 0.60642500
vt 0.17599800 0.56904500
vt 0.21154200 0.60453900
vt 0.21522200 0.61157300
vt 0.31352600 0.56647000
vt 0.06731300 0.49389500
vt 0.18117700 0.56932300
vt 0.21229300 0.59998500
vt 0.34079900 0.64370600
vt 0.34062500 0.64721200
vt 0.33549800 0.48261100
vt 0.30216100 0.56291400
vt 0.34045600 0.65307400
vt 0.33027000 0.47779400
vt 0.06135000 0.48729800
vt 0.33489200 0.64672500
vt 0.30293400 0.56717900
vt 0.15093200 0.42141600
vt 0.15586800 0.41805500
vt 0.20696800 0.56130000
vt 0.19938000 0.55781900
vt 0.20190500 0.55652900
vt 0.31922100 0.56788300
vt 0.20801800 0.54043400
vt 0.31882800 0.57136100
vt 0.34698800 0.65273300
vt 0.31409100 0.56942100
vt 0.07046500 0.50126700
vt 0.07295300 0.49674200
vt 0.06930100 0.48836600
vt 0.20123000 0.54728300
vt 0.30146400 0.56831100
vt 0.20051600 0.54292800
vt 0.30060100 0.57148500
vt 0.06464300 0.48428000
vt 0.05437900 0.49698600
vt 0.05274400 0.49357700
vt 0.05467300 0.48573500
vt 0.04951100 0.48563300
vt 0.05428700 0.48021700
vt 0.33085300 0.52565400
vt 0.19461000 0.56904900
vt 0.21304600 0.58679700
vt 0.22046400 0.58283100
vt 0.32709800 0.48534500
vt 0.32410700 0.47738800
vt 0.32011600 0.48305300
vt 0.33469700 0.65613400
vt 0.19845300 0.56097400
vt 0.14167000 0.40926100
vt 0.14736200 0.40900300
vt 0.14745100 0.41368300
vt 0.13979200 0.41677700
vt 0.06059400 0.48012400
vt 0.06094200 0.47262700
vt 0.19311800 0.56176900
vt 0.21317100 0.57984800
vt 0.20146000 0.56899500
vt 0.05311300 0.47142300
vt 0.33052200 0.60230000
vt 0.05188500 0.47628100
vt 0.33358600 0.61112100
vt 0.32627400 0.60855800
vt 0.32800800 0.60344400
vt 0.14233400 0.42289900
vt 0.32263800 0.52334700
vt 0.32170100 0.51809100
vt 0.18593300 0.56645400
vt 0.14623200 0.43120100
vt 0.32936700 0.65743900
vt 0.06632400 0.47836300
vt 0.18092900 0.55982500
vt 0.32335400 0.52963100
vt 0.32693800 0.66085000
vt 0.33171900 0.64985300
vt 0.32215100 0.60872400
vt 0.32428300 0.61455200
vt 0.32989100 0.65333700
vt 0.26016500 0.70245500
vt 0.13610600 0.42584100
vt 0.32312200 0.65322400
vt 0.32330000 0.53584200
vt 0.32599000 0.65110000
vt 0.07694300 0.49136000
vt 0.24637400 0.45759200
vt 0.33812100 0.48845000
vt 0.34224600 0.48689700
vt 0.59145500 0.00785900
vt 0.34184500 0.48686500
vt 0.34204600 0.48688100
vt 0.59125400 0.00784300
vt 0.14770900 0.43609600
vt 0.25451200 0.70028400
vt 0.25301600 0.70674400
vt 0.24082300 0.45894500
vt 0.33253300 0.48999500
vt 0.07240500 0.48067200
vt 0.07441500 0.48522600
vt 0.14051000 0.43598800
vt 0.33443300 0.63972500
vt 0.08528600 0.49205800
vt 0.24935300 0.70954400
vt 0.34194300 0.63443800
vt 0.08408900 0.48676500
vt 0.32302800 0.60285700
vt 0.08157200 0.48111200
vt 0.32083800 0.59847400
vt 0.33927500 0.49932600
vt 0.33371200 0.49485500
vt 0.31588400 0.60058700
vt 0.24993300 0.70288100
vt 0.31369000 0.52104800
vt 0.25035200 0.69655500
vt 0.25885400 0.69555000
vt 0.31375300 0.52906600
vt 0.33723000 0.63476500
vt 0.32073100 0.61291000
vt 0.31624600 0.61154300
vt 0.32024500 0.61759800
vt 0.33061400 0.63492700
vt 0.31493300 0.60747600
vt 0.07573400 0.47507900
vt 0.32836500 0.64547700
vt 0.30774500 0.52620900
vt 0.24366300 0.69042800
vt 0.24659800 0.68834400
vt 0.12815600 0.41545700
vt 0.06905300 0.47004700
vt 0.31261700 0.61619200
vt 0.32699900 0.49308800
vt 0.32798900 0.64051700
vt 0.24130100 0.68571600
vt 0.07097500 0.47339400
vt 0.30659200 0.51872600
vt 0.31884500 0.48776400
vt 0.31991100 0.64803000
vt 0.31063300 0.61284900
vt 0.30656300 0.61123800
vt 0.21159900 0.61794500
vt 0.16245300 0.57012200
vt 0.21874800 0.62146100
vt 0.21518000 0.62837900
vt 0.15536000 0.57055000
vt 0.21151400 0.62463400
vt 0.13352700 0.43499000
vt 0.13762900 0.44161700
vt 0.12860700 0.42151100
vt 0.33104800 0.50019800
vt 0.12913800 0.43173700
vt 0.16876400 0.57117400
vt 0.21281000 0.61174300
vt 0.16949700 0.56535100
vt 0.32592700 0.63564200
vt 0.07548200 0.47064300
vt 0.20525400 0.53289100
vt 0.20798000 0.52939100
vt 0.32145200 0.49612200
vt 0.31638100 0.49367300
vt 0.32134400 0.64439800
vt 0.21509700 0.49910700
vt 0.21713000 0.49354400
vt 0.22345100 0.50082200
vt 0.12933600 0.57526500
vt 0.21639900 0.65092500
vt 0.22118900 0.64987200
vt 0.12177900 0.57699100
vt 0.21911500 0.65924300
vt 0.20175500 0.53673000
vt 0.32061600 0.63541100
vt 0.31788400 0.63910000
vt 0.31212500 0.60235900
vt 0.21904900 0.50823100
vt 0.31532700 0.49786400
vt 0.12358200 0.57023300
vt 0.21656900 0.64472400
vt 0.13473300 0.57588800
vt 0.31570400 0.48137300
vt 0.12758800 0.57165400
vt 0.17363500 0.56138400
vt 0.30551900 0.60599300
vt 0.11514700 0.56966000
vt 0.12403500 0.56659200
vt 0.30525700 0.53340800
vt 0.31480300 0.47619800
vt 0.30863200 0.60227700
vt 0.13530300 0.56787900
vt 0.23490400 0.48365600
vt 0.23393900 0.47546100
vt 0.23736100 0.47395000
vt 0.31690800 0.66556800
vt 0.22806900 0.47472500
vt 0.22824000 0.48031900
vt 0.31960600 0.65889400
vt 0.21940000 0.63862100
vt 0.22605000 0.64835100
vt 0.31482500 0.65984200
vt 0.32412800 0.59386200
vt 0.22611900 0.48936000
vt 0.21021000 0.49895900
vt 0.20566700 0.50708400
vt 0.32254200 0.65726600
vt 0.21423300 0.51452600
vt 0.20635800 0.51528400
vt 0.23251500 0.49663700
vt 0.22258700 0.49343300
vt 0.20461200 0.49962400
vt 0.31832000 0.65218600
vt 0.30779300 0.47660800
vt 0.30832900 0.48276600
vt 0.13067400 0.56073100
vt 0.19974500 0.49031500
vt 0.22458200 0.66028600
vt 0.22857000 0.65922500
vt 0.20348100 0.48520500
vt 0.11665700 0.56243800
vt 0.11046900 0.56377000
vt 0.11241400 0.55397900
vt 0.12372100 0.55684600
vt 0.22666800 0.50919700
vt 0.31012600 0.66502800
vt 0.32106900 0.58563000
vt 0.30499500 0.66668700
vt 0.11928200 0.55227700
vt 0.31666300 0.58999300
vt 0.31305900 0.54121500
vt 0.30596400 0.67439200
vt 0.31566600 0.59461300
vt 0.31865700 0.54640200
vt 0.30585900 0.66084500
vt 0.19305000 0.48642900
vt 0.19532000 0.49819700
vt 0.11369400 0.54798400
vt 0.21242700 0.52595200
vt 0.21915700 0.52363400
vt 0.30268800 0.47802900
vt 0.31165600 0.65734400
vt 0.20009600 0.50688100
vt 0.19150500 0.54684500
vt 0.18929900 0.55037800
vt 0.29431900 0.47614100
vt 0.12649800 0.54891100
vt 0.18464500 0.54246400
vt 0.30140300 0.67141800
vt 0.18996300 0.49296500
vt 0.11855900 0.54492700
vt 0.18800600 0.55413600
vt 0.18751000 0.48366800
vt 0.18536000 0.55686100
vt 0.12438400 0.54557800
vt 0.31230200 0.48866200
vt 0.30174200 0.59981700
vt 0.31381200 0.64103200
vt 0.21124900 0.63408500
vt 0.14482700 0.57074900
vt 0.13993700 0.56511900
vt 0.30451400 0.59771600
vt 0.30882500 0.49382700
vt 0.23689900 0.45557400
vt 0.30424800 0.48810100
vt 0.30938300 0.64403800
vt 0.30959700 0.59406700
vt 0.31016200 0.54579500
vt 0.31232700 0.58951100
vt 0.13897600 0.56104300
vt 0.31315800 0.64797900
vt 0.19927500 0.51650700
vt 0.24353100 0.71362000
vt 0.30930400 0.65174200
vt 0.30656900 0.54058700
vt 0.23709000 0.46686300
vt 0.30577900 0.59133100
vt 0.24480800 0.70153800
vt 0.15106800 0.56457400
vt 0.29903800 0.59354300
vt 0.24427300 0.70603200
vt 0.30603600 0.65610900
vt 0.20258400 0.51973400
vt 0.29738800 0.48366100
vt 0.14826800 0.56158300
vt 0.30014500 0.48973100
vt 0.23103300 0.46240200
vt 0.30327700 0.65098400
vt 0.30784900 0.61857100
vt 0.30156300 0.65579700
vt 0.29074400 0.48530500
vt 0.29883500 0.52252900
vt 0.24006600 0.71008800
vt 0.23814900 0.70042400
vt 0.14454100 0.55593900
vt 0.13898600 0.55309300
vt 0.29708900 0.66290400
vt 0.29744600 0.65853500
vt 0.22727500 0.45479000
vt 0.14430600 0.54816500
vt 0.22150800 0.46015900
vt 0.29151600 0.52223500
vt 0.13204600 0.55336700
vt 0.30424600 0.64345000
vt 0.30225200 0.49379600
vt 0.30031300 0.64835600
vt 0.19378100 0.50700900
vt 0.29506000 0.49209200
vt 0.29760100 0.60999900
vt 0.30229100 0.61631000
vt 0.29883600 0.62009000
vt 0.29581500 0.61465000
vt 0.29952800 0.65202600
vt 0.22639500 0.44889700
vt 0.29459200 0.65350400
vt 0.13215800 0.54512300
vt 0.18426400 0.49956400
vt 0.30380800 0.60889500
vt 0.24010700 0.71725100
vt 0.06959500 0.57983100
vt 0.29463300 0.52868300
vt 0.33695200 0.62859500
vt 0.23982700 0.72718600
vt 0.06344300 0.57481700
vt 0.19058300 0.51381600
vt 0.33266400 0.62858900
vt 0.32765400 0.63145400
vt 0.13896300 0.54233100
vt 0.33150400 0.50867000
vt 0.33720000 0.62525300
vt 0.57556700 0.01003800
vt 0.33704500 0.62491200
vt 0.33712200 0.62508200
vt 0.57548900 0.00986600
vt 0.57541200 0.00969600
vt 0.33704500 0.62491200
vt 0.33447100 0.62305900
vt 0.57283800 0.00784300
vt 0.21988100 0.45377700
vt 0.17864100 0.50633000
vt 0.29803400 0.62477800
vt 0.29051000 0.62303600
vt 0.07531400 0.57728400
vt 0.23460400 0.71149000
vt 0.32237800 0.50197200
vt 0.10666500 0.54716600
vt 0.11039100 0.54361500
vt 0.33034100 0.62490700
vt 0.07085400 0.57251500
vt 0.32807200 0.62859900
vt 0.11210700 0.53845700
vt 0.12227400 0.54047900
vt 0.29085700 0.61146000
vt 0.18239100 0.49065400
vt 0.28744200 0.53031600
vt 0.32181500 0.63126200
vt 0.06705700 0.56977700
vt 0.21740700 0.44810500
vt 0.28205000 0.52174500
vt 0.17556600 0.49792400
vt 0.29262400 0.62493300
vt 0.13139900 0.53693500
vt 0.11981900 0.53305500
vt 0.12649800 0.53272500
vt 0.28862100 0.61665000
vt 0.28458600 0.62366800
vt 0.28784100 0.62743300
vt 0.21248900 0.44978700
vt 0.07334500 0.56921000
vt 0.32526800 0.62030000
vt 0.32339900 0.62268400
vt 0.32338500 0.50969000
vt 0.31985900 0.62552100
vt 0.28810100 0.51853500
vt 0.06383000 0.56457700
vt 0.07033700 0.56333600
vt 0.31903200 0.62872200
vt 0.31538700 0.63171600
vt 0.13806000 0.53379700
vt 0.13327700 0.53095000
vt 0.28025300 0.61412100
vt 0.28058400 0.62010900
vt 0.31477000 0.63589000
vt 0.18611500 0.47480100
vt 0.19374500 0.47758400
vt 0.31571600 0.51261600
vt 0.30898100 0.50967800
vt 0.10585500 0.53889400
vt 0.18161000 0.48220000
vt 0.24055900 0.69615700
vt 0.17394400 0.47301900
vt 0.17957900 0.46996100
vt 0.10893800 0.53362700
vt 0.32870400 0.62033900
vt 0.33111500 0.61545500
vt 0.27773400 0.52430800
vt 0.22831500 0.46905300
vt 0.32697500 0.61697200
vt 0.27676700 0.53016400
vt 0.11510200 0.53428700
vt 0.17308900 0.48148400
vt 0.22634700 0.46281700
vt 0.17727700 0.48806300
vt 0.29688200 0.59939900
vt 0.08295900 0.57922800
vt 0.23271500 0.70216800
vt 0.29602200 0.53505500
vt 0.23433300 0.69096400
vt 0.10509600 0.53126200
vt 0.09849800 0.53061300
vt 0.10163200 0.52730900
vt 0.09529900 0.52315800
vt 0.10257100 0.52091100
vt 0.29387500 0.60639100
vt 0.17401000 0.46692600
vt 0.16612400 0.46571700
vt 0.31487000 0.62242500
vt 0.10817500 0.52486000
vt 0.16555300 0.47382700
vt 0.31108100 0.62438700
vt 0.11231600 0.52752200
vt 0.22182600 0.46943700
vt 0.29816700 0.54285800
vt 0.22843900 0.69279200
vt 0.09116300 0.57829700
vt 0.16458100 0.48122800
vt 0.10896200 0.51944800
vt 0.29505100 0.59527700
vt 0.11230000 0.52229800
vt 0.28923100 0.54334900
vt 0.28590000 0.53986100
vt 0.07884400 0.57343600
vt 0.08592200 0.57152000
vt 0.29227500 0.60136100
vt 0.30896100 0.50032500
vt 0.28805900 0.59667700
vt 0.30613700 0.63625700
vt 0.16660500 0.48820000
vt 0.30147300 0.63780900
vt 0.16467700 0.49534200
vt 0.07674300 0.56566600
vt 0.08109600 0.56696700
vt 0.13306000 0.52684900
vt 0.31060300 0.63323100
vt 0.21134700 0.46078900
vt 0.12063500 0.52553600
vt 0.11629000 0.52393500
vt 0.21678900 0.46411600
vt 0.29798000 0.50749100
vt 0.30183300 0.50028100
vt 0.21351700 0.46938900
vt 0.28709900 0.60548000
vt 0.30715200 0.63330900
vt 0.28424800 0.60917100
vt 0.15743500 0.47711500
vt 0.08103000 0.56161700
vt 0.08751500 0.56638900
vt 0.11540600 0.51475900
vt 0.27918000 0.53663700
vt 0.12666100 0.52565100
vt 0.08675400 0.55872800
vt 0.29348400 0.49903300
vt 0.27076000 0.53016800
vt 0.27959300 0.60556400
vt 0.27592800 0.60653600
vt 0.16060700 0.48894900
vt 0.12099500 0.51819200
vt 0.29556800 0.64279000
vt 0.12618400 0.51728000
vt 0.12146600 0.51286400
vt 0.06173500 0.55902000
vt 0.28876500 0.64559100
vt 0.28521000 0.59863200
vt 0.15707900 0.48502800
vt 0.21153700 0.43945400
vt 0.29207900 0.64141600
vt 0.15135800 0.48597800
vt 0.28025700 0.60005400
vt 0.29463300 0.63702800
vt 0.06418500 0.55538300
vt 0.20535800 0.43860900
vt 0.16436000 0.56329100
vt 0.15763100 0.56166700
vt 0.19595600 0.52508800
vt 0.28790100 0.50353000
vt 0.28789800 0.63906600
vt 0.27950700 0.54343700
vt 0.26931500 0.53916100
vt 0.06786800 0.55865300
vt 0.30388600 0.62830200
vt 0.15758800 0.55481700
vt 0.15044400 0.55390900
vt 0.20590600 0.44436100
vt 0.30678300 0.62409600
vt 0.19500900 0.53256800
vt 0.32204600 0.58197700
vt 0.06455300 0.55123200
vt 0.29750600 0.51411500
vt 0.16546200 0.55933500
vt 0.07038400 0.55109400
vt 0.31522600 0.54954600
vt 0.05484200 0.54549900
vt 0.31605500 0.58423600
vt 0.05855100 0.54750200
vt 0.05154200 0.54362300
vt 0.19114800 0.52484700
vt 0.06560200 0.54592600
vt 0.07621700 0.56046200
vt 0.32065300 0.55701700
vt 0.31976000 0.55449300
vt 0.15126800 0.54866600
vt 0.07539800 0.55643800
vt 0.20329400 0.45808300
vt 0.20398700 0.45017800
vt 0.16066700 0.54877600
vt 0.31831500 0.57984500
vt 0.28727300 0.51273900
vt 0.15684600 0.54500500
vt 0.07376700 0.55121100
vt 0.29669600 0.62999100
vt 0.29359400 0.63237800
vt 0.08092500 0.55488100
vt 0.17887200 0.51413300
vt 0.31469800 0.55657000
vt 0.30846100 0.55573300
vt 0.28742600 0.63509400
vt 0.14288300 0.54019800
vt 0.14642000 0.53967800
vt 0.07978200 0.55015800
vt 0.31108900 0.58295700
vt 0.28490900 0.62993600
vt 0.15112700 0.54021500
vt 0.18514900 0.52381700
vt 0.19950900 0.43355900
vt 0.29198200 0.46984700
vt 0.05440800 0.53576800
vt 0.05854700 0.54239000
vt 0.19256000 0.43117200
vt 0.17645500 0.52012600
vt 0.20118700 0.44268500
vt 0.30844300 0.55075800
vt 0.17169600 0.51427900
vt 0.30591400 0.58587200
vt 0.06358800 0.54135300
vt 0.30381500 0.55036600
vt 0.19422100 0.53706800
vt 0.19719300 0.43908100
vt 0.29627900 0.66717400
vt 0.29512200 0.67532700
vt 0.29185500 0.67113100
vt 0.19056300 0.53812200
vt 0.28735600 0.47603800
vt 0.29732200 0.55074400
vt 0.30069000 0.58779600
vt 0.29803400 0.59001800
vt 0.06020200 0.53548400
vt 0.19112400 0.43791400
vt 0.30235600 0.55777900
vt 0.16665300 0.55404500
vt 0.28927200 0.66603500
vt 0.28063000 0.47874400
vt 0.19814500 0.44434200
vt 0.19655900 0.45248200
vt 0.07602800 0.54531200
vt 0.18394000 0.52935700
vt 0.29170300 0.66027400
vt 0.30897700 0.57946400
vt 0.17118700 0.55133900
vt 0.16618300 0.54472000
vt 0.06905600 0.54652800
vt 0.17835900 0.55272400
vt 0.07211000 0.54398400
vt 0.28220300 0.48646700
vt 0.19315700 0.44564300
vt 0.06874900 0.53921200
vt 0.17589400 0.54729500
vt 0.18189800 0.54627600
vt 0.06369800 0.53420500
vt 0.16898100 0.54379100
vt 0.18805500 0.44412900
vt 0.29759900 0.55594500
vt 0.28937400 0.65768800
vt 0.28998500 0.65471000
vt 0.29974800 0.58172000
vt 0.28851100 0.65072800
vt 0.07212800 0.53638500
vt 0.07557200 0.53883900
vt 0.28680000 0.66049000
vt 0.07946300 0.54247300
vt 0.28123600 0.66044800
vt 0.28395100 0.66582300
vt 0.18906800 0.45000900
vt 0.18936500 0.45462400
vt 0.17777600 0.53614800
vt 0.17802200 0.53365600
vt 0.28351900 0.65660000
vt 0.07009500 0.53250200
vt 0.17513700 0.53962000
vt 0.31400200 0.57509000
vt 0.18021900 0.52974500
vt 0.27046600 0.48381100
vt 0.27689400 0.48820100
vt 0.07198700 0.52992900
vt 0.24058000 0.67923900
vt 0.23368400 0.68250600
vt 0.17231700 0.53041000
vt 0.23646200 0.67670200
vt 0.27071200 0.49027700
vt 0.30927400 0.57327100
vt 0.17129000 0.53519400
vt 0.30624900 0.57569100
vt 0.23064200 0.67790600
vt 0.17386700 0.54156200
vt 0.21920000 0.47745100
vt 0.16789900 0.53869000
vt 0.22538700 0.68850500
vt 0.09546300 0.57668200
vt 0.27917900 0.47174400
vt 0.16808800 0.53472500
vt 0.29582500 0.56484800
vt 0.22308900 0.67758800
vt 0.10541300 0.57734500
vt 0.29880700 0.57517300
vt 0.28598900 0.67238700
vt 0.23220900 0.67152800
vt 0.17388700 0.52234800
vt 0.15717700 0.53537700
vt 0.22030700 0.48541000
vt 0.27404200 0.47157200
vt 0.22600600 0.67331700
vt 0.16547000 0.52168400
vt 0.10205700 0.57240800
vt 0.29276800 0.54693900
vt 0.27898600 0.68375300
vt 0.09814500 0.57204700
vt 0.28205000 0.68144300
vt 0.28388100 0.67785400
vt 0.21226600 0.48446600
vt 0.09314100 0.56891400
vt 0.29315000 0.56354800
vt 0.29551800 0.58616700
vt 0.20858900 0.47739400
vt 0.16111500 0.53509300
vt 0.16233500 0.53186300
vt 0.29480500 0.58162000
vt 0.16285100 0.52939000
vt 0.28057300 0.67136200
vt 0.29101200 0.55265500
vt 0.29210600 0.55746400
vt 0.15405800 0.52770500
vt 0.28464600 0.55514200
vt 0.27552500 0.67836100
vt 0.09340400 0.56333900
vt 0.29319800 0.58987700
vt 0.20280100 0.46683100
vt 0.17276000 0.50831900
vt 0.14370100 0.53332900
vt 0.28629200 0.59282300
vt 0.09215500 0.55738600
vt 0.13778100 0.52946200
vt 0.10147000 0.56393800
vt 0.09955500 0.56035700
vt 0.28333500 0.54881000
vt 0.27822000 0.66658600
vt 0.14943100 0.53453500
vt 0.28999100 0.58412500
vt 0.26592500 0.47810800
vt 0.26612100 0.47127300
vt 0.28548600 0.58924200
vt 0.16575400 0.50913700
vt 0.27485400 0.66991200
vt 0.20063400 0.47448400
vt 0.16761800 0.51441700
vt 0.09544800 0.55316600
vt 0.14703600 0.52812500
vt 0.27045700 0.67224900
vt 0.22623900 0.66824000
vt 0.23367000 0.66597100
vt 0.27630800 0.66341000
vt 0.28426000 0.58571500
vt 0.27393000 0.65721200
vt 0.13965000 0.52001400
vt 0.11619900 0.57781500
vt 0.22103500 0.66586900
vt 0.27002900 0.66603100
vt 0.21949500 0.66907000
vt 0.11365800 0.57569300
vt 0.16739400 0.51802600
vt 0.27828200 0.59562600
vt 0.27991800 0.59216600
vt 0.26952200 0.66069500
vt 0.10743600 0.56975300
vt 0.16631500 0.52849600
vt 0.26595100 0.46642200
vt 0.16237900 0.52034400
vt 0.27360300 0.68707800
vt 0.15841000 0.52129400
vt 0.26669300 0.68273800
vt 0.15404900 0.52192100
vt 0.27504800 0.59780000
vt 0.25799100 0.46673800
vt 0.27191400 0.54607100
vt 0.27183300 0.55050000
vt 0.16600500 0.50159800
vt 0.26677100 0.67782500
vt 0.27104600 0.60443700
vt 0.27412800 0.59276700
vt 0.26727800 0.59612100
vt 0.13338100 0.52291000
vt 0.16231900 0.50960000
vt 0.27049100 0.69225300
vt 0.14726600 0.52302400
vt 0.15443900 0.50876900
vt 0.26732500 0.69588700
vt 0.15613200 0.51287000
vt 0.28065500 0.55345800
vt 0.25626400 0.45933100
vt 0.15340300 0.50234800
vt 0.27817000 0.58663100
vt 0.27680200 0.58991400
vt 0.16087600 0.49782500
vt 0.26585000 0.69979100
vt 0.27578300 0.55617300
vt 0.27439300 0.58653700
vt 0.13294100 0.51781500
vt 0.26144900 0.68959000
vt 0.26837000 0.55504600
vt 0.15798000 0.49287200
vt 0.12844000 0.51524100
vt 0.15533600 0.49502800
vt 0.10052400 0.55372600
vt 0.26841200 0.58921000
vt 0.15287200 0.48906200
vt 0.12549200 0.50985900
vt 0.29297300 0.56826100
vt 0.10623200 0.55621500
vt 0.25172800 0.45855000
vt 0.15947700 0.50171000
vt 0.15532300 0.50050000
vt 0.29390500 0.57207200
vt 0.29379800 0.56015500
vt 0.25210000 0.46516100
vt 0.12948700 0.50964300
vt 0.24640300 0.46462600
vt 0.14655500 0.50034300
vt 0.29108200 0.57922000
vt 0.14797200 0.49110200
vt 0.28997500 0.57494500
vt 0.25055800 0.47192400
vt 0.25357700 0.68668700
vt 0.28498100 0.56615900
vt 0.13601100 0.51031400
vt 0.08948000 0.55300200
vt 0.28221300 0.56468900
vt 0.14555300 0.49212800
vt 0.28893300 0.57205400
vt 0.15130700 0.51213400
vt 0.14712600 0.50833900
vt 0.19623600 0.45957000
vt 0.08598400 0.55134500
vt 0.14795900 0.50422800
vt 0.28424400 0.56926600
vt 0.25835100 0.47594300
vt 0.28324400 0.56068600
vt 0.14325100 0.50100700
vt 0.13947300 0.49149900
vt 0.28373900 0.55817900
vt 0.19432700 0.46802400
vt 0.26288800 0.67041800
vt 0.08875800 0.54700500
vt 0.09747700 0.54726700
vt 0.26509400 0.48836900
vt 0.27952500 0.58223100
vt 0.25901900 0.48151300
vt 0.26069800 0.67768600
vt 0.26431800 0.66480700
vt 0.28327300 0.57580200
vt 0.14715100 0.51668600
vt 0.25256500 0.47691300
vt 0.08404500 0.54670400
vt 0.25509800 0.48316600
vt 0.15423500 0.51677600
vt 0.19252000 0.46137000
vt 0.08505300 0.54005000
vt 0.24513300 0.48040300
vt 0.25636800 0.66712200
vt 0.25706600 0.67455700
vt 0.27391800 0.56675300
vt 0.14094700 0.51398400
vt 0.14835800 0.51364200
vt 0.08866100 0.54055700
vt 0.25643900 0.67846800
vt 0.28046700 0.55765100
vt 0.09307600 0.54179300
vt 0.18770500 0.46563400
vt 0.14358500 0.51023800
vt 0.27469200 0.56003800
vt 0.27702700 0.56986300
vt 0.28030700 0.57190800
vt 0.13814200 0.50577600
vt 0.08278700 0.53967000
vt 0.27123500 0.56518400
vt 0.14144900 0.50288000
vt 0.08160100 0.53459800
vt 0.07694000 0.53393400
vt 0.26815700 0.56162300
vt 0.12999600 0.50202700
vt 0.24623400 0.47223300
vt 0.13633200 0.50129200
vt 0.18518500 0.45091100
vt 0.09402600 0.51715100
vt 0.17794000 0.44182300
vt 0.24323500 0.46843700
vt 0.10264000 0.51449800
vt 0.27573500 0.57485500
vt 0.09676900 0.51124500
vt 0.27283500 0.57775400
vt 0.18094300 0.45129000
vt 0.15910100 0.46838700
vt 0.10866000 0.51257800
vt 0.26771000 0.57467300
vt 0.18344400 0.46344600
vt 0.08998500 0.53717100
vt 0.08616900 0.53169200
vt 0.10220400 0.50766100
vt 0.18198400 0.45728300
vt 0.24870500 0.68018200
vt 0.10583100 0.50926500
vt 0.08357600 0.52845700
vt 0.07638200 0.52539500
vt 0.09298500 0.50788100
vt 0.08610900 0.52712000
vt 0.17566700 0.45085700
vt 0.16107700 0.46171600
vt 0.17768900 0.45986500
vt 0.10060900 0.54079000
vt 0.09700500 0.50131300
vt 0.15392100 0.45703500
vt 0.24404600 0.67790800
vt 0.26770000 0.55868000
vt 0.28570800 0.49616400
vt 0.08699600 0.50785900
vt 0.09082600 0.50401000
vt 0.26883200 0.58225000
vt 0.18336800 0.46972000
vt 0.28115000 0.64775400
vt 0.27895700 0.49624500
vt 0.14909000 0.46822100
vt 0.09717200 0.53750200
vt 0.09343300 0.53122300
vt 0.27891800 0.65207000
vt 0.27865000 0.51406400
vt 0.10309400 0.50286600
vt 0.28162900 0.62577000
vt 0.14657000 0.46167000
vt 0.27494400 0.50143900
vt 0.27687100 0.62461200
vt 0.27968700 0.63307700
vt 0.09493000 0.49718400
vt 0.08949900 0.52959100
vt 0.09760900 0.49194900
vt 0.09208400 0.48887300
vt 0.09110600 0.52272100
vt 0.10141400 0.49378900
vt 0.27976500 0.50774200
vt 0.28159400 0.64338800
vt 0.14022200 0.45458700
vt 0.17246500 0.46149500
vt 0.27758100 0.65005200
vt 0.26850300 0.52063600
vt 0.27029200 0.51462200
vt 0.27400100 0.65000800
vt 0.27367900 0.62922600
vt 0.27763400 0.65675200
vt 0.11378600 0.50881300
vt 0.10872700 0.50504200
vt 0.26946500 0.62238100
vt 0.26754500 0.62703700
vt 0.26851200 0.63258300
vt 0.26860300 0.49843900
vt 0.15176300 0.47898200
vt 0.15406800 0.47590500
vt 0.27451200 0.61853000
vt 0.12158600 0.50587900
vt 0.14965900 0.48119400
vt 0.19345200 0.42627900
vt 0.14600500 0.47803500
vt 0.11656700 0.50616300
vt 0.11466600 0.50234900
vt 0.04978800 0.53302300
vt 0.26292900 0.52380100
vt 0.11091500 0.49907600
vt 0.11499500 0.49690300
vt 0.05017100 0.52742600
vt 0.27701200 0.63758300
vt 0.10604700 0.49756200
vt 0.14423400 0.47195800
vt 0.26554300 0.62151500
vt 0.18673300 0.42501400
vt 0.27783700 0.64123400
vt 0.27049300 0.61764000
vt 0.04505800 0.52335500
vt 0.27346100 0.64169900
vt 0.10304000 0.49693800
vt 0.26959600 0.51144100
vt 0.14160300 0.46262500
vt 0.27039700 0.63635900
vt 0.05683600 0.53247100
vt 0.26157400 0.51138000
vt 0.14046200 0.46906800
vt 0.18389500 0.42861300
vt 0.18081400 0.42235700
vt 0.25743800 0.51535100
vt 0.18371100 0.43349500
vt 0.26154200 0.62894600
vt 0.26355500 0.63224800
vt 0.05784300 0.52657800
vt 0.13615200 0.46459100
vt 0.25571300 0.50879500
vt 0.17775800 0.42911700
vt 0.11127000 0.49337400
vt 0.18541100 0.41917300
vt 0.14000900 0.47499700
vt 0.18010800 0.41629300
vt 0.27004000 0.64441500
vt 0.10460700 0.49089900
vt 0.26896800 0.64856000
vt 0.26235600 0.62253000
vt 0.26871900 0.50540600
vt 0.09976200 0.48517800
vt 0.10922900 0.48930700
vt 0.04068400 0.51755500
vt 0.10640200 0.48451000
vt 0.26033500 0.50419800
vt 0.13450100 0.47034300
vt 0.26006500 0.62298400
vt 0.04457000 0.51529900
vt 0.25410000 0.52200600
vt 0.24959800 0.51564300
vt 0.26386600 0.63836600
vt 0.05129800 0.52141500
vt 0.25835600 0.53166500
vt 0.08975500 0.48293700
vt 0.08761300 0.47990500
vt 0.04851600 0.51071700
vt 0.13747000 0.44695400
vt 0.27224100 0.60973400
vt 0.05164600 0.51584600
vt 0.17362600 0.42056400
vt 0.09472900 0.48298000
vt 0.26423300 0.49356000
vt 0.09176100 0.47718700
vt 0.06428900 0.52594500
vt 0.13484100 0.45300500
vt 0.26445800 0.65349600
vt 0.26595600 0.61396200
vt 0.26520000 0.53429200
vt 0.26276000 0.65877700
vt 0.25642700 0.49721800
vt 0.26374800 0.64812000
vt 0.12928100 0.43917600
vt 0.26533100 0.61086000
vt 0.25925200 0.61134000
vt 0.08629700 0.47375900
vt 0.26447400 0.64317200
vt 0.06640200 0.53058100
vt 0.25819000 0.64322500
vt 0.18008500 0.43850900
vt 0.08180000 0.46760900
vt 0.07558800 0.46545700
vt 0.12506200 0.43485800
vt 0.25949800 0.64077100
vt 0.26739200 0.60677800
vt 0.25752100 0.63550800
vt 0.26842100 0.60141500
vt 0.06514500 0.51977500
vt 0.05802400 0.52050900
vt 0.25915800 0.49024200
vt 0.12748000 0.44979200
vt 0.07123300 0.52223100
vt 0.12185600 0.44134200
vt 0.08741300 0.46899600
vt 0.05388000 0.51181300
vt 0.26316400 0.60739700
vt 0.05890000 0.51355900
vt 0.08857700 0.46535100
vt 0.25673400 0.66157800
vt 0.08432400 0.46380500
vt 0.25638200 0.53915100
vt 0.25358900 0.48917700
vt 0.06307200 0.51098800
vt 0.13522100 0.45886700
vt 0.06613900 0.51490900
vt 0.24864200 0.48511200
vt 0.17230500 0.42933600
vt 0.25822100 0.60583400
vt 0.25908200 0.61538500
vt 0.24847800 0.49140300
vt 0.13121000 0.45753900
vt 0.26039000 0.65276200
vt 0.10064200 0.47852600
vt 0.25642800 0.65421800
vt 0.09579600 0.47652000
vt 0.09933600 0.47386500
vt 0.16658800 0.42980000
vt 0.16667900 0.41947800
vt 0.05517600 0.50479900
vt 0.05228000 0.50581300
vt 0.25553700 0.61991900
vt 0.12702800 0.45279400
vt 0.25104400 0.53001400
vt 0.17035400 0.43535800
vt 0.12927500 0.46095800
vt 0.25034300 0.49818200
vt 0.13242500 0.46542900
vt 0.12779200 0.46435300
vt 0.10435800 0.47931200
vt 0.11027300 0.48402800
vt 0.25264300 0.65619700
vt 0.24878300 0.66159500
vt 0.25282700 0.67095300
vt 0.04098900 0.50986000
vt 0.25196200 0.63623000
vt 0.03598700 0.50556200
vt 0.24390400 0.48760100
vt 0.12359300 0.45704900
vt 0.25122400 0.62842500
vt 0.24302700 0.49463200
vt 0.24883800 0.67003800
vt 0.24735900 0.67575900
vt 0.10937200 0.47551900
vt 0.12552000 0.46596100
vt 0.11873300 0.45503400
vt 0.24344200 0.67211800
vt 0.24382300 0.52490100
vt 0.09272700 0.47160400
vt 0.03363800 0.49814700
vt 0.24212800 0.48434700
vt 0.24586000 0.66775600
vt 0.16934700 0.41136600
vt 0.16189600 0.40123100
vt 0.09303100 0.46610900
vt 0.11800200 0.44142200
vt 0.09612500 0.46653600
vt 0.11988900 0.45149800
vt 0.11567500 0.44611600
vt 0.25150800 0.61876500
vt 0.08977400 0.45966200
vt 0.04692000 0.50075500
vt 0.16549800 0.41587000
vt 0.03944500 0.50207800
vt 0.24594900 0.66412200
vt 0.04073500 0.49565300
vt 0.16112500 0.40586600
vt 0.15982200 0.41387400
vt 0.23734300 0.49183300
vt 0.25161300 0.61007600
vt 0.10288100 0.46856300
vt 0.24178600 0.66031700
vt 0.23803500 0.66501500
vt 0.25558500 0.60919500
vt 0.03593300 0.49366100
vt 0.03449600 0.48911000
vt 0.02853200 0.48265900
vt 0.15376900 0.40388100
vt 0.10078800 0.46243600
vt 0.24336700 0.53648300
vt 0.24617900 0.61494700
vt 0.04444600 0.49015800
vt 0.25499300 0.64733300
vt 0.24974200 0.50431700
vt 0.24182800 0.60750000
vt 0.25278400 0.64248700
vt 0.15509100 0.39462500
vt 0.24999700 0.64897900
vt 0.04303500 0.48463700
vt 0.14410200 0.48236900
vt 0.11875000 0.49954300
vt 0.03630100 0.48284000
vt 0.12273000 0.50111100
vt 0.24837200 0.63362300
vt 0.05243800 0.50056500
vt 0.24341000 0.50067500
vt 0.24702300 0.65141000
vt 0.24323900 0.65144300
vt 0.24564800 0.63896100
vt 0.24171400 0.51696300
vt 0.04716300 0.49420400
vt 0.24837500 0.64454900
vt 0.24168200 0.50870700
vt 0.05040100 0.49286400
vt 0.24513700 0.64316500
vt 0.25048700 0.64617000
vt 0.24041200 0.63944900
vt 0.24016800 0.64711900
vt 0.16349400 0.42386400
vt 0.13220000 0.48596500
vt 0.13362600 0.48414100
vt 0.24318900 0.63407700
vt 0.14057400 0.48449900
vt 0.23841000 0.50035200
vt 0.23380600 0.50552100
vt 0.11919600 0.49483700
vt 0.12493800 0.49429400
vt 0.13171900 0.49832400
vt 0.15091200 0.40574900
vt 0.24234900 0.65629900
vt 0.24555000 0.62273700
vt 0.13537200 0.49292600
vt 0.23853800 0.65615500
vt 0.12930300 0.49323400
vt 0.04369300 0.47801900
vt 0.15195300 0.39908300
vt 0.04571200 0.48253800
vt 0.12355400 0.48346800
vt 0.12903100 0.48666000
vt 0.23858600 0.63239800
vt 0.23374700 0.65646100
vt 0.24024800 0.62555200
vt 0.11412700 0.49063300
vt 0.23307400 0.51765000
vt 0.13663600 0.47719500
vt 0.04915900 0.47721200
vt 0.23518800 0.64739400
vt 0.13201900 0.47210500
vt 0.11721600 0.48596800
vt 0.13202600 0.47543500
vt 0.23704500 0.64272500
vt 0.12940000 0.47886800
vt 0.22944000 0.65441800
vt 0.17310600 0.44270800
vt 0.07376700 0.51750100
vt 0.07667900 0.52156300
vt 0.23456100 0.63831200
vt 0.12507200 0.47218700
vt 0.08239800 0.52252800
vt 0.07931000 0.51762900
vt 0.12445100 0.48792900
vt 0.12045900 0.48465100
vt 0.06870100 0.51348600
vt 0.22800800 0.64566000
vt 0.11691600 0.47835300
vt 0.22837400 0.64161100
vt 0.17029800 0.45109800
vt 0.16804000 0.44470500
vt 0.07964500 0.51418000
vt 0.07028100 0.50799600
vt 0.23128400 0.63597500
vt 0.07461800 0.51212000
vt 0.16493600 0.43624200
vt 0.11139400 0.47419400
vt 0.22395600 0.51925500
vt 0.16300500 0.44383100
vt 0.22575700 0.62973400
vt 0.07559900 0.50767500
vt 0.12099900 0.47042100
vt 0.11810600 0.46259100
vt 0.11732400 0.46827900
vt 0.11364100 0.46449100
vt 0.22354900 0.63524400
vt 0.07520400 0.50277900
vt 0.15854500 0.44188500
vt 0.11151000 0.45380700
vt 0.11155100 0.46054600
vt 0.11130700 0.44527800
vt 0.08607700 0.51864100
vt 0.16862300 0.45542000
vt 0.10956800 0.46015400
vt 0.10507500 0.45248800
vt 0.10871800 0.44894800
vt 0.12511300 0.47680100
vt 0.12061200 0.47307700
vt 0.12207400 0.47756200
vt 0.24197700 0.61719600
vt 0.11506000 0.47333300
vt 0.16310500 0.45225000
vt 0.10836500 0.46705800
vt 0.23501800 0.62346700
vt 0.08397800 0.51058800
vt 0.08786100 0.51254500
vt 0.23291100 0.52854500
vt 0.11541900 0.46917000
vt 0.10481800 0.46144100
vt 0.23626700 0.61671100
vt 0.10037700 0.45565700
vt 0.10465600 0.45550700
vt 0.08099700 0.50706000
vt 0.15683500 0.44753900
vt 0.23626700 0.53725400
vt 0.23774400 0.61138300
vt 0.23086100 0.62496300
vt 0.23046200 0.61252800
vt 0.22782900 0.61576600
vt 0.22640600 0.62446400
vt 0.22083200 0.62837600
vt 0.22406500 0.53645400
vt 0.21632800 0.53144600
vt 0.22155900 0.61642500
vt 0.25836000 0.54556900
vt 0.26249000 0.60171400
vt 0.25846200 0.59822300
vt 0.26323400 0.59754600
vt 0.26261100 0.55280700
vt 0.26084600 0.59056000
vt 0.25713600 0.55289100
vt 0.25319000 0.55069600
vt 0.26078400 0.59416000
vt 0.25952400 0.55421200
vt 0.26908800 0.57024200
vt 0.26434500 0.56894000
vt 0.26079600 0.56633500
vt 0.26322700 0.58692500
vt 0.26150700 0.58055800
vt 0.25720600 0.55953900
vt 0.25717000 0.56436800
vt 0.25578200 0.57035400
vt 0.25444500 0.58815200
vt 0.25254800 0.55822900
vt 0.25998600 0.57719700
vt 0.25695100 0.57447600
vt 0.26095100 0.57148300
vt 0.24938600 0.58354600
vt 0.25390100 0.57777200
vt 0.25165700 0.56703900
vt 0.25079200 0.55389200
vt 0.24895400 0.56202700
vt 0.24520400 0.56649800
vt 0.24590700 0.55961600
vt 0.24837600 0.57067300
vt 0.24828300 0.57498000
vt 0.24627200 0.57875800
vt 0.24450700 0.57119800
vt 0.24082700 0.58166200
vt 0.23589600 0.57771900
vt 0.25536900 0.59898900
vt 0.25509500 0.59270800
vt 0.25171100 0.60258700
vt 0.24848300 0.54411200
vt 0.24348900 0.60083100
vt 0.24516600 0.54869200
vt 0.25177600 0.59314300
vt 0.24722500 0.59825800
vt 0.24386300 0.55280600
vt 0.23556400 0.54782000
vt 0.24395400 0.58882400
vt 0.24277400 0.59500700
vt 0.23858700 0.59528400
vt 0.24263100 0.55801500
vt 0.23236200 0.55211900
vt 0.22890500 0.55811100
vt 0.23948400 0.59166900
vt 0.23813700 0.56245300
vt 0.23938300 0.57030900
vt 0.23782100 0.56684000
vt 0.23310800 0.57487800
vt 0.22846000 0.57022200
vt 0.23577200 0.60571800
vt 0.23803400 0.60337600
vt 0.22755700 0.54567700
vt 0.23318000 0.59895100
vt 0.23585500 0.59580500
vt 0.22536600 0.61043700
vt 0.22053800 0.54321200
vt 0.22896400 0.59619600
vt 0.22288700 0.55032100
vt 0.23007500 0.58895800
vt 0.21981500 0.56588200
vt 0.23017300 0.58316000
vt 0.22916900 0.57842600
vt 0.22552500 0.57328300
vt 0.22019400 0.57116800
vt 0.21176100 0.56895600
vt 0.21871500 0.57792100
vt 0.21186900 0.57292700
vt 0.20756000 0.56859400
vt 0.12577300 0.48297300
vt 0.06326900 0.34091500
vt 0.06365100 0.32955700
vt 0.06707100 0.33841000
vt 0.07258100 0.33906800
vt 0.07399700 0.33119900
vt 0.07610200 0.34351700
vt 0.05784800 0.24133000
vt 0.05249500 0.24760500
vt 0.32700400 0.98744300
vt 0.27554700 0.95569400
vt 0.27991400 0.95494800
vt 0.27818600 0.96216200
vt 0.24438100 0.90403600
vt 0.24822200 0.90763800
vt 0.24602600 0.91182100
vt 0.24107500 0.90595200
vt 0.25296500 0.90860300
vt 0.05753300 0.24613100
vt 0.28218100 0.96299400
vt 0.28493400 0.96684800
vt 0.08806700 0.30723400
vt 0.09226900 0.30085100
vt 0.09450100 0.31067800
vt 0.11834100 0.35792300
vt 0.12811600 0.36066900
vt 0.11809200 0.36463800
vt 0.12625100 0.36617800
vt 0.25250200 0.97221300
vt 0.25858400 0.97969600
vt 0.05717900 0.32643500
vt 0.24970400 0.97589500
vt 0.05745600 0.33777900
vt 0.25103600 0.92028100
vt 0.06046300 0.33513600
vt 0.05867500 0.34423600
vt 0.24428400 0.97466100
vt 0.08799600 0.31604100
vt 0.09301900 0.31957500
vt 0.06210200 0.23565200
vt 0.06534200 0.23107000
vt 0.12165400 0.37266400
vt 0.28229100 0.97055000
vt 0.06723100 0.34862300
vt 0.06282600 0.34697800
vt 0.11565400 0.35766400
vt 0.08428900 0.30871800
vt 0.13174600 0.37083900
vt 0.13929500 0.37811300
vt 0.07093600 0.22960300
vt 0.06857500 0.36725200
vt 0.06461600 0.36158900
vt 0.06804700 0.35996500
vt 0.23705700 0.88733400
vt 0.24102600 0.88971900
vt 0.23841300 0.89222700
vt 0.24381100 0.96954500
vt 0.24237500 0.96425900
vt 0.27462700 0.97123400
vt 0.02866100 0.45846900
vt 0.23206400 0.88907300
vt 0.27818600 0.97541900
vt 0.06700800 0.24195500
vt 0.23763000 0.89827200
vt 0.24070100 0.89719100
vt 0.13608100 0.37975900
vt 0.13209200 0.38115100
vt 0.12732600 0.37684300
vt 0.27355700 0.96580700
vt 0.07355700 0.36223200
vt 0.07325800 0.35161500
vt 0.07671000 0.35808000
vt 0.07660900 0.36659600
vt 0.08152900 0.31744700
vt 0.23117000 0.96061300
vt 0.05507700 0.37546600
vt 0.24155900 0.95654700
vt 0.12686400 0.37216200
vt 0.26891900 0.96609100
vt 0.23737800 0.96829700
vt 0.06094600 0.35520100
vt 0.23593800 0.97298600
vt 0.23989700 0.91406700
vt 0.26969100 0.95185000
vt 0.27437100 0.94425600
vt 0.27366500 0.94846400
vt 0.23509300 0.91129600
vt 0.09037200 0.24562100
vt 0.23092300 0.96549300
vt 0.05892500 0.36880800
vt 0.07533100 0.23530600
vt 0.24143300 0.91905500
vt 0.24603300 0.92113400
vt 0.26887100 0.96020700
vt 0.23633300 0.92024200
vt 0.06388900 0.37056700
vt 0.23364400 0.91722900
vt 0.26725600 0.94517400
vt 0.06199800 0.36554200
vt 0.03060500 0.45369300
vt 0.23052900 0.89367500
vt 0.22992700 0.89917200
vt 0.03207700 0.44759000
vt 0.05943700 0.37663300
vt 0.23602500 0.90371000
vt 0.26207300 0.94837500
vt 0.26213900 0.94270400
vt 0.26314800 0.95641400
vt 0.08008400 0.40128100
vt 0.07403700 0.39805200
vt 0.07848700 0.39392300
vt 0.07487800 0.39549600
vt 0.12573300 0.38249800
vt 0.07408000 0.45707400
vt 0.07097800 0.45943500
vt 0.06174900 0.24149600
vt 0.13393700 0.38900400
vt 0.12797200 0.39045200
vt 0.09363900 0.24529400
vt 0.07796700 0.45907300
vt 0.09864200 0.32619700
vt 0.10412700 0.32982300
vt 0.09118700 0.33648400
vt 0.09303700 0.32820500
vt 0.09782500 0.33817500
vt 0.06523800 0.45229100
vt 0.09222900 0.25112800
vt 0.07452900 0.45183300
vt 0.12125600 0.41909200
vt 0.12195900 0.42778400
vt 0.11335900 0.42560000
vt 0.23023800 0.90783100
vt 0.03341400 0.43829700
vt 0.08302900 0.45975400
vt 0.06332200 0.24744300
vt 0.11437000 0.43291800
vt 0.08719300 0.25057200
vt 0.03460300 0.45129100
vt 0.09415700 0.25740200
vt 0.03823300 0.45272300
vt 0.12138900 0.38891500
vt 0.08227600 0.45314600
vt 0.25410600 0.94907700
vt 0.25664100 0.95692400
vt 0.03901800 0.44752300
vt 0.12750900 0.39755100
vt 0.09340100 0.34866200
vt 0.03433200 0.44314800
vt 0.04000600 0.43877700
vt 0.10635400 0.42735600
vt 0.10956500 0.43389700
vt 0.11614500 0.41263700
vt 0.07185000 0.44827900
vt 0.10940800 0.42096200
vt 0.32207100 0.98607800
vt 0.05107900 0.25274400
vt 0.11687400 0.38159400
vt 0.08986100 0.25529500
vt 0.07736900 0.44854100
vt 0.08600700 0.32972900
vt 0.07293000 0.44091400
vt 0.06990000 0.44617800
vt 0.06324400 0.44826200
vt 0.06948500 0.44174100
vt 0.10834900 0.41333500
vt 0.10548800 0.41909200
vt 0.09933600 0.31782800
vt 0.11431500 0.37236800
vt 0.06694000 0.43998500
vt 0.10365900 0.41032600
vt 0.05957200 0.25293800
vt 0.07663000 0.44357900
vt 0.08195100 0.44435000
vt 0.03773200 0.43040900
vt 0.22769900 0.91530800
vt 0.06674300 0.25168300
vt 0.07739700 0.43728200
vt 0.07175600 0.24500500
vt 0.07471200 0.43275900
vt 0.06922400 0.25364200
vt 0.10730600 0.36488700
vt 0.10835400 0.37981900
vt 0.08435800 0.32290800
vt 0.04867600 0.47266200
vt 0.10240100 0.42189600
vt 0.09922500 0.42227600
vt 0.07118800 0.23915100
vt 0.04657900 0.46864100
vt 0.13688400 0.40513400
vt 0.13238800 0.40717500
vt 0.05189500 0.46605400
vt 0.07404900 0.24700300
vt 0.07886800 0.24421700
vt 0.13465800 0.39945400
vt 0.04641100 0.46055000
vt 0.05578300 0.46884300
vt 0.05181600 0.45903000
vt 0.10774800 0.43737800
vt 0.08496800 0.45225300
vt 0.27151500 0.97406900
vt 0.07560800 0.25018600
vt 0.09125700 0.45230700
vt 0.25639200 0.91232700
vt 0.12270300 0.35337900
vt 0.08713600 0.44972000
vt 0.06306400 0.46459700
vt 0.05823300 0.46014200
vt 0.05467500 0.46198100
vt 0.09526000 0.45477200
vt 0.25898500 0.91745900
vt 0.12743800 0.40742500
vt 0.26387900 0.92463000
vt 0.10399900 0.43110400
vt 0.04475800 0.45246600
vt 0.04372700 0.45895100
vt 0.09310100 0.26397700
vt 0.12063500 0.34891700
vt 0.08661800 0.44272200
vt 0.11813900 0.34496000
vt 0.04709800 0.44472900
vt 0.05209600 0.44163200
vt 0.08396800 0.43728000
vt 0.06252500 0.43949400
vt 0.06753500 0.43352500
vt 0.06360000 0.43121800
vt 0.06880600 0.42891800
vt 0.31523300 0.98628600
vt 0.05136300 0.25963900
vt 0.06060700 0.42790000
vt 0.06653700 0.42378900
vt 0.25746200 0.92156800
vt 0.25405600 0.91840000
vt 0.10156700 0.40285100
vt 0.09702200 0.40784700
vt 0.25415700 0.92350700
vt 0.05289700 0.44882200
vt 0.09812900 0.39864400
vt 0.09629000 0.41180500
vt 0.11529200 0.35161700
vt 0.09277600 0.40291700
vt 0.05435300 0.45265000
vt 0.09969300 0.41500600
vt 0.31177500 0.98206900
vt 0.08956100 0.27947800
vt 0.12093500 0.40853600
vt 0.11046000 0.34891400
vt 0.25486300 0.92794000
vt 0.07575900 0.42834600
vt 0.09262300 0.27367200
vt 0.09418600 0.41444100
vt 0.05933400 0.44823000
vt 0.11871900 0.39905100
vt 0.08840700 0.27277700
vt 0.05506500 0.25840800
vt 0.07045100 0.42190800
vt 0.08909900 0.40351300
vt 0.06788100 0.46566700
vt 0.06157400 0.42140200
vt 0.06616000 0.45914400
vt 0.08997600 0.39784100
vt 0.09180500 0.39366400
vt 0.06197800 0.41596800
vt 0.06719700 0.41683800
vt 0.10700100 0.35777600
vt 0.05907400 0.40752200
vt 0.06451900 0.41047400
vt 0.08542700 0.39343400
vt 0.26561000 0.92928200
vt 0.08724700 0.26617400
vt 0.08451000 0.27189800
vt 0.11225300 0.34256300
vt 0.30830000 0.98503500
vt 0.08422100 0.39730600
vt 0.26206500 0.93331800
vt 0.07057600 0.41376000
vt 0.05550300 0.26980900
vt 0.30560400 0.98973800
vt 0.05691300 0.44207000
vt 0.08381500 0.27950100
vt 0.07041900 0.40650700
vt 0.25865900 0.93243600
vt 0.07453600 0.42188300
vt 0.07564400 0.41541700
vt 0.07701000 0.41080200
vt 0.30742900 0.97516300
vt 0.10558900 0.33819100
vt 0.06167800 0.39862200
vt 0.05540700 0.39440300
vt 0.10160600 0.34678300
vt 0.25106700 0.93041700
vt 0.06864300 0.39968400
vt 0.09584000 0.28995600
vt 0.29777100 0.96781500
vt 0.06369000 0.39154300
vt 0.06701900 0.39393300
vt 0.10833100 0.40445400
vt 0.24149200 0.92442700
vt 0.30151100 0.97573400
vt 0.22938400 0.92459000
vt 0.03909300 0.41944500
vt 0.23484000 0.92759900
vt 0.04717300 0.41751000
vt 0.04188700 0.41116000
vt 0.22926800 0.93219300
vt 0.04568800 0.41022000
vt 0.24404200 0.92697600
vt 0.04923400 0.40879500
vt 0.09645500 0.42790000
vt 0.09917600 0.43460200
vt 0.09373800 0.42737800
vt 0.09604700 0.43570900
vt 0.30528800 0.98163800
vt 0.09015200 0.43165200
vt 0.08936500 0.42790200
vt 0.04502700 0.44214800
vt 0.09273100 0.28412500
vt 0.10440600 0.44303400
vt 0.30119300 0.98329400
vt 0.11422700 0.39118200
vt 0.04582300 0.43703400
vt 0.29104800 0.97396900
vt 0.04234400 0.42918700
vt 0.10019700 0.44473000
vt 0.08731500 0.29303500
vt 0.08497400 0.28906000
vt 0.29349400 0.97666300
vt 0.11247500 0.38606400
vt 0.09781800 0.45011700
vt 0.09318400 0.44674700
vt 0.09408300 0.44178900
vt 0.09961900 0.44707700
vt 0.23956600 0.93087900
vt 0.10212300 0.44973000
vt 0.05268300 0.43600400
vt 0.04715600 0.42978900
vt 0.24636000 0.93415700
vt 0.08964200 0.43841300
vt 0.08270100 0.28687800
vt 0.09304600 0.35789300
vt 0.10023300 0.36325100
vt 0.10547100 0.39693200
vt 0.10353300 0.39087600
vt 0.24231600 0.93717700
vt 0.08560000 0.43279200
vt 0.29756800 0.98040700
vt 0.29407700 0.98083600
vt 0.23021600 0.91899500
vt 0.25300200 0.93705500
vt 0.25561400 0.94069700
vt 0.08079800 0.30023800
vt 0.07894000 0.29561900
vt 0.29018700 0.98284700
vt 0.08855400 0.41426600
vt 0.08860500 0.41847600
vt 0.08377500 0.40980100
vt 0.08444900 0.41872100
vt 0.10236400 0.37020100
vt 0.29730800 0.98672800
vt 0.08159600 0.42752600
vt 0.10319100 0.35178400
vt 0.04365700 0.42096400
vt 0.08456300 0.42326300
vt 0.08149600 0.41715900
vt 0.08750200 0.42468000
vt 0.08301800 0.40320200
vt 0.05056100 0.42092000
vt 0.07806400 0.40837400
vt 0.08078000 0.41288900
vt 0.26390000 0.93564600
vt 0.09872600 0.38191800
vt 0.07798700 0.28243700
vt 0.08029300 0.27330300
vt 0.07473100 0.40157100
vt 0.06146400 0.26682500
vt 0.29627800 0.99215700
vt 0.05871800 0.28054000
vt 0.24813700 0.94061300
vt 0.05701200 0.43450700
vt 0.05334700 0.42668700
vt 0.08750800 0.42906400
vt 0.25119800 0.94499700
vt 0.07863000 0.28880000
vt 0.29199600 0.96790100
vt 0.06445300 0.28244900
vt 0.06431800 0.27394600
vt 0.10101800 0.30729500
vt 0.08550600 0.25888200
vt 0.08750100 0.29983900
vt 0.08246600 0.26543900
vt 0.28930200 0.96555100
vt 0.06357000 0.25966800
vt 0.28306900 0.97909200
vt 0.08172700 0.25419300
vt 0.07758200 0.26185700
vt 0.05383400 0.41766200
vt 0.05667700 0.42145100
vt 0.06726400 0.26144300
vt 0.07155900 0.25914400
vt 0.08438100 0.34407300
vt 0.24760500 0.95313200
vt 0.05282500 0.41171100
vt 0.24988700 0.96058400
vt 0.09514800 0.38929900
vt 0.26263600 0.96311900
vt 0.06764400 0.26852200
vt 0.09199100 0.38488200
vt 0.05523900 0.29389600
vt 0.28574000 0.98645300
vt 0.07595100 0.30209900
vt 0.08071300 0.33549600
vt 0.07405500 0.25586900
vt 0.25894300 0.96437000
vt 0.05635900 0.30290100
vt 0.27767000 0.98551000
vt 0.07610900 0.26843400
vt 0.25379200 0.96245700
vt 0.07357700 0.26406800
vt 0.07115500 0.26913700
vt 0.07966300 0.34313400
vt 0.08096400 0.31008400
vt 0.24726300 0.95882600
vt 0.27397900 0.98017100
vt 0.07718000 0.31476500
vt 0.07688300 0.30908200
vt 0.07380400 0.27608600
vt 0.06854400 0.27396400
vt 0.08901100 0.38707200
vt 0.07113800 0.27473300
vt 0.07593000 0.29360300
vt 0.06750700 0.28245000
vt 0.07239800 0.28276200
vt 0.07078100 0.29533200
vt 0.06892300 0.28821000
vt 0.07791700 0.33134300
vt 0.26611700 0.96995000
vt 0.06520400 0.29153300
vt 0.07800100 0.32497100
vt 0.26244900 0.96700800
vt 0.23751000 0.87814600
vt 0.25877800 0.97132600
vt 0.26645300 0.97555300
vt 0.06089300 0.28956600
vt 0.27404600 0.93963500
vt 0.26945500 0.93363400
vt 0.05945400 0.30180100
vt 0.26779000 0.93952500
vt 0.07347900 0.32210500
vt 0.14957900 0.38933200
vt 0.06731600 0.29617700
vt 0.06551500 0.29946000
vt 0.06250300 0.30432000
vt 0.06906000 0.30834100
vt 0.06659100 0.30788300
vt 0.06985000 0.30154800
vt 0.03489300 0.47596400
vt 0.07418900 0.31292400
vt 0.29188100 0.95973400
vt 0.14950300 0.39578400
vt 0.06646000 0.32034900
vt 0.06500700 0.31614900
vt 0.06833900 0.31821500
vt 0.06528500 0.30575400
vt 0.06729700 0.32795400
vt 0.03459100 0.46890000
vt 0.28831200 0.95632300
vt 0.28216100 0.95014000
vt 0.14590900 0.39840300
vt 0.28490200 0.95729400
vt 0.14435500 0.38150600
vt 0.25188900 0.96633800
vt 0.26686800 0.98321400
vt 0.05767000 0.31567700
vt 0.26002500 0.97701600
vt 0.23080200 0.88189900
vt 0.02952000 0.46627400
vt 0.06148700 0.31355200
vt 0.14294400 0.38692700
vt 0.06321100 0.32190200
vt 0.14059400 0.39165400
vt 0.06033700 0.32369000
vt 0.23260800 0.93369200
vt 0.23582700 0.93571600
vt 0.23931700 0.94137400
vt 0.14041800 0.39595700
vt 0.27811900 0.94304200
vt 0.09677000 0.37013700
vt 0.04077000 0.46727900
vt 0.03669800 0.46549800
vt 0.08930100 0.36781100
vt 0.14107100 0.40234200
vt 0.23272100 0.93822600
vt 0.04597400 0.40314400
vt 0.22810600 0.93925000
vt 0.04824100 0.39745000
vt 0.22825100 0.94355800
vt 0.23617000 0.94611600
vt 0.24405800 0.94466400
vt 0.24134100 0.94458400
vt 0.03399200 0.45751500
vt 0.03934400 0.45815200
vt 0.08601500 0.35354200
vt 0.24113600 0.94914700
vt 0.23846600 0.95160700
vt 0.08670100 0.36081800
vt 0.08232800 0.35538100
vt 0.08069300 0.36097600
vt 0.24553800 0.89329800
vt 0.25072500 0.90205300
vt 0.05024200 0.40425500
vt 0.24678400 0.89819100
vt 0.24759400 0.90262300
vt 0.05366600 0.40540000
vt 0.08704200 0.37501800
vt 0.08884300 0.38086900
vt 0.08471300 0.36947900
vt 0.05240800 0.39893000
vt 0.04778100 0.38901600
vt 0.23208200 0.94921400
vt 0.23539800 0.95432500
vt 0.23074800 0.95363200
vt 0.05135800 0.38452900
vt 0.08056400 0.37514200
vt 0.05845800 0.38591500
vt 0.08151300 0.38302800
vt 0.08190500 0.38850500
vt 0.07501300 0.38560500
vt 0.07189200 0.38168300
vt 0.07127200 0.38885100
vt 0.07226300 0.37633900
vt 0.07650300 0.37478600
vt 0.06740600 0.37561900
vt 0.06315300 0.38173600
vt 0.06593300 0.37898100
vt 0.06728600 0.38507900
vt 0.07964600 0.35059000
vt 0.06472000 0.35283500
vt 0.08045700 0.25001900
vt 0.06993200 0.39005500
vt 0.09531200 0.43895400
vt 0.07804700 0.25609100
vt 0.07820900 0.25073200
vt 0.07472300 0.26728900
vt 0.07025500 0.28086800
f 1/1 2/2 3/3
f 4/4 5/5 6/6
f 7/7 6/6 8/8
f 9/9 10/10 11/11
f 12/12 13/13 14/14
f 3/3 15/15 16/16
f 17/17 18/18 19/19
f 20/20 21/21 22/22
f 23/23 24/24 25/25
f 26/26 27/27 28/28
f 29/29 30/30 25/25
f 30/30 23/23 25/25
f 31/31 32/32 33/33
f 16/16 12/12 3/3
f 17/17 19/19 34/34
f 35/35 36/36 37/37
f 27/27 26/26 38/38
f 39/39 36/36 35/35
f 20/20 40/40 21/21
f 13/13 16/16 41/41
f 42/42 31/31 33/33
f 18/18 17/17 43/43
f 42/42 44/44 31/31
f 45/45 46/46 9/9
f 47/47 48/48 7/7
f 45/45 9/9 49/49
f 41/41 16/16 50/50
f 4/4 6/6 48/48
f 7/7 48/48 6/6
f 36/36 51/51 37/37
f 52/52 53/53 54/54
f 55/55 30/30 56/56
f 13/13 12/12 16/16
f 57/57 32/32 58/58
f 32/32 57/57 33/33
f 59/59 36/36 60/60
f 52/52 26/26 53/53
f 28/28 53/53 26/26
f 61/61 62/62 63/63
f 64/64 65/65 66/66
f 9/9 11/11 49/49
f 49/49 11/11 67/67
f 66/66 41/41 50/50
f 52/52 68/68 26/26
f 69/69 70/70 72/72
f 73/73 74/74 75/75
f 76/76 77/77 78/78
f 65/65 79/79 66/66
f 66/66 80/80 41/41
f 81/81 73/73 75/75
f 66/66 79/79 80/80
f 82/82 61/61 77/77
f 83/83 85/85 87/87
f 49/49 67/67 88/88
f 87/87 85/85 89/89
f 90/90 91/91 92/92
f 67/67 11/11 93/93
f 94/94 73/73 95/95
f 96/96 97/97 98/98
f 26/26 68/68 99/99
f 14/14 13/13 41/41
f 100/100 101/101 102/102
f 103/103 104/104 105/105
f 106/106 59/59 60/60
f 85/85 108/108 109/109
f 83/83 108/108 85/85
f 78/78 77/77 63/63
f 14/14 41/41 80/80
f 98/98 110/110 111/111
f 98/98 97/97 110/110
f 105/105 112/112 113/113
f 77/77 61/61 63/63
f 105/105 95/95 112/112
f 114/114 14/14 80/80
f 101/101 115/115 107/107
f 114/114 80/80 117/117
f 73/73 81/81 95/95
f 118/118 119/119 91/91
f 119/119 118/118 120/120
f 98/98 111/111 121/121
f 106/106 120/120 118/118
f 122/122 99/99 68/68
f 105/105 104/104 95/95
f 67/67 93/93 123/123
f 124/124 98/98 121/121
f 125/125 78/78 126/126
f 127/127 123/123 93/93
f 125/125 126/126 128/128
f 102/102 107/107 84/84
f 59/59 118/118 129/129
f 96/96 98/98 124/124
f 102/102 101/101 107/107
f 59/59 129/129 51/51
f 51/51 36/36 59/59
f 129/129 90/90 51/51
f 125/125 130/130 131/131
f 132/132 133/133 134/134
f 121/121 135/135 136/136
f 137/137 138/138 139/139
f 137/137 140/140 138/138
f 132/132 134/134 141/141
f 125/125 128/128 130/130
f 106/106 118/118 59/59
f 142/142 102/102 70/70
f 91/91 129/129 118/118
f 143/143 139/139 138/138
f 102/102 86/86 72/72
f 129/129 91/91 90/90
f 144/144 145/145 133/133
f 132/132 144/144 133/133
f 79/79 146/146 147/147
f 145/145 144/144 148/148
f 102/102 84/84 86/86
f 63/63 149/149 126/126
f 150/150 147/147 151/151
f 128/128 126/126 152/152
f 149/149 152/152 126/126
f 151/151 153/153 150/150
f 154/154 81/81 155/155
f 81/81 154/154 156/156
f 148/148 144/144 157/157
f 150/150 153/153 158/158
f 126/126 78/78 63/63
f 70/70 102/102 72/72
f 155/155 81/81 139/139
f 159/159 160/160 161/161
f 162/162 141/141 134/134
f 163/163 160/160 159/159
f 112/112 81/81 156/156
f 150/150 158/158 164/164
f 162/162 134/134 165/165
f 166/166 167/167 168/168
f 11/11 10/10 169/169
f 170/170 143/143 138/138
f 170/170 155/155 143/143
f 141/141 171/171 132/132
f 172/172 173/173 114/114
f 167/167 96/96 174/174
f 174/174 96/96 175/175
f 155/155 176/176 154/154
f 177/177 174/174 175/175
f 155/155 170/170 176/176
f 143/143 155/155 139/139
f 173/173 178/178 179/179
f 78/78 125/125 76/76
f 180/180 181/181 169/169
f 121/121 136/136 182/182
f 175/175 96/96 121/121
f 182/182 183/183 121/121
f 142/142 100/100 102/102
f 184/184 179/179 185/185
f 157/157 144/144 186/186
f 144/144 132/132 186/186
f 179/179 184/184 187/187
f 188/188 139/139 75/75
f 81/81 75/75 139/139
f 188/188 75/75 74/74
f 177/177 175/175 121/121
f 189/189 192/192 193/193
f 180/180 194/194 181/181
f 195/195 183/183 196/196
f 139/139 188/188 137/137
f 183/183 177/177 121/121
f 197/197 198/198 147/147
f 112/112 95/95 81/81
f 186/186 132/132 199/199
f 173/173 197/197 200/200
f 96/96 124/124 121/121
f 62/62 61/61 201/201
f 181/181 93/93 169/169
f 201/201 202/202 62/62
f 202/202 201/201 203/203
f 93/93 11/11 169/169
f 149/149 63/63 62/62
f 204/204 149/149 62/62
f 198/198 79/79 147/147
f 204/204 62/62 202/202
f 79/79 198/198 80/80
f 91/91 205/205 92/92
f 205/205 91/91 206/206
f 113/113 207/207 208/208
f 69/69 209/209 70/70
f 199/199 132/132 171/171
f 207/207 113/113 156/156
f 210/210 207/207 156/156
f 112/112 156/156 113/113
f 147/147 150/150 197/197
f 208/208 207/207 211/211
f 205/205 212/212 213/213
f 213/213 212/212 159/159
f 205/205 213/213 214/214
f 199/199 171/171 215/215
f 216/216 199/199 215/215
f 205/205 206/206 212/212
f 69/69 217/217 209/209
f 203/203 218/218 202/202
f 219/219 159/159 212/212
f 27/27 162/162 165/165
f 162/162 27/27 38/38
f 220/220 168/168 221/221
f 222/222 166/166 168/168
f 198/198 172/172 117/117
f 223/223 204/204 202/202
f 224/224 211/211 207/207
f 141/141 162/162 38/38
f 80/80 198/198 117/117
f 225/225 206/206 119/119
f 223/223 202/202 218/218
f 208/208 211/211 226/226
f 224/224 226/226 211/211
f 38/38 171/171 141/141
f 227/227 69/69 228/228
f 38/38 215/215 171/171
f 215/215 38/38 230/230
f 231/231 232/232 226/226
f 231/231 226/226 233/233
f 226/226 224/224 233/233
f 114/114 117/117 172/172
f 38/38 26/26 99/99
f 230/230 38/38 99/99
f 234/234 225/225 119/119
f 227/227 235/235 69/69
f 82/82 201/201 61/61
f 236/236 222/222 237/237
f 105/105 113/113 208/208
f 172/172 197/197 173/173
f 238/238 217/217 235/235
f 197/197 172/172 198/198
f 239/239 103/103 208/208
f 215/215 230/230 240/240
f 225/225 219/219 206/206
f 219/219 212/212 206/206
f 215/215 240/240 216/216
f 225/225 234/234 241/241
f 240/240 230/230 99/99
f 105/105 208/208 103/103
f 225/225 241/241 219/219
f 193/193 219/219 241/241
f 91/91 119/119 206/206
f 226/226 242/242 208/208
f 242/242 239/239 208/208
f 242/242 226/226 232/232
f 237/237 222/222 220/220
f 243/243 186/186 199/199
f 69/69 235/235 217/217
f 244/244 245/245 246/246
f 178/178 200/200 164/164
f 194/194 93/93 181/181
f 168/168 220/220 222/222
f 210/210 156/156 154/154
f 194/194 247/247 93/93
f 207/207 210/210 248/248
f 248/248 210/210 154/154
f 249/249 248/248 154/154
f 178/178 164/164 185/185
f 246/246 250/250 252/252
f 250/250 254/254 252/252
f 255/255 243/243 216/216
f 243/243 199/199 216/216
f 150/150 200/200 197/197
f 256/256 237/237 220/220
f 256/256 220/220 257/257
f 207/207 248/248 224/224
f 159/159 244/244 163/163
f 258/258 259/259 142/142
f 223/223 260/260 204/204
f 223/223 261/261 260/260
f 159/159 219/219 244/244
f 244/244 246/246 163/163
f 233/233 224/224 248/248
f 200/200 150/150 164/164
f 248/248 249/249 262/262
f 263/263 262/262 249/249
f 252/252 264/264 265/265
f 76/76 266/266 77/77
f 200/200 178/178 173/173
f 267/267 77/77 266/266
f 245/245 244/244 219/219
f 268/268 73/73 94/94
f 269/269 270/270 271/271
f 272/272 267/267 273/273
f 193/193 245/245 219/219
f 185/185 179/179 178/178
f 186/186 243/243 274/274
f 275/275 276/276 277/277
f 278/278 275/275 277/277
f 250/250 246/246 245/245
f 245/245 192/192 250/250
f 274/274 243/243 255/255
f 268/268 279/279 73/73
f 245/245 193/193 192/192
f 280/280 251/251 191/191
f 271/271 142/142 70/70
f 279/279 74/74 73/73
f 281/281 282/282 283/283
f 217/217 70/70 209/209
f 217/217 271/271 70/70
f 267/267 82/82 77/77
f 104/104 284/284 94/94
f 94/94 95/95 104/104
f 284/284 104/104 103/103
f 285/285 94/94 284/284
f 286/286 287/287 288/288
f 221/221 174/174 195/195
f 289/289 221/221 195/195
f 290/290 247/247 194/194
f 283/283 282/282 287/287
f 268/268 94/94 285/285
f 283/283 287/287 291/291
f 292/292 274/274 255/255
f 291/291 287/287 286/286
f 103/103 5/5 284/284
f 174/174 168/168 167/167
f 293/293 283/283 294/294
f 283/283 291/291 294/294
f 295/295 293/293 294/294
f 296/296 297/297 298/298
f 174/174 221/221 168/168
f 291/291 299/299 294/294
f 300/300 247/247 290/290
f 295/295 294/294 301/301
f 298/298 297/297 302/302
f 303/303 274/274 292/292
f 287/287 282/282 304/304
f 292/292 305/305 303/303
f 306/306 303/303 305/305
f 301/301 307/307 295/295
f 174/174 177/177 195/195
f 292/292 255/255 216/216
f 308/308 292/292 216/216
f 309/309 310/310 311/311
f 312/312 313/313 314/314
f 315/315 292/292 308/308
f 316/316 317/317 318/318
f 319/319 317/317 316/316
f 305/305 292/292 315/315
f 177/177 183/183 195/195
f 320/320 321/321 322/322
f 258/258 142/142 271/271
f 314/314 322/322 323/323
f 314/314 320/320 322/322
f 324/324 320/320 314/314
f 276/276 195/195 196/196
f 302/302 297/297 325/325
f 326/326 327/327 328/328
f 318/318 302/302 325/325
f 325/325 329/329 318/318
f 329/329 316/316 318/318
f 328/328 327/327 330/330
f 331/331 332/332 333/333
f 333/333 334/334 331/331
f 333/333 332/332 335/335
f 220/220 221/221 289/289
f 313/313 336/336 337/337
f 271/271 217/217 238/238
f 338/338 216/216 240/240
f 339/339 289/289 195/195
f 316/316 329/329 319/319
f 337/337 336/336 340/340
f 216/216 338/338 308/308
f 220/220 289/289 339/339
f 336/336 313/313 341/341
f 342/342 343/343 331/331
f 257/257 220/220 344/344
f 345/345 342/342 331/331
f 346/346 240/240 99/99
f 346/346 99/99 122/122
f 269/269 271/271 238/238
f 339/339 344/344 220/220
f 347/347 348/348 349/349
f 350/350 351/351 352/352
f 340/340 353/353 1/1
f 338/338 240/240 346/346
f 354/354 338/338 346/346
f 270/270 258/258 271/271
f 1/1 353/353 2/2
f 319/319 355/355 317/317
f 356/356 348/348 347/347
f 357/357 358/358 359/359
f 360/360 1/1 3/3
f 339/339 195/195 276/276
f 247/247 127/127 93/93
f 344/344 339/339 275/275
f 275/275 339/339 276/276
f 361/361 355/355 319/319
f 362/362 361/361 350/350
f 363/363 362/362 350/350
f 364/364 356/356 347/347
f 355/355 361/361 362/362
f 338/338 365/365 308/308
f 355/355 362/362 366/366
f 367/367 368/368 369/369
f 369/369 368/368 370/370
f 365/365 338/338 371/371
f 372/372 1/1 360/360
f 373/373 375/375 376/376
f 337/337 1/1 372/372
f 378/378 337/337 372/372
f 375/375 373/373 358/358
f 360/360 379/379 380/380
f 360/360 380/380 372/372
f 381/381 365/365 371/371
f 382/382 383/383 384/384
f 385/385 361/361 319/319
f 372/372 380/380 379/379
f 386/386 382/382 384/384
f 342/342 387/387 388/388
f 354/354 346/346 389/389
f 359/359 342/342 345/345
f 390/390 369/369 370/370
f 387/387 342/342 358/358
f 342/342 359/359 358/358
f 391/391 392/392 393/393
f 394/394 369/369 390/390
f 395/395 394/394 390/390
f 389/389 396/396 354/354
f 397/397 400/400 387/387
f 371/371 338/338 354/354
f 387/387 400/400 401/401
f 40/40 402/402 403/403
f 354/354 381/381 371/371
f 387/387 358/358 373/373
f 1/1 337/337 340/340
f 347/347 349/349 404/404
f 404/404 405/405 347/347
f 406/406 407/407 408/408
f 409/409 405/405 404/404
f 407/407 406/406 410/410
f 396/396 381/381 354/354
f 406/406 131/131 130/130
f 411/411 412/412 100/100
f 392/392 364/364 347/347
f 142/142 259/259 100/100
f 347/347 405/405 392/392
f 296/296 408/408 407/407
f 413/413 263/263 414/414
f 259/259 411/411 100/100
f 298/298 415/415 296/296
f 416/416 131/131 415/415
f 131/131 406/406 415/415
f 417/417 379/379 418/418
f 408/408 415/415 406/406
f 415/415 408/408 296/296
f 411/411 403/403 412/412
f 419/419 420/420 421/421
f 130/130 410/410 406/406
f 422/422 420/420 419/419
f 418/418 423/423 424/424
f 419/419 425/425 422/422
f 426/426 427/427 428/428
f 425/425 419/419 429/429
f 430/430 170/170 431/431
f 170/170 432/432 431/431
f 176/176 170/170 433/433
f 434/434 427/427 435/435
f 436/436 434/434 435/435
f 437/437 438/438 439/439
f 433/433 170/170 430/430
f 438/438 417/417 439/439
f 414/414 440/440 413/413
f 441/441 442/442 443/443
f 435/435 427/427 426/426
f 424/424 444/444 439/439
f 430/430 431/431 445/445
f 413/413 440/440 446/446
f 446/446 440/440 447/447
f 441/441 448/448 449/449
f 450/450 451/451 431/431
f 431/431 432/432 450/450
f 424/424 439/439 417/417
f 431/431 451/451 452/452
f 418/418 424/424 417/417
f 421/421 453/453 419/419
f 454/454 449/449 455/455
f 442/442 454/454 456/456
f 442/442 449/449 454/454
f 412/412 101/101 100/100
f 407/407 457/457 458/458
f 413/413 446/446 459/459
f 460/460 455/455 449/449
f 460/460 449/449 461/461
f 441/441 449/449 442/442
f 462/462 457/457 407/407
f 463/463 445/445 464/464
f 324/324 378/378 437/437
f 465/465 457/457 462/462
f 419/419 453/453 466/466
f 437/437 378/378 438/438
f 467/467 468/468 464/464
f 314/314 313/313 337/337
f 469/469 467/467 470/470
f 471/471 469/469 470/470
f 135/135 472/472 136/136
f 473/473 474/474 475/475
f 324/324 314/314 337/337
f 470/470 467/467 464/464
f 412/412 402/402 101/101
f 476/476 477/477 474/474
f 297/297 296/296 458/458
f 458/458 296/296 407/407
f 474/474 473/473 327/327
f 478/478 479/479 480/480
f 476/476 474/474 327/327
f 425/425 429/429 481/481
f 479/479 482/482 480/480
f 483/483 42/42 484/484
f 485/485 474/474 409/409
f 452/452 486/486 487/487
f 474/474 485/485 475/475
f 402/402 412/412 403/403
f 487/487 471/471 452/452
f 409/409 404/404 485/485
f 488/488 481/481 429/429
f 378/378 324/324 337/337
f 457/457 297/297 458/458
f 136/136 472/472 484/484
f 477/477 409/409 474/474
f 427/427 484/484 42/42
f 457/457 489/489 297/297
f 427/427 42/42 428/428
f 481/481 488/488 490/490
f 437/437 320/320 324/324
f 469/469 471/471 491/491
f 471/471 492/492 491/491
f 493/493 492/492 487/487
f 492/492 471/471 487/487
f 431/431 452/452 445/445
f 471/471 445/445 452/452
f 182/182 136/136 434/434
f 478/478 480/480 494/494
f 445/445 471/471 464/464
f 495/495 477/477 476/476
f 477/477 495/495 443/443
f 470/470 464/464 471/471
f 496/496 407/407 410/410
f 447/447 494/494 446/446
f 497/497 498/498 495/495
f 498/498 443/443 495/495
f 183/183 182/182 434/434
f 434/434 136/136 484/484
f 499/499 430/430 445/445
f 427/427 434/434 484/484
f 480/480 446/446 494/494
f 496/496 500/500 407/407
f 500/500 496/496 422/422
f 422/422 425/425 500/500
f 501/501 496/496 410/410
f 326/326 502/502 327/327
f 502/502 476/476 327/327
f 428/428 42/42 33/33
f 480/480 482/482 503/503
f 504/504 433/433 430/430
f 504/504 505/505 433/433
f 378/378 372/372 438/438
f 480/480 506/506 446/446
f 507/507 176/176 433/433
f 507/507 433/433 505/505
f 426/426 428/428 508/508
f 393/393 405/405 409/409
f 509/509 40/40 403/403
f 429/429 419/419 510/510
f 443/443 393/393 409/409
f 499/499 504/504 430/430
f 488/488 429/429 510/510
f 511/511 508/508 428/428
f 504/504 499/499 512/512
f 442/442 393/393 443/443
f 496/496 260/260 420/420
f 513/513 446/446 506/506
f 443/443 409/409 477/477
f 496/496 420/420 422/422
f 417/417 372/372 379/379
f 438/438 372/372 417/417
f 459/459 446/446 513/513
f 393/393 456/456 391/391
f 414/414 507/507 505/505
f 405/405 393/393 392/392
f 509/509 514/514 40/40
f 456/456 393/393 442/442
f 507/507 414/414 263/263
f 515/515 511/511 57/57
f 33/33 57/57 511/511
f 480/480 503/503 506/506
f 441/441 443/443 498/498
f 505/505 504/504 414/414
f 504/504 440/440 414/414
f 440/440 504/504 512/512
f 516/516 517/517 518/518
f 517/517 423/423 518/518
f 428/428 33/33 511/511
f 519/519 511/511 515/515
f 462/462 407/407 520/520
f 521/521 522/522 523/523
f 519/519 515/515 524/524
f 520/520 407/407 500/500
f 525/525 509/509 526/526
f 526/526 509/509 411/411
f 445/445 527/527 499/499
f 527/527 445/445 463/463
f 528/528 529/529 530/530
f 510/510 419/419 466/466
f 531/531 532/532 533/533
f 520/520 500/500 534/534
f 527/527 512/512 499/499
f 527/527 463/463 478/478
f 462/462 520/520 465/465
f 411/411 509/509 403/403
f 529/529 516/516 535/535
f 536/536 537/537 538/538
f 539/539 513/513 540/540
f 516/516 518/518 535/535
f 541/541 465/465 520/520
f 520/520 534/534 541/541
f 542/542 463/463 468/468
f 535/535 518/518 543/543
f 463/463 464/464 468/468
f 426/426 508/508 435/435
f 544/544 522/522 521/521
f 545/545 544/544 521/521
f 534/534 500/500 425/425
f 527/527 478/478 512/512
f 488/488 510/510 546/546
f 547/547 535/535 543/543
f 548/548 521/521 549/549
f 537/537 548/548 549/549
f 548/548 545/545 521/521
f 550/550 506/506 503/503
f 503/503 551/551 550/550
f 510/510 552/552 546/546
f 519/519 524/524 553/553
f 540/540 513/513 506/506
f 541/541 534/534 481/481
f 529/529 535/535 554/554
f 550/550 540/540 506/506
f 479/479 463/463 542/542
f 463/463 479/479 478/478
f 536/536 548/548 537/537
f 526/526 368/368 525/525
f 555/555 508/508 519/519
f 425/425 481/481 534/534
f 519/519 556/556 555/555
f 557/557 525/525 368/368
f 558/558 540/540 550/550
f 559/559 479/479 542/542
f 554/554 530/530 529/529
f 553/553 556/556 519/519
f 494/494 512/512 478/478
f 531/531 548/548 536/536
f 447/447 440/440 512/512
f 447/447 512/512 494/494
f 508/508 511/511 519/519
f 554/554 535/535 547/547
f 465/465 560/560 561/561
f 562/562 545/545 548/548
f 563/563 552/552 510/510
f 564/564 565/565 560/560
f 566/566 565/565 564/564
f 567/567 540/540 558/558
f 566/566 568/568 565/565
f 569/569 570/570 571/571
f 571/571 570/570 572/572
f 572/572 570/570 573/573
f 558/558 550/550 575/575
f 576/576 320/320 577/577
f 196/196 183/183 434/434
f 465/465 564/564 560/560
f 578/578 564/564 465/465
f 196/196 434/434 436/436
f 578/578 465/465 541/541
f 579/579 580/580 581/581
f 576/576 321/321 320/320
f 467/467 582/582 583/583
f 576/576 569/569 321/321
f 584/584 585/585 586/586
f 587/587 321/321 569/569
f 328/328 330/330 588/588
f 589/589 590/590 582/582
f 571/571 587/587 569/569
f 583/583 582/582 591/591
f 591/591 592/592 583/583
f 593/593 591/591 582/582
f 593/593 582/582 590/590
f 594/594 328/328 588/588
f 594/594 588/588 595/595
f 541/541 585/585 578/578
f 526/526 411/411 596/596
f 581/581 326/326 328/328
f 597/597 598/598 599/599
f 584/584 599/599 585/585
f 581/581 328/328 594/594
f 579/579 581/581 594/594
f 326/326 581/581 580/580
f 600/600 601/601 602/602
f 570/570 569/569 603/603
f 596/596 411/411 259/259
f 602/602 604/604 600/600
f 605/605 606/606 607/607
f 577/577 608/608 576/576
f 597/597 599/599 584/584
f 607/607 566/566 578/578
f 566/566 564/564 578/578
f 604/604 602/602 609/609
f 435/435 610/610 436/436
f 569/569 576/576 603/603
f 603/603 576/576 608/608
f 594/594 611/611 579/579
f 590/590 612/612 613/613
f 614/614 590/590 613/613
f 601/601 590/590 614/614
f 601/601 593/593 590/590
f 605/605 607/607 598/598
f 599/599 598/598 607/607
f 615/615 603/603 608/608
f 616/616 579/579 611/611
f 617/617 616/616 611/611
f 618/618 619/619 602/602
f 606/606 620/620 566/566
f 621/621 270/270 622/622
f 258/258 596/596 259/259
f 568/568 566/566 620/620
f 623/623 624/624 626/626
f 270/270 596/596 258/258
f 623/623 614/614 613/613
f 627/627 276/276 196/196
f 614/614 623/623 628/628
f 628/628 623/623 630/630
f 585/585 607/607 578/578
f 619/619 609/609 602/602
f 631/631 196/196 436/436
f 270/270 621/621 596/596
f 631/631 627/627 196/196
f 632/632 594/594 595/595
f 607/607 585/585 599/599
f 632/632 595/595 633/633
f 591/591 593/593 601/601
f 277/277 276/276 627/627
f 600/600 591/591 601/601
f 634/634 627/627 631/631
f 635/635 597/597 584/584
f 627/627 634/634 277/277
f 566/566 607/607 606/606
f 616/616 617/617 636/636
f 601/601 614/614 602/602
f 614/614 628/628 602/602
f 637/637 598/598 597/597
f 638/638 631/631 610/610
f 639/639 615/615 640/640
f 641/641 636/636 617/617
f 602/602 628/628 618/618
f 642/642 638/638 643/643
f 643/643 638/638 610/610
f 640/640 644/644 645/645
f 646/646 489/489 457/457
f 609/609 619/619 647/647
f 560/560 489/489 646/646
f 648/648 370/370 621/621
f 649/649 637/637 597/597
f 650/650 615/615 651/651
f 615/615 650/650 640/640
f 640/640 650/650 652/652
f 385/385 319/319 489/489
f 653/653 641/641 654/654
f 647/647 655/655 609/609
f 610/610 631/631 436/436
f 644/644 640/640 652/652
f 385/385 489/489 560/560
f 655/655 647/647 656/656
f 656/656 647/647 657/657
f 658/658 659/659 343/343
f 635/635 649/649 597/597
f 660/660 641/641 653/653
f 457/457 661/661 646/646
f 646/646 661/661 561/561
f 646/646 561/561 560/560
f 662/662 653/653 654/654
f 561/561 457/457 465/465
f 561/561 661/661 457/457
f 435/435 508/508 663/663
f 467/467 583/583 468/468
f 658/658 467/467 659/659
f 663/663 508/508 555/555
f 467/467 469/469 659/659
f 664/664 665/665 632/632
f 664/664 632/632 633/633
f 382/382 663/663 555/555
f 570/570 666/666 573/573
f 526/526 596/596 368/368
f 667/667 668/668 665/665
f 643/643 610/610 663/663
f 667/667 665/665 664/664
f 589/589 467/467 669/669
f 658/658 669/669 467/467
f 658/658 343/343 669/669
f 669/669 343/343 670/670
f 489/489 325/325 297/297
f 671/671 663/663 382/382
f 325/325 489/489 329/329
f 673/673 645/645 644/644
f 481/481 490/490 586/586
f 610/610 435/435 663/663
f 673/673 666/666 645/645
f 479/479 559/559 674/674
f 482/482 479/479 674/674
f 335/335 332/332 659/659
f 335/335 469/469 491/491
f 469/469 335/335 659/659
f 667/667 675/675 676/676
f 335/335 492/492 333/333
f 491/491 492/492 335/335
f 229/229 573/573 666/666
f 489/489 319/319 329/329
f 332/332 343/343 659/659
f 331/331 343/343 332/332
f 677/677 503/503 482/482
f 367/367 557/557 368/368
f 674/674 677/677 482/482
f 382/382 555/555 556/556
f 385/385 560/560 565/565
f 350/350 565/565 351/351
f 361/361 385/385 350/350
f 342/342 388/388 343/343
f 387/387 401/401 388/388
f 385/385 565/565 350/350
f 383/383 382/382 556/556
f 584/584 586/586 490/490
f 667/667 664/664 678/678
f 343/343 388/388 401/401
f 370/370 596/596 621/621
f 679/679 667/667 678/678
f 673/673 229/229 666/666
f 680/680 343/343 401/401
f 370/370 368/368 596/596
f 681/681 682/682 604/604
f 682/682 681/681 674/674
f 666/666 603/603 639/639
f 681/681 683/683 674/674
f 666/666 570/570 603/603
f 352/352 351/351 684/684
f 400/400 685/685 401/401
f 671/671 643/643 663/663
f 686/686 680/680 685/685
f 680/680 401/401 685/685
f 645/645 666/666 639/639
f 645/645 639/639 640/640
f 687/687 642/642 643/643
f 687/687 643/643 671/671
f 683/683 677/677 674/674
f 686/686 670/670 680/680
f 688/688 687/687 671/671
f 677/677 683/683 689/689
f 670/670 686/686 612/612
f 615/615 639/639 603/603
f 386/386 671/671 382/382
f 490/490 488/488 546/546
f 670/670 612/612 669/669
f 670/670 343/343 680/680
f 688/688 671/671 386/386
f 617/617 611/611 654/654
f 565/565 568/568 351/351
f 690/690 691/691 693/693
f 684/684 351/351 568/568
f 611/611 594/594 632/632
f 668/668 611/611 632/632
f 668/668 632/632 665/665
f 686/686 624/624 612/612
f 686/686 685/685 624/624
f 612/612 623/623 613/613
f 490/490 635/635 584/584
f 695/695 690/690 696/696
f 623/623 612/612 624/624
f 668/668 654/654 611/611
f 693/693 696/696 690/690
f 698/698 699/699 700/700
f 676/676 668/668 667/667
f 701/701 690/690 695/695
f 689/689 683/683 681/681
f 702/702 608/608 577/577
f 703/703 468/468 583/583
f 542/542 468/468 703/703
f 583/583 592/592 703/703
f 577/577 437/437 439/439
f 704/704 689/689 681/681
f 577/577 439/439 702/702
f 582/582 467/467 589/589
f 701/701 705/705 690/690
f 497/497 706/706 498/498
f 707/707 704/704 681/681
f 542/542 703/703 592/592
f 691/691 690/690 705/705
f 689/689 503/503 677/677
f 708/708 700/700 709/709
f 586/586 585/585 541/541
f 674/674 542/542 592/592
f 559/559 542/542 674/674
f 586/586 541/541 481/481
f 710/710 711/711 712/712
f 706/706 497/497 711/711
f 600/600 604/604 682/682
f 702/702 444/444 713/713
f 674/674 592/592 591/591
f 674/674 591/591 682/682
f 682/682 591/591 600/600
f 589/589 669/669 590/590
f 590/590 669/669 612/612
f 516/516 651/651 713/713
f 604/604 609/609 714/714
f 708/708 715/715 700/700
f 716/716 717/717 718/718
f 681/681 604/604 714/714
f 713/713 608/608 702/702
f 416/416 718/718 717/717
f 719/719 715/715 708/708
f 714/714 707/707 681/681
f 50/50 718/718 720/720
f 50/50 720/720 64/64
f 721/721 722/722 723/723
f 720/720 718/718 416/416
f 615/615 608/608 713/713
f 724/724 710/710 616/616
f 710/710 724/724 725/725
f 726/726 721/721 723/723
f 695/695 727/727 701/701
f 701/701 727/727 728/728
f 728/728 727/727 729/729
f 730/730 715/715 731/731
f 732/732 733/733 706/706
f 734/734 733/733 732/732
f 711/711 732/732 706/706
f 730/730 735/735 736/736
f 735/735 730/730 731/731
f 710/710 732/732 711/711
f 737/737 738/738 739/739
f 710/710 725/725 732/732
f 740/740 739/739 738/738
f 725/725 724/724 732/732
f 334/334 741/741 742/742
f 334/334 742/742 743/743
f 490/490 546/546 635/635
f 423/423 444/444 424/424
f 423/423 517/517 444/444
f 744/744 698/698 700/700
f 461/461 745/745 448/448
f 730/730 744/744 715/715
f 746/746 65/65 64/64
f 744/744 700/700 715/715
f 746/746 79/79 65/65
f 746/746 146/146 79/79
f 747/747 635/635 546/546
f 748/748 746/746 64/64
f 720/720 749/749 737/737
f 702/702 439/439 444/444
f 720/720 737/737 748/748
f 728/728 750/750 701/701
f 448/448 441/441 706/706
f 751/751 715/715 719/719
f 752/752 741/741 753/753
f 745/745 449/449 448/448
f 720/720 748/748 64/64
f 498/498 706/706 441/441
f 706/706 733/733 448/448
f 752/752 754/754 741/741
f 753/753 723/723 752/752
f 551/551 503/503 689/689
f 449/449 745/745 461/461
f 748/748 737/737 746/746
f 551/551 689/689 755/755
f 516/516 444/444 517/517
f 746/746 737/737 739/739
f 516/516 713/713 444/444
f 754/754 742/742 741/741
f 550/550 551/551 755/755
f 731/731 715/715 751/751
f 756/756 757/757 733/733
f 733/733 734/734 756/756
f 523/523 758/758 756/756
f 755/755 689/689 704/704
f 577/577 320/320 437/437
f 704/704 759/759 755/755
f 502/502 712/712 495/495
f 760/760 761/761 762/762
f 760/760 137/137 763/763
f 760/760 763/763 761/761
f 764/764 765/765 766/766
f 450/450 140/140 137/137
f 450/450 137/137 760/760
f 580/580 712/712 326/326
f 701/701 750/750 767/767
f 546/546 552/552 768/768
f 415/415 749/749 416/416
f 497/497 495/495 712/712
f 769/769 486/486 762/762
f 762/762 486/486 760/760
f 298/298 749/749 415/415
f 486/486 769/769 770/770
f 579/579 712/712 580/580
f 755/755 575/575 550/550
f 712/712 616/616 710/710
f 759/759 575/575 755/755
f 616/616 712/712 579/579
f 771/771 769/769 761/761
f 772/772 719/719 773/773
f 769/769 762/762 761/761
f 768/768 552/552 563/563
f 774/774 772/772 773/773
f 558/558 575/575 775/775
f 776/776 558/558 775/775
f 769/769 726/726 770/770
f 701/701 777/777 705/705
f 767/767 777/777 701/701
f 650/650 651/651 516/516
f 717/717 778/778 779/779
f 719/719 708/708 780/780
f 704/704 781/781 759/759
f 650/650 516/516 529/529
f 546/546 768/768 747/747
f 782/782 761/761 763/763
f 734/734 732/732 783/783
f 773/773 719/719 780/780
f 780/780 774/774 773/773
f 716/716 778/778 717/717
f 771/771 761/761 784/784
f 784/784 782/782 785/785
f 786/786 767/767 750/750
f 782/782 784/784 761/761
f 538/538 734/734 783/783
f 713/713 651/651 615/615
f 749/749 720/720 416/416
f 787/787 788/788 774/774
f 724/724 616/616 636/636
f 771/771 726/726 769/769
f 783/783 724/724 789/789
f 765/765 786/786 750/750
f 771/771 721/721 726/726
f 784/784 721/721 771/771
f 717/717 131/131 416/416
f 779/779 131/131 717/717
f 763/763 137/137 782/782
f 788/788 772/772 774/774
f 528/528 650/650 529/529
f 652/652 650/650 528/528
f 302/302 738/738 749/749
f 655/655 714/714 609/609
f 655/655 707/707 714/714
f 749/749 738/738 737/737
f 532/532 783/783 533/533
f 532/532 538/538 783/783
f 655/655 790/790 707/707
f 753/753 741/741 791/791
f 790/790 655/655 792/792
f 719/719 772/772 751/751
f 655/655 656/656 793/793
f 792/792 655/655 793/793
f 789/789 641/641 660/660
f 792/792 793/793 794/794
f 740/740 738/738 302/302
f 635/635 747/747 649/649
f 538/538 537/537 756/756
f 795/795 751/751 772/772
f 756/756 734/734 538/538
f 649/649 747/747 796/796
f 536/536 538/538 532/532
f 797/797 791/791 741/741
f 798/798 704/704 707/707
f 766/766 750/750 728/728
f 798/798 781/781 704/704
f 798/798 707/707 790/790
f 795/795 772/772 799/799
f 800/800 801/801 802/802
f 298/298 302/302 749/749
f 753/753 493/493 726/726
f 791/791 493/493 753/753
f 766/766 765/765 750/750
f 770/770 487/487 486/486
f 487/487 770/770 493/493
f 800/800 802/802 803/803
f 772/772 788/788 799/799
f 770/770 726/726 493/493
f 804/804 803/803 802/802
f 765/765 764/764 786/786
f 805/805 799/799 788/788
f 493/493 791/791 797/797
f 797/797 492/492 493/493
f 797/797 333/333 492/492
f 723/723 753/753 726/726
f 806/806 807/807 808/808
f 809/809 729/729 21/21
f 15/15 810/810 716/716
f 15/15 716/716 718/718
f 811/811 812/812 813/813
f 811/811 813/813 814/814
f 735/735 815/815 816/816
f 37/37 817/817 35/35
f 729/729 818/818 728/728
f 792/792 819/819 790/790
f 50/50 16/16 15/15
f 51/51 722/722 37/37
f 820/820 821/821 822/822
f 15/15 718/718 50/50
f 822/822 823/823 820/820
f 722/722 817/817 37/37
f 812/812 824/824 813/813
f 821/821 825/825 822/822
f 813/813 826/826 827/827
f 828/828 735/735 829/829
f 778/778 716/716 810/810
f 804/804 802/802 813/813
f 817/817 784/784 830/830
f 827/827 804/804 813/813
f 813/813 802/802 814/814
f 784/784 817/817 721/721
f 831/831 729/729 809/809
f 775/775 575/575 832/832
f 808/808 833/833 806/806
f 721/721 817/817 722/722
f 834/834 835/835 815/815
f 833/833 808/808 820/820
f 15/15 3/3 2/2
f 515/515 816/816 815/815
f 831/831 809/809 514/514
f 820/820 836/836 821/821
f 820/820 837/837 836/836
f 515/515 815/815 835/835
f 35/35 838/838 39/39
f 781/781 839/839 759/759
f 841/841 843/843 844/844
f 845/845 813/813 824/824
f 825/825 821/821 841/841
f 768/768 846/846 747/747
f 50/50 64/64 66/66
f 729/729 831/831 818/818
f 575/575 759/759 832/832
f 832/832 759/759 839/839
f 834/834 815/815 828/828
f 815/815 735/735 828/828
f 824/824 847/847 848/848
f 834/834 828/828 849/849
f 850/850 842/842 851/851
f 752/752 722/722 51/51
f 752/752 723/723 722/722
f 839/839 852/852 832/832
f 51/51 853/853 754/754
f 752/752 51/51 754/754
f 832/832 852/852 775/775
f 845/845 824/824 848/848
f 90/90 853/853 51/51
f 563/563 854/854 768/768
f 813/813 845/845 826/826
f 853/853 92/92 754/754
f 775/775 852/852 855/855
f 754/754 92/92 856/856
f 845/845 857/857 826/826
f 858/858 768/768 854/854
f 853/853 90/90 92/92
f 784/784 785/785 830/830
f 859/859 860/860 151/151
f 736/736 861/861 730/730
f 318/318 859/859 740/740
f 859/859 318/318 317/317
f 864/864 836/836 865/865
f 867/867 868/868 869/869
f 867/867 869/869 840/840
f 867/867 870/870 868/868
f 867/867 871/871 872/872
f 740/740 859/859 739/739
f 768/768 858/858 846/846
f 852/852 839/839 873/873
f 379/379 874/874 418/418
f 875/875 456/456 876/876
f 736/736 735/735 816/816
f 877/877 874/874 12/12
f 873/873 839/839 878/878
f 879/879 880/880 743/743
f 859/859 317/317 860/860
f 880/880 879/879 881/881
f 882/882 743/743 880/880
f 883/883 747/747 846/846
f 884/884 885/885 876/876
f 884/884 886/886 885/885
f 735/735 731/731 751/751
f 739/739 146/146 746/746
f 878/878 798/798 790/790
f 751/751 829/829 735/735
f 146/146 859/859 151/151
f 887/887 878/878 790/790
f 214/214 888/888 856/856
f 877/877 14/14 114/114
f 147/147 146/146 151/151
f 796/796 747/747 883/883
f 818/818 766/766 728/728
f 796/796 883/883 846/846
f 889/889 766/766 818/818
f 114/114 890/890 877/877
f 796/796 846/846 891/891
f 795/795 892/892 829/829
f 819/819 887/887 790/790
f 881/881 879/879 161/161
f 819/819 893/893 887/887
f 828/828 829/829 894/894
f 161/161 879/879 213/213
f 801/801 874/874 890/890
f 888/888 214/214 213/213
f 766/766 889/889 895/895
f 814/814 890/890 811/811
f 159/159 161/161 213/213
f 879/879 888/888 213/213
f 874/874 877/877 890/890
f 739/739 859/859 146/146
f 894/894 829/829 892/892
f 743/743 754/754 856/856
f 742/742 754/754 743/743
f 879/879 743/743 888/888
f 856/856 888/888 743/743
f 895/895 764/764 766/766
f 896/896 891/891 846/846
f 892/892 795/795 799/799
f 886/886 897/897 898/898
f 899/899 898/898 897/897
f 764/764 895/895 900/900
f 886/886 901/901 885/885
f 901/901 886/886 898/898
f 902/902 903/903 887/887
f 904/904 903/903 902/902
f 905/905 906/906 898/898
f 907/907 908/908 909/909
f 910/910 892/892 799/799
f 910/910 799/799 911/911
f 912/912 908/908 907/907
f 901/901 898/898 913/913
f 898/898 906/906 913/913
f 896/896 914/914 891/891
f 860/860 907/907 909/909
f 860/860 355/355 366/366
f 915/915 860/860 317/317
f 898/898 899/899 905/905
f 880/880 881/881 357/357
f 916/916 906/906 905/905
f 878/878 781/781 798/798
f 860/860 915/915 355/355
f 878/878 839/839 781/781
f 392/392 917/917 364/364
f 357/357 918/918 919/919
f 895/895 889/889 831/831
f 831/831 920/920 895/895
f 357/357 881/881 918/918
f 366/366 907/907 860/860
f 903/903 878/878 887/887
f 921/921 895/895 920/920
f 903/903 922/922 878/878
f 375/375 919/919 376/376
f 376/376 919/919 923/923
f 925/925 926/926 927/927
f 14/14 877/877 12/12
f 912/912 907/907 366/366
f 818/818 831/831 889/889
f 885/885 60/60 928/928
f 828/828 894/894 927/927
f 357/357 919/919 375/375
f 917/917 928/928 36/36
f 36/36 928/928 60/60
f 828/828 927/927 849/849
f 860/860 153/153 151/151
f 12/12 360/360 3/3
f 927/927 894/894 925/925
f 917/917 36/36 39/39
f 922/922 873/873 878/878
f 917/917 39/39 356/356
f 153/153 860/860 909/909
f 918/918 161/161 160/160
f 160/160 919/919 918/918
f 364/364 917/917 356/356
f 900/900 895/895 929/929
f 153/153 909/909 908/908
f 930/930 903/903 904/904
f 908/908 158/158 153/153
f 925/925 910/910 931/931
f 379/379 360/360 12/12
f 874/874 379/379 12/12
f 929/929 895/895 921/921
f 928/928 917/917 875/875
f 902/902 932/932 904/904
f 933/933 846/846 858/858
f 935/935 919/919 160/160
f 875/875 917/917 392/392
f 875/875 392/392 391/391
f 456/456 875/875 391/391
f 876/876 885/885 875/875
f 918/918 881/881 161/161
f 875/875 885/885 928/928
f 892/892 925/925 894/894
f 910/910 925/925 892/892
f 318/318 740/740 302/302
f 334/334 333/333 797/797
f 751/751 795/795 829/829
f 106/106 60/60 913/913
f 106/106 913/913 120/120
f 334/334 743/743 882/882
f 334/334 797/797 741/741
f 913/913 60/60 901/901
f 885/885 901/901 60/60
f 933/933 936/936 896/896
f 882/882 880/880 345/345
f 334/334 882/882 331/331
f 882/882 345/345 331/331
f 764/764 937/937 786/786
f 933/933 896/896 846/846
f 234/234 119/119 120/120
f 915/915 317/317 355/355
f 345/345 880/880 359/359
f 937/937 938/938 939/939
f 359/359 880/880 357/357
f 418/418 874/874 800/800
f 375/375 358/358 357/357
f 940/940 922/922 941/941
f 922/922 940/940 873/873
f 92/92 205/205 856/856
f 205/205 214/214 856/856
f 800/800 874/874 801/801
f 942/942 805/805 943/943
f 944/944 945/945 897/897
f 933/933 858/858 946/946
f 900/900 937/937 764/764
f 947/947 940/940 941/941
f 948/948 937/937 900/900
f 140/140 450/450 432/432
f 942/942 943/943 911/911
f 138/138 432/432 170/170
f 922/922 903/903 930/930
f 930/930 941/941 922/922
f 876/876 454/454 949/949
f 932/932 930/930 904/904
f 937/937 948/948 938/938
f 140/140 432/432 138/138
f 456/456 454/454 876/876
f 760/760 452/452 451/451
f 760/760 451/451 450/450
f 950/950 951/951 952/952
f 486/486 452/452 760/760
f 953/953 951/951 950/950
f 884/884 897/897 886/886
f 954/954 941/941 930/930
f 953/953 943/943 951/951
f 944/944 884/884 876/876
f 876/876 949/949 944/944
f 943/943 953/953 955/955
f 420/420 260/260 261/261
f 956/956 938/938 948/948
f 420/420 261/261 421/421
f 423/423 418/418 800/800
f 957/957 19/19 958/958
f 959/959 19/19 957/957
f 960/960 947/947 941/941
f 954/954 960/960 941/941
f 24/24 961/961 962/962
f 963/963 460/460 964/964
f 962/962 965/965 24/24
f 933/933 946/946 966/966
f 967/967 965/965 962/962
f 963/963 944/944 949/949
f 958/958 18/18 242/242
f 933/933 966/966 936/936
f 963/963 945/945 944/944
f 958/958 242/242 968/968
f 969/969 970/970 963/963
f 970/970 945/945 963/963
f 787/787 971/971 788/788
f 786/786 937/937 972/972
f 968/968 973/973 958/958
f 460/460 454/454 455/455
f 460/460 949/949 454/454
f 974/974 962/962 961/961
f 805/805 788/788 971/971
f 951/951 805/805 975/975
f 805/805 971/971 975/975
f 958/958 976/976 977/977
f 967/967 962/962 974/974
f 899/899 897/897 978/978
f 976/976 958/958 973/973
f 960/960 954/954 979/979
f 980/980 787/787 981/981
f 980/980 971/971 787/787
f 981/981 982/982 983/983
f 980/980 981/981 983/983
f 970/970 978/978 897/897
f 974/974 984/984 985/985
f 986/986 263/263 413/413
f 987/987 263/263 986/986
f 988/988 989/989 990/990
f 987/987 986/986 991/991
f 890/890 814/814 801/801
f 992/992 899/899 978/978
f 991/991 986/986 413/413
f 899/899 992/992 905/905
f 937/937 993/993 972/972
f 994/994 905/905 992/992
f 993/993 937/937 939/939
f 992/992 995/995 994/994
f 961/961 23/23 989/989
f 961/961 24/24 23/23
f 453/453 421/421 261/261
f 814/814 802/802 801/801
f 30/30 990/990 23/23
f 980/980 975/975 971/971
f 980/980 996/996 975/975
f 997/997 998/998 999/999
f 995/995 806/806 833/833
f 998/998 19/19 959/959
f 993/993 939/939 1000/1000
f 978/978 995/995 992/992
f 1001/1001 999/999 998/998
f 959/959 1001/1001 998/998
f 944/944 897/897 884/884
f 975/975 952/952 951/951
f 23/23 990/990 989/989
f 1002/1002 999/999 1003/1003
f 975/975 996/996 952/952
f 1004/1004 952/952 996/996
f 970/970 1005/1005 978/978
f 897/897 945/945 970/970
f 978/978 1005/1005 995/995
f 991/991 413/413 1006/1006
f 806/806 995/995 1005/1005
f 988/988 1007/1007 989/989
f 1006/1006 1008/1008 991/991
f 173/173 1009/1009 1010/1010
f 1003/1003 1001/1001 1011/1011
f 961/961 989/989 1012/1012
f 996/996 980/980 983/983
f 1013/1013 413/413 459/459
f 234/234 913/913 1014/1014
f 999/999 1001/1001 1003/1003
f 1006/1006 413/413 1013/1013
f 1013/1013 1015/1015 1006/1006
f 1013/1013 459/459 1015/1015
f 996/996 983/983 1004/1004
f 1010/1010 890/890 114/114
f 1016/1016 1003/1003 1011/1011
f 1017/1017 1014/1014 1018/1018
f 805/805 942/942 799/799
f 234/234 1014/1014 1017/1017
f 990/990 1019/1019 988/988
f 114/114 173/173 1010/1010
f 805/805 951/951 943/943
f 692/692 1019/1019 990/990
f 999/999 1002/1002 1020/1020
f 1020/1020 1002/1002 709/709
f 694/694 692/692 1021/1021
f 45/45 466/466 453/453
f 1017/1017 241/241 234/234
f 1021/1021 692/692 990/990
f 1008/1008 1022/1022 991/991
f 1023/1023 1022/1022 1008/1008
f 241/241 1024/1024 193/193
f 1025/1025 939/939 938/938
f 1026/1026 1025/1025 1027/1027
f 699/699 1020/1020 709/709
f 950/950 952/952 1028/1028
f 1029/1029 1030/1030 1024/1024
f 1031/1031 997/997 1020/1020
f 1020/1020 997/997 999/999
f 241/241 1017/1017 1024/1024
f 1008/1008 1032/1032 1023/1023
f 811/811 890/890 1010/1010
f 938/938 956/956 1027/1027
f 692/692 988/988 1019/1019
f 1025/1025 938/938 1027/1027
f 1003/1003 1033/1033 1002/1002
f 1034/1034 1028/1028 1035/1035
f 1015/1015 1008/1008 1006/1006
f 1034/1034 1035/1035 1036/1036
f 1033/1033 1037/1037 1038/1038
f 905/905 1018/1018 916/916
f 1038/1038 709/709 1033/1033
f 1033/1033 709/709 1002/1002
f 513/513 1039/1039 1015/1015
f 1037/1037 1033/1033 1003/1003
f 1018/1018 1040/1040 1029/1029
f 1028/1028 1041/1041 950/950
f 1042/1042 950/950 1041/1041
f 1043/1043 1008/1008 1015/1015
f 1027/1027 956/956 1044/1044
f 1034/1034 1041/1041 1028/1028
f 811/811 1010/1010 1009/1009
f 1045/1045 1044/1044 956/956
f 1043/1043 1015/1015 1039/1039
f 1009/1009 824/824 812/812
f 1032/1032 1008/1008 1043/1043
f 811/811 1009/1009 812/812
f 977/977 1001/1001 959/959
f 957/957 977/977 959/959
f 453/453 46/46 45/45
f 1001/1001 977/977 1046/1046
f 957/957 958/958 977/977
f 1018/1018 1014/1014 906/906
f 1047/1047 1034/1034 1036/1036
f 1017/1017 1018/1018 1029/1029
f 1011/1011 1001/1001 1046/1046
f 1044/1044 1026/1026 1027/1027
f 1026/1026 1044/1044 1048/1048
f 906/906 916/916 1018/1018
f 961/961 1012/1012 974/974
f 1024/1024 1017/1017 1029/1029
f 977/977 976/976 1046/1046
f 1049/1049 976/976 973/973
f 1012/1012 989/989 1007/1007
f 1012/1012 1007/1007 1050/1050
f 187/187 1051/1051 1052/1052
f 1052/1052 173/173 179/179
f 1037/1037 1003/1003 1016/1016
f 189/189 193/193 1030/1030
f 1030/1030 193/193 1024/1024
f 1053/1053 1016/1016 1054/1054
f 1000/1000 939/939 1025/1025
f 466/466 45/45 1055/1055
f 1056/1056 1054/1054 1016/1016
f 1057/1057 189/189 1030/1030
f 1039/1039 1059/1059 1043/1043
f 1052/1052 179/179 187/187
f 1012/1012 1050/1050 1060/1060
f 1061/1061 191/191 190/190
f 1062/1062 1032/1032 1059/1059
f 1043/1043 1059/1059 1032/1032
f 1035/1035 952/952 1063/1063
f 1061/1061 280/280 191/191
f 1025/1025 1064/1064 1000/1000
f 1037/1037 1065/1065 1038/1038
f 190/190 1058/1058 1061/1061
f 1023/1023 54/54 1066/1066
f 54/54 1023/1023 1032/1032
f 1009/1009 1052/1052 847/847
f 1030/1030 1029/1029 1057/1057
f 1029/1029 1040/1040 1057/1057
f 1062/1062 54/54 1032/1032
f 1009/1009 173/173 1052/1052
f 1067/1067 1004/1004 983/983
f 1068/1068 1000/1000 1064/1064
f 1015/1015 459/459 513/513
f 1037/1037 1016/1016 1053/1053
f 825/825 1069/1069 1040/1040
f 539/539 1039/1039 513/513
f 1037/1037 1070/1070 1065/1065
f 1039/1039 539/539 567/567
f 1009/1009 847/847 824/824
f 844/844 843/843 1069/1069
f 1069/1069 1057/1057 1040/1040
f 1070/1070 1037/1037 1053/1053
f 567/567 539/539 540/540
f 1057/1057 1069/1069 843/843
f 1071/1071 1070/1070 1053/1053
f 847/847 1052/1052 1051/1051
f 1059/1059 1039/1039 567/567
f 952/952 1004/1004 1063/1063
f 1072/1072 1070/1070 1071/1071
f 1073/1073 1065/1065 1070/1070
f 1070/1070 982/982 1073/1073
f 982/982 1070/1070 1072/1072
f 848/848 847/847 1051/1051
f 563/563 510/510 466/466
f 466/466 1055/1055 563/563
f 1071/1071 1053/1053 1054/1054
f 234/234 120/120 913/913
f 1074/1074 1059/1059 567/567
f 1075/1075 1064/1064 1025/1025
f 1076/1076 1060/1060 1077/1077
f 1060/1060 1050/1050 1077/1077
f 1071/1071 1054/1054 1078/1078
f 1074/1074 1079/1079 1059/1059
f 823/823 1040/1040 994/994
f 984/984 974/974 1012/1012
f 994/994 1018/1018 905/905
f 1018/1018 994/994 1040/1040
f 823/823 994/994 833/833
f 567/567 558/558 1074/1074
f 995/995 833/833 994/994
f 1074/1074 558/558 1080/1080
f 1081/1081 1063/1063 1004/1004
f 1075/1075 1082/1082 1064/1064
f 1083/1083 984/984 1012/1012
f 822/822 1040/1040 823/823
f 1081/1081 1004/1004 1084/1084
f 822/822 825/825 1040/1040
f 1016/1016 1011/1011 1056/1056
f 1085/1085 1081/1081 1084/1084
f 841/841 844/844 825/825
f 844/844 1069/1069 825/825
f 45/45 49/49 1055/1055
f 1086/1086 1056/1056 1011/1011
f 49/49 88/88 1055/1055
f 1086/1086 1011/1011 1087/1087
f 1046/1046 976/976 1088/1088
f 1049/1049 1088/1088 976/976
f 423/423 800/800 1089/1089
f 1011/1011 1046/1046 1088/1088
f 952/952 1035/1035 1028/1028
f 518/518 423/423 1089/1089
f 1062/1062 1059/1059 1090/1090
f 1011/1011 1088/1088 1087/1087
f 1035/1035 1063/1063 1036/1036
f 1091/1091 1087/1087 1088/1088
f 1090/1090 1059/1059 1079/1079
f 800/800 1092/1092 1089/1089
f 1083/1083 1012/1012 1060/1060
f 1025/1025 1026/1026 1075/1075
f 1093/1093 1047/1047 1036/1036
f 1094/1094 1079/1079 1095/1095
f 543/543 1089/1089 1096/1096
f 1063/1063 1081/1081 1036/1036
f 1096/1096 1089/1089 1092/1092
f 1097/1097 1055/1055 88/88
f 984/984 1083/1083 985/985
f 1083/1083 169/169 985/985
f 543/543 518/518 1089/1089
f 1098/1098 1099/1099 1100/1100
f 52/52 54/54 1062/1062
f 1086/1086 1087/1087 148/148
f 145/145 148/148 1087/1087
f 1056/1056 1078/1078 1054/1054
f 942/942 911/911 799/799
f 1086/1086 1078/1078 1056/1056
f 965/965 967/967 203/203
f 218/218 203/203 967/967
f 1062/1062 1094/1094 52/52
f 1092/1092 803/803 1101/1101
f 911/911 943/943 955/955
f 1062/1062 1090/1090 1094/1094
f 1090/1090 1079/1079 1094/1094
f 911/911 931/931 910/910
f 967/967 1102/1102 218/218
f 218/218 1102/1102 223/223
f 803/803 1092/1092 800/800
f 233/233 1103/1103 231/231
f 931/931 911/911 955/955
f 1104/1104 1102/1102 967/967
f 1105/1105 1106/1106 900/900
f 1107/1107 52/52 1094/1094
f 1108/1108 1109/1109 1110/1110
f 968/968 242/242 232/232
f 1111/1111 968/968 232/232
f 1107/1107 1094/1094 1112/1112
f 1113/1113 1045/1045 1106/1106
f 1111/1111 232/232 231/231
f 1005/1005 1114/1114 807/807
f 123/123 88/88 67/67
f 1115/1115 955/955 1116/1116
f 1113/1113 1106/1106 1105/1105
f 1117/1117 1114/1114 1118/1118
f 1114/1114 1117/1117 807/807
f 948/948 900/900 1106/1106
f 52/52 1107/1107 68/68
f 231/231 1119/1119 1111/1111
f 973/973 968/968 1111/1111
f 948/948 1106/1106 956/956
f 1106/1106 1045/1045 956/956
f 1107/1107 122/122 68/68
f 1096/1096 1092/1092 1101/1101
f 953/953 1042/1042 955/955
f 967/967 974/974 1120/1120
f 955/955 1042/1042 1116/1116
f 1101/1101 1121/1121 1096/1096
f 1111/1111 1119/1119 973/973
f 1122/1122 1117/1117 1118/1118
f 973/973 1119/1119 1049/1049
f 1097/1097 88/88 123/123
f 1049/1049 1119/1119 1123/1123
f 900/900 929/929 1105/1105
f 1104/1104 967/967 1120/1120
f 1095/1095 1112/1112 1094/1094
f 1124/1124 1119/1119 231/231
f 1124/1124 231/231 1103/1103
f 1125/1125 1126/1126 1121/1121
f 1103/1103 1127/1127 1124/1124
f 1128/1128 1129/1129 925/925
f 1130/1130 1125/1125 1121/1121
f 1125/1125 1131/1131 1126/1126
f 1128/1128 925/925 931/931
f 1104/1104 1120/1120 1132/1132
f 1133/1133 1131/1131 1125/1125
f 1124/1124 1123/1123 1119/1119
f 1125/1125 1134/1134 1133/1133
f 1135/1135 248/248 262/262
f 1134/1134 1125/1125 1130/1130
f 1136/1136 1134/1134 1130/1130
f 1137/1137 563/563 1055/1055
f 233/233 248/248 1135/1135
f 1138/1138 1134/1134 1136/1136
f 233/233 1135/1135 1103/1103
f 931/931 955/955 1115/1115
f 1139/1139 1079/1079 1074/1074
f 1128/1128 931/931 1115/1115
f 1115/1115 1116/1116 1128/1128
f 1135/1135 262/262 1103/1103
f 1103/1103 262/262 1140/1140
f 1095/1095 1079/1079 1139/1139
f 987/987 262/262 263/263
f 543/543 1096/1096 1126/1126
f 1080/1080 558/558 776/776
f 1102/1102 261/261 223/223
f 1126/1126 547/547 543/543
f 1080/1080 1141/1141 1074/1074
f 1116/1116 1142/1142 1128/1128
f 1143/1143 1144/1144 1145/1145
f 1142/1142 1116/1116 1146/1146
f 1139/1139 1074/1074 1141/1141
f 1147/1147 1142/1142 1146/1146
f 1100/1100 522/522 544/544
f 1148/1148 1146/1146 1116/1116
f 1102/1102 1132/1132 261/261
f 1080/1080 776/776 855/855
f 1104/1104 1132/1132 1102/1102
f 1131/1131 547/547 1126/1126
f 1055/1055 1097/1097 1137/1137
f 1113/1113 1149/1149 1045/1045
f 1140/1140 262/262 987/987
f 1140/1140 987/987 1022/1022
f 950/950 1042/1042 953/953
f 261/261 1132/1132 453/453
f 1150/1150 1042/1042 1041/1041
f 1151/1151 1140/1140 1022/1022
f 1152/1152 1122/1122 1153/1153
f 987/987 991/991 1022/1022
f 1103/1103 1140/1140 1127/1127
f 1144/1144 1153/1153 1145/1145
f 1095/1095 1139/1139 1154/1154
f 1126/1126 1096/1096 1121/1121
f 1127/1127 1140/1140 1151/1151
f 1149/1149 1044/1044 1045/1045
f 1044/1044 1149/1149 1155/1155
f 1155/1155 1156/1156 1044/1044
f 1091/1091 1049/1049 1123/1123
f 563/563 1137/1137 854/854
f 1158/1158 1152/1152 1144/1144
f 1159/1159 1141/1141 1160/1160
f 1141/1141 1080/1080 1160/1160
f 974/974 985/985 1120/1120
f 1091/1091 1123/1123 133/133
f 133/133 1123/1123 1161/1161
f 1162/1162 1155/1155 1149/1149
f 1163/1163 1150/1150 1164/1164
f 1139/1139 1141/1141 1159/1159
f 1120/1120 1165/1165 1132/1132
f 1034/1034 1164/1164 1041/1041
f 1165/1165 9/9 1132/1132
f 1161/1161 1123/1123 1124/1124
f 1161/1161 1124/1124 165/165
f 1159/1159 1154/1154 1139/1139
f 1047/1047 1166/1166 1034/1034
f 1164/1164 1034/1034 1166/1166
f 1167/1167 1168/1168 1169/1169
f 985/985 1165/1165 1120/1120
f 1164/1164 1150/1150 1041/1041
f 1159/1159 1160/1160 1170/1170
f 1113/1113 1171/1171 1149/1149
f 1095/1095 1172/1172 1112/1112
f 1116/1116 1150/1150 1148/1148
f 1116/1116 1042/1042 1150/1150
f 803/803 804/804 1101/1101
f 804/804 827/827 1101/1101
f 1150/1150 1173/1173 1148/1148
f 165/165 133/133 1161/1161
f 1117/1117 1174/1174 807/807
f 1113/1113 1105/1105 1171/1171
f 837/837 807/807 1174/1174
f 1175/1175 1101/1101 827/827
f 169/169 1165/1165 985/985
f 346/346 122/122 1176/1176
f 169/169 10/10 1165/1165
f 1177/1177 1176/1176 122/122
f 1178/1178 1149/1149 1171/1171
f 826/826 1167/1167 827/827
f 1175/1175 1167/1167 1169/1169
f 1146/1146 1148/1148 1179/1179
f 1167/1167 1175/1175 827/827
f 1179/1179 1148/1148 1173/1173
f 820/820 808/808 807/807
f 46/46 453/453 1132/1132
f 1101/1101 1175/1175 1121/1121
f 1177/1177 1180/1180 1176/1176
f 1173/1173 1150/1150 1163/1163
f 1179/1179 1173/1173 1163/1163
f 1097/1097 123/123 1181/1181
f 1178/1178 1162/1162 1149/1149
f 1177/1177 1112/1112 1172/1172
f 1127/1127 1182/1182 1124/1124
f 1182/1182 1127/1127 1183/1183
f 1151/1151 1183/1183 1127/1127
f 836/836 1184/1184 865/865
f 1186/1186 1184/1184 836/836
f 1189/1189 1191/1191 836/836
f 836/836 1191/1191 1186/1186
f 122/122 1107/1107 1112/1112
f 1177/1177 122/122 1112/1112
f 1124/1124 1182/1182 165/165
f 826/826 1192/1192 1167/1167
f 1023/1023 1151/1151 1022/1022
f 1151/1151 1182/1182 1183/1183
f 1193/1193 557/557 1194/1194
f 1195/1195 123/123 127/127
f 9/9 46/46 1132/1132
f 1196/1196 1121/1121 1175/1175
f 1195/1195 1181/1181 123/123
f 10/10 9/9 1165/1165
f 1196/1196 1130/1130 1121/1121
f 1197/1197 1198/1198 1199/1199
f 1066/1066 27/27 1182/1182
f 27/27 165/165 1182/1182
f 1169/1169 1200/1200 1196/1196
f 1201/1201 921/921 1193/1193
f 1169/1169 1196/1196 1175/1175
f 1066/1066 1182/1182 1151/1151
f 1151/1151 1023/1023 1066/1066
f 1202/1202 1203/1203 1136/1136
f 1201/1201 1204/1204 921/921
f 1205/1205 1177/1177 1206/1206
f 54/54 53/53 1066/1066
f 1205/1205 1180/1180 1177/1177
f 53/53 27/27 1066/1066
f 53/53 28/28 27/27
f 1088/1088 1049/1049 1091/1091
f 1130/1130 1196/1196 1200/1200
f 145/145 1087/1087 1091/1091
f 1136/1136 1130/1130 1200/1200
f 1207/1207 1199/1199 1208/1208
f 1136/1136 1200/1200 1202/1202
f 1209/1209 1180/1180 1205/1205
f 1091/1091 133/133 145/145
f 1210/1210 1211/1211 1212/1212
f 1213/1213 1193/1193 1194/1194
f 1137/1137 1097/1097 1214/1214
f 1215/1215 1216/1216 1217/1217
f 1197/1197 1199/1199 1207/1207
f 1193/1193 1213/1213 1201/1201
f 1211/1211 1200/1200 1169/1169
f 165/165 134/134 133/133
f 1168/1168 1218/1218 1169/1169
f 1137/1137 1214/1214 854/854
f 1218/1218 1211/1211 1169/1169
f 1219/1219 1207/1207 1208/1208
f 1218/1218 1212/1212 1211/1211
f 1220/1220 1077/1077 1050/1050
f 1221/1221 1204/1204 1201/1201
f 1222/1222 1223/1223 309/309
f 1072/1072 1224/1224 982/982
f 1225/1225 1154/1154 1159/1159
f 309/309 311/311 1222/1222
f 1208/1208 1129/1129 1226/1226
f 1219/1219 1208/1208 1226/1226
f 1223/1223 1202/1202 1200/1200
f 1202/1202 1223/1223 1222/1222
f 1225/1225 1159/1159 1170/1170
f 1227/1227 983/983 982/982
f 1228/1228 983/983 1227/1227
f 982/982 1224/1224 1227/1227
f 1213/1213 1229/1229 1201/1201
f 1230/1230 1231/1231 1232/1232
f 309/309 1211/1211 1210/1210
f 1223/1223 1211/1211 309/309
f 1078/1078 1224/1224 1071/1071
f 1219/1219 1226/1226 1233/1233
f 1078/1078 1234/1234 1224/1224
f 1224/1224 1072/1072 1071/1071
f 1227/1227 1224/1224 1234/1234
f 1231/1231 1235/1235 1236/1236
f 1220/1220 1068/1068 1077/1077
f 1220/1220 1000/1000 1068/1068
f 1200/1200 1211/1211 1223/1223
f 1237/1237 1232/1232 1231/1231
f 1214/1214 1238/1238 1239/1239
f 1068/1068 1240/1240 1077/1077
f 1237/1237 1231/1231 1241/1241
f 1231/1231 1236/1236 1241/1241
f 1236/1236 1242/1242 1241/1241
f 1077/1077 1240/1240 1076/1076
f 1243/1243 1244/1244 1245/1245
f 1245/1245 1244/1244 1246/1246
f 1247/1247 1227/1227 1234/1234
f 1154/1154 1172/1172 1095/1095
f 1247/1247 1234/1234 1248/1248
f 1248/1248 1234/1234 1249/1249
f 964/964 460/460 1250/1250
f 1154/1154 1177/1177 1172/1172
f 1251/1251 1194/1194 557/557
f 988/988 705/705 777/777
f 1154/1154 1206/1206 1177/1177
f 705/705 988/988 691/691
f 1252/1252 557/557 367/367
f 557/557 1252/1252 1251/1251
f 1253/1253 1154/1154 1225/1225
f 1076/1076 1083/1083 1060/1060
f 708/708 709/709 1038/1038
f 988/988 777/777 1007/1007
f 1254/1254 1007/1007 777/777
f 1097/1097 1181/1181 1214/1214
f 1245/1245 1246/1246 1197/1197
f 767/767 1254/1254 777/777
f 708/708 1038/1038 780/780
f 1214/1214 1181/1181 1238/1238
f 780/780 1038/1038 1065/1065
f 1253/1253 1206/1206 1154/1154
f 148/148 157/157 1086/1086
f 180/180 1083/1083 1076/1076
f 1255/1255 1245/1245 1256/1256
f 1065/1065 1073/1073 780/780
f 1083/1083 180/180 169/169
f 1254/1254 767/767 786/786
f 1254/1254 1050/1050 1007/1007
f 1206/1206 1253/1253 1257/1257
f 780/780 1073/1073 774/774
f 1257/1257 1253/1253 1258/1258
f 394/394 1252/1252 367/367
f 394/394 367/367 369/369
f 1244/1244 384/384 383/383
f 1073/1073 787/787 774/774
f 1257/1257 1205/1205 1206/1206
f 981/981 787/787 1073/1073
f 1050/1050 1254/1254 1220/1220
f 1254/1254 786/786 972/972
f 1259/1259 1234/1234 1078/1078
f 1260/1260 1253/1253 1225/1225
f 1220/1220 1254/1254 972/972
f 1260/1260 1225/1225 1170/1170
f 384/384 1244/1244 1243/1243
f 1261/1261 1260/1260 1170/1170
f 1259/1259 1078/1078 157/157
f 157/157 1078/1078 1086/1086
f 981/981 1073/1073 982/982
f 1260/1260 1258/1258 1253/1253
f 972/972 993/993 1220/1220
f 180/180 1076/1076 1240/1240
f 1000/1000 1220/1220 993/993
f 1176/1176 389/389 346/346
f 108/108 1262/1262 109/109
f 384/384 1243/1243 1263/1263
f 1264/1264 384/384 1263/1263
f 111/111 1265/1265 1266/1266
f 389/389 1176/1176 1180/1180
f 1267/1267 85/85 109/109
f 1249/1249 1234/1234 1259/1259
f 1268/1268 1251/1251 1252/1252
f 394/394 1268/1268 1252/1252
f 1269/1269 1248/1248 1249/1249
f 110/110 1265/1265 111/111
f 1269/1269 1249/1249 1270/1270
f 1271/1271 1195/1195 127/127
f 1272/1272 1259/1259 157/157
f 396/396 389/389 1180/1180
f 1273/1273 396/396 1180/1180
f 697/697 694/694 1274/1274
f 1249/1249 1259/1259 1270/1270
f 1270/1270 1259/1259 1272/1272
f 1272/1272 157/157 186/186
f 1263/1263 1245/1245 1255/1255
f 1273/1273 1180/1180 1209/1209
f 775/775 855/855 776/776
f 1275/1275 1276/1276 697/697
f 1256/1256 1277/1277 1255/1255
f 1278/1278 1280/1280 1282/1282
f 1263/1263 1243/1243 1245/1245
f 1278/1278 1276/1276 1280/1280
f 1283/1283 1248/1248 1284/1284
f 1285/1285 1240/1240 1068/1068
f 1282/1282 1280/1280 1286/1286
f 1287/1287 1288/1288 1289/1289
f 1160/1160 1080/1080 855/855
f 852/852 1160/1160 855/855
f 1276/1276 1278/1278 697/697
f 1263/1263 1255/1255 1277/1277
f 1290/1290 180/180 1240/1240
f 1291/1291 1289/1289 1288/1288
f 1240/1240 1285/1285 1290/1290
f 727/727 695/695 1292/1292
f 695/695 696/696 1292/1292
f 1248/1248 1269/1269 1284/1284
f 1207/1207 1293/1293 1256/1256
f 1294/1294 1295/1295 1291/1291
f 1256/1256 1197/1197 1207/1207
f 1296/1296 1295/1295 1294/1294
f 1297/1297 852/852 873/873
f 1251/1251 1213/1213 1194/1194
f 1295/1295 1296/1296 744/744
f 744/744 1296/1296 698/698
f 290/290 180/180 1290/1290
f 180/180 290/290 194/194
f 1292/1292 696/696 1279/1279
f 274/274 1272/1272 186/186
f 1289/1289 1291/1291 1295/1295
f 1297/1297 1160/1160 852/852
f 1298/1298 1256/1256 1293/1293
f 1298/1298 1299/1299 1256/1256
f 1256/1256 1245/1245 1197/1197
f 861/861 1295/1295 744/744
f 730/730 861/861 744/744
f 1272/1272 274/274 303/303
f 1229/1229 1213/1213 1251/1251
f 1286/1286 1262/1262 1300/1300
f 1301/1301 1269/1269 1270/1270
f 1270/1270 1272/1272 1301/1301
f 1302/1302 1160/1160 1297/1297
f 303/303 1301/1301 1272/1272
f 1303/1303 1304/1304 1305/1305
f 1290/1290 1285/1285 1306/1306
f 1290/1290 1306/1306 290/290
f 1284/1284 1269/1269 1307/1307
f 1261/1261 1170/1170 1160/1160
f 1300/1300 1282/1282 1286/1286
f 1229/1229 1308/1308 1309/1309
f 1302/1302 1261/1261 1160/1160
f 1207/1207 1219/1219 1293/1293
f 1219/1219 1310/1310 1293/1293
f 873/873 940/940 1297/1297
f 300/300 290/290 1311/1311
f 1201/1201 1229/1229 1221/1221
f 1307/1307 1269/1269 1301/1301
f 1305/1305 1287/1287 44/44
f 1219/1219 1233/1233 1310/1310
f 306/306 1301/1301 303/303
f 940/940 1302/1302 1297/1297
f 1311/1311 290/290 1306/1306
f 1301/1301 1312/1312 1307/1307
f 1310/1310 1298/1298 1293/1293
f 1214/1214 1239/1239 854/854
f 306/306 1312/1312 1301/1301
f 1233/1233 1313/1313 1310/1310
f 854/854 1239/1239 858/858
f 111/111 1266/1266 1304/1304
f 116/116 1300/1300 1262/1262
f 1251/1251 1308/1308 1229/1229
f 111/111 1304/1304 1303/1303
f 108/108 116/116 1262/1262
f 1302/1302 1260/1260 1261/1261
f 135/135 111/111 483/483
f 121/121 111/111 135/135
f 1303/1303 483/483 111/111
f 135/135 483/483 472/472
f 1302/1302 1314/1314 1260/1260
f 20/20 1281/1281 115/115
f 1315/1315 1260/1260 1314/1314
f 1299/1299 1277/1277 1256/1256
f 115/115 402/402 20/20
f 101/101 402/402 115/115
f 472/472 483/483 484/484
f 40/40 20/20 402/402
f 44/44 483/483 1305/1305
f 1313/1313 1316/1316 1298/1298
f 1313/1313 1317/1317 1316/1316
f 42/42 483/483 44/44
f 1300/1300 116/116 1282/1282
f 946/946 858/858 1239/1239
f 483/483 1303/1303 1305/1305
f 1318/1318 1308/1308 1251/1251
f 1314/1314 1302/1302 947/947
f 727/727 21/21 729/729
f 1316/1316 1319/1319 1298/1298
f 1308/1308 1318/1318 1320/1320
f 1302/1302 940/940 947/947
f 58/58 816/816 515/515
f 1313/1313 1298/1298 1310/1310
f 514/514 809/809 40/40
f 947/947 960/960 1321/1321
f 809/809 21/21 40/40
f 57/57 58/58 515/515
f 514/514 1322/1322 831/831
f 1323/1323 1324/1324 1325/1325
f 22/22 1292/1292 1281/1281
f 1281/1281 1292/1292 1279/1279
f 22/22 1281/1281 20/20
f 514/514 509/509 1322/1322
f 312/312 1325/1325 313/313
f 524/524 515/515 1326/1326
f 1327/1327 1328/1328 1325/1325
f 31/31 1287/1287 1289/1289
f 1326/1326 515/515 1329/1329
f 1328/1328 1323/1323 1325/1325
f 44/44 1287/1287 31/31
f 32/32 31/31 1289/1289
f 1329/1329 515/515 835/835
f 1289/1289 861/861 32/32
f 1327/1327 1325/1325 312/312
f 920/920 831/831 1322/1322
f 834/834 849/849 835/835
f 727/727 1292/1292 22/22
f 1329/1329 835/835 849/849
f 21/21 727/727 22/22
f 32/32 861/861 58/58
f 1330/1330 1331/1331 1332/1332
f 816/816 58/58 736/736
f 58/58 861/861 736/736
f 1289/1289 1295/1295 861/861
f 1332/1332 1333/1333 1334/1334
f 1332/1332 1335/1335 1333/1333
f 1335/1335 1332/1332 1331/1331
f 1193/1193 920/920 1322/1322
f 1336/1336 1337/1337 1327/1327
f 1337/1337 1338/1338 1339/1339
f 1322/1322 509/509 525/525
f 553/553 524/524 1326/1326
f 557/557 1322/1322 525/525
f 1340/1340 1341/1341 1342/1342
f 1340/1340 1343/1343 1344/1344
f 1340/1340 1342/1342 1343/1343
f 1345/1345 1337/1337 1336/1336
f 1345/1345 1346/1346 1337/1337
f 1246/1246 553/553 1326/1326
f 1328/1328 1337/1337 1339/1339
f 1193/1193 1322/1322 557/557
f 1246/1246 1326/1326 1198/1198
f 1326/1326 1329/1329 1198/1198
f 1347/1347 1324/1324 1323/1323
f 1348/1348 1349/1349 1350/1350
f 1197/1197 1246/1246 1198/1198
f 1193/1193 921/921 920/920
f 1323/1323 1328/1328 1339/1339
f 849/849 927/927 1329/1329
f 1351/1351 1349/1349 1352/1352
f 1349/1349 1348/1348 1352/1352
f 1198/1198 927/927 926/926
f 1353/1353 1339/1339 1354/1354
f 1198/1198 1208/1208 1199/1199
f 1198/1198 1329/1329 927/927
f 1208/1208 1198/1198 926/926
f 1341/1341 1352/1352 1348/1348
f 1341/1341 1348/1348 1355/1355
f 1208/1208 926/926 1356/1356
f 1204/1204 929/929 921/921
f 1129/1129 926/926 925/925
f 1357/1357 1342/1342 1355/1355
f 1356/1356 926/926 1129/1129
f 1342/1342 1341/1341 1355/1355
f 1358/1358 1339/1339 1353/1353
f 1339/1339 1358/1358 1323/1323
f 1348/1348 1359/1359 1355/1355
f 1129/1129 1208/1208 1356/1356
f 1360/1360 1355/1355 1359/1359
f 1355/1355 1360/1360 1357/1357
f 556/556 553/553 1246/1246
f 556/556 1246/1246 1244/1244
f 383/383 556/556 1244/1244
f 1337/1337 1328/1328 1327/1327
f 1361/1361 1105/1105 1204/1204
f 1361/1361 1204/1204 1221/1221
f 1351/1351 1352/1352 1362/1362
f 1226/1226 1129/1129 1363/1363
f 1105/1105 1361/1361 1364/1364
f 1334/1334 1362/1362 1340/1340
f 1364/1364 1171/1171 1105/1105
f 1334/1334 1351/1351 1362/1362
f 1365/1365 1147/1147 1366/1366
f 1333/1333 1349/1349 1351/1351
f 1367/1367 1368/1368 1364/1364
f 1351/1351 1334/1334 1333/1333
f 1362/1362 1352/1352 1341/1341
f 1340/1340 1362/1362 1341/1341
f 1221/1221 1367/1367 1361/1361
f 1327/1327 1369/1369 1370/1370
f 1363/1363 1371/1371 1226/1226
f 1365/1365 1371/1371 1363/1363
f 1369/1369 1372/1372 1370/1370
f 1233/1233 1226/1226 1373/1373
f 89/89 1374/1374 1375/1375
f 1374/1374 89/89 1372/1372
f 1371/1371 1373/1373 1226/1226
f 1369/1369 1374/1374 1372/1372
f 1367/1367 1364/1364 1361/1361
f 1375/1375 1374/1374 1376/1376
f 1377/1377 1378/1378 1379/1379
f 1380/1380 1381/1381 1366/1366
f 1371/1371 1365/1365 1366/1366
f 1379/1379 1378/1378 1382/1382
f 1371/1371 1366/1366 1381/1381
f 1383/1383 1384/1384 1385/1385
f 1386/1386 1178/1178 1171/1171
f 1368/1368 1171/1171 1364/1364
f 323/323 1369/1369 312/312
f 1368/1368 1386/1386 1171/1171
f 1387/1387 1366/1366 1147/1147
f 1147/1147 1146/1146 1387/1387
f 1388/1388 1366/1366 1387/1387
f 323/323 312/312 314/314
f 1387/1387 1146/1146 1179/1179
f 1178/1178 1386/1386 1389/1389
f 1385/1385 1330/1330 1383/1383
f 312/312 1369/1369 1327/1327
f 1390/1390 1389/1389 1386/1386
f 1391/1391 1392/1392 1387/1387
f 1393/1393 1387/1387 1392/1392
f 1334/1334 1378/1378 1383/1383
f 1394/1394 1368/1368 1367/1367
f 1395/1395 1386/1386 1368/1368
f 1368/1368 1394/1394 1395/1395
f 1380/1380 1366/1366 1388/1388
f 1380/1380 1388/1388 1396/1396
f 1384/1384 1383/1383 1378/1378
f 1387/1387 1396/1396 1388/1388
f 1332/1332 1334/1334 1383/1383
f 1330/1330 1332/1332 1383/1383
f 1376/1376 1369/1369 323/323
f 1397/1397 1396/1396 1387/1387
f 330/330 1330/1330 1385/1385
f 1397/1397 1387/1387 1393/1393
f 1398/1398 1390/1390 1386/1386
f 321/321 323/323 322/322
f 1392/1392 1397/1397 1393/1393
f 323/323 321/321 1376/1376
f 1396/1396 1397/1397 1399/1399
f 1386/1386 1395/1395 1398/1398
f 1385/1385 1384/1384 1377/1377
f 1377/1377 330/330 1385/1385
f 1229/1229 1309/1309 1221/1221
f 1309/1309 1367/1367 1221/1221
f 327/327 1330/1330 330/330
f 1371/1371 1400/1400 1373/1373
f 1373/1373 1400/1400 1401/1401
f 1376/1376 1374/1374 1369/1369
f 1378/1378 1377/1377 1384/1384
f 1313/1313 1233/1233 1373/1373
f 1381/1381 1402/1402 1400/1400
f 1372/1372 1336/1336 1370/1370
f 1370/1370 1336/1336 1327/1327
f 1394/1394 1367/1367 1309/1309
f 1403/1403 1404/1404 1340/1340
f 1378/1378 1404/1404 1382/1382
f 1381/1381 1400/1400 1371/1371
f 1317/1317 1313/1313 1373/1373
f 1344/1344 1405/1405 1403/1403
f 1382/1382 1404/1404 1403/1403
f 1403/1403 1340/1340 1344/1344
f 1401/1401 1317/1317 1373/1373
f 1320/1320 1309/1309 1308/1308
f 1267/1267 1345/1345 1336/1336
f 1372/1372 1267/1267 1336/1336
f 1405/1405 1344/1344 1406/1406
f 1406/1406 1344/1344 1343/1343
f 1317/1317 1401/1401 1407/1407
f 1406/1406 1343/1343 1408/1408
f 1406/1406 1408/1408 1266/1266
f 1394/1394 1309/1309 1409/1409
f 1402/1402 1401/1401 1400/1400
f 1320/1320 1409/1409 1309/1309
f 1410/1410 1409/1409 1320/1320
f 1402/1402 1411/1411 1401/1401
f 1407/1407 1401/1401 1411/1411
f 85/85 1267/1267 1372/1372
f 1372/1372 89/89 85/85
f 1399/1399 1380/1380 1396/1396
f 1412/1412 1380/1380 1399/1399
f 1265/1265 97/97 1406/1406
f 1394/1394 1413/1413 1395/1395
f 1380/1380 1412/1412 1402/1402
f 1402/1402 1381/1381 1380/1380
f 1403/1403 1379/1379 1382/1382
f 1379/1379 1403/1403 1405/1405
f 1414/1414 1379/1379 1405/1405
f 1413/1413 1415/1415 1395/1395
f 1412/1412 1399/1399 1416/1416
f 1416/1416 1399/1399 1417/1417
f 1262/1262 1267/1267 109/109
f 1406/1406 1266/1266 1265/1265
f 1417/1417 1399/1399 1397/1397
f 1417/1417 1397/1397 1418/1418
f 1404/1404 1334/1334 1340/1340
f 1419/1419 1413/1413 1394/1394
f 1409/1409 1419/1419 1394/1394
f 1420/1420 1402/1402 1412/1412
f 1411/1411 1402/1402 1420/1420
f 1404/1404 1378/1378 1334/1334
f 1419/1419 1409/1409 1421/1421
f 341/341 1422/1422 353/353
f 340/340 341/341 353/353
f 341/341 340/340 336/336
f 1416/1416 1420/1420 1412/1412
f 1419/1419 1423/1423 1413/1413
f 1424/1424 1416/1416 1417/1417
f 1421/1421 1423/1423 1419/1419
f 1424/1424 1420/1420 1416/1416
f 1422/1422 1425/1425 1324/1324
f 1426/1426 1427/1427 1428/1428
f 1105/1105 929/929 1204/1204
f 1129/1129 1128/1128 1363/1363
f 1142/1142 1363/1363 1128/1128
f 1425/1425 1325/1325 1324/1324
f 1147/1147 1363/1363 1142/1142
f 1147/1147 1365/1365 1363/1363
f 1335/1335 1427/1427 1426/1426
f 1422/1422 341/341 1425/1425
f 1429/1429 1430/1430 1427/1427
f 1430/1430 1429/1429 1431/1431
f 1179/1179 1391/1391 1387/1387
f 1430/1430 1432/1432 1428/1428
f 1427/1427 1430/1430 1428/1428
f 130/130 152/152 410/410
f 1427/1427 1331/1331 1429/1429
f 130/130 128/128 152/152
f 410/410 152/152 501/501
f 1433/1433 1429/1429 1331/1331
f 152/152 149/149 204/204
f 313/313 1325/1325 1425/1425
f 260/260 496/496 501/501
f 204/204 501/501 152/152
f 313/313 1425/1425 341/341
f 154/154 176/176 507/507
f 204/204 260/260 501/501
f 1429/1429 404/404 1434/1434
f 1435/1435 249/249 154/154
f 1435/1435 154/154 507/507
f 485/485 404/404 1429/1429
f 485/485 1429/1429 1433/1433
f 485/485 1433/1433 475/475
f 1335/1335 1331/1331 1427/1427
f 1435/1435 507/507 249/249
f 249/249 507/507 263/263
f 1323/1323 1358/1358 1347/1347
f 349/349 348/348 1436/1436
f 1358/1358 273/273 1437/1437
f 272/272 273/273 1358/1358
f 272/272 1358/1358 1353/1353
f 1436/1436 1438/1438 1431/1431
f 1358/1358 1437/1437 1347/1347
f 1429/1429 1434/1434 1431/1431
f 349/349 1431/1431 1434/1434
f 1431/1431 349/349 1436/1436
f 1359/1359 1439/1439 1440/1440
f 1436/1436 348/348 356/356
f 1360/1360 1359/1359 1440/1440
f 1434/1434 404/404 349/349
f 1441/1441 779/779 778/778
f 1426/1426 1428/1428 1350/1350
f 1349/1349 1426/1426 1350/1350
f 1333/1333 1335/1335 1426/1426
f 1349/1349 1333/1333 1426/1426
f 1442/1442 785/785 782/782
f 1359/1359 1348/1348 1350/1350
f 1433/1433 473/473 475/475
f 473/473 1433/1433 1443/1443
f 1330/1330 1433/1433 1331/1331
f 1330/1330 1443/1443 1433/1433
f 327/327 473/473 1443/1443
f 327/327 1443/1443 1330/1330
f 76/76 125/125 1441/1441
f 1444/1444 1445/1445 1338/1338
f 125/125 779/779 1441/1441
f 1446/1446 1447/1447 1448/1448
f 1449/1449 137/137 188/188
f 779/779 125/125 131/131
f 137/137 1449/1449 782/782
f 1450/1450 1442/1442 1449/1449
f 782/782 1449/1449 1442/1442
f 1451/1451 1452/1452 1453/1453
f 1444/1444 1454/1454 1445/1445
f 1450/1450 1449/1449 188/188
f 1455/1455 1422/1422 1456/1456
f 47/47 1457/1457 1458/1458
f 1458/1458 1459/1459 47/47
f 1458/1458 1452/1452 1448/1448
f 1447/1447 1458/1458 1448/1448
f 1458/1458 1447/1447 1460/1460
f 15/15 2/2 810/810
f 1452/1452 1458/1458 1457/1457
f 1452/1452 1457/1457 1453/1453
f 1343/1343 1461/1461 1408/1408
f 1345/1345 1462/1462 1346/1346
f 1463/1463 1455/1455 810/810
f 1464/1464 1461/1461 1446/1446
f 817/817 830/830 1465/1465
f 1338/1338 1337/1337 1346/1346
f 1343/1343 1342/1342 1446/1446
f 1342/1342 1447/1447 1446/1446
f 1346/1346 1444/1444 1338/1338
f 1463/1463 353/353 1422/1422
f 1461/1461 1343/1343 1446/1446
f 1462/1462 1444/1444 1346/1346
f 1464/1464 1448/1448 1452/1452
f 1446/1446 1448/1448 1464/1464
f 1275/1275 1444/1444 1462/1462
f 810/810 2/2 1463/1463
f 838/838 35/35 817/817
f 1462/1462 1280/1280 1275/1275
f 353/353 1463/1463 2/2
f 1452/1452 1287/1287 1464/1464
f 1287/1287 1452/1452 1451/1451
f 1287/1287 1461/1461 1464/1464
f 1280/1280 1462/1462 1286/1286
f 39/39 838/838 1436/1436
f 356/356 39/39 1436/1436
f 1436/1436 838/838 1438/1438
f 1422/1422 1455/1455 1463/1463
f 1438/1438 838/838 1466/1466
f 1339/1339 1338/1338 1354/1354
f 1432/1432 1467/1467 1468/1468
f 1338/1338 1445/1445 1354/1354
f 1460/1460 1342/1342 1459/1459
f 1342/1342 1357/1357 1459/1459
f 1431/1431 1432/1432 1430/1430
f 1431/1431 1438/1438 1466/1466
f 1460/1460 1447/1447 1342/1342
f 1431/1431 1467/1467 1432/1432
f 1466/1466 1467/1467 1431/1431
f 1460/1460 1459/1459 1458/1458
f 1465/1465 838/838 817/817
f 1466/1466 838/838 1465/1465
f 1469/1469 1275/1275 1470/1470
f 1471/1471 1453/1453 1472/1472
f 1274/1274 1470/1470 1275/1275
f 1473/1473 1456/1456 1474/1474
f 266/266 1474/1474 1347/1347
f 267/267 266/266 273/273
f 697/697 1274/1274 1275/1275
f 266/266 76/76 1474/1474
f 1471/1471 1294/1294 1291/1291
f 1451/1451 1453/1453 1471/1471
f 1471/1471 1472/1472 1294/1294
f 1275/1275 55/55 1444/1444
f 1453/1453 1475/1475 1472/1472
f 1457/1457 1475/1475 1453/1453
f 1473/1473 1474/1474 76/76
f 1475/1475 1457/1457 47/47
f 1470/1470 1274/1274 1021/1021
f 279/279 1476/1476 74/74
f 1469/1469 1470/1470 1021/1021
f 1274/1274 694/694 1021/1021
f 1477/1477 1472/1472 1031/1031
f 1031/1031 1020/1020 1477/1477
f 1296/1296 1472/1472 1477/1477
f 1296/1296 1477/1477 698/698
f 1472/1472 1296/1296 1294/1294
f 1347/1347 1474/1474 1456/1456
f 1456/1456 1422/1422 1324/1324
f 1324/1324 1347/1347 1456/1456
f 1471/1471 1291/1291 1451/1451
f 1276/1276 1275/1275 1280/1280
f 1288/1288 1287/1287 1451/1451
f 1291/1291 1288/1288 1451/1451
f 1456/1456 1473/1473 1455/1455
f 1345/1345 1267/1267 1262/1262
f 1266/1266 1461/1461 1304/1304
f 1350/1350 1468/1468 1476/1476
f 1476/1476 1468/1468 1478/1478
f 1286/1286 1462/1462 1262/1262
f 1262/1262 1462/1462 1345/1345
f 1350/1350 1432/1432 1468/1468
f 1428/1428 1432/1432 1350/1350
f 1266/1266 1408/1408 1461/1461
f 1437/1437 273/273 1347/1347
f 1439/1439 1350/1350 279/279
f 1304/1304 1461/1461 1287/1287
f 273/273 266/266 1347/1347
f 1305/1305 1304/1304 1287/1287
f 268/268 1440/1440 1439/1439
f 1439/1439 279/279 268/268
f 1375/1375 1376/1376 1479/1479
f 1479/1479 1376/1376 587/587
f 1350/1350 1439/1439 1359/1359
f 1350/1350 1476/1476 279/279
f 1455/1455 76/76 1441/1441
f 1455/1455 1473/1473 76/76
f 1479/1479 89/89 1375/1375
f 1466/1466 1480/1480 1467/1467
f 1467/1467 1450/1450 1478/1478
f 1480/1480 1450/1450 1467/1467
f 1479/1479 587/587 71/71
f 71/71 87/87 1479/1479
f 1414/1414 1481/1481 1379/1379
f 810/810 1455/1455 778/778
f 1455/1455 1441/1441 778/778
f 1465/1465 785/785 1442/1442
f 1480/1480 1465/1465 1442/1442
f 785/785 1465/1465 830/830
f 1482/1482 1377/1377 1379/1379
f 1480/1480 1442/1442 1450/1450
f 1465/1465 1480/1480 1466/1466
f 1482/1482 1379/1379 1483/1483
f 1481/1481 1483/1483 1379/1379
f 1450/1450 74/74 1478/1478
f 74/74 1476/1476 1478/1478
f 587/587 572/572 71/71
f 1450/1450 188/188 74/74
f 571/571 572/572 587/587
f 1478/1478 1468/1468 1467/1467
f 633/633 1482/1482 1483/1483
f 1484/1484 203/203 201/201
f 1485/1485 201/201 82/82
f 239/239 5/5 103/103
f 1486/1486 633/633 1483/1483
f 1485/1485 1484/1484 201/201
f 29/29 1484/1484 1485/1485
f 8/8 239/239 43/43
f 1486/1486 1483/1483 1481/1481
f 5/5 239/239 8/8
f 25/25 1484/1484 29/29
f 1484/1484 25/25 24/24
f 1481/1481 1414/1414 167/167
f 43/43 239/239 242/242
f 965/965 203/203 1484/1484
f 965/965 1484/1484 24/24
f 1487/1487 167/167 166/166
f 1487/1487 1481/1481 167/167
f 587/587 1376/1376 321/321
f 588/588 1377/1377 1488/1488
f 242/242 18/18 43/43
f 18/18 958/958 19/19
f 588/588 330/330 1377/1377
f 1482/1482 1488/1488 1377/1377
f 55/55 56/56 1454/1454
f 633/633 1488/1488 1482/1482
f 588/588 1488/1488 633/633
f 595/595 588/588 633/633
f 267/267 272/272 1489/1489
f 1406/1406 97/97 1405/1405
f 1490/1490 1489/1489 1354/1354
f 97/97 1414/1414 1405/1405
f 110/110 97/97 1265/1265
f 1489/1489 82/82 267/267
f 87/87 89/89 1479/1479
f 1490/1490 1485/1485 1489/1489
f 1489/1489 1485/1485 82/82
f 97/97 167/167 1414/1414
f 167/167 97/97 96/96
f 573/573 71/71 572/572
f 4/4 284/284 5/5
f 574/574 69/69 72/72
f 1491/1491 1481/1481 1487/1487
f 1491/1491 1486/1486 1481/1481
f 678/678 1486/1486 1491/1491
f 1354/1354 272/272 1353/1353
f 678/678 1491/1491 222/222
f 664/664 633/633 1486/1486
f 285/285 1360/1360 1440/1440
f 1360/1360 285/285 1357/1357
f 1440/1440 268/268 285/285
f 678/678 664/664 1486/1486
f 272/272 1354/1354 1489/1489
f 1357/1357 285/285 1459/1459
f 222/222 1491/1491 1487/1487
f 222/222 1487/1487 166/166
f 574/574 228/228 69/69
f 56/56 1490/1490 1354/1354
f 679/679 222/222 1492/1492
f 679/679 678/678 222/222
f 48/48 1493/1493 4/4
f 1459/1459 1493/1493 48/48
f 698/698 1477/1477 1020/1020
f 1020/1020 699/699 698/698
f 1445/1445 1454/1454 1354/1354
f 1454/1454 56/56 1354/1354
f 48/48 47/47 1459/1459
f 699/699 709/709 700/700
f 1493/1493 1459/1459 285/285
f 4/4 1493/1493 284/284
f 285/285 284/284 1493/1493
f 1228/1228 1227/1227 1247/1247
f 1067/1067 983/983 1228/1228
f 34/34 19/19 998/998
f 998/998 997/997 34/34
f 1228/1228 1247/1247 1067/1067
f 47/47 17/17 1494/1494
f 1454/1454 1444/1444 55/55
f 1247/1247 1283/1283 1067/1067
f 1084/1084 1004/1004 1067/1067
f 1084/1084 1067/1067 1085/1085
f 55/55 1275/1275 1469/1469
f 47/47 1494/1494 1475/1475
f 1472/1472 1475/1475 1494/1494
f 1283/1283 1247/1247 1248/1248
f 1021/1021 990/990 1469/1469
f 1495/1495 1283/1283 1284/1284
f 1068/1068 1064/1064 1082/1082
f 1068/1068 1082/1082 1285/1285
f 55/55 1469/1469 30/30
f 34/34 1494/1494 17/17
f 990/990 30/30 1469/1469
f 1067/1067 1283/1283 1496/1496
f 1496/1496 1085/1085 1067/1067
f 34/34 997/997 1494/1494
f 1472/1472 1494/1494 997/997
f 997/997 1031/1031 1472/1472
f 1490/1490 29/29 1485/1485
f 1495/1495 1497/1497 1283/1283
f 1498/1498 1285/1285 1082/1082
f 1498/1498 1306/1306 1285/1285
f 30/30 1490/1490 56/56
f 1497/1497 1496/1496 1283/1283
f 47/47 7/7 17/17
f 29/29 1490/1490 30/30
f 1497/1497 1499/1499 1496/1496
f 7/7 8/8 17/17
f 1500/1500 1081/1081 1085/1085
f 8/8 6/6 5/5
f 1284/1284 1501/1501 1495/1495
f 1501/1501 1284/1284 1307/1307
f 1495/1495 1501/1501 1497/1497
f 17/17 8/8 43/43
f 1499/1499 1497/1497 1501/1501
f 1501/1501 1307/1307 1312/1312
f 1502/1502 1503/1503 1504/1504
f 1504/1504 1505/1505 1502/1502
f 1506/1506 1507/1507 1509/1509
f 1506/1506 1215/1215 1507/1507
f 1232/1232 1215/1215 1506/1506
f 1510/1510 1216/1216 1215/1215
f 1511/1511 1510/1510 1215/1215
f 1237/1237 1510/1510 1511/1511
f 1510/1510 1505/1505 1216/1216
f 246/246 252/252 265/265
f 265/265 160/160 163/163
f 246/246 265/265 163/163
f 1237/1237 1242/1242 1510/1510
f 1242/1242 1237/1237 1241/1241
f 1215/1215 1237/1237 1511/1511
f 1215/1215 1232/1232 1237/1237
f 311/311 282/282 1512/1512
f 1513/1513 1515/1515 1152/1152
f 1215/1215 1514/1514 1507/1507
f 288/288 287/287 304/304
f 1215/1215 1217/1217 1514/1514
f 286/286 299/299 291/291
f 311/311 304/304 282/282
f 964/964 1516/1516 963/963
f 1516/1516 969/969 963/963
f 304/304 311/311 310/310
f 1516/1516 964/964 758/758
f 461/461 964/964 1250/1250
f 758/758 964/964 461/461
f 969/969 1005/1005 970/970
f 969/969 1516/1516 1517/1517
f 969/969 1517/1517 1110/1110
f 1518/1518 1516/1516 758/758
f 523/523 1518/1518 758/758
f 1518/1518 1099/1099 1516/1516
f 1100/1100 1518/1518 523/523
f 502/502 495/495 476/476
f 532/532 531/531 536/536
f 617/617 654/654 641/641
f 676/676 654/654 668/668
f 676/676 662/662 654/654
f 461/461 1250/1250 460/460
f 757/757 448/448 733/733
f 757/757 461/461 448/448
f 461/461 757/757 756/756
f 756/756 758/758 461/461
f 326/326 712/712 502/502
f 711/711 497/497 712/712
f 641/641 724/724 636/636
f 789/789 724/724 641/641
f 724/724 783/783 732/732
f 783/783 789/789 533/533
f 660/660 533/533 789/789
f 549/549 756/756 537/537
f 523/523 549/549 521/521
f 549/549 523/523 756/756
f 807/807 806/806 1005/1005
f 820/820 823/823 833/833
f 842/842 840/840 1519/1519
f 840/840 870/870 1519/1519
f 868/868 870/870 869/869
f 1519/1519 851/851 842/842
f 1519/1519 870/870 867/867
f 864/864 841/841 821/821
f 864/864 821/821 836/836
f 867/867 840/840 863/863
f 1520/1520 867/867 863/863
f 872/872 1519/1519 867/867
f 870/870 840/840 1521/1521
f 840/840 869/869 1521/1521
f 869/869 870/870 1521/1521
f 871/871 867/867 1520/1520
f 913/913 906/906 1014/1014
f 460/460 963/963 949/949
f 1058/1058 1522/1522 1061/1061
f 842/842 1522/1522 1058/1058
f 1522/1522 842/842 850/850
f 1110/1110 1005/1005 969/969
f 1110/1110 1517/1517 1516/1516
f 1110/1110 1516/1516 1108/1108
f 1099/1099 1518/1518 1100/1100
f 523/523 522/522 1100/1100
f 1108/1108 1145/1145 1109/1109
f 1516/1516 1099/1099 1108/1108
f 1108/1108 1099/1099 1098/1098
f 1108/1108 1098/1098 1145/1145
f 1005/1005 1109/1109 1114/1114
f 1005/1005 1110/1110 1109/1109
f 1122/1122 1118/1118 1153/1153
f 1117/1117 1122/1122 1152/1152
f 1153/1153 1109/1109 1145/1145
f 1153/1153 1114/1114 1109/1109
f 1118/1118 1114/1114 1153/1153
f 1157/1157 1509/1509 1507/1507
f 1098/1098 1143/1143 1145/1145
f 1098/1098 1100/1100 544/544
f 1143/1143 1098/1098 544/544
f 562/562 1143/1143 545/545
f 1143/1143 562/562 1523/1523
f 1143/1143 544/544 545/545
f 1144/1144 1152/1152 1153/1153
f 1513/1513 1152/1152 1508/1508
f 1143/1143 1158/1158 1144/1144
f 1524/1524 1158/1158 1143/1143
f 1152/1152 1158/1158 1508/1508
f 1527/1527 836/836 837/837
f 1528/1528 837/837 1174/1174
f 837/837 1528/1528 1531/1531
f 820/820 807/807 837/837
f 1515/1515 1174/1174 1117/1117
f 1152/1152 1515/1515 1117/1117
f 1513/1513 1533/1533 1515/1515
f 1532/1532 1534/1534 1529/1529
f 1533/1533 1528/1528 1174/1174
f 1515/1515 1533/1533 1174/1174
f 1532/1532 1514/1514 1217/1217
f 1527/1527 837/837 1531/1531
f 1530/1530 1535/1535 1526/1526
f 1503/1503 1520/1520 1535/1535
f 1503/1503 871/871 1520/1520
f 1526/1526 863/863 1185/1185
f 862/862 866/866 1187/1187
f 865/865 1184/1184 1186/1186
f 1190/1190 1188/1188 1185/1185
f 1188/1188 1526/1526 1185/1185
f 1527/1527 1189/1189 836/836
f 863/863 1526/1526 1535/1535
f 1535/1535 1520/1520 863/863
f 1504/1504 1534/1534 1505/1505
f 1530/1530 1529/1529 1534/1534
f 1532/1532 1217/1217 1534/1534
f 1216/1216 1534/1534 1217/1217
f 1216/1216 1505/1505 1534/1534
f 1298/1298 1319/1319 1299/1299
f 1530/1530 1504/1504 1535/1535
f 1535/1535 1504/1504 1503/1503
f 1534/1534 1504/1504 1530/1530
f 164/164 158/158 1536/1536
f 908/908 1536/1536 158/158
f 1537/1537 1538/1538 1539/1539
f 1540/1540 1541/1541 1542/1542
f 1539/1539 1543/1543 1537/1537
f 1544/1544 1545/1545 1546/1546
f 1547/1547 1542/1542 1548/1548
f 1542/1542 1547/1547 1540/1540
f 1546/1546 1545/1545 1549/1549
f 1550/1550 1551/1551 1552/1552
f 1553/1553 1536/1536 1554/1554
f 1540/1540 1547/1547 1555/1555
f 1543/1543 1556/1556 1537/1537
f 1550/1550 1557/1557 1551/1551
f 1551/1551 1558/1558 1552/1552
f 1557/1557 1558/1558 1551/1551
f 1547/1547 1559/1559 1555/1555
f 1560/1560 1561/1561 1562/1562
f 1553/1553 1554/1554 1563/1563
f 1545/1545 1564/1564 1549/1549
f 1565/1565 794/794 1566/1566
f 1567/1567 1568/1568 1569/1569
f 819/819 792/792 794/794
f 1549/1549 1564/1564 1570/1570
f 1571/1571 1553/1553 1563/1563
f 1571/1571 1572/1572 1553/1553
f 1543/1543 1573/1573 1556/1556
f 1568/1568 1574/1574 1569/1569
f 1574/1574 1568/1568 1575/1575
f 1576/1576 1577/1577 1578/1578
f 1577/1577 1579/1579 1578/1578
f 1576/1576 1580/1580 1577/1577
f 1581/1581 184/184 1582/1582
f 1583/1583 1557/1557 1584/1584
f 1585/1585 1586/1586 1588/1588
f 1557/1557 1589/1589 1584/1584
f 1590/1590 1579/1579 1577/1577
f 1581/1581 187/187 184/184
f 280/280 1591/1591 1592/1592
f 1593/1593 1573/1573 1543/1543
f 1594/1594 1595/1595 1578/1578
f 1596/1596 1597/1597 1568/1568
f 1579/1579 1594/1594 1578/1578
f 1598/1598 1581/1581 1599/1599
f 1549/1549 1570/1570 1600/1600
f 1581/1581 1582/1582 1599/1599
f 684/684 568/568 1601/1601
f 568/568 620/620 1602/1602
f 1587/1587 1603/1603 1605/1605
f 568/568 1602/1602 1601/1601
f 1594/1594 1579/1579 1606/1606
f 1607/1607 1608/1608 1609/1609
f 1597/1597 1596/1596 1610/1610
f 1611/1611 1549/1549 1600/1600
f 1612/1612 1549/1549 1611/1611
f 1613/1613 1601/1601 1602/1602
f 1590/1590 1606/1606 1579/1579
f 1614/1614 1615/1615 1616/1616
f 164/164 1617/1617 185/185
f 1618/1618 1605/1605 1603/1603
f 1619/1619 1620/1620 1613/1613
f 1605/1605 1618/1618 1621/1621
f 1605/1605 1621/1621 1622/1622
f 1623/1623 1624/1624 1620/1620
f 1624/1624 1623/1623 1625/1625
f 1626/1626 1615/1615 1614/1614
f 605/605 1627/1627 606/606
f 1628/1628 1546/1546 1549/1549
f 1629/1629 1546/1546 1628/1628
f 1604/1604 1588/1588 1586/1586
f 1630/1630 1582/1582 1617/1617
f 1631/1631 1629/1629 1628/1628
f 1632/1632 1627/1627 1633/1633
f 1633/1633 1627/1627 605/605
f 1633/1633 605/605 1634/1634
f 1606/1606 1590/1590 1635/1635
f 1634/1634 1632/1632 1633/1633
f 1636/1636 1588/1588 1604/1604
f 164/164 1536/1536 1617/1617
f 1634/1634 1637/1637 1632/1632
f 1639/1639 253/253 1640/1640
f 264/264 252/252 254/254
f 1596/1596 1641/1641 1610/1610
f 620/620 1627/1627 1602/1602
f 1635/1635 1642/1642 1606/1606
f 1612/1612 1628/1628 1549/1549
f 1560/1560 1562/1562 1639/1639
f 1560/1560 1639/1639 1640/1640
f 630/630 623/623 626/626
f 1640/1640 253/253 1643/1643
f 1644/1644 1640/1640 1643/1643
f 1605/1605 1622/1622 1645/1645
f 251/251 1592/1592 253/253
f 1617/1617 184/184 185/185
f 1617/1617 1582/1582 184/184
f 1645/1645 1622/1622 1646/1646
f 251/251 280/280 1592/1592
f 1647/1647 1648/1648 1649/1649
f 1649/1649 1642/1642 1647/1647
f 1592/1592 1643/1643 253/253
f 1647/1647 1650/1650 1651/1651
f 1647/1647 1651/1651 1648/1648
f 1602/1602 1652/1652 1653/1653
f 1653/1653 1632/1632 1654/1654
f 1642/1642 1635/1635 1647/1647
f 1653/1653 1652/1652 1632/1632
f 1591/1591 1643/1643 1592/1592
f 1647/1647 1635/1635 1650/1650
f 1591/1591 1609/1609 1643/1643
f 1590/1590 1650/1650 1635/1635
f 1590/1590 1655/1655 1650/1650
f 1656/1656 1657/1657 1658/1658
f 1604/1604 1660/1660 1661/1661
f 1536/1536 1630/1630 1617/1617
f 1659/1659 1605/1605 1645/1645
f 1659/1659 1645/1645 1646/1646
f 1602/1602 1653/1653 1613/1613
f 1662/1662 1663/1663 1656/1656
f 1664/1664 1665/1665 1666/1666
f 1667/1667 1626/1626 1662/1662
f 1644/1644 1608/1608 1668/1668
f 629/629 625/625 1665/1665
f 1659/1659 1646/1646 1669/1669
f 1665/1665 625/625 1666/1666
f 1671/1671 1629/1629 1631/1631
f 1619/1619 1653/1653 1654/1654
f 1572/1572 1672/1672 1630/1630
f 1673/1673 1671/1671 1631/1631
f 1674/1674 1626/1626 1667/1667
f 1675/1675 1646/1646 1622/1622
f 1553/1553 1630/1630 1536/1536
f 606/606 1627/1627 620/620
f 1669/1669 1646/1646 1675/1675
f 630/630 1676/1676 628/628
f 1668/1668 1678/1678 1560/1560
f 1651/1651 1650/1650 1679/1679
f 1680/1680 1681/1681 1682/1682
f 1678/1678 1561/1561 1560/1560
f 1640/1640 1644/1644 1560/1560
f 1668/1668 1560/1560 1644/1644
f 1681/1681 1683/1683 1684/1684
f 618/618 628/628 1676/1676
f 1630/1630 1553/1553 1572/1572
f 1685/1685 1686/1686 1687/1687
f 618/618 1676/1676 1688/1688
f 1602/1602 1627/1627 1652/1652
f 1690/1690 1691/1691 1678/1678
f 1678/1678 1668/1668 1690/1690
f 1636/1636 1692/1692 1693/1693
f 1636/1636 1694/1694 1692/1692
f 1695/1695 1696/1696 1693/1693
f 1652/1652 1627/1627 1632/1632
f 1681/1681 1684/1684 1674/1674
f 1677/1677 629/629 1665/1665
f 1693/1693 1692/1692 1695/1695
f 1687/1687 1686/1686 1697/1697
f 1698/1698 1677/1677 1665/1665
f 1697/1697 1686/1686 1699/1699
f 1590/1590 1577/1577 1580/1580
f 1654/1654 1632/1632 1637/1637
f 1630/1630 1599/1599 1582/1582
f 1700/1700 1590/1590 1580/1580
f 1677/1677 1698/1698 1689/1689
f 1599/1599 1630/1630 1672/1672
f 1608/1608 1644/1644 1643/1643
f 1689/1689 1698/1698 1702/1702
f 1703/1703 1704/1704 1580/1580
f 1698/1698 1665/1665 1705/1705
f 1703/1703 1706/1706 1704/1704
f 1672/1672 1707/1707 1599/1599
f 1708/1708 1704/1704 1706/1706
f 1709/1709 1637/1637 1710/1710
f 1711/1711 1575/1575 1568/1568
f 1692/1692 1712/1712 1695/1695
f 1597/1597 1711/1711 1568/1568
f 1713/1713 1668/1668 1714/1714
f 1619/1619 1613/1613 1653/1653
f 1559/1559 1695/1695 1712/1712
f 1620/1620 1619/1619 1623/1623
f 1714/1714 1608/1608 1715/1715
f 1716/1716 1559/1559 1712/1712
f 1715/1715 1608/1608 1717/1717
f 1580/1580 1704/1704 1700/1700
f 1700/1700 1704/1704 1718/1718
f 1704/1704 1708/1708 1718/1718
f 1719/1719 1720/1720 1571/1571
f 1721/1721 1711/1711 1722/1722
f 1654/1654 1623/1623 1619/1619
f 1723/1723 1707/1707 1724/1724
f 1712/1712 1692/1692 1694/1694
f 1665/1665 1664/1664 1705/1705
f 1654/1654 1725/1725 1623/1623
f 1725/1725 1726/1726 1623/1623
f 1727/1727 1712/1712 1694/1694
f 1694/1694 1728/1728 1727/1727
f 1572/1572 1729/1729 1672/1672
f 1729/1729 1572/1572 1730/1730
f 1588/1588 1636/1636 1693/1693
f 1624/1624 1625/1625 1726/1726
f 1720/1720 1730/1730 1572/1572
f 1623/1623 1726/1726 1625/1625
f 1636/1636 1604/1604 1661/1661
f 1636/1636 1661/1661 1694/1694
f 1571/1571 1720/1720 1572/1572
f 1690/1690 1731/1731 1732/1732
f 1733/1733 1624/1624 1726/1726
f 1726/1726 1734/1734 1733/1733
f 1735/1735 1722/1722 1597/1597
f 1735/1735 1736/1736 1722/1722
f 1725/1725 1737/1737 1726/1726
f 1732/1732 1731/1731 1738/1738
f 1736/1736 1739/1739 1722/1722
f 1705/1705 1740/1740 1741/1741
f 1713/1713 1690/1690 1668/1668
f 1713/1713 1731/1731 1690/1690
f 1742/1742 1700/1700 1718/1718
f 1600/1600 1743/1743 1744/1744
f 1694/1694 1661/1661 1745/1745
f 1737/1737 1734/1734 1726/1726
f 1742/1742 1655/1655 1700/1700
f 1737/1737 1746/1746 1734/1734
f 1742/1742 1747/1747 1655/1655
f 1728/1728 1694/1694 1745/1745
f 1748/1748 1735/1735 1597/1597
f 1749/1749 1747/1747 1742/1742
f 1750/1750 1747/1747 1749/1749
f 1590/1590 1700/1700 1655/1655
f 1610/1610 1748/1748 1597/1597
f 1637/1637 1709/1709 1725/1725
f 1637/1637 1725/1725 1654/1654
f 1660/1660 1670/1670 1661/1661
f 1709/1709 1737/1737 1725/1725
f 1730/1730 1751/1751 1729/1729
f 1731/1731 1752/1752 1738/1738
f 1702/1702 1698/1698 1753/1753
f 1754/1754 1752/1752 1731/1731
f 1745/1745 1661/1661 1670/1670
f 1707/1707 1672/1672 1724/1724
f 1745/1745 1670/1670 1755/1755
f 1753/1753 1756/1756 1758/1758
f 1729/1729 1724/1724 1672/1672
f 1753/1753 1698/1698 1705/1705
f 1759/1759 1684/1684 1683/1683
f 1655/1655 1760/1760 1650/1650
f 1761/1761 1731/1731 1713/1713
f 1731/1731 1761/1761 1754/1754
f 1713/1713 1714/1714 1762/1762
f 1763/1763 1764/1764 1765/1765
f 1714/1714 1715/1715 1762/1762
f 1761/1761 1713/1713 1762/1762
f 1765/1765 1766/1766 1743/1743
f 1669/1669 1675/1675 1767/1767
f 1769/1769 1669/1669 1767/1767
f 1737/1737 1709/1709 1578/1578
f 1768/1768 1755/1755 1670/1670
f 1743/1743 1766/1766 1744/1744
f 1724/1724 1729/1729 1770/1770
f 1578/1578 1746/1746 1737/1737
f 1771/1771 1772/1772 1773/1773
f 1770/1770 1723/1723 1724/1724
f 1753/1753 1741/1741 1756/1756
f 1705/1705 1741/1741 1753/1753
f 1760/1760 1655/1655 1747/1747
f 1774/1774 1723/1723 1770/1770
f 1766/1766 1775/1775 1776/1776
f 1777/1777 1778/1778 1779/1779
f 1754/1754 1761/1761 1779/1779
f 1766/1766 1765/1765 1764/1764
f 1780/1780 1745/1745 1755/1755
f 1775/1775 1766/1766 1764/1764
f 1750/1750 1781/1781 1747/1747
f 1603/1603 1756/1756 1782/1782
f 1780/1780 1755/1755 1768/1768
f 1729/1729 1751/1751 1770/1770
f 1622/1622 1783/1783 1784/1784
f 1751/1751 1785/1785 1770/1770
f 1601/1601 1786/1786 684/684
f 684/684 1787/1787 352/352
f 1622/1622 1784/1784 1675/1675
f 1675/1675 1784/1784 1767/1767
f 1784/1784 1788/1788 1767/1767
f 1789/1789 1790/1790 1791/1791
f 1751/1751 1792/1792 1785/1785
f 1786/1786 1793/1793 1787/1787
f 1794/1794 1795/1795 1771/1771
f 1786/1786 1787/1787 684/684
f 398/398 1796/1796 399/399
f 1796/1796 398/398 1797/1797
f 1798/1798 1794/1794 1771/1771
f 1799/1799 399/399 1796/1796
f 891/891 1800/1800 796/796
f 400/400 1802/1802 685/685
f 1775/1775 1764/1764 1776/1776
f 1798/1798 1771/1771 1803/1803
f 1785/1785 1804/1804 1770/1770
f 399/399 1799/1799 1801/1801
f 796/796 1805/1805 1806/1806
f 1776/1776 1764/1764 1808/1808
f 1804/1804 1774/1774 1770/1770
f 1809/1809 1754/1754 1779/1779
f 1810/1810 1565/1565 1811/1811
f 1812/1812 1805/1805 1800/1800
f 1813/1813 1786/1786 1613/1613
f 1805/1805 796/796 1800/1800
f 1814/1814 1810/1810 1811/1811
f 1815/1815 1813/1813 1613/1613
f 1789/1789 1809/1809 1816/1816
f 1786/1786 1813/1813 1793/1793
f 914/914 1812/1812 1800/1800
f 1752/1752 1754/1754 1789/1789
f 1817/1817 1819/1819 1820/1820
f 914/914 1821/1821 1812/1812
f 1706/1706 1822/1822 1812/1812
f 1813/1813 1823/1823 1793/1793
f 1823/1823 1813/1813 1815/1815
f 1752/1752 1789/1789 1791/1791
f 1796/1796 1797/1797 1824/1824
f 1825/1825 1824/1824 1826/1826
f 1796/1796 1824/1824 1825/1825
f 1809/1809 1789/1789 1754/1754
f 1827/1827 1708/1708 1706/1706
f 1764/1764 1828/1828 1829/1829
f 1830/1830 1799/1799 1796/1796
f 1825/1825 1830/1830 1796/1796
f 1541/1541 1540/1540 1811/1811
f 1785/1785 1831/1831 1804/1804
f 1822/1822 1805/1805 1812/1812
f 1832/1832 1790/1790 1833/1833
f 1811/1811 1540/1540 1555/1555
f 1829/1829 1834/1834 1835/1835
f 624/624 685/685 626/626
f 1836/1836 1831/1831 1785/1785
f 1790/1790 1837/1837 1833/1833
f 626/626 685/685 1802/1802
f 1601/1601 1613/1613 1786/1786
f 1789/1789 1837/1837 1790/1790
f 1789/1789 1816/1816 1837/1837
f 1838/1838 1837/1837 1816/1816
f 1799/1799 625/625 1801/1801
f 1839/1839 1840/1840 1837/1837
f 1841/1841 1811/1811 1555/1555
f 1840/1840 1833/1833 1837/1837
f 1666/1666 625/625 1799/1799
f 1829/1829 1835/1835 1842/1842
f 1844/1844 1845/1845 1846/1846
f 1845/1845 1847/1847 1846/1846
f 1848/1848 1831/1831 1836/1836
f 1555/1555 1559/1559 1849/1849
f 1812/1812 1827/1827 1706/1706
f 1804/1804 1831/1831 1848/1848
f 1850/1850 1804/1804 1848/1848
f 1555/1555 1849/1849 1841/1841
f 1846/1846 1851/1851 1844/1844
f 1852/1852 1840/1840 1839/1839
f 1845/1845 1795/1795 1794/1794
f 1830/1830 1825/1825 1664/1664
f 1853/1853 1854/1854 1840/1840
f 1840/1840 1852/1852 1853/1853
f 1841/1841 1814/1814 1811/1811
f 1855/1855 1814/1814 1841/1841
f 1842/1842 1764/1764 1829/1829
f 1799/1799 1664/1664 1666/1666
f 1799/1799 1830/1830 1664/1664
f 1856/1856 1848/1848 1857/1857
f 1764/1764 1842/1842 1808/1808
f 1836/1836 1857/1857 1848/1848
f 1858/1858 1855/1855 1841/1841
f 1859/1859 1860/1860 299/299
f 301/301 299/299 1860/1860
f 1841/1841 1849/1849 1861/1861
f 1849/1849 1862/1862 1863/1863
f 1849/1849 1863/1863 1861/1861
f 1864/1864 1823/1823 1815/1815
f 1827/1827 1812/1812 1865/1865
f 294/294 299/299 301/301
f 1798/1798 1847/1847 1794/1794
f 1798/1798 1866/1866 1847/1847
f 1867/1867 1861/1861 1863/1863
f 1823/1823 1864/1864 1868/1868
f 1860/1860 1869/1869 301/301
f 1841/1841 1861/1861 1858/1858
f 1865/1865 1812/1812 1821/1821
f 307/307 301/301 1869/1869
f 1825/1825 1870/1870 1871/1871
f 1872/1872 307/307 1869/1869
f 1872/1872 1873/1873 307/307
f 1847/1847 1845/1845 1794/1794
f 1825/1825 1826/1826 1870/1870
f 1846/1846 1847/1847 1874/1874
f 1875/1875 1876/1876 1868/1868
f 1846/1846 1874/1874 1851/1851
f 1877/1877 1858/1858 1878/1878
f 1861/1861 1878/1878 1858/1858
f 1860/1860 1859/1859 1879/1879
f 1868/1868 1864/1864 1875/1875
f 1880/1880 1878/1878 1861/1861
f 1860/1860 1879/1879 1881/1881
f 1835/1835 1883/1883 1842/1842
f 1860/1860 1881/1881 1884/1884
f 1885/1885 1881/1881 1879/1879
f 1865/1865 1821/1821 1886/1886
f 1887/1887 1870/1870 1888/1888
f 1889/1889 1865/1865 1886/1886
f 1885/1885 1890/1890 1881/1881
f 1620/1620 1864/1864 1815/1815
f 1891/1891 1851/1851 1874/1874
f 1892/1892 1893/1893 1878/1878
f 1815/1815 1613/1613 1620/1620
f 1825/1825 1871/1871 1664/1664
f 1884/1884 1881/1881 1890/1890
f 1864/1864 1620/1620 1624/1624
f 1869/1869 1860/1860 1884/1884
f 819/819 794/794 893/893
f 1891/1891 1894/1894 1851/1851
f 1895/1895 1869/1869 1884/1884
f 893/893 794/794 1565/1565
f 893/893 1565/1565 1896/1896
f 1740/1740 1664/1664 1871/1871
f 1810/1810 1896/1896 1565/1565
f 1843/1843 1882/1882 1897/1897
f 1898/1898 1899/1899 1890/1890
f 1898/1898 1900/1900 1901/1901
f 1843/1843 1897/1897 1902/1902
f 1899/1899 1898/1898 1901/1901
f 1898/1898 1890/1890 1885/1885
f 1834/1834 1904/1904 1835/1835
f 1875/1875 1864/1864 1624/1624
f 1896/1896 1810/1810 1905/1905
f 1906/1906 1907/1907 1908/1908
f 891/891 914/914 1800/1800
f 1051/1051 1909/1909 848/848
f 1905/1905 893/893 1896/1896
f 1733/1733 1875/1875 1624/1624
f 1844/1844 1851/1851 1908/1908
f 1851/1851 1906/1906 1908/1908
f 1910/1910 1909/1909 1911/1911
f 902/902 887/887 893/893
f 1912/1912 1911/1911 1913/1913
f 1904/1904 1883/1883 1835/1835
f 1870/1870 1887/1887 1871/1871
f 1905/1905 902/902 893/893
f 1740/1740 1871/1871 1887/1887
f 1905/1905 932/932 902/902
f 1914/1914 1905/1905 1810/1810
f 1851/1851 1894/1894 1906/1906
f 1915/1915 850/850 872/872
f 1906/1906 1894/1894 1916/1916
f 1814/1814 1914/1914 1810/1810
f 857/857 845/845 848/848
f 1917/1917 857/857 848/848
f 1888/1888 1826/1826 1918/1918
f 1870/1870 1826/1826 1888/1888
f 1919/1919 1915/1915 872/872
f 1920/1920 1905/1905 1914/1914
f 848/848 1909/1909 1917/1917
f 1921/1921 1905/1905 1920/1920
f 1906/1906 1922/1922 1907/1907
f 1910/1910 1917/1917 1909/1909
f 1855/1855 1920/1920 1914/1914
f 1877/1877 1920/1920 1855/1855
f 1914/1914 1814/1814 1855/1855
f 1904/1904 1834/1834 1819/1819
f 1904/1904 1819/1819 1817/1817
f 1877/1877 1855/1855 1858/1858
f 1740/1740 1705/1705 1664/1664
f 1923/1923 1922/1922 1924/1924
f 1924/1924 1922/1922 1906/1906
f 1192/1192 857/857 1925/1925
f 914/914 896/896 936/936
f 1921/1921 932/932 1905/1905
f 857/857 1192/1192 826/826
f 1741/1741 1740/1740 1926/1926
f 1917/1917 1925/1925 857/857
f 1916/1916 1924/1924 1906/1906
f 1821/1821 914/914 1927/1927
f 1928/1928 1924/1924 1916/1916
f 1877/1877 1929/1929 1920/1920
f 914/914 936/936 1927/1927
f 1912/1912 1910/1910 1911/1911
f 1920/1920 1930/1930 1921/1921
f 1931/1931 1925/1925 1917/1917
f 1917/1917 1910/1910 1931/1931
f 1912/1912 1931/1931 1910/1910
f 1930/1930 1920/1920 1929/1929
f 1734/1734 1932/1932 1933/1933
f 1916/1916 1934/1934 1928/1928
f 1935/1935 1903/1903 1818/1818
f 1595/1595 1734/1734 1746/1746
f 1578/1578 1595/1595 1746/1746
f 1734/1734 1595/1595 1594/1594
f 1931/1931 1936/1936 1925/1925
f 1916/1916 1894/1894 1937/1937
f 1929/1929 1938/1938 1930/1930
f 1939/1939 1925/1925 1936/1936
f 936/936 1940/1940 1927/1927
f 1937/1937 1941/1941 1942/1942
f 1943/1943 1930/1930 1938/1938
f 1932/1932 1734/1734 1594/1594
f 1882/1882 1903/1903 1897/1897
f 1741/1741 1944/1944 1618/1618
f 1756/1756 1741/1741 1782/1782
f 1937/1937 1894/1894 1891/1891
f 1921/1921 930/930 932/932
f 954/954 930/930 1945/1945
f 930/930 1921/1921 1945/1945
f 1618/1618 1782/1782 1741/1741
f 1603/1603 1782/1782 1618/1618
f 1937/1937 1891/1891 1941/1941
f 954/954 1945/1945 979/979
f 1921/1921 1930/1930 1945/1945
f 1946/1946 1947/1947 1912/1912
f 1932/1932 1594/1594 1606/1606
f 1948/1948 1931/1931 1947/1947
f 1931/1931 1912/1912 1947/1947
f 979/979 1945/1945 1949/1949
f 1945/1945 1930/1930 1943/1943
f 1937/1937 1942/1942 1916/1916
f 1916/1916 1942/1942 1934/1934
f 1943/1943 1949/1949 1945/1945
f 1618/1618 1944/1944 1621/1621
f 1936/1936 1931/1931 1948/1948
f 1936/1936 1948/1948 1950/1950
f 1821/1821 1927/1927 1940/1940
f 1606/1606 1951/1951 1932/1932
f 1877/1877 1893/1893 1929/1929
f 1952/1952 1934/1934 1942/1942
f 1938/1938 1929/1929 1893/1893
f 1821/1821 1940/1940 1886/1886
f 1941/1941 1952/1952 1942/1942
f 1934/1934 1952/1952 1953/1953
f 1948/1948 1954/1954 1950/1950
f 1947/1947 1954/1954 1948/1948
f 1950/1950 1954/1954 1955/1955
f 1947/1947 1956/1956 1954/1954
f 1606/1606 1642/1642 1951/1951
f 1957/1957 1893/1893 1958/1958
f 1642/1642 1649/1649 1951/1951
f 1957/1957 1938/1938 1893/1893
f 1893/1893 1877/1877 1878/1878
f 1903/1903 1935/1935 1897/1897
f 1876/1876 1959/1959 1539/1539
f 1960/1960 1539/1539 1959/1959
f 1958/1958 1893/1893 1961/1961
f 1959/1959 1875/1875 1960/1960
f 1875/1875 1959/1959 1876/1876
f 1051/1051 187/187 1581/1581
f 1820/1820 1962/1962 1963/1963
f 1051/1051 1581/1581 1598/1598
f 1862/1862 1849/1849 1559/1559
f 1862/1862 1559/1559 1716/1716
f 1862/1862 1716/1716 1727/1727
f 1862/1862 1727/1727 1965/1965
f 1966/1966 1862/1862 1965/1965
f 1960/1960 1933/1933 1967/1967
f 1960/1960 1967/1967 1539/1539
f 1708/1708 1968/1968 1718/1718
f 280/280 1061/1061 1969/1969
f 1970/1970 1963/1963 1962/1962
f 1543/1543 1539/1539 1967/1967
f 1969/1969 1591/1591 280/280
f 1708/1708 1971/1971 1968/1968
f 1970/1970 1972/1972 1963/1963
f 1974/1974 1968/1968 1971/1971
f 1716/1716 1712/1712 1727/1727
f 1960/1960 1875/1875 1933/1933
f 1965/1965 1727/1727 1728/1728
f 1975/1975 1609/1609 1591/1591
f 1734/1734 1875/1875 1733/1733
f 1933/1933 1875/1875 1734/1734
f 1740/1740 1887/1887 1926/1926
f 1976/1976 1977/1977 1978/1978
f 1976/1976 1978/1978 1979/1979
f 1980/1980 1976/1976 1979/1979
f 1981/1981 1887/1887 1982/1982
f 1708/1708 1827/1827 1971/1971
f 1964/1964 1983/1983 1984/1984
f 1915/1915 1985/1985 850/850
f 1522/1522 850/850 1969/1969
f 1986/1986 1981/1981 1982/1982
f 1971/1971 1987/1987 1974/1974
f 1988/1988 1051/1051 1598/1598
f 1988/1988 1909/1909 1051/1051
f 1981/1981 1926/1926 1887/1887
f 1989/1989 1973/1973 1990/1990
f 1987/1987 1971/1971 1827/1827
f 1965/1965 1992/1992 1993/1993
f 1988/1988 1911/1911 1909/1909
f 1965/1965 1993/1993 1966/1966
f 1728/1728 1994/1994 1965/1965
f 1977/1977 1976/1976 1996/1996
f 1997/1997 1965/1965 1994/1994
f 1988/1988 1598/1598 1913/1913
f 1992/1992 1965/1965 1997/1997
f 1980/1980 1996/1996 1976/1976
f 1827/1827 1998/1998 1987/1987
f 1973/1973 1983/1983 1964/1964
f 1966/1966 1863/1863 1862/1862
f 1583/1583 1981/1981 1986/1986
f 1995/1995 2000/2000 2001/2001
f 1996/1996 1980/1980 1999/1999
f 1863/1863 1966/1966 1993/1993
f 1913/1913 1598/1598 2002/2002
f 1993/1993 1867/1867 1863/1863
f 1983/1983 1973/1973 1989/1989
f 1607/1607 1975/1975 2003/2003
f 1975/1975 1607/1607 1609/1609
f 1968/1968 1742/1742 1718/1718
f 1989/1989 1990/1990 2004/2004
f 2005/2005 1981/1981 2006/2006
f 2006/2006 1981/1981 1583/1583
f 1968/1968 1749/1749 1742/1742
f 1745/1745 2007/2007 1728/1728
f 1598/1598 1599/1599 2002/2002
f 1608/1608 1607/1607 1717/1717
f 1974/1974 1749/1749 1968/1968
f 1599/1599 1707/1707 2002/2002
f 1749/1749 1974/1974 2008/2008
f 1552/1552 1986/1986 1888/1888
f 2009/2009 1715/1715 1717/1717
f 1888/1888 1986/1986 1982/1982
f 1989/1989 2010/2010 1983/1983
f 1552/1552 1558/1558 1986/1986
f 2002/2002 2011/2011 1913/1913
f 1749/1749 2008/2008 1750/1750
f 1887/1887 1888/1888 1982/1982
f 2000/2000 2012/2012 2001/2001
f 2013/2013 2014/2014 2008/2008
f 2004/2004 2015/2015 1989/1989
f 2010/2010 1989/1989 2015/2015
f 2016/2016 2008/2008 1974/1974
f 2017/2017 2003/2003 1985/1985
f 1978/1978 1923/1923 1924/1924
f 2016/2016 1974/1974 2018/2018
f 2019/2019 1994/1994 1728/1728
f 1728/1728 2007/2007 2019/2019
f 1583/1583 1986/1986 1558/1558
f 1997/1997 1994/1994 2019/2019
f 1978/1978 1924/1924 2020/2020
f 1911/1911 1988/1988 1913/1913
f 1963/1963 1817/1817 1820/1820
f 1912/1912 1913/1913 1946/1946
f 1558/1558 1557/1557 1583/1583
f 1979/1979 1978/1978 2020/2020
f 2017/2017 1717/1717 1607/1607
f 1717/1717 2017/2017 2021/2021
f 2021/2021 2009/2009 1717/1717
f 2022/2022 1543/1543 1967/1967
f 2008/2008 2016/2016 2023/2023
f 1928/1928 2020/2020 1924/1924
f 2023/2023 2013/2013 2008/2008
f 2002/2002 1707/1707 1723/1723
f 1745/1745 1780/1780 2007/2007
f 1762/1762 1715/1715 2009/2009
f 2024/2024 2025/2025 1762/1762
f 2011/2011 2002/2002 1723/1723
f 2007/2007 1780/1780 2026/2026
f 2022/2022 1967/1967 2027/2027
f 1781/1781 1750/1750 2008/2008
f 2014/2014 1781/1781 2008/2008
f 2011/2011 1723/1723 2028/2028
f 2005/2005 2006/2006 2029/2029
f 2030/2030 2005/2005 2029/2029
f 2031/2031 2020/2020 1928/1928
f 1762/1762 2009/2009 2024/2024
f 2032/2032 2020/2020 2031/2031
f 2007/2007 2033/2033 2019/2019
f 2033/2033 2007/2007 2026/2026
f 2029/2029 2006/2006 2034/2034
f 1777/1777 2035/2035 2025/2025
f 1827/1827 1865/1865 1998/1998
f 2036/2036 1723/1723 1774/1774
f 2022/2022 2027/2027 2037/2037
f 2028/2028 1723/1723 2038/2038
f 2039/2039 2022/2022 2037/2037
f 1993/1993 1992/1992 2040/2040
f 1723/1723 2036/2036 2038/2038
f 2041/2041 2042/2042 2037/2037
f 2043/2043 1777/1777 2025/2025
f 2040/2040 1992/1992 1997/1997
f 2044/2044 1980/1980 1979/1979
f 1946/1946 1913/1913 2011/2011
f 1987/1987 1998/1998 2045/2045
f 2046/2046 2040/2040 1997/1997
f 2021/2021 2047/2047 2043/2043
f 1964/1964 1984/1984 2048/2048
f 1998/1998 2049/2049 2045/2045
f 2049/2049 2050/2050 2045/2045
f 2011/2011 1947/1947 1946/1946
f 1583/1583 1584/1584 2006/2006
f 2020/2020 2032/2032 1979/1979
f 2006/2006 1584/1584 2051/2051
f 2047/2047 2021/2021 2052/2052
f 1964/1964 2048/2048 1818/1818
f 2048/2048 2053/2053 1818/1818
f 2034/2034 2006/2006 2051/2051
f 1993/1993 2040/2040 1867/1867
f 2028/2028 2038/2038 2011/2011
f 1865/1865 1889/1889 1998/1998
f 2032/2032 2044/2044 1979/1979
f 2054/2054 2044/2044 2032/2032
f 2044/2044 2054/2054 2055/2055
f 1543/1543 2022/2022 1593/1593
f 2038/2038 1947/1947 2011/2011
f 1956/1956 1947/1947 2038/2038
f 2049/2049 1998/1998 1889/1889
f 2040/2040 1880/1880 1867/1867
f 2031/2031 1928/1928 1934/1934
f 1867/1867 1880/1880 1861/1861
f 2009/2009 2021/2021 2024/2024
f 2024/2024 2021/2021 2025/2025
f 2025/2025 2021/2021 2043/2043
f 1935/1935 1818/1818 2053/2053
f 1934/1934 1953/1953 2031/2031
f 2039/2039 1593/1593 2022/2022
f 2031/2031 1953/1953 2032/2032
f 2047/2047 2056/2056 2043/2043
f 2049/2049 1889/1889 2057/2057
f 2032/2032 1953/1953 2058/2058
f 2059/2059 2051/2051 1584/1584
f 1892/1892 1878/1878 1880/1880
f 1892/1892 1880/1880 2060/2060
f 1892/1892 1961/1961 1893/1893
f 1892/1892 2060/2060 1961/1961
f 2058/2058 2054/2054 2032/2032
f 2040/2040 2060/2060 1880/1880
f 2038/2038 2061/2061 1956/1956
f 2046/2046 2060/2060 2040/2040
f 2060/2060 2046/2046 2062/2062
f 2049/2049 2057/2057 2050/2050
f 2038/2038 2036/2036 2063/2063
f 2062/2062 2046/2046 2064/2064
f 2065/2065 2066/2066 2067/2067
f 1974/1974 1987/1987 2018/2018
f 2067/2067 2068/2068 2069/2069
f 2069/2069 2065/2065 2067/2067
f 1987/1987 2045/2045 2018/2018
f 2063/2063 2061/2061 2038/2038
f 2070/2070 2018/2018 2045/2045
f 2034/2034 2051/2051 2071/2071
f 2061/2061 2063/2063 2072/2072
f 2039/2039 2037/2037 2042/2042
f 2073/2073 1997/1997 2019/2019
f 2019/2019 2074/2074 2073/2073
f 2046/2046 1997/1997 2073/2073
f 2075/2075 2054/2054 2058/2058
f 2071/2071 2051/2051 2076/2076
f 2029/2029 2034/2034 2071/2071
f 2018/2018 2023/2023 2016/2016
f 2018/2018 2070/2070 2023/2023
f 2035/2035 1761/1761 2025/2025
f 1761/1761 1762/1762 2025/2025
f 2019/2019 2033/2033 2077/2077
f 2074/2074 2019/2019 2077/2077
f 2078/2078 2013/2013 2023/2023
f 2035/2035 1779/1779 1761/1761
f 2035/2035 1777/1777 1779/1779
f 2054/2054 2075/2075 2079/2079
f 2048/2048 2080/2080 2053/2053
f 1774/1774 1804/1804 2036/2036
f 2081/2081 1935/1935 2053/2053
f 1816/1816 1809/1809 1778/1778
f 1779/1779 1778/1778 1809/1809
f 1981/1981 2082/2082 1926/1926
f 1816/1816 2083/2083 2066/2066
f 1850/1850 2036/2036 1804/1804
f 1926/1926 1944/1944 1741/1741
f 2063/2063 2036/2036 1850/1850
f 2082/2082 1944/1944 1926/1926
f 2074/2074 2046/2046 2073/2073
f 2046/2046 2074/2074 2064/2064
f 2080/2080 2084/2084 2053/2053
f 1838/1838 1816/1816 1839/1839
f 1980/1980 2044/2044 2085/2085
f 2063/2063 1850/1850 2086/2086
f 1816/1816 2066/2066 1839/1839
f 1980/1980 2085/2085 1999/1999
f 2087/2087 1839/1839 2066/2066
f 2065/2065 2087/2087 2066/2066
f 1932/1932 1967/1967 1933/1933
f 1838/1838 1839/1839 1837/1837
f 2064/2064 2074/2074 2088/2088
f 2089/2089 2023/2023 2070/2070
f 2082/2082 2005/2005 2090/2090
f 2091/2091 2082/2082 2090/2090
f 1944/1944 2082/2082 2091/2091
f 2074/2074 2077/2077 2088/2088
f 2005/2005 2082/2082 1981/1981
f 2055/2055 2092/2092 2085/2085
f 1944/1944 2091/2091 2093/2093
f 1621/1621 1944/1944 2093/2093
f 2061/2061 2094/2094 1954/1954
f 1954/1954 1956/1956 2061/2061
f 2095/2095 2068/2068 2096/2096
f 2055/2055 2085/2085 2044/2044
f 1932/1932 2027/2027 1967/1967
f 2027/2027 1932/1932 1951/1951
f 1648/1648 1651/1651 1679/1679
f 2097/2097 2098/2098 1767/1767
f 2061/2061 2099/2099 2094/2094
f 2090/2090 2030/2030 2091/2091
f 2069/2069 2068/2068 2100/2100
f 2030/2030 2093/2093 2091/2091
f 2100/2100 2101/2101 2069/2069
f 1621/1621 2093/2093 2030/2030
f 2069/2069 2101/2101 2065/2065
f 1760/1760 1679/1679 1650/1650
f 2085/2085 2092/2092 2103/2103
f 1769/1769 1767/1767 2104/2104
f 2104/2104 1767/1767 2098/2098
f 2096/2096 2105/2105 2095/2095
f 1999/1999 2085/2085 2103/2103
f 1760/1760 2106/2106 1679/1679
f 2012/2012 2000/2000 2102/2102
f 2107/2107 2106/2106 1760/1760
f 2030/2030 2090/2090 2005/2005
f 2108/2108 2109/2109 2105/2105
f 1192/1192 1939/1939 2110/2110
f 2029/2029 2111/2111 2030/2030
f 1168/1168 1167/1167 1192/1192
f 2112/2112 1769/1769 2104/2104
f 1192/1192 2110/2110 1168/1168
f 2113/2113 1168/1168 2110/2110
f 2106/2106 2107/2107 2114/2114
f 2114/2114 2115/2115 2106/2106
f 1218/1218 1168/1168 2113/2113
f 1760/1760 1747/1747 1781/1781
f 2092/2092 2055/2055 2103/2103
f 2116/2116 2107/2107 1760/1760
f 2107/2107 2116/2116 2114/2114
f 1781/1781 2116/2116 1760/1760
f 2037/2037 1951/1951 2117/2117
f 2027/2027 1951/1951 2037/2037
f 2113/2113 2110/2110 2118/2118
f 2110/2110 2119/2119 2118/2118
f 1983/1983 2120/2120 1984/1984
f 1983/1983 2121/2121 2120/2120
f 2119/2119 2110/2110 1939/1939
f 2122/2122 2103/2103 2055/2055
f 2119/2119 1939/1939 2124/2124
f 2125/2125 1769/1769 2112/2112
f 2118/2118 2119/2119 2124/2124
f 2124/2124 2127/2127 2118/2118
f 2128/2128 2129/2129 2127/2127
f 2127/2127 2129/2129 2130/2130
f 2010/2010 2121/2121 1983/1983
f 2126/2126 2131/2131 1768/1768
f 2029/2029 2132/2132 2111/2111
f 2127/2127 2124/2124 2128/2128
f 2116/2116 2115/2115 2114/2114
f 2133/2133 2128/2128 2124/2124
f 1783/1783 2030/2030 2111/2111
f 2055/2055 2054/2054 2134/2134
f 2135/2135 2115/2115 2116/2116
f 2122/2122 2055/2055 2134/2134
f 1939/1939 1192/1192 1925/1925
f 2136/2136 2137/2137 1784/1784
f 2123/2123 2138/2138 2140/2140
f 2030/2030 1783/1783 1621/1621
f 1648/1648 2141/2141 1649/1649
f 1784/1784 2137/2137 1788/1788
f 1783/1783 1622/1622 1621/1621
f 2142/2142 1939/1939 1936/1936
f 1788/1788 2137/2137 2143/2143
f 1788/1788 2143/2143 2144/2144
f 2124/2124 1939/1939 2142/2142
f 2048/2048 1984/1984 2080/2080
f 1936/1936 2145/2145 2142/2142
f 2146/2146 2134/2134 2054/2054
f 1648/1648 2147/2147 2141/2141
f 2145/2145 1936/1936 1950/1950
f 1649/1649 2117/2117 1951/1951
f 2143/2143 2137/2137 2148/2148
f 2149/2149 2141/2141 2147/2147
f 2145/2145 2133/2133 2142/2142
f 2150/2150 2151/2151 2152/2152
f 2153/2153 1210/1210 2154/2154
f 2155/2155 2156/2156 2146/2146
f 1210/1210 1212/1212 2154/2154
f 1784/1784 1783/1783 2136/2136
f 2143/2143 2148/2148 2144/2144
f 2097/2097 1767/1767 1788/1788
f 2111/2111 2132/2132 1783/1783
f 2132/2132 2157/2157 1783/1783
f 2158/2158 1212/1212 2159/2159
f 2136/2136 1783/1783 2157/2157
f 2158/2158 2154/2154 1212/1212
f 2097/2097 1788/1788 2144/2144
f 2134/2134 2146/2146 2156/2156
f 2134/2134 2156/2156 2122/2122
f 1984/1984 2120/2120 2080/2080
f 1218/1218 2113/2113 2159/2159
f 2098/2098 2097/2097 2104/2104
f 2097/2097 2144/2144 2104/2104
f 2139/2139 2122/2122 2156/2156
f 1679/1679 2106/2106 1648/1648
f 2106/2106 2160/2160 1648/1648
f 1218/1218 2159/2159 1212/1212
f 2160/2160 2147/2147 1648/1648
f 912/912 1554/1554 908/908
f 2121/2121 2161/2161 2120/2120
f 2162/2162 2104/2104 2144/2144
f 2158/2158 2159/2159 2118/2118
f 2118/2118 2159/2159 2113/2113
f 2144/2144 2163/2163 2162/2162
f 2164/2164 2080/2080 2120/2120
f 2165/2165 2166/2166 2167/2167
f 2166/2166 2168/2168 1242/1242
f 2168/2168 2166/2166 2165/2165
f 309/309 1210/1210 310/310
f 2149/2149 2147/2147 2169/2169
f 2156/2156 2171/2171 2139/2139
f 2147/2147 2172/2172 2173/2173
f 310/310 1210/1210 2153/2153
f 2169/2169 2147/2147 2173/2173
f 2174/2174 2175/2175 2173/2173
f 1873/1873 1242/1242 1236/1236
f 2172/2172 2147/2147 2160/2160
f 1236/1236 1235/1235 1873/1873
f 307/307 1873/1873 1235/1235
f 2163/2163 2144/2144 2176/2176
f 2177/2177 2178/2178 912/912
f 2163/2163 2176/2176 2179/2179
f 2172/2172 2160/2160 2173/2173
f 1895/1895 1872/1872 1869/1869
f 924/924 2180/2180 377/377
f 1242/1242 1873/1873 2166/2166
f 1697/1697 2181/2181 1687/1687
f 1873/1873 1872/1872 2167/2167
f 1873/1873 2167/2167 2166/2166
f 2144/2144 2148/2148 2182/2182
f 2148/2148 2183/2183 2182/2182
f 1697/1697 2184/2184 2181/2181
f 2181/2181 2184/2184 2185/2185
f 2186/2186 2187/2187 2153/2153
f 2144/2144 2182/2182 2188/2188
f 2175/2175 2169/2169 2173/2173
f 912/912 2178/2178 1554/1554
f 2154/2154 2186/2186 2153/2153
f 1554/1554 2178/2178 2189/2189
f 2190/2190 2191/2191 2192/2192
f 2186/2186 2154/2154 2130/2130
f 2193/2193 2169/2169 2175/2175
f 1697/1697 1699/1699 2194/2194
f 2130/2130 2195/2195 2186/2186
f 2195/2195 2196/2196 2186/2186
f 2188/2188 2182/2182 2197/2197
f 1697/1697 2194/2194 2184/2184
f 2180/2180 2198/2198 2199/2199
f 2200/2200 2193/2193 2175/2175
f 2129/2129 2195/2195 2130/2130
f 2201/2201 2188/2188 2197/2197
f 2202/2202 2180/2180 924/924
f 1895/1895 1884/1884 2203/2203
f 934/934 2202/2202 924/924
f 2201/2201 2204/2204 2188/2188
f 2205/2205 2206/2206 1684/1684
f 2188/2188 2176/2176 2144/2144
f 2207/2207 1895/1895 2208/2208
f 1895/1895 2203/2203 2208/2208
f 2184/2184 2194/2194 2209/2209
f 2210/2210 2179/2179 2176/2176
f 2202/2202 2198/2198 2180/2180
f 2176/2176 2188/2188 2204/2204
f 2118/2118 2154/2154 2158/2158
f 2127/2127 2130/2130 2154/2154
f 2211/2211 2165/2165 2207/2207
f 2184/2184 2209/2209 2185/2185
f 2174/2174 2200/2200 2175/2175
f 2212/2212 935/935 160/160
f 2204/2204 2210/2210 2176/2176
f 2150/2150 2152/2152 2207/2207
f 2174/2174 2214/2214 2200/2200
f 2209/2209 2215/2215 2216/2216
f 2210/2210 2204/2204 2217/2217
f 2207/2207 2167/2167 1895/1895
f 935/935 923/923 919/919
f 2207/2207 2165/2165 2167/2167
f 2216/2216 2185/2185 2209/2209
f 2218/2218 2219/2219 2220/2220
f 2208/2208 2150/2150 2207/2207
f 2220/2220 2221/2221 2218/2218
f 2212/2212 160/160 265/265
f 2115/2115 2160/2160 2106/2106
f 2160/2160 2115/2115 2135/2135
f 1554/1554 1536/1536 908/908
f 2162/2162 2163/2163 2112/2112
f 2179/2179 2112/2112 2163/2163
f 2191/2191 2220/2220 2222/2222
f 2162/2162 2112/2112 2104/2104
f 2213/2213 1562/1562 2223/2223
f 2219/2219 2222/2222 2220/2220
f 1872/1872 1895/1895 2167/2167
f 2191/2191 2224/2224 2225/2225
f 2213/2213 2223/2223 934/934
f 2227/2227 2125/2125 2228/2228
f 934/934 2223/2223 2202/2202
f 2229/2229 2126/2126 2226/2226
f 2191/2191 2222/2222 2224/2224
f 2202/2202 2223/2223 1562/1562
f 2196/2196 2195/2195 2230/2230
f 2160/2160 2231/2231 2173/2173
f 2129/2129 2230/2230 2195/2195
f 1561/1561 2202/2202 1562/1562
f 2135/2135 2231/2231 2160/2160
f 1899/1899 1901/1901 2232/2232
f 1639/1639 1562/1562 2213/2213
f 2196/2196 2230/2230 2233/2233
f 2224/2224 2222/2222 2234/2234
f 2128/2128 2235/2235 2129/2129
f 2129/2129 2235/2235 2230/2230
f 2236/2236 1563/1563 2189/2189
f 2189/2189 1563/1563 1554/1554
f 2237/2237 1628/1628 1612/1612
f 2112/2112 2179/2179 2238/2238
f 2239/2239 2235/2235 2128/2128
f 2236/2236 2240/2240 2241/2241
f 2231/2231 2174/2174 2173/2173
f 2242/2242 2230/2230 2235/2235
f 2241/2241 1563/1563 2236/2236
f 2174/2174 2231/2231 2243/2243
f 2244/2244 2245/2245 1612/1612
f 2238/2238 2179/2179 2246/2246
f 2179/2179 2210/2210 2246/2246
f 2242/2242 2235/2235 2247/2247
f 2248/2248 2249/2249 2250/2250
f 2243/2243 2214/2214 2174/2174
f 2231/2231 2135/2135 2251/2251
f 2252/2252 2189/2189 2178/2178
f 2228/2228 2112/2112 2238/2238
f 2232/2232 1901/1901 2253/2253
f 2228/2228 2125/2125 2112/2112
f 1899/1899 2232/2232 2254/2254
f 2255/2255 2206/2206 2205/2205
f 2251/2251 2135/2135 2256/2256
f 2257/2257 2189/2189 2252/2252
f 2258/2258 2255/2255 2259/2259
f 2238/2238 2246/2246 2228/2228
f 2260/2260 2198/2198 2202/2202
f 2262/2262 2227/2227 2228/2228
f 2228/2228 2246/2246 2262/2262
f 2232/2232 2263/2263 2264/2264
f 2215/2215 2209/2209 2194/2194
f 2265/2265 2215/2215 2194/2194
f 2264/2264 2263/2263 2266/2266
f 2243/2243 2231/2231 2267/2267
f 2268/2268 2243/2243 2267/2267
f 2251/2251 2267/2267 2231/2231
f 2240/2240 2236/2236 2189/2189
f 2264/2264 2254/2254 2232/2232
f 2216/2216 2215/2215 2269/2269
f 2215/2215 2265/2265 2269/2269
f 2260/2260 2270/2270 2198/2198
f 2230/2230 2271/2271 2233/2233
f 2272/2272 2271/2271 2230/2230
f 2242/2242 2272/2272 2230/2230
f 2273/2273 2258/2258 2259/2259
f 2265/2265 2274/2274 2269/2269
f 2275/2275 2269/2269 2274/2274
f 2257/2257 2276/2276 2240/2240
f 2189/2189 2257/2257 2240/2240
f 2274/2274 2245/2245 2275/2275
f 2246/2246 2210/2210 2217/2217
f 2246/2246 2217/2217 2277/2277
f 2276/2276 2278/2278 2240/2240
f 2278/2278 2241/2241 2240/2240
f 2279/2279 2275/2275 2245/2245
f 2279/2279 2280/2280 2275/2275
f 2282/2282 2254/2254 2264/2264
f 2282/2282 2264/2264 2283/2283
f 2284/2284 2285/2285 2193/2193
f 2286/2286 2270/2270 2260/2260
f 2282/2282 2287/2287 2288/2288
f 2284/2284 2193/2193 2200/2200
f 2200/2200 2289/2289 2284/2284
f 2287/2287 2282/2282 2283/2283
f 2216/2216 2291/2291 2292/2292
f 2201/2201 2293/2293 2204/2204
f 2239/2239 2145/2145 1955/1955
f 2269/2269 2294/2294 2216/2216
f 2293/2293 2217/2217 2204/2204
f 2295/2295 2291/2291 2216/2216
f 2295/2295 2216/2216 2294/2294
f 2277/2277 2217/2217 2293/2293
f 2239/2239 2128/2128 2133/2133
f 2289/2289 2200/2200 2214/2214
f 2202/2202 1561/1561 2260/2260
f 2260/2260 1561/1561 2297/2297
f 2298/2298 2277/2277 2293/2293
f 2234/2234 2299/2299 2300/2300
f 2301/2301 2151/2151 2150/2150
f 2302/2302 2243/2243 2268/2268
f 2234/2234 2300/2300 2303/2303
f 2301/2301 2304/2304 2305/2305
f 2239/2239 1955/1955 2247/2247
f 2247/2247 2235/2235 2239/2239
f 1561/1561 2306/2306 2297/2297
f 2246/2246 2277/2277 2307/2307
f 2306/2306 1561/1561 1678/1678
f 2305/2305 2151/2151 2301/2301
f 2214/2214 2243/2243 2302/2302
f 2308/2308 2305/2305 2304/2304
f 2303/2303 2224/2224 2234/2234
f 1571/1571 1563/1563 1719/1719
f 1719/1719 1563/1563 2241/2241
f 2308/2308 2309/2309 2305/2305
f 2310/2310 2224/2224 2311/2311
f 2294/2294 2269/2269 2275/2275
f 2312/2312 2307/2307 2277/2277
f 2247/2247 1955/1955 2313/2313
f 2247/2247 2313/2313 2314/2314
f 2260/2260 2297/2297 2306/2306
f 2315/2315 2316/2316 2314/2314
f 2314/2314 2313/2313 2315/2315
f 2260/2260 2306/2306 2317/2317
f 2275/2275 2280/2280 2294/2294
f 1691/1691 2317/2317 2306/2306
f 2214/2214 2318/2318 2289/2289
f 2306/2306 1678/1678 1691/1691
f 2312/2312 2277/2277 2319/2319
f 2313/2313 1955/1955 1954/1954
f 2320/2320 2313/2313 1954/1954
f 2294/2294 2280/2280 2295/2295
f 2307/2307 2262/2262 2246/2246
f 2262/2262 2307/2307 2321/2321
f 2286/2286 2260/2260 2317/2317
f 2311/2311 2224/2224 2303/2303
f 2302/2302 2322/2322 2323/2323
f 2312/2312 2321/2321 2307/2307
f 2242/2242 2247/2247 2314/2314
f 2180/2180 2199/2199 377/377
f 2321/2321 2312/2312 2324/2324
f 2325/2325 2302/2302 2323/2323
f 2326/2326 2327/2327 2328/2328
f 2325/2325 2214/2214 2302/2302
f 2214/2214 2325/2325 2318/2318
f 2326/2326 2328/2328 2309/2309
f 2303/2303 2329/2329 2331/2331
f 2308/2308 2326/2326 2309/2309
f 2303/2303 2331/2331 2333/2333
f 2282/2282 2326/2326 2308/2308
f 2311/2311 2303/2303 2333/2333
f 2334/2334 2198/2198 2270/2270
f 2335/2335 2334/2334 2270/2270
f 2314/2314 2272/2272 2242/2242
f 2316/2316 2272/2272 2314/2314
f 2335/2335 2270/2270 2286/2286
f 2014/2014 2116/2116 1781/1781
f 2276/2276 2336/2336 2278/2278
f 1612/1612 1611/1611 2337/2337
f 2282/2282 2288/2288 2326/2326
f 2338/2338 2335/2335 2286/2286
f 2327/2327 2326/2326 2288/2288
f 1780/1780 1768/1768 2131/2131
f 2131/2131 2026/2026 1780/1780
f 2339/2339 2340/2340 2335/2335
f 2288/2288 2341/2341 2327/2327
f 1600/1600 1744/1744 1611/1611
f 2203/2203 1890/1890 2342/2342
f 2241/2241 2278/2278 2343/2343
f 2116/2116 2014/2014 2344/2344
f 2126/2126 2229/2229 2131/2131
f 2345/2345 2203/2203 2342/2342
f 2116/2116 2344/2344 2346/2346
f 2203/2203 1884/1884 1890/1890
f 1735/1735 2347/2347 1736/1736
f 2131/2131 2229/2229 2348/2348
f 2208/2208 2203/2203 2345/2345
f 1744/1744 2337/2337 1611/1611
f 2342/2342 1890/1890 1899/1899
f 2254/2254 2342/2342 1899/1899
f 2349/2349 2014/2014 2013/2013
f 2033/2033 2026/2026 2348/2348
f 2347/2347 1773/1773 1736/1736
f 2342/2342 2254/2254 2350/2350
f 2286/2286 2317/2317 2338/2338
f 2351/2351 1773/1773 2347/2347
f 2033/2033 2348/2348 2352/2352
f 2345/2345 2304/2304 2208/2208
f 2352/2352 2077/2077 2033/2033
f 2353/2353 2338/2338 2354/2354
f 2355/2355 2349/2349 2013/2013
f 2304/2304 2301/2301 2150/2150
f 2208/2208 2304/2304 2150/2150
f 2026/2026 2131/2131 2348/2348
f 2356/2356 2352/2352 2348/2348
f 2349/2349 2344/2344 2014/2014
f 2343/2343 2357/2357 2358/2358
f 2345/2345 2342/2342 2350/2350
f 2359/2359 2360/2360 2349/2349
f 2359/2359 2349/2349 2355/2355
f 2345/2345 2350/2350 2308/2308
f 2354/2354 2361/2361 2353/2353
f 2349/2349 2360/2360 2344/2344
f 2362/2362 2348/2348 2229/2229
f 2345/2345 2308/2308 2304/2304
f 2344/2344 2360/2360 2346/2346
f 2363/2363 2347/2347 1735/1735
f 2357/2357 2343/2343 1556/1556
f 2356/2356 2348/2348 2362/2362
f 2254/2254 2282/2282 2350/2350
f 2282/2282 2308/2308 2350/2350
f 2359/2359 2364/2364 2360/2360
f 1719/1719 2241/2241 2365/2365
f 2135/2135 2116/2116 2256/2256
f 2116/2116 2346/2346 2256/2256
f 2337/2337 2244/2244 1612/1612
f 2366/2366 2367/2367 2368/2368
f 2369/2369 2366/2366 2368/2368
f 2365/2365 2370/2370 1719/1719
f 2337/2337 2371/2371 2244/2244
f 2372/2372 2368/2368 2367/2367
f 1735/1735 1748/1748 2363/2363
f 2317/2317 1691/1691 2373/2373
f 2374/2374 2346/2346 2360/2360
f 2063/2063 2086/2086 2072/2072
f 2343/2343 2365/2365 2241/2241
f 2375/2375 2072/2072 2086/2086
f 2370/2370 2365/2365 2358/2358
f 2317/2317 2373/2373 2376/2376
f 2078/2078 2023/2023 2089/2089
f 2101/2101 2377/2377 2065/2065
f 1691/1691 1732/1732 2373/2373
f 2378/2378 2072/2072 2375/2375
f 2370/2370 1720/1720 1719/1719
f 2363/2363 2351/2351 2347/2347
f 2370/2370 1730/1730 1720/1720
f 2352/2352 2356/2356 2077/2077
f 2355/2355 2013/2013 2078/2078
f 2363/2363 2379/2379 2351/2351
f 2086/2086 1850/1850 1848/1848
f 1856/1856 2086/2086 1848/1848
f 2380/2380 2077/2077 2356/2356
f 2373/2373 1732/1732 2376/2376
f 2356/2356 2381/2381 2380/2380
f 2370/2370 2358/2358 2382/2382
f 2337/2337 1744/1744 2371/2371
f 2380/2380 2381/2381 2383/2383
f 2357/2357 2382/2382 2358/2358
f 1744/1744 2384/2384 2371/2371
f 1839/1839 2385/2385 1852/1852
f 2384/2384 2387/2387 2371/2371
f 2356/2356 2362/2362 2381/2381
f 2370/2370 2382/2382 1730/1730
f 2381/2381 2362/2362 2388/2388
f 2086/2086 1856/1856 2389/2389
f 2390/2390 1751/1751 1730/1730
f 2382/2382 2390/2390 1730/1730
f 2391/2391 2371/2371 2387/2387
f 2088/2088 2077/2077 2380/2380
f 2392/2392 2391/2391 2387/2387
f 2394/2394 2376/2376 1732/1732
f 2395/2395 1852/1852 2385/2385
f 2089/2089 2355/2355 2078/2078
f 1856/1856 1857/1857 2396/2396
f 2089/2089 2397/2397 2355/2355
f 2394/2394 2398/2398 2376/2376
f 2395/2395 2399/2399 1852/1852
f 2380/2380 2383/2383 2400/2400
f 1744/1744 1766/1766 2384/2384
f 1856/1856 2396/2396 2401/2401
f 2380/2380 2400/2400 2088/2088
f 2365/2365 2343/2343 2358/2358
f 2399/2399 2402/2402 1853/1853
f 1852/1852 2399/2399 1853/1853
f 2354/2354 2338/2338 2376/2376
f 2338/2338 2317/2317 2376/2376
f 2384/2384 1766/1766 1776/1776
f 2361/2361 2354/2354 2403/2403
f 2376/2376 2403/2403 2354/2354
f 2355/2355 2397/2397 2404/2404
f 2404/2404 2397/2397 2405/2405
f 2377/2377 2087/2087 2065/2065
f 2381/2381 2388/2388 2383/2383
f 2379/2379 1803/1803 2351/2351
f 2383/2383 2388/2388 2406/2406
f 2407/2407 2385/2385 2087/2087
f 1803/1803 2379/2379 2408/2408
f 2087/2087 2377/2377 2407/2407
f 2406/2406 2388/2388 2409/2409
f 2400/2400 2383/2383 2406/2406
f 2400/2400 2406/2406 2410/2410
f 2403/2403 2376/2376 2398/2398
f 2389/2389 2375/2375 2086/2086
f 2357/2357 1556/1556 1573/1573
f 2360/2360 2364/2364 2374/2374
f 2359/2359 2355/2355 2364/2364
f 1573/1573 2390/2390 2357/2357
f 2411/2411 2399/2399 2395/2395
f 2355/2355 2404/2404 2364/2364
f 2412/2412 2390/2390 1573/1573
f 2382/2382 2357/2357 2390/2390
f 2413/2413 2406/2406 2409/2409
f 2414/2414 1798/1798 1803/1803
f 1776/1776 1808/1808 2384/2384
f 2415/2415 2384/2384 1808/1808
f 2402/2402 2399/2399 2417/2417
f 2401/2401 2396/2396 2418/2418
f 1856/1856 2401/2401 2389/2389
f 2419/2419 2229/2229 2226/2226
f 2418/2418 2420/2420 2401/2401
f 2389/2389 2401/2401 2420/2420
f 2419/2419 2226/2226 2421/2421
f 2421/2421 2226/2226 2261/2261
f 2256/2256 2267/2267 2251/2251
f 2267/2267 2256/2256 2422/2422
f 2363/2363 2423/2423 2379/2379
f 2424/2424 2361/2361 2425/2425
f 2411/2411 2426/2426 2399/2399
f 2426/2426 2427/2427 2399/2399
f 2425/2425 2361/2361 2403/2403
f 2375/2375 2389/2389 2428/2428
f 2379/2379 2429/2429 2408/2408
f 2430/2430 2375/2375 2428/2428
f 2267/2267 2431/2431 2268/2268
f 2431/2431 2267/2267 2422/2422
f 2425/2425 2432/2432 2424/2424
f 2261/2261 2434/2434 2421/2421
f 2419/2419 2362/2362 2229/2229
f 2435/2435 2408/2408 2429/2429
f 2425/2425 2403/2403 2398/2398
f 2362/2362 2419/2419 2436/2436
f 2429/2429 2379/2379 2423/2423
f 2427/2427 2417/2417 2399/2399
f 2425/2425 2398/2398 2437/2437
f 2436/2436 2419/2419 2421/2421
f 2437/2437 2432/2432 2425/2425
f 2438/2438 2439/2439 2417/2417
f 2438/2438 2417/2417 2427/2427
f 2388/2388 2362/2362 2436/2436
f 2388/2388 2436/2436 2421/2421
f 2420/2420 2428/2428 2389/2389
f 2387/2387 2384/2384 2415/2415
f 2256/2256 2346/2346 2422/2422
f 2374/2374 2422/2422 2346/2346
f 2438/2438 2440/2440 2439/2439
f 2416/2416 1807/1807 2441/2441
f 2412/2412 2442/2442 2390/2390
f 2412/2412 2443/2443 2442/2442
f 2421/2421 2434/2434 2444/2444
f 2444/2444 2445/2445 2421/2421
f 2374/2374 2446/2446 2422/2422
f 2386/2386 2416/2416 2447/2447
f 2448/2448 2416/2416 2441/2441
f 2442/2442 2449/2449 2390/2390
f 2450/2450 2451/2451 2432/2432
f 2445/2445 2388/2388 2421/2421
f 2099/2099 2061/2061 2072/2072
f 2452/2452 2388/2388 2445/2445
f 2416/2416 2448/2448 2447/2447
f 2453/2453 2424/2424 2432/2432
f 2453/2453 2432/2432 2451/2451
f 2454/2454 2446/2446 2374/2374
f 2378/2378 2099/2099 2072/2072
f 2353/2353 2335/2335 2338/2338
f 2335/2335 2353/2353 2339/2339
f 2454/2454 2374/2374 2364/2364
f 2455/2455 2099/2099 2378/2378
f 2456/2456 2407/2407 2457/2457
f 2458/2458 2363/2363 2459/2459
f 2460/2460 2445/2445 2444/2444
f 2371/2371 2461/2461 2244/2244
f 2461/2461 2371/2371 2391/2391
f 2445/2445 2460/2460 2462/2462
f 2099/2099 2455/2455 2094/2094
f 2409/2409 2388/2388 2452/2452
f 2462/2462 2409/2409 2452/2452
f 2458/2458 2423/2423 2363/2363
f 2463/2463 2413/2413 2409/2409
f 1537/1537 1556/1556 2343/2343
f 2462/2462 2463/2463 2409/2409
f 2392/2392 2461/2461 2391/2391
f 2404/2404 2454/2454 2364/2364
f 2446/2446 2454/2454 2464/2464
f 2465/2465 2454/2454 2404/2404
f 2466/2466 2429/2429 2423/2423
f 2465/2465 2464/2464 2454/2454
f 2245/2245 2461/2461 2279/2279
f 2445/2445 2462/2462 2452/2452
f 2467/2467 2426/2426 2407/2407
f 2456/2456 2467/2467 2407/2407
f 2361/2361 1550/1550 2353/2353
f 2462/2462 2460/2460 2468/2468
f 2378/2378 2375/2375 2430/2430
f 2279/2279 2461/2461 2470/2470
f 2393/2393 2386/2386 2471/2471
f 2469/2469 2471/2471 2472/2472
f 2431/2431 2322/2322 2268/2268
f 2473/2473 1557/1557 1550/1550
f 2422/2422 2446/2446 2431/2431
f 2474/2474 2430/2430 2428/2428
f 2431/2431 2446/2446 2475/2475
f 2476/2476 2433/2433 2262/2262
f 2262/2262 2321/2321 2476/2476
f 2302/2302 2268/2268 2322/2322
f 2476/2476 2478/2478 2433/2433
f 2280/2280 2279/2279 2470/2470
f 2479/2479 2480/2480 2481/2481
f 2424/2424 1550/1550 2361/2361
f 2281/2281 2469/2469 2482/2482
f 2473/2473 1550/1550 2424/2424
f 2483/2483 2372/2372 2367/2367
f 2478/2478 2476/2476 2321/2321
f 2484/2484 2478/2478 2321/2321
f 2431/2431 2485/2485 2322/2322
f 2290/2290 2486/2486 2487/2487
f 2323/2323 2322/2322 2489/2489
f 2489/2489 2322/2322 2485/2485
f 2281/2281 2490/2490 2296/2296
f 2491/2491 2321/2321 2324/2324
f 2491/2491 2484/2484 2321/2321
f 2372/2372 2483/2483 2492/2492
f 2473/2473 2424/2424 1589/1589
f 2490/2490 2290/2290 2296/2296
f 2493/2493 1589/1589 2424/2424
f 2482/2482 2490/2490 2281/2281
f 2492/2492 2494/2494 2372/2372
f 2495/2495 2372/2372 2494/2494
f 2486/2486 2290/2290 2490/2490
f 2412/2412 1573/1573 2443/2443
f 2444/2444 2434/2434 2477/2477
f 2420/2420 2496/2496 2428/2428
f 2497/2497 1658/1658 2498/2498
f 2482/2482 2469/2469 2472/2472
f 2496/2496 2474/2474 2428/2428
f 2493/2493 2453/2453 2059/2059
f 2431/2431 2475/2475 2485/2485
f 2475/2475 2499/2499 2485/2485
f 2453/2453 2500/2500 2059/2059
f 2478/2478 2484/2484 2502/2502
f 2485/2485 2503/2503 2489/2489
f 1557/1557 2473/2473 1589/1589
f 2491/2491 2502/2502 2484/2484
f 2485/2485 2499/2499 2503/2503
f 2504/2504 2505/2505 2506/2506
f 2501/2501 2508/2508 2509/2509
f 2482/2482 2510/2510 2490/2490
f 2510/2510 2486/2486 2490/2490
f 2482/2482 2472/2472 2510/2510
f 1589/1589 2493/2493 2059/2059
f 2511/2511 2512/2512 2504/2504
f 2512/2512 2513/2513 2505/2505
f 1573/1573 1593/1593 2443/2443
f 2505/2505 2504/2504 2512/2512
f 2059/2059 1584/1584 1589/1589
f 2494/2494 2492/2492 2514/2514
f 2386/2386 2447/2447 2471/2471
f 2515/2515 2475/2475 2446/2446
f 2516/2516 2446/2446 2464/2464
f 2511/2511 1685/1685 2512/2512
f 2471/2471 2447/2447 2517/2517
f 2515/2515 2446/2446 2516/2516
f 2518/2518 2059/2059 2519/2519
f 2447/2447 2448/2448 2517/2517
f 1682/1682 2520/2520 1680/1680
f 2468/2468 2460/2460 2521/2521
f 2522/2522 2519/2519 2059/2059
f 2523/2523 2517/2517 2448/2448
f 2059/2059 2500/2500 2522/2522
f 2513/2513 2512/2512 2524/2524
f 2512/2512 1685/1685 2524/2524
f 2444/2444 2477/2477 2460/2460
f 2460/2460 2477/2477 2501/2501
f 2501/2501 2525/2525 2460/2460
f 2513/2513 2524/2524 2181/2181
f 2424/2424 2453/2453 2493/2493
f 1687/1687 2181/2181 2524/2524
f 2460/2460 2525/2525 2521/2521
f 1687/1687 2524/2524 1685/1685
f 2263/2263 2526/2526 2266/2266
f 2501/2501 2527/2527 2525/2525
f 2266/2266 2526/2526 2528/2528
f 2453/2453 2529/2529 2500/2500
f 2528/2528 2526/2526 2530/2530
f 2471/2471 2531/2531 2532/2532
f 2530/2530 2533/2533 2528/2528
f 2475/2475 2515/2515 2499/2499
f 1691/1691 1690/1690 1732/1732
f 2510/2510 2472/2472 2532/2532
f 2534/2534 2535/2535 2536/2536
f 2537/2537 2528/2528 2533/2533
f 2535/2535 2480/2480 2536/2536
f 2501/2501 2509/2509 2527/2527
f 1738/1738 2394/2394 1732/1732
f 2538/2538 2527/2527 2509/2509
f 1752/1752 2394/2394 1738/1738
f 2283/2283 2264/2264 2266/2266
f 2528/2528 2283/2283 2266/2266
f 2538/2538 2525/2525 2527/2527
f 1752/1752 2398/2398 2394/2394
f 1752/1752 1791/1791 2398/2398
f 2283/2283 2528/2528 2537/2537
f 2532/2532 2531/2531 2539/2539
f 1751/1751 2390/2390 1792/1792
f 2533/2533 2530/2530 2540/2540
f 2533/2533 2540/2540 2541/2541
f 2537/2537 2533/2533 2541/2541
f 2499/2499 2515/2515 2543/2543
f 2316/2316 2544/2544 2272/2272
f 2544/2544 2316/2316 2315/2315
f 2545/2545 2521/2521 2546/2546
f 2536/2536 2547/2547 2534/2534
f 2398/2398 1791/1791 2437/2437
f 2538/2538 2521/2521 2525/2525
f 2437/2437 1791/1791 1832/1832
f 2548/2548 2549/2549 2547/2547
f 2550/2550 2549/2549 2548/2548
f 2546/2546 2521/2521 2538/2538
f 2538/2538 2551/2551 2546/2546
f 1791/1791 1790/1790 1832/1832
f 2313/2313 2320/2320 2552/2552
f 1785/1785 1792/1792 2449/2449
f 2554/2554 2333/2333 2331/2331
f 2555/2555 2311/2311 2333/2333
f 2449/2449 1792/1792 2390/2390
f 2554/2554 2555/2555 2333/2333
f 2556/2556 2557/2557 2558/2558
f 2559/2559 2503/2503 2499/2499
f 2543/2543 2559/2559 2499/2499
f 1832/1832 2432/2432 2437/2437
f 2544/2544 2315/2315 2560/2560
f 2552/2552 2560/2560 2315/2315
f 2560/2560 2552/2552 2561/2561
f 2544/2544 2560/2560 2562/2562
f 2563/2563 2560/2560 2561/2561
f 2564/2564 2561/2561 2552/2552
f 2561/2561 2564/2564 2563/2563
f 2201/2201 2565/2565 2293/2293
f 1785/1785 2449/2449 1836/1836
f 2566/2566 2293/2293 2565/2565
f 2567/2567 2568/2568 2486/2486
f 2569/2569 2287/2287 2570/2570
f 2283/2283 2570/2570 2287/2287
f 1833/1833 2571/2571 2450/2450
f 2287/2287 2569/2569 2288/2288
f 2341/2341 2288/2288 2569/2569
f 2570/2570 2283/2283 2537/2537
f 2059/2059 2518/2518 2051/2051
f 2284/2284 2572/2572 2285/2285
f 2570/2570 2558/2558 2569/2569
f 2572/2572 2284/2284 2573/2573
f 2574/2574 2566/2566 2565/2565
f 2555/2555 2554/2554 2575/2575
f 2577/2577 2573/2573 2284/2284
f 2039/2039 2578/2578 1593/1593
f 2569/2569 2558/2558 2557/2557
f 2557/2557 2341/2341 2569/2569
f 2566/2566 2298/2298 2293/2293
f 2579/2579 2486/2486 2510/2510
f 2577/2577 2284/2284 2289/2289
f 2570/2570 2580/2580 2558/2558
f 2581/2581 2567/2567 2486/2486
f 2076/2076 2051/2051 2518/2518
f 2486/2486 2579/2579 2581/2581
f 2558/2558 2580/2580 2582/2582
f 2510/2510 2532/2532 2579/2579
f 2583/2583 2578/2578 2039/2039
f 2584/2584 2541/2541 2540/2540
f 2076/2076 2518/2518 2585/2585
f 2585/2585 2586/2586 2076/2076
f 2532/2532 2587/2587 2579/2579
f 2289/2289 2318/2318 2577/2577
f 2318/2318 2588/2588 2577/2577
f 2579/2579 2587/2587 2581/2581
f 2298/2298 2566/2566 2589/2589
f 2574/2574 2589/2589 2566/2566
f 2369/2369 2541/2541 2584/2584
f 2042/2042 2583/2583 2039/2039
f 2298/2298 2589/2589 2590/2590
f 2591/2591 2592/2592 2593/2593
f 2589/2589 2594/2594 2590/2590
f 2553/2553 2591/2591 2576/2576
f 2553/2553 2592/2592 2591/2591
f 2595/2595 2596/2596 2541/2541
f 2589/2589 2574/2574 2594/2594
f 2597/2597 2567/2567 2581/2581
f 2071/2071 2586/2586 2132/2132
f 2595/2595 2541/2541 2369/2369
f 2132/2132 2029/2029 2071/2071
f 2598/2598 2573/2573 2577/2577
f 2532/2532 2539/2539 2587/2587
f 2586/2586 2599/2599 2132/2132
f 2598/2598 2577/2577 2588/2588
f 2600/2600 2560/2560 2563/2563
f 2586/2586 2071/2071 2076/2076
f 2539/2539 2601/2601 2587/2587
f 2601/2601 2602/2602 2587/2587
f 2597/2597 2603/2603 2567/2567
f 2604/2604 2596/2596 2595/2595
f 2581/2581 2587/2587 2602/2602
f 2602/2602 2597/2597 2581/2581
f 2580/2580 2596/2596 2604/2604
f 2605/2605 2606/2606 2607/2607
f 2580/2580 2604/2604 2608/2608
f 2574/2574 2607/2607 2609/2609
f 2537/2537 2541/2541 2596/2596
f 2570/2570 2537/2537 2596/2596
f 1828/1828 1763/1763 2573/2573
f 2593/2593 2610/2610 2591/2591
f 2610/2610 2593/2593 2611/2611
f 2609/2609 2594/2594 2574/2574
f 2609/2609 2612/2612 2594/2594
f 2613/2613 2583/2583 2042/2042
f 1759/1759 2614/2614 2615/2615
f 2596/2596 2580/2580 2570/2570
f 2369/2369 2368/2368 2595/2595
f 2616/2616 2599/2599 2617/2617
f 2618/2618 2612/2612 2609/2609
f 2619/2619 2595/2595 2368/2368
f 1828/1828 2598/2598 1834/1834
f 1828/1828 2573/2573 2598/2598
f 2619/2619 2604/2604 2595/2595
f 1844/1844 2618/2618 2609/2609
f 2037/2037 2117/2117 2041/2041
f 2191/2191 2615/2615 2192/2192
f 2041/2041 2117/2117 2042/2042
f 2225/2225 2615/2615 2191/2191
f 2563/2563 2564/2564 2600/2600
f 2277/2277 2298/2298 2590/2590
f 1759/1759 2205/2205 1684/1684
f 2205/2205 1759/1759 2615/2615
f 2277/2277 2590/2590 2319/2319
f 2620/2620 2582/2582 2621/2621
f 2556/2556 2582/2582 2620/2620
f 2558/2558 2582/2582 2556/2556
f 2042/2042 2117/2117 2622/2622
f 2319/2319 2590/2590 2623/2623
f 2564/2564 2624/2624 2625/2625
f 2625/2625 2600/2600 2564/2564
f 2623/2623 2590/2590 2594/2594
f 2615/2615 2225/2225 2205/2205
f 2312/2312 2319/2319 2324/2324
f 2626/2626 2600/2600 2625/2625
f 2627/2627 2319/2319 2623/2623
f 2141/2141 2117/2117 1649/1649
f 2608/2608 2582/2582 2580/2580
f 2319/2319 2627/2627 2324/2324
f 2560/2560 2600/2600 2562/2562
f 2225/2225 2259/2259 2205/2205
f 2626/2626 2562/2562 2600/2600
f 2628/2628 2627/2627 2623/2623
f 2621/2621 2582/2582 2608/2608
f 2117/2117 2141/2141 2622/2622
f 2608/2608 2629/2629 2621/2621
f 2137/2137 2157/2157 2630/2630
f 2631/2631 2562/2562 2626/2626
f 2136/2136 2157/2157 2137/2137
f 2623/2623 2594/2594 2628/2628
f 2631/2631 2626/2626 2632/2632
f 2255/2255 2205/2205 2259/2259
f 2633/2633 2318/2318 2325/2325
f 2629/2629 2608/2608 2634/2634
f 2325/2325 2323/2323 2633/2633
f 2629/2629 2635/2635 2636/2636
f 2636/2636 2621/2621 2629/2629
f 2637/2637 2148/2148 2137/2137
f 2626/2626 2625/2625 2638/2638
f 2273/2273 2259/2259 2639/2639
f 2318/2318 2633/2633 2588/2588
f 2634/2634 2640/2640 2629/2629
f 2141/2141 2149/2149 2622/2622
f 2259/2259 2225/2225 2639/2639
f 2639/2639 2225/2225 2224/2224
f 2640/2640 2641/2641 2642/2642
f 2612/2612 2628/2628 2594/2594
f 2643/2643 2644/2644 2631/2631
f 2631/2631 2632/2632 2643/2643
f 2157/2157 2132/2132 2599/2599
f 2310/2310 2639/2639 2224/2224
f 2157/2157 2599/2599 2630/2630
f 2608/2608 2604/2604 2645/2645
f 2598/2598 2588/2588 1834/1834
f 2604/2604 2619/2619 2645/2645
f 2634/2634 2608/2608 2645/2645
f 2646/2646 2647/2647 2612/2612
f 2648/2648 2634/2634 2645/2645
f 1907/1907 2647/2647 2646/2646
f 2372/2372 2619/2619 2368/2368
f 2612/2612 2618/2618 2646/2646
f 1907/1907 2618/2618 1844/1844
f 2646/2646 2618/2618 1907/1907
f 2273/2273 2639/2639 2649/2649
f 2649/2649 2639/2639 2310/2310
f 2273/2273 2649/2649 2479/2479
f 2650/2650 2619/2619 2372/2372
f 2613/2613 2042/2042 2622/2622
f 1834/1834 2588/2588 1819/1819
f 2612/2612 2647/2647 2628/2628
f 2645/2645 2619/2619 2650/2650
f 2613/2613 2622/2622 2651/2651
f 2652/2652 2628/2628 2647/2647
f 2652/2652 2653/2653 2628/2628
f 2638/2638 2632/2632 2626/2626
f 2310/2310 2311/2311 2555/2555
f 2625/2625 2506/2506 2638/2638
f 2506/2506 2632/2632 2638/2638
f 2599/2599 2616/2616 2630/2630
f 2647/2647 1923/1923 2652/2652
f 1819/1819 2588/2588 1820/1820
f 2633/2633 1820/1820 2588/2588
f 2648/2648 2654/2654 2640/2640
f 2648/2648 2640/2640 2634/2634
f 2480/2480 2479/2479 2649/2649
f 1922/1922 2647/2647 1907/1907
f 2655/2655 2480/2480 2649/2649
f 2137/2137 2630/2630 2637/2637
f 2649/2649 2310/2310 2555/2555
f 2555/2555 2655/2655 2649/2649
f 1922/1922 1923/1923 2647/2647
f 2632/2632 2656/2656 2643/2643
f 2149/2149 2651/2651 2622/2622
f 2630/2630 2657/2657 2637/2637
f 2648/2648 2645/2645 2658/2658
f 2659/2659 2655/2655 2555/2555
f 2650/2650 2658/2658 2645/2645
f 2660/2660 2606/2606 2661/2661
f 2654/2654 2648/2648 2658/2658
f 2607/2607 2606/2606 2609/2609
f 2606/2606 2660/2660 2609/2609
f 2148/2148 2637/2637 2183/2183
f 1763/1763 1828/1828 1764/1764
f 2650/2650 2372/2372 2495/2495
f 2662/2662 2480/2480 2655/2655
f 2659/2659 2662/2662 2655/2655
f 1795/1795 2660/2660 2661/2661
f 1845/1845 2660/2660 1795/1795
f 2651/2651 2663/2663 2613/2613
f 2480/2480 2662/2662 2536/2536
f 2609/2609 2660/2660 1844/1844
f 2630/2630 2616/2616 2664/2664
f 2495/2495 2665/2665 2650/2650
f 2665/2665 2495/2495 2666/2666
f 2667/2667 2663/2663 2668/2668
f 2650/2650 2665/2665 2658/2658
f 2663/2663 2651/2651 2668/2668
f 2660/2660 1845/1845 1844/1844
f 2548/2548 2536/2536 2662/2662
f 1834/1834 1829/1829 1828/1828
f 2548/2548 2547/2547 2536/2536
f 2630/2630 2664/2664 2657/2657
f 2654/2654 2669/2669 2640/2640
f 2670/2670 2664/2664 2671/2671
f 2670/2670 2657/2657 2664/2664
f 2672/2672 1771/1771 2661/2661
f 1795/1795 2661/2661 1771/1771
f 1908/1908 1907/1907 1844/1844
f 2673/2673 2669/2669 2654/2654
f 2505/2505 2632/2632 2506/2506
f 2627/2627 2491/2491 2324/2324
f 2674/2674 2675/2675 2668/2668
f 2505/2505 2656/2656 2632/2632
f 2676/2676 2502/2502 2491/2491
f 2673/2673 2654/2654 2677/2677
f 2507/2507 2502/2502 2676/2676
f 2627/2627 2653/2653 2491/2491
f 2654/2654 2658/2658 2677/2677
f 2575/2575 2659/2659 2555/2555
f 2677/2677 2658/2658 2665/2665
f 1962/1962 2633/2633 2323/2323
f 2677/2677 1680/1680 2673/2673
f 1962/1962 2323/2323 2489/2489
f 2169/2169 2651/2651 2149/2149
f 2656/2656 2505/2505 2513/2513
f 2183/2183 2637/2637 2657/2657
f 2491/2491 2653/2653 2676/2676
f 2627/2627 2628/2628 2653/2653
f 2169/2169 2668/2668 2651/2651
f 2677/2677 2665/2665 2678/2678
f 2677/2677 2678/2678 1680/1680
f 2659/2659 2679/2679 2662/2662
f 2653/2653 2680/2680 2676/2676
f 2666/2666 2495/2495 2494/2494
f 2652/2652 2681/2681 2653/2653
f 2681/2681 2680/2680 2653/2653
f 2679/2679 2659/2659 2575/2575
f 2633/2633 1962/1962 1820/1820
f 2682/2682 2657/2657 2670/2670
f 2662/2662 2679/2679 2548/2548
f 2657/2657 2182/2182 2183/2183
f 2182/2182 2657/2657 2682/2682
f 2678/2678 2665/2665 2614/2614
f 2614/2614 2665/2665 2666/2666
f 2503/2503 2683/2683 2489/2489
f 1962/1962 2489/2489 2683/2683
f 1683/1683 1680/1680 2678/2678
f 1681/1681 1680/1680 1683/1683
f 2682/2682 2684/2684 2197/2197
f 2675/2675 2674/2674 2193/2193
f 2686/2686 2687/2687 2508/2508
f 2680/2680 2507/2507 2676/2676
f 2674/2674 2668/2668 2169/2169
f 2576/2576 2591/2591 2610/2610
f 2614/2614 1759/1759 2678/2678
f 2182/2182 2682/2682 2197/2197
f 1759/1759 1683/1683 2678/2678
f 2685/2685 2507/2507 2680/2680
f 2193/2193 2674/2674 2169/2169
f 2688/2688 2548/2548 2679/2679
f 1962/1962 2683/2683 1970/1970
f 2494/2494 2514/2514 2689/2689
f 2689/2689 2190/2190 2494/2494
f 2680/2680 2681/2681 2685/2685
f 2691/2691 2679/2679 2575/2575
f 2691/2691 2688/2688 2679/2679
f 2688/2688 2550/2550 2548/2548
f 2681/2681 2652/2652 1923/1923
f 2610/2610 2690/2690 2576/2576
f 2190/2190 2689/2689 2220/2220
f 1977/1977 2681/2681 1923/1923
f 2191/2191 2190/2190 2220/2220
f 2192/2192 2666/2666 2494/2494
f 2614/2614 2666/2666 2192/2192
f 2692/2692 2451/2451 2693/2693
f 2192/2192 2494/2494 2190/2190
f 2694/2694 2690/2690 2610/2610
f 2442/2442 2695/2695 2696/2696
f 2681/2681 1977/1977 2685/2685
f 2615/2615 2614/2614 2192/2192
f 2685/2685 1977/1977 2698/2698
f 1978/1978 1977/1977 1923/1923
f 2694/2694 2610/2610 2611/2611
f 2177/2177 912/912 366/366
f 2443/2443 1593/1593 2578/2578
f 2178/2178 2177/2177 2252/2252
f 2538/2538 2509/2509 2508/2508
f 2443/2443 2578/2578 2699/2699
f 2538/2538 2508/2508 2687/2687
f 352/352 1787/1787 1793/1793
f 2559/2559 1991/1991 2503/2503
f 2538/2538 2687/2687 2700/2700
f 1823/1823 2701/2701 1793/1793
f 1874/1874 1847/1847 1866/1866
f 2687/2687 2686/2686 2700/2700
f 1991/1991 2683/2683 2503/2503
f 2702/2702 2703/2703 363/363
f 1902/1902 1807/1807 1843/1843
f 362/362 2177/2177 366/366
f 2177/2177 362/362 2703/2703
f 1874/1874 1866/1866 2704/2704
f 1970/1970 2683/2683 1991/1991
f 1991/1991 1972/1972 1970/1970
f 377/377 2199/2199 2705/2705
f 2703/2703 362/362 363/363
f 377/377 2705/2705 374/374
f 2578/2578 2706/2706 2699/2699
f 2518/2518 2519/2519 2522/2522
f 2704/2704 1866/1866 2707/2707
f 2518/2518 2522/2522 2585/2585
f 2543/2543 2708/2708 2559/2559
f 2710/2710 2703/2703 2702/2702
f 2538/2538 2700/2700 2711/2711
f 2704/2704 1891/1891 1874/1874
f 2706/2706 2578/2578 2583/2583
f 2538/2538 2711/2711 2551/2551
f 2712/2712 2699/2699 2706/2706
f 2713/2713 1891/1891 2704/2704
f 2198/2198 2334/2334 2199/2199
f 2714/2714 2713/2713 2704/2704
f 2715/2715 2585/2585 2522/2522
f 2710/2710 2177/2177 2703/2703
f 2559/2559 2708/2708 1991/1991
f 2716/2716 2715/2715 2522/2522
f 1824/1824 2199/2199 2334/2334
f 2706/2706 2717/2717 2718/2718
f 352/352 363/363 350/350
f 2719/2719 2711/2711 2700/2700
f 2697/2697 2719/2719 2700/2700
f 2706/2706 2718/2718 2712/2712
f 373/373 397/397 387/387
f 352/352 2702/2702 363/363
f 1793/1793 2702/2702 352/352
f 2705/2705 398/398 374/374
f 2719/2719 2720/2720 2711/2711
f 2441/2441 1807/1807 1902/1902
f 2697/2697 2700/2700 2686/2686
f 1797/1797 398/398 2705/2705
f 2699/2699 2442/2442 2443/2443
f 2442/2442 2699/2699 2695/2695
f 1996/1996 2698/2698 1977/1977
f 2701/2701 2702/2702 1793/1793
f 2701/2701 2721/2721 2702/2702
f 1824/1824 1797/1797 2705/2705
f 2702/2702 2721/2721 2710/2710
f 2529/2529 2522/2522 2500/2500
f 2710/2710 2721/2721 2701/2701
f 1995/1995 2719/2719 2697/2697
f 2334/2334 2722/2722 1824/1824
f 2692/2692 2522/2522 2529/2529
f 2705/2705 2199/2199 1824/1824
f 2451/2451 2529/2529 2453/2453
f 1990/1990 2723/2723 2004/2004
f 2001/2001 2720/2720 2719/2719
f 2704/2704 2724/2724 2714/2714
f 2001/2001 2719/2719 1995/1995
f 1823/1823 1868/1868 2701/2701
f 2692/2692 2529/2529 2451/2451
f 2417/2417 2439/2439 2402/2402
f 2725/2725 2402/2402 2439/2439
f 2726/2726 2725/2725 2439/2439
f 1868/1868 2257/2257 2710/2710
f 2252/2252 2177/2177 2710/2710
f 2252/2252 2710/2710 2257/2257
f 2699/2699 2712/2712 2695/2695
f 2695/2695 2712/2712 2727/2727
f 1866/1866 2728/2728 2707/2707
f 2334/2334 2340/2340 2722/2722
f 2729/2729 2418/2418 2730/2730
f 2340/2340 2334/2334 2335/2335
f 2693/2693 2731/2731 2692/2692
f 2707/2707 2724/2724 2704/2704
f 2440/2440 2726/2726 2439/2439
f 2276/2276 2257/2257 2336/2336
f 2418/2418 2729/2729 2732/2732
f 2420/2420 2418/2418 2732/2732
f 1868/1868 2336/2336 2257/2257
f 2726/2726 2733/2733 2734/2734
f 2716/2716 2692/2692 2731/2731
f 2701/2701 1868/1868 2710/2710
f 2497/2497 2498/2498 2726/2726
f 2522/2522 2692/2692 2716/2716
f 1826/1826 2722/2722 2340/2340
f 2707/2707 2735/2735 2724/2724
f 1824/1824 2722/2722 1826/1826
f 1657/1657 2733/2733 2726/2726
f 1826/1826 2340/2340 1918/1918
f 2731/2731 2736/2736 2716/2716
f 1868/1868 1538/1538 2336/2336
f 2737/2737 2738/2738 2734/2734
f 2716/2716 2736/2736 2739/2739
f 1888/1888 1918/1918 1552/1552
f 2740/2740 2441/2441 1902/1902
f 2729/2729 2741/2741 1544/1544
f 2733/2733 2737/2737 2734/2734
f 2733/2733 1657/1657 2737/2737
f 1544/1544 2732/2732 2729/2729
f 2714/2714 2724/2724 2742/2742
f 2743/2743 2744/2744 2737/2737
f 1552/1552 1918/1918 2340/2340
f 1538/1538 1868/1868 1876/1876
f 2727/2727 2718/2718 2695/2695
f 2343/2343 2278/2278 2336/2336
f 2718/2718 2745/2745 2695/2695
f 2336/2336 1537/1537 2343/2343
f 2745/2745 2718/2718 2746/2746
f 2747/2747 2744/2744 2743/2743
f 2718/2718 2727/2727 2712/2712
f 1544/1544 1546/1546 2732/2732
f 2748/2748 2724/2724 2735/2735
f 2441/2441 2740/2740 2749/2749
f 2748/2748 2742/2742 2724/2724
f 2750/2750 2739/2739 2736/2736
f 2498/2498 1657/1657 2726/2726
f 2750/2750 2751/2751 2739/2739
f 2742/2742 2748/2748 2752/2752
f 1876/1876 1539/1539 1538/1538
f 2420/2420 2732/2732 1671/1671
f 1941/1941 1891/1891 2713/2713
f 2736/2736 2731/2731 2750/2750
f 2340/2340 2339/2339 1552/1552
f 2753/2753 2750/2750 2731/2731
f 1538/1538 1537/1537 2336/2336
f 1552/1552 2339/2339 2353/2353
f 2718/2718 2754/2754 2746/2746
f 1552/1552 2353/2353 1550/1550
f 1941/1941 2713/2713 1952/1952
f 1671/1671 2732/2732 1629/1629
f 2718/2718 2755/2755 2754/2754
f 1663/1663 2743/2743 2737/2737
f 1663/1663 1614/1614 2743/2743
f 1662/1662 1626/1626 1663/1663
f 1629/1629 2732/2732 1546/1546
f 1902/1902 1897/1897 2756/2756
f 2713/2713 2714/2714 1952/1952
f 2714/2714 2742/2742 1952/1952
f 1616/1616 1568/1568 1567/1567
f 1935/1935 2757/2757 1897/1897
f 2758/2758 2571/2571 1840/1840
f 1840/1840 2571/2571 1833/1833
f 2759/2759 1953/1953 1952/1952
f 2442/2442 1836/1836 2449/2449
f 2696/2696 1836/1836 2442/2442
f 1836/1836 2696/2696 2760/2760
f 1836/1836 2760/2760 2761/2761
f 2761/2761 2760/2760 2762/2762
f 2451/2451 2450/2450 2571/2571
f 2756/2756 1897/1897 2757/2757
f 2763/2763 2693/2693 2571/2571
f 2693/2693 2451/2451 2571/2571
f 2764/2764 1952/1952 2742/2742
f 2756/2756 2740/2740 1902/1902
f 2765/2765 2764/2764 2742/2742
f 2756/2756 2766/2766 2740/2740
f 2695/2695 2762/2762 2696/2696
f 2767/2767 2693/2693 2763/2763
f 2768/2768 2766/2766 2756/2756
f 2696/2696 2762/2762 2760/2760
f 2759/2759 1952/1952 2764/2764
f 2767/2767 2769/2769 2693/2693
f 2769/2769 2767/2767 2770/2770
f 2771/2771 2770/2770 2767/2767
f 2759/2759 2764/2764 2772/2772
f 2768/2768 2756/2756 2757/2757
f 2757/2757 2773/2773 2768/2768
f 2758/2758 1840/1840 1854/1854
f 2765/2765 2774/2774 2764/2764
f 1854/1854 2763/2763 2758/2758
f 2764/2764 2774/2774 2772/2772
f 1836/1836 2396/2396 1857/1857
f 2396/2396 1836/1836 2761/2761
f 2774/2774 2776/2776 2772/2772
f 2763/2763 1854/1854 2767/2767
f 2523/2523 2448/2448 2749/2749
f 2749/2749 2448/2448 2441/2441
f 2771/2771 2767/2767 1854/1854
f 2748/2748 2735/2735 2777/2777
f 2748/2748 2777/2777 2778/2778
f 2402/2402 1854/1854 1853/1853
f 2762/2762 2695/2695 2745/2745
f 2749/2749 2740/2740 2779/2779
f 2740/2740 2766/2766 2779/2779
f 2780/2780 2748/2748 2778/2778
f 2752/2752 2748/2748 2780/2780
f 2781/2781 2752/2752 2782/2782
f 2778/2778 2777/2777 2780/2780
f 2761/2761 2762/2762 2783/2783
f 2780/2780 2777/2777 2549/2549
f 2780/2780 2549/2549 2550/2550
f 2418/2418 2396/2396 2761/2761
f 2783/2783 2418/2418 2761/2761
f 2402/2402 2771/2771 1854/1854
f 2780/2780 2782/2782 2752/2752
f 2771/2771 2402/2402 2725/2725
f 2765/2765 2742/2742 2752/2752
f 2781/2781 2765/2765 2752/2752
f 2730/2730 2418/2418 2783/2783
f 2771/2771 2784/2784 2785/2785
f 2786/2786 2770/2770 2771/2771
f 2785/2785 2786/2786 2771/2771
f 2765/2765 2781/2781 2774/2774
f 2725/2725 2784/2784 2771/2771
f 2787/2787 2774/2774 2781/2781
f 2734/2734 2784/2784 2725/2725
f 2773/2773 2789/2789 2768/2768
f 2790/2790 2779/2779 2766/2766
f 2783/2783 2762/2762 2730/2730
f 2791/2791 2601/2601 2539/2539
f 2784/2784 2792/2792 2785/2785
f 2762/2762 2745/2745 2730/2730
f 2793/2793 2602/2602 2601/2601
f 2601/2601 2791/2791 2793/2793
f 2793/2793 2791/2791 2794/2794
f 2780/2780 2550/2550 2782/2782
f 2795/2795 2782/2782 2550/2550
f 2797/2797 2792/2792 2784/2784
f 2738/2738 2792/2792 2797/2797
f 2738/2738 2797/2797 2734/2734
f 2731/2731 2693/2693 2769/2769
f 2769/2769 2770/2770 2731/2731
f 2731/2731 2770/2770 2753/2753
f 2798/2798 2611/2611 2799/2799
f 2798/2798 2799/2799 2800/2800
f 2801/2801 2766/2766 2768/2768
f 2746/2746 2730/2730 2745/2745
f 2768/2768 2789/2789 2801/2801
f 2790/2790 2766/2766 2801/2801
f 2776/2776 2774/2774 2787/2787
f 2753/2753 2792/2792 2750/2750
f 2750/2750 2802/2802 2803/2803
f 2804/2804 2781/2781 2782/2782
f 2746/2746 2754/2754 2806/2806
f 2804/2804 2782/2782 2795/2795
f 2803/2803 2751/2751 2750/2750
f 2804/2804 2787/2787 2781/2781
f 2807/2807 2803/2803 2802/2802
f 2805/2805 2808/2808 2788/2788
f 2785/2785 2753/2753 2786/2786
f 2753/2753 2785/2785 2792/2792
f 2809/2809 2788/2788 2808/2808
f 2788/2788 2809/2809 2810/2810
f 2790/2790 2811/2811 2812/2812
f 1953/1953 2759/2759 2058/2058
f 2730/2730 2746/2746 2741/2741
f 2806/2806 2741/2741 2746/2746
f 2058/2058 2759/2759 2075/2075
f 2757/2757 1935/1935 2081/2081
f 2807/2807 2802/2802 2813/2813
f 2759/2759 2814/2814 2075/2075
f 2759/2759 2772/2772 2814/2814
f 2741/2741 2806/2806 2815/2815
f 2813/2813 2802/2802 2816/2816
f 2081/2081 2817/2817 2757/2757
f 2075/2075 2814/2814 2079/2079
f 2730/2730 2741/2741 2729/2729
f 2818/2818 2079/2079 2814/2814
f 2819/2819 2816/2816 2792/2792
f 2053/2053 2084/2084 2081/2081
f 2819/2819 2820/2820 2816/2816
f 2818/2818 2155/2155 2079/2079
f 2817/2817 2081/2081 2084/2084
f 2821/2821 2820/2820 2819/2819
f 1544/1544 2741/2741 1545/1545
f 2773/2773 2757/2757 2817/2817
f 2818/2818 2814/2814 2772/2772
f 2772/2772 2822/2822 2818/2818
f 2816/2816 2820/2820 2813/2813
f 2813/2813 2820/2820 2823/2823
f 2822/2822 2772/2772 2776/2776
f 2815/2815 1564/1564 2741/2741
f 2741/2741 1564/1564 1545/1545
f 1564/1564 2815/2815 2824/2824
f 2820/2820 1569/1569 2823/2823
f 2825/2825 2818/2818 2827/2827
f 2818/2818 2822/2822 2827/2827
f 2829/2829 2823/2823 1569/1569
f 2830/2830 2829/2829 1569/1569
f 2820/2820 2821/2821 1569/1569
f 1567/1567 1569/1569 2821/2821
f 2155/2155 2146/2146 2054/2054
f 1569/1569 1574/1574 2830/2830
f 2054/2054 2079/2079 2155/2155
f 1570/1570 1564/1564 2824/2824
f 2084/2084 2080/2080 2164/2164
f 2164/2164 2831/2831 2084/2084
f 2825/2825 2832/2832 2155/2155
f 2833/2833 2084/2084 2831/2831
f 2156/2156 2155/2155 2832/2832
f 2156/2156 2832/2832 2171/2171
f 2706/2706 2583/2583 2717/2717
f 2585/2585 2715/2715 2617/2617
f 2663/2663 2755/2755 2583/2583
f 2717/2717 2583/2583 2755/2755
f 2739/2739 2617/2617 2715/2715
f 2715/2715 2716/2716 2739/2739
f 2834/2834 2171/2171 2832/2832
f 2586/2586 2585/2585 2617/2617
f 2164/2164 2835/2835 2831/2831
f 2586/2586 2617/2617 2599/2599
f 2155/2155 2818/2818 2825/2825
f 2583/2583 2613/2613 2663/2663
f 2834/2834 2832/2832 2825/2825
f 2825/2825 2836/2836 2834/2834
f 2755/2755 2663/2663 2667/2667
f 2755/2755 2718/2718 2717/2717
f 2834/2834 2836/2836 2838/2838
f 2840/2840 2617/2617 2841/2841
f 2617/2617 2739/2739 2841/2841
f 2840/2840 2739/2739 2842/2842
f 2843/2843 2839/2839 2837/2837
f 2840/2840 2841/2841 2739/2739
f 2844/2844 2755/2755 2667/2667
f 2616/2616 2617/2617 2840/2840
f 2845/2845 2773/2773 2817/2817
f 2846/2846 2616/2616 2840/2840
f 2847/2847 2846/2846 2848/2848
f 2817/2817 2084/2084 2833/2833
f 2833/2833 2845/2845 2817/2817
f 2846/2846 2849/2849 2848/2848
f 2840/2840 2849/2849 2846/2846
f 2843/2843 2837/2837 2826/2826
f 2831/2831 2850/2850 2833/2833
f 2847/2847 2848/2848 2849/2849
f 2843/2843 2851/2851 2839/2839
f 2822/2822 2776/2776 2827/2827
f 2773/2773 2845/2845 2789/2789
f 2775/2775 2852/2852 2828/2828
f 2853/2853 2828/2828 2852/2852
f 2739/2739 2751/2751 2842/2842
f 2840/2840 2842/2842 2854/2854
f 2775/2775 2810/2810 2852/2852
f 2853/2853 2852/2852 2810/2810
f 2810/2810 2855/2855 2853/2853
f 2844/2844 2856/2856 2755/2755
f 2857/2857 2854/2854 2842/2842
f 2857/2857 2840/2840 2854/2854
f 2826/2826 2828/2828 2858/2858
f 2853/2853 2858/2858 2828/2828
f 2842/2842 2751/2751 2807/2807
f 2857/2857 2842/2842 2807/2807
f 2751/2751 2803/2803 2807/2807
f 2806/2806 2754/2754 2755/2755
f 2806/2806 2755/2755 2856/2856
f 2826/2826 2858/2858 2859/2859
f 2855/2855 2858/2858 2853/2853
f 2807/2807 2860/2860 2857/2857
f 2845/2845 2861/2861 2789/2789
f 2840/2840 2860/2860 2849/2849
f 2859/2859 2858/2858 2855/2855
f 2857/2857 2860/2860 2840/2840
f 2860/2860 2862/2862 2849/2849
f 2616/2616 2671/2671 2664/2664
f 2846/2846 2671/2671 2616/2616
f 2846/2846 2670/2670 2671/2671
f 2846/2846 2847/2847 2670/2670
f 2863/2863 2810/2810 2809/2809
f 2864/2864 2810/2810 2863/2863
f 2844/2844 2667/2667 2668/2668
f 2844/2844 2668/2668 2675/2675
f 2864/2864 2859/2859 2855/2855
f 2865/2865 2670/2670 2847/2847
f 2866/2866 2859/2859 2864/2864
f 2867/2867 2789/2789 2861/2861
f 2865/2865 2684/2684 2670/2670
f 2193/2193 2868/2868 2675/2675
f 2864/2864 2855/2855 2810/2810
f 2844/2844 2675/2675 2868/2868
f 2859/2859 2843/2843 2826/2826
f 2845/2845 2833/2833 2861/2861
f 2682/2682 2670/2670 2684/2684
f 2869/2869 2684/2684 2865/2865
f 2201/2201 2197/2197 2684/2684
f 2870/2870 2843/2843 2859/2859
f 2201/2201 2684/2684 2869/2869
f 2871/2871 2861/2861 2833/2833
f 2862/2862 2847/2847 2849/2849
f 2872/2872 2856/2856 2844/2844
f 2856/2856 2873/2873 2806/2806
f 2870/2870 2851/2851 2843/2843
f 2860/2860 2807/2807 2874/2874
f 2850/2850 2871/2871 2833/2833
f 2875/2875 2876/2876 2870/2870
f 2877/2877 2872/2872 2878/2878
f 2862/2862 2860/2860 2874/2874
f 2879/2879 2862/2862 2874/2874
f 2873/2873 2856/2856 2872/2872
f 2880/2880 2867/2867 2861/2861
f 2859/2859 2866/2866 2875/2875
f 2877/2877 2873/2873 2872/2872
f 2881/2881 2875/2875 2866/2866
f 2882/2882 2873/2873 2877/2877
f 2875/2875 2870/2870 2859/2859
f 2872/2872 2868/2868 2883/2883
f 2861/2861 2871/2871 2880/2880
f 2844/2844 2868/2868 2872/2872
f 2875/2875 2881/2881 2884/2884
f 2881/2881 2885/2885 2884/2884
f 2886/2886 2875/2875 2884/2884
f 2193/2193 2285/2285 2868/2868
f 2550/2550 2688/2688 2887/2887
f 2688/2688 2691/2691 2887/2887
f 2887/2887 2795/2795 2550/2550
f 2796/2796 2888/2888 2889/2889
f 2883/2883 2868/2868 2285/2285
f 2888/2888 2690/2690 2889/2889
f 2793/2793 2890/2890 2602/2602
f 2201/2201 2869/2869 2565/2565
f 2597/2597 2602/2602 2891/2891
f 2602/2602 2890/2890 2891/2891
f 2572/2572 2883/2883 2285/2285
f 2892/2892 2893/2893 2694/2694
f 2690/2690 2893/2893 2889/2889
f 2893/2893 2690/2690 2694/2694
f 2889/2889 2894/2894 2796/2796
f 2878/2878 2872/2872 2883/2883
f 2796/2796 2894/2894 2805/2805
f 2878/2878 2883/2883 2572/2572
f 2794/2794 2890/2890 2793/2793
f 2812/2812 2890/2890 2794/2794
f 2895/2895 2896/2896 2897/2897
f 2891/2891 2890/2890 2898/2898
f 2877/2877 2878/2878 2899/2899
f 2894/2894 2889/2889 2893/2893
f 2899/2899 2878/2878 2572/2572
f 2694/2694 2611/2611 2798/2798
f 2892/2892 2694/2694 2798/2798
f 2900/2900 2892/2892 2798/2798
f 2900/2900 2798/2798 2800/2800
f 2573/2573 2899/2899 2572/2572
f 2901/2901 2899/2899 2573/2573
f 2901/2901 2573/2573 1763/1763
f 2807/2807 2902/2902 2874/2874
f 2898/2898 2890/2890 2812/2812
f 2893/2893 2808/2808 2894/2894
f 2894/2894 2808/2808 2805/2805
f 2903/2903 2902/2902 2807/2807
f 2903/2903 2904/2904 2902/2902
f 2874/2874 2902/2902 2904/2904
f 2807/2807 2813/2813 2903/2903
f 2903/2903 2813/2813 2823/2823
f 2873/2873 2815/2815 2806/2806
f 2812/2812 2905/2905 2898/2898
f 2812/2812 2811/2811 2905/2905
f 2815/2815 2873/2873 2882/2882
f 2882/2882 2824/2824 2815/2815
f 2906/2906 2808/2808 2893/2893
f 2904/2904 2903/2903 2829/2829
f 2808/2808 2907/2907 2809/2809
f 2904/2904 2879/2879 2874/2874
f 2895/2895 2879/2879 2904/2904
f 2895/2895 2904/2904 2896/2896
f 2906/2906 2907/2907 2808/2808
f 2882/2882 2877/2877 2908/2908
f 2863/2863 2809/2809 2907/2907
f 2908/2908 2877/2877 2899/2899
f 2891/2891 2898/2898 2905/2905
f 2909/2909 2904/2904 2829/2829
f 2905/2905 2910/2910 2891/2891
f 2823/2823 2829/2829 2903/2903
f 2892/2892 2906/2906 2893/2893
f 2906/2906 2892/2892 2911/2911
f 2911/2911 2892/2892 2900/2900
f 2830/2830 2912/2912 2829/2829
f 2909/2909 2829/2829 2912/2912
f 2913/2913 2800/2800 2914/2914
f 2913/2913 2900/2900 2800/2800
f 2913/2913 2914/2914 2915/2915
f 2900/2900 2913/2913 2916/2916
f 2905/2905 2811/2811 2917/2917
f 2918/2918 2910/2910 2905/2905
f 1743/1743 2908/2908 2919/2919
f 2906/2906 2911/2911 2920/2920
f 2824/2824 2882/2882 1570/1570
f 1574/1574 2912/2912 2830/2830
f 2917/2917 2918/2918 2905/2905
f 2906/2906 2920/2920 2907/2907
f 2882/2882 1600/1600 1570/1570
f 2907/2907 2920/2920 2921/2921
f 2920/2920 2911/2911 2922/2922
f 1721/1721 2912/2912 1574/1574
f 2920/2920 2922/2922 2923/2923
f 2911/2911 2900/2900 2916/2916
f 2922/2922 2911/2911 2916/2916
f 1574/1574 1711/1711 1721/1721
f 2922/2922 2916/2916 2924/2924
f 2924/2924 2916/2916 2913/2913
f 1575/1575 1711/1711 1574/1574
f 2811/2811 2925/2925 2917/2917
f 2909/2909 2912/2912 1721/1721
f 2909/2909 1739/1739 2926/2926
f 2864/2864 2863/2863 2927/2927
f 1743/1743 2882/2882 2908/2908
f 1600/1600 2882/2882 1743/1743
f 2925/2925 2928/2928 2917/2917
f 1721/1721 1739/1739 2909/2909
f 2921/2921 2863/2863 2907/2907
f 2929/2929 2926/2926 1739/1739
f 2921/2921 2930/2930 2863/2863
f 1739/1739 1721/1721 1722/1722
f 2930/2930 2927/2927 2863/2863
f 2864/2864 2927/2927 2931/2931
f 1773/1773 2929/2929 1739/1739
f 1739/1739 1736/1736 1773/1773
f 2897/2897 2896/2896 2932/2932
f 2909/2909 2932/2932 2896/2896
f 2932/2932 2909/2909 2926/2926
f 2605/2605 2897/2897 2932/2932
f 2933/2933 2605/2605 2932/2932
f 2923/2923 2921/2921 2920/2920
f 2934/2934 2918/2918 2917/2917
f 2919/2919 2908/2908 2899/2899
f 2932/2932 2926/2926 2935/2935
f 2934/2934 2936/2936 2918/2918
f 2918/2918 2936/2936 2910/2910
f 2935/2935 2933/2933 2932/2932
f 2913/2913 2937/2937 2924/2924
f 2938/2938 2924/2924 2937/2937
f 2939/2939 2935/2935 2926/2926
f 2917/2917 2928/2928 2934/2934
f 2933/2933 2935/2935 2939/2939
f 2933/2933 2939/2939 2940/2940
f 2941/2941 2939/2939 2929/2929
f 2934/2934 2942/2942 2936/2936
f 2936/2936 2943/2943 2910/2910
f 2944/2944 2924/2924 2945/2945
f 2919/2919 2899/2899 2901/2901
f 2921/2921 2923/2923 2930/2930
f 2606/2606 2605/2605 2933/2933
f 2606/2606 2933/2933 2661/2661
f 2941/2941 2940/2940 2939/2939
f 2940/2940 2941/2941 2933/2933
f 2944/2944 2923/2923 2922/2922
f 2944/2944 2922/2922 2924/2924
f 1765/1765 2901/2901 1763/1763
f 2941/2941 2672/2672 2933/2933
f 2661/2661 2933/2933 2672/2672
f 2923/2923 2946/2946 2930/2930
f 2930/2930 2946/2946 2947/2947
f 2947/2947 2927/2927 2930/2930
f 1765/1765 2919/2919 2901/2901
f 2927/2927 2947/2947 2931/2931
f 2946/2946 2923/2923 2944/2944
f 2939/2939 2926/2926 2929/2929
f 2864/2864 2881/2881 2866/2866
f 2885/2885 2881/2881 2864/2864
f 2928/2928 2867/2867 2880/2880
f 2864/2864 2931/2931 2885/2885
f 1743/1743 2919/2919 1765/1765
f 1773/1773 2941/2941 2929/2929
f 2948/2948 2928/2928 2880/2880
f 2941/2941 1773/1773 1772/1772
f 1772/1772 2672/2672 2941/2941
f 2949/2949 2885/2885 2931/2931
f 2931/2931 2947/2947 2949/2949
f 2950/2950 2949/2949 2947/2947
f 2949/2949 2884/2884 2885/2885
f 2951/2951 2948/2948 2880/2880
f 1771/1771 2672/2672 1772/1772
f 2950/2950 2884/2884 2949/2949
f 2952/2952 2884/2884 2950/2950
f 2953/2953 2952/2952 2950/2950
f 605/605 598/598 637/637
f 2928/2928 2942/2942 2934/2934
f 2954/2954 605/605 637/637
f 2942/2942 2928/2928 2955/2955
f 2955/2955 2928/2928 2948/2948
f 2956/2956 2943/2943 2936/2936
f 2957/2957 1634/1634 605/605
f 2954/2954 2957/2957 605/605
f 2957/2957 1710/1710 1634/1634
f 1688/1688 1701/1701 2958/2958
f 2958/2958 1701/1701 2959/2959
f 2942/2942 2955/2955 2936/2936
f 2960/2960 2947/2947 2946/2946
f 2960/2960 2950/2950 2947/2947
f 2961/2961 2954/2954 637/637
f 2962/2962 2960/2960 2946/2946
f 2963/2963 2958/2958 2964/2964
f 2936/2936 2955/2955 2956/2956
f 2944/2944 2945/2945 2965/2965
f 2946/2946 2944/2944 2965/2965
f 2966/2966 618/618 1688/1688
f 2958/2958 2967/2967 1688/1688
f 2962/2962 2946/2946 2965/2965
f 619/619 618/618 2966/2966
f 1688/1688 2967/2967 2966/2966
f 2968/2968 2950/2950 2960/2960
f 619/619 2966/2966 647/647
f 647/647 2966/2966 657/657
f 2968/2968 2953/2953 2950/2950
f 2968/2968 2969/2969 2953/2953
f 2966/2966 2967/2967 657/657
f 2963/2963 657/657 2967/2967
f 2948/2948 2970/2970 2955/2955
f 2968/2968 2960/2960 2962/2962
f 637/637 649/649 2961/2961
f 2963/2963 2971/2971 657/657
f 2970/2970 2956/2956 2955/2955
f 2962/2962 2972/2972 2968/2968
f 2958/2958 2963/2963 2967/2967
f 2972/2972 2962/2962 2965/2965
f 2971/2971 2963/2963 2964/2964
f 1637/1637 1634/1634 1710/1710
f 2973/2973 2945/2945 2938/2938
f 2924/2924 2938/2938 2945/2945
f 1709/1709 1710/1710 1578/1578
f 2973/2973 2974/2974 2945/2945
f 2975/2975 1578/1578 1710/1710
f 1710/1710 2957/2957 2975/2975
f 1757/1757 1585/1585 2959/2959
f 2945/2945 2974/2974 2976/2976
f 2945/2945 2976/2976 2977/2977
f 2977/2977 2976/2976 2978/2978
f 2965/2965 2945/2945 2977/2977
f 2957/2957 2979/2979 2980/2980
f 2964/2964 2958/2958 2959/2959
f 2964/2964 2959/2959 2981/2981
f 2982/2982 2965/2965 2977/2977
f 2957/2957 2954/2954 2979/2979
f 2982/2982 2977/2977 2978/2978
f 2983/2983 2965/2965 2982/2982
f 1576/1576 2984/2984 2957/2957
f 2975/2975 2957/2957 2984/2984
f 2975/2975 2984/2984 1576/1576
f 2981/2981 2959/2959 1585/1585
f 2981/2981 1585/1585 1696/1696
f 1576/1576 1578/1578 2975/2975
f 1696/1696 1585/1585 1588/1588
f 2959/2959 1701/1701 1757/1757
f 1753/1753 1758/1758 1702/1702
f 1603/1603 1758/1758 1756/1756
f 1587/1587 1758/1758 1603/1603
f 1585/1585 1757/1757 1586/1586
f 2954/2954 1822/1822 2979/2979
f 2954/2954 2961/2961 1805/1805
f 1822/1822 2954/2954 1805/1805
f 793/793 656/656 657/657
f 2971/2971 793/793 657/657
f 2985/2985 793/793 2971/2971
f 1806/1806 2961/2961 649/649
f 2986/2986 794/794 793/793
f 1566/1566 794/794 2986/2986
f 793/793 2985/2985 2986/2986
f 1548/1548 2971/2971 2964/2964
f 2971/2971 1548/1548 1542/1542
f 2961/2961 1806/1806 1805/1805
f 1542/1542 2985/2985 2971/2971
f 1806/1806 649/649 796/796
f 2985/2985 1566/1566 2986/2986
f 1541/1541 1566/1566 2985/2985
f 1542/1542 1541/1541 2985/2985
f 1565/1565 1566/1566 1541/1541
f 1811/1811 1565/1565 1541/1541
f 1822/1822 2980/2980 2979/2979
f 1548/1548 2964/2964 2981/2981
f 2987/2987 1548/1548 1696/1696
f 2957/2957 2980/2980 1576/1576
f 1580/1580 1576/1576 2980/2980
f 1580/1580 2980/2980 1703/1703
f 1696/1696 1548/1548 2981/2981
f 1693/1693 1696/1696 1588/1588
f 1695/1695 2987/2987 1696/1696
f 1706/1706 2980/2980 1822/1822
f 1547/1547 1548/1548 2987/2987
f 1703/1703 2980/2980 1706/1706
f 1547/1547 2987/2987 1695/1695
f 1547/1547 1695/1695 1559/1559
f 2212/2212 265/265 264/264
f 2540/2540 2988/2988 2584/2584
f 2562/2562 2989/2989 2988/2988
f 1638/1638 264/264 254/254
f 264/264 1638/1638 2212/2212
f 1643/1643 1609/1609 1608/1608
f 1608/1608 1714/1714 1668/1668
f 2557/2557 2556/2556 2990/2990
f 2620/2620 2990/2990 2556/2556
f 2620/2620 2621/2621 2456/2456
f 2629/2629 2640/2640 2642/2642
f 2187/2187 2991/2991 2992/2992
f 2187/2187 2993/2993 2991/2991
f 2994/2994 1885/1885 2993/2993
f 2995/2995 2994/2994 2993/2993
f 2993/2993 1885/1885 2991/2991
f 2993/2993 2187/2187 2995/2995
f 286/286 1859/1859 299/299
f 2992/2992 288/288 304/304
f 310/310 2153/2153 304/304
f 2153/2153 2992/2992 304/304
f 286/286 288/288 1859/1859
f 2992/2992 1859/1859 288/288
f 2991/2991 1859/1859 2992/2992
f 1859/1859 2991/2991 1879/1879
f 2187/2187 2992/2992 2153/2153
f 2991/2991 1885/1885 1879/1879
f 1885/1885 2994/2994 2996/2996
f 1898/1898 1885/1885 2996/2996
f 2997/2997 2689/2689 2998/2998
f 2998/2998 2999/2999 2997/2997
f 1900/1900 1898/1898 2996/2996
f 2689/2689 2997/2997 2221/2221
f 2514/2514 2998/2998 2689/2689
f 2181/2181 2999/2999 2998/2998
f 2997/2997 2999/2999 3000/3000
f 2221/2221 2997/2997 2218/2218
f 3000/3000 2218/2218 2997/2997
f 2999/2999 3001/3001 3000/3000
f 2220/2220 2689/2689 2221/2221
f 2185/2185 2999/2999 2181/2181
f 872/872 850/850 851/851
f 1519/1519 872/872 851/851
f 3002/3002 1919/1919 872/872
f 1919/1919 3003/3003 1915/1915
f 2185/2185 3001/3001 2999/2999
f 871/871 3004/3004 872/872
f 3004/3004 3002/3002 872/872
f 3002/3002 3004/3004 3005/3005
f 3002/3002 3005/3005 1919/1919
f 3005/3005 3006/3006 1919/1919
f 2219/2219 2218/2218 3000/3000
f 3003/3003 1919/1919 3006/3006
f 3004/3004 3007/3007 3005/3005
f 2292/2292 3000/3000 3001/3001
f 3005/3005 3007/3007 3008/3008
f 3000/3000 2292/2292 2299/2299
f 2219/2219 3000/3000 2299/2299
f 3009/3009 3010/3010 3003/3003
f 3011/3011 3012/3012 3009/3009
f 3011/3011 3013/3013 3012/3012
f 2292/2292 3001/3001 2185/2185
f 2292/2292 2185/2185 2216/2216
f 2219/2219 2299/2299 2222/2222
f 3009/3009 3003/3003 3011/3011
f 3006/3006 3014/3014 3003/3003
f 3008/3008 3006/3006 3005/3005
f 2234/2234 2222/2222 2299/2299
f 3008/3008 3015/3015 3006/3006
f 3006/3006 3015/3015 3014/3014
f 3014/3014 3011/3011 3003/3003
f 3011/3011 3016/3016 3013/3013
f 3017/3017 3016/3016 3011/3011
f 3015/3015 3011/3011 3014/3014
f 3018/3018 2206/2206 2250/2250
f 2250/2250 2249/2249 1748/1748
f 3019/3019 2250/2250 2206/2206
f 2245/2245 2237/2237 1612/1612
f 3016/3016 3017/3017 3020/3020
f 3017/3017 3021/3021 3020/3020
f 2248/2248 2250/2250 3022/3022
f 2250/2250 3019/3019 3022/3022
f 3019/3019 2248/2248 3022/3022
f 3023/3023 3021/3021 3017/3017
f 3024/3024 3023/3023 3017/3017
f 3021/3021 3023/3023 3025/3025
f 2194/2194 1628/1628 2237/2237
f 2096/2096 3025/3025 3026/3026
f 2255/2255 2258/2258 2206/2206
f 3026/3026 3027/3027 2108/2108
f 2194/2194 2237/2237 2265/2265
f 2274/2274 2265/2265 2237/2237
f 2258/2258 3019/3019 2206/2206
f 2245/2245 2274/2274 2237/2237
f 1985/1985 1975/1975 1591/1591
f 1985/1985 2003/2003 1975/1975
f 1969/1969 1061/1061 1522/1522
f 3028/3028 2248/2248 3019/3019
f 2248/2248 3028/3028 2459/2459
f 1985/1985 1591/1591 1969/1969
f 3028/3028 3019/3019 2258/2258
f 1985/1985 1969/1969 850/850
f 3029/3029 3010/3010 1985/1985
f 2258/2258 2479/2479 3028/3028
f 2273/2273 2479/2479 2258/2258
f 2017/2017 1607/1607 2003/2003
f 2299/2299 2292/2292 3030/3030
f 3030/3030 2300/2300 2299/2299
f 3010/3010 2017/2017 1985/1985
f 2300/2300 3030/3030 3031/3031
f 3033/3033 2017/2017 3012/3012
f 3031/3031 3030/3030 2488/2488
f 3033/3033 2021/2021 2017/2017
f 3030/3030 2292/2292 2291/2291
f 1915/1915 3029/3029 1985/1985
f 2291/2291 2488/2488 3030/3030
f 3012/3012 2017/2017 3010/3010
f 3029/3029 3003/3003 3010/3010
f 3009/3009 3012/3012 3010/3010
f 2329/2329 2300/2300 3031/3031
f 3033/3033 3012/3012 3013/3013
f 2332/2332 2330/2330 3032/3032
f 2329/2329 2303/2303 2300/2300
f 2043/2043 2067/2067 1777/1777
f 2067/2067 2083/2083 1777/1777
f 2021/2021 3033/3033 2052/2052
f 2068/2068 2056/2056 2047/2047
f 2068/2068 3034/3034 2056/2056
f 2043/2043 2056/2056 2067/2067
f 3034/3034 2067/2067 2056/2056
f 2363/2363 1748/1748 2249/2249
f 2066/2066 2083/2083 2067/2067
f 3035/3035 2574/2574 2565/2565
f 3034/3034 2068/2068 2067/2067
f 2605/2605 2574/2574 3035/3035
f 1803/1803 1771/1771 1773/1773
f 1803/1803 1773/1773 2351/2351
f 1778/1778 1777/1777 2083/2083
f 2607/2607 2574/2574 2605/2605
f 2083/2083 1816/1816 1778/1778
f 1803/1803 2408/2408 2414/2414
f 3033/3033 3013/3013 2052/2052
f 2408/2408 2435/2435 2414/2414
f 3020/3020 2052/2052 3013/3013
f 3036/3036 1866/1866 2414/2414
f 1866/1866 1798/1798 2414/2414
f 3016/3016 3020/3020 3013/3013
f 3020/3020 2047/2047 2052/2052
f 3020/3020 2068/2068 2047/2047
f 3037/3037 2068/2068 3020/3020
f 3037/3037 3020/3020 3021/3021
f 2435/2435 2429/2429 3038/3038
f 3025/3025 3037/3037 3021/3021
f 3036/3036 2414/2414 2435/2435
f 2096/2096 3037/3037 3025/3025
f 3037/3037 2096/2096 2068/2068
f 2068/2068 2095/2095 2100/2100
f 2109/2109 2100/2100 2095/2095
f 2095/2095 2105/2105 2109/2109
f 2109/2109 2101/2101 2100/2100
f 2728/2728 1866/1866 3036/3036
f 3036/3036 2435/2435 2728/2728
f 3038/3038 2728/2728 2435/2435
f 2105/2105 2096/2096 3026/3026
f 2105/2105 3026/3026 2108/2108
f 2459/2459 2363/2363 2249/2249
f 2990/2990 2109/2109 2108/2108
f 3027/3027 2990/2990 2108/2108
f 2557/2557 2990/2990 3027/3027
f 2249/2249 2248/2248 2459/2459
f 2245/2245 2244/2244 2461/2461
f 2995/2995 2186/2186 2196/2196
f 2995/2995 2196/2196 2994/2994
f 2725/2725 2726/2726 2734/2734
f 2142/2142 2133/2133 2124/2124
f 3038/3038 2429/2429 2466/2466
f 1503/1503 3004/3004 871/871
f 3039/3039 2423/2423 2458/2458
f 3039/3039 2466/2466 2423/2423
f 3040/3040 3007/3007 3004/3004
f 2440/2440 2497/2497 2726/2726
f 3041/3041 2466/2466 3039/3039
f 3004/3004 1503/1503 3040/3040
f 1503/1503 1502/1502 3040/3040
f 3028/3028 2458/2458 2459/2459
f 3007/3007 3042/3042 3008/3008
f 3039/3039 2458/2458 3028/3028
f 3039/3039 3028/3028 2481/2481
f 3007/3007 3040/3040 3042/3042
f 3041/3041 3039/3039 2481/2481
f 1502/1502 3043/3043 3040/3040
f 3028/3028 2479/2479 2481/2481
f 3044/3044 2737/2737 1657/1657
f 1505/1505 3043/3043 1502/1502
f 2498/2498 1658/1658 1657/1657
f 3043/3043 3042/3042 3040/3040
f 2168/2168 3042/3042 3043/3043
f 3045/3045 3042/3042 2168/2168
f 1657/1657 1663/1663 3044/3044
f 1656/1656 1663/1663 1657/1657
f 2737/2737 3044/3044 1663/1663
f 2461/2461 2392/2392 2470/2470
f 2747/2747 2743/2743 1614/1614
f 3042/3042 3015/3015 3008/3008
f 3015/3015 3042/3042 3045/3045
f 2393/2393 2471/2471 2469/2469
f 1663/1663 1626/1626 1614/1614
f 2152/2152 3015/3015 3045/3045
f 3024/3024 3015/3015 2151/2151
f 3011/3011 3015/3015 3024/3024
f 3017/3017 3011/3011 3024/3024
f 2738/2738 2737/2737 2819/2819
f 2819/2819 2737/2737 2744/2744
f 2819/2819 2747/2747 2821/2821
f 2152/2152 3045/3045 2211/2211
f 3046/3046 2466/2466 3041/3041
f 2211/2211 3045/3045 2168/2168
f 2747/2747 2819/2819 2744/2744
f 1567/1567 2821/2821 2747/2747
f 1567/1567 2747/2747 1616/1616
f 2535/2535 3046/3046 2480/2480
f 2480/2480 3046/3046 2481/2481
f 3046/3046 3041/3041 2481/2481
f 1614/1614 1616/1616 2747/2747
f 2151/2151 3015/3015 2152/2152
f 1615/1615 1568/1568 1616/1616
f 1510/1510 1242/1242 1505/1505
f 1505/1505 1242/1242 3043/3043
f 1242/1242 2168/2168 3043/3043
f 3046/3046 3038/3038 2466/2466
f 1596/1596 1568/1568 1615/1615
f 2165/2165 2211/2211 2168/2168
f 1641/1641 1596/1596 1615/1615
f 2995/2995 2187/2187 2186/2186
f 3038/3038 3047/3047 2728/2728
f 1641/1641 3048/3048 1610/1610
f 2250/2250 1610/1610 3048/3048
f 1748/1748 1610/1610 2250/2250
f 2118/2118 2127/2127 2154/2154
f 2152/2152 2211/2211 2207/2207
f 2728/2728 3047/3047 2735/2735
f 3049/3049 3047/3047 3038/3038
f 2520/2520 1656/1656 1658/1658
f 2517/2517 2523/2523 2531/2531
f 1656/1656 1667/1667 1662/1662
f 3050/3050 2996/2996 2994/2994
f 2531/2531 2471/2471 2517/2517
f 2791/2791 2531/2531 2523/2523
f 2994/2994 2196/2196 3050/3050
f 1682/1682 1656/1656 2520/2520
f 3050/3050 1900/1900 2996/2996
f 2196/2196 2233/2233 3050/3050
f 2233/2233 1900/1900 3050/3050
f 2535/2535 3038/3038 3046/3046
f 1671/1671 1673/1673 2511/2511
f 3049/3049 3038/3038 2535/2535
f 3049/3049 2535/2535 2534/2534
f 2534/2534 3047/3047 3049/3049
f 1901/1901 1900/1900 3051/3051
f 1900/1900 2233/2233 3051/3051
f 2472/2472 2471/2471 2532/2532
f 1901/1901 3051/3051 2253/2253
f 2233/2233 2271/2271 3051/3051
f 1681/1681 1674/1674 1667/1667
f 1699/1699 1673/1673 1631/1631
f 3052/3052 3051/3051 2271/2271
f 3052/3052 2253/2253 3051/3051
f 3052/3052 2263/2263 2253/2253
f 3047/3047 2534/2534 2547/2547
f 3047/3047 2547/2547 2549/2549
f 3053/3053 3052/3052 2271/2271
f 2791/2791 2539/2539 2531/2531
f 1699/1699 1631/1631 1628/1628
f 2272/2272 3053/3053 2271/2271
f 2549/2549 2777/2777 3047/3047
f 2511/2511 1673/1673 1685/1685
f 1686/1686 1685/1685 1673/1673
f 1681/1681 1667/1667 1656/1656
f 3032/3032 2487/2487 3054/3054
f 2253/2253 2263/2263 2232/2232
f 1699/1699 1686/1686 1673/1673
f 2332/2332 3032/3032 3055/3055
f 3055/3055 3032/3032 3054/3054
f 1656/1656 1682/1682 1681/1681
f 2487/2487 2568/2568 3054/3054
f 2568/2568 3055/3055 3054/3054
f 2239/2239 2133/2133 2145/2145
f 2568/2568 3056/3056 3055/3055
f 3057/3057 3024/3024 2151/2151
f 2450/2450 2432/2432 1832/1832
f 1674/1674 3058/3058 1626/1626
f 2450/2450 1832/1832 1833/1833
f 1626/1626 3058/3058 3059/3059
f 1674/1674 1684/1684 3058/3058
f 2145/2145 1950/1950 1955/1955
f 1628/1628 2194/2194 1699/1699
f 2553/2553 2332/2332 3055/3055
f 2206/2206 3058/3058 1684/1684
f 1615/1615 1626/1626 1641/1641
f 3059/3059 1641/1641 1626/1626
f 2486/2486 2568/2568 2487/2487
f 3023/3023 3024/3024 2328/2328
f 2328/2328 3060/3060 3023/3023
f 2328/2328 3024/3024 3057/3057
f 3059/3059 3048/3048 1641/1641
f 3055/3055 3056/3056 2592/2592
f 2592/2592 2553/2553 3055/3055
f 3018/3018 2250/2250 3048/3048
f 3018/3018 3048/3048 2206/2206
f 3057/3057 2151/2151 2305/2305
f 2328/2328 3057/3057 2305/2305
f 3059/3059 3058/3058 3048/3048
f 2305/2305 2309/2309 2328/2328
f 2206/2206 3048/3048 3058/3058
f 1597/1597 1722/1722 1711/1711
f 3060/3060 3025/3025 3023/3023
f 3060/3060 3026/3026 3025/3025
f 2568/2568 2567/2567 2603/2603
f 3056/3056 3061/3061 2592/2592
f 2592/2592 3061/3061 2593/2593
f 2568/2568 2603/2603 3056/3056
f 2320/2320 1954/1954 2094/2094
f 3056/3056 2603/2603 3061/3061
f 2327/2327 3026/3026 3060/3060
f 2327/2327 3027/3027 3026/3026
f 2327/2327 2557/2557 3027/3027
f 2557/2557 2327/2327 2341/2341
f 3060/3060 2328/2328 2327/2327
f 3062/3062 3061/3061 2603/2603
f 2603/2603 3063/3063 3064/3064
f 3061/3061 3065/3065 2593/2593
f 3065/3065 3061/3061 3062/3062
f 2603/2603 3064/3064 3062/3062
f 3062/3062 3066/3066 3065/3065
f 3066/3066 3062/3062 3064/3064
f 2593/2593 3065/3065 2611/2611
f 3065/3065 3066/3066 2611/2611
f 2455/2455 2320/2320 2094/2094
f 2584/2584 2988/2988 2989/2989
f 2369/2369 2584/2584 2366/2366
f 2366/2366 2584/2584 2989/2989
f 2631/2631 2989/2989 2562/2562
f 2631/2631 2644/2644 2989/2989
f 3067/3067 2366/2366 2989/2989
f 3067/3067 2367/2367 2366/2366
f 2644/2644 3067/3067 2989/2989
f 2087/2087 2385/2385 1839/1839
f 2407/2407 2377/2377 2457/2457
f 2395/2395 2385/2385 2407/2407
f 2407/2407 2411/2411 2395/2395
f 2426/2426 2411/2411 2407/2407
f 2440/2440 2438/2438 2497/2497
f 2758/2758 2763/2763 2571/2571
f 2101/2101 2457/2457 2377/2377
f 2109/2109 2457/2457 2101/2101
f 3068/3068 2457/2457 2109/2109
f 2990/2990 3068/3068 2109/2109
f 3068/3068 2990/2990 2456/2456
f 2624/2624 2455/2455 2378/2378
f 2620/2620 2456/2456 2990/2990
f 2735/2735 2707/2707 2728/2728
f 2564/2564 2455/2455 2624/2624
f 3068/3068 2456/2456 2457/2457
f 2797/2797 2784/2784 2734/2734
f 2430/2430 2625/2625 2378/2378
f 2467/2467 2456/2456 2636/2636
f 2786/2786 2753/2753 2770/2770
f 2625/2625 2624/2624 2378/2378
f 2636/2636 2635/2635 2467/2467
f 2621/2621 2636/2636 2456/2456
f 2802/2802 2792/2792 2816/2816
f 2750/2750 2792/2792 2802/2802
f 2438/2438 2427/2427 2426/2426
f 2777/2777 2735/2735 3047/3047
f 2635/2635 3069/3069 2426/2426
f 2791/2791 2523/2523 2749/2749
f 2791/2791 2749/2749 2779/2779
f 2426/2426 2497/2497 2438/2438
f 2426/2426 3069/3069 2497/2497
f 1658/1658 2497/2497 3070/3070
f 2497/2497 3069/3069 3070/3070
f 2635/2635 2426/2426 2467/2467
f 2629/2629 3069/3069 2635/2635
f 2625/2625 2430/2430 2474/2474
f 2819/2819 2792/2792 2738/2738
f 2669/2669 3069/3069 2641/2641
f 2642/2642 3069/3069 2629/2629
f 2642/2642 2641/2641 3069/3069
f 2640/2640 2669/2669 2641/2641
f 2644/2644 2367/2367 3067/3067
f 2367/2367 2644/2644 3071/3071
f 2367/2367 3071/3071 2483/2483
f 2643/2643 3071/3071 2644/2644
f 2597/2597 3063/3063 2603/2603
f 3071/3071 2643/2643 2656/2656
f 2779/2779 2794/2794 2791/2791
f 2779/2779 2790/2790 2794/2794
f 2483/2483 3071/3071 3072/3072
f 2492/2492 2483/2483 3072/3072
f 3073/3073 3072/3072 3071/3071
f 2656/2656 3073/3073 3071/3071
f 3072/3072 3073/3073 2492/2492
f 3074/3074 3066/3066 3064/3064
f 2799/2799 3066/3066 3074/3074
f 3063/3063 3074/3074 3064/3064
f 2799/2799 3074/3074 3063/3063
f 3066/3066 2799/2799 2611/2611
f 2597/2597 2891/2891 3063/3063
f 3075/3075 2799/2799 3063/3063
f 2496/2496 2420/2420 1671/1671
f 2511/2511 2496/2496 1671/1671
f 3070/3070 3069/3069 2669/2669
f 2506/2506 2625/2625 2474/2474
f 2799/2799 3075/3075 2914/2914
f 2506/2506 2474/2474 2504/2504
f 2800/2800 2799/2799 2914/2914
f 2496/2496 2504/2504 2474/2474
f 3070/3070 3076/3076 1658/1658
f 2669/2669 2673/2673 3070/3070
f 2511/2511 2504/2504 2496/2496
f 2520/2520 1658/1658 3076/3076
f 2673/2673 3076/3076 3070/3070
f 2673/2673 1680/1680 3076/3076
f 3076/3076 1680/1680 2520/2520
f 2790/2790 2812/2812 2794/2794
f 3073/3073 2656/2656 2513/2513
f 2492/2492 3073/3073 2514/2514
f 2998/2998 2514/2514 3073/3073
f 2181/2181 2998/2998 3073/3073
f 2513/2513 2181/2181 3073/3073
f 2895/2895 2862/2862 2879/2879
f 2789/2789 2790/2790 2801/2801
f 2775/2775 2788/2788 2810/2810
f 2263/2263 3052/3052 2526/2526
f 2811/2811 2790/2790 2789/2789
f 2869/2869 2865/2865 2847/2847
f 2530/2530 2526/2526 3052/3052
f 2530/2530 3053/3053 3077/3077
f 3053/3053 2530/2530 3052/3052
f 2811/2811 2789/2789 2925/2925
f 3078/3078 3075/3075 3063/3063
f 2891/2891 3078/3078 3063/3063
f 2891/2891 2910/2910 3078/3078
f 2862/2862 2869/2869 2847/2847
f 3079/3079 2914/2914 3075/3075
f 3080/3080 2869/2869 2862/2862
f 3078/3078 3079/3079 3075/3075
f 2914/2914 3079/3079 2915/2915
f 2895/2895 3080/3080 2862/2862
f 3080/3080 2895/2895 2897/2897
f 2544/2544 3077/3077 3053/3053
f 2272/2272 2544/2544 3053/3053
f 3035/3035 2869/2869 3080/3080
f 3077/3077 2988/2988 2530/2530
f 2988/2988 2540/2540 2530/2530
f 3080/3080 2897/2897 3035/3035
f 3081/3081 3079/3079 3078/3078
f 3077/3077 2544/2544 2988/2988
f 2544/2544 2562/2562 2988/2988
f 3081/3081 2915/2915 3079/3079
f 2913/2913 2915/2915 2937/2937
f 3035/3035 2565/2565 2869/2869
f 2320/2320 2455/2455 2564/2564
f 2320/2320 2564/2564 2552/2552
f 2315/2315 2313/2313 2552/2552
f 2897/2897 2605/2605 3035/3035
f 2909/2909 2896/2896 2904/2904
f 2925/2925 2789/2789 2867/2867
f 3081/3081 3078/3078 2910/2910
f 3081/3081 2937/2937 2915/2915
f 2973/2973 2938/2938 2937/2937
f 3081/3081 2973/2973 2937/2937
f 2943/2943 2973/2973 3081/3081
f 2973/2973 2943/2943 3082/3082
f 2951/2951 2871/2871 3083/3083
f 2925/2925 2867/2867 2928/2928
f 2910/2910 2943/2943 3081/3081
f 3084/3084 3082/3082 2943/2943
f 2951/2951 2880/2880 2871/2871
f 2943/2943 2956/2956 3084/3084
f 3085/3085 3082/3082 3084/3084
f 3084/3084 2956/2956 3086/3086
f 2973/2973 3082/3082 2974/2974
f 3085/3085 2974/2974 3082/3082
f 2974/2974 3085/3085 2978/2978
f 2976/2976 2974/2974 2978/2978
f 3003/3003 3029/3029 1915/1915
f 1389/1389 3087/3087 1178/1178
f 3088/3088 3089/3089 3090/3090
f 3091/3091 3092/3092 3093/3093
f 3094/3094 3095/3095 3096/3096
f 1048/1048 3097/3097 1026/1026
f 3098/3098 1258/1258 3099/3099
f 1044/1044 1156/1156 1048/1048
f 1258/1258 3098/3098 1257/1257
f 3100/3100 3101/3101 3102/3102
f 3103/3103 3091/3091 3093/3093
f 3101/3101 3104/3104 3102/3102
f 3105/3105 3091/3091 3106/3106
f 3107/3107 3108/3108 3109/3109
f 3098/3098 3108/3108 3107/3107
f 1166/1166 1047/1047 3110/3110
f 3111/3111 3112/3112 3113/3113
f 3110/3110 1047/1047 3114/3114
f 3115/3115 3116/3116 3117/3117
f 3118/3118 3106/3106 3119/3119
f 3120/3120 3106/3106 3118/3118
f 3098/3098 3121/3121 3108/3108
f 3122/3122 3108/3108 3121/3121
f 3123/3123 1048/1048 3124/3124
f 3125/3125 1238/1238 3117/3117
f 3123/3123 3097/3097 1048/1048
f 3113/3113 3126/3126 3111/3111
f 3125/3125 1239/1239 1238/1238
f 3097/3097 3123/3123 3127/3127
f 3099/3099 3128/3128 3098/3098
f 3129/3129 3126/3126 3113/3113
f 3094/3094 3130/3130 3095/3095
f 3091/3091 3103/3103 3106/3106
f 3112/3112 3131/3131 3113/3113
f 3106/3106 3103/3103 3132/3132
f 3131/3131 3112/3112 3133/3133
f 3116/3116 3125/3125 3117/3117
f 3097/3097 1075/1075 1026/1026
f 3114/3114 1047/1047 1093/1093
f 3121/3121 3098/3098 3134/3134
f 3135/3135 3119/3119 3106/3106
f 3115/3115 3117/3117 3136/3136
f 3089/3089 3100/3100 3137/3137
f 1036/1036 1081/1081 3138/3138
f 3139/3139 3119/3119 3135/3135
f 1093/1093 1036/1036 3138/3138
f 3100/3100 3089/3089 3101/3101
f 3135/3135 3106/3106 3132/3132
f 3089/3089 3140/3140 3101/3101
f 3141/3141 3142/3142 3116/3116
f 3143/3143 3144/3144 3129/3129
f 3143/3143 3129/3129 3113/3113
f 3145/3145 3114/3114 3138/3138
f 3114/3114 1093/1093 3138/3138
f 3146/3146 3095/3095 3130/3130
f 3125/3125 3116/3116 3142/3142
f 3147/3147 3144/3144 3143/3143
f 3138/3138 1081/1081 3148/3148
f 3149/3149 3144/3144 3147/3147
f 1081/1081 1500/1500 3148/3148
f 3122/3122 3121/3121 3134/3134
f 3150/3150 3122/3122 3134/3134
f 3143/3143 3113/3113 3131/3131
f 3151/3151 3152/3152 3146/3146
f 3153/3153 3151/3151 3146/3146
f 1082/1082 1075/1075 3154/3154
f 3134/3134 3155/3155 3150/3150
f 3143/3143 3131/3131 3156/3156
f 3148/3148 1500/1500 3157/3157
f 3158/3158 3159/3159 3160/3160
f 3161/3161 3158/3158 3160/3160
f 3127/3127 1075/1075 3097/3097
f 1075/1075 3127/3127 3154/3154
f 3162/3162 3143/3143 3156/3156
f 3163/3163 3093/3093 3161/3161
f 3160/3160 3163/3163 3161/3161
f 3114/3114 3145/3145 3110/3110
f 3147/3147 3143/3143 3162/3162
f 1195/1195 1271/1271 3164/3164
f 3146/3146 3130/3130 3153/3153
f 3145/3145 3165/3165 3110/3110
f 3166/3166 1273/1273 1209/1209
f 3166/3166 396/396 1273/1273
f 3167/3167 3140/3140 3089/3089
f 3138/3138 3168/3168 3145/3145
f 3089/3089 3088/3088 3167/3167
f 3168/3168 3169/3169 3145/3145
f 3160/3160 3170/3170 3163/3163
f 1209/1209 3171/3171 3166/3166
f 3166/3166 3172/3172 396/396
f 3166/3166 3171/3171 3173/3173
f 3174/3174 3154/3154 3127/3127
f 3168/3168 3138/3138 3148/3148
f 3148/3148 3175/3175 3168/3168
f 3163/3163 3170/3170 3176/3176
f 3177/3177 3162/3162 3156/3156
f 3092/3092 3178/3178 3093/3093
f 3109/3109 1209/1209 1205/1205
f 3179/3179 3164/3164 1271/1271
f 1271/1271 3180/3180 3179/3179
f 3177/3177 3147/3147 3162/3162
f 3181/3181 3147/3147 3177/3177
f 3123/3123 3182/3182 3127/3127
f 3103/3103 3093/3093 3163/3163
f 3179/3179 3136/3136 3164/3164
f 3177/3177 3183/3183 3181/3181
f 3103/3103 3163/3163 3184/3184
f 3172/3172 3166/3166 3173/3173
f 3169/3169 3165/3165 3145/3145
f 3185/3185 3183/3183 3177/3177
f 3173/3173 3186/3186 3172/3172
f 3186/3186 3173/3173 3171/3171
f 3132/3132 3103/3103 3184/3184
f 3184/3184 3187/3187 3132/3132
f 3188/3188 3189/3189 3167/3167
f 3176/3176 3184/3184 3163/3163
f 3168/3168 3190/3190 3169/3169
f 3136/3136 3191/3191 3164/3164
f 3192/3192 3171/3171 1209/1209
f 3192/3192 1209/1209 3109/3109
f 3140/3140 3167/3167 3189/3189
f 3168/3168 3193/3193 3190/3190
f 3194/3194 3181/3181 3183/3183
f 3192/3192 3109/3109 3195/3195
f 3194/3194 3183/3183 3185/3185
f 3196/3196 3197/3197 3198/3198
f 3199/3199 3200/3200 3127/3127
f 3201/3201 3194/3194 3202/3202
f 3195/3195 3203/3203 3192/3192
f 3127/3127 3182/3182 3199/3199
f 3189/3189 3204/3204 3140/3140
f 3198/3198 3205/3205 3159/3159
f 3203/3203 3171/3171 3192/3192
f 3206/3206 3207/3207 3208/3208
f 3209/3209 3210/3210 3207/3207
f 3206/3206 3209/3209 3207/3207
f 3211/3211 3190/3190 3208/3208
f 3108/3108 3122/3122 3109/3109
f 3109/3109 3122/3122 3195/3195
f 3212/3212 3210/3210 3209/3209
f 3206/3206 3213/3213 3209/3209
f 3205/3205 3214/3214 3160/3160
f 3205/3205 3160/3160 3159/3159
f 3215/3215 1048/1048 1156/1156
f 3216/3216 3179/3179 3180/3180
f 3212/3212 3209/3209 3217/3217
f 1162/1162 3215/3215 1155/1155
f 1155/1155 3215/3215 1156/1156
f 1163/1163 1164/1164 1166/1166
f 3218/3218 3217/3217 3209/3209
f 3219/3219 3220/3220 3171/3171
f 3216/3216 3221/3221 3179/3179
f 3170/3170 3160/3160 3214/3214
f 3222/3222 3217/3217 3218/3218
f 3214/3214 3205/3205 3223/3223
f 3224/3224 3217/3217 3222/3222
f 3225/3225 3223/3223 3226/3226
f 3144/3144 3209/3209 3213/3213
f 3144/3144 3218/3218 3209/3209
f 1048/1048 3227/3227 3124/3124
f 3215/3215 3227/3227 1048/1048
f 3136/3136 3179/3179 3221/3221
f 3222/3222 3218/3218 3144/3144
f 3151/3151 3153/3153 3228/3228
f 3222/3222 3144/3144 3149/3149
f 3221/3221 3115/3115 3136/3136
f 3229/3229 3124/3124 3227/3227
f 3219/3219 3171/3171 3203/3203
f 3229/3229 3227/3227 3087/3087
f 3087/3087 3227/3227 3215/3215
f 3230/3230 1163/1163 3231/3231
f 3232/3232 3170/3170 3214/3214
f 3233/3233 3219/3219 3203/3203
f 3232/3232 3234/3234 3170/3170
f 3231/3231 1166/1166 3235/3235
f 3110/3110 3235/3235 1166/1166
f 1166/1166 3231/3231 1163/1163
f 3088/3088 3236/3236 3237/3237
f 3214/3214 3223/3223 3225/3225
f 3224/3224 3238/3238 3217/3217
f 3232/3232 3214/3214 3225/3225
f 3235/3235 3239/3239 3231/3231
f 3221/3221 3216/3216 3240/3240
f 3230/3230 3231/3231 3239/3239
f 3110/3110 3165/3165 3235/3235
f 3221/3221 3241/3241 3115/3115
f 3141/3141 3115/3115 3241/3241
f 3224/3224 3242/3242 3238/3238
f 3222/3222 3149/3149 3243/3243
f 3087/3087 3215/3215 1162/1162
f 3244/3244 1163/1163 3230/3230
f 3221/3221 3240/3240 3241/3241
f 3224/3224 3222/3222 3243/3243
f 1391/1391 1179/1179 1163/1163
f 1178/1178 3087/3087 1162/1162
f 3240/3240 3141/3141 3241/3241
f 3245/3245 3224/3224 3243/3243
f 1391/1391 1163/1163 3244/3244
f 3246/3246 3219/3219 3233/3233
f 3243/3243 3149/3149 3247/3247
f 3237/3237 3236/3236 3248/3248
f 3249/3249 3186/3186 3171/3171
f 3250/3250 3249/3249 3171/3171
f 3250/3250 3171/3171 3220/3220
f 3225/3225 3251/3251 3252/3252
f 3253/3253 3228/3228 3254/3254
f 3230/3230 3255/3255 3256/3256
f 3257/3257 3242/3242 3258/3258
f 3259/3259 3260/3260 3252/3252
f 3254/3254 3261/3261 3253/3253
f 3261/3261 3262/3262 3263/3263
f 3264/3264 3265/3265 3220/3220
f 3266/3266 3265/3265 3264/3264
f 3230/3230 3256/3256 3244/3244
f 3244/3244 3256/3256 3267/3267
f 3219/3219 3268/3268 3220/3220
f 3268/3268 3269/3269 3220/3220
f 3220/3220 3269/3269 3264/3264
f 3261/3261 3270/3270 3262/3262
f 3271/3271 3229/3229 3087/3087
f 3242/3242 3272/3272 3258/3258
f 3256/3256 3273/3273 3267/3267
f 3274/3274 3271/3271 3087/3087
f 3088/3088 3237/3237 3167/3167
f 3267/3267 3273/3273 3275/3275
f 3268/3268 3219/3219 3246/3246
f 3276/3276 3252/3252 3251/3251
f 3245/3245 3243/3243 3247/3247
f 3122/3122 3277/3277 3195/3195
f 3276/3276 3259/3259 3252/3252
f 3167/3167 3237/3237 3188/3188
f 3278/3278 3124/3124 3229/3229
f 3255/3255 3239/3239 3279/3279
f 3115/3115 3141/3141 3116/3116
f 3280/3280 3247/3247 3281/3281
f 3277/3277 3203/3203 3195/3195
f 3273/3273 3279/3279 3282/3282
f 3242/3242 3224/3224 3245/3245
f 3150/3150 3277/3277 3122/3122
f 3242/3242 3245/3245 3280/3280
f 3165/3165 3239/3239 3235/3235
f 3272/3272 3242/3242 3280/3280
f 3233/3233 3203/3203 3277/3277
f 3280/3280 3245/3245 3247/3247
f 3283/3283 3261/3261 3254/3254
f 3181/3181 3149/3149 3147/3147
f 3260/3260 3259/3259 3284/3284
f 3181/3181 3247/3247 3149/3149
f 3261/3261 3283/3283 3270/3270
f 3276/3276 3285/3285 3259/3259
f 3124/3124 3278/3278 3286/3286
f 3247/3247 3181/3181 3287/3287
f 3123/3123 3124/3124 3286/3286
f 3286/3286 3182/3182 3123/3123
f 3281/3281 3247/3247 3287/3287
f 3150/3150 3288/3288 3277/3277
f 3287/3287 3181/3181 3194/3194
f 3289/3289 3290/3290 3239/3239
f 3281/3281 3287/3287 3194/3194
f 3279/3279 3239/3239 3290/3290
f 3255/3255 3230/3230 3239/3239
f 3283/3283 3291/3291 3292/3292
f 3279/3279 3293/3293 3294/3294
f 3194/3194 3201/3201 3281/3281
f 3295/3295 3286/3286 3278/3278
f 3246/3246 3233/3233 3296/3296
f 3297/3297 3295/3295 3278/3278
f 3298/3298 3233/3233 3277/3277
f 3299/3299 3300/3300 3301/3301
f 3302/3302 3303/3303 3304/3304
f 3299/3299 3301/3301 3305/3305
f 3288/3288 3298/3298 3277/3277
f 3306/3306 3102/3102 3104/3104
f 3288/3288 3150/3150 3155/3155
f 3279/3279 3290/3290 3293/3293
f 3307/3307 3133/3133 3308/3308
f 3308/3308 3309/3309 3307/3307
f 3293/3293 3290/3290 3310/3310
f 3307/3307 3311/3311 3133/3133
f 3298/3298 3288/3288 3155/3155
f 3311/3311 3307/3307 3309/3309
f 3309/3309 3312/3312 3311/3311
f 3099/3099 1260/1260 1315/1315
f 3104/3104 3313/3313 3306/3306
f 3314/3314 3305/3305 3315/3315
f 3316/3316 3313/3313 3104/3104
f 3256/3256 3255/3255 3273/3273
f 3278/3278 3229/3229 3271/3271
f 3273/3273 3255/3255 3279/3279
f 3317/3317 3318/3318 3303/3303
f 3317/3317 3303/3303 3302/3302
f 3278/3278 3271/3271 3297/3297
f 3099/3099 1315/1315 3319/3319
f 3320/3320 3309/3309 3308/3308
f 946/946 1239/1239 3321/3321
f 3314/3314 3322/3322 3299/3299
f 1314/1314 947/947 3323/3323
f 3314/3314 3299/3299 3305/3305
f 3321/3321 1239/1239 3324/3324
f 3325/3325 3318/3318 3317/3317
f 3326/3326 1315/1315 1314/1314
f 3297/3297 3327/3327 3328/3328
f 3329/3329 3273/3273 3282/3282
f 3329/3329 3282/3282 3330/3330
f 3323/3323 3326/3326 1314/1314
f 3282/3282 3279/3279 3294/3294
f 3101/3101 3140/3140 3331/3331
f 3311/3311 3312/3312 3332/3332
f 3331/3331 3104/3104 3101/3101
f 3282/3282 3294/3294 3333/3333
f 3295/3295 3297/3297 3334/3334
f 3328/3328 3334/3334 3297/3297
f 3335/3335 3336/3336 3337/3337
f 3338/3338 3339/3339 3301/3301
f 3336/3336 3304/3304 3337/3337
f 3300/3300 3338/3338 3301/3301
f 3330/3330 3282/3282 3333/3333
f 3340/3340 3312/3312 3309/3309
f 3302/3302 3304/3304 3336/3336
f 3319/3319 1315/1315 3326/3326
f 3289/3289 3165/3165 3169/3169
f 3239/3239 3165/3165 3289/3289
f 3341/3341 3319/3319 3326/3326
f 3290/3290 3289/3289 3342/3342
f 3300/3300 3299/3299 3322/3322
f 3343/3343 3344/3344 3312/3312
f 3169/3169 3190/3190 3289/3289
f 3131/3131 3133/3133 3311/3311
f 3156/3156 3131/3131 3311/3311
f 3332/3332 3156/3156 3311/3311
f 3342/3342 3289/3289 3190/3190
f 3211/3211 3342/3342 3190/3190
f 3344/3344 3332/3332 3312/3312
f 3319/3319 3128/3128 3099/3099
f 1239/1239 3125/3125 3324/3324
f 3182/3182 3345/3345 3199/3199
f 3290/3290 3342/3342 3310/3310
f 3338/3338 3300/3300 3346/3346
f 3346/3346 3300/3300 3347/3347
f 3342/3342 3348/3348 3310/3310
f 3349/3349 3350/3350 3351/3351
f 3128/3128 3319/3319 3352/3352
f 3348/3348 3342/3342 3353/3353
f 3354/3354 3355/3355 3335/3335
f 3335/3335 3356/3356 3354/3354
f 3350/3350 3309/3309 3320/3320
f 3335/3335 3355/3355 3336/3336
f 3340/3340 3309/3309 3350/3350
f 3352/3352 3098/3098 3128/3128
f 3340/3340 3350/3350 3357/3357
f 3266/3266 3357/3357 3350/3350
f 3125/3125 3358/3358 3324/3324
f 3300/3300 3322/3322 3347/3347
f 3353/3353 3342/3342 3211/3211
f 3352/3352 3134/3134 3098/3098
f 3359/3359 3347/3347 3322/3322
f 3210/3210 3211/3211 3207/3207
f 3210/3210 3353/3353 3211/3211
f 3352/3352 3319/3319 3341/3341
f 3199/3199 3090/3090 3200/3200
f 3345/3345 3090/3090 3199/3199
f 3323/3323 947/947 1321/1321
f 3316/3316 3360/3360 3361/3361
f 3295/3295 3362/3362 3286/3286
f 3286/3286 3363/3363 3182/3182
f 3316/3316 3104/3104 3360/3360
f 3182/3182 3363/3363 3345/3345
f 3362/3362 3363/3363 3286/3286
f 3294/3294 3293/3293 3364/3364
f 3343/3343 3312/3312 3340/3340
f 3365/3365 3355/3355 3354/3354
f 3323/3323 1321/1321 3326/3326
f 3364/3364 3293/3293 3310/3310
f 3348/3348 3367/3367 3310/3310
f 3368/3368 3369/3369 1321/1321
f 3370/3370 3371/3371 3347/3347
f 3357/3357 3372/3372 3340/3340
f 3310/3310 3367/3367 3364/3364
f 3373/3373 3357/3357 3374/3374
f 3302/3302 3336/3336 3375/3375
f 3367/3367 3376/3376 3364/3364
f 3317/3317 3302/3302 3375/3375
f 3375/3375 3336/3336 3355/3355
f 3364/3364 3376/3376 3377/3377
f 3378/3378 3379/3379 3369/3369
f 3380/3380 3321/3321 3324/3324
f 3363/3363 3381/3381 3382/3382
f 3104/3104 3331/3331 3360/3360
f 3314/3314 3359/3359 3322/3322
f 3377/3377 3376/3376 3383/3383
f 3384/3384 3344/3344 3343/3343
f 3317/3317 3375/3375 3385/3385
f 3326/3326 1321/1321 3369/3369
f 3331/3331 3140/3140 3386/3386
f 3369/3369 3341/3341 3326/3326
f 3294/3294 3387/3387 3333/3333
f 3360/3360 3331/3331 3386/3386
f 3388/3388 3362/3362 3295/3295
f 3334/3334 3389/3389 3295/3295
f 3295/3295 3389/3389 3388/3388
f 3369/3369 3368/3368 3378/3378
f 3333/3333 3387/3387 3390/3390
f 3368/3368 3391/3391 3378/3378
f 3393/3393 3375/3375 3355/3355
f 3365/3365 3393/3393 3355/3355
f 3364/3364 3387/3387 3294/3294
f 3378/3378 3391/3391 3394/3394
f 3387/3387 3364/3364 3395/3395
f 3185/3185 3156/3156 3332/3332
f 3185/3185 3332/3332 3344/3344
f 3370/3370 3347/3347 3359/3359
f 3324/3324 3358/3358 3396/3396
f 3390/3390 3387/3387 3395/3395
f 3324/3324 3396/3396 3380/3380
f 3385/3385 3375/3375 3393/3393
f 3177/3177 3156/3156 3185/3185
f 3359/3359 3397/3397 3370/3370
f 3185/3185 3344/3344 3398/3398
f 3399/3399 3381/3381 3388/3388
f 3393/3393 3401/3401 3385/3385
f 3395/3395 3364/3364 3377/3377
f 3362/3362 3381/3381 3363/3363
f 3362/3362 3388/3388 3381/3381
f 3392/3392 3366/3366 3402/3402
f 3395/3395 3377/3377 3403/3403
f 3344/3344 3384/3384 3398/3398
f 3404/3404 3370/3370 3397/3397
f 3405/3405 3392/3392 3402/3402
f 3204/3204 3386/3386 3140/3140
f 3142/3142 3358/3358 3125/3125
f 3406/3406 3403/3403 3377/3377
f 3377/3377 3383/3383 3406/3406
f 3407/3407 3315/3315 3408/3408
f 3358/3358 3142/3142 3409/3409
f 3410/3410 3185/3185 3398/3398
f 3408/3408 3411/3411 3407/3407
f 3412/3412 3413/3413 3414/3414
f 3415/3415 3185/3185 3410/3410
f 3185/3185 3415/3415 3194/3194
f 3134/3134 3416/3416 3417/3417
f 3418/3418 3345/3345 3363/3363
f 3134/3134 3352/3352 3416/3416
f 3419/3419 3412/3412 3414/3414
f 3352/3352 3341/3341 3416/3416
f 3358/3358 3409/3409 3396/3396
f 3398/3398 3384/3384 3420/3420
f 3376/3376 3367/3367 3421/3421
f 3411/3411 3422/3422 3407/3407
f 3423/3423 3419/3419 3414/3414
f 3422/3422 3424/3424 3407/3407
f 3348/3348 3421/3421 3367/3367
f 3425/3425 3416/3416 3426/3426
f 3427/3427 3412/3412 3419/3419
f 3425/3425 3417/3417 3416/3416
f 3428/3428 3422/3422 3411/3411
f 3429/3429 3412/3412 3427/3427
f 3210/3210 3348/3348 3353/3353
f 3427/3427 3419/3419 3423/3423
f 3340/3340 3372/3372 3430/3430
f 3421/3421 3348/3348 3210/3210
f 3431/3431 3427/3427 3423/3423
f 3134/3134 3417/3417 3155/3155
f 3432/3432 3155/3155 3417/3417
f 3421/3421 3210/3210 3212/3212
f 3343/3343 3340/3340 3430/3430
f 3433/3433 3155/3155 3432/3432
f 3434/3434 3435/3435 3436/3436
f 3437/3437 3396/3396 3409/3409
f 3421/3421 3383/3383 3376/3376
f 3396/3396 3437/3437 3438/3438
f 3439/3439 3440/3440 3441/3441
f 3442/3442 3435/3435 3434/3434
f 3443/3443 3357/3357 3373/3373
f 3436/3436 3428/3428 3411/3411
f 3357/3357 3443/3443 3372/3372
f 3444/3444 3406/3406 3383/3383
f 3444/3444 3383/3383 3421/3421
f 3445/3445 3444/3444 3421/3421
f 3428/3428 3436/3436 3435/3435
f 3236/3236 3345/3345 3418/3418
f 3090/3090 3345/3345 3236/3236
f 3343/3343 3420/3420 3384/3384
f 3420/3420 3343/3343 3430/3430
f 3445/3445 3421/3421 3212/3212
f 3426/3426 3416/3416 3341/3341
f 3341/3341 3369/3369 3426/3426
f 3444/3444 3445/3445 3217/3217
f 3426/3426 3369/3369 3446/3446
f 3212/3212 3217/3217 3445/3445
f 3425/3425 3426/3426 3446/3446
f 3382/3382 3447/3447 3363/3363
f 3380/3380 3396/3396 3448/3448
f 3449/3449 3360/3360 3386/3386
f 3450/3450 3372/3372 3443/3443
f 3379/3379 3378/3378 3451/3451
f 3452/3452 3427/3427 3431/3431
f 3453/3453 3449/3449 3386/3386
f 3403/3403 3406/3406 3454/3454
f 3454/3454 3455/3455 3403/3403
f 3448/3448 3456/3456 3380/3380
f 3430/3430 3372/3372 3420/3420
f 3447/3447 3382/3382 3457/3457
f 3450/3450 3420/3420 3372/3372
f 3458/3458 3422/3422 3428/3428
f 3395/3395 3403/3403 3455/3455
f 3459/3459 3420/3420 3450/3450
f 3460/3460 3422/3422 3458/3458
f 3446/3446 3369/3369 3379/3379
f 3451/3451 3446/3446 3379/3379
f 3461/3461 3452/3452 3431/3431
f 3398/3398 3420/3420 3462/3462
f 3382/3382 3381/3381 3463/3463
f 3396/3396 3438/3438 3448/3448
f 3464/3464 3463/3463 3381/3381
f 3443/3443 3373/3373 3465/3465
f 3455/3455 3454/3454 3466/3466
f 3439/3439 3427/3427 3452/3452
f 3467/3467 3439/3439 3452/3452
f 3443/3443 3465/3465 3450/3450
f 3468/3468 3450/3450 3465/3465
f 3457/3457 3382/3382 3463/3463
f 3463/3463 3469/3469 3457/3457
f 3470/3470 3448/3448 3438/3438
f 3471/3471 3457/3457 3469/3469
f 3458/3458 3428/3428 3435/3435
f 3472/3472 3463/3463 3464/3464
f 3473/3473 3439/3439 3467/3467
f 3474/3474 3456/3456 3448/3448
f 3439/3439 3473/3473 3475/3475
f 3476/3476 3446/3446 3451/3451
f 3363/3363 3447/3447 3418/3418
f 3477/3477 3458/3458 3435/3435
f 3478/3478 3446/3446 3476/3476
f 3189/3189 3479/3479 3204/3204
f 3480/3480 3477/3477 3435/3435
f 3476/3476 3481/3481 3478/3478
f 3248/3248 3418/3418 3447/3447
f 3248/3248 3236/3236 3418/3418
f 3088/3088 3090/3090 3236/3236
f 3482/3482 3483/3483 3237/3237
f 3460/3460 3458/3458 3477/3477
f 3484/3484 3425/3425 3478/3478
f 3417/3417 3425/3425 3484/3484
f 3238/3238 3444/3444 3217/3217
f 3485/3485 3258/3258 3272/3272
f 3425/3425 3446/3446 3478/3478
f 3461/3461 3486/3486 3452/3452
f 3488/3488 3444/3444 3257/3257
f 3489/3489 3467/3467 3452/3452
f 3444/3444 3238/3238 3257/3257
f 3242/3242 3257/3257 3238/3238
f 3457/3457 3248/3248 3447/3447
f 3483/3483 3189/3189 3188/3188
f 3489/3489 3452/3452 3486/3486
f 3483/3483 3188/3188 3237/3237
f 3482/3482 3248/3248 3457/3457
f 3246/3246 3296/3296 3268/3268
f 3272/3272 3280/3280 3490/3490
f 3141/3141 3491/3491 3492/3492
f 3493/3493 3272/3272 3490/3490
f 3414/3414 3494/3494 3495/3495
f 3281/3281 3490/3490 3280/3280
f 3496/3496 3490/3490 3281/3281
f 3248/3248 3482/3482 3237/3237
f 3497/3497 3483/3483 3482/3482
f 3483/3483 3497/3497 3498/3498
f 3216/3216 3499/3499 3240/3240
f 3500/3500 3483/3483 3498/3498
f 3501/3501 3264/3264 3269/3269
f 3495/3495 3318/3318 3502/3502
f 3488/3488 3454/3454 3406/3406
f 3407/3407 3314/3314 3315/3315
f 3488/3488 3406/3406 3444/3444
f 3491/3491 3240/3240 3499/3499
f 3493/3493 3490/3490 3496/3496
f 3414/3414 3495/3495 3502/3502
f 3503/3503 3488/3488 3257/3257
f 3488/3488 3504/3504 3454/3454
f 3505/3505 3266/3266 3264/3264
f 3466/3466 3454/3454 3503/3503
f 3504/3504 3503/3503 3454/3454
f 3500/3500 3506/3506 3483/3483
f 3502/3502 3318/3318 3325/3325
f 3501/3501 3268/3268 3296/3296
f 3507/3507 3508/3508 3496/3496
f 3269/3269 3268/3268 3501/3501
f 3488/3488 3503/3503 3504/3504
f 3503/3503 3509/3509 3466/3466
f 3510/3510 3264/3264 3501/3501
f 3501/3501 3296/3296 3511/3511
f 3272/3272 3493/3493 3485/3485
f 3503/3503 3257/3257 3512/3512
f 3512/3512 3257/3257 3258/3258
f 3499/3499 3513/3513 3491/3491
f 3493/3493 3514/3514 3485/3485
f 3515/3515 3314/3314 3407/3407
f 1392/1392 1391/1391 3516/3516
f 3516/3516 1391/1391 3244/3244
f 3325/3325 3317/3317 3385/3385
f 3325/3325 3385/3385 3517/3517
f 1389/1389 3518/3518 3087/3087
f 3493/3493 3519/3519 3514/3514
f 3520/3520 3515/3515 3407/3407
f 3502/3502 3325/3325 3517/3517
f 3505/3505 3264/3264 3510/3510
f 3493/3493 3496/3496 3508/3508
f 3505/3505 3510/3510 3374/3374
f 1390/1390 3518/3518 1389/1389
f 3521/3521 3374/3374 3510/3510
f 3518/3518 3274/3274 3087/3087
f 3465/3465 3374/3374 3521/3521
f 3516/3516 3244/3244 3267/3267
f 3465/3465 3373/3373 3374/3374
f 3491/3491 3141/3141 3240/3240
f 3423/3423 3414/3414 3502/3502
f 3281/3281 3201/3201 3522/3522
f 3511/3511 3510/3510 3501/3501
f 3267/3267 3523/3523 3516/3516
f 3423/3423 3502/3502 3524/3524
f 3525/3525 3523/3523 3267/3267
f 3525/3525 3267/3267 3275/3275
f 3526/3526 3525/3525 3275/3275
f 3527/3527 3510/3510 3511/3511
f 3407/3407 3424/3424 3520/3520
f 3527/3527 3521/3521 3510/3510
f 3522/3522 3201/3201 3528/3528
f 3528/3528 3201/3201 3202/3202
f 3529/3529 1397/1397 1392/1392
f 1398/1398 3518/3518 1390/1390
f 3506/3506 3189/3189 3483/3483
f 3298/3298 3296/3296 3233/3233
f 1398/1398 3530/3530 3518/3518
f 3516/3516 3529/3529 1392/1392
f 3529/3529 3516/3516 3531/3531
f 3298/3298 3532/3532 3296/3296
f 3520/3520 3424/3424 3533/3533
f 1397/1397 3529/3529 1418/1418
f 3496/3496 3281/3281 3522/3522
f 3496/3496 3522/3522 3507/3507
f 3524/3524 3502/3502 3517/3517
f 3529/3529 3531/3531 3534/3534
f 3511/3511 3296/3296 3532/3532
f 3524/3524 3517/3517 3535/3535
f 3538/3538 3535/3535 3517/3517
f 3506/3506 3479/3479 3189/3189
f 3525/3525 3534/3534 3523/3523
f 3531/3531 3516/3516 3523/3523
f 3531/3531 3523/3523 3534/3534
f 3274/3274 3518/3518 3539/3539
f 3522/3522 3528/3528 3507/3507
f 3507/3507 3528/3528 3540/3540
f 3433/3433 3298/3298 3155/3155
f 3541/3541 3539/3539 3518/3518
f 3542/3542 3298/3298 3433/3433
f 3526/3526 3543/3543 3525/3525
f 3534/3534 3525/3525 3543/3543
f 3544/3544 3524/3524 3535/3535
f 3141/3141 3546/3546 3142/3142
f 3547/3547 3540/3540 3528/3528
f 3518/3518 3530/3530 3541/3541
f 3542/3542 3532/3532 3298/3298
f 3517/3517 3385/3385 3401/3401
f 3532/3532 3542/3542 3511/3511
f 3539/3539 3327/3327 3271/3271
f 3271/3271 3274/3274 3539/3539
f 3397/3397 3359/3359 3314/3314
f 3548/3548 3397/3397 3314/3314
f 3538/3538 3517/3517 3401/3401
f 3511/3511 3549/3549 3550/3550
f 3500/3500 3551/3551 3552/3552
f 3515/3515 3548/3548 3314/3314
f 3552/3552 3506/3506 3500/3500
f 3327/3327 3553/3553 3328/3328
f 3553/3553 3327/3327 3554/3554
f 3555/3555 3556/3556 3514/3514
f 3555/3555 3514/3514 3519/3519
f 3557/3557 3515/3515 3520/3520
f 3558/3558 3327/3327 3539/3539
f 3557/3557 3520/3520 3533/3533
f 3559/3559 3557/3557 3533/3533
f 3549/3549 3511/3511 3542/3542
f 3560/3560 3561/3561 3542/3542
f 3562/3562 3500/3500 3498/3498
f 3563/3563 3534/3534 3543/3543
f 3543/3543 3564/3564 3563/3563
f 3542/3542 3565/3565 3549/3549
f 3539/3539 3541/3541 3558/3558
f 3141/3141 3566/3566 3546/3546
f 3567/3567 3555/3555 3519/3519
f 3550/3550 3549/3549 3565/3565
f 3519/3519 3493/3493 3508/3508
f 3542/3542 3561/3561 3565/3565
f 3519/3519 3508/3508 3568/3568
f 3569/3569 3397/3397 3548/3548
f 3551/3551 3500/3500 3562/3562
f 3570/3570 3537/3537 3400/3400
f 3570/3570 3400/3400 3571/3571
f 3568/3568 3567/3567 3519/3519
f 3554/3554 3327/3327 3558/3558
f 3550/3550 3527/3527 3511/3511
f 3571/3571 3400/3400 3392/3392
f 3397/3397 3569/3569 3404/3404
f 3572/3572 3573/3573 3574/3574
f 3571/3571 3392/3392 3405/3405
f 3573/3573 3543/3543 3574/3574
f 3568/3568 3575/3575 3567/3567
f 3576/3576 3543/3543 3573/3573
f 3554/3554 3558/3558 3577/3577
f 3578/3578 3555/3555 3567/3567
f 3579/3579 3577/3577 3558/3558
f 3580/3580 3571/3571 3581/3581
f 3581/3581 3571/3571 3405/3405
f 3567/3567 3575/3575 3578/3578
f 3513/3513 3360/3360 3449/3449
f 3576/3576 3573/3573 3582/3582
f 3583/3583 3578/3578 3575/3575
f 3404/3404 3584/3584 3585/3585
f 1415/1415 1398/1398 1395/1395
f 3569/3569 3586/3586 3584/3584
f 3584/3584 3404/3404 3569/3569
f 3492/3492 3491/3491 3587/3587
f 3587/3587 3491/3491 3513/3513
f 3548/3548 3515/3515 3557/3557
f 3530/3530 1398/1398 1415/1415
f 3588/3588 3536/3536 3537/3537
f 3568/3568 3508/3508 3589/3589
f 1413/1413 1423/1423 1415/1415
f 3570/3570 3588/3588 3537/3537
f 1417/1417 1418/1418 3590/3590
f 3591/3591 3575/3575 3568/3568
f 3592/3592 1417/1417 3590/3590
f 3557/3557 3593/3593 3548/3548
f 3593/3593 3569/3569 3548/3548
f 3594/3594 3552/3552 3551/3551
f 3595/3595 3530/3530 1415/1415
f 1423/1423 3595/3595 1415/1415
f 3527/3527 3596/3596 3521/3521
f 3588/3588 3597/3597 3536/3536
f 3598/3598 3597/3597 3588/3588
f 3570/3570 3598/3598 3588/3588
f 3529/3529 3590/3590 1418/1418
f 3596/3596 3465/3465 3521/3521
f 3590/3590 3529/3529 3599/3599
f 3449/3449 3600/3600 3513/3513
f 3598/3598 3570/3570 3601/3601
f 3600/3600 3587/3587 3513/3513
f 3508/3508 3507/3507 3540/3540
f 3508/3508 3540/3540 3602/3602
f 3541/3541 3530/3530 3595/3595
f 3580/3580 3570/3570 3571/3571
f 3590/3590 3599/3599 3603/3603
f 3604/3604 3590/3590 3603/3603
f 3605/3605 3586/3586 3569/3569
f 3605/3605 3569/3569 3593/3593
f 3602/3602 3589/3589 3508/3508
f 3599/3599 3563/3563 3606/3606
f 3599/3599 3606/3606 3603/3603
f 3540/3540 3547/3547 3607/3607
f 3529/3529 3534/3534 3599/3599
f 3581/3581 3570/3570 3580/3580
f 3465/3465 3596/3596 3468/3468
f 3506/3506 3608/3608 3479/3479
f 3607/3607 3547/3547 3609/3609
f 3599/3599 3534/3534 3563/3563
f 3570/3570 3581/3581 3601/3601
f 3605/3605 3593/3593 3610/3610
f 3506/3506 3552/3552 3608/3608
f 1424/1424 1417/1417 3592/3592
f 3584/3584 3586/3586 3605/3605
f 3468/3468 3596/3596 3611/3611
f 3602/3602 3540/3540 3607/3607
f 3595/3595 1423/1423 3612/3612
f 3592/3592 3590/3590 3604/3604
f 3566/3566 3141/3141 3492/3492
f 3613/3613 3584/3584 3605/3605
f 3609/3609 3602/3602 3607/3607
f 3609/3609 3614/3614 3602/3602
f 3615/3615 3566/3566 3587/3587
f 3566/3566 3616/3616 3546/3546
f 3617/3617 1424/1424 3592/3592
f 3618/3618 3612/3612 1423/1423
f 3619/3619 3617/3617 3592/3592
f 3431/3431 3423/3423 3524/3524
f 3589/3589 3602/3602 3620/3620
f 3431/3431 3524/3524 3621/3621
f 3619/3619 3592/3592 3623/3623
f 3624/3624 3424/3424 3422/3422
f 3624/3624 3533/3533 3424/3424
f 3625/3625 3595/3595 3612/3612
f 3626/3626 3565/3565 3561/3561
f 3623/3623 3592/3592 3604/3604
f 3544/3544 3621/3621 3524/3524
f 3623/3623 3604/3604 3603/3603
f 3552/3552 3627/3627 3608/3608
f 3621/3621 3461/3461 3431/3431
f 3606/3606 3628/3628 3603/3603
f 3615/3615 3587/3587 3629/3629
f 3460/3460 3624/3624 3422/3422
f 3566/3566 3615/3615 3629/3629
f 3630/3630 3625/3625 3612/3612
f 3631/3631 3624/3624 3460/3460
f 3620/3620 3602/3602 3614/3614
f 3616/3616 3566/3566 3629/3629
f 3622/3622 3545/3545 3632/3632
f 3633/3633 3627/3627 3552/3552
f 3623/3623 3603/3603 3628/3628
f 3634/3634 3589/3589 3620/3620
f 3635/3635 3620/3620 3614/3614
f 3486/3486 3461/3461 3621/3621
f 3541/3541 3579/3579 3558/3558
f 3591/3591 3568/3568 3589/3589
f 3541/3541 3595/3595 3579/3579
f 3527/3527 3550/3550 3565/3565
f 3527/3527 3565/3565 3636/3636
f 3587/3587 3566/3566 3492/3492
f 3622/3622 3632/3632 3637/3637
f 3545/3545 3536/3536 3597/3597
f 3565/3565 3626/3626 3636/3636
f 3606/3606 3563/3563 3564/3564
f 3564/3564 3638/3638 3606/3606
f 3202/3202 3194/3194 3415/3415
f 3639/3639 3596/3596 3527/3527
f 3410/3410 3640/3640 3415/3415
f 3579/3579 3641/3641 3577/3577
f 3642/3642 3557/3557 3559/3559
f 3527/3527 3636/3636 3639/3639
f 3632/3632 3545/3545 3637/3637
f 3637/3637 3545/3545 3597/3597
f 3559/3559 3533/3533 3624/3624
f 3643/3643 3577/3577 3641/3641
f 3644/3644 3202/3202 3415/3415
f 3644/3644 3528/3528 3202/3202
f 3600/3600 3645/3645 3587/3587
f 3576/3576 3564/3564 3543/3543
f 3640/3640 3644/3644 3415/3415
f 3645/3645 3629/3629 3587/3587
f 3642/3642 3559/3559 3624/3624
f 3386/3386 3204/3204 3646/3646
f 3640/3640 3410/3410 3398/3398
f 3610/3610 3557/3557 3642/3642
f 3637/3637 3597/3597 3647/3647
f 3639/3639 3611/3611 3596/3596
f 3398/3398 3462/3462 3640/3640
f 3638/3638 3564/3564 3648/3648
f 3648/3648 3564/3564 3576/3576
f 3649/3649 3636/3636 3626/3626
f 3576/3576 3650/3650 3648/3648
f 3650/3650 3576/3576 3582/3582
f 3649/3649 3639/3639 3636/3636
f 3626/3626 3651/3651 3649/3649
f 3622/3622 3652/3652 3487/3487
f 3653/3653 3595/3595 3625/3625
f 3654/3654 3640/3640 3462/3462
f 3655/3655 3640/3640 3654/3654
f 3641/3641 3579/3579 3595/3595
f 3460/3460 3656/3656 3631/3631
f 3653/3653 3641/3641 3595/3595
f 3606/3606 3638/3638 3628/3628
f 3653/3653 3625/3625 3630/3630
f 3657/3657 3487/3487 3652/3652
f 3409/3409 3142/3142 3658/3658
f 3658/3658 3437/3437 3409/3409
f 3432/3432 3659/3659 3433/3433
f 3528/3528 3644/3644 3640/3640
f 3660/3660 3528/3528 3640/3640
f 3658/3658 3142/3142 3546/3546
f 3637/3637 3652/3652 3622/3622
f 3660/3660 3640/3640 3661/3661
f 3631/3631 3642/3642 3624/3624
f 3479/3479 3646/3646 3204/3204
f 3662/3662 3638/3638 3648/3648
f 3479/3479 3663/3663 3646/3646
f 3664/3664 3637/3637 3647/3647
f 3652/3652 3637/3637 3664/3664
f 3665/3665 3437/3437 3658/3658
f 3662/3662 3648/3648 3666/3666
f 3437/3437 3665/3665 3438/3438
f 3641/3641 3653/3653 3667/3667
f 3642/3642 3631/3631 3668/3668
f 3484/3484 3659/3659 3417/3417
f 3662/3662 3628/3628 3638/3638
f 3432/3432 3417/3417 3659/3659
f 3669/3669 3628/3628 3662/3662
f 3670/3670 3669/3669 3662/3662
f 3667/3667 3643/3643 3641/3641
f 3655/3655 3661/3661 3640/3640
f 3670/3670 3662/3662 3666/3666
f 3484/3484 3671/3671 3659/3659
f 3643/3643 3667/3667 3672/3672
f 3654/3654 3661/3661 3655/3655
f 3673/3673 3642/3642 3668/3668
f 3646/3646 3453/3453 3386/3386
f 3610/3610 3593/3593 3557/3557
f 3459/3459 3462/3462 3420/3420
f 3665/3665 3674/3674 3438/3438
f 3546/3546 3665/3665 3658/3658
f 3675/3675 3676/3676 3671/3671
f 3677/3677 3675/3675 3484/3484
f 3647/3647 3597/3597 3598/3598
f 3484/3484 3675/3675 3671/3671
f 3329/3329 3526/3526 3275/3275
f 3275/3275 3273/3273 3329/3329
f 3297/3297 3271/3271 3327/3327
f 3546/3546 3678/3678 3665/3665
f 3679/3679 3647/3647 3598/3598
f 3543/3543 3526/3526 3329/3329
f 3449/3449 3453/3453 3680/3680
f 3543/3543 3329/3329 3330/3330
f 3681/3681 3605/3605 3610/3610
f 3682/3682 3459/3459 3450/3450
f 3679/3679 3598/3598 3601/3601
f 3470/3470 3474/3474 3448/3448
f 3683/3683 3647/3647 3679/3679
f 3553/3553 3334/3334 3328/3328
f 3684/3684 3478/3478 3481/3481
f 3685/3685 3459/3459 3682/3682
f 3330/3330 3333/3333 3686/3686
f 3574/3574 3543/3543 3330/3330
f 3681/3681 3687/3687 3605/3605
f 3453/3453 3646/3646 3688/3688
f 3574/3574 3330/3330 3572/3572
f 3572/3572 3330/3330 3686/3686
f 3689/3689 3459/3459 3685/3685
f 3690/3690 3605/3605 3687/3687
f 3690/3690 3613/3613 3605/3605
f 3691/3691 3389/3389 3554/3554
f 3679/3679 3601/3601 3692/3692
f 3693/3693 3679/3679 3692/3692
f 3474/3474 3470/3470 3694/3694
f 3685/3685 3695/3695 3689/3689
f 3691/3691 3554/3554 3577/3577
f 3696/3696 3484/3484 3684/3684
f 3697/3697 3582/3582 3573/3573
f 3684/3684 3484/3484 3478/3478
f 3573/3573 3572/3572 3697/3697
f 3697/3697 3572/3572 3698/3698
f 3699/3699 3691/3691 3577/3577
f 3664/3664 3647/3647 3683/3683
f 3459/3459 3654/3654 3462/3462
f 3700/3700 3691/3691 3699/3699
f 3481/3481 3701/3701 3684/3684
f 3642/3642 3681/3681 3610/3610
f 3654/3654 3459/3459 3702/3702
f 3643/3643 3703/3703 3577/3577
f 3704/3704 3664/3664 3683/3683
f 3663/3663 3688/3688 3646/3646
f 3673/3673 3681/3681 3642/3642
f 3481/3481 3705/3705 3701/3701
f 3706/3706 3654/3654 3702/3702
f 3674/3674 3470/3470 3438/3438
f 3459/3459 3689/3689 3702/3702
f 3696/3696 3701/3701 3677/3677
f 3684/3684 3701/3701 3696/3696
f 3701/3701 3707/3707 3677/3677
f 3582/3582 3697/3697 3650/3650
f 3683/3683 3693/3693 3708/3708
f 3650/3650 3697/3697 3698/3698
f 3709/3709 3710/3710 3681/3681
f 3689/3689 3695/3695 3711/3711
f 3683/3683 3679/3679 3693/3693
f 3677/3677 3484/3484 3696/3696
f 3710/3710 3687/3687 3681/3681
f 3693/3693 3692/3692 3712/3712
f 3713/3713 3675/3675 3677/3677
f 3710/3710 3690/3690 3687/3687
f 3699/3699 3577/3577 3703/3703
f 3707/3707 3713/3713 3677/3677
f 3714/3714 3701/3701 3705/3705
f 3715/3715 3698/3698 3716/3716
f 3717/3717 3718/3718 3699/3699
f 3608/3608 3663/3663 3479/3479
f 3719/3719 3690/3690 3710/3710
f 3714/3714 3707/3707 3701/3701
f 3715/3715 3650/3650 3698/3698
f 3674/3674 3694/3694 3470/3470
f 3720/3720 3699/3699 3703/3703
f 3720/3720 3717/3717 3699/3699
f 3721/3721 3661/3661 3722/3722
f 3346/3346 3094/3094 3338/3338
f 3608/3608 3723/3723 3663/3663
f 3643/3643 3724/3724 3703/3703
f 3666/3666 3648/3648 3650/3650
f 3678/3678 3725/3725 3726/3726
f 3666/3666 3650/3650 3727/3727
f 3643/3643 3672/3672 3724/3724
f 3130/3130 3094/3094 3728/3728
f 3453/3453 3688/3688 3729/3729
f 3665/3665 3678/3678 3674/3674
f 3727/3727 3650/3650 3730/3730
f 3346/3346 3731/3731 3094/3094
f 3731/3731 3728/3728 3094/3094
f 3732/3732 3139/3139 3135/3135
f 3733/3733 3727/3727 3730/3730
f 3734/3734 3713/3713 3707/3707
f 3720/3720 3703/3703 3724/3724
f 3730/3730 3650/3650 3715/3715
f 3723/3723 3688/3688 3663/3663
f 3735/3735 3707/3707 3714/3714
f 3733/3733 3730/3730 3715/3715
f 3706/3706 3661/3661 3654/3654
f 3706/3706 3736/3736 3661/3661
f 3715/3715 3737/3737 3733/3733
f 3738/3738 3736/3736 3706/3706
f 3736/3736 3738/3738 3722/3722
f 3661/3661 3736/3736 3722/3722
f 3674/3674 3739/3739 3694/3694
f 3740/3740 3732/3732 3135/3135
f 3741/3741 3738/3738 3706/3706
f 3740/3740 3135/3135 3742/3742
f 3711/3711 3702/3702 3689/3689
f 3711/3711 3706/3706 3702/3702
f 3733/3733 3737/3737 3743/3743
f 3744/3744 3731/3731 3371/3371
f 3734/3734 3707/3707 3735/3735
f 3744/3744 3728/3728 3731/3731
f 3745/3745 3734/3734 3735/3735
f 3706/3706 3711/3711 3741/3741
f 3726/3726 3739/3739 3678/3678
f 3674/3674 3678/3678 3739/3739
f 3715/3715 3716/3716 3746/3746
f 3153/3153 3130/3130 3747/3747
f 3734/3734 3748/3748 3749/3749
f 3720/3720 3750/3750 3717/3717
f 3739/3739 3751/3751 3752/3752
f 3737/3737 3715/3715 3746/3746
f 3722/3722 3738/3738 3753/3753
f 3754/3754 3722/3722 3753/3753
f 3135/3135 3132/3132 3187/3187
f 3753/3753 3738/3738 3755/3755
f 3184/3184 3176/3176 3187/3187
f 3738/3738 3741/3741 3756/3756
f 3733/3733 3743/3743 3757/3757
f 3748/3748 3734/3734 3758/3758
f 3759/3759 3750/3750 3720/3720
f 3737/3737 3746/3746 3743/3743
f 3759/3759 3760/3760 3750/3750
f 3758/3758 3734/3734 3745/3745
f 3688/3688 3723/3723 3761/3761
f 3743/3743 3746/3746 3762/3762
f 3743/3743 3762/3762 3763/3763
f 3659/3659 3542/3542 3433/3433
f 3742/3742 3135/3135 3187/3187
f 3688/3688 3761/3761 3764/3764
f 3765/3765 3756/3756 3766/3766
f 3755/3755 3738/3738 3756/3756
f 3542/3542 3659/3659 3671/3671
f 3187/3187 3176/3176 3767/3767
f 3765/3765 3755/3755 3756/3756
f 3767/3767 3768/3768 3187/3187
f 3769/3769 3763/3763 3762/3762
f 3770/3770 3763/3763 3769/3769
f 3671/3671 3560/3560 3542/3542
f 3547/3547 3528/3528 3660/3660
f 3547/3547 3660/3660 3609/3609
f 3771/3771 3760/3760 3772/3772
f 3553/3553 3389/3389 3334/3334
f 3609/3609 3660/3660 3661/3661
f 3671/3671 3676/3676 3560/3560
f 3773/3773 3614/3614 3609/3609
f 3721/3721 3609/3609 3661/3661
f 3774/3774 3742/3742 3187/3187
f 3775/3775 3774/3774 3187/3187
f 3721/3721 3773/3773 3609/3609
f 3742/3742 3774/3774 3740/3740
f 3776/3776 3333/3333 3390/3390
f 3553/3553 3554/3554 3389/3389
f 3686/3686 3333/3333 3776/3776
f 3777/3777 3560/3560 3676/3676
f 3130/3130 3728/3728 3747/3747
f 3778/3778 3777/3777 3676/3676
f 3775/3775 3187/3187 3768/3768
f 3779/3779 3773/3773 3721/3721
f 3560/3560 3777/3777 3561/3561
f 3614/3614 3773/3773 3779/3779
f 3779/3779 3780/3780 3614/3614
f 3781/3781 3768/3768 3767/3767
f 3782/3782 3747/3747 3728/3728
f 3390/3390 3395/3395 3783/3783
f 3783/3783 3395/3395 3455/3455
f 3778/3778 3626/3626 3777/3777
f 3626/3626 3561/3561 3777/3777
f 3784/3784 3768/3768 3781/3781
f 3785/3785 3783/3783 3455/3455
f 3768/3768 3784/3784 3775/3775
f 3691/3691 3388/3388 3389/3389
f 3691/3691 3399/3399 3388/3388
f 3678/3678 3546/3546 3616/3616
f 3786/3786 3721/3721 3722/3722
f 3786/3786 3722/3722 3754/3754
f 3776/3776 3390/3390 3785/3785
f 3785/3785 3390/3390 3783/3783
f 3786/3786 3779/3779 3721/3721
f 3787/3787 3728/3728 3744/3744
f 3700/3700 3464/3464 3399/3399
f 3728/3728 3787/3787 3782/3782
f 3778/3778 3676/3676 3749/3749
f 3675/3675 3749/3749 3676/3676
f 3788/3788 3594/3594 3551/3551
f 3551/3551 3789/3789 3788/3788
f 3572/3572 3686/3686 3776/3776
f 3572/3572 3776/3776 3698/3698
f 3790/3790 3784/3784 3781/3781
f 3399/3399 3691/3691 3700/3700
f 3791/3791 3776/3776 3785/3785
f 3778/3778 3792/3792 3626/3626
f 3356/3356 3118/3118 3139/3139
f 3793/3793 3794/3794 3575/3575
f 3793/3793 3795/3795 3794/3794
f 3119/3119 3139/3139 3118/3118
f 3796/3796 3626/3626 3792/3792
f 3616/3616 3629/3629 3725/3725
f 3629/3629 3797/3797 3725/3725
f 3732/3732 3354/3354 3356/3356
f 3796/3796 3651/3651 3626/3626
f 3732/3732 3356/3356 3139/3139
f 3698/3698 3776/3776 3791/3791
f 3798/3798 3796/3796 3792/3792
f 3616/3616 3725/3725 3678/3678
f 3716/3716 3698/3698 3791/3791
f 3594/3594 3788/3788 3799/3799
f 3464/3464 3381/3381 3399/3399
f 3354/3354 3732/3732 3740/3740
f 3740/3740 3800/3800 3354/3354
f 3749/3749 3802/3802 3778/3778
f 3799/3799 3803/3803 3594/3594
f 3591/3591 3804/3804 3793/3793
f 3749/3749 3805/3805 3802/3802
f 3346/3346 3371/3371 3731/3731
f 3806/3806 3804/3804 3591/3591
f 3591/3591 3793/3793 3575/3575
f 3346/3346 3347/3347 3371/3371
f 3793/3793 3804/3804 3807/3807
f 3808/3808 3726/3726 3725/3725
f 3807/3807 3795/3795 3793/3793
f 3802/3802 3792/3792 3778/3778
f 3365/3365 3354/3354 3800/3800
f 3809/3809 3455/3455 3810/3810
f 3809/3809 3785/3785 3455/3455
f 3798/3798 3802/3802 3805/3805
f 3798/3798 3792/3792 3802/3802
f 3370/3370 3811/3811 3371/3371
f 3675/3675 3713/3713 3749/3749
f 3801/3801 3812/3812 3366/3366
f 3809/3809 3810/3810 3813/3813
f 3749/3749 3713/3713 3734/3734
f 3810/3810 3455/3455 3466/3466
f 3814/3814 3744/3744 3371/3371
f 3805/3805 3749/3749 3748/3748
f 3815/3815 3799/3799 3788/3788
f 3816/3816 3800/3800 3740/3740
f 3816/3816 3740/3740 3774/3774
f 3818/3818 3816/3816 3774/3774
f 3472/3472 3469/3469 3463/3463
f 3820/3820 3821/3821 3799/3799
f 3812/3812 3801/3801 3817/3817
f 3807/3807 3804/3804 3822/3822
f 3810/3810 3466/3466 3509/3509
f 3822/3822 3804/3804 3823/3823
f 3810/3810 3509/3509 3824/3824
f 3803/3803 3633/3633 3552/3552
f 3600/3600 3680/3680 3825/3825
f 3402/3402 3366/3366 3812/3812
f 3824/3824 3813/3813 3810/3810
f 3633/3633 3803/3803 3627/3627
f 3826/3826 3469/3469 3472/3472
f 3635/3635 3634/3634 3620/3620
f 3371/3371 3811/3811 3814/3814
f 3700/3700 3718/3718 3464/3464
f 3700/3700 3699/3699 3718/3718
f 3827/3827 3635/3635 3614/3614
f 3814/3814 3787/3787 3744/3744
f 3809/3809 3828/3828 3785/3785
f 3464/3464 3718/3718 3829/3829
f 3828/3828 3791/3791 3785/3785
f 3830/3830 3831/3831 3825/3825
f 3828/3828 3809/3809 3813/3813
f 3832/3832 3634/3634 3635/3635
f 3832/3832 3635/3635 3827/3827
f 3797/3797 3629/3629 3645/3645
f 3814/3814 3833/3833 3787/3787
f 3803/3803 3834/3834 3627/3627
f 3812/3812 3817/3817 3819/3819
f 3716/3716 3791/3791 3828/3828
f 3835/3835 3627/3627 3834/3834
f 3645/3645 3600/3600 3825/3825
f 3814/3814 3811/3811 3370/3370
f 3836/3836 3829/3829 3717/3717
f 3814/3814 3370/3370 3585/3585
f 3552/3552 3594/3594 3803/3803
f 3585/3585 3837/3837 3814/3814
f 3829/3829 3472/3472 3464/3464
f 3585/3585 3370/3370 3404/3404
f 3828/3828 3813/3813 3838/3838
f 3472/3472 3829/3829 3826/3826
f 3611/3611 3639/3639 3839/3839
f 3591/3591 3589/3589 3634/3634
f 3840/3840 3402/3402 3812/3812
f 3806/3806 3591/3591 3634/3634
f 3611/3611 3841/3841 3842/3842
f 3843/3843 3611/3611 3839/3839
f 3843/3843 3844/3844 3611/3611
f 3836/3836 3826/3826 3829/3829
f 3819/3819 3845/3845 3812/3812
f 3649/3649 3839/3839 3639/3639
f 3839/3839 3649/3649 3846/3846
f 3804/3804 3806/3806 3823/3823
f 3846/3846 3649/3649 3651/3651
f 3833/3833 3814/3814 3847/3847
f 3806/3806 3634/3634 3848/3848
f 3838/3838 3813/3813 3824/3824
f 3814/3814 3837/3837 3847/3847
f 3824/3824 3849/3849 3838/3838
f 3843/3843 3839/3839 3846/3846
f 3799/3799 3821/3821 3803/3803
f 3850/3850 3846/3846 3651/3651
f 3845/3845 3840/3840 3812/3812
f 3843/3843 3846/3846 3850/3850
f 3716/3716 3828/3828 3851/3851
f 3848/3848 3823/3823 3806/3806
f 3718/3718 3717/3717 3829/3829
f 3823/3823 3848/3848 3852/3852
f 3845/3845 3853/3853 3840/3840
f 3645/3645 3831/3831 3797/3797
f 3822/3822 3823/3823 3852/3852
f 3746/3746 3716/3716 3851/3851
f 3854/3854 3855/3855 3845/3845
f 3856/3856 3634/3634 3832/3832
f 3611/3611 3844/3844 3841/3841
f 3848/3848 3634/3634 3856/3856
f 3762/3762 3746/3746 3851/3851
f 3750/3750 3836/3836 3717/3717
f 3645/3645 3825/3825 3831/3831
f 3851/3851 3828/3828 3857/3857
f 3857/3857 3828/3828 3838/3838
f 3774/3774 3775/3775 3858/3858
f 3799/3799 3815/3815 3820/3820
f 3858/3858 3818/3818 3774/3774
f 3859/3859 3782/3782 3787/3787
f 3860/3860 3835/3835 3834/3834
f 3857/3857 3838/3838 3861/3861
f 3857/3857 3762/3762 3851/3851
f 3818/3818 3858/3858 3862/3862
f 3821/3821 3834/3834 3803/3803
f 3859/3859 3787/3787 3833/3833
f 3821/3821 3860/3860 3834/3834
f 3750/3750 3863/3863 3836/3836
f 3760/3760 3863/3863 3750/3750
f 3862/3862 3864/3864 3818/3818
f 3821/3821 3866/3866 3860/3860
f 3858/3858 3775/3775 3784/3784
f 3844/3844 3843/3843 3867/3867
f 3762/3762 3857/3857 3861/3861
f 3868/3868 3858/3858 3784/3784
f 3769/3769 3762/3762 3861/3861
f 3869/3869 3867/3867 3843/3843
f 3869/3869 3843/3843 3850/3850
f 3866/3866 3821/3821 3820/3820
f 3870/3870 3782/3782 3859/3859
f 3852/3852 3871/3871 3822/3822
f 3868/3868 3862/3862 3858/3858
f 3848/3848 3856/3856 3872/3872
f 3831/3831 3873/3873 3874/3874
f 3871/3871 3852/3852 3848/3848
f 3872/3872 3871/3871 3848/3848
f 3875/3875 3870/3870 3859/3859
f 3854/3854 3819/3819 3865/3865
f 3844/3844 3867/3867 3876/3876
f 3877/3877 3878/3878 3867/3867
f 3847/3847 3859/3859 3833/3833
f 3854/3854 3845/3845 3819/3819
f 3482/3482 3457/3457 3471/3471
f 3877/3877 3867/3867 3869/3869
f 3867/3867 3878/3878 3876/3876
f 3878/3878 3877/3877 3879/3879
f 3879/3879 3877/3877 3880/3880
f 3503/3503 3512/3512 3881/3881
f 3882/3882 3860/3860 3866/3866
f 3512/3512 3883/3883 3881/3881
f 3871/3871 3872/3872 3884/3884
f 3509/3509 3503/3503 3881/3881
f 3885/3885 3862/3862 3868/3868
f 3864/3864 3862/3862 3885/3885
f 3886/3886 3471/3471 3469/3469
f 3873/3873 3887/3887 3874/3874
f 3873/3873 3888/3888 3887/3887
f 3305/3305 3882/3882 3315/3315
f 3885/3885 3868/3868 3889/3889
f 3890/3890 3509/3509 3881/3881
f 3891/3891 3859/3859 3847/3847
f 3884/3884 3892/3892 3871/3871
f 3893/3893 3859/3859 3891/3891
f 3893/3893 3894/3894 3859/3859
f 3485/3485 3512/3512 3258/3258
f 3854/3854 3865/3865 3895/3895
f 3315/3315 3882/3882 3866/3866
f 3866/3866 3408/3408 3315/3315
f 3512/3512 3485/3485 3556/3556
f 3413/3413 3892/3892 3884/3884
f 3723/3723 3896/3896 3761/3761
f 3514/3514 3556/3556 3485/3485
f 3751/3751 3739/3739 3726/3726
f 3897/3897 3751/3751 3726/3726
f 3894/3894 3875/3875 3859/3859
f 3758/3758 3745/3745 3898/3898
f 3471/3471 3899/3899 3497/3497
f 3900/3900 3881/3881 3883/3883
f 3758/3758 3901/3901 3902/3902
f 3902/3902 3901/3901 3903/3903
f 3886/3886 3899/3899 3471/3471
f 3153/3153 3904/3904 3228/3228
f 3905/3905 3900/3900 3883/3883
f 3751/3751 3897/3897 3906/3906
f 3471/3471 3497/3497 3482/3482
f 3907/3907 3883/3883 3512/3512
f 3176/3176 3170/3170 3234/3234
f 3556/3556 3907/3907 3512/3512
f 3753/3753 3755/3755 3765/3765
f 3767/3767 3176/3176 3234/3234
f 3725/3725 3797/3797 3908/3908
f 3909/3909 3767/3767 3234/3234
f 3753/3753 3765/3765 3910/3910
f 3883/3883 3907/3907 3905/3905
f 3225/3225 3911/3911 3232/3232
f 3725/3725 3908/3908 3808/3808
f 3912/3912 3899/3899 3886/3886
f 3912/3912 3913/3913 3899/3899
f 3497/3497 3899/3899 3562/3562
f 3562/3562 3498/3498 3497/3497
f 3232/3232 3911/3911 3234/3234
f 3796/3796 3798/3798 3914/3914
f 3234/3234 3911/3911 3909/3909
f 3907/3907 3556/3556 3555/3555
f 3914/3914 3798/3798 3805/3805
f 3914/3914 3805/3805 3748/3748
f 3915/3915 3796/3796 3914/3914
f 3910/3910 3765/3765 3916/3916
f 3905/3905 3907/3907 3917/3917
f 3909/3909 3781/3781 3767/3767
f 3904/3904 3153/3153 3747/3747
f 3918/3918 3916/3916 3105/3105
f 3913/3913 3562/3562 3899/3899
f 3916/3916 3918/3918 3910/3910
f 3919/3919 3904/3904 3747/3747
f 3917/3917 3907/3907 3555/3555
f 3920/3920 3781/3781 3909/3909
f 3761/3761 3339/3339 3096/3096
f 3764/3764 3761/3761 3096/3096
f 3789/3789 3551/3551 3562/3562
f 3096/3096 3921/3921 3764/3764
f 3913/3913 3789/3789 3562/3562
f 3254/3254 3228/3228 3904/3904
f 3922/3922 3923/3923 3915/3915
f 3924/3924 3914/3914 3925/3925
f 3578/3578 3917/3917 3555/3555
f 3917/3917 3578/3578 3583/3583
f 3924/3924 3915/3915 3914/3914
f 3919/3919 3254/3254 3904/3904
f 3254/3254 3919/3919 3926/3926
f 3094/3094 3096/3096 3339/3339
f 3909/3909 3911/3911 3920/3920
f 3915/3915 3924/3924 3922/3922
f 3920/3920 3911/3911 3927/3927
f 3338/3338 3094/3094 3339/3339
f 3850/3850 3651/3651 3796/3796
f 3896/3896 3627/3627 3835/3835
f 3608/3608 3627/3627 3896/3896
f 3927/3927 3928/3928 3920/3920
f 3929/3929 3469/3469 3826/3826
f 3824/3824 3509/3509 3930/3930
f 3796/3796 3915/3915 3850/3850
f 3923/3923 3850/3850 3915/3915
f 3886/3886 3469/3469 3929/3929
f 3869/3869 3850/3850 3923/3923
f 3886/3886 3929/3929 3912/3912
f 3827/3827 3614/3614 3780/3780
f 3931/3931 3781/3781 3920/3920
f 3797/3797 3831/3831 3908/3908
f 3824/3824 3930/3930 3849/3849
f 3931/3931 3920/3920 3932/3932
f 3908/3908 3831/3831 3874/3874
f 3932/3932 3920/3920 3928/3928
f 3933/3933 3869/3869 3923/3923
f 3252/3252 3911/3911 3225/3225
f 3934/3934 3827/3827 3780/3780
f 3723/3723 3608/3608 3896/3896
f 3911/3911 3252/3252 3260/3260
f 3779/3779 3786/3786 3935/3935
f 3779/3779 3935/3935 3780/3780
f 3927/3927 3911/3911 3260/3260
f 3935/3935 3786/3786 3754/3754
f 3936/3936 3912/3912 3929/3929
f 3934/3934 3780/3780 3935/3935
f 3914/3914 3748/3748 3925/3925
f 3937/3937 3826/3826 3836/3836
f 3938/3938 3934/3934 3935/3935
f 3897/3897 3726/3726 3808/3808
f 3939/3939 3849/3849 3930/3930
f 3838/3838 3849/3849 3939/3939
f 3929/3929 3826/3826 3937/3937
f 3283/3283 3254/3254 3926/3926
f 3940/3940 3260/3260 3284/3284
f 3941/3941 3832/3832 3827/3827
f 3856/3856 3832/3832 3941/3941
f 3939/3939 3930/3930 3942/3942
f 3927/3927 3940/3940 3928/3928
f 3260/3260 3940/3940 3927/3927
f 3758/3758 3902/3902 3748/3748
f 3827/3827 3934/3934 3941/3941
f 3925/3925 3748/3748 3902/3902
f 3284/3284 3259/3259 3285/3285
f 3903/3903 3925/3925 3902/3902
f 3939/3939 3861/3861 3838/3838
f 3943/3943 3941/3941 3934/3934
f 3934/3934 3944/3944 3943/3943
f 3939/3939 3942/3942 3861/3861
f 3936/3936 3929/3929 3937/3937
f 3808/3808 3906/3906 3897/3897
f 3890/3890 3942/3942 3930/3930
f 3945/3945 3942/3942 3890/3890
f 3946/3946 3925/3925 3903/3903
f 3808/3808 3908/3908 3906/3906
f 3938/3938 3935/3935 3947/3947
f 3948/3948 3284/3284 3285/3285
f 3835/3835 3949/3949 3896/3896
f 3950/3950 3936/3936 3937/3937
f 3925/3925 3946/3946 3924/3924
f 3950/3950 3951/3951 3936/3936
f 3924/3924 3946/3946 3922/3922
f 3747/3747 3782/3782 3919/3919
f 3934/3934 3938/3938 3944/3944
f 3919/3919 3782/3782 3870/3870
f 3947/3947 3944/3944 3938/3938
f 3952/3952 3942/3942 3953/3953
f 3942/3942 3952/3952 3954/3954
f 3903/3903 3901/3901 3946/3946
f 3955/3955 3754/3754 3753/3753
f 3754/3754 3955/3955 3935/3935
f 3930/3930 3509/3509 3890/3890
f 3753/3753 3910/3910 3955/3955
f 3931/3931 3790/3790 3781/3781
f 3910/3910 3935/3935 3955/3955
f 3947/3947 3935/3935 3910/3910
f 3881/3881 3900/3900 3890/3890
f 3956/3956 3957/3957 3946/3946
f 3874/3874 3958/3958 3908/3908
f 3890/3890 3900/3900 3945/3945
f 3949/3949 3761/3761 3896/3896
f 3906/3906 3908/3908 3958/3958
f 3945/3945 3900/3900 3905/3905
f 3947/3947 3910/3910 3959/3959
f 3926/3926 3919/3919 3960/3960
f 3932/3932 3928/3928 3961/3961
f 3961/3961 3931/3931 3932/3932
f 3941/3941 3943/3943 3872/3872
f 3869/3869 3933/3933 3877/3877
f 3942/3942 3945/3945 3953/3953
f 3870/3870 3960/3960 3919/3919
f 3960/3960 3870/3870 3962/3962
f 3835/3835 3860/3860 3301/3301
f 3933/3933 3923/3923 3922/3922
f 3790/3790 3931/3931 3961/3961
f 3943/3943 3963/3963 3872/3872
f 3945/3945 3905/3905 3964/3964
f 3965/3965 3913/3913 3912/3912
f 3928/3928 3940/3940 3966/3966
f 3967/3967 3283/3283 3926/3926
f 3949/3949 3835/3835 3301/3301
f 3933/3933 3968/3968 3877/3877
f 3963/3963 3943/3943 3944/3944
f 3933/3933 3922/3922 3969/3969
f 3967/3967 3291/3291 3283/3283
f 3947/3947 3959/3959 3944/3944
f 3940/3940 3284/3284 3970/3970
f 3933/3933 3969/3969 3968/3968
f 3971/3971 3291/3291 3967/3967
f 3972/3972 3291/3291 3971/3971
f 3944/3944 3973/3973 3963/3963
f 3961/3961 3928/3928 3966/3966
f 3974/3974 3913/3913 3965/3965
f 3887/3887 3958/3958 3874/3874
f 3965/3965 3975/3975 3974/3974
f 3976/3976 3964/3964 3977/3977
f 3926/3926 3960/3960 3967/3967
f 3960/3960 3978/3978 3967/3967
f 3964/3964 3905/3905 3917/3917
f 3971/3971 3967/3967 3978/3978
f 3917/3917 3977/3977 3964/3964
f 3887/3887 3979/3979 3958/3958
f 3339/3339 3949/3949 3301/3301
f 3980/3980 3880/3880 3877/3877
f 3980/3980 3877/3877 3968/3968
f 3981/3981 3963/3963 3304/3304
f 3973/3973 3304/3304 3963/3963
f 3304/3304 3944/3944 3982/3982
f 3304/3304 3973/3973 3944/3944
f 3983/3983 3961/3961 3966/3966
f 3961/3961 3983/3983 3984/3984
f 3985/3985 3880/3880 3980/3980
f 3197/3197 3880/3880 3985/3985
f 3966/3966 3940/3940 3970/3970
f 3986/3986 3917/3917 3583/3583
f 3966/3966 3970/3970 3983/3983
f 3980/3980 3968/3968 3985/3985
f 3987/3987 3789/3789 3913/3913
f 3284/3284 3948/3948 3970/3970
f 3988/3988 3968/3968 3969/3969
f 3872/3872 3856/3856 3941/3941
f 3968/3968 3988/3988 3985/3985
f 3583/3583 3989/3989 3986/3986
f 3981/3981 3872/3872 3963/3963
f 3884/3884 3872/3872 3981/3981
f 3917/3917 3986/3986 3977/3977
f 3988/3988 3990/3990 3985/3985
f 3971/3971 3991/3991 3972/3972
f 3992/3992 3983/3983 3970/3970
f 3974/3974 3987/3987 3913/3913
f 3993/3993 3987/3987 3974/3974
f 3992/3992 3970/3970 3994/3994
f 3986/3986 3989/3989 3995/3995
f 3906/3906 3958/3958 3996/3996
f 3936/3936 3965/3965 3912/3912
f 3860/3860 3882/3882 3301/3301
f 3953/3953 3964/3964 3997/3997
f 3882/3882 3305/3305 3301/3301
f 3998/3998 3965/3965 3936/3936
f 3953/3953 3945/3945 3964/3964
f 3999/3999 3969/3969 3922/3922
f 3975/3975 3965/3965 3998/3998
f 3999/3999 3922/3922 3946/3946
f 3868/3868 3784/3784 3790/3790
f 3946/3946 3957/3957 3999/3999
f 3868/3868 3790/3790 4000/4000
f 3884/3884 3981/3981 4001/4001
f 3997/3997 3964/3964 3976/3976
f 3318/3318 4001/4001 3981/3981
f 3875/3875 3962/3962 3870/3870
f 4000/4000 3790/3790 4002/4002
f 3495/3495 4001/4001 3318/3318
f 4003/4003 3868/3868 4000/4000
f 4004/4004 3999/3999 3957/3957
f 3889/3889 3868/3868 4003/4003
f 3884/3884 4001/4001 3495/3495
f 4005/4005 3952/3952 3953/3953
f 3997/3997 4005/4005 3953/3953
f 3318/3318 3981/3981 3303/3303
f 3304/3304 3303/3303 3981/3981
f 3790/3790 3961/3961 4002/4002
f 3339/3339 3761/3761 3949/3949
f 3996/3996 4006/4006 3906/3906
f 4007/4007 3960/3960 3962/3962
f 3993/3993 3974/3974 3975/3975
f 4000/4000 4002/4002 4008/4008
f 3975/3975 3998/3998 4009/4009
f 3993/3993 3975/3975 4009/4009
f 4008/4008 4002/4002 3961/3961
f 4010/4010 3993/3993 4009/4009
f 3944/3944 3959/3959 3982/3982
f 3959/3959 3910/3910 3918/3918
f 4010/4010 4011/4011 3993/3993
f 3959/3959 3918/3918 3982/3982
f 3977/3977 4012/4012 3976/3976
f 4008/4008 4013/4013 4000/4000
f 3979/3979 3996/3996 3958/3958
f 4008/4008 3961/3961 4014/4014
f 4012/4012 3977/3977 3995/3995
f 3999/3999 4004/4004 3988/3988
f 3995/3995 3977/3977 3986/3986
f 3997/3997 3976/3976 4012/4012
f 4015/4015 3988/3988 4004/4004
f 4016/4016 4012/4012 3995/3995
f 3863/3863 3937/3937 3836/3836
f 3950/3950 3937/3937 3863/3863
f 4003/4003 4000/4000 4013/4013
f 3304/3304 3982/3982 3337/3337
f 3885/3885 3889/3889 4003/4003
f 4003/4003 4013/4013 3885/3885
f 4017/4017 4004/4004 3957/3957
f 4018/4018 4017/4017 3957/3957
f 3885/3885 4013/4013 4019/4019
f 3894/3894 4021/4021 3875/3875
f 4022/4022 4021/4021 3894/3894
f 3982/3982 3918/3918 3337/3337
f 4023/4023 3861/3861 4024/4024
f 3118/3118 3337/3337 3918/3918
f 3918/3918 3120/3120 3118/3118
f 3969/3969 3999/3999 3988/3988
f 4013/4013 4025/4025 4019/4019
f 3356/3356 3335/3335 3337/3337
f 3337/3337 3118/3118 3356/3356
f 3875/3875 4021/4021 3962/3962
f 3954/3954 3861/3861 3942/3942
f 4024/4024 3861/3861 3954/3954
f 4026/4026 4013/4013 4008/4008
f 4026/4026 4008/4008 4014/4014
f 3989/3989 3583/3583 3575/3575
f 4027/4027 3788/3788 3789/3789
f 4028/4028 4024/4024 3954/3954
f 3989/3989 3575/3575 3794/3794
f 3887/3887 3888/3888 3152/3152
f 4029/4029 3962/3962 4021/4021
f 3795/3795 4030/4030 3794/3794
f 4031/4031 4013/4013 4026/4026
f 4032/4032 3954/3954 3952/3952
f 3989/3989 3794/3794 4033/4033
f 3794/3794 4030/4030 4033/4033
f 4033/4033 4030/4030 4034/4034
f 3979/3979 3887/3887 3152/3152
f 3198/3198 3197/3197 3985/3985
f 3815/3815 3788/3788 4027/4027
f 3815/3815 4027/4027 4035/4035
f 3760/3760 3771/3771 3863/3863
f 4036/4036 3984/3984 3983/3983
f 4036/4036 3983/3983 3992/3992
f 4007/4007 3978/3978 3960/3960
f 3861/3861 4023/4023 3769/3769
f 4037/4037 4035/4035 4027/4027
f 3795/3795 4038/4038 4030/4030
f 3771/3771 4039/4039 3863/3863
f 4040/4040 4023/4023 4024/4024
f 4014/4014 3961/3961 3984/3984
f 4024/4024 4028/4028 4040/4040
f 3807/3807 3822/3822 3795/3795
f 4029/4029 4007/4007 3962/3962
f 3984/3984 4041/4041 4014/4014
f 4042/4042 3985/3985 3990/3990
f 3769/3769 4023/4023 4040/4040
f 3822/3822 4038/4038 3795/3795
f 4041/4041 3984/3984 4036/4036
f 4007/4007 4029/4029 4043/4043
f 3971/3971 3978/3978 3991/3991
f 4044/4044 3978/3978 4007/4007
f 4045/4045 4038/4038 4046/4046
f 4039/4039 3950/3950 3863/3863
f 4044/4044 3991/3991 3978/3978
f 4046/4046 4038/4038 3822/3822
f 3205/3205 3198/3198 4042/4042
f 4039/4039 4047/4047 3950/3950
f 4044/4044 4007/4007 4048/4048
f 3152/3152 4049/4049 3979/3979
f 4036/4036 4050/4050 4041/4041
f 3771/3771 4051/4051 4039/4039
f 4049/4049 4052/4052 3979/3979
f 4053/4053 4036/4036 3992/3992
f 4054/4054 4037/4037 4027/4027
f 4055/4055 4039/4039 4051/4051
f 4056/4056 4033/4033 4034/4034
f 4036/4036 4053/4053 4050/4050
f 4034/4034 4030/4030 4038/4038
f 4007/4007 4043/4043 4048/4048
f 3198/3198 3985/3985 4042/4042
f 4057/4057 4034/4034 4038/4038
f 4058/4058 4028/4028 4059/4059
f 4028/4028 3954/3954 4032/4032
f 3152/3152 3151/3151 4049/4049
f 4028/4028 4032/4032 4059/4059
f 4060/4060 3205/3205 4042/4042
f 4034/4034 4061/4061 4056/4056
f 3998/3998 3936/3936 3951/3951
f 3952/3952 4005/4005 4032/4032
f 4062/4062 4035/4035 4037/4037
f 4063/4063 4026/4026 4014/4014
f 3979/3979 4052/4052 3996/3996
f 4061/4061 4034/4034 4057/4057
f 4063/4063 4014/4014 4041/4041
f 4050/4050 4053/4053 4064/4064
f 4057/4057 4038/4038 4045/4045
f 4047/4047 3951/3951 3950/3950
f 4065/4065 4041/4041 4050/4050
f 4032/4032 4005/4005 4066/4066
f 4067/4067 4032/4032 4066/4066
f 4068/4068 3820/3820 3815/3815
f 4047/4047 3998/3998 3951/3951
f 4015/4015 4004/4004 4069/4069
f 4068/4068 3815/3815 4035/4035
f 4069/4069 4004/4004 4017/4017
f 4070/4070 4069/4069 4017/4017
f 4065/4065 4050/4050 4064/4064
f 4071/4071 4068/4068 4035/4035
f 4009/4009 3998/3998 4047/4047
f 4052/4052 4072/4072 3996/3996
f 4073/4073 4029/4029 4021/4021
f 4070/4070 4074/4074 4069/4069
f 4075/4075 4046/4046 4076/4076
f 4039/4039 4077/4077 4047/4047
f 4077/4077 4039/4039 4055/4055
f 4029/4029 4073/4073 4043/4043
f 4059/4059 4032/4032 4067/4067
f 4075/4075 4045/4045 4046/4046
f 4078/4078 4048/4048 4043/4043
f 4066/4066 4079/4079 4067/4067
f 3405/3405 3402/3402 3840/3840
f 4015/4015 3990/3990 3988/3988
f 4075/4075 4080/4080 4045/4045
f 4015/4015 4081/4081 3990/3990
f 4080/4080 4057/4057 4045/4045
f 4082/4082 3837/3837 3585/3585
f 4069/4069 4081/4081 4015/4015
f 4042/4042 3990/3990 4081/4081
f 4083/4083 4009/4009 4047/4047
f 3581/3581 3405/3405 3840/3840
f 4080/4080 4075/4075 4076/4076
f 3584/3584 4082/4082 3585/3585
f 3581/3581 3840/3840 4084/4084
f 4084/4084 3840/3840 3853/3853
f 4085/4085 4068/4068 4071/4071
f 4085/4085 4086/4086 4068/4068
f 4080/4080 4076/4076 4087/4087
f 4077/4077 4083/4083 4047/4047
f 4076/4076 4046/4046 3822/3822
f 3853/3853 3845/3845 3855/3855
f 4068/4068 3866/3866 3820/3820
f 3866/3866 4068/4068 4088/4088
f 3997/3997 4089/4089 4005/4005
f 4090/4090 3837/3837 4082/4082
f 4042/4042 4081/4081 4060/4060
f 3892/3892 3822/3822 3871/3871
f 3892/3892 4091/4091 3822/3822
f 4091/4091 4076/4076 3822/3822
f 4060/4060 4081/4081 4092/4092
f 4089/4089 4093/4093 4005/4005
f 4090/4090 3847/3847 3837/3837
f 4090/4090 3891/3891 3847/3847
f 4081/4081 4069/4069 4074/4074
f 4081/4081 4074/4074 4094/4094
f 4094/4094 4074/4074 4095/4095
f 3997/3997 4012/4012 4096/4096
f 3408/3408 4088/4088 4097/4097
f 4098/4098 4010/4010 4009/4009
f 3997/3997 4096/4096 4093/4093
f 4099/4099 4090/4090 4082/4082
f 3853/3853 4100/4100 4084/4084
f 4100/4100 3853/3853 3855/3855
f 4093/4093 4089/4089 3997/3997
f 4079/4079 4005/4005 4093/4093
f 4079/4079 4066/4066 4005/4005
f 4088/4088 3408/3408 3866/3866
f 4060/4060 3223/3223 3205/3205
f 3223/3223 4060/4060 3226/3226
f 4101/4101 3893/3893 4090/4090
f 4091/4091 3892/3892 3413/3413
f 3581/3581 4084/4084 4102/4102
f 4103/4103 4096/4096 4012/4012
f 4103/4103 4093/4093 4096/4096
f 3413/3413 3884/3884 3494/3494
f 4067/4067 4079/4079 4093/4093
f 4083/4083 4098/4098 4009/4009
f 3151/3151 3253/3253 4049/4049
f 4093/4093 4103/4103 4067/4067
f 3151/3151 3228/3228 3253/3253
f 3408/3408 4097/4097 3411/3411
f 4104/4104 4067/4067 4103/4103
f 3613/3613 4099/4099 4082/4082
f 3412/3412 4091/4091 3413/3413
f 3601/3601 3581/3581 4105/4105
f 4105/4105 3581/3581 4102/4102
f 3613/3613 4082/4082 3584/3584
f 3413/3413 3494/3494 3414/3414
f 3789/3789 3987/3987 4027/4027
f 4068/4068 4097/4097 4088/4088
f 4106/4106 4099/4099 3613/3613
f 4087/4087 4076/4076 4091/4091
f 3987/3987 3993/3993 4011/4011
f 4107/4107 4084/4084 4100/4100
f 4087/4087 4091/4091 3412/3412
f 3989/3989 4056/4056 3995/3995
f 4056/4056 3989/3989 4033/4033
f 3263/3263 4049/4049 3253/3253
f 4108/4108 4090/4090 4099/4099
f 4109/4109 3995/3995 4056/4056
f 4110/4110 3987/3987 4011/4011
f 4054/4054 4027/4027 3987/3987
f 4092/4092 3226/3226 4060/4060
f 4101/4101 4090/4090 4108/4108
f 4087/4087 4111/4111 4080/4080
f 4054/4054 3987/3987 4110/4110
f 3226/3226 4092/4092 4112/4112
f 4068/4068 3411/3411 4097/4097
f 3436/3436 4068/4068 4086/4086
f 4084/4084 4107/4107 4102/4102
f 4111/4111 4087/4087 3429/3429
f 3436/3436 3411/3411 4068/4068
f 3429/3429 4087/4087 3412/3412
f 4052/4052 4049/4049 4072/4072
f 4016/4016 3995/3995 4109/4109
f 4049/4049 3263/3263 4072/4072
f 4092/4092 4081/4081 4094/4094
f 3854/3854 3895/3895 3855/3855
f 3891/3891 4090/4090 3893/3893
f 4112/4112 4092/4092 4094/4094
f 4110/4110 4037/4037 4054/4054
f 4113/4113 4035/4035 4062/4062
f 4094/4094 4095/4095 4114/4114
f 4109/4109 4056/4056 4061/4061
f 4061/4061 4115/4115 4109/4109
f 4100/4100 3855/3855 3895/3895
f 4115/4115 4061/4061 4116/4116
f 4098/4098 4011/4011 4010/4010
f 4117/4117 4012/4012 4016/4016
f 3225/3225 3226/3226 4112/4112
f 4103/4103 4012/4012 4117/4117
f 4071/4071 4035/4035 4113/4113
f 4113/4113 4085/4085 4071/4071
f 3895/3895 4118/4118 4100/4100
f 4011/4011 4098/4098 4119/4119
f 4011/4011 4119/4119 4110/4110
f 4101/4101 4120/4120 3893/3893
f 3865/3865 4118/4118 3895/3895
f 4120/4120 3894/3894 3893/3893
f 3225/3225 4112/4112 3251/3251
f 4057/4057 4121/4121 4061/4061
f 3864/3864 3885/3885 4019/4019
f 4116/4116 4061/4061 4121/4121
f 4118/4118 3865/3865 4020/4020
f 3251/3251 4094/4094 4122/4122
f 3261/3261 3263/3263 3253/3253
f 4062/4062 4037/4037 4110/4110
f 3276/3276 3251/3251 4122/4122
f 3251/3251 4112/4112 4094/4094
f 4057/4057 4080/4080 4121/4121
f 4123/4123 4100/4100 4118/4118
f 3441/3441 4121/4121 4080/4080
f 4124/4124 4107/4107 4100/4100
f 4119/4119 4062/4062 4110/4110
f 4117/4117 4016/4016 4109/4109
f 3692/3692 3601/3601 4105/4105
f 4125/4125 1085/1085 1496/1496
f 4119/4119 4113/4113 4062/4062
f 1085/1085 4125/4125 3157/3157
f 3174/3174 1082/1082 3154/3154
f 3690/3690 4106/4106 3613/3613
f 3157/3157 4125/4125 4126/4126
f 1082/1082 3174/3174 1498/1498
f 3692/3692 4105/4105 4127/4127
f 3441/3441 4080/4080 4111/4111
f 3712/3712 3692/3692 4127/4127
f 4128/4128 4127/4127 4105/4105
f 4129/4129 4119/4119 4098/4098
f 4130/4130 4131/4131 1498/1498
f 4125/4125 1496/1496 1499/1499
f 4085/4085 3436/3436 4086/4086
f 4128/4128 4105/4105 4102/4102
f 4132/4132 4115/4115 4116/4116
f 4083/4083 4129/4129 4098/4098
f 4133/4133 4104/4104 4103/4103
f 4126/4126 4125/4125 1499/1499
f 4134/4134 4135/4135 4113/4113
f 4136/4136 4119/4119 4129/4129
f 4116/4116 4121/4121 4132/4132
f 4137/4137 4113/4113 4135/4135
f 4133/4133 4103/4103 4138/4138
f 4138/4138 4103/4103 4117/4117
f 4126/4126 1499/1499 4139/4139
f 4140/4140 4132/4132 4121/4121
f 4019/4019 4025/4025 4031/4031
f 4013/4013 4031/4031 4025/4025
f 1498/1498 3174/3174 4130/4130
f 4141/4141 4119/4119 4136/4136
f 4140/4140 4121/4121 3441/3441
f 4085/4085 4113/4113 4137/4137
f 4142/4142 4126/4126 4139/4139
f 4115/4115 4117/4117 4109/4109
f 1085/1085 3157/3157 1500/1500
f 3440/3440 4132/4132 4140/4140
f 4143/4143 3894/3894 4120/4120
f 4022/4022 3894/3894 4143/4143
f 4144/4144 4138/4138 4117/4117
f 4126/4126 4145/4145 3157/3157
f 4144/4144 4117/4117 4115/4115
f 4108/4108 4120/4120 4101/4101
f 4141/4141 4134/4134 4119/4119
f 4145/4145 3175/3175 3157/3157
f 4145/4145 4146/4146 3175/3175
f 3175/3175 3148/3148 3157/3157
f 4137/4137 3434/3434 4085/4085
f 4144/4144 4115/4115 4147/4147
f 3439/3439 3441/3441 4111/4111
f 4085/4085 3434/3434 3436/3436
f 4134/4134 4113/4113 4119/4119
f 4124/4124 4100/4100 4123/4123
f 4120/4120 4108/4108 4148/4148
f 4147/4147 4115/4115 4132/4132
f 4120/4120 4148/4148 4149/4149
f 3440/3440 4140/4140 3441/3441
f 4141/4141 4135/4135 4134/4134
f 4142/4142 4146/4146 4145/4145
f 4142/4142 4145/4145 4126/4126
f 4111/4111 3429/3429 3427/3427
f 4131/4131 1311/1311 1306/1306
f 4118/4118 4150/4150 4123/4123
f 1306/1306 1498/1498 4131/4131
f 3439/3439 4111/4111 3427/3427
f 1501/1501 4151/4151 1499/1499
f 3494/3494 3884/3884 3495/3495
f 3449/3449 3680/3680 3600/3600
f 4151/4151 1501/1501 1312/1312
f 3450/3450 3468/3468 3682/3682
f 4152/4152 4143/4143 4120/4120
f 4149/4149 4152/4152 4120/4120
f 4123/4123 4150/4150 4153/4153
f 3842/3842 3682/3682 3468/3468
f 4151/4151 4139/4139 1499/1499
f 4106/4106 4108/4108 4099/4099
f 4154/4154 1312/1312 306/306
f 4128/4128 4102/4102 4155/4155
f 4156/4156 4108/4108 4106/4106
f 3468/3468 3611/3611 3842/3842
f 1312/1312 4154/4154 4151/4151
f 4155/4155 4102/4102 4107/4107
f 4155/4155 4107/4107 4124/4124
f 4157/4157 4158/4158 305/305
f 300/300 1311/1311 4159/4159
f 4154/4154 306/306 4160/4160
f 4161/4161 4108/4108 4156/4156
f 4161/4161 4148/4148 4108/4108
f 305/305 4160/4160 306/306
f 4162/4162 4131/4131 4130/4130
f 4160/4160 305/305 4158/4158
f 4163/4163 4156/4156 4106/4106
f 3825/3825 3680/3680 3830/3830
f 4128/4128 4155/4155 4164/4164
f 4157/4157 315/315 308/308
f 3680/3680 3729/3729 3830/3830
f 4151/4151 4165/4165 4139/4139
f 3680/3680 3453/3453 3729/3729
f 4166/4166 4161/4161 4156/4156
f 247/247 300/300 4167/4167
f 4168/4168 3682/3682 3842/3842
f 4169/4169 4163/4163 3690/3690
f 3695/3695 3685/3685 3682/3682
f 315/315 4157/4157 305/305
f 4170/4170 4165/4165 4151/4151
f 4163/4163 4106/4106 3690/3690
f 3682/3682 4168/4168 3695/3695
f 4131/4131 4162/4162 1311/1311
f 3719/3719 4169/4169 3690/3690
f 4171/4171 4170/4170 4151/4151
f 4168/4168 3842/3842 4172/4172
f 3841/3841 4172/4172 3842/3842
f 4171/4171 4151/4151 4154/4154
f 4167/4167 300/300 4159/4159
f 4173/4173 3712/3712 4127/4127
f 4173/4173 4127/4127 4174/4174
f 1311/1311 4162/4162 4175/4175
f 4160/4160 4158/4158 4176/4176
f 4175/4175 4159/4159 1311/1311
f 4171/4171 4177/4177 4170/4170
f 4127/4127 4128/4128 4178/4178
f 4179/4179 4168/4168 4172/4172
f 4127/4127 4178/4178 4180/4180
f 4178/4178 4128/4128 4164/4164
f 4156/4156 4163/4163 4166/4166
f 4179/4179 4172/4172 3841/3841
f 4180/4180 4178/4178 4164/4164
f 4127/4127 4180/4180 4174/4174
f 3174/3174 3127/3127 3200/3200
f 4158/4158 4157/4157 4181/4181
f 4166/4166 4163/4163 4169/4169
f 4142/4142 3175/3175 4146/4146
f 4142/4142 3193/3193 3175/3175
f 4182/4182 3695/3695 4168/4168
f 4167/4167 4159/4159 4175/4175
f 4183/4183 4161/4161 4166/4166
f 4130/4130 3174/3174 3200/3200
f 3766/3766 3711/3711 3695/3695
f 3168/3168 3175/3175 3193/3193
f 4176/4176 4158/4158 4181/4181
f 3695/3695 4182/4182 3766/3766
f 1271/1271 127/127 247/247
f 3208/3208 3190/3190 3193/3193
f 4155/4155 4124/4124 4184/4184
f 4124/4124 4123/4123 4184/4184
f 3193/3193 4185/4185 3208/3208
f 4186/4186 3208/3208 4185/4185
f 3873/3873 3831/3831 3830/3830
f 3193/3193 4142/4142 4185/4185
f 247/247 4167/4167 1271/1271
f 3873/3873 3830/3830 3729/3729
f 4149/4149 4148/4148 4161/4161
f 4187/4187 4149/4149 4161/4161
f 3873/3873 3729/3729 4188/4188
f 4185/4185 4142/4142 4189/4189
f 4189/4189 4190/4190 4185/4185
f 4164/4164 4155/4155 4184/4184
f 4168/4168 4179/4179 4182/4182
f 4184/4184 4191/4191 4164/4164
f 4182/4182 4179/4179 4192/4192
f 4187/4187 4193/4193 4149/4149
f 4184/4184 4123/4123 4191/4191
f 3688/3688 4188/4188 3729/3729
f 3764/3764 4188/4188 3688/3688
f 4123/4123 4153/4153 4191/4191
f 3766/3766 4182/4182 4192/4192
f 3172/3172 381/381 396/396
f 3172/3172 4194/4194 381/381
f 4167/4167 3180/3180 1271/1271
f 4191/4191 4153/4153 4195/4195
f 4149/4149 4193/4193 4152/4152
f 3206/3206 3208/3208 4186/4186
f 3186/3186 4194/4194 3172/3172
f 4195/4195 4153/4153 4196/4196
f 4197/4197 4192/4192 4179/4179
f 3200/3200 3137/3137 4130/4130
f 4183/4183 4187/4187 4161/4161
f 308/308 365/365 4157/4157
f 4191/4191 4198/4198 4164/4164
f 4199/4199 4192/4192 4197/4197
f 4199/4199 4200/4200 4192/4192
f 4164/4164 4198/4198 4180/4180
f 4186/4186 4185/4185 4190/4190
f 3766/3766 3741/3741 3711/3711
f 4194/4194 365/365 381/381
f 3756/3756 3741/3741 3766/3766
f 4201/4201 365/365 4194/4194
f 365/365 4201/4201 4157/4157
f 3111/3111 4186/4186 4190/4190
f 3111/3111 3126/3126 4186/4186
f 4181/4181 4157/4157 4201/4201
f 4187/4187 4183/4183 4202/4202
f 3766/3766 4192/4192 4200/4200
f 3766/3766 4200/4200 4203/4203
f 4189/4189 4139/4139 4165/4165
f 4179/4179 3841/3841 3844/3844
f 3876/3876 4179/4179 3844/3844
f 4130/4130 3137/3137 4162/4162
f 4204/4204 4181/4181 4201/4201
f 3876/3876 4197/4197 4179/4179
f 4191/4191 4195/4195 4198/4198
f 4202/4202 4193/4193 4187/4187
f 4202/4202 4205/4205 4193/4193
f 3876/3876 3879/3879 4197/4197
f 4206/4206 4207/4207 4193/4193
f 4204/4204 4201/4201 4194/4194
f 4205/4205 4206/4206 4193/4193
f 3878/3878 3879/3879 3876/3876
f 4175/4175 4162/4162 3102/3102
f 4208/4208 4198/4198 4195/4195
f 4194/4194 3186/3186 3249/3249
f 4197/4197 3879/3879 4209/4209
f 4177/4177 4165/4165 4170/4170
f 4210/4210 4165/4165 4177/4177
f 4175/4175 3313/3313 4167/4167
f 4143/4143 4021/4021 4022/4022
f 4031/4031 4212/4212 4019/4019
f 4210/4210 4177/4177 3112/3112
f 4204/4204 4176/4176 4181/4181
f 4209/4209 3879/3879 3880/3880
f 4162/4162 3137/3137 3102/3102
f 3100/3100 3102/3102 3137/3137
f 4213/4213 4176/4176 4214/4214
f 3764/3764 3921/3921 4188/4188
f 4026/4026 4063/4063 4031/4031
f 4031/4031 4215/4215 4216/4216
f 4031/4031 4063/4063 4215/4215
f 4217/4217 3873/3873 4188/4188
f 3921/3921 4217/4217 4188/4188
f 4218/4218 4200/4200 4199/4199
f 4203/4203 4200/4200 4218/4218
f 3308/3308 3133/3133 3112/3112
f 4142/4142 4139/4139 4189/4189
f 4219/4219 4021/4021 4143/4143
f 3313/3313 3180/3180 4167/4167
f 4219/4219 4073/4073 4021/4021
f 4204/4204 4194/4194 3249/3249
f 4020/4020 4211/4211 4118/4118
f 4190/4190 4189/4189 4165/4165
f 4118/4118 4211/4211 4150/4150
f 4214/4214 4176/4176 4204/4204
f 4190/4190 4165/4165 3112/3112
f 4217/4217 3921/3921 3095/3095
f 4220/4220 4219/4219 4143/4143
f 3095/3095 3146/3146 4217/4217
f 4221/4221 4150/4150 4211/4211
f 4204/4204 4222/4222 4214/4214
f 4222/4222 4204/4204 3249/3249
f 4223/4223 3766/3766 4203/4203
f 3112/3112 3111/3111 4190/4190
f 3765/3765 3766/3766 4223/4223
f 4220/4220 4143/4143 4152/4152
f 4153/4153 4150/4150 4221/4221
f 3112/3112 4165/4165 4210/4210
f 4212/4212 4031/4031 4216/4216
f 3216/3216 3180/3180 3313/3313
f 3211/3211 3208/3208 3207/3207
f 4224/4224 4223/4223 4203/4203
f 4222/4222 3249/3249 3250/3250
f 4226/4226 4212/4212 4216/4216
f 3765/3765 4223/4223 3916/3916
f 4160/4160 4171/4171 4154/4154
f 4218/4218 4227/4227 4203/4203
f 4177/4177 4171/4171 4228/4228
f 3499/3499 3216/3216 3313/3313
f 3916/3916 4223/4223 4224/4224
f 4211/4211 4225/4225 4221/4221
f 4228/4228 4171/4171 4160/4160
f 4160/4160 4176/4176 4228/4228
f 4226/4226 4216/4216 4229/4229
f 4230/4230 4229/4229 4216/4216
f 4227/4227 4224/4224 4203/4203
f 4231/4231 4220/4220 4152/4152
f 4232/4232 4219/4219 4220/4220
f 4233/4233 4177/4177 4228/4228
f 3349/3349 4214/4214 4222/4222
f 3921/3921 3096/3096 3095/3095
f 4231/4231 4232/4232 4220/4220
f 3092/3092 3105/3105 4224/4224
f 3351/3351 4214/4214 3349/3349
f 4228/4228 4234/4234 4233/4233
f 3105/3105 3916/3916 4224/4224
f 4063/4063 4235/4235 4215/4215
f 4233/4233 3112/3112 4177/4177
f 3092/3092 4224/4224 4227/4227
f 4222/4222 3250/3250 3265/3265
f 3220/3220 3265/3265 3250/3250
f 4228/4228 4176/4176 4213/4213
f 3178/3178 4227/4227 4218/4218
f 4230/4230 4216/4216 4215/4215
f 4213/4213 4234/4234 4228/4228
f 4073/4073 4219/4219 4236/4236
f 3092/3092 4227/4227 3178/3178
f 4175/4175 3102/3102 3306/3306
f 3349/3349 4222/4222 3265/3265
f 4217/4217 3888/3888 3873/3873
f 3265/3265 3266/3266 3349/3349
f 4063/4063 4041/4041 4235/4235
f 4041/4041 4065/4065 4235/4235
f 4073/4073 4237/4237 4043/4043
f 4237/4237 4078/4078 4043/4043
f 3308/3308 4233/4233 4234/4234
f 3112/3112 4233/4233 3308/3308
f 4078/4078 4237/4237 4238/4238
f 4209/4209 4199/4199 4197/4197
f 3350/3350 3349/3349 3266/3266
f 3499/3499 3313/3313 3316/3316
f 4199/4199 4209/4209 4239/4239
f 4236/4236 4237/4237 4073/4073
f 3320/3320 3308/3308 4234/4234
f 3306/3306 3313/3313 4175/4175
f 4234/4234 3351/3351 3320/3320
f 3351/3351 4234/4234 4213/4213
f 4213/4213 4214/4214 3351/3351
f 4209/4209 3880/3880 3196/3196
f 3196/3196 3880/3880 3197/3197
f 4240/4240 4236/4236 4219/4219
f 3196/3196 4239/4239 4209/4209
f 3361/3361 3499/3499 3316/3316
f 4241/4241 4230/4230 4215/4215
f 4241/4241 4215/4215 4235/4235
f 3158/3158 4239/4239 3196/3196
f 3320/3320 3351/3351 3350/3350
f 3266/3266 4242/4242 3357/3357
f 4241/4241 4229/4229 4230/4230
f 4242/4242 3266/3266 3505/3505
f 3888/3888 3146/3146 3152/3152
f 4241/4241 4235/4235 4243/4243
f 3146/3146 3888/3888 4217/4217
f 3178/3178 4218/4218 4199/4199
f 4244/4244 4243/4243 4235/4235
f 4237/4237 4245/4245 4238/4238
f 4239/4239 3178/3178 4199/4199
f 3499/3499 3361/3361 3513/3513
f 3178/3178 4239/4239 4246/4246
f 4246/4246 4239/4239 3158/3158
f 4243/4243 4244/4244 4247/4247
f 3357/3357 4242/4242 3505/3505
f 3090/3090 3137/3137 3200/3200
f 3513/3513 3361/3361 3360/3360
f 4219/4219 4232/4232 4240/4240
f 3161/3161 4246/4246 3158/3158
f 3505/3505 3374/3374 3357/3357
f 4246/4246 3093/3093 3178/3178
f 3161/3161 3093/3093 4246/4246
f 3206/3206 4186/4186 3213/3213
f 4245/4245 4237/4237 4236/4236
f 4240/4240 4245/4245 4236/4236
f 3196/3196 3198/3198 3159/3159
f 3158/3158 3196/3196 3159/3159
f 4247/4247 4248/4248 4241/4241
f 946/946 3321/3321 4249/4249
f 966/966 946/946 4249/4249
f 4250/4250 4245/4245 4240/4240
f 1321/1321 960/960 979/979
f 4247/4247 4241/4241 4243/4243
f 3213/3213 4186/4186 3126/3126
f 3213/3213 3126/3126 3144/3144
f 3144/3144 3126/3126 3129/3129
f 4153/4153 4221/4221 4196/4196
f 3090/3090 3089/3089 3137/3137
f 4207/4207 4231/4231 4152/4152
f 4152/4152 4193/4193 4207/4207
f 3368/3368 1321/1321 979/979
f 3391/3391 3368/3368 979/979
f 4196/4196 4221/4221 4225/4225
f 3321/3321 3380/3380 4249/4249
f 3105/3105 3120/3120 3918/3918
f 4249/4249 3380/3380 3456/3456
f 3106/3106 3120/3120 3105/3105
f 1181/1181 1195/1195 3164/3164
f 4251/4251 4232/4232 4231/4231
f 3092/3092 3091/3091 3105/3105
f 4207/4207 4251/4251 4231/4231
f 4225/4225 4252/4252 4196/4196
f 1181/1181 3164/3164 3191/3191
f 4253/4253 4252/4252 4225/4225
f 4196/4196 4255/4255 4195/4195
f 3117/3117 3191/3191 3136/3136
f 4208/4208 4195/4195 4255/4255
f 3191/3191 1238/1238 1181/1181
f 4256/4256 4207/4207 4206/4206
f 3191/3191 3117/3117 1238/1238
f 1257/1257 3107/3107 1205/1205
f 3109/3109 1205/1205 3107/3107
f 4257/4257 4252/4252 4253/4253
f 3098/3098 3107/3107 1257/1257
f 4255/4255 4196/4196 4252/4252
f 4256/4256 4251/4251 4207/4207
f 4255/4255 4252/4252 4257/4257
f 3099/3099 1258/1258 1260/1260
f 4241/4241 4248/4248 4229/4229
f 4254/4254 4226/4226 4229/4229
f 4248/4248 4254/4254 4229/4229
f 4258/4258 4254/4254 4248/4248
f 4260/4260 4232/4232 4251/4251
f 4260/4260 4240/4240 4232/4232
f 4250/4250 4240/4240 4261/4261
f 4260/4260 4261/4261 4240/4240
f 4262/4262 4260/4260 4251/4251
f 4257/4257 4253/4253 4259/4259
f 4259/4259 4263/4263 4257/4257
f 4248/4248 4264/4264 4258/4258
f 4265/4265 4261/4261 4260/4260
f 4259/4259 4266/4266 4263/4263
f 4260/4260 4262/4262 4267/4267
f 4265/4265 4260/4260 4267/4267
f 4268/4268 4265/4265 4267/4267
f 4269/4269 4270/4270 4271/4271
f 4272/4272 4273/4273 4274/4274
f 4275/4275 4272/4272 4274/4274
f 936/936 966/966 4276/4276
f 4276/4276 1940/1940 936/936
f 4271/4271 4270/4270 4277/4277
f 4278/4278 4273/4273 4279/4279
f 4280/4280 4281/4281 4282/4282
f 4269/4269 4283/4283 4270/4270
f 4278/4278 4284/4284 4273/4273
f 4285/4285 4286/4286 4287/4287
f 4288/4288 1940/1940 4276/4276
f 4289/4289 4280/4280 4282/4282
f 4290/4290 4291/4291 4292/4292
f 4293/4293 4288/4288 4276/4276
f 4274/4274 4273/4273 4284/4284
f 4270/4270 4294/4294 4277/4277
f 4249/4249 4276/4276 966/966
f 4295/4295 4280/4280 4289/4289
f 4296/4296 4294/4294 4270/4270
f 4297/4297 4298/4298 4299/4299
f 4300/4300 4281/4281 4280/4280
f 4295/4295 4300/4300 4280/4280
f 4287/4287 4301/4301 4302/4302
f 4296/4296 4270/4270 4283/4283
f 3391/3391 979/979 1949/1949
f 1949/1949 4303/4303 3391/3391
f 1957/1957 1943/1943 1938/1938
f 4289/4289 4282/4282 4304/4304
f 1957/1957 4305/4305 1943/1943
f 1949/1949 1943/1943 4305/4305
f 4294/4294 4306/4306 4277/4277
f 1949/1949 4305/4305 4303/4303
f 4307/4307 4308/4308 4291/4291
f 4298/4298 4309/4309 4299/4299
f 4292/4292 4291/4291 4283/4283
f 4310/4310 4283/4283 4291/4291
f 4311/4311 4306/4306 4294/4294
f 4249/4249 3456/3456 4276/4276
f 4312/4312 4297/4297 4313/4313
f 4299/4299 4313/4313 4297/4297
f 4314/4314 4315/4315 4316/4316
f 3391/3391 4303/4303 3394/3394
f 4296/4296 4283/4283 4310/4310
f 4300/4300 4295/4295 4302/4302
f 4317/4317 4316/4316 4318/4318
f 4319/4319 3394/3394 4303/4303
f 4320/4320 4275/4275 4274/4274
f 4303/4303 4305/4305 4319/4319
f 4318/4318 4316/4316 4315/4315
f 4319/4319 4305/4305 4321/4321
f 3456/3456 4293/4293 4276/4276
f 4322/4322 4275/4275 4320/4320
f 4323/4323 4318/4318 4315/4315
f 4324/4324 4296/4296 4310/4310
f 4325/4325 4324/4324 4310/4310
f 4290/4290 4307/4307 4291/4291
f 4321/4321 4326/4326 4319/4319
f 4327/4327 4302/4302 4295/4295
f 4328/4328 4329/4329 4287/4287
f 4312/4312 4313/4313 4330/4330
f 4331/4331 4312/4312 4330/4330
f 4332/4332 4295/4295 4289/4289
f 4333/4333 1886/1886 1940/1940
f 4318/4318 4290/4290 4317/4317
f 4318/4318 4307/4307 4290/4290
f 1958/1958 4334/4334 1957/1957
f 4335/4335 4294/4294 4324/4324
f 4336/4336 4274/4274 4284/4284
f 4274/4274 4336/4336 4320/4320
f 4337/4337 4311/4311 4294/4294
f 4337/4337 4294/4294 4335/4335
f 4334/4334 4305/4305 1957/1957
f 4287/4287 4329/4329 4285/4285
f 4338/4338 4320/4320 4336/4336
f 4332/4332 4289/4289 4339/4339
f 4324/4324 4294/4294 4296/4296
f 4340/4340 1958/1958 1961/1961
f 4295/4295 4332/4332 4327/4327
f 4313/4313 4341/4341 4330/4330
f 4308/4308 4342/4342 4310/4310
f 1958/1958 4340/4340 4334/4334
f 4324/4324 4325/4325 4342/4342
f 4310/4310 4342/4342 4325/4325
f 4343/4343 4334/4334 4340/4340
f 4288/4288 4333/4333 1940/1940
f 4324/4324 4344/4344 4345/4345
f 4320/4320 4338/4338 4346/4346
f 4324/4324 4345/4345 4335/4335
f 4344/4344 4347/4347 4345/4345
f 4345/4345 4347/4347 4348/4348
f 4348/4348 4347/4347 4349/4349
f 4313/4313 4299/4299 4350/4350
f 4350/4350 4351/4351 4313/4313
f 4313/4313 4351/4351 4341/4341
f 4324/4324 4347/4347 4344/4344
f 4352/4352 4343/4343 4340/4340
f 4342/4342 4347/4347 4324/4324
f 4332/4332 4353/4353 4327/4327
f 4354/4354 4286/4286 4285/4285
f 4355/4355 4330/4330 4341/4341
f 4329/4329 4354/4354 4285/4285
f 4356/4356 4352/4352 4357/4357
f 4356/4356 4334/4334 4343/4343
f 4356/4356 4358/4358 4334/4334
f 4359/4359 4333/4333 4288/4288
f 4342/4342 4360/4360 4361/4361
f 4361/4361 4347/4347 4342/4342
f 4356/4356 4343/4343 4352/4352
f 4291/4291 4308/4308 4310/4310
f 4358/4358 4321/4321 4305/4305
f 4321/4321 4358/4358 4326/4326
f 4358/4358 4305/4305 4334/4334
f 4361/4361 4349/4349 4347/4347
f 4362/4362 4342/4342 4308/4308
f 4328/4328 4287/4287 4302/4302
f 4363/4363 4349/4349 4361/4361
f 4319/4319 4364/4364 3394/3394
f 4365/4365 4328/4328 4302/4302
f 4365/4365 4302/4302 4327/4327
f 2723/2723 4366/4366 2004/2004
f 2723/2723 4367/4367 4366/4366
f 4362/4362 4308/4308 4307/4307
f 4366/4366 2015/2015 2004/2004
f 4307/4307 4368/4368 4362/4362
f 3758/3758 3898/3898 3901/3901
f 4369/4369 2012/2012 4370/4370
f 4371/4371 4364/4364 4319/4319
f 4372/4372 4319/4319 4326/4326
f 4371/4371 4319/4319 4372/4372
f 4373/4373 3901/3901 3898/3898
f 4370/4370 4374/4374 4369/4369
f 4328/4328 4365/4365 4329/4329
f 4370/4370 4375/4375 4374/4374
f 4353/4353 4365/4365 4327/4327
f 2015/2015 4366/4366 4376/4376
f 4377/4377 3898/3898 4378/4378
f 4367/4367 4379/4379 4366/4366
f 4373/4373 3898/3898 4377/4377
f 4380/4380 4374/4374 4375/4375
f 4381/4381 4378/4378 3898/3898
f 4379/4379 4376/4376 4366/4366
f 4371/4371 4382/4382 4364/4364
f 4382/4382 4371/4371 4383/4383
f 4371/4371 4372/4372 4383/4383
f 4384/4384 4379/4379 4367/4367
f 3456/3456 4385/4385 4293/4293
f 3751/3751 4386/4386 4387/4387
f 4368/4368 4307/4307 4318/4318
f 4388/4388 3751/3751 4387/4387
f 4389/4389 4379/4379 4384/4384
f 4390/4390 4378/4378 4391/4391
f 4383/4383 4372/4372 4392/4392
f 4377/4377 4378/4378 4390/4390
f 4393/4393 4318/4318 4323/4323
f 4394/4394 4389/4389 4395/4395
f 4393/4393 4368/4368 4318/4318
f 4370/4370 2012/2012 2102/2102
f 4358/4358 4356/4356 4396/4396
f 4397/4397 3901/3901 4373/4373
f 4386/4386 3751/3751 3906/3906
f 4398/4398 4368/4368 4393/4393
f 4399/4399 2010/2010 2015/2015
f 4400/4400 4401/4401 4329/4329
f 4396/4396 4356/4356 4402/4402
f 4403/4403 4399/4399 2015/2015
f 2123/2123 4404/4404 2102/2102
f 4370/4370 2102/2102 4404/4404
f 4393/4393 4405/4405 4398/4398
f 4399/4399 2121/2121 2010/2010
f 4359/4359 4406/4406 4407/4407
f 3956/3956 3901/3901 4397/4397
f 2123/2123 2140/2140 4404/4404
f 4408/4408 4323/4323 4315/4315
f 4409/4409 4407/4407 4406/4406
f 4358/4358 4410/4410 4326/4326
f 2015/2015 4376/4376 4403/4403
f 4410/4410 4358/4358 4411/4411
f 4370/4370 4404/4404 4375/4375
f 4411/4411 4358/4358 4396/4396
f 4377/4377 4390/4390 4412/4412
f 4380/4380 4375/4375 4413/4413
f 4379/4379 4414/4414 4376/4376
f 4410/4410 4372/4372 4326/4326
f 4413/4413 4375/4375 4415/4415
f 4410/4410 4416/4416 4372/4372
f 4417/4417 4375/4375 4404/4404
f 4415/4415 4375/4375 4417/4417
f 4288/4288 4406/4406 4359/4359
f 4416/4416 4410/4410 4411/4411
f 4418/4418 4323/4323 4408/4408
f 4411/4411 4396/4396 4419/4419
f 4293/4293 4406/4406 4288/4288
f 4377/4377 4397/4397 4373/4373
f 4420/4420 4404/4404 2140/2140
f 4420/4420 4417/4417 4404/4404
f 4397/4397 4377/4377 4412/4412
f 4411/4411 4421/4421 4416/4416
f 4385/4385 4406/4406 4293/4293
f 4388/4388 4422/4422 4423/4423
f 4424/4424 4354/4354 4425/4425
f 4426/4426 4420/4420 2140/2140
f 4421/4421 4392/4392 4416/4416
f 4392/4392 4372/4372 4416/4416
f 4378/4378 4381/4381 4391/4391
f 4354/4354 4329/4329 4425/4425
f 4420/4420 4426/4426 4427/4427
f 4428/4428 4411/4411 4419/4419
f 4429/4429 4403/4403 4430/4430
f 4391/4391 4381/4381 4431/4431
f 4411/4411 4428/4428 4421/4421
f 4425/4425 4329/4329 4401/4401
f 4420/4420 4427/4427 4432/4432
f 4433/4433 4432/4432 4427/4427
f 4434/4434 4418/4418 4408/4408
f 2161/2161 2121/2121 4399/4399
f 4422/4422 4388/4388 4387/4387
f 4419/4419 4435/4435 4428/4428
f 4436/4436 4418/4418 4434/4434
f 4437/4437 4428/4428 4435/4435
f 2140/2140 2138/2138 4426/4426
f 2138/2138 2170/2170 4426/4426
f 2057/2057 1889/1889 1886/1886
f 2120/2120 2161/2161 2164/2164
f 4438/4438 1961/1961 2060/2060
f 4439/4439 4425/4425 4401/4401
f 4429/4429 4399/4399 4403/4403
f 1961/1961 4438/4438 4352/4352
f 2161/2161 4399/4399 4429/4429
f 4439/4439 4424/4424 4425/4425
f 4429/4429 4440/4440 2161/2161
f 2062/2062 4441/4441 2060/2060
f 4442/4442 4431/4431 4443/4443
f 4391/4391 4431/4431 4442/4442
f 4442/4442 4443/4443 4444/4444
f 4445/4445 4424/4424 4439/4439
f 4446/4446 2050/2050 2057/2057
f 4447/4447 4422/4422 4387/4387
f 4448/4448 4427/4427 4426/4426
f 4448/4448 4433/4433 4427/4427
f 2050/2050 4446/4446 4449/4449
f 4429/4429 4430/4430 4440/4440
f 4450/4450 4442/4442 4444/4444
f 4380/4380 4413/4413 4451/4451
f 2060/2060 4441/4441 4438/4438
f 4418/4418 4393/4393 4323/4323
f 4452/4452 4438/4438 4441/4441
f 4452/4452 4441/4441 4453/4453
f 4394/4394 4379/4379 4389/4389
f 4454/4454 4391/4391 4442/4442
f 4394/4394 4414/4414 4379/4379
f 1886/1886 4333/4333 4446/4446
f 4446/4446 2057/2057 1886/1886
f 4417/4417 4413/4413 4415/4415
f 4452/4452 4352/4352 4438/4438
f 4413/4413 4417/4417 4455/4455
f 4446/4446 4333/4333 4456/4456
f 4418/4418 4436/4436 4393/4393
f 4393/4393 4436/4436 4457/4457
f 4456/4456 4449/4449 4446/4446
f 4458/4458 4455/4455 4417/4417
f 4417/4417 4420/4420 4458/4458
f 4376/4376 4414/4414 4403/4403
f 4430/4430 4403/4403 4414/4414
f 4452/4452 4453/4453 4459/4459
f 4460/4460 4452/4452 4461/4461
f 4454/4454 4442/4442 4462/4462
f 4442/4442 4450/4450 4462/4462
f 4413/4413 4463/4463 4451/4451
f 4461/4461 4452/4452 4459/4459
f 4464/4464 4465/4465 4463/4463
f 4368/4368 4360/4360 4362/4362
f 4466/4466 4464/4464 4463/4463
f 2045/2045 2050/2050 4467/4467
f 2045/2045 4467/4467 2070/2070
f 4360/4360 4342/4342 4362/4362
f 4413/4413 4455/4455 4463/4463
f 4455/4455 4466/4466 4463/4463
f 4458/4458 4466/4466 4455/4455
f 4468/4468 4454/4454 4462/4462
f 2050/2050 4469/4469 4467/4467
f 4470/4470 4414/4414 4394/4394
f 2088/2088 4471/4471 2064/2064
f 4361/4361 4360/4360 4368/4368
f 4472/4472 2089/2089 2070/2070
f 4471/4471 2088/2088 4473/4473
f 2070/2070 4467/4467 4472/4472
f 4420/4420 4432/4432 4458/4458
f 4454/4454 4390/4390 4391/4391
f 2064/2064 4471/4471 4474/4474
f 4469/4469 4449/4449 4475/4475
f 4476/4476 4458/4458 4432/4432
f 4477/4477 4412/4412 4390/4390
f 4365/4365 4478/4478 4329/4329
f 4433/4433 4476/4476 4432/4432
f 4477/4477 4390/4390 4454/4454
f 4469/4469 4479/4479 4467/4467
f 4470/4470 4430/4430 4414/4414
f 4430/4430 4470/4470 4480/4480
f 4479/4479 4469/4469 4475/4475
f 4458/4458 4476/4476 4481/4481
f 4472/4472 4467/4467 4479/4479
f 2064/2064 4441/4441 2062/2062
f 4458/4458 4481/4481 4466/4466
f 4482/4482 4386/4386 3906/3906
f 4481/4481 4483/4483 4466/4466
f 2064/2064 4474/4474 4484/4484
f 4484/4484 4441/4441 2064/2064
f 4006/4006 4482/4482 3906/3906
f 4449/4449 4469/4469 2050/2050
f 4441/4441 4484/4484 4453/4453
f 4485/4485 4483/4483 4481/4481
f 4484/4484 4459/4459 4453/4453
f 4386/4386 4482/4482 4387/4387
f 4484/4484 4486/4486 4459/4459
f 4365/4365 4487/4487 4478/4478
f 4488/4488 4387/4387 4482/4482
f 4489/4489 4481/4481 4476/4476
f 4398/4398 4361/4361 4368/4368
f 4490/4490 4484/4484 4474/4474
f 4490/4490 4474/4474 4471/4471
f 4486/4486 4484/4484 4491/4491
f 4397/4397 4412/4412 4492/4492
f 4493/4493 4395/4395 4494/4494
f 4490/4490 4495/4495 4491/4491
f 4394/4394 4395/4395 4496/4496
f 3956/3956 4397/4397 4497/4497
f 4497/4497 4018/4018 3956/3956
f 4400/4400 4329/4329 4478/4478
f 4464/4464 4498/4498 4499/4499
f 4492/4492 4497/4497 4397/4397
f 4500/4500 4498/4498 4464/4464
f 4466/4466 4500/4500 4464/4464
f 4466/4466 4501/4501 4500/4500
f 4470/4470 4394/4394 4496/4496
f 4470/4470 4496/4496 4502/4502
f 4503/4503 4472/4472 4479/4479
f 4504/4504 4398/4398 4405/4405
f 4496/4496 4395/4395 4493/4493
f 4018/4018 4497/4497 4505/4505
f 4506/4506 4475/4475 4456/4456
f 4507/4507 4400/4400 4478/4478
f 4449/4449 4456/4456 4475/4475
f 4488/4488 4482/4482 4006/4006
f 4498/4498 4500/4500 4508/4508
f 4509/4509 4497/4497 4510/4510
f 4508/4508 4500/4500 4511/4511
f 4361/4361 4512/4512 4363/4363
f 4500/4500 4513/4513 4511/4511
f 4514/4514 4496/4496 4493/4493
f 4459/4459 4515/4515 4461/4461
f 4504/4504 4361/4361 4398/4398
f 4515/4515 4459/4459 4486/4486
f 4488/4488 4006/4006 4516/4516
f 4508/4508 4511/4511 4513/4513
f 4510/4510 4517/4517 4509/4509
f 4518/4518 4461/4461 4519/4519
f 4515/4515 4519/4519 4461/4461
f 4515/4515 4520/4520 4519/4519
f 4521/4521 4447/4447 4387/4387
f 4491/4491 4484/4484 4490/4490
f 4504/4504 4512/4512 4361/4361
f 4501/4501 4466/4466 4483/4483
f 4486/4486 4491/4491 4515/4515
f 4522/4522 4447/4447 4521/4521
f 4523/4523 4500/4500 4501/4501
f 4523/4523 4501/4501 4483/4483
f 4468/4468 4462/4462 4524/4524
f 4515/4515 4491/4491 4525/4525
f 4485/4485 4523/4523 4483/4483
f 4526/4526 4523/4523 4485/4485
f 4513/4513 4527/4527 4528/4528
f 4529/4529 4479/4479 4475/4475
f 4502/4502 4496/4496 4514/4514
f 4513/4513 4500/4500 4523/4523
f 4529/4529 4475/4475 4506/4506
f 4530/4530 4531/4531 3262/3262
f 4532/4532 4533/4533 4521/4521
f 4534/4534 4530/4530 3262/3262
f 4527/4527 4513/4513 4523/4523
f 4535/4535 4479/4479 4536/4536
f 4529/4529 4536/4536 4479/4479
f 4514/4514 4537/4537 4502/4502
f 4492/4492 4412/4412 4477/4477
f 4525/4525 4520/4520 4515/4515
f 4538/4538 4528/4528 4527/4527
f 4539/4539 4519/4519 4520/4520
f 4520/4520 4525/4525 4540/4540
f 4537/4537 4514/4514 4541/4541
f 4480/4480 4470/4470 4502/4502
f 4352/4352 4340/4340 1961/1961
f 4530/4530 4534/4534 4542/4542
f 4488/4488 4521/4521 4387/4387
f 4477/4477 4510/4510 4492/4492
f 4543/4543 4510/4510 4477/4477
f 4544/4544 4352/4352 4452/4452
f 4544/4544 4452/4452 4545/4545
f 3276/3276 4122/4122 4114/4114
f 4493/4493 4541/4541 4514/4514
f 4114/4114 4546/4546 3276/3276
f 4544/4544 4357/4357 4352/4352
f 4545/4545 4357/4357 4544/4544
f 4541/4541 4547/4547 4548/4548
f 4454/4454 4468/4468 4477/4477
f 4528/4528 4508/4508 4513/4513
f 4460/4460 4545/4545 4452/4452
f 4547/4547 4541/4541 4493/4493
f 4468/4468 4543/4543 4477/4477
f 4359/4359 4456/4456 4333/4333
f 4549/4549 4546/4546 4550/4550
f 4546/4546 4549/4549 3276/3276
f 4543/4543 4468/4468 4551/4551
f 4528/4528 4552/4552 4508/4508
f 4553/4553 4552/4552 4528/4528
f 4528/4528 4554/4554 4553/4553
f 4534/4534 3262/3262 3270/3270
f 4534/4534 3270/3270 4555/4555
f 4556/4556 4541/4541 4548/4548
f 4538/4538 4554/4554 4528/4528
f 4359/4359 4557/4557 4456/4456
f 4532/4532 4521/4521 4488/4488
f 4543/4543 4558/4558 4510/4510
f 4356/4356 4357/4357 4402/4402
f 4546/4546 4559/4559 4550/4550
f 4560/4560 4550/4550 4559/4559
f 4402/4402 4419/4419 4396/4396
f 4561/4561 4560/4560 4562/4562
f 4357/4357 4545/4545 4460/4460
f 4518/4518 4357/4357 4460/4460
f 4510/4510 4497/4497 4492/4492
f 4560/4560 4561/4561 4550/4550
f 4518/4518 4402/4402 4357/4357
f 4518/4518 4460/4460 4461/4461
f 4553/4553 4554/4554 4563/4563
f 4548/4548 4564/4564 4556/4556
f 4557/4557 4359/4359 4407/4407
f 4558/4558 4517/4517 4510/4510
f 3292/3292 4555/4555 3270/3270
f 4543/4543 4565/4565 4558/4558
f 4566/4566 4555/4555 3292/3292
f 4567/4567 4563/4563 4554/4554
f 4557/4557 4407/4407 4568/4568
f 4419/4419 4402/4402 4435/4435
f 3292/3292 3270/3270 3283/3283
f 3285/3285 3276/3276 4549/4549
f 4543/4543 4551/4551 4569/4569
f 4435/4435 4402/4402 4570/4570
f 4567/4567 4571/4571 4563/4563
f 4572/4572 4543/4543 4569/4569
f 4556/4556 4564/4564 4573/4573
f 3285/3285 4549/4549 4550/4550
f 3285/3285 4550/4550 4574/4574
f 4565/4565 4543/4543 4572/4572
f 4557/4557 4506/4506 4456/4456
f 4573/4573 4564/4564 4575/4575
f 4518/4518 4570/4570 4402/4402
f 4576/4576 4566/4566 3292/3292
f 4566/4566 4534/4534 4555/4555
f 3946/3946 3901/3901 3956/3956
f 4518/4518 4577/4577 4570/4570
f 3957/3957 3956/3956 4018/4018
f 4435/4435 4570/4570 4437/4437
f 4574/4574 4550/4550 4561/4561
f 4566/4566 4578/4578 4534/4534
f 4578/4578 4542/4542 4534/4534
f 4577/4577 4518/4518 4519/4519
f 4574/4574 4561/4561 4579/4579
f 4577/4577 4519/4519 4539/4539
f 4580/4580 4577/4577 4539/4539
f 2161/2161 2835/2835 2164/2164
f 4581/4581 4531/4531 4530/4530
f 4017/4017 4018/4018 4582/4582
f 4560/4560 4559/4559 4562/4562
f 4426/4426 2170/2170 4448/4448
f 4448/4448 2170/2170 4584/4584
f 4584/4584 4433/4433 4448/4448
f 4585/4585 4406/4406 4385/4385
f 4582/4582 4018/4018 4505/4505
f 2835/2835 2161/2161 4440/4440
f 4421/4421 4586/4586 4587/4587
f 4421/4421 4587/4587 4392/4392
f 4530/4530 4542/4542 4581/4581
f 4505/4505 4588/4588 4582/4582
f 4586/4586 4421/4421 4428/4428
f 4591/4591 4584/4584 2170/2170
f 4385/4385 4592/4592 4585/4585
f 4583/4583 4590/4590 4593/4593
f 4593/4593 4590/4590 4594/4594
f 4590/4590 4590/4590 4594/4594
f 4590/4590 4593/4593 4594/4594
f 4596/4596 4589/4589 4597/4597
f 4589/4589 4589/4589 4597/4597
f 4589/4589 2171/2171 4597/4597
f 2171/2171 4596/4596 4597/4597
f 4595/4595 4593/4593 4590/4590
f 4595/4595 4583/4583 4593/4593
f 4509/4509 4505/4505 4497/4497
f 4598/4598 4599/4599 4581/4581
f 4600/4600 2835/2835 4440/4440
f 4585/4585 4409/4409 4406/4406
f 4601/4601 4602/4602 4444/4444
f 4428/4428 4437/4437 4603/4603
f 4596/4596 2171/2171 2834/2834
f 4599/4599 4598/4598 4604/4604
f 2834/2834 2838/2838 4596/4596
f 2839/2839 2851/2851 4595/4595
f 4605/4605 4409/4409 4585/4585
f 4606/4606 4607/4607 4608/4608
f 4450/4450 4444/4444 4602/4602
f 4609/4609 4598/4598 4581/4581
f 4428/4428 4603/4603 4610/4610
f 4586/4586 4428/4428 4610/4610
f 4595/4595 2851/2851 4611/4611
f 4583/4583 4595/4595 4612/4612
f 4613/4613 4422/4422 4298/4298
f 4609/4609 4581/4581 4542/4542
f 4578/4578 4609/4609 4542/4542
f 4586/4586 4610/4610 4614/4614
f 4447/4447 4298/4298 4422/4422
f 4583/4583 4612/4612 4615/4615
f 4617/4617 4615/4615 4612/4612
f 4618/4618 4562/4562 4606/4606
f 4524/4524 4450/4450 4602/4602
f 4561/4561 4562/4562 4618/4618
f 4619/4619 4561/4561 4618/4618
f 4585/4585 4592/4592 4620/4620
f 4621/4621 4595/4595 4611/4611
f 4595/4595 4621/4621 4612/4612
f 4612/4612 4622/4622 4623/4623
f 4624/4624 4623/4623 4622/4622
f 4522/4522 4298/4298 4447/4447
f 4616/4616 4433/4433 4584/4584
f 4275/4275 4625/4625 4602/4602
f 4626/4626 4433/4433 4616/4616
f 4625/4625 4524/4524 4602/4602
f 4626/4626 4476/4476 4433/4433
f 4618/4618 4606/4606 4608/4608
f 4462/4462 4450/4450 4524/4524
f 4587/4587 4586/4586 4614/4614
f 4627/4627 4615/4615 4617/4617
f 4610/4610 4628/4628 4614/4614
f 4275/4275 4602/4602 4629/4629
f 4629/4629 4272/4272 4275/4275
f 4620/4620 4605/4605 4585/4585
f 4614/4614 4630/4630 4587/4587
f 4430/4430 4631/4631 4440/4440
f 4614/4614 4632/4632 4630/4630
f 4598/4598 4633/4633 4604/4604
f 4633/4633 4634/4634 4604/4604
f 4632/4632 4614/4614 4628/4628
f 4619/4619 4618/4618 4635/4635
f 4489/4489 4476/4476 4626/4626
f 4608/4608 4635/4635 4618/4618
f 4636/4636 4632/4632 4628/4628
f 4620/4620 4637/4637 4605/4605
f 4480/4480 4631/4631 4430/4430
f 4481/4481 4489/4489 4638/4638
f 4636/4636 4628/4628 4639/4639
f 4638/4638 4485/4485 4481/4481
f 4637/4637 4620/4620 4423/4423
f 4489/4489 4626/4626 4638/4638
f 4468/4468 4524/4524 4625/4625
f 4561/4561 4619/4619 4579/4579
f 4641/4641 4627/4627 4642/4642
f 4626/4626 4640/4640 4638/4638
f 4637/4637 4423/4423 4643/4643
f 4551/4551 4468/4468 4625/4625
f 4609/4609 4578/4578 4644/4644
f 4506/4506 4568/4568 4529/4529
f 4529/4529 4568/4568 4645/4645
f 4646/4646 4600/4600 4440/4440
f 4644/4644 4598/4598 4609/4609
f 4646/4646 4647/4647 4600/4600
f 4648/4648 4598/4598 4644/4644
f 4275/4275 4322/4322 4625/4625
f 4649/4649 4625/4625 4322/4322
f 4646/4646 4440/4440 4631/4631
f 4540/4540 4650/4650 4520/4520
f 4650/4650 4651/4651 4520/4520
f 4623/4623 4617/4617 4612/4612
f 4529/4529 4645/4645 4536/4536
f 4522/4522 4652/4652 4298/4298
f 4627/4627 4617/4617 4642/4642
f 4650/4650 4540/4540 4653/4653
f 4642/4642 4617/4617 4623/4623
f 4522/4522 4533/4533 4652/4652
f 4654/4654 4634/4634 4633/4633
f 4608/4608 4655/4655 4656/4656
f 4522/4522 4521/4521 4533/4533
f 4642/4642 4623/4623 4657/4657
f 4653/4653 4658/4658 4650/4650
f 4642/4642 4657/4657 4660/4660
f 4642/4642 4660/4660 4641/4641
f 4625/4625 4569/4569 4551/4551
f 4645/4645 4661/4661 4536/4536
f 4662/4662 4631/4631 4663/4663
f 4649/4649 4569/4569 4625/4625
f 4664/4664 4661/4661 4645/4645
f 4664/4664 4645/4645 4665/4665
f 4657/4657 4623/4623 4624/4624
f 4635/4635 4608/4608 4666/4666
f 4667/4667 4569/4569 4668/4668
f 4669/4669 4657/4657 4670/4670
f 4652/4652 4309/4309 4298/4298
f 4409/4409 4568/4568 4407/4407
f 2831/2831 2835/2835 4600/4600
f 4671/4671 4633/4633 4672/4672
f 4635/4635 4666/4666 4673/4673
f 4649/4649 4322/4322 4320/4320
f 4610/4610 4603/4603 4674/4674
f 4671/4671 4654/4654 4633/4633
f 4506/4506 4557/4557 4568/4568
f 4675/4675 4654/4654 4671/4671
f 4577/4577 4580/4580 4570/4570
f 4656/4656 4666/4666 4608/4608
f 4676/4676 4668/4668 4649/4649
f 4649/4649 4668/4668 4569/4569
f 4437/4437 4570/4570 4603/4603
f 4674/4674 4603/4603 4570/4570
f 4677/4677 4678/4678 4656/4656
f 4646/4646 4631/4631 4662/4662
f 4666/4666 4656/4656 4678/4678
f 4409/4409 4679/4679 4568/4568
f 4680/4680 4338/4338 4336/4336
f 4681/4681 4674/4674 4570/4570
f 4681/4681 4570/4570 4580/4580
f 4611/4611 2851/2851 4621/4621
f 4649/4649 4320/4320 4346/4346
f 4610/4610 4674/4674 4682/4682
f 2876/2876 4621/4621 2851/2851
f 4676/4676 4649/4649 4346/4346
f 4633/4633 4598/4598 4672/4672
f 2850/2850 2831/2831 4600/4600
f 4600/4600 4683/4683 2850/2850
f 2870/2870 2876/2876 2851/2851
f 2876/2876 4684/4684 4621/4621
f 4682/4682 4674/4674 4681/4681
f 4685/4685 4686/4686 4654/4654
f 4677/4677 4656/4656 4687/4687
f 4568/4568 4679/4679 4688/4688
f 4682/4682 4681/4681 4689/4689
f 4690/4690 4338/4338 4680/4680
f 4691/4691 4688/4688 4679/4679
f 4675/4675 4685/4685 4654/4654
f 4692/4692 4682/4682 4689/4689
f 4612/4612 4621/4621 4622/4622
f 4338/4338 4693/4693 4346/4346
f 4355/4355 4341/4341 4351/4351
f 4683/4683 4600/4600 4647/4647
f 4621/4621 4684/4684 4622/4622
f 4624/4624 4622/4622 4694/4694
f 4694/4694 4622/4622 4684/4684
f 4639/4639 4610/4610 4682/4682
f 4679/4679 4409/4409 4605/4605
f 2886/2886 2876/2876 2875/2875
f 4639/4639 4682/4682 4692/4692
f 3083/3083 2871/2871 2850/2850
f 4610/4610 4639/4639 4628/4628
f 3948/3948 3285/3285 4695/4695
f 4574/4574 4695/4695 3285/3285
f 4696/4696 4516/4516 4006/4006
f 2876/2876 2886/2886 4697/4697
f 4517/4517 4698/4698 4699/4699
f 3292/3292 3291/3291 4576/4576
f 4651/4651 4539/4539 4520/4520
f 4539/4539 4651/4651 4580/4580
f 4580/4580 4700/4700 4681/4681
f 4701/4701 4694/4694 4684/4684
f 4684/4684 4697/4697 4701/4701
f 4580/4580 4651/4651 4650/4650
f 4702/4702 4701/4701 4697/4697
f 4580/4580 4650/4650 4700/4700
f 4703/4703 2850/2850 4683/4683
f 2850/2850 4703/4703 3083/3083
f 4697/4697 4684/4684 2876/2876
f 4532/4532 4704/4704 4533/4533
f 4579/4579 4705/4705 4574/4574
f 4516/4516 4532/4532 4488/4488
f 4568/4568 4688/4688 4645/4645
f 4700/4700 4650/4650 4658/4658
f 4700/4700 4658/4658 4706/4706
f 4707/4707 4708/4708 4576/4576
f 4578/4578 4566/4566 4576/4576
f 4708/4708 4578/4578 4576/4576
f 4688/4688 4665/4665 4645/4645
f 4700/4700 4706/4706 4709/4709
f 4689/4689 4681/4681 4700/4700
f 4700/4700 4709/4709 4689/4689
f 4705/4705 4695/4695 4574/4574
f 4670/4670 4657/4657 4624/4624
f 4646/4646 4710/4710 4647/4647
f 4711/4711 4658/4658 4653/4653
f 4706/4706 4658/4658 4712/4712
f 4710/4710 4683/4683 4647/4647
f 4712/4712 4658/4658 4711/4711
f 4516/4516 4696/4696 4532/4532
f 4605/4605 4691/4691 4679/4679
f 4698/4698 4517/4517 4558/4558
f 4670/4670 4624/4624 4694/4694
f 4670/4670 4694/4694 4713/4713
f 4714/4714 4670/4670 4713/4713
f 4709/4709 4692/4692 4689/4689
f 4705/4705 4579/4579 4715/4715
f 4635/4635 4715/4715 4619/4619
f 4715/4715 4579/4579 4619/4619
f 4710/4710 4646/4646 4716/4716
f 4708/4708 4644/4644 4578/4578
f 4691/4691 4605/4605 4637/4637
f 4662/4662 4716/4716 4646/4646
f 4717/4717 4718/4718 4565/4565
f 4718/4718 4558/4558 4565/4565
f 4694/4694 4701/4701 4713/4713
f 4701/4701 4702/4702 4713/4713
f 4636/4636 4639/4639 4719/4719
f 4719/4719 4639/4639 4692/4692
f 4598/4598 4648/4648 4672/4672
f 4709/4709 4720/4720 4692/4692
f 4703/4703 4683/4683 4710/4710
f 4721/4721 4672/4672 4648/4648
f 4673/4673 4722/4722 4635/4635
f 4720/4720 4719/4719 4692/4692
f 4718/4718 4698/4698 4558/4558
f 4723/4723 4698/4698 4718/4718
f 4723/4723 4718/4718 4724/4724
f 4691/4691 4637/4637 4643/4643
f 4725/4725 4532/4532 4696/4696
f 4726/4726 4670/4670 4714/4714
f 4716/4716 4662/4662 4727/4727
f 4722/4722 4715/4715 4635/4635
f 4728/4728 4636/4636 4719/4719
f 4729/4729 4714/4714 4713/4713
f 4729/4729 4726/4726 4714/4714
f 4730/4730 4726/4726 4729/4729
f 4716/4716 4731/4731 4710/4710
f 4728/4728 4601/4601 4444/4444
f 4716/4716 4732/4732 4731/4731
f 4718/4718 4717/4717 4733/4733
f 4722/4722 4734/4734 4715/4715
f 4720/4720 4735/4735 4719/4719
f 4736/4736 4735/4735 4720/4720
f 4523/4523 4526/4526 4527/4527
f 4691/4691 4643/4643 4737/4737
f 4532/4532 4725/4725 4704/4704
f 4737/4737 4643/4643 4738/4738
f 4735/4735 4736/4736 4272/4272
f 4527/4527 4739/4739 4740/4740
f 4735/4735 4728/4728 4719/4719
f 3291/3291 3972/3972 4707/4707
f 4707/4707 4576/4576 3291/3291
f 4601/4601 4728/4728 4735/4735
f 4740/4740 4538/4538 4527/4527
f 4735/4735 4741/4741 4601/4601
f 4526/4526 4485/4485 4638/4638
f 4718/4718 4733/4733 4724/4724
f 4480/4480 4502/4502 4742/4742
f 4631/4631 4480/4480 4742/4742
f 4712/4712 4709/4709 4706/4706
f 4743/4743 4708/4708 4707/4707
f 4737/4737 4665/4665 4688/4688
f 4744/4744 4527/4527 4526/4526
f 4527/4527 4744/4744 4739/4739
f 4744/4744 4526/4526 4638/4638
f 4725/4725 4696/4696 4531/4531
f 3994/3994 3970/3970 3948/3948
f 4742/4742 4663/4663 4631/4631
f 4638/4638 4640/4640 4744/4744
f 4745/4745 4709/4709 4712/4712
f 4737/4737 4688/4688 4691/4691
f 4746/4746 4739/4739 4744/4744
f 3948/3948 4695/4695 3994/3994
f 4709/4709 4745/4745 4736/4736
f 4695/4695 4747/4747 3994/3994
f 4742/4742 4502/4502 4537/4537
f 4712/4712 4711/4711 4748/4748
f 4749/4749 4707/4707 3972/3972
f 4704/4704 4725/4725 4750/4750
f 4751/4751 4752/4752 4748/4748
f 4748/4748 4745/4745 4712/4712
f 4747/4747 4753/4753 3994/3994
f 3991/3991 4749/4749 3972/3972
f 4665/4665 4737/4737 4754/4754
f 4746/4746 4740/4740 4739/4739
f 4740/4740 4746/4746 4755/4755
f 4733/4733 4756/4756 4724/4724
f 4757/4757 4756/4756 4733/4733
f 4640/4640 4659/4659 4744/4744
f 4758/4758 4756/4756 4757/4757
f 4746/4746 4744/4744 4659/4659
f 4746/4746 4659/4659 4759/4759
f 4747/4747 4695/4695 4760/4760
f 4760/4760 4695/4695 4705/4705
f 4761/4761 4756/4756 4758/4758
f 4743/4743 4707/4707 4749/4749
f 4737/4737 4738/4738 4754/4754
f 4725/4725 4599/4599 4762/4762
f 4762/4762 4750/4750 4725/4725
f 4665/4665 4754/4754 4763/4763
f 4669/4669 4660/4660 4657/4657
f 4763/4763 4664/4664 4665/4665
f 4764/4764 4664/4664 4763/4763
f 4765/4765 4748/4748 4752/4752
f 4662/4662 4663/4663 4766/4766
f 4599/4599 4725/4725 4531/4531
f 4749/4749 4767/4767 4768/4768
f 4531/4531 4581/4581 4599/4599
f 4769/4769 4767/4767 4749/4749
f 4745/4745 4748/4748 4765/4765
f 4770/4770 4745/4745 4765/4765
f 4770/4770 4736/4736 4745/4745
f 4770/4770 4771/4771 4736/4736
f 4720/4720 4709/4709 4736/4736
f 4772/4772 4747/4747 4760/4760
f 4759/4759 4755/4755 4746/4746
f 4774/4774 4755/4755 4759/4759
f 4769/4769 4749/4749 3991/3991
f 4644/4644 4708/4708 4743/4743
f 3451/3451 3378/3378 3394/3394
f 4364/4364 3451/3451 3394/3394
f 4774/4774 4759/4759 4659/4659
f 4006/4006 3996/3996 4072/4072
f 4766/4766 4663/4663 4742/4742
f 4766/4766 4742/4742 4775/4775
f 4006/4006 4072/4072 4696/4696
f 4776/4776 4648/4648 4644/4644
f 4364/4364 3476/3476 3451/3451
f 3476/3476 4364/4364 4382/4382
f 4777/4777 4554/4554 4538/4538
f 4541/4541 4778/4778 4537/4537
f 4582/4582 4588/4588 4017/4017
f 4070/4070 4017/4017 4588/4588
f 3474/3474 4385/4385 3456/3456
f 4778/4778 4541/4541 4556/4556
f 4705/4705 4715/4715 4779/4779
f 4074/4074 4070/4070 4588/4588
f 3476/3476 4382/4382 4780/4780
f 4740/4740 4777/4777 4538/4538
f 4074/4074 4588/4588 4781/4781
f 4768/4768 4743/4743 4749/4749
f 4699/4699 4505/4505 4509/4509
f 4780/4780 4382/4382 4383/4383
f 4505/4505 4699/4699 4588/4588
f 4768/4768 4644/4644 4743/4743
f 4780/4780 4383/4383 4782/4782
f 4782/4782 4383/4383 4392/4392
f 4517/4517 4699/4699 4509/4509
f 4644/4644 4768/4768 4783/4783
f 4705/4705 4772/4772 4760/4760
f 4705/4705 4779/4779 4772/4772
f 4592/4592 4385/4385 3474/3474
f 4699/4699 4781/4781 4588/4588
f 3476/3476 4780/4780 4782/4782
f 4784/4784 4554/4554 4777/4777
f 4777/4777 4785/4785 4784/4784
f 4779/4779 4786/4786 4772/4772
f 4567/4567 4554/4554 4784/4784
f 4787/4787 4567/4567 4784/4784
f 4788/4788 4715/4715 4734/4734
f 4715/4715 4788/4788 4779/4779
f 4778/4778 4556/4556 4573/4573
f 4789/4789 4648/4648 4776/4776
f 4782/4782 4790/4790 3476/3476
f 4791/4791 4778/4778 4573/4573
f 4785/4785 4792/4792 4784/4784
f 4783/4783 4776/4776 4644/4644
f 4793/4793 4074/4074 4781/4781
f 4755/4755 4777/4777 4740/4740
f 4074/4074 4793/4793 4095/4095
f 4537/4537 4794/4794 4742/4742
f 4537/4537 4778/4778 4794/4794
f 4786/4786 4779/4779 4788/4788
f 4790/4790 3705/3705 3481/3481
f 3705/3705 4790/4790 3714/3714
f 3481/3481 3476/3476 4790/4790
f 4699/4699 4795/4795 4781/4781
f 4777/4777 4755/4755 4785/4785
f 4796/4796 4794/4794 4778/4778
f 4797/4797 4798/4798 4776/4776
f 4699/4699 4698/4698 4795/4795
f 4767/4767 4769/4769 4768/4768
f 3474/3474 3694/3694 3752/3752
f 4785/4785 4755/4755 4799/4799
f 4800/4800 3714/3714 4790/4790
f 4801/4801 3714/3714 4800/4800
f 4797/4797 4776/4776 4783/4783
f 4790/4790 4782/4782 4802/4802
f 4803/4803 4785/4785 4799/4799
f 4792/4792 4785/4785 4803/4803
f 4804/4804 4753/4753 4747/4747
f 4805/4805 4806/4806 4795/4795
f 4592/4592 3474/3474 3752/3752
f 4795/4795 4793/4793 4781/4781
f 4775/4775 4742/4742 4794/4794
f 4747/4747 4772/4772 4804/4804
f 4793/4793 4795/4795 4806/4806
f 4800/4800 4790/4790 4802/4802
f 4053/4053 3992/3992 3994/3994
f 4796/4796 4778/4778 4791/4791
f 4804/4804 3994/3994 4753/4753
f 4698/4698 4805/4805 4795/4795
f 4053/4053 3994/3994 4804/4804
f 4796/4796 4791/4791 4807/4807
f 4808/4808 3991/3991 4044/4044
f 4769/4769 3991/3991 4808/4808
f 4805/4805 4698/4698 4723/4723
f 4782/4782 4392/4392 4587/4587
f 4587/4587 4802/4802 4782/4782
f 4724/4724 4805/4805 4723/4723
f 4794/4794 4796/4796 4807/4807
f 4809/4809 4696/4696 4072/4072
f 4587/4587 4630/4630 4802/4802
f 4804/4804 4810/4810 4053/4053
f 4807/4807 4791/4791 4811/4811
f 4792/4792 4812/4812 4813/4813
f 4775/4775 4794/4794 4807/4807
f 4114/4114 4793/4793 4814/4814
f 4048/4048 4808/4808 4044/4044
f 4815/4815 4660/4660 4669/4669
f 4815/4815 4773/4773 4660/4660
f 4815/4815 4669/4669 4816/4816
f 4072/4072 3263/3263 4809/4809
f 4620/4620 4592/4592 3752/3752
f 4801/4801 4800/4800 4802/4802
f 4802/4802 4817/4817 4801/4801
f 4818/4818 4766/4766 4775/4775
f 4696/4696 4809/4809 4531/4531
f 4803/4803 4799/4799 4819/4819
f 4821/4821 4817/4817 4802/4802
f 4819/4819 4755/4755 4774/4774
f 4822/4822 4808/4808 4823/4823
f 4819/4819 4799/4799 4755/4755
f 3751/3751 4388/4388 3752/3752
f 4819/4819 4824/4824 4803/4803
f 4821/4821 4825/4825 4817/4817
f 4806/4806 4805/4805 4793/4793
f 4048/4048 4823/4823 4808/4808
f 4825/4825 4821/4821 4826/4826
f 4078/4078 4823/4823 4048/4048
f 4805/4805 4827/4827 4793/4793
f 4814/4814 4793/4793 4827/4827
f 4064/4064 4053/4053 4828/4828
f 4830/4830 4820/4820 4831/4831
f 4824/4824 4819/4819 4829/4829
f 4825/4825 4826/4826 4381/4381
f 4832/4832 4833/4833 4775/4775
f 4053/4053 4810/4810 4834/4834
f 4818/4818 4775/4775 4833/4833
f 4053/4053 4834/4834 4828/4828
f 4801/4801 4835/4835 3714/3714
f 4824/4824 4792/4792 4803/4803
f 3263/3263 3262/3262 4809/4809
f 4065/4065 4064/4064 4828/4828
f 4812/4812 4792/4792 4824/4824
f 4835/4835 3735/3735 3714/3714
f 4836/4836 4812/4812 4824/4824
f 4835/4835 3745/3745 3735/3735
f 4835/4835 4801/4801 4817/4817
f 3739/3739 3752/3752 3694/3694
f 4837/4837 4836/4836 4824/4824
f 4810/4810 4804/4804 4838/4838
f 4807/4807 4832/4832 4775/4775
f 4817/4817 3745/3745 4835/4835
f 4114/4114 4559/4559 4546/4546
f 4838/4838 4839/4839 4810/4810
f 4531/4531 4809/4809 3262/3262
f 4828/4828 4834/4834 4840/4840
f 4834/4834 4810/4810 4840/4840
f 3898/3898 3745/3745 4817/4817
f 4840/4840 4810/4810 4839/4839
f 4786/4786 4788/4788 4841/4841
f 3898/3898 4817/4817 4825/4825
f 4559/4559 4814/4814 4842/4842
f 4843/4843 4830/4830 4831/4831
f 4825/4825 4381/4381 3898/3898
f 4814/4814 4827/4827 4842/4842
f 4845/4845 4824/4824 4829/4829
f 4768/4768 4769/4769 4808/4808
f 4814/4814 4559/4559 4114/4114
f 4845/4845 4837/4837 4824/4824
f 4768/4768 4808/4808 4822/4822
f 4559/4559 4842/4842 4562/4562
f 4822/4822 4783/4783 4768/4768
f 4630/4630 4846/4846 4826/4826
f 4843/4843 4844/4844 4830/4830
f 4114/4114 4095/4095 4793/4793
f 4630/4630 4632/4632 4846/4846
f 4821/4821 4802/4802 4630/4630
f 4847/4847 4783/4783 4822/4822
f 4826/4826 4821/4821 4630/4630
f 4848/4848 4804/4804 4772/4772
f 4786/4786 4848/4848 4772/4772
f 4122/4122 4094/4094 4114/4114
f 4632/4632 4636/4636 4849/4849
f 4849/4849 4846/4846 4632/4632
f 4727/4727 4662/4662 4766/4766
f 4669/4669 4670/4670 4816/4816
f 4388/4388 4620/4620 3752/3752
f 4816/4816 4670/4670 4726/4726
f 4822/4822 4850/4850 4847/4847
f 4822/4822 4851/4851 4850/4850
f 4805/4805 4724/4724 4756/4756
f 4423/4423 4620/4620 4388/4388
f 4847/4847 4797/4797 4783/4783
f 4727/4727 4766/4766 4818/4818
f 4849/4849 4826/4826 4846/4846
f 4849/4849 4381/4381 4826/4826
f 4756/4756 4827/4827 4805/4805
f 4797/4797 4847/4847 4852/4852
f 4381/4381 4849/4849 4431/4431
f 4716/4716 4727/4727 4853/4853
f 4848/4848 4786/4786 4854/4854
f 4854/4854 4786/4786 4841/4841
f 4726/4726 4730/4730 4816/4816
f 4443/4443 4849/4849 4636/4636
f 4761/4761 4827/4827 4756/4756
f 4849/4849 4443/4443 4431/4431
f 4761/4761 4842/4842 4827/4827
f 4852/4852 4847/4847 4850/4850
f 4716/4716 4853/4853 4732/4732
f 4728/4728 4444/4444 4636/4636
f 4443/4443 4636/4636 4444/4444
f 4730/4730 4815/4815 4816/4816
f 4838/4838 4804/4804 4848/4848
f 4842/4842 4761/4761 4562/4562
f 4855/4855 2089/2089 4472/4472
f 4839/4839 4838/4838 4848/4848
f 4856/4856 4730/4730 4857/4857
f 4815/4815 4730/4730 4856/4856
f 4761/4761 4606/4606 4562/4562
f 4503/4503 4855/4855 4472/4472
f 4850/4850 4851/4851 4858/4858
f 4859/4859 4831/4831 4856/4856
f 4503/4503 4860/4860 4855/4855
f 2400/2400 4473/4473 2088/2088
f 4853/4853 4727/4727 4861/4861
f 4848/4848 4862/4862 4839/4839
f 2397/2397 4855/4855 2405/2405
f 4863/4863 4761/4761 4758/4758
f 2397/2397 2089/2089 4855/4855
f 4864/4864 4862/4862 4848/4848
f 4865/4865 4863/4863 4607/4607
f 4818/4818 4861/4861 4727/4727
f 4471/4471 4473/4473 4866/4866
f 4861/4861 4818/4818 4833/4833
f 4864/4864 4854/4854 4867/4867
f 4867/4867 4854/4854 4841/4841
f 4473/4473 2400/2400 2410/2410
f 4473/4473 2410/2410 4866/4866
f 4606/4606 4761/4761 4863/4863
f 4606/4606 4863/4863 4865/4865
f 4848/4848 4854/4854 4864/4864
f 4634/4634 4599/4599 4604/4604
f 4868/4868 4852/4852 4850/4850
f 4869/4869 4852/4852 4868/4868
f 4870/4870 2405/2405 4855/4855
f 4871/4871 4861/4861 4833/4833
f 2886/2886 2884/2884 4697/4697
f 4865/4865 4607/4607 4606/4606
f 2884/2884 2952/2952 4697/4697
f 2413/2413 2410/2410 2406/2406
f 4864/4864 4872/4872 4862/4862
f 4870/4870 4873/4873 2405/2405
f 2410/2410 2413/2413 4874/4874
f 4471/4471 4866/4866 4490/4490
f 4495/4495 4490/4490 4866/4866
f 3083/3083 4703/4703 4875/4875
f 4697/4697 4876/4876 4702/4702
f 4877/4877 4878/4878 4666/4666
f 4879/4879 4675/4675 4671/4671
f 4880/4880 4697/4697 2952/2952
f 4881/4881 4855/4855 4860/4860
f 4877/4877 4666/4666 4678/4678
f 4876/4876 4697/4697 4880/4880
f 4652/4652 4533/4533 4704/4704
f 4882/4882 4495/4495 4866/4866
f 4880/4880 2952/2952 4883/4883
f 4870/4870 4855/4855 4881/4881
f 4668/4668 4676/4676 4884/4884
f 2951/2951 4885/4885 2948/2948
f 4671/4671 4672/4672 4721/4721
f 4885/4885 2951/2951 4886/4886
f 4882/4882 4866/4866 2410/2410
f 4882/4882 2410/2410 4887/4887
f 4309/4309 4652/4652 4299/4299
f 4888/4888 4885/4885 4886/4886
f 4652/4652 4889/4889 4299/4299
f 4873/4873 4870/4870 4881/4881
f 4883/4883 2952/2952 2953/2953
f 4883/4883 2953/2953 2969/2969
f 4885/4885 4890/4890 2948/2948
f 2970/2970 2948/2948 4890/4890
f 4666/4666 4878/4878 4673/4673
f 4891/4891 4673/4673 4878/4878
f 4883/4883 2969/2969 4880/4880
f 2465/2465 2404/2404 2405/2405
f 4652/4652 4892/4892 4889/4889
f 2465/2465 2405/2405 4873/4873
f 2970/2970 4890/4890 4893/4893
f 4884/4884 4667/4667 4668/4668
f 4648/4648 4789/4789 4721/4721
f 4894/4894 2969/2969 2968/2968
f 4891/4891 4722/4722 4673/4673
f 4895/4895 4880/4880 2969/2969
f 4896/4896 4667/4667 4884/4884
f 4894/4894 4895/4895 2969/2969
f 4897/4897 4896/4896 4884/4884
f 2956/2956 2970/2970 3086/3086
f 4721/4721 4789/4789 4898/4898
f 4676/4676 4897/4897 4884/4884
f 4894/4894 2968/2968 2972/2972
f 4898/4898 4671/4671 4721/4721
f 4873/4873 4881/4881 4899/4899
f 4893/4893 3086/3086 2970/2970
f 4671/4671 4898/4898 4879/4879
f 4525/4525 4491/4491 4495/4495
f 4495/4495 4900/4900 4525/4525
f 4901/4901 4894/4894 2972/2972
f 4901/4901 2972/2972 2983/2983
f 4750/4750 4652/4652 4704/4704
f 4888/4888 4890/4890 4885/4885
f 4882/4882 4900/4900 4495/4495
f 4535/4535 4503/4503 4479/4479
f 4535/4535 4902/4902 4503/4503
f 4525/4525 4900/4900 4903/4903
f 4503/4503 4902/4902 4860/4860
f 4891/4891 4878/4878 4877/4877
f 4904/4904 4890/4890 4888/4888
f 4900/4900 4882/4882 4903/4903
f 4905/4905 4896/4896 4897/4897
f 4906/4906 4889/4889 4892/4892
f 4904/4904 4893/4893 4890/4890
f 4722/4722 4891/4891 4734/4734
f 4652/4652 4750/4750 4892/4892
f 4899/4899 4881/4881 4860/4860
f 3086/3086 4893/4893 4907/4907
f 4908/4908 4882/4882 4887/4887
f 4909/4909 4882/4882 4908/4908
f 4910/4910 4892/4892 4750/4750
f 4910/4910 4906/4906 4892/4892
f 4882/4882 4909/4909 4903/4903
f 4911/4911 4891/4891 4877/4877
f 4912/4912 4860/4860 4902/4902
f 4667/4667 4572/4572 4569/4569
f 4667/4667 4565/4565 4572/4572
f 4879/4879 4898/4898 4914/4914
f 4915/4915 4891/4891 4916/4916
f 4565/4565 4667/4667 4717/4717
f 4703/4703 4710/4710 4875/4875
f 4916/4916 4891/4891 4911/4911
f 4875/4875 4710/4710 4731/4731
f 4702/4702 4729/4729 4713/4713
f 4876/4876 4729/4729 4702/4702
f 4905/4905 4717/4717 4667/4667
f 4525/4525 4903/4903 4917/4917
f 4905/4905 4667/4667 4896/4896
f 4918/4918 4729/4729 4876/4876
f 4729/4729 4918/4918 4919/4919
f 4717/4717 4905/4905 4733/4733
f 4920/4920 4730/4730 4729/4729
f 4525/4525 4917/4917 4540/4540
f 4903/4903 4921/4921 4917/4917
f 4879/4879 4685/4685 4675/4675
f 4912/4912 4902/4902 4535/4535
f 4905/4905 4922/4922 4923/4923
f 4678/4678 4924/4924 4877/4877
f 4903/4903 4909/4909 4925/4925
f 4926/4926 4897/4897 4927/4927
f 4905/4905 4897/4897 4922/4922
f 4919/4919 4928/4928 4729/4729
f 4924/4924 4678/4678 4677/4677
f 4929/4929 4860/4860 4912/4912
f 4677/4677 4931/4931 4924/4924
f 4875/4875 4731/4731 4732/4732
f 4928/4928 4920/4920 4729/4729
f 4912/4912 4535/4535 4932/4932
f 4921/4921 4903/4903 4925/4925
f 4922/4922 4897/4897 4926/4926
f 4924/4924 4934/4934 4877/4877
f 4895/4895 4876/4876 4880/4880
f 4918/4918 4876/4876 4895/4895
f 4935/4935 4918/4918 4895/4895
f 4929/4929 4899/4899 4860/4860
f 4350/4350 4299/4299 4889/4889
f 4918/4918 4935/4935 4919/4919
f 4931/4931 4677/4677 4936/4936
f 4931/4931 4936/4936 4937/4937
f 4938/4938 4928/4928 4919/4919
f 4939/4939 4940/4940 4685/4685
f 4875/4875 4732/4732 4941/4941
f 2413/2413 2463/2463 4874/4874
f 4942/4942 4938/4938 4919/4919
f 4693/4693 4676/4676 4346/4346
f 4919/4919 4935/4935 4942/4942
f 4942/4942 4935/4935 4943/4943
f 4944/4944 4351/4351 4350/4350
f 4942/4942 4943/4943 4945/4945
f 4944/4944 4350/4350 4889/4889
f 4931/4931 4946/4946 4924/4924
f 4693/4693 4897/4897 4676/4676
f 4685/4685 4947/4947 4939/4939
f 4904/4904 4888/4888 4941/4941
f 4927/4927 4897/4897 4693/4693
f 4935/4935 4895/4895 4948/4948
f 4948/4948 4943/4943 4935/4935
f 2464/2464 2465/2465 4949/4949
f 4893/4893 4950/4950 4907/4907
f 2463/2463 2462/2462 2468/2468
f 4950/4950 4893/4893 4904/4904
f 4907/4907 4950/4950 4951/4951
f 2463/2463 2468/2468 4952/4952
f 4949/4949 4953/4953 2464/2464
f 4952/4952 2468/2468 2545/2545
f 4955/4955 4952/4952 2545/2545
f 2410/2410 4874/4874 4887/4887
f 4950/4950 4904/4904 4941/4941
f 2465/2465 4873/4873 4949/4949
f 4941/4941 4956/4956 4950/4950
f 4690/4690 4693/4693 4338/4338
f 4957/4957 4877/4877 4934/4934
f 2463/2463 4887/4887 4874/4874
f 4941/4941 4732/4732 4958/4958
f 4952/4952 4887/4887 2463/2463
f 4957/4957 4911/4911 4877/4877
f 4952/4952 4908/4908 4887/4887
f 4941/4941 4958/4958 4956/4956
f 4947/4947 4685/4685 4879/4879
f 4690/4690 4959/4959 4693/4693
f 4949/4949 4873/4873 4899/4899
f 4355/4355 4351/4351 4944/4944
f 4960/4960 4355/4355 4944/4944
f 4952/4952 4961/4961 4908/4908
f 4899/4899 4963/4963 4949/4949
f 4894/4894 4948/4948 4895/4895
f 4964/4964 4960/4960 4944/4944
f 4965/4965 4952/4952 4955/4955
f 4966/4966 4948/4948 4894/4894
f 4952/4952 4965/4965 4967/4967
f 4894/4894 4901/4901 4966/4966
f 4901/4901 4968/4968 4966/4966
f 4969/4969 4957/4957 4934/4934
f 4970/4970 4944/4944 4889/4889
f 4889/4889 4906/4906 4970/4970
f 4971/4971 4948/4948 4966/4966
f 4971/4971 4943/4943 4948/4948
f 4693/4693 4972/4972 4927/4927
f 4973/4973 4925/4925 4909/4909
f 4974/4974 4947/4947 4879/4879
f 4959/4959 4690/4690 4975/4975
f 4976/4976 4925/4925 4973/4973
f 4977/4977 4947/4947 4974/4974
f 4959/4959 4972/4972 4693/4693
f 4925/4925 4976/4976 4921/4921
f 4973/4973 4978/4978 4976/4976
f 4916/4916 4911/4911 4957/4957
f 4944/4944 4970/4970 4964/4964
f 4908/4908 4961/4961 4909/4909
f 4971/4971 4945/4945 4943/4943
f 4979/4979 4916/4916 4957/4957
f 4980/4980 4972/4972 4959/4959
f 4979/4979 4957/4957 4969/4969
f 4909/4909 4961/4961 4973/4973
f 4946/4946 4934/4934 4924/4924
f 4981/4981 4980/4980 4959/4959
f 4982/4982 4951/4951 4950/4950
f 4969/4969 4934/4934 4946/4946
f 4956/4956 4983/4983 4950/4950
f 4950/4950 4983/4983 4982/4982
f 4984/4984 4927/4927 4972/4972
f 4929/4929 4963/4963 4899/4899
f 4977/4977 4985/4985 4947/4947
f 4986/4986 4971/4971 4966/4966
f 4986/4986 4966/4966 4968/4968
f 4952/4952 4967/4967 4961/4961
f 4844/4844 4843/4843 4988/4988
f 4989/4989 4967/4967 4965/4965
f 4946/4946 4990/4990 4969/4969
f 4857/4857 4730/4730 4920/4920
f 4857/4857 4920/4920 4991/4991
f 4930/4930 4992/4992 4962/4962
f 4993/4993 4926/4926 4927/4927
f 4927/4927 4984/4984 4993/4993
f 4732/4732 4853/4853 4994/4994
f 4995/4995 4985/4985 4977/4977
f 4930/4930 4913/4913 4996/4996
f 4997/4997 4930/4930 4996/4996
f 4857/4857 4991/4991 4998/4998
f 4961/4961 4967/4967 4973/4973
f 4915/4915 4734/4734 4891/4891
f 4798/4798 4789/4789 4776/4776
f 4856/4856 4857/4857 4998/4998
f 4999/4999 4978/4978 4973/4973
f 4898/4898 4789/4789 4914/4914
f 4998/4998 4859/4859 4856/4856
f 5000/5000 4973/4973 4967/4967
f 4972/4972 4980/4980 4984/4984
f 4997/4997 4992/4992 4930/4930
f 4734/4734 4915/4915 5001/5001
f 5002/5002 4984/4984 4980/4980
f 4788/4788 4734/4734 5001/5001
f 4973/4973 5000/5000 4999/4999
f 5002/5002 4993/4993 4984/4984
f 5003/5003 4994/4994 4861/4861
f 4920/4920 4928/4928 4938/4938
f 4938/4938 4991/4991 4920/4920
f 4989/4989 5004/5004 4967/4967
f 4732/4732 4994/4994 4958/4958
f 4967/4967 5004/5004 5000/5000
f 4789/4789 4798/4798 4914/4914
f 5004/5004 5005/5005 5000/5000
f 5000/5000 5005/5005 4999/4999
f 4945/4945 4938/4938 4942/4942
f 2468/2468 2521/2521 2545/2545
f 4974/4974 4879/4879 4914/4914
f 4938/4938 4945/4945 4991/4991
f 4945/4945 5006/5006 4991/4991
f 4905/4905 4757/4757 4733/4733
f 4991/4991 5007/5007 4998/4998
f 4916/4916 5001/5001 4915/4915
f 4953/4953 2516/2516 2464/2464
f 4923/4923 4757/4757 4905/4905
f 4994/4994 5003/5003 5008/5008
f 4958/4958 4994/4994 5008/5008
f 5010/5010 2516/2516 4953/4953
f 4953/4953 4949/4949 4963/4963
f 5007/5007 5011/5011 4998/4998
f 5012/5012 4974/4974 4914/4914
f 4762/4762 4910/4910 4750/4750
f 4962/4962 5013/5013 4954/4954
f 5014/5014 2545/2545 2546/2546
f 5014/5014 4955/4955 2545/2545
f 4863/4863 4758/4758 4757/4757
f 4983/4983 4958/4958 5008/5008
f 5015/5015 4910/4910 4762/4762
f 5016/5016 4977/4977 4974/4974
f 4859/4859 4843/4843 4831/4831
f 2516/2516 5010/5010 2515/2515
f 4923/4923 5017/5017 4757/4757
f 4863/4863 4757/4757 5017/5017
f 4994/4994 4853/4853 4861/4861
f 5018/5018 4979/4979 4969/4969
f 4923/4923 4922/4922 5019/5019
f 2543/2543 2515/2515 5010/5010
f 4998/4998 5011/5011 4859/4859
f 4906/4906 4910/4910 5020/5020
f 5011/5011 4843/4843 4859/4859
f 5021/5021 4843/4843 5011/5011
f 5022/5022 5014/5014 2546/2546
f 2546/2546 2551/2551 5022/5022
f 4841/4841 4788/4788 5001/5001
f 5019/5019 4922/4922 4993/4993
f 5015/5015 5020/5020 4910/4910
f 4965/4965 4955/4955 4989/4989
f 4988/4988 4843/4843 5023/5023
f 5023/5023 4843/4843 5021/5021
f 4867/4867 4841/4841 5001/5001
f 4955/4955 5024/5024 4989/4989
f 5001/5001 5025/5025 4867/4867
f 4871/4871 5026/5026 4861/4861
f 4871/4871 5027/5027 5026/5026
f 4954/4954 5028/5028 5009/5009
f 5029/5029 4916/4916 4979/4979
f 5013/5013 5028/5028 4954/4954
f 5029/5029 5001/5001 4916/4916
f 4762/4762 4599/4599 4634/4634
f 4955/4955 5014/5014 5024/5024
f 5014/5014 5022/5022 5024/5024
f 5030/5030 5021/5021 5011/5011
f 5031/5031 5020/5020 5015/5015
f 5007/5007 5032/5032 5011/5011
f 5033/5033 5009/5009 5028/5028
f 4922/4922 4926/4926 4993/4993
f 5025/5025 5001/5001 5029/5029
f 5009/5009 5034/5034 2542/2542
f 5020/5020 4970/4970 4906/4906
f 5025/5025 5029/5029 5035/5035
f 5011/5011 5032/5032 5030/5030
f 5009/5009 5033/5033 5034/5034
f 5008/5008 5003/5003 5036/5036
f 5036/5036 5003/5003 5026/5026
f 5030/5030 5023/5023 5021/5021
f 4798/4798 4797/4797 5037/5037
f 5026/5026 5003/5003 4861/4861
f 5038/5038 4970/4970 5020/5020
f 5039/5039 4962/4962 4992/4992
f 5040/5040 4964/4964 4970/4970
f 5037/5037 4914/4914 4798/4798
f 5030/5030 5042/5042 5023/5023
f 4852/4852 5037/5037 4797/4797
f 4867/4867 5025/5025 5043/5043
f 5017/5017 4923/4923 5019/5019
f 5017/5017 5019/5019 5044/5044
f 5004/5004 4989/4989 5045/5045
f 4914/4914 5037/5037 5012/5012
f 4962/4962 5039/5039 5013/5013
f 5007/5007 4991/4991 5006/5006
f 4989/4989 5024/5024 5045/5045
f 5006/5006 5046/5046 5007/5007
f 5007/5007 5046/5046 5032/5032
f 4607/4607 4863/4863 5017/5017
f 5032/5032 5046/5046 5047/5047
f 5039/5039 5048/5048 5013/5013
f 5035/5035 5049/5049 5025/5025
f 5048/5048 5028/5028 5013/5013
f 5048/5048 5033/5033 5028/5028
f 4945/4945 4971/4971 5050/5050
f 4983/4983 4956/4956 4958/4958
f 5051/5051 4867/4867 5043/5043
f 5015/5015 4762/4762 4634/4634
f 4986/4986 5050/5050 4971/4971
f 4869/4869 5037/5037 4852/4852
f 4945/4945 5050/5050 5006/5006
f 5052/5052 5006/5006 5050/5050
f 4864/4864 4867/4867 5051/5051
f 5039/5039 4992/4992 5053/5053
f 5045/5045 5054/5054 5004/5004
f 5004/5004 5054/5054 5005/5005
f 4655/4655 4607/4607 5017/5017
f 5055/5055 4982/4982 4983/4983
f 5053/5053 5056/5056 5039/5039
f 4872/4872 4864/4864 5051/5051
f 4608/4608 4607/4607 4655/4655
f 5037/5037 4869/4869 5057/5057
f 4951/4951 4982/4982 5058/5058
f 5054/5054 5045/5045 5059/5059
f 5054/5054 5059/5059 5060/5060
f 5056/5056 5048/5048 5039/5039
f 5024/5024 5059/5059 5045/5045
f 4986/4986 5052/5052 5050/5050
f 5061/5061 5052/5052 4986/4986
f 5062/5062 5059/5059 5024/5024
f 5043/5043 5025/5025 5049/5049
f 5061/5061 4986/4986 5063/5063
f 5064/5064 5065/5065 5012/5012
f 5006/5006 5052/5052 5046/5046
f 5012/5012 5037/5037 5064/5064
f 5055/5055 4983/4983 5008/5008
f 5066/5066 4535/4535 4536/4536
f 5067/5067 5043/5043 5049/5049
f 5067/5067 5051/5051 5043/5043
f 4654/4654 5031/5031 5015/5015
f 5015/5015 4634/4634 4654/4654
f 5068/5068 5008/5008 5069/5069
f 5052/5052 5070/5070 5046/5046
f 4536/4536 4661/4661 5066/5066
f 4656/4656 4655/4655 5017/5017
f 5057/5057 5064/5064 5037/5037
f 5068/5068 5055/5055 5008/5008
f 4917/4917 5071/5071 4540/4540
f 5058/5058 4982/4982 5072/5072
f 4982/4982 5055/5055 5072/5072
f 4535/4535 5066/5066 4932/4932
f 5071/5071 4917/4917 4921/4921
f 4976/4976 5071/5071 4921/4921
f 4711/4711 4540/4540 5071/5071
f 5070/5070 5052/5052 5073/5073
f 5074/5074 4933/4933 5066/5066
f 5044/5044 5019/5019 4993/4993
f 4974/4974 5012/5012 5016/5016
f 5075/5075 5052/5052 5061/5061
f 5075/5075 5073/5073 5052/5052
f 4540/4540 4711/4711 4653/4653
f 4711/4711 5071/5071 5076/5076
f 5077/5077 5066/5066 5078/5078
f 5069/5069 5008/5008 5036/5036
f 5035/5035 5029/5029 4979/4979
f 4993/4993 5079/5079 5044/5044
f 5030/5030 5032/5032 5047/5047
f 5065/5065 5016/5016 5012/5012
f 5080/5080 5030/5030 5047/5047
f 5078/5078 5066/5066 4661/4661
f 5077/5077 5074/5074 5066/5066
f 5047/5047 5046/5046 5081/5081
f 5070/5070 5081/5081 5046/5046
f 5020/5020 5031/5031 5038/5038
f 5035/5035 4979/4979 5082/5082
f 5047/5047 5081/5081 5080/5080
f 4661/4661 4664/4664 5083/5083
f 5084/5084 5069/5069 5036/5036
f 5085/5085 5030/5030 5080/5080
f 4993/4993 5002/5002 5086/5086
f 5087/5087 5085/5085 5080/5080
f 4993/4993 5086/5086 5079/5079
f 5071/5071 4976/4976 5088/5088
f 5038/5038 5040/5040 4970/4970
f 5082/5082 4979/4979 5018/5018
f 5089/5089 5040/5040 5038/5038
f 5071/5071 5088/5088 5076/5076
f 5090/5090 5036/5036 5026/5026
f 5076/5076 4751/4751 4711/4711
f 4751/4751 5076/5076 5088/5088
f 5016/5016 5065/5065 5091/5091
f 5091/5091 4977/4977 5016/5016
f 5090/5090 5092/5092 5036/5036
f 4977/4977 5091/5091 5093/5093
f 5092/5092 5084/5084 5036/5036
f 5081/5081 5070/5070 5094/5094
f 5094/5094 5095/5095 5081/5081
f 5086/5086 5096/5096 5079/5079
f 5097/5097 5088/5088 4976/4976
f 4686/4686 5038/5038 5031/5031
f 5081/5081 5095/5095 5080/5080
f 4686/4686 5089/5089 5038/5038
f 5098/5098 5049/5049 5035/5035
f 5082/5082 5098/5098 5035/5035
f 5087/5087 5080/5080 5095/5095
f 5099/5099 5087/5087 5095/5095
f 5096/5096 5086/5086 5100/5100
f 5095/5095 5101/5101 5099/5099
f 5088/5088 5097/5097 5102/5102
f 5082/5082 5018/5018 5103/5103
f 4933/4933 4996/4996 4913/4913
f 5068/5068 5104/5104 5055/5055
f 5069/5069 5084/5084 5068/5068
f 5105/5105 5044/5044 5079/5079
f 5104/5104 5072/5072 5055/5055
f 4656/4656 5017/5017 5044/5044
f 5072/5072 5106/5106 5107/5107
f 5074/5074 4996/4996 4933/4933
f 5074/5074 5108/5108 4996/4996
f 5070/5070 5073/5073 5094/5094
f 4978/4978 4999/4999 5109/5109
f 4654/4654 4686/4686 5031/5031
f 5109/5109 4976/4976 4978/4978
f 5110/5110 5098/5098 5082/5082
f 4976/4976 5109/5109 5097/5097
f 5094/5094 5073/5073 5095/5095
f 5109/5109 5111/5111 5097/5097
f 5110/5110 5082/5082 5112/5112
f 4999/4999 5111/5111 5109/5109
f 5113/5113 5089/5089 4686/4686
f 5053/5053 4997/4997 4996/4996
f 5075/5075 5114/5114 5115/5115
f 5116/5116 5065/5065 5064/5064
f 5117/5117 5072/5072 5104/5104
f 5072/5072 5117/5117 5106/5106
f 5108/5108 5053/5053 4996/4996
f 5105/5105 4656/4656 5044/5044
f 5105/5105 4687/4687 4656/4656
f 5084/5084 5104/5104 5068/5068
f 5073/5073 5101/5101 5095/5095
f 5074/5074 5118/5118 5108/5108
f 5049/5049 5119/5119 5067/5067
f 5118/5118 5074/5074 5077/5077
f 5120/5120 5084/5084 5092/5092
f 5084/5084 5120/5120 5104/5104
f 5119/5119 5049/5049 5098/5098
f 5117/5117 5104/5104 5120/5120
f 5102/5102 5097/5097 5111/5111
f 5121/5121 5118/5118 5077/5077
f 5122/5122 5101/5101 5073/5073
f 5121/5121 5108/5108 5118/5118
f 5116/5116 5091/5091 5065/5065
f 5105/5105 5079/5079 5096/5096
f 5123/5123 5091/5091 5116/5116
f 4999/4999 5005/5005 5124/5124
f 5125/5125 5126/5126 5127/5127
f 4999/4999 5124/5124 5111/5111
f 4687/4687 5105/5105 5096/5096
f 5128/5128 5111/5111 5124/5124
f 5073/5073 5125/5125 5122/5122
f 5075/5075 5125/5125 5073/5073
f 5129/5129 5091/5091 5123/5123
f 5075/5075 5115/5115 5125/5125
f 5126/5126 5125/5125 5115/5115
f 5122/5122 5125/5125 5130/5130
f 5131/5131 5122/5122 5130/5130
f 5127/5127 5130/5130 5125/5125
f 5132/5132 5102/5102 5111/5111
f 5128/5128 5132/5132 5111/5111
f 5133/5133 5134/5134 2978/2978
f 5113/5113 4686/4686 4940/4940
f 2982/2982 2978/2978 5134/5134
f 4065/4065 4828/4828 5135/5135
f 5096/5096 5136/5136 4687/4687
f 2983/2983 2972/2972 2965/2965
f 5128/5128 5124/5124 5137/5137
f 5053/5053 5108/5108 5138/5138
f 5139/5139 5138/5138 5108/5108
f 5140/5140 4823/4823 4078/4078
f 5134/5134 2983/2983 2982/2982
f 4685/4685 4940/4940 4686/4686
f 4828/4828 4840/4840 5135/5135
f 5121/5121 5139/5139 5108/5108
f 4936/4936 4687/4687 5136/5136
f 4687/4687 4936/4936 4677/4677
f 5133/5133 5141/5141 5134/5134
f 4823/4823 4851/4851 4822/4822
f 4901/4901 2983/2983 5142/5142
f 2983/2983 5134/5134 5142/5142
f 5137/5137 5124/5124 5143/5143
f 5142/5142 5134/5134 5141/5141
f 4765/4765 5144/5144 5145/5145
f 4711/4711 4751/4751 4748/4748
f 4851/4851 4823/4823 5140/5140
f 4763/4763 5146/5146 5147/5147
f 4851/4851 5140/5140 4858/4858
f 5083/5083 5078/5078 4661/4661
f 5148/5148 5142/5142 5141/5141
f 5063/5063 5142/5142 5148/5148
f 5141/5141 5149/5149 5148/5148
f 5148/5148 5149/5149 5150/5150
f 4850/4850 4858/4858 4868/4868
f 5142/5142 4968/4968 4901/4901
f 5146/5146 5151/5151 5147/5147
f 5152/5152 4868/4868 5140/5140
f 4868/4868 4858/4858 5140/5140
f 4968/4968 5142/5142 5063/5063
f 5153/5153 5147/5147 5151/5151
f 5083/5083 5154/5154 5078/5078
f 5155/5155 5147/5147 5153/5153
f 4868/4868 5156/5156 4869/4869
f 5063/5063 4986/4986 4968/4968
f 4751/4751 5088/5088 5102/5102
f 5102/5102 5157/5157 4751/4751
f 5158/5158 5063/5063 5148/5148
f 5148/5148 5150/5150 5158/5158
f 5145/5145 5144/5144 5159/5159
f 5144/5144 5160/5160 5159/5159
f 4764/4764 5083/5083 4664/4664
f 4278/4278 5145/5145 5159/5159
f 4765/4765 4752/4752 5144/5144
f 4764/4764 5147/5147 5083/5083
f 5158/5158 5150/5150 5161/5161
f 5063/5063 5158/5158 5161/5161
f 5051/5051 5162/5162 4872/4872
f 5061/5061 5063/5063 5161/5161
f 4763/4763 5147/5147 4764/4764
f 5161/5161 5150/5150 5163/5163
f 5114/5114 5061/5061 5161/5161
f 5067/5067 5162/5162 5051/5051
f 5161/5161 5163/5163 5114/5114
f 4751/4751 5157/5157 4752/4752
f 5144/5144 4752/4752 5157/5157
f 5114/5114 5075/5075 5061/5061
f 5126/5126 5115/5115 5114/5114
f 5064/5064 5164/5164 5116/5116
f 5165/5165 5067/5067 5166/5166
f 5162/5162 5067/5067 5165/5165
f 4571/4571 4567/4567 5167/5167
f 5154/5154 5083/5083 5147/5147
f 5168/5168 5155/5155 5153/5153
f 5169/5169 4573/4573 4575/4575
f 5067/5067 5119/5119 5166/5166
f 5155/5155 5154/5154 5147/5147
f 5144/5144 5157/5157 5170/5170
f 5171/5171 5119/5119 5098/5098
f 5172/5172 4567/4567 4787/4787
f 5172/5172 5167/5167 4567/4567
f 5170/5170 5157/5157 5102/5102
f 5170/5170 5102/5102 5173/5173
f 5174/5174 5159/5159 5160/5160
f 5160/5160 5144/5144 5170/5170
f 5159/5159 5174/5174 5175/5175
f 5176/5176 4573/4573 5169/5169
f 5177/5177 5154/5154 5155/5155
f 4787/4787 4784/4784 5172/5172
f 5178/5178 5123/5123 5116/5116
f 4791/4791 4573/4573 5176/5176
f 5170/5170 5173/5173 5179/5179
f 4278/4278 5159/5159 4284/4284
f 5160/5160 5170/5170 5179/5179
f 5078/5078 5121/5121 5077/5077
f 5121/5121 5078/5078 5154/5154
f 5166/5166 5119/5119 5171/5171
f 5153/5153 5151/5151 4331/4331
f 5180/5180 5121/5121 5154/5154
f 4284/4284 5159/5159 5175/5175
f 5181/5181 5166/5166 5182/5182
f 5183/5183 4575/4575 5184/5184
f 4331/4331 5185/5185 5153/5153
f 5167/5167 5186/5186 5187/5187
f 5188/5188 5121/5121 5180/5180
f 5189/5189 5110/5110 5112/5112
f 5098/5098 5110/5110 5189/5189
f 5169/5169 4575/4575 5183/5183
f 5190/5190 5098/5098 5189/5189
f 5191/5191 5187/5187 5186/5186
f 5175/5175 5192/5192 4284/4284
f 5186/5186 5167/5167 5172/5172
f 5102/5102 5132/5132 5193/5193
f 4784/4784 5194/5194 5172/5172
f 5195/5195 5102/5102 5196/5196
f 5102/5102 5193/5193 5196/5196
f 5171/5171 5098/5098 5190/5190
f 5197/5197 5172/5172 5194/5194
f 5128/5128 5137/5137 5132/5132
f 5190/5190 5198/5198 5171/5171
f 4784/4784 4792/4792 5194/5194
f 5197/5197 5194/5194 4792/4792
f 5188/5188 5139/5139 5121/5121
f 5193/5193 5132/5132 5137/5137
f 5197/5197 5186/5186 5172/5172
f 5185/5185 5168/5168 5153/5153
f 5137/5137 5199/5199 5193/5193
f 5197/5197 4792/4792 4813/4813
f 5200/5200 5168/5168 5185/5185
f 5196/5196 5193/5193 5199/5199
f 4791/4791 5176/5176 4811/4811
f 5139/5139 5188/5188 5201/5201
f 5166/5166 5198/5198 5182/5182
f 5171/5171 5198/5198 5166/5166
f 4331/4331 5202/5202 5185/5185
f 5183/5183 5203/5203 5169/5169
f 5177/5177 5180/5180 5154/5154
f 5195/5195 5173/5173 5102/5102
f 5198/5198 5204/5204 5182/5182
f 5173/5173 5205/5205 5179/5179
f 5205/5205 5173/5173 5195/5195
f 5179/5179 5174/5174 5160/5160
f 5176/5176 5169/5169 5203/5203
f 5204/5204 5198/5198 5206/5206
f 5207/5207 5186/5186 5197/5197
f 5208/5208 5177/5177 5155/5155
f 5205/5205 5174/5174 5179/5179
f 5208/5208 5209/5209 5177/5177
f 5209/5209 5188/5188 5180/5180
f 5210/5210 4811/4811 5176/5176
f 5180/5180 5177/5177 5209/5209
f 4238/4238 5140/5140 4078/4078
f 5211/5211 5155/5155 5168/5168
f 5211/5211 5208/5208 5155/5155
f 5176/5176 5203/5203 5210/5210
f 5209/5209 5201/5201 5188/5188
f 5053/5053 4992/4992 4997/4997
f 5211/5211 5168/5168 5200/5200
f 5183/5183 5184/5184 5212/5212
f 4065/4065 4244/4244 4235/4235
f 5213/5213 4238/4238 4245/4245
f 4331/4331 4330/4330 5214/5214
f 4244/4244 4065/4065 5135/5135
f 5215/5215 5191/5191 5216/5216
f 5202/5202 4331/4331 5214/5214
f 5056/5056 5053/5053 5217/5217
f 5135/5135 5218/5218 4244/4244
f 5219/5219 5183/5183 5212/5212
f 5213/5213 5140/5140 4238/4238
f 5005/5005 5054/5054 5124/5124
f 5212/5212 5220/5220 5221/5221
f 5054/5054 5060/5060 5124/5124
f 5222/5222 5053/5053 5138/5138
f 4840/4840 5218/5218 5135/5135
f 5216/5216 5191/5191 5186/5186
f 5203/5203 5183/5183 5219/5219
f 5223/5223 5124/5124 5060/5060
f 5224/5224 5216/5216 5186/5186
f 4840/4840 4839/4839 5225/5225
f 5219/5219 5212/5212 5221/5221
f 5216/5216 5226/5226 5215/5215
f 5222/5222 5217/5217 5053/5053
f 5203/5203 5219/5219 5227/5227
f 5228/5228 5214/5214 4330/4330
f 5140/5140 5229/5229 5152/5152
f 5218/5218 4840/4840 5225/5225
f 5225/5225 5230/5230 5218/5218
f 5228/5228 4330/4330 4355/4355
f 5140/5140 5213/5213 5229/5229
f 5219/5219 5221/5221 5231/5231
f 5232/5232 5175/5175 5174/5174
f 5207/5207 5197/5197 4812/4812
f 5232/5232 5192/5192 5175/5175
f 5222/5222 5138/5138 5139/5139
f 5210/5210 5233/5233 4811/4811
f 5199/5199 5137/5137 5143/5143
f 5139/5139 5234/5234 5222/5222
f 5235/5235 5207/5207 5236/5236
f 5235/5235 5186/5186 5207/5207
f 5234/5234 5139/5139 5201/5201
f 5235/5235 5224/5224 5186/5186
f 5237/5237 5024/5024 5022/5022
f 5238/5238 5024/5024 5237/5237
f 5235/5235 5236/5236 5239/5239
f 5240/5240 5224/5224 5235/5235
f 5239/5239 5240/5240 5235/5235
f 2551/2551 2711/2711 5022/5022
f 2542/2542 2723/2723 2709/2709
f 4812/4812 5197/5197 4813/4813
f 5241/5241 4244/4244 5218/5218
f 5022/5022 2711/2711 5242/5242
f 4836/4836 5236/5236 4812/4812
f 5218/5218 5230/5230 5243/5243
f 5205/5205 5244/5244 5174/5174
f 5244/5244 5245/5245 5174/5174
f 5211/5211 5246/5246 5208/5208
f 5247/5247 5208/5208 5246/5246
f 2723/2723 2542/2542 5034/5034
f 5236/5236 5207/5207 4812/4812
f 5022/5022 5242/5242 5248/5248
f 5209/5209 5208/5208 5249/5249
f 2720/2720 5242/5242 2711/2711
f 5208/5208 5247/5247 5249/5249
f 4807/4807 5250/5250 4832/4832
f 4836/4836 4837/4837 5236/5236
f 1990/1990 2709/2709 2723/2723
f 4244/4244 5241/5241 4247/4247
f 5246/5246 5251/5251 5247/5247
f 4807/4807 4811/4811 5233/5233
f 5248/5248 5237/5237 5022/5022
f 5252/5252 5239/5239 5236/5236
f 5253/5253 5213/5213 4250/4250
f 5254/5254 5236/5236 4837/4837
f 5252/5252 5236/5236 5254/5254
f 5255/5255 5244/5244 5256/5256
f 5253/5253 5229/5229 5213/5213
f 5233/5233 5250/5250 4807/4807
f 5255/5255 5257/5257 5244/5244
f 5229/5229 5253/5253 5258/5258
f 5245/5245 5244/5244 5259/5259
f 5238/5238 5237/5237 5248/5248
f 5260/5260 5241/5241 5218/5218
f 5251/5251 5261/5261 5247/5247
f 5259/5259 5244/5244 5257/5257
f 5262/5262 5254/5254 4837/4837
f 5246/5246 5211/5211 5200/5200
f 5263/5263 5258/5258 5253/5253
f 2723/2723 5034/5034 4367/4367
f 5174/5174 5245/5245 5232/5232
f 4832/4832 5250/5250 4833/4833
f 2720/2720 5248/5248 5242/5242
f 5248/5248 2720/2720 5264/5264
f 4845/4845 5262/5262 4837/4837
f 4367/4367 5034/5034 4384/4384
f 5246/5246 5200/5200 5265/5265
f 5262/5262 4845/4845 4987/4987
f 4871/4871 4833/4833 5250/5250
f 5225/5225 4839/4839 5266/5266
f 2720/2720 2001/2001 2012/2012
f 5267/5267 4868/4868 5152/5152
f 2720/2720 2012/2012 4369/4369
f 4369/4369 4374/4374 2720/2720
f 5232/5232 5245/5245 5268/5268
f 5230/5230 5225/5225 5266/5266
f 5268/5268 5245/5245 5259/5259
f 5269/5269 5250/5250 5233/5233
f 4374/4374 5264/5264 2720/2720
f 5152/5152 5229/5229 5267/5267
f 5252/5252 5270/5270 5239/5239
f 5248/5248 5264/5264 5271/5271
f 4868/4868 5267/5267 5156/5156
f 5270/5270 5252/5252 5254/5254
f 5270/5270 5254/5254 5262/5262
f 4380/4380 5271/5271 5264/5264
f 5270/5270 5272/5272 5239/5239
f 5273/5273 5156/5156 5267/5267
f 5269/5269 5274/5274 5250/5250
f 5266/5266 4839/4839 4862/4862
f 4380/4380 5264/5264 4374/4374
f 5275/5275 4869/4869 5156/5156
f 5266/5266 4862/4862 4872/4872
f 5238/5238 5062/5062 5024/5024
f 5276/5276 5226/5226 5216/5216
f 5240/5240 5216/5216 5224/5224
f 5060/5060 5059/5059 5277/5277
f 5216/5216 5240/5240 5278/5278
f 5062/5062 5277/5277 5059/5059
f 5266/5266 4872/4872 5279/5279
f 5259/5259 5280/5280 5268/5268
f 5246/5246 5281/5281 5251/5251
f 5282/5282 5251/5251 5281/5281
f 5034/5034 5033/5033 5283/5283
f 5275/5275 5156/5156 5284/5284
f 5285/5285 5062/5062 5238/5238
f 5048/5048 5283/5283 5033/5033
f 5238/5238 5248/5248 5285/5285
f 5240/5240 5276/5276 5278/5278
f 5286/5286 5285/5285 5248/5248
f 5218/5218 5243/5243 5260/5260
f 5243/5243 5287/5287 5260/5260
f 5233/5233 5210/5210 5288/5288
f 5287/5287 5243/5243 5230/5230
f 4284/4284 4680/4680 4336/4336
f 5034/5034 5283/5283 4384/4384
f 5216/5216 5278/5278 5276/5276
f 4680/4680 4284/4284 5192/5192
f 5230/5230 5266/5266 5279/5279
f 5289/5289 5230/5230 5279/5279
f 5227/5227 5219/5219 5231/5231
f 5283/5283 5048/5048 5290/5290
f 5287/5287 5230/5230 5289/5289
f 5290/5290 5048/5048 5056/5056
f 5276/5276 5291/5291 5226/5226
f 5292/5292 5277/5277 5062/5062
f 5293/5293 5287/5287 5289/5289
f 5292/5292 5062/5062 5285/5285
f 5210/5210 5203/5203 5227/5227
f 5285/5285 5294/5294 5292/5292
f 5295/5295 5192/5192 5232/5232
f 5192/5192 5295/5295 5296/5296
f 5185/5185 5297/5297 5200/5200
f 5298/5298 5200/5200 5297/5297
f 5185/5185 5202/5202 5297/5297
f 5229/5229 5258/5258 5299/5299
f 5300/5300 5283/5283 5290/5290
f 5239/5239 5272/5272 5240/5240
f 5299/5299 5267/5267 5229/5229
f 5299/5299 5273/5273 5267/5267
f 4680/4680 5192/5192 5296/5296
f 5286/5286 5248/5248 5271/5271
f 4380/4380 5286/5286 5271/5271
f 5240/5240 5272/5272 5301/5301
f 5214/5214 5302/5302 5202/5202
f 5303/5303 5273/5273 5299/5299
f 5304/5304 5305/5305 5276/5276
f 5294/5294 5286/5286 5306/5306
f 5307/5307 5260/5260 5287/5287
f 5285/5285 5286/5286 5294/5294
f 5286/5286 4380/4380 5306/5306
f 5301/5301 5276/5276 5240/5240
f 5227/5227 5288/5288 5210/5210
f 4384/4384 5283/5283 4389/4389
f 4451/4451 5306/5306 4380/4380
f 5202/5202 5302/5302 5297/5297
f 5273/5273 5284/5284 5156/5156
f 5308/5308 5296/5296 5295/5295
f 5276/5276 5301/5301 5304/5304
f 5309/5309 5284/5284 5273/5273
f 5283/5283 5300/5300 4389/4389
f 4451/4451 5294/5294 5306/5306
f 5301/5301 5310/5310 5304/5304
f 5288/5288 5227/5227 5311/5311
f 4248/4248 4247/4247 5241/5241
f 5228/5228 5302/5302 5214/5214
f 5213/5213 4245/4245 4250/4250
f 5288/5288 4286/4286 5269/5269
f 4395/4395 4389/4389 5300/5300
f 5294/5294 4451/4451 4463/4463
f 5312/5312 5294/5294 4463/4463
f 5313/5313 5253/5253 4250/4250
f 5314/5314 4690/4690 4680/4680
f 5269/5269 5233/5233 5288/5288
f 5315/5315 5314/5314 4680/4680
f 4264/4264 4248/4248 5241/5241
f 5312/5312 4463/4463 4465/4465
f 4264/4264 5241/5241 5316/5316
f 5315/5315 4680/4680 5296/5296
f 5317/5317 5272/5272 5270/5270
f 4250/4250 4261/4261 4265/4265
f 5196/5196 5205/5205 5195/5195
f 5256/5256 5196/5196 5199/5199
f 4250/4250 4265/4265 5313/5313
f 5318/5318 5228/5228 4355/4355
f 5256/5256 5205/5205 5196/5196
f 4975/4975 4690/4690 5314/5314
f 5318/5318 5302/5302 5228/5228
f 5319/5319 5241/5241 5260/5260
f 5205/5205 5256/5256 5244/5244
f 5320/5320 5302/5302 5318/5318
f 5241/5241 5319/5319 5316/5316
f 5305/5305 5291/5291 5276/5276
f 5321/5321 5060/5060 5277/5277
f 5231/5231 5322/5322 5227/5227
f 5322/5322 5311/5311 5227/5227
f 5319/5319 5260/5260 5307/5307
f 5323/5323 5263/5263 5253/5253
f 5253/5253 5313/5313 5323/5323
f 5223/5223 5060/5060 5321/5321
f 5297/5297 5302/5302 5320/5320
f 5324/5324 5297/5297 5320/5320
f 5056/5056 5217/5217 5325/5325
f 5325/5325 5217/5217 5326/5326
f 4287/4287 5311/5311 4301/4301
f 5311/5311 5322/5322 4301/4301
f 5124/5124 5223/5223 5143/5143
f 5327/5327 5305/5305 5304/5304
f 5328/5328 5305/5305 5327/5327
f 5315/5315 5296/5296 5308/5308
f 5329/5329 5143/5143 5330/5330
f 4292/4292 5328/5328 5327/5327
f 5222/5222 5331/5331 5217/5217
f 5308/5308 5332/5332 5315/5315
f 5333/5333 5223/5223 5321/5321
f 5330/5330 5143/5143 5223/5223
f 5314/5314 5315/5315 5334/5334
f 5331/5331 5326/5326 5217/5217
f 5234/5234 5331/5331 5222/5222
f 4287/4287 5288/5288 5311/5311
f 4286/4286 5288/5288 4287/4287
f 5330/5330 5223/5223 5333/5333
f 5335/5335 4258/4258 4264/4264
f 5334/5334 5315/5315 5332/5332
f 4264/4264 5316/5316 5337/5337
f 5335/5335 4264/4264 5337/5337
f 5337/5337 5316/5316 5319/5319
f 5338/5338 5323/5323 5313/5313
f 5313/5313 4265/4265 5338/5338
f 5265/5265 5200/5200 5298/5298
f 5339/5339 5330/5330 5333/5333
f 5056/5056 5325/5325 5290/5290
f 5337/5337 5319/5319 5340/5340
f 5268/5268 5308/5308 5232/5232
f 5308/5308 5295/5295 5232/5232
f 5335/5335 5337/5337 5342/5342
f 5027/5027 4871/4871 5250/5250
f 4494/4494 5300/5300 5290/5290
f 5321/5321 5277/5277 5292/5292
f 5325/5325 4494/4494 5290/5290
f 5042/5042 4988/4988 5023/5023
f 5262/5262 4987/4987 5041/5041
f 5343/5343 5265/5265 5298/5298
f 5343/5343 5298/5298 5297/5297
f 5263/5263 5299/5299 5258/5258
f 5343/5343 5297/5297 5324/5324
f 5317/5317 5270/5270 5344/5344
f 5262/5262 5344/5344 5270/5270
f 5326/5326 5345/5345 5325/5325
f 5027/5027 5250/5250 5274/5274
f 5281/5281 5246/5246 5265/5265
f 5346/5346 5281/5281 5265/5265
f 5303/5303 5299/5299 5263/5263
f 5347/5347 5345/5345 5326/5326
f 5344/5344 5262/5262 5041/5041
f 5348/5348 5292/5292 5294/5294
f 5268/5268 5280/5280 5308/5308
f 5348/5348 5321/5321 5292/5292
f 5041/5041 5349/5349 5344/5344
f 5307/5307 5351/5351 5319/5319
f 5352/5352 5351/5351 5307/5307
f 5321/5321 5348/5348 5333/5333
f 5353/5353 5333/5333 5348/5348
f 5317/5317 5344/5344 5354/5354
f 5303/5303 5263/5263 5323/5323
f 5348/5348 5294/5294 5312/5312
f 5354/5354 5344/5344 5349/5349
f 5346/5346 5265/5265 5343/5343
f 5355/5355 5027/5027 5274/5274
f 5300/5300 4494/4494 4395/4395
f 5308/5308 5356/5356 5357/5357
f 5358/5358 5303/5303 5323/5323
f 5307/5307 5287/5287 5293/5293
f 4465/4465 5348/5348 5312/5312
f 4465/4465 4499/4499 5348/5348
f 5359/5359 5354/5354 5349/5349
f 5307/5307 5293/5293 5352/5352
f 5360/5360 5359/5359 5349/5349
f 4464/4464 4499/4499 4465/4465
f 5362/5362 5308/5308 5280/5280
f 4499/4499 5353/5353 5348/5348
f 5363/5363 5309/5309 5273/5273
f 5281/5281 5346/5346 5364/5364
f 5358/5358 5273/5273 5303/5303
f 5363/5363 5273/5273 5358/5358
f 5310/5310 5301/5301 5272/5272
f 5339/5339 5333/5333 5353/5353
f 4314/4314 5304/5304 5310/5310
f 5365/5365 5362/5362 5280/5280
f 5365/5365 5280/5280 5259/5259
f 5356/5356 5308/5308 5362/5362
f 5354/5354 5272/5272 5317/5317
f 5366/5366 5339/5339 5353/5353
f 5325/5325 5345/5345 4494/4494
f 5340/5340 5319/5319 5351/5351
f 5274/5274 5269/5269 5367/5367
f 5365/5365 5356/5356 5362/5362
f 5366/5366 5353/5353 4499/4499
f 4494/4494 5345/5345 4547/4547
f 5368/5368 5310/5310 5272/5272
f 5345/5345 5369/5369 4547/4547
f 5368/5368 5272/5272 5354/5354
f 5368/5368 5354/5354 5359/5359
f 5370/5370 5274/5274 5367/5367
f 5371/5371 5346/5346 5343/5343
f 5329/5329 5199/5199 5143/5143
f 5372/5372 5352/5352 5373/5373
f 5367/5367 5269/5269 4286/4286
f 5357/5357 5332/5332 5308/5308
f 5351/5351 5352/5352 5372/5372
f 5374/5374 5256/5256 5199/5199
f 5329/5329 5374/5374 5199/5199
f 5363/5363 5358/5358 5375/5375
f 5201/5201 5376/5376 5234/5234
f 5368/5368 4314/4314 5310/5310
f 5357/5357 5334/5334 5332/5332
f 5357/5357 5377/5377 5334/5334
f 4286/4286 5370/5370 5367/5367
f 5340/5340 5351/5351 5372/5372
f 5378/5378 5343/5343 5324/5324
f 5378/5378 5371/5371 5343/5343
f 5379/5379 5340/5340 5372/5372
f 5320/5320 5378/5378 5324/5324
f 5380/5380 5372/5372 5373/5373
f 5331/5331 5347/5347 5326/5326
f 5381/5381 5359/5359 5382/5382
f 5329/5329 5330/5330 5383/5383
f 5330/5330 5339/5339 5383/5383
f 5379/5379 5372/5372 5380/5380
f 5346/5346 5371/5371 5364/5364
f 5234/5234 5384/5384 5331/5331
f 5376/5376 5384/5384 5234/5234
f 5355/5355 5274/5274 5370/5370
f 5331/5331 5384/5384 5347/5347
f 5385/5385 5364/5364 5371/5371
f 4268/4268 5338/5338 4265/4265
f 5386/5386 5387/5387 5355/5355
f 5386/5386 5355/5355 5370/5370
f 5388/5388 5356/5356 5365/5365
f 5201/5201 5209/5209 5249/5249
f 5249/5249 5389/5389 5201/5201
f 5376/5376 5201/5201 5389/5389
f 5323/5323 5338/5338 5390/5390
f 5381/5381 4314/4314 5368/5368
f 5381/5381 5368/5368 5359/5359
f 5358/5358 5323/5323 5390/5390
f 5385/5385 5391/5391 5364/5364
f 5374/5374 5255/5255 5256/5256
f 5374/5374 5392/5392 5255/5255
f 5385/5385 5371/5371 5378/5378
f 5356/5356 5388/5388 5357/5357
f 5358/5358 5390/5390 5375/5375
f 5374/5374 5329/5329 5383/5383
f 4869/4869 5275/5275 5057/5057
f 5381/5381 4315/4315 4314/4314
f 5370/5370 4286/4286 4354/4354
f 5393/5393 5383/5383 5339/5339
f 5275/5275 5394/5394 5057/5057
f 5395/5395 5381/5381 5382/5382
f 5396/5396 5383/5383 5393/5393
f 5374/5374 5383/5383 5396/5396
f 5374/5374 5396/5396 5392/5392
f 5397/5397 5359/5359 5360/5360
f 5261/5261 5389/5389 5249/5249
f 5399/5399 5384/5384 5376/5376
f 5247/5247 5261/5261 5249/5249
f 5382/5382 5359/5359 5397/5397
f 5162/5162 5400/5400 4872/4872
f 5057/5057 5394/5394 5164/5164
f 5284/5284 5394/5394 5275/5275
f 5382/5382 5397/5397 5401/5401
f 5164/5164 5064/5064 5057/5057
f 5401/5401 5395/5395 5382/5382
f 5401/5401 5403/5403 5395/5395
f 5404/5404 5392/5392 5396/5396
f 5405/5405 5389/5389 5261/5261
f 5381/5381 5395/5395 5403/5403
f 5376/5376 5389/5389 5405/5405
f 5403/5403 4315/4315 5381/5381
f 4315/4315 5403/5403 4408/4408
f 5261/5261 5251/5251 5282/5282
f 5255/5255 5392/5392 5406/5406
f 5257/5257 5255/5255 5406/5406
f 5347/5347 5384/5384 5407/5407
f 5396/5396 5393/5393 5408/5408
f 5165/5165 5409/5409 5162/5162
f 4424/4424 5370/5370 4354/4354
f 5409/5409 5165/5165 5166/5166
f 5410/5410 5178/5178 5164/5164
f 5406/5406 5259/5259 5257/5257
f 5279/5279 4872/4872 5289/5289
f 5411/5411 5370/5370 4424/4424
f 5393/5393 5339/5339 5408/5408
f 5370/5370 5411/5411 5386/5386
f 5289/5289 4872/4872 5400/5400
f 5407/5407 5369/5369 5347/5347
f 5339/5339 5366/5366 5408/5408
f 5408/5408 5366/5366 5412/5412
f 5369/5369 5345/5345 5347/5347
f 5403/5403 5401/5401 5413/5413
f 5405/5405 5399/5399 5376/5376
f 4445/4445 5411/5411 4424/4424
f 5309/5309 5394/5394 5284/5284
f 5413/5413 4408/4408 5403/5403
f 5415/5415 5416/5416 5405/5405
f 5396/5396 5408/5408 5417/5417
f 5413/5413 4434/4434 4408/4408
f 5392/5392 5404/5404 5406/5406
f 5418/5418 5289/5289 5400/5400
f 5409/5409 5400/5400 5162/5162
f 5399/5399 5407/5407 5384/5384
f 5409/5409 5166/5166 5181/5181
f 5419/5419 5406/5406 5404/5404
f 5394/5394 5410/5410 5164/5164
f 5399/5399 5405/5405 5416/5416
f 4508/4508 5366/5366 4499/4499
f 4499/4499 4498/4498 4508/4508
f 5420/5420 5399/5399 5416/5416
f 5412/5412 5366/5366 4508/4508
f 5042/5042 5030/5030 5421/5421
f 4493/4493 4494/4494 4547/4547
f 5027/5027 5387/5387 5026/5026
f 5418/5418 5400/5400 5409/5409
f 5309/5309 5410/5410 5394/5394
f 5350/5350 5042/5042 5421/5421
f 5415/5415 5405/5405 5261/5261
f 5422/5422 5421/5421 5030/5030
f 4552/4552 5423/5423 5412/5412
f 4508/4508 4552/4552 5412/5412
f 5422/5422 5350/5350 5421/5421
f 5423/5423 5408/5408 5412/5412
f 5282/5282 5415/5415 5261/5261
f 5027/5027 5355/5355 5387/5387
f 5424/5424 5259/5259 5406/5406
f 5178/5178 5116/5116 5164/5164
f 5417/5417 5408/5408 5423/5423
f 5123/5123 5178/5178 5425/5425
f 5396/5396 5426/5426 5404/5404
f 5427/5427 5259/5259 5424/5424
f 5417/5417 5426/5426 5396/5396
f 5422/5422 5085/5085 5087/5087
f 5428/5428 5429/5429 5422/5422
f 5426/5426 5417/5417 5430/5430
f 5431/5431 5425/5425 5178/5178
f 5430/5430 5432/5432 5426/5426
f 5407/5407 5433/5433 5369/5369
f 5424/5424 5406/5406 5419/5419
f 5090/5090 5026/5026 5387/5387
f 4548/4548 5369/5369 5433/5433
f 5407/5407 5434/5434 5433/5433
f 5090/5090 5387/5387 5435/5435
f 5416/5416 5415/5415 5420/5420
f 5429/5429 5350/5350 5422/5422
f 5429/5429 5361/5361 5350/5350
f 5436/5436 5399/5399 5420/5420
f 5430/5430 5417/5417 5423/5423
f 5430/5430 5423/5423 4552/4552
f 5387/5387 5386/5386 5435/5435
f 5409/5409 5181/5181 5437/5437
f 5369/5369 4548/4548 4547/4547
f 4552/4552 4553/4553 5430/5430
f 5437/5437 5181/5181 5182/5182
f 5430/5430 5438/5438 5432/5432
f 5439/5439 5431/5431 5410/5410
f 5431/5431 5178/5178 5410/5410
f 5430/5430 4563/4563 5438/5438
f 5398/5398 5429/5429 5440/5440
f 5433/5433 4564/4564 4548/4548
f 5281/5281 5364/5364 5282/5282
f 5441/5441 5425/5425 5431/5431
f 5398/5398 5361/5361 5429/5429
f 5425/5425 5441/5441 5123/5123
f 4563/4563 5430/5430 4553/4553
f 5442/5442 5435/5435 5386/5386
f 5365/5365 5259/5259 5427/5427
f 5428/5428 5422/5422 5087/5087
f 5442/5442 5090/5090 5435/5435
f 5440/5440 5428/5428 5443/5443
f 5364/5364 5415/5415 5282/5282
f 5364/5364 5444/5444 5415/5415
f 5099/5099 5428/5428 5087/5087
f 4643/4643 4423/4423 4422/4422
f 5090/5090 5445/5445 5092/5092
f 5446/5446 5182/5182 5204/5204
f 5120/5120 5092/5092 5445/5445
f 5446/5446 5204/5204 5206/5206
f 4613/4613 4643/4643 4422/4422
f 5445/5445 5090/5090 5442/5442
f 5443/5443 5428/5428 5099/5099
f 5447/5447 5293/5293 5289/5289
f 5448/5448 5449/5449 5404/5404
f 5404/5404 5449/5449 5419/5419
f 5447/5447 5289/5289 5418/5418
f 5099/5099 5450/5450 5443/5443
f 5099/5099 5101/5101 5450/5450
f 4643/4643 4613/4613 4738/4738
f 5451/5451 5120/5120 5445/5445
f 5452/5452 5418/5418 5409/5409
f 5410/5410 5309/5309 5439/5439
f 5428/5428 5440/5440 5429/5429
f 4741/4741 4629/4629 4601/4601
f 4735/4735 4272/4272 4741/4741
f 5449/5449 5424/5424 5419/5419
f 4629/4629 4741/4741 4272/4272
f 5453/5453 5424/5424 5449/5449
f 4602/4602 4601/4601 4629/4629
f 5398/5398 5440/5440 5454/5454
f 5454/5454 5402/5402 5398/5398
f 5424/5424 5453/5453 5427/5427
f 5455/5455 5427/5427 5453/5453
f 5309/5309 5363/5363 5456/5456
f 5451/5451 5445/5445 5442/5442
f 5293/5293 5447/5447 5373/5373
f 5443/5443 5454/5454 5440/5440
f 5457/5457 5455/5455 5453/5453
f 5373/5373 5352/5352 5293/5293
f 5418/5418 5458/5458 5447/5447
f 4613/4613 4298/4298 4297/4297
f 5404/5404 5426/5426 5448/5448
f 5399/5399 5434/5434 5407/5407
f 5459/5459 4754/4754 4738/4738
f 5117/5117 5120/5120 5460/5460
f 5426/5426 5432/5432 5448/5448
f 5439/5439 5309/5309 5456/5456
f 5460/5460 5120/5120 5461/5461
f 5451/5451 5461/5461 5120/5120
f 5434/5434 5399/5399 5436/5436
f 5130/5130 5127/5127 5462/5462
f 5439/5439 5456/5456 5463/5463
f 4763/4763 4754/4754 5146/5146
f 5432/5432 5449/5449 5448/5448
f 5462/5462 5464/5464 5130/5130
f 4765/4765 5145/5145 4770/4770
f 4279/4279 4771/4771 4770/4770
f 5465/5465 5373/5373 5447/5447
f 5151/5151 5146/5146 4754/4754
f 5465/5465 5447/5447 5458/5458
f 5449/5449 5432/5432 5466/5466
f 5145/5145 4278/4278 4770/4770
f 5460/5460 5467/5467 5468/5468
f 5459/5459 4312/4312 4754/4754
f 4754/4754 4312/4312 5151/5151
f 5456/5456 5363/5363 5375/5375
f 4312/4312 4331/4331 5151/5151
f 5465/5465 5458/5458 5469/5469
f 5432/5432 5438/5438 5466/5466
f 5470/5470 5466/5466 5438/5438
f 4272/4272 4736/4736 4771/4771
f 5373/5373 5465/5465 5469/5469
f 5471/5471 5434/5434 5436/5436
f 5373/5373 5469/5469 5380/5380
f 5442/5442 5386/5386 5411/5411
f 5434/5434 5471/5471 5433/5433
f 4279/4279 4272/4272 4771/4771
f 5472/5472 5456/5456 5375/5375
f 5456/5456 5472/5472 5473/5473
f 4770/4770 4278/4278 4279/4279
f 5451/5451 5442/5442 5474/5474
f 5463/5463 5456/5456 5473/5473
f 5459/5459 4738/4738 4613/4613
f 5453/5453 5449/5449 5466/5466
f 5459/5459 4613/4613 4297/4297
f 5458/5458 5418/5418 5475/5475
f 5476/5476 5414/5414 5402/5402
f 4279/4279 4273/4273 4272/4272
f 5474/5474 5442/5442 5411/5411
f 5477/5477 5458/5458 5475/5475
f 5478/5478 5467/5467 5479/5479
f 4312/4312 5459/5459 4297/4297
f 5468/5468 5480/5480 5481/5481
f 5482/5482 5464/5464 5483/5483
f 5420/5420 5484/5484 5436/5436
f 5485/5485 5458/5458 5486/5486
f 4290/4290 4292/4292 5327/5327
f 5486/5486 5458/5458 5477/5477
f 5457/5457 5453/5453 5487/5487
f 4317/4317 4290/4290 5327/5327
f 5473/5473 5488/5488 5463/5463
f 4316/4316 5327/5327 5304/5304
f 5304/5304 4314/4314 4316/4316
f 5436/5436 5489/5489 5471/5471
f 4316/4316 4317/4317 5327/5327
f 5473/5473 5472/5472 5488/5488
f 5470/5470 5438/5438 4563/4563
f 4564/4564 5433/5433 4575/4575
f 5437/5437 5182/5182 5446/5446
f 4575/4575 5433/5433 5471/5471
f 4571/4571 5470/5470 4563/4563
f 5452/5452 5409/5409 5437/5437
f 5418/5418 5452/5452 5475/5475
f 5452/5452 5437/5437 5446/5446
f 4571/4571 5167/5167 5490/5490
f 5431/5431 5491/5491 5441/5441
f 5453/5453 5466/5466 5492/5492
f 5466/5466 5490/5490 5492/5492
f 5453/5453 5492/5492 5487/5487
f 5436/5436 5484/5484 5489/5489
f 5493/5493 5487/5487 5492/5492
f 5446/5446 5494/5494 5452/5452
f 5466/5466 5470/5470 5490/5490
f 5495/5495 5491/5491 5431/5431
f 5495/5495 5496/5496 5491/5491
f 5463/5463 5431/5431 5439/5439
f 5490/5490 5470/5470 4571/4571
f 5431/5431 5463/5463 5495/5495
f 4575/4575 5471/5471 5489/5489
f 5475/5475 5452/5452 5497/5497
f 5490/5490 5493/5493 5492/5492
f 5498/5498 5493/5493 5490/5490
f 5499/5499 5500/5500 5494/5494
f 5494/5494 5500/5500 5452/5452
f 5184/5184 4575/4575 5489/5489
f 5501/5501 5452/5452 5500/5500
f 5452/5452 5501/5501 5497/5497
f 5455/5455 5365/5365 5427/5427
f 5501/5501 5500/5500 5502/5502
f 5365/5365 5503/5503 5388/5388
f 5444/5444 5364/5364 5504/5504
f 5499/5499 5502/5502 5500/5500
f 5503/5503 5365/5365 5455/5455
f 5444/5444 5420/5420 5415/5415
f 5488/5488 5495/5495 5463/5463
f 5488/5488 5496/5496 5495/5495
f 5505/5505 5497/5497 5501/5501
f 5506/5506 5455/5455 5457/5457
f 5506/5506 5503/5503 5455/5455
f 4931/4931 4937/4937 5507/5507
f 5508/5508 4940/4940 4939/4939
f 4946/4946 4931/4931 5507/5507
f 5504/5504 5364/5364 5391/5391
f 4937/4937 5509/5509 5507/5507
f 5508/5508 4939/4939 5510/5510
f 5506/5506 5388/5388 5503/5503
f 5509/5509 4937/4937 5511/5511
f 5504/5504 5512/5512 5444/5444
f 5512/5512 5513/5513 5444/5444
f 4990/4990 4946/4946 5507/5507
f 5509/5509 4990/4990 5507/5507
f 5506/5506 5457/5457 5514/5514
f 5515/5515 4990/4990 5509/5509
f 5516/5516 5514/5514 5457/5457
f 5511/5511 5517/5517 5509/5509
f 5518/5518 5388/5388 5506/5506
f 5519/5519 5388/5388 5518/5518
f 5520/5520 5521/5521 5508/5508
f 5522/5522 5509/5509 5517/5517
f 5510/5510 5520/5520 5508/5508
f 5518/5518 5506/5506 5523/5523
f 5514/5514 5523/5523 5506/5506
f 5512/5512 5504/5504 5524/5524
f 5525/5525 5513/5513 5512/5512
f 5515/5515 5509/5509 5522/5522
f 4939/4939 4947/4947 4985/4985
f 5518/5518 5523/5523 5526/5526
f 4985/4985 5510/5510 4939/4939
f 5444/5444 5484/5484 5420/5420
f 5487/5487 5516/5516 5457/5457
f 4985/4985 5520/5520 5510/5510
f 5489/5489 5484/5484 5527/5527
f 5527/5527 5484/5484 5444/5444
f 5513/5513 5527/5527 5444/5444
f 5520/5520 5528/5528 5521/5521
f 5527/5527 5513/5513 5525/5525
f 5493/5493 5516/5516 5487/5487
f 5493/5493 5529/5529 5516/5516
f 5530/5530 5489/5489 5527/5527
f 5529/5529 5514/5514 5516/5516
f 5531/5531 5514/5514 5529/5529
f 5520/5520 5532/5532 5528/5528
f 5515/5515 5522/5522 5533/5533
f 4969/4969 4990/4990 5018/5018
f 5018/5018 4990/4990 5534/5534
f 5318/5318 4355/4355 4960/4960
f 4990/4990 5535/5535 5534/5534
f 5534/5534 5535/5535 5536/5536
f 5314/5314 5537/5537 4975/4975
f 5535/5535 4990/4990 5515/5515
f 4995/4995 5520/5520 4985/4985
f 4975/4975 4981/4981 4959/4959
f 5535/5535 5515/5515 5533/5533
f 4995/4995 5532/5532 5520/5520
f 5538/5538 5532/5532 4995/4995
f 4981/4981 4975/4975 5537/5537
f 5539/5539 5535/5535 5533/5533
f 5320/5320 5318/5318 5540/5540
f 5334/5334 5537/5537 5314/5314
f 4995/4995 5541/5541 5538/5538
f 5542/5542 5534/5534 5536/5536
f 4960/4960 5543/5543 5318/5318
f 5539/5539 5536/5536 5535/5535
f 5544/5544 5318/5318 5543/5543
f 5318/5318 5544/5544 5540/5540
f 5545/5545 4981/4981 5537/5537
f 5546/5546 5542/5542 5536/5536
f 5546/5546 5536/5536 5547/5547
f 5548/5548 5533/5533 5517/5517
f 5543/5543 4960/4960 4964/4964
f 5040/5040 5543/5543 4964/4964
f 5549/5549 5533/5533 5548/5548
f 4980/4980 4981/4981 5002/5002
f 5533/5533 5522/5522 5517/5517
f 5543/5543 5040/5040 5550/5550
f 5549/5549 5551/5551 5533/5533
f 5533/5533 5551/5551 5539/5539
f 5540/5540 5552/5552 5320/5320
f 5552/5552 5378/5378 5320/5320
f 5532/5532 5553/5553 5528/5528
f 5545/5545 5537/5537 5377/5377
f 5334/5334 5377/5377 5537/5537
f 5377/5377 5554/5554 5545/5545
f 5553/5553 5532/5532 5555/5555
f 4981/4981 5545/5545 5002/5002
f 5556/5556 5002/5002 5545/5545
f 5557/5557 5551/5551 5549/5549
f 5558/5558 5557/5557 5549/5549
f 5550/5550 5544/5544 5543/5543
f 5538/5538 5555/5555 5532/5532
f 5544/5544 5559/5559 5540/5540
f 5544/5544 5550/5550 5559/5559
f 5560/5560 5539/5539 5551/5551
f 5557/5557 5560/5560 5551/5551
f 5556/5556 5545/5545 5554/5554
f 5555/5555 5561/5561 5553/5553
f 5560/5560 5557/5557 5562/5562
f 5563/5563 5559/5559 5550/5550
f 5560/5560 5562/5562 5564/5564
f 5554/5554 5565/5565 5556/5556
f 5564/5564 5539/5539 5560/5560
f 5566/5566 5377/5377 5357/5357
f 5567/5567 5377/5377 5566/5566
f 5568/5568 5569/5569 5538/5538
f 5567/5567 5554/5554 5377/5377
f 5552/5552 5540/5540 5559/5559
f 5559/5559 5570/5570 5552/5552
f 5539/5539 5564/5564 5536/5536
f 5552/5552 5570/5570 5378/5378
f 5547/5547 5536/5536 5564/5564
f 5571/5571 5568/5568 5538/5538
f 5572/5572 5554/5554 5567/5567
f 5569/5569 5555/5555 5538/5538
f 5566/5566 5357/5357 5388/5388
f 5385/5385 5378/5378 5573/5573
f 5573/5573 5378/5378 5574/5574
f 5573/5573 5391/5391 5385/5385
f 5378/5378 5570/5570 5574/5574
f 5547/5547 5564/5564 5562/5562
f 5569/5569 5561/5561 5555/5555
f 5388/5388 5519/5519 5566/5566
f 5575/5575 5573/5573 5574/5574
f 5567/5567 5566/5566 5572/5572
f 5093/5093 4995/4995 4977/4977
f 5541/5541 4995/4995 5093/5093
f 5103/5103 5018/5018 5534/5534
f 5576/5576 5570/5570 5559/5559
f 5093/5093 5577/5577 5541/5541
f 5534/5534 5542/5542 5103/5103
f 5559/5559 5563/5563 5576/5576
f 5091/5091 5129/5129 5093/5093
f 5129/5129 5577/5577 5093/5093
f 5519/5519 5578/5578 5566/5566
f 5542/5542 5546/5546 5103/5103
f 5112/5112 5082/5082 5103/5103
f 5578/5578 5572/5572 5566/5566
f 5579/5579 5575/5575 5574/5574
f 5577/5577 5129/5129 5580/5580
f 5581/5581 5554/5554 5572/5572
f 5571/5571 5538/5538 5541/5541
f 5565/5565 5554/5554 5582/5582
f 5582/5582 5554/5554 5581/5581
f 5579/5579 5570/5570 5576/5576
f 5577/5577 5571/5571 5541/5541
f 5576/5576 5583/5583 5579/5579
f 5579/5579 5574/5574 5570/5570
f 5584/5584 5572/5572 5578/5578
f 5572/5572 5584/5584 5585/5585
f 5585/5585 5581/5581 5572/5572
f 5586/5586 4304/4304 5561/5561
f 5585/5585 5587/5587 5581/5581
f 5562/5562 5557/5557 5588/5588
f 5589/5589 5588/5588 5557/5557
f 5588/5588 5589/5589 4311/4311
f 5086/5086 5002/5002 5100/5100
f 5590/5590 5562/5562 5588/5588
f 5100/5100 5002/5002 5556/5556
f 5040/5040 5089/5089 5550/5550
f 5565/5565 5100/5100 5556/5556
f 5591/5591 5561/5561 5569/5569
f 5592/5592 5550/5550 5089/5089
f 5592/5592 5563/5563 5550/5550
f 5593/5593 5594/5594 5547/5547
f 5562/5562 5595/5595 5547/5547
f 5596/5596 5100/5100 5565/5565
f 5593/5593 5547/5547 5595/5595
f 5568/5568 5597/5597 5591/5591
f 5591/5591 5569/5569 5568/5568
f 5598/5598 5563/5563 5592/5592
f 5599/5599 5591/5591 5597/5597
f 5600/5600 5593/5593 5595/5595
f 5593/5593 5600/5600 5601/5601
f 5602/5602 5593/5593 5601/5601
f 5603/5603 5100/5100 5596/5596
f 5582/5582 5596/5596 5565/5565
f 5189/5189 5112/5112 5103/5103
f 5603/5603 5596/5596 5582/5582
f 5604/5604 5103/5103 5546/5546
f 5189/5189 5103/5103 5604/5604
f 5096/5096 5100/5100 5136/5136
f 5190/5190 5189/5189 5605/5605
f 5606/5606 5546/5546 5547/5547
f 5606/5606 5604/5604 5546/5546
f 5580/5580 5607/5607 5577/5577
f 5100/5100 5603/5603 5136/5136
f 5136/5136 4937/4937 4936/4936
f 5571/5571 5577/5577 5607/5607
f 5113/5113 5592/5592 5089/5089
f 5605/5605 5189/5189 5604/5604
f 5113/5113 5608/5608 5592/5592
f 5609/5609 5571/5571 5607/5607
f 5598/5598 5592/5592 5608/5608
f 5129/5129 5123/5123 5580/5580
f 5583/5583 5576/5576 5563/5563
f 5583/5583 5563/5563 5598/5598
f 5587/5587 5582/5582 5581/5581
f 5441/5441 5580/5580 5123/5123
f 5610/5610 5580/5580 5441/5441
f 5605/5605 5604/5604 5606/5606
f 5611/5611 5605/5605 5606/5606
f 5391/5391 5573/5573 5575/5575
f 5206/5206 5198/5198 5190/5190
f 5612/5612 5206/5206 5190/5190
f 5391/5391 5524/5524 5504/5504
f 5524/5524 5391/5391 5575/5575
f 5190/5190 5605/5605 5613/5613
f 5584/5584 5578/5578 5519/5519
f 5579/5579 5614/5614 5575/5575
f 5615/5615 5580/5580 5610/5610
f 5190/5190 5613/5613 5612/5612
f 5518/5518 5616/5616 5519/5519
f 5617/5617 5610/5610 5441/5441
f 5518/5518 5618/5618 5616/5616
f 5519/5519 5616/5616 5584/5584
f 5614/5614 5524/5524 5575/5575
f 5615/5615 5610/5610 5617/5617
f 5619/5619 5524/5524 5614/5614
f 5616/5616 5618/5618 5584/5584
f 5580/5580 5615/5615 5607/5607
f 5607/5607 5615/5615 5609/5609
f 5615/5615 5620/5620 5609/5609
f 5613/5613 5605/5605 5611/5611
f 5512/5512 5524/5524 5621/5621
f 5622/5622 5584/5584 5618/5618
f 5167/5167 5187/5187 5490/5490
f 5597/5597 5568/5568 5571/5571
f 5623/5623 5498/5498 5490/5490
f 5187/5187 5623/5623 5490/5490
f 5606/5606 5547/5547 5594/5594
f 5597/5597 5571/5571 5609/5609
f 5493/5493 5624/5624 5529/5529
f 5498/5498 5624/5624 5493/5493
f 5602/5602 5606/5606 5594/5594
f 5531/5531 5529/5529 5624/5624
f 5624/5624 5498/5498 5623/5623
f 5625/5625 5606/5606 5602/5602
f 5611/5611 5606/5606 5625/5625
f 5597/5597 5609/5609 5626/5626
f 5184/5184 5489/5489 5530/5530
f 5624/5624 5623/5623 5187/5187
f 5191/5191 5624/5624 5187/5187
f 5191/5191 5627/5627 5624/5624
f 5593/5593 5602/5602 5594/5594
f 5624/5624 5627/5627 5531/5531
f 5184/5184 5530/5530 5212/5212
f 5212/5212 5530/5530 5628/5628
f 5215/5215 5627/5627 5191/5191
f 5597/5597 5629/5629 5599/5599
f 5526/5526 5523/5523 5514/5514
f 5526/5526 5514/5514 5531/5531
f 5527/5527 5525/5525 5621/5621
f 5629/5629 5597/5597 5626/5626
f 5620/5620 5626/5626 5609/5609
f 5628/5628 5527/5527 5621/5621
f 5630/5630 5626/5626 5620/5620
f 5526/5526 5531/5531 5631/5631
f 5612/5612 5632/5632 5206/5206
f 5446/5446 5206/5206 5632/5632
f 5631/5631 5531/5531 5633/5633
f 5628/5628 5530/5530 5527/5527
f 5632/5632 5612/5612 5634/5634
f 5635/5635 5632/5632 5634/5634
f 5212/5212 5628/5628 5220/5220
f 5636/5636 5615/5615 5617/5617
f 5612/5612 5613/5613 5634/5634
f 5637/5637 5620/5620 5615/5615
f 5638/5638 5639/5639 5613/5613
f 5639/5639 5634/5634 5613/5613
f 5633/5633 5640/5640 5631/5631
f 5641/5641 5634/5634 5642/5642
f 5642/5642 5634/5634 5639/5639
f 5633/5633 5531/5531 5627/5627
f 5643/5643 5615/5615 5636/5636
f 5644/5644 5220/5220 5628/5628
f 5644/5644 5221/5221 5220/5220
f 5215/5215 5226/5226 5627/5627
f 5642/5642 5639/5639 5638/5638
f 5645/5645 5642/5642 5638/5638
f 5646/5646 5645/5645 5647/5647
f 5648/5648 5613/5613 5611/5611
f 5648/5648 5611/5611 5625/5625
f 5627/5627 5226/5226 5633/5633
f 5648/5648 5625/5625 5649/5649
f 5650/5650 5648/5648 5649/5649
f 5602/5602 5601/5601 5649/5649
f 5633/5633 5226/5226 5651/5651
f 5601/5601 5652/5652 5649/5649
f 5649/5649 5625/5625 5602/5602
f 5629/5629 5626/5626 5630/5630
f 5585/5585 5584/5584 5622/5622
f 5630/5630 5653/5653 5629/5629
f 5654/5654 5649/5649 5652/5652
f 5603/5603 4937/4937 5136/5136
f 5608/5608 4940/4940 5508/5508
f 5637/5637 5630/5630 5620/5620
f 5638/5638 5613/5613 5648/5648
f 5608/5608 5113/5113 4940/4940
f 5630/5630 5637/5637 5653/5653
f 5638/5638 5648/5648 5650/5650
f 5643/5643 5637/5637 5615/5615
f 4937/4937 5603/5603 5511/5511
f 5511/5511 5603/5603 5655/5655
f 5521/5521 5608/5608 5508/5508
f 5637/5637 5656/5656 5653/5653
f 5650/5650 5649/5649 5654/5654
f 5657/5657 5650/5650 5654/5654
f 5658/5658 5650/5650 5657/5657
f 5655/5655 5603/5603 5582/5582
f 5587/5587 5655/5655 5582/5582
f 5598/5598 5659/5659 5583/5583
f 5660/5660 5655/5655 5587/5587
f 5660/5660 5587/5587 5661/5661
f 5637/5637 5643/5643 5662/5662
f 5637/5637 5662/5662 5663/5663
f 5664/5664 5647/5647 5650/5650
f 5647/5647 5645/5645 5638/5638
f 5638/5638 5650/5650 5647/5647
f 5665/5665 5583/5583 5659/5659
f 5665/5665 5659/5659 5666/5666
f 5667/5667 5661/5661 5587/5587
f 5585/5585 5668/5668 5587/5587
f 5667/5667 5587/5587 5668/5668
f 5669/5669 5653/5653 5656/5656
f 5658/5658 5664/5664 5650/5650
f 5670/5670 5664/5664 5658/5658
f 5656/5656 5637/5637 5663/5663
f 5659/5659 5598/5598 5608/5608
f 5521/5521 5659/5659 5608/5608
f 5521/5521 5666/5666 5659/5659
f 5528/5528 5666/5666 5521/5521
f 4337/4337 5671/5671 5590/5590
f 5588/5588 4311/4311 4337/4337
f 5590/5590 5588/5588 4337/4337
f 4339/4339 5586/5586 5672/5672
f 5561/5561 5672/5672 5586/5586
f 5655/5655 5660/5660 5511/5511
f 5511/5511 5660/5660 5517/5517
f 5517/5517 5660/5660 5548/5548
f 5548/5548 5660/5660 5673/5673
f 5667/5667 5660/5660 5661/5661
f 5599/5599 5561/5561 5591/5591
f 5667/5667 5673/5673 5660/5660
f 5672/5672 5561/5561 5599/5599
f 5600/5600 5595/5595 5562/5562
f 5665/5665 5666/5666 5553/5553
f 5600/5600 5562/5562 5590/5590
f 5600/5600 5590/5590 5671/5671
f 5553/5553 5666/5666 5528/5528
f 5674/5674 5673/5673 5667/5667
f 4335/4335 5675/5675 4337/4337
f 5671/5671 4337/4337 5675/5675
f 5558/5558 5673/5673 5674/5674
f 5558/5558 5548/5548 5673/5673
f 5548/5548 5558/5558 5549/5549
f 5676/5676 5671/5671 5675/5675
f 5677/5677 5518/5518 5526/5526
f 5618/5618 5518/5518 5677/5677
f 5678/5678 5524/5524 5619/5619
f 5621/5621 5524/5524 5678/5678
f 5679/5679 5671/5671 5676/5676
f 5601/5601 5600/5600 5679/5679
f 5680/5680 5618/5618 5677/5677
f 5679/5679 5600/5600 5671/5671
f 5681/5681 5672/5672 5599/5599
f 5681/5681 5599/5599 5682/5682
f 5677/5677 5640/5640 5680/5680
f 5683/5683 5619/5619 5614/5614
f 5622/5622 5618/5618 5684/5684
f 5683/5683 5614/5614 5579/5579
f 5668/5668 5622/5622 5684/5684
f 5681/5681 5685/5685 5672/5672
f 5668/5668 5585/5585 5622/5622
f 5686/5686 5668/5668 5684/5684
f 4332/4332 4339/4339 5685/5685
f 4348/4348 5675/5675 4335/4335
f 5672/5672 5685/5685 4339/4339
f 5619/5619 5683/5683 5678/5678
f 4345/4345 4348/4348 4335/4335
f 5684/5684 5618/5618 5680/5680
f 5687/5687 4332/4332 5685/5685
f 5688/5688 5678/5678 5683/5683
f 5640/5640 5689/5689 5680/5680
f 5687/5687 4353/4353 4332/4332
f 5690/5690 5686/5686 5684/5684
f 5629/5629 5682/5682 5599/5599
f 5689/5689 5690/5690 5680/5680
f 5682/5682 5629/5629 5653/5653
f 5680/5680 5690/5690 5684/5684
f 5679/5679 5691/5691 5601/5601
f 5692/5692 5678/5678 5688/5688
f 5693/5693 5690/5690 5689/5689
f 4271/4271 5690/5690 5693/5693
f 5621/5621 5525/5525 5512/5512
f 5631/5631 5677/5677 5526/5526
f 5640/5640 5677/5677 5631/5631
f 5644/5644 5628/5628 5621/5621
f 5644/5644 5621/5621 5692/5692
f 5682/5682 5694/5694 5681/5681
f 5679/5679 5676/5676 5691/5691
f 5692/5692 5621/5621 5678/5678
f 5695/5695 5691/5691 5676/5676
f 5693/5693 5689/5689 5640/5640
f 5695/5695 5676/5676 5696/5696
f 5651/5651 5640/5640 5633/5633
f 5693/5693 5640/5640 5651/5651
f 5697/5697 5644/5644 5692/5692
f 5676/5676 5675/5675 4348/4348
f 4349/4349 5698/5698 4348/4348
f 5231/5231 5221/5221 5644/5644
f 5231/5231 5644/5644 5697/5697
f 4353/4353 5687/5687 5699/5699
f 4353/4353 5699/5699 4365/4365
f 5694/5694 5685/5685 5681/5681
f 5687/5687 5685/5685 5694/5694
f 5683/5683 5579/5579 5583/5583
f 5676/5676 4348/4348 5696/5696
f 5665/5665 5683/5683 5583/5583
f 5699/5699 5687/5687 5694/5694
f 4348/4348 5698/5698 5696/5696
f 5688/5688 5683/5683 5665/5665
f 5686/5686 5667/5667 5668/5668
f 4349/4349 4363/4363 5698/5698
f 4487/4487 4365/4365 5699/5699
f 5700/5700 5699/5699 5694/5694
f 5701/5701 5688/5688 5665/5665
f 5702/5702 5703/5703 5698/5698
f 5667/5667 5686/5686 5674/5674
f 5700/5700 4487/4487 5699/5699
f 5704/5704 5674/5674 5686/5686
f 5704/5704 5705/5705 5674/5674
f 5703/5703 5696/5696 5698/5698
f 5704/5704 5686/5686 5705/5705
f 5690/5690 5706/5706 5686/5686
f 5692/5692 5688/5688 5707/5707
f 4282/4282 5692/5692 5707/5707
f 5701/5701 5707/5707 5688/5688
f 5701/5701 5665/5665 5553/5553
f 5694/5694 5708/5708 5709/5709
f 5700/5700 5694/5694 5709/5709
f 5710/5710 5651/5651 5291/5291
f 5291/5291 5651/5651 5226/5226
f 5601/5601 5654/5654 5652/5652
f 5691/5691 5654/5654 5601/5601
f 5669/5669 5682/5682 5653/5653
f 5291/5291 5328/5328 5710/5710
f 4281/4281 5231/5231 5697/5697
f 5657/5657 5654/5654 5691/5691
f 5693/5693 5651/5651 5710/5710
f 5711/5711 5691/5691 5695/5695
f 5692/5692 4281/4281 5697/5697
f 5691/5691 5711/5711 5657/5657
f 4271/4271 5693/5693 5710/5710
f 4269/4269 4271/4271 5710/5710
f 5708/5708 5682/5682 5669/5669
f 5694/5694 5682/5682 5708/5708
f 5322/5322 5231/5231 4281/4281
f 4300/4300 5322/5322 4281/4281
f 5708/5708 5669/5669 5712/5712
f 5669/5669 5656/5656 5713/5713
f 5291/5291 5305/5305 5328/5328
f 5491/5491 5617/5617 5441/5441
f 5714/5714 5710/5710 5328/5328
f 4301/4301 5322/5322 4300/4300
f 5714/5714 4269/4269 5710/5710
f 5635/5635 5446/5446 5632/5632
f 5617/5617 5491/5491 5496/5496
f 5494/5494 5446/5446 5635/5635
f 5634/5634 5641/5641 5635/5635
f 5715/5715 5636/5636 5617/5617
f 5714/5714 5328/5328 4292/4292
f 5714/5714 4283/4283 4269/4269
f 5714/5714 4292/4292 4283/4283
f 4302/4302 4301/4301 4300/4300
f 5499/5499 5494/5494 5635/5635
f 5715/5715 5617/5617 5496/5496
f 5706/5706 5690/5690 4271/4271
f 5641/5641 5499/5499 5635/5635
f 5716/5716 5641/5641 5642/5642
f 5706/5706 5705/5705 5686/5686
f 5716/5716 5499/5499 5641/5641
f 4277/4277 5705/5705 5706/5706
f 4304/4304 4282/4282 5707/5707
f 4277/4277 5717/5717 5705/5705
f 5643/5643 5636/5636 5715/5715
f 4277/4277 5706/5706 4271/4271
f 5716/5716 5642/5642 5645/5645
f 5718/5718 5674/5674 5705/5705
f 5558/5558 5674/5674 5718/5718
f 5662/5662 5643/5643 5715/5715
f 5589/5589 5558/5558 5718/5718
f 5700/5700 5719/5719 4487/4487
f 4304/4304 5553/5553 5561/5561
f 5557/5557 5558/5558 5589/5589
f 4304/4304 5701/5701 5553/5553
f 5707/5707 5701/5701 4304/4304
f 5718/5718 5705/5705 5717/5717
f 5717/5717 5589/5589 5718/5718
f 5717/5717 4277/4277 4306/4306
f 4289/4289 4304/4304 5586/5586
f 4306/4306 5589/5589 5717/5717
f 4306/4306 4311/4311 5589/5589
f 4289/4289 5586/5586 4339/4339
f 4281/4281 5692/5692 4282/4282
f 4815/4815 4820/4820 4773/4773
f 4831/4831 4820/4820 4815/4815
f 4815/4815 4856/4856 4831/4831
f 3083/3083 4886/4886 2951/2951
f 4886/4886 3083/3083 4875/4875
f 5720/5720 3084/3084 3086/3086
f 4888/4888 4886/4886 4875/4875
f 3086/3086 5721/5721 5720/5720
f 3086/3086 4907/4907 5721/5721
f 5722/5722 5723/5723 5721/5721
f 5721/5721 4907/4907 4951/4951
f 5722/5722 5721/5721 4951/4951
f 4941/4941 4888/4888 4875/4875
f 5722/5722 5724/5724 5723/5723
f 4951/4951 5724/5724 5722/5722
f 5725/5725 5724/5724 5107/5107
f 5058/5058 5724/5724 4951/4951
f 5058/5058 5107/5107 5724/5724
f 5725/5725 5107/5107 5726/5726
f 5058/5058 5072/5072 5107/5107
f 5106/5106 5726/5726 5107/5107
f 5726/5726 5106/5106 5727/5727
f 5117/5117 5728/5728 5106/5106
f 5729/5729 5727/5727 5106/5106
f 5106/5106 5728/5728 5729/5729
f 3084/3084 5730/5730 3085/3085
f 3085/3085 5730/5730 2978/2978
f 3084/3084 5720/5720 5730/5730
f 5730/5730 5133/5133 2978/2978
f 5730/5730 5720/5720 5721/5721
f 5133/5133 5730/5730 5731/5731
f 5730/5730 5721/5721 5731/5731
f 5141/5141 5133/5133 5731/5731
f 5732/5732 5731/5731 5721/5721
f 5731/5731 5732/5732 5141/5141
f 5721/5721 5723/5723 5732/5732
f 5141/5141 5732/5732 5149/5149
f 5723/5723 5149/5149 5732/5732
f 5725/5725 5149/5149 5723/5723
f 5724/5724 5725/5725 5723/5723
f 5149/5149 5733/5733 5150/5150
f 5733/5733 5149/5149 5725/5725
f 5726/5726 5733/5733 5725/5725
f 5163/5163 5733/5733 5726/5726
f 5163/5163 5150/5150 5733/5733
f 5726/5726 5727/5727 5163/5163
f 5114/5114 5163/5163 5727/5727
f 5114/5114 5727/5727 5126/5126
f 5126/5126 5727/5727 5127/5127
f 5085/5085 5422/5422 5030/5030
f 5127/5127 5729/5729 5462/5462
f 5728/5728 5117/5117 5460/5460
f 5464/5464 5462/5462 5729/5729
f 5460/5460 5468/5468 5728/5728
f 5481/5481 5729/5729 5728/5728
f 5481/5481 5464/5464 5729/5729
f 5728/5728 5468/5468 5481/5481
f 5467/5467 5478/5478 5468/5468
f 5478/5478 5480/5480 5468/5468
f 5480/5480 5464/5464 5481/5481
f 5483/5483 5464/5464 5480/5480
f 5734/5734 5478/5478 5479/5479
f 5480/5480 5478/5478 5734/5734
f 5729/5729 5127/5127 5727/5727
f 5735/5735 5736/5736 5737/5737
f 5738/5738 227/227 5739/5739
f 5740/5740 5741/5741 5742/5742
f 5740/5740 5742/5742 5743/5743
f 5744/5744 5745/5745 5746/5746
f 5747/5747 5748/5748 5749/5749
f 5750/5750 5739/5739 5751/5751
f 5739/5739 5750/5750 5738/5738
f 5744/5744 5752/5752 5753/5753
f 5746/5746 5752/5752 5744/5744
f 5754/5754 5755/5755 5756/5756
f 5750/5750 5751/5751 5757/5757
f 5758/5758 5759/5759 5737/5737
f 5760/5760 5746/5746 5761/5761
f 5743/5743 5762/5762 5763/5763
f 5743/5743 5742/5742 5762/5762
f 5764/5764 5765/5765 5747/5747
f 5766/5766 5767/5767 5768/5768
f 5769/5769 5768/5768 5770/5770
f 5771/5771 5768/5768 5769/5769
f 5772/5772 5750/5750 5757/5757
f 5763/5763 5773/5773 5743/5743
f 5766/5766 5774/5774 5775/5775
f 5776/5776 5777/5777 5778/5778
f 5779/5779 5775/5775 5771/5771
f 5768/5768 5774/5774 5766/5766
f 5780/5780 5781/5781 5776/5776
f 5782/5782 5776/5776 5781/5781
f 5778/5778 5780/5780 5776/5776
f 5783/5783 5784/5784 5785/5785
f 5768/5768 5771/5771 5774/5774
f 5786/5786 5787/5787 5788/5788
f 5789/5789 5790/5790 5749/5749
f 5791/5791 5763/5763 5762/5762
f 5788/5788 5750/5750 5772/5772
f 5792/5792 5793/5793 5794/5794
f 5795/5795 5791/5791 5796/5796
f 5793/5793 5797/5797 5794/5794
f 5795/5795 5763/5763 5791/5791
f 5795/5795 5773/5773 5763/5763
f 5771/5771 5775/5775 5774/5774
f 5798/5798 5799/5799 5800/5800
f 5801/5801 5799/5799 5798/5798
f 5802/5802 5803/5803 5804/5804
f 5802/5802 5804/5804 5759/5759
f 5794/5794 5805/5805 5806/5806
f 5800/5800 5807/5807 5789/5789
f 5808/5808 5809/5809 5810/5810
f 5769/5769 5770/5770 5779/5779
f 5799/5799 5807/5807 5800/5800
f 5811/5811 5812/5812 5795/5795
f 5813/5813 5812/5812 5811/5811
f 5809/5809 5814/5814 5810/5810
f 5815/5815 5811/5811 5816/5816
f 5801/5801 5817/5817 5818/5818
f 5765/5765 5764/5764 5819/5819
f 5820/5820 5770/5770 5821/5821
f 5788/5788 5787/5787 5750/5750
f 5781/5781 5780/5780 5819/5819
f 5781/5781 5819/5819 5764/5764
f 5822/5822 5810/5810 5814/5814
f 5812/5812 5813/5813 5823/5823
f 5818/5818 5784/5784 5783/5783
f 5770/5770 5824/5824 5821/5821
f 5825/5825 5826/5826 5827/5827
f 5811/5811 5815/5815 5813/5813
f 5828/5828 5829/5829 5830/5830
f 5817/5817 5801/5801 5798/5798
f 5795/5795 5831/5831 5773/5773
f 5832/5832 5773/5773 5831/5831
f 5833/5833 5802/5802 5759/5759
f 5834/5834 5835/5835 5836/5836
f 5749/5749 5790/5790 5747/5747
f 5837/5837 5838/5838 5839/5839
f 5831/5831 5795/5795 5812/5812
f 5827/5827 5826/5826 5840/5840
f 5793/5793 5792/5792 5841/5841
f 5743/5743 5773/5773 5832/5832
f 5758/5758 5833/5833 5759/5759
f 5842/5842 5801/5801 5843/5843
f 5844/5844 5779/5779 5770/5770
f 5845/5845 5846/5846 5847/5847
f 5812/5812 5823/5823 5831/5831
f 5848/5848 5845/5845 5847/5847
f 5823/5823 5813/5813 5815/5815
f 5764/5764 5782/5782 5781/5781
f 5770/5770 5820/5820 5844/5844
f 5849/5849 5850/5850 5788/5788
f 5806/5806 5851/5851 5792/5792
f 5801/5801 5818/5818 5843/5843
f 5783/5783 5843/5843 5818/5818
f 5852/5852 5831/5831 5823/5823
f 5847/5847 5846/5846 5810/5810
f 5822/5822 5847/5847 5810/5810
f 5850/5850 5786/5786 5788/5788
f 5779/5779 5771/5771 5769/5769
f 5807/5807 5853/5853 5854/5854
f 5794/5794 5806/5806 5792/5792
f 5799/5799 5855/5855 5807/5807
f 5842/5842 5799/5799 5801/5801
f 5856/5856 5847/5847 5822/5822
f 5768/5768 5767/5767 5857/5857
f 5858/5858 5786/5786 5850/5850
f 5855/5855 5799/5799 5842/5842
f 5850/5850 5849/5849 5775/5775
f 5859/5859 5850/5850 5775/5775
f 5740/5740 5860/5860 5741/5741
f 5847/5847 5861/5861 5848/5848
f 5737/5737 5736/5736 5862/5862
f 5863/5863 5864/5864 5740/5740
f 5859/5859 5844/5844 5865/5865
f 5866/5866 5867/5867 5797/5797
f 5740/5740 5864/5864 5860/5860
f 5850/5850 5859/5859 5865/5865
f 5850/5850 5865/5865 5858/5858
f 5868/5868 5835/5835 5869/5869
f 5861/5861 5870/5870 5848/5848
f 5857/5857 5770/5770 5768/5768
f 5868/5868 5869/5869 5871/5871
f 5872/5872 5870/5870 5861/5861
f 5871/5871 5869/5869 5873/5873
f 5874/5874 5875/5875 5876/5876
f 5758/5758 5737/5737 5862/5862
f 5814/5814 5856/5856 5822/5822
f 5866/5866 5793/5793 5877/5877
f 5793/5793 5866/5866 5797/5797
f 5866/5866 5878/5878 5867/5867
f 5877/5877 5878/5878 5866/5866
f 5879/5879 5880/5880 5786/5786
f 5875/5875 5881/5881 5876/5876
f 5881/5881 5875/5875 5882/5882
f 5863/5863 5740/5740 5743/5743
f 5863/5863 5743/5743 5832/5832
f 5876/5876 5883/5883 5884/5884
f 5876/5876 5884/5884 5874/5874
f 5849/5849 5772/5772 5775/5775
f 5847/5847 5856/5856 5861/5861
f 5885/5885 5845/5845 5886/5886
f 5862/5862 5736/5736 5777/5777
f 5786/5786 5858/5858 5865/5865
f 5805/5805 5886/5886 5845/5845
f 5849/5849 5788/5788 5772/5772
f 5887/5887 5860/5860 5864/5864
f 5873/5873 5869/5869 5819/5819
f 5888/5888 5873/5873 5819/5819
f 5861/5861 5856/5856 5889/5889
f 5890/5890 5874/5874 5884/5884
f 5785/5785 5891/5891 5887/5887
f 5892/5892 5893/5893 5839/5839
f 5893/5893 5894/5894 5839/5839
f 5864/5864 5895/5895 5887/5887
f 5893/5893 5892/5892 5896/5896
f 5869/5869 5765/5765 5819/5819
f 5896/5896 5892/5892 5897/5897
f 5897/5897 5898/5898 5896/5896
f 5859/5859 5775/5775 5779/5779
f 5899/5899 5896/5896 5898/5898
f 5818/5818 5874/5874 5890/5890
f 5884/5884 5900/5900 5890/5890
f 5806/5806 5805/5805 5901/5901
f 5895/5895 5863/5863 5902/5902
f 5897/5897 5892/5892 5903/5903
f 5904/5904 5897/5897 5903/5903
f 5844/5844 5859/5859 5779/5779
f 5864/5864 5863/5863 5895/5895
f 5870/5870 5851/5851 5901/5901
f 5904/5904 5903/5903 5828/5828
f 5828/5828 5830/5830 5904/5904
f 5851/5851 5806/5806 5901/5901
f 5905/5905 5890/5890 5906/5906
f 5907/5907 5821/5821 5827/5827
f 5821/5821 5907/5907 5820/5820
f 5830/5830 5908/5908 5904/5904
f 5780/5780 5778/5778 5888/5888
f 5780/5780 5888/5888 5819/5819
f 5841/5841 5908/5908 5909/5909
f 5910/5910 5911/5911 5912/5912
f 5890/5890 5905/5905 5818/5818
f 5913/5913 5910/5910 5912/5912
f 5914/5914 5904/5904 5908/5908
f 5841/5841 5914/5914 5908/5908
f 5841/5841 5851/5851 5914/5914
f 5818/5818 5905/5905 5784/5784
f 5892/5892 5839/5839 5838/5838
f 5792/5792 5851/5851 5841/5841
f 5837/5837 5839/5839 5894/5894
f 5831/5831 5915/5915 5832/5832
f 5911/5911 5758/5758 5862/5862
f 5916/5916 5917/5917 5918/5918
f 5874/5874 5818/5818 5817/5817
f 5916/5916 5907/5907 5837/5837
f 5747/5747 5919/5919 5920/5920
f 5921/5921 5919/5919 5854/5854
f 5862/5862 5922/5922 5911/5911
f 5907/5907 5844/5844 5820/5820
f 5916/5916 5918/5918 5907/5907
f 5923/5923 5920/5920 5919/5919
f 5918/5918 5844/5844 5907/5907
f 5924/5924 5919/5919 5921/5921
f 5923/5923 5919/5919 5924/5924
f 5911/5911 5833/5833 5758/5758
f 5923/5923 5925/5925 5920/5920
f 5914/5914 5898/5898 5904/5904
f 5898/5898 5914/5914 5926/5926
f 5926/5926 5851/5851 5870/5870
f 5926/5926 5914/5914 5851/5851
f 5823/5823 5927/5927 5852/5852
f 5852/5852 5915/5915 5831/5831
f 5928/5928 5887/5887 5895/5895
f 5785/5785 5887/5887 5928/5928
f 5898/5898 5897/5897 5904/5904
f 5863/5863 5832/5832 5902/5902
f 5915/5915 5902/5902 5832/5832
f 5915/5915 5929/5929 5902/5902
f 5930/5930 1131/1131 1133/1133
f 5931/5931 5930/5930 1133/1133
f 5922/5922 5912/5912 5911/5911
f 5899/5899 5898/5898 5926/5926
f 5929/5929 5915/5915 5852/5852
f 5932/5932 5933/5933 5934/5934
f 5934/5934 5935/5935 5936/5936
f 5937/5937 5895/5895 5902/5902
f 5913/5913 5912/5912 5922/5922
f 5938/5938 5894/5894 5893/5893
f 5939/5939 5934/5934 5936/5936
f 5940/5940 5922/5922 5941/5941
f 5922/5922 5862/5862 5777/5777
f 5928/5928 5895/5895 5942/5942
f 5893/5893 5943/5943 5938/5938
f 5939/5939 5936/5936 5944/5944
f 5893/5893 5945/5945 5943/5943
f 5941/5941 5922/5922 5777/5777
f 5946/5946 5947/5947 5948/5948
f 5942/5942 5895/5895 5937/5937
f 5776/5776 5941/5941 5777/5777
f 5949/5949 5943/5943 5945/5945
f 5950/5950 5929/5929 5852/5852
f 5951/5951 5949/5949 5945/5945
f 5941/5941 5782/5782 5952/5952
f 5920/5920 5764/5764 5747/5747
f 5936/5936 5953/5953 5931/5931
f 5920/5920 5954/5954 5764/5764
f 5896/5896 5945/5945 5893/5893
f 5930/5930 5931/5931 5955/5955
f 5950/5950 5852/5852 5956/5956
f 5954/5954 5782/5782 5764/5764
f 5957/5957 5917/5917 5938/5938
f 5956/5956 5958/5958 5950/5950
f 5935/5935 5953/5953 5936/5936
f 5959/5959 5960/5960 5961/5961
f 5931/5931 5953/5953 5955/5955
f 5951/5951 5945/5945 5896/5896
f 5741/5741 5962/5962 5960/5960
f 5951/5951 5896/5896 5899/5899
f 5963/5963 5966/5966 5967/5967
f 5954/5954 5952/5952 5782/5782
f 5968/5968 5969/5969 5970/5970
f 5964/5964 5946/5946 5965/5965
f 5899/5899 5971/5971 5951/5951
f 5843/5843 5783/5783 5968/5968
f 5944/5944 5936/5936 5931/5931
f 5899/5899 5972/5972 5971/5971
f 5973/5973 394/394 395/395
f 394/394 5973/5973 1268/1268
f 5785/5785 5928/5928 5783/5783
f 5968/5968 5783/5783 5928/5928
f 5931/5931 1133/1133 5944/5944
f 5974/5974 1263/1263 5975/5975
f 5941/5941 5776/5776 5782/5782
f 1264/1264 386/386 384/384
f 5976/5976 386/386 1264/1264
f 5968/5968 5928/5928 5969/5969
f 5836/5836 5943/5943 5949/5949
f 5977/5977 5836/5836 5949/5949
f 5977/5977 5978/5978 5836/5836
f 5977/5977 5977/5977 5949/5949
f 5948/5948 1525/1525 5979/5979
f 5978/5978 5977/5977 5949/5949
f 5978/5978 5951/5951 5836/5836
f 5951/5951 5978/5978 5949/5949
f 5835/5835 5943/5943 5836/5836
f 5968/5968 5970/5970 5843/5843
f 5979/5979 5946/5946 5948/5948
f 5938/5938 5835/5835 5957/5957
f 1264/1264 1263/1263 5976/5976
f 1263/1263 5974/5974 5976/5976
f 5965/5965 5946/5946 5979/5979
f 5941/5941 5952/5952 5940/5940
f 5980/5980 5939/5939 5981/5981
f 5981/5981 5939/5939 1203/1203
f 5868/5868 5957/5957 5835/5835
f 5970/5970 5969/5969 5982/5982
f 5957/5957 5868/5868 5983/5983
f 5871/5871 5983/5983 5868/5868
f 5984/5984 5940/5940 5952/5952
f 5985/5985 5984/5984 5952/5952
f 1203/1203 5939/5939 1138/1138
f 5982/5982 5969/5969 5986/5986
f 5876/5876 5972/5972 5987/5987
f 5975/5975 1263/1263 1277/1277
f 5916/5916 5894/5894 5917/5917
f 5928/5928 5942/5942 5969/5969
f 1138/1138 1133/1133 1134/1134
f 5942/5942 5986/5986 5969/5969
f 5988/5988 5989/5989 5990/5990
f 5944/5944 1133/1133 1138/1138
f 5918/5918 5991/5991 5865/5865
f 5918/5918 5865/5865 5844/5844
f 1525/1525 5992/5992 5993/5993
f 5994/5994 5973/5973 395/395
f 5995/5995 5974/5974 5996/5996
f 5902/5902 5929/5929 5950/5950
f 5870/5870 5872/5872 5990/5990
f 5913/5913 5922/5922 5940/5940
f 5986/5986 5937/5937 5902/5902
f 5991/5991 5918/5918 5917/5917
f 5992/5992 5997/5997 1509/1509
f 5995/5995 5976/5976 5974/5974
f 5992/5992 1509/1509 5993/5993
f 5940/5940 5998/5998 5913/5913
f 5926/5926 5870/5870 5990/5990
f 5902/5902 5950/5950 5986/5986
f 5999/5999 5974/5974 5975/5975
f 5975/5975 6000/6000 5999/5999
f 5879/5879 5786/5786 5865/5865
f 5973/5973 6001/6001 1268/1268
f 6002/6002 6001/6001 5973/5973
f 1138/1138 5939/5939 5944/5944
f 5994/5994 6002/6002 5973/5973
f 5879/5879 5865/5865 5991/5991
f 6003/6003 5999/5999 6000/6000
f 6000/6000 6004/6004 6003/6003
f 5947/5947 6005/6005 5992/5992
f 5947/5947 5992/5992 5948/5948
f 5998/5998 6006/6006 5913/5913
f 6007/6007 5950/5950 5958/5958
f 1318/1318 6008/6008 1320/1320
f 5988/5988 5889/5889 5987/5987
f 5934/5934 5939/5939 5980/5980
f 5986/5986 5942/5942 5937/5937
f 6008/6008 1318/1318 6001/6001
f 6005/6005 6009/6009 5992/5992
f 5861/5861 5988/5988 5872/5872
f 5984/5984 5998/5998 5940/5940
f 5988/5988 5861/5861 5889/5889
f 5872/5872 5988/5988 5990/5990
f 5997/5997 5992/5992 6009/6009
f 5926/5926 5989/5989 5899/5899
f 6010/6010 5975/5975 1277/1277
f 6010/6010 1277/1277 1299/1299
f 5984/5984 5985/5985 6011/6011
f 1318/1318 1251/1251 1268/1268
f 5982/5982 5986/5986 6007/6007
f 6007/6007 6012/6012 5982/5982
f 1299/1299 1319/1319 6010/6010
f 1525/1525 5948/5948 5992/5992
f 1316/1316 6010/6010 1319/1319
f 5986/5986 5950/5950 6007/6007
f 5972/5972 5899/5899 5989/5989
f 5975/5975 6010/6010 6013/6013
f 6000/6000 5975/5975 6013/6013
f 6014/6014 6006/6006 5998/5998
f 5990/5990 5989/5989 5926/5926
f 6001/6001 1318/1318 1268/1268
f 6014/6014 5998/5998 5984/5984
f 6011/6011 6014/6014 5984/5984
f 6007/6007 6015/6015 6012/6012
f 5879/5879 5991/5991 5983/5983
f 5991/5991 5917/5917 5957/5957
f 5983/5983 5991/5991 5957/5957
f 5930/5930 547/547 1131/1131
f 5972/5972 5988/5988 5987/5987
f 6016/6016 6015/6015 6007/6007
f 5972/5972 5989/5989 5988/5988
f 6010/6010 1316/1316 6017/6017
f 5853/5853 5921/5921 5854/5854
f 1317/1317 6017/6017 1316/1316
f 1317/1317 6018/6018 6017/6017
f 5853/5853 5807/5807 5855/5855
f 5951/5951 5834/5834 5836/5836
f 6019/6019 5834/5834 5951/5951
f 5834/5834 6019/6019 6020/6020
f 6021/6021 6010/6010 6022/6022
f 6022/6022 6010/6010 6017/6017
f 5934/5934 5933/5933 5935/5935
f 5853/5853 6023/6023 5921/5921
f 6022/6022 6017/6017 6024/6024
f 5882/5882 5951/5951 5971/5971
f 5842/5842 6025/6025 5855/5855
f 6002/6002 6008/6008 6001/6001
f 6021/6021 6000/6000 6013/6013
f 6023/6023 5924/5924 5921/5921
f 6019/6019 5951/5951 5882/5882
f 6026/6026 5924/5924 6023/6023
f 6013/6013 6010/6010 6021/6021
f 5924/5924 6027/6027 5923/5923
f 5971/5971 5881/5881 5882/5882
f 6029/6029 6030/6030 6031/6031
f 6026/6026 6023/6023 6032/6032
f 5881/5881 5971/5971 5972/5972
f 6021/6021 6033/6033 6000/6000
f 6034/6034 6029/6029 6031/6031
f 5881/5881 5972/5972 5876/5876
f 6035/6035 6036/6036 6037/6037
f 5920/5920 5925/5925 6038/6038
f 6034/6034 6031/6031 5947/5947
f 6032/6032 6023/6023 5853/5853
f 5855/5855 6032/6032 5853/5853
f 6039/6039 6032/6032 5855/5855
f 6040/6040 6036/6036 6035/6035
f 5946/5946 6034/6034 5947/5947
f 6030/6030 6035/6035 6041/6041
f 5855/5855 6025/6025 6039/6039
f 5803/5803 6042/6042 6043/6043
f 6044/6044 6040/6040 6035/6035
f 6030/6030 6044/6044 6035/6035
f 6046/6046 6042/6042 5803/5803
f 6039/6039 6025/6025 6047/6047
f 5932/5932 6048/6048 6049/6049
f 5843/5843 5970/5970 5842/5842
f 6050/6050 6037/6037 6049/6049
f 6049/6049 6037/6037 5932/5932
f 6025/6025 5842/5842 5970/5970
f 6029/6029 6034/6034 5964/5964
f 6041/6041 6035/6035 6050/6050
f 5996/5996 6003/6003 6051/6051
f 5964/5964 6034/6034 5946/5946
f 6050/6050 6049/6049 6052/6052
f 6041/6041 6050/6050 6052/6052
f 6035/6035 6037/6037 6050/6050
f 5920/5920 5952/5952 5954/5954
f 6003/6003 5974/5974 5999/5999
f 5996/5996 5974/5974 6003/6003
f 6053/6053 6025/6025 5970/5970
f 6053/6053 5970/5970 5982/5982
f 1203/1203 1138/1138 1136/1136
f 6052/6052 6049/6049 6054/6054
f 5952/5952 5920/5920 5985/5985
f 6003/6003 6055/6055 6056/6056
f 6051/6051 6003/6003 6056/6056
f 5920/5920 6038/6038 5985/5985
f 5934/5934 6048/6048 5932/5932
f 6041/6041 6052/6052 6057/6057
f 6009/6009 6058/6058 5997/5997
f 6055/6055 6003/6003 6004/6004
f 6058/6058 6009/6009 6059/6059
f 6043/6043 6002/6002 5994/5994
f 6026/6026 6027/6027 5924/5924
f 6060/6060 6054/6054 6061/6061
f 6062/6062 5923/5923 6027/6027
f 6004/6004 6000/6000 6033/6033
f 6061/6061 1512/1512 281/281
f 281/281 6063/6063 6061/6061
f 6063/6063 6060/6060 6061/6061
f 6058/6058 6064/6064 5997/5997
f 6042/6042 6002/6002 6043/6043
f 6065/6065 6027/6027 6026/6026
f 6048/6048 6054/6054 6049/6049
f 1202/1202 1222/1222 1203/1203
f 6004/6004 6033/6033 6066/6066
f 6061/6061 6054/6054 6048/6048
f 6038/6038 6067/6067 5985/5985
f 6068/6068 6069/6069 6064/6064
f 5811/5811 6051/6051 6056/6056
f 6061/6061 6048/6048 1512/1512
f 6068/6068 6058/6058 1230/1230
f 1512/1512 282/282 281/281
f 6058/6058 6068/6068 6064/6064
f 6053/6053 6047/6047 6025/6025
f 5811/5811 6056/6056 6055/6055
f 6062/6062 6070/6070 5925/5925
f 5815/5815 5816/5816 6055/6055
f 5816/5816 5811/5811 6055/6055
f 6052/6052 6054/6054 6060/6060
f 6071/6071 6055/6055 6004/6004
f 6038/6038 6070/6070 6067/6067
f 6070/6070 6038/6038 5925/5925
f 6069/6069 1232/1232 1506/1506
f 6064/6064 6069/6069 1506/1506
f 5997/5997 1506/1506 1509/1509
f 1506/1506 5997/5997 6064/6064
f 6047/6047 6053/6053 6072/6072
f 6060/6060 6057/6057 6052/6052
f 1232/1232 6069/6069 6068/6068
f 6062/6062 6027/6027 6065/6065
f 6004/6004 6066/6066 6073/6073
f 6074/6074 6057/6057 6060/6060
f 6071/6071 6004/6004 6073/6073
f 5947/5947 6057/6057 6074/6074
f 6074/6074 6005/6005 5947/5947
f 6075/6075 1230/1230 6058/6058
f 6008/6008 6002/6002 6076/6076
f 6077/6077 6060/6060 6063/6063
f 6078/6078 6062/6062 6065/6065
f 6042/6042 6076/6076 6002/6002
f 6068/6068 1230/1230 1232/1232
f 6078/6078 6079/6079 6062/6062
f 1231/1231 1230/1230 6075/6075
f 6075/6075 1235/1235 1231/1231
f 6080/6080 6008/6008 6076/6076
f 6074/6074 6060/6060 6077/6077
f 6077/6077 6005/6005 6074/6074
f 6022/6022 6081/6081 6082/6082
f 6067/6067 6083/6083 6011/6011
f 6084/6084 6081/6081 6022/6022
f 6085/6085 6086/6086 6008/6008
f 6087/6087 6088/6088 6089/6089
f 6070/6070 6062/6062 6079/6079
f 6085/6085 6008/6008 6080/6080
f 6070/6070 6079/6079 6067/6067
f 6031/6031 6041/6041 6057/6057
f 5738/5738 6090/6090 235/235
f 6091/6091 6082/6082 6081/6081
f 6092/6092 6067/6067 6079/6079
f 6030/6030 6041/6041 6031/6031
f 6092/6092 6083/6083 6067/6067
f 6081/6081 6084/6084 6093/6093
f 6094/6094 6012/6012 6015/6015
f 6072/6072 6012/6012 6094/6094
f 6095/6095 6026/6026 6032/6032
f 6057/6057 5947/5947 6031/6031
f 6095/6095 6032/6032 6039/6039
f 1492/1492 222/222 236/236
f 6096/6096 6076/6076 6042/6042
f 6097/6097 6095/6095 6039/6039
f 6026/6026 6098/6098 6065/6065
f 6026/6026 6095/6095 6098/6098
f 6063/6063 281/281 6099/6099
f 6100/6100 6073/6073 6066/6066
f 5738/5738 235/235 227/227
f 6066/6066 6101/6101 6100/6100
f 5755/5755 1492/1492 236/236
f 5738/5738 6102/6102 6090/6090
f 281/281 283/283 293/293
f 6066/6066 6082/6082 6091/6091
f 6099/6099 281/281 293/293
f 6080/6080 6076/6076 6096/6096
f 6097/6097 6039/6039 6047/6047
f 6091/6091 6101/6101 6066/6066
f 6097/6097 6047/6047 6103/6103
f 293/293 6104/6104 6099/6099
f 6091/6091 6081/6081 6093/6093
f 6078/6078 6065/6065 6105/6105
f 6097/6097 6106/6106 6095/6095
f 311/311 5980/5980 5981/5981
f 6098/6098 6095/6095 6106/6106
f 6090/6090 238/238 235/235
f 6099/6099 6059/6059 6077/6077
f 238/238 6090/6090 6107/6107
f 6106/6106 6108/6108 6098/6098
f 6103/6103 6109/6109 6097/6097
f 6097/6097 6109/6109 6106/6106
f 5981/5981 1203/1203 311/311
f 6066/6066 6033/6033 6021/6021
f 311/311 1203/1203 1222/1222
f 6072/6072 6103/6103 6047/6047
f 6059/6059 6099/6099 6104/6104
f 6110/6110 236/236 237/237
f 6082/6082 6021/6021 6022/6022
f 6066/6066 6021/6021 6082/6082
f 6110/6110 237/237 256/256
f 6104/6104 6058/6058 6059/6059
f 6063/6063 6099/6099 6077/6077
f 1320/1320 6008/6008 6086/6086
f 6087/6087 6090/6090 6102/6102
f 6005/6005 6077/6077 6059/6059
f 6009/6009 6005/6005 6059/6059
f 6111/6111 5982/5982 6012/6012
f 6112/6112 1409/1409 1410/1410
f 6067/6067 6011/6011 5985/5985
f 6104/6104 293/293 295/295
f 6053/6053 5982/5982 6111/6111
f 1410/1410 1320/1320 6086/6086
f 6111/6111 6072/6072 6053/6053
f 6104/6104 295/295 307/307
f 6113/6113 6114/6114 6024/6024
f 6115/6115 5755/5755 236/236
f 6114/6114 6113/6113 6116/6116
f 6115/6115 236/236 6110/6110
f 6075/6075 6058/6058 6104/6104
f 6104/6104 307/307 6075/6075
f 6114/6114 6084/6084 6024/6024
f 5750/5750 6102/6102 5738/5738
f 6012/6012 6072/6072 6111/6111
f 6115/6115 5756/5756 5755/5755
f 1410/1410 6086/6086 6112/6112
f 6075/6075 307/307 1235/1235
f 6117/6117 6118/6118 6119/6119
f 6086/6086 6120/6120 6112/6112
f 6078/6078 6118/6118 6121/6121
f 6122/6122 6078/6078 6121/6121
f 6123/6123 6124/6124 6126/6126
f 6117/6117 6121/6121 6118/6118
f 6127/6127 6110/6110 256/256
f 6128/6128 6129/6129 6130/6130
f 6131/6131 6130/6130 6129/6129
f 6132/6132 6116/6116 6133/6133
f 6126/6126 6134/6134 6135/6135
f 6018/6018 1317/1317 6024/6024
f 6024/6024 1317/1317 1407/1407
f 6128/6128 6137/6137 6129/6129
f 6089/6089 6090/6090 6087/6087
f 6139/6139 6122/6122 6121/6121
f 6140/6140 6122/6122 6139/6139
f 6141/6141 6143/6143 6144/6144
f 1407/1407 6113/6113 6024/6024
f 6128/6128 6141/6141 6137/6137
f 6108/6108 6117/6117 6119/6119
f 6110/6110 6127/6127 6145/6145
f 6024/6024 6017/6017 6018/6018
f 6141/6141 6128/6128 6143/6143
f 6108/6108 6146/6146 6117/6117
f 6147/6147 6121/6121 6117/6117
f 6145/6145 6115/6115 6110/6110
f 6113/6113 1407/1407 6148/6148
f 6147/6147 6117/6117 6146/6146
f 6147/6147 6139/6139 6121/6121
f 6148/6148 1407/1407 1411/1411
f 6149/6149 5955/5955 5953/5953
f 6145/6145 6127/6127 6150/6150
f 6151/6151 6147/6147 6146/6146
f 528/528 6131/6131 652/652
f 6116/6116 6113/6113 6148/6148
f 6116/6116 6148/6148 6152/6152
f 6084/6084 6022/6022 6024/6024
f 533/533 6153/6153 531/531
f 6154/6154 528/528 530/530
f 6155/6155 6156/6156 6122/6122
f 6157/6157 6147/6147 6151/6151
f 6147/6147 6157/6157 6158/6158
f 1421/1421 1409/1409 6112/6112
f 6151/6151 6159/6159 6157/6157
f 6107/6107 6160/6160 269/269
f 275/275 6161/6161 344/344
f 278/278 6161/6161 275/275
f 6162/6162 1421/1421 6112/6112
f 6160/6160 270/270 269/269
f 6140/6140 6139/6139 6158/6158
f 6158/6158 6163/6163 6140/6140
f 6155/6155 6122/6122 6140/6140
f 3618/3618 1423/1423 1421/1421
f 6163/6163 6155/6155 6140/6140
f 6162/6162 3618/3618 1421/1421
f 6158/6158 6164/6164 6165/6165
f 6166/6166 6160/6160 6107/6107
f 6161/6161 6167/6167 344/344
f 6152/6152 6133/6133 6116/6116
f 6163/6163 6168/6168 6155/6155
f 6169/6169 6161/6161 278/278
f 6158/6158 6157/6157 6164/6164
f 6170/6170 6171/6171 6172/6172
f 6173/6173 6133/6133 6152/6152
f 6169/6169 278/278 634/634
f 6154/6154 6131/6131 528/528
f 6174/6174 6162/6162 6112/6112
f 6175/6175 6157/6157 6159/6159
f 6174/6174 6112/6112 6120/6120
f 6176/6176 6157/6157 6175/6175
f 6164/6164 6157/6157 6176/6176
f 6088/6088 6107/6107 6089/6089
f 6150/6150 6177/6177 6167/6167
f 6178/6178 6107/6107 6088/6088
f 6179/6179 6180/6180 6165/6165
f 6164/6164 6179/6179 6165/6165
f 6173/6173 6152/6152 6181/6181
f 6181/6181 6182/6182 6173/6173
f 6176/6176 6179/6179 6164/6164
f 6154/6154 6183/6183 6131/6131
f 6184/6184 6153/6153 6171/6171
f 6185/6185 6176/6176 6175/6175
f 6184/6184 6171/6171 6170/6170
f 6168/6168 6163/6163 6180/6180
f 6186/6186 6150/6150 6167/6167
f 6187/6187 6168/6168 6180/6180
f 6154/6154 554/554 6188/6188
f 6189/6189 6182/6182 6181/6181
f 6167/6167 6161/6161 6186/6186
f 6190/6190 6162/6162 6174/6174
f 6174/6174 6191/6191 6190/6190
f 6180/6180 6179/6179 6187/6187
f 6189/6189 6192/6192 6182/6182
f 5930/5930 554/554 547/547
f 6179/6179 6176/6176 6185/6185
f 6161/6161 6169/6169 6193/6193
f 6194/6194 6161/6161 6193/6193
f 6107/6107 6178/6178 6166/6166
f 6152/6152 6148/6148 1411/1411
f 6195/6195 6196/6196 6168/6168
f 6195/6195 6168/6168 6187/6187
f 6195/6195 6187/6187 6197/6197
f 1420/1420 6152/6152 1411/1411
f 6152/6152 1420/1420 6181/6181
f 6198/6198 6196/6196 6195/6195
f 6181/6181 1420/1420 6189/6189
f 3617/3617 6189/6189 1420/1420
f 6179/6179 6197/6197 6187/6187
f 6154/6154 530/530 554/554
f 1424/1424 3617/3617 1420/1420
f 531/531 6199/6199 548/548
f 6179/6179 6200/6200 6197/6197
f 6107/6107 269/269 238/238
f 6179/6179 6185/6185 6200/6200
f 6086/6086 6085/6085 6201/6201
f 256/256 257/257 344/344
f 562/562 548/548 6199/6199
f 6006/6006 6202/6202 5913/5913
f 6203/6203 6154/6154 6188/6188
f 6085/6085 6204/6204 6201/6201
f 6089/6089 6107/6107 6090/6090
f 6205/6205 6202/6202 6006/6006
f 6205/6205 6206/6206 6202/6202
f 6177/6177 256/256 6167/6167
f 6093/6093 6084/6084 6114/6114
f 5955/5955 6203/6203 6188/6188
f 6167/6167 256/256 344/344
f 6188/6188 554/554 5930/5930
f 256/256 6177/6177 6127/6127
f 5955/5955 6188/6188 5930/5930
f 6177/6177 6150/6150 6127/6127
f 6120/6120 6086/6086 6201/6201
f 6207/6207 6088/6088 6087/6087
f 6114/6114 6116/6116 6208/6208
f 6116/6116 6132/6132 6208/6208
f 6209/6209 6210/6210 6211/6211
f 6209/6209 6212/6212 6210/6210
f 6209/6209 6211/6211 6213/6213
f 6215/6215 6216/6216 6217/6217
f 6209/6209 6213/6213 6045/6045
f 6044/6044 6214/6214 6040/6040
f 6045/6045 6218/6218 6209/6209
f 6219/6219 6220/6220 6221/6221
f 6222/6222 6219/6219 6221/6221
f 6223/6223 6120/6120 6201/6201
f 6224/6224 6207/6207 6225/6225
f 6080/6080 6204/6204 6085/6085
f 6226/6226 6209/6209 6218/6218
f 6227/6227 6219/6219 6228/6228
f 6014/6014 6205/6205 6006/6006
f 6091/6091 6093/6093 6229/6229
f 6229/6229 6093/6093 6114/6114
f 6230/6230 6229/6229 6114/6114
f 6231/6231 6201/6201 6204/6204
f 6232/6232 6136/6136 6233/6233
f 6230/6230 6114/6114 6234/6234
f 6080/6080 6231/6231 6204/6204
f 6080/6080 6235/6235 6231/6231
f 6224/6224 6225/6225 6236/6236
f 6232/6232 6237/6237 6238/6238
f 6206/6206 6205/6205 6239/6239
f 6087/6087 6102/6102 5787/5787
f 6145/6145 6216/6216 6240/6240
f 6226/6226 6241/6241 6242/6242
f 6234/6234 6114/6114 6208/6208
f 6239/6239 6205/6205 6014/6014
f 6231/6231 6223/6223 6201/6201
f 6232/6232 6233/6233 6243/6243
f 6222/6222 6228/6228 6219/6219
f 6225/6225 6207/6207 6087/6087
f 5787/5787 6225/6225 6087/6087
f 6244/6244 6228/6228 6222/6222
f 6225/6225 5787/5787 6236/6236
f 6219/6219 5958/5958 5956/5956
f 6219/6219 6016/6016 5958/5958
f 6245/6245 6234/6234 6208/6208
f 6007/6007 5958/5958 6016/6016
f 6246/6246 6245/6245 6208/6208
f 6037/6037 6036/6036 6247/6247
f 6240/6240 5756/5756 6115/6115
f 5787/5787 6102/6102 5750/5750
f 6016/6016 6219/6219 6227/6227
f 5935/5935 5933/5933 6248/6248
f 6030/6030 6249/6249 6044/6044
f 6227/6227 6015/6015 6016/6016
f 6132/6132 6133/6133 6173/6173
f 5756/5756 6240/6240 5808/5808
f 6173/6173 6251/6251 6132/6132
f 6249/6249 6030/6030 6029/6029
f 6240/6240 6115/6115 6145/6145
f 5809/5809 5808/5808 6240/6240
f 5933/5933 6237/6237 6248/6248
f 6252/6252 6253/6253 6206/6206
f 6191/6191 6174/6174 6120/6120
f 6251/6251 6173/6173 6182/6182
f 6254/6254 6251/6251 6182/6182
f 6255/6255 6253/6253 6252/6252
f 6216/6216 6145/6145 6217/6217
f 6223/6223 6191/6191 6120/6120
f 6248/6248 6237/6237 6256/6256
f 6248/6248 6256/6256 6149/6149
f 6257/6257 6252/6252 6206/6206
f 6217/6217 6145/6145 6150/6150
f 6258/6258 6259/6259 6221/6221
f 6260/6260 6251/6251 6254/6254
f 6221/6221 6259/6259 6261/6261
f 6190/6190 6191/6191 6262/6262
f 5953/5953 5935/5935 6149/6149
f 5935/5935 6248/6248 6149/6149
f 6263/6263 6262/6262 6191/6191
f 6264/6264 6254/6254 6182/6182
f 5963/5963 6265/6265 6028/6028
f 6266/6266 6262/6262 6263/6263
f 6267/6267 6259/6259 6268/6268
f 6240/6240 5814/5814 5809/5809
f 6269/6269 6255/6255 6252/6252
f 6261/6261 6259/6259 6267/6267
f 6208/6208 6132/6132 6246/6246
f 6206/6206 6239/6239 6257/6257
f 6132/6132 6251/6251 6260/6260
f 6218/6218 6045/6045 6250/6250
f 6222/6222 6221/6221 6261/6261
f 6246/6246 6132/6132 6260/6260
f 6244/6244 6222/6222 6261/6261
f 6263/6263 6191/6191 6223/6223
f 6218/6218 6250/6250 6270/6270
f 6269/6269 6252/6252 6257/6257
f 6223/6223 6231/6231 6263/6263
f 6236/6236 5787/5787 5786/5786
f 6218/6218 6270/6270 6226/6226
f 6028/6028 6270/6270 6250/6250
f 6244/6244 6261/6261 6271/6271
f 6272/6272 6240/6240 6216/6216
f 5814/5814 6240/6240 6272/6272
f 6260/6260 6254/6254 6264/6264
f 6264/6264 6182/6182 6273/6273
f 6273/6273 6274/6274 6264/6264
f 6270/6270 6028/6028 6241/6241
f 6028/6028 6265/6265 6241/6241
f 6232/6232 6243/6243 6237/6237
f 6243/6243 6256/6256 6237/6237
f 6272/6272 6216/6216 6215/6215
f 6261/6261 6267/6267 6275/6275
f 6276/6276 6272/6272 6215/6215
f 6277/6277 6275/6275 6267/6267
f 6241/6241 6226/6226 6270/6270
f 6271/6271 6261/6261 6275/6275
f 6278/6278 6264/6264 6274/6274
f 6279/6279 6269/6269 6257/6257
f 6275/6275 6280/6280 6271/6271
f 6281/6281 6046/6046 5802/5802
f 6130/6130 6183/6183 6203/6203
f 6130/6130 6203/6203 6282/6282
f 6283/6283 6178/6178 6088/6088
f 6194/6194 6186/6186 6161/6161
f 6083/6083 6014/6014 6011/6011
f 6194/6194 6284/6284 6186/6186
f 6285/6285 6073/6073 6100/6100
f 6083/6083 6286/6286 6014/6014
f 6287/6287 6227/6227 6228/6228
f 6217/6217 6150/6150 6215/6215
f 6288/6288 6289/6289 6046/6046
f 6215/6215 6150/6150 6186/6186
f 6183/6183 6130/6130 6131/6131
f 6207/6207 6283/6283 6088/6088
f 6092/6092 6286/6286 6083/6083
f 6284/6284 6215/6215 6186/6186
f 6227/6227 6287/6287 6094/6094
f 5833/5833 6281/6281 5802/5802
f 6094/6094 6287/6287 6290/6290
f 6130/6130 6282/6282 6143/6143
f 6014/6014 6286/6286 6239/6239
f 6291/6291 6170/6170 6292/6292
f 6293/6293 6193/6193 6294/6294
f 6228/6228 6244/6244 6295/6295
f 6296/6296 6297/6297 6285/6285
f 6291/6291 6184/6184 6170/6170
f 6183/6183 6154/6154 6203/6203
f 6298/6298 6178/6178 6283/6283
f 6299/6299 6184/6184 6300/6300
f 6288/6288 6046/6046 6281/6281
f 6287/6287 6228/6228 6301/6301
f 6285/6285 6302/6302 6296/6296
f 6178/6178 6298/6298 6303/6303
f 6286/6286 6304/6304 6239/6239
f 6305/6305 6302/6302 6285/6285
f 6306/6306 6193/6193 6293/6293
f 6308/6308 6233/6233 6136/6136
f 6301/6301 6228/6228 6295/6295
f 6144/6144 6233/6233 6308/6308
f 6194/6194 6193/6193 6309/6309
f 6078/6078 6105/6105 6118/6118
f 6309/6309 6284/6284 6194/6194
f 6310/6310 6296/6296 6302/6302
f 5802/5802 6046/6046 5803/5803
f 6233/6233 6144/6144 6143/6143
f 5815/5815 6055/6055 6071/6071
f 6298/6298 6283/6283 6224/6224
f 6078/6078 6311/6311 6079/6079
f 6311/6311 6092/6092 6079/6079
f 5745/5745 6312/6312 5746/5746
f 6313/6313 6298/6298 6224/6224
f 6119/6119 6098/6098 6108/6108
f 6143/6143 6243/6243 6233/6233
f 6106/6106 6109/6109 6108/6108
f 6071/6071 6314/6314 5815/5815
f 6207/6207 6224/6224 6283/6283
f 6256/6256 6243/6243 6282/6282
f 6315/6315 6215/6215 6284/6284
f 6316/6316 5745/5745 6241/6241
f 6109/6109 6290/6290 6317/6317
f 6243/6243 6143/6143 6282/6282
f 6296/6296 6314/6314 6071/6071
f 6315/6315 6284/6284 6309/6309
f 6072/6072 6094/6094 6290/6290
f 6276/6276 6215/6215 6315/6315
f 6073/6073 6285/6285 6071/6071
f 6297/6297 6071/6071 6285/6285
f 5745/5745 6300/6300 6291/6291
f 6296/6296 6071/6071 6297/6297
f 5745/5745 6316/6316 6300/6300
f 6318/6318 6276/6276 6315/6315
f 5745/5745 6242/6242 6241/6241
f 6319/6319 6315/6315 6309/6309
f 5745/5745 5744/5744 6242/6242
f 5823/5823 5815/5815 6314/6314
f 6296/6296 5823/5823 6314/6314
f 6103/6103 6072/6072 6290/6290
f 5927/5927 5823/5823 6296/6296
f 6109/6109 6103/6103 6290/6290
f 6320/6320 6303/6303 6298/6298
f 6130/6130 6143/6143 6128/6128
f 6100/6100 6321/6321 6285/6285
f 6309/6309 6193/6193 6306/6306
f 6096/6096 6042/6042 6046/6046
f 6312/6312 6291/6291 5761/5761
f 6100/6100 6101/6101 6321/6321
f 6319/6319 6309/6309 6306/6306
f 5761/5761 6292/6292 5867/5867
f 6078/6078 6122/6122 6311/6311
f 5761/5761 6291/6291 6292/6292
f 6046/6046 6289/6289 6096/6096
f 6321/6321 6305/6305 6285/6285
f 5746/5746 6312/6312 5761/5761
f 6305/6305 6321/6321 6322/6322
f 6323/6323 6290/6290 6301/6301
f 6324/6324 648/648 622/622
f 6287/6287 6301/6301 6290/6290
f 5745/5745 6291/6291 6312/6312
f 6091/6091 6325/6325 6101/6101
f 6286/6286 6092/6092 6311/6311
f 6326/6326 6286/6286 6311/6311
f 6096/6096 6235/6235 6080/6080
f 6289/6289 6235/6235 6096/6096
f 6256/6256 6203/6203 5955/5955
f 6317/6317 6290/6290 6323/6323
f 6101/6101 6322/6322 6321/6321
f 6256/6256 6282/6282 6203/6203
f 6101/6101 6327/6327 6322/6322
f 6256/6256 5955/5955 6149/6149
f 6328/6328 6316/6316 6329/6329
f 6094/6094 6015/6015 6227/6227
f 6327/6327 6101/6101 6325/6325
f 6316/6316 6265/6265 6329/6329
f 6330/6330 6331/6331 688/688
f 6304/6304 6257/6257 6239/6239
f 6332/6332 6244/6244 6271/6271
f 390/390 648/648 6324/6324
f 6295/6295 6244/6244 6332/6332
f 370/370 648/648 390/390
f 6305/6305 6333/6333 6302/6302
f 5963/5963 5967/5967 6265/6265
f 6329/6329 5967/5967 6328/6328
f 6329/6329 6265/6265 5967/5967
f 6279/6279 6257/6257 6304/6304
f 6333/6333 6305/6305 6322/6322
f 6333/6333 6322/6322 6334/6334
f 6335/6335 6336/6336 6331/6331
f 6326/6326 6304/6304 6286/6286
f 6316/6316 6241/6241 6265/6265
f 6330/6330 6335/6335 6331/6331
f 6335/6335 688/688 386/386
f 6330/6330 688/688 6335/6335
f 6301/6301 6295/6295 6332/6332
f 6337/6337 6339/6339 6340/6340
f 6337/6337 673/673 6339/6339
f 5976/5976 6341/6341 386/386
f 386/386 6341/6341 6335/6335
f 6280/6280 6275/6275 6277/6277
f 6277/6277 6342/6342 6280/6280
f 6343/6343 6322/6322 6327/6327
f 6344/6344 6269/6269 6279/6279
f 6345/6345 6235/6235 6289/6289
f 6344/6344 6279/6279 6304/6304
f 6271/6271 6280/6280 6332/6332
f 6322/6322 6346/6346 6334/6334
f 6346/6346 6322/6322 6343/6343
f 5976/5976 6335/6335 6341/6341
f 6347/6347 6340/6340 652/652
f 5995/5995 6335/6335 5976/5976
f 5910/5910 6281/6281 5833/5833
f 6311/6311 6122/6122 6156/6156
f 6326/6326 6311/6311 6156/6156
f 5910/5910 6288/6288 6281/6281
f 6156/6156 6348/6348 6326/6326
f 6349/6349 6350/6350 6351/6351
f 652/652 6339/6339 644/644
f 5911/5911 5910/5910 5833/5833
f 6340/6340 6339/6339 652/652
f 6331/6331 6352/6352 687/687
f 6353/6353 390/390 6324/6324
f 6336/6336 6352/6352 6331/6331
f 6354/6354 662/662 676/676
f 6296/6296 6355/6355 5927/5927
f 6356/6356 6301/6301 6332/6332
f 6357/6357 6288/6288 5910/5910
f 6344/6344 6304/6304 6326/6326
f 6348/6348 6344/6344 6326/6326
f 6355/6355 6296/6296 6310/6310
f 6310/6310 6302/6302 6334/6334
f 6356/6356 6323/6323 6301/6301
f 6358/6358 390/390 6353/6353
f 6359/6359 6354/6354 6360/6360
f 6359/6359 662/662 6354/6354
f 6220/6220 6355/6355 6310/6310
f 6351/6351 6350/6350 662/662
f 662/662 660/660 653/653
f 6361/6361 6362/6362 6348/6348
f 6350/6350 660/660 662/662
f 6363/6363 6351/6351 662/662
f 6352/6352 6336/6336 6364/6364
f 5910/5910 6202/6202 6357/6357
f 6365/6365 6364/6364 6336/6336
f 6362/6362 6344/6344 6348/6348
f 6332/6332 6366/6366 6356/6356
f 6202/6202 5910/5910 5913/5913
f 6366/6366 6332/6332 6280/6280
f 6362/6362 6367/6367 6344/6344
f 6219/6219 6355/6355 6220/6220
f 6131/6131 6347/6347 652/652
f 5994/5994 395/395 6368/6368
f 6366/6366 6369/6369 6356/6356
f 6370/6370 6336/6336 6335/6335
f 6336/6336 6370/6370 6365/6365
f 6368/6368 395/395 390/390
f 6310/6310 6258/6258 6220/6220
f 6335/6335 5995/5995 6370/6370
f 6371/6371 6372/6372 6255/6255
f 6370/6370 5995/5995 6373/6373
f 6358/6358 6368/6368 390/390
f 6371/6371 6255/6255 6374/6374
f 6373/6373 6365/6365 6370/6370
f 6206/6206 6357/6357 6202/6202
f 6375/6375 6268/6268 6376/6376
f 6363/6363 662/662 6359/6359
f 5996/5996 6373/6373 5995/5995
f 6375/6375 6267/6267 6268/6268
f 6375/6375 6277/6277 6267/6267
f 6377/6377 6359/6359 6360/6360
f 6277/6277 6375/6375 6378/6378
f 5956/5956 5927/5927 6355/6355
f 5956/5956 5852/5852 5927/5927
f 6380/6380 6337/6337 6340/6340
f 6353/6353 6324/6324 6320/6320
f 6219/6219 5956/5956 6355/6355
f 6381/6381 6363/6363 6359/6359
f 6382/6382 6363/6363 6381/6381
f 6289/6289 6288/6288 6383/6383
f 6384/6384 6381/6381 6377/6377
f 6359/6359 6377/6377 6381/6381
f 6302/6302 6333/6333 6334/6334
f 6363/6363 6349/6349 6351/6351
f 6385/6385 6378/6378 6375/6375
f 6385/6385 6375/6375 6386/6386
f 228/228 672/672 5739/5739
f 672/672 5751/5751 5739/5739
f 6387/6387 6388/6388 6389/6389
f 6357/6357 6383/6383 6288/6288
f 6385/6385 6390/6390 6378/6378
f 6374/6374 6255/6255 6269/6269
f 6353/6353 6320/6320 6391/6391
f 6310/6310 6334/6334 6392/6392
f 6253/6253 6345/6345 6383/6383
f 6345/6345 6289/6289 6383/6383
f 6338/6338 5751/5751 672/672
f 673/673 644/644 6339/6339
f 6393/6393 6342/6342 6277/6277
f 6277/6277 6378/6378 6393/6393
f 6377/6377 6360/6360 675/675
f 6343/6343 6394/6394 6346/6346
f 6395/6395 6396/6396 675/675
f 6397/6397 6320/6320 6298/6298
f 6346/6346 6392/6392 6334/6334
f 6391/6391 6320/6320 6397/6397
f 6398/6398 667/667 679/679
f 6398/6398 679/679 5754/5754
f 6387/6387 6389/6389 6399/6399
f 6392/6392 6346/6346 6394/6394
f 6400/6400 6392/6392 6394/6394
f 6371/6371 6374/6374 6401/6401
f 5762/5762 6387/6387 6399/6399
f 5754/5754 679/679 1492/1492
f 5739/5739 227/227 228/228
f 6390/6390 6402/6402 6378/6378
f 6253/6253 6383/6383 6357/6357
f 6393/6393 6378/6378 6402/6402
f 6391/6391 6397/6397 5759/5759
f 6258/6258 6310/6310 6392/6392
f 5959/5959 6387/6387 5762/5762
f 6403/6403 6372/6372 6371/6371
f 6357/6357 6206/6206 6253/6253
f 5762/5762 6399/6399 5791/5791
f 6221/6221 6220/6220 6258/6258
f 6371/6371 6404/6404 6403/6403
f 5804/5804 6391/6391 5759/5759
f 6259/6259 6258/6258 6392/6392
f 6398/6398 5754/5754 5756/5756
f 6398/6398 675/675 667/667
f 6395/6395 675/675 6398/6398
f 6358/6358 6353/6353 6391/6391
f 6385/6385 6386/6386 6405/6405
f 6406/6406 6352/6352 6364/6364
f 5757/5757 5751/5751 6338/6338
f 6406/6406 6407/6407 6389/6389
f 6390/6390 6385/6385 6405/6405
f 6365/6365 6373/6373 6364/6364
f 6407/6407 6406/6406 6364/6364
f 6268/6268 6392/6392 6376/6376
f 6259/6259 6392/6392 6268/6268
f 6408/6408 6409/6409 6410/6410
f 6399/6399 6389/6389 6407/6407
f 5791/5791 6399/6399 6407/6407
f 6364/6364 6411/6411 6407/6407
f 5791/5791 6407/6407 6411/6411
f 675/675 6396/6396 6377/6377
f 6368/6368 6358/6358 5994/5994
f 6325/6325 6091/6091 6229/6229
f 6395/6395 6412/6412 6396/6396
f 6408/6408 6413/6413 6405/6405
f 6414/6414 6413/6413 6408/6408
f 6415/6415 6404/6404 6371/6371
f 6229/6229 6234/6234 6416/6416
f 6234/6234 6229/6229 6230/6230
f 6396/6396 6412/6412 6384/6384
f 6327/6327 6325/6325 6229/6229
f 6327/6327 6229/6229 6416/6416
f 6043/6043 5994/5994 5803/5803
f 6384/6384 6377/6377 6396/6396
f 6051/6051 6373/6373 5996/5996
f 6417/6417 6415/6415 6371/6371
f 6358/6358 5803/5803 5994/5994
f 6418/6418 6327/6327 6416/6416
f 6345/6345 6419/6419 6235/6235
f 6373/6373 6411/6411 6364/6364
f 6411/6411 6373/6373 6051/6051
f 6395/6395 6398/6398 5756/5756
f 6420/6420 6390/6390 6405/6405
f 6421/6421 6411/6411 6051/6051
f 6419/6419 6231/6231 6235/6235
f 6422/6422 6420/6420 6405/6405
f 6422/6422 6405/6405 6413/6413
f 6358/6358 6391/6391 5804/5804
f 6412/6412 6395/6395 5756/5756
f 5808/5808 6412/6412 5756/5756
f 6423/6423 6416/6416 6234/6234
f 6424/6424 6416/6416 6423/6423
f 6360/6360 6425/6425 675/675
f 6426/6426 6231/6231 6419/6419
f 6360/6360 6354/6354 6425/6425
f 6423/6423 6234/6234 6245/6245
f 5796/5796 5791/5791 6411/6411
f 6411/6411 6421/6421 5796/5796
f 6427/6427 6413/6413 6414/6414
f 6379/6379 5757/5757 6338/6338
f 5772/5772 5757/5757 6379/6379
f 6384/6384 6428/6428 6381/6381
f 5804/5804 5803/5803 6358/6358
f 6345/6345 6429/6429 6419/6419
f 6343/6343 6327/6327 6418/6418
f 5772/5772 6379/6379 5766/5766
f 5811/5811 6421/6421 6051/6051
f 6402/6402 6342/6342 6393/6393
f 6374/6374 6269/6269 6401/6401
f 6394/6394 6343/6343 6418/6418
f 6424/6424 6430/6430 6418/6418
f 6430/6430 6394/6394 6418/6418
f 6431/6431 6381/6381 6428/6428
f 5811/5811 5796/5796 6421/6421
f 5795/5795 5796/5796 5811/5811
f 6429/6429 6426/6426 6419/6419
f 6344/6344 6401/6401 6269/6269
f 5775/5775 5772/5772 5766/5766
f 6432/6432 6342/6342 6402/6402
f 6280/6280 6342/6342 6432/6432
f 6433/6433 6401/6401 6344/6344
f 6418/6418 6416/6416 6424/6424
f 5766/5766 6379/6379 5767/5767
f 6433/6433 6417/6417 6401/6401
f 6417/6417 6371/6371 6401/6401
f 6434/6434 6431/6431 6428/6428
f 6166/6166 270/270 6160/6160
f 6423/6423 6430/6430 6424/6424
f 6423/6423 6435/6435 6430/6430
f 622/622 648/648 621/621
f 6390/6390 6436/6436 6402/6402
f 634/634 631/631 638/638
f 6437/6437 6438/6438 6426/6426
f 6246/6246 6439/6439 6245/6245
f 622/622 270/270 6166/6166
f 6231/6231 6426/6426 6438/6438
f 6263/6263 6231/6231 6438/6438
f 6439/6439 6246/6246 6260/6260
f 6361/6361 6367/6367 6362/6362
f 6245/6245 6439/6439 6423/6423
f 6367/6367 6361/6361 6440/6440
f 6439/6439 6441/6441 6423/6423
f 6441/6441 6439/6439 6442/6442
f 6137/6137 6443/6443 6129/6129
f 6366/6366 6280/6280 6432/6432
f 6379/6379 6444/6444 5767/5767
f 638/638 6169/6169 634/634
f 6367/6367 6433/6433 6344/6344
f 6445/6445 6169/6169 638/638
f 6432/6432 6369/6369 6366/6366
f 6347/6347 6131/6131 6129/6129
f 6439/6439 6260/6260 6264/6264
f 6446/6446 6369/6369 6432/6432
f 634/634 278/278 277/277
f 6439/6439 6264/6264 6278/6278
f 6129/6129 6443/6443 6347/6347
f 6417/6417 6433/6433 6447/6447
f 6448/6448 6447/6447 6433/6433
f 6449/6449 6442/6442 6439/6439
f 6436/6436 6432/6432 6402/6402
f 6449/6449 6439/6439 6278/6278
f 6448/6448 6433/6433 6367/6367
f 5867/5867 6450/6450 6451/6451
f 6446/6446 6432/6432 6436/6436
f 6451/6451 6450/6450 6382/6382
f 6443/6443 6380/6380 6340/6340
f 6443/6443 6340/6340 6347/6347
f 6452/6452 6438/6438 6437/6437
f 6453/6453 6436/6436 6454/6454
f 6437/6437 6426/6426 6429/6429
f 6440/6440 6448/6448 6367/6367
f 6455/6455 6437/6437 6429/6429
f 6436/6436 6453/6453 6446/6446
f 6435/6435 6423/6423 6441/6441
f 6456/6456 6441/6441 6442/6442
f 6451/6451 6381/6381 6431/6431
f 6451/6451 6382/6382 6381/6381
f 6435/6435 6441/6441 6456/6456
f 5767/5767 6444/6444 6138/6138
f 5867/5867 6451/6451 6431/6431
f 6457/6457 6445/6445 638/638
f 6436/6436 6390/6390 6454/6454
f 5767/5767 6138/6138 5857/5857
f 6454/6454 6390/6390 6420/6420
f 6437/6437 6458/6458 6452/6452
f 6457/6457 638/638 687/687
f 6459/6459 6449/6449 6278/6278
f 6324/6324 622/622 6166/6166
f 6442/6442 6449/6449 6456/6456
f 6460/6460 6415/6415 6417/6417
f 6461/6461 6445/6445 6457/6457
f 6294/6294 6169/6169 6445/6445
f 6460/6460 6417/6417 6447/6447
f 6462/6462 6429/6429 6345/6345
f 6462/6462 6345/6345 6253/6253
f 6434/6434 5797/5797 6431/6431
f 6169/6169 6294/6294 6193/6193
f 6427/6427 6463/6463 6413/6413
f 6462/6462 6255/6255 6464/6464
f 6465/6465 6420/6420 6422/6422
f 6413/6413 6465/6465 6422/6422
f 6465/6465 6413/6413 6463/6463
f 6400/6400 6394/6394 6430/6430
f 6178/6178 6324/6324 6166/6166
f 6376/6376 6392/6392 6400/6400
f 6294/6294 6445/6445 6461/6461
f 6466/6466 6384/6384 6412/6412
f 6466/6466 6412/6412 5808/5808
f 6467/6467 6457/6457 6352/6352
f 6428/6428 6384/6384 6466/6466
f 6457/6457 6467/6467 6461/6461
f 6453/6453 6454/6454 6465/6465
f 6457/6457 687/687 6352/6352
f 6464/6464 6429/6429 6462/6462
f 6455/6455 6429/6429 6464/6464
f 6468/6468 6447/6447 6448/6448
f 6469/6469 6468/6468 6448/6448
f 6467/6467 6352/6352 6389/6389
f 6430/6430 6470/6470 6400/6400
f 6430/6430 6471/6471 6470/6470
f 6352/6352 6406/6406 6389/6389
f 6430/6430 6435/6435 6471/6471
f 6460/6460 6447/6447 6468/6468
f 642/642 687/687 638/638
f 6331/6331 687/687 688/688
f 6468/6468 6472/6472 6460/6460
f 6473/6473 6400/6400 6470/6470
f 6472/6472 6474/6474 6460/6460
f 6473/6473 6470/6470 6471/6471
f 6465/6465 6454/6454 6420/6420
f 6303/6303 6324/6324 6178/6178
f 6253/6253 6255/6255 6462/6462
f 6475/6475 6476/6476 6465/6465
f 6463/6463 6475/6475 6465/6465
f 6293/6293 6294/6294 6461/6461
f 6461/6461 6467/6467 6388/6388
f 6320/6320 6324/6324 6303/6303
f 6376/6376 6400/6400 6473/6473
f 6387/6387 6293/6293 6388/6388
f 6388/6388 6293/6293 6461/6461
f 6466/6466 5810/5810 5886/5886
f 6388/6388 6467/6467 6389/6389
f 6372/6372 6464/6464 6255/6255
f 5885/5885 5886/5886 5810/5810
f 5886/5886 6428/6428 6466/6466
f 6306/6306 6293/6293 6387/6387
f 6108/6108 6109/6109 6317/6317
f 5961/5961 6306/6306 6387/6387
f 6387/6387 5959/5959 5961/5961
f 5960/5960 6306/6306 5961/5961
f 6317/6317 6146/6146 6108/6108
f 6386/6386 6376/6376 6473/6473
f 6386/6386 6375/6375 6376/6376
f 5805/5805 6434/6434 6428/6428
f 6428/6428 5886/5886 5805/5805
f 5810/5810 6466/6466 5808/5808
f 5846/5846 5885/5885 5810/5810
f 6477/6477 6146/6146 6317/6317
f 6455/6455 6478/6478 6437/6437
f 6477/6477 6317/6317 6323/6323
f 5835/5835 5834/5834 6479/6479
f 6356/6356 6477/6477 6323/6323
f 533/533 660/660 6350/6350
f 6464/6464 6478/6478 6455/6455
f 6480/6480 533/533 6350/6350
f 6151/6151 6146/6146 6477/6477
f 6471/6471 6435/6435 6456/6456
f 6481/6481 6471/6471 6456/6456
f 6482/6482 5736/5736 6483/6483
f 5736/5736 6482/6482 5778/5778
f 6482/6482 6484/6484 5778/5778
f 6350/6350 6485/6485 6172/6172
f 5736/5736 5778/5778 5777/5777
f 6478/6478 6486/6486 6437/6437
f 533/533 6480/6480 6153/6153
f 6361/6361 6348/6348 6156/6156
f 6477/6477 6356/6356 6487/6487
f 6487/6487 6356/6356 6369/6369
f 6478/6478 6488/6488 6486/6486
f 6489/6489 6236/6236 5880/5880
f 6236/6236 6489/6489 6224/6224
f 6490/6490 6491/6491 6123/6123
f 6492/6492 6490/6490 6123/6123
f 6481/6481 6456/6456 6449/6449
f 6493/6493 6276/6276 6494/6494
f 6495/6495 6481/6481 6449/6449
f 6496/6496 6495/6495 6449/6449
f 6159/6159 6151/6151 6477/6477
f 6489/6489 6497/6497 6224/6224
f 6471/6471 6498/6498 6473/6473
f 6490/6490 6492/6492 6212/6212
f 6499/6499 6490/6490 6212/6212
f 6318/6318 6494/6494 6276/6276
f 6403/6403 6464/6464 6372/6372
f 6487/6487 6159/6159 6477/6477
f 6499/6499 6212/6212 6500/6500
f 6403/6403 6478/6478 6464/6464
f 6369/6369 6501/6501 6487/6487
f 6210/6210 6212/6212 6492/6492
f 6489/6489 6502/6502 6497/6497
f 6386/6386 6473/6473 6498/6498
f 6498/6498 6481/6481 6409/6409
f 6409/6409 6405/6405 6498/6498
f 6498/6498 6405/6405 6386/6386
f 6503/6503 6156/6156 6155/6155
f 6361/6361 6156/6156 6503/6503
f 6498/6498 6471/6471 6481/6481
f 5753/5753 6500/6500 6212/6212
f 6502/6502 6489/6489 5880/5880
f 6504/6504 6502/6502 5880/5880
f 6495/6495 6409/6409 6481/6481
f 6361/6361 6503/6503 6440/6440
f 6478/6478 6403/6403 6488/6488
f 6501/6501 6159/6159 6487/6487
f 6491/6491 6505/6505 6506/6506
f 6159/6159 6501/6501 6175/6175
f 6505/6505 6490/6490 6499/6499
f 6409/6409 6408/6408 6405/6405
f 6507/6507 6493/6493 6494/6494
f 6491/6491 6506/6506 6508/6508
f 6509/6509 6488/6488 6403/6403
f 6409/6409 6495/6495 6410/6410
f 5825/5825 6508/6508 6506/6506
f 6020/6020 6479/6479 5834/5834
f 6510/6510 6511/6511 6505/6505
f 6501/6501 6369/6369 6446/6446
f 6499/6499 6510/6510 6505/6505
f 6512/6512 6493/6493 6507/6507
f 6510/6510 6499/6499 6513/6513
f 6507/6507 6494/6494 6514/6514
f 6469/6469 6448/6448 6440/6440
f 6510/6510 6515/6515 6511/6511
f 6516/6516 6020/6020 6019/6019
f 5827/5827 6517/6517 6508/6508
f 6196/6196 6518/6518 6503/6503
f 5829/5829 6515/6515 6510/6510
f 5798/5798 6019/6019 5882/5882
f 5875/5875 5798/5798 5882/5882
f 6510/6510 5830/5830 5829/5829
f 5909/5909 5830/5830 6510/6510
f 6519/6519 6503/6503 6518/6518
f 6520/6520 5748/5748 6020/6020
f 6516/6516 6520/6520 6020/6020
f 6236/6236 5786/5786 5880/5880
f 6440/6440 6503/6503 6519/6519
f 6521/6521 6522/6522 6446/6446
f 6519/6519 6469/6469 6440/6440
f 5749/5749 6520/6520 5789/5789
f 6520/6520 5749/5749 5748/5748
f 5748/5748 6479/6479 6020/6020
f 6517/6517 5821/5821 5824/5824
f 6513/6513 5909/5909 6510/6510
f 6493/6493 6523/6523 6272/6272
f 5869/5869 5748/5748 5765/5765
f 6453/6453 6521/6521 6446/6446
f 6513/6513 6524/6524 5909/5909
f 6523/6523 5814/5814 6272/6272
f 6501/6501 6446/6446 6522/6522
f 6524/6524 5841/5841 5909/5909
f 6019/6019 5798/5798 6516/6516
f 6123/6123 6491/6491 6124/6124
f 6520/6520 5800/5800 5789/5789
f 6520/6520 6516/6516 5800/5800
f 6175/6175 6501/6501 6522/6522
f 6185/6185 6175/6175 6522/6522
f 6185/6185 6522/6522 6525/6525
f 5798/5798 5800/5800 6516/6516
f 5875/5875 5817/5817 5798/5798
f 6493/6493 6272/6272 6276/6276
f 5874/5874 5817/5817 5875/5875
f 6469/6469 6526/6526 6468/6468
f 6307/6307 6135/6135 6134/6134
f 6307/6307 6134/6134 6527/6527
f 6142/6142 6307/6307 6527/6527
f 5856/5856 5814/5814 6523/6523
f 5889/5889 5856/5856 6523/6523
f 5789/5789 5807/5807 5854/5854
f 6528/6528 6526/6526 6469/6469
f 6518/6518 6528/6528 6519/6519
f 6469/6469 6519/6519 6528/6528
f 5789/5789 5854/5854 5790/5790
f 5854/5854 5919/5919 5790/5790
f 5747/5747 5790/5790 5919/5919
f 6513/6513 5753/5753 5752/5752
f 6524/6524 6513/6513 5752/5752
f 6453/6453 6529/6529 6521/6521
f 6523/6523 6530/6530 5889/5889
f 6530/6530 6523/6523 6493/6493
f 6493/6493 6512/6512 6530/6530
f 5824/5824 6134/6134 6517/6517
f 6134/6134 5824/5824 6527/6527
f 6497/6497 6313/6313 6224/6224
f 5824/5824 5857/5857 6527/6527
f 5857/5857 5824/5824 5770/5770
f 6528/6528 6531/6531 6526/6526
f 6453/6453 6465/6465 6476/6476
f 6529/6529 6453/6453 6476/6476
f 6474/6474 6472/6472 6468/6468
f 6468/6468 6531/6531 6474/6474
f 6526/6526 6531/6531 6468/6468
f 6144/6144 6308/6308 6141/6141
f 5760/5760 5752/5752 5746/5746
f 5877/5877 5752/5752 5760/5760
f 6532/6532 6529/6529 6476/6476
f 6142/6142 6527/6527 5857/5857
f 5857/5857 6138/6138 6142/6142
f 6319/6319 6318/6318 6315/6315
f 5877/5877 5760/5760 5878/5878
f 6525/6525 6522/6522 6521/6521
f 5760/5760 5761/5761 5867/5867
f 6319/6319 6514/6514 6318/6318
f 6514/6514 6494/6494 6318/6318
f 5878/5878 5760/5760 5867/5867
f 6525/6525 6521/6521 6529/6529
f 5752/5752 5877/5877 6524/6524
f 6533/6533 6319/6319 5960/5960
f 6319/6319 6306/6306 5960/5960
f 5735/5735 6298/6298 6313/6313
f 6534/6534 6185/6185 6525/6525
f 6513/6513 6499/6499 6500/6500
f 6513/6513 6500/6500 5753/5753
f 6529/6529 6534/6534 6525/6525
f 6533/6533 5960/5960 5962/5962
f 6529/6529 6532/6532 6534/6534
f 5841/5841 6524/6524 5793/5793
f 6514/6514 6319/6319 6533/6533
f 6535/6535 6514/6514 6533/6533
f 6536/6536 6497/6497 6502/6502
f 6537/6537 6185/6185 6534/6534
f 5877/5877 5793/5793 6524/6524
f 6497/6497 6536/6536 6313/6313
f 6537/6537 6534/6534 6532/6532
f 6535/6535 6538/6538 6514/6514
f 5830/5830 5909/5909 5908/5908
f 6185/6185 6537/6537 6200/6200
f 5753/5753 6212/6212 6539/6539
f 6536/6536 5735/5735 6313/6313
f 5755/5755 5754/5754 1492/1492
f 6209/6209 6539/6539 6212/6212
f 6539/6539 6209/6209 6226/6226
f 6539/6539 6226/6226 5744/5744
f 6533/6533 5962/5962 6535/6535
f 6540/6540 6535/6535 5962/5962
f 5753/5753 6539/6539 5744/5744
f 6242/6242 5744/5744 6226/6226
f 6536/6536 6483/6483 5735/5735
f 6541/6541 6540/6540 5962/5962
f 6541/6541 5962/5962 5741/5741
f 6542/6542 6502/6502 6504/6504
f 6543/6543 6504/6504 5879/5879
f 6542/6542 6504/6504 6543/6543
f 6544/6544 6512/6512 6545/6545
f 6546/6546 6536/6536 6502/6502
f 6502/6502 6542/6542 6546/6546
f 6543/6543 6546/6546 6542/6542
f 6545/6545 6512/6512 6507/6507
f 6507/6507 5900/5900 6545/6545
f 6547/6547 6544/6544 6545/6545
f 6544/6544 5883/5883 5876/5876
f 6543/6543 5983/5983 5873/5873
f 5983/5983 5871/5871 5873/5873
f 5884/5884 5883/5883 6547/6547
f 5883/5883 6544/6544 6547/6547
f 6543/6543 5873/5873 6546/6546
f 5888/5888 6546/6546 5873/5873
f 6547/6547 6545/6545 5884/5884
f 5900/5900 5906/5906 5890/5890
f 5900/5900 5884/5884 6545/6545
f 5880/5880 5879/5879 6504/6504
f 6530/6530 6544/6544 5889/5889
f 6544/6544 6530/6530 6512/6512
f 6544/6544 5987/5987 5889/5889
f 5879/5879 5983/5983 6543/6543
f 5876/5876 5987/5987 6544/6544
f 6538/6538 6535/6535 6540/6540
f 6484/6484 6536/6536 6546/6546
f 6548/6548 6507/6507 6538/6538
f 6507/6507 6514/6514 6538/6538
f 6482/6482 6483/6483 6536/6536
f 6549/6549 6540/6540 6541/6541
f 6549/6549 6541/6541 5741/5741
f 5741/5741 5860/5860 6549/6549
f 6549/6549 6538/6538 6540/6540
f 6548/6548 6538/6538 6549/6549
f 6546/6546 5888/5888 6484/6484
f 5888/5888 5778/5778 6484/6484
f 5906/5906 6548/6548 5905/5905
f 6507/6507 5906/5906 5900/5900
f 5906/5906 6507/6507 6548/6548
f 6484/6484 6482/6482 6536/6536
f 6548/6548 6549/6549 5891/5891
f 5785/5785 6548/6548 5891/5891
f 5891/5891 6549/6549 5860/5860
f 5905/5905 6548/6548 5785/5785
f 5784/5784 5905/5905 5785/5785
f 6298/6298 5735/5735 6397/6397
f 5960/5960 5959/5959 5742/5742
f 5742/5742 5741/5741 5960/5960
f 5735/5735 5759/5759 6397/6397
f 5959/5959 5762/5762 5742/5742
f 5737/5737 5759/5759 5735/5735
f 6483/6483 5736/5736 5735/5735
f 6350/6350 6172/6172 6480/6480
f 5747/5747 5765/5765 5748/5748
f 5826/5826 6515/6515 5829/5829
f 5826/5826 5828/5828 5840/5840
f 5826/5826 5829/5829 5828/5828
f 6450/6450 6172/6172 6485/6485
f 6170/6170 6172/6172 6450/6450
f 5837/5837 5827/5827 5840/5840
f 5838/5838 5840/5840 5828/5828
f 5837/5837 5840/5840 5838/5838
f 5907/5907 5827/5827 5837/5837
f 6511/6511 6506/6506 6505/6505
f 6490/6490 6505/6505 6491/6491
f 6508/6508 6124/6124 6491/6491
f 6517/6517 6134/6134 6124/6124
f 6124/6124 6508/6508 6517/6517
f 6511/6511 5825/5825 6506/6506
f 6515/6515 5825/5825 6511/6511
f 5826/5826 5825/5825 6515/6515
f 5903/5903 5892/5892 5838/5838
f 5827/5827 6508/6508 5825/5825
f 5903/5903 5838/5838 6550/6550
f 5838/5838 5828/5828 6550/6550
f 5828/5828 5903/5903 6550/6550
f 5916/5916 5837/5837 5894/5894
f 5917/5917 5894/5894 5938/5938
f 5891/5891 5860/5860 5887/5887
f 5835/5835 5938/5938 5943/5943
f 5978/5978 5977/5977 6551/6551
f 5977/5977 5977/5977 6551/6551
f 5977/5977 5978/5978 6551/6551
f 5805/5805 5797/5797 6434/6434
f 5805/5805 5794/5794 5797/5797
f 5821/5821 6517/6517 5827/5827
f 5846/5846 5845/5845 5885/5885
f 5901/5901 5845/5845 5848/5848
f 5901/5901 5805/5805 5845/5845
f 5901/5901 5848/5848 5870/5870
f 6062/6062 5925/5925 5923/5923
f 5980/5980 6048/6048 5934/5934
f 5932/5932 6247/6247 5933/5933
f 5980/5980 1512/1512 6048/6048
f 6105/6105 6098/6098 6119/6119
f 6105/6105 6119/6119 6118/6118
f 1157/1157 1525/1525 5993/5993
f 1509/1509 1157/1157 5993/5993
f 5980/5980 311/311 1512/1512
f 6158/6158 6139/6139 6147/6147
f 6552/6552 5966/5966 1523/1523
f 6553/6553 1523/1523 562/562
f 1523/1523 1524/1524 1143/1143
f 1524/1524 1523/1523 5966/5966
f 5979/5979 1525/1525 5965/5965
f 6163/6163 6158/6158 6165/6165
f 6552/6552 1523/1523 6553/6553
f 6163/6163 6165/6165 6180/6180
f 6155/6155 6196/6196 6503/6503
f 5967/5967 5966/5966 6552/6552
f 6555/6555 6211/6211 6210/6210
f 6168/6168 6196/6196 6155/6155
f 6555/6555 6123/6123 6557/6557
f 6492/6492 6123/6123 6210/6210
f 6210/6210 6123/6123 6555/6555
f 6126/6126 6557/6557 6123/6123
f 6134/6134 6126/6126 6124/6124
f 6247/6247 5932/5932 6037/6037
f 6198/6198 6518/6518 6196/6196
f 6171/6171 6480/6480 6172/6172
f 6153/6153 6480/6480 6171/6171
f 531/531 6153/6153 6199/6199
f 6553/6553 562/562 6199/6199
f 6553/6553 6199/6199 6299/6299
f 6328/6328 6552/6552 6553/6553
f 6299/6299 6199/6199 6153/6153
f 6184/6184 6299/6299 6153/6153
f 6558/6558 6040/6040 6214/6214
f 6214/6214 6238/6238 6558/6558
f 6559/6559 6238/6238 6214/6214
f 6559/6559 6554/6554 6556/6556
f 6214/6214 6554/6554 6559/6559
f 6211/6211 6555/6555 6213/6213
f 6559/6559 6556/6556 6125/6125
f 6559/6559 6125/6125 6232/6232
f 6136/6136 6232/6232 6125/6125
f 6232/6232 6238/6238 6559/6559
f 6558/6558 6247/6247 6040/6040
f 6238/6238 6247/6247 6558/6558
f 6237/6237 6247/6247 6238/6238
f 6237/6237 5933/5933 6247/6247
f 6036/6036 6040/6040 6247/6247
f 6065/6065 6098/6098 6105/6105
f 6479/6479 5748/5748 5835/5835
f 5835/5835 5748/5748 5869/5869
f 6170/6170 6450/6450 6292/6292
f 6300/6300 6184/6184 6291/6291
f 6328/6328 6553/6553 6299/6299
f 6299/6299 6300/6300 6328/6328
f 6300/6300 6316/6316 6328/6328
f 6552/6552 6328/6328 5967/5967
f 6485/6485 6350/6350 6349/6349
f 6349/6349 6363/6363 6382/6382
f 6425/6425 676/676 675/675
f 676/676 6425/6425 6354/6354
f 6382/6382 6450/6450 6349/6349
f 6349/6349 6450/6450 6485/6485
f 6431/6431 5797/5797 5867/5867
f 5867/5867 6292/6292 6450/6450
f 6560/6560 6561/6561 6562/6562
f 6560/6560 6563/6563 6561/6561
f 3618/3618 6162/6162 3612/3612
f 6564/6564 6565/6565 6566/6566
f 6563/6563 6567/6567 6561/6561
f 6198/6198 6195/6195 6568/6568
f 6197/6197 6568/6568 6195/6195
f 6569/6569 6566/6566 6565/6565
f 6570/6570 6571/6571 6572/6572
f 6573/6573 6574/6574 6575/6575
f 6575/6575 6576/6576 6573/6573
f 6577/6577 3630/3630 3612/3612
f 6578/6578 6579/6579 6580/6580
f 6581/6581 6578/6578 6580/6580
f 6582/6582 6189/6189 3619/3619
f 6583/6583 6572/6572 6584/6584
f 6568/6568 6585/6585 6198/6198
f 6571/6571 6584/6584 6572/6572
f 6192/6192 6189/6189 6582/6582
f 6577/6577 3612/3612 6162/6162
f 6586/6586 6580/6580 6587/6587
f 6588/6588 6198/6198 6585/6585
f 6589/6589 6590/6590 6591/6591
f 6592/6592 6578/6578 6581/6581
f 6593/6593 6594/6594 6567/6567
f 6595/6595 6577/6577 6162/6162
f 6162/6162 6190/6190 6595/6595
f 6581/6581 6580/6580 6586/6586
f 6572/6572 6596/6596 6598/6598
f 6598/6598 6596/6596 6599/6599
f 6600/6600 6568/6568 6197/6197
f 6601/6601 6581/6581 6586/6586
f 6600/6600 6585/6585 6568/6568
f 6572/6572 6598/6598 6603/6603
f 6604/6604 6192/6192 6582/6582
f 6604/6604 6582/6582 6605/6605
f 6563/6563 6593/6593 6567/6567
f 6577/6577 6595/6595 6606/6606
f 6607/6607 6588/6588 6585/6585
f 6605/6605 6582/6582 6608/6608
f 6606/6606 6609/6609 6577/6577
f 6570/6570 6572/6572 6603/6603
f 6609/6609 3630/3630 6577/6577
f 6610/6610 6586/6586 6587/6587
f 6605/6605 6608/6608 6611/6611
f 6612/6612 6607/6607 6585/6585
f 6613/6613 6614/6614 6590/6590
f 6615/6615 6616/6616 6617/6617
f 6618/6618 6197/6197 6200/6200
f 6589/6589 6613/6613 6590/6590
f 6594/6594 6593/6593 6619/6619
f 6618/6618 6200/6200 6620/6620
f 3617/3617 3619/3619 6189/6189
f 3619/3619 3623/3623 6621/6621
f 6581/6581 6601/6601 6592/6592
f 6600/6600 6197/6197 6618/6618
f 6574/6574 6589/6589 6591/6591
f 6620/6620 6622/6622 6618/6618
f 6623/6623 6592/6592 6624/6624
f 3619/3619 6621/6621 6582/6582
f 6622/6622 6600/6600 6618/6618
f 6624/6624 6592/6592 6601/6601
f 6601/6601 6625/6625 6624/6624
f 6601/6601 6586/6586 6610/6610
f 6626/6626 6563/6563 6560/6560
f 6608/6608 3623/3623 3628/3628
f 6625/6625 6601/6601 6610/6610
f 3623/3623 6608/6608 6621/6621
f 6582/6582 6621/6621 6608/6608
f 6627/6627 6600/6600 6622/6622
f 6560/6560 6617/6617 6626/6626
f 6563/6563 6626/6626 6593/6593
f 6628/6628 6593/6593 6626/6626
f 6627/6627 6622/6622 6629/6629
f 3653/3653 3630/3630 3667/3667
f 6609/6609 3667/3667 3630/3630
f 6600/6600 6612/6612 6585/6585
f 6627/6627 6612/6612 6600/6600
f 6610/6610 6630/6630 6625/6625
f 6587/6587 6631/6631 6632/6632
f 6633/6633 6587/6587 6632/6632
f 6610/6610 6587/6587 6633/6633
f 6633/6633 6634/6634 6635/6635
f 6414/6414 6408/6408 6410/6410
f 6636/6636 6403/6403 6404/6404
f 6638/6638 6639/6639 6570/6570
f 6640/6640 6641/6641 6609/6609
f 6642/6642 6641/6641 6640/6640
f 6610/6610 6633/6633 6635/6635
f 6608/6608 3628/3628 6643/6643
f 6404/6404 6415/6415 6636/6636
f 6644/6644 6616/6616 6615/6615
f 6645/6645 6646/6646 6647/6647
f 6648/6648 6645/6645 6647/6647
f 6648/6648 6647/6647 6613/6613
f 6649/6649 6610/6610 6635/6635
f 6635/6635 6650/6650 6649/6649
f 6637/6637 6651/6651 6653/6653
f 6651/6651 6644/6644 6653/6653
f 6635/6635 6654/6654 6650/6650
f 6655/6655 6414/6414 6410/6410
f 6654/6654 6635/6635 6656/6656
f 6410/6410 6657/6657 6658/6658
f 6658/6658 6659/6659 6410/6410
f 6659/6659 6655/6655 6410/6410
f 3669/3669 6643/6643 3628/3628
f 6613/6613 6589/6589 6660/6660
f 6570/6570 6603/6603 6638/6638
f 6661/6661 6662/6662 6636/6636
f 6637/6637 6602/6602 6663/6663
f 6649/6649 6630/6630 6610/6610
f 3672/3672 3667/3667 6609/6609
f 6660/6660 6648/6648 6613/6613
f 6664/6664 6660/6660 6589/6589
f 3669/3669 6665/6665 6643/6643
f 6666/6666 6630/6630 6649/6649
f 6602/6602 6667/6667 6663/6663
f 6668/6668 6661/6661 6636/6636
f 3672/3672 6609/6609 6641/6641
f 6665/6665 3669/3669 6669/6669
f 6643/6643 6611/6611 6608/6608
f 6611/6611 6643/6643 6670/6670
f 6671/6671 6658/6658 6672/6672
f 6666/6666 6649/6649 6650/6650
f 6673/6673 6643/6643 6665/6665
f 4132/4132 3440/3440 6674/6674
f 6670/6670 6643/6643 6673/6673
f 6648/6648 6660/6660 6675/6675
f 6676/6676 6673/6673 6665/6665
f 6677/6677 6636/6636 6415/6415
f 6673/6673 6678/6678 6670/6670
f 6678/6678 6673/6673 6676/6676
f 6625/6625 6679/6679 6624/6624
f 6262/6262 6595/6595 6190/6190
f 4137/4137 4135/4135 6680/6680
f 6679/6679 6569/6569 6624/6624
f 6182/6182 6192/6192 6273/6273
f 6273/6273 6192/6192 6604/6604
f 6606/6606 6595/6595 6681/6681
f 6682/6682 6595/6595 6262/6262
f 6684/6684 6682/6682 6685/6685
f 6683/6683 6683/6683 6686/6686
f 6682/6682 6684/6684 6685/6685
f 6595/6595 6682/6682 6684/6684
f 6681/6681 6595/6595 6684/6684
f 6682/6682 6682/6682 6262/6262
f 6262/6262 6684/6684 6682/6682
f 6262/6262 6681/6681 6684/6684
f 6427/6427 6414/6414 6655/6655
f 6266/6266 6681/6681 6262/6262
f 6687/6687 6589/6589 6574/6574
f 6688/6688 6674/6674 3440/3440
f 6689/6689 6688/6688 3440/3440
f 6664/6664 6589/6589 6687/6687
f 6427/6427 6655/6655 6659/6659
f 6680/6680 6690/6690 4137/4137
f 6681/6681 6691/6691 6606/6606
f 6668/6668 6636/6636 6677/6677
f 6604/6604 6605/6605 6611/6611
f 6625/6625 6692/6692 6693/6693
f 6679/6679 6625/6625 6693/6693
f 6694/6694 6664/6664 6687/6687
f 6273/6273 6604/6604 6695/6695
f 6695/6695 6604/6604 6611/6611
f 6696/6696 6569/6569 6679/6679
f 6566/6566 6569/6569 6696/6696
f 6697/6697 6689/6689 3440/3440
f 6274/6274 6273/6273 6698/6698
f 6699/6699 6696/6696 6679/6679
f 6659/6659 6658/6658 6700/6700
f 6701/6701 6699/6699 6679/6679
f 6700/6700 6658/6658 6671/6671
f 6693/6693 6701/6701 6679/6679
f 6427/6427 6659/6659 6702/6702
f 6702/6702 6659/6659 6700/6700
f 6703/6703 6704/6704 6263/6263
f 6263/6263 6704/6704 6266/6266
f 6573/6573 6687/6687 6574/6574
f 6702/6702 6700/6700 6705/6705
f 6688/6688 6689/6689 6706/6706
f 6707/6707 6662/6662 6661/6661
f 6573/6573 6694/6694 6687/6687
f 6266/6266 6691/6691 6681/6681
f 6668/6668 6707/6707 6661/6661
f 6708/6708 6709/6709 6688/6688
f 6698/6698 6273/6273 6695/6695
f 6710/6710 6707/6707 6668/6668
f 6711/6711 6698/6698 6695/6695
f 6712/6712 6671/6671 6672/6672
f 6625/6625 6630/6630 6666/6666
f 6704/6704 6691/6691 6266/6266
f 6713/6713 6712/6712 6714/6714
f 6711/6711 6695/6695 6715/6715
f 6708/6708 6688/6688 6706/6706
f 6675/6675 6660/6660 6664/6664
f 6640/6640 6606/6606 6691/6691
f 6712/6712 6716/6716 6671/6671
f 6716/6716 6712/6712 6713/6713
f 6692/6692 6625/6625 6666/6666
f 6666/6666 6717/6717 6692/6692
f 6640/6640 6609/6609 6606/6606
f 6694/6694 6675/6675 6664/6664
f 6718/6718 6611/6611 6670/6670
f 6707/6707 6710/6710 6719/6719
f 6720/6720 6721/6721 6708/6708
f 6648/6648 6675/6675 6722/6722
f 6723/6723 6666/6666 6650/6650
f 6713/6713 6714/6714 6724/6724
f 6725/6725 6640/6640 6691/6691
f 6718/6718 6726/6726 6611/6611
f 6720/6720 6727/6727 6721/6721
f 6718/6718 6670/6670 6678/6678
f 6723/6723 6728/6728 6666/6666
f 6729/6729 6707/6707 6719/6719
f 6730/6730 6642/6642 6640/6640
f 6725/6725 6730/6730 6640/6640
f 6692/6692 6701/6701 6693/6693
f 6666/6666 6728/6728 6717/6717
f 6718/6718 6678/6678 6731/6731
f 6713/6713 6724/6724 6732/6732
f 6717/6717 6701/6701 6692/6692
f 6732/6732 6733/6733 6713/6713
f 6733/6733 6716/6716 6713/6713
f 6725/6725 6691/6691 6704/6704
f 6734/6734 6736/6736 6737/6737
f 6611/6611 6726/6726 6695/6695
f 6715/6715 6695/6695 6726/6726
f 6739/6739 6734/6734 6737/6737
f 6740/6740 6694/6694 6741/6741
f 6740/6740 6742/6742 6675/6675
f 6675/6675 6694/6694 6740/6740
f 6743/6743 6725/6725 6704/6704
f 6744/6744 6742/6742 6740/6740
f 6710/6710 6668/6668 6677/6677
f 6717/6717 6728/6728 6723/6723
f 6746/6746 6599/6599 6734/6734
f 6745/6745 6735/6735 6747/6747
f 6715/6715 6726/6726 6748/6748
f 6671/6671 6705/6705 6700/6700
f 6749/6749 6717/6717 6723/6723
f 6619/6619 6750/6750 6751/6751
f 6705/6705 6671/6671 6716/6716
f 6730/6730 6725/6725 6752/6752
f 6730/6730 6752/6752 6753/6753
f 6726/6726 6718/6718 6754/6754
f 6754/6754 6718/6718 6731/6731
f 6755/6755 6756/6756 6757/6757
f 6598/6598 6599/6599 6746/6746
f 6759/6759 6760/6760 6762/6762
f 6763/6763 6750/6750 6619/6619
f 6764/6764 6726/6726 6765/6765
f 6745/6745 6747/6747 6597/6597
f 6766/6766 6705/6705 6716/6716
f 6767/6767 6755/6755 6757/6757
f 6768/6768 6753/6753 6752/6752
f 6765/6765 6726/6726 6754/6754
f 6758/6758 6761/6761 6769/6769
f 6770/6770 6760/6760 6759/6759
f 6772/6772 6641/6641 6642/6642
f 6593/6593 6763/6763 6619/6619
f 6628/6628 6763/6763 6593/6593
f 3670/3670 3666/3666 6669/6669
f 6758/6758 6769/6769 6773/6773
f 6774/6774 6597/6597 6747/6747
f 6669/6669 3669/3669 3670/3670
f 6669/6669 3666/3666 3727/3727
f 6733/6733 6775/6775 6716/6716
f 6667/6667 6597/6597 6774/6774
f 6761/6761 6776/6776 6769/6769
f 6667/6667 6602/6602 6597/6597
f 6641/6641 3724/3724 3672/3672
f 6769/6769 6776/6776 6777/6777
f 6778/6778 6719/6719 6710/6710
f 6779/6779 3724/3724 6641/6641
f 6716/6716 6775/6775 6766/6766
f 6780/6780 6766/6766 6775/6775
f 6777/6777 6781/6781 6769/6769
f 6782/6782 6783/6783 6784/6784
f 6415/6415 6460/6460 6677/6677
f 3724/3724 3759/3759 3720/3720
f 3727/3727 3733/3733 6785/6785
f 6669/6669 3727/3727 6785/6785
f 6786/6786 6783/6783 6787/6787
f 6788/6788 6669/6669 6785/6785
f 6782/6782 6787/6787 6783/6783
f 3759/3759 3724/3724 6779/6779
f 6474/6474 6677/6677 6460/6460
f 6789/6789 6790/6790 6760/6760
f 6788/6788 6785/6785 6791/6791
f 6760/6760 6770/6770 6789/6789
f 6792/6792 6427/6427 6702/6702
f 6782/6782 6793/6793 6787/6787
f 6781/6781 6771/6771 6758/6758
f 6463/6463 6427/6427 6475/6475
f 6767/6767 6794/6794 6755/6755
f 6767/6767 6795/6795 6794/6794
f 6665/6665 6669/6669 6796/6796
f 6676/6676 6665/6665 6796/6796
f 6781/6781 6758/6758 6773/6773
f 6475/6475 6427/6427 6792/6792
f 6797/6797 6795/6795 6767/6767
f 6641/6641 6772/6772 6779/6779
f 6798/6798 6795/6795 6797/6797
f 6669/6669 6788/6788 6796/6796
f 6781/6781 6773/6773 6769/6769
f 6793/6793 6799/6799 6800/6800
f 6794/6794 6795/6795 6801/6801
f 6802/6802 6796/6796 6788/6788
f 6802/6802 6676/6676 6796/6796
f 6800/6800 6799/6799 6757/6757
f 6803/6803 3759/3759 6779/6779
f 6803/6803 6779/6779 6804/6804
f 6781/6781 6777/6777 6805/6805
f 6804/6804 6779/6779 6772/6772
f 6791/6791 6802/6802 6788/6788
f 6794/6794 6801/6801 6806/6806
f 6807/6807 6790/6790 6808/6808
f 6760/6760 6790/6790 6807/6807
f 6785/6785 3733/3733 3757/3757
f 6809/6809 6794/6794 6806/6806
f 3772/3772 3760/3760 3759/3759
f 6810/6810 6811/6811 6812/6812
f 6813/6813 6776/6776 6810/6810
f 6813/6813 6777/6777 6776/6776
f 6757/6757 6814/6814 6767/6767
f 6815/6815 6785/6785 3757/3757
f 6805/6805 6777/6777 6813/6813
f 6475/6475 6792/6792 6816/6816
f 6817/6817 3757/3757 3770/3770
f 6817/6817 6815/6815 3757/3757
f 3757/3757 3743/3743 3770/3770
f 3770/3770 3743/3743 3763/3763
f 6818/6818 6813/6813 6810/6810
f 6819/6819 6792/6792 6702/6702
f 6677/6677 6474/6474 6820/6820
f 3769/3769 6821/6821 3770/3770
f 6819/6819 6702/6702 6822/6822
f 6823/6823 6820/6820 6474/6474
f 6816/6816 6792/6792 6819/6819
f 6818/6818 6810/6810 6812/6812
f 6824/6824 6785/6785 6815/6815
f 6825/6825 6806/6806 6826/6826
f 6791/6791 6785/6785 6824/6824
f 6812/6812 6827/6827 6818/6818
f 6828/6828 6797/6797 6829/6829
f 6830/6830 3759/3759 6803/6803
f 6804/6804 6830/6830 6803/6803
f 6791/6791 6824/6824 6831/6831
f 6826/6826 6806/6806 6801/6801
f 6832/6832 6826/6826 6801/6801
f 6833/6833 6617/6617 6616/6616
f 6616/6616 6834/6834 6833/6833
f 6830/6830 3772/3772 3759/3759
f 6677/6677 6820/6820 6710/6710
f 6835/6835 3772/3772 6830/6830
f 6822/6822 6702/6702 6705/6705
f 6818/6818 6836/6836 6813/6813
f 6837/6837 6833/6833 6834/6834
f 6817/6817 3770/3770 6838/6838
f 6824/6824 6815/6815 6817/6817
f 6826/6826 6839/6839 6825/6825
f 6840/6840 6818/6818 6827/6827
f 6644/6644 6651/6651 6841/6841
f 6839/6839 6842/6842 6825/6825
f 6730/6730 6772/6772 6642/6642
f 6710/6710 6820/6820 6778/6778
f 6651/6651 6843/6843 6841/6841
f 6844/6844 6818/6818 6840/6840
f 6730/6730 6845/6845 6772/6772
f 6651/6651 6637/6637 6843/6843
f 6637/6637 6663/6663 6843/6843
f 6818/6818 6844/6844 6836/6836
f 6846/6846 6780/6780 6775/6775
f 6845/6845 6804/6804 6772/6772
f 6843/6843 6663/6663 6667/6667
f 6847/6847 6754/6754 6731/6731
f 6849/6849 6771/6771 6850/6850
f 6737/6737 6789/6789 6848/6848
f 6765/6765 6754/6754 6847/6847
f 6848/6848 6789/6789 6770/6770
f 6846/6846 6851/6851 6780/6780
f 6845/6845 6730/6730 6753/6753
f 6852/6852 6845/6845 6753/6753
f 4137/4137 6690/6690 6853/6853
f 6845/6845 6852/6852 6804/6804
f 6804/6804 6852/6852 6854/6854
f 6853/6853 3434/3434 4137/4137
f 6731/6731 6855/6855 6847/6847
f 6766/6766 6856/6856 6705/6705
f 6705/6705 6856/6856 6822/6822
f 6853/6853 3442/3442 3434/3434
f 6850/6850 6771/6771 6781/6781
f 3439/3439 3475/3475 3440/3440
f 6678/6678 6676/6676 6802/6802
f 6823/6823 6857/6857 6820/6820
f 6819/6819 6822/6822 6858/6858
f 6858/6858 6822/6822 6856/6856
f 6731/6731 6678/6678 6802/6802
f 6832/6832 6801/6801 6795/6795
f 6859/6859 6850/6850 6781/6781
f 6731/6731 6802/6802 6860/6860
f 6805/6805 6859/6859 6781/6781
f 6697/6697 3440/3440 3475/3475
f 6861/6861 6795/6795 6798/6798
f 6697/6697 3475/3475 6862/6862
f 6802/6802 6791/6791 6863/6863
f 6864/6864 6778/6778 6820/6820
f 6863/6863 6791/6791 6831/6831
f 6861/6861 6832/6832 6795/6795
f 6856/6856 6766/6766 6780/6780
f 6802/6802 6863/6863 6860/6860
f 6780/6780 6851/6851 6856/6856
f 6855/6855 6860/6860 6863/6863
f 6739/6739 6737/6737 6848/6848
f 6857/6857 6864/6864 6820/6820
f 6855/6855 6731/6731 6860/6860
f 6865/6865 6853/6853 6690/6690
f 6856/6856 6866/6866 6858/6858
f 6708/6708 6706/6706 6867/6867
f 6738/6738 6849/6849 6868/6868
f 6828/6828 6798/6798 6797/6797
f 6751/6751 6798/6798 6828/6828
f 6706/6706 6689/6689 6697/6697
f 6854/6854 6830/6830 6804/6804
f 6851/6851 6846/6846 6866/6866
f 6846/6846 6869/6869 6866/6866
f 6866/6866 6856/6856 6851/6851
f 6850/6850 6868/6868 6849/6849
f 6706/6706 6697/6697 6870/6870
f 6871/6871 6831/6831 6824/6824
f 6870/6870 6697/6697 6862/6862
f 6872/6872 6861/6861 6798/6798
f 6863/6863 6831/6831 6871/6871
f 6854/6854 6873/6873 6830/6830
f 6874/6874 6850/6850 6859/6859
f 6875/6875 6873/6873 6854/6854
f 6876/6876 3442/3442 6853/6853
f 6867/6867 6706/6706 6870/6870
f 6863/6863 6871/6871 6877/6877
f 6724/6724 6733/6733 6732/6732
f 6874/6874 6868/6868 6850/6850
f 6733/6733 6724/6724 6878/6878
f 6879/6879 6871/6871 6824/6824
f 6865/6865 6876/6876 6853/6853
f 6835/6835 6830/6830 6873/6873
f 6835/6835 6873/6873 6880/6880
f 6719/6719 6881/6881 6729/6729
f 6870/6870 6862/6862 6882/6882
f 6870/6870 6882/6882 6883/6883
f 6884/6884 6859/6859 6805/6805
f 6884/6884 6805/6805 6885/6885
f 6824/6824 6817/6817 6886/6886
f 6884/6884 6874/6874 6859/6859
f 6887/6887 6879/6879 6824/6824
f 6876/6876 6888/6888 3442/3442
f 6889/6889 6884/6884 6885/6885
f 6890/6890 6888/6888 6876/6876
f 6881/6881 6891/6891 6729/6729
f 6871/6871 6879/6879 6877/6877
f 6892/6892 6805/6805 6813/6813
f 3475/3475 3473/3473 3489/3489
f 6893/6893 6855/6855 6863/6863
f 3473/3473 3467/3467 3489/3489
f 6875/6875 6854/6854 6894/6894
f 6895/6895 6863/6863 6877/6877
f 6896/6896 6826/6826 6832/6832
f 3480/3480 3435/3435 3442/3442
f 6894/6894 6897/6897 6875/6875
f 6898/6898 6899/6899 6900/6900
f 6885/6885 6805/6805 6892/6892
f 6873/6873 6875/6875 6880/6880
f 6897/6897 6880/6880 6875/6875
f 6898/6898 6900/6900 6901/6901
f 6902/6902 6877/6877 6879/6879
f 3477/3477 3480/3480 6903/6903
f 6904/6904 6879/6879 6887/6887
f 6902/6902 6879/6879 6904/6904
f 6813/6813 6836/6836 6892/6892
f 6903/6903 3480/3480 3442/3442
f 6885/6885 6892/6892 6905/6905
f 6895/6895 6877/6877 6902/6902
f 6905/6905 6892/6892 6836/6836
f 6906/6906 6826/6826 6896/6896
f 6862/6862 3475/3475 3489/3489
f 6907/6907 6733/6733 6878/6878
f 6907/6907 6878/6878 6899/6899
f 6895/6895 6902/6902 6904/6904
f 6906/6906 6839/6839 6826/6826
f 6908/6908 6862/6862 3489/3489
f 6703/6703 6438/6438 6452/6452
f 6733/6733 6907/6907 6775/6775
f 6778/6778 6910/6910 6719/6719
f 6438/6438 6703/6703 6263/6263
f 6911/6911 6278/6278 6274/6274
f 6896/6896 6832/6832 6861/6861
f 6911/6911 6274/6274 6698/6698
f 6911/6911 6698/6698 6711/6711
f 6719/6719 6910/6910 6881/6881
f 3489/3489 3486/3486 6912/6912
f 6907/6907 6899/6899 6898/6898
f 6452/6452 6743/6743 6703/6703
f 6914/6914 6896/6896 6861/6861
f 6891/6891 6881/6881 6910/6910
f 6703/6703 6743/6743 6704/6704
f 3489/3489 6912/6912 6908/6908
f 6915/6915 6911/6911 6711/6711
f 6915/6915 6711/6711 6715/6715
f 6906/6906 6896/6896 6914/6914
f 6888/6888 6903/6903 3442/3442
f 6915/6915 6715/6715 6916/6916
f 6885/6885 6905/6905 6917/6917
f 6908/6908 6882/6882 6862/6862
f 6917/6917 6889/6889 6885/6885
f 6743/6743 6452/6452 6458/6458
f 6458/6458 6437/6437 6918/6918
f 6918/6918 6437/6437 6486/6486
f 6911/6911 6459/6459 6278/6278
f 6459/6459 6911/6911 6919/6919
f 6919/6919 6921/6921 6459/6459
f 6921/6921 6919/6919 6922/6922
f 6920/6920 6924/6924 6923/6923
f 6925/6925 6921/6921 6922/6922
f 6921/6921 6925/6925 6459/6459
f 6925/6925 6926/6926 6459/6459
f 6919/6919 6911/6911 6926/6926
f 6924/6924 6920/6920 6927/6927
f 6888/6888 6928/6928 6903/6903
f 6929/6929 6906/6906 6914/6914
f 6900/6900 6930/6930 6931/6931
f 6496/6496 6449/6449 6459/6459
f 6496/6496 6459/6459 6926/6926
f 6882/6882 6908/6908 6933/6933
f 6934/6934 6743/6743 6458/6458
f 6827/6827 6935/6935 6936/6936
f 6918/6918 6934/6934 6458/6458
f 6937/6937 6911/6911 6915/6915
f 6926/6926 6911/6911 6937/6937
f 6840/6840 6827/6827 6936/6936
f 6909/6909 6913/6913 6938/6938
f 6937/6937 6915/6915 6939/6939
f 6932/6932 6909/6909 6938/6938
f 6840/6840 6936/6936 6940/6940
f 6840/6840 6940/6940 6941/6941
f 6900/6900 6942/6942 6901/6901
f 6725/6725 6743/6743 6934/6934
f 3656/3656 3460/3460 3477/3477
f 6943/6943 6839/6839 6906/6906
f 6910/6910 6944/6944 6891/6891
f 6916/6916 6715/6715 6748/6748
f 6725/6725 6934/6934 6752/6752
f 3656/3656 3477/3477 6903/6903
f 6901/6901 6942/6942 6898/6898
f 6941/6941 6844/6844 6840/6840
f 6916/6916 6748/6748 6945/6945
f 6938/6938 6913/6913 6946/6946
f 6903/6903 6947/6947 3656/3656
f 6891/6891 6944/6944 6948/6948
f 6905/6905 6836/6836 6844/6844
f 6748/6748 6726/6726 6764/6764
f 6949/6949 6943/6943 6906/6906
f 6934/6934 6768/6768 6752/6752
f 6931/6931 6930/6930 6950/6950
f 6844/6844 6941/6941 6951/6951
f 6952/6952 6953/6953 6941/6941
f 6945/6945 6748/6748 6764/6764
f 6928/6928 6947/6947 6903/6903
f 6954/6954 6900/6900 6931/6931
f 6951/6951 6905/6905 6844/6844
f 6951/6951 6941/6941 6953/6953
f 6916/6916 6939/6939 6915/6915
f 6955/6955 6931/6931 6956/6956
f 6949/6949 6906/6906 6929/6929
f 6957/6957 6947/6947 6928/6928
f 6905/6905 6951/6951 6917/6917
f 6932/6932 6938/6938 6958/6958
f 6937/6937 6939/6939 6959/6959
f 6939/6939 6960/6960 6959/6959
f 6918/6918 6961/6961 6934/6934
f 6962/6962 6939/6939 6916/6916
f 6946/6946 6958/6958 6938/6938
f 6962/6962 6916/6916 6945/6945
f 6960/6960 6939/6939 6962/6962
f 6891/6891 6948/6948 6963/6963
f 6946/6946 6964/6964 6965/6965
f 6958/6958 6946/6946 6965/6965
f 6966/6966 6945/6945 6967/6967
f 6968/6968 6951/6951 6969/6969
f 6970/6970 6955/6955 6971/6971
f 6969/6969 6951/6951 6953/6953
f 6945/6945 6764/6764 6967/6967
f 6967/6967 6764/6764 6972/6972
f 6942/6942 6900/6900 6954/6954
f 6825/6825 6973/6973 6974/6974
f 6842/6842 6973/6973 6825/6825
f 6975/6975 6934/6934 6961/6961
f 6934/6934 6975/6975 6976/6976
f 6936/6936 6935/6935 6977/6977
f 6918/6918 6486/6486 6509/6509
f 6496/6496 6657/6657 6495/6495
f 6842/6842 6978/6978 6973/6973
f 6970/6970 6954/6954 6931/6931
f 6488/6488 6509/6509 6486/6486
f 6720/6720 6708/6708 6979/6979
f 6979/6979 6708/6708 6867/6867
f 6980/6980 6981/6981 6978/6978
f 6940/6940 6936/6936 6977/6977
f 6931/6931 6955/6955 6970/6970
f 6977/6977 6982/6982 6940/6940
f 6496/6496 6983/6983 6984/6984
f 6944/6944 6985/6985 6948/6948
f 6876/6876 6865/6865 6986/6986
f 6961/6961 6918/6918 6509/6509
f 6883/6883 6867/6867 6870/6870
f 6943/6943 6842/6842 6839/6839
f 6979/6979 6867/6867 6883/6883
f 6842/6842 6943/6943 6978/6978
f 6496/6496 6926/6926 6983/6983
f 6937/6937 6983/6983 6926/6926
f 6959/6959 6983/6983 6937/6937
f 6984/6984 6983/6983 6987/6987
f 6944/6944 6988/6988 6985/6985
f 6989/6989 6940/6940 6982/6982
f 6990/6990 6980/6980 6978/6978
f 6410/6410 6495/6495 6657/6657
f 6890/6890 6876/6876 6991/6991
f 6636/6636 6509/6509 6403/6403
f 6943/6943 6992/6992 6978/6978
f 6940/6940 6952/6952 6941/6941
f 6952/6952 6940/6940 6989/6989
f 6496/6496 6984/6984 6657/6657
f 6990/6990 6978/6978 6992/6992
f 6993/6993 6907/6907 6898/6898
f 6986/6986 6991/6991 6876/6876
f 6882/6882 6995/6995 6883/6883
f 6984/6984 6658/6658 6657/6657
f 6662/6662 6509/6509 6636/6636
f 6846/6846 6775/6775 6907/6907
f 6672/6672 6984/6984 6987/6987
f 6959/6959 6987/6987 6983/6983
f 6959/6959 6672/6672 6987/6987
f 6907/6907 6993/6993 6846/6846
f 6783/6783 6865/6865 6784/6784
f 6658/6658 6984/6984 6672/6672
f 6727/6727 6720/6720 6979/6979
f 6778/6778 6996/6996 6910/6910
f 6997/6997 6727/6727 6979/6979
f 6662/6662 6961/6961 6509/6509
f 6998/6998 6999/6999 7000/7000
f 6662/6662 6975/6975 6961/6961
f 7000/7000 6999/6999 7001/7001
f 6783/6783 6986/6986 6865/6865
f 7000/7000 7001/7001 7002/7002
f 6898/6898 6942/6942 7003/7003
f 7004/7004 6980/6980 7005/7005
f 6898/6898 7003/7003 6993/6993
f 6714/6714 6960/6960 7006/7006
f 7000/7000 7007/7007 6998/6998
f 7007/7007 7000/7000 7002/7002
f 6962/6962 6945/6945 6966/6966
f 7008/7008 7005/7005 6980/6980
f 7006/7006 6966/6966 6967/6967
f 7006/7006 6967/6967 7009/7009
f 7006/7006 6962/6962 6966/6966
f 6960/6960 6962/6962 7006/7006
f 6996/6996 6778/6778 6864/6864
f 6786/6786 6986/6986 6783/6783
f 7010/7010 6982/6982 6998/6998
f 7010/7010 6989/6989 6982/6982
f 6986/6986 6786/6786 7011/7011
f 6997/6997 6979/6979 6883/6883
f 6997/6997 6883/6883 6995/6995
f 7012/7012 6996/6996 6864/6864
f 7013/7013 6997/6997 6995/6995
f 7011/7011 6991/6991 6986/6986
f 7010/7010 6998/6998 7007/7007
f 6991/6991 7011/7011 6890/6890
f 6672/6672 6959/6959 6714/6714
f 6960/6960 6714/6714 6959/6959
f 6869/6869 6846/6846 6993/6993
f 6712/6712 6672/6672 6714/6714
f 7015/7015 6980/6980 6990/6990
f 7007/7007 7002/7002 7016/7016
f 7015/7015 7008/7008 6980/6980
f 6707/6707 6975/6975 6662/6662
f 6993/6993 7017/7017 6869/6869
f 7018/7018 7010/7010 7007/7007
f 7018/7018 7007/7007 7016/7016
f 6995/6995 6882/6882 6933/6933
f 6724/6724 6714/6714 7006/7006
f 6707/6707 6729/6729 6975/6975
f 6724/6724 7006/7006 6878/6878
f 6972/6972 6764/6764 6765/6765
f 7012/7012 7019/7019 6996/6996
f 7020/7020 6996/6996 7019/7019
f 6994/6994 6932/6932 7021/7021
f 7022/7022 6994/6994 7021/7021
f 6768/6768 6852/6852 6753/6753
f 7022/7022 7014/7014 6994/6994
f 6972/6972 6765/6765 6847/6847
f 7023/7023 6993/6993 7003/7003
f 6890/6890 6928/6928 6888/6888
f 6949/6949 6992/6992 6943/6943
f 6852/6852 6768/6768 7024/7024
f 6993/6993 7023/7023 7017/7017
f 6854/6854 6852/6852 6894/6894
f 7021/7021 6932/6932 6958/6958
f 7024/7024 6894/6894 6852/6852
f 7025/7025 7017/7017 7023/7023
f 7026/7026 6847/6847 6855/6855
f 6949/6949 7027/7027 6992/6992
f 7026/7026 6855/6855 7028/7028
f 6910/6910 6996/6996 6944/6944
f 6934/6934 6976/6976 6768/6768
f 7029/7029 7027/7027 6949/6949
f 7021/7021 6958/6958 7030/7030
f 7031/7031 7021/7021 7030/7030
f 6969/6969 6953/6953 7032/7032
f 6967/6967 6972/6972 7033/7033
f 6996/6996 7020/7020 6944/6944
f 6952/6952 6989/6989 7010/7010
f 6972/6972 6847/6847 7033/7033
f 6890/6890 6957/6957 6928/6928
f 7034/7034 6957/6957 6890/6890
f 7035/7035 6952/6952 7010/7010
f 6990/6990 6992/6992 7027/7027
f 7036/7036 7035/7035 7010/7010
f 6976/6976 7024/7024 6768/6768
f 7022/7022 7021/7021 7031/7031
f 6847/6847 7026/7026 7033/7033
f 7036/7036 7010/7010 7018/7018
f 6954/6954 6970/6970 6942/6942
f 7034/7034 6890/6890 7037/7037
f 7038/7038 7039/7039 7024/7024
f 7040/7040 6890/6890 7011/7011
f 7003/7003 6942/6942 7041/7041
f 6890/6890 7040/7040 7037/7037
f 7027/7027 7015/7015 6990/6990
f 7023/7023 7003/7003 7041/7041
f 6976/6976 7038/7038 7024/7024
f 7042/7042 7033/7033 7026/7026
f 7041/7041 6942/6942 7043/7043
f 7036/7036 7018/7018 7016/7016
f 7044/7044 7008/7008 7015/7015
f 7045/7045 7031/7031 7030/7030
f 7043/7043 6942/6942 6970/6970
f 7046/7046 7022/7022 7031/7031
f 7047/7047 7036/7036 7016/7016
f 7039/7039 6894/6894 7024/7024
f 6944/6944 7048/7048 6988/6988
f 6952/6952 7049/7049 6953/6953
f 7049/7049 6952/6952 7035/7035
f 7050/7050 7031/7031 7045/7045
f 7031/7031 7050/7050 7046/7046
f 6893/6893 6863/6863 6895/6895
f 7051/7051 6897/6897 6894/6894
f 7048/7048 7052/7052 6988/6988
f 3656/3656 3668/3668 3631/3631
f 7053/7053 7043/7043 6970/6970
f 7053/7053 6970/6970 7054/7054
f 7028/7028 6855/6855 6893/6893
f 6913/6913 3487/3487 6946/6946
f 7055/7055 7027/7027 7029/7029
f 6946/6946 3487/3487 3657/3657
f 7039/7039 7051/7051 6894/6894
f 6946/6946 3657/3657 6964/6964
f 7036/7036 7056/7056 7035/7035
f 7028/7028 6893/6893 7057/7057
f 6947/6947 3668/3668 3656/3656
f 7049/7049 7035/7035 7056/7056
f 7058/7058 7056/7056 7059/7059
f 7015/7015 7027/7027 7055/7055
f 7060/7060 3652/3652 3664/3664
f 7060/7060 3657/3657 3652/3652
f 7061/7061 6895/6895 6904/6904
f 7056/7056 7036/7036 7047/7047
f 7062/7062 7023/7023 7041/7041
f 7025/7025 7023/7023 7062/7062
f 7063/7063 7015/7015 7055/7055
f 7057/7057 6893/6893 6895/6895
f 3668/3668 6957/6957 7064/7064
f 7061/7061 7057/7057 6895/6895
f 7065/7065 7057/7057 7061/7061
f 7063/7063 7055/7055 7066/7066
f 3704/3704 7060/7060 3664/3664
f 7062/7062 7041/7041 7067/7067
f 7064/7064 3673/3673 3668/3668
f 7020/7020 7048/7048 6944/6944
f 6964/6964 3657/3657 7060/7060
f 6872/6872 6798/6798 6751/6751
f 7041/7041 7043/7043 7067/7067
f 7068/7068 7028/7028 7057/7057
f 7067/7067 7043/7043 7053/7053
f 6751/6751 6861/6861 6872/6872
f 7069/7069 7060/7060 3704/3704
f 7051/7051 7039/7039 7038/7038
f 3673/3673 7064/7064 7070/7070
f 6735/6735 6738/6738 7071/7071
f 7071/7071 6738/6738 7072/7072
f 6750/6750 7073/7073 6751/6751
f 7073/7073 6861/6861 6751/6751
f 7065/7065 7068/7068 7057/7057
f 7051/7051 7038/7038 7074/7074
f 7065/7065 7075/7075 7068/7068
f 7072/7072 6738/6738 6868/6868
f 7076/7076 7048/7048 7020/7020
f 6947/6947 6957/6957 3668/3668
f 7054/7054 7067/7067 7053/7053
f 7077/7077 7048/7048 7076/7076
f 7078/7078 6965/6965 6964/6964
f 7009/7009 6967/6967 7033/7033
f 7009/7009 7033/7033 7079/7079
f 7078/7078 6964/6964 7060/7060
f 6476/6476 6475/6475 6816/6816
f 7080/7080 6868/6868 6874/6874
f 7080/7080 6874/6874 7081/7081
f 7082/7082 7064/7064 6957/6957
f 7083/7083 7009/7009 7079/7079
f 7064/7064 7082/7082 7070/7070
f 7078/7078 7060/7060 7069/7069
f 6747/6747 6735/6735 7071/7071
f 7079/7079 7033/7033 7042/7042
f 7042/7042 7026/7026 7079/7079
f 7079/7079 7026/7026 7028/7028
f 6763/6763 7073/7073 6750/6750
f 6763/6763 7084/7084 7073/7073
f 6532/6532 6476/6476 7085/7085
f 7069/7069 3704/3704 7086/7086
f 7087/7087 7038/7038 6976/6976
f 6747/6747 7071/7071 7088/7088
f 7089/7089 7069/7069 7086/7086
f 6476/6476 6816/6816 7085/7085
f 7088/7088 7071/7071 7072/7072
f 6474/6474 6531/6531 7090/7090
f 6729/6729 6976/6976 6975/6975
f 3709/3709 3681/3681 3673/3673
f 3708/3708 3704/3704 3683/3683
f 7080/7080 7072/7072 6868/6868
f 7088/7088 7072/7072 7080/7080
f 3693/3693 7091/7091 3708/3708
f 7070/7070 3709/3709 3673/3673
f 6819/6819 7092/7092 6816/6816
f 7090/7090 6857/6857 6823/6823
f 6878/6878 7006/7006 7009/7009
f 7093/7093 3708/3708 7091/7091
f 7090/7090 6823/6823 6474/6474
f 3693/3693 3712/3712 7094/7094
f 6878/6878 7009/7009 7083/7083
f 6878/6878 7083/7083 6899/6899
f 6729/6729 7087/7087 6976/6976
f 7084/7084 7095/7095 7073/7073
f 7086/7086 3704/3704 7093/7093
f 3704/3704 3708/3708 7093/7093
f 7085/7085 6816/6816 7092/7092
f 7096/7096 7086/7086 7093/7093
f 7081/7081 6874/6874 6884/6884
f 6965/6965 7030/7030 6958/6958
f 7092/7092 6819/6819 6858/6858
f 7030/7030 6965/6965 7097/7097
f 6914/6914 6861/6861 7073/7073
f 7081/7081 6884/6884 6889/6889
f 7083/7083 6900/6900 6899/6899
f 6900/6900 7083/7083 6930/6930
f 6930/6930 7083/7083 7079/7079
f 6518/6518 7098/7098 6528/6528
f 7095/7095 6914/6914 7073/7073
f 7097/7097 6965/6965 7078/7078
f 7099/7099 6528/6528 7098/7098
f 7099/7099 6531/6531 6528/6528
f 7099/7099 7090/7090 6531/6531
f 7100/7100 7081/7081 6889/6889
f 7097/7097 7078/7078 7101/7101
f 7102/7102 7103/7103 6957/6957
f 7100/7100 7080/7080 7081/7081
f 7069/7069 7089/7089 7078/7078
f 7082/7082 6957/6957 7103/7103
f 7104/7104 7080/7080 7100/7100
f 7105/7105 6537/6537 7085/7085
f 7038/7038 7087/7087 7106/7106
f 7087/7087 6729/6729 6891/6891
f 7089/7089 7086/7086 7096/7096
f 7085/7085 6537/6537 6532/6532
f 7101/7101 7078/7078 7089/7089
f 7104/7104 7100/7100 7107/7107
f 6891/6891 6963/6963 7087/7087
f 7108/7108 7101/7101 7089/7089
f 7045/7045 7030/7030 7097/7097
f 7028/7028 7109/7109 7079/7079
f 7028/7028 7110/7110 7109/7109
f 7110/7110 7028/7028 7068/7068
f 7045/7045 7097/7097 7111/7111
f 6957/6957 7034/7034 7102/7102
f 7112/7112 6914/6914 7095/7095
f 7099/7099 7098/7098 7113/7113
f 7111/7111 7097/7097 7101/7101
f 7098/7098 6588/6588 7113/7113
f 7050/7050 7045/7045 7111/7111
f 6929/6929 6914/6914 7112/7112
f 7099/7099 7113/7113 7114/7114
f 7068/7068 7075/7075 7115/7115
f 7074/7074 7038/7038 7106/7106
f 7116/7116 6889/6889 6917/6917
f 7105/7105 7085/7085 7092/7092
f 7115/7115 7110/7110 7068/7068
f 7100/7100 6889/6889 7117/7117
f 7118/7118 7101/7101 7108/7108
f 6930/6930 7079/7079 7109/7109
f 7111/7111 7101/7101 7118/7118
f 7110/7110 6950/6950 7109/7109
f 7090/7090 7099/7099 7114/7114
f 7109/7109 6950/6950 6930/6930
f 7119/7119 7105/7105 7092/7092
f 7110/7110 6956/6956 6950/6950
f 6956/6956 7110/7110 7120/7120
f 7120/7120 7110/7110 7115/7115
f 7091/7091 3693/3693 7094/7094
f 6963/6963 7106/7106 7087/7087
f 6931/6931 6950/6950 6956/6956
f 7121/7121 7100/7100 7117/7117
f 7122/7122 7112/7112 7095/7095
f 3710/3710 3709/3709 7123/7123
f 4040/4040 6838/6838 6821/6821
f 3770/3770 6821/6821 6838/6838
f 3772/3772 7124/7124 3771/3771
f 7107/7107 7100/7100 7121/7121
f 7125/7125 7094/7094 4173/4173
f 7126/7126 7094/7094 7125/7125
f 7124/7124 4051/4051 3771/3771
f 3710/3710 7123/7123 3719/3719
f 7127/7127 3719/3719 7123/7123
f 7128/7128 7112/7112 7122/7122
f 7119/7119 7092/7092 6858/6858
f 7070/7070 7129/7129 3709/3709
f 7130/7130 6857/6857 7090/7090
f 7128/7128 7131/7131 7112/7112
f 7123/7123 3709/3709 7129/7129
f 7119/7119 6858/6858 7132/7132
f 7082/7082 7129/7129 7070/7070
f 6835/6835 7124/7124 3772/3772
f 6747/6747 7088/7088 6774/6774
f 7093/7093 7133/7133 7096/7096
f 7134/7134 6864/6864 6857/6857
f 6763/6763 6628/6628 7135/7135
f 7135/7135 7084/7084 6763/6763
f 7136/7136 7123/7123 7129/7129
f 7137/7137 7138/7138 7139/7139
f 7137/7137 6838/6838 7138/7138
f 7140/7140 7135/7135 6628/6628
f 7126/7126 7093/7093 7091/7091
f 7126/7126 7091/7091 7094/7094
f 6626/6626 7140/7140 6628/6628
f 7012/7012 6864/6864 7134/7134
f 7130/7130 7134/7134 6857/6857
f 6866/6866 7132/7132 6858/6858
f 6886/6886 6817/6817 6838/6838
f 7137/7137 6886/6886 6838/6838
f 6626/6626 6833/6833 7140/7140
f 7141/7141 7124/7124 6835/6835
f 7126/7126 7133/7133 7093/7093
f 7142/7142 7012/7012 7134/7134
f 7143/7143 7132/7132 6866/6866
f 7143/7143 6866/6866 7144/7144
f 7125/7125 7145/7145 7126/7126
f 7136/7136 7127/7127 7123/7123
f 7146/7146 7127/7127 7136/7136
f 7133/7133 7126/7126 7145/7145
f 7141/7141 4051/4051 7124/7124
f 7147/7147 7113/7113 6588/6588
f 7088/7088 7080/7080 7148/7148
f 7088/7088 7148/7148 6774/6774
f 7103/7103 7129/7129 7082/7082
f 7137/7137 7139/7139 7149/7149
f 7147/7147 7114/7114 7113/7113
f 7150/7150 4051/4051 7141/7141
f 7103/7103 7151/7151 7129/7129
f 7152/7152 7151/7151 7103/7103
f 7103/7103 7102/7102 7152/7152
f 7114/7114 7130/7130 7090/7090
f 7153/7153 7108/7108 7089/7089
f 7095/7095 7084/7084 7122/7122
f 6887/6887 6824/6824 6886/6886
f 7084/7084 7154/7154 7122/7122
f 7154/7154 7084/7084 7135/7135
f 7140/7140 7154/7154 7135/7135
f 7118/7118 7108/7108 7153/7153
f 6880/6880 7141/7141 6835/6835
f 6886/6886 7137/7137 7155/7155
f 6886/6886 7155/7155 6887/6887
f 7105/7105 7119/7119 7156/7156
f 7151/7151 7136/7136 7129/7129
f 7157/7157 7148/7148 7158/7158
f 6880/6880 7150/7150 7141/7141
f 7159/7159 7089/7089 7096/7096
f 7155/7155 7137/7137 7149/7149
f 7157/7157 7160/7160 6667/6667
f 7159/7159 7096/7096 7161/7161
f 7157/7157 6667/6667 6774/6774
f 7148/7148 7157/7157 6774/6774
f 7156/7156 7119/7119 7132/7132
f 6880/6880 7162/7162 7150/7150
f 7163/7163 7136/7136 7151/7151
f 7161/7161 7096/7096 7164/7164
f 7165/7165 7166/7166 6841/6841
f 7160/7160 6843/6843 6667/6667
f 7167/7167 7133/7133 7145/7145
f 7130/7130 7114/7114 7134/7134
f 7165/7165 6841/6841 6843/6843
f 7164/7164 7096/7096 7133/7133
f 7160/7160 7165/7165 6843/6843
f 7163/7163 7146/7146 7136/7136
f 7164/7164 7133/7133 7167/7167
f 7157/7157 7165/7165 7160/7160
f 7157/7157 7168/7168 7165/7165
f 7146/7146 7163/7163 7169/7169
f 6904/6904 6887/6887 7155/7155
f 7170/7170 7142/7142 7134/7134
f 7161/7161 7089/7089 7159/7159
f 6904/6904 7171/7171 7172/7172
f 6904/6904 7155/7155 7171/7171
f 7148/7148 7080/7080 7104/7104
f 7153/7153 7089/7089 7161/7161
f 7156/7156 7132/7132 7173/7173
f 7163/7163 7151/7151 7152/7152
f 7172/7172 7174/7174 6904/6904
f 7132/7132 7143/7143 7173/7173
f 7161/7161 7175/7175 7176/7176
f 7147/7147 7134/7134 7114/7114
f 7147/7147 7170/7170 7134/7134
f 7104/7104 7158/7158 7148/7148
f 7177/7177 7171/7171 7155/7155
f 7177/7177 7155/7155 7149/7149
f 7178/7178 7153/7153 7176/7176
f 7158/7158 7104/7104 7107/7107
f 7153/7153 7161/7161 7176/7176
f 7177/7177 7149/7149 7179/7179
f 7179/7179 7149/7149 7180/7180
f 7181/7181 7169/7169 7163/7163
f 7182/7182 7163/7163 7152/7152
f 7181/7181 7163/7163 7182/7182
f 6837/6837 7183/7183 7184/7184
f 7175/7175 7161/7161 7164/7164
f 7185/7185 7172/7172 7171/7171
f 7175/7175 7164/7164 7186/7186
f 6837/6837 6834/6834 7166/7166
f 6620/6620 6200/6200 6537/6537
f 6833/6833 6837/6837 7184/7184
f 7166/7166 7183/7183 6837/6837
f 7185/7185 7171/7171 7177/7177
f 7187/7187 7183/7183 7166/7166
f 7188/7188 6620/6620 6537/6537
f 7186/7186 7164/7164 7167/7167
f 7188/7188 6537/6537 7105/7105
f 7140/7140 7184/7184 7189/7189
f 7190/7190 7150/7150 7191/7191
f 7154/7154 7140/7140 7189/7189
f 7191/7191 7150/7150 7162/7162
f 7175/7175 7186/7186 7192/7192
f 7193/7193 6727/6727 7194/7194
f 7179/7179 7185/7185 7177/7177
f 7184/7184 7183/7183 7195/7195
f 7196/7196 7193/7193 7194/7194
f 7197/7197 7190/7190 7191/7191
f 6620/6620 7198/7198 6622/6622
f 7183/7183 7187/7187 7199/7199
f 7188/7188 7198/7198 6620/6620
f 4040/4040 6821/6821 3769/3769
f 6727/6727 6997/6997 7194/7194
f 7183/7183 7199/7199 7195/7195
f 7198/7198 7188/7188 7156/7156
f 7138/7138 6838/6838 4040/4040
f 7198/7198 7156/7156 7200/7200
f 7194/7194 7201/7201 7196/7196
f 4040/4040 4028/4028 7138/7138
f 7202/7202 7187/7187 7166/7166
f 4058/4058 7138/7138 4028/4028
f 6629/6629 6622/6622 7198/7198
f 7202/7202 7166/7166 7165/7165
f 7168/7168 7157/7157 7158/7158
f 7188/7188 7105/7105 7156/7156
f 6786/6786 6787/6787 7203/7203
f 7204/7204 7202/7202 7165/7165
f 7204/7204 7165/7165 7168/7168
f 7205/7205 7194/7194 6997/6997
f 7205/7205 6997/6997 7013/7013
f 7207/7207 4055/4055 4051/4051
f 7208/7208 7199/7199 7187/7187
f 6612/6612 7209/7209 6607/6607
f 7204/7204 7187/7187 7202/7202
f 7204/7204 7208/7208 7187/7187
f 7139/7139 7138/7138 4058/4058
f 7194/7194 7205/7205 7210/7210
f 6786/6786 7040/7040 7011/7011
f 7203/7203 7040/7040 6786/6786
f 7200/7200 7212/7212 7198/7198
f 6629/6629 7198/7198 7212/7212
f 7213/7213 7149/7149 7139/7139
f 7214/7214 7196/7196 7201/7201
f 7189/7189 7215/7215 7154/7154
f 7200/7200 7156/7156 7173/7173
f 7158/7158 7107/7107 7216/7216
f 7207/7207 4077/4077 4055/4055
f 7154/7154 7128/7128 7122/7122
f 6787/6787 6793/6793 7217/7217
f 7215/7215 7128/7128 7154/7154
f 4077/4077 7207/7207 7218/7218
f 7107/7107 7121/7121 7216/7216
f 7219/7219 7214/7214 7201/7201
f 7219/7219 7201/7201 7210/7210
f 7173/7173 7212/7212 7200/7200
f 7201/7201 7194/7194 7210/7210
f 4058/4058 4059/4059 4067/4067
f 7217/7217 7203/7203 6787/6787
f 7195/7195 7220/7220 7184/7184
f 6866/6866 6869/6869 7144/7144
f 7221/7221 7211/7211 7206/7206
f 7222/7222 7012/7012 7142/7142
f 7223/7223 4067/4067 4104/4104
f 7221/7221 7206/7206 7224/7224
f 4077/4077 4129/4129 4083/4083
f 4067/4067 7225/7225 4058/4058
f 7226/7226 4058/4058 7225/7225
f 7225/7225 4067/4067 7223/7223
f 7227/7227 7203/7203 7217/7217
f 7019/7019 7012/7012 7222/7222
f 7228/7228 7206/7206 7014/7014
f 7224/7224 7206/7206 7228/7228
f 7150/7150 7207/7207 4051/4051
f 7229/7229 6607/6607 7209/7209
f 7173/7173 7143/7143 7230/7230
f 7040/7040 7203/7203 7231/7231
f 7204/7204 7168/7168 7158/7158
f 7231/7231 7203/7203 7227/7227
f 7158/7158 7216/7216 7232/7232
f 7213/7213 4058/4058 7226/7226
f 7014/7014 7022/7022 7228/7228
f 7213/7213 7139/7139 4058/4058
f 7232/7232 7204/7204 7158/7158
f 7046/7046 7228/7228 7022/7022
f 7233/7233 7204/7204 7232/7232
f 7208/7208 7204/7204 7233/7233
f 7234/7234 7173/7173 7230/7230
f 7208/7208 7233/7233 7235/7235
f 7218/7218 7207/7207 7150/7150
f 7213/7213 7226/7226 7236/7236
f 7170/7170 7237/7237 7142/7142
f 7237/7237 7170/7170 7238/7238
f 7232/7232 7216/7216 7239/7239
f 7239/7239 7233/7233 7232/7232
f 7240/7240 7237/7237 7238/7238
f 7117/7117 6889/6889 7116/7116
f 7226/7226 7241/7241 7236/7236
f 7040/7040 7034/7034 7037/7037
f 6917/6917 6951/6951 6968/6968
f 6968/6968 7116/7116 6917/6917
f 7242/7242 7228/7228 7046/7046
f 7225/7225 7241/7241 7226/7226
f 7218/7218 4129/4129 4077/4077
f 7243/7243 6869/6869 7017/7017
f 7242/7242 7046/7046 7050/7050
f 7144/7144 6869/6869 7243/7243
f 7241/7241 7225/7225 7223/7223
f 7040/7040 7244/7244 7034/7034
f 7244/7244 7102/7102 7034/7034
f 7245/7245 6929/6929 7112/7112
f 7116/7116 6968/6968 7246/7246
f 7025/7025 7247/7247 7017/7017
f 7245/7245 6949/6949 6929/6929
f 7242/7242 7050/7050 7248/7248
f 7213/7213 7180/7180 7149/7149
f 7249/7249 6968/6968 6969/6969
f 7243/7243 7017/7017 7247/7247
f 7250/7250 7224/7224 7228/7228
f 7251/7251 7250/7250 7228/7228
f 7249/7249 6969/6969 7032/7032
f 7231/7231 7244/7244 7040/7040
f 7251/7251 7228/7228 7242/7242
f 7252/7252 7076/7076 7222/7222
f 7230/7230 7143/7143 7144/7144
f 7236/7236 7180/7180 7213/7213
f 7230/7230 7144/7144 7243/7243
f 7180/7180 7236/7236 7253/7253
f 7190/7190 7218/7218 7150/7150
f 7121/7121 7117/7117 7254/7254
f 7216/7216 7121/7121 7254/7254
f 7245/7245 7112/7112 7131/7131
f 7234/7234 7230/7230 7255/7255
f 7246/7246 7117/7117 7116/7116
f 7251/7251 7242/7242 7248/7248
f 7222/7222 7142/7142 7237/7237
f 7256/7256 7257/7257 7218/7218
f 7230/7230 7243/7243 7258/7258
f 7131/7131 7259/7259 7245/7245
f 7190/7190 7256/7256 7218/7218
f 7258/7258 7243/7243 7247/7247
f 7252/7252 7222/7222 7237/7237
f 7253/7253 7236/7236 7260/7260
f 7254/7254 7117/7117 7246/7246
f 7231/7231 7261/7261 7244/7244
f 7262/7262 7259/7259 7131/7131
f 7255/7255 7230/7230 7258/7258
f 7263/7263 7251/7251 7248/7248
f 7254/7254 7246/7246 7264/7264
f 7246/7246 6968/6968 7249/7249
f 7260/7260 7236/7236 7241/7241
f 7241/7241 7265/7265 7260/7260
f 7240/7240 7252/7252 7237/7237
f 7266/7266 7214/7214 7219/7219
f 7266/7266 7267/7267 7214/7214
f 7268/7268 7180/7180 7253/7253
f 7258/7258 7269/7269 7255/7255
f 7180/7180 7268/7268 7179/7179
f 6793/6793 6800/6800 7217/7217
f 7246/7246 7249/7249 7264/7264
f 7270/7270 7179/7179 7268/7268
f 6807/6807 7267/7267 7266/7266
f 7264/7264 7249/7249 7271/7271
f 7222/7222 7076/7076 7019/7019
f 7076/7076 7020/7020 7019/7019
f 7247/7247 7025/7025 7062/7062
f 7215/7215 7131/7131 7128/7128
f 7273/7273 7266/7266 7219/7219
f 7268/7268 7253/7253 7260/7260
f 7239/7239 7216/7216 7254/7254
f 7215/7215 7262/7262 7131/7131
f 7274/7274 7260/7260 7265/7265
f 7273/7273 7219/7219 7275/7275
f 7215/7215 7277/7277 7262/7262
f 6800/6800 7227/7227 7217/7217
f 7067/7067 7278/7278 7062/7062
f 6800/6800 6756/6756 7227/7227
f 7254/7254 7264/7264 7239/7239
f 7260/7260 7274/7274 7268/7268
f 7275/7275 7219/7219 7210/7210
f 7247/7247 7062/7062 7279/7279
f 7274/7274 7280/7280 7268/7268
f 7221/7221 7281/7281 7211/7211
f 7062/7062 7278/7278 7279/7279
f 7282/7282 7199/7199 7208/7208
f 7195/7195 7199/7199 7282/7282
f 7283/7283 4129/4129 7218/7218
f 7235/7235 7282/7282 7208/7208
f 7220/7220 7195/7195 7284/7284
f 7282/7282 7284/7284 7195/7195
f 4104/4104 7285/7285 7223/7223
f 7276/7276 7211/7211 6776/6776
f 7211/7211 7281/7281 6776/6776
f 6808/6808 7267/7267 6807/6807
f 7286/7286 7284/7284 7282/7282
f 7257/7257 7283/7283 7218/7218
f 6807/6807 7266/7266 7273/7273
f 7241/7241 7285/7285 7287/7287
f 6807/6807 7273/7273 6762/6762
f 7286/7286 7235/7235 7288/7288
f 7278/7278 7067/7067 7289/7289
f 7290/7290 7283/7283 7257/7257
f 7291/7291 7076/7076 7252/7252
f 6800/6800 6757/6757 6756/6756
f 7239/7239 7235/7235 7233/7233
f 6760/6760 6807/6807 6762/6762
f 7239/7239 7288/7288 7235/7235
f 7285/7285 7241/7241 7223/7223
f 7292/7292 7291/7291 7252/7252
f 7293/7293 6949/6949 7245/7245
f 6949/6949 7293/7293 7029/7029
f 7241/7241 7287/7287 7294/7294
f 7289/7289 7054/7054 7295/7295
f 7054/7054 7289/7289 7067/7067
f 7289/7289 7296/7296 7278/7278
f 6755/6755 6794/6794 6756/6756
f 7259/7259 7293/7293 7245/7245
f 7289/7289 7297/7297 7296/7296
f 6776/6776 7272/7272 7276/7276
f 7249/7249 7032/7032 7298/7298
f 7299/7299 7293/7293 7259/7259
f 6794/6794 7227/7227 6756/6756
f 7262/7262 7299/7299 7259/7259
f 4138/4138 7300/7300 4133/4133
f 7285/7285 4104/4104 4133/4133
f 6761/6761 7272/7272 6776/6776
f 7283/7283 4136/4136 4129/4129
f 7264/7264 7271/7271 7301/7301
f 7285/7285 4133/4133 7300/7300
f 7277/7277 7302/7302 7299/7299
f 7258/7258 7247/7247 7279/7279
f 4138/4138 4144/4144 7303/7303
f 7304/7304 7277/7277 7220/7220
f 7304/7304 7302/7302 7277/7277
f 7305/7305 7252/7252 7240/7240
f 4141/4141 4136/4136 7306/7306
f 7299/7299 7302/7302 7307/7307
f 7308/7308 7269/7269 7258/7258
f 6811/6811 6776/6776 7281/7281
f 7300/7300 4138/4138 7303/7303
f 7032/7032 6953/6953 7049/7049
f 6794/6794 6809/6809 7227/7227
f 7309/7309 7258/7258 7279/7279
f 7298/7298 7032/7032 7049/7049
f 7281/7281 7221/7221 7224/7224
f 7290/7290 7306/7306 4136/4136
f 7258/7258 7309/7309 7308/7308
f 7281/7281 7224/7224 7250/7250
f 6811/6811 7281/7281 7250/7250
f 7029/7029 7310/7310 7055/7055
f 7311/7311 4144/4144 4147/4147
f 7303/7303 4144/4144 7311/7311
f 7292/7292 7252/7252 7305/7305
f 7293/7293 7310/7310 7029/7029
f 7298/7298 7049/7049 7058/7058
f 7290/7290 4136/4136 7283/7283
f 7292/7292 7305/7305 7312/7312
f 7308/7308 7309/7309 7313/7313
f 7314/7314 7298/7298 7058/7058
f 7285/7285 7300/7300 7315/7315
f 7287/7287 7285/7285 7315/7315
f 7312/7312 7316/7316 7292/7292
f 7231/7231 7227/7227 6809/6809
f 7058/7058 7049/7049 7056/7056
f 7278/7278 7296/7296 7279/7279
f 7055/7055 7310/7310 7317/7317
f 7318/7318 7314/7314 7058/7058
f 6809/6809 7261/7261 7231/7231
f 7309/7309 7279/7279 7296/7296
f 7319/7319 7317/7317 7310/7310
f 7263/7263 7320/7320 7251/7251
f 7321/7321 7309/7309 7296/7296
f 7317/7317 7322/7322 7055/7055
f 7323/7323 7058/7058 7059/7059
f 6612/6612 7324/7324 7209/7209
f 6612/6612 6627/6627 7324/7324
f 7319/7319 7322/7322 7317/7317
f 7315/7315 7300/7300 7303/7303
f 7318/7318 7058/7058 7323/7323
f 7325/7325 7250/7250 7251/7251
f 7325/7325 7251/7251 7320/7320
f 7249/7249 7298/7298 7271/7271
f 4135/4135 4141/4141 7306/7306
f 7306/7306 7326/7326 4135/4135
f 4147/4147 4132/4132 7311/7311
f 7327/7327 7310/7310 7293/7293
f 7299/7299 7327/7327 7293/7293
f 7311/7311 4132/4132 6674/6674
f 7328/7328 7310/7310 7327/7327
f 7329/7329 6629/6629 7212/7212
f 7325/7325 6812/6812 6811/6811
f 6627/6627 6629/6629 7329/7329
f 7324/7324 6627/6627 7329/7329
f 6776/6776 6811/6811 6810/6810
f 7327/7327 7299/7299 7328/7328
f 7271/7271 7298/7298 7314/7314
f 6680/6680 4135/4135 7326/7326
f 7147/7147 7330/7330 7170/7170
f 7306/7306 7290/7290 7331/7331
f 6811/6811 7250/7250 7325/7325
f 7170/7170 7330/7330 7238/7238
f 7261/7261 6809/6809 6974/6974
f 7318/7318 7332/7332 7314/7314
f 7328/7328 7319/7319 7310/7310
f 7303/7303 7311/7311 7315/7315
f 7315/7315 7311/7311 6709/6709
f 7331/7331 7326/7326 7306/7306
f 7299/7299 7307/7307 7328/7328
f 7326/7326 7331/7331 7333/7333
f 7307/7307 7302/7302 7334/7334
f 6709/6709 7311/7311 6674/6674
f 7212/7212 7173/7173 7234/7234
f 6688/6688 6709/6709 6674/6674
f 7335/7335 7212/7212 7234/7234
f 7333/7333 6680/6680 7326/7326
f 6809/6809 6806/6806 6974/6974
f 6974/6974 6806/6806 6825/6825
f 7336/7336 7319/7319 7328/7328
f 7335/7335 7337/7337 7212/7212
f 7338/7338 7333/7333 7331/7331
f 7339/7339 7315/7315 6709/6709
f 7339/7339 6709/6709 6708/6708
f 7340/7340 7229/7229 7209/7209
f 7271/7271 7314/7314 7341/7341
f 7050/7050 7111/7111 7342/7342
f 7341/7341 7314/7314 7332/7332
f 7209/7209 7324/7324 7340/7340
f 7333/7333 6690/6690 6680/6680
f 7307/7307 7336/7336 7328/7328
f 7343/7343 7229/7229 7340/7340
f 7336/7336 7307/7307 7344/7344
f 7248/7248 7050/7050 7342/7342
f 7324/7324 7329/7329 7345/7345
f 7304/7304 7346/7346 7347/7347
f 7102/7102 7244/7244 7348/7348
f 7342/7342 7111/7111 7349/7349
f 7302/7302 7350/7350 7334/7334
f 7302/7302 7304/7304 7350/7350
f 7345/7345 7351/7351 7324/7324
f 7347/7347 7350/7350 7304/7304
f 7349/7349 7111/7111 7118/7118
f 7352/7352 7257/7257 7256/7256
f 7353/7353 7238/7238 7330/7330
f 7347/7347 7354/7354 7350/7350
f 7334/7334 7344/7344 7307/7307
f 7344/7344 7334/7334 7355/7355
f 7263/7263 7248/7248 7342/7342
f 7255/7255 7335/7335 7234/7234
f 7241/7241 7294/7294 7265/7265
f 7334/7334 7350/7350 7354/7354
f 7238/7238 7356/7356 7240/7240
f 7261/7261 7357/7357 7244/7244
f 7294/7294 7358/7358 7265/7265
f 7354/7354 7355/7355 7334/7334
f 7356/7356 7238/7238 7353/7353
f 7290/7290 7257/7257 7352/7352
f 7263/7263 7342/7342 7359/7359
f 7360/7360 7263/7263 7359/7359
f 7299/7299 7262/7262 7277/7277
f 7361/7361 7256/7256 7190/7190
f 7335/7335 7255/7255 7362/7362
f 7261/7261 6974/6974 7357/7357
f 7320/7320 7263/7263 7360/7360
f 6935/6935 7320/7320 7360/7360
f 7363/7363 7256/7256 7361/7361
f 7329/7329 7212/7212 7337/7337
f 7325/7325 7320/7320 6935/6935
f 7363/7363 7352/7352 7256/7256
f 6935/6935 6812/6812 7325/7325
f 7345/7345 7329/7329 7337/7337
f 7264/7264 7301/7301 7239/7239
f 7358/7358 7294/7294 7364/7364
f 7358/7358 7365/7365 7265/7265
f 7274/7274 7265/7265 7365/7365
f 6827/6827 6812/6812 6935/6935
f 7345/7345 7337/7337 7366/7366
f 7366/7366 7337/7337 7335/7335
f 7348/7348 7152/7152 7102/7102
f 7367/7367 7239/7239 7301/7301
f 7288/7288 7239/7239 7367/7367
f 7368/7368 7352/7352 7363/7363
f 7220/7220 7284/7284 7304/7304
f 7369/7369 7118/7118 7178/7178
f 7370/7370 7368/7368 7363/7363
f 7304/7304 7284/7284 7286/7286
f 7369/7369 7349/7349 7118/7118
f 7286/7286 7371/7371 7304/7304
f 7349/7349 7369/7369 7359/7359
f 7304/7304 7371/7371 7346/7346
f 7372/7372 7348/7348 7244/7244
f 7373/7373 7359/7359 7369/7369
f 7286/7286 7288/7288 7371/7371
f 7374/7374 7368/7368 7370/7370
f 7152/7152 7348/7348 7372/7372
f 7375/7375 7358/7358 7376/7376
f 7357/7357 7372/7372 7244/7244
f 7377/7377 7343/7343 7340/7340
f 7351/7351 7340/7340 7324/7324
f 7301/7301 7378/7378 7367/7367
f 7359/7359 7342/7342 7349/7349
f 7371/7371 7288/7288 7379/7379
f 7379/7379 7288/7288 7367/7367
f 7368/7368 7290/7290 7352/7352
f 7380/7380 7359/7359 7373/7373
f 7364/7364 7294/7294 7287/7287
f 7378/7378 7301/7301 7271/7271
f 7364/7364 7287/7287 7315/7315
f 7315/7315 7381/7381 7364/7364
f 7353/7353 7382/7382 7356/7356
f 7341/7341 7378/7378 7271/7271
f 7376/7376 7358/7358 7364/7364
f 7383/7383 7359/7359 7380/7380
f 7357/7357 7384/7384 7372/7372
f 7376/7376 7364/7364 7381/7381
f 7385/7385 7367/7367 7378/7378
f 7153/7153 7178/7178 7118/7118
f 7385/7385 7379/7379 7367/7367
f 7382/7382 7353/7353 7386/7386
f 7290/7290 7368/7368 7338/7338
f 7387/7387 7377/7377 7351/7351
f 7351/7351 7377/7377 7340/7340
f 7290/7290 7338/7338 7331/7331
f 7372/7372 7182/7182 7152/7152
f 7387/7387 7351/7351 7388/7388
f 7378/7378 7341/7341 7389/7389
f 7178/7178 7176/7176 7390/7390
f 7343/7343 7377/7377 7391/7391
f 7373/7373 7369/7369 7178/7178
f 7347/7347 7379/7379 7385/7385
f 7385/7385 7392/7392 7347/7347
f 7386/7386 7353/7353 7391/7391
f 7381/7381 7315/7315 7339/7339
f 7392/7392 7385/7385 7389/7389
f 7393/7393 7390/7390 7176/7176
f 7389/7389 7385/7385 7378/7378
f 7394/7394 7176/7176 7175/7175
f 7386/7386 7391/7391 7395/7395
f 7341/7341 7396/7396 7389/7389
f 7345/7345 7388/7388 7351/7351
f 7333/7333 7338/7338 7397/7397
f 7392/7392 7389/7389 7398/7398
f 7181/7181 7182/7182 7399/7399
f 7169/7169 7181/7181 7399/7399
f 7388/7388 7345/7345 7366/7366
f 7002/7002 7001/7001 7400/7400
f 7399/7399 7401/7401 7169/7169
f 7394/7394 7175/7175 7192/7192
f 7366/7366 7335/7335 7362/7362
f 7397/7397 7402/7402 7333/7333
f 7002/7002 7400/7400 7403/7403
f 7393/7393 7176/7176 7394/7394
f 7366/7366 7404/7404 7388/7388
f 7403/7403 7400/7400 7405/7405
f 7333/7333 6865/6865 6690/6690
f 7333/7333 7402/7402 6865/6865
f 7393/7393 7394/7394 7192/7192
f 7366/7366 7362/7362 7406/7406
f 7407/7407 7401/7401 7399/7399
f 7406/7406 7404/7404 7366/7366
f 7390/7390 7373/7373 7178/7178
f 6784/6784 7402/7402 7397/7397
f 7408/7408 7005/7005 7008/7008
f 7016/7016 7002/7002 7403/7403
f 6721/6721 7339/7339 6708/6708
f 7393/7393 7373/7373 7390/7390
f 6865/6865 7402/7402 6784/6784
f 7409/7409 7016/7016 7403/7403
f 7044/7044 7408/7408 7008/7008
f 7410/7410 7387/7387 7388/7388
f 7411/7411 7372/7372 7384/7384
f 7373/7373 7412/7412 7380/7380
f 7412/7412 7373/7373 7393/7393
f 7412/7412 7393/7393 7413/7413
f 7410/7410 7388/7388 7404/7404
f 7414/7414 7403/7403 7405/7405
f 7182/7182 7372/7372 7415/7415
f 7409/7409 7403/7403 7414/7414
f 7415/7415 7399/7399 7182/7182
f 7374/7374 7338/7338 7368/7368
f 7381/7381 7339/7339 7416/7416
f 7374/7374 7397/7397 7338/7338
f 7414/7414 7417/7417 7409/7409
f 7411/7411 7415/7415 7372/7372
f 7240/7240 7356/7356 7305/7305
f 7269/7269 7362/7362 7255/7255
f 7362/7362 7269/7269 7308/7308
f 7418/7418 7393/7393 7419/7419
f 7382/7382 7305/7305 7356/7356
f 7399/7399 7415/7415 7407/7407
f 7400/7400 7420/7420 7405/7405
f 7393/7393 7418/7418 7413/7413
f 7312/7312 7305/7305 7382/7382
f 7421/7421 7413/7413 7418/7418
f 7422/7422 7407/7407 7415/7415
f 7408/7408 7423/7423 7005/7005
f 7424/7424 7422/7422 7415/7415
f 6784/6784 7397/7397 7374/7374
f 7312/7312 7382/7382 7386/7386
f 7360/7360 7359/7359 7383/7383
f 7425/7425 7360/7360 7383/7383
f 7416/7416 7339/7339 6721/6721
f 7426/7426 7405/7405 7420/7420
f 7408/7408 7427/7427 7423/7423
f 6721/6721 6727/6727 7416/7416
f 7405/7405 7426/7426 7414/7414
f 6973/6973 7384/7384 7357/7357
f 7416/7416 6727/6727 7193/7193
f 7428/7428 7416/7416 7193/7193
f 6973/6973 7357/7357 6974/6974
f 7312/7312 7429/7429 7316/7316
f 6880/6880 6897/6897 7430/7430
f 7429/7429 7312/7312 7386/7386
f 7420/7420 7431/7431 7432/7432
f 7061/7061 6904/6904 7174/7174
f 7430/7430 6897/6897 7051/7051
f 7362/7362 7308/7308 7313/7313
f 7313/7313 7433/7433 7362/7362
f 7426/7426 7420/7420 7432/7432
f 6564/6564 7426/7426 7432/7432
f 6566/6566 7426/7426 6564/6564
f 7429/7429 7386/7386 7395/7395
f 7313/7313 7321/7321 7433/7433
f 6977/6977 7360/7360 7425/7425
f 7313/7313 7309/7309 7321/7321
f 6576/6576 6575/6575 7427/7427
f 7434/7434 7384/7384 6973/6973
f 7430/7430 7162/7162 6880/6880
f 7174/7174 7172/7172 7185/7185
f 6935/6935 7360/7360 6977/6977
f 7430/7430 7191/7191 7162/7162
f 7434/7434 6973/6973 6981/6981
f 7174/7174 7185/7185 7435/7435
f 7436/7436 7191/7191 7430/7430
f 6977/6977 7425/7425 6982/6982
f 7406/7406 7362/7362 7433/7433
f 6978/6978 6981/6981 6973/6973
f 7412/7412 7383/7383 7380/7380
f 7408/7408 7437/7437 7427/7427
f 7412/7412 7438/7438 7383/7383
f 7438/7438 7412/7412 7439/7439
f 7440/7440 7435/7435 7185/7185
f 6948/6948 7441/7441 6963/6963
f 7438/7438 7425/7425 7383/7383
f 7074/7074 7430/7430 7051/7051
f 6955/6955 6956/6956 7120/7120
f 7426/7426 7442/7442 7414/7414
f 7443/7443 6955/6955 7120/7120
f 7437/7437 7444/7444 7427/7427
f 7436/7436 7430/7430 7445/7445
f 7075/7075 7065/7065 7061/7061
f 7446/7446 7120/7120 7447/7447
f 7434/7434 7411/7411 7384/7384
f 7446/7446 7443/7443 7120/7120
f 6566/6566 7448/7448 7426/7426
f 7074/7074 7445/7445 7430/7430
f 7415/7415 7411/7411 7424/7424
f 7412/7412 7413/7413 7449/7449
f 7449/7449 7413/7413 7421/7421
f 7450/7450 6566/6566 7451/7451
f 7452/7452 7449/7449 7421/7421
f 7453/7453 7426/7426 7448/7448
f 7442/7442 7426/7426 7453/7453
f 6576/6576 7427/7427 7444/7444
f 7454/7454 7445/7445 7074/7074
f 6985/6985 7441/7441 6948/6948
f 7439/7439 7412/7412 7449/7449
f 7061/7061 7174/7174 7435/7435
f 7453/7453 7448/7448 7450/7450
f 7450/7450 7448/7448 6566/6566
f 7446/7446 6955/6955 7443/7443
f 6971/6971 6955/6955 7446/7446
f 7439/7439 7449/7449 7001/7001
f 7455/7455 7061/7061 7435/7435
f 7456/7456 6576/6576 7444/7444
f 7457/7457 7422/7422 7424/7424
f 7440/7440 7458/7458 7435/7435
f 6999/6999 7438/7438 7439/7439
f 7459/7459 7460/7460 7441/7441
f 7425/7425 7438/7438 6999/6999
f 6985/6985 7459/7459 7441/7441
f 6982/6982 7425/7425 6999/6999
f 6998/6998 6982/6982 6999/6999
f 7047/7047 7016/7016 7409/7409
f 7458/7458 7461/7461 7435/7435
f 7447/7447 7462/7462 7446/7446
f 7455/7455 7435/7435 7461/7461
f 7434/7434 6981/6981 7411/7411
f 7424/7424 7411/7411 6981/6981
f 7185/7185 7179/7179 7463/7463
f 7436/7436 7197/7197 7191/7191
f 7047/7047 7409/7409 7464/7464
f 7465/7465 7417/7417 7414/7414
f 7465/7465 7409/7409 7417/7417
f 7185/7185 7463/7463 7440/7440
f 6980/6980 7004/7004 6981/6981
f 7464/7464 7409/7409 7465/7465
f 7270/7270 7440/7440 7463/7463
f 7446/7446 7462/7462 7466/7466
f 6981/6981 7004/7004 7424/7424
f 6999/6999 7439/7439 7001/7001
f 7449/7449 7452/7452 7001/7001
f 7467/7467 7462/7462 7468/7468
f 7469/7469 7197/7197 7436/7436
f 7466/7466 7462/7462 7467/7467
f 7004/7004 7457/7457 7424/7424
f 7197/7197 7469/7469 7361/7361
f 7063/7063 7044/7044 7015/7015
f 7066/7066 7044/7044 7063/7063
f 7461/7461 7458/7458 7440/7440
f 7469/7469 7436/7436 7445/7445
f 7470/7470 7471/7471 7044/7044
f 7461/7461 7440/7440 7270/7270
f 7047/7047 7059/7059 7056/7056
f 7472/7472 6971/6971 7446/7446
f 7004/7004 7005/7005 7457/7457
f 3712/3712 4173/4173 7094/7094
f 7464/7464 7059/7059 7047/7047
f 7473/7473 7059/7059 7464/7464
f 7044/7044 7066/7066 7470/7470
f 7474/7474 7470/7470 7066/7066
f 6971/6971 7472/7472 6970/6970
f 7475/7475 4169/4169 3719/3719
f 4166/4166 4169/4169 7475/7475
f 7471/7471 7470/7470 7476/7476
f 7127/7127 7475/7475 3719/3719
f 7477/7477 7464/7464 7465/7465
f 7477/7477 7465/7465 7478/7478
f 7479/7479 7125/7125 4173/4173
f 7473/7473 7464/7464 7477/7477
f 7470/7470 7474/7474 7476/7476
f 7479/7479 4173/4173 4174/4174
f 7075/7075 7061/7061 7455/7455
f 7106/7106 7454/7454 7074/7074
f 7480/7480 7459/7459 6985/6985
f 7479/7479 4174/4174 4180/4180
f 7454/7454 7106/7106 7441/7441
f 7478/7478 7465/7465 7481/7481
f 6985/6985 7052/7052 7480/7480
f 7482/7482 7478/7478 7481/7481
f 7483/7483 7479/7479 4180/4180
f 7044/7044 7471/7471 7408/7408
f 7115/7115 7075/7075 7447/7447
f 7472/7472 7446/7446 7466/7466
f 7447/7447 7075/7075 7484/7484
f 7408/7408 7471/7471 7437/7437
f 7465/7465 7414/7414 7442/7442
f 7442/7442 7485/7485 7465/7465
f 7471/7471 7486/7486 7437/7437
f 7466/7466 7467/7467 7487/7487
f 4166/4166 7488/7488 4183/4183
f 7489/7489 7075/7075 7455/7455
f 4166/4166 7475/7475 7488/7488
f 7484/7484 7075/7075 7489/7489
f 7472/7472 7466/7466 7490/7490
f 4180/4180 7491/7491 7483/7483
f 7471/7471 7476/7476 7486/7486
f 7492/7492 7489/7489 7455/7455
f 7484/7484 7489/7489 7492/7492
f 7485/7485 7442/7442 7493/7493
f 7459/7459 7494/7494 7460/7460
f 7494/7494 7445/7445 7454/7454
f 7495/7495 7444/7444 7437/7437
f 7492/7492 7496/7496 7484/7484
f 7145/7145 7125/7125 7497/7497
f 7481/7481 7465/7465 7485/7485
f 7494/7494 7459/7459 7498/7498
f 7120/7120 7115/7115 7447/7447
f 7499/7499 7495/7495 7437/7437
f 7106/7106 6963/6963 7441/7441
f 7480/7480 7498/7498 7459/7459
f 7493/7493 7442/7442 7453/7453
f 7479/7479 7497/7497 7125/7125
f 7497/7497 7479/7479 7483/7483
f 7488/7488 7475/7475 7127/7127
f 7444/7444 7495/7495 7456/7456
f 7485/7485 7493/7493 7453/7453
f 7500/7500 7501/7501 7488/7488
f 7480/7480 7502/7502 7498/7498
f 7503/7503 7488/7488 7127/7127
f 7504/7504 7468/7468 7505/7505
f 7504/7504 7467/7467 7468/7468
f 7506/7506 7497/7497 7483/7483
f 7494/7494 7441/7441 7460/7460
f 7507/7507 7495/7495 7499/7499
f 7500/7500 7488/7488 7503/7503
f 7441/7441 7494/7494 7454/7454
f 7484/7484 7468/7468 7447/7447
f 7502/7502 7508/7508 7498/7498
f 7468/7468 7484/7484 7496/7496
f 7509/7509 7501/7501 7500/7500
f 7499/7499 7437/7437 7486/7486
f 7510/7510 7481/7481 7485/7485
f 4180/4180 4198/4198 7491/7491
f 7482/7482 7481/7481 7510/7510
f 7511/7511 4202/4202 4183/4183
f 7462/7462 7447/7447 7468/7468
f 7486/7486 7512/7512 7499/7499
f 7512/7512 7486/7486 7476/7476
f 7492/7492 7455/7455 7461/7461
f 7513/7513 4202/4202 7511/7511
f 7461/7461 7514/7514 7492/7492
f 7485/7485 7453/7453 7515/7515
f 7514/7514 7461/7461 7516/7516
f 7517/7517 7487/7487 7467/7467
f 7445/7445 7518/7518 7469/7469
f 7510/7510 7485/7485 7515/7515
f 7515/7515 7453/7453 7519/7519
f 7510/7510 7515/7515 7520/7520
f 7488/7488 7511/7511 4183/4183
f 7494/7494 7518/7518 7445/7445
f 7467/7467 7504/7504 7517/7517
f 7501/7501 7513/7513 7511/7511
f 4198/4198 4208/4208 7521/7521
f 7520/7520 7515/7515 7522/7522
f 7513/7513 4205/4205 4202/4202
f 7469/7469 7518/7518 7523/7523
f 7499/7499 7524/7524 7507/7507
f 4198/4198 7521/7521 7491/7491
f 7517/7517 7504/7504 7525/7525
f 7526/7526 7491/7491 7521/7521
f 7526/7526 7521/7521 4208/4208
f 7451/7451 6566/6566 6696/6696
f 7527/7527 7502/7502 7480/7480
f 7527/7527 7528/7528 7502/7502
f 7529/7529 7496/7496 7492/7492
f 7456/7456 6573/6573 6576/6576
f 7529/7529 7492/7492 7514/7514
f 7491/7491 7530/7530 7483/7483
f 6696/6696 6699/6699 7451/7451
f 7501/7501 7511/7511 7488/7488
f 7527/7527 7480/7480 7531/7531
f 6699/6699 7532/7532 7451/7451
f 7533/7533 6699/6699 6701/6701
f 6699/6699 7533/7533 7532/7532
f 7530/7530 7491/7491 7534/7534
f 7468/7468 7496/7496 7529/7529
f 7505/7505 7468/7468 7529/7529
f 7052/7052 6985/6985 6988/6988
f 7498/7498 7523/7523 7518/7518
f 6573/6573 7456/7456 7535/7535
f 7498/7498 7518/7518 7494/7494
f 6694/6694 6573/6573 6741/6741
f 6573/6573 7535/7535 6741/6741
f 7472/7472 7536/7536 6970/6970
f 7270/7270 7463/7463 7179/7179
f 7534/7534 7491/7491 7526/7526
f 7054/7054 6970/6970 7536/7536
f 7534/7534 7537/7537 7530/7530
f 7197/7197 7361/7361 7190/7190
f 7280/7280 7270/7270 7268/7268
f 7501/7501 7538/7538 7513/7513
f 7490/7490 7536/7536 7472/7472
f 7519/7519 7451/7451 7539/7539
f 7540/7540 7361/7361 7469/7469
f 7539/7539 7451/7451 7532/7532
f 7167/7167 7145/7145 7497/7497
f 7533/7533 7541/7541 7532/7532
f 7506/7506 7542/7542 7497/7497
f 7543/7543 7535/7535 7456/7456
f 7146/7146 7503/7503 7127/7127
f 7270/7270 7544/7544 7461/7461
f 7466/7466 7545/7545 7490/7490
f 7516/7516 7461/7461 7544/7544
f 7546/7546 7480/7480 7052/7052
f 7531/7531 7480/7480 7546/7546
f 7167/7167 7497/7497 7542/7542
f 7545/7545 7466/7466 7487/7487
f 7544/7544 7270/7270 7280/7280
f 7544/7544 7280/7280 7547/7547
f 7536/7536 7490/7490 7545/7545
f 7506/7506 7483/7483 7530/7530
f 7548/7548 7540/7540 7469/7469
f 7549/7549 7516/7516 7544/7544
f 7550/7550 6744/6744 6740/6740
f 7509/7509 7500/7500 7503/7503
f 7551/7551 7545/7545 7552/7552
f 7514/7514 7516/7516 7549/7549
f 7533/7533 6701/6701 7553/7553
f 6741/6741 7535/7535 7550/7550
f 7523/7523 7548/7548 7469/7469
f 7553/7553 6701/6701 6717/6717
f 7550/7550 6740/6740 6741/6741
f 7077/7077 7052/7052 7048/7048
f 7554/7554 7514/7514 7549/7549
f 7546/7546 7052/7052 7077/7077
f 7169/7169 7503/7503 7146/7146
f 7186/7186 7167/7167 7555/7555
f 7555/7555 7167/7167 7542/7542
f 7549/7549 7556/7556 7554/7554
f 7557/7557 7503/7503 7169/7169
f 7529/7529 7514/7514 7554/7554
f 7553/7553 6717/6717 6749/6749
f 7054/7054 7536/7536 7295/7295
f 7558/7558 6749/6749 7559/7559
f 7542/7542 7186/7186 7555/7555
f 7560/7560 6744/6744 7550/7550
f 7554/7554 7561/7561 7529/7529
f 7561/7561 7554/7554 7556/7556
f 7192/7192 7186/7186 7542/7542
f 7508/7508 7523/7523 7498/7498
f 7401/7401 7557/7557 7169/7169
f 7295/7295 7536/7536 7562/7562
f 7541/7541 7533/7533 7553/7553
f 7561/7561 7563/7563 7529/7529
f 7564/7564 7295/7295 7562/7562
f 7280/7280 7274/7274 7365/7365
f 7565/7565 7506/7506 7566/7566
f 7557/7557 7509/7509 7503/7503
f 7542/7542 7506/7506 7565/7565
f 7361/7361 7567/7567 7363/7363
f 7192/7192 7542/7542 7565/7565
f 7545/7545 7551/7551 7536/7536
f 7535/7535 7543/7543 7568/7568
f 7568/7568 7550/7550 7535/7535
f 7569/7569 7192/7192 7565/7565
f 7547/7547 7280/7280 7365/7365
f 7567/7567 7361/7361 7540/7540
f 7562/7562 7536/7536 7551/7551
f 7550/7550 7568/7568 7570/7570
f 7558/7558 7553/7553 6749/6749
f 7566/7566 7506/7506 7530/7530
f 7571/7571 7553/7553 7558/7558
f 7566/7566 7530/7530 7572/7572
f 7552/7552 7573/7573 7551/7551
f 7572/7572 7530/7530 7537/7537
f 7566/7566 7572/7572 7574/7574
f 7358/7358 7375/7375 7365/7365
f 7575/7575 7571/7571 7558/7558
f 7576/7576 7365/7365 7375/7375
f 7365/7365 7576/7576 7547/7547
f 7575/7575 7558/7558 7577/7577
f 7560/7560 7550/7550 7570/7570
f 7578/7578 7546/7546 7077/7077
f 7572/7572 7537/7537 7534/7534
f 7370/7370 7363/7363 7567/7567
f 7579/7579 7370/7370 7567/7567
f 7519/7519 7450/7450 7451/7451
f 7562/7562 7551/7551 7573/7573
f 7565/7565 7566/7566 7580/7580
f 7580/7580 7566/7566 7574/7574
f 7581/7581 7543/7543 7456/7456
f 7582/7582 7565/7565 7580/7580
f 7456/7456 7495/7495 7581/7581
f 7583/7583 7370/7370 7579/7579
f 7583/7583 7374/7374 7370/7370
f 7401/7401 7584/7584 7557/7557
f 7573/7573 7552/7552 7585/7585
f 7519/7519 7453/7453 7450/7450
f 7538/7538 7501/7501 7509/7509
f 7581/7581 7495/7495 7507/7507
f 7487/7487 7517/7517 7586/7586
f 7579/7579 7587/7587 7583/7583
f 7487/7487 7586/7586 7545/7545
f 7588/7588 7543/7543 7581/7581
f 7548/7548 7567/7567 7540/7540
f 7589/7589 7544/7544 7547/7547
f 7541/7541 7539/7539 7532/7532
f 7548/7548 7579/7579 7567/7567
f 7590/7590 7539/7539 7541/7541
f 7539/7539 7590/7590 7519/7519
f 7538/7538 7509/7509 7584/7584
f 7552/7552 7545/7545 7586/7586
f 7547/7547 7591/7591 7589/7589
f 7590/7590 7541/7541 7592/7592
f 7593/7593 7590/7590 7592/7592
f 7594/7594 7538/7538 7584/7584
f 7594/7594 7595/7595 7538/7538
f 7596/7596 7572/7572 7597/7597
f 7517/7517 7598/7598 7586/7586
f 7599/7599 7568/7568 7543/7543
f 7584/7584 7509/7509 7557/7557
f 7588/7588 7599/7599 7543/7543
f 7600/7600 7527/7527 7531/7531
f 7591/7591 7547/7547 7576/7576
f 7522/7522 7515/7515 7519/7519
f 7522/7522 7519/7519 7590/7590
f 7594/7594 7584/7584 7601/7601
f 7578/7578 7531/7531 7546/7546
f 7602/7602 7581/7581 7507/7507
f 7581/7581 7602/7602 7588/7588
f 7603/7603 7587/7587 7579/7579
f 7603/7603 7579/7579 7548/7548
f 7531/7531 7578/7578 7600/7600
f 7604/7604 7602/7602 7507/7507
f 7572/7572 6579/6579 7574/7574
f 7580/7580 7574/7574 6579/6579
f 6579/6579 7572/7572 7596/7596
f 7507/7507 7524/7524 7604/7604
f 7604/7604 7605/7605 7602/7602
f 7522/7522 7590/7590 7606/7606
f 7607/7607 7522/7522 7606/7606
f 7608/7608 7591/7591 7576/7576
f 7580/7580 6579/6579 6578/6578
f 7608/7608 7576/7576 7609/7609
f 7610/7610 7375/7375 7376/7376
f 4255/4255 7611/7611 4208/4208
f 4205/4205 4256/4256 4206/4206
f 7561/7561 7612/7612 7563/7563
f 7563/7563 7505/7505 7529/7529
f 7576/7576 7375/7375 7609/7609
f 7611/7611 4255/4255 7613/7613
f 7504/7504 7505/7505 7563/7563
f 7526/7526 4208/4208 7611/7611
f 7614/7614 7583/7583 7587/7587
f 7599/7599 7588/7588 7602/7602
f 7599/7599 7602/7602 7615/7615
f 7616/7616 7504/7504 7563/7563
f 7617/7617 7614/7614 7587/7587
f 7613/7613 4255/4255 4257/4257
f 7618/7618 7376/7376 7381/7381
f 7593/7593 7606/7606 7590/7590
f 7381/7381 7619/7619 7618/7618
f 7416/7416 7619/7619 7381/7381
f 7610/7610 7376/7376 7618/7618
f 7606/7606 7593/7593 7620/7620
f 7605/7605 7621/7621 7622/7622
f 7598/7598 7504/7504 7616/7616
f 7615/7615 7602/7602 7605/7605
f 7611/7611 7534/7534 7526/7526
f 7615/7615 7605/7605 7622/7622
f 7623/7623 7618/7618 7619/7619
f 7614/7614 7374/7374 7583/7583
f 7527/7527 7624/7624 7528/7528
f 7553/7553 7571/7571 7625/7625
f 7618/7618 7375/7375 7610/7610
f 7625/7625 7541/7541 7553/7553
f 4263/4263 7626/7626 4257/4257
f 7541/7541 7625/7625 7592/7592
f 7598/7598 7525/7525 7504/7504
f 7593/7593 7592/7592 7625/7625
f 7374/7374 7614/7614 7627/7627
f 7623/7623 7628/7628 7618/7618
f 4256/4256 4205/4205 7513/7513
f 7629/7629 4251/4251 4256/4256
f 7599/7599 7570/7570 7568/7568
f 7598/7598 7517/7517 7525/7525
f 7619/7619 7416/7416 7428/7428
f 7629/7629 4262/4262 4251/4251
f 6784/6784 7374/7374 7627/7627
f 4257/4257 7626/7626 7613/7613
f 7630/7630 4262/4262 7629/7629
f 7629/7629 4256/4256 7513/7513
f 7538/7538 7629/7629 7513/7513
f 7623/7623 7619/7619 7428/7428
f 7571/7571 7631/7631 7625/7625
f 7632/7632 7570/7570 7599/7599
f 7633/7633 7625/7625 7631/7631
f 7595/7595 7629/7629 7538/7538
f 7627/7627 6782/6782 6784/6784
f 7634/7634 7632/7632 7599/7599
f 7632/7632 7634/7634 7635/7635
f 7623/7623 7428/7428 7193/7193
f 7631/7631 7571/7571 7575/7575
f 7636/7636 7598/7598 7616/7616
f 7637/7637 7631/7631 7575/7575
f 7638/7638 7534/7534 7611/7611
f 7639/7639 7629/7629 7595/7595
f 7196/7196 7623/7623 7193/7193
f 7640/7640 7611/7611 7613/7613
f 7618/7618 7609/7609 7375/7375
f 7638/7638 7611/7611 7640/7640
f 7618/7618 7641/7641 7609/7609
f 7613/7613 7626/7626 7640/7640
f 7640/7640 7642/7642 7638/7638
f 7643/7643 7630/7630 7629/7629
f 7593/7593 7625/7625 7633/7633
f 7615/7615 7634/7634 7599/7599
f 7618/7618 7628/7628 7641/7641
f 7639/7639 7643/7643 7629/7629
f 7643/7643 7639/7639 7644/7644
f 7617/7617 7645/7645 7614/7614
f 7646/7646 7552/7552 7586/7586
f 7647/7647 7593/7593 7633/7633
f 4262/4262 7630/7630 4267/4267
f 7648/7648 7641/7641 7628/7628
f 7648/7648 7628/7628 7649/7649
f 7552/7552 7650/7650 7585/7585
f 7634/7634 7615/7615 7622/7622
f 7614/7614 6782/6782 7627/7627
f 7650/7650 7552/7552 7646/7646
f 7645/7645 6782/6782 7614/7614
f 7651/7651 7626/7626 4263/4263
f 7646/7646 7586/7586 7598/7598
f 7646/7646 7598/7598 7636/7636
f 4268/4268 4267/4267 7630/7630
f 4266/4266 4259/4259 5336/5336
f 7267/7267 7623/7623 7196/7196
f 7634/7634 7622/7622 7635/7635
f 7651/7651 4263/4263 4266/4266
f 7267/7267 7196/7196 7214/7214
f 7623/7623 7649/7649 7628/7628
f 7649/7649 7623/7623 7267/7267
f 7652/7652 4266/4266 7653/7653
f 7654/7654 4268/4268 7630/7630
f 7655/7655 7647/7647 7633/7633
f 7642/7642 7640/7640 7626/7626
f 7600/7600 7578/7578 7656/7656
f 7642/7642 7626/7626 7651/7651
f 7322/7322 7066/7066 7055/7055
f 7646/7646 7636/7636 7657/7657
f 7473/7473 7323/7323 7059/7059
f 7658/7658 7642/7642 7651/7651
f 7544/7544 7659/7659 7549/7549
f 7508/7508 7548/7548 7523/7523
f 7660/7660 7548/7548 7508/7508
f 7544/7544 7589/7589 7659/7659
f 7556/7556 7549/7549 7659/7659
f 7646/7646 7657/7657 7661/7661
f 7652/7652 7651/7651 4266/4266
f 7660/7660 7603/7603 7548/7548
f 7659/7659 7589/7589 7591/7591
f 7612/7612 7561/7561 7662/7662
f 7663/7663 4268/4268 7654/7654
f 7322/7322 7336/7336 7066/7066
f 7664/7664 7659/7659 7591/7591
f 7652/7652 7665/7665 7651/7651
f 7666/7666 7474/7474 7066/7066
f 7654/7654 7630/7630 7643/7643
f 7473/7473 7477/7477 7478/7478
f 7478/7478 7667/7667 7473/7473
f 7502/7502 7528/7528 7508/7508
f 7665/7665 7652/7652 7668/7668
f 7617/7617 7587/7587 7603/7603
f 7667/7667 7669/7669 7473/7473
f 7318/7318 7323/7323 7332/7332
f 7612/7612 7670/7670 7563/7563
f 7616/7616 7563/7563 7670/7670
f 7671/7671 7534/7534 7638/7638
f 7591/7591 7608/7608 7664/7664
f 7572/7572 7534/7534 7597/7597
f 7336/7336 7322/7322 7319/7319
f 7596/7596 7597/7597 7671/7671
f 7672/7672 7617/7617 7603/7603
f 7597/7597 7534/7534 7671/7671
f 7664/7664 7608/7608 7673/7673
f 7608/7608 7674/7674 7673/7673
f 7675/7675 7612/7612 7662/7662
f 7332/7332 7323/7323 7396/7396
f 7669/7669 7323/7323 7473/7473
f 7396/7396 7323/7323 7669/7669
f 7670/7670 7612/7612 7675/7675
f 7676/7676 7660/7660 7528/7528
f 7638/7638 7642/7642 7677/7677
f 7659/7659 7662/7662 7556/7556
f 7396/7396 7341/7341 7332/7332
f 7675/7675 7662/7662 7678/7678
f 7660/7660 7676/7676 7679/7679
f 7556/7556 7662/7662 7561/7561
f 7478/7478 7482/7482 7667/7667
f 7680/7680 7638/7638 7677/7677
f 7660/7660 7508/7508 7528/7528
f 7595/7595 7644/7644 7639/7639
f 7675/7675 7678/7678 7681/7681
f 7666/7666 7476/7476 7474/7474
f 6614/6614 7644/7644 7595/7595
f 6632/6632 7638/7638 7680/7680
f 7666/7666 7066/7066 7336/7336
f 7659/7659 7664/7664 7682/7682
f 7682/7682 7662/7662 7659/7659
f 7596/7596 7671/7671 6631/6631
f 7683/7683 7681/7681 7684/7684
f 7685/7685 7595/7595 7594/7594
f 6579/6579 7596/7596 6580/6580
f 7603/7603 7660/7660 7672/7672
f 7355/7355 7686/7686 7687/7687
f 6590/6590 7685/7685 6591/6591
f 6580/6580 7596/7596 6631/6631
f 7683/7683 7675/7675 7681/7681
f 7682/7682 7678/7678 7662/7662
f 7671/7671 7638/7638 6632/6632
f 7688/7688 7675/7675 7683/7683
f 7344/7344 7355/7355 7689/7689
f 7671/7671 6632/6632 6631/6631
f 7685/7685 6614/6614 7595/7595
f 7678/7678 7682/7682 7664/7664
f 7684/7684 7664/7664 7673/7673
f 7684/7684 7678/7678 7664/7664
f 7681/7681 7678/7678 7684/7684
f 6590/6590 6614/6614 7685/7685
f 6631/6631 6587/6587 6580/6580
f 7624/7624 7676/7676 7528/7528
f 7600/7600 7624/7624 7527/7527
f 7689/7689 7666/7666 7336/7336
f 7660/7660 7679/7679 7690/7690
f 7689/7689 7336/7336 7344/7344
f 7690/7690 7672/7672 7660/7660
f 7677/7677 7642/7642 7658/7658
f 7691/7691 7690/7690 7679/7679
f 7644/7644 7654/7654 7643/7643
f 7396/7396 7669/7669 7692/7692
f 7693/7693 7396/7396 7692/7692
f 7609/7609 7641/7641 7648/7648
f 7690/7690 7645/7645 7617/7617
f 7694/7694 7396/7396 7693/7693
f 7608/7608 7609/7609 7674/7674
f 7644/7644 7695/7695 7654/7654
f 7696/7696 7674/7674 7609/7609
f 7695/7695 7644/7644 6614/6614
f 7665/7665 7658/7658 7651/7651
f 7690/7690 7617/7617 7672/7672
f 7697/7697 7616/7616 7670/7670
f 7354/7354 7698/7698 7355/7355
f 7354/7354 7392/7392 7698/7698
f 7648/7648 7696/7696 7609/7609
f 7699/7699 7696/7696 7648/7648
f 7694/7694 7700/7700 7398/7398
f 7688/7688 7670/7670 7675/7675
f 7698/7698 7398/7398 7700/7700
f 7668/7668 7701/7701 7665/7665
f 7695/7695 7702/7702 7654/7654
f 7355/7355 7698/7698 7686/7686
f 7693/7693 7700/7700 7694/7694
f 7690/7690 6799/6799 7645/7645
f 7703/7703 7665/7665 7701/7701
f 7700/7700 7704/7704 7705/7705
f 7677/7677 6634/6634 7680/7680
f 7666/7666 7512/7512 7476/7476
f 6799/6799 6782/6782 7645/7645
f 6782/6782 6799/6799 6793/6793
f 7688/7688 7683/7683 7706/7706
f 6634/6634 7677/7677 7658/7658
f 7688/7688 7697/7697 7670/7670
f 7707/7707 7649/7649 7267/7267
f 7680/7680 6634/6634 6632/6632
f 7707/7707 7648/7648 7649/7649
f 7708/7708 7697/7697 7688/7688
f 7709/7709 7482/7482 7510/7510
f 6632/6632 6634/6634 6633/6633
f 7708/7708 7688/7688 7706/7706
f 6634/6634 7658/7658 7665/7665
f 6634/6634 7665/7665 7703/7703
f 7624/7624 7710/7710 7676/7676
f 7669/7669 7667/7667 7692/7692
f 7692/7692 7667/7667 7482/7482
f 7692/7692 7482/7482 7709/7709
f 6635/6635 6634/6634 7703/7703
f 7711/7711 7512/7512 7666/7666
f 7712/7712 7703/7703 7701/7701
f 6635/6635 7703/7703 7712/7712
f 7689/7689 7711/7711 7666/7666
f 6656/6656 6635/6635 7712/7712
f 7713/7713 7696/7696 7699/7699
f 7684/7684 7673/7673 7674/7674
f 6647/6647 6614/6614 6613/6613
f 7709/7709 7510/7510 7520/7520
f 6614/6614 6646/6646 7695/7695
f 6647/6647 6646/6646 6614/6614
f 7696/7696 7713/7713 7674/7674
f 7711/7711 7524/7524 7512/7512
f 7524/7524 7499/7499 7512/7512
f 7684/7684 7674/7674 7713/7713
f 7679/7679 7676/7676 7710/7710
f 7699/7699 7648/7648 7707/7707
f 7709/7709 7520/7520 7607/7607
f 6799/6799 7690/7690 6757/6757
f 7711/7711 7714/7714 7524/7524
f 7692/7692 7709/7709 7715/7715
f 7713/7713 7699/7699 7707/7707
f 7569/7569 7419/7419 7192/7192
f 7607/7607 7715/7715 7709/7709
f 6757/6757 7690/7690 7691/7691
f 7689/7689 7687/7687 7716/7716
f 7711/7711 7689/7689 7716/7716
f 7419/7419 7393/7393 7192/7192
f 7684/7684 7717/7717 7683/7683
f 7422/7422 7401/7401 7407/7407
f 6808/6808 7707/7707 7267/7267
f 7686/7686 7718/7718 7687/7687
f 7719/7719 7707/7707 6808/6808
f 7713/7713 7717/7717 7684/7684
f 7422/7422 7720/7720 7401/7401
f 7687/7687 7718/7718 7716/7716
f 7524/7524 7714/7714 7604/7604
f 7721/7721 7569/7569 7565/7565
f 7565/7565 7582/7582 7721/7721
f 7722/7722 7419/7419 7569/7569
f 7717/7717 7723/7723 7683/7683
f 7724/7724 7716/7716 7718/7718
f 7569/7569 7721/7721 7722/7722
f 7724/7724 7621/7621 7716/7716
f 7691/7691 7679/7679 6814/6814
f 7717/7717 7713/7713 7723/7723
f 7714/7714 7711/7711 7716/7716
f 7421/7421 7418/7418 7419/7419
f 7421/7421 7419/7419 7722/7722
f 6814/6814 6757/6757 7691/7691
f 7725/7725 7722/7722 7726/7726
f 7421/7421 7722/7722 7725/7725
f 7692/7692 7715/7715 7693/7693
f 7726/7726 7722/7722 7721/7721
f 7693/7693 7715/7715 7727/7727
f 7727/7727 7715/7715 7728/7728
f 7727/7727 7700/7700 7693/7693
f 7721/7721 7582/7582 7729/7729
f 7727/7727 7704/7704 7700/7700
f 7707/7707 7730/7730 7713/7713
f 7601/7601 7584/7584 7401/7401
f 7720/7720 7601/7601 7401/7401
f 7707/7707 7719/7719 7730/7730
f 7719/7719 6790/6790 7730/7730
f 7728/7728 7704/7704 7727/7727
f 6790/6790 7719/7719 6808/6808
f 7731/7731 7728/7728 7715/7715
f 7732/7732 7713/7713 7730/7730
f 7733/7733 7720/7720 7422/7422
f 7389/7389 7396/7396 7694/7694
f 7694/7694 7398/7398 7389/7389
f 7520/7520 7522/7522 7607/7607
f 7720/7720 7733/7733 7734/7734
f 7735/7735 7726/7726 7721/7721
f 7706/7706 7683/7683 7723/7723
f 7710/7710 6814/6814 7679/7679
f 7714/7714 7605/7605 7604/7604
f 7621/7621 7605/7605 7714/7714
f 7607/7607 7606/7606 7620/7620
f 7721/7721 7729/7729 7736/7736
f 7737/7737 7723/7723 7713/7713
f 7621/7621 7714/7714 7716/7716
f 7736/7736 7738/7738 7721/7721
f 7601/7601 7720/7720 7739/7739
f 7736/7736 7729/7729 7582/7582
f 7737/7737 7706/7706 7723/7723
f 7620/7620 7715/7715 7607/7607
f 6578/6578 7582/7582 7580/7580
f 7715/7715 7620/7620 7731/7731
f 7739/7739 7594/7594 7601/7601
f 7620/7620 7740/7740 7731/7731
f 6591/6591 7685/7685 7594/7594
f 6591/6591 7594/7594 7739/7739
f 7736/7736 7582/7582 6578/6578
f 7741/7741 6814/6814 7710/7710
f 7737/7737 7713/7713 7732/7732
f 6623/6623 6578/6578 6592/6592
f 7741/7741 6767/6767 6814/6814
f 7734/7734 7739/7739 7720/7720
f 7742/7742 7739/7739 7734/7734
f 7647/7647 7620/7620 7593/7593
f 7743/7743 7737/7737 7732/7732
f 7736/7736 7744/7744 7738/7738
f 7735/7735 7721/7721 7738/7738
f 7745/7745 7746/7746 7724/7724
f 7734/7734 7733/7733 7742/7742
f 7746/7746 7747/7747 7748/7748
f 6591/6591 7739/7739 7742/7742
f 7743/7743 7732/7732 7749/7749
f 7749/7749 7732/7732 7730/7730
f 7736/7736 6578/6578 6623/6623
f 6767/6767 7741/7741 6797/6797
f 7750/7750 7744/7744 7736/7736
f 7751/7751 6591/6591 7742/7742
f 7730/7730 6790/6790 6789/6789
f 7749/7749 7730/7730 6789/6789
f 7622/7622 7746/7746 7752/7752
f 7750/7750 7736/7736 6623/6623
f 7753/7753 7752/7752 7746/7746
f 6624/6624 7750/7750 6623/6623
f 7751/7751 6574/6574 6591/6591
f 7622/7622 7754/7754 7635/7635
f 7755/7755 7421/7421 7725/7725
f 7636/7636 7616/7616 7697/7697
f 7452/7452 7421/7421 7755/7755
f 7422/7422 7756/7756 7733/7733
f 7755/7755 7725/7725 7726/7726
f 7422/7422 7457/7457 7756/7756
f 7757/7757 7752/7752 7753/7753
f 7636/7636 7697/7697 7657/7657
f 7758/7758 7759/7759 7752/7752
f 7686/7686 7760/7760 7718/7718
f 7718/7718 7760/7760 7724/7724
f 7452/7452 7755/7755 7400/7400
f 7761/7761 7724/7724 7760/7760
f 7001/7001 7452/7452 7400/7400
f 7762/7762 7704/7704 7731/7731
f 7704/7704 7728/7728 7731/7731
f 7724/7724 7761/7761 7745/7745
f 7763/7763 7697/7697 7708/7708
f 7731/7731 7764/7764 7762/7762
f 7735/7735 7755/7755 7726/7726
f 7764/7764 7731/7731 7740/7740
f 7765/7765 7733/7733 7756/7756
f 7765/7765 7742/7742 7733/7733
f 7740/7740 7766/7766 7764/7764
f 7767/7767 7708/7708 7706/7706
f 7755/7755 7768/7768 7769/7769
f 7620/7620 7766/7766 7740/7740
f 7735/7735 7768/7768 7755/7755
f 7624/7624 7770/7770 7710/7710
f 7771/7771 7764/7764 7766/7766
f 7005/7005 7756/7756 7457/7457
f 7620/7620 7647/7647 7766/7766
f 7423/7423 7756/7756 7005/7005
f 7655/7655 7766/7766 7647/7647
f 7766/7766 7655/7655 7772/7772
f 7400/7400 7755/7755 7769/7769
f 7773/7773 7708/7708 7767/7767
f 7766/7766 7772/7772 7757/7757
f 7765/7765 7756/7756 7423/7423
f 7774/7774 7772/7772 7655/7655
f 7427/7427 7765/7765 7423/7423
f 7772/7772 7774/7774 7775/7775
f 7600/7600 7656/7656 7624/7624
f 7757/7757 7772/7772 7775/7775
f 7769/7769 7768/7768 7431/7431
f 7769/7769 7420/7420 7400/7400
f 7420/7420 7769/7769 7431/7431
f 7738/7738 7744/7744 7735/7735
f 7768/7768 7735/7735 7776/7776
f 7776/7776 7735/7735 7744/7744
f 7776/7776 7744/7744 7750/7750
f 7657/7657 7697/7697 7763/7763
f 7768/7768 7776/7776 7431/7431
f 7624/7624 7656/7656 7770/7770
f 7763/7763 7708/7708 7773/7773
f 7777/7777 7742/7742 7765/7765
f 7742/7742 7777/7777 7751/7751
f 7661/7661 7657/7657 7763/7763
f 7778/7778 7770/7770 7656/7656
f 6565/6565 7776/7776 7750/7750
f 6574/6574 7751/7751 7777/7777
f 7763/7763 7773/7773 7779/7779
f 6565/6565 7750/7750 6569/6569
f 6569/6569 7750/7750 6624/6624
f 7431/7431 7776/7776 6564/6564
f 6564/6564 7776/7776 6565/6565
f 7432/7432 7431/7431 6564/6564
f 7765/7765 7427/7427 7777/7777
f 6575/6575 7777/7777 7427/7427
f 6575/6575 6574/6574 7777/7777
f 7767/7767 7706/7706 7780/7780
f 7773/7773 7767/7767 7781/7781
f 7780/7780 7781/7781 7767/7767
f 7782/7782 7781/7781 7780/7780
f 7780/7780 7706/7706 7737/7737
f 7710/7710 7770/7770 7741/7741
f 7780/7780 7737/7737 7783/7783
f 7743/7743 7783/7783 7737/7737
f 7784/7784 7743/7743 7749/7749
f 6829/6829 6797/6797 7741/7741
f 6737/6737 7749/7749 6789/6789
f 7741/7741 7770/7770 7785/7785
f 7782/7782 7780/7780 7783/7783
f 7785/7785 6829/6829 7741/7741
f 7785/7785 7786/7786 6829/6829
f 7783/7783 7743/7743 6736/6736
f 7783/7783 6736/6736 7787/7787
f 6737/6737 7784/7784 7749/7749
f 7786/7786 6828/6828 6829/6829
f 7743/7743 7784/7784 6736/6736
f 6736/6736 7784/7784 6737/6737
f 7076/7076 7291/7291 7077/7077
f 7564/7564 7289/7289 7295/7295
f 7297/7297 7289/7289 7564/7564
f 7292/7292 7077/7077 7291/7291
f 7077/7077 7788/7788 7578/7578
f 7564/7564 7562/7562 7573/7573
f 7564/7564 7573/7573 7789/7789
f 7585/7585 7789/7789 7573/7573
f 7790/7790 7789/7789 7585/7585
f 7788/7788 7077/7077 7292/7292
f 7564/7564 7791/7791 7297/7297
f 7791/7791 7564/7564 7789/7789
f 7790/7790 7791/7791 7789/7789
f 7296/7296 7297/7297 7321/7321
f 7321/7321 7297/7297 7791/7791
f 7316/7316 7792/7792 7292/7292
f 7791/7791 7793/7793 7321/7321
f 7292/7292 7794/7794 7788/7788
f 7795/7795 7788/7788 7794/7794
f 7792/7792 7794/7794 7292/7292
f 7793/7793 7791/7791 7796/7796
f 7792/7792 7797/7797 7794/7794
f 7796/7796 7791/7791 7790/7790
f 7387/7387 7798/7798 7377/7377
f 7798/7798 7799/7799 7377/7377
f 7377/7377 7799/7799 7391/7391
f 7799/7799 7800/7800 7391/7391
f 7410/7410 7798/7798 7387/7387
f 7410/7410 7404/7404 7406/7406
f 7801/7801 7321/7321 7793/7793
f 7429/7429 7792/7792 7316/7316
f 7433/7433 7321/7321 7801/7801
f 7801/7801 7802/7802 7433/7433
f 7803/7803 7429/7429 7395/7395
f 7395/7395 7800/7800 7804/7804
f 7804/7804 7803/7803 7395/7395
f 7799/7799 7805/7805 7800/7800
f 7429/7429 7797/7797 7792/7792
f 7803/7803 7797/7797 7429/7429
f 7806/7806 7801/7801 7793/7793
f 7803/7803 7794/7794 7797/7797
f 7803/7803 7807/7807 7794/7794
f 7802/7802 7406/7406 7433/7433
f 7808/7808 7406/7406 7802/7802
f 7808/7808 7410/7410 7406/7406
f 7809/7809 7805/7805 7810/7810
f 7809/7809 7810/7810 7410/7410
f 7410/7410 7808/7808 7809/7809
f 7802/7802 7801/7801 7806/7806
f 7802/7802 7806/7806 7811/7811
f 7812/7812 7802/7802 7811/7811
f 7812/7812 7808/7808 7802/7802
f 7805/7805 7813/7813 7800/7800
f 7800/7800 7813/7813 7804/7804
f 7807/7807 7814/7814 7794/7794
f 7804/7804 7815/7815 7803/7803
f 7807/7807 7803/7803 7815/7815
f 7815/7815 7804/7804 7816/7816
f 7817/7817 7807/7807 7815/7815
f 7818/7818 7816/7816 7813/7813
f 7818/7818 7813/7813 7805/7805
f 7812/7812 7809/7809 7808/7808
f 7809/7809 7812/7812 7819/7819
f 7812/7812 7811/7811 7820/7820
f 7819/7819 7812/7812 7820/7820
f 7821/7821 7816/7816 7818/7818
f 7820/7820 7811/7811 7822/7822
f 7818/7818 7819/7819 7821/7821
f 7819/7819 7820/7820 7823/7823
f 7585/7585 7824/7824 7790/7790
f 7796/7796 7790/7790 7824/7824
f 7825/7825 7796/7796 7824/7824
f 7796/7796 7825/7825 7793/7793
f 7585/7585 7650/7650 7646/7646
f 7826/7826 7824/7824 7585/7585
f 7788/7788 7827/7827 7578/7578
f 7826/7826 7585/7585 7646/7646
f 7578/7578 7827/7827 7656/7656
f 7828/7828 7646/7646 7661/7661
f 7828/7828 7826/7826 7646/7646
f 7656/7656 7827/7827 7829/7829
f 7829/7829 7788/7788 7795/7795
f 7830/7830 7824/7824 7826/7826
f 7826/7826 7831/7831 7830/7830
f 7825/7825 7824/7824 7830/7830
f 7814/7814 7795/7795 7794/7794
f 7832/7832 7829/7829 7795/7795
f 7829/7829 7827/7827 7788/7788
f 7831/7831 7826/7826 7828/7828
f 7829/7829 7833/7833 7656/7656
f 7830/7830 7831/7831 7834/7834
f 7833/7833 7829/7829 7832/7832
f 7831/7831 7828/7828 7835/7835
f 7828/7828 7836/7836 7835/7835
f 7825/7825 7806/7806 7793/7793
f 7806/7806 7825/7825 7830/7830
f 7832/7832 7795/7795 7814/7814
f 7832/7832 7814/7814 7837/7837
f 7807/7807 7837/7837 7814/7814
f 7817/7817 7837/7837 7807/7807
f 7830/7830 7811/7811 7806/7806
f 7811/7811 7830/7830 7834/7834
f 7835/7835 7834/7834 7831/7831
f 7838/7838 7832/7832 7837/7837
f 7817/7817 7839/7839 7837/7837
f 7840/7840 7835/7835 7836/7836
f 7840/7840 7834/7834 7835/7835
f 7834/7834 7822/7822 7811/7811
f 7841/7841 7817/7817 7815/7815
f 7841/7841 7839/7839 7817/7817
f 7842/7842 7843/7843 7816/7816
f 7821/7821 7842/7842 7816/7816
f 7844/7844 7845/7845 7842/7842
f 7819/7819 7823/7823 7844/7844
f 7661/7661 7763/7763 7779/7779
f 7778/7778 7656/7656 7833/7833
f 7846/7846 7847/7847 7661/7661
f 7779/7779 7846/7846 7661/7661
f 7770/7770 7778/7778 7785/7785
f 7773/7773 7846/7846 7779/7779
f 7848/7848 7785/7785 7778/7778
f 7828/7828 7661/7661 7847/7847
f 7846/7846 7849/7849 7847/7847
f 7850/7850 7828/7828 7847/7847
f 7849/7849 7850/7850 7847/7847
f 7836/7836 7828/7828 7850/7850
f 7848/7848 7833/7833 7838/7838
f 7848/7848 7778/7778 7833/7833
f 7781/7781 7846/7846 7773/7773
f 6583/6583 7781/7781 7851/7851
f 7781/7781 6583/6583 7846/7846
f 7848/7848 7852/7852 7785/7785
f 6584/6584 7846/7846 6583/6583
f 7849/7849 7846/7846 6584/6584
f 7853/7853 7849/7849 6584/6584
f 7854/7854 7852/7852 7848/7848
f 7783/7783 7787/7787 7782/7782
f 7851/7851 7781/7781 7782/7782
f 7787/7787 7851/7851 7782/7782
f 6596/6596 7851/7851 7787/7787
f 7786/7786 7785/7785 6594/6594
f 6599/6599 7787/7787 6736/6736
f 6828/6828 7786/7786 6751/6751
f 6594/6594 6751/6751 7786/7786
f 6734/6734 6599/6599 6736/6736
f 7851/7851 6596/6596 6583/6583
f 6599/6599 6596/6596 7787/7787
f 7852/7852 6594/6594 7785/7785
f 6596/6596 6572/6572 6583/6583
f 6567/6567 6594/6594 7852/7852
f 6594/6594 6619/6619 6751/6751
f 7833/7833 7832/7832 7838/7838
f 7840/7840 7836/7836 7850/7850
f 7837/7837 7839/7839 7838/7838
f 7855/7855 7840/7840 7850/7850
f 7855/7855 7850/7850 7849/7849
f 7855/7855 7849/7849 7853/7853
f 7845/7845 7856/7856 7843/7843
f 7854/7854 7848/7848 7838/7838
f 6561/6561 7838/7838 7839/7839
f 7839/7839 6562/6562 6561/6561
f 7822/7822 7834/7834 7857/7857
f 7834/7834 7855/7855 7857/7857
f 7841/7841 6562/6562 7839/7839
f 7823/7823 7820/7820 7822/7822
f 7822/7822 7857/7857 7858/7858
f 7858/7858 7823/7823 7822/7822
f 7834/7834 7840/7840 7855/7855
f 7842/7842 7845/7845 7843/7843
f 7844/7844 7859/7859 7845/7845
f 7845/7845 7860/7860 7856/7856
f 7858/7858 7859/7859 7844/7844
f 7844/7844 7823/7823 7858/7858
f 7855/7855 6570/6570 7857/7857
f 6639/6639 7858/7858 7857/7857
f 6570/6570 6639/6639 7857/7857
f 6561/6561 7854/7854 7838/7838
f 6571/6571 7853/7853 6584/6584
f 6571/6571 7855/7855 7853/7853
f 6571/6571 6570/6570 7855/7855
f 6617/6617 7856/7856 6615/6615
f 7861/7861 6615/6615 7856/7856
f 7859/7859 7858/7858 7862/7862
f 7862/7862 7858/7858 6639/6639
f 6652/6652 7862/7862 6639/6639
f 6652/6652 6639/6639 6638/6638
f 6652/6652 7863/7863 7862/7862
f 6653/6653 6644/6644 7864/7864
f 7854/7854 6567/6567 7852/7852
f 6561/6561 6567/6567 7854/7854
f 6626/6626 6617/6617 6833/6833
f 6834/6834 6616/6616 6644/6644
f 6834/6834 6644/6644 6841/6841
f 6841/6841 7166/7166 6834/6834
f 6518/6518 6198/6198 7098/7098
f 6588/6588 7098/7098 6198/6198
f 6607/6607 7147/7147 6588/6588
f 7147/7147 6607/6607 7330/7330
f 7229/7229 7330/7330 6607/6607
f 7229/7229 7353/7353 7330/7330
f 7343/7343 7353/7353 7229/7229
f 7391/7391 7353/7353 7343/7343
f 7140/7140 6833/6833 7184/7184
f 7220/7220 7189/7189 7184/7184
f 7220/7220 7215/7215 7189/7189
f 7215/7215 7220/7220 7277/7277
f 7282/7282 7235/7235 7286/7286
f 7379/7379 7346/7346 7371/7371
f 7346/7346 7379/7379 7347/7347
f 7392/7392 7354/7354 7347/7347
f 7810/7810 7799/7799 7798/7798
f 7810/7810 7798/7798 7410/7410
f 7395/7395 7391/7391 7800/7800
f 7816/7816 7804/7804 7813/7813
f 7815/7815 7816/7816 7843/7843
f 7799/7799 7810/7810 7805/7805
f 7809/7809 7819/7819 7805/7805
f 7819/7819 7818/7818 7805/7805
f 7815/7815 7843/7843 7841/7841
f 7819/7819 7844/7844 7821/7821
f 7842/7842 7821/7821 7844/7844
f 7355/7355 7687/7687 7689/7689
f 7398/7398 7698/7698 7392/7392
f 7856/7856 7841/7841 7843/7843
f 7686/7686 7698/7698 7705/7705
f 6562/6562 7841/7841 7856/7856
f 7698/7698 7700/7700 7705/7705
f 7860/7860 7845/7845 7859/7859
f 7856/7856 7860/7860 7861/7861
f 6562/6562 7856/7856 6560/6560
f 7860/7860 7859/7859 7862/7862
f 7860/7860 7862/7862 7863/7863
f 7861/7861 7860/7860 7863/7863
f 7746/7746 7621/7621 7724/7724
f 7746/7746 7745/7745 7747/7747
f 6644/6644 6615/6615 7861/7861
f 7746/7746 7622/7622 7621/7621
f 6644/6644 7861/7861 7864/7864
f 6617/6617 6560/6560 7856/7856
f 7752/7752 7759/7759 7622/7622
f 7746/7746 7748/7748 7753/7753
f 7753/7753 7748/7748 7757/7757
f 7752/7752 7757/7757 7758/7758
f 7758/7758 7757/7757 7775/7775
f 7865/7865 7760/7760 7686/7686
f 7760/7760 7865/7865 7762/7762
f 7865/7865 7686/7686 7705/7705
f 7704/7704 7865/7865 7705/7705
f 7704/7704 7762/7762 7865/7865
f 7761/7761 7747/7747 7745/7745
f 7771/7771 7747/7747 7761/7761
f 7762/7762 7761/7761 7760/7760
f 7761/7761 7762/7762 7771/7771
f 7764/7764 7771/7771 7762/7762
f 7748/7748 7747/7747 7771/7771
f 7771/7771 7766/7766 7757/7757
f 7748/7748 7771/7771 7757/7757
f 7866/7866 7867/7867 7868/7868
f 7869/7869 7870/7870 7871/7871
f 5414/5414 5476/5476 7872/7872
f 7872/7872 7873/7873 5414/5414
f 7874/7874 4434/4434 5413/5413
f 7875/7875 7876/7876 7877/7877
f 7878/7878 7879/7879 7880/7880
f 7881/7881 7878/7878 7880/7880
f 7879/7879 7882/7882 7880/7880
f 7872/7872 7883/7883 7873/7873
f 7877/7877 7884/7884 7885/7885
f 7886/7886 7887/7887 7888/7888
f 7889/7889 7890/7890 7891/7891
f 7890/7890 7892/7892 7891/7891
f 7893/7893 7894/7894 7896/7896
f 7898/7898 7880/7880 7882/7882
f 7899/7899 7897/7897 7895/7895
f 7899/7899 7900/7900 7897/7897
f 7902/7902 7888/7888 7903/7903
f 7904/7904 5454/5454 7905/7905
f 7906/7906 7891/7891 7892/7892
f 7886/7886 7888/7888 7902/7902
f 7885/7885 7907/7907 7877/7877
f 5450/5450 5454/5454 5443/5443
f 5454/5454 5450/5450 7905/7905
f 7908/7908 7909/7909 7868/7868
f 7889/7889 7891/7891 7910/7910
f 7866/7866 7868/7868 7909/7909
f 7911/7911 7886/7886 7902/7902
f 7912/7912 5472/5472 7913/7913
f 7905/7905 5450/5450 7914/7914
f 7915/7915 7916/7916 7917/7917
f 7918/7918 7919/7919 7920/7920
f 7893/7893 7921/7921 7922/7922
f 7923/7923 7877/7877 7907/7907
f 7925/7925 7918/7918 7920/7920
f 7923/7923 7907/7907 7926/7926
f 7914/7914 7927/7927 7905/7905
f 7928/7928 7920/7920 7929/7929
f 5101/5101 5131/5131 5450/5450
f 5122/5122 5131/5131 5101/5101
f 7930/7930 7931/7931 7932/7932
f 7877/7877 7923/7923 7933/7933
f 7934/7934 7935/7935 7936/7936
f 7912/7912 7913/7913 7932/7932
f 7914/7914 5450/5450 5131/5131
f 7936/7936 7937/7937 7934/7934
f 7932/7932 7913/7913 7930/7930
f 7911/7911 7902/7902 7938/7938
f 7939/7939 7941/7941 7922/7922
f 7912/7912 7932/7932 7942/7942
f 7943/7943 7933/7933 7923/7923
f 7922/7922 7944/7944 7939/7939
f 7921/7921 7944/7944 7922/7922
f 7901/7901 7944/7944 7921/7921
f 7900/7900 7909/7909 7945/7945
f 7944/7944 7901/7901 7946/7946
f 7947/7947 7881/7881 7880/7880
f 7948/7948 7949/7949 7950/7950
f 5461/5461 5467/5467 5460/5460
f 7951/7951 7881/7881 7947/7947
f 5451/5451 7952/7952 5461/5461
f 7939/7939 7944/7944 7953/7953
f 7948/7948 7950/7950 7875/7875
f 7914/7914 5131/5131 7955/7955
f 7956/7956 7880/7880 7957/7957
f 7896/7896 7921/7921 7893/7893
f 7901/7901 7921/7921 7896/7896
f 7958/7958 7948/7948 7875/7875
f 7947/7947 7880/7880 7956/7956
f 7955/7955 5131/5131 5130/5130
f 5130/5130 5464/5464 5482/5482
f 7947/7947 7956/7956 7959/7959
f 7916/7916 7915/7915 7960/7960
f 7961/7961 7947/7947 7959/7959
f 7962/7962 7949/7949 7948/7948
f 7955/7955 5130/5130 5482/5482
f 7963/7963 7954/7954 7945/7945
f 5476/5476 5402/5402 5454/5454
f 7904/7904 5476/5476 5454/5454
f 7920/7920 7965/7965 7925/7925
f 7920/7920 7966/7966 7965/7965
f 7946/7946 7953/7953 7944/7944
f 7966/7966 7920/7920 7928/7928
f 7954/7954 7968/7968 7940/7940
f 7928/7928 7969/7969 7966/7966
f 7968/7968 7954/7954 7960/7960
f 7962/7962 7970/7970 7971/7971
f 7872/7872 5476/5476 7904/7904
f 7962/7962 7948/7948 7972/7972
f 7973/7973 7974/7974 7975/7975
f 7970/7970 7962/7962 7972/7972
f 7974/7974 7976/7976 7975/7975
f 7932/7932 7931/7931 7977/7977
f 7978/7978 7559/7559 7979/7979
f 7904/7904 7980/7980 7872/7872
f 7981/7981 7982/7982 7977/7977
f 5474/5474 7983/7983 5451/5451
f 7977/7977 7931/7931 7981/7981
f 7984/7984 7559/7559 7978/7978
f 7985/7985 7986/7986 7987/7987
f 5451/5451 7983/7983 7952/7952
f 7988/7988 7985/7985 7987/7987
f 7987/7987 7986/7986 7989/7989
f 7978/7978 7979/7979 7990/7990
f 7991/7991 7983/7983 5474/5474
f 7928/7928 7929/7929 7969/7969
f 7969/7969 7929/7929 7881/7881
f 7990/7990 7992/7992 7978/7978
f 7993/7993 7994/7994 7995/7995
f 7992/7992 7984/7984 7978/7978
f 7905/7905 7927/7927 7904/7904
f 7948/7948 7958/7958 7972/7972
f 7996/7996 7966/7966 7969/7969
f 7881/7881 7951/7951 7969/7969
f 7559/7559 7984/7984 7558/7558
f 7998/7998 7558/7558 7984/7984
f 7577/7577 7558/7558 7998/7998
f 7980/7980 7904/7904 7927/7927
f 7996/7996 7969/7969 7951/7951
f 7927/7927 7999/7999 7980/7980
f 8000/8000 7994/7994 7560/7560
f 7560/7560 7570/7570 8000/8000
f 7991/7991 7952/7952 7983/7983
f 8001/8001 5467/5467 7952/7952
f 7906/7906 7932/7932 7977/7977
f 8002/8002 7964/7964 7967/7967
f 7632/7632 8000/8000 7570/7570
f 8003/8003 5411/5411 4445/4445
f 8004/8004 8002/8002 7967/7967
f 7977/7977 7982/7982 8005/8005
f 7994/7994 8000/8000 7995/7995
f 8003/8003 5474/5474 5411/5411
f 7992/7992 8006/8006 7984/7984
f 8007/8007 7970/7970 8008/8008
f 8009/8009 8004/8004 7967/7967
f 7998/7998 7984/7984 8006/8006
f 7982/7982 8010/8010 8005/8005
f 8011/8011 7987/7987 7989/7989
f 8009/8009 7967/7967 8012/8012
f 7980/7980 7883/7883 7872/7872
f 8012/8012 8013/8013 8009/8009
f 8012/8012 7967/7967 7997/7997
f 8014/8014 7995/7995 8000/8000
f 8015/8015 8014/8014 8000/8000
f 7991/7991 5474/5474 8003/8003
f 8005/8005 7906/7906 7977/7977
f 7999/7999 7883/7883 7980/7980
f 7995/7995 8016/8016 7993/7993
f 7992/7992 7990/7990 8017/8017
f 7972/7972 8008/8008 7970/7970
f 7995/7995 8018/8018 8016/8016
f 8013/8013 8012/8012 7997/7997
f 7883/7883 8020/8020 7873/7873
f 8021/8021 7906/7906 8005/8005
f 8003/8003 8022/8022 7991/7991
f 8017/8017 8023/8023 7992/7992
f 8024/8024 7988/7988 7987/7987
f 8025/8025 8023/8023 8017/8017
f 7942/7942 7932/7932 7906/7906
f 8026/8026 8027/8027 8028/8028
f 8022/8022 7952/7952 7991/7991
f 7892/7892 7942/7942 7906/7906
f 8029/8029 8016/8016 8018/8018
f 8018/8018 8030/8030 8029/8029
f 7903/7903 8031/8031 7988/7988
f 8001/8001 7952/7952 8022/8022
f 8017/8017 8026/8026 8025/8025
f 8025/8025 8026/8026 8028/8028
f 8032/8032 7891/7891 7906/7906
f 8028/8028 8033/8033 8025/8025
f 8029/8029 8030/8030 8034/8034
f 8006/8006 7992/7992 8023/8023
f 8035/8035 8020/8020 7883/7883
f 7951/7951 7947/7947 7961/7961
f 8025/8025 8036/8036 8023/8023
f 8021/8021 8032/8032 7906/7906
f 7995/7995 8014/8014 8018/8018
f 8023/8023 8037/8037 8006/8006
f 7958/7958 7875/7875 7933/7933
f 7996/7996 7951/7951 8039/8039
f 8039/8039 7951/7951 7961/7961
f 8037/8037 8023/8023 8036/8036
f 7903/7903 7988/7988 8024/8024
f 8018/8018 8014/8014 8030/8030
f 8040/8040 7999/7999 7927/7927
f 8036/8036 8025/8025 8041/8041
f 8042/8042 8040/8040 7927/7927
f 8025/8025 8043/8043 8041/8041
f 8040/8040 8042/8042 8044/8044
f 7877/7877 7933/7933 7875/7875
f 8045/8045 8032/8032 8046/8046
f 5461/5461 7952/7952 5467/5467
f 8047/8047 7903/7903 8024/8024
f 6656/6656 7712/7712 8048/8048
f 7943/7943 7958/7958 7933/7933
f 8049/8049 8030/8030 8014/8014
f 8037/8037 8036/8036 8041/8041
f 8050/8050 8049/8049 8014/8014
f 8051/8051 7927/7927 7914/7914
f 6656/6656 8048/8048 6654/6654
f 8051/8051 7914/7914 7955/7955
f 8052/8052 6654/6654 8048/8048
f 7577/7577 7637/7637 7575/7575
f 6648/6648 8053/8053 6645/6645
f 7577/7577 7998/7998 7637/7637
f 8054/8054 8053/8053 6648/6648
f 8015/8015 8000/8000 7632/7632
f 6654/6654 8052/8052 8055/8055
f 8056/8056 5482/5482 8057/8057
f 7955/7955 5482/5482 8056/8056
f 8053/8053 8054/8054 8058/8058
f 8052/8052 8059/8059 8055/8055
f 8055/8055 8060/8060 6654/6654
f 8015/8015 7632/7632 7635/7635
f 8061/8061 8055/8055 8059/8059
f 8015/8015 7635/7635 8062/8062
f 8047/8047 7902/7902 7903/7903
f 7998/7998 8006/8006 8063/8063
f 5482/5482 5483/5483 8057/8057
f 8063/8063 7637/7637 7998/7998
f 7938/7938 7902/7902 8047/8047
f 5467/5467 8001/8001 5479/5479
f 6650/6650 6654/6654 8060/8060
f 8064/8064 7943/7943 7923/7923
f 8065/8065 8057/8057 5734/5734
f 6722/6722 8054/8054 6648/6648
f 7955/7955 8042/8042 8051/8051
f 8042/8042 7955/7955 8056/8056
f 8063/8063 8066/8066 7637/7637
f 8057/8057 8065/8065 8056/8056
f 8067/8067 5502/5502 5499/5499
f 8068/8068 5715/5715 5496/5496
f 8063/8063 8069/8069 8066/8066
f 8070/8070 6650/6650 8060/8060
f 7927/7927 8051/8051 8042/8042
f 8071/8071 8055/8055 8072/8072
f 7633/7633 7631/7631 7637/7637
f 8072/8072 8055/8055 8061/8061
f 7637/7637 8066/8066 7633/7633
f 8056/8056 8044/8044 8042/8042
f 8073/8073 7633/7633 8066/8066
f 8071/8071 8060/8060 8055/8055
f 8067/8067 5499/5499 8074/8074
f 8070/8070 8060/8060 8071/8071
f 8073/8073 7655/7655 7633/7633
f 8019/8019 4457/4457 4436/4436
f 6722/6722 8075/8075 8054/8054
f 8061/8061 8071/8071 8072/8072
f 7874/7874 4436/4436 4434/4434
f 8063/8063 8006/8006 8037/8037
f 5499/5499 5716/5716 8074/8074
f 8076/8076 8074/8074 5716/5716
f 4436/4436 7874/7874 8019/8019
f 8077/8077 8014/8014 8015/8015
f 8076/8076 5716/5716 5645/5645
f 8078/8078 8079/8079 8004/8004
f 8015/8015 8062/8062 8077/8077
f 5646/5646 8076/8076 5645/5645
f 4439/4439 8080/8080 4445/4445
f 8078/8078 8004/8004 8009/8009
f 8037/8037 8069/8069 8063/8063
f 8081/8081 5662/5662 5715/5715
f 8081/8081 5715/5715 8068/8068
f 8069/8069 8037/8037 8082/8082
f 8083/8083 5662/5662 8081/8081
f 8078/8078 8084/8084 8085/8085
f 8082/8082 8037/8037 8086/8086
f 8058/8058 8054/8054 8075/8075
f 8086/8086 8037/8037 8041/8041
f 8033/8033 8087/8087 8088/8088
f 8058/8058 8075/8075 8010/8010
f 8061/8061 8059/8059 8078/8078
f 8025/8025 8033/8033 8088/8088
f 8078/8078 8059/8059 8079/8079
f 8089/8089 8090/8090 8088/8088
f 4457/4457 8019/8019 8091/8091
f 8089/8089 8093/8093 8094/8094
f 8090/8090 8089/8089 8094/8094
f 4405/4405 4393/4393 4457/4457
f 8074/8074 8095/8095 8096/8096
f 8097/8097 8034/8034 8098/8098
f 8099/8099 8096/8096 8095/8095
f 8100/8100 8078/8078 8085/8085
f 8098/8098 8101/8101 8097/8097
f 8098/8098 8034/8034 8102/8102
f 8095/8095 8074/8074 8076/8076
f 8103/8103 8081/8081 7889/7889
f 8102/8102 8104/8104 8098/8098
f 8043/8043 8025/8025 8088/8088
f 8103/8103 8083/8083 8081/8081
f 8090/8090 8043/8043 8088/8088
f 8105/8105 8061/8061 8078/8078
f 8105/8105 8078/8078 8100/8100
f 8106/8106 8034/8034 8030/8030
f 8107/8107 4405/4405 4457/4457
f 8108/8108 4401/4401 4507/4507
f 8049/8049 8106/8106 8030/8030
f 8109/8109 8010/8010 8075/8075
f 8103/8103 8110/8110 8083/8083
f 8106/8106 8102/8102 8034/8034
f 8099/8099 8095/8095 8111/8111
f 8043/8043 8090/8090 8112/8112
f 8050/8050 8102/8102 8106/8106
f 8113/8113 4401/4401 8108/8108
f 8114/8114 8102/8102 8050/8050
f 8061/8061 8105/8105 8115/8115
f 8080/8080 4439/4439 8113/8113
f 7882/7882 8067/8067 8096/8096
f 4439/4439 4401/4401 8113/8113
f 8096/8096 8067/8067 8074/8074
f 8050/8050 8106/8106 8049/8049
f 8109/8109 8116/8116 8010/8010
f 8068/8068 7890/7890 7889/7889
f 8080/8080 8113/8113 8117/8117
f 7898/7898 7882/7882 8096/8096
f 8043/8043 8112/8112 8041/8041
f 8118/8118 8020/8020 8035/8035
f 8118/8118 8092/8092 8020/8020
f 8119/8119 8112/8112 8090/8090
f 8119/8119 8090/8090 8094/8094
f 7898/7898 8096/8096 8099/8099
f 8114/8114 8120/8120 8102/8102
f 8070/8070 8121/8121 6650/6650
f 6723/6723 6650/6650 8121/8121
f 6722/6722 6675/6675 6742/6742
f 8094/8094 8093/8093 8122/8122
f 8107/8107 4457/4457 8091/8091
f 8081/8081 8068/8068 7889/7889
f 8070/8070 8071/8071 8123/8123
f 8124/8124 8125/8125 8104/8104
f 8103/8103 7889/7889 7910/7910
f 8122/8122 8126/8126 8127/8127
f 8127/8127 8094/8094 8122/8122
f 8128/8128 8110/8110 8103/8103
f 8128/8128 8103/8103 7910/7910
f 7993/7993 8109/8109 6722/6722
f 8083/8083 5663/5663 5662/5662
f 8126/8126 8129/8129 8130/8130
f 8125/8125 8124/8124 8131/8131
f 8076/8076 5646/5646 8132/8132
f 7559/7559 6723/6723 8121/8121
f 8098/8098 8104/8104 8101/8101
f 8133/8133 8080/8080 8117/8117
f 8133/8133 8117/8117 8134/8134
f 7994/7994 6742/6742 6744/6744
f 8108/8108 8117/8117 8113/8113
f 6749/6749 6723/6723 7559/7559
f 8127/8127 8119/8119 8094/8094
f 8104/8104 8102/8102 8120/8120
f 7994/7994 6744/6744 7560/7560
f 7559/7559 8121/8121 7979/7979
f 8135/8135 5663/5663 8083/8083
f 7993/7993 6722/6722 6742/6742
f 7979/7979 8070/8070 8123/8123
f 8120/8120 8124/8124 8104/8104
f 8135/8135 5713/5713 5663/5663
f 8136/8136 8107/8107 8091/8091
f 8124/8124 8120/8120 8131/8131
f 7979/7979 8121/8121 8070/8070
f 8137/8137 8131/8131 8120/8120
f 8138/8138 8076/8076 8132/8132
f 7993/7993 6742/6742 7994/7994
f 8111/8111 8095/8095 8076/8076
f 8127/8127 8126/8126 8130/8130
f 8139/8139 8127/8127 8130/8130
f 7979/7979 8123/8123 7990/7990
f 8140/8140 8092/8092 8118/8118
f 8100/8100 8085/8085 8142/8142
f 8117/8117 8143/8143 8134/8134
f 8142/8142 8115/8115 8100/8100
f 8130/8130 8144/8144 8139/8139
f 8135/8135 8083/8083 8110/8110
f 8109/8109 8075/8075 6722/6722
f 8061/8061 8115/8115 8071/8071
f 8139/8139 8119/8119 8127/8127
f 8076/8076 8145/8145 8111/8111
f 8145/8145 8076/8076 8138/8138
f 8139/8139 8146/8146 8119/8119
f 8071/8071 8115/8115 8027/8027
f 7990/7990 8071/8071 8027/8027
f 8146/8146 8139/8139 8147/8147
f 8112/8112 8119/8119 8146/8146
f 8144/8144 8147/8147 8139/8139
f 8144/8144 8148/8148 8147/8147
f 8115/8115 8105/8105 8100/8100
f 8041/8041 8112/8112 8086/8086
f 8016/8016 8116/8116 8109/8109
f 8149/8149 4504/4504 4405/4405
f 8150/8150 5713/5713 8135/8135
f 8151/8151 8130/8130 8129/8129
f 8135/8135 8110/8110 8150/8150
f 8129/8129 8152/8152 8151/8151
f 8033/8033 8027/8027 8087/8087
f 8150/8150 8110/8110 8153/8153
f 7990/7990 8123/8123 8071/8071
f 8016/8016 8109/8109 7993/7993
f 8144/8144 8130/8130 8151/8151
f 8154/8154 8099/8099 8111/8111
f 8144/8144 8151/8151 8155/8155
f 8156/8156 4478/4478 5719/5719
f 7990/7990 8026/8026 8017/8017
f 8026/8026 7990/7990 8027/8027
f 7880/7880 7898/7898 7957/7957
f 8157/8157 5702/5702 4512/4512
f 8151/8151 8158/8158 8155/8155
f 8115/8115 8142/8142 8087/8087
f 8155/8155 8158/8158 8159/8159
f 8157/8157 4512/4512 4504/4504
f 8099/8099 7957/7957 7898/7898
f 8115/8115 8087/8087 8027/8027
f 8016/8016 8029/8029 8160/8160
f 8028/8028 8027/8027 8033/8033
f 8156/8156 4507/4507 4478/4478
f 7910/7910 7891/7891 8128/8128
f 7956/7956 7957/7957 8161/8161
f 8162/8162 4504/4504 8149/8149
f 8163/8163 7959/7959 8165/8165
f 8166/8166 8167/8167 8169/8169
f 8170/8170 8161/8161 7957/7957
f 8171/8171 8166/8166 8169/8169
f 8172/8172 8173/8173 8174/8174
f 8175/8175 8174/8174 8173/8173
f 8162/8162 8149/8149 8176/8176
f 8177/8177 8178/8178 8174/8174
f 8179/8179 8009/8009 8013/8013
f 4507/4507 8156/8156 8180/8180
f 8128/8128 7891/7891 8045/8045
f 8084/8084 8078/8078 8009/8009
f 8084/8084 8009/8009 8179/8179
f 8181/8181 7754/7754 7759/7759
f 8162/8162 8176/8176 8182/8182
f 8157/8157 4504/4504 8162/8162
f 7957/7957 8099/8099 8154/8154
f 8116/8116 8183/8183 8005/8005
f 8179/8179 8013/8013 8184/8184
f 8157/8157 8162/8162 8185/8185
f 8013/8013 7997/7997 8038/8038
f 8186/8186 8013/8013 8038/8038
f 8170/8170 7957/7957 8154/8154
f 7758/7758 8181/8181 7759/7759
f 8187/8187 8181/8181 7758/7758
f 8175/8175 8173/8173 8181/8181
f 8175/8175 8181/8181 8187/8187
f 8062/8062 7635/7635 7754/7754
f 8180/8180 8156/8156 8188/8188
f 8183/8183 8021/8021 8005/8005
f 8189/8189 8180/8180 8188/8188
f 7774/7774 7655/7655 8073/8073
f 8162/8162 8190/8190 8185/8185
f 8045/8045 7891/7891 8032/8032
f 8183/8183 8191/8191 8021/8021
f 7774/7774 8192/8192 7775/7775
f 4400/4400 4507/4507 4401/4401
f 7959/7959 7956/7956 8161/8161
f 8193/8193 8073/8073 8066/8066
f 7774/7774 8073/8073 8193/8193
f 7774/7774 8193/8193 8192/8192
f 8066/8066 8069/8069 8193/8193
f 8193/8193 8069/8069 8082/8082
f 8149/8149 4405/4405 8107/8107
f 8010/8010 8116/8116 8005/8005
f 8108/8108 4507/4507 8180/8180
f 8194/8194 8195/8195 8193/8193
f 8196/8196 7959/7959 8161/8161
f 8136/8136 8176/8176 8107/8107
f 8176/8176 8149/8149 8107/8107
f 8197/8197 8192/8192 8195/8195
f 8170/8170 8196/8196 8161/8161
f 8197/8197 7775/7775 8192/8192
f 8192/8192 8193/8193 8195/8195
f 8179/8179 8085/8085 8084/8084
f 8085/8085 8179/8179 8198/8198
f 8198/8198 8179/8179 8184/8184
f 8050/8050 8014/8014 8077/8077
f 8184/8184 8013/8013 8186/8186
f 8184/8184 8186/8186 8199/8199
f 8200/8200 8170/8170 8154/8154
f 8193/8193 8082/8082 8201/8201
f 8143/8143 8108/8108 8202/8202
f 8203/8203 8128/8128 8204/8204
f 8198/8198 8184/8184 8199/8199
f 8108/8108 8143/8143 8117/8117
f 8189/8189 8108/8108 8180/8180
f 8183/8183 8205/8205 8206/8206
f 8091/8091 8141/8141 8136/8136
f 8201/8201 8082/8082 8086/8086
f 8207/8207 8170/8170 8200/8200
f 8207/8207 8196/8196 8170/8170
f 8086/8086 8208/8208 8201/8201
f 8201/8201 8208/8208 8177/8177
f 8162/8162 8182/8182 8209/8209
f 8128/8128 8045/8045 8204/8204
f 8190/8190 8162/8162 8209/8209
f 8210/8210 8190/8190 8209/8209
f 8177/8177 8174/8174 8175/8175
f 8211/8211 8039/8039 7961/7961
f 8194/8194 8201/8201 8177/8177
f 8212/8212 8145/8145 8213/8213
f 8213/8213 8145/8145 8138/8138
f 8046/8046 8032/8032 8021/8021
f 8046/8046 8021/8021 8191/8191
f 8194/8194 8193/8193 8201/8201
f 8188/8188 8214/8214 8189/8189
f 8214/8214 8215/8215 8189/8189
f 8163/8163 8039/8039 8211/8211
f 8209/8209 8216/8216 8210/8210
f 8217/8217 8218/8218 8219/8219
f 8141/8141 8182/8182 8176/8176
f 8220/8220 8219/8219 8218/8218
f 8141/8141 8176/8176 8136/8136
f 8174/8174 8217/8217 8172/8172
f 7961/7961 7959/7959 8163/8163
f 8211/8211 7961/7961 8163/8163
f 8174/8174 8218/8218 8217/8217
f 8221/8221 8045/8045 8046/8046
f 8172/8172 8114/8114 8050/8050
f 8120/8120 8114/8114 8217/8217
f 8222/8222 8182/8182 8141/8141
f 8223/8223 8146/8146 8147/8147
f 8212/8212 8111/8111 8145/8145
f 8224/8224 8110/8110 8128/8128
f 8186/8186 8038/8038 8225/8225
f 8147/8147 8226/8226 8223/8223
f 8147/8147 8227/8227 8226/8226
f 8153/8153 8110/8110 8224/8224
f 8228/8228 8218/8218 8174/8174
f 8046/8046 8191/8191 8183/8183
f 8174/8174 8178/8178 8228/8228
f 8154/8154 8111/8111 8212/8212
f 8219/8219 8229/8229 8217/8217
f 8199/8199 8186/8186 8230/8230
f 8230/8230 8186/8186 8166/8166
f 8046/8046 8183/8183 8206/8206
f 8231/8231 8219/8219 8232/8232
f 7971/7971 8138/8138 8233/8233
f 8046/8046 8206/8206 8234/8234
f 8225/8225 8038/8038 8164/8164
f 8229/8229 8219/8219 7973/7973
f 7975/7975 8229/8229 7973/7973
f 7989/7989 8150/8150 8153/8153
f 8235/8235 8134/8134 8143/8143
f 7971/7971 8213/8213 8138/8138
f 8236/8236 8134/8134 8235/8235
f 7973/7973 8219/8219 8237/8237
f 8234/8234 8221/8221 8046/8046
f 8140/8140 8238/8238 8240/8240
f 8166/8166 8186/8186 8225/8225
f 8225/8225 8164/8164 8166/8166
f 8166/8166 8164/8164 8167/8167
f 8147/8147 8148/8148 8227/8227
f 8189/8189 8202/8202 8108/8108
f 8198/8198 8142/8142 8085/8085
f 8112/8112 8223/8223 8086/8086
f 8241/8241 8154/8154 8212/8212
f 8208/8208 8086/8086 8223/8223
f 8200/8200 8154/8154 8241/8241
f 8242/8242 8142/8142 8198/8198
f 8243/8243 8198/8198 8199/8199
f 8209/8209 8182/8182 8222/8222
f 8208/8208 8244/8244 8177/8177
f 8244/8244 8208/8208 8223/8223
f 8112/8112 8146/8146 8223/8223
f 8242/8242 8198/8198 8243/8243
f 8226/8226 8244/8244 8223/8223
f 8245/8245 8241/8241 8212/8212
f 8209/8209 8222/8222 8216/8216
f 8228/8228 8244/8244 8226/8226
f 8189/8189 8215/8215 8202/8202
f 8246/8246 8143/8143 8202/8202
f 8237/8237 8144/8144 8155/8155
f 8016/8016 8160/8160 8116/8116
f 8148/8148 8144/8144 8237/8237
f 4478/4478 4487/4487 5719/5719
f 4512/4512 5702/5702 4363/4363
f 8235/8235 8143/8143 8246/8246
f 8153/8153 8011/8011 7989/7989
f 8007/8007 8213/8213 7971/7971
f 7971/7971 7970/7970 8007/8007
f 8183/8183 8116/8116 8205/8205
f 8239/8239 8222/8222 8141/8141
f 8160/8160 8205/8205 8116/8116
f 8247/8247 5702/5702 8157/8157
f 8087/8087 8142/8142 8242/8242
f 8011/8011 8153/8153 8224/8224
f 8248/8248 8240/8240 8249/8249
f 8089/8089 8087/8087 8093/8093
f 8088/8088 8087/8087 8089/8089
f 8245/8245 8213/8213 8007/8007
f 7887/7887 8156/8156 5719/5719
f 8216/8216 8222/8222 8239/8239
f 8242/8242 8093/8093 8087/8087
f 8093/8093 8242/8242 8243/8243
f 8250/8250 7887/7887 5719/5719
f 8185/8185 8247/8247 8157/8157
f 8101/8101 8205/8205 8097/8097
f 8245/8245 8212/8212 8213/8213
f 8003/8003 4445/4445 8080/8080
f 8022/8022 8003/8003 8080/8080
f 8224/8224 8203/8203 8011/8011
f 8097/8097 8205/8205 8160/8160
f 8035/8035 7883/7883 7999/7999
f 7999/7999 8040/8040 8035/8035
f 8128/8128 8203/8203 8224/8224
f 8022/8022 8133/8133 8251/8251
f 8133/8133 8022/8022 8080/8080
f 8034/8034 8160/8160 8029/8029
f 8097/8097 8160/8160 8034/8034
f 8252/8252 8156/8156 7887/7887
f 8253/8253 8251/8251 8133/8133
f 8254/8254 8247/8247 7885/7885
f 8040/8040 8255/8255 8035/8035
f 8247/8247 8185/8185 7885/7885
f 8243/8243 8199/8199 8230/8230
f 7886/7886 8252/8252 7887/7887
f 8035/8035 8255/8255 8118/8118
f 8251/8251 8001/8001 8022/8022
f 8256/8256 8185/8185 8210/8210
f 8251/8251 8257/8257 8001/8001
f 7907/7907 7885/7885 8185/8185
f 7911/7911 8252/8252 7886/7886
f 8251/8251 8253/8253 8258/8258
f 8259/8259 8243/8243 8230/8230
f 8260/8260 8243/8243 8259/8259
f 7907/7907 8185/8185 8256/8256
f 8252/8252 8188/8188 8156/8156
f 8210/8210 8185/8185 8190/8190
f 8261/8261 8040/8040 8044/8044
f 8261/8261 8255/8255 8040/8040
f 8261/8261 8044/8044 8262/8262
f 8252/8252 8214/8214 8188/8188
f 8263/8263 7987/7987 8011/8011
f 8253/8253 8133/8133 8134/8134
f 8253/8253 8134/8134 8236/8236
f 8264/8264 8007/8007 8008/8008
f 8265/8265 8166/8166 8171/8171
f 8264/8264 8008/8008 8266/8266
f 8206/8206 8101/8101 8234/8234
f 7926/7926 7907/7907 8256/8256
f 8166/8166 8265/8265 8230/8230
f 8267/8267 8234/8234 8101/8101
f 8268/8268 8008/8008 7972/7972
f 8265/8265 8259/8259 8230/8230
f 8256/8256 8210/8210 8216/8216
f 8024/8024 7987/7987 8263/8263
f 8269/8269 8261/8261 8262/8262
f 8267/8267 8270/8270 8234/8234
f 8216/8216 8272/8272 8256/8256
f 7911/7911 8214/8214 8252/8252
f 8214/8214 8273/8273 8215/8215
f 8274/8274 8024/8024 8263/8263
f 8056/8056 8065/8065 8275/8275
f 8044/8044 8056/8056 8262/8262
f 8056/8056 8275/8275 8262/8262
f 8008/8008 8268/8268 8276/8276
f 8256/8256 8272/8272 8278/8278
f 8236/8236 8279/8279 8253/8253
f 8101/8101 8206/8206 8205/8205
f 8280/8280 8008/8008 8276/8276
f 8262/8262 8281/8281 8282/8282
f 8262/8262 8282/8282 8269/8269
f 8122/8122 8093/8093 8243/8243
f 8118/8118 8255/8255 8238/8238
f 8283/8283 8274/8274 8263/8263
f 8214/8214 7911/7911 8284/8284
f 8126/8126 8260/8260 8259/8259
f 8118/8118 8238/8238 8140/8140
f 8260/8260 8122/8122 8243/8243
f 8238/8238 8255/8255 8261/8261
f 8238/8238 8261/8261 8269/8269
f 8125/8125 8101/8101 8104/8104
f 8285/8285 8264/8264 8266/8266
f 8125/8125 8267/8267 8101/8101
f 8122/8122 8260/8260 8126/8126
f 8256/8256 8286/8286 7926/7926
f 8284/8284 7911/7911 7938/7938
f 8280/8280 8266/8266 8008/8008
f 8284/8284 7938/7938 8287/8287
f 8269/8269 8249/8249 8238/8238
f 8287/8287 8288/8288 8284/8284
f 8235/8235 8289/8289 8236/8236
f 8269/8269 8282/8282 8290/8290
f 8291/8291 8267/8267 8125/8125
f 8214/8214 8284/8284 8288/8288
f 7871/7871 8274/8274 8283/8283
f 8288/8288 8273/8273 8214/8214
f 8265/8265 8126/8126 8259/8259
f 8265/8265 8129/8129 8126/8126
f 8249/8249 8240/8240 8238/8238
f 8282/8282 8292/8292 8290/8290
f 8269/8269 8290/8290 8249/8249
f 8268/8268 7972/7972 7958/7958
f 8293/8293 8202/8202 8215/8215
f 8293/8293 8246/8246 8202/8202
f 8249/8249 8290/8290 8294/8294
f 8295/8295 8296/8296 8297/8297
f 8268/8268 7958/7958 7943/7943
f 8249/8249 8294/8294 8248/8248
f 8235/8235 8246/8246 8293/8293
f 5647/5647 5664/5664 5646/5646
f 8298/8298 8024/8024 8274/8274
f 8047/8047 8024/8024 8298/8298
f 8132/8132 5646/5646 5664/5664
f 8268/8268 7943/7943 8299/8299
f 8248/8248 8294/8294 8300/8300
f 8047/8047 8298/8298 8301/8301
f 8300/8300 8294/8294 8297/8297
f 8302/8302 8276/8276 8268/8268
f 8302/8302 8268/8268 8299/8299
f 5713/5713 5656/5656 5663/5663
f 8216/8216 8239/8239 8272/8272
f 8303/8303 5340/5340 5379/5379
f 8304/8304 8302/8302 8305/8305
f 8240/8240 8306/8306 8271/8271
f 8064/8064 8299/8299 7943/7943
f 8301/8301 7938/7938 8047/8047
f 8215/8215 8273/8273 8293/8293
f 7919/7919 5379/5379 5380/5380
f 5670/5670 8307/8307 5664/5664
f 8308/8308 5664/5664 8307/8307
f 8308/8308 8132/8132 5664/5664
f 8299/8299 8064/8064 8305/8305
f 8309/8309 8271/8271 8306/8306
f 8248/8248 8306/8306 8240/8240
f 7663/7663 5338/5338 4268/4268
f 5336/5336 7653/7653 4266/4266
f 8138/8138 8132/8132 8308/8308
f 8310/8310 8308/8308 8307/8307
f 8301/8301 8287/8287 7938/7938
f 8138/8138 8308/8308 8233/8233
f 8301/8301 8311/8311 8287/8287
f 8312/8312 5338/5338 7663/7663
f 8306/8306 8248/8248 8300/8300
f 7986/7986 5713/5713 8150/8150
f 8310/8310 8233/8233 8308/8308
f 8305/8305 8302/8302 8299/8299
f 8300/8300 8313/8313 8314/8314
f 8310/8310 7971/7971 8233/8233
f 8309/8309 8277/8277 8271/8271
f 5342/5342 5337/5337 5340/5340
f 8306/8306 8300/8300 8309/8309
f 7653/7653 5336/5336 5341/5341
f 7971/7971 8310/8310 7962/7962
f 8300/8300 8314/8314 8315/8315
f 8309/8309 8300/8300 8315/8315
f 7653/7653 7668/7668 7652/7652
f 5702/5702 5698/5698 4363/4363
f 8316/8316 8317/8317 8318/8318
f 8319/8319 7668/7668 7653/7653
f 8288/8288 8320/8320 8273/8273
f 8321/8321 5696/5696 5703/5703
f 8322/8322 8312/8312 7663/7663
f 7702/7702 8322/8322 7663/7663
f 8321/8321 5703/5703 5702/5702
f 8323/8323 8324/8324 8325/8325
f 8316/8316 8325/8325 8324/8324
f 8317/8317 8316/8316 8324/8324
f 7702/7702 7663/7663 7654/7654
f 8247/8247 8321/8321 5702/5702
f 8326/8326 8313/8313 8318/8318
f 8313/8313 8326/8326 8314/8314
f 8318/8318 8317/8317 8326/8326
f 8327/8327 8311/8311 7868/7868
f 8250/8250 5719/5719 5700/5700
f 8315/8315 8314/8314 8326/8326
f 5341/5341 8328/8328 7653/7653
f 8319/8319 7653/7653 8328/8328
f 7870/7870 8301/8301 8298/8298
f 8311/8311 8301/8301 7870/7870
f 8064/8064 7923/7923 7926/7926
f 8064/8064 7926/7926 8286/8286
f 5696/5696 8329/8329 8330/8330
f 8330/8330 5695/5695 5696/5696
f 8278/8278 8286/8286 8256/8256
f 8322/8322 8331/8331 8312/8312
f 8321/8321 8329/8329 5696/5696
f 8332/8332 8330/8330 8329/8329
f 5342/5342 5340/5340 8303/8303
f 5390/5390 5338/5338 8312/8312
f 8276/8276 8302/8302 8304/8304
f 8031/8031 8250/8250 5709/5709
f 8311/8311 8320/8320 8287/8287
f 5390/5390 8312/8312 8333/8333
f 8274/8274 7871/7871 8298/8298
f 8064/8064 8286/8286 8305/8305
f 7870/7870 8298/8298 7871/7871
f 8287/8287 8320/8320 8288/8288
f 8334/8334 8280/8280 8276/8276
f 8304/8304 7893/7893 8276/8276
f 5709/5709 8250/8250 5700/5700
f 8335/8335 8286/8286 8278/8278
f 5375/5375 5390/5390 8333/8333
f 5375/5375 8333/8333 5472/5472
f 8286/8286 8335/8335 8305/8305
f 8334/8334 8276/8276 7893/7893
f 8321/8321 8254/8254 8329/8329
f 8254/8254 8321/8321 8247/8247
f 8305/8305 8337/8337 8304/8304
f 5379/5379 7919/7919 7918/7918
f 7913/7913 5472/5472 8333/8333
f 8309/8309 8336/8336 8277/8277
f 8338/8338 5342/5342 8303/8303
f 8328/8328 5341/5341 8339/8339
f 8309/8309 8340/8340 8336/8336
f 8312/8312 8341/8341 8333/8333
f 7918/7918 8303/8303 5379/5379
f 8338/8338 8303/8303 7918/7918
f 8326/8326 8340/8340 8315/8315
f 8315/8315 8340/8340 8309/8309
f 7876/7876 8330/8330 8332/8332
f 7893/7893 8304/8304 8337/8337
f 7893/7893 8337/8337 7894/7894
f 8327/8327 8323/8323 8325/8325
f 8331/8331 8341/8341 8312/8312
f 8324/8324 8323/8323 8342/8342
f 8341/8341 8331/8331 8343/8343
f 8165/8165 7959/7959 8196/8196
f 7877/7877 7876/7876 8332/8332
f 8341/8341 7913/7913 8333/8333
f 7895/7895 8336/8336 8344/8344
f 8332/8332 7884/7884 7877/7877
f 7903/7903 7888/7888 8031/8031
f 8344/8344 8340/8340 8342/8342
f 8344/8344 8336/8336 8340/8340
f 8338/8338 7918/7918 7925/7925
f 7885/7885 8329/8329 8254/8254
f 8335/8335 8337/8337 8305/8305
f 7894/7894 8337/8337 8335/8335
f 8332/8332 8329/8329 7885/7885
f 7913/7913 8341/8341 7930/7930
f 7888/7888 7887/7887 8250/8250
f 8345/8345 8165/8165 8196/8196
f 7930/7930 8341/8341 7931/7931
f 8327/8327 7867/7867 8323/8323
f 7888/7888 8250/8250 8031/8031
f 8344/8344 7867/7867 7899/7899
f 7895/7895 8344/8344 7899/7899
f 8331/8331 7702/7702 7695/7695
f 7884/7884 8332/8332 7885/7885
f 7702/7702 8331/8331 8322/8322
f 8346/8346 8196/8196 8207/8207
f 7668/7668 8319/8319 7701/7701
f 7701/7701 8319/8319 8328/8328
f 8347/8347 8346/8346 8207/8207
f 5712/5712 5669/5669 5713/5713
f 8348/8348 8343/8343 8331/8331
f 5711/5711 8349/8349 5657/5657
f 8204/8204 8045/8045 8350/8350
f 8045/8045 8221/8221 8350/8350
f 7701/7701 8328/8328 8351/8351
f 8346/8346 8345/8345 8196/8196
f 8307/8307 5657/5657 8349/8349
f 8351/8351 8328/8328 8352/8352
f 7949/7949 8307/8307 8349/8349
f 8350/8350 8353/8353 8204/8204
f 8331/8331 7695/7695 6646/6646
f 8168/8168 8165/8165 8345/8345
f 8165/8165 8168/8168 8163/8163
f 8354/8354 8348/8348 8331/8331
f 5695/5695 8330/8330 5711/5711
f 8168/8168 8345/8345 8355/8355
f 8234/8234 8350/8350 8221/8221
f 7712/7712 7701/7701 8048/8048
f 7701/7701 8052/8052 8048/8048
f 8356/8356 8169/8169 8167/8167
f 8330/8330 8349/8349 5711/5711
f 8357/8357 8168/8168 8355/8355
f 7701/7701 8351/8351 8052/8052
f 8355/8355 8346/8346 8347/8347
f 8355/8355 8345/8345 8346/8346
f 7985/7985 5708/5708 5712/5712
f 8354/8354 8331/8331 6646/6646
f 5657/5657 8307/8307 5658/5658
f 5670/5670 5658/5658 8307/8307
f 8359/8359 8355/8355 8360/8360
f 6645/6645 8354/8354 6646/6646
f 5713/5713 7986/7986 5712/5712
f 8053/8053 8354/8354 6645/6645
f 8200/8200 8241/8241 8361/8361
f 8361/8361 8207/8207 8200/8200
f 8058/8058 8354/8354 8053/8053
f 8241/8241 8245/8245 8361/8361
f 8207/8207 8361/8361 8362/8362
f 8207/8207 8362/8362 8347/8347
f 7875/7875 8330/8330 7876/7876
f 7981/7981 8341/8341 8343/8343
f 8328/8328 8339/8339 7924/7924
f 7985/7985 5712/5712 7986/7986
f 7950/7950 7949/7949 8349/8349
f 8363/8363 8328/8328 7924/7924
f 8031/8031 5708/5708 7985/7985
f 8352/8352 8328/8328 8363/8363
f 8364/8364 8352/8352 8363/8363
f 8007/8007 8361/8361 8245/8245
f 8330/8330 7875/7875 8349/8349
f 8343/8343 8348/8348 7981/7981
f 8264/8264 8361/8361 8007/8007
f 8363/8363 7924/7924 7964/7964
f 7950/7950 8349/8349 7875/7875
f 8365/8365 8011/8011 8203/8203
f 8341/8341 7981/7981 7931/7931
f 8353/8353 8203/8203 8204/8204
f 8002/8002 8363/8363 7964/7964
f 8366/8366 8355/8355 8347/8347
f 8307/8307 7962/7962 8310/8310
f 8351/8351 8352/8352 8079/8079
f 8362/8362 8361/8361 8366/8366
f 8079/8079 8352/8352 8364/8364
f 8307/8307 7949/7949 7962/7962
f 8366/8366 8347/8347 8362/8362
f 8367/8367 8360/8360 8366/8366
f 8351/8351 8079/8079 8059/8059
f 8264/8264 8366/8366 8361/8361
f 8052/8052 8351/8351 8059/8059
f 7989/7989 7986/7986 8150/8150
f 8203/8203 8368/8368 8365/8365
f 8368/8368 8369/8369 8365/8365
f 8004/8004 8363/8363 8002/8002
f 8363/8363 8004/8004 8364/8364
f 8004/8004 8079/8079 8364/8364
f 8369/8369 8368/8368 8370/8370
f 8031/8031 5709/5709 5708/5708
f 8058/8058 8348/8348 8354/8354
f 8348/8348 8058/8058 7981/7981
f 8367/8367 8366/8366 8264/8264
f 7941/7941 8367/8367 8264/8264
f 8010/8010 7981/7981 8058/8058
f 7981/7981 8010/8010 7982/7982
f 8203/8203 8353/8353 8368/8368
f 8360/8360 8355/8355 8366/8366
f 7988/7988 8031/8031 7985/7985
f 8368/8368 8353/8353 8370/8370
f 8371/8371 5380/5380 5469/5469
f 8371/8371 7919/7919 5380/5380
f 7920/7920 7919/7919 7929/7929
f 7929/7929 7919/7919 8371/8371
f 5485/5485 5486/5486 5477/5477
f 5477/5477 8372/8372 5485/5485
f 5469/5469 5458/5458 5485/5485
f 7912/7912 5488/5488 5472/5472
f 5469/5469 5485/5485 8371/8371
f 8350/8350 8234/8234 8353/8353
f 8171/8171 8169/8169 8356/8356
f 8171/8171 8356/8356 8373/8373
f 8374/8374 8371/8371 5485/5485
f 8374/8374 5485/5485 8372/8372
f 8374/8374 8372/8372 8375/8375
f 8376/8376 8171/8171 8373/8373
f 8359/8359 8357/8357 8355/8355
f 7929/7929 8371/8371 7878/7878
f 7878/7878 8374/8374 8375/8375
f 8371/8371 8374/8374 7878/7878
f 8377/8377 8353/8353 8234/8234
f 7878/7878 7881/7881 7929/7929
f 8234/8234 8378/8378 8377/8377
f 8379/8379 8353/8353 8377/8377
f 5505/5505 5477/5477 5475/5475
f 8372/8372 5477/5477 5505/5505
f 5497/5497 5505/5505 5475/5475
f 8358/8358 8373/8373 8356/8356
f 8380/8380 8373/8373 8358/8358
f 7882/7882 8372/8372 5505/5505
f 7879/7879 8372/8372 7882/7882
f 5488/5488 7912/7912 7890/7890
f 7890/7890 7912/7912 7892/7892
f 5501/5501 5502/5502 7882/7882
f 7890/7890 5496/5496 5488/5488
f 7882/7882 5505/5505 5501/5501
f 8376/8376 8373/8373 8380/8380
f 8068/8068 5496/5496 7890/7890
f 7882/7882 5502/5502 8067/8067
f 8360/8360 8367/8367 8382/8382
f 8383/8383 8367/8367 7941/7941
f 8375/8375 7879/7879 7878/7878
f 8382/8382 8359/8359 8360/8360
f 7912/7912 7942/7942 7892/7892
f 8375/8375 8372/8372 7879/7879
f 8379/8379 8370/8370 8353/8353
f 8367/8367 8383/8383 8382/8382
f 8384/8384 8382/8382 8383/8383
f 8386/8386 8379/8379 8377/8377
f 8152/8152 8358/8358 8381/8381
f 8379/8379 8386/8386 7937/7937
f 8379/8379 7937/7937 8370/8370
f 8370/8370 7936/7936 8369/8369
f 8370/8370 7937/7937 7936/7936
f 7939/7939 8383/8383 7941/7941
f 7939/7939 8384/8384 8383/8383
f 8358/8358 8152/8152 8380/8380
f 8381/8381 8385/8385 8152/8152
f 8385/8385 8387/8387 8152/8152
f 7940/7940 8387/8387 8385/8385
f 8270/8270 8378/8378 8234/8234
f 8265/8265 8171/8171 8376/8376
f 8376/8376 8129/8129 8265/8265
f 8267/8267 8291/8291 8270/8270
f 8291/8291 8378/8378 8270/8270
f 8129/8129 8376/8376 8380/8380
f 8380/8380 8152/8152 8129/8129
f 8388/8388 8291/8291 8125/8125
f 8125/8125 8131/8131 8388/8388
f 8377/8377 8378/8378 8386/8386
f 8388/8388 8386/8386 8378/8378
f 8291/8291 8388/8388 8378/8378
f 8389/8389 8388/8388 8131/8131
f 8388/8388 7975/7975 8390/8390
f 8391/8391 8390/8390 8392/8392
f 8393/8393 7915/7915 7917/7917
f 8386/8386 8394/8394 7937/7937
f 8391/8391 8393/8393 8390/8390
f 8391/8391 7915/7915 8393/8393
f 7960/7960 7915/7915 8395/8395
f 8395/8395 7915/7915 8391/8391
f 8394/8394 8386/8386 8388/8388
f 8394/8394 8388/8388 8393/8393
f 8152/8152 8387/8387 8151/8151
f 8158/8158 8151/8151 8387/8387
f 8158/8158 8387/8387 8396/8396
f 8387/8387 7940/7940 7968/7968
f 7968/7968 7960/7960 8397/8397
f 7968/7968 8396/8396 8387/8387
f 8396/8396 7968/7968 8397/8397
f 8158/8158 8396/8396 8398/8398
f 8158/8158 8398/8398 8159/8159
f 8397/8397 8398/8398 8396/8396
f 8263/8263 8011/8011 8365/8365
f 8399/8399 8283/8283 8263/8263
f 8369/8369 8263/8263 8365/8365
f 8399/8399 8263/8263 8369/8369
f 7941/7941 8264/8264 8285/8285
f 7941/7941 8285/8285 7922/7922
f 7922/7922 8285/8285 8266/8266
f 7936/7936 8399/8399 8369/8369
f 8399/8399 7936/7936 7935/7935
f 8283/8283 8399/8399 7871/7871
f 8266/8266 8280/8280 8334/8334
f 7922/7922 8266/8266 8334/8334
f 7922/7922 8334/8334 7893/7893
f 7935/7935 7871/7871 8399/8399
f 7871/7871 7935/7935 7869/7869
f 8400/8400 7909/7909 7908/7908
f 7868/7868 7867/7867 8327/8327
f 8057/8057 5483/5483 5480/5480
f 5734/5734 8057/8057 5480/5480
f 8229/8229 7975/7975 8137/8137
f 5479/5479 8401/8401 5734/5734
f 5479/5479 8001/8001 8257/8257
f 8159/8159 8402/8402 8155/8155
f 8402/8402 8159/8159 8398/8398
f 8173/8173 8172/8172 8077/8077
f 8050/8050 8077/8077 8172/8172
f 8173/8173 8062/8062 8181/8181
f 8077/8077 8062/8062 8173/8173
f 7754/7754 8181/8181 8062/8062
f 8175/8175 8187/8187 8403/8403
f 7759/7759 7754/7754 7622/7622
f 7758/7758 8197/8197 8187/8187
f 8187/8187 8197/8197 8195/8195
f 7775/7775 8197/8197 7758/7758
f 8195/8195 8403/8403 8187/8187
f 8295/8295 8289/8289 8235/8235
f 8177/8177 8403/8403 8194/8194
f 8177/8177 8175/8175 8403/8403
f 7975/7975 8389/8389 8131/8131
f 8131/8131 8137/8137 7975/7975
f 8404/8404 8401/8401 8257/8257
f 8258/8258 8404/8404 8257/8257
f 8389/8389 7975/7975 8388/8388
f 8194/8194 8403/8403 8195/8195
f 8258/8258 8257/8257 8251/8251
f 7934/7934 7937/7937 7917/7917
f 8394/8394 8393/8393 7937/7937
f 8393/8393 7917/7917 7937/7937
f 8172/8172 8217/8217 8114/8114
f 8258/8258 8253/8253 8279/8279
f 8281/8281 8404/8404 8258/8258
f 8404/8404 8281/8281 8275/8275
f 8281/8281 8262/8262 8275/8275
f 8257/8257 8401/8401 5479/5479
f 8397/8397 7960/7960 8395/8395
f 8401/8401 8405/8405 5734/5734
f 8390/8390 8393/8393 8388/8388
f 8227/8227 8220/8220 8226/8226
f 8401/8401 8404/8404 8405/8405
f 5734/5734 8405/8405 8065/8065
f 8275/8275 8405/8405 8404/8404
f 8405/8405 8275/8275 8065/8065
f 8228/8228 8220/8220 8218/8218
f 8392/8392 8398/8398 8391/8391
f 8391/8391 8398/8398 8397/8397
f 8228/8228 8226/8226 8220/8220
f 8392/8392 8402/8402 8398/8398
f 8137/8137 8120/8120 8229/8229
f 8391/8391 8397/8397 8395/8395
f 8120/8120 8217/8217 8229/8229
f 8279/8279 8236/8236 8289/8289
f 8231/8231 8237/8237 8219/8219
f 8292/8292 8406/8406 8289/8289
f 8289/8289 8406/8406 8279/8279
f 8406/8406 8258/8258 8279/8279
f 8406/8406 8281/8281 8258/8258
f 8237/8237 8231/8231 8148/8148
f 8282/8282 8281/8281 8406/8406
f 8292/8292 8282/8282 8406/8406
f 8219/8219 8220/8220 8232/8232
f 8227/8227 8232/8232 8220/8220
f 8148/8148 8232/8232 8227/8227
f 8292/8292 8289/8289 8407/8407
f 8407/8407 8289/8289 8295/8295
f 8232/8232 8148/8148 8231/8231
f 7908/7908 7935/7935 7917/7917
f 8400/8400 7908/7908 7917/7917
f 8178/8178 8177/8177 8244/8244
f 8244/8244 8228/8228 8178/8178
f 7869/7869 7868/7868 8311/8311
f 8311/8311 7870/7870 7869/7869
f 8407/8407 8294/8294 8292/8292
f 8292/8292 8294/8294 8290/8290
f 7868/7868 7869/7869 7935/7935
f 8155/8155 7974/7974 8237/8237
f 8237/8237 7974/7974 7973/7973
f 7899/7899 7867/7867 7866/7866
f 7868/7868 7935/7935 7908/7908
f 7974/7974 8155/8155 8402/8402
f 8400/8400 7945/7945 7909/7909
f 7900/7900 7866/7866 7909/7909
f 7900/7900 7899/7899 7866/7866
f 7917/7917 7916/7916 8400/8400
f 8400/8400 7916/7916 7945/7945
f 7934/7934 7917/7917 7935/7935
f 8273/8273 8316/8316 8318/8318
f 8293/8293 8295/8295 8235/8235
f 7916/7916 7960/7960 7963/7963
f 8407/8407 8295/8295 8297/8297
f 8296/8296 8295/8295 8293/8293
f 7960/7960 7954/7954 7963/7963
f 8407/8407 8297/8297 8294/8294
f 7945/7945 7916/7916 7963/7963
f 8296/8296 8318/8318 8313/8313
f 8296/8296 8313/8313 8297/8297
f 8300/8300 8297/8297 8313/8313
f 8293/8293 8273/8273 8296/8296
f 8296/8296 8273/8273 8318/8318
f 8392/8392 8390/8390 7975/7975
f 7975/7975 7976/7976 8392/8392
f 7974/7974 8392/8392 7976/7976
f 8402/8402 8392/8392 7974/7974
f 8320/8320 8316/8316 8273/8273
f 8316/8316 8320/8320 8325/8325
f 8326/8326 8317/8317 8324/8324
f 8311/8311 8325/8325 8320/8320
f 8325/8325 8311/8311 8327/8327
f 8340/8340 8324/8324 8342/8342
f 8340/8340 8326/8326 8324/8324
f 7867/7867 8342/8342 8323/8323
f 7867/7867 8344/8344 8342/8342
