usemtl material_0
v -0.1153315 0.007146 -0.0052245
v -0.1170615 0.005466 -0.0058025
v -0.1151765 0.007432 -0.0046145
v -0.1172395 0.004678 -0.0066525
v -0.1158755 0.004122 -0.0080055
v -0.1163655 0.002761 -0.0084195
v -0.1181945 0.003182 -0.0066945
v -0.1181575 0.001033 -0.0079745
v -0.1196705 0.000376 -0.0058815
v -0.1190415 0.002722 -0.0047495
v -0.1186345 0.003035 -0.0038665
v -0.1175945 0.004921 -0.0044465
v -0.1180735 0.004143 -0.0057395
v -0.1196695 0.001138 -0.0055245
v -0.1137915 0.006348 -0.0075425
v -0.1139735 0.007281 -0.0065425
v -0.1113205 0.007301 -0.0076975
v -0.1117925 0.005251 -0.0089695
v -0.1110695 0.005738 -0.0087725
v -0.1141515 0.003221 -0.0090965
v -0.1114315 0.00909 -0.0049635
v -0.1098805 0.009471 -0.0039185
v -0.1090135 0.009491 -0.0053305
v -0.1162995 0.006216 -0.0039575
v -0.1144175 0.007564 -0.0033175
v -0.1125575 0.006941 -0.0012755
v -0.1156615 0.005871 -0.0025045
v -0.1143235 0.005887 -0.0015595
v -0.1173015 0.004904 -0.0035395
v -0.1175735 0.003321 -0.0024525
v -0.1152695 0.003338 -0.0008585
v -0.1170545 0.000652 -0.0011885
v -0.1126105 0.008588 -0.0052175
v -0.1112315 0.008538 -0.0062535
v -0.1121625 0.008782 -0.0038695
v -0.1130545 0.008103 -0.0029955
v -0.1110595 0.008773 -0.0028295
v -0.1104245 0.008309 -0.0016375
v -0.1084915 0.009506 -0.0029365
v -0.1097395 0.00593 0.0003555
v -0.1091785 0.007844 -0.0007635
v -0.1129955 0.004699 -0.0002585
v -0.1119735 0.003518 0.0005155
v -0.1118255 0.002032 0.0008545
v -0.1094745 0.003583 0.0013005
v -0.1105385 0.001376 0.0007395
v -0.1194465 -0.003373 -0.0066715
v -0.1194465 -0.003373 -0.0066715
v -0.1189855 -0.001369 -0.0075795
v -0.1185355 -0.002941 -0.0081225
v -0.1185355 -0.002941 -0.0081225
v -0.1181715 -0.006123 -0.0073665
v -0.1192535 -0.00548 -0.0056615
v -0.1179065 -0.008018 -0.0056215
v -0.1164975 -0.00909 -0.0065665
v -0.1158425 -0.008683 -0.0075195
v -0.1173385 -0.005772 -0.0083635
v -0.1199615 0.000261 -0.0044445
v -0.1198445 -0.000619 -0.0061055
v -0.1200605 -0.002697 -0.0057535
v -0.1200605 -0.002697 -0.0057535
v -0.1198705 -0.000897 -0.0035375
v -0.1195995 4.6e-05 -0.0033375
v -0.1190685 -0.001372 -0.0023495
v -0.1198575 -0.003502 -0.0060665
v -0.1194135 -0.005121 -0.0041655
v -0.1196425 -0.003369 -0.0036105
v -0.1196425 -0.003369 -0.0036105
v -0.1190105 -0.003397 -0.0024685
v -0.1190105 -0.003397 -0.0024685
v -0.1190505 -0.005694 -0.0035365
v -0.1183795 -0.005756 -0.0025505
v -0.1188835 -0.006494 -0.0046575
v -0.1177245 -0.008385 -0.0038845
v -0.1178375 -0.007666 -0.0031625
v -0.1158715 -0.007001 -0.0011205
v -0.1170345 -0.007422 -0.0021415
v -0.1155315 -0.010552 -0.0054175
v -0.1165795 -0.009658 -0.0047235
v -0.1154225 -0.010422 -0.0033815
v -0.1165015 -0.008856 -0.0027305
v -0.1134525 -0.011005 -0.0021525
v -0.1145885 -0.008932 -0.0013085
v -0.1185485 0.00017 -0.0021155
v -0.1170895 -0.001319 -0.0010135
v -0.1137075 0.000141 0.0004595
v -0.1153685 -0.002991 -0.0001465
v -0.1153685 -0.002991 -0.0001465
v -0.1173165 -0.004458 -0.0013505
v -0.1173165 -0.004458 -0.0013505
v -0.1138695 -0.0058 0.0001725
v -0.1130625 -0.003296 0.0007585
v -0.1130625 -0.003296 0.0007585
v -0.1119425 0.000405 0.0009045
v -0.1119805 -0.001831 0.0009605
v -0.1119805 -0.001831 0.0009605
v -0.1106025 0.000349 0.0007205
v -0.1111145 -0.000462 0.0006125
v -0.1116235 -0.004394 0.0009585
v -0.1105765 0.001142 -0.0105115
v -0.1105765 0.001142 -0.0105115
v -0.1099045 0.004258 -0.0096085
v -0.1080955 0.00365 -0.0101275
v -0.1087175 0.002636 -0.0101215
v -0.1087175 0.002636 -0.0101215
v -0.1073965 0.003306 -0.0099235
v -0.1080215 0.002614 -0.0097425
v -0.1080215 0.002614 -0.0097425
v -0.1089985 0.000322 -0.0101315
v -0.1090105 0.006489 -0.0087105
v -0.1058695 0.007927 -0.0079075
v -0.1058565 0.005819 -0.0093495
v -0.1135785 0.000429 -0.0098395
v -0.1135785 0.000429 -0.0098395
v -0.1101325 -0.001205 -0.0104315
v -0.1054815 0.004692 -0.0098735
v -0.1038235 0.005075 -0.0096195
v -0.1070955 0.003683 -0.0099295
v -0.1073315 0.002725 -0.0092055
v -0.1073315 0.002725 -0.0092055
v -0.1073315 0.002725 -0.0092055
v -0.1079005 0.002305 -0.0090115
v -0.1079005 0.002305 -0.0090115
v -0.1057335 0.002743 -0.0094175
v -0.1057335 0.002743 -0.0094175
v -0.1049895 0.003046 -0.0097825
v -0.1071115 0.002536 -0.0069935
v -0.1032725 0.002701 -0.0097815
v -0.1011025 0.003335 -0.0102165
v -0.1085205 0.000433 -0.0097325
v -0.1081725 0.000468 -0.0089305
v -0.1078275 0.002028 -0.0076515
v -0.1078275 0.002028 -0.0076515
v -0.1083855 -0.002283 -0.0076675
v -0.1084775 -0.00168 -0.0090355
v -0.1080295 -0.000129 -0.0048775
v -0.1080295 -0.000129 -0.0048775
v -0.1023405 0.002397 -0.0097025
v -0.1009975 0.002334 -0.0099285
v -0.0996555 0.001535 -0.0105335
v -0.0996555 0.001535 -0.0105335
v -0.0982465 0.00194 -0.0108105
v -0.0982465 0.00194 -0.0108105
v -0.0999225 0.000883 -0.0099385
v -0.0999225 0.000883 -0.0099385
v -0.0998205 0.000953 -0.0102925
v -0.0985905 9.6e-05 -0.0109945
v -0.0968685 -0.000257 -0.0111915
v -0.0990505 -8.6e-05 -0.0106985
v -0.0992835 -0.00068 -0.0100185
v -0.0990655 -0.002001 -0.0103185
v -0.0998915 -0.002054 -0.0074795
v -0.0986565 -0.003287 -0.0108895
v -0.0993805 -0.003454 -0.0101445
v -0.1003235 -0.005201 -0.0101535
v -0.1003325 -0.004175 -0.0083435
v -0.0969885 -0.003586 -0.0112135
v -0.0994165 -0.005573 -0.0107975
v -0.0944945 -0.005488 -0.0108505
v -0.1047655 0.009851 -0.0051825
v -0.1078055 0.008669 -0.0069595
v -0.1074895 0.009824 -0.0042225
v -0.1020965 0.008153 -0.0078005
v -0.1014015 0.006475 -0.0090705
v -0.0996675 0.009159 -0.0066875
v -0.1053545 0.010072 -0.0034015
v -0.1047955 0.009557 -0.0016625
v -0.1041535 0.010076 -0.0027005
v -0.1028195 0.009909 -0.0018245
v -0.1027175 0.010201 -0.0041425
v -0.0993885 0.01017 -0.0046545
v -0.1000945 0.010425 -0.0028345
v -0.1000535 0.009746 -0.0007105
v -0.1074685 0.001916 -0.0049775
v -0.1071465 0.002062 -0.0033015
v -0.1070275 0.002215 -0.0046465
v -0.1075825 0.001732 -0.0030695
v -0.1076985 0.001874 -0.0023015
v -0.1059165 0.002273 -0.0050115
v -0.1051525 0.002344 -0.0028455
v -0.1046245 0.002242 -0.0043455
v -0.1040265 0.001861 -0.0034495
v -0.1032325 0.00202 -0.0060615
v -0.1032325 0.00202 -0.0060615
v -0.1073405 0.008487 -0.0007285
v -0.1061165 0.007925 6.55e-05
v -0.1061625 0.005147 0.0017985
v -0.1023995 0.008834 4.05e-05
v -0.1099025 0.001481 0.0004135
v -0.1094895 0.001777 -0.0002815
v -0.1090905 0.002327 0.0006745
v -0.1087385 0.002059 -0.0006945
v -0.1092135 0.001143 -0.0011785
v -0.1079065 0.002661 6.15e-05
v -0.1078205 0.002631 -0.0011555
v -0.1068355 0.002366 -0.0025575
v -0.1059365 0.002988 -0.0019785
v -0.1063885 0.003272 0.0001275
v -0.1083275 0.004287 0.0014265
v -0.1081485 0.003337 0.0011265
v -0.1070215 0.004066 0.0016495
v -0.1071345 0.003454 0.0009415
v -0.1068865 0.003309 0.0001625
v -0.1048995 0.003689 0.0019465
v -0.1047775 0.00297 -0.0012255
v -0.1029705 0.001787 -0.0010585
v -0.1027415 0.00113 -0.0027215
v -0.1031885 0.001364 -0.0041235
v -0.1019305 0.000535 -0.0016695
v -0.1037225 0.002806 0.0007655
v -0.1025665 0.001877 0.0005925
v -0.1020685 0.000922 -0.0003265
v -0.1002655 0.004087 -0.0102475
v -0.0979895 0.004961 -0.0099175
v -0.0947095 0.007886 -0.0078465
v -0.0965645 0.005794 -0.0095285
v -0.0940295 0.00529 -0.0095975
v -0.0927655 0.00215 -0.0106685
v -0.0927655 0.00215 -0.0106685
v -0.0938055 0.009188 -0.0064225
v -0.0974895 0.010143 -0.0046155
v -0.0959215 0.010466 -0.0032535
v -0.0944645 0.010168 -0.0046815
v -0.0909475 0.01021 -0.0044165
v -0.0884685 0.008623 -0.0066995
v -0.0907305 0.005615 -0.0092395
v -0.0883355 0.00723 -0.0079475
v -0.1018385 0.001976 -0.0089335
v -0.1010555 0.001601 -0.0089815
v -0.1001365 -0.000523 -0.0077745
v -0.1013295 0.00069 -0.0063355
v -0.1013295 0.00069 -0.0063355
v -0.1010625 -0.000146 -0.0054445
v -0.1008485 -0.003475 -0.0059105
v -0.1007595 -0.001259 -0.0056415
v -0.1022245 0.000514 -0.0044135
v -0.1022245 0.000514 -0.0044135
v -0.1022245 0.000514 -0.0044135
v -0.1017485 -0.000383 -0.0042535
v -0.1017485 -0.000383 -0.0042535
v -0.1015825 -0.002063 -0.0038035
v -0.1015825 -0.002063 -0.0038035
v -0.1014975 -0.0027 -0.0042495
v -0.1020185 0.000149 -0.0034185
v -0.1017915 -0.000752 -0.0026365
v -0.1017415 -0.002022 -0.0023095
v -0.1013915 -0.001459 -3.15e-05
v -0.0935625 -0.001457 -0.0111845
v -0.0889915 0.004256 -0.0096305
v -0.0889915 0.004256 -0.0096305
v -0.0876095 0.001973 -0.0102705
v -0.0854325 0.007822 -0.0071185
v -0.0844815 0.005716 -0.0084515
v -0.0844815 0.005716 -0.0084515
v -0.0810905 0.005832 -0.0080705
v -0.0810155 0.007193 -0.0072125
v -0.0810155 0.007193 -0.0072125
v -0.0835295 0.00359 -0.0093405
v -0.0822605 0.000226 -0.0099725
v -0.0891215 -0.000473 -0.0107765
v -0.0897245 -0.002862 -0.0108145
v -0.0897205 -0.005377 -0.0104205
v -0.0857075 -0.001289 -0.0104315
v -0.0872345 -0.004662 -0.0105325
v -0.0773135 0.004277 -0.0082775
v -0.0769255 0.001058 -0.0091685
v -0.0763555 -0.001339 -0.0092095
v -0.0738575 0.001713 -0.0085125
v -0.0770765 -0.00372 -0.0093115
v -0.1137195 -0.002811 -0.0100695
v -0.1112475 -0.003248 -0.0105455
v -0.1135795 -0.005111 -0.0098735
v -0.1105225 -0.004574 -0.0104425
v -0.1138945 -0.007253 -0.0092085
v -0.1135925 -0.009471 -0.0081795
v -0.1096165 -0.003973 -0.0099725
v -0.1076105 -0.007197 -0.0099405
v -0.1100195 -0.007835 -0.0098345
v -0.1067115 -0.009142 -0.0096775
v -0.1117495 -0.011104 -0.0076435
v -0.1096265 -0.009798 -0.0090785
v -0.1074565 -0.011718 -0.0077315
v -0.1086785 -0.003743 -0.0050575
v -0.1081105 -0.004871 -0.0082325
v -0.1081105 -0.004871 -0.0082325
v -0.1085045 -0.003758 -0.0079805
v -0.1085045 -0.003758 -0.0079805
v -0.1075475 -0.005333 -0.0057235
v -0.1070605 -0.005546 -0.0049295
v -0.1065235 -0.006188 -0.0068195
v -0.1140785 -0.010871 -0.0067325
v -0.1139445 -0.011601 -0.0040435
v -0.1117335 -0.012414 -0.0057475
v -0.1129105 -0.012129 -0.0052205
v -0.1126435 -0.012123 -0.0036715
v -0.1111425 -0.012689 -0.0043025
v -0.1087815 -0.013036 -0.0030335
v -0.1099995 -0.012523 -0.0062685
v -0.1081845 -0.012879 -0.0057245
v -0.1083785 -0.013157 -0.0044965
v -0.1102935 -0.012022 -0.0018015
v -0.1046325 -0.007096 -0.0087555
v -0.1046325 -0.007096 -0.0087555
v -0.1021725 -0.006673 -0.0097925
v -0.1039795 -0.007698 -0.0099495
v -0.1016215 -0.007292 -0.0103015
v -0.1016905 -0.005785 -0.0080025
v -0.1015115 -0.006256 -0.0097665
v -0.1029555 -0.00631 -0.0070655
v -0.1014685 -0.008068 -0.0102555
v -0.1010815 -0.012778 -0.0063995
v -0.0994945 -0.010968 -0.0084995
v -0.0975665 -0.012655 -0.0063645
v -0.0977385 -0.011496 -0.0080825
v -0.1057365 -0.012862 -0.0062005
v -0.1045785 -0.012502 -0.0068875
v -0.1058805 -0.013425 -0.0047395
v -0.1043355 -0.013372 -0.0044795
v -0.1030185 -0.013436 -0.0051355
v -0.1092415 -0.002666 -0.0022455
v -0.1092415 -0.002666 -0.0022455
v -0.1092415 -0.002666 -0.0022455
v -0.1086395 -0.002626 -0.0054275
v -0.1086395 -0.002626 -0.0054275
v -0.1090115 -0.003614 -0.0019905
v -0.1090115 -0.003614 -0.0019905
v -0.1090115 -0.003614 -0.0019905
v -0.1090325 -0.001041 -0.0015845
v -0.1100805 -0.001226 -0.0007705
v -0.1095525 -0.002744 -0.0013565
v -0.1095525 -0.002744 -0.0013565
v -0.1108995 -0.001938 0.0005335
v -0.1108995 -0.001938 0.0005335
v -0.1098365 -0.004227 -0.0004275
v -0.1091345 -0.004067 -0.0009845
v -0.1112465 -0.006354 0.0009605
v -0.1114465 -0.00798 0.0004775
v -0.1080915 -0.005158 -0.0011765
v -0.1078525 -0.005024 -0.0028545
v -0.1078525 -0.005024 -0.0028545
v -0.1067195 -0.005799 -0.0030515
v -0.1067195 -0.005799 -0.0030515
v -0.1080255 -0.006424 0.0006755
v -0.1068475 -0.006414 -0.0007565
v -0.1065245 -0.006304 -0.0020735
v -0.1049785 -0.00667 -0.0005545
v -0.1047485 -0.005858 -0.0028815
v -0.1047485 -0.005858 -0.0028815
v -0.1105795 -0.000617 0.0001315
v -0.1103065 -0.004152 0.0004955
v -0.1100145 -0.005383 0.0009295
v -0.1094005 -0.005117 0.0003715
v -0.1088545 -0.006772 0.0012435
v -0.1088985 -0.006114 0.0009975
v -0.1076925 -0.008064 0.0016445
v -0.1071335 -0.007145 0.0014035
v -0.1061695 -0.007831 0.0018645
v -0.1058535 -0.007208 0.0016195
v -0.1058405 -0.008868 0.0017255
v -0.1057025 -0.006824 0.0003565
v -0.1053785 -0.006936 0.0012095
v -0.1035865 -0.006404 0.0012395
v -0.1037445 -0.007054 0.0025565
v -0.1042775 -0.007967 0.0024625
v -0.0993365 -0.009629 0.0028275
v -0.1113865 -0.010191 -0.0005525
v -0.1065635 -0.012065 -0.0006605
v -0.1074025 -0.01073 0.0002975
v -0.1036855 -0.0113 0.0007435
v -0.1023705 -0.005202 -0.0051675
v -0.1017245 -0.004328 -0.0048655
v -0.1038475 -0.006072 -0.0053255
v -0.1038475 -0.006072 -0.0053255
v -0.1022475 -0.004407 -0.0038185
v -0.1022365 -0.004207 -0.0026595
v -0.1022365 -0.004207 -0.0026595
v -0.1032935 -0.005389 -0.0029455
v -0.1032935 -0.005389 -0.0029455
v -0.1032935 -0.005389 -0.0029455
v -0.1038685 -0.005627 -0.0039705
v -0.0971805 -0.013524 -0.0045855
v -0.1019145 -0.004267 -0.0009705
v -0.1015345 -0.003089 -0.0004205
v -0.1026235 -0.005397 -0.0003505
v -0.1019515 -0.005012 0.0025435
v -0.1029245 -0.006119 0.0023895
v -0.1023555 -0.006416 0.0032315
v -0.1014215 -0.007592 0.0032445
v -0.1043085 -0.013503 -0.0026755
v -0.1051315 -0.012562 -0.0009785
v -0.1016875 -0.012326 0.0001215
v -0.1017905 -0.013297 -0.0016135
v -0.1014125 -0.013675 -0.0032865
v -0.0999535 -0.013688 -0.0025745
v -0.0999775 -0.013132 -0.0009505
v -0.0972085 -0.013755 -0.0031155
v -0.0980975 -0.013494 -0.0012475
v -0.0965265 -0.011137 0.0023385
v -0.0975965 -0.01234 0.0008625
v -0.0951445 -0.013442 -0.0007895
v -0.0942595 -0.010729 -0.0084345
v -0.0945745 -0.011733 -0.0074225
v -0.0934065 -0.013088 -0.0053365
v -0.0893425 -0.010834 -0.0080665
v -0.0884925 -0.01222 -0.0062115
v -0.0892165 -0.013296 -0.0042465
v -0.0923985 -0.013757 -0.0026825
v -0.0885755 -0.013622 -0.0032605
v -0.0894075 -0.013716 -0.0018705
v -0.0921435 -0.013558 -0.0006785
v -0.0894795 -0.013313 0.0004635
v -0.0873355 -0.013488 4.45e-05
v -0.0931525 -0.012575 0.0013055
v -0.0844935 -0.01083 -0.0073225
v -0.0833545 -0.012535 -0.0050605
v -0.0828715 -0.011174 -0.0069145
v -0.0840775 -0.013123 -0.0040225
v -0.0858225 -0.013385 -0.0034095
v -0.0862155 -0.013748 -0.0014705
v -0.0835195 -0.013782 -0.0018255
v -0.0790365 -0.012462 -0.0046345
v -0.0791995 -0.011162 -0.0064095
v -0.0806995 -0.013223 -0.0033255
v -0.0818745 -0.013499 -0.0027875
v -0.0978175 0.010281 -0.0014365
v -0.0993245 0.008195 0.0014905
v -0.0971045 0.009565 0.0002835
v -0.0984765 0.008076 0.0016305
v -0.1013725 0.006839 0.0020835
v -0.1036085 0.005833 0.0019485
v -0.1043835 0.004183 0.0025045
v -0.1029075 0.003877 0.0030315
v -0.0976005 0.006138 0.0032705
v -0.0998385 0.004621 0.0034775
v -0.1038045 0.003192 0.0021045
v -0.1021985 0.001702 0.0027075
v -0.1016005 0.000283 0.0010165
v -0.1017845 0.001176 0.0028975
v -0.1011085 -0.000761 0.0030675
v -0.1027495 0.002813 0.0030935
v -0.1008385 0.002246 0.0038625
v -0.1015865 0.001428 0.0035645
v -0.1007755 -0.00109 0.0038845
v -0.1008475 0.000702 0.0041935
v -0.0959765 0.003225 0.0047945
v -0.0923315 0.010708 -0.0021905
v -0.0964105 0.010495 -0.0016765
v -0.0946265 0.010618 -0.0020155
v -0.0963915 0.008222 0.0019615
v -0.0929615 0.010326 -0.0002805
v -0.0884695 0.010015 -0.0046025
v -0.0904515 0.010631 -0.0022705
v -0.0881005 0.010604 -0.0025775
v -0.0898435 0.010809 -0.0016385
v -0.0907745 0.01058 -0.0006355
v -0.0922095 0.009042 0.0019395
v -0.0878555 0.010674 -0.0009695
v -0.0897345 0.00981 0.0012845
v -0.0925805 0.006977 0.0036805
v -0.0899165 0.008568 0.0028415
v -0.0887535 0.006128 0.0047785
v -0.1000785 -0.001247 0.0044535
v -0.0919425 0.004771 0.0049485
v -0.0932605 0.001352 0.0056365
v -0.0936955 -0.002342 0.0057575
v -0.0913625 -0.001546 0.0060795
v -0.0900325 0.002212 0.0059265
v -0.0886675 -0.001544 0.0066105
v -0.0863605 0.007147 0.0044895
v -0.0734685 0.009893 -0.0032925
v -0.0680315 0.008618 -0.0041755
v -0.0745315 0.00788 -0.0057795
v -0.0745315 0.00788 -0.0057795
v -0.0683415 0.007881 -0.0048195
v -0.0683415 0.007881 -0.0048195
v -0.0758865 0.010619 -0.0015275
v -0.0742905 0.010863 -0.0003605
v -0.0689385 0.010515 -0.0010445
v -0.0711305 0.010904 0.0004315
v -0.0713885 0.010279 0.0027885
v -0.0746395 0.01081 0.0006555
v -0.0691365 0.010479 0.0025225
v -0.0682295 0.010779 0.0005815
v -0.0665945 0.010809 0.0015455
v -0.0849575 0.009568 -0.0051495
v -0.0822535 0.010458 -0.0029005
v -0.0822205 0.009097 -0.0054635
v -0.0791075 0.009592 -0.0044055
v -0.0776675 0.008958 -0.0051025
v -0.0862105 0.010815 -0.0012825
v -0.0868445 0.010496 0.0003925
v -0.0827775 0.010844 -0.0005105
v -0.0851595 0.009518 0.0023605
v -0.0848785 0.010118 0.0013555
v -0.0834935 0.010501 0.0007655
v -0.0786395 0.010892 -0.0002785
v -0.0821545 0.01009 0.0018215
v -0.0774915 0.007343 -0.0066195
v -0.0774915 0.007343 -0.0066195
v -0.0748445 0.006403 -0.0068785
v -0.0740515 0.004257 -0.0077375
v -0.0722025 0.005508 -0.0069395
v -0.0775535 0.010006 -0.0033525
v -0.0845215 0.008742 0.0034115
v -0.0823165 0.009149 0.0031955
v -0.0839585 0.007276 0.0046955
v -0.0846645 0.005157 0.0057515
v -0.0786285 0.010225 0.0021785
v -0.0786815 0.009147 0.0037845
v -0.0818525 0.008328 0.0041595
v -0.0817605 0.006237 0.0056965
v -0.0816945 0.003556 0.0068155
v -0.0781805 0.007208 0.0055585
v -0.0733445 0.004253 0.0076205
v -0.0866785 0.00325 0.0061085
v -0.0833615 0.001194 0.0070855
v -0.0847875 -0.001617 0.0071085
v -0.0779085 -0.001266 0.0079925
v -0.0836915 -0.004786 0.0069675
v -0.0760035 0.008902 0.0043045
v -0.0741595 0.009933 0.0031785
v -0.0725845 0.008791 0.0049105
v -0.0736255 0.006509 0.0065615
v -0.0717765 0.009561 0.0039795
v -0.0697905 0.007921 0.0059535
v -0.0697075 0.00958 0.0042885
v -0.0680615 0.008951 0.0051945
v -0.0672765 0.00529 0.0078355
v -0.0771535 -0.004264 0.0078485
v -0.0738395 0.001908 0.0081745
v -0.0646095 -2.6e-05 0.0093665
v -0.0727295 -0.002596 0.0085425
v -0.0757175 -0.006531 0.0074745
v -0.0658745 0.00304 0.0087575
v -0.1010735 -0.00242 0.0024935
v -0.1012625 -0.00367 0.0029795
v -0.1017135 -0.005196 0.0034195
v -0.1008845 -0.003383 0.0038775
v -0.1007455 -0.004812 0.0041205
v -0.0983125 -0.003087 0.0047335
v -0.0952685 -0.007215 0.0046865
v -0.0949965 -0.004869 0.0052715
v -0.0904855 -0.005167 0.0059365
v -0.0924695 -0.009453 0.0041555
v -0.0895765 -0.010762 0.0036715
v -0.0895165 -0.012329 0.0020865
v -0.0837225 -0.012332 0.0027975
v -0.0896375 -0.007908 0.0052955
v -0.0829085 -0.007395 0.0063745
v -0.0852855 -0.010546 0.0043705
v -0.0845635 -0.009362 0.0051865
v -0.0846985 -0.013621 -0.0005585
v -0.0831335 -0.013006 0.0017295
v -0.0821415 -0.013482 0.0006305
v -0.0809045 -0.013702 -0.0009915
v -0.0787015 -0.013478 -0.0022075
v -0.0777475 -0.013614 -0.0010275
v -0.0793825 -0.013516 0.0001385
v -0.0792125 -0.013098 0.0018815
v -0.0796905 -0.012228 0.0032585
v -0.0779075 -0.010731 0.0050295
v -0.0766275 -0.013276 0.0015545
v -0.0768765 -0.012519 0.0031805
v -0.0753905 -0.012 0.0040955
v -0.0783375 -0.009405 0.0059495
v -0.0746375 -0.008504 0.0068335
v -0.0725105 -0.002132 -0.0087035
v -0.0724395 -0.003829 -0.0086625
v -0.0653965 0.01001 -0.0018295
v -0.0615885 0.008347 -0.0033685
v -0.0615885 0.008347 -0.0033685
v -0.0635515 0.009177 -0.0028135
v -0.0616865 0.006853 -0.0045805
v -0.0591785 0.010075 -0.0007895
v -0.0654415 0.009967 0.0040545
v -0.0625685 0.010678 0.0005005
v -0.0621015 0.01079 0.0018425
v -0.0643945 0.010478 0.0029955
v -0.0628415 0.010303 0.0036275
v -0.0599345 0.010802 0.0026115
v -0.0606345 0.00678 -0.0043005
v -0.0634465 0.004935 -0.0056845
v -0.0577505 0.005545 -0.0045605
v -0.0585305 0.004368 -0.0051195
v -0.0536775 0.008358 -0.0020435
v -0.0531505 0.005791 -0.0035355
v -0.0557105 0.003813 -0.0048495
v -0.0555675 0.009535 -0.0011035
v -0.0555675 0.009535 -0.0011035
v -0.0573475 0.010759 0.0016835
v -0.0547665 0.010631 0.0013385
v -0.0506515 0.010119 0.0007815
v -0.0506515 0.010119 0.0007815
v -0.0512035 0.009466 -0.0004215
v -0.0713195 0.002902 -0.0077595
v -0.0704455 0.005609 -0.0065065
v -0.0694225 0.004506 -0.0069825
v -0.0684145 0.001825 -0.0075735
v -0.0704915 -9.6e-05 -0.0082765
v -0.0699135 -0.002859 -0.0082205
v -0.0661685 -0.000297 -0.0074205
v -0.0631965 -0.002511 -0.0068875
v -0.0688635 -0.004913 -0.0078185
v -0.0684255 0.005892 -0.0061905
v -0.0653935 0.002929 -0.0068345
v -0.0617795 0.003331 -0.0060065
v -0.0630115 -0.005282 -0.0065395
v -0.0607315 0.001044 -0.0063045
v -0.0594605 0.003726 -0.0055845
v -0.0563555 0.001361 -0.0055325
v -0.0582835 -0.001403 -0.0061025
v -0.0574545 -0.003712 -0.0058685
v -0.0555085 -0.000975 -0.0056055
v -0.0631885 -0.010644 -0.0040575
v -0.0622315 -0.012236 -0.0020275
v -0.0661365 -0.010937 -0.0046655
v -0.0601885 -0.006487 -0.0057155
v -0.0591255 -0.009438 -0.0041325
v -0.0583005 -0.011431 -0.0024665
v -0.0599275 -0.010849 -0.0031085
v -0.0576845 -0.012525 -0.0005535
v -0.0695405 -0.004611 0.0086195
v -0.0673215 -0.002742 0.0091015
v -0.0670755 -0.00686 0.0082255
v -0.0653215 -0.004586 0.0089975
v -0.0619255 -0.007798 0.0082965
v -0.0621415 -0.005617 0.0090125
v -0.0518455 0.001208 -0.0045865
v -0.0509565 0.003306 -0.0039795
v -0.0502105 0.005088 -0.0033195
v -0.0495965 0.007284 -0.0021855
v -0.0470935 0.001442 -0.0036285
v -0.0482305 0.008969 -0.0004825
v -0.0475915 0.006753 -0.0020185
v -0.0454635 0.004846 -0.0025125
v -0.0438975 0.006474 -0.0014285
v -0.0400585 0.003522 -0.0019025
v -0.0440395 0.002122 -0.0028935
v -0.0380495 0.000433 -0.0018765
v -0.0440765 -0.001184 -0.0030575
v -0.0527685 -0.000967 -0.0049425
v -0.0481855 -0.001771 -0.0040235
v -0.0513625 -0.004 -0.0044485
v -0.0538535 -0.010022 -0.0027705
v -0.0561655 -0.011611 -0.0017185
v -0.0526165 -0.011903 -0.0008085
v -0.0563045 -0.012886 0.0008385
v -0.0506285 -0.011345 -0.0008275
v -0.0500265 -0.012388 0.0008125
v -0.0535575 -0.011995 0.0055255
v -0.0524365 -0.012717 0.0040195
v -0.0512905 -0.011163 0.0065895
v -0.0531205 -0.012942 0.0022985
v -0.0486695 -0.011884 5.15e-05
v -0.0498075 -0.01034 -0.0016015
v -0.0483435 -0.012748 0.0027185
v -0.0499585 -0.01273 0.0039045
v -0.0502405 -0.012107 0.0054525
v -0.0392195 -0.002678 -0.0021015
v -0.0449945 -0.004254 -0.0031255
v -0.0464575 -0.006866 -0.0025925
v -0.0472565 -0.005384 -0.0032605
v -0.0418115 -0.006095 -0.0020565
v -0.0318955 -0.003336 -0.0006555
v -0.0447465 -0.011084 -0.0001215
v -0.0457995 -0.009928 -0.0011885
v -0.0461965 -0.012496 0.0019125
v -0.0442085 -0.012545 0.0041385
v -0.0453425 -0.012461 0.0026325
v -0.0440535 -0.011912 0.0012535
v -0.0403355 -0.010269 6.65e-05
v -0.0424535 -0.009695 -0.0006415
v -0.0389575 -0.008545 -0.0007125
v -0.0416935 -0.011585 0.0011545
v -0.0416255 -0.012394 0.0027375
v -0.0617725 0.009547 0.0050225
v -0.0586905 0.010171 0.0042105
v -0.0581635 0.008526 0.0065845
v -0.0560855 0.009618 0.0055155
v -0.0563405 0.010743 0.0027135
v -0.0554365 0.010493 0.0038065
v -0.0543375 0.009284 0.0061545
v -0.0537975 0.010625 0.0031465
v -0.0517255 0.010725 0.0024385
v -0.0529315 0.010303 0.0042745
v -0.0489185 0.010566 0.0023185
v -0.0506855 0.010557 0.0038745
v -0.0520325 0.009835 0.0054235
v -0.0591615 0.007728 0.0071585
v -0.0525535 0.007889 0.0076135
v -0.0488245 0.010496 0.0038815
v -0.0499145 0.010019 0.0051605
v -0.0508605 0.009214 0.0064765
v -0.0479055 0.010127 0.0052445
v -0.0491325 0.008695 0.0071045
v -0.0494815 0.007371 0.0082345
v -0.0643495 0.008884 0.0055705
v -0.0643685 0.007144 0.0070305
v -0.0558355 0.005785 0.0086735
v -0.0591915 0.002991 0.0094255
v -0.0630025 -0.002443 0.0095225
v -0.0542785 0.000241 0.0102355
v -0.0479905 0.002926 0.0102955
v -0.0588245 -0.003149 0.0097775
v -0.0599215 -0.004947 0.0094065
v -0.0566975 -0.006136 0.0092945
v -0.0601005 -0.00949 0.0075385
v -0.0577355 -0.008185 0.0084125
v -0.0580565 -0.010812 0.0066195
v -0.0560705 -0.009714 0.0075985
v -0.0561515 -0.01135 0.0061265
v -0.0535935 -0.010709 0.0070605
v -0.0546865 -0.00292 0.0101755
v -0.0535465 -0.007757 0.0089635
v -0.0467415 -0.000796 0.0108685
v -0.0452145 -0.004635 0.0104845
v -0.0472455 0.009858 0.0007895
v -0.0472455 0.009858 0.0007895
v -0.0463185 0.008084 -0.0009715
v -0.0458115 0.009536 0.0005075
v -0.0425365 0.010296 0.0026405
v -0.0425365 0.010296 0.0026405
v -0.0436845 0.008061 -0.0004625
v -0.0419835 0.007306 -0.0007795
v -0.0424345 0.009362 0.0009435
v -0.0453115 0.010632 0.0036315
v -0.0429535 0.010242 0.0052135
v -0.0468645 0.009503 0.0064225
v -0.0441705 0.009641 0.0064265
v -0.0458605 0.008457 0.0075995
v -0.0423235 0.01053 0.0038405
v -0.0402135 0.009498 0.0015125
v -0.0400485 0.007813 1.25e-05
v -0.0404665 0.010554 0.0038175
v -0.0389385 0.01017 0.0031115
v -0.0389385 0.01017 0.0031115
v -0.0385535 0.010502 0.0041645
v -0.0388245 0.00573 -0.0009415
v -0.0387925 0.009289 0.0014705
v -0.0380915 0.007213 -0.0001315
v -0.0369815 0.003974 -0.0011275
v -0.0357105 0.005085 -0.0005735
v -0.0320145 0.00241 -0.0005895
v -0.0347975 0.00087 -0.0012975
v -0.0366545 0.007955 0.0007105
v -0.0349035 0.008537 0.0013885
v -0.0365025 0.009794 0.0026185
v -0.0369595 0.010208 0.0055885
v -0.0371835 0.010524 0.0040005
v -0.0371835 0.010524 0.0040005
v -0.0356215 0.01043 0.0044195
v -0.0356215 0.01043 0.0044195
v -0.0343325 0.00962 0.0025985
v -0.0350845 0.006642 0.0001655
v -0.0333365 0.007374 0.0009315
v -0.0310475 0.005659 0.0004365
v -0.0326555 0.008958 0.0022275
v -0.0296125 0.007713 0.0016665
v -0.0436175 0.007217 0.0087365
v -0.0452055 0.005225 0.0096965
v -0.0402315 0.009788 0.0062775
v -0.0429615 0.008993 0.0073035
v -0.0407425 0.008658 0.0077235
v -0.0388995 0.005295 0.0100745
v -0.0372955 0.00921 0.0073745
v -0.0337975 0.01039 0.0050825
v -0.0345955 0.009602 0.0069945
v -0.0333585 0.008487 0.0084055
v -0.0371355 0.007887 0.0086745
v -0.0332455 0.006525 0.0098045
v -0.0328955 0.00996 0.0035115
v -0.0308405 0.010382 0.0049735
v -0.0308405 0.010382 0.0049735
v -0.0296285 0.009355 0.0030535
v -0.0298255 0.009992 0.0063365
v -0.0286545 0.009116 0.0079105
v -0.0288735 0.01023 0.0054365
v -0.0288735 0.01023 0.0054365
v -0.0285405 0.007707 0.0093395
v -0.0337865 0.003426 0.0109585
v -0.0277725 0.005559 0.0109175
v -0.0299765 0.00427 0.0112725
v -0.0310705 0.002159 0.0117895
v -0.0510855 -0.009153 0.0083295
v -0.0474585 -0.011356 0.0065975
v -0.0479375 -0.012323 0.0049225
v -0.0480655 -0.010163 0.0077905
v -0.0442565 -0.007074 0.0097525
v -0.0449795 -0.009184 0.0086695
v -0.0446295 -0.012173 0.0052505
v -0.0431085 -0.011711 0.0061975
v -0.0398335 -0.011577 0.0014635
v -0.0380115 -0.010632 0.0007795
v -0.0382525 -0.011983 0.0024935
v -0.0403855 -0.012458 0.0033655
v -0.0412575 -0.012309 0.0046465
v -0.0397635 -0.012151 0.0054205
v -0.0391065 -0.010907 0.0074945
v -0.0377025 -0.012223 0.0038935
v -0.0378825 -0.012075 0.0050765
v -0.0395805 -0.009321 0.0088845
v -0.0431825 -0.010748 0.0074645
v -0.0360945 -0.008638 0.0095095
v -0.0370475 -0.011515 0.0066865
v -0.0402095 0.000892 0.0111685
v -0.0384725 0.002425 0.0109935
v -0.0399895 -0.002292 0.0112245
v -0.0344035 -0.002718 0.0113545
v -0.0334155 -0.004704 0.0111255
v -0.0339425 3.8e-05 0.0114945
v -0.0310485 -0.000671 0.0120645
v -0.0308125 -0.00306 0.0118915
v -0.0341175 -0.006743 0.0104055
v -0.0335055 -0.008436 0.0097305
v -0.0740445 -0.013069 -0.0025345
v -0.0760305 -0.011289 -0.0059785
v -0.0745335 -0.011878 -0.0048875
v -0.0763455 -0.013635 0.0001725
v -0.0727515 -0.013446 -0.0008695
v -0.0710385 -0.01196 -0.0040665
v -0.0725775 -0.010912 -0.0056325
v -0.0691235 -0.012898 -0.0020215
v -0.0699265 -0.010865 -0.0053535
v -0.0744415 -0.013475 0.0002975
v -0.0744015 -0.013147 0.0022205
v -0.0725795 -0.012453 0.0035345
v -0.0714635 -0.013547 0.0005675
v -0.0681135 -0.013418 0.0001945
v -0.0693445 -0.013156 0.0023155
v -0.0675245 -0.013409 0.0010675
v -0.0675245 -0.013409 0.0010675
v -0.0676205 -0.012974 0.0026685
v -0.0676285 -0.011627 -0.0040665
v -0.0654075 -0.012795 -0.0016145
v -0.0664655 -0.013197 0.0023875
v -0.0629725 -0.013092 -0.0002915
v -0.0726425 -0.011127 0.0051645
v -0.0716195 -0.010206 0.0060335
v -0.0707915 -0.008214 0.0072775
v -0.0705535 -0.012113 0.0043705
v -0.0680095 -0.012221 0.0042505
v -0.0667275 -0.010545 0.0062695
v -0.0678565 -0.00903 0.0071785
v -0.0659805 -0.011878 0.0050805
v -0.0636065 -0.013218 0.0019445
v -0.0642285 -0.012896 0.0031925
v -0.0636495 -0.011702 0.0052075
v -0.0611385 -0.013003 0.0031305
v -0.0621665 -0.01232 0.0045345
v -0.0586025 -0.013126 0.0019565
v -0.0576105 -0.01289 0.0032445
v -0.0617425 -0.010534 0.0065925
v -0.0608045 -0.011804 0.0052205
v -0.0584875 -0.012547 0.0042265
v -0.0582985 -0.011555 0.0057635
v -0.0570605 -0.011967 0.0051805
v -0.0552975 -0.012634 0.0043175
v -0.0542415 -0.01278 0.0035925
v -0.0316315 -0.000644 -0.0007895
v -0.0271965 0.006363 0.0011745
v -0.0283805 0.004121 0.0003335
v -0.0280335 -0.000236 -0.0001105
v -0.0251295 0.005935 0.0013335
v -0.0246655 0.00245 0.0006295
v -0.0230715 -3e-05 0.0006805
v -0.0230395 0.001962 0.0007095
v -0.0217625 0.002298 0.0011815
v -0.0192425 -0.002473 0.0014015
v -0.0236355 -0.003014 0.0007745
v -0.0273425 0.009581 0.0037425
v -0.0258315 0.010269 0.0054625
v -0.0258315 0.010269 0.0054625
v -0.0248565 0.009136 0.0036815
v -0.0245895 0.010099 0.0052685
v -0.0245895 0.010099 0.0052685
v -0.0226855 0.009574 0.0044405
v -0.0219885 0.007491 0.0026145
v -0.0202145 0.008022 0.0032965
v -0.0261155 0.010178 0.0062005
v -0.0247125 0.009795 0.0067615
v -0.0238745 0.010163 0.0055845
v -0.0238745 0.010163 0.0055845
v -0.0219155 0.009428 0.0076725
v -0.0223895 0.010016 0.0056275
v -0.0223895 0.010016 0.0056275
v -0.0206785 0.009505 0.0048865
v -0.0199425 0.008502 0.0038775
v -0.0205835 0.009708 0.0059145
v -0.0205835 0.009708 0.0059145
v -0.0210225 0.009687 0.0066825
v -0.0203295 0.008863 0.0077725
v -0.0266825 0.00798 0.0022965
v -0.0234305 0.005424 0.0013445
v -0.0239825 0.007576 0.0096175
v -0.0261945 0.002106 0.0120615
v -0.0286305 0.000488 0.0118935
v -0.0230645 0.008974 0.0081365
v -0.0207705 0.008152 0.0090395
v -0.0194935 0.006462 0.0024865
v -0.0192095 0.006738 0.0029325
v -0.0196175 0.008492 0.0045575
v -0.0197565 0.00854 0.0056245
v -0.0197565 0.00854 0.0056245
v -0.0188005 0.006583 0.0051895
v -0.0187565 0.00662 0.0041055
v -0.0193935 0.007693 0.0072925
v -0.0164315 0.006958 0.0054835
v -0.0155965 0.006821 0.0066325
v -0.0155965 0.006821 0.0066325
v -0.0155965 0.006821 0.0066325
v -0.0143155 0.006918 0.0064455
v -0.0143155 0.006918 0.0064455
v -0.0139995 0.006821 0.0059995
v -0.0154235 0.006322 0.0049245
v -0.0123615 0.006387 0.0055805
v -0.0125505 0.005467 0.0052775
v -0.0113885 0.006093 0.0053805
v -0.0218575 0.004227 0.0014065
v -0.0225945 0.003039 0.0012655
v -0.0204595 0.005571 0.0018615
v -0.0190465 0.003489 0.0016985
v -0.0194445 0.000521 0.0011925
v -0.0186155 0.005277 0.0026505
v -0.0185055 -0.00076 0.0016085
v -0.0180095 0.006033 0.0044455
v -0.0180885 0.006182 0.0048115
v -0.0186095 0.00673 0.0061955
v -0.0186095 0.00673 0.0061955
v -0.0186095 0.00673 0.0061955
v -0.0174385 0.005897 0.0047545
v -0.0173075 0.004518 0.0045555
v -0.0190785 0.006859 0.0064235
v -0.0190785 0.006859 0.0064235
v -0.0186175 0.005749 0.0068665
v -0.0186175 0.005749 0.0068665
v -0.0190935 0.005588 0.0075595
v -0.0191265 0.006108 0.0083505
v -0.0188225 0.004488 0.0089855
v -0.0176705 0.006915 0.0061105
v -0.0176705 0.006915 0.0061105
v -0.0172695 0.006524 0.0066905
v -0.0180615 0.004882 0.0070885
v -0.0180615 0.004882 0.0070885
v -0.0188165 0.004448 0.0075765
v -0.0182415 0.003453 0.0076645
v -0.0182415 0.003453 0.0076645
v -0.0186045 0.003237 0.0082525
v -0.0143105 0.002707 0.0082025
v -0.0143105 0.002707 0.0082025
v -0.0186905 0.002271 0.0085055
v -0.0187495 0.002554 0.0105245
v -0.0184195 0.001626 0.0082495
v -0.0179335 0.001754 0.0080645
v -0.0179335 0.001754 0.0080645
v -0.0180765 -3e-05 0.0082205
v -0.0180765 -3e-05 0.0082205
v -0.0184595 0.000865 0.0087925
v -0.0184185 -0.001234 0.0083085
v -0.0183005 -0.000749 0.0089145
v -0.0185145 -0.000936 0.0095435
v -0.0184875 -0.000338 0.0104535
v -0.0151545 0.005701 0.0049045
v -0.0169195 0.004453 0.0050535
v -0.0117915 0.003149 0.0061725
v -0.0138875 0.006372 0.0069675
v -0.0138875 0.006372 0.0069675
v -0.0136015 2.5e-05 0.0066475
v -0.0162195 0.001868 0.0058985
v -0.0177395 -0.000104 0.0056665
v -0.0178205 -0.001068 0.0055435
v -0.0175885 0.000831 0.0043435
v -0.0168805 0.002444 0.0053595
v -0.0171435 0.000754 0.0060385
v -0.0170075 -0.001136 0.0062045
v -0.0167755 -0.002735 0.0055535
v -0.0171915 -0.003244 0.0037455
v -0.0163935 -0.002506 0.0059415
v -0.0124245 -0.002308 0.0066015
v -0.0159085 0.000723 0.0084985
v -0.0159085 0.000723 0.0084985
v -0.0181725 -0.001991 0.0080015
v -0.0181725 -0.001991 0.0080015
v -0.0177555 -0.003433 0.0080255
v -0.0177555 -0.003433 0.0080255
v -0.0177555 -0.003433 0.0080255
v -0.0177555 -0.003433 0.0080255
v -0.0177555 -0.003433 0.0080255
v -0.0143635 -0.00122 0.0086495
v -0.0337315 -0.005708 -0.0005915
v -0.0378935 -0.007222 -0.0009715
v -0.0367625 -0.011696 0.0024395
v -0.0350515 -0.010286 0.0010715
v -0.0350785 -0.012119 0.0037055
v -0.0343805 -0.011454 0.0022725
v -0.0333805 -0.011853 0.0032355
v -0.0350775 -0.012096 0.0050085
v -0.0352735 -0.011188 0.0073215
v -0.0338285 -0.012273 0.0052285
v -0.0322545 -0.012011 0.0043755
v -0.0331085 -0.011651 0.0063545
v -0.0343965 -0.00978 0.0087655
v -0.0336535 -0.010874 0.0075975
v -0.0317755 -0.011003 0.0075725
v -0.0323385 -0.011422 0.0028505
v -0.0298125 -0.011902 0.0042525
v -0.0317935 -0.012009 0.0052325
v -0.0305935 -0.011889 0.0051095
v -0.0304315 -0.011375 0.0068945
v -0.0280945 -0.011952 0.0046965
v -0.0270855 -0.011631 0.0041745
v -0.0285935 -0.011407 0.0068095
v -0.0271135 -0.011617 0.0061525
v -0.0267385 -0.004029 0.0003075
v -0.0229525 -0.010673 0.0037975
v -0.0252475 -0.011365 0.0041435
v -0.0246675 -0.009861 0.0026905
v -0.0214105 -0.010548 0.0036595
v -0.0259325 -0.011705 0.0055575
v -0.0225125 -0.011437 0.0056785
v -0.0302255 -0.005688 0.0113295
v -0.0287075 -0.001978 0.0118825
v -0.0264325 -0.000988 0.0123365
v -0.0263355 -0.002717 0.0121645
v -0.0274125 -0.005825 0.0114325
v -0.0232065 -0.001266 0.0121525
v -0.0238695 -0.004478 0.0117785
v -0.0292385 -0.007435 0.0106205
v -0.0260255 -0.00814 0.0103165
v -0.0237095 -0.007722 0.0105695
v -0.0307755 -0.010736 0.0079665
v -0.0314985 -0.00915 0.0094405
v -0.0317865 -0.007776 0.0101715
v -0.0296135 -0.009069 0.0095005
v -0.0291735 -0.010304 0.0084765
v -0.0274775 -0.010815 0.0078765
v -0.0253065 -0.009643 0.0090955
v -0.0193215 -0.005975 0.0022185
v -0.0184905 -0.005663 0.0028385
v -0.0195725 -0.008895 0.0033495
v -0.0184355 -0.007066 0.0046585
v -0.0182065 -0.006132 0.0044525
v -0.0173185 -0.005643 0.0048335
v -0.0165905 -0.005746 0.0051405
v -0.0178455 -0.007239 0.0048215
v -0.0155525 -0.00725 0.0047815
v -0.0171715 -0.007862 0.0050545
v -0.0167375 -0.004863 0.0051745
v -0.0216285 -0.011293 0.0052045
v -0.0202245 -0.010545 0.0044095
v -0.0201765 -0.010856 0.0061525
v -0.0189715 -0.008527 0.0042615
v -0.0188475 -0.007981 0.0046445
v -0.0196155 -0.01007 0.0046655
v -0.0196015 -0.010218 0.0057355
v -0.0202255 -0.010615 0.0073205
v -0.0197605 -0.010081 0.0073265
v -0.0202225 -0.010039 0.0082435
v -0.0183825 -0.007752 0.0050185
v -0.0191925 -0.008638 0.0060865
v -0.0184225 -0.008135 0.0058625
v -0.0184915 -0.007882 0.0063815
v -0.0190925 -0.008208 0.0066285
v -0.0176685 -0.008238 0.0060855
v -0.0189365 -0.007105 0.0071935
v -0.0175835 -0.008055 0.0065155
v -0.0194415 -0.009017 0.0074155
v -0.0184695 -0.003362 0.0096215
v -0.0184445 -0.001713 0.0104245
v -0.0216475 -0.009584 0.0091295
v -0.0209975 -0.008977 0.0096325
v -0.0207495 -0.007121 0.0107115
v -0.0207455 -0.005702 0.0113685
v -0.0204395 -0.003662 0.0118985
v -0.0197085 -0.007308 0.0103215
v -0.0183915 -0.003177 0.0079565
v -0.0183915 -0.003177 0.0079565
v -0.0183915 -0.003177 0.0079565
v -0.0182345 -0.003223 0.0078765
v -0.0182345 -0.003223 0.0078765
v -0.0181585 -0.002857 0.0080095
v -0.0181585 -0.002857 0.0080095
v -0.0181585 -0.002857 0.0080095
v -0.0185595 -0.004152 0.0079505
v -0.0185065 -0.003543 0.0076745
v -0.0185065 -0.003543 0.0076745
v -0.0184245 -0.003346 0.0077135
v -0.0184245 -0.003346 0.0077135
v -0.0184245 -0.003346 0.0077135
v -0.0186855 -0.003932 0.0076365
v -0.0186855 -0.003932 0.0076365
v -0.0183965 -0.003463 0.0079895
v -0.0183965 -0.003463 0.0079895
v -0.0182265 -0.003618 0.0077305
v -0.0182265 -0.003618 0.0077305
v -0.0182265 -0.003618 0.0077305
v -0.0184065 -0.004017 0.0075705
v -0.0184065 -0.004017 0.0075705
v -0.0184065 -0.004017 0.0075705
v -0.0184065 -0.004017 0.0075705
v -0.0183485 -0.003742 0.0080845
v -0.0183485 -0.003742 0.0080845
v -0.0181545 -0.00362 0.0079855
v -0.0181545 -0.00362 0.0079855
v -0.0181545 -0.00362 0.0079855
v -0.0181545 -0.00362 0.0079855
v -0.0181545 -0.00362 0.0079855
v -0.0181545 -0.00362 0.0079855
v -0.0185095 -0.004437 0.0077395
v -0.0185095 -0.004437 0.0077395
v -0.0185095 -0.004437 0.0077395
v -0.0185865 -0.005372 0.0075685
v -0.0185865 -0.005372 0.0075685
v -0.0176895 -0.005457 0.0074675
v -0.0185115 -0.00598 0.0072455
v -0.0188565 -0.004948 0.0089635
v -0.0188565 -0.004948 0.0089635
v -0.0144675 -0.005075 0.0079055
v -0.0156035 -0.007809 0.0068225
v -0.0184415 -0.002761 0.0081675
v -0.0184005 -0.003213 0.0080395
v -0.0184005 -0.003213 0.0080395
v -0.0184005 -0.003213 0.0080395
v -0.0184005 -0.003213 0.0080395
v -0.0184005 -0.003213 0.0080395
v -0.0185195 -0.00437 0.0087035
v -0.0185195 -0.00437 0.0087035
v -0.0186665 -0.00284 0.0109805
v -0.0189615 -0.005763 0.0091645
v -0.0190555 -0.005642 0.0104725
v -0.0186895 -0.003942 0.0102485
v -0.0192415 -0.003686 0.0114045
v -0.0191555 -0.00457 0.0112685
v -0.0192365 -0.00658 0.0083895
v -0.0192195 -0.007579 0.0081625
v -0.0190545 -0.007337 0.0091085
v -0.0192425 -0.008163 0.0090495
v -0.0194435 -0.007836 0.0097115
v -0.0214385 -0.010346 0.0083105
v -0.0198005 -0.009321 0.0084285
v -0.0181515 -0.006927 0.0069875
v -0.0192475 -0.006694 0.0096265
v -0.0247135 -0.011486 0.0060535
v -0.0250365 -0.011177 0.0072435
v -0.0224385 -0.01118 0.0069635
v -0.0239325 -0.010787 0.0079745
v -0.0225905 -0.010054 0.0085245
v -0.0215115 -0.011081 0.0070605
v -0.0084185 0.005752 0.0054335
v -0.0104925 0.000598 0.0068345
v -0.0067315 5.1e-05 0.0068465
v -0.0101115 -0.002214 0.0067755
v -0.0115725 -0.004511 0.0060785
v -0.0091545 -0.006997 0.0053795
v -0.0050995 -0.001638 0.0066175
v -0.0004955 -0.006381 0.0046175
v 0.0015735 -0.007153 0.0045345
v -0.0021415 -0.007229 0.0049925
v 0.0009245 -0.007601 0.0050315
v -0.0139435 -0.006979 0.0050295
v -0.0143285 -0.007804 0.0052925
v -0.0160585 -0.008244 0.0058305
v -0.0159285 -0.008227 0.0062705
v -0.0113965 -0.004757 0.0081945
v -0.0138865 -0.008172 0.0068385
v -0.0140755 -0.008392 0.0063865
v -0.0129025 -0.008427 0.0063265
v -0.0111165 -0.007303 0.0052065
v -0.0131085 -0.007964 0.0068485
v -0.0122945 -0.008233 0.0068105
v -0.0130595 -0.003135 0.0085495
v -0.0100055 -0.007997 0.0072395
v -0.0115555 -0.007652 0.0071655
v -0.0115535 -0.008212 0.0066645
v -0.0112165 -0.007966 0.0057085
v -0.0100105 -0.007646 0.0055235
v -0.0082435 -0.007924 0.0059085
v -0.0097035 -0.008178 0.0067025
v -0.0063355 -0.007634 0.0055815
v -0.0068885 -0.006778 0.0051995
v -0.0076915 -0.004293 0.0083895
v -0.0077465 -0.006247 0.0053335
v -0.0059675 -0.007138 0.0051915
v -0.0079235 -0.00807 0.0068025
v -0.0081085 -0.007957 0.0070885
v -0.0070635 -0.007878 0.0073125
v -0.0069055 -0.006375 0.0076925
v -0.0040165 -0.006461 0.0050515
v -0.0039345 -0.007676 0.0054305
v -0.0054815 -0.007987 0.0066185
v -0.0059285 -0.007756 0.0070635
v -0.0033495 -0.00795 0.0065175
v -0.0014255 -0.007766 0.0060615
v -0.0008635 -0.007567 0.0051215
v -0.1160365 1.9e-05 -0.0093625
v -0.1160365 1.9e-05 -0.0093625
v -0.1175975 -0.002218 -0.0089015
v -0.1175975 -0.002218 -0.0089015
v -0.1163165 -0.004444 -0.0092895
v -0.1086385 -0.003915 -0.0089675
v -0.0925555 -0.007092 -0.0102915
v -0.0894345 -0.007829 -0.0096445
v -0.0848905 -0.004947 -0.0100915
v -0.0855845 -0.008879 -0.0088565
v -0.0806865 -0.006525 -0.0092025
v -0.0806855 -0.009876 -0.0076715
v -0.0774325 -0.007457 -0.0083545
v -0.0786145 -0.009282 -0.0076455
v -0.1083155 -0.005128 -0.0093695
v -0.1069775 -0.006771 -0.0095885
v -0.1065875 -0.006416 -0.0085355
v -0.1065875 -0.006416 -0.0085355
v -0.1049335 -0.010856 -0.0086285
v -0.1046725 -0.00815 -0.0099095
v -0.1049745 -0.007484 -0.0095095
v -0.1031785 -0.009078 -0.0098295
v -0.1045295 -0.006857 -0.0075455
v -0.1045295 -0.006857 -0.0075455
v -0.1052165 -0.006253 -0.0056595
v -0.1047415 -0.009011 -0.0096675
v -0.1012425 -0.010699 -0.0089405
v -0.0977785 -0.008821 -0.0098645
v -0.1057785 -0.005783 -0.0046405
v -0.1059245 -0.005792 -0.0035885
v -0.1059245 -0.005792 -0.0035885
v -0.0954055 -0.009133 -0.0094995
v -0.0936675 -0.009255 -0.0094455
v -0.0746115 -0.006349 -0.0083995
v -0.0720045 -0.006537 -0.0078925
v -0.0740545 -0.008465 -0.0075265
v -0.0762545 -0.010716 -0.0066315
v -0.0700305 -0.008296 -0.0068945
v -0.0676645 -0.00644 -0.0071065
v -0.0677415 -0.008999 -0.0059885
v -0.0685615 -0.009925 -0.0054405
v -0.0655945 -0.007526 -0.0063695
v -0.0643235 -0.009249 -0.0052805
v -0.0574435 -0.00711 -0.0049815
v -0.0536995 -0.005627 -0.0046145
v -0.0521545 -0.007877 -0.0034525
v -0.0492055 -0.007947 -0.0030195
v -0.0478595 -0.009076 -0.0019525
v -0.0445225 -0.006994 -0.0023485
v -0.0180875 0.003833 0.0025485
v -0.0181135 0.002697 0.0023625
v -0.0180905 0.001484 0.0024795
v -0.0175615 0.003426 0.0037845
v -0.0180055 0.00217 0.0034985
v -0.0187945 -0.003525 0.0018145
v -0.0177925 -0.000359 0.0025115
v -0.0176425 -0.002629 0.0025425
v -0.0177165 0.001402 0.0038525
v -0.0175505 -0.001536 0.0040605
v -0.0172455 0.002101 0.0044235
v -0.0356535 -0.007656 -0.0003515
v -0.0342045 -0.008286 -4.05e-05
v -0.0310645 -0.008931 0.0009605
v -0.0299405 -0.006711 0.0003455
v -0.0328765 -0.009504 0.0008345
v -0.0288975 -0.008731 0.0010705
v -0.0264455 -0.006437 0.0009475
v -0.0294345 -0.010598 0.0023575
v -0.0233165 -0.006356 0.0014005
v -0.0202795 -0.007365 0.0024095
v -0.0206785 -0.008958 0.0027145
v -0.0170815 -0.004658 0.0041555
v 0.0394615 -0.000756 -0.0099775
v 0.0407055 -0.001995 -0.0107885
v 0.0391735 -0.003086 -0.0103775
v 0.0416565 -0.003734 -0.0115705
v 0.0392775 -0.005094 -0.0109585
v 0.0424845 -0.002328 -0.0115475
v 0.0418495 0.000805 -0.0112065
v 0.0438135 -0.00256 -0.0117665
v 0.0416045 -0.005645 -0.0119445
v 0.0434215 -0.006059 -0.0123365
v 0.0452135 -0.005274 -0.0120205
v 0.0441665 -0.006715 -0.0120935
v 0.0450165 -0.00644 -0.0119275
v 0.0459295 -0.003145 -0.0117965
v 0.0475575 -0.005621 -0.0121345
v 0.0469095 -0.006056 -0.0119545
v 0.0457405 -0.006878 -0.0113255
v 0.0343895 -0.006324 -0.0078885
v 0.0323295 -0.00643 -0.0064705
v 0.0354325 -0.005559 -0.0086805
v 0.0373455 -0.006706 -0.0095455
v 0.0361715 -0.007023 -0.0083565
v 0.0372555 -0.006152 -0.0098685
v 0.0362365 -0.007241 -0.0077675
v 0.0377535 -0.00716 -0.0088785
v 0.0348065 -0.007115 -0.0070555
v 0.0386265 -0.00637 -0.0105385
v 0.0390215 -0.006979 -0.0102115
v 0.0390935 -0.007146 -0.0094365
v 0.0390955 -0.006885 -0.0088625
v 0.0401315 -0.006121 -0.0113075
v 0.0403015 -0.006935 -0.0103945
v 0.0412135 -0.006555 -0.0114165
v 0.0416935 -0.006978 -0.0109265
v 0.0401145 -0.006927 -0.0098085
v 0.0420355 -0.006878 -0.0102965
v 0.0404495 -0.005884 -0.0091215
v 0.0421445 -0.006768 -0.0118515
v 0.0431315 -0.007156 -0.0110535
v 0.0433385 -0.006716 -0.0102785
v 0.0446015 -0.007037 -0.0105715
v 0.0462855 -0.007301 -0.0113595
v 0.0475745 -0.010544 -0.0118575
v 0.0462535 -0.008352 -0.0110975
v 0.0466075 -0.011225 -0.0111515
v 0.0474405 -0.014518 -0.0114945
v 0.0500685 -0.010466 -0.0113815
v 0.0494595 -0.016716 -0.0116205
v 0.0459125 -0.011116 -0.0097885
v 0.0464555 -0.014206 -0.0103985
v 0.0471365 -0.015529 -0.0111155
v 0.0463355 -0.015684 -0.0088435
v 0.0463355 -0.015684 -0.0088435
v 0.0460415 -0.014028 -0.0089495
v 0.0460415 -0.014028 -0.0089495
v 0.0485655 -0.015877 -0.0116985
v 0.0544085 -0.009425 -0.0096255
v 0.0471375 -0.018696 -0.0103955
v 0.0463675 -0.01655 -0.0089935
v 0.0463675 -0.01655 -0.0089935
v 0.0467795 -0.019149 -0.0089505
v 0.0467795 -0.019149 -0.0089505
v 0.0470975 -0.018717 -0.0079985
v 0.0496155 -0.023158 -0.0114115
v 0.0488095 -0.023669 -0.0110965
v 0.0478955 -0.019531 -0.0111595
v 0.0474885 -0.021572 -0.0100235
v 0.0468065 -0.020782 -0.0086995
v 0.0468065 -0.020782 -0.0086995
v 0.0481235 -0.023935 -0.0103895
v 0.0491765 -0.025801 -0.0107985
v 0.0472095 -0.021911 -0.0085505
v 0.0472095 -0.021911 -0.0085505
v 0.0473155 -0.022842 -0.0089095
v 0.0476055 -0.022011 -0.0077345
v 0.0478015 -0.025039 -0.0080585
v 0.0478015 -0.025039 -0.0080585
v 0.0487375 -0.027019 -0.0090555
v 0.0487375 -0.027019 -0.0090555
v 0.0495545 -0.027863 -0.0097355
v 0.0495545 -0.027863 -0.0097355
v 0.0489145 -0.02724 -0.0080665
v 0.0482465 -0.024022 -0.0073665
v 0.0489665 -0.02604 -0.0072255
v 0.0495945 -0.027479 -0.0074095
v 0.0523055 -0.027276 -0.0108785
v 0.0572355 -0.020806 -0.0087255
v 0.0507715 -0.02658 -0.0111245
v 0.0503205 -0.027699 -0.0106225
v 0.0509535 -0.028985 -0.0100545
v 0.0519545 -0.028731 -0.0105715
v 0.0531685 -0.030208 -0.0098095
v 0.0497935 -0.028485 -0.0085355
v 0.0505925 -0.029485 -0.0084915
v 0.0497525 -0.028112 -0.0076535
v 0.0506265 -0.028956 -0.0076415
v 0.0510245 -0.029537 -0.0076755
v 0.0522435 -0.030473 -0.0088535
v 0.0518905 -0.030319 -0.0079875
v 0.0527085 -0.030067 -0.0071215
v 0.0535375 -0.031164 -0.0080895
v 0.0534785 -0.031138 -0.0075785
v 0.0544435 -0.030144 -0.0099425
v 0.0547735 -0.031124 -0.0090705
v 0.0552765 -0.031674 -0.0076175
v 0.0576575 -0.029838 -0.0091485
v 0.0570985 -0.03107 -0.0089455
v 0.0572095 -0.031459 -0.0085015
v -0.0238745 0.004134 0.0113635
v -0.0210265 0.006221 0.0104255
v -0.0196275 0.007511 0.0084905
v -0.0200865 0.006473 0.0100415
v -0.0197875 0.007141 0.0090665
v -0.0208775 0.004569 0.0111865
v -0.0236475 0.001131 0.0120365
v -0.0204915 0.002157 0.0117905
v -0.0207905 -0.000766 0.0121945
v -0.0121665 0.006838 0.0062895
v -0.0121665 0.006838 0.0062895
v -0.0127855 0.006766 0.0070115
v -0.0112325 0.006837 0.0065925
v -0.0192815 0.006077 0.0097345
v -0.0195845 0.005428 0.0102625
v -0.0196175 0.004578 0.0109845
v -0.0192905 0.004606 0.0105875
v -0.0199265 0.003531 0.0112695
v -0.0194495 0.00281 0.0114445
v -0.0192065 0.003578 0.0107415
v -0.0190225 0.000935 0.0113795
v -0.0195685 -4.2e-05 0.0119055
v -0.0186565 0.000986 0.0108195
v -0.0189415 -0.000839 0.0116075
v -0.0108525 0.006371 0.0072625
v -0.0099525 0.003711 0.0081995
v -0.0094685 0.006909 0.0069775
v -0.0104495 0.006582 0.0057435
v -0.0104495 0.006582 0.0057435
v -0.0085485 0.006272 0.0057815
v -0.0085485 0.006272 0.0057815
v -0.0087355 0.006714 0.0067025
v -0.0062725 0.00579 0.0054325
v -0.0074195 0.006815 0.0064385
v -0.0068705 0.006435 0.0055955
v -0.0068705 0.006435 0.0055955
v -0.0066215 0.006957 0.0060715
v -0.0081035 0.006569 0.0072305
v -0.0081035 0.006569 0.0072305
v -0.0069085 0.006846 0.0069475
v -0.0068245 0.005598 0.0074145
v -0.0046085 0.005921 0.0050975
v -0.0046085 0.005921 0.0050975
v -0.0064305 0.003017 0.0062695
v -0.0047575 0.006555 0.0053565
v -0.0028535 0.00603 0.0051155
v -0.0028535 0.00603 0.0051155
v -0.0024595 0.005373 0.0051025
v -0.0056625 0.006987 0.0062565
v -0.0055445 0.006526 0.0068545
v -0.0037625 0.006689 0.0055675
v -0.0043485 0.006844 0.0068175
v -0.0051785 0.005125 0.0075475
v -0.0018985 0.006883 0.0057865
v -0.0030105 0.006669 0.0065905
v -0.0009445 0.006566 0.0064345
v -0.0037905 0.002211 0.0084195
v 0.0002485 0.003169 0.0077005
v -0.0130585 0.001395 0.0086015
v -0.0065295 0.002588 0.0084615
v -0.0095745 0.001575 0.0087175
v -0.0101695 -0.001606 0.0088855
v -0.0078185 -0.000641 0.0089265
v -0.0039235 0.000284 0.0066145
v -0.0055265 0.001328 0.0086355
v -0.0027755 -0.000871 0.0086005
v -0.0054015 -0.00236 0.0086855
v 0.0036985 0.006694 0.0048295
v 0.0031425 0.006246 0.0044135
v 0.0012695 0.00689 0.0055965
v 7.5e-06 0.006202 0.0047045
v -0.0008965 0.005612 0.0046555
v -0.0008965 0.005612 0.0046555
v -0.0007325 0.006857 0.0060185
v -0.0008365 0.001811 0.0060915
v 0.0015255 0.00544 0.0043985
v 0.0015255 0.00544 0.0043985
v 0.0039865 0.001693 0.0053525
v 0.0054915 0.005481 0.0036745
v 0.0054915 0.005481 0.0036745
v 0.0034795 0.005526 0.0041355
v 0.0034795 0.005526 0.0041355
v 0.0078975 0.006234 0.0033465
v 0.0029645 0.006913 0.0057335
v 0.0020405 0.006406 0.0062255
v 0.0043775 0.003803 0.0067485
v 0.0041585 0.006852 0.0052365
v 0.0047975 0.006677 0.0056625
v 0.0047845 0.00697 0.0053415
v 0.0071875 0.006856 0.0046455
v 0.0071875 0.006856 0.0046455
v 0.0068785 0.006813 0.0050445
v 0.0063675 0.005742 0.0057305
v 0.0034055 0.00127 0.0076405
v 0.0066585 0.002049 0.0068385
v -0.0005055 0.000313 0.0082885
v 0.0013555 -0.00041 0.0060415
v 0.0023625 -0.00178 0.0079255
v -0.0045845 -0.00539 0.0078505
v 0.0004115 -0.002268 0.0058405
v -0.0026895 -0.007791 0.0068195
v -0.0003455 -0.00421 0.0077855
v 0.0075785 -0.000848 0.0048185
v 0.0052315 -0.003751 0.0045985
v -0.0010375 -0.007569 0.0065815
v 0.0015375 -0.006042 0.0045595
v 0.0003505 -0.007624 0.0065035
v 0.0032125 -0.007904 0.0058655
v 0.0032515 -0.002374 0.0076875
v 0.0038555 -0.006453 0.0063315
v 0.0006355 0.000586 0.0082335
v 0.0020485 0.000497 0.0078765
v 0.0060915 -0.00102 0.0072935
v -0.0048095 -0.007657 0.0071205
v -0.0040495 -0.007298 0.0070665
v -3.75e-05 -0.007901 0.0060365
v 0.0017275 -0.007842 0.0059705
v 0.0030775 -0.007699 0.0044815
v 0.0154195 0.00686 0.0027335
v 0.0166925 0.006819 0.0021965
v 0.0157455 0.006876 0.0019785
v 0.0176805 0.006566 0.0022335
v 0.0176095 0.005436 0.0025625
v 0.0178995 0.00672 0.0012265
v 0.0183325 0.006715 0.0016815
v 0.0189145 0.006497 0.0018085
v 0.0198545 0.006952 0.0012885
v 0.0199975 0.006625 0.0016595
v 0.0211075 0.006158 0.0010115
v 0.0200515 0.005857 0.0016895
v 0.0197225 0.003751 0.0025125
v 0.0211675 0.006679 0.0006215
v 0.0234705 0.00688 -0.0006745
v 0.0207505 0.006747 0.0001915
v 0.0229395 0.006666 -4.05e-05
v 0.0223505 0.006381 0.0005555
v 0.0236255 0.005124 0.0004135
v 0.0220525 0.0037 0.0016905
v 0.0243615 0.006723 -0.0005075
v 0.0253505 0.006918 -0.0011775
v 0.0256235 0.003342 0.0002375
v 0.0469755 0.021998 -0.0085895
v 0.0476735 0.023358 -0.0100255
v 0.0468835 0.020811 -0.0087225
v 0.0490565 0.027676 -0.0093175
v 0.0486405 0.026397 -0.0098555
v 0.0483475 0.026785 -0.0081405
v 0.0503165 0.029259 -0.0091625
v 0.0494395 0.028595 -0.0083245
v 0.0496605 0.028693 -0.0079405
v 0.0475355 0.024906 -0.0082675
v 0.0472595 0.023716 -0.0085375
v 0.0476425 0.023363 -0.0075815
v 0.0492685 0.026687 -0.0070485
v 0.0481955 0.025707 -0.0075475
v 0.0473645 0.020535 -0.0078225
v 0.0473645 0.020535 -0.0078225
v 0.0268155 0.001953 -0.0023915
v 0.0268645 0.005417 -0.0036465
v 0.0283015 0.002932 -0.0035315
v 0.0304375 0.006724 -0.0048685
v 0.0294275 0.006158 -0.0047235
v 0.0294275 0.006158 -0.0047235
v 0.0297645 0.006702 -0.0039925
v 0.0301595 0.005568 -0.0054775
v 0.0271745 0.006189 -0.0035895
v 0.0271745 0.006189 -0.0035895
v 0.0307755 0.005999 -0.0056865
v 0.0307755 0.005999 -0.0056865
v 0.0317065 0.006829 -0.0052935
v 0.0334575 0.006834 -0.0065265
v 0.0331445 0.006402 -0.0069015
v 0.0331445 0.006402 -0.0069015
v 0.0329095 0.006741 -0.0053325
v 0.0319985 0.005187 -0.0063465
v 0.0298085 0.000755 -0.0038265
v 0.0264785 0.006815 -0.0025735
v 0.0262895 0.006805 -0.0019605
v 0.0276105 0.006797 -0.0022075
v 0.0284145 0.006646 -0.0032405
v 0.0286255 0.005915 -0.0022555
v 0.0289975 0.006532 -0.0032795
v 0.0267945 0.006343 -0.0016955
v 0.0265115 0.005488 -0.0010895
v 0.0284985 0.002926 -0.0009205
v 0.0261885 0.002031 0.0003755
v 0.0310715 0.006819 -0.0041865
v 0.0300215 0.005269 -0.0027415
v 0.0310715 0.006472 -0.0038565
v 0.0340975 0.004687 -0.0047865
v 0.0321925 0.002868 -0.0029325
v 0.0320665 0.000481 -0.0023885
v 0.0372915 0.006731 -0.0093625
v 0.0368845 0.006368 -0.0094845
v 0.0359545 0.006626 -0.0082605
v 0.0359545 0.006626 -0.0082605
v 0.0378205 0.006845 -0.0089945
v 0.0378205 0.006845 -0.0089945
v 0.0366855 0.006637 -0.0079115
v 0.0396405 0.006757 -0.0106535
v 0.0396155 0.006372 -0.0111345
v 0.0381605 0.006474 -0.0100745
v 0.0420595 0.005696 -0.0120965
v 0.0390915 0.005565 -0.0111185
v 0.0412965 0.00399 -0.0114675
v 0.0408205 0.006435 -0.0099175
v 0.0408205 0.006435 -0.0099175
v 0.0390635 0.006834 -0.0095045
v 0.0390635 0.006834 -0.0095045
v 0.0420195 0.006586 -0.0115835
v 0.0422015 0.006724 -0.0107435
v 0.0377935 0.006249 -0.0080365
v 0.0397735 0.006187 -0.0091835
v 0.0346865 0.006811 -0.0064565
v 0.0349255 0.005751 -0.0058955
v 0.0341825 0.006191 -0.0054875
v 0.0356265 0.005139 -0.0086575
v 0.0320485 0.003211 -0.0057825
v 0.0353165 0.00691 -0.0072395
v 0.0368815 0.006108 -0.0072345
v 0.0322405 0.001115 -0.0051165
v 0.0324735 0.002533 -0.0057015
v 0.0320365 -0.001211 -0.0048835
v 0.0310655 -0.000975 -0.0044565
v 0.0348185 0.000477 -0.0064995
v 0.0361435 -0.001232 -0.0075605
v 0.0390395 0.003668 -0.0103815
v 0.0370485 0.004312 -0.0095275
v 0.0375345 0.002494 -0.0091535
v 0.0394805 0.001863 -0.0103015
v 0.0379335 0.001124 -0.0089635
v 0.0392695 0.004239 -0.0080775
v 0.0362385 0.001868 -0.0051335
v 0.0407365 0.003689 -0.0089245
v 0.0405785 0.000851 -0.0082645
v 0.0371855 -0.0003 -0.0082415
v 0.0346695 -0.003264 -0.0071355
v 0.0382165 -0.000129 -0.0062215
v 0.0346195 -0.000389 -0.0038185
v 0.0364475 -0.003407 -0.0055205
v 0.0399465 -0.001846 -0.0077925
v 0.0391535 -0.004217 -0.0077655
v 0.0337815 -0.002277 -0.0035325
v 0.0529845 0.030744 -0.0093565
v 0.0518765 0.030718 -0.0081635
v 0.0518765 0.030718 -0.0081635
v 0.0539595 0.031442 -0.0084965
v 0.0550895 0.031302 -0.0089875
v 0.0538035 0.031486 -0.0073975
v 0.0538035 0.031486 -0.0073975
v 0.0559385 0.03189 -0.0082445
v 0.0558875 0.032022 -0.0068765
v 0.0566385 0.032093 -0.0070315
v 0.0541675 0.031385 -0.0069555
v 0.0541675 0.031385 -0.0069555
v 0.0568455 0.031555 -0.0059945
v 0.0568455 0.031555 -0.0059945
v 0.0579945 0.028121 -0.0043925
v 0.0580865 0.031902 -0.0077845
v 0.0585425 0.030964 -0.0078415
v 0.0532575 0.029016 -0.0098055
v 0.0584865 0.032247 -0.0069945
v 0.0579575 0.032186 -0.0061995
v 0.0580005 0.021808 -0.0079115
v 0.0640235 0.031298 -0.0059475
v 0.0609225 0.032297 -0.0064715
v 0.0600615 0.031848 -0.0050695
v 0.0600615 0.031848 -0.0050695
v 0.0621665 0.0325 -0.0057565
v 0.0605755 0.032352 -0.0057215
v 0.0620495 0.03224 -0.0047165
v 0.0637665 0.03231 -0.0055495
v 0.0705225 0.024329 -0.0034245
v 0.0635565 0.032525 -0.0046075
v 0.0653265 0.032653 -0.0045035
v 0.0651235 0.032035 -0.0035755
v 0.0651235 0.032035 -0.0035755
v 0.0669295 0.03261 -0.0033685
v 0.0669295 0.03261 -0.0033685
v 0.0667365 0.028541 -0.0018985
v 0.0665375 0.032381 -0.0047595
v 0.0675855 0.032909 -0.0035935
v 0.0671935 0.031426 -0.0027625
v 0.0730665 0.033173 -0.0021055
v 0.0730665 0.033173 -0.0021055
v 0.0730665 0.033173 -0.0021055
v 0.0730665 0.033173 -0.0021055
v 0.0720935 0.032828 -0.0028505
v 0.0700495 0.033024 -0.0032545
v 0.0716735 0.032964 -0.0022875
v 0.0716735 0.032964 -0.0022875
v 0.0688685 0.0326 -0.0039415
v 0.0695475 0.032912 -0.0028755
v 0.0695475 0.032912 -0.0028755
v 0.0695615 0.032042 -0.0022905
v 0.0715705 0.032003 -0.0032475
v 0.0707605 0.032526 -0.0020905
v 0.0717155 0.031944 -0.0016755
v 0.0735015 0.029792 -0.0003605
v 0.0741825 0.032735 -0.0022885
v 0.0733285 0.032752 -0.0013565
v 0.0747725 0.033126 -0.0019695
v 0.0747725 0.033126 -0.0019695
v 0.0748885 0.033325 -0.0016645
v 0.0748885 0.033325 -0.0016645
v 0.0744395 0.032346 -0.0010445
v 0.0770915 0.031805 -0.0013595
v 0.0763535 0.033335 -0.0012895
v 0.0763535 0.033335 -0.0012895
v 0.0764005 0.033144 -0.0014735
v 0.0764005 0.033144 -0.0014735
v 0.0759435 0.032945 -0.0008065
v 0.0774215 0.033374 -0.0008785
v 0.0774215 0.033374 -0.0008785
v 0.0785105 0.032977 -0.0008625
v 0.0785105 0.032977 -0.0008625
v 0.0776455 0.032302 -0.0001945
v 0.0785275 0.033163 -0.0004405
v 0.0810285 0.029049 0.0019215
v 0.0821905 0.03182 0.0003915
v 0.0801055 0.033274 -0.0002245
v 0.0795215 0.033056 7.15e-05
v 0.0842885 0.029838 0.0026455
v 0.0811355 0.032859 0.0004345
v 0.0809205 0.032981 -0.0001985
v 0.0809205 0.032981 -0.0001985
v 0.0825055 0.033159 0.0002435
v 0.0825055 0.033159 0.0002435
v 0.0837955 0.027126 0.0011075
v 0.0811085 0.033095 9.75e-05
v 0.0811085 0.033095 9.75e-05
v 0.0820715 0.033322 0.0004425
v 0.0820715 0.033322 0.0004425
v 0.0823005 0.033067 0.0007305
v 0.0831485 0.032845 0.0009465
v 0.0837255 0.033295 0.0006525
v 0.0844405 0.032944 0.0006545
v 0.0844405 0.032944 0.0006545
v 0.0849585 0.033044 0.0011855
v 0.0841405 0.033126 0.0011835
v 0.0853945 0.032879 0.0009845
v 0.0853945 0.032879 0.0009845
v 0.0850535 0.032884 0.0015505
v 0.0858255 0.033402 0.0012515
v 0.0858255 0.033402 0.0012515
v 0.0866075 0.033181 0.0018885
v 0.0868125 0.033142 0.0014825
v 0.0868125 0.033142 0.0014825
v 0.0882995 0.031823 0.0022615
v 0.0874475 0.03337 0.0017785
v 0.0874475 0.03337 0.0017785
v 0.0882005 0.033116 0.0017465
v 0.0892805 0.033208 0.0027785
v 0.0881215 0.033319 0.0019955
v 0.0881215 0.033319 0.0019955
v 0.0892855 0.03337 0.0021225
v 0.0892855 0.03337 0.0021225
v 0.0939675 0.025242 0.0040375
v 0.0485665 0.023931 -0.0107095
v 0.0480195 0.02034 -0.0109475
v 0.0502815 0.022609 -0.0108375
v 0.0490095 0.023041 -0.0109895
v 0.0502205 0.025473 -0.0108205
v 0.0483495 0.01622 -0.0114955
v 0.0479695 0.017982 -0.0111335
v 0.0490325 0.018049 -0.0113105
v 0.0473785 0.019707 -0.0106285
v 0.0468025 0.017958 -0.0101355
v 0.0465125 0.018958 -0.0089715
v 0.0462955 0.016435 -0.0094225
v 0.0467755 0.014319 -0.0109005
v 0.0462815 0.014619 -0.0099765
v 0.0457785 0.012858 -0.0092645
v 0.0461135 0.011318 -0.0103765
v 0.0460095 0.014502 -0.0091095
v 0.0473705 0.012826 -0.0115085
v 0.0494325 0.013947 -0.0112975
v 0.0466535 0.010907 -0.0110875
v 0.0483355 0.011834 -0.0116255
v 0.0463825 0.017143 -0.0086885
v 0.0469455 0.017165 -0.0079605
v 0.0462295 0.015446 -0.0086375
v 0.0469965 0.015455 -0.0080405
v 0.0469965 0.015455 -0.0080405
v 0.0463095 0.013021 -0.0082625
v 0.0463095 0.013021 -0.0082625
v 0.0543605 0.010059 -0.0094785
v 0.0518505 0.029395 -0.0099375
v 0.0504685 0.027476 -0.0104785
v 0.0502505 0.028622 -0.0098295
v 0.0497075 0.027319 -0.0103075
v 0.0514475 0.029937 -0.0093555
v 0.0516205 0.030451 -0.0078005
v 0.0516205 0.030451 -0.0078005
v 0.0507865 0.026545 -0.0064495
v 0.0507865 0.026545 -0.0064495
v 0.0514055 0.029226 -0.0070705
v 0.0514055 0.029226 -0.0070705
v 0.0543775 0.02209 -0.0055845
v 0.0635635 0.008298 -0.0025055
v 0.0680815 0.017888 -0.0013815
v 0.0462675 0.008613 -0.0110345
v 0.0469665 0.007347 -0.0117935
v 0.0459765 0.007557 -0.0111505
v 0.0437865 0.006973 -0.0116085
v 0.0429275 0.006309 -0.0121195
v 0.0438255 0.002183 -0.0117505
v 0.0446785 0.006639 -0.0118485
v 0.0460675 0.003691 -0.0117185
v 0.0439985 0.006675 -0.0103875
v 0.0439985 0.006675 -0.0103875
v 0.0424515 0.006306 -0.0102915
v 0.0424515 0.006306 -0.0102915
v 0.0424375 0.004249 -0.0096175
v 0.0437785 0.005858 -0.0100765
v 0.0454175 0.006875 -0.0114165
v 0.0445345 0.00685 -0.0104645
v 0.0453745 0.007222 -0.0101275
v 0.0453745 0.007222 -0.0101275
v 0.0460205 0.006647 -0.0117075
v 0.0449875 0.006794 -0.0099595
v 0.0449875 0.006794 -0.0099595
v 0.0449875 0.006794 -0.0099595
v 0.0453155 0.007001 -0.0092885
v 0.0450385 0.006073 -0.0097095
v 0.0450385 0.006073 -0.0097095
v 0.0455925 0.00861 -0.0095905
v 0.0455925 0.00861 -0.0095905
v 0.0442765 0.003123 -0.0097235
v 0.0450415 0.003901 -0.0095295
v 0.0450415 0.003901 -0.0095295
v 0.0474775 0.010545 -0.0115745
v 0.0483155 0.006887 -0.0119535
v 0.0470455 0.006212 -0.0120005
v 0.0473395 0.002313 -0.0120135
v 0.0485085 -0.003545 -0.0120005
v 0.0456475 0.010099 -0.0089805
v 0.0456475 0.010099 -0.0089805
v 0.0461105 0.008309 -0.0083665
v 0.0455355 0.008026 -0.0092075
v 0.0458535 0.003927 -0.0086515
v 0.0471665 0.00384 -0.0079605
v 0.0419995 0.002143 -0.0091995
v 0.0436065 0.002213 -0.0096925
v 0.0416175 -0.001263 -0.0087535
v 0.0451485 0.002042 -0.0091915
v 0.0451485 0.002042 -0.0091915
v 0.0432365 -0.000133 -0.0094065
v 0.0444645 0.000633 -0.0095275
v 0.0409715 -0.004887 -0.0091795
v 0.0435965 -0.002091 -0.0095355
v 0.0425175 -0.005175 -0.0097055
v 0.0451045 -0.001544 -0.0093665
v 0.0451045 -0.001544 -0.0093665
v 0.0461005 -0.000878 -0.0083575
v 0.0445905 -0.005249 -0.0097885
v 0.0445905 -0.005249 -0.0097885
v 0.0453875 -0.00511 -0.0094335
v 0.0460555 -0.005156 -0.0086125
v 0.0470415 -0.00572 -0.0080585
v 0.0535015 0.002988 -0.0101255
v 0.0566345 0.003254 -0.0089785
v 0.0574405 -0.000353 -0.0085245
v 0.0543255 -0.003888 -0.0098835
v 0.0565305 -0.00326 -0.0047875
v 0.0590125 0.00395 -0.0077335
v 0.0585645 -0.004928 -0.0079715
v 0.0706885 0.002 -0.0033225
v 0.0683995 -0.006168 -0.0010855
v 0.0841455 0.012535 0.0012395
v 0.0860225 0.004309 0.0035685
v 0.0969765 0.01482 0.0065665
v 0.0898225 0.033525 0.0027285
v 0.0898225 0.033525 0.0027285
v 0.0899615 0.033208 0.0024945
v 0.0908195 0.033338 0.0026145
v 0.0917995 0.033315 0.0034805
v 0.0915565 0.033582 0.0030045
v 0.0915565 0.033582 0.0030045
v 0.0915565 0.033582 0.0030045
v 0.0928275 0.033466 0.0029065
v 0.0928275 0.033466 0.0029065
v 0.0916965 0.032943 0.0029475
v 0.0938265 0.032322 0.0037745
v 0.0919695 0.02944 0.0050095
v 0.0932645 0.033751 0.0034245
v 0.0932835 0.033684 0.0038155
v 0.0975125 0.030269 0.0061655
v 0.1084765 0.008784 0.0081125
v 0.0968555 -0.005642 0.0046745
v 0.0824875 -0.013845 0.0003675
v 0.0895905 -0.015543 0.0044675
v 0.0860375 -0.00653 0.0015485
v 0.1115995 -0.010908 0.0108375
v 0.0951915 0.033886 0.0038835
v 0.0941145 0.033428 0.0034405
v 0.0941145 0.033428 0.0034405
v 0.0941125 0.033573 0.0038785
v 0.0953255 0.033691 0.0035715
v 0.0953255 0.033691 0.0035715
v 0.0948095 0.033244 0.0034615
v 0.0955895 0.033212 0.0037495
v 0.0942035 0.03336 0.0041855
v 0.0959965 0.033691 0.0037405
v 0.0959965 0.033691 0.0037405
v 0.0972805 0.033152 0.0039065
v 0.0959645 0.033719 0.0043335
v 0.0962795 0.033419 0.0046625
v 0.0967945 0.033596 0.0041645
v 0.0967945 0.033596 0.0041645
v 0.0975985 0.033931 0.0045785
v 0.0980895 0.033859 0.0042455
v 0.0980895 0.033859 0.0042455
v 0.0995805 0.032964 0.0056195
v 0.0988735 0.033567 0.0049385
v 0.0993795 0.032578 0.0045695
v 0.0992365 0.033398 0.0048045
v 0.0992365 0.033398 0.0048045
v 0.1001095 0.032875 0.0047185
v 0.1001095 0.032875 0.0047185
v 0.1004915 0.033275 0.0052485
v 0.1017095 0.033128 0.0052985
v 0.1015155 0.032329 0.0051525
v 0.1015155 0.032329 0.0051525
v 0.1017615 0.033223 0.0057295
v 0.1023625 0.03285 0.0057345
v 0.1026725 0.031794 0.0057415
v 0.1025835 0.032231 0.0063785
v 0.1029045 0.032295 0.0061245
v 0.0974575 0.032213 0.0046715
v 0.1010975 0.029208 0.0059215
v 0.0995385 0.031761 0.0052115
v 0.1006725 0.031882 0.0050545
v 0.1003375 0.030789 0.0055675
v 0.1032655 0.030531 0.0062305
v 0.1032655 0.030531 0.0062305
v 0.1014605 0.026981 0.0077705
v 0.1036425 0.031872 0.0058605
v 0.1041025 0.031973 0.0062575
v 0.1035495 0.031598 0.0067585
v 0.1059335 0.02969 0.0077895
v 0.1044775 0.031486 0.0063105
v 0.1052525 0.030862 0.0065065
v 0.1058335 0.029612 0.0070115
v 0.1058205 0.027391 0.0071385
v 0.1058205 0.027391 0.0071385
v 0.1052125 0.022171 0.0072105
v 0.1043185 0.031746 0.0066995
v 0.1043185 0.031746 0.0066995
v 0.1049195 0.031772 0.0067135
v 0.1048285 0.03138 0.0071205
v 0.1054505 0.031404 0.0065365
v 0.1058475 0.030995 0.0071375
v 0.1060215 0.030776 0.0069385
v 0.1066295 0.030684 0.0071145
v 0.1067065 0.030602 0.0075885
v 0.1067065 0.030602 0.0075885
v 0.1073945 0.029975 0.0072765
v 0.1073825 0.029828 0.0078255
v 0.1085865 0.025264 0.0090875
v 0.1075715 0.021167 0.0095905
v 0.1080575 0.029219 0.0073475
v 0.1088305 0.029167 0.0076045
v 0.1081115 0.028436 0.0076955
v 0.1084545 0.029538 0.0077175
v 0.1094235 0.028683 0.0084395
v 0.1095185 0.028445 0.0078525
v 0.1097905 0.027709 0.0078385
v 0.1091605 0.025612 0.0081215
v 0.1091605 0.025612 0.0081215
v 0.1110685 0.026856 0.0091335
v 0.1107825 0.027518 0.0082865
v 0.1115415 0.026805 0.0088535
v 0.1107925 0.025325 0.0082325
v 0.1113425 0.023603 0.0087225
v 0.1113425 0.023603 0.0087225
v 0.1119725 0.025336 0.0096045
v 0.1121545 0.025817 0.0089045
v 0.1124485 0.025864 0.0092565
v 0.1124485 0.025864 0.0092565
v 0.1123755 0.025644 0.0094745
v 0.1132535 0.024793 0.0093605
v 0.1132535 0.024793 0.0093605
v 0.1132175 0.024353 0.0091065
v 0.1134485 0.024238 0.0097815
v 0.1132495 0.022494 0.0092675
v 0.1132495 0.022494 0.0092675
v 0.1120545 0.019059 0.0103205
v 0.1139905 0.02303 0.0090445
v 0.1141155 0.023918 0.0096405
v 0.1141155 0.023918 0.0096405
v 0.1147825 0.022822 0.0096655
v 0.1147825 0.022822 0.0096655
v 0.1129405 0.019245 0.0092785
v 0.1143865 0.022254 0.0093835
v 0.1145835 0.02247 0.0101095
v 0.1154175 0.020164 0.0105145
v 0.1151575 0.021625 0.0093805
v 0.1153935 0.021775 0.0097685
v 0.1143195 0.020621 0.0095715
v 0.1143195 0.020621 0.0095715
v 0.1157855 0.020834 0.0098815
v 0.1166395 0.018361 0.0100325
v 0.1166395 0.018361 0.0100325
v 0.1156905 0.021217 0.0102275
v 0.1163645 0.020016 0.0101775
v 0.1165705 0.019495 0.0099295
v 0.1115775 0.00486 0.0108225
v 0.1106405 0.013466 0.0105025
v 0.1121335 0.003187 0.0089085
v 0.1120665 0.007226 0.0088645
v 0.1155255 0.004047 0.0099195
v 0.1160015 0.008379 0.0100445
v 0.1130315 -0.00047 0.0091185
v 0.1129355 0.014224 0.0092385
v 0.1142605 0.014102 0.0108815
v 0.1165415 0.018854 0.0106065
v 0.1173995 0.016901 0.0109135
v 0.1177555 0.015366 0.0104375
v 0.1177555 0.015366 0.0104375
v 0.1174005 0.017096 0.0102075
v 0.1168945 0.01604 0.0110265
v 0.1170765 0.018456 0.0103705
v 0.1176035 0.017145 0.0104855
v 0.1176035 0.017145 0.0104855
v 0.1176035 0.017145 0.0104855
v 0.1175845 0.015157 0.0109955
v 0.1181465 0.010717 0.0112765
v 0.1181715 0.010831 0.0104525
v 0.1181715 0.010831 0.0104525
v 0.1184465 0.014277 0.0105775
v 0.1186405 0.012995 0.0106055
v 0.1187415 0.013222 0.0107755
v 0.1184435 0.013163 0.0111655
v 0.1190475 0.012327 0.0107585
v 0.1190475 0.012327 0.0107585
v 0.1188085 0.011246 0.0107005
v 0.1188025 0.012073 0.0104895
v 0.1191245 0.01091 0.0109445
v 0.1188995 0.011477 0.0110845
v 0.1193085 0.010389 0.0106965
v 0.1191785 0.010071 0.0105765
v 0.1189825 0.01034 0.0112625
v 0.1179835 0.015392 0.0107695
v 0.1183805 0.014361 0.0108925
v 0.1191735 0.008655 0.0112315
v 0.1194535 0.009414 0.0109225
v 0.1193155 0.00883 0.0107915
v 0.1195235 0.008139 0.0109115
v 0.1195235 0.008139 0.0109115
v 0.1193135 0.007845 0.0106645
v 0.1190895 0.007043 0.0113965
v 0.1192665 0.006464 0.0107135
v 0.1192665 0.006464 0.0107135
v 0.1191425 0.005669 0.0114295
v 0.1193625 0.004054 0.0108035
v 0.1193625 0.004054 0.0108035
v 0.1193625 0.004054 0.0108035
v 0.1182195 0.003321 0.0114395
v 0.1195525 0.006987 0.0107505
v 0.1195525 0.006987 0.0107505
v 0.1195385 0.006061 0.0109745
v 0.1195385 0.006061 0.0109745
v 0.1194315 0.005402 0.0106805
v 0.1194315 0.005402 0.0106805
v 0.1196175 0.005071 0.0110785
v 0.1194815 0.007167 0.0111915
v 0.1195155 0.000911 0.0110185
v 0.1195155 0.000911 0.0110185
v 0.1190885 0.002374 0.0108675
v 0.1190885 0.002374 0.0108675
v 0.1193685 0.004553 0.0114255
v 0.1194145 0.003099 0.0113325
v 0.1193545 0.001436 0.0115955
v 0.1195985 0.001249 0.0113175
v 0.1195985 0.001249 0.0113175
v 0.1107115 -0.009422 0.0085475
v 0.1095265 -0.016858 0.0080915
v 0.1152845 -8.3e-05 0.0111985
v 0.1171585 -0.003055 0.0114575
v 0.1123985 -0.006778 0.0089105
v 0.1164415 -0.006858 0.0100645
v 0.1193635 -0.002248 0.0109825
v 0.1193635 -0.002248 0.0109825
v 0.1187185 -0.006298 0.0116655
v 0.1187755 -0.009822 0.0117535
v 0.1126565 -0.010543 0.0087285
v 0.1132575 -0.014525 0.0090235
v 0.1141815 -0.010428 0.0093815
v 0.1122745 -0.02007 0.0086325
v 0.1166075 -0.015845 0.0099965
v 0.1186795 -0.013974 0.0117495
v 0.1194825 -0.001009 0.0117325
v 0.1193735 0.000477 0.0115495
v 0.1197115 -0.00095 0.0114335
v 0.1197115 -0.00095 0.0114335
v 0.1193495 -0.003235 0.0116585
v 0.1196385 -0.002627 0.0113515
v 0.1196385 -0.002627 0.0113515
v 0.1197535 -0.00413 0.0114315
v 0.1195695 -0.004898 0.0110885
v 0.1195695 -0.004898 0.0110885
v 0.1194955 -0.005038 0.0115345
v 0.1194695 -0.006521 0.0110015
v 0.1194695 -0.006521 0.0110015
v 0.1194755 -0.006987 0.0115905
v 0.1197005 -0.008857 0.0111555
v 0.1197005 -0.008857 0.0111555
v 0.1198775 -0.010282 0.0112055
v 0.1198775 -0.010282 0.0112055
v 0.1199055 -0.009762 0.0113875
v 0.1197345 -0.011962 0.0111065
v 0.1197345 -0.011962 0.0111065
v 0.1195395 -0.011302 0.0116545
v 0.1198325 -0.012079 0.0115125
v 0.1198325 -0.012079 0.0115125
v 0.1194305 -0.013541 0.0118525
v 0.1200605 -0.01359 0.0115375
v 0.1200605 -0.01359 0.0115375
v 0.1199475 -0.014152 0.0112955
v 0.1199475 -0.014152 0.0112955
v 0.1199045 -0.018662 0.0110685
v 0.1199045 -0.018662 0.0110685
v 0.1189395 -0.0188 0.0106025
v 0.1196965 -0.016938 0.0109035
v 0.1196965 -0.016938 0.0109035
v 0.1199195 -0.015138 0.0111675
v 0.1199195 -0.015138 0.0111675
v 0.1199935 -0.015459 0.0114835
v 0.1199935 -0.015459 0.0114835
v 0.1199535 -0.016682 0.0113455
v 0.1199535 -0.016682 0.0113455
v 0.1197215 -0.016015 0.0116265
v 0.1197215 -0.016015 0.0116265
v 0.1190785 -0.020011 0.0116985
v 0.1199835 -0.017897 0.0113735
v 0.1199835 -0.017897 0.0113735
v 0.1197205 -0.005523 0.0113055
v 0.1196445 -0.006193 0.0111365
v 0.1196445 -0.006193 0.0111365
v 0.1197785 -0.007776 0.0113975
v 0.1196755 -0.009355 0.0116935
v 0.0186035 0.0057 4.5e-06
v 0.0186035 0.0057 4.5e-06
v 0.0203615 0.005092 -0.0007735
v 0.0188745 0.004165 0.0003145
v 0.0174025 0.005363 0.0004495
v 0.0174025 0.005363 0.0004495
v 0.0229405 0.006009 -0.0017135
v 0.0229405 0.006009 -0.0017135
v 0.0224585 0.005251 -0.0016115
v 0.0226215 0.001481 -0.0002425
v 0.0176885 0.006276 0.0006675
v 0.0151935 0.005846 0.0011785
v 0.0141165 0.006442 0.0018505
v 0.0218175 0.006479 -0.0007215
v 0.0296105 0.004219 -0.0050675
v 0.0355055 0.006133 -0.0084395
v 0.0086745 0.005314 0.0030915
v 0.0086745 0.005314 0.0030915
v 0.0104545 0.0057 0.0026065
v 0.0133915 0.004978 0.0018435
v 0.0133915 0.004978 0.0018435
v 0.0088215 0.002431 0.0040845
v 0.0115465 0.00066 0.0037955
v 0.0140825 0.002476 0.0026445
v 0.0098825 -0.001981 0.0041355
v 0.0137595 -0.002043 0.0030275
v 0.0162175 4.1e-05 0.0024195
v 0.0097915 0.006553 0.0033685
v 0.0101485 0.006951 0.0044475
v 0.0087355 0.006688 0.0047565
v 0.0114955 0.006795 0.0035325
v 0.0115255 0.006437 0.0040865
v 0.0095965 0.004918 0.0053175
v 0.0100415 0.002869 0.0057545
v 0.0122325 0.003836 0.0048845
v 0.0084345 0.000978 0.0066265
v 0.0113145 0.000344 0.0059955
v 0.0092375 -0.001057 0.0065555
v 0.0136165 0.006681 0.0028485
v 0.0126435 0.006423 0.0039325
v 0.0136435 0.006179 0.0034995
v 0.0148295 0.006537 0.0033705
v 0.0131875 0.004775 0.0040665
v 0.0143405 0.005285 0.0036135
v 0.0151895 0.005109 0.0033415
v 0.0163685 0.005416 0.0030535
v 0.0150515 0.003666 0.0040655
v 0.0123035 0.001943 0.0054975
v 0.0135265 0.002096 0.0049805
v 0.0130955 0.000392 0.0055045
v 0.0147935 0.001942 0.0047845
v 0.0116795 -0.000923 0.0060155
v 0.0138555 -0.001361 0.0052395
v 0.0144115 0.000311 0.0052115
v 0.0156765 0.002674 0.0042645
v 0.0033305 -0.007995 0.0049975
v 0.0036685 -0.007645 0.0060725
v 0.0052315 -0.00752 0.0043355
v 0.0049305 -0.007905 0.0054095
v 0.0046175 -0.007582 0.0057905
v 0.0051485 -0.006997 0.0039155
v 0.0076205 -0.0071 0.0033545
v 0.0061975 -0.007785 0.0047915
v 0.0061275 -0.007379 0.0056765
v 0.0112675 -0.007231 0.0027455
v 0.0051825 -0.004474 0.0067735
v 0.0072295 -0.005732 0.0059035
v 0.0093565 -0.002945 0.0062895
v 0.0076555 -0.007586 0.0051665
v 0.0078155 -0.006302 0.0031215
v 0.0126885 -0.006483 0.0040695
v 0.0136775 -0.0052 0.0043565
v 0.0111165 -0.006321 0.0047185
v 0.0090885 -0.007837 0.0045995
v 0.0096645 -0.00736 0.0048105
v 0.0087295 -0.007597 0.0049905
v 0.0077935 -0.006606 0.0053805
v 0.0110785 -0.00762 0.0046435
v 0.0136105 -0.007784 0.0034975
v 0.0125385 -0.007605 0.0041445
v 0.0141595 -0.003959 0.0046915
v 0.0132625 -0.002568 0.0053145
v 0.0198315 1.8e-05 0.0010765
v 0.0177345 -0.002214 0.0016725
v 0.0224595 -0.001026 -5.75e-05
v 0.0221965 -0.003447 -0.0006075
v 0.0175015 0.002604 0.0036855
v 0.0183785 0.003382 0.0032615
v 0.0177965 0.001658 0.0016215
v 0.0167215 0.002235 0.0041815
v 0.0184085 0.000638 0.0039115
v 0.0159795 0.000575 0.0046445
v 0.0163565 -0.000207 0.0045155
v 0.0171775 0.000338 0.0040615
v 0.0169185 -0.000678 0.0044715
v 0.0161355 -0.001815 0.0043485
v 0.0195165 -0.00134 0.0034055
v 0.0165295 -0.002706 0.0042535
v 0.0184545 -0.003381 0.0033665
v 0.0183095 -0.001296 0.0037975
v 0.0156715 0.00158 0.0044165
v 0.0205115 0.000597 0.0030345
v 0.0234685 0.001185 0.0017365
v 0.0206015 -0.00351 0.0026625
v 0.0223915 -0.001384 0.0022945
v 0.0213785 -0.004831 0.0018245
v 0.0135795 -0.006485 0.0017125
v 0.0163375 -0.006912 0.0010785
v 0.0160755 -0.007421 0.0019005
v 0.0141855 -0.006573 0.0038415
v 0.0150115 -0.006064 0.0035975
v 0.0158665 -0.005521 0.0011115
v 0.0146985 -0.007613 0.0027325
v 0.0162385 -0.007373 0.0024615
v 0.0158115 -0.007068 0.0030675
v 0.0149695 -0.007476 0.0030885
v 0.0140585 -0.007515 0.0037745
v 0.0160285 -0.005379 0.0035755
v 0.0172985 -0.007564 0.0019815
v 0.0175445 -0.006088 0.0027975
v 0.0177685 -0.007424 0.0021925
v 0.0196015 -0.006748 0.0018385
v 0.0190805 -0.007442 0.0014505
v 0.0205585 -0.007263 0.0010515
v 0.0217315 -0.007516 0.0002765
v 0.0278425 0.000147 -0.0026185
v 0.0256055 -0.002095 -0.0018265
v 0.0247325 -0.006324 -0.0002565
v 0.0264265 -0.00666 -0.0011025
v 0.0264225 -0.002154 0.0004505
v 0.0234235 -0.006557 -0.0018335
v 0.0279085 -0.007363 -0.0031335
v 0.0247215 -0.007425 -0.0014765
v 0.0274255 -0.006414 -0.0037625
v 0.0272215 -0.007408 -0.0022585
v 0.0289315 -0.00714 -0.0038105
v 0.0284435 -0.007304 -0.0025695
v 0.0248635 -0.007223 -0.0008635
v 0.0257495 -0.007488 -0.0012475
v 0.0271485 -0.004194 -0.0004685
v 0.0295005 -0.006779 -0.0028005
v 0.0318705 -0.005161 -0.0033295
v 0.0303535 -0.002297 -0.0015995
v 0.0246515 0.000496 0.0013805
v 0.0234375 -0.00073 0.0017875
v 0.0241615 -0.001634 0.0015735
v 0.0261205 -0.000653 0.0006195
v 0.0280155 0.000253 -0.0002495
v 0.0243645 -0.002667 0.0011875
v 0.0232625 -0.003204 0.0016415
v 0.0233265 -0.005126 0.0010155
v 0.0252045 -0.002949 0.0008835
v 0.0221285 -0.007438 -0.0005785
v 0.0216005 -0.00693 0.0010125
v 0.0232965 -0.007023 0.0001845
v 0.0241405 -0.007436 -0.0005875
v 0.0320935 -0.005371 -0.0064215
v 0.0338935 -0.005137 -0.0044615
v 0.0300865 -0.006482 -0.0051455
v 0.0306005 -0.007269 -0.0045285
v 0.0295915 -0.007211 -0.0034385
v 0.0304975 -0.006917 -0.0032985
v 0.0324525 -0.0073 -0.0050305
v 0.0309215 -0.005585 -0.0059105
v 0.0329755 -0.007306 -0.0059595
v 0.0324605 -0.006826 -0.0043725
v 0.0333655 -0.006793 -0.0050415
v 0.0358655 -0.006115 -0.0063115
v 0.0372935 -0.005826 -0.0069975
v 0.0355595 -0.007031 -0.0067535
v 0.0372345 -0.006801 -0.0076545
v 0.0382745 -0.006497 -0.0078775
v 0.0343605 -0.006883 -0.0056645
v 0.0416445 -0.005974 -0.0096885
v 0.0444305 -0.006804 -0.0102655
v 0.0444305 -0.006804 -0.0102655
v 0.0451525 -0.00692 -0.0097185
v 0.0452065 -0.007299 -0.0102055
v 0.0452065 -0.007299 -0.0102055
v 0.0457815 -0.00748 -0.0107165
v 0.0454475 -0.007892 -0.0094715
v 0.0454475 -0.007892 -0.0094715
v 0.0462435 -0.008888 -0.0082975
v 0.0459645 -0.009612 -0.0084395
v 0.0455685 -0.009465 -0.0093645
v 0.0455685 -0.009465 -0.0093645
v 0.0459945 -0.011066 -0.0086945
v 0.0459945 -0.011066 -0.0086945
v 0.0464735 -0.011589 -0.0082375
v 0.0464045 -0.014232 -0.0083045
v 0.0472375 -0.012797 -0.0078435
v 0.0470615 -0.016258 -0.0078635
v 0.0499205 -0.017058 -0.0070255
v 0.0550805 -0.016139 -0.0053005
v 0.0479905 -0.020168 -0.0074655
v 0.0545355 -0.026718 -0.0054015
v 0.0501185 -0.025577 -0.0066075
v 0.0653485 -0.018328 -0.0020775
v 0.0633615 -0.027636 -0.0027255
v 0.0624915 -0.030379 -0.0073215
v 0.0670115 -0.022756 -0.0052225
v 0.0791645 -0.028606 0.0015365
v 0.0658595 -0.028488 -0.0021145
v 0.0727665 -0.029019 -0.0002975
v 0.0506505 -0.027451 -0.0067955
v 0.0568395 -0.028599 -0.0049605
v 0.0557565 -0.031408 -0.0066045
v 0.0571475 -0.031814 -0.0075965
v 0.0589155 -0.03162 -0.0055455
v 0.0572575 -0.031866 -0.0065365
v 0.0604015 -0.030841 -0.0079785
v 0.0604245 -0.032115 -0.0059275
v 0.0605325 -0.031873 -0.0069925
v 0.0628365 -0.031619 -0.0069025
v 0.0607395 -0.031492 -0.0048885
v 0.0634145 -0.032059 -0.0062345
v 0.0626745 -0.032037 -0.0045385
v 0.0634505 -0.031551 -0.0041085
v 0.0636305 -0.032306 -0.0050305
v 0.0661835 -0.032449 -0.0046875
v 0.0680255 -0.031967 -0.0050475
v 0.0642015 -0.032326 -0.0044025
v 0.0646535 -0.032065 -0.0038835
v 0.0660025 -0.031885 -0.0034325
v 0.0666145 -0.032333 -0.0037245
v 0.0686035 -0.032336 -0.0027695
v 0.0787145 -0.025945 -0.0012345
v 0.0724495 -0.031266 -0.0037775
v 0.0783605 -0.031139 -0.0017065
v 0.0824045 -0.032088 -0.0002965
v 0.0844205 -0.032565 0.0003445
v 0.0844205 -0.032565 0.0003445
v 0.0862705 -0.02788 0.0011845
v 0.0686775 -0.03274 -0.0033615
v 0.0693255 -0.032715 -0.0037605
v 0.0718225 -0.03235 -0.0034945
v 0.0697155 -0.03267 -0.0028325
v 0.0707755 -0.032294 -0.0021465
v 0.0713585 -0.032675 -0.0026435
v 0.0732495 -0.032878 -0.0022205
v 0.0738265 -0.032312 -0.0012545
v 0.0736925 -0.032573 -0.0028455
v 0.0772695 -0.032297 -0.0019325
v 0.0762465 -0.032839 -0.0018875
v 0.0739495 -0.032834 -0.0020985
v 0.0749875 -0.032962 -0.0015995
v 0.0765535 -0.032447 -0.0005555
v 0.0769315 -0.032964 -0.0011075
v 0.0788625 -0.031544 0.0005015
v 0.0793175 -0.032941 -0.0001765
v 0.0794675 -0.033013 -0.0008155
v 0.0828455 -0.033285 0.0005665
v 0.0828455 -0.033285 0.0005665
v 0.0822375 -0.033051 -0.0001435
v 0.0822275 -0.032922 0.0008505
v 0.0825295 -0.031403 0.0015005
v 0.0836165 -0.03307 0.0004425
v 0.0836165 -0.03307 0.0004425
v 0.0846845 -0.032931 0.0006995
v 0.0854775 -0.032691 0.0006735
v 0.0844385 -0.032863 0.0013615
v 0.0756995 -0.016163 0.0007435
v 0.0923555 -0.027921 0.0029195
v 0.0883805 -0.028709 0.0040345
v 0.0867075 -0.031602 0.0009785
v 0.0877825 -0.032896 0.0013005
v 0.0859005 -0.032604 0.0021045
v 0.0891255 -0.031492 0.0033775
v 0.0961455 -0.028802 0.0063055
v 0.0858905 -0.033319 0.0013165
v 0.0868715 -0.033281 0.0013015
v 0.0874175 -0.033325 0.0019635
v 0.0886345 -0.033417 0.0017995
v 0.0886345 -0.033417 0.0017995
v 0.0879205 -0.032487 0.0026235
v 0.0907665 -0.033233 0.0021265
v 0.0929945 -0.032923 0.0040605
v 0.0908195 -0.032972 0.0033885
v 0.0959755 -0.032508 0.0036705
v 0.0959755 -0.032508 0.0036705
v 0.0930015 -0.033026 0.0028765
v 0.0954905 -0.031376 0.0053505
v 0.0949995 -0.0333 0.0035505
v 0.0945075 -0.033634 0.0036955
v 0.0971285 -0.032962 0.0040325
v 0.0971285 -0.032962 0.0040325
v 0.0952365 -0.033439 0.0039825
v 0.0964955 -0.03342 0.0041475
v 0.0956125 -0.032954 0.0047575
v 0.0960835 -0.033657 0.0042725
v 0.0960835 -0.033657 0.0042725
v 0.0997385 -0.028479 0.0049895
v 0.0964515 -0.033449 0.0045995
v 0.0964515 -0.033449 0.0045995
v 0.0975185 -0.033524 0.0047175
v 0.0980595 -0.032936 0.0056135
v 0.0984475 -0.033421 0.0053915
v 0.1004295 -0.033422 0.0050425
v 0.0986855 -0.033525 0.0046705
v 0.0986855 -0.033525 0.0046705
v 0.0992705 -0.033708 0.0051875
v 0.1003195 -0.033931 0.0055035
v 0.1003195 -0.033931 0.0055035
v 0.1046515 -0.027011 0.0064395
v 0.1068325 -0.028342 0.0094235
v 0.1125525 -0.023188 0.0086805
v 0.1097285 -0.027571 0.0078285
v 0.1018305 -0.031361 0.0054275
v 0.0995225 -0.032352 0.0062185
v 0.1002005 -0.033238 0.0062025
v 0.1032805 -0.033654 0.0058725
v 0.1015525 -0.033849 0.0057915
v 0.1013345 -0.032917 0.0065225
v 0.1050855 -0.031208 0.0082265
v 0.1027365 -0.033177 0.0069255
v 0.1032045 -0.03375 0.0064045
v 0.1049385 -0.033402 0.0073845
v 0.1061165 -0.032234 0.0066005
v 0.1048695 -0.033789 0.0067825
v 0.1051515 -0.033454 0.0064815
v 0.1078685 -0.033773 0.0077015
v 0.1075245 -0.03344 0.0069545
v 0.1065765 -0.03376 0.0069215
v 0.1101415 -0.025582 0.0103985
v 0.1091405 -0.029987 0.0094615
v 0.1084585 -0.032982 0.0086065
v 0.1110705 -0.028752 0.0080215
v 0.1104375 -0.030422 0.0077965
v 0.1087595 -0.030939 0.0074245
v 0.1132915 -0.030435 0.0100965
v 0.0889305 -0.033158 0.0025335
v 0.0907525 -0.033662 0.0026365
v 0.0907525 -0.033662 0.0026365
v 0.0895225 -0.03322 0.0028975
v 0.0919385 -0.033467 0.0031525
v 0.0925955 -0.033401 0.0030325
v 0.0932795 -0.033411 0.0036085
v 0.0944705 -0.033589 0.0040365
v 0.1127265 -0.028783 0.0086255
v 0.1118355 -0.032508 0.0093065
v 0.1104235 -0.033236 0.0077965
v 0.1095255 -0.033615 0.0078125
v 0.1111365 -0.033537 0.0086535
v 0.1112425 -0.033558 0.0083725
v 0.1124225 -0.032864 0.0083255
v 0.1137645 -0.031463 0.0086595
v 0.1126355 -0.033106 0.0088205
v 0.1136295 -0.032669 0.0088665
v 0.1138145 -0.032532 0.0094595
v 0.1142595 -0.032244 0.0090715
v 0.1150275 -0.03132 0.0101185
v 0.1153505 -0.030383 0.0090285
v 0.1153145 -0.031423 0.0093435
v 0.1150125 -0.031759 0.0096215
v 0.1116765 -0.02206 0.0108585
v 0.1173215 -0.024613 0.0099405
v 0.1155685 -0.027643 0.0093145
v 0.1170845 -0.028872 0.0108255
v 0.1189065 -0.023495 0.0115145
v 0.1180565 -0.025218 0.0113125
v 0.1196975 -0.022372 0.0106565
v 0.1167735 -0.027024 0.0095485
v 0.1172795 -0.028187 0.0095065
v 0.1182085 -0.027333 0.0095115
v 0.1191175 -0.024177 0.0099755
v 0.1182755 -0.02512 0.0097105
v 0.1194025 -0.025161 0.0100915
v 0.1188885 -0.026251 0.0111375
v 0.1194735 -0.026007 0.0104435
v 0.1186795 -0.027833 0.0099615
v 0.1195415 -0.025922 0.0109075
v 0.1195415 -0.025922 0.0109075
v 0.1183995 -0.028459 0.0104335
v 0.1183995 -0.028459 0.0104335
v 0.1199725 -0.020871 0.0109865
v 0.1199725 -0.020871 0.0109865
v 0.1200205 -0.020769 0.0112925
v 0.1197325 -0.01952 0.0115135
v 0.1195125 -0.022513 0.0113905
v 0.1198955 -0.02225 0.0109305
v 0.1198955 -0.02225 0.0109305
v 0.1199355 -0.023247 0.0109685
v 0.1199355 -0.023247 0.0109685
v 0.1194065 -0.024212 0.0113095
v 0.1195085 -0.025003 0.0110225
v 0.1195085 -0.025003 0.0110225
v 0.1164765 -0.029769 0.0090475
v 0.1165015 -0.028689 0.0091155
v 0.1172985 -0.029694 0.0097955
v 0.1172985 -0.029694 0.0097955
v 0.1170375 -0.030138 0.0096535
v 0.1178535 -0.029229 0.0103425
v 0.1178535 -0.029229 0.0103425
v 0.1178465 -0.029047 0.0099435
v 0.1178465 -0.029047 0.0099435
v 0.1171475 -0.029958 0.0100775
v 0.1162485 -0.030823 0.0096145
v 0.0038455 -0.006534 0.0040135
v 0.0046945 -0.005994 0.0039675
v 0.0123815 -0.005905 0.0020865
v 0.0113195 -0.006504 0.0023245
v 0.0184595 -0.005649 6.5e-06
v 0.0162505 -0.006323 0.0008735
v 0.0179865 -0.007455 0.0010835
v 0.0194485 -0.00669 -0.0002055
v 0.0200175 -0.005506 -0.0006865
v 0.0206455 -0.006227 -0.0009315
v 0.0193785 -0.007358 0.0006335
v 0.0218425 -0.005594 -0.0014245
v 0.0232325 -0.005732 -0.0021125
v 0.0250335 -0.005144 -0.0029195
v 0.0238795 -0.00442 -0.0021385
v 0.0257495 -0.005716 -0.0032855
v 0.0281675 -0.001606 -0.0032115
v 0.0302455 -0.002208 -0.0046685
v 0.0278775 -0.00288 -0.0041405
v 0.0271995 -0.003822 -0.0041615
v 0.0299165 -0.003612 -0.0053415
v 0.0272375 -0.005318 -0.0042855
v 0.0289905 -0.005177 -0.0049675
v 0.0319265 -0.003923 -0.0058655
vt 0.04857600 0.31524200
vt 0.04063100 0.31790100
vt 0.04946600 0.31302600
vt 0.03850100 0.32150500
vt 0.04082200 0.32822300
vt 0.03591700 0.33102200
vt 0.03240800 0.32209400
vt 0.02640300 0.32853700
vt 0.02095800 0.31928000
vt 0.02924200 0.31464600
vt 0.03080700 0.31124600
vt 0.03799000 0.31321000
vt 0.03514200 0.31809000
vt 0.02343900 0.31754800
vt 0.05173200 0.32499400
vt 0.05281400 0.32019300
vt 0.06109800 0.32552100
vt 0.05652200 0.33351400
vt 0.05979500 0.33244700
vt 0.04430100 0.33563400
vt 0.06284600 0.31321700
vt 0.06804700 0.30888900
vt 0.07098500 0.31412000
vt 0.04397400 0.31102900
vt 0.05158500 0.30819500
vt 0.05556200 0.29883100
vt 0.04463900 0.30519700
vt 0.04819600 0.30051300
vt 0.03851400 0.30981900
vt 0.03374000 0.30529400
vt 0.03928200 0.29632500
vt 0.02694600 0.29745600
vt 0.05868000 0.31446100
vt 0.06291300 0.31850500
vt 0.06012900 0.30941300
vt 0.05633600 0.30650900
vt 0.06335000 0.30496000
vt 0.06445000 0.29974200
vt 0.07248400 0.30466200
vt 0.06209800 0.28760400
vt 0.06759600 0.29492300
vt 0.04923200 0.29263100
vt 0.04911800 0.28624900
vt 0.04516900 0.28220100
vt 0.05762000 0.27922100
vt 0.04686300 0.27688300
vt 0.00773200 0.32425100
vt 0.01219000 0.16454400
vt 0.01637100 0.32754600
vt 0.01139500 0.33160900
vt 0.01409900 0.15613400
vt 0.02383300 0.16389300
vt 0.01913800 0.17083400
vt 0.02929000 0.17164300
vt 0.03548800 0.16805100
vt 0.03638100 0.16368300
vt 0.02545200 0.15882500
vt 0.02024700 0.31342800
vt 0.01737000 0.32014400
vt 0.00935700 0.31873500
vt 0.00840400 0.16935300
vt 0.01644200 0.30946300
vt 0.02007500 0.30887500
vt 0.01634000 0.30328500
vt 0.01172500 0.16809100
vt 0.01760500 0.17712500
vt 0.01117800 0.17967600
vt 0.00767700 0.30746200
vt 0.01274600 0.18575600
vt 0.00894700 0.30117400
vt 0.02024100 0.17989600
vt 0.02204400 0.18470200
vt 0.02283100 0.17519400
vt 0.03078800 0.17809100
vt 0.02870000 0.18108600
vt 0.03296500 0.19143700
vt 0.03043600 0.18578100
vt 0.04127600 0.17235600
vt 0.03658600 0.17488100
vt 0.04154900 0.17950000
vt 0.03526400 0.18259700
vt 0.04869900 0.18419500
vt 0.04129100 0.18913600
vt 0.02238300 0.30298600
vt 0.02041800 0.29417400
vt 0.03380000 0.28437200
vt 0.01892900 0.28446900
vt 0.02529500 0.20469600
vt 0.00880800 0.29112200
vt 0.02142200 0.19328100
vt 0.03724100 0.20107100
vt 0.03448100 0.21058300
vt 0.02404200 0.27542800
vt 0.03950000 0.27943700
vt 0.03452000 0.21734600
vt 0.03181700 0.27512100
vt 0.04303300 0.27540700
vt 0.03886500 0.27522500
vt 0.04211600 0.21071200
vt 0.02933400 0.12085300
vt 0.05334000 0.35039300
vt 0.06191900 0.33992800
vt 0.06829100 0.34409100
vt 0.06415600 0.34736900
vt 0.02995300 0.11218300
vt 0.07105200 0.34579600
vt 0.06779200 0.34829300
vt 0.03196800 0.11008300
vt 0.03607200 0.11889500
vt 0.06815100 0.33145900
vt 0.08073400 0.32652800
vt 0.07927100 0.33659600
vt 0.02172300 0.13033600
vt 0.03957300 0.34575200
vt 0.03687300 0.12615400
vt 0.07987300 0.34135600
vt 0.08670000 0.34020000
vt 0.07252600 0.34442500
vt 0.07126600 0.34943000
vt 0.04290000 0.23551700
vt 0.03321600 0.10696200
vt 0.04093300 0.23750700
vt 0.03483300 0.10927900
vt 0.07791400 0.34899500
vt 0.04807300 0.23212700
vt 0.08112400 0.34766100
vt 0.04735500 0.24291300
vt 0.08771800 0.34989700
vt 0.09673800 0.34810000
vt 0.03736700 0.11699100
vt 0.03968900 0.11479400
vt 0.03908600 0.10681100
vt 0.04333000 0.24235900
vt 0.05049700 0.11968500
vt 0.04508800 0.12167200
vt 0.04292200 0.25320000
vt 0.05153000 0.10583000
vt 0.09116600 0.35168100
vt 0.09675900 0.35223900
vt 0.09560800 0.09848400
vt 0.10276400 0.35491100
vt 0.10069800 0.09757400
vt 0.10820800 0.35362700
vt 0.09335900 0.10079900
vt 0.10099600 0.35755500
vt 0.09458300 0.10064400
vt 0.09900200 0.10472600
vt 0.10547300 0.10633100
vt 0.09690900 0.10516400
vt 0.09407600 0.10734000
vt 0.09502600 0.11283400
vt 0.08363800 0.11089200
vt 0.09741000 0.11820700
vt 0.09311000 0.11864900
vt 0.08994700 0.12635700
vt 0.08452300 0.11993400
vt 0.10414600 0.11939400
vt 0.09455400 0.12784300
vt 0.11413000 0.12660300
vt 0.08576700 0.31327100
vt 0.07445000 0.32135700
vt 0.07630700 0.30957600
vt 0.09452800 0.32622300
vt 0.09656500 0.33460900
vt 0.10379800 0.32053700
vt 0.08369100 0.30604700
vt 0.08499400 0.29858700
vt 0.08780200 0.30314600
vt 0.09246500 0.29948900
vt 0.09314900 0.30905000
vt 0.10521400 0.31149100
vt 0.10270100 0.30398600
vt 0.10259900 0.29502600
vt 0.04937200 0.25077700
vt 0.05355300 0.25674900
vt 0.05166400 0.25125700
vt 0.05189200 0.25841000
vt 0.05308500 0.26142300
vt 0.05455100 0.24834000
vt 0.06136300 0.25495400
vt 0.05972400 0.24865400
vt 0.06333200 0.25068600
vt 0.08277900 0.36397000
vt 0.06121300 0.24036700
vt 0.07485800 0.29450400
vt 0.07837000 0.28966200
vt 0.07414200 0.27712000
vt 0.09324100 0.29069100
vt 0.04888300 0.27456600
vt 0.05079100 0.27167100
vt 0.05456000 0.27454200
vt 0.05342400 0.26908400
vt 0.04891500 0.26787600
vt 0.05886300 0.27049100
vt 0.05682600 0.26600000
vt 0.05641700 0.25909200
vt 0.06152200 0.25986500
vt 0.06578800 0.26760700
vt 0.06373300 0.27847000
vt 0.06149600 0.27494500
vt 0.06840800 0.27483500
vt 0.06531700 0.27209700
vt 0.06406600 0.26896200
vt 0.07681600 0.26918000
vt 0.06713800 0.25959300
vt 0.07322900 0.25419600
vt 0.06927700 0.24915100
vt 0.06474600 0.24676900
vt 0.07433600 0.24818400
vt 0.07671400 0.26176100
vt 0.07943700 0.25609900
vt 0.07816000 0.25109100
vt 0.10024900 0.34523700
vt 0.10920200 0.34159800
vt 0.12218100 0.32782600
vt 0.11479200 0.33813300
vt 0.12448100 0.34011400
vt 0.12130800 0.09679300
vt 0.12926900 0.35301400
vt 0.12584100 0.32042200
vt 0.11227000 0.31172000
vt 0.11827000 0.30642000
vt 0.12363300 0.31247500
vt 0.13704000 0.31232800
vt 0.14610900 0.32365300
vt 0.13711600 0.33862000
vt 0.14643300 0.33092600
vt 0.09206300 0.35560300
vt 0.09515900 0.35701000
vt 0.08521100 0.10506900
vt 0.09108600 0.36697300
vt 0.07982100 0.09845300
vt 0.07632200 0.10160700
vt 0.07566100 0.11446700
vt 0.07656300 0.10607300
vt 0.07171400 0.09703200
vt 0.08548300 0.37298200
vt 0.06687000 0.24375500
vt 0.06685200 0.24191700
vt 0.07104400 0.10102000
vt 0.06861800 0.23770700
vt 0.06844200 0.10708300
vt 0.06950900 0.10990500
vt 0.06957700 0.24460100
vt 0.07249600 0.24291600
vt 0.07402700 0.23937600
vt 0.08170100 0.24232000
vt 0.11794300 0.11096200
vt 0.13637100 0.08784300
vt 0.14380100 0.34410800
vt 0.14145800 0.09717300
vt 0.15768200 0.32760000
vt 0.15469700 0.08147900
vt 0.16113800 0.33735300
vt 0.16823800 0.08123800
vt 0.17461400 0.33044800
vt 0.16911600 0.07503400
vt 0.15786800 0.09058900
vt 0.16223300 0.10402400
vt 0.13531500 0.10686200
vt 0.13287800 0.11617500
vt 0.13294300 0.12603500
vt 0.14862200 0.10987700
vt 0.14251700 0.12294900
vt 0.18274000 0.08801200
vt 0.18337800 0.10099200
vt 0.18526500 0.11028900
vt 0.19573000 0.09862000
vt 0.18214900 0.11942900
vt 0.02975400 0.13971700
vt 0.03899900 0.13460800
vt 0.03569900 0.14565000
vt 0.04506600 0.13648400
vt 0.03919000 0.15303700
vt 0.04457400 0.16010400
vt 0.04695300 0.13228200
vt 0.06083200 0.14123300
vt 0.05317800 0.14699400
vt 0.06767700 0.14702500
vt 0.05331100 0.16256400
vt 0.05814200 0.15332300
vt 0.06841700 0.15993900
vt 0.04888700 0.55867100
vt 0.04458600 0.57218200
vt 0.05708400 0.12890100
vt 0.04146100 0.56828400
vt 0.05395900 0.12500300
vt 0.05317300 0.56522400
vt 0.05674600 0.56375300
vt 0.05502700 0.57143300
vt 0.04588300 0.16723500
vt 0.04789900 0.17699200
vt 0.05553100 0.17052200
vt 0.05162400 0.17272100
vt 0.05271300 0.17818100
vt 0.05809000 0.17558800
vt 0.06647500 0.17985300
vt 0.06115300 0.16797400
vt 0.06767300 0.16924500
vt 0.06758400 0.17412500
vt 0.06056400 0.18528600
vt 0.07272200 0.13689100
vt 0.06022400 0.58017300
vt 0.08293800 0.13350000
vt 0.07688600 0.13968000
vt 0.08614400 0.13569000
vt 0.07933000 0.12631300
vt 0.08506700 0.13105000
vt 0.07309200 0.12808900
vt 0.08721200 0.13864000
vt 0.09239800 0.16322100
vt 0.09674600 0.15157700
vt 0.10528900 0.16172400
vt 0.10370700 0.15361600
vt 0.07587200 0.16621800
vt 0.07942000 0.16254500
vt 0.07620300 0.17239800
vt 0.08167000 0.17276200
vt 0.08610000 0.16970800
vt 0.05245700 0.54722100
vt 0.03424900 0.26196300
vt 0.06495400 0.10394000
vt 0.04478300 0.55713000
vt 0.05728000 0.11384900
vt 0.04982000 0.22485600
vt 0.05580800 0.54866600
vt 0.03037100 0.26217700
vt 0.04070800 0.26445200
vt 0.03872100 0.26865200
vt 0.04585300 0.22419100
vt 0.03375000 0.26509200
vt 0.03425400 0.27218600
vt 0.03827000 0.21971700
vt 0.04840600 0.21779300
vt 0.05013200 0.22070200
vt 0.04813400 0.20579800
vt 0.05062800 0.20007500
vt 0.05590100 0.22036600
vt 0.05866800 0.55533400
vt 0.05595300 0.22680500
vt 0.06225100 0.55843100
vt 0.06012900 0.22760300
vt 0.06021700 0.21267500
vt 0.06308400 0.21898400
vt 0.06237000 0.22382100
vt 0.07029000 0.22089800
vt 0.06860200 0.56080500
vt 0.06591300 0.22906100
vt 0.03971700 0.27270100
vt 0.04596400 0.21479500
vt 0.05032800 0.21121400
vt 0.05183900 0.21410300
vt 0.05821700 0.20897300
vt 0.05630800 0.21112000
vt 0.06564800 0.20680900
vt 0.06613600 0.21088400
vt 0.07190100 0.20962100
vt 0.07211800 0.21243900
vt 0.07449100 0.20613200
vt 0.06973700 0.21684700
vt 0.07295800 0.21500300
vt 0.07934300 0.21984500
vt 0.08257300 0.21531000
vt 0.08083500 0.21120600
vt 0.10163200 0.20665100
vt 0.05448300 0.19214200
vt 0.07394300 0.18990700
vt 0.06991000 0.19598200
vt 0.08444500 0.19640800
vt 0.06896400 0.12062800
vt 0.06983900 0.11651900
vt 0.06580700 0.12631900
vt 0.06721800 0.57085700
vt 0.06529800 0.11579800
vt 0.06147100 0.11331300
vt 0.07259100 0.23357300
vt 0.06917300 0.23140900
vt 0.07370500 0.56372900
vt 0.05972700 0.11907800
vt 0.06977500 0.56610900
vt 0.10756500 0.16944600
vt 0.07798600 0.23203900
vt 0.08032200 0.23627700
vt 0.07785700 0.22695000
vt 0.08847100 0.22614300
vt 0.08500900 0.22037700
vt 0.08907800 0.21925500
vt 0.09302100 0.21480400
vt 0.08234900 0.17999900
vt 0.07936900 0.18784200
vt 0.09224300 0.19144300
vt 0.09170900 0.18350200
vt 0.09264300 0.17648200
vt 0.09822000 0.17871400
vt 0.09857300 0.18560500
vt 0.10812700 0.17535300
vt 0.10554000 0.18324800
vt 0.11255100 0.19997200
vt 0.10809900 0.19265300
vt 0.11676200 0.18369100
vt 0.11656600 0.14937700
vt 0.11594800 0.15509200
vt 0.12135000 0.16442200
vt 0.13541900 0.14912500
vt 0.13946600 0.15782400
vt 0.13757600 0.16686900
vt 0.12629200 0.17475700
vt 0.14044600 0.17059600
vt 0.13792900 0.17643600
vt 0.12810800 0.18253400
vt 0.13868900 0.18568300
vt 0.14663700 0.18285200
vt 0.12509800 0.19172600
vt 0.15418500 0.14951400
vt 0.15945500 0.16007000
vt 0.16053300 0.15101600
vt 0.15715800 0.16499800
vt 0.15081000 0.16842600
vt 0.15020600 0.17629000
vt 0.16026000 0.17353500
vt 0.17605500 0.15950500
vt 0.17472400 0.15108400
vt 0.17029900 0.16604200
vt 0.16606800 0.16889300
vt 0.11120700 0.29874600
vt 0.10462200 0.28415100
vt 0.11377000 0.29133000
vt 0.10792900 0.28338600
vt 0.09566800 0.27876400
vt 0.08569500 0.27678600
vt 0.08078500 0.27034800
vt 0.08752000 0.26717300
vt 0.11080500 0.27319800
vt 0.10106400 0.26778000
vt 0.08109100 0.26518400
vt 0.08805400 0.25714300
vt 0.08396900 0.24947700
vt 0.08987900 0.25445300
vt 0.09236600 0.24532300
vt 0.08770900 0.26262500
vt 0.09632200 0.25827800
vt 0.09257800 0.25550500
vt 0.09586700 0.24374200
vt 0.09641700 0.25162400
vt 0.11677100 0.26005700
vt 0.13209900 0.30310300
vt 0.11655900 0.30007000
vt 0.12335300 0.30183900
vt 0.11623900 0.28291000
vt 0.12989700 0.29540500
vt 0.14649400 0.31391900
vt 0.13929200 0.30400900
vt 0.14830200 0.30588600
vt 0.14177700 0.30170700
vt 0.13830500 0.29751400
vt 0.13286500 0.28555000
vt 0.14953300 0.29969200
vt 0.14254800 0.28980000
vt 0.13119600 0.27504100
vt 0.14188800 0.28208100
vt 0.14631300 0.27017300
vt 0.09930100 0.24288000
vt 0.13341900 0.26515400
vt 0.12757500 0.25179700
vt 0.12529300 0.23723200
vt 0.13475300 0.24003700
vt 0.14070600 0.25443900
vt 0.14560400 0.23954700
vt 0.15585300 0.27424500
vt 0.20481800 0.31373000
vt 0.22604100 0.32014300
vt 0.20015200 0.32593100
vt 0.19567000 0.07215300
vt 0.22085800 0.07312100
vt 0.22477100 0.32392900
vt 0.19579000 0.30574200
vt 0.20228300 0.30163600
vt 0.22304700 0.30572400
vt 0.21477700 0.29938000
vt 0.21424300 0.28998400
vt 0.20112400 0.29763100
vt 0.22300800 0.29171200
vt 0.22615200 0.29951200
vt 0.23277100 0.29615500
vt 0.15987200 0.31755900
vt 0.17077100 0.30905600
vt 0.17034700 0.32023900
vt 0.18262300 0.31658800
vt 0.18804300 0.32054600
vt 0.15584800 0.30144500
vt 0.15369600 0.29472600
vt 0.16927300 0.29958000
vt 0.16048600 0.28669600
vt 0.16145400 0.29127600
vt 0.16676000 0.29428200
vt 0.18537700 0.30001100
vt 0.17214900 0.29033700
vt 0.18334800 0.07449100
vt 0.18836800 0.32914600
vt 0.19351900 0.07911700
vt 0.19580400 0.08830600
vt 0.20372400 0.08332500
vt 0.18889900 0.31268100
vt 0.16310300 0.28182800
vt 0.17169300 0.28390300
vt 0.16532800 0.27442400
vt 0.16241300 0.26528900
vt 0.18592500 0.29027200
vt 0.18596500 0.28287100
vt 0.17360100 0.27913400
vt 0.17398300 0.26921400
vt 0.17402100 0.25809900
vt 0.18805200 0.27290100
vt 0.20683800 0.25942400
vt 0.15419200 0.25794300
vt 0.16711600 0.24917300
vt 0.16099700 0.23861100
vt 0.18811800 0.23877600
vt 0.16465500 0.22622600
vt 0.19646400 0.28126100
vt 0.20348900 0.28748000
vt 0.20988400 0.27983100
vt 0.20588700 0.26896900
vt 0.21291900 0.28457900
vt 0.22085500 0.27498600
vt 0.22103800 0.28399500
vt 0.22758500 0.28001400
vt 0.23058400 0.26268300
vt 0.19036800 0.22713200
vt 0.20459400 0.25023400
vt 0.24011100 0.24108000
vt 0.20798500 0.23273800
vt 0.19531700 0.21797800
vt 0.23575400 0.25323700
vt 0.09058700 0.23798000
vt 0.09171400 0.23222800
vt 0.09171900 0.22495700
vt 0.09544400 0.23341600
vt 0.09642000 0.22716200
vt 0.10633100 0.23496300
vt 0.11817800 0.21781400
vt 0.11965200 0.22729600
vt 0.13766800 0.22573500
vt 0.12891700 0.20817400
vt 0.13983000 0.20181400
vt 0.13930900 0.19309400
vt 0.16172100 0.19246600
vt 0.14047100 0.21459500
vt 0.16704500 0.21574800
vt 0.15662500 0.20231800
vt 0.15989000 0.20755200
vt 0.15637700 0.17905700
vt 0.16343000 0.18732600
vt 0.16667500 0.18223400
vt 0.17058900 0.17529700
vt 0.17839500 0.16943400
vt 0.18256300 0.17347800
vt 0.17692000 0.17885000
vt 0.17843300 0.18562400
vt 0.17734100 0.19211100
vt 0.18515800 0.20013100
vt 0.18808300 0.18285300
vt 0.18799100 0.18982200
vt 0.19415000 0.19303700
vt 0.18411700 0.20648000
vt 0.19881100 0.20969500
vt 0.20020300 0.11368700
vt 0.20021800 0.12023500
vt 0.23680200 0.30993300
vt 0.25170600 0.31891600
vt 0.24883700 0.07251800
vt 0.24396400 0.31505900
vt 0.24702700 0.07978000
vt 0.26156800 0.30695200
vt 0.23770100 0.28617400
vt 0.24837600 0.30102800
vt 0.25045800 0.29588800
vt 0.24165700 0.29085100
vt 0.24783100 0.28860000
vt 0.25911400 0.29326600
vt 0.25133600 0.08016400
vt 0.23879300 0.08731700
vt 0.26197600 0.08659200
vt 0.25815000 0.09115800
vt 0.28090000 0.07528400
vt 0.28074600 0.08698900
vt 0.26908200 0.09432500
vt 0.27478500 0.06806800
vt 0.27594200 0.30919100
vt 0.26918600 0.29719300
vt 0.27941200 0.29878400
vt 0.29595400 0.30146300
vt 0.29588100 0.06550500
vt 0.29237300 0.07011600
vt 0.20623900 0.09415400
vt 0.21094600 0.08298000
vt 0.21443000 0.08803700
vt 0.21744300 0.09896000
vt 0.20858600 0.10610700
vt 0.21031500 0.11686400
vt 0.22573600 0.10767200
vt 0.23694700 0.11689800
vt 0.21417500 0.12502800
vt 0.21915200 0.08238600
vt 0.22990400 0.09523300
vt 0.24457000 0.09440400
vt 0.23717300 0.12778000
vt 0.24775200 0.10371200
vt 0.25398400 0.09358700
vt 0.26524200 0.10376500
vt 0.25655500 0.11387100
vt 0.25915800 0.12302000
vt 0.26765800 0.11306500
vt 0.23666100 0.15097500
vt 0.24108200 0.16061500
vt 0.22512700 0.15101500
vt 0.24807400 0.13333000
vt 0.25229000 0.14626200
vt 0.25584800 0.15615400
vt 0.24948200 0.15320500
vt 0.25893400 0.16441000
vt 0.21982100 0.22437200
vt 0.22893600 0.23116900
vt 0.22859400 0.21493800
vt 0.23610600 0.22358400
vt 0.24796600 0.20986500
vt 0.24795500 0.21876900
vt 0.28320400 0.10580300
vt 0.28789500 0.09787300
vt 0.29202400 0.09104500
vt 0.29620600 0.08205900
vt 0.30223000 0.10665400
vt 0.30371300 0.07421700
vt 0.30390700 0.08500600
vt 0.31088700 0.09391700
vt 0.31860800 0.08774600
vt 0.33152400 0.10169400
vt 0.31481000 0.10528300
vt 0.33764800 0.11455900
vt 0.31301400 0.11798600
vt 0.27858900 0.11393200
vt 0.29640700 0.11862700
vt 0.28318500 0.12617000
vt 0.27282800 0.15033300
vt 0.26427700 0.15815500
vt 0.27804100 0.16055300
vt 0.26474800 0.16934700
vt 0.28567200 0.15857600
vt 0.28847000 0.16600200
vt 0.27739100 0.18674000
vt 0.28082000 0.17979500
vt 0.28655200 0.19086100
vt 0.27742100 0.17344000
vt 0.29333200 0.16204400
vt 0.28863800 0.15347700
vt 0.29557900 0.17281000
vt 0.29004700 0.17812900
vt 0.28981500 0.18467400
vt 0.33144000 0.12591400
vt 0.30810800 0.12943000
vt 0.30187500 0.13955900
vt 0.29901500 0.13315000
vt 0.32001500 0.13797900
vt 0.35971000 0.13205800
vt 0.30819600 0.15869700
vt 0.30405900 0.15272000
vt 0.30332100 0.16868100
vt 0.31170400 0.17640300
vt 0.30684400 0.17104300
vt 0.31119300 0.16476200
vt 0.32508400 0.15633700
vt 0.31699400 0.15299100
vt 0.33050300 0.14914700
vt 0.32005600 0.16306800
vt 0.32078300 0.16990900
vt 0.25217300 0.28258800
vt 0.26422100 0.28680000
vt 0.26642400 0.27567600
vt 0.27459600 0.28158100
vt 0.27330400 0.29331700
vt 0.27702000 0.28905800
vt 0.28150100 0.27889100
vt 0.28347200 0.29173800
vt 0.29167100 0.29463000
vt 0.28699700 0.28722400
vt 0.30294100 0.29508900
vt 0.29592700 0.28904400
vt 0.29060700 0.28241400
vt 0.26245500 0.27190700
vt 0.28844000 0.27105500
vt 0.30335400 0.28897400
vt 0.29903200 0.28363700
vt 0.29525400 0.27768200
vt 0.30702300 0.28343600
vt 0.30201000 0.27438600
vt 0.30040200 0.26767000
vt 0.24212000 0.27911600
vt 0.24206800 0.27035600
vt 0.27527000 0.26233500
vt 0.26173800 0.25159600
vt 0.24566200 0.23139100
vt 0.28003000 0.23966800
vt 0.30509400 0.24851300
vt 0.26150400 0.22767900
vt 0.25671900 0.22093700
vt 0.26859900 0.21538400
vt 0.25417500 0.20206300
vt 0.26378500 0.20715000
vt 0.26120000 0.19501100
vt 0.26934900 0.19979500
vt 0.26804200 0.19133600
vt 0.27820300 0.19443600
vt 0.27749800 0.22758200
vt 0.27991500 0.20792300
vt 0.30861400 0.23359600
vt 0.31286500 0.21820100
vt 0.30978100 0.30142000
vt 0.30910100 0.06933000
vt 0.31033300 0.07965600
vt 0.31428700 0.07233300
vt 0.32873000 0.29350300
vt 0.32957500 0.06749700
vt 0.32100900 0.08085600
vt 0.32696400 0.08533000
vt 0.32779300 0.07483000
vt 0.31748300 0.28975900
vt 0.32689400 0.28330100
vt 0.31111500 0.27820600
vt 0.32188900 0.27818900
vt 0.31490700 0.27200200
vt 0.32954300 0.28868100
vt 0.33705600 0.07517600
vt 0.33542600 0.08380500
vt 0.33709200 0.28844400
vt 0.34341600 0.29118400
vt 0.34404800 0.07019500
vt 0.34487600 0.28678400
vt 0.33820800 0.09348100
vt 0.34244300 0.07726500
vt 0.34255100 0.08775300
vt 0.34420100 0.10139400
vt 0.35019200 0.09778100
vt 0.36272700 0.11041400
vt 0.35064600 0.11459600
vt 0.34929000 0.08508400
vt 0.35702200 0.08354600
vt 0.35276500 0.07528000
vt 0.35122300 0.28083700
vt 0.35200900 0.06870600
vt 0.35051500 0.28714900
vt 0.35851000 0.06927700
vt 0.35706800 0.28501700
vt 0.36104000 0.07817100
vt 0.35414600 0.09182100
vt 0.36198700 0.08966100
vt 0.36926200 0.09839300
vt 0.36679100 0.08271600
vt 0.37720300 0.09090600
vt 0.32347000 0.26519700
vt 0.31666300 0.25698900
vt 0.33778200 0.27833000
vt 0.32658700 0.27384400
vt 0.33535800 0.27130500
vt 0.34125900 0.25494700
vt 0.34939200 0.27294800
vt 0.36448200 0.28168300
vt 0.36051600 0.27409300
vt 0.36480800 0.26663500
vt 0.34940000 0.26571500
vt 0.36408500 0.25737400
vt 0.36778300 0.07640000
vt 0.37765900 0.07341300
vt 0.37685000 0.28077200
vt 0.37955700 0.08292600
vt 0.38049900 0.27477800
vt 0.38434600 0.26720000
vt 0.38508000 0.27761500
vt 0.38583200 0.07469600
vt 0.38346400 0.25948200
vt 0.36023600 0.24493200
vt 0.38480600 0.24897300
vt 0.37549200 0.24543300
vt 0.37002600 0.23802800
vt 0.28854500 0.20103700
vt 0.30087100 0.18857900
vt 0.29814500 0.18132300
vt 0.29938200 0.19537000
vt 0.31533000 0.20798500
vt 0.31155300 0.19909800
vt 0.31066500 0.18113600
vt 0.31683200 0.18447200
vt 0.32714900 0.16364000
vt 0.33396600 0.15903100
vt 0.33335200 0.16745800
vt 0.32564000 0.17184000
vt 0.32293900 0.17718500
vt 0.32884700 0.17947900
vt 0.33242500 0.18841800
vt 0.33588500 0.17272000
vt 0.33571100 0.17739000
vt 0.33167300 0.19670300
vt 0.31731600 0.19064700
vt 0.34509900 0.19855500
vt 0.33955900 0.18356000
vt 0.33434100 0.23779800
vt 0.34168000 0.24314600
vt 0.33372500 0.22544200
vt 0.35456200 0.22156900
vt 0.35725800 0.21350900
vt 0.35774900 0.23188300
vt 0.36850700 0.22751000
vt 0.36801800 0.21856500
vt 0.35351700 0.20563700
vt 0.35483100 0.19841500
vt 0.19595500 0.16552500
vt 0.18694100 0.15158500
vt 0.19310300 0.15564500
vt 0.18848900 0.17727500
vt 0.20163400 0.17140000
vt 0.20671800 0.15701900
vt 0.20025100 0.15032400
vt 0.21488200 0.16481100
vt 0.21045800 0.15014400
vt 0.19578500 0.17676600
vt 0.19686900 0.18418400
vt 0.20451800 0.18889000
vt 0.20720400 0.17621700
vt 0.21974500 0.17301100
vt 0.21611200 0.18186200
vt 0.22230300 0.17612100
vt 0.22230300 0.17612100
vt 0.22284600 0.18246100
vt 0.21969900 0.15498600
vt 0.22918500 0.16439900
vt 0.22707900 0.18051500
vt 0.23901400 0.16839400
vt 0.20523500 0.19699000
vt 0.20968200 0.20137600
vt 0.21373600 0.21004000
vt 0.21265300 0.19125100
vt 0.22222500 0.18935300
vt 0.22831200 0.19878700
vt 0.22471700 0.20600100
vt 0.23036500 0.19164600
vt 0.23767900 0.17730700
vt 0.23596800 0.18258700
vt 0.23926900 0.19133600
vt 0.24758700 0.18065900
vt 0.24445700 0.18715000
vt 0.25658200 0.17484900
vt 0.26096000 0.17938000
vt 0.24732700 0.19739200
vt 0.25001000 0.18975400
vt 0.25815600 0.18382900
vt 0.25975000 0.19076600
vt 0.26407600 0.18741000
vt 0.27020300 0.18240200
vt 0.27383500 0.17903800
vt 0.36217800 0.12217900
vt 0.38502900 0.09872500
vt 0.37827400 0.10650200
vt 0.37644700 0.12329000
vt 0.39259900 0.10215700
vt 0.39128300 0.11578800
vt 0.39569400 0.12628300
vt 0.39708200 0.11903100
vt 0.40239600 0.11883500
vt 0.40886300 0.13918000
vt 0.39192700 0.13693600
vt 0.38926800 0.08340400
vt 0.39796300 0.27515100
vt 0.39762600 0.07881600
vt 0.39849100 0.08784300
vt 0.40334400 0.27430400
vt 0.40215300 0.08152300
vt 0.40797100 0.08793800
vt 0.40674100 0.09879600
vt 0.41438100 0.09856800
vt 0.39619000 0.27256400
vt 0.40134800 0.26869700
vt 0.40544400 0.08152500
vt 0.40608800 0.27238700
vt 0.41161100 0.26193000
vt 0.41222800 0.27022600
vt 0.41127200 0.08408200
vt 0.41596300 0.09042100
vt 0.41640500 0.09647400
vt 0.41953000 0.26566300
vt 0.41864500 0.08741300
vt 0.41642800 0.26403100
vt 0.41730100 0.25810500
vt 0.38922100 0.09204900
vt 0.39859800 0.10575400
vt 0.40103500 0.25439800
vt 0.38849000 0.23425500
vt 0.37826200 0.23022500
vt 0.40642200 0.26101900
vt 0.41386800 0.25385400
vt 0.41515500 0.10562600
vt 0.41708700 0.10454800
vt 0.41909100 0.09571800
vt 0.42491600 0.26187300
vt 0.42192800 0.09294400
vt 0.42540500 0.10179800
vt 0.42202300 0.10404300
vt 0.42267800 0.25447000
vt 0.43416400 0.10491000
vt 0.01947900 0.58707400
vt 0.43864100 0.10184600
vt 0.43231000 0.23610800
vt 0.43723000 0.23691300
vt 0.44280400 0.10434100
vt 0.44331800 0.10640200
vt 0.43670400 0.10913000
vt 0.44867700 0.11036700
vt 0.44733800 0.11402300
vt 0.45209200 0.11216900
vt 0.40364300 0.11160200
vt 0.39992200 0.11525400
vt 0.41027700 0.10807600
vt 0.41363700 0.11699300
vt 0.40951100 0.12763700
vt 0.41796300 0.11054100
vt 0.41240300 0.13332500
vt 0.42546900 0.10715000
vt 0.42631700 0.10585700
vt 0.42848900 0.09947900
vt 0.00767700 0.58764200
vt 0.42957000 0.25269500
vt 0.42830600 0.10813800
vt 0.42722900 0.11423300
vt 0.42821600 0.09750400
vt 0.42746000 0.25307000
vt 0.42903500 0.24741500
vt 0.00771000 0.58300700
vt 0.42615200 0.24577100
vt 0.42252000 0.24646500
vt 0.42284900 0.23898500
vt 0.43088600 0.10128200
vt 0.01129800 0.58858000
vt 0.01299100 0.58595600
vt 0.00980600 0.57947500
vt 0.43111000 0.24298500
vt 0.42780600 0.24073900
vt 0.00910100 0.57350200
vt 0.42954000 0.23575100
vt 0.42691500 0.23425200
vt 0.43712000 0.21897500
vt 0.02428900 0.56994100
vt 0.42640100 0.22957900
vt 0.41881500 0.22996200
vt 0.42789700 0.22654700
vt 0.01025100 0.56673000
vt 0.42994300 0.22703300
vt 0.42810700 0.21802000
vt 0.00972300 0.55988800
vt 0.42585600 0.22272800
vt 0.42610600 0.21193800
vt 0.42432700 0.21490900
vt 0.42172400 0.21463200
vt 0.41892000 0.21798700
vt 0.43724900 0.11157800
vt 0.42971000 0.11517300
vt 0.44947300 0.12397600
vt 0.43893800 0.23394600
vt 0.02610700 0.58491100
vt 0.44181600 0.13559600
vt 0.43251700 0.12657800
vt 0.42703500 0.13383700
vt 0.42615400 0.13731400
vt 0.42357400 0.12910000
vt 0.42948700 0.12366800
vt 0.42965300 0.13093300
vt 0.42924500 0.13840800
vt 0.42719900 0.14487800
vt 0.42010400 0.14564000
vt 0.42947600 0.14419900
vt 0.44471900 0.14560700
vt 0.01810400 0.56238600
vt 0.43093600 0.21142000
vt 0.00932400 0.55260400
vt 0.42677100 0.20777200
vt 0.42384800 0.19625500
vt 0.01101700 0.54722100
vt 0.42384800 0.19625500
vt 0.01101700 0.54722100
vt 0.01101700 0.54722100
vt 0.43668900 0.20352600
vt 0.35160800 0.14018900
vt 0.33491500 0.14425100
vt 0.33895300 0.16639700
vt 0.34527300 0.15859400
vt 0.34557800 0.17100700
vt 0.34784100 0.16488000
vt 0.35180100 0.16849900
vt 0.34605400 0.17595700
vt 0.34646100 0.18542700
vt 0.35074300 0.17610400
vt 0.35636200 0.17243200
vt 0.35401500 0.18047300
vt 0.35070500 0.19262800
vt 0.35265600 0.18624500
vt 0.35952000 0.18496400
vt 0.35567800 0.16626300
vt 0.36539400 0.17120000
vt 0.35838300 0.17547500
vt 0.36278500 0.17464700
vt 0.36412300 0.18147600
vt 0.37183500 0.17235400
vt 0.37552300 0.17003000
vt 0.37082400 0.18038400
vt 0.37600900 0.17723500
vt 0.37937500 0.13823800
vt 0.39119300 0.16717400
vt 0.38245000 0.16931900
vt 0.38499000 0.16189800
vt 0.39711800 0.16708300
vt 0.38015000 0.17462600
vt 0.39280900 0.17410300
vt 0.36875100 0.20839900
vt 0.37652100 0.22117900
vt 0.38576200 0.22319900
vt 0.38509000 0.21690300
vt 0.37915600 0.20628900
vt 0.39766400 0.21955000
vt 0.39320600 0.20857200
vt 0.37136300 0.20092700
vt 0.38281300 0.19626600
vt 0.39171200 0.19630800
vt 0.36341500 0.18623700
vt 0.36189800 0.19462000
vt 0.36161800 0.20049700
vt 0.36886800 0.19396600
vt 0.36965500 0.18790300
vt 0.37550100 0.18422300
vt 0.38438500 0.18904300
vt 0.40807100 0.15263500
vt 0.41250100 0.15352300
vt 0.40589200 0.16404000
vt 0.41587900 0.16348300
vt 0.41722900 0.15909500
vt 0.42148400 0.15723600
vt 0.42484600 0.15793600
vt 0.41844900 0.16464200
vt 0.42835200 0.16501700
vt 0.42128600 0.16786500
vt 0.42498400 0.15400200
vt 0.39606500 0.17248800
vt 0.40167900 0.16954600
vt 0.40208800 0.17515200
vt 0.41038300 0.16637800
vt 0.41307800 0.16654500
vt 0.40475400 0.16983700
vt 0.40528200 0.17359300
vt 0.40227400 0.17888100
vt 0.40498300 0.17908500
vt 0.40288800 0.18220500
vt 0.41585700 0.16763100
vt 0.41202700 0.17456700
vt 0.41598500 0.17287400
vt 0.41642800 0.17646800
vt 0.41332600 0.17770300
vt 0.41950100 0.17334300
vt 0.41596500 0.18263000
vt 0.42026700 0.17544000
vt 0.40891300 0.17997100
vt 0.41865500 0.20400500
vt 0.41784800 0.21229300
vt 0.39805900 0.18672400
vt 0.40093300 0.18869800
vt 0.40310500 0.19574000
vt 0.40400000 0.20120200
vt 0.40647100 0.20835100
vt 0.40690000 0.19333200
vt 0.00853500 0.54865200
vt 0.00853500 0.54865200
vt 0.42447800 0.20155400
vt 0.00916200 0.54845200
vt 0.00916200 0.54845200
vt 0.00947400 0.54952300
vt 0.42558300 0.20342400
vt 0.42558300 0.20342400
vt 0.01225000 0.61000500
vt 0.42025600 0.19679000
vt 0.01491000 0.61173700
vt 0.42076100 0.19755600
vt 0.42076100 0.19755600
vt 0.01538500 0.61269100
vt 0.01394800 0.60995800
vt 0.41976400 0.19514400
vt 0.01434200 0.61309400
vt 0.42202500 0.19749900
vt 0.42134200 0.19646400
vt 0.42134200 0.19646400
vt 0.42134200 0.19646400
vt 0.42088600 0.19513800
vt 0.42088600 0.19513800
vt 0.42088600 0.19513800
vt 0.42088600 0.19513800
vt 0.01333400 0.61280300
vt 0.42260800 0.19883500
vt 0.42221800 0.19628500
vt 0.42221800 0.19628500
vt 0.01348000 0.61374200
vt 0.42368000 0.19898800
vt 0.00938600 0.54725100
vt 0.42221800 0.19628500
vt 0.01183300 0.60782500
vt 0.42110700 0.19385700
vt 0.42110700 0.19385700
vt 0.41961600 0.18996600
vt 0.01034300 0.60393500
vt 0.42256300 0.18805400
vt 0.41891700 0.18653100
vt 0.00767700 0.61023800
vt 0.41695100 0.19627000
vt 0.43493800 0.18784600
vt 0.42883700 0.17609700
vt 0.42452500 0.20422400
vt 0.00837900 0.54834300
vt 0.00837900 0.54834300
vt 0.42409300 0.20157900
vt 0.42409300 0.20157900
vt 0.42409300 0.20157900
vt 0.41931100 0.19781900
vt 0.01003800 0.61178800
vt 0.41454200 0.20877100
vt 0.41444400 0.19411600
vt 0.41097700 0.19812500
vt 0.41534600 0.20339200
vt 0.41116100 0.20663500
vt 0.41066400 0.20330200
vt 0.41417300 0.18887600
vt 0.41210500 0.18543000
vt 0.41052700 0.18936500
vt 0.40841700 0.18742400
vt 0.40753000 0.19022800
vt 0.39815800 0.18292000
vt 0.40551700 0.18356400
vt 0.41926300 0.18176200
vt 0.41074300 0.19279600
vt 0.38484300 0.17598700
vt 0.38410400 0.18041600
vt 0.39359500 0.17842600
vt 0.38856200 0.18271600
vt 0.39408000 0.18484200
vt 0.39709000 0.17836900
vt 0.46316100 0.11475900
vt 0.45344900 0.13481000
vt 0.46743400 0.13816800
vt 0.45353600 0.14600800
vt 0.44665200 0.15489600
vt 0.45550500 0.16578700
vt 0.47321800 0.14516600
vt 0.49087300 0.16510300
vt 0.49907700 0.16815700
vt 0.48405000 0.16836000
vt 0.49624400 0.17056400
vt 0.43530800 0.16434000
vt 0.43358300 0.16778700
vt 0.42637900 0.17137200
vt 0.42716600 0.17322400
vt 0.44698500 0.18874800
vt 0.43585700 0.17464000
vt 0.43492400 0.17272900
vt 0.43970500 0.17246900
vt 0.44716600 0.16631800
vt 0.43909000 0.17528100
vt 0.44236900 0.17419500
vt 0.44105500 0.19563300
vt 0.45175600 0.17545800
vt 0.44557900 0.17663900
vt 0.44538200 0.17353100
vt 0.44667300 0.16954500
vt 0.45176800 0.16816500
vt 0.45893600 0.17046800
vt 0.45291500 0.17327600
vt 0.46685200 0.16937000
vt 0.46490600 0.16552600
vt 0.46142000 0.19040800
vt 0.46150900 0.16328000
vt 0.46857700 0.16707200
vt 0.46004000 0.17403500
vt 0.45928400 0.17526600
vt 0.46347200 0.17612700
vt 0.46424500 0.18189400
vt 0.47665300 0.16493200
vt 0.47659100 0.16997000
vt 0.46993500 0.17395000
vt 0.46806300 0.17588400
vt 0.47843900 0.17444500
vt 0.48636200 0.17357100
vt 0.48906600 0.17009800
vt 0.02894800 0.33935400
vt 0.01508000 0.13826400
vt 0.01573800 0.14956300
vt 0.01624100 0.33613100
vt 0.02532000 0.15153700
vt 0.05137100 0.12849700
vt 0.12201500 0.13294100
vt 0.13432900 0.13596700
vt 0.15168400 0.12410300
vt 0.14941200 0.14018800
vt 0.16810000 0.13040300
vt 0.16857100 0.14462700
vt 0.18084500 0.13442200
vt 0.17651000 0.14218700
vt 0.05486300 0.13340200
vt 0.06282200 0.13859700
vt 0.06472600 0.13429600
vt 0.05222800 0.57757700
vt 0.07632900 0.15332900
vt 0.07441300 0.14203600
vt 0.07210400 0.13961200
vt 0.08124200 0.14408500
vt 0.06131800 0.57669700
vt 0.06994300 0.13376800
vt 0.06183500 0.56964300
vt 0.07511900 0.14533400
vt 0.08983300 0.15024400
vt 0.10213100 0.14098100
vt 0.06181800 0.56508800
vt 0.06342200 0.56146200
vt 0.06172800 0.23030300
vt 0.11148800 0.14207800
vt 0.11824500 0.14221700
vt 0.19171200 0.12999600
vt 0.20188800 0.13106900
vt 0.19401200 0.13872900
vt 0.18583900 0.14835300
vt 0.20962200 0.13861000
vt 0.21885400 0.13144900
vt 0.21871800 0.14222900
vt 0.21574500 0.14653600
vt 0.22695400 0.13625400
vt 0.23200200 0.14401200
vt 0.25876600 0.13661100
vt 0.27363700 0.13182500
vt 0.27949100 0.14164900
vt 0.29085400 0.14266300
vt 0.29618500 0.14842900
vt 0.30928600 0.14055100
vt 0.41863400 0.11645100
vt 0.41737900 0.12069600
vt 0.41712700 0.12541300
vt 0.42362000 0.11843300
vt 0.42120400 0.12328700
vt 0.41049500 0.14379100
vt 0.41658300 0.13275500
vt 0.41587300 0.14178900
vt 0.42222800 0.12653300
vt 0.42134100 0.13854100
vt 0.42547300 0.12420400
vt 0.34347900 0.14707500
vt 0.34882400 0.14999600
vt 0.36072800 0.15444000
vt 0.36583100 0.14631600
vt 0.35362300 0.15579900
vt 0.36902800 0.15448600
vt 0.37956600 0.14748900
vt 0.36661700 0.16264900
vt 0.39188500 0.14966300
vt 0.40360200 0.15669900
vt 0.40101600 0.16167700
vt 0.42077000 0.15189200
vt 0.65973200 0.14484800
vt 0.66554800 0.14970400
vt 0.65941100 0.15398500
vt 0.67001400 0.15652300
vt 0.66071800 0.16189700
vt 0.67319100 0.15116700
vt 0.67049900 0.13899900
vt 0.67852500 0.15218200
vt 0.66994700 0.16390600
vt 0.67686300 0.16539500
vt 0.68396100 0.16314700
vt 0.67930400 0.16802900
vt 0.68270700 0.16776800
vt 0.68681700 0.15478000
vt 0.69323100 0.16495700
vt 0.69059200 0.16685800
vt 0.68537700 0.17085800
vt 0.63871500 0.16687200
vt 0.62896200 0.16730600
vt 0.64372000 0.16385100
vt 0.65177800 0.16838800
vt 0.64559200 0.17023800
vt 0.65207700 0.16597800
vt 0.64468400 0.17240100
vt 0.65190800 0.17182500
vt 0.63846000 0.17173000
vt 0.65781600 0.16677600
vt 0.65861800 0.16970900
vt 0.65750600 0.17239800
vt 0.65657900 0.17453500
vt 0.66410700 0.16596900
vt 0.66335000 0.17095300
vt 0.66800700 0.16788700
vt 0.66914600 0.17089000
vt 0.66184600 0.17295900
vt 0.66969100 0.17367800
vt 0.66210700 0.17822200
vt 0.67177400 0.16800100
vt 0.67465000 0.17167800
vt 0.67480000 0.17498600
vt 0.68009800 0.17344000
vt 0.68773300 0.17248800
vt 0.69418300 0.18480100
vt 0.68759000 0.17699800
vt 0.68985200 0.18810400
vt 0.69423800 0.20081500
vt 0.70414200 0.18392900
vt 0.70250800 0.20907900
vt 0.68399500 0.18867300
vt 0.68846000 0.20030000
vt 0.69284000 0.20508900
vt 0.68358000 0.20723800
vt 0.69190600 0.33034200
vt 0.68261300 0.20052800
vt 0.69058200 0.33709200
vt 0.69891400 0.20592700
vt 0.72228600 0.17898600
vt 0.69223900 0.21814500
vt 0.68478400 0.21057300
vt 0.69171800 0.32675200
vt 0.68695500 0.22111900
vt 0.69332600 0.31608000
vt 0.69706100 0.31813600
vt 0.70443300 0.23503300
vt 0.70139100 0.23740300
vt 0.69679100 0.22092100
vt 0.69368800 0.22997900
vt 0.68738700 0.22792200
vt 0.69483600 0.30942900
vt 0.69787300 0.23904600
vt 0.70324500 0.24617200
vt 0.68825400 0.23286800
vt 0.69650900 0.30470300
vt 0.69076100 0.23613000
vt 0.70006400 0.30459400
vt 0.70094700 0.29132700
vt 0.69076800 0.24614200
vt 0.70283100 0.27917300
vt 0.69824600 0.25296200
vt 0.70490700 0.27186800
vt 0.70347700 0.25596200
vt 0.70636500 0.28123200
vt 0.70357100 0.29637500
vt 0.70719200 0.28800400
vt 0.70999000 0.28184300
vt 0.71561900 0.25087700
vt 0.73480900 0.22274400
vt 0.70963000 0.24886600
vt 0.70806200 0.25463700
vt 0.71106700 0.26256700
vt 0.71496700 0.25808600
vt 0.72151000 0.26248600
vt 0.70951800 0.27455300
vt 0.71352800 0.27086000
vt 0.71085600 0.27883200
vt 0.71439200 0.27587100
vt 0.71618300 0.27397700
vt 0.71962500 0.26730500
vt 0.71945200 0.27110000
vt 0.72288800 0.27450000
vt 0.72561100 0.26882600
vt 0.72597900 0.27063300
vt 0.72577400 0.26033200
vt 0.72870900 0.26424000
vt 0.73248400 0.26880500
vt 0.73804900 0.25745400
vt 0.73695500 0.26196100
vt 0.73807600 0.26372600
vt 0.39859500 0.23999900
vt 0.41089800 0.24569500
vt 0.41902600 0.25167200
vt 0.41477500 0.24609500
vt 0.41753300 0.24956600
vt 0.41015100 0.23891300
vt 0.39749600 0.22861700
vt 0.41002000 0.22949900
vt 0.40695500 0.21916100
vt 0.44564700 0.23799500
vt 0.45009500 0.10731800
vt 0.44328000 0.23520800
vt 0.44927600 0.23668100
vt 0.41791200 0.24444300
vt 0.41620300 0.24172100
vt 0.41480600 0.23790400
vt 0.41659000 0.23815900
vt 0.41317200 0.23423900
vt 0.41438600 0.23109200
vt 0.41669400 0.23409000
vt 0.41530300 0.22377300
vt 0.41205100 0.22062900
vt 0.41786200 0.22361000
vt 0.41409100 0.21701200
vt 0.45067400 0.23334900
vt 0.45388900 0.22230000
vt 0.45607700 0.23535200
vt 0.45598300 0.11036800
vt 0.45237000 0.24018200
vt 0.45986700 0.24023200
vt 0.46296300 0.11227800
vt 0.45904400 0.23626300
vt 0.47128600 0.11535700
vt 0.46424900 0.23699100
vt 0.46920800 0.11267000
vt 0.46655400 0.24066700
vt 0.46750800 0.23797800
vt 0.46134400 0.23385900
vt 0.46134400 0.23385900
vt 0.46604100 0.23488400
vt 0.46616800 0.22980300
vt 0.47766800 0.11508400
vt 0.47574100 0.24294600
vt 0.46962300 0.12653900
vt 0.47504400 0.24032000
vt 0.48428600 0.11508500
vt 0.48263400 0.24181300
vt 0.48565300 0.11770000
vt 0.47110800 0.23685200
vt 0.47132600 0.23383100
vt 0.47883400 0.23903300
vt 0.47598600 0.23454100
vt 0.47243100 0.22765700
vt 0.48591300 0.23696200
vt 0.48125200 0.23428400
vt 0.48928300 0.23376000
vt 0.47717600 0.21563700
vt 0.49291500 0.21937200
vt 0.44185700 0.21353500
vt 0.46677600 0.21737700
vt 0.45505600 0.21367900
vt 0.45234100 0.20127200
vt 0.46141200 0.20481400
vt 0.47823000 0.13787400
vt 0.47041800 0.21232000
vt 0.48064000 0.20356000
vt 0.47042600 0.19791600
vt 0.50819600 0.23794700
vt 0.50634700 0.24058800
vt 0.49831900 0.23616300
vt 0.49391400 0.24098600
vt 0.49184100 0.11676200
vt 0.49048100 0.24342700
vt 0.49034600 0.23563800
vt 0.49055500 0.13244700
vt 0.50110000 0.11780600
vt 0.50006100 0.24389300
vt 0.50923000 0.13342700
vt 0.51666300 0.11803500
vt 0.51611800 0.24365900
vt 0.50788900 0.24348600
vt 0.50868900 0.11776900
vt 0.52573100 0.24060000
vt 0.50478500 0.23484700
vt 0.50087400 0.23255400
vt 0.50923300 0.22182800
vt 0.50967800 0.23586300
vt 0.51178300 0.23347300
vt 0.51198800 0.23503600
vt 0.52181500 0.23564600
vt 0.52181500 0.23564600
vt 0.52028600 0.23435800
vt 0.51768500 0.22965400
vt 0.50475200 0.21171300
vt 0.51764000 0.21470400
vt 0.48948900 0.20810600
vt 0.49846900 0.14135600
vt 0.50035800 0.19992100
vt 0.47341300 0.18569600
vt 0.49462900 0.14855000
vt 0.48100800 0.17578000
vt 0.48991700 0.19027200
vt 0.52287500 0.14357500
vt 0.51371400 0.15487700
vt 0.48759600 0.17614400
vt 0.49903700 0.16383400
vt 0.49313300 0.17633400
vt 0.50452100 0.17538000
vt 0.50383400 0.19761700
vt 0.50679900 0.18127100
vt 0.49387900 0.20910300
vt 0.49942500 0.20877600
vt 0.51491000 0.20280600
vt 0.47249200 0.17646800
vt 0.47559600 0.17771300
vt 0.49187200 0.17411300
vt 0.49874500 0.17491100
vt 0.50498900 0.17013000
vt 0.55521400 0.23364100
vt 0.56056200 0.23382600
vt 0.55734300 0.23580700
vt 0.56423200 0.23232500
vt 0.56337000 0.22782300
vt 0.56635400 0.23603500
vt 0.56735900 0.23368200
vt 0.56922200 0.23191000
vt 0.57351100 0.23311500
vt 0.57339300 0.23141600
vt 0.57844500 0.23042400
vt 0.57348600 0.22881600
vt 0.57098800 0.22047900
vt 0.57923500 0.23307100
vt 0.58966400 0.23390600
vt 0.57848500 0.23544300
vt 0.58671600 0.23235200
vt 0.58359200 0.23092400
vt 0.58819900 0.22557200
vt 0.58049300 0.21994900
vt 0.59250700 0.23170400
vt 0.59717400 0.23234300
vt 0.59537200 0.21801500
vt 0.68829300 0.05343400
vt 0.69556600 0.05025500
vt 0.68707100 0.05799500
vt 0.70102800 0.03377200
vt 0.70022800 0.03904400
vt 0.69522200 0.03491700
vt 0.70551600 0.02762000
vt 0.70025400 0.02871300
vt 0.69964800 0.02718900
vt 0.69245200 0.04223600
vt 0.69123300 0.04698700
vt 0.68770000 0.04616600
vt 0.69124500 0.03095900
vt 0.69174200 0.03734400
vt 0.68213100 0.05706300
vt 0.69517700 0.47360800
vt 0.60250500 0.13368500
vt 0.60500300 0.11960100
vt 0.60968000 0.12978800
vt 0.62214900 0.23492700
vt 0.61826500 0.23715900
vt 0.61586000 0.11648500
vt 0.61798700 0.23329800
vt 0.61980400 0.11905500
vt 0.60600400 0.11651700
vt 0.60822000 0.23782400
vt 0.62496400 0.23840600
vt 0.62237100 0.11742800
vt 0.62732500 0.23379300
vt 0.63576500 0.23387800
vt 0.63565000 0.23644700
vt 0.63274900 0.11609300
vt 0.63132400 0.23120500
vt 0.62772800 0.12074200
vt 0.61530600 0.13847400
vt 0.60368500 0.23489100
vt 0.60185800 0.23306800
vt 0.60689000 0.23182900
vt 0.61180000 0.23350000
vt 0.61053600 0.22837600
vt 0.61390900 0.23221000
vt 0.60307200 0.23036800
vt 0.60100900 0.22664100
vt 0.60733900 0.21596100
vt 0.59698000 0.21273000
vt 0.62292200 0.23162200
vt 0.61615600 0.22550600
vt 0.62217300 0.22998600
vt 0.63386000 0.22198700
vt 0.62354100 0.21513100
vt 0.62175300 0.20582000
vt 0.65152800 0.11477400
vt 0.65040900 0.11662600
vt 0.64781700 0.23352900
vt 0.64475300 0.11473600
vt 0.65527200 0.23150800
vt 0.65254400 0.11241300
vt 0.64924500 0.23062600
vt 0.66189600 0.11478900
vt 0.66247900 0.11705000
vt 0.65575400 0.11608800
vt 0.67206600 0.12022900
vt 0.66063000 0.12011100
vt 0.66871700 0.12674700
vt 0.66546600 0.11066300
vt 0.66669300 0.22779600
vt 0.65786700 0.11184400
vt 0.66031200 0.23055600
vt 0.67155000 0.11624000
vt 0.67152000 0.11284600
vt 0.65300900 0.22779000
vt 0.66181400 0.22696100
vt 0.63955800 0.23088500
vt 0.63905300 0.22625000
vt 0.63579800 0.22801300
vt 0.64448900 0.12117600
vt 0.62667800 0.12865700
vt 0.64332900 0.23184100
vt 0.64833000 0.22722000
vt 0.62595600 0.13719400
vt 0.62792000 0.13151100
vt 0.62480600 0.14617000
vt 0.62070500 0.14527200
vt 0.63718300 0.13981700
vt 0.64366800 0.14645300
vt 0.65909400 0.12766600
vt 0.65086600 0.12460500
vt 0.65162100 0.13200100
vt 0.66046900 0.13472600
vt 0.65253400 0.13749300
vt 0.65766600 0.21913800
vt 0.64122800 0.21025400
vt 0.66419200 0.21670200
vt 0.66192100 0.20542800
vt 0.64853400 0.14291900
vt 0.63794900 0.15443700
vt 0.64967300 0.20205500
vt 0.63288900 0.20194100
vt 0.64182100 0.18968300
vt 0.65846000 0.19487000
vt 0.65532800 0.18559400
vt 0.62923300 0.19481500
vt 0.71619100 0.02256400
vt 0.70963800 0.01911900
vt 0.71044800 0.51581900
vt 0.72003400 0.01824200
vt 0.72447400 0.02046100
vt 0.71936700 0.01393900
vt 0.71869800 0.51820400
vt 0.72828300 0.01751000
vt 0.72883000 0.01259000
vt 0.73183200 0.01340800
vt 0.72074100 0.51725100
vt 0.72104200 0.01205100
vt 0.73308100 0.00867500
vt 0.73180100 0.51794800
vt 0.73813500 0.50398300
vt 0.73689500 0.01767700
vt 0.73873700 0.02132000
vt 0.71764600 0.02945000
vt 0.73910700 0.01482500
vt 0.73765900 0.01140400
vt 0.73761600 0.05688800
vt 0.76129800 0.01937900
vt 0.74895900 0.01535300
vt 0.74481600 0.51935900
vt 0.74697700 0.00858400
vt 0.75442700 0.01386900
vt 0.74837900 0.01211800
vt 0.75497800 0.00976500
vt 0.76072200 0.01503200
vt 0.78895800 0.04608500
vt 0.76088800 0.01109900
vt 0.76775800 0.01236800
vt 0.76538400 0.52049100
vt 0.76767600 0.00767900
vt 0.77235300 0.52315300
vt 0.77489300 0.00946000
vt 0.77349400 0.50639800
vt 0.77206300 0.01490100
vt 0.77727300 0.01115200
vt 0.77407700 0.51818300
vt 0.79950600 0.01080900
vt 0.79670300 0.52677500
vt 0.79950600 0.01080900
vt 0.79670300 0.52677500
vt 0.79505400 0.01299100
vt 0.78694300 0.01197900
vt 0.79403300 0.00992600
vt 0.79132000 0.52529500
vt 0.78173400 0.01398300
vt 0.78267700 0.52488700
vt 0.78537200 0.01005400
vt 0.78344400 0.52087600
vt 0.79265400 0.01631300
vt 0.78812800 0.52286200
vt 0.79220800 0.52067900
vt 0.80047700 0.51195200
vt 0.80351300 0.01334400
vt 0.79857300 0.52386000
vt 0.80609900 0.01176700
vt 0.80320700 0.52855500
vt 0.80407800 0.52735100
vt 0.80407800 0.52735100
vt 0.80313300 0.52254800
vt 0.81549900 0.01683800
vt 0.81000700 0.52785100
vt 0.81000700 0.52785100
vt 0.80996500 0.52895600
vt 0.81274800 0.01165200
vt 0.80900200 0.52503600
vt 0.81441300 0.52738500
vt 0.81441300 0.52738500
vt 0.82134300 0.01224700
vt 0.81873200 0.52865000
vt 0.81608900 0.52268300
vt 0.81912600 0.52671900
vt 0.83125100 0.50958400
vt 0.83658100 0.01661600
vt 0.82530300 0.52729000
vt 0.82339900 0.52572700
vt 0.84424900 0.51284200
vt 0.82986700 0.52542000
vt 0.83112000 0.01209900
vt 0.82838800 0.52831100
vt 0.83483400 0.52871900
vt 0.83753800 0.01133300
vt 0.84351400 0.03477500
vt 0.82940600 0.52720900
vt 0.82940600 0.52720900
vt 0.83349600 0.52733500
vt 0.83349600 0.52733500
vt 0.83461400 0.52609600
vt 0.83805600 0.52541900
vt 0.83978600 0.52787200
vt 0.84528400 0.01195600
vt 0.84262000 0.52908400
vt 0.84514400 0.52747000
vt 0.84204000 0.52655600
vt 0.84629300 0.52933700
vt 0.84923300 0.01222800
vt 0.84585900 0.52570500
vt 0.84843200 0.52795100
vt 0.84843200 0.52795100
vt 0.85212100 0.52691000
vt 0.85512100 0.01126000
vt 0.85228300 0.52883300
vt 0.86157400 0.01653400
vt 0.85512200 0.52850800
vt 0.85773200 0.01004700
vt 0.86060900 0.01114800
vt 0.86316300 0.52692600
vt 0.85790000 0.52848000
vt 0.86055800 0.00981200
vt 0.86500800 0.01060500
vt 0.86500800 0.01060500
vt 0.88483800 0.04202800
vt 0.70003800 0.04884000
vt 0.69703200 0.06227500
vt 0.70638100 0.05412200
vt 0.70161900 0.05235900
vt 0.70625800 0.04331100
vt 0.69759400 0.07821100
vt 0.69606000 0.07118400
vt 0.70043500 0.07135900
vt 0.69398600 0.06429800
vt 0.68985900 0.07030500
vt 0.68597300 0.06526300
vt 0.68577300 0.07576900
vt 0.69069200 0.08497500
vt 0.68679000 0.08323900
vt 0.68288800 0.08966000
vt 0.68670200 0.09624100
vt 0.68322400 0.08316000
vt 0.69354000 0.09115900
vt 0.70173500 0.08718700
vt 0.68999600 0.09829800
vt 0.69713800 0.09529800
vt 0.68357400 0.07231700
vt 0.68022300 0.07118500
vt 0.68199100 0.07904100
vt 0.69381700 0.45372600
vt 0.67829600 0.07806100
vt 0.69116900 0.44415100
vt 0.67867300 0.08818800
vt 0.72195600 0.10248100
vt 0.71209700 0.02804800
vt 0.70738000 0.03567600
vt 0.70621600 0.03093700
vt 0.70466000 0.03619800
vt 0.71005500 0.02516500
vt 0.71025700 0.51382000
vt 0.70691300 0.01904800
vt 0.68699300 0.02617800
vt 0.70910600 0.49734300
vt 0.71052700 0.50821900
vt 0.69952900 0.01954300
vt 0.72367100 0.48026600
vt 0.76207900 0.42760000
vt 0.77969900 0.46521300
vt 0.68787600 0.10708700
vt 0.69112100 0.11281900
vt 0.68669800 0.11126100
vt 0.67820100 0.11505200
vt 0.67528100 0.11797300
vt 0.67866500 0.13370200
vt 0.68183400 0.11635900
vt 0.68743700 0.12766300
vt 0.67811700 0.11051600
vt 0.67883500 0.22745600
vt 0.67203900 0.11032800
vt 0.67293100 0.22670700
vt 0.67150200 0.21838800
vt 0.67767400 0.22414000
vt 0.68449800 0.11435800
vt 0.68016300 0.11102600
vt 0.68283300 0.42172600
vt 0.68279700 0.11022900
vt 0.68709200 0.11574200
vt 0.68139600 0.10903200
vt 0.68308700 0.41949500
vt 0.68296300 0.22701000
vt 0.68596500 0.42048200
vt 0.68285500 0.22406800
vt 0.68411100 0.41679400
vt 0.68518600 0.42687200
vt 0.68188000 0.10568400
vt 0.67812700 0.21335200
vt 0.68161000 0.21584800
vt 0.68481000 0.40834200
vt 0.69357300 0.10014400
vt 0.69633400 0.11486100
vt 0.69133900 0.11750400
vt 0.69247800 0.13311100
vt 0.69694000 0.15653900
vt 0.68753000 0.43266600
vt 0.68040100 0.09994700
vt 0.69058000 0.42571200
vt 0.68663100 0.42455800
vt 0.68945400 0.40852100
vt 0.69521400 0.40830900
vt 0.66873200 0.21022200
vt 0.67524900 0.21008700
vt 0.66608400 0.19681300
vt 0.68149200 0.20879700
vt 0.68609900 0.40103400
vt 0.67312100 0.20098400
vt 0.67810500 0.20373400
vt 0.66420300 0.18219300
vt 0.67433200 0.19332100
vt 0.67063700 0.18104700
vt 0.68573200 0.38681000
vt 0.68019300 0.19541900
vt 0.69114500 0.38958000
vt 0.67877100 0.18130200
vt 0.68335000 0.37222600
vt 0.68672200 0.37275200
vt 0.69083700 0.37265200
vt 0.69527900 0.37052100
vt 0.71773200 0.13017900
vt 0.73076200 0.12903700
vt 0.73445000 0.14306300
vt 0.72125100 0.15722100
vt 0.73397900 0.38163700
vt 0.74121500 0.12607000
vt 0.73950500 0.16083000
vt 0.78979900 0.13248200
vt 0.78267600 0.37236500
vt 0.84521100 0.09121300
vt 0.85298900 0.41436100
vt 0.89665200 0.45500600
vt 0.86515400 0.52837200
vt 0.86776900 0.00919500
vt 0.86804100 0.01101700
vt 0.87137800 0.01054700
vt 0.87341500 0.52740000
vt 0.87446800 0.00942800
vt 0.87197700 0.52925000
vt 0.87197700 0.52925000
vt 0.87648600 0.53170800
vt 0.87929200 0.00963000
vt 0.87506300 0.01201800
vt 0.88394600 0.01455700
vt 0.87562000 0.51138100
vt 0.87877000 0.53004100
vt 0.87937200 0.52875800
vt 0.89778900 0.51496800
vt 0.94403100 0.10586800
vt 0.89705500 0.16116900
vt 0.83857300 0.19246400
vt 0.86820800 0.33868500
vt 0.85304200 0.16443100
vt 0.95756300 0.35541300
vt 0.88679000 0.53039000
vt 0.88214900 0.53095900
vt 0.88465600 0.00994200
vt 0.88264100 0.52909700
vt 0.88690500 0.53186700
vt 0.88940100 0.00872400
vt 0.88739200 0.01047500
vt 0.89061000 0.01069300
vt 0.88326200 0.52758200
vt 0.88974200 0.53169100
vt 0.89205800 0.00871000
vt 0.89723800 0.01039200
vt 0.89014800 0.52938800
vt 0.89172300 0.52793200
vt 0.89313000 0.53063600
vt 0.89555100 0.00822300
vt 0.89686900 0.53024500
vt 0.90066500 0.00767700
vt 0.89849000 0.53184700
vt 0.90535900 0.52599800
vt 0.90209300 0.52914200
vt 0.90583000 0.01271100
vt 0.90366200 0.52981600
vt 0.90565800 0.00934300
vt 0.90879000 0.01166900
vt 0.90770900 0.53107700
vt 0.90880800 0.52830400
vt 0.91365100 0.52829800
vt 0.91473200 0.53084900
vt 0.91444400 0.01396100
vt 0.91376700 0.52699900
vt 0.91630900 0.52647400
vt 0.92019200 0.52803200
vt 0.91763700 0.52328900
vt 0.91903300 0.52465500
vt 0.89851100 0.01494800
vt 0.91349200 0.02662500
vt 0.90686300 0.01666800
vt 0.91113700 0.01564300
vt 0.91025900 0.02045700
vt 0.92659900 0.52925100
vt 0.92194700 0.02141900
vt 0.91413600 0.50203400
vt 0.92258200 0.52511600
vt 0.92366700 0.52316800
vt 0.92152100 0.52060100
vt 0.93110200 0.51274500
vt 0.92617100 0.52328200
vt 0.93021000 0.52222600
vt 0.93620100 0.52233200
vt 0.93252500 0.03362800
vt 0.94457500 0.52621900
vt 0.93043300 0.05391600
vt 0.92467400 0.52145500
vt 0.92467400 0.52145500
vt 0.92674100 0.52107800
vt 0.92664200 0.51934400
vt 0.92907300 0.52086700
vt 0.93077300 0.51843300
vt 0.93211200 0.51930900
vt 0.93394700 0.51787500
vt 0.93398400 0.51618600
vt 0.93398400 0.51618600
vt 0.93767200 0.51626600
vt 0.93662300 0.51339300
vt 0.94207100 0.49565100
vt 0.93896800 0.47968700
vt 0.94143200 0.51527000
vt 0.94278200 0.51261900
vt 0.94465400 0.51603500
vt 0.94078200 0.51294900
vt 0.94456900 0.50899600
vt 0.94624900 0.51074600
vt 0.94922400 0.51034000
vt 0.95718700 0.51393300
vt 0.94611100 0.04052600
vt 0.95125200 0.50206800
vt 0.95075400 0.50640200
vt 0.95328500 0.50265200
vt 0.95895700 0.50685300
vt 0.95496300 0.04831600
vt 0.96617700 0.50355900
vt 0.95515500 0.49642900
vt 0.95732600 0.50074200
vt 0.95690400 0.49900600
vt 0.95690400 0.49900600
vt 0.95661700 0.49778700
vt 0.96068100 0.49544800
vt 0.96068100 0.49544800
vt 0.96272600 0.49592800
vt 0.96104200 0.49259400
vt 0.96270300 0.05261600
vt 0.97029000 0.49429900
vt 0.95677100 0.47207100
vt 0.96747700 0.49205800
vt 0.96365400 0.49166500
vt 0.96365400 0.49166500
vt 0.96692900 0.48810100
vt 0.96692900 0.48810100
vt 0.96163500 0.06524700
vt 0.96970300 0.48930600
vt 0.96578700 0.48595200
vt 0.96952300 0.47701300
vt 0.97104100 0.48545000
vt 0.96971800 0.48430900
vt 0.97599900 0.48622800
vt 0.96707400 0.05988100
vt 0.97236800 0.48120200
vt 0.97868700 0.47272700
vt 0.97633000 0.06863100
vt 0.97034300 0.48139100
vt 0.97330000 0.47699600
vt 0.97524100 0.47563400
vt 0.95653300 0.41667900
vt 0.95201400 0.45014100
vt 0.95869500 0.12785800
vt 0.95830100 0.11204900
vt 0.97241800 0.12451700
vt 0.97420800 0.10756700
vt 0.96236200 0.14220000
vt 0.96173900 0.08477100
vt 0.96607200 0.45302900
vt 0.97428300 0.47211400
vt 0.97806200 0.46447400
vt 0.98098200 0.08028300
vt 0.98275900 0.45935200
vt 0.97941500 0.07353600
vt 0.97624500 0.46094200
vt 0.97689500 0.47109200
vt 0.97952400 0.46595100
vt 0.97952400 0.46595100
vt 0.98073500 0.07325100
vt 0.97909500 0.45752300
vt 0.98139000 0.44003000
vt 0.98269400 0.09797000
vt 0.99083400 0.44254900
vt 0.98296700 0.45421300
vt 0.98492500 0.44938800
vt 0.98383200 0.44988200
vt 0.98202100 0.44952600
vt 0.98487500 0.44638900
vt 0.98487500 0.44638900
vt 0.98720100 0.44287400
vt 0.98633900 0.44592200
vt 0.98581600 0.44119400
vt 0.98427000 0.44307200
vt 0.98680700 0.43923100
vt 0.98777200 0.43835600
vt 0.98460200 0.43876300
vt 0.98110900 0.45863900
vt 0.98187900 0.45427400
vt 0.98577000 0.43220400
vt 0.98692400 0.43535800
vt 0.98792300 0.43319500
vt 0.98762600 0.43028100
vt 0.98762600 0.43028100
vt 0.98896600 0.42930200
vt 0.98555400 0.42580900
vt 0.99021700 0.42371900
vt 0.98719500 0.11503200
vt 0.98590800 0.42043300
vt 0.98952800 0.41422100
vt 0.98769900 0.12446700
vt 0.98952800 0.41422100
vt 0.98268900 0.41108200
vt 0.98886800 0.42571400
vt 0.98886800 0.42571400
vt 0.98839800 0.42211600
vt 0.98839800 0.42211600
vt 0.98942900 0.41955900
vt 0.98942900 0.41955900
vt 0.98804000 0.41818100
vt 0.98718000 0.42638200
vt 0.98994100 0.40177400
vt 0.98857100 0.13684700
vt 0.99081700 0.40764500
vt 0.98676800 0.13109000
vt 0.98674600 0.41600300
vt 0.98770500 0.41030500
vt 0.98717200 0.40368300
vt 0.98858800 0.40300000
vt 0.98858800 0.40300000
vt 0.95317400 0.17702800
vt 0.94800900 0.20567200
vt 0.97138500 0.39754000
vt 0.97892800 0.38584000
vt 0.95988600 0.16685300
vt 0.97631500 0.16746800
vt 0.99118900 0.38923300
vt 0.98804800 0.14928800
vt 0.98528700 0.37297400
vt 0.98556500 0.35884900
vt 0.96074700 0.18171400
vt 0.96319400 0.19751300
vt 0.96717900 0.18146600
vt 0.95854500 0.21912500
vt 0.97680400 0.20361700
vt 0.98495300 0.34209300
vt 0.98754400 0.39399600
vt 0.98732800 0.39989800
vt 0.98884100 0.39429300
vt 0.98884100 0.39429300
vt 0.98750100 0.38528100
vt 0.98930500 0.38766800
vt 0.98930500 0.38766800
vt 0.98906700 0.38171600
vt 0.98902500 0.15978200
vt 0.99036600 0.37860600
vt 0.98828200 0.37806100
vt 0.98859300 0.16625900
vt 0.99113000 0.37222000
vt 0.98828600 0.37021700
vt 0.99107000 0.36283000
vt 0.98964800 0.17567100
vt 0.99092000 0.35691800
vt 0.99036600 0.18141800
vt 0.99028400 0.35902900
vt 0.98972600 0.18820200
vt 0.99160100 0.35020300
vt 0.98860000 0.35281700
vt 0.98991600 0.34964200
vt 0.98991600 0.34964200
vt 0.98776500 0.34374400
vt 0.99024800 0.34345300
vt 0.99024800 0.34345300
vt 0.99109800 0.34111800
vt 0.99109800 0.34111800
vt 0.99111100 0.32273500
vt 0.99000500 0.21602900
vt 0.98584700 0.21642500
vt 0.98915000 0.20870400
vt 0.99232300 0.32973700
vt 0.99040900 0.20119700
vt 0.99177700 0.33708600
vt 0.99043000 0.33584600
vt 0.99043000 0.33584600
vt 0.99037400 0.33091700
vt 0.99037400 0.33091700
vt 0.98902400 0.33371500
vt 0.98902400 0.33371500
vt 0.98627000 0.31745300
vt 0.99015100 0.32595400
vt 0.99015100 0.32595400
vt 0.98950200 0.37610500
vt 0.99016700 0.37345300
vt 0.99016700 0.37345300
vt 0.98973600 0.36707200
vt 0.98897500 0.36072200
vt 0.56973000 0.11818500
vt 0.57084300 0.24135000
vt 0.57722700 0.12054900
vt 0.57019800 0.12437600
vt 0.56469800 0.11944600
vt 0.56564100 0.24270800
vt 0.58795600 0.11706300
vt 0.58963900 0.23967800
vt 0.58603600 0.12001600
vt 0.58429500 0.13549800
vt 0.56639200 0.23897300
vt 0.55628300 0.24112500
vt 0.55129400 0.23863400
vt 0.58386200 0.23732700
vt 0.61708600 0.12422800
vt 0.64367400 0.11722000
vt 0.52912100 0.24407600
vt 0.52917600 0.11907500
vt 0.53648100 0.24233600
vt 0.54813700 0.12065000
vt 0.54871600 0.24476000
vt 0.52854200 0.13087800
vt 0.53883600 0.13807800
vt 0.54959700 0.13109400
vt 0.53204000 0.14811900
vt 0.54766300 0.14874800
vt 0.55753900 0.14083300
vt 0.53300300 0.23849500
vt 0.53315100 0.23404800
vt 0.52752000 0.23361500
vt 0.53922700 0.23544300
vt 0.53877200 0.23271600
vt 0.53018100 0.22609900
vt 0.53136100 0.21792800
vt 0.54048300 0.22182100
vt 0.52438700 0.21047000
vt 0.53563200 0.20788300
vt 0.52726600 0.20258600
vt 0.54814100 0.23534900
vt 0.54312200 0.23237500
vt 0.54742900 0.23184600
vt 0.55206400 0.23210700
vt 0.54503000 0.22595800
vt 0.54983600 0.22773900
vt 0.55335400 0.22686100
vt 0.55817500 0.22768400
vt 0.55183600 0.22084900
vt 0.53994300 0.21406300
vt 0.54502800 0.21468400
vt 0.54272900 0.20793200
vt 0.54990100 0.21380000
vt 0.53688600 0.20297300
vt 0.54566400 0.20102200
vt 0.54786500 0.20744400
vt 0.55381700 0.21666800
vt 0.50558000 0.17239500
vt 0.50627000 0.17669000
vt 0.51349100 0.17065600
vt 0.51147600 0.17476700
vt 0.51006700 0.17655700
vt 0.51356300 0.16797300
vt 0.52354600 0.16847400
vt 0.51681200 0.17345400
vt 0.51590100 0.17730000
vt 0.53803500 0.16956000
vt 0.51166900 0.18922200
vt 0.51997200 0.18394500
vt 0.52779500 0.19526100
vt 0.52212100 0.17627600
vt 0.52459800 0.16538000
vt 0.54206000 0.18079200
vt 0.54561500 0.18584900
vt 0.53554300 0.18175400
vt 0.52809800 0.17505100
vt 0.53000500 0.17746800
vt 0.52636100 0.17647700
vt 0.52252000 0.18027200
vt 0.53543400 0.17708600
vt 0.54585300 0.17515900
vt 0.54128800 0.17667900
vt 0.54716800 0.19081400
vt 0.54329500 0.19641800
vt 0.57234700 0.14110300
vt 0.56385800 0.14976200
vt 0.58332700 0.14521400
vt 0.58317100 0.15490300
vt 0.56122800 0.21615200
vt 0.56506900 0.21903800
vt 0.56438800 0.13458300
vt 0.55770300 0.21465600
vt 0.56407700 0.20824200
vt 0.55423200 0.20824700
vt 0.55569400 0.20519800
vt 0.55932800 0.20727400
vt 0.55775300 0.20327600
vt 0.55492200 0.19883100
vt 0.56840600 0.20039600
vt 0.55643500 0.19533200
vt 0.56440300 0.19236300
vt 0.56357500 0.20070400
vt 0.55352800 0.21235600
vt 0.57273400 0.20783300
vt 0.58515500 0.20979400
vt 0.57303400 0.19177300
vt 0.58018200 0.19995600
vt 0.57686100 0.18624800
vt 0.54805500 0.16678900
vt 0.55917400 0.16906900
vt 0.55713300 0.17248400
vt 0.54782800 0.18028600
vt 0.55130700 0.18176300
vt 0.55749700 0.16334800
vt 0.55090800 0.17393000
vt 0.55704200 0.17503800
vt 0.55470600 0.17729100
vt 0.55144300 0.17571300
vt 0.54720500 0.17683000
vt 0.55513100 0.18444900
vt 0.56159600 0.17439000
vt 0.56150300 0.18127100
vt 0.56307600 0.17581300
vt 0.57024400 0.17843100
vt 0.56885000 0.17492200
vt 0.57479300 0.17595200
vt 0.58016400 0.17449200
vt 0.60637100 0.14076300
vt 0.59716100 0.14947700
vt 0.59179900 0.17970400
vt 0.59905100 0.17838100
vt 0.59712900 0.19652000
vt 0.58948600 0.16789600
vt 0.60751200 0.17236400
vt 0.59349900 0.17272400
vt 0.60694500 0.16774400
vt 0.60362600 0.17422600
vt 0.61231500 0.17160800
vt 0.60843200 0.17509800
vt 0.59306500 0.17555300
vt 0.59680500 0.17506500
vt 0.60090400 0.18832900
vt 0.61261800 0.17710900
vt 0.62188900 0.18360400
vt 0.61410300 0.19538700
vt 0.58978700 0.20695200
vt 0.58470900 0.20237400
vt 0.58750700 0.19883800
vt 0.59600000 0.20234800
vt 0.60412600 0.20560900
vt 0.58868500 0.19470400
vt 0.58402600 0.19277900
vt 0.58499400 0.18505600
vt 0.59207600 0.19357800
vt 0.58286400 0.17205500
vt 0.57867900 0.17775500
vt 0.58592300 0.17718200
vt 0.59005700 0.17500200
vt 0.62800200 0.16317000
vt 0.63081200 0.18334500
vt 0.61872500 0.16789700
vt 0.61941000 0.17220600
vt 0.61396000 0.17416500
vt 0.61688000 0.17654600
vt 0.62668000 0.17383700
vt 0.62297700 0.16413100
vt 0.63019800 0.17176300
vt 0.62551300 0.17667600
vt 0.62984900 0.17638300
vt 0.64085200 0.17856400
vt 0.64705500 0.17965500
vt 0.64041500 0.17435500
vt 0.64790200 0.17522400
vt 0.65192400 0.17680300
vt 0.63435300 0.17586900
vt 0.66739800 0.17768600
vt 0.67916000 0.17494500
vt 0.68175600 0.36623100
vt 0.68528900 0.36559400
vt 0.68205900 0.17454100
vt 0.68378200 0.36365000
vt 0.68490800 0.17428000
vt 0.68050500 0.17724600
vt 0.68678100 0.36171800
vt 0.69231300 0.35779900
vt 0.69120300 0.35490400
vt 0.68121400 0.18274300
vt 0.68730600 0.35543000
vt 0.69081600 0.34906100
vt 0.67977100 0.18927100
vt 0.69348200 0.34704900
vt 0.69347500 0.33639000
vt 0.69696800 0.34231300
vt 0.69676200 0.32828300
vt 0.70837400 0.32573100
vt 0.72939700 0.33091300
vt 0.70138700 0.31230900
vt 0.72955400 0.28964100
vt 0.71184000 0.29116200
vt 0.77146500 0.32523700
vt 0.76529200 0.28933600
vt 0.75783300 0.25710900
vt 0.77553800 0.22791300
vt 0.82760500 0.28759900
vt 0.77519800 0.28647400
vt 0.80238900 0.28523700
vt 0.71437600 0.28356200
vt 0.73932900 0.28380900
vt 0.73511900 0.27205300
vt 0.73904900 0.26694900
vt 0.74735500 0.27237600
vt 0.74058800 0.27033900
vt 0.74973100 0.25979500
vt 0.75247400 0.26895400
vt 0.75164000 0.26493700
vt 0.75978300 0.26192300
vt 0.75450000 0.27319400
vt 0.76270300 0.26425500
vt 0.76199900 0.27143600
vt 0.76512000 0.27353900
vt 0.76488100 0.26843500
vt 0.77443900 0.26694600
vt 0.78053400 0.26291800
vt 0.76760500 0.27007200
vt 0.76976100 0.27177600
vt 0.77502900 0.27255600
vt 0.77698800 0.27012700
vt 0.78517400 0.27146900
vt 0.82323100 0.23912700
vt 0.79787600 0.25993700
vt 0.82161400 0.25920100
vt 0.83788900 0.26268700
vt 0.84606600 0.26474400
vt 0.84606600 0.26474400
vt 0.85346000 0.24619100
vt 0.78487400 0.26893100
vt 0.78675400 0.26686800
vt 0.79602300 0.26455300
vt 0.78914300 0.26969000
vt 0.79363500 0.27159500
vt 0.79530800 0.26860700
vt 0.80260900 0.26815200
vt 0.80564200 0.27188400
vt 0.80354200 0.26521500
vt 0.81748700 0.26374300
vt 0.81386900 0.26623700
vt 0.80528800 0.26790900
vt 0.80961800 0.26861200
vt 0.81633900 0.27160500
vt 0.81718600 0.26845200
vt 0.82574200 0.27562900
vt 0.82687000 0.26941300
vt 0.82674300 0.26683500
vt 0.84051500 0.26835100
vt 0.84051500 0.26835100
vt 0.83751000 0.26635000
vt 0.83850100 0.27042800
vt 0.84017500 0.27647600
vt 0.84281900 0.26641800
vt 0.84281900 0.26641800
vt 0.84740300 0.26683100
vt 0.85026500 0.26507200
vt 0.84718300 0.27001700
vt 0.81270500 0.33473600
vt 0.87754200 0.24583300
vt 0.86384400 0.28811500
vt 0.85502200 0.26050200
vt 0.85935700 0.26514800
vt 0.85320000 0.27202700
vt 0.86610700 0.27706000
vt 0.89435900 0.28844300
vt 0.85260300 0.26800400
vt 0.85614800 0.26703700
vt 0.85874200 0.26895000
vt 0.86301700 0.26723200
vt 0.86301700 0.26723200
vt 0.86108500 0.27274200
vt 0.87104400 0.26587900
vt 0.88099300 0.27158700
vt 0.87244700 0.27142400
vt 0.89147600 0.26340100
vt 0.89147600 0.26340100
vt 0.87986000 0.26551400
vt 0.89120800 0.27808700
vt 0.88783300 0.26647500
vt 0.88613900 0.26786500
vt 0.89596600 0.26514500
vt 0.89596600 0.26514500
vt 0.88910400 0.26808300
vt 0.89379200 0.26721500
vt 0.89118400 0.27156700
vt 0.89246700 0.26836600
vt 0.89246700 0.26836600
vt 0.90682200 0.24800700
vt 0.89412200 0.26906800
vt 0.89412200 0.26906800
vt 0.89811700 0.26833900
vt 0.90082300 0.27214500
vt 0.90213300 0.27005800
vt 0.90894000 0.26611300
vt 0.90230900 0.26694100
vt 0.90230900 0.26694100
vt 0.90495900 0.26829900
vt 0.90900900 0.26842400
vt 0.90900900 0.26842400
vt 0.92672300 0.24267200
vt 0.93681700 0.28990100
vt 0.95925700 0.23151900
vt 0.94684700 0.24661800
vt 0.91451600 0.25846900
vt 0.90654400 0.27487500
vt 0.90907000 0.27176700
vt 0.91967800 0.26686800
vt 0.91355200 0.26835400
vt 0.91342300 0.27277100
vt 0.92861500 0.27940800
vt 0.91884100 0.27192100
vt 0.91995000 0.26881900
vt 0.92697900 0.27088200
vt 0.93065500 0.26186800
vt 0.92618200 0.26834100
vt 0.92689100 0.26639100
vt 0.93729400 0.26884500
vt 0.93555400 0.26621600
vt 0.93219600 0.26739500
vt 0.95070300 0.29920400
vt 0.94446300 0.28269900
vt 0.94018800 0.27251700
vt 0.95153600 0.25204600
vt 0.94806900 0.25710900
vt 0.94145500 0.25804800
vt 0.96004900 0.27798700
vt 0.86473100 0.26994600
vt 0.87145500 0.26812000
vt 0.87145500 0.26812000
vt 0.86725600 0.27044500
vt 0.87627200 0.26850800
vt 0.87850500 0.26728700
vt 0.88161200 0.26865300
vt 0.88634600 0.26891000
vt 0.95846600 0.25384100
vt 0.95258500 0.27260600
vt 0.94612900 0.26650600
vt 0.94298800 0.26785000
vt 0.94905800 0.26935900
vt 0.94910300 0.26842200
vt 0.95351000 0.26702600
vt 0.95978600 0.26438500
vt 0.95423000 0.26894800
vt 0.95787800 0.26810900
vt 0.95911300 0.26971200
vt 0.96056100 0.26806300
vt 0.96524900 0.27190100
vt 0.96713300 0.26385700
vt 0.96562000 0.26814400
vt 0.96412100 0.26954800
vt 0.95723300 0.31207600
vt 0.97778200 0.24022400
vt 0.96982100 0.25200800
vt 0.97582500 0.27955700
vt 0.98452500 0.30274000
vt 0.98074300 0.29555800
vt 0.98796500 0.23175300
vt 0.97462800 0.25040200
vt 0.97621500 0.25641500
vt 0.97983900 0.25237800
vt 0.98463900 0.23937900
vt 0.98111500 0.24301700
vt 0.98563000 0.24348500
vt 0.98362200 0.29079800
vt 0.98660000 0.24713600
vt 0.98209100 0.25464500
vt 0.98848400 0.24712800
vt 0.98651900 0.29197300
vt 0.98262000 0.25806400
vt 0.98121900 0.28039000
vt 0.98974800 0.22539700
vt 0.99098200 0.31333000
vt 0.98986300 0.31392200
vt 0.98898300 0.31932000
vt 0.98729800 0.30671500
vt 0.98978100 0.30751600
vt 0.98928800 0.23124000
vt 0.98923400 0.30334400
vt 0.98959600 0.23544700
vt 0.98625600 0.29954500
vt 0.98927300 0.24314300
vt 0.98665400 0.29597600
vt 0.97192600 0.26388400
vt 0.97268200 0.25839300
vt 0.97613300 0.26495000
vt 0.97652300 0.27223100
vt 0.97419000 0.26868400
vt 0.97834100 0.27677700
vt 0.97834100 0.27677700
vt 0.97882200 0.26058800
vt 0.97969900 0.27579500
vt 0.97475000 0.27230000
vt 0.96998100 0.26903900
vt 0.50846300 0.16582200
vt 0.51187100 0.16393000
vt 0.54314300 0.16432400
vt 0.53876600 0.16646800
vt 0.56863800 0.16410100
vt 0.55916300 0.16658100
vt 0.56531900 0.17212100
vt 0.57255100 0.16826800
vt 0.57538600 0.16358900
vt 0.57802300 0.16634000
vt 0.57108100 0.17227000
vt 0.58316000 0.16393400
vt 0.58930300 0.16446700
vt 0.59709000 0.16231300
vt 0.59168300 0.15936600
vt 0.60021500 0.16463500
vt 0.60848600 0.14767800
vt 0.61823100 0.15048400
vt 0.60920600 0.15375600
vt 0.60690800 0.15752100
vt 0.61826400 0.15665900
vt 0.60724500 0.16316300
vt 0.61451900 0.16269800
vt 0.62631700 0.15732400
f 1/1 2/2 3/3
f 4/4 5/5 6/6
f 7/7 4/4 6/6
f 7/7 8/8 9/9
f 8/8 7/7 6/6
f 10/10 11/11 12/12
f 13/13 4/4 7/7
f 2/2 4/4 13/13
f 12/12 2/2 13/13
f 10/10 13/13 7/7
f 10/10 7/7 14/14
f 10/10 12/12 13/13
f 15/15 4/4 16/16
f 16/16 4/4 2/2
f 2/2 1/1 16/16
f 16/16 17/17 15/15
f 18/18 5/5 15/15
f 17/17 18/18 15/15
f 17/17 19/19 18/18
f 6/6 5/5 20/20
f 20/20 5/5 18/18
f 5/5 4/4 15/15
f 21/21 22/22 23/23
f 3/3 24/24 25/25
f 26/26 25/25 27/27
f 27/27 28/28 26/26
f 2/2 12/12 3/3
f 3/3 12/12 24/24
f 29/29 24/24 12/12
f 24/24 29/29 27/27
f 27/27 25/25 24/24
f 29/29 12/12 11/11
f 27/27 29/29 30/30
f 30/30 29/29 11/11
f 30/30 31/31 27/27
f 31/31 30/30 32/32
f 28/28 27/27 31/31
f 33/33 16/16 3/3
f 16/16 1/1 3/3
f 34/34 17/17 16/16
f 33/33 34/34 16/16
f 21/21 34/34 33/33
f 3/3 25/25 35/35
f 36/36 35/35 25/25
f 33/33 3/3 35/35
f 33/33 35/35 21/21
f 35/35 36/36 37/37
f 36/36 25/25 26/26
f 37/37 36/36 26/26
f 23/23 34/34 21/21
f 22/22 21/21 35/35
f 26/26 38/38 37/37
f 35/35 37/37 22/22
f 39/39 22/22 37/37
f 38/38 39/39 37/37
f 40/40 41/41 38/38
f 26/26 40/40 38/38
f 42/42 28/28 31/31
f 28/28 40/40 26/26
f 40/40 28/28 42/42
f 40/40 42/42 43/43
f 43/43 42/42 31/31
f 43/43 31/31 44/44
f 43/43 45/45 40/40
f 45/45 43/43 44/44
f 44/44 46/46 45/45
f 47/47 49/49 50/50
f 51/51 52/52 48/48
f 48/48 52/52 53/53
f 54/54 52/52 55/55
f 56/56 52/52 57/57
f 56/56 55/55 52/52
f 58/58 14/14 9/9
f 49/49 59/59 9/9
f 9/9 8/8 49/49
f 14/14 7/7 9/9
f 47/47 60/60 59/59
f 49/49 47/47 59/59
f 60/60 58/58 59/59
f 9/9 59/59 58/58
f 60/60 62/62 58/58
f 10/10 14/14 58/58
f 10/10 58/58 11/11
f 58/58 63/63 11/11
f 58/58 62/62 63/63
f 64/64 63/63 62/62
f 61/61 48/48 65/65
f 53/53 65/65 48/48
f 65/65 66/66 61/61
f 67/67 61/61 66/66
f 65/65 53/53 66/66
f 60/60 68/68 62/62
f 62/62 68/68 70/70
f 70/70 64/64 62/62
f 66/66 71/71 67/67
f 69/69 67/67 71/71
f 69/69 71/71 72/72
f 53/53 52/52 54/54
f 53/53 54/54 73/73
f 74/74 73/73 54/54
f 66/66 53/53 73/73
f 73/73 71/71 66/66
f 71/71 73/73 74/74
f 72/72 71/71 75/75
f 76/76 72/72 77/77
f 54/54 55/55 78/78
f 79/79 54/54 78/78
f 74/74 54/54 79/79
f 80/80 79/79 78/78
f 71/71 74/74 75/75
f 77/77 75/75 81/81
f 72/72 75/75 77/77
f 81/81 75/75 74/74
f 80/80 74/74 79/79
f 81/81 74/74 80/80
f 80/80 82/82 81/81
f 77/77 81/81 83/83
f 63/63 84/84 11/11
f 11/11 84/84 30/30
f 30/30 84/84 32/32
f 84/84 63/63 64/64
f 84/84 64/64 85/85
f 32/32 84/84 85/85
f 32/32 86/86 31/31
f 64/64 70/70 85/85
f 32/32 85/85 86/86
f 86/86 85/85 87/87
f 69/69 72/72 90/90
f 89/89 85/85 70/70
f 76/76 90/90 72/72
f 90/90 76/76 91/91
f 87/87 85/85 89/89
f 88/88 90/90 91/91
f 86/86 87/87 93/93
f 91/91 92/92 88/88
f 86/86 44/44 31/31
f 94/94 44/44 86/86
f 94/94 86/86 96/96
f 46/46 44/44 94/94
f 97/97 46/46 94/94
f 98/98 97/97 94/94
f 96/96 98/98 94/94
f 96/96 86/86 93/93
f 99/99 95/95 92/92
f 76/76 77/77 83/83
f 83/83 91/91 76/76
f 20/20 18/18 101/101
f 101/101 18/18 102/102
f 103/103 104/104 102/102
f 106/106 104/104 103/103
f 104/104 106/106 107/107
f 105/105 108/108 109/109
f 110/110 17/17 111/111
f 19/19 17/17 110/110
f 18/18 19/19 102/102
f 110/110 111/111 112/112
f 102/102 19/19 110/110
f 102/102 110/110 112/112
f 102/102 112/112 103/103
f 114/114 20/20 101/101
f 109/109 115/115 100/100
f 100/100 105/105 109/109
f 104/104 101/101 102/102
f 116/116 112/112 117/117
f 112/112 118/118 103/103
f 106/106 103/103 118/118
f 112/112 116/116 118/118
f 119/119 107/107 106/106
f 121/121 123/123 108/108
f 119/119 106/106 124/124
f 126/126 118/118 116/116
f 124/124 106/106 126/126
f 126/126 106/106 118/118
f 127/127 122/122 120/120
f 127/127 120/120 125/125
f 116/116 117/117 126/126
f 126/126 117/117 128/128
f 129/129 128/128 117/117
f 124/124 126/126 128/128
f 108/108 130/130 109/109
f 131/131 130/130 108/108
f 127/127 133/133 122/122
f 132/132 131/131 123/123
f 131/131 134/134 135/135
f 134/134 131/131 137/137
f 124/124 128/128 138/138
f 138/138 128/128 129/129
f 139/139 138/138 129/129
f 141/141 129/129 143/143
f 145/145 139/139 129/129
f 141/141 145/145 129/129
f 146/146 144/144 140/140
f 147/147 146/146 140/140
f 142/142 147/147 140/140
f 147/147 142/142 148/148
f 149/149 146/146 147/147
f 146/146 149/149 150/150
f 151/151 150/150 149/149
f 152/152 150/150 151/151
f 151/151 149/149 147/147
f 153/153 151/151 147/147
f 151/151 153/153 154/154
f 153/153 155/155 154/154
f 154/154 155/155 156/156
f 157/157 153/153 147/147
f 157/157 147/147 148/148
f 158/158 153/153 157/157
f 159/159 158/158 157/157
f 160/160 161/161 23/23
f 162/162 160/160 23/23
f 163/163 112/112 111/111
f 164/164 112/112 163/163
f 111/111 161/161 163/163
f 161/161 160/160 165/165
f 165/165 163/163 161/161
f 162/162 23/23 22/22
f 162/162 22/22 39/39
f 166/166 162/162 39/39
f 167/167 166/166 39/39
f 166/166 160/160 162/162
f 168/168 166/166 167/167
f 168/168 167/167 169/169
f 166/166 170/170 160/160
f 170/170 165/165 160/160
f 171/171 165/165 170/170
f 168/168 170/170 166/166
f 168/168 172/172 170/170
f 172/172 168/168 169/169
f 172/172 169/169 173/173
f 172/172 171/171 170/170
f 17/17 161/161 111/111
f 34/34 161/161 17/17
f 23/23 161/161 34/34
f 174/174 133/133 127/127
f 175/175 174/174 176/176
f 177/177 136/136 174/174
f 178/178 136/136 177/177
f 175/175 177/177 174/174
f 117/117 112/112 164/164
f 176/176 174/174 127/127
f 176/176 127/127 179/179
f 175/175 176/176 179/179
f 179/179 180/180 175/175
f 180/180 179/179 181/181
f 182/182 181/181 184/184
f 185/185 39/39 38/38
f 185/185 38/38 41/41
f 185/185 167/167 39/39
f 40/40 185/185 41/41
f 185/185 186/186 167/167
f 186/186 185/185 40/40
f 186/186 40/40 187/187
f 186/186 188/188 167/167
f 189/189 190/190 191/191
f 192/192 190/190 193/193
f 190/190 192/192 191/191
f 194/194 191/191 192/192
f 195/195 178/178 196/196
f 195/195 196/196 197/197
f 198/198 195/195 197/197
f 192/192 193/193 195/195
f 195/195 193/193 178/178
f 178/178 177/177 175/175
f 178/178 175/175 196/196
f 194/194 192/192 195/195
f 187/187 40/40 199/199
f 199/199 40/40 45/45
f 200/200 201/201 199/199
f 201/201 200/200 202/202
f 189/189 191/191 46/46
f 45/45 46/46 191/191
f 191/191 200/200 45/45
f 200/200 191/191 194/194
f 200/200 194/194 202/202
f 199/199 45/45 200/200
f 203/203 195/195 198/198
f 204/204 202/202 203/203
f 201/201 202/202 204/204
f 204/204 203/203 198/198
f 203/203 194/194 195/195
f 202/202 194/194 203/203
f 175/175 180/180 196/196
f 197/197 196/196 180/180
f 182/182 180/180 181/181
f 205/205 180/180 182/182
f 205/205 197/197 180/180
f 205/205 182/182 206/206
f 207/207 182/182 208/208
f 206/206 182/182 207/207
f 206/206 207/207 209/209
f 198/198 197/197 205/205
f 210/210 198/198 205/205
f 210/210 205/205 206/206
f 210/210 206/206 211/211
f 212/212 206/206 209/209
f 212/212 211/211 206/206
f 164/164 213/213 117/117
f 214/214 213/213 164/164
f 164/164 163/163 214/214
f 215/215 163/163 165/165
f 216/216 214/214 163/163
f 216/216 163/163 215/215
f 217/217 214/214 216/216
f 217/217 219/219 214/214
f 215/215 217/217 216/216
f 220/220 215/215 165/165
f 221/221 165/165 171/171
f 171/171 172/172 221/221
f 222/222 221/221 172/172
f 220/220 165/165 221/221
f 223/223 220/220 221/221
f 223/223 221/221 222/222
f 223/223 224/224 220/220
f 225/225 215/215 220/220
f 217/217 215/215 226/226
f 227/227 226/226 215/215
f 129/129 117/117 213/213
f 228/228 183/183 124/124
f 228/228 124/124 138/138
f 228/228 138/138 229/229
f 213/213 143/143 129/129
f 143/143 213/213 214/214
f 229/229 139/139 145/145
f 144/144 146/146 150/150
f 230/230 144/144 150/150
f 230/230 150/150 152/152
f 232/232 144/144 230/230
f 233/233 232/232 230/230
f 152/152 156/156 234/234
f 152/152 235/235 230/230
f 232/232 233/233 236/236
f 240/240 233/233 235/235
f 242/242 240/240 235/235
f 242/242 235/235 243/243
f 233/233 230/230 235/235
f 152/152 243/243 235/235
f 243/243 152/152 234/234
f 143/143 214/214 219/219
f 148/148 142/142 218/218
f 152/152 151/151 154/154
f 152/152 154/154 156/156
f 207/207 238/238 244/244
f 245/245 244/244 246/246
f 209/209 207/207 244/244
f 209/209 244/244 245/245
f 209/209 245/245 247/247
f 246/246 247/247 245/245
f 212/212 209/209 247/247
f 157/157 248/248 159/159
f 226/226 219/219 217/217
f 219/219 226/226 250/250
f 249/249 251/251 218/218
f 252/252 227/227 225/225
f 250/250 226/226 227/227
f 227/227 215/215 225/225
f 254/254 227/227 252/252
f 255/255 253/253 257/257
f 250/250 227/227 254/254
f 258/258 249/249 253/253
f 258/258 251/251 249/249
f 259/259 251/251 258/258
f 258/258 253/253 255/255
f 248/248 148/148 218/218
f 148/148 248/248 157/157
f 218/218 260/260 248/248
f 248/248 260/260 261/261
f 251/251 260/260 218/218
f 262/262 159/159 261/261
f 261/261 159/159 248/248
f 251/251 263/263 260/260
f 264/264 261/261 260/260
f 259/259 263/263 251/251
f 263/263 264/264 260/260
f 265/265 258/258 255/255
f 259/259 258/258 266/266
f 259/259 266/266 267/267
f 267/267 266/266 268/268
f 263/263 259/259 269/269
f 270/270 113/113 100/100
f 271/271 270/270 100/100
f 270/270 271/271 272/272
f 100/100 115/115 271/271
f 115/115 273/273 271/271
f 274/274 275/275 56/56
f 273/273 272/272 271/271
f 276/276 277/277 273/273
f 272/272 273/273 278/278
f 279/279 278/278 273/273
f 280/280 281/281 282/282
f 109/109 273/273 115/115
f 283/283 284/284 286/286
f 288/288 284/284 283/283
f 289/289 290/290 288/288
f 56/56 291/291 55/55
f 291/291 56/56 275/275
f 291/291 275/275 280/280
f 78/78 55/55 291/291
f 80/80 78/78 292/292
f 291/291 280/280 293/293
f 291/291 293/293 294/294
f 294/294 78/78 291/291
f 294/294 292/292 78/78
f 294/294 295/295 292/292
f 295/295 294/294 296/296
f 83/83 81/81 82/82
f 82/82 80/80 292/292
f 296/296 297/297 295/295
f 82/82 292/292 295/295
f 280/280 298/298 293/293
f 296/296 294/294 293/293
f 282/282 298/298 280/280
f 299/299 298/298 282/282
f 296/296 293/293 300/300
f 293/293 298/298 300/300
f 301/301 295/295 297/297
f 297/297 296/296 300/300
f 298/298 299/299 300/300
f 302/302 304/304 305/305
f 304/304 306/306 305/305
f 307/307 308/308 304/304
f 304/304 309/309 307/307
f 309/309 304/304 302/302
f 308/308 155/155 306/306
f 155/155 158/158 306/306
f 158/158 310/310 306/306
f 308/308 306/306 304/304
f 156/156 155/155 308/308
f 155/155 153/153 158/158
f 307/307 156/156 308/308
f 159/159 310/310 158/158
f 311/311 312/312 313/313
f 313/313 312/312 314/314
f 315/315 299/299 282/282
f 315/315 282/282 316/316
f 317/317 299/299 315/315
f 317/317 300/300 299/299
f 317/317 315/315 318/318
f 316/316 319/319 315/315
f 318/318 315/315 319/319
f 319/319 316/316 311/311
f 320/320 283/283 323/323
f 326/326 283/283 320/320
f 136/136 178/178 321/321
f 178/178 328/328 321/321
f 329/329 331/331 328/328
f 331/331 329/329 332/332
f 333/333 334/334 330/330
f 335/335 330/330 334/334
f 321/321 331/331 327/327
f 330/330 335/335 325/325
f 336/336 92/92 91/91
f 336/336 91/91 337/337
f 338/338 335/335 334/334
f 339/339 283/283 326/326
f 339/339 288/288 283/283
f 289/289 288/288 339/339
f 325/325 338/338 340/340
f 289/289 339/339 341/341
f 325/325 335/335 338/338
f 343/343 344/344 338/338
f 340/340 338/338 345/345
f 340/340 345/345 342/342
f 344/344 345/345 338/338
f 344/344 346/346 345/345
f 348/348 345/345 346/346
f 349/349 329/329 193/193
f 328/328 193/193 329/329
f 349/349 193/193 97/97
f 189/189 46/46 97/97
f 349/349 97/97 98/98
f 190/190 189/189 193/193
f 193/193 189/189 97/97
f 329/329 349/349 332/332
f 332/332 98/98 96/96
f 349/349 98/98 332/332
f 178/178 193/193 328/328
f 333/333 95/95 99/99
f 99/99 92/92 336/336
f 350/350 333/333 99/99
f 99/99 351/351 350/350
f 351/351 99/99 336/336
f 334/334 333/333 350/350
f 352/352 334/334 350/350
f 350/350 351/351 352/352
f 352/352 338/338 334/334
f 343/343 338/338 352/352
f 351/351 336/336 353/353
f 351/351 354/354 352/352
f 354/354 351/351 353/353
f 343/343 352/352 354/354
f 336/336 355/355 353/353
f 355/355 336/336 337/337
f 356/356 344/344 343/343
f 343/343 354/354 353/353
f 356/356 343/343 353/353
f 356/356 353/353 355/355
f 356/356 357/357 358/358
f 355/355 359/359 357/357
f 357/357 356/356 355/355
f 356/356 360/360 344/344
f 344/344 360/360 346/346
f 361/361 346/346 360/360
f 361/361 362/362 346/346
f 358/358 360/360 356/356
f 361/361 360/360 358/358
f 358/358 363/363 361/361
f 363/363 358/358 357/357
f 364/364 357/357 359/359
f 363/363 362/362 361/361
f 365/365 364/364 359/359
f 357/357 364/364 363/363
f 337/337 83/83 366/366
f 366/366 83/83 82/82
f 366/366 82/82 301/301
f 301/301 82/82 295/295
f 83/83 337/337 91/91
f 301/301 297/297 367/367
f 337/337 366/366 355/355
f 368/368 355/355 366/366
f 368/368 366/366 301/301
f 368/368 301/301 367/367
f 359/359 355/355 368/368
f 369/369 368/368 367/367
f 359/359 368/368 369/369
f 156/156 307/307 370/370
f 234/234 156/156 370/370
f 371/371 234/234 370/370
f 370/370 309/309 372/372
f 374/374 375/375 243/243
f 378/378 380/380 347/347
f 379/379 374/374 370/370
f 375/375 374/374 379/379
f 243/243 234/234 371/371
f 243/243 371/371 374/374
f 381/381 311/311 313/313
f 246/246 241/241 376/376
f 246/246 376/376 382/382
f 383/383 246/246 382/382
f 384/384 376/376 377/377
f 382/382 376/376 384/384
f 247/247 246/246 383/383
f 377/377 348/348 346/346
f 346/346 362/362 377/377
f 384/384 377/377 362/362
f 384/384 385/385 382/382
f 386/386 384/384 362/362
f 384/384 386/386 385/385
f 386/386 362/362 363/363
f 364/364 387/387 363/363
f 387/387 364/364 388/388
f 365/365 388/388 364/364
f 297/297 300/300 317/317
f 389/389 297/297 317/317
f 367/367 297/297 390/390
f 297/297 389/389 390/390
f 318/318 319/319 389/389
f 389/389 317/317 318/318
f 369/369 367/367 390/390
f 391/391 369/369 390/390
f 390/390 389/389 392/392
f 391/391 390/390 392/392
f 381/381 319/319 311/311
f 389/389 319/319 393/393
f 393/393 319/319 381/381
f 392/392 389/389 393/393
f 394/394 393/393 381/381
f 392/392 393/393 394/394
f 394/394 395/395 392/392
f 394/394 381/381 396/396
f 395/395 394/394 397/397
f 396/396 397/397 394/394
f 359/359 369/369 365/365
f 365/365 369/369 398/398
f 391/391 392/392 395/395
f 395/395 399/399 391/391
f 395/395 397/397 399/399
f 400/400 399/399 397/397
f 398/398 369/369 391/391
f 398/398 391/391 399/399
f 313/313 314/314 401/401
f 313/313 401/401 402/402
f 381/381 313/313 403/403
f 403/403 313/313 402/402
f 404/404 402/402 401/401
f 403/403 402/402 405/405
f 404/404 405/405 402/402
f 406/406 403/403 405/405
f 381/381 403/403 406/406
f 407/407 381/381 406/406
f 408/408 407/407 406/406
f 409/409 407/407 408/408
f 410/410 409/409 411/411
f 411/411 409/409 412/412
f 397/397 396/396 400/400
f 400/400 396/396 407/407
f 396/396 381/381 407/407
f 413/413 399/399 400/400
f 400/400 407/407 410/410
f 400/400 410/410 413/413
f 410/410 407/407 409/409
f 414/414 415/415 405/405
f 416/416 415/415 414/414
f 406/406 405/405 417/417
f 418/418 406/406 417/417
f 415/415 417/417 405/405
f 408/408 406/406 418/418
f 419/419 409/409 408/408
f 419/419 412/412 409/409
f 408/408 418/418 419/419
f 420/420 418/418 417/417
f 418/418 420/420 419/419
f 421/421 416/416 422/422
f 415/415 416/416 421/421
f 421/421 423/423 415/415
f 417/417 415/415 423/423
f 424/424 417/417 423/423
f 167/167 188/188 169/169
f 188/188 173/173 169/169
f 173/173 425/425 172/172
f 188/188 426/426 173/173
f 173/173 427/427 425/425
f 427/427 173/173 426/426
f 426/426 428/428 427/427
f 186/186 429/429 188/188
f 430/430 186/186 187/187
f 430/430 429/429 186/186
f 201/201 187/187 199/199
f 431/431 187/187 201/201
f 430/430 187/187 431/431
f 431/431 201/201 204/204
f 429/429 430/430 432/432
f 188/188 429/429 426/426
f 428/428 426/426 433/433
f 426/426 429/429 433/433
f 429/429 432/432 434/434
f 204/204 198/198 210/210
f 430/430 431/431 432/432
f 435/435 204/204 210/210
f 431/431 204/204 435/435
f 435/435 210/210 436/436
f 431/431 435/435 436/436
f 211/211 436/436 210/210
f 211/211 212/212 437/437
f 436/436 211/211 437/437
f 436/436 437/437 438/438
f 439/439 438/438 437/437
f 432/432 431/431 440/440
f 440/440 431/431 436/436
f 432/432 441/441 434/434
f 440/440 436/436 438/438
f 432/432 440/440 442/442
f 442/442 440/440 438/438
f 442/442 438/438 443/443
f 442/442 441/441 432/432
f 441/441 442/442 444/444
f 444/444 442/442 443/443
f 445/445 441/441 444/444
f 433/433 429/429 434/434
f 446/446 223/223 222/222
f 425/425 222/222 172/172
f 447/447 222/222 425/425
f 447/447 448/448 222/222
f 448/448 446/446 222/222
f 427/427 447/447 425/425
f 448/448 447/447 427/427
f 449/449 427/427 428/428
f 450/450 448/448 427/427
f 446/446 224/224 223/223
f 224/224 225/225 220/220
f 451/451 225/225 224/224
f 446/446 452/452 224/224
f 453/453 224/224 452/452
f 454/454 452/452 455/455
f 455/455 452/452 446/446
f 454/454 453/453 452/452
f 450/450 446/446 448/448
f 455/455 446/446 450/450
f 449/449 456/456 427/427
f 456/456 450/450 427/427
f 457/457 453/453 454/454
f 457/457 454/454 455/455
f 458/458 457/457 455/455
f 456/456 455/455 450/450
f 455/455 456/456 458/458
f 456/456 459/459 460/460
f 460/460 458/458 456/456
f 459/459 461/461 460/460
f 449/449 428/428 433/433
f 445/445 444/444 462/462
f 445/445 433/433 434/434
f 463/463 433/433 445/445
f 433/433 459/459 449/449
f 459/459 456/456 449/449
f 433/433 463/463 459/459
f 441/441 445/445 434/434
f 464/464 445/445 462/462
f 463/463 461/461 459/459
f 462/462 465/465 464/464
f 465/465 466/466 464/464
f 464/464 467/467 445/445
f 464/464 468/468 467/467
f 464/464 466/466 468/468
f 469/469 460/460 461/461
f 463/463 445/445 467/467
f 470/470 471/471 472/472
f 471/471 475/475 472/472
f 470/470 476/476 477/477
f 478/478 470/470 477/477
f 479/479 478/478 477/477
f 480/480 479/479 481/481
f 482/482 479/479 480/480
f 483/483 478/478 479/479
f 482/482 483/483 479/479
f 484/484 483/483 482/482
f 485/485 225/225 451/451
f 485/485 252/252 225/225
f 453/453 451/451 224/224
f 486/486 485/485 451/451
f 453/453 486/486 451/451
f 487/487 252/252 485/485
f 254/254 252/252 256/256
f 486/486 487/487 485/485
f 488/488 489/489 487/487
f 486/486 488/488 487/487
f 490/490 453/453 457/457
f 491/491 457/457 458/458
f 491/491 490/490 457/457
f 490/490 486/486 453/453
f 486/486 490/490 492/492
f 493/493 494/494 491/491
f 492/492 490/490 491/491
f 495/495 492/492 494/494
f 492/492 491/491 494/494
f 493/493 491/491 458/458
f 493/493 458/458 460/460
f 486/486 492/492 496/496
f 497/497 492/492 495/495
f 496/496 476/476 486/486
f 498/498 265/265 255/255
f 489/489 256/256 487/487
f 498/498 500/500 265/265
f 501/501 268/268 265/265
f 499/499 489/489 472/472
f 473/473 500/500 498/498
f 500/500 501/501 265/265
f 501/501 500/500 502/502
f 265/265 266/266 258/258
f 265/265 268/268 266/266
f 503/503 489/489 488/488
f 486/486 503/503 488/488
f 489/489 503/503 470/470
f 476/476 503/503 486/486
f 476/476 470/470 503/503
f 502/502 500/500 473/473
f 470/470 472/472 489/489
f 493/493 495/495 494/494
f 460/460 469/469 493/493
f 504/504 493/493 469/469
f 493/493 504/504 505/505
f 505/505 504/504 506/506
f 469/469 506/506 504/504
f 469/469 507/507 506/506
f 497/497 495/495 493/493
f 505/505 497/497 493/493
f 505/505 508/508 497/497
f 496/496 492/492 508/508
f 508/508 492/492 497/497
f 505/505 509/509 508/508
f 510/510 505/505 506/506
f 506/506 511/511 510/510
f 506/506 507/507 511/511
f 507/507 512/512 511/511
f 510/510 509/509 505/505
f 509/509 510/510 513/513
f 513/513 510/510 511/511
f 513/513 511/511 514/514
f 515/515 461/461 463/463
f 515/515 463/463 467/467
f 507/507 469/469 461/461
f 515/515 507/507 461/461
f 507/507 515/515 512/512
f 512/512 515/515 516/516
f 516/516 515/515 467/467
f 468/468 516/516 467/467
f 517/517 516/516 468/468
f 517/517 518/518 516/516
f 518/518 517/517 519/519
f 514/514 511/511 512/512
f 481/481 476/476 496/496
f 477/477 476/476 481/481
f 508/508 481/481 496/496
f 508/508 509/509 520/520
f 521/521 481/481 508/508
f 481/481 479/479 477/477
f 521/521 508/508 520/520
f 522/522 521/521 520/520
f 509/509 513/513 520/520
f 520/520 523/523 522/522
f 523/523 520/520 513/513
f 514/514 523/523 513/513
f 480/480 481/481 521/521
f 480/480 521/521 524/524
f 522/522 524/524 521/521
f 525/525 524/524 522/522
f 524/524 526/526 480/480
f 526/526 482/482 480/480
f 527/527 482/482 526/526
f 526/526 524/524 525/525
f 528/528 525/525 523/523
f 526/526 525/525 527/527
f 523/523 525/525 522/522
f 523/523 514/514 528/528
f 529/529 518/518 519/519
f 512/512 530/530 514/514
f 530/530 512/512 516/516
f 516/516 518/518 530/530
f 518/518 531/531 530/530
f 518/518 529/529 532/532
f 532/532 529/529 533/533
f 531/531 518/518 532/532
f 530/530 534/534 514/514
f 534/534 530/530 531/531
f 443/443 438/438 439/439
f 444/444 443/443 462/462
f 247/247 439/439 437/437
f 247/247 535/535 439/439
f 536/536 382/382 385/385
f 536/536 537/537 538/538
f 443/443 439/439 535/535
f 443/443 535/535 536/536
f 443/443 536/536 538/538
f 462/462 443/443 538/538
f 538/538 537/537 539/539
f 538/538 539/539 462/462
f 540/540 462/462 539/539
f 541/541 540/540 539/539
f 537/537 385/385 386/386
f 387/387 537/537 386/386
f 536/536 385/385 537/537
f 539/539 537/537 387/387
f 539/539 387/387 388/388
f 387/387 386/386 363/363
f 541/541 388/388 365/365
f 539/539 388/388 541/541
f 462/462 540/540 542/542
f 462/462 542/542 465/465
f 541/541 542/542 540/540
f 542/542 543/543 465/465
f 398/398 544/544 365/365
f 544/544 541/541 365/365
f 545/545 398/398 413/413
f 544/544 398/398 545/545
f 546/546 545/545 413/413
f 546/546 413/413 411/411
f 412/412 546/546 411/411
f 412/412 547/547 546/546
f 543/543 542/542 541/541
f 466/466 465/465 543/543
f 466/466 543/543 468/468
f 548/548 543/543 541/541
f 549/549 543/543 548/548
f 468/468 543/543 519/519
f 549/549 519/519 543/543
f 548/548 541/541 544/544
f 545/545 548/548 544/544
f 548/548 550/550 551/551
f 545/545 550/550 548/548
f 545/545 546/546 550/550
f 550/550 546/546 547/547
f 549/549 548/548 551/551
f 399/399 413/413 398/398
f 410/410 411/411 413/413
f 412/412 419/419 552/552
f 553/553 412/412 552/552
f 552/552 419/419 420/420
f 420/420 417/417 424/424
f 554/554 552/552 420/420
f 554/554 420/420 555/555
f 547/547 412/412 553/553
f 552/552 554/554 553/553
f 420/420 424/424 555/555
f 555/555 424/424 423/423
f 556/556 555/555 423/423
f 557/557 555/555 556/556
f 554/554 555/555 558/558
f 558/558 559/559 554/554
f 558/558 555/555 557/557
f 547/547 553/553 560/560
f 547/547 561/561 550/550
f 554/554 560/560 553/553
f 560/560 554/554 559/559
f 558/558 557/557 562/562
f 559/559 558/558 562/562
f 563/563 559/559 562/562
f 561/561 547/547 560/560
f 560/560 559/559 563/563
f 561/561 560/560 563/563
f 563/563 564/564 561/561
f 468/468 519/519 517/517
f 549/549 551/551 565/565
f 519/519 549/549 533/533
f 551/551 550/550 561/561
f 561/561 565/565 551/551
f 565/565 533/533 549/549
f 566/566 565/565 561/561
f 519/519 533/533 529/529
f 566/566 533/533 565/565
f 567/567 269/269 267/267
f 568/568 269/269 567/567
f 569/569 471/471 470/470
f 470/470 478/478 569/569
f 570/570 471/471 572/572
f 471/471 570/570 475/475
f 474/474 571/571 573/573
f 569/569 572/572 471/471
f 574/574 570/570 572/572
f 569/569 574/574 572/572
f 484/484 482/482 575/575
f 478/478 483/483 576/576
f 576/576 483/483 484/484
f 576/576 569/569 478/478
f 577/577 576/576 484/484
f 578/578 484/484 575/575
f 484/484 578/578 577/577
f 576/576 574/574 569/569
f 579/579 577/577 578/578
f 576/576 577/577 580/580
f 581/581 573/573 571/571
f 582/582 581/581 583/583
f 583/583 584/584 582/582
f 571/571 585/585 581/581
f 581/581 585/585 583/583
f 586/586 587/587 583/583
f 585/585 586/586 583/583
f 589/589 570/570 574/574
f 588/588 585/585 571/571
f 590/590 576/576 580/580
f 576/576 590/590 574/574
f 591/591 589/589 574/574
f 591/591 574/574 590/590
f 593/593 594/594 588/588
f 585/585 588/588 594/594
f 595/595 268/268 501/501
f 501/501 502/502 595/595
f 596/596 595/595 502/502
f 597/597 598/598 595/595
f 267/267 268/268 567/567
f 268/268 595/595 599/599
f 599/599 567/567 268/268
f 600/600 567/567 599/599
f 598/598 599/599 595/595
f 599/599 598/598 601/601
f 599/599 601/601 600/600
f 601/601 602/602 600/600
f 600/600 602/602 603/603
f 474/474 596/596 502/502
f 474/474 502/502 473/473
f 604/604 597/597 596/596
f 596/596 597/597 595/595
f 597/597 604/604 598/598
f 596/596 474/474 604/604
f 598/598 604/604 605/605
f 605/605 604/604 582/582
f 601/601 598/598 605/605
f 474/474 582/582 604/604
f 582/582 606/606 605/605
f 573/573 582/582 474/474
f 567/567 600/600 568/568
f 602/602 607/607 603/603
f 582/582 573/573 581/581
f 606/606 608/608 605/605
f 606/606 582/582 609/609
f 608/608 606/606 609/609
f 601/601 605/605 608/608
f 601/601 608/608 602/602
f 608/608 609/609 610/610
f 610/610 611/611 608/608
f 602/602 612/612 607/607
f 602/602 608/608 611/611
f 612/612 602/602 611/611
f 613/613 611/611 610/610
f 612/612 611/611 613/613
f 614/614 615/615 616/616
f 612/612 617/617 607/607
f 618/618 619/619 620/620
f 615/615 620/620 619/619
f 619/619 621/621 615/615
f 527/527 575/575 482/482
f 622/622 623/623 532/532
f 622/622 532/532 533/533
f 533/533 624/624 622/622
f 624/624 623/623 622/622
f 624/624 625/625 623/623
f 624/624 626/626 627/627
f 584/584 609/609 582/582
f 610/610 609/609 584/584
f 587/587 584/584 583/583
f 584/584 587/587 610/610
f 587/587 628/628 610/610
f 628/628 613/613 610/610
f 586/586 629/629 587/587
f 586/586 630/630 629/629
f 631/631 586/586 585/585
f 630/630 586/586 631/631
f 629/629 630/630 632/632
f 631/631 585/585 594/594
f 631/631 594/594 633/633
f 633/633 634/634 631/631
f 634/634 630/630 631/631
f 630/630 634/634 635/635
f 636/636 635/635 634/634
f 636/636 637/637 635/635
f 632/632 635/635 638/638
f 635/635 637/637 638/638
f 639/639 638/638 637/637
f 640/640 638/638 639/639
f 641/641 613/613 628/628
f 629/629 628/628 587/587
f 641/641 628/628 642/642
f 613/613 641/641 643/643
f 641/641 642/642 643/643
f 628/628 629/629 632/632
f 628/628 632/632 642/642
f 640/640 642/642 632/632
f 618/618 644/644 645/645
f 645/645 619/619 618/618
f 621/621 619/619 645/645
f 645/645 646/646 621/621
f 647/647 621/621 646/646
f 648/648 646/646 644/644
f 648/648 649/649 646/646
f 647/647 646/646 649/649
f 650/650 651/651 652/652
f 649/649 653/653 647/647
f 654/654 649/649 648/648
f 655/655 654/654 648/648
f 653/653 649/649 656/656
f 651/651 653/653 657/657
f 658/658 651/651 657/657
f 657/657 653/653 656/656
f 640/640 632/632 638/638
f 639/639 659/659 640/640
f 642/642 640/640 660/660
f 661/661 662/662 660/660
f 660/660 640/640 659/659
f 660/660 659/659 663/663
f 664/664 663/663 659/659
f 655/655 665/665 654/654
f 655/655 666/666 665/665
f 665/665 667/667 654/654
f 654/654 667/667 649/649
f 667/667 656/656 649/649
f 668/668 656/656 667/667
f 667/667 669/669 668/668
f 667/667 665/665 670/670
f 669/669 667/667 670/670
f 671/671 672/672 673/673
f 674/674 665/665 672/672
f 672/672 671/671 674/674
f 670/670 665/665 674/674
f 670/670 675/675 669/669
f 675/675 670/670 674/674
f 578/578 575/575 676/676
f 676/676 579/579 578/578
f 580/580 577/577 579/579
f 676/676 580/580 579/579
f 677/677 580/580 676/676
f 678/678 677/677 676/676
f 679/679 677/677 678/678
f 680/680 590/590 580/580
f 677/677 680/680 580/580
f 591/591 590/590 680/680
f 681/681 680/680 677/677
f 679/679 681/681 677/677
f 682/682 679/679 678/678
f 680/680 683/683 684/684
f 681/681 683/683 680/680
f 685/685 683/683 681/681
f 679/679 682/682 681/681
f 682/682 685/685 681/681
f 686/686 592/592 684/684
f 687/687 686/686 684/684
f 589/589 591/591 592/592
f 684/684 592/592 591/591
f 684/684 591/591 680/680
f 685/685 684/684 683/683
f 688/688 687/687 685/685
f 687/687 684/684 685/685
f 678/678 689/689 682/682
f 682/682 689/689 690/690
f 687/687 691/691 686/686
f 691/691 687/687 692/692
f 688/688 685/685 682/682
f 690/690 688/688 682/682
f 690/690 693/693 688/688
f 692/692 687/687 688/688
f 693/693 692/692 688/688
f 694/694 692/692 693/693
f 695/695 694/694 693/693
f 693/693 696/696 695/695
f 696/696 693/693 690/690
f 697/697 575/575 527/527
f 527/527 698/698 697/697
f 698/698 527/527 525/525
f 575/575 697/697 676/676
f 534/534 528/528 514/514
f 698/698 525/525 528/528
f 689/689 676/676 697/697
f 697/697 698/698 689/689
f 698/698 699/699 689/689
f 678/678 676/676 689/689
f 699/699 698/698 528/528
f 700/700 699/699 528/528
f 700/700 528/528 534/534
f 531/531 700/700 534/534
f 623/623 531/531 532/532
f 701/701 531/531 623/623
f 625/625 701/701 623/623
f 701/701 625/625 627/627
f 624/624 627/627 625/625
f 690/690 689/689 699/699
f 702/702 703/703 700/700
f 699/699 700/700 703/703
f 702/702 700/700 531/531
f 696/696 690/690 699/699
f 704/704 701/701 627/627
f 704/704 531/531 701/701
f 627/627 626/626 705/705
f 704/704 627/627 705/705
f 626/626 706/706 705/705
f 705/705 706/706 704/704
f 626/626 707/707 708/708
f 709/709 708/708 707/707
f 709/709 710/710 708/708
f 710/710 709/709 711/711
f 710/710 711/711 712/712
f 626/626 708/708 706/706
f 706/706 713/713 704/704
f 710/710 714/714 708/708
f 708/708 714/714 706/706
f 531/531 704/704 713/713
f 713/713 702/702 531/531
f 713/713 715/715 702/702
f 713/713 706/706 716/716
f 714/714 716/716 706/706
f 593/593 633/633 594/594
f 718/718 633/633 593/593
f 719/719 634/634 633/633
f 720/720 633/633 718/718
f 720/720 719/719 633/633
f 717/717 592/592 686/686
f 721/721 717/717 686/686
f 722/722 720/720 718/718
f 636/636 719/719 723/723
f 723/723 719/719 720/720
f 724/724 636/636 723/723
f 723/723 720/720 725/725
f 722/722 725/725 720/720
f 723/723 725/725 724/724
f 636/636 634/634 719/719
f 726/726 686/686 691/691
f 726/726 691/691 694/694
f 726/726 721/721 686/686
f 694/694 727/727 726/726
f 727/727 728/728 729/729
f 694/694 691/691 692/692
f 694/694 695/695 728/728
f 727/727 694/694 728/728
f 695/695 730/730 728/728
f 696/696 730/730 695/695
f 730/730 729/729 728/728
f 726/726 731/731 721/721
f 732/732 733/733 725/725
f 722/722 732/732 725/725
f 727/727 731/731 726/726
f 727/727 734/734 731/731
f 734/734 735/735 721/721
f 727/727 737/737 734/734
f 734/734 721/721 731/731
f 733/733 738/738 724/724
f 724/724 725/725 733/733
f 739/739 740/740 733/733
f 733/733 740/740 738/738
f 740/740 741/741 738/738
f 738/738 636/636 724/724
f 636/636 738/738 637/637
f 741/741 637/637 738/738
f 742/742 741/741 740/740
f 741/741 639/639 637/637
f 743/743 744/744 741/741
f 741/741 744/744 639/639
f 739/739 732/732 736/736
f 736/736 732/732 722/722
f 733/733 732/732 739/739
f 745/745 739/739 746/746
f 745/745 740/740 739/739
f 739/739 736/736 747/747
f 737/737 735/735 734/734
f 748/748 737/737 727/727
f 750/750 735/735 737/737
f 747/747 746/746 739/739
f 749/749 747/747 736/736
f 751/751 747/747 749/749
f 751/751 753/753 747/747
f 746/746 754/754 745/745
f 740/740 745/745 742/742
f 742/742 745/745 754/754
f 755/755 754/754 746/746
f 742/742 756/756 741/741
f 756/756 742/742 754/754
f 747/747 753/753 746/746
f 757/757 746/746 753/753
f 746/746 757/757 755/755
f 755/755 757/757 758/758
f 759/759 730/730 696/696
f 760/760 759/759 696/696
f 748/748 727/727 761/761
f 762/762 729/729 730/730
f 762/762 761/761 727/727
f 762/762 727/727 729/729
f 762/762 730/730 759/759
f 763/763 761/761 762/762
f 762/762 759/759 763/763
f 760/760 764/764 759/759
f 737/737 748/748 750/750
f 765/765 748/748 761/761
f 748/748 752/752 750/750
f 766/766 752/752 748/748
f 767/767 766/766 748/748
f 765/765 767/767 748/748
f 768/768 767/767 765/765
f 768/768 765/765 769/769
f 765/765 761/761 763/763
f 763/763 769/769 765/765
f 769/769 763/763 759/759
f 764/764 769/769 759/759
f 770/770 768/768 769/769
f 751/751 771/771 753/753
f 771/771 757/757 753/753
f 772/772 771/771 751/751
f 752/752 766/766 773/773
f 774/774 757/757 771/771
f 774/774 758/758 757/757
f 772/772 774/774 771/771
f 775/775 773/773 766/766
f 767/767 775/775 766/766
f 767/767 776/776 775/775
f 775/775 777/777 773/773
f 770/770 769/769 764/764
f 767/767 768/768 776/776
f 779/779 768/768 770/770
f 776/776 768/768 779/779
f 764/764 780/780 770/770
f 779/779 770/770 781/781
f 782/782 770/770 780/780
f 781/781 770/770 782/782
f 783/783 782/782 780/780
f 715/715 703/703 702/702
f 712/712 711/711 650/650
f 714/714 710/710 712/712
f 650/650 652/652 712/712
f 712/712 784/784 714/714
f 784/784 712/712 652/652
f 651/651 658/658 652/652
f 652/652 658/658 785/785
f 786/786 657/657 656/656
f 658/658 657/657 786/786
f 785/785 658/658 786/786
f 787/787 652/652 785/785
f 784/784 652/652 787/787
f 716/716 715/715 713/713
f 714/714 788/788 716/716
f 788/788 714/714 784/784
f 787/787 789/789 784/784
f 788/788 784/784 789/789
f 785/785 789/789 787/787
f 659/659 639/639 744/744
f 786/786 656/656 668/668
f 668/668 790/790 786/786
f 791/791 790/790 668/668
f 785/785 786/786 790/790
f 790/790 791/791 785/785
f 671/671 792/792 674/674
f 671/671 793/793 792/792
f 794/794 792/792 793/793
f 668/668 669/669 675/675
f 792/792 675/675 674/674
f 668/668 675/675 795/795
f 796/796 668/668 795/795
f 795/795 675/675 792/792
f 795/795 792/792 794/794
f 791/791 668/668 796/796
f 791/791 796/796 797/797
f 798/798 791/791 797/797
f 799/799 800/800 795/795
f 797/797 795/795 800/800
f 797/797 796/796 795/795
f 794/794 799/799 795/795
f 788/788 789/789 801/801
f 789/789 785/785 802/802
f 802/802 785/785 791/791
f 802/802 791/791 798/798
f 798/798 801/801 802/802
f 789/789 802/802 801/801
f 803/803 801/801 798/798
f 798/798 797/797 804/804
f 804/804 797/797 800/800
f 699/699 760/760 696/696
f 703/703 760/760 699/699
f 805/805 703/703 715/715
f 760/760 703/703 764/764
f 764/764 703/703 806/806
f 703/703 805/805 806/806
f 805/805 715/715 807/807
f 807/807 715/715 716/716
f 808/808 807/807 716/716
f 809/809 808/808 716/716
f 780/780 764/764 806/806
f 780/780 806/806 810/810
f 806/806 805/805 810/810
f 810/810 783/783 780/780
f 783/783 810/810 811/811
f 807/807 810/810 805/805
f 808/808 810/810 807/807
f 809/809 812/812 808/808
f 812/812 810/810 808/808
f 813/813 803/803 814/814
f 803/803 788/788 801/801
f 813/813 716/716 788/788
f 813/813 788/788 803/803
f 813/813 809/809 716/716
f 556/556 423/423 421/421
f 815/815 556/556 421/421
f 421/421 816/816 815/815
f 815/815 816/816 817/817
f 557/557 556/556 815/815
f 562/562 557/557 818/818
f 557/557 819/819 818/818
f 557/557 815/815 819/819
f 820/820 817/817 821/821
f 815/815 817/817 820/820
f 822/822 815/815 820/820
f 822/822 820/820 823/823
f 819/819 824/824 818/818
f 562/562 818/818 824/824
f 563/563 562/562 825/825
f 825/825 564/564 563/563
f 564/564 825/825 826/826
f 825/825 562/562 824/824
f 819/819 815/815 822/822
f 827/827 819/819 828/828
f 828/828 819/819 822/822
f 829/829 827/827 828/828
f 829/829 828/828 830/830
f 832/832 829/829 830/830
f 824/824 819/819 827/827
f 825/825 824/824 827/827
f 826/826 825/825 827/827
f 826/826 827/827 829/829
f 822/822 823/823 833/833
f 834/834 822/822 833/833
f 834/834 833/833 616/616
f 828/828 822/822 834/834
f 834/834 616/616 615/615
f 831/831 828/828 835/835
f 836/836 834/834 615/615
f 828/828 834/834 836/836
f 837/837 561/561 564/564
f 826/826 837/837 564/564
f 566/566 561/561 838/838
f 838/838 561/561 837/837
f 838/838 839/839 566/566
f 838/838 837/837 840/840
f 826/826 841/841 840/840
f 841/841 826/826 829/829
f 826/826 840/840 837/837
f 841/841 829/829 832/832
f 841/841 842/842 840/840
f 842/842 843/843 838/838
f 842/842 838/838 840/840
f 533/533 566/566 839/839
f 624/624 533/533 839/839
f 624/624 839/839 843/843
f 839/839 838/838 843/843
f 842/842 841/841 844/844
f 624/624 843/843 626/626
f 843/843 842/842 626/626
f 835/835 832/832 830/830
f 835/835 841/841 832/832
f 845/845 835/835 828/828
f 846/846 835/835 845/845
f 835/835 846/846 841/841
f 844/844 841/841 846/846
f 847/847 844/844 846/846
f 846/846 845/845 848/848
f 847/847 846/846 849/849
f 849/849 846/846 848/848
f 836/836 845/845 828/828
f 845/845 836/836 850/850
f 615/615 621/621 836/836
f 647/647 836/836 621/621
f 850/850 836/836 647/647
f 848/848 845/845 850/850
f 851/851 848/848 850/850
f 844/844 847/847 842/842
f 842/842 847/847 852/852
f 849/849 852/852 847/847
f 849/849 853/853 852/852
f 626/626 842/842 852/852
f 626/626 852/852 707/707
f 849/849 848/848 853/853
f 848/848 854/854 853/853
f 854/854 855/855 853/853
f 851/851 854/854 848/848
f 851/851 856/856 854/854
f 709/709 853/853 855/855
f 853/853 709/709 852/852
f 707/707 852/852 709/709
f 855/855 854/854 856/856
f 709/709 855/855 856/856
f 856/856 711/711 709/709
f 850/850 857/857 851/851
f 850/850 653/653 857/857
f 851/851 857/857 856/856
f 653/653 850/850 647/647
f 653/653 858/858 857/857
f 858/858 653/653 651/651
f 711/711 856/856 857/857
f 857/857 650/650 711/711
f 858/858 650/650 857/857
f 650/650 858/858 651/651
f 744/744 743/743 859/859
f 756/756 755/755 758/758
f 756/756 758/758 860/860
f 860/860 861/861 756/756
f 741/741 756/756 743/743
f 861/861 743/743 756/756
f 861/861 862/862 743/743
f 859/859 743/743 862/862
f 863/863 864/864 861/861
f 861/861 864/864 862/862
f 859/859 862/862 664/664
f 865/865 664/664 862/862
f 862/862 864/864 865/865
f 866/866 865/865 864/864
f 867/867 865/865 866/866
f 868/868 869/869 865/865
f 778/778 870/870 772/772
f 872/872 870/870 778/778
f 870/870 873/873 774/774
f 872/872 873/873 870/870
f 875/875 873/873 872/872
f 876/876 877/877 873/873
f 876/876 878/878 877/877
f 777/777 775/775 871/871
f 775/775 879/879 871/871
f 880/880 874/874 871/871
f 871/871 879/879 880/880
f 876/876 875/875 881/881
f 873/873 875/875 876/876
f 874/874 880/880 882/882
f 883/883 882/882 880/880
f 885/885 876/876 881/881
f 883/883 884/884 882/882
f 886/886 887/887 876/876
f 878/878 876/876 887/887
f 885/885 886/886 876/876
f 889/889 886/886 885/885
f 890/890 888/888 884/884
f 890/890 884/884 883/883
f 891/891 890/890 883/883
f 891/891 888/888 890/890
f 758/758 892/892 860/860
f 758/758 774/774 892/892
f 774/774 873/873 892/892
f 774/774 772/772 870/870
f 892/892 863/863 860/860
f 863/863 892/892 877/877
f 893/893 863/863 877/877
f 877/877 892/892 873/873
f 879/879 775/775 776/776
f 776/776 880/880 879/879
f 779/779 894/894 776/776
f 781/781 894/894 779/779
f 781/781 782/782 895/895
f 782/782 896/896 895/895
f 897/897 883/883 880/880
f 897/897 880/880 776/776
f 894/894 897/897 776/776
f 898/898 891/891 883/883
f 878/878 899/899 877/877
f 900/900 899/899 878/878
f 887/887 900/900 878/878
f 901/901 900/900 887/887
f 901/901 887/887 886/886
f 889/889 901/901 886/886
f 903/903 904/904 901/901
f 905/905 900/900 901/901
f 903/903 901/901 889/889
f 891/891 902/902 888/888
f 906/906 902/902 891/891
f 907/907 909/909 912/912
f 913/913 914/914 907/907
f 912/912 913/913 907/907
f 915/915 916/916 914/914
f 914/914 913/913 915/915
f 915/915 917/917 916/916
f 918/918 893/893 877/877
f 893/893 918/918 919/919
f 919/919 864/864 893/893
f 919/919 866/866 864/864
f 867/867 919/919 918/918
f 919/919 867/867 866/866
f 920/920 921/921 918/918
f 867/867 918/918 921/921
f 922/922 867/867 921/921
f 918/918 877/877 920/920
f 899/899 920/920 877/877
f 921/921 920/920 899/899
f 900/900 923/923 899/899
f 922/922 865/865 867/867
f 922/922 868/868 865/865
f 921/921 924/924 922/922
f 900/900 905/905 923/923
f 925/925 923/923 905/905
f 904/904 905/905 901/901
f 925/925 905/905 904/904
f 926/926 925/925 904/904
f 927/927 926/926 904/904
f 926/926 930/930 925/925
f 926/926 907/907 914/914
f 914/914 930/930 926/926
f 925/925 930/930 931/931
f 903/903 932/932 904/904
f 932/932 927/927 904/904
f 933/933 902/902 906/906
f 933/933 934/934 929/929
f 934/934 933/933 936/936
f 936/936 933/933 906/906
f 937/937 936/936 906/906
f 937/937 938/938 936/936
f 939/939 926/926 927/927
f 941/941 940/940 928/928
f 941/941 928/928 935/935
f 939/939 907/907 926/926
f 941/941 935/935 942/942
f 908/908 940/940 941/941
f 909/909 907/907 939/939
f 936/936 944/944 934/934
f 938/938 944/944 936/936
f 943/943 934/934 944/944
f 944/944 946/946 943/943
f 944/944 947/947 946/946
f 938/938 947/947 944/944
f 941/941 942/942 949/949
f 945/945 949/949 942/942
f 946/946 947/947 950/950
f 951/951 950/950 947/947
f 946/946 952/952 954/954
f 952/952 946/946 950/950
f 949/949 945/945 953/953
f 954/954 952/952 955/955
f 957/957 952/952 950/950
f 955/955 952/952 957/957
f 957/957 958/958 955/955
f 958/958 957/957 959/959
f 960/960 959/959 961/961
f 962/962 930/930 914/914
f 962/962 963/963 930/930
f 963/963 931/931 930/930
f 964/964 963/963 962/962
f 908/908 941/941 966/966
f 949/949 966/966 941/941
f 914/914 916/916 962/962
f 916/916 964/964 962/962
f 967/967 968/968 964/964
f 969/969 970/970 971/971
f 969/969 972/972 973/973
f 973/973 967/967 974/974
f 975/975 976/976 970/970
f 974/974 975/975 970/970
f 974/974 969/969 973/973
f 969/969 974/974 970/970
f 974/974 977/977 975/975
f 974/974 978/978 977/977
f 979/979 949/949 953/953
f 982/982 955/955 958/958
f 986/986 956/956 981/981
f 979/979 953/953 956/956
f 986/986 979/979 956/956
f 973/973 968/968 967/967
f 980/980 985/985 988/988
f 744/744 664/664 659/659
f 664/664 744/744 859/859
f 664/664 989/989 990/990
f 991/991 793/793 992/992
f 991/991 794/794 793/793
f 799/799 794/794 991/991
f 799/799 991/991 993/993
f 992/992 994/994 991/991
f 993/993 991/991 994/994
f 993/993 994/994 995/995
f 993/993 996/996 799/799
f 800/800 799/799 996/996
f 997/997 804/804 996/996
f 996/996 993/993 998/998
f 995/995 998/998 993/993
f 995/995 999/999 998/998
f 997/997 996/996 998/998
f 1000/1000 998/998 999/999
f 798/798 804/804 997/997
f 997/997 1001/1001 798/798
f 997/997 1002/1002 1001/1001
f 1002/1002 997/997 1000/1000
f 1000/1000 997/997 998/998
f 1002/1002 1000/1000 1003/1003
f 804/804 800/800 996/996
f 999/999 995/995 1004/1004
f 1004/1004 1005/1005 999/999
f 1000/1000 999/999 1006/1006
f 1006/1006 999/999 1005/1005
f 1007/1007 1006/1006 1005/1005
f 1000/1000 1006/1006 1008/1008
f 1008/1008 1006/1006 1007/1007
f 1003/1003 1000/1000 1008/1008
f 1009/1009 1005/1005 1010/1010
f 1007/1007 1005/1005 1009/1009
f 1007/1007 1011/1011 1008/1008
f 1011/1011 1007/1007 1009/1009
f 1012/1012 1011/1011 1009/1009
f 664/664 865/865 1013/1013
f 1013/1013 865/865 869/869
f 1014/1014 1015/1015 1016/1016
f 1017/1017 1014/1014 1016/1016
f 1012/1012 1009/1009 1010/1010
f 1012/1012 1010/1010 1018/1018
f 1010/1010 1015/1015 1018/1018
f 1019/1019 1015/1015 1014/1014
f 809/809 813/813 1020/1020
f 896/896 782/782 783/783
f 783/783 811/811 896/896
f 896/896 811/811 1021/1021
f 1022/1022 895/895 896/896
f 1023/1023 1022/1022 1021/1021
f 896/896 1021/1021 1022/1022
f 812/812 811/811 810/810
f 1020/1020 812/812 809/809
f 1021/1021 812/812 1020/1020
f 811/811 812/812 1021/1021
f 1024/1024 1021/1021 1020/1020
f 1025/1025 1022/1022 1023/1023
f 1026/1026 1025/1025 1023/1023
f 1027/1027 1024/1024 1020/1020
f 1028/1028 1024/1024 1027/1027
f 1029/1029 1024/1024 1028/1028
f 1021/1021 1024/1024 1023/1023
f 1026/1026 1023/1023 1024/1024
f 1026/1026 1024/1024 1029/1029
f 798/798 1001/1001 803/803
f 1001/1001 814/814 803/803
f 1030/1030 1001/1001 1002/1002
f 1030/1030 1002/1002 1003/1003
f 814/814 1001/1001 1030/1030
f 1031/1031 814/814 1030/1030
f 813/813 814/814 1032/1032
f 813/813 1032/1032 1020/1020
f 1031/1031 1032/1032 814/814
f 1032/1032 1031/1031 1033/1033
f 1027/1027 1032/1032 1033/1033
f 1033/1033 1031/1031 1030/1030
f 1034/1034 1033/1033 1030/1030
f 1003/1003 1008/1008 1030/1030
f 1008/1008 1011/1011 1030/1030
f 1034/1034 1030/1030 1011/1011
f 1035/1035 1011/1011 1012/1012
f 1011/1011 1035/1035 1034/1034
f 1033/1033 1034/1034 1035/1035
f 1036/1036 1033/1033 1035/1035
f 1020/1020 1032/1032 1027/1027
f 1033/1033 1028/1028 1027/1027
f 1036/1036 1028/1028 1033/1033
f 1037/1037 1038/1038 1039/1039
f 1040/1040 1038/1038 1041/1041
f 1040/1040 1041/1041 1042/1042
f 1043/1043 1040/1040 1042/1042
f 1040/1040 1043/1043 1044/1044
f 1045/1045 1044/1044 1043/1043
f 1046/1046 1044/1044 1045/1045
f 1042/1042 1047/1047 1043/1043
f 1048/1048 1014/1014 1017/1017
f 1048/1048 1017/1017 1049/1049
f 1050/1050 1048/1048 1049/1049
f 1051/1051 1039/1039 1038/1038
f 1052/1052 1051/1051 1038/1038
f 1038/1038 1040/1040 1052/1052
f 1051/1051 1053/1053 1039/1039
f 1053/1053 1051/1051 1054/1054
f 1050/1050 1049/1049 1053/1053
f 1055/1055 1050/1050 1056/1056
f 1057/1057 1055/1055 1056/1056
f 1040/1040 1058/1058 1052/1052
f 1051/1051 1052/1052 1059/1059
f 1059/1059 1052/1052 1058/1058
f 1059/1059 1058/1058 1060/1060
f 1044/1044 1058/1058 1040/1040
f 1058/1058 1044/1044 1046/1046
f 1061/1061 1062/1062 1060/1060
f 1060/1060 1062/1062 1059/1059
f 1060/1060 1063/1063 1061/1061
f 1064/1064 1062/1062 1061/1061
f 1063/1063 1060/1060 1058/1058
f 1063/1063 1058/1058 1046/1046
f 1063/1063 1065/1065 1061/1061
f 1051/1051 1059/1059 1054/1054
f 1054/1054 1050/1050 1053/1053
f 1056/1056 1054/1054 1059/1059
f 1066/1066 1059/1059 1062/1062
f 1066/1066 1056/1056 1059/1059
f 1056/1056 1050/1050 1054/1054
f 960/960 1067/1067 959/959
f 1068/1068 1067/1067 960/960
f 1029/1029 1028/1028 1069/1069
f 1029/1029 1069/1069 1070/1070
f 1070/1070 1071/1071 1029/1029
f 1026/1026 1029/1029 1072/1072
f 1073/1073 1025/1025 1026/1026
f 1026/1026 1072/1072 1073/1073
f 1071/1071 1074/1074 1072/1072
f 1029/1029 1071/1071 1072/1072
f 1071/1071 1070/1070 1074/1074
f 1076/1076 1079/1079 1080/1080
f 1083/1083 1085/1085 1088/1088
f 1083/1083 1089/1089 1085/1085
f 1091/1091 1083/1083 1088/1088
f 1087/1087 1084/1084 1094/1094
f 1094/1094 1084/1084 1098/1098
f 1098/1098 1084/1084 1090/1090
f 1095/1095 1092/1092 1086/1086
f 1100/1100 1083/1083 1091/1091
f 1100/1100 1091/1091 1104/1104
f 1103/1103 1092/1092 1095/1095
f 1102/1102 1093/1093 1099/1099
f 1107/1107 1097/1097 983/983
f 1110/1110 1098/1098 1090/1090
f 1112/1112 1108/1108 1083/1083
f 1083/1083 1108/1108 1089/1089
f 985/985 1096/1096 1109/1109
f 1111/1111 985/985 1109/1109
f 1113/1113 985/985 1111/1111
f 1114/1114 1113/1113 1111/1111
f 1083/1083 1115/1115 1112/1112
f 977/977 1043/1043 975/975
f 1043/1043 977/977 978/978
f 1043/1043 1047/1047 975/975
f 1117/1117 985/985 1113/1113
f 1118/1118 1113/1113 1114/1114
f 1117/1117 1113/1113 1118/1118
f 982/982 1119/1119 1082/1082
f 1119/1119 982/982 958/958
f 1122/1122 1077/1077 1081/1081
f 1124/1124 1082/1082 1119/1119
f 1075/1075 1120/1120 1078/1078
f 1067/1067 1123/1123 1119/1119
f 1123/1123 1067/1067 1125/1125
f 1067/1067 1119/1119 958/958
f 986/986 981/981 1080/1080
f 986/986 1080/1080 1079/1079
f 1078/1078 1120/1120 987/987
f 1106/1106 984/984 1121/1121
f 1105/1105 1123/1123 1101/1101
f 1101/1101 1123/1123 1125/1125
f 958/958 959/959 1067/1067
f 1067/1067 1068/1068 1127/1127
f 1116/1116 1125/1125 1067/1067
f 1111/1111 1116/1116 1128/1128
f 1129/1129 1116/1116 1067/1067
f 1129/1129 1128/1128 1116/1116
f 1100/1100 1126/1126 1083/1083
f 1115/1115 1083/1083 1126/1126
f 1130/1130 1067/1067 1127/1127
f 1130/1130 1129/1129 1067/1067
f 1130/1130 1131/1131 1132/1132
f 1130/1130 1132/1132 1129/1129
f 985/985 1117/1117 988/988
f 1133/1133 1064/1064 1114/1114
f 1133/1133 1134/1134 1064/1064
f 1066/1066 1062/1062 1064/1064
f 1134/1134 1066/1066 1064/1064
f 1133/1133 1114/1114 1111/1111
f 1128/1128 1133/1133 1111/1111
f 1135/1135 1134/1134 1133/1133
f 1135/1135 1136/1136 1134/1134
f 1137/1137 1136/1136 1135/1135
f 1069/1069 1138/1138 1057/1057
f 1070/1070 1069/1069 1139/1139
f 1136/1136 1066/1066 1134/1134
f 1136/1136 1139/1139 1066/1066
f 1057/1057 1056/1056 1139/1139
f 1139/1139 1056/1056 1066/1066
f 1139/1139 1069/1069 1057/1057
f 1136/1136 1070/1070 1139/1139
f 1136/1136 1137/1137 1070/1070
f 1140/1140 1064/1064 1061/1061
f 1140/1140 1061/1061 1118/1118
f 1118/1118 1061/1061 1065/1065
f 1140/1140 1114/1114 1064/1064
f 1140/1140 1118/1118 1114/1114
f 1133/1133 1128/1128 1141/1141
f 1074/1074 1141/1141 1129/1129
f 1129/1129 1141/1141 1128/1128
f 1141/1141 1135/1135 1133/1133
f 1141/1141 1137/1137 1135/1135
f 1074/1074 1137/1137 1141/1141
f 1129/1129 1132/1132 1074/1074
f 1132/1132 1072/1072 1074/1074
f 1074/1074 1070/1070 1137/1137
f 1012/1012 1018/1018 1142/1142
f 1035/1035 1012/1012 1143/1143
f 1142/1142 1018/1018 1015/1015
f 1142/1142 1015/1015 1019/1019
f 1143/1143 1012/1012 1142/1142
f 1143/1143 1142/1142 1019/1019
f 1019/1019 1144/1144 1143/1143
f 1036/1036 1035/1035 1143/1143
f 1036/1036 1143/1143 1145/1145
f 1143/1143 1144/1144 1145/1145
f 1146/1146 1145/1145 1144/1144
f 1145/1145 1146/1146 1036/1036
f 1144/1144 1138/1138 1146/1146
f 1019/1019 1014/1014 1048/1048
f 1048/1048 1147/1147 1019/1019
f 1147/1147 1048/1048 1050/1050
f 1144/1144 1019/1019 1147/1147
f 1055/1055 1147/1147 1050/1050
f 1147/1147 1138/1138 1144/1144
f 1057/1057 1147/1147 1055/1055
f 1138/1138 1147/1147 1057/1057
f 1028/1028 1036/1036 1069/1069
f 1036/1036 1146/1146 1069/1069
f 1069/1069 1146/1146 1138/1138
f 1148/1148 916/916 917/917
f 916/916 1148/1148 964/964
f 1149/1149 967/967 964/964
f 967/967 978/978 974/974
f 1149/1149 978/978 967/967
f 1150/1150 1151/1151 1149/1149
f 1151/1151 1152/1152 978/978
f 1151/1151 978/978 1149/1149
f 1153/1153 1152/1152 1151/1151
f 1154/1154 1153/1153 1151/1151
f 1155/1155 1156/1156 1157/1157
f 1158/1158 1157/1157 1156/1156
f 1045/1045 1043/1043 1159/1159
f 1160/1160 1045/1045 1159/1159
f 1046/1046 1161/1161 1063/1063
f 1065/1065 1063/1063 1161/1161
f 1065/1065 1161/1161 1162/1162
f 1045/1045 1161/1161 1046/1046
f 1161/1161 1045/1045 1160/1160
f 1152/1152 1043/1043 978/978
f 1152/1152 1159/1159 1043/1043
f 1118/1118 1163/1163 1117/1117
f 1164/1164 1163/1163 1118/1118
f 1165/1165 1160/1160 1166/1166
f 1159/1159 1152/1152 1167/1167
f 1159/1159 1167/1167 1160/1160
f 1163/1163 1164/1164 1168/1168
f 1168/1168 1166/1166 1169/1169
f 1163/1163 1168/1168 1169/1169
f 1117/1117 1170/1170 988/988
f 1170/1170 1117/1117 1163/1163
f 1171/1171 1163/1163 1172/1172
f 1169/1169 1172/1172 1163/1163
f 1172/1172 1169/1169 1173/1173
f 1118/1118 1065/1065 1162/1162
f 1162/1162 1161/1161 1165/1165
f 1161/1161 1160/1160 1165/1165
f 1118/1118 1162/1162 1165/1165
f 1164/1164 1118/1118 1165/1165
f 1164/1164 1165/1165 1166/1166
f 1168/1168 1164/1164 1166/1166
f 1167/1167 1152/1152 1153/1153
f 1174/1174 1160/1160 1167/1167
f 1166/1166 1160/1160 1174/1174
f 1169/1169 1166/1166 1173/1173
f 1173/1173 1166/1166 1174/1174
f 1167/1167 1175/1175 1174/1174
f 1175/1175 1167/1167 1153/1153
f 1175/1175 1176/1176 1177/1177
f 1177/1177 1173/1173 1174/1174
f 1177/1177 1174/1174 1175/1175
f 1178/1178 1153/1153 1179/1179
f 1175/1175 1153/1153 1178/1178
f 1178/1178 1176/1176 1175/1175
f 1180/1180 1163/1163 1171/1171
f 1172/1172 1173/1173 1171/1171
f 1171/1171 1173/1173 1177/1177
f 1181/1181 1153/1153 1154/1154
f 1178/1178 1179/1179 1182/1182
f 1177/1177 1176/1176 1183/1183
f 1177/1177 1184/1184 1171/1171
f 1184/1184 1177/1177 1183/1183
f 1180/1180 1171/1171 1184/1184
f 1185/1185 1184/1184 1183/1183
f 1186/1186 1184/1184 1185/1185
f 1187/1187 1179/1179 1154/1154
f 1182/1182 1188/1188 1178/1178
f 1189/1189 1176/1176 1178/1178
f 1183/1183 1176/1176 1189/1189
f 1185/1185 1183/1183 1189/1189
f 1185/1185 1189/1189 1190/1190
f 1157/1157 1182/1182 1187/1187
f 1188/1188 1182/1182 1157/1157
f 1189/1189 1178/1178 1188/1188
f 1191/1191 1189/1189 1188/1188
f 1192/1192 1188/1188 1157/1157
f 1192/1192 1191/1191 1188/1188
f 1192/1192 1157/1157 1193/1193
f 1193/1193 1157/1157 1158/1158
f 6/6 1194/1194 8/8
f 114/114 1194/1194 6/6
f 6/6 20/20 114/114
f 1197/1197 49/49 8/8
f 1197/1197 50/50 49/49
f 1197/1197 8/8 1194/1194
f 1198/1198 51/51 1196/1196
f 1198/1198 1196/1196 1195/1195
f 1198/1198 1195/1195 270/270
f 113/113 270/270 1195/1195
f 51/51 57/57 52/52
f 57/57 51/51 1198/1198
f 274/274 56/56 57/57
f 135/135 109/109 130/130
f 131/131 135/135 130/130
f 135/135 1199/1199 109/109
f 108/108 123/123 131/131
f 174/174 136/136 133/133
f 127/127 125/125 184/184
f 127/127 184/184 179/179
f 131/131 132/132 137/137
f 181/181 179/179 184/184
f 182/182 184/184 208/208
f 184/184 238/238 208/208
f 208/208 238/238 207/207
f 138/138 139/139 229/229
f 228/228 229/229 183/183
f 231/231 183/183 229/229
f 231/231 229/229 145/145
f 237/237 183/183 231/231
f 233/233 240/240 236/236
f 238/238 239/239 244/244
f 244/244 239/239 246/246
f 239/239 241/241 246/246
f 1200/1200 159/159 262/262
f 262/262 1201/1201 1200/1200
f 264/264 262/262 261/261
f 264/264 263/263 1202/1202
f 269/269 1202/1202 263/263
f 1203/1203 262/262 264/264
f 262/262 1203/1203 1201/1201
f 264/264 1202/1202 1203/1203
f 1203/1203 1202/1202 1204/1204
f 269/269 259/259 267/267
f 1204/1204 1202/1202 269/269
f 1205/1205 1203/1203 1204/1204
f 269/269 1206/1206 1204/1204
f 1204/1204 1206/1206 1207/1207
f 1207/1207 1205/1205 1204/1204
f 272/272 1198/1198 270/270
f 274/274 57/57 1198/1198
f 272/272 274/274 1198/1198
f 274/274 272/272 278/278
f 281/281 275/275 274/274
f 278/278 281/281 274/274
f 280/280 275/275 281/281
f 279/279 273/273 277/277
f 278/278 279/279 281/281
f 273/273 109/109 276/276
f 1199/1199 276/276 109/109
f 1199/1199 1208/1208 276/276
f 287/287 1199/1199 135/135
f 1199/1199 287/287 285/285
f 285/285 1208/1208 1199/1199
f 276/276 1208/1208 277/277
f 1208/1208 1209/1209 277/277
f 1208/1208 285/285 1209/1209
f 1210/1210 1209/1209 285/285
f 290/290 1211/1211 284/284
f 134/134 287/287 135/135
f 324/324 287/287 134/134
f 286/286 323/323 283/283
f 134/134 137/137 324/324
f 288/288 290/290 284/284
f 279/279 1212/1212 281/281
f 282/282 281/281 1212/1212
f 277/277 1209/1209 1213/1213
f 1213/1213 1209/1209 1214/1214
f 1214/1214 1209/1209 1210/1210
f 302/302 1214/1214 1210/1210
f 305/305 1213/1213 1214/1214
f 1215/1215 1213/1213 306/306
f 1213/1213 305/305 306/306
f 1214/1214 302/302 305/305
f 1211/1211 1216/1216 303/303
f 290/290 1216/1216 1211/1211
f 1218/1218 1216/1216 290/290
f 373/373 1216/1216 1218/1218
f 309/309 302/302 1217/1217
f 309/309 1217/1217 372/372
f 277/277 1213/1213 279/279
f 1219/1219 279/279 1213/1213
f 1212/1212 279/279 1219/1219
f 1215/1215 1219/1219 1213/1213
f 1212/1212 1219/1219 1215/1215
f 1212/1212 316/316 282/282
f 316/316 1212/1212 1220/1220
f 1220/1220 311/311 316/316
f 310/310 1215/1215 306/306
f 310/310 1221/1221 1220/1220
f 1221/1221 310/310 159/159
f 310/310 1220/1220 1215/1215
f 1220/1220 1212/1212 1215/1215
f 1220/1220 312/312 311/311
f 324/324 137/137 322/322
f 321/321 328/328 331/331
f 289/289 1222/1222 290/290
f 290/290 1222/1222 1218/1218
f 1223/1223 1222/1222 289/289
f 380/380 1218/1218 1222/1222
f 1222/1222 1223/1223 380/380
f 289/289 341/341 1223/1223
f 345/345 1224/1224 342/342
f 347/347 380/380 1223/1223
f 345/345 348/348 1224/1224
f 373/373 1218/1218 380/380
f 379/379 370/370 372/372
f 370/370 307/307 309/309
f 375/375 242/242 243/243
f 380/380 378/378 373/373
f 371/371 370/370 374/374
f 437/437 212/212 247/247
f 382/382 535/535 383/383
f 1225/1225 1221/1221 159/159
f 1200/1200 1225/1225 159/159
f 1226/1226 1225/1225 1200/1200
f 1220/1220 1221/1221 1225/1225
f 312/312 1220/1220 1225/1225
f 314/314 312/312 1225/1225
f 401/401 314/314 1225/1225
f 1226/1226 401/401 1225/1225
f 1201/1201 1226/1226 1200/1200
f 404/404 1226/1226 1201/1201
f 404/404 401/401 1226/1226
f 1203/1203 404/404 1201/1201
f 414/414 405/405 404/404
f 404/404 1203/1203 414/414
f 416/416 414/414 1203/1203
f 1203/1203 1205/1205 416/416
f 422/422 416/416 1205/1205
f 422/422 1205/1205 1207/1207
f 487/487 256/256 252/252
f 255/255 257/257 498/498
f 499/499 256/256 489/489
f 535/535 247/247 383/383
f 382/382 536/536 535/535
f 1227/1227 269/269 568/568
f 1228/1228 1227/1227 568/568
f 1227/1227 1206/1206 269/269
f 1206/1206 1227/1227 1229/1229
f 1229/1229 1207/1207 1206/1206
f 1207/1207 1229/1229 1230/1230
f 1227/1227 1228/1228 1229/1229
f 1207/1207 1230/1230 422/422
f 1230/1230 816/816 422/422
f 421/421 422/422 816/816
f 1228/1228 568/568 600/600
f 603/603 1228/1228 600/600
f 1231/1231 1228/1228 603/603
f 1232/1232 1231/1231 603/603
f 1231/1231 1232/1232 1233/1233
f 1229/1229 1228/1228 1231/1231
f 1231/1231 821/821 1229/1229
f 823/823 821/821 1231/1231
f 1234/1234 1231/1231 1233/1233
f 1234/1234 823/823 1231/1231
f 616/616 823/823 1234/1234
f 823/823 616/616 833/833
f 603/603 1235/1235 1232/1232
f 1235/1235 1233/1233 1232/1232
f 607/607 1235/1235 603/603
f 616/616 1234/1234 1233/1233
f 1236/1236 1233/1233 1235/1235
f 1233/1233 1236/1236 616/616
f 614/614 616/616 1236/1236
f 617/617 1235/1235 607/607
f 1235/1235 617/617 618/618
f 612/612 1237/1237 617/617
f 617/617 1237/1237 618/618
f 618/618 1236/1236 1235/1235
f 614/614 1236/1236 618/618
f 620/620 614/614 618/618
f 614/614 620/620 615/615
f 630/630 635/635 632/632
f 1238/1238 612/612 613/613
f 1238/1238 1237/1237 612/612
f 1237/1237 644/644 618/618
f 643/643 1238/1238 613/613
f 1238/1238 643/643 1239/1239
f 643/643 642/642 662/662
f 1240/1240 643/643 662/662
f 1239/1239 1237/1237 1238/1238
f 1239/1239 644/644 1237/1237
f 644/644 646/646 645/645
f 1239/1239 655/655 644/644
f 643/643 1240/1240 1239/1239
f 1240/1240 661/661 1241/1241
f 655/655 1239/1239 1240/1240
f 1241/1241 655/655 1240/1240
f 644/644 655/655 648/648
f 660/660 662/662 642/642
f 661/661 1240/1240 662/662
f 1242/1242 661/661 660/660
f 1242/1242 660/660 663/663
f 990/990 663/663 664/664
f 990/990 673/673 663/663
f 1241/1241 666/666 655/655
f 666/666 1241/1241 661/661
f 661/661 1242/1242 666/666
f 663/663 666/666 1242/1242
f 672/672 666/666 663/663
f 665/665 666/666 672/672
f 673/673 672/672 663/663
f 755/755 756/756 754/754
f 671/671 673/673 793/793
f 1230/1230 817/817 816/816
f 817/817 1230/1230 821/821
f 1229/1229 821/821 1230/1230
f 823/823 820/820 821/821
f 860/860 863/863 861/861
f 864/864 863/863 893/893
f 923/923 921/921 899/899
f 1243/1243 921/921 923/923
f 1243/1243 1244/1244 921/921
f 924/924 921/921 1244/1244
f 1245/1245 924/924 1244/1244
f 1243/1243 1246/1246 1244/1244
f 1244/1244 1246/1246 1247/1247
f 1247/1247 1245/1245 1244/1244
f 924/924 868/868 922/922
f 924/924 1248/1248 868/868
f 1249/1249 1250/1250 924/924
f 1250/1250 1248/1248 924/924
f 924/924 1245/1245 1249/1249
f 1251/1251 1245/1245 1247/1247
f 1251/1251 1249/1249 1245/1245
f 1249/1249 1251/1251 971/971
f 971/971 1252/1252 1249/1249
f 970/970 976/976 1252/1252
f 976/976 1250/1250 1249/1249
f 1252/1252 976/976 1249/1249
f 931/931 1243/1243 925/925
f 1243/1243 923/923 925/925
f 1243/1243 931/931 1246/1246
f 972/972 1246/1246 931/931
f 1253/1253 1247/1247 1246/1246
f 1253/1253 1251/1251 1247/1247
f 972/972 1253/1253 1246/1246
f 972/972 931/931 963/963
f 963/963 968/968 972/972
f 968/968 963/963 964/964
f 971/971 1251/1251 1253/1253
f 972/972 971/971 1253/1253
f 969/969 971/971 972/972
f 1252/1252 971/971 970/970
f 972/972 968/968 973/973
f 1254/1254 990/990 989/989
f 990/990 1254/1254 673/673
f 1254/1254 989/989 1255/1255
f 992/992 1254/1254 1255/1255
f 1255/1255 989/989 1256/1256
f 664/664 1013/1013 989/989
f 989/989 1013/1013 1257/1257
f 1256/1256 989/989 1257/1257
f 1258/1258 1255/1255 1256/1256
f 1256/1256 1257/1257 1259/1259
f 1013/1013 1260/1260 1257/1257
f 1257/1257 1260/1260 1259/1259
f 1259/1259 1261/1261 1256/1256
f 1259/1259 1016/1016 1261/1261
f 992/992 793/793 673/673
f 992/992 673/673 1254/1254
f 1255/1255 1258/1258 992/992
f 1004/1004 994/994 992/992
f 995/995 994/994 1004/1004
f 1261/1261 992/992 1258/1258
f 992/992 1261/1261 1004/1004
f 1258/1258 1256/1256 1261/1261
f 1005/1005 1004/1004 1261/1261
f 1010/1010 1005/1005 1261/1261
f 1013/1013 1262/1262 1260/1260
f 1262/1262 1013/1013 869/869
f 1262/1262 869/869 868/868
f 1259/1259 1260/1260 1016/1016
f 1016/1016 1260/1260 1262/1262
f 1262/1262 868/868 1037/1037
f 1262/1262 1037/1037 1263/1263
f 1262/1262 1263/1263 1264/1264
f 1264/1264 1016/1016 1262/1262
f 1016/1016 1264/1264 1017/1017
f 1261/1261 1015/1015 1010/1010
f 1261/1261 1016/1016 1015/1015
f 868/868 1248/1248 1037/1037
f 1038/1038 1037/1037 1248/1248
f 1248/1248 1250/1250 1038/1038
f 1265/1265 1038/1038 1250/1250
f 1263/1263 1037/1037 1039/1039
f 976/976 1265/1265 1250/1250
f 1038/1038 1265/1265 1042/1042
f 1047/1047 1265/1265 976/976
f 975/975 1047/1047 976/976
f 1047/1047 1042/1042 1265/1265
f 1042/1042 1041/1041 1038/1038
f 1039/1039 1264/1264 1263/1263
f 1039/1039 1017/1017 1264/1264
f 1017/1017 1039/1039 1049/1049
f 1053/1053 1049/1049 1039/1039
f 1157/1157 1187/1187 1155/1155
f 1179/1179 1181/1181 1154/1154
f 1153/1153 1181/1181 1179/1179
f 1187/1187 1182/1182 1179/1179
f 1266/1266 1267/1267 1268/1268
f 1269/1269 1270/1270 1268/1268
f 1267/1267 1269/1269 1268/1268
f 1267/1267 1271/1271 1269/1269
f 1271/1271 1267/1267 1272/1272
f 1271/1271 1272/1272 1273/1273
f 1270/1270 1269/1269 1274/1274
f 1271/1271 1273/1273 1269/1269
f 1274/1274 1269/1269 1273/1273
f 1274/1274 1273/1273 1275/1275
f 1275/1275 1276/1276 1277/1277
f 1278/1278 1277/1277 1276/1276
f 1273/1273 1279/1279 1276/1276
f 1275/1275 1273/1273 1276/1276
f 1276/1276 1279/1279 1280/1280
f 1281/1281 1278/1278 1276/1276
f 1276/1276 1280/1280 1281/1281
f 1282/1282 1278/1278 1281/1281
f 1283/1283 1284/1284 1285/1285
f 1286/1286 1283/1283 1285/1285
f 1286/1286 1287/1287 1283/1283
f 1286/1286 1285/1285 1288/1288
f 1289/1289 1287/1287 1290/1290
f 1291/1291 1283/1283 1287/1287
f 1291/1291 1287/1287 1289/1289
f 1286/1286 1288/1288 1292/1292
f 1286/1286 1292/1292 1293/1293
f 1287/1287 1286/1286 1290/1290
f 1290/1290 1286/1286 1293/1293
f 1293/1293 1294/1294 1290/1290
f 1295/1295 1290/1290 1294/1294
f 1274/1274 1296/1296 1270/1270
f 1296/1296 1292/1292 1270/1270
f 1296/1296 1293/1293 1292/1292
f 1296/1296 1297/1297 1293/1293
f 1298/1298 1296/1296 1274/1274
f 1298/1298 1297/1297 1296/1296
f 1297/1297 1298/1298 1299/1299
f 1300/1300 1297/1297 1301/1301
f 1301/1301 1302/1302 1300/1300
f 1297/1297 1300/1300 1293/1293
f 1294/1294 1293/1293 1300/1300
f 1295/1295 1294/1294 1300/1300
f 1274/1274 1303/1303 1298/1298
f 1299/1299 1298/1298 1303/1303
f 1303/1303 1304/1304 1299/1299
f 1275/1275 1303/1303 1274/1274
f 1303/1303 1275/1275 1277/1277
f 1301/1301 1297/1297 1299/1299
f 1301/1301 1299/1299 1304/1304
f 1304/1304 1305/1305 1301/1301
f 1277/1277 1278/1278 1306/1306
f 1304/1304 1303/1303 1277/1277
f 1306/1306 1304/1304 1277/1277
f 1304/1304 1306/1306 1305/1305
f 1306/1306 1278/1278 1282/1282
f 1282/1282 1281/1281 1307/1307
f 1308/1308 1307/1307 1281/1281
f 1307/1307 1308/1308 1309/1309
f 1280/1280 1308/1308 1281/1281
f 1310/1310 1309/1309 1308/1308
f 1311/1311 1310/1310 1308/1308
f 1280/1280 1312/1312 1313/1313
f 1280/1280 1313/1313 1308/1308
f 1314/1314 1310/1310 1315/1315
f 1311/1311 1315/1315 1310/1310
f 1311/1311 1316/1316 1315/1315
f 1315/1315 1317/1317 1319/1319
f 1308/1308 1313/1313 1321/1321
f 1322/1322 1313/1313 1312/1312
f 1321/1321 1311/1311 1308/1308
f 1316/1316 1323/1323 1315/1315
f 1317/1317 1315/1315 1324/1324
f 1324/1324 1315/1315 1323/1323
f 1324/1324 1323/1323 1326/1326
f 1325/1325 1327/1327 1328/1328
f 1329/1329 1330/1330 1331/1331
f 1331/1331 1316/1316 1311/1311
f 1331/1331 1323/1323 1316/1316
f 1331/1331 1311/1311 1321/1321
f 1331/1331 1321/1321 1329/1329
f 1323/1323 1331/1331 1332/1332
f 1326/1326 1323/1323 1333/1333
f 1332/1332 1333/1333 1323/1323
f 1313/1313 1329/1329 1321/1321
f 1332/1332 1331/1331 1335/1335
f 1330/1330 1335/1335 1331/1331
f 1336/1336 1335/1335 1330/1330
f 1337/1337 1332/1332 1339/1339
f 1332/1332 1335/1335 1339/1339
f 1328/1328 1327/1327 1334/1334
f 1333/1333 1332/1332 1337/1337
f 1334/1334 1338/1338 1340/1340
f 1340/1340 1338/1338 1341/1341
f 1337/1337 1339/1339 1342/1342
f 1342/1342 1339/1339 1335/1335
f 1335/1335 1336/1336 1344/1344
f 1344/1344 1336/1336 1346/1346
f 1341/1341 1343/1343 1347/1347
f 1342/1342 1335/1335 1344/1344
f 1348/1348 1341/1341 1349/1349
f 1349/1349 1341/1341 1347/1347
f 1350/1350 1349/1349 1347/1347
f 1351/1351 1329/1329 1313/1313
f 1313/1313 1352/1352 1351/1351
f 1336/1336 1330/1330 1329/1329
f 1329/1329 1353/1353 1336/1336
f 1351/1351 1353/1353 1329/1329
f 1346/1346 1336/1336 1354/1354
f 1353/1353 1354/1354 1336/1336
f 1354/1354 1355/1355 1346/1346
f 1356/1356 1354/1354 1353/1353
f 1353/1353 1351/1351 1356/1356
f 1356/1356 1355/1355 1354/1354
f 1357/1357 1355/1355 1356/1356
f 1358/1358 1347/1347 1343/1343
f 1350/1350 1347/1347 1358/1358
f 1343/1343 1345/1345 1358/1358
f 1358/1358 1345/1345 1359/1359
f 1358/1358 1360/1360 1350/1350
f 1360/1360 1358/1358 1361/1361
f 1361/1361 1358/1358 1359/1359
f 1362/1362 1361/1361 1359/1359
f 1355/1355 1359/1359 1345/1345
f 1355/1355 1363/1363 1359/1359
f 1359/1359 1363/1363 1364/1364
f 1362/1362 1359/1359 1364/1364
f 1365/1365 1362/1362 1364/1364
f 1363/1363 1366/1366 1364/1364
f 1366/1366 1367/1367 1364/1364
f 1368/1368 1356/1356 1351/1351
f 1357/1357 1356/1356 1368/1368
f 1357/1357 1363/1363 1355/1355
f 1369/1369 1363/1363 1357/1357
f 1368/1368 1369/1369 1357/1357
f 1369/1369 1366/1366 1363/1363
f 1370/1370 1366/1366 1369/1369
f 1371/1371 1368/1368 1351/1351
f 1368/1368 1372/1372 1369/1369
f 1373/1373 1369/1369 1372/1372
f 1369/1369 1373/1373 1370/1370
f 1371/1371 1372/1372 1368/1368
f 1270/1270 1285/1285 1268/1268
f 1288/1288 1285/1285 1270/1270
f 1288/1288 1270/1270 1292/1292
f 1374/1374 781/781 895/895
f 894/894 898/898 897/897
f 1375/1375 894/894 781/781
f 897/897 898/898 883/883
f 1375/1375 898/898 894/894
f 1376/1376 891/891 898/898
f 898/898 1375/1375 1377/1377
f 1376/1376 898/898 1378/1378
f 1378/1378 898/898 1377/1377
f 1374/1374 1379/1379 1375/1375
f 1374/1374 1375/1375 781/781
f 1374/1374 895/895 1380/1380
f 1381/1381 1379/1379 1374/1374
f 1381/1381 1374/1374 1380/1380
f 1382/1382 1380/1380 1025/1025
f 965/965 911/911 910/910
f 1384/1384 913/913 912/912
f 965/965 1385/1385 911/911
f 1386/1386 1383/1383 1385/1385
f 1385/1385 1383/1383 911/911
f 1384/1384 915/915 913/913
f 1376/1376 906/906 891/891
f 1376/1376 937/937 906/906
f 1378/1378 937/937 1376/1376
f 1387/1387 1378/1378 1377/1377
f 1387/1387 937/937 1378/1378
f 938/938 937/937 1387/1387
f 1388/1388 938/938 1387/1387
f 1379/1379 1377/1377 1375/1375
f 1387/1387 1377/1377 1388/1388
f 1377/1377 1379/1379 1388/1388
f 1379/1379 1389/1389 1388/1388
f 1388/1388 1389/1389 1390/1390
f 1390/1390 938/938 1388/1388
f 1389/1389 1379/1379 1391/1391
f 1391/1391 1379/1379 1381/1381
f 1381/1381 1392/1392 1391/1391
f 1390/1390 1393/1393 951/951
f 1391/1391 1393/1393 1389/1389
f 1390/1390 1389/1389 1393/1393
f 1393/1393 1391/1391 1392/1392
f 1381/1381 1380/1380 1382/1382
f 1392/1392 1394/1394 951/951
f 1394/1394 1392/1392 1381/1381
f 1394/1394 1381/1381 1395/1395
f 947/947 938/938 951/951
f 957/957 950/950 951/951
f 951/951 938/938 1390/1390
f 1393/1393 1392/1392 951/951
f 957/957 951/951 1396/1396
f 961/961 957/957 1396/1396
f 961/961 959/959 957/957
f 1394/1394 1396/1396 951/951
f 1396/1396 1394/1394 1397/1397
f 1397/1397 1394/1394 1395/1395
f 961/961 1396/1396 1397/1397
f 1398/1398 1385/1385 965/965
f 948/948 1399/1399 965/965
f 948/948 980/980 988/988
f 1380/1380 895/895 1022/1022
f 1380/1380 1022/1022 1025/1025
f 1395/1395 1381/1381 1382/1382
f 1382/1382 1025/1025 1073/1073
f 1068/1068 960/960 961/961
f 1397/1397 1068/1068 961/961
f 1068/1068 1397/1397 1127/1127
f 1382/1382 1397/1397 1395/1395
f 1382/1382 1073/1073 1397/1397
f 1073/1073 1131/1131 1397/1397
f 1397/1397 1131/1131 1127/1127
f 1131/1131 1073/1073 1132/1132
f 1073/1073 1072/1072 1132/1132
f 1131/1131 1130/1130 1127/1127
f 1400/1400 1402/1402 1386/1386
f 1386/1386 1402/1402 1383/1383
f 1401/1401 917/917 915/915
f 915/915 1384/1384 1401/1401
f 1148/1148 1401/1401 1404/1404
f 917/917 1401/1401 1148/1148
f 1386/1386 1385/1385 1398/1398
f 1400/1400 1386/1386 1398/1398
f 1405/1405 1402/1402 1400/1400
f 1405/1405 1403/1403 1402/1402
f 1398/1398 1399/1399 1400/1400
f 1148/1148 1406/1406 964/964
f 1407/1407 1409/1409 1403/1403
f 1148/1148 1404/1404 1408/1408
f 1407/1407 1403/1403 1405/1405
f 1410/1410 1409/1409 1407/1407
f 1400/1400 1399/1399 1411/1411
f 1400/1400 1412/1412 1405/1405
f 1405/1405 1412/1412 1407/1407
f 1407/1407 1412/1412 1413/1413
f 1413/1413 1410/1410 1407/1407
f 1411/1411 1414/1414 1413/1413
f 1414/1414 1411/1411 1399/1399
f 1406/1406 1415/1415 1417/1417
f 1416/1416 1418/1418 1420/1420
f 1419/1419 1421/1421 1415/1415
f 1417/1417 1415/1415 1421/1421
f 1422/1422 1410/1410 1413/1413
f 1422/1422 1413/1413 1423/1423
f 1424/1424 1418/1418 1422/1422
f 1422/1422 1418/1418 1410/1410
f 1423/1423 1425/1425 1422/1422
f 1425/1425 1424/1424 1422/1422
f 1423/1423 1413/1413 1414/1414
f 1426/1426 1423/1423 1414/1414
f 1423/1423 1426/1426 1425/1425
f 1425/1425 1427/1427 1424/1424
f 1424/1424 1420/1420 1418/1418
f 1428/1428 1427/1427 1425/1425
f 1427/1427 1428/1428 1429/1429
f 1426/1426 1428/1428 1425/1425
f 1430/1430 1431/1431 1426/1426
f 1429/1429 1428/1428 1426/1426
f 1429/1429 1426/1426 1431/1431
f 965/965 1399/1399 1398/1398
f 1399/1399 948/948 1432/1432
f 964/964 1417/1417 1149/1149
f 1433/1433 1399/1399 1434/1434
f 948/948 988/988 1432/1432
f 1434/1434 1399/1399 1432/1432
f 988/988 1435/1435 1432/1432
f 1434/1434 1432/1432 1435/1435
f 1170/1170 1435/1435 988/988
f 1436/1436 1434/1434 1435/1435
f 1433/1433 1434/1434 1436/1436
f 1417/1417 964/964 1406/1406
f 1150/1150 1149/1149 1417/1417
f 1150/1150 1417/1417 1437/1437
f 1399/1399 1433/1433 1414/1414
f 1426/1426 1414/1414 1433/1433
f 1433/1433 1438/1438 1426/1426
f 1438/1438 1433/1433 1436/1436
f 1430/1430 1426/1426 1438/1438
f 1439/1439 1430/1430 1438/1438
f 1150/1150 1154/1154 1151/1151
f 1435/1435 1163/1163 1180/1180
f 1435/1435 1180/1180 1436/1436
f 1438/1438 1436/1436 1440/1440
f 1438/1438 1440/1440 1439/1439
f 1440/1440 1436/1436 1180/1180
f 1441/1441 1442/1442 1443/1443
f 1424/1424 1427/1427 1444/1444
f 1419/1419 1445/1445 1421/1421
f 1424/1424 1446/1446 1420/1420
f 1444/1444 1446/1446 1424/1424
f 1429/1429 1447/1447 1427/1427
f 1447/1447 1444/1444 1427/1427
f 1417/1417 1421/1421 1448/1448
f 1445/1445 1448/1448 1421/1421
f 1449/1449 1448/1448 1445/1445
f 1450/1450 1444/1444 1442/1442
f 1444/1444 1450/1450 1446/1446
f 1447/1447 1443/1443 1444/1444
f 1429/1429 1443/1443 1447/1447
f 1443/1443 1442/1442 1444/1444
f 1448/1448 1449/1449 1451/1451
f 1453/1453 1454/1454 1442/1442
f 1441/1441 1456/1456 1442/1442
f 1442/1442 1456/1456 1453/1453
f 1442/1442 1454/1454 1450/1450
f 1455/1455 1451/1451 1449/1449
f 1451/1451 1455/1455 1452/1452
f 1457/1457 1441/1441 1443/1443
f 1443/1443 1429/1429 1457/1457
f 1458/1458 1457/1457 1429/1429
f 1431/1431 1458/1458 1429/1429
f 1459/1459 1458/1458 1431/1431
f 1460/1460 1441/1441 1457/1457
f 1460/1460 1457/1457 1461/1461
f 1462/1462 1441/1441 1460/1460
f 1461/1461 1462/1462 1460/1460
f 1462/1462 1464/1464 1441/1441
f 1461/1461 1463/1463 1462/1462
f 1461/1461 1465/1465 1463/1463
f 1441/1441 1464/1464 1456/1456
f 1459/1459 1466/1466 1461/1461
f 1465/1465 1461/1461 1466/1466
f 1458/1458 1459/1459 1457/1457
f 1459/1459 1461/1461 1457/1457
f 1431/1431 1467/1467 1459/1459
f 1468/1468 1459/1459 1467/1467
f 1437/1437 1154/1154 1150/1150
f 1417/1417 1448/1448 1437/1437
f 1439/1439 1469/1469 1430/1430
f 1437/1437 1470/1470 1154/1154
f 1470/1470 1437/1437 1448/1448
f 1439/1439 1471/1471 1469/1469
f 1440/1440 1180/1180 1472/1472
f 1187/1187 1154/1154 1473/1473
f 1474/1474 1475/1475 1472/1472
f 1439/1439 1440/1440 1475/1475
f 1472/1472 1475/1475 1440/1440
f 1475/1475 1471/1471 1439/1439
f 1470/1470 1448/1448 1451/1451
f 1473/1473 1154/1154 1470/1470
f 1476/1476 1473/1473 1470/1470
f 1476/1476 1470/1470 1451/1451
f 1473/1473 1476/1476 1477/1477
f 1475/1475 1474/1474 1478/1478
f 1155/1155 1473/1473 1479/1479
f 1479/1479 1156/1156 1155/1155
f 1480/1480 1481/1481 1475/1475
f 1482/1482 1471/1471 1475/1475
f 1475/1475 1483/1483 1482/1482
f 1431/1431 1430/1430 1469/1469
f 1484/1484 1431/1431 1469/1469
f 1485/1485 1431/1431 1484/1484
f 1467/1467 1431/1431 1485/1485
f 1482/1482 1467/1467 1485/1485
f 1484/1484 1469/1469 1471/1471
f 1485/1485 1484/1484 1471/1471
f 1482/1482 1485/1485 1471/1471
f 1486/1486 1467/1467 1482/1482
f 1163/1163 1435/1435 1170/1170
f 1184/1184 1186/1186 1180/1180
f 1190/1190 1472/1472 1186/1186
f 1190/1190 1186/1186 1185/1185
f 1472/1472 1190/1190 1487/1487
f 1488/1488 1472/1472 1487/1487
f 1472/1472 1180/1180 1186/1186
f 1487/1487 1190/1190 1189/1189
f 1191/1191 1487/1487 1189/1189
f 1191/1191 1488/1488 1487/1487
f 1191/1191 1474/1474 1488/1488
f 1474/1474 1191/1191 1192/1192
f 1474/1474 1472/1472 1488/1488
f 1478/1478 1474/1474 1192/1192
f 1192/1192 1193/1193 1489/1489
f 1478/1478 1192/1192 1489/1489
f 1489/1489 1480/1480 1478/1478
f 1478/1478 1480/1480 1475/1475
f 1489/1489 1193/1193 1158/1158
f 1158/1158 1490/1490 1489/1489
f 1489/1489 1490/1490 1480/1480
f 1480/1480 1490/1490 1481/1481
f 1409/1409 1410/1410 1416/1416
f 1410/1410 1418/1418 1416/1416
f 1406/1406 1148/1148 1408/1408
f 1408/1408 1415/1415 1406/1406
f 1473/1473 1155/1155 1187/1187
f 1477/1477 1479/1479 1473/1473
f 1156/1156 1491/1491 1158/1158
f 1492/1492 1493/1493 1494/1494
f 1495/1495 1493/1493 1496/1496
f 1497/1497 1493/1493 1498/1498
f 1495/1495 1498/1498 1493/1493
f 1498/1498 1495/1495 1499/1499
f 1499/1499 1495/1495 1496/1496
f 1500/1500 1497/1497 1498/1498
f 1500/1500 1498/1498 1499/1499
f 1500/1500 1499/1499 1501/1501
f 1502/1502 1500/1500 1501/1501
f 1503/1503 1501/1501 1499/1499
f 1503/1503 1499/1499 1504/1504
f 1505/1505 1506/1506 1507/1507
f 1508/1508 1506/1506 1505/1505
f 1505/1505 1509/1509 1508/1508
f 1500/1500 1502/1502 1505/1505
f 1502/1502 1501/1501 1503/1503
f 1502/1502 1503/1503 1504/1504
f 1502/1502 1509/1509 1505/1505
f 1510/1510 1509/1509 1502/1502
f 1510/1510 1502/1502 1511/1511
f 1508/1508 1512/1512 1506/1506
f 1508/1508 1510/1510 1512/1512
f 1512/1512 1513/1513 1506/1506
f 1510/1510 1508/1508 1509/1509
f 1514/1514 1510/1510 1511/1511
f 1515/1515 1516/1516 1517/1517
f 1518/1518 1519/1519 1520/1520
f 1521/1521 1518/1518 1522/1522
f 1520/1520 1522/1522 1518/1518
f 1523/1523 1522/1522 1520/1520
f 1519/1519 1524/1524 1520/1520
f 1525/1525 1524/1524 1516/1516
f 1524/1524 1519/1519 1516/1516
f 1526/1526 1524/1524 1525/1525
f 1527/1527 1523/1523 1520/1520
f 1527/1527 1520/1520 1528/1528
f 1528/1528 1520/1520 1524/1524
f 1528/1528 1524/1524 1526/1526
f 1528/1528 1526/1526 1527/1527
f 1525/1525 1516/1516 1515/1515
f 1515/1515 1517/1517 1529/1529
f 1526/1526 1525/1525 1515/1515
f 1526/1526 1515/1515 1529/1529
f 1531/1531 1532/1532 1533/1533
f 1534/1534 1535/1535 1537/1537
f 1538/1538 1532/1532 1536/1536
f 1537/1537 1535/1535 1540/1540
f 1534/1534 1541/1541 1535/1535
f 1542/1542 1538/1538 1536/1536
f 1543/1543 1544/1544 1545/1545
f 1547/1547 1544/1544 1543/1543
f 1542/1542 1548/1548 1538/1538
f 1546/1546 1548/1548 1542/1542
f 1534/1534 1543/1543 1541/1541
f 1541/1541 1543/1543 1545/1545
f 1531/1531 1533/1533 1549/1549
f 1550/1550 1551/1551 1552/1552
f 1552/1552 1553/1553 1550/1550
f 1550/1550 1553/1553 1540/1540
f 1554/1554 1553/1553 1552/1552
f 1554/1554 1555/1555 1553/1553
f 1513/1513 1550/1550 1506/1506
f 1550/1550 1513/1513 1551/1551
f 1556/1556 1513/1513 1557/1557
f 1557/1557 1513/1513 1512/1512
f 1551/1551 1513/1513 1556/1556
f 1556/1556 1552/1552 1551/1551
f 1557/1557 1512/1512 1510/1510
f 1557/1557 1510/1510 1514/1514
f 1554/1554 1552/1552 1556/1556
f 1557/1557 1554/1554 1556/1556
f 1554/1554 1557/1557 1558/1558
f 1557/1557 1514/1514 1558/1558
f 1514/1514 1559/1559 1558/1558
f 1553/1553 1537/1537 1540/1540
f 1555/1555 1560/1560 1537/1537
f 1555/1555 1537/1537 1553/1553
f 1555/1555 1554/1554 1561/1561
f 1560/1560 1534/1534 1537/1537
f 1560/1560 1543/1543 1534/1534
f 1562/1562 1560/1560 1555/1555
f 1562/1562 1555/1555 1561/1561
f 1560/1560 1547/1547 1543/1543
f 1547/1547 1560/1560 1562/1562
f 1563/1563 1547/1547 1562/1562
f 1558/1558 1561/1561 1554/1554
f 1558/1558 1564/1564 1561/1561
f 1563/1563 1562/1562 1561/1561
f 1564/1564 1563/1563 1561/1561
f 1558/1558 1565/1565 1564/1564
f 1566/1566 1567/1567 1569/1569
f 1571/1571 1566/1566 1569/1569
f 1570/1570 1568/1568 1572/1572
f 1573/1573 1574/1574 1575/1575
f 1576/1576 1577/1577 1574/1574
f 1577/1577 1576/1576 1578/1578
f 1579/1579 1573/1573 1581/1581
f 1574/1574 1577/1577 1575/1575
f 1583/1583 1574/1574 1573/1573
f 1584/1584 1583/1583 1573/1573
f 1571/1571 1573/1573 1566/1566
f 1573/1573 1571/1571 1581/1581
f 1570/1570 1585/1585 1582/1582
f 1586/1586 1582/1582 1585/1585
f 1580/1580 1582/1582 1586/1586
f 1573/1573 1579/1579 1584/1584
f 1547/1547 1587/1587 1544/1544
f 1588/1588 1587/1587 1589/1589
f 1546/1546 1590/1590 1548/1548
f 1548/1548 1590/1590 1591/1591
f 1572/1572 1568/1568 1592/1592
f 1585/1585 1570/1570 1572/1572
f 1593/1593 1592/1592 1587/1587
f 1593/1593 1572/1572 1592/1592
f 1588/1588 1593/1593 1587/1587
f 1593/1593 1585/1585 1572/1572
f 1593/1593 1588/1588 1563/1563
f 1594/1594 1591/1591 1595/1595
f 1590/1590 1595/1595 1591/1591
f 1596/1596 1597/1597 1594/1594
f 1590/1590 1598/1598 1595/1595
f 1598/1598 1594/1594 1595/1595
f 1598/1598 1596/1596 1594/1594
f 1596/1596 1598/1598 1599/1599
f 1600/1600 1601/1601 1577/1577
f 1602/1602 1590/1590 1601/1601
f 1578/1578 1600/1600 1577/1577
f 1602/1602 1600/1600 1603/1603
f 1603/1603 1604/1604 1602/1602
f 1604/1604 1603/1603 1266/1266
f 1586/1586 1585/1585 1605/1605
f 1605/1605 1585/1585 1593/1593
f 1563/1563 1605/1605 1593/1593
f 1605/1605 1563/1563 1606/1606
f 1607/1607 1586/1586 1605/1605
f 1580/1580 1586/1586 1607/1607
f 1607/1607 1605/1605 1608/1608
f 1602/1602 1598/1598 1590/1590
f 1602/1602 1604/1604 1609/1609
f 1609/1609 1598/1598 1602/1602
f 1609/1609 1599/1599 1598/1598
f 1610/1610 1599/1599 1268/1268
f 1266/1266 1609/1609 1604/1604
f 1599/1599 1609/1609 1268/1268
f 1268/1268 1609/1609 1266/1266
f 1611/1611 1606/1606 1612/1612
f 1611/1611 1612/1612 1613/1613
f 1611/1611 1614/1614 1608/1608
f 1608/1608 1605/1605 1606/1606
f 1608/1608 1606/1606 1611/1611
f 1614/1614 1611/1611 1613/1613
f 1615/1615 1614/1614 1613/1613
f 1563/1563 1589/1589 1547/1547
f 1589/1589 1587/1587 1547/1547
f 1589/1589 1563/1563 1588/1588
f 1563/1563 1564/1564 1606/1606
f 1612/1612 1564/1564 1565/1565
f 1616/1616 1612/1612 1565/1565
f 1564/1564 1612/1612 1606/1606
f 1617/1617 1618/1618 1620/1620
f 1620/1620 1621/1621 1617/1617
f 1618/1618 1622/1622 1620/1620
f 1621/1621 1620/1620 1624/1624
f 1622/1622 1624/1624 1620/1620
f 1625/1625 1624/1624 1622/1622
f 1625/1625 1626/1626 1624/1624
f 1622/1622 1628/1628 1625/1625
f 1628/1628 1629/1629 1625/1625
f 1627/1627 1631/1631 1630/1630
f 1624/1624 1632/1632 1621/1621
f 1621/1621 1632/1632 1633/1633
f 1633/1633 1634/1634 1621/1621
f 1635/1635 1632/1632 1624/1624
f 1624/1624 1626/1626 1635/1635
f 1629/1629 1626/1626 1625/1625
f 1636/1636 1635/1635 1626/1626
f 1636/1636 1626/1626 1629/1629
f 1633/1633 1637/1637 1634/1634
f 1632/1632 1638/1638 1633/1633
f 1639/1639 1632/1632 1635/1635
f 1638/1638 1632/1632 1639/1639
f 1637/1637 1633/1633 1638/1638
f 1641/1641 1636/1636 1629/1629
f 1630/1630 1631/1631 1640/1640
f 1642/1642 1639/1639 1643/1643
f 1635/1635 1636/1636 1643/1643
f 1643/1643 1639/1639 1635/1635
f 1643/1643 1636/1636 1641/1641
f 1641/1641 1644/1644 1643/1643
f 1645/1645 1638/1638 1639/1639
f 1639/1639 1642/1642 1645/1645
f 1646/1646 1637/1637 1638/1638
f 1647/1647 1642/1642 1643/1643
f 1643/1643 1644/1644 1647/1647
f 1642/1642 1647/1647 1645/1645
f 1645/1645 1647/1647 1648/1648
f 1644/1644 1650/1650 1647/1647
f 1650/1650 1652/1652 1647/1647
f 1641/1641 1650/1650 1644/1644
f 1649/1649 1640/1640 1653/1653
f 1654/1654 1638/1638 1645/1645
f 1652/1652 1648/1648 1647/1647
f 1645/1645 1648/1648 1654/1654
f 1655/1655 1648/1648 1652/1652
f 1649/1649 1656/1656 1651/1651
f 1656/1656 1649/1649 1653/1653
f 1657/1657 1661/1661 1662/1662
f 1659/1659 1662/1662 1663/1663
f 1655/1655 1654/1654 1648/1648
f 1665/1665 1654/1654 1655/1655
f 1654/1654 1665/1665 1638/1638
f 1662/1662 1665/1665 1655/1655
f 1652/1652 1667/1667 1655/1655
f 1667/1667 1662/1662 1655/1655
f 1668/1668 1651/1651 1656/1656
f 1638/1638 1665/1665 1669/1669
f 1651/1651 1668/1668 1666/1666
f 1668/1668 1656/1656 1653/1653
f 1667/1667 1663/1663 1662/1662
f 1666/1666 1668/1668 1670/1670
f 1669/1669 1665/1665 1662/1662
f 1669/1669 1662/1662 1661/1661
f 1664/1664 1666/1666 1670/1670
f 1671/1671 1670/1670 1668/1668
f 1664/1664 1670/1670 1671/1671
f 1672/1672 1671/1671 1668/1668
f 1668/1668 1653/1653 1672/1672
f 1673/1673 1661/1661 1657/1657
f 1638/1638 1669/1669 1646/1646
f 1673/1673 1669/1669 1661/1661
f 1646/1646 1669/1669 1673/1673
f 1674/1674 1660/1660 1664/1664
f 1673/1673 1657/1657 1675/1675
f 1678/1678 1660/1660 1674/1674
f 1677/1677 1676/1676 1658/1658
f 1679/1679 1678/1678 1674/1674
f 1675/1675 1680/1680 1673/1673
f 1681/1681 1683/1683 1677/1677
f 1685/1685 1678/1678 1679/1679
f 1676/1676 1677/1677 1683/1683
f 1682/1682 1678/1678 1685/1685
f 1686/1686 1683/1683 1681/1681
f 1682/1682 1685/1685 1687/1687
f 1689/1689 1683/1683 1686/1686
f 1684/1684 1688/1688 1680/1680
f 1684/1684 1680/1680 1675/1675
f 1690/1690 1691/1691 1685/1685
f 1664/1664 1671/1671 1674/1674
f 1671/1671 1672/1672 1674/1674
f 1672/1672 1679/1679 1674/1674
f 1653/1653 1692/1692 1672/1672
f 1646/1646 1673/1673 1680/1680
f 1672/1672 1685/1685 1679/1679
f 1685/1685 1672/1672 1692/1692
f 1685/1685 1692/1692 1690/1690
f 1687/1687 1685/1685 1691/1691
f 1691/1691 1689/1689 1686/1686
f 1693/1693 1680/1680 1688/1688
f 1694/1694 1689/1689 1691/1691
f 1690/1690 1695/1695 1691/1691
f 1695/1695 1694/1694 1691/1691
f 1696/1696 1695/1695 1690/1690
f 1697/1697 1695/1695 1696/1696
f 1699/1699 1689/1689 1694/1694
f 1698/1698 1693/1693 1688/1688
f 1701/1701 1693/1693 1698/1698
f 1646/1646 1680/1680 1702/1702
f 1696/1696 1690/1690 1692/1692
f 1693/1693 1702/1702 1680/1680
f 1695/1695 1697/1697 1694/1694
f 1704/1704 1699/1699 1694/1694
f 1706/1706 1703/1703 1697/1697
f 1703/1703 1694/1694 1697/1697
f 1704/1704 1700/1700 1699/1699
f 1705/1705 1700/1700 1704/1704
f 1706/1706 1697/1697 1707/1707
f 1707/1707 1697/1697 1696/1696
f 1708/1708 1707/1707 1696/1696
f 1709/1709 1700/1700 1705/1705
f 1709/1709 1711/1711 1700/1700
f 1712/1712 1711/1711 1709/1709
f 1709/1709 1713/1713 1712/1712
f 1712/1712 1714/1714 1711/1711
f 1707/1707 1708/1708 1706/1706
f 1706/1706 1708/1708 1709/1709
f 1709/1709 1708/1708 1713/1713
f 1708/1708 1696/1696 1716/1716
f 1710/1710 1693/1693 1701/1701
f 1693/1693 1710/1710 1715/1715
f 1708/1708 1716/1716 1713/1713
f 1712/1712 1713/1713 1716/1716
f 1717/1717 1714/1714 1712/1712
f 1718/1718 1712/1712 1716/1716
f 1719/1719 1721/1721 1718/1718
f 1721/1721 1714/1714 1717/1717
f 1719/1719 1718/1718 1716/1716
f 1722/1722 1715/1715 1720/1720
f 1723/1723 1721/1721 1719/1719
f 1724/1724 1725/1725 1720/1720
f 1720/1720 1725/1725 1722/1722
f 1726/1726 1723/1723 1719/1719
f 1728/1728 1725/1725 1724/1724
f 1726/1726 1727/1727 1723/1723
f 1719/1719 1716/1716 1696/1696
f 1715/1715 1722/1722 1693/1693
f 1726/1726 1719/1719 1696/1696
f 1722/1722 1702/1702 1693/1693
f 1729/1729 1725/1725 1728/1728
f 1731/1731 1702/1702 1722/1722
f 1516/1516 1732/1732 1733/1733
f 1734/1734 1735/1735 1736/1736
f 1737/1737 1738/1738 1739/1739
f 1735/1735 1739/1739 1733/1733
f 1516/1516 1733/1733 1740/1740
f 1735/1735 1733/1733 1732/1732
f 1516/1516 1740/1740 1741/1741
f 1742/1742 1741/1741 1743/1743
f 1733/1733 1738/1738 1740/1740
f 1740/1740 1738/1738 1741/1741
f 1517/1517 1516/1516 1742/1742
f 1742/1742 1516/1516 1741/1741
f 1739/1739 1735/1735 1734/1734
f 1739/1739 1734/1734 1637/1637
f 1739/1739 1738/1738 1733/1733
f 1741/1741 1738/1738 1744/1744
f 1743/1743 1744/1744 1745/1745
f 1746/1746 1744/1744 1747/1747
f 1744/1744 1746/1746 1745/1745
f 1748/1748 1745/1745 1746/1746
f 1738/1738 1737/1737 1744/1744
f 1737/1737 1749/1749 1744/1744
f 1739/1739 1750/1750 1737/1737
f 1744/1744 1749/1749 1751/1751
f 1752/1752 1749/1749 1737/1737
f 1752/1752 1737/1737 1750/1750
f 1744/1744 1743/1743 1741/1741
f 1753/1753 1742/1742 1743/1743
f 1529/1529 1742/1742 1753/1753
f 1529/1529 1753/1753 1754/1754
f 1754/1754 1753/1753 1755/1755
f 1754/1754 1755/1755 1757/1757
f 1753/1753 1743/1743 1755/1755
f 1755/1755 1743/1743 1748/1748
f 1745/1745 1748/1748 1743/1743
f 1759/1759 1755/1755 1748/1748
f 1755/1755 1759/1759 1757/1757
f 1637/1637 1750/1750 1739/1739
f 1637/1637 1760/1760 1750/1750
f 1761/1761 1762/1762 1763/1763
f 1634/1634 1762/1762 1761/1761
f 1762/1762 1764/1764 1763/1763
f 1763/1763 1764/1764 1518/1518
f 1518/1518 1764/1764 1519/1519
f 1634/1634 1736/1736 1762/1762
f 1765/1765 1763/1763 1521/1521
f 1761/1761 1763/1763 1765/1765
f 1618/1618 1521/1521 1767/1767
f 1521/1521 1618/1618 1765/1765
f 1617/1617 1761/1761 1765/1765
f 1618/1618 1617/1617 1765/1765
f 1521/1521 1763/1763 1518/1518
f 1767/1767 1521/1521 1522/1522
f 1523/1523 1767/1767 1522/1522
f 1621/1621 1634/1634 1761/1761
f 1617/1617 1621/1621 1761/1761
f 1764/1764 1732/1732 1519/1519
f 1516/1516 1519/1519 1732/1732
f 1764/1764 1736/1736 1732/1732
f 1762/1762 1736/1736 1764/1764
f 1735/1735 1732/1732 1736/1736
f 1634/1634 1734/1734 1736/1736
f 1527/1527 1526/1526 1768/1768
f 1634/1634 1637/1637 1734/1734
f 1771/1771 1767/1767 1523/1523
f 1627/1627 1766/1766 1770/1770
f 1623/1623 1619/1619 1766/1766
f 1623/1623 1766/1766 1627/1627
f 1527/1527 1771/1771 1523/1523
f 1527/1527 1768/1768 1771/1771
f 1770/1770 1769/1769 1631/1631
f 1770/1770 1631/1631 1627/1627
f 1769/1769 1772/1772 1631/1631
f 1742/1742 1529/1529 1517/1517
f 1757/1757 1529/1529 1754/1754
f 1529/1529 1768/1768 1526/1526
f 1530/1530 1772/1772 1769/1769
f 1756/1756 1772/1772 1530/1530
f 1773/1773 1756/1756 1758/1758
f 1756/1756 1773/1773 1772/1772
f 1631/1631 1772/1772 1774/1774
f 1773/1773 1774/1774 1772/1772
f 1775/1775 1776/1776 1777/1777
f 1778/1778 1779/1779 1583/1583
f 1584/1584 1778/1778 1583/1583
f 1779/1779 1576/1576 1574/1574
f 1780/1780 1578/1578 1576/1576
f 1574/1574 1583/1583 1779/1779
f 1576/1576 1779/1779 1780/1780
f 1781/1781 1779/1779 1778/1778
f 1782/1782 1779/1779 1781/1781
f 1779/1779 1782/1782 1780/1780
f 1783/1783 1778/1778 1584/1584
f 1579/1579 1785/1785 1584/1584
f 1786/1786 1580/1580 1787/1787
f 1783/1783 1584/1584 1785/1785
f 1786/1786 1788/1788 1784/1784
f 1788/1788 1786/1786 1787/1787
f 1789/1789 1781/1781 1778/1778
f 1790/1790 1789/1789 1778/1778
f 1790/1790 1778/1778 1783/1783
f 1792/1792 1777/1777 1789/1789
f 1777/1777 1793/1793 1789/1789
f 1789/1789 1793/1793 1781/1781
f 1782/1782 1781/1781 1793/1793
f 1789/1789 1790/1790 1792/1792
f 1790/1790 1783/1783 1794/1794
f 1790/1790 1794/1794 1792/1792
f 1795/1795 1797/1797 1791/1791
f 1795/1795 1799/1799 1797/1797
f 1792/1792 1775/1775 1777/1777
f 1775/1775 1792/1792 1801/1801
f 1788/1788 1787/1787 1802/1802
f 1788/1788 1802/1802 1803/1803
f 1788/1788 1798/1798 1784/1784
f 1784/1784 1798/1798 1796/1796
f 1803/1803 1798/1798 1788/1788
f 1776/1776 1751/1751 1805/1805
f 1806/1806 1776/1776 1805/1805
f 1805/1805 1752/1752 1806/1806
f 1776/1776 1775/1775 1751/1751
f 1776/1776 1793/1793 1777/1777
f 1776/1776 1807/1807 1793/1793
f 1793/1793 1807/1807 1782/1782
f 1807/1807 1776/1776 1806/1806
f 1807/1807 1806/1806 1808/1808
f 1782/1782 1807/1807 1808/1808
f 1809/1809 1808/1808 1806/1806
f 1746/1746 1747/1747 1811/1811
f 1759/1759 1746/1746 1811/1811
f 1747/1747 1744/1744 1751/1751
f 1749/1749 1752/1752 1805/1805
f 1805/1805 1751/1751 1749/1749
f 1747/1747 1751/1751 1775/1775
f 1801/1801 1747/1747 1775/1775
f 1811/1811 1747/1747 1801/1801
f 1759/1759 1748/1748 1746/1746
f 1758/1758 1810/1810 1812/1812
f 1791/1791 1813/1813 1800/1800
f 1810/1810 1800/1800 1813/1813
f 1813/1813 1791/1791 1797/1797
f 1812/1812 1813/1813 1797/1797
f 1812/1812 1797/1797 1814/1814
f 1810/1810 1813/1813 1812/1812
f 1797/1797 1799/1799 1814/1814
f 1804/1804 1814/1814 1799/1799
f 1752/1752 1750/1750 1806/1806
f 1750/1750 1760/1760 1806/1806
f 1812/1812 1773/1773 1758/1758
f 1812/1812 1814/1814 1815/1815
f 1812/1812 1815/1815 1773/1773
f 1600/1600 1578/1578 1603/1603
f 1578/1578 1780/1780 1272/1272
f 1272/1272 1603/1603 1578/1578
f 1272/1272 1266/1266 1603/1603
f 1580/1580 1607/1607 1787/1787
f 1787/1787 1607/1607 1816/1816
f 1817/1817 1787/1787 1816/1816
f 1607/1607 1608/1608 1816/1816
f 1818/1818 1816/1816 1608/1608
f 1787/1787 1817/1817 1802/1802
f 1814/1814 1804/1804 1820/1820
f 1802/1802 1819/1819 1803/1803
f 1816/1816 1818/1818 1817/1817
f 1821/1821 1817/1817 1818/1818
f 1802/1802 1817/1817 1822/1822
f 1819/1819 1802/1802 1822/1822
f 1822/1822 1817/1817 1821/1821
f 1267/1267 1266/1266 1272/1272
f 1615/1615 1823/1823 1614/1614
f 1823/1823 1818/1818 1614/1614
f 1821/1821 1818/1818 1824/1824
f 1824/1824 1818/1818 1825/1825
f 1825/1825 1818/1818 1823/1823
f 1818/1818 1608/1608 1614/1614
f 1273/1273 1272/1272 1780/1780
f 1279/1279 1273/1273 1780/1780
f 1780/1780 1782/1782 1279/1279
f 1279/1279 1782/1782 1808/1808
f 1808/1808 1280/1280 1279/1279
f 1827/1827 1819/1819 1822/1822
f 1814/1814 1820/1820 1828/1828
f 1828/1828 1820/1820 1826/1826
f 1824/1824 1825/1825 1829/1829
f 1824/1824 1829/1829 1827/1827
f 1831/1831 1826/1826 1830/1830
f 1827/1827 1822/1822 1824/1824
f 1824/1824 1822/1822 1821/1821
f 1828/1828 1826/1826 1832/1832
f 1832/1832 1826/1826 1831/1831
f 1828/1828 1832/1832 1833/1833
f 1815/1815 1814/1814 1828/1828
f 1809/1809 1806/1806 1834/1834
f 1806/1806 1760/1760 1835/1835
f 1835/1835 1834/1834 1806/1806
f 1834/1834 1835/1835 1836/1836
f 1809/1809 1280/1280 1808/1808
f 1837/1837 1322/1322 1809/1809
f 1834/1834 1837/1837 1809/1809
f 1815/1815 1828/1828 1838/1838
f 1838/1838 1828/1828 1833/1833
f 1836/1836 1837/1837 1834/1834
f 1835/1835 1839/1839 1836/1836
f 1840/1840 1837/1837 1836/1836
f 1840/1840 1322/1322 1837/1837
f 1773/1773 1815/1815 1838/1838
f 1760/1760 1637/1637 1839/1839
f 1839/1839 1835/1835 1760/1760
f 1637/1637 1841/1841 1839/1839
f 1841/1841 1840/1840 1839/1839
f 1840/1840 1836/1836 1839/1839
f 1842/1842 1773/1773 1838/1838
f 1840/1840 1841/1841 1352/1352
f 1631/1631 1653/1653 1640/1640
f 1774/1774 1653/1653 1631/1631
f 1646/1646 1702/1702 1843/1843
f 1841/1841 1637/1637 1646/1646
f 1774/1774 1773/1773 1844/1844
f 1843/1843 1841/1841 1646/1646
f 1774/1774 1692/1692 1653/1653
f 1774/1774 1844/1844 1692/1692
f 1843/1843 1702/1702 1731/1731
f 1692/1692 1844/1844 1845/1845
f 1842/1842 1844/1844 1773/1773
f 1846/1846 1727/1727 1726/1726
f 1847/1847 1729/1729 1728/1728
f 1730/1730 1722/1722 1725/1725
f 1847/1847 1848/1848 1729/1729
f 1848/1848 1722/1722 1730/1730
f 1847/1847 1849/1849 1848/1848
f 1696/1696 1850/1850 1726/1726
f 1851/1851 1849/1849 1847/1847
f 1850/1850 1846/1846 1726/1726
f 1855/1855 1856/1856 1851/1851
f 1851/1851 1856/1856 1849/1849
f 1850/1850 1853/1853 1846/1846
f 1848/1848 1849/1849 1722/1722
f 1856/1856 1722/1722 1849/1849
f 1857/1857 1856/1856 1855/1855
f 1857/1857 1722/1722 1856/1856
f 1850/1850 1696/1696 1858/1858
f 1859/1859 1854/1854 1852/1852
f 1853/1853 1850/1850 1859/1859
f 1860/1860 1859/1859 1850/1850
f 1850/1850 1858/1858 1861/1861
f 1858/1858 1696/1696 1692/1692
f 1862/1862 1843/1843 1731/1731
f 1862/1862 1863/1863 1843/1843
f 1864/1864 1841/1841 1843/1843
f 1844/1844 1842/1842 1865/1865
f 1843/1843 1866/1866 1864/1864
f 1866/1866 1843/1843 1863/1863
f 1863/1863 1864/1864 1866/1866
f 1865/1865 1867/1867 1844/1844
f 1868/1868 1869/1869 1871/1871
f 1868/1868 1872/1872 1869/1869
f 1874/1874 1870/1870 1873/1873
f 1873/1873 1875/1875 1874/1874
f 1871/1871 1876/1876 1868/1868
f 1877/1877 1872/1872 1868/1868
f 1873/1873 1878/1878 1875/1875
f 1879/1879 1875/1875 1878/1878
f 1868/1868 1880/1880 1877/1877
f 1881/1881 1880/1880 1868/1868
f 1877/1877 1880/1880 1882/1882
f 1881/1881 1882/1882 1880/1880
f 1884/1884 1882/1882 1881/1881
f 1883/1883 1879/1879 1878/1878
f 1883/1883 1885/1885 1879/1879
f 1884/1884 1886/1886 1882/1882
f 1887/1887 1884/1884 1881/1881
f 1888/1888 1886/1886 1884/1884
f 1884/1884 1887/1887 1888/1888
f 1885/1885 1889/1889 1879/1879
f 1891/1891 1889/1889 1885/1885
f 1890/1890 1886/1886 1888/1888
f 1892/1892 1889/1889 1891/1891
f 1894/1894 1893/1893 1890/1890
f 1890/1890 1888/1888 1894/1894
f 1894/1894 1888/1888 1887/1887
f 1895/1895 1893/1893 1894/1894
f 1896/1896 1893/1893 1895/1895
f 1898/1898 1894/1894 1887/1887
f 1898/1898 1895/1895 1894/1894
f 1899/1899 1895/1895 1898/1898
f 1900/1900 1896/1896 1895/1895
f 1899/1899 1900/1900 1895/1895
f 1901/1901 1898/1898 1887/1887
f 1898/1898 1901/1901 1899/1899
f 1899/1899 1901/1901 1902/1902
f 1902/1902 1900/1900 1899/1899
f 1859/1859 1869/1869 1854/1854
f 1857/1857 1855/1855 1870/1870
f 1859/1859 1860/1860 1871/1871
f 1871/1871 1860/1860 1876/1876
f 1876/1876 1860/1860 1850/1850
f 1871/1871 1869/1869 1859/1859
f 1876/1876 1850/1850 1861/1861
f 1874/1874 1857/1857 1870/1870
f 1875/1875 1857/1857 1874/1874
f 1868/1868 1876/1876 1881/1881
f 1857/1857 1731/1731 1722/1722
f 1903/1903 1875/1875 1879/1879
f 1903/1903 1857/1857 1875/1875
f 1903/1903 1904/1904 1857/1857
f 1904/1904 1731/1731 1857/1857
f 1881/1881 1876/1876 1861/1861
f 1887/1887 1881/1881 1861/1861
f 1903/1903 1879/1879 1889/1889
f 1904/1904 1903/1903 1905/1905
f 1905/1905 1903/1903 1889/1889
f 1906/1906 1889/1889 1892/1892
f 1907/1907 1904/1904 1905/1905
f 1897/1897 1906/1906 1892/1892
f 1905/1905 1889/1889 1906/1906
f 1906/1906 1907/1907 1905/1905
f 1897/1897 1907/1907 1906/1906
f 1900/1900 1908/1908 1896/1896
f 1909/1909 1907/1907 1897/1897
f 1907/1907 1909/1909 1904/1904
f 1901/1901 1887/1887 1861/1861
f 1910/1910 1861/1861 1858/1858
f 1902/1902 1911/1911 1900/1900
f 1912/1912 1911/1911 1902/1902
f 1902/1902 1901/1901 1912/1912
f 1908/1908 1900/1900 1911/1911
f 1901/1901 1913/1913 1912/1912
f 1861/1861 1913/1913 1901/1901
f 1914/1914 1913/1913 1861/1861
f 1915/1915 1911/1911 1912/1912
f 1915/1915 1908/1908 1911/1911
f 1915/1915 1916/1916 1908/1908
f 1917/1917 1908/1908 1916/1916
f 1914/1914 1861/1861 1910/1910
f 1904/1904 1909/1909 1918/1918
f 1917/1917 1919/1919 1908/1908
f 1731/1731 1904/1904 1920/1920
f 1904/1904 1918/1918 1920/1920
f 1921/1921 1912/1912 1913/1913
f 1923/1923 1915/1915 1922/1922
f 1922/1922 1915/1915 1912/1912
f 1913/1913 1924/1924 1921/1921
f 1923/1923 1921/1921 1924/1924
f 1924/1924 1913/1913 1914/1914
f 1923/1923 1925/1925 1915/1915
f 1916/1916 1915/1915 1925/1925
f 1925/1925 1923/1923 1926/1926
f 1923/1923 1924/1924 1926/1926
f 1924/1924 1914/1914 1926/1926
f 1927/1927 1925/1925 1926/1926
f 1925/1925 1927/1927 1916/1916
f 1928/1928 1927/1927 1926/1926
f 1927/1927 1928/1928 1917/1917
f 1927/1927 1917/1917 1916/1916
f 1928/1928 1926/1926 1929/1929
f 1930/1930 1926/1926 1914/1914
f 1928/1928 1931/1931 1917/1917
f 1929/1929 1931/1931 1928/1928
f 1932/1932 1930/1930 1914/1914
f 1933/1933 1914/1914 1910/1910
f 1845/1845 1934/1934 1910/1910
f 1931/1931 1935/1935 1917/1917
f 1935/1935 1931/1931 1936/1936
f 1917/1917 1935/1935 1937/1937
f 1930/1930 1932/1932 1938/1938
f 1929/1929 1938/1938 1931/1931
f 1938/1938 1936/1936 1931/1931
f 1914/1914 1939/1939 1932/1932
f 1938/1938 1932/1932 1939/1939
f 1937/1937 1919/1919 1917/1917
f 1940/1940 1937/1937 1935/1935
f 1936/1936 1940/1940 1935/1935
f 1941/1941 1937/1937 1940/1940
f 1942/1942 1919/1919 1937/1937
f 1937/1937 1941/1941 1942/1942
f 1939/1939 1936/1936 1938/1938
f 1940/1940 1936/1936 1939/1939
f 1939/1939 1914/1914 1944/1944
f 1933/1933 1944/1944 1914/1914
f 1945/1945 1940/1940 1939/1939
f 1945/1945 1941/1941 1940/1940
f 1945/1945 1939/1939 1946/1946
f 1946/1946 1939/1939 1944/1944
f 1941/1941 1945/1945 1942/1942
f 1933/1933 1910/1910 1934/1934
f 1943/1943 1920/1920 1918/1918
f 1942/1942 1947/1947 1949/1949
f 1948/1948 1920/1920 1943/1943
f 1945/1945 1947/1947 1942/1942
f 1950/1950 1944/1944 1933/1933
f 1951/1951 1947/1947 1945/1945
f 1946/1946 1951/1951 1945/1945
f 1946/1946 1944/1944 1950/1950
f 1950/1950 1953/1953 1946/1946
f 1952/1952 1951/1951 1946/1946
f 1947/1947 1951/1951 1949/1949
f 1954/1954 1953/1953 1950/1950
f 1956/1956 1951/1951 1952/1952
f 1957/1957 1951/1951 1956/1956
f 1957/1957 1949/1949 1951/1951
f 1954/1954 1958/1958 1953/1953
f 1958/1958 1954/1954 1950/1950
f 1955/1955 1953/1953 1958/1958
f 1949/1949 1957/1957 1960/1960
f 1961/1961 1933/1933 1934/1934
f 1933/1933 1961/1961 1950/1950
f 1960/1960 1957/1957 1962/1962
f 1964/1964 1957/1957 1956/1956
f 1955/1955 1958/1958 1963/1963
f 1964/1964 1962/1962 1957/1957
f 1964/1964 1966/1966 1962/1962
f 1948/1948 1959/1959 1967/1967
f 1962/1962 1968/1968 1960/1960
f 1958/1958 1950/1950 1969/1969
f 1962/1962 1966/1966 1968/1968
f 1961/1961 1969/1969 1950/1950
f 1969/1969 1961/1961 1970/1970
f 1971/1971 1960/1960 1968/1968
f 1971/1971 1968/1968 1966/1966
f 1972/1972 1971/1971 1966/1966
f 1960/1960 1971/1971 1973/1973
f 1975/1975 1973/1973 1971/1971
f 1972/1972 1975/1975 1971/1971
f 1975/1975 1976/1976 1973/1973
f 1963/1963 1958/1958 1969/1969
f 1963/1963 1969/1969 1965/1965
f 1965/1965 1969/1969 1972/1972
f 1972/1972 1969/1969 1978/1978
f 1978/1978 1969/1969 1970/1970
f 1972/1972 1978/1978 1975/1975
f 1979/1979 1975/1975 1978/1978
f 1975/1975 1979/1979 1980/1980
f 1692/1692 1910/1910 1858/1858
f 1910/1910 1692/1692 1845/1845
f 1731/1731 1920/1920 1862/1862
f 1981/1981 1845/1845 1844/1844
f 1845/1845 1981/1981 1982/1982
f 1934/1934 1845/1845 1982/1982
f 1983/1983 1862/1862 1984/1984
f 1984/1984 1985/1985 1983/1983
f 1986/1986 1985/1985 1984/1984
f 1985/1985 1987/1987 1983/1983
f 1967/1967 1920/1920 1948/1948
f 1920/1920 1967/1967 1988/1988
f 1988/1988 1862/1862 1920/1920
f 1961/1961 1934/1934 1982/1982
f 1974/1974 1967/1967 1959/1959
f 1989/1989 1961/1961 1982/1982
f 1980/1980 1976/1976 1975/1975
f 1974/1974 1977/1977 1967/1967
f 1990/1990 1961/1961 1991/1991
f 1988/1988 1967/1967 1992/1992
f 1992/1992 1967/1967 1977/1977
f 1977/1977 1994/1994 1992/1992
f 1961/1961 1989/1989 1991/1991
f 1995/1995 1991/1991 1989/1989
f 1979/1979 1978/1978 1970/1970
f 1979/1979 1970/1970 1990/1990
f 1990/1990 1970/1970 1961/1961
f 1996/1996 1980/1980 1979/1979
f 1979/1979 1990/1990 1996/1996
f 1996/1996 1976/1976 1980/1980
f 1998/1998 1976/1976 1996/1996
f 1996/1996 1990/1990 1991/1991
f 1991/1991 1997/1997 1996/1996
f 1999/1999 1994/1994 1977/1977
f 2000/2000 1991/1991 1995/1995
f 1989/1989 2000/2000 1995/1995
f 1989/1989 1982/1982 1981/1981
f 1862/1862 1988/1988 1984/1984
f 1988/1988 1986/1986 1984/1984
f 1989/1989 1981/1981 2001/2001
f 1988/1988 1992/1992 2002/2002
f 2004/2004 2003/2003 1993/1993
f 2005/2005 2003/2003 2004/2004
f 2006/2006 2005/2005 2004/2004
f 2002/2002 1986/1986 1988/1988
f 1989/1989 2001/2001 2007/2007
f 2008/2008 2005/2005 2006/2006
f 2010/2010 2003/2003 2011/2011
f 2003/2003 2005/2005 2011/2011
f 2008/2008 2011/2011 2005/2005
f 2012/2012 2010/2010 2008/2008
f 2008/2008 2010/2010 2011/2011
f 2013/2013 2012/2012 2009/2009
f 2014/2014 2015/2015 2010/2010
f 2003/2003 2010/2010 2015/2015
f 2012/2012 2014/2014 2010/2010
f 2013/2013 2001/2001 2016/2016
f 2012/2012 2013/2013 2016/2016
f 1999/1999 1992/1992 1994/1994
f 2017/2017 1993/1993 1998/1998
f 1991/1991 2017/2017 1997/1997
f 2017/2017 1991/1991 2000/2000
f 1989/1989 2007/2007 2000/2000
f 2017/2017 2000/2000 2018/2018
f 2000/2000 2007/2007 2018/2018
f 2018/2018 2004/2004 2017/2017
f 2017/2017 2004/2004 1993/1993
f 2018/2018 2006/2006 2004/2004
f 2006/2006 2018/2018 2007/2007
f 2007/2007 2009/2009 2006/2006
f 2013/2013 2009/2009 2007/2007
f 2013/2013 2007/2007 2001/2001
f 2016/2016 2001/2001 2019/2019
f 2020/2020 2015/2015 2014/2014
f 2021/2021 2003/2003 2015/2015
f 2020/2020 2021/2021 2015/2015
f 2014/2014 2012/2012 2016/2016
f 2014/2014 2016/2016 2020/2020
f 2020/2020 2016/2016 2019/2019
f 2022/2022 2024/2024 2021/2021
f 2021/2021 2024/2024 2003/2003
f 2020/2020 2019/2019 2021/2021
f 2019/2019 2023/2023 2021/2021
f 2025/2025 2001/2001 1981/1981
f 2003/2003 2024/2024 2026/2026
f 2002/2002 2027/2027 1986/1986
f 2028/2028 2025/2025 1981/1981
f 2001/2001 2025/2025 2019/2019
f 1986/1986 2027/2027 2030/2030
f 1985/1985 1986/1986 2030/2030
f 2032/2032 2028/2028 1981/1981
f 2034/2034 2026/2026 2024/2024
f 2035/2035 2037/2037 2026/2026
f 2035/2035 2026/2026 2034/2034
f 2039/2039 2037/2037 2035/2035
f 2028/2028 2039/2039 2036/2036
f 2040/2040 2033/2033 2024/2024
f 2040/2040 2024/2024 2022/2022
f 2023/2023 2019/2019 2025/2025
f 2023/2023 2025/2025 2040/2040
f 2040/2040 2036/2036 2033/2033
f 2036/2036 2040/2040 2025/2025
f 2025/2025 2028/2028 2036/2036
f 2042/2042 1987/1987 1985/1985
f 2030/2030 2044/2044 1985/1985
f 2044/2044 2042/2042 1985/1985
f 2026/2026 2038/2038 2029/2029
f 2045/2045 2028/2028 2032/2032
f 2039/2039 2028/2028 2045/2045
f 2039/2039 2031/2031 2037/2037
f 2031/2031 2039/2039 2046/2046
f 2045/2045 2046/2046 2039/2039
f 2046/2046 2045/2045 2032/2032
f 2046/2046 2032/2032 2047/2047
f 2048/2048 2043/2043 2029/2029
f 2046/2046 2049/2049 2031/2031
f 2048/2048 2041/2041 2043/2043
f 2049/2049 2046/2046 2047/2047
f 2050/2050 1863/1863 1862/1862
f 1844/1844 1867/1867 1981/1981
f 2051/2051 1863/1863 2050/2050
f 1862/1862 1983/1983 1987/1987
f 2052/2052 1981/1981 1867/1867
f 2052/2052 1867/1867 2053/2053
f 1862/1862 1987/1987 2050/2050
f 2054/2054 2050/2050 1987/1987
f 2055/2055 2054/2054 1987/1987
f 2057/2057 2055/2055 1987/1987
f 2058/2058 1867/1867 2059/2059
f 2060/2060 2050/2050 2054/2054
f 2061/2061 2050/2050 2060/2060
f 2060/2060 2062/2062 2061/2061
f 2061/2061 2051/2051 2050/2050
f 2063/2063 2051/2051 2061/2061
f 2061/2061 2064/2064 2063/2063
f 2054/2054 2062/2062 2060/2060
f 2054/2054 2055/2055 2062/2062
f 2061/2061 2062/2062 2064/2064
f 2062/2062 2055/2055 2064/2064
f 2065/2065 2059/2059 1867/1867
f 1981/1981 2052/2052 2032/2032
f 2042/2042 2057/2057 1987/1987
f 2032/2032 2052/2052 2047/2047
f 2052/2052 2066/2066 2067/2067
f 2052/2052 2067/2067 2047/2047
f 2052/2052 2053/2053 2066/2066
f 2068/2068 2056/2056 2041/2041
f 2041/2041 2048/2048 2068/2068
f 2066/2066 2053/2053 2070/2070
f 2072/2072 2056/2056 2068/2068
f 2066/2066 2071/2071 2069/2069
f 2071/2071 2066/2066 2070/2070
f 2073/2073 2056/2056 2072/2072
f 2073/2073 2071/2071 2070/2070
f 2047/2047 2067/2067 2049/2049
f 2049/2049 2067/2067 2069/2069
f 2069/2069 2067/2067 2066/2066
f 2055/2055 2057/2057 2074/2074
f 2073/2073 2075/2075 2056/2056
f 2073/2073 2076/2076 2075/2075
f 2074/2074 2077/2077 2055/2055
f 2070/2070 2053/2053 2058/2058
f 2076/2076 2070/2070 2058/2058
f 2070/2070 2076/2076 2073/2073
f 2053/2053 1867/1867 2058/2058
f 2079/2079 2058/2058 2059/2059
f 2081/2081 2055/2055 2077/2077
f 2083/2083 2055/2055 2081/2081
f 2084/2084 2082/2082 2080/2080
f 2055/2055 2083/2083 2085/2085
f 2087/2087 2082/2082 2084/2084
f 2082/2082 2087/2087 2089/2089
f 2055/2055 2085/2085 2064/2064
f 2087/2087 2059/2059 2065/2065
f 2090/2090 2087/2087 2065/2065
f 2086/2086 2082/2082 2088/2088
f 2088/2088 2092/2092 2086/2086
f 2092/2092 2093/2093 2086/2086
f 2091/2091 2089/2089 2090/2090
f 2087/2087 2090/2090 2089/2089
f 2096/2096 2097/2097 2098/2098
f 2100/2100 2064/2064 2085/2085
f 2093/2093 2101/2101 2086/2086
f 2102/2102 2101/2101 2093/2093
f 2100/2100 2098/2098 2064/2064
f 2099/2099 2101/2101 2104/2104
f 2102/2102 2104/2104 2101/2101
f 2106/2106 2090/2090 2065/2065
f 2106/2106 2091/2091 2090/2090
f 2093/2093 2092/2092 2107/2107
f 2094/2094 2106/2106 2103/2103
f 2065/2065 1867/1867 2108/2108
f 2106/2106 2105/2105 2103/2103
f 2065/2065 2108/2108 2106/2106
f 2106/2106 2110/2110 2105/2105
f 2109/2109 2095/2095 2099/2099
f 2099/2099 2104/2104 2109/2109
f 2076/2076 2111/2111 2075/2075
f 2111/2111 2078/2078 2075/2075
f 2111/2111 2113/2113 2078/2078
f 2079/2079 2112/2112 2111/2111
f 2079/2079 2111/2111 2076/2076
f 2079/2079 2076/2076 2058/2058
f 2114/2114 2078/2078 2113/2113
f 2079/2079 2114/2114 2112/2112
f 2114/2114 2080/2080 2078/2078
f 2115/2115 2079/2079 2059/2059
f 2115/2115 2084/2084 2080/2080
f 2080/2080 2114/2114 2115/2115
f 2079/2079 2115/2115 2114/2114
f 2084/2084 2115/2115 2087/2087
f 2087/2087 2115/2115 2059/2059
f 2116/2116 2118/2118 2119/2119
f 2116/2116 2119/2119 2120/2120
f 2122/2122 2118/2118 2116/2116
f 2124/2124 2118/2118 2122/2122
f 2124/2124 2125/2125 2118/2118
f 2126/2126 2127/2127 2128/2128
f 1497/1497 2126/2126 1494/1494
f 2128/2128 1494/1494 2126/2126
f 2126/2126 2117/2117 2121/2121
f 2126/2126 2121/2121 2127/2127
f 1497/1497 1494/1494 1493/1493
f 1507/1507 2126/2126 1497/1497
f 2129/2129 2123/2123 2117/2117
f 2129/2129 2117/2117 2126/2126
f 2126/2126 1507/1507 2129/2129
f 1507/1507 1497/1497 1500/1500
f 1500/1500 1505/1505 1507/1507
f 1506/1506 2129/2129 1507/1507
f 1550/1550 2123/2123 2129/2129
f 1550/1550 2129/2129 1506/1506
f 1539/1539 1536/1536 1532/1532
f 1532/1532 2124/2124 2122/2122
f 2123/2123 1550/1550 1540/1540
f 1532/1532 2122/2122 1539/1539
f 2124/2124 1532/1532 1531/1531
f 1538/1538 2130/2130 1532/1532
f 2130/2130 1538/1538 1548/1548
f 2130/2130 1533/1533 1532/1532
f 1591/1591 2130/2130 1548/1548
f 1533/1533 2130/2130 1594/1594
f 2130/2130 1591/1591 1594/1594
f 1533/1533 1594/1594 1549/1549
f 1575/1575 1577/1577 1567/1567
f 1575/1575 1567/1567 1566/1566
f 1575/1575 1566/1566 1573/1573
f 1569/1569 1567/1567 2131/2131
f 1567/1567 1590/1590 2131/2131
f 1569/1569 2131/2131 1546/1546
f 1592/1592 1545/1545 1544/1544
f 1568/1568 1545/1545 1592/1592
f 1546/1546 2131/2131 1590/1590
f 1592/1592 1544/1544 1587/1587
f 1567/1567 1577/1577 1590/1590
f 1577/1577 1601/1601 1590/1590
f 1602/1602 1601/1601 1600/1600
f 1453/1453 1456/1456 2132/2132
f 2132/2132 1456/1456 2134/2134
f 2134/2134 2136/2136 2132/2132
f 1452/1452 2137/2137 1451/1451
f 2133/2133 2137/2137 1452/1452
f 2137/2137 2138/2138 1451/1451
f 2139/2139 2137/2137 2135/2135
f 1451/1451 2138/2138 1476/1476
f 2140/2140 1476/1476 2138/2138
f 2140/2140 2138/2138 2141/2141
f 2142/2142 2141/2141 2138/2138
f 2143/2143 1464/1464 2144/2144
f 2144/2144 1463/1463 2145/2145
f 1456/1456 1464/1464 2143/2143
f 1463/1463 1465/1465 2145/2145
f 2145/2145 1465/1465 1466/1466
f 2143/2143 2134/2134 1456/1456
f 2143/2143 2128/2128 2134/2134
f 2146/2146 2128/2128 2143/2143
f 2146/2146 2143/2143 2144/2144
f 2147/2147 2146/2146 2144/2144
f 2144/2144 2145/2145 2148/2148
f 2147/2147 2144/2144 2148/2148
f 2148/2148 2149/2149 2147/2147
f 2150/2150 2147/2147 2149/2149
f 2145/2145 1466/1466 1468/1468
f 1468/1468 1466/1466 1459/1459
f 2148/2148 2145/2145 1468/1468
f 2148/2148 1468/1468 2149/2149
f 2151/2151 1468/1468 1486/1486
f 2149/2149 1468/1468 2151/2151
f 2152/2152 2149/2149 2151/2151
f 2153/2153 2152/2152 2151/2151
f 2154/2154 2128/2128 2146/2146
f 2127/2127 2134/2134 2128/2128
f 2147/2147 2155/2155 2146/2146
f 2147/2147 2150/2150 2155/2155
f 2155/2155 2154/2154 2146/2146
f 2156/2156 2154/2154 2155/2155
f 2154/2154 2156/2156 2157/2157
f 2156/2156 2155/2155 2150/2150
f 2150/2150 2158/2158 2156/2156
f 1494/1494 2128/2128 2154/2154
f 1492/1492 1494/1494 2154/2154
f 2157/2157 1492/1492 2154/2154
f 2157/2157 2156/2156 2159/2159
f 2157/2157 2160/2160 1492/1492
f 2160/2160 2161/2161 1492/1492
f 2160/2160 2157/2157 2159/2159
f 2158/2158 2159/2159 2156/2156
f 2159/2159 2158/2158 2150/2150
f 2150/2150 2162/2162 2159/2159
f 2160/2160 2159/2159 2162/2162
f 2137/2137 2139/2139 2138/2138
f 2149/2149 2163/2163 2150/2150
f 2164/2164 2150/2150 2163/2163
f 2163/2163 2149/2149 2152/2152
f 2165/2165 2163/2163 2152/2152
f 2139/2139 2142/2142 2138/2138
f 2164/2164 2162/2162 2150/2150
f 2163/2163 2165/2165 2164/2164
f 2165/2165 2166/2166 2164/2164
f 2165/2165 2152/2152 2167/2167
f 2168/2168 2165/2165 2167/2167
f 2169/2169 2165/2165 2168/2168
f 2164/2164 2166/2166 2162/2162
f 2170/2170 2162/2162 2166/2166
f 2169/2169 2166/2166 2165/2165
f 2140/2140 1477/1477 1476/1476
f 1158/1158 1491/1491 2171/2171
f 1481/1481 1483/1483 1475/1475
f 1483/1483 1481/1481 2172/2172
f 2173/2173 2174/2174 2171/2171
f 2172/2172 1481/1481 2174/2174
f 2174/2174 2175/2175 2172/2172
f 2176/2176 2173/2173 1491/1491
f 2176/2176 2177/2177 2173/2173
f 2174/2174 2173/2173 2178/2178
f 2179/2179 2175/2175 2174/2174
f 2179/2179 2174/2174 2178/2178
f 2177/2177 2180/2180 2173/2173
f 2178/2178 2173/2173 2180/2180
f 1483/1483 2181/2181 1482/1482
f 2182/2182 2175/2175 2179/2179
f 1483/1483 2175/2175 2182/2182
f 1483/1483 2182/2182 2181/2181
f 1483/1483 2172/2172 2175/2175
f 2181/2181 2182/2182 2183/2183
f 2184/2184 2179/2179 2178/2178
f 2182/2182 2179/2179 2184/2184
f 2185/2185 1477/1477 2140/2140
f 2186/2186 2187/2187 2188/2188
f 2189/2189 2178/2178 2180/2180
f 2190/2190 2188/2188 2191/2191
f 2188/2188 2182/2182 2192/2192
f 2188/2188 2192/2192 2191/2191
f 2184/2184 2178/2178 2189/2189
f 2182/2182 2184/2184 2192/2192
f 2184/2184 2191/2191 2192/2192
f 2189/2189 2191/2191 2184/2184
f 2189/2189 2190/2190 2191/2191
f 2189/2189 2193/2193 2190/2190
f 2193/2193 2188/2188 2190/2190
f 2189/2189 2180/2180 2194/2194
f 2189/2189 2195/2195 2193/2193
f 1486/1486 1468/1468 1467/1467
f 2151/2151 1486/1486 2153/2153
f 2153/2153 1486/1486 2183/2183
f 2181/2181 2183/2183 1486/1486
f 1482/1482 2181/2181 1486/1486
f 2152/2152 2153/2153 2183/2183
f 2152/2152 2183/2183 2167/2167
f 2188/2188 2183/2183 2182/2182
f 2196/2196 2197/2197 2183/2183
f 2167/2167 2183/2183 2168/2168
f 2168/2168 2183/2183 2197/2197
f 2187/2187 2196/2196 2183/2183
f 2188/2188 2187/2187 2183/2183
f 2198/2198 2199/2199 2142/2142
f 2142/2142 2199/2199 2141/2141
f 2200/2200 2199/2199 2198/2198
f 2201/2201 2199/2199 2200/2200
f 1496/1496 1493/1493 1492/1492
f 1496/1496 1492/1492 2161/2161
f 2161/2161 2160/2160 2162/2162
f 1496/1496 2161/2161 2202/2202
f 2202/2202 2161/2161 2162/2162
f 1504/1504 1499/1499 1496/1496
f 1496/1496 2203/2203 1504/1504
f 1502/1502 1504/1504 1511/1511
f 2204/2204 2135/2135 2119/2119
f 2204/2204 2139/2139 2135/2135
f 2142/2142 2139/2139 2204/2204
f 2202/2202 2162/2162 2170/2170
f 2202/2202 2170/2170 2205/2205
f 2202/2202 2203/2203 1496/1496
f 1504/1504 2203/2203 2206/2206
f 1511/1511 1504/1504 2206/2206
f 2207/2207 2208/2208 2209/2209
f 2207/2207 2169/2169 2168/2168
f 2207/2207 2168/2168 2208/2208
f 2208/2208 2168/2168 2210/2210
f 2168/2168 2211/2211 2210/2210
f 2204/2204 2198/2198 2142/2142
f 2208/2208 2210/2210 2209/2209
f 2202/2202 2209/2209 2206/2206
f 2212/2212 2206/2206 2209/2209
f 2210/2210 2211/2211 2213/2213
f 2214/2214 2215/2215 2213/2213
f 2210/2210 2215/2215 2209/2209
f 2212/2212 2209/2209 2215/2215
f 2213/2213 2215/2215 2210/2210
f 2166/2166 2216/2216 2170/2170
f 2216/2216 2166/2166 2169/2169
f 2169/2169 2207/2207 2216/2216
f 2205/2205 2170/2170 2216/2216
f 2216/2216 2209/2209 2205/2205
f 2202/2202 2205/2205 2209/2209
f 2209/2209 2216/2216 2207/2207
f 2202/2202 2206/2206 2203/2203
f 2125/2125 2204/2204 2119/2119
f 2198/2198 2204/2204 2125/2125
f 2198/2198 2125/2125 2200/2200
f 2217/2217 1511/1511 2206/2206
f 1511/1511 2217/2217 2218/2218
f 2206/2206 2212/2212 2217/2217
f 2214/2214 2212/2212 2215/2215
f 2214/2214 2219/2219 2212/2212
f 2220/2220 2218/2218 2217/2217
f 2220/2220 2217/2217 2212/2212
f 2219/2219 2220/2220 2212/2212
f 2221/2221 2220/2220 2219/2219
f 2222/2222 2223/2223 2180/2180
f 2223/2223 2224/2224 2180/2180
f 2225/2225 2186/2186 2195/2195
f 2225/2225 2187/2187 2186/2186
f 2226/2226 2187/2187 2225/2225
f 2141/2141 2199/2199 2227/2227
f 2228/2228 2180/2180 2224/2224
f 2229/2229 2230/2230 2231/2231
f 2225/2225 2232/2232 2226/2226
f 2231/2231 2226/2226 2232/2232
f 2233/2233 2226/2226 2230/2230
f 2226/2226 2231/2231 2230/2230
f 2194/2194 2180/2180 2228/2228
f 2195/2195 2189/2189 2194/2194
f 2232/2232 2195/2195 2194/2194
f 2188/2188 2195/2195 2186/2186
f 2195/2195 2188/2188 2193/2193
f 2225/2225 2195/2195 2232/2232
f 2194/2194 2228/2228 2231/2231
f 2231/2231 2232/2232 2194/2194
f 2231/2231 2228/2228 2229/2229
f 2224/2224 2229/2229 2228/2228
f 2229/2229 2224/2224 2234/2234
f 2235/2235 2230/2230 2229/2229
f 2234/2234 2236/2236 2229/2229
f 2235/2235 2229/2229 2236/2236
f 2233/2233 2230/2230 2235/2235
f 2237/2237 2235/2235 2236/2236
f 2236/2236 2234/2234 2238/2238
f 2237/2237 2238/2238 2239/2239
f 2239/2239 2238/2238 2240/2240
f 2238/2238 2237/2237 2236/2236
f 2197/2197 2196/2196 2168/2168
f 2168/2168 2213/2213 2211/2211
f 2213/2213 2168/2168 2196/2196
f 2226/2226 2196/2196 2187/2187
f 2213/2213 2196/2196 2233/2233
f 2214/2214 2213/2213 2233/2233
f 2233/2233 2196/2196 2226/2226
f 2214/2214 2233/2233 2235/2235
f 2219/2219 2214/2214 2235/2235
f 2219/2219 2235/2235 2237/2237
f 2237/2237 2221/2221 2219/2219
f 1490/1490 1158/1158 2171/2171
f 2171/2171 1481/1481 1490/1490
f 2241/2241 2125/2125 1531/1531
f 2241/2241 2200/2200 2125/2125
f 2241/2241 2242/2242 2200/2200
f 2201/2201 2200/2200 2242/2242
f 2243/2243 2244/2244 2245/2245
f 1531/1531 1549/1549 2241/2241
f 2246/2246 2247/2247 2248/2248
f 2247/2247 2246/2246 2249/2249
f 2250/2250 2248/2248 2247/2247
f 2251/2251 2247/2247 2249/2249
f 2250/2250 2247/2247 2252/2252
f 2244/2244 2243/2243 2253/2253
f 2244/2244 2253/2253 2254/2254
f 2244/2244 2254/2254 2250/2250
f 2244/2244 2255/2255 2245/2245
f 2256/2256 2257/2257 2255/2255
f 2257/2257 2258/2258 2255/2255
f 2244/2244 2250/2250 2252/2252
f 2252/2252 2256/2256 2244/2244
f 2255/2255 2244/2244 2256/2256
f 1514/1514 1511/1511 2218/2218
f 1514/1514 2259/2259 1559/1559
f 2259/2259 2218/2218 2260/2260
f 2261/2261 2259/2259 2260/2260
f 1514/1514 2218/2218 2259/2259
f 2259/2259 2262/2262 1559/1559
f 1559/1559 2263/2263 1558/1558
f 2262/2262 2261/2261 2264/2264
f 2264/2264 2245/2245 2262/2262
f 2262/2262 2259/2259 2261/2261
f 2262/2262 2263/2263 1559/1559
f 2263/2263 2262/2262 2245/2245
f 2260/2260 2218/2218 2220/2220
f 2265/2265 2260/2260 2220/2220
f 2220/2220 2221/2221 2265/2265
f 2261/2261 2260/2260 2265/2265
f 2261/2261 2265/2265 2264/2264
f 2266/2266 2265/2265 2221/2221
f 2265/2265 2266/2266 2264/2264
f 2245/2245 2264/2264 2267/2267
f 2267/2267 2264/2264 2266/2266
f 2243/2243 2267/2267 2266/2266
f 2243/2243 2245/2245 2267/2267
f 2245/2245 2258/2258 2263/2263
f 2263/2263 1565/1565 1558/1558
f 2258/2258 1565/1565 2263/2263
f 2258/2258 2245/2245 2255/2255
f 2246/2246 2248/2248 2268/2268
f 2269/2269 2239/2239 2240/2240
f 2269/2269 2240/2240 2270/2270
f 2221/2221 2237/2237 2239/2239
f 2221/2221 2239/2239 2269/2269
f 2221/2221 2270/2270 2266/2266
f 2269/2269 2270/2270 2221/2221
f 2240/2240 2268/2268 2271/2271
f 2270/2270 2240/2240 2271/2271
f 2271/2271 2268/2268 2248/2248
f 2271/2271 2248/2248 2253/2253
f 2271/2271 2243/2243 2270/2270
f 2243/2243 2271/2271 2253/2253
f 2266/2266 2270/2270 2243/2243
f 2254/2254 2248/2248 2250/2250
f 2253/2253 2248/2248 2254/2254
f 1284/1284 2272/2272 1285/1285
f 1594/1594 1597/1597 1549/1549
f 1616/1616 2258/2258 2273/2273
f 2273/2273 2258/2258 2257/2257
f 2274/2274 2251/2251 2249/2249
f 2275/2275 2251/2251 2274/2274
f 2247/2247 2251/2251 2276/2276
f 2276/2276 2251/2251 2275/2275
f 2252/2252 2247/2247 2276/2276
f 2256/2256 2252/2252 2276/2276
f 2256/2256 2276/2276 2277/2277
f 2276/2276 2275/2275 2278/2278
f 2277/2277 2276/2276 2278/2278
f 2272/2272 1284/1284 2279/2279
f 2274/2274 2279/2279 1284/1284
f 2275/2275 2274/2274 2280/2280
f 2274/2274 1284/1284 2280/2280
f 2275/2275 2280/2280 2278/2278
f 2277/2277 2278/2278 2281/2281
f 2281/2281 2278/2278 2282/2282
f 2257/2257 2256/2256 2277/2277
f 2257/2257 2277/2277 2281/2281
f 2273/2273 2257/2257 2282/2282
f 2257/2257 2281/2281 2282/2282
f 1599/1599 1610/1610 1596/1596
f 2272/2272 1610/1610 1285/1285
f 1616/1616 2273/2273 2283/2283
f 1285/1285 1610/1610 1268/1268
f 2284/2284 2285/2285 2286/2286
f 2286/2286 2285/2285 1289/1289
f 2286/2286 1289/1289 1290/1290
f 1613/1613 2283/2283 2284/2284
f 2283/2283 2285/2285 2284/2284
f 2287/2287 1615/1615 2284/2284
f 1612/1612 1616/1616 1613/1613
f 2283/2283 1613/1613 1616/1616
f 1613/1613 2284/2284 1615/1615
f 2280/2280 1284/1284 1283/1283
f 2280/2280 1283/1283 1291/1291
f 2285/2285 2280/2280 1291/1291
f 2278/2278 2280/2280 2285/2285
f 2288/2288 2278/2278 2285/2285
f 2288/2288 2282/2282 2278/2278
f 2282/2282 2288/2288 2273/2273
f 2283/2283 2288/2288 2285/2285
f 2288/2288 2283/2283 2273/2273
f 2285/2285 1291/1291 1289/1289
f 1616/1616 1565/1565 2258/2258
f 1295/1295 1302/1302 1615/1615
f 1615/1615 1302/1302 1823/1823
f 2286/2286 1290/1290 1295/1295
f 2286/2286 1295/1295 2287/2287
f 2284/2284 2286/2286 2287/2287
f 1615/1615 2287/2287 1295/1295
f 1302/1302 1295/1295 1300/1300
f 1302/1302 2289/2289 1823/1823
f 1825/1825 1823/1823 2289/2289
f 1301/1301 2289/2289 1302/1302
f 1305/1305 1825/1825 2289/2289
f 1301/1301 1305/1305 2289/2289
f 1829/1829 1825/1825 1305/1305
f 1829/1829 1305/1305 2290/2290
f 2292/2292 1830/1830 2291/2291
f 2290/2290 1305/1305 1306/1306
f 1306/1306 2293/2293 2290/2290
f 2292/2292 2291/2291 2294/2294
f 2295/2295 1282/1282 1307/1307
f 2293/2293 1306/1306 1282/1282
f 1282/1282 2295/2295 2293/2293
f 2294/2294 2297/2297 2292/2292
f 2296/2296 2293/2293 2295/2295
f 1831/1831 1830/1830 2292/2292
f 1832/1832 1831/1831 2292/2292
f 2292/2292 2297/2297 2298/2298
f 1832/1832 2292/2292 2298/2298
f 2299/2299 2297/2297 2301/2301
f 2298/2298 2297/2297 2299/2299
f 1832/1832 2298/2298 1833/1833
f 1309/1309 2295/2295 1307/1307
f 1309/1309 2296/2296 2295/2295
f 2296/2296 1309/1309 2300/2300
f 2300/2300 1309/1309 1314/1314
f 1310/1310 1314/1314 1309/1309
f 2301/2301 2302/2302 2299/2299
f 1809/1809 1312/1312 1280/1280
f 2300/2300 1314/1314 2303/2303
f 2303/2303 1314/1314 1319/1319
f 1319/1319 1314/1314 1315/1315
f 2304/2304 2299/2299 2302/2302
f 2304/2304 2302/2302 1320/1320
f 2304/2304 1320/1320 2305/2305
f 2306/2306 2304/2304 2305/2305
f 2305/2305 1320/1320 1318/1318
f 2307/2307 2306/2306 2305/2305
f 2306/2306 2307/2307 2308/2308
f 2304/2304 2298/2298 2299/2299
f 2304/2304 2306/2306 2298/2298
f 2298/2298 2306/2306 2308/2308
f 1312/1312 1809/1809 1322/1322
f 1838/1838 1833/1833 2298/2298
f 1838/1838 2298/2298 2309/2309
f 2298/2298 2308/2308 2309/2309
f 2305/2305 1318/1318 2307/2307
f 2307/2307 1318/1318 1325/1325
f 2307/2307 1325/1325 1328/1328
f 2307/2307 1328/1328 2310/2310
f 2308/2308 2307/2307 2310/2310
f 2308/2308 2311/2311 2309/2309
f 1328/1328 1334/1334 1340/1340
f 2310/2310 1328/1328 1340/1340
f 1348/1348 1340/1340 1341/1341
f 2311/2311 2308/2308 2310/2310
f 2310/2310 1340/1340 1348/1348
f 1348/1348 2312/2312 2310/2310
f 2310/2310 2312/2312 2311/2311
f 1348/1348 1349/1349 2312/2312
f 1352/1352 1313/1313 1322/1322
f 1352/1352 1322/1322 1840/1840
f 2313/2313 2309/2309 2311/2311
f 2311/2311 2314/2314 2313/2313
f 1352/1352 2315/2315 1351/1351
f 2316/2316 2315/2315 1352/1352
f 2313/2313 1838/1838 2309/2309
f 2313/2313 1842/1842 1838/1838
f 1352/1352 1841/1841 2316/2316
f 2316/2316 1841/1841 1864/1864
f 2317/2317 2313/2313 2314/2314
f 2317/2317 2314/2314 2318/2318
f 2319/2319 2317/2317 2318/2318
f 1349/1349 1350/1350 2320/2320
f 2312/2312 1349/1349 2320/2320
f 2320/2320 2311/2311 2312/2312
f 2320/2320 1350/1350 1360/1360
f 2320/2320 1360/1360 1361/1361
f 1365/1365 2320/2320 1361/1361
f 1362/1362 1365/1365 1361/1361
f 1365/1365 1364/1364 1367/1367
f 2320/2320 1365/1365 2321/2321
f 2321/2321 2311/2311 2320/2320
f 1365/1365 2322/2322 2321/2321
f 2315/2315 1371/1371 1351/1351
f 1370/1370 1373/1373 2323/2323
f 2321/2321 2322/2322 2324/2324
f 1366/1366 1370/1370 1367/1367
f 2322/2322 1365/1365 1367/1367
f 2322/2322 1367/1367 1370/1370
f 2322/2322 1370/1370 2325/2325
f 2325/2325 1370/1370 2323/2323
f 2325/2325 2324/2324 2322/2322
f 2311/2311 2321/2321 2314/2314
f 2315/2315 2326/2326 1371/1371
f 2326/2326 1372/1372 1371/1371
f 2323/2323 2327/2327 2325/2325
f 1372/1372 2326/2326 1373/1373
f 2323/2323 1373/1373 2328/2328
f 2327/2327 2323/2323 2328/2328
f 2329/2329 2328/2328 1373/1373
f 2329/2329 1373/1373 2326/2326
f 2327/2327 2330/2330 2324/2324
f 2324/2324 2325/2325 2327/2327
f 2329/2329 2326/2326 2315/2315
f 2328/2328 2329/2329 2331/2331
f 2327/2327 2328/2328 2331/2331
f 2324/2324 2330/2330 2321/2321
f 2332/2332 2330/2330 2327/2327
f 2321/2321 2330/2330 2332/2332
f 2318/2318 2321/2321 2332/2332
f 2318/2318 2314/2314 2321/2321
f 2333/2333 2318/2318 2332/2332
f 2332/2332 2327/2327 2334/2334
f 2334/2334 2327/2327 2331/2331
f 2335/2335 2331/2331 2336/2336
f 2334/2334 2331/2331 2335/2335
f 2337/2337 2332/2332 2334/2334
f 2333/2333 2332/2332 2337/2337
f 2337/2337 2334/2334 2335/2335
f 2333/2333 2337/2337 2338/2338
f 2336/2336 2329/2329 2315/2315
f 2331/2331 2329/2329 2336/2336
f 2318/2318 2333/2333 2338/2338
f 2318/2318 2338/2338 2339/2339
f 2340/2340 2338/2338 2337/2337
f 2340/2340 2337/2337 2335/2335
f 2339/2339 2338/2338 2340/2340
f 2341/2341 2318/2318 2339/2339
f 2341/2341 2339/2339 2340/2340
f 2342/2342 2316/2316 1864/1864
f 2316/2316 2342/2342 2343/2343
f 2344/2344 2343/2343 2342/2342
f 2313/2313 2317/2317 1865/1865
f 2344/2344 2342/2342 2345/2345
f 2342/2342 2346/2346 2345/2345
f 2348/2348 2346/2346 2342/2342
f 2343/2343 2315/2315 2316/2316
f 2336/2336 2315/2315 2343/2343
f 2340/2340 2335/2335 2349/2349
f 2349/2349 2335/2335 2350/2350
f 2336/2336 2350/2350 2335/2335
f 2349/2349 2341/2341 2340/2340
f 2351/2351 2336/2336 2343/2343
f 2336/2336 2351/2351 2350/2350
f 2341/2341 2319/2319 2318/2318
f 2352/2352 2341/2341 2349/2349
f 2353/2353 2341/2341 2352/2352
f 2352/2352 2349/2349 2350/2350
f 2352/2352 2350/2350 2354/2354
f 2354/2354 2350/2350 2351/2351
f 2353/2353 2352/2352 2354/2354
f 2354/2354 2351/2351 2355/2355
f 2353/2353 2354/2354 2355/2355
f 2356/2356 2353/2353 2355/2355
f 2319/2319 2341/2341 2353/2353
f 2319/2319 2353/2353 2356/2356
f 2357/2357 2351/2351 2343/2343
f 2358/2358 2357/2357 2343/2343
f 2355/2355 2351/2351 2357/2357
f 2357/2357 2358/2358 2359/2359
f 2356/2356 2355/2355 2360/2360
f 2360/2360 2355/2355 2357/2357
f 2360/2360 2357/2357 2359/2359
f 2361/2361 2360/2360 2359/2359
f 2356/2356 2360/2360 2361/2361
f 2361/2361 2362/2362 2356/2356
f 2343/2343 2344/2344 2358/2358
f 2361/2361 2359/2359 2363/2363
f 2362/2362 2361/2361 2363/2363
f 2319/2319 2356/2356 2362/2362
f 2364/2364 2319/2319 2362/2362
f 2317/2317 2319/2319 2364/2364
f 2365/2365 2362/2362 2363/2363
f 2366/2366 2359/2359 2358/2358
f 2362/2362 2365/2365 2364/2364
f 2363/2363 2359/2359 2366/2366
f 2365/2365 2363/2363 2366/2366
f 2344/2344 2345/2345 2358/2358
f 2365/2365 2366/2366 2367/2367
f 2366/2366 2358/2358 2345/2345
f 2367/2367 2366/2366 2369/2369
f 2364/2364 2365/2365 2370/2370
f 2371/2371 2317/2317 2364/2364
f 2370/2370 2371/2371 2364/2364
f 2370/2370 2365/2365 2367/2367
f 2366/2366 2345/2345 2369/2369
f 2373/2373 2369/2369 2345/2345
f 2367/2367 2369/2369 2373/2373
f 2346/2346 2373/2373 2345/2345
f 2374/2374 2346/2346 2375/2375
f 2368/2368 2372/2372 2347/2347
f 2367/2367 2346/2346 2374/2374
f 2376/2376 2367/2367 2374/2374
f 1865/1865 1842/1842 2377/2377
f 2377/2377 1842/1842 2313/2313
f 2377/2377 2313/2313 1865/1865
f 2342/2342 1864/1864 2348/2348
f 1864/1864 1863/1863 2378/2378
f 2378/2378 2348/2348 1864/1864
f 2379/2379 1865/1865 2317/2317
f 2346/2346 2348/2348 2375/2375
f 2348/2348 2380/2380 2375/2375
f 2375/2375 2380/2380 2381/2381
f 2381/2381 2380/2380 2348/2348
f 2382/2382 2383/2383 2317/2317
f 2317/2317 2383/2383 2379/2379
f 2384/2384 1865/1865 2379/2379
f 2371/2371 2370/2370 2376/2376
f 2376/2376 2370/2370 2367/2367
f 2371/2371 2376/2376 2382/2382
f 2376/2376 2374/2374 2385/2385
f 2382/2382 2376/2376 2385/2385
f 2317/2317 2371/2371 2382/2382
f 2385/2385 2374/2374 2375/2375
f 2375/2375 2386/2386 2385/2385
f 2375/2375 2381/2381 2386/2386
f 2382/2382 2385/2385 2387/2387
f 2388/2388 2386/2386 2381/2381
f 2387/2387 2386/2386 2389/2389
f 2387/2387 2385/2385 2386/2386
f 2390/2390 2382/2382 2387/2387
f 2383/2383 2382/2382 2390/2390
f 2378/2378 2381/2381 2348/2348
f 2391/2391 2381/2381 2378/2378
f 2379/2379 2383/2383 2392/2392
f 2393/2393 2392/2392 2383/2383
f 2384/2384 2379/2379 2392/2392
f 2395/2395 2396/2396 2378/2378
f 2396/2396 2391/2391 2378/2378
f 2397/2397 2384/2384 2392/2392
f 2398/2398 2396/2396 2395/2395
f 2399/2399 2396/2396 2398/2398
f 2400/2400 2398/2398 2395/2395
f 2402/2402 2399/2399 2398/2398
f 2403/2403 2398/2398 2400/2400
f 2402/2402 2398/2398 2403/2403
f 2404/2404 2402/2402 2406/2406
f 2403/2403 2405/2405 2402/2402
f 2407/2407 2395/2395 2378/2378
f 2397/2397 2392/2392 2404/2404
f 2408/2408 2404/2404 2406/2406
f 2409/2409 2405/2405 2403/2403
f 2409/2409 2403/2403 2410/2410
f 2410/2410 2403/2403 2400/2400
f 2404/2404 2408/2408 2410/2410
f 2397/2397 2404/2404 2411/2411
f 2411/2411 2404/2404 2410/2410
f 2411/2411 2410/2410 2412/2412
f 2413/2413 2395/2395 2407/2407
f 2414/2414 2401/2401 2394/2394
f 2410/2410 2400/2400 2415/2415
f 2416/2416 2410/2410 2415/2415
f 2412/2412 2410/2410 2416/2416
f 2413/2413 2415/2415 2395/2395
f 2416/2416 2415/2415 2413/2413
f 2416/2416 2413/2413 2418/2418
f 2419/2419 2378/2378 1863/1863
f 1865/1865 2384/2384 2420/2420
f 2411/2411 2384/2384 2397/2397
f 2051/2051 2419/2419 1863/1863
f 2063/2063 2421/2421 2051/2051
f 2421/2421 2422/2422 2419/2419
f 2419/2419 2051/2051 2421/2421
f 2407/2407 2419/2419 2423/2423
f 2378/2378 2419/2419 2407/2407
f 2413/2413 2407/2407 2423/2423
f 2384/2384 2411/2411 2424/2424
f 2424/2424 2411/2411 2412/2412
f 2425/2425 2412/2412 2416/2416
f 2424/2424 2412/2412 2425/2425
f 2423/2423 2426/2426 2413/2413
f 2425/2425 2416/2416 2417/2417
f 2427/2427 2425/2425 2417/2417
f 2428/2428 2425/2425 2427/2427
f 2424/2424 2425/2425 2428/2428
f 2428/2428 2429/2429 2424/2424
f 2423/2423 2419/2419 2426/2426
f 2427/2427 2418/2418 2413/2413
f 2413/2413 2426/2426 2427/2427
f 2430/2430 2428/2428 2427/2427
f 2430/2430 2427/2427 2431/2431
f 2431/2431 2427/2427 2426/2426
f 2384/2384 2424/2424 2429/2429
f 2420/2420 2384/2384 2429/2429
f 2430/2430 2429/2429 2428/2428
f 2430/2430 2432/2432 2429/2429
f 2426/2426 2419/2419 2433/2433
f 2432/2432 2430/2430 2431/2431
f 2432/2432 2431/2431 2434/2434
f 2434/2434 2431/2431 2426/2426
f 2434/2434 2426/2426 2435/2435
f 2426/2426 2433/2433 2435/2435
f 2434/2434 2436/2436 2432/2432
f 2437/2437 2435/2435 2433/2433
f 2435/2435 2437/2437 2438/2438
f 2438/2438 2434/2434 2435/2435
f 2436/2436 2434/2434 2438/2438
f 2436/2436 2438/2438 2437/2437
f 2420/2420 2439/2439 1865/1865
f 2420/2420 2429/2429 2440/2440
f 2440/2440 2429/2429 2441/2441
f 2442/2442 2443/2443 2422/2422
f 2422/2422 2433/2433 2419/2419
f 2422/2422 2444/2444 2433/2433
f 2444/2444 2422/2422 2443/2443
f 2440/2440 2445/2445 2420/2420
f 2432/2432 2441/2441 2429/2429
f 2433/2433 2444/2444 2437/2437
f 2432/2432 2436/2436 2441/2441
f 2391/2391 2388/2388 2381/2381
f 2446/2446 2390/2390 2387/2387
f 2446/2446 2387/2387 2389/2389
f 2383/2383 2390/2390 2446/2446
f 2388/2388 2391/2391 2448/2448
f 2446/2446 2389/2389 2449/2449
f 2449/2449 2389/2389 2447/2447
f 2446/2446 2449/2449 2383/2383
f 2383/2383 2449/2449 2393/2393
f 2450/2450 2448/2448 2391/2391
f 2393/2393 2449/2449 2447/2447
f 2447/2447 2450/2450 2393/2393
f 2450/2450 2391/2391 2451/2451
f 2391/2391 2396/2396 2451/2451
f 2392/2392 2393/2393 2450/2450
f 2450/2450 2452/2452 2392/2392
f 2452/2452 2450/2450 2451/2451
f 2452/2452 2451/2451 2396/2396
f 2396/2396 2399/2399 2452/2452
f 2392/2392 2452/2452 2453/2453
f 2399/2399 2453/2453 2452/2452
f 2453/2453 2404/2404 2392/2392
f 2402/2402 2453/2453 2399/2399
f 2404/2404 2453/2453 2402/2402
f 2454/2454 2422/2422 2421/2421
f 2454/2454 2442/2442 2422/2422
f 2454/2454 2443/2443 2442/2442
f 2445/2445 2440/2440 2455/2455
f 2456/2456 2437/2437 2444/2444
f 2437/2437 2456/2456 2457/2457
f 2444/2444 2443/2443 2456/2456
f 2458/2458 2457/2457 2459/2459
f 2459/2459 2457/2457 2456/2456
f 2436/2436 2458/2458 2441/2441
f 2457/2457 2436/2436 2437/2437
f 2457/2457 2458/2458 2436/2436
f 2459/2459 2456/2456 2460/2460
f 2455/2455 2441/2441 2458/2458
f 2441/2441 2455/2455 2440/2440
f 2460/2460 2443/2443 2454/2454
f 2443/2443 2460/2460 2456/2456
f 2454/2454 2461/2461 2460/2460
f 2458/2458 2459/2459 2460/2460
f 2458/2458 2460/2460 2462/2462
f 2455/2455 2458/2458 2462/2462
f 2463/2463 2460/2460 2461/2461
f 2462/2462 2460/2460 2463/2463
f 2455/2455 2462/2462 2464/2464
f 2461/2461 2465/2465 2463/2463
f 2462/2462 2463/2463 2464/2464
f 2445/2445 2455/2455 2466/2466
f 2464/2464 2466/2466 2455/2455
f 2467/2467 2461/2461 2454/2454
f 2468/2468 2469/2469 2465/2465
f 2468/2468 2465/2465 2461/2461
f 2465/2465 2464/2464 2463/2463
f 2465/2465 2469/2469 2464/2464
f 1865/1865 2439/2439 1867/1867
f 1867/1867 2439/2439 2470/2470
f 2064/2064 2421/2421 2063/2063
f 2097/2097 2421/2421 2064/2064
f 2471/2471 2472/2472 2454/2454
f 2473/2473 2470/2470 2439/2439
f 2421/2421 2471/2471 2454/2454
f 2474/2474 2470/2470 2475/2475
f 2473/2473 2475/2475 2470/2470
f 2476/2476 2471/2471 2421/2421
f 2477/2477 2472/2472 2471/2471
f 2478/2478 2472/2472 2477/2477
f 2478/2478 2477/2477 2479/2479
f 2480/2480 2481/2481 2471/2471
f 2482/2482 2481/2481 2480/2480
f 2476/2476 2480/2480 2471/2471
f 2476/2476 2482/2482 2480/2480
f 2481/2481 2477/2477 2471/2471
f 2479/2479 2477/2477 2481/2481
f 2481/2481 2482/2482 2479/2479
f 2483/2483 2475/2475 2473/2473
f 2484/2484 2485/2485 2482/2482
f 2486/2486 2485/2485 2484/2484
f 2488/2488 2485/2485 2486/2486
f 2489/2489 2487/2487 2483/2483
f 2064/2064 2098/2098 2097/2097
f 2097/2097 2476/2476 2421/2421
f 2470/2470 2108/2108 1867/1867
f 2474/2474 2108/2108 2470/2470
f 2490/2490 2097/2097 2096/2096
f 2097/2097 2490/2490 2476/2476
f 2492/2492 2491/2491 2095/2095
f 2095/2095 2493/2493 2492/2492
f 2492/2492 2493/2493 2108/2108
f 2494/2494 2492/2492 2108/2108
f 2496/2496 2476/2476 2490/2490
f 2498/2498 2476/2476 2496/2496
f 2492/2492 2495/2495 2491/2491
f 2494/2494 2495/2495 2492/2492
f 2494/2494 2497/2497 2495/2495
f 2110/2110 2106/2106 2108/2108
f 2108/2108 2493/2493 2110/2110
f 2095/2095 2109/2109 2493/2493
f 2474/2474 2475/2475 2499/2499
f 2498/2498 2482/2482 2476/2476
f 2494/2494 2474/2474 2499/2499
f 2494/2494 2499/2499 2497/2497
f 2499/2499 2501/2501 2497/2497
f 2501/2501 2499/2499 2475/2475
f 2494/2494 2108/2108 2474/2474
f 2501/2501 2475/2475 2483/2483
f 2500/2500 2484/2484 2498/2498
f 2498/2498 2484/2484 2482/2482
f 2500/2500 2486/2486 2484/2484
f 2487/2487 2501/2501 2483/2483
f 2439/2439 2420/2420 2445/2445
f 2454/2454 2472/2472 2467/2467
f 2445/2445 2473/2473 2439/2439
f 2502/2502 2472/2472 2503/2503
f 2502/2502 2467/2467 2472/2472
f 2472/2472 2478/2478 2503/2503
f 2478/2478 2502/2502 2503/2503
f 2504/2504 2502/2502 2478/2478
f 2502/2502 2504/2504 2506/2506
f 2507/2507 2505/2505 2510/2510
f 2511/2511 2506/2506 2505/2505
f 2511/2511 2505/2505 2507/2507
f 2467/2467 2502/2502 2468/2468
f 2468/2468 2461/2461 2467/2467
f 2466/2466 2464/2464 2469/2469
f 2512/2512 2468/2468 2502/2502
f 2469/2469 2468/2468 2512/2512
f 2466/2466 2469/2469 2512/2512
f 2466/2466 2473/2473 2445/2445
f 2466/2466 2512/2512 2511/2511
f 2502/2502 2506/2506 2512/2512
f 2511/2511 2512/2512 2506/2506
f 2466/2466 2511/2511 2473/2473
f 2478/2478 2479/2479 2485/2485
f 2508/2508 2489/2489 2473/2473
f 2473/2473 2511/2511 2508/2508
f 2483/2483 2473/2473 2489/2489
f 2478/2478 2485/2485 2509/2509
f 2488/2488 2509/2509 2485/2485
f 2489/2489 2507/2507 2510/2510
f 2135/2135 2137/2137 2133/2133
f 2127/2127 2136/2136 2134/2134
f 2513/2513 1479/1479 1477/1477
f 1477/1477 2514/2514 2513/2513
f 1479/1479 2513/2513 1156/1156
f 1491/1491 1156/1156 2513/2513
f 2513/2513 2176/2176 1491/1491
f 1491/1491 2173/2173 2171/2171
f 1481/1481 2171/2171 2174/2174
f 2176/2176 2513/2513 2514/2514
f 2514/2514 2185/2185 2176/2176
f 2185/2185 2177/2177 2176/2176
f 2185/2185 2514/2514 1477/1477
f 2140/2140 2515/2515 2185/2185
f 2185/2185 2515/2515 2516/2516
f 2185/2185 2180/2180 2177/2177
f 2185/2185 2516/2516 2180/2180
f 2127/2127 2121/2121 2136/2136
f 2125/2125 2119/2119 2118/2118
f 2199/2199 2201/2201 2517/2517
f 2119/2119 2135/2135 2120/2120
f 2515/2515 2222/2222 2516/2516
f 2222/2222 2515/2515 2227/2227
f 2180/2180 2516/2516 2222/2222
f 2518/2518 2222/2222 2227/2227
f 2222/2222 2518/2518 2223/2223
f 2515/2515 2141/2141 2227/2227
f 2515/2515 2140/2140 2141/2141
f 2517/2517 2518/2518 2227/2227
f 2223/2223 2518/2518 2517/2517
f 2224/2224 2223/2223 2519/2519
f 2520/2520 2223/2223 2517/2517
f 2521/2521 2522/2522 2517/2517
f 2520/2520 2517/2517 2522/2522
f 2268/2268 2523/2523 2520/2520
f 2520/2520 2519/2519 2223/2223
f 2523/2523 2519/2519 2520/2520
f 2227/2227 2199/2199 2517/2517
f 2224/2224 2519/2519 2234/2234
f 2521/2521 2517/2517 2201/2201
f 2519/2519 2523/2523 2238/2238
f 2238/2238 2234/2234 2519/2519
f 2238/2238 2523/2523 2240/2240
f 2523/2523 2268/2268 2240/2240
f 1531/1531 2125/2125 2124/2124
f 2201/2201 2524/2524 2521/2521
f 2246/2246 2524/2524 2525/2525
f 2526/2526 2527/2527 2242/2242
f 2527/2527 2525/2525 2524/2524
f 2526/2526 2525/2525 2527/2527
f 2525/2525 2528/2528 2246/2246
f 2242/2242 2527/2527 2201/2201
f 2524/2524 2201/2201 2527/2527
f 2529/2529 2530/2530 2531/2531
f 2532/2532 2531/2531 2533/2533
f 2530/2530 2533/2533 2531/2531
f 2242/2242 2241/2241 2529/2529
f 2242/2242 2529/2529 2531/2531
f 1597/1597 2241/2241 1549/1549
f 1597/1597 2530/2530 2529/2529
f 2529/2529 2241/2241 1597/1597
f 2534/2534 2528/2528 2532/2532
f 2242/2242 2532/2532 2526/2526
f 2526/2526 2532/2532 2528/2528
f 2242/2242 2531/2531 2532/2532
f 2528/2528 2525/2525 2526/2526
f 2528/2528 2249/2249 2246/2246
f 2533/2533 2534/2534 2532/2532
f 2535/2535 2534/2534 2533/2533
f 2274/2274 2534/2534 2535/2535
f 2534/2534 2274/2274 2249/2249
f 2528/2528 2534/2534 2249/2249
f 2521/2521 2524/2524 2522/2522
f 2520/2520 2246/2246 2268/2268
f 2246/2246 2520/2520 2522/2522
f 2246/2246 2522/2522 2524/2524
f 1597/1597 2533/2533 2530/2530
f 1597/1597 1596/1596 2536/2536
f 2536/2536 2279/2279 2533/2533
f 1597/1597 2536/2536 2533/2533
f 2536/2536 2272/2272 2279/2279
f 2272/2272 2536/2536 1596/1596
f 2272/2272 1596/1596 1610/1610
f 2279/2279 2535/2535 2533/2533
f 2279/2279 2274/2274 2535/2535
f 2482/2482 2485/2485 2479/2479
f 2509/2509 2504/2504 2478/2478
